rho-parity protocol seed=0x5eed0007 fb_seed=43 quick=false ladder=true max_trials=1048576 rho_cap=16777216
    cell  tgt  rep    order       G_ic      G_rho    alpha   S_ic  S_rho ok
   n13a0    0    0   rho-ic        503        553   0.9096 11.239 12.356 yes
   n13a0    0    1   ic-rho        503        553   0.9096 11.239 12.356 yes
   n13a0    0    2   rho-ic        503        553   0.9096 11.239 12.356 yes
   n13a0    1    0   ic-rho        503        548   0.9179 11.239 12.244 yes
   n13a0    1    1   rho-ic        503        548   0.9179 11.239 12.244 yes
   n13a0    1    2   ic-rho        503        548   0.9179 11.239 12.244 yes
   n13a0    2    0   rho-ic        503        555   0.9063 11.239 12.401 yes
   n13a0    2    1   ic-rho        503        555   0.9063 11.239 12.401 yes
   n13a0    2    2   rho-ic        503        555   0.9063 11.239 12.401 yes
   n29a1    0    0   ic-rho       1036        822   1.2603  5.028  3.989 NO
   n29a1    0    1   rho-ic       1036        822   1.2603  5.028  3.989 NO
   n29a1    0    2   ic-rho       1036        822   1.2603  5.028  3.989 NO
   n29a1    1    0   rho-ic       1036        852   1.2160  5.028  4.135 NO
   n29a1    1    1   ic-rho       1036        852   1.2160  5.028  4.135 NO
   n29a1    1    2   rho-ic       1036        852   1.2160  5.028  4.135 NO
   n29a1    2    0   ic-rho       1036        824   1.2573  5.028  3.999 NO
   n29a1    2    1   rho-ic       1036        824   1.2573  5.028  3.999 NO
   n29a1    2    2   ic-rho       1036        824   1.2573  5.028  3.999 NO
   n17a1    0    0   ic-rho        706        945   0.7471  2.757  3.690 yes
   n17a1    0    1   rho-ic        706        945   0.7471  2.757  3.690 yes
   n17a1    0    2   ic-rho        706        945   0.7471  2.757  3.690 yes
   n17a1    1    0   rho-ic        706        951   0.7424  2.757  3.713 yes
   n17a1    1    1   ic-rho        706        951   0.7424  2.757  3.713 yes
   n17a1    1    2   rho-ic        706        951   0.7424  2.757  3.713 yes
   n17a1    2    0   ic-rho        706        869   0.8124  2.757  3.393 yes
   n17a1    2    1   rho-ic        706        869   0.8124  2.757  3.393 yes
   n17a1    2    2   ic-rho        706        869   0.8124  2.757  3.393 yes
   n19a0    0    0   rho-ic        765        901   0.8491  2.115  2.491 yes
   n19a0    0    1   ic-rho        765        901   0.8491  2.115  2.491 yes
   n19a0    0    2   rho-ic        765        901   0.8491  2.115  2.491 yes
   n19a0    1    0   ic-rho        765        897   0.8528  2.115  2.480 yes
   n19a0    1    1   rho-ic        765        897   0.8528  2.115  2.480 yes
   n19a0    1    2   ic-rho        765        897   0.8528  2.115  2.480 yes
   n19a0    2    0   rho-ic        765        903   0.8472  2.115  2.496 yes
   n19a0    2    1   ic-rho        765        903   0.8472  2.115  2.496 yes
   n19a0    2    2   rho-ic        765        903   0.8472  2.115  2.496 yes
   n19a1    0    0   ic-rho        789        988   0.7986  1.540  1.928 yes
   n19a1    0    1   rho-ic        789        988   0.7986  1.540  1.928 yes
   n19a1    0    2   ic-rho        789        988   0.7986  1.540  1.928 yes
   n19a1    1    0   rho-ic        789       1106   0.7134  1.540  2.159 yes
   n19a1    1    1   ic-rho        789       1106   0.7134  1.540  2.159 yes
   n19a1    1    2   rho-ic        789       1106   0.7134  1.540  2.159 yes
   n19a1    2    0   ic-rho        789       1023   0.7713  1.540  1.997 yes
   n19a1    2    1   rho-ic        789       1023   0.7713  1.540  1.997 yes
   n19a1    2    2   ic-rho        789       1023   0.7713  1.540  1.997 yes
   n31a0    0    0   rho-ic       1134       1226   0.9250  0.945  1.022 yes
   n31a0    0    1   ic-rho       1134       1226   0.9250  0.945  1.022 yes
   n31a0    0    2   rho-ic       1134       1226   0.9250  0.945  1.022 yes
   n31a0    1    0   ic-rho       1134       1164   0.9742  0.945  0.970 yes
   n31a0    1    1   rho-ic       1134       1164   0.9742  0.945  0.970 yes
   n31a0    1    2   ic-rho       1134       1164   0.9742  0.945  0.970 yes
   n31a0    2    0   rho-ic       1134       1301   0.8716  0.945  1.084 yes
   n31a0    2    1   ic-rho       1134       1301   0.8716  0.945  1.084 yes
   n31a0    2    2   rho-ic       1134       1301   0.8716  0.945  1.084 yes
   n23a0    0    0   rho-ic       1241       1670   0.7431  0.857  1.154 yes
   n23a0    0    1   ic-rho       1241       1670   0.7431  0.857  1.154 yes
   n23a0    0    2   rho-ic       1241       1670   0.7431  0.857  1.154 yes
   n23a0    1    0   ic-rho       1241       1546   0.8027  0.857  1.068 yes
   n23a0    1    1   rho-ic       1241       1546   0.8027  0.857  1.068 yes
   n23a0    1    2   ic-rho       1241       1546   0.8027  0.857  1.068 yes
   n23a0    2    0   rho-ic       1241       1474   0.8419  0.857  1.018 yes
   n23a0    2    1   ic-rho       1241       1474   0.8419  0.857  1.018 yes
   n23a0    2    2   rho-ic       1241       1474   0.8419  0.857  1.018 yes
   n39a0    0    0   rho-ic       3125       3877   0.8060  0.377  0.468 yes
   n39a0    0    1   ic-rho       3125       3877   0.8060  0.377  0.468 yes
   n39a0    0    2   rho-ic       3125       3877   0.8060  0.377  0.468 yes
   n39a0    1    0   ic-rho       3125       4600   0.6793  0.377  0.555 yes
   n39a0    1    1   rho-ic       3125       4600   0.6793  0.377  0.555 yes
   n39a0    1    2   ic-rho       3125       4600   0.6793  0.377  0.555 yes
   n39a0    2    0   rho-ic       3125       3499   0.8931  0.377  0.422 yes
   n39a0    2    1   ic-rho       3125       3499   0.8931  0.377  0.422 yes
   n39a0    2    2   rho-ic       3125       3499   0.8931  0.377  0.422 yes
   n37a0    0    0   rho-ic       3374       5406   0.6241  0.222  0.356 yes
   n37a0    0    1   ic-rho       3374       5406   0.6241  0.222  0.356 yes
   n37a0    0    2   rho-ic       3374       5406   0.6241  0.222  0.356 yes
   n37a0    1    0   ic-rho       3374       6686   0.5046  0.222  0.440 yes
   n37a0    1    1   rho-ic       3374       6686   0.5046  0.222  0.440 yes
   n37a0    1    2   ic-rho       3374       6686   0.5046  0.222  0.440 yes
   n37a0    2    0   rho-ic       3374       4952   0.6813  0.222  0.326 yes
   n37a0    2    1   ic-rho       3374       4952   0.6813  0.222  0.326 yes
   n37a0    2    2   rho-ic       3374       4952   0.6813  0.222  0.326 yes
   n43a1    0    0   ic-rho       5402      13368   0.4041  0.079  0.196 yes
   n43a1    0    1   rho-ic       5402      13368   0.4041  0.079  0.196 yes
   n43a1    0    2   ic-rho       5402      13368   0.4041  0.079  0.196 yes
   n43a1    1    0   rho-ic       5402      17810   0.3033  0.079  0.261 yes
   n43a1    1    1   ic-rho       5402      17810   0.3033  0.079  0.261 yes
   n43a1    1    2   rho-ic       5402      17810   0.3033  0.079  0.261 yes
   n43a1    2    0   ic-rho       5594      18921   0.2957  0.082  0.278 yes
   n43a1    2    1   rho-ic       5594      18921   0.2957  0.082  0.278 yes
   n43a1    2    2   ic-rho       5594      18921   0.2957  0.082  0.278 yes
   n47a1    0    0   ic-rho      78835      96225   0.8193  0.241  0.294 yes
   n47a1    0    1   rho-ic      78835      96225   0.8193  0.241  0.294 yes
   n47a1    0    2   ic-rho      78835      96225   0.8193  0.241  0.294 yes
   n47a1    1    0   rho-ic      80435      18113   4.4407  0.246  0.055 NO
   n47a1    1    1   ic-rho      80435      18113   4.4407  0.246  0.055 NO
   n47a1    1    2   rho-ic      80435      18113   4.4407  0.246  0.055 NO
   n47a1    2    0   ic-rho      78515      61211   1.2827  0.240  0.187 NO
   n47a1    2    1   rho-ic      78515      61211   1.2827  0.240  0.187 NO
   n47a1    2    2   ic-rho      78515      61211   1.2827  0.240  0.187 NO
   n41a0    0    0   rho-ic     106591      58641   1.8177  0.144  0.079 NO
   n41a0    0    1   ic-rho     106591      58641   1.8177  0.144  0.079 NO
   n41a0    0    2   rho-ic     106591      58641   1.8177  0.144  0.079 NO
   n41a0    1    0   ic-rho     106591      41444   2.5719  0.144  0.056 NO
   n41a0    1    1   rho-ic     106591      41444   2.5719  0.144  0.056 NO
   n41a0    1    2   ic-rho     106591      41444   2.5719  0.144  0.056 NO
   n41a0    2    0   rho-ic      91935      72529   1.2676  0.124  0.098 NO
   n41a0    2    1   ic-rho      91935      72529   1.2676  0.124  0.098 NO
   n41a0    2    2   rho-ic      91935      72529   1.2676  0.124  0.098 NO
{
  "algorithm_seed": 1592590343,
  "all_cases_gate": false,
  "caps": {
    "max_trials": 1048576,
    "rho_iterations_per_restart": 16777216
  },
  "cells": [
    {
      "cell": "n13a0",
      "gate": true,
      "in_fit": true,
      "log2_r": 10.967946705812707,
      "max_alpha": 0.9178832116788321,
      "mean_alpha": 0.9112578682614717,
      "mean_g_ic": 503.0,
      "mean_g_rho": 552.0,
      "pairs": 9
    },
    {
      "cell": "n29a1",
      "gate": false,
      "in_fit": true,
      "log2_r": 15.373714813957372,
      "max_alpha": 1.2603406326034063,
      "mean_alpha": 1.2445282091053396,
      "mean_g_ic": 1036.0,
      "mean_g_rho": 832.6666666666666,
      "pairs": 9
    },
    {
      "cell": "n17a1",
      "gate": true,
      "in_fit": true,
      "log2_r": 16.001122266128682,
      "max_alpha": 0.812428078250863,
      "mean_alpha": 0.7672981570624292,
      "mean_g_ic": 706.0,
      "mean_g_rho": 921.6666666666666,
      "pairs": 9
    },
    {
      "cell": "n19a0",
      "gate": true,
      "in_fit": true,
      "log2_r": 16.997807964508816,
      "max_alpha": 0.8528428093645485,
      "mean_alpha": 0.8496918309574509,
      "mean_g_ic": 765.0,
      "mean_g_rho": 900.3333333333334,
      "pairs": 9
    },
    {
      "cell": "n19a1",
      "gate": true,
      "in_fit": true,
      "log2_r": 18.002194205049015,
      "max_alpha": 0.798582995951417,
      "mean_alpha": 0.761075182724191,
      "mean_g_ic": 789.0,
      "mean_g_rho": 1039.0,
      "pairs": 9
    },
    {
      "cell": "n31a0",
      "gate": true,
      "in_fit": true,
      "log2_r": 20.457029116748018,
      "max_alpha": 0.9742268041237113,
      "mean_alpha": 0.9236077410805481,
      "mean_g_ic": 1134.0,
      "mean_g_rho": 1230.3333333333333,
      "pairs": 9
    },
    {
      "cell": "n23a0",
      "gate": true,
      "in_fit": true,
      "log2_r": 20.999106101271966,
      "max_alpha": 0.8419267299864315,
      "mean_alpha": 0.7959190635564019,
      "mean_g_ic": 1241.0,
      "mean_g_rho": 1563.3333333333333,
      "pairs": 9
    },
    {
      "cell": "n39a0",
      "gate": true,
      "in_fit": true,
      "log2_r": 26.032049406402123,
      "max_alpha": 0.8931123178050872,
      "mean_alpha": 0.7928319128079662,
      "mean_g_ic": 3125.0,
      "mean_g_rho": 3992.0,
      "pairs": 9
    },
    {
      "cell": "n37a0",
      "gate": true,
      "in_fit": true,
      "log2_r": 27.78083708554834,
      "max_alpha": 0.681340872374798,
      "mean_alpha": 0.6033662576733617,
      "mean_g_ic": 3374.0,
      "mean_g_rho": 5681.333333333333,
      "pairs": 9
    },
    {
      "cell": "n43a1",
      "gate": true,
      "in_fit": true,
      "log2_r": 32.112779548336775,
      "max_alpha": 0.40409934171155,
      "mean_alpha": 0.3343541409886675,
      "mean_g_ic": 5466.0,
      "mean_g_rho": 16699.666666666668,
      "pairs": 9
    },
    {
      "cell": "n47a1",
      "gate": false,
      "in_fit": true,
      "log2_r": 36.635865112243344,
      "max_alpha": 4.440733175067631,
      "mean_alpha": 2.1809017321728943,
      "mean_g_ic": 79261.66666666667,
      "mean_g_rho": 58516.333333333336,
      "pairs": 9
    },
    {
      "cell": "n41a0",
      "gate": false,
      "in_fit": true,
      "log2_r": 39.00000151433405,
      "max_alpha": 2.571928385290995,
      "mean_alpha": 1.8857258698910262,
      "mean_g_ic": 101705.66666666667,
      "mean_g_rho": 57538.0,
      "pairs": 9
    }
  ],
  "class": "engineering",
  "fb_seed": 43,
  "fit": {
    "ic_slope": 0.27329911104712695,
    "reference_slope": 0.5,
    "rho_slope": 0.26530081804646294,
    "rule": "least squares of log2 mean(G) on log2 r over cells with every pair verified; None below four rungs",
    "rungs": 12
  },
  "ladder": true,
  "n131_claim": false,
  "protocol": "RESEARCH_ECC2K130_RHO_PARITY.md",
  "quick": false,
  "rows": [
    {
      "a": 0,
      "alpha": 0.9095840867992767,
      "cell": "n13a0",
      "g_ic": 503,
      "g_rho": 553,
      "gate": true,
      "ic": {
        "collection_lookups": 11584,
        "collection_trials": 64,
        "descent_lookups": 182,
        "descent_trials": 1,
        "factor_base_size": 182,
        "folded_rows": 1,
        "orbits": 7,
        "pair_table_additions": 182,
        "pair_table_entries": 182,
        "recipe_floor": 78,
        "relations": 64,
        "window": 181
      },
      "ic_ns": 2667703,
      "ic_verified": true,
      "n": 13,
      "order": "rho-ic",
      "rep": 0,
      "rho_expected_steps": 11.000533278279981,
      "rho_iterations": 12,
      "rho_ns": 149197,
      "rho_verified": true,
      "rho_walk_additions": 11,
      "s_ic": 11.23899583854411,
      "s_rho": 12.356192243965989,
      "subgroup_order": "2003",
      "target_index": 0,
      "target_seed": 1374605313
    },
    {
      "a": 0,
      "alpha": 0.9095840867992767,
      "cell": "n13a0",
      "g_ic": 503,
      "g_rho": 553,
      "gate": true,
      "ic": {
        "collection_lookups": 11584,
        "collection_trials": 64,
        "descent_lookups": 182,
        "descent_trials": 1,
        "factor_base_size": 182,
        "folded_rows": 1,
        "orbits": 7,
        "pair_table_additions": 182,
        "pair_table_entries": 182,
        "recipe_floor": 78,
        "relations": 64,
        "window": 181
      },
      "ic_ns": 2205762,
      "ic_verified": true,
      "n": 13,
      "order": "ic-rho",
      "rep": 1,
      "rho_expected_steps": 11.000533278279981,
      "rho_iterations": 12,
      "rho_ns": 113553,
      "rho_verified": true,
      "rho_walk_additions": 11,
      "s_ic": 11.23899583854411,
      "s_rho": 12.356192243965989,
      "subgroup_order": "2003",
      "target_index": 0,
      "target_seed": 1374605313
    },
    {
      "a": 0,
      "alpha": 0.9095840867992767,
      "cell": "n13a0",
      "g_ic": 503,
      "g_rho": 553,
      "gate": true,
      "ic": {
        "collection_lookups": 11584,
        "collection_trials": 64,
        "descent_lookups": 182,
        "descent_trials": 1,
        "factor_base_size": 182,
        "folded_rows": 1,
        "orbits": 7,
        "pair_table_additions": 182,
        "pair_table_entries": 182,
        "recipe_floor": 78,
        "relations": 64,
        "window": 181
      },
      "ic_ns": 2167453,
      "ic_verified": true,
      "n": 13,
      "order": "rho-ic",
      "rep": 2,
      "rho_expected_steps": 11.000533278279981,
      "rho_iterations": 12,
      "rho_ns": 81539,
      "rho_verified": true,
      "rho_walk_additions": 11,
      "s_ic": 11.23899583854411,
      "s_rho": 12.356192243965989,
      "subgroup_order": "2003",
      "target_index": 0,
      "target_seed": 1374605313
    },
    {
      "a": 0,
      "alpha": 0.9178832116788321,
      "cell": "n13a0",
      "g_ic": 503,
      "g_rho": 548,
      "gate": true,
      "ic": {
        "collection_lookups": 11584,
        "collection_trials": 64,
        "descent_lookups": 182,
        "descent_trials": 1,
        "factor_base_size": 182,
        "folded_rows": 1,
        "orbits": 7,
        "pair_table_additions": 182,
        "pair_table_entries": 182,
        "recipe_floor": 78,
        "relations": 64,
        "window": 181
      },
      "ic_ns": 2153174,
      "ic_verified": true,
      "n": 13,
      "order": "ic-rho",
      "rep": 0,
      "rho_expected_steps": 11.000533278279981,
      "rho_iterations": 7,
      "rho_ns": 89374,
      "rho_verified": true,
      "rho_walk_additions": 6,
      "s_ic": 11.23899583854411,
      "s_rho": 12.2444726034238,
      "subgroup_order": "2003",
      "target_index": 1,
      "target_seed": 1374605314
    },
    {
      "a": 0,
      "alpha": 0.9178832116788321,
      "cell": "n13a0",
      "g_ic": 503,
      "g_rho": 548,
      "gate": true,
      "ic": {
        "collection_lookups": 11584,
        "collection_trials": 64,
        "descent_lookups": 182,
        "descent_trials": 1,
        "factor_base_size": 182,
        "folded_rows": 1,
        "orbits": 7,
        "pair_table_additions": 182,
        "pair_table_entries": 182,
        "recipe_floor": 78,
        "relations": 64,
        "window": 181
      },
      "ic_ns": 2151743,
      "ic_verified": true,
      "n": 13,
      "order": "rho-ic",
      "rep": 1,
      "rho_expected_steps": 11.000533278279981,
      "rho_iterations": 7,
      "rho_ns": 76344,
      "rho_verified": true,
      "rho_walk_additions": 6,
      "s_ic": 11.23899583854411,
      "s_rho": 12.2444726034238,
      "subgroup_order": "2003",
      "target_index": 1,
      "target_seed": 1374605314
    },
    {
      "a": 0,
      "alpha": 0.9178832116788321,
      "cell": "n13a0",
      "g_ic": 503,
      "g_rho": 548,
      "gate": true,
      "ic": {
        "collection_lookups": 11584,
        "collection_trials": 64,
        "descent_lookups": 182,
        "descent_trials": 1,
        "factor_base_size": 182,
        "folded_rows": 1,
        "orbits": 7,
        "pair_table_additions": 182,
        "pair_table_entries": 182,
        "recipe_floor": 78,
        "relations": 64,
        "window": 181
      },
      "ic_ns": 2156740,
      "ic_verified": true,
      "n": 13,
      "order": "ic-rho",
      "rep": 2,
      "rho_expected_steps": 11.000533278279981,
      "rho_iterations": 7,
      "rho_ns": 87008,
      "rho_verified": true,
      "rho_walk_additions": 6,
      "s_ic": 11.23899583854411,
      "s_rho": 12.2444726034238,
      "subgroup_order": "2003",
      "target_index": 1,
      "target_seed": 1374605314
    },
    {
      "a": 0,
      "alpha": 0.9063063063063063,
      "cell": "n13a0",
      "g_ic": 503,
      "g_rho": 555,
      "gate": true,
      "ic": {
        "collection_lookups": 11584,
        "collection_trials": 64,
        "descent_lookups": 182,
        "descent_trials": 1,
        "factor_base_size": 182,
        "folded_rows": 1,
        "orbits": 7,
        "pair_table_additions": 182,
        "pair_table_entries": 182,
        "recipe_floor": 78,
        "relations": 64,
        "window": 181
      },
      "ic_ns": 2150185,
      "ic_verified": true,
      "n": 13,
      "order": "rho-ic",
      "rep": 0,
      "rho_expected_steps": 11.000533278279981,
      "rho_iterations": 14,
      "rho_ns": 96668,
      "rho_verified": true,
      "rho_walk_additions": 13,
      "s_ic": 11.23899583854411,
      "s_rho": 12.400880100182864,
      "subgroup_order": "2003",
      "target_index": 2,
      "target_seed": 1374605315
    },
    {
      "a": 0,
      "alpha": 0.9063063063063063,
      "cell": "n13a0",
      "g_ic": 503,
      "g_rho": 555,
      "gate": true,
      "ic": {
        "collection_lookups": 11584,
        "collection_trials": 64,
        "descent_lookups": 182,
        "descent_trials": 1,
        "factor_base_size": 182,
        "folded_rows": 1,
        "orbits": 7,
        "pair_table_additions": 182,
        "pair_table_entries": 182,
        "recipe_floor": 78,
        "relations": 64,
        "window": 181
      },
      "ic_ns": 2159327,
      "ic_verified": true,
      "n": 13,
      "order": "ic-rho",
      "rep": 1,
      "rho_expected_steps": 11.000533278279981,
      "rho_iterations": 14,
      "rho_ns": 94530,
      "rho_verified": true,
      "rho_walk_additions": 13,
      "s_ic": 11.23899583854411,
      "s_rho": 12.400880100182864,
      "subgroup_order": "2003",
      "target_index": 2,
      "target_seed": 1374605315
    },
    {
      "a": 0,
      "alpha": 0.9063063063063063,
      "cell": "n13a0",
      "g_ic": 503,
      "g_rho": 555,
      "gate": true,
      "ic": {
        "collection_lookups": 11584,
        "collection_trials": 64,
        "descent_lookups": 182,
        "descent_trials": 1,
        "factor_base_size": 182,
        "folded_rows": 1,
        "orbits": 7,
        "pair_table_additions": 182,
        "pair_table_entries": 182,
        "recipe_floor": 78,
        "relations": 64,
        "window": 181
      },
      "ic_ns": 2148943,
      "ic_verified": true,
      "n": 13,
      "order": "rho-ic",
      "rep": 2,
      "rho_expected_steps": 11.000533278279981,
      "rho_iterations": 14,
      "rho_ns": 84632,
      "rho_verified": true,
      "rho_walk_additions": 13,
      "s_ic": 11.23899583854411,
      "s_rho": 12.400880100182864,
      "subgroup_order": "2003",
      "target_index": 2,
      "target_seed": 1374605315
    },
    {
      "a": 1,
      "alpha": 1.2603406326034063,
      "cell": "n29a1",
      "g_ic": 1036,
      "g_rho": 822,
      "gate": false,
      "ic": {
        "collection_lookups": 29632,
        "collection_trials": 64,
        "descent_lookups": 464,
        "descent_trials": 1,
        "factor_base_size": 464,
        "folded_rows": 1,
        "orbits": 8,
        "pair_table_additions": 464,
        "pair_table_entries": 464,
        "recipe_floor": 174,
        "relations": 64,
        "window": 463
      },
      "ic_ns": 6579428,
      "ic_verified": true,
      "n": 29,
      "order": "ic-rho",
      "rep": 0,
      "rho_expected_steps": 33.90943812435048,
      "rho_iterations": 36,
      "rho_ns": 295959,
      "rho_verified": true,
      "rho_walk_additions": 35,
      "s_ic": 5.027882311372644,
      "s_rho": 3.9893043049694143,
      "subgroup_order": "42457",
      "target_index": 0,
      "target_seed": 1374605313
    },
    {
      "a": 1,
      "alpha": 1.2603406326034063,
      "cell": "n29a1",
      "g_ic": 1036,
      "g_rho": 822,
      "gate": false,
      "ic": {
        "collection_lookups": 29632,
        "collection_trials": 64,
        "descent_lookups": 464,
        "descent_trials": 1,
        "factor_base_size": 464,
        "folded_rows": 1,
        "orbits": 8,
        "pair_table_additions": 464,
        "pair_table_entries": 464,
        "recipe_floor": 174,
        "relations": 64,
        "window": 463
      },
      "ic_ns": 6409291,
      "ic_verified": true,
      "n": 29,
      "order": "rho-ic",
      "rep": 1,
      "rho_expected_steps": 33.90943812435048,
      "rho_iterations": 36,
      "rho_ns": 284744,
      "rho_verified": true,
      "rho_walk_additions": 35,
      "s_ic": 5.027882311372644,
      "s_rho": 3.9893043049694143,
      "subgroup_order": "42457",
      "target_index": 0,
      "target_seed": 1374605313
    },
    {
      "a": 1,
      "alpha": 1.2603406326034063,
      "cell": "n29a1",
      "g_ic": 1036,
      "g_rho": 822,
      "gate": false,
      "ic": {
        "collection_lookups": 29632,
        "collection_trials": 64,
        "descent_lookups": 464,
        "descent_trials": 1,
        "factor_base_size": 464,
        "folded_rows": 1,
        "orbits": 8,
        "pair_table_additions": 464,
        "pair_table_entries": 464,
        "recipe_floor": 174,
        "relations": 64,
        "window": 463
      },
      "ic_ns": 6555787,
      "ic_verified": true,
      "n": 29,
      "order": "ic-rho",
      "rep": 2,
      "rho_expected_steps": 33.90943812435048,
      "rho_iterations": 36,
      "rho_ns": 296066,
      "rho_verified": true,
      "rho_walk_additions": 35,
      "s_ic": 5.027882311372644,
      "s_rho": 3.9893043049694143,
      "subgroup_order": "42457",
      "target_index": 0,
      "target_seed": 1374605313
    },
    {
      "a": 1,
      "alpha": 1.215962441314554,
      "cell": "n29a1",
      "g_ic": 1036,
      "g_rho": 852,
      "gate": false,
      "ic": {
        "collection_lookups": 29632,
        "collection_trials": 64,
        "descent_lookups": 464,
        "descent_trials": 1,
        "factor_base_size": 464,
        "folded_rows": 1,
        "orbits": 8,
        "pair_table_additions": 464,
        "pair_table_entries": 464,
        "recipe_floor": 174,
        "relations": 64,
        "window": 463
      },
      "ic_ns": 6499691,
      "ic_verified": true,
      "n": 29,
      "order": "rho-ic",
      "rep": 0,
      "rho_expected_steps": 33.90943812435048,
      "rho_iterations": 66,
      "rho_ns": 301565,
      "rho_verified": true,
      "rho_walk_additions": 65,
      "s_ic": 5.027882311372644,
      "s_rho": 4.134899352596035,
      "subgroup_order": "42457",
      "target_index": 1,
      "target_seed": 1374605314
    },
    {
      "a": 1,
      "alpha": 1.215962441314554,
      "cell": "n29a1",
      "g_ic": 1036,
      "g_rho": 852,
      "gate": false,
      "ic": {
        "collection_lookups": 29632,
        "collection_trials": 64,
        "descent_lookups": 464,
        "descent_trials": 1,
        "factor_base_size": 464,
        "folded_rows": 1,
        "orbits": 8,
        "pair_table_additions": 464,
        "pair_table_entries": 464,
        "recipe_floor": 174,
        "relations": 64,
        "window": 463
      },
      "ic_ns": 6512520,
      "ic_verified": true,
      "n": 29,
      "order": "ic-rho",
      "rep": 1,
      "rho_expected_steps": 33.90943812435048,
      "rho_iterations": 66,
      "rho_ns": 308661,
      "rho_verified": true,
      "rho_walk_additions": 65,
      "s_ic": 5.027882311372644,
      "s_rho": 4.134899352596035,
      "subgroup_order": "42457",
      "target_index": 1,
      "target_seed": 1374605314
    },
    {
      "a": 1,
      "alpha": 1.215962441314554,
      "cell": "n29a1",
      "g_ic": 1036,
      "g_rho": 852,
      "gate": false,
      "ic": {
        "collection_lookups": 29632,
        "collection_trials": 64,
        "descent_lookups": 464,
        "descent_trials": 1,
        "factor_base_size": 464,
        "folded_rows": 1,
        "orbits": 8,
        "pair_table_additions": 464,
        "pair_table_entries": 464,
        "recipe_floor": 174,
        "relations": 64,
        "window": 463
      },
      "ic_ns": 6496024,
      "ic_verified": true,
      "n": 29,
      "order": "rho-ic",
      "rep": 2,
      "rho_expected_steps": 33.90943812435048,
      "rho_iterations": 66,
      "rho_ns": 289824,
      "rho_verified": true,
      "rho_walk_additions": 65,
      "s_ic": 5.027882311372644,
      "s_rho": 4.134899352596035,
      "subgroup_order": "42457",
      "target_index": 1,
      "target_seed": 1374605314
    },
    {
      "a": 1,
      "alpha": 1.2572815533980584,
      "cell": "n29a1",
      "g_ic": 1036,
      "g_rho": 824,
      "gate": false,
      "ic": {
        "collection_lookups": 29632,
        "collection_trials": 64,
        "descent_lookups": 464,
        "descent_trials": 1,
        "factor_base_size": 464,
        "folded_rows": 1,
        "orbits": 8,
        "pair_table_additions": 464,
        "pair_table_entries": 464,
        "recipe_floor": 174,
        "relations": 64,
        "window": 463
      },
      "ic_ns": 6404593,
      "ic_verified": true,
      "n": 29,
      "order": "ic-rho",
      "rep": 0,
      "rho_expected_steps": 33.90943812435048,
      "rho_iterations": 38,
      "rho_ns": 296880,
      "rho_verified": true,
      "rho_walk_additions": 37,
      "s_ic": 5.027882311372644,
      "s_rho": 3.9990106414778555,
      "subgroup_order": "42457",
      "target_index": 2,
      "target_seed": 1374605315
    },
    {
      "a": 1,
      "alpha": 1.2572815533980584,
      "cell": "n29a1",
      "g_ic": 1036,
      "g_rho": 824,
      "gate": false,
      "ic": {
        "collection_lookups": 29632,
        "collection_trials": 64,
        "descent_lookups": 464,
        "descent_trials": 1,
        "factor_base_size": 464,
        "folded_rows": 1,
        "orbits": 8,
        "pair_table_additions": 464,
        "pair_table_entries": 464,
        "recipe_floor": 174,
        "relations": 64,
        "window": 463
      },
      "ic_ns": 6439139,
      "ic_verified": true,
      "n": 29,
      "order": "rho-ic",
      "rep": 1,
      "rho_expected_steps": 33.90943812435048,
      "rho_iterations": 38,
      "rho_ns": 273889,
      "rho_verified": true,
      "rho_walk_additions": 37,
      "s_ic": 5.027882311372644,
      "s_rho": 3.9990106414778555,
      "subgroup_order": "42457",
      "target_index": 2,
      "target_seed": 1374605315
    },
    {
      "a": 1,
      "alpha": 1.2572815533980584,
      "cell": "n29a1",
      "g_ic": 1036,
      "g_rho": 824,
      "gate": false,
      "ic": {
        "collection_lookups": 29632,
        "collection_trials": 64,
        "descent_lookups": 464,
        "descent_trials": 1,
        "factor_base_size": 464,
        "folded_rows": 1,
        "orbits": 8,
        "pair_table_additions": 464,
        "pair_table_entries": 464,
        "recipe_floor": 174,
        "relations": 64,
        "window": 463
      },
      "ic_ns": 6419870,
      "ic_verified": true,
      "n": 29,
      "order": "ic-rho",
      "rep": 2,
      "rho_expected_steps": 33.90943812435048,
      "rho_iterations": 38,
      "rho_ns": 278277,
      "rho_verified": true,
      "rho_walk_additions": 37,
      "s_ic": 5.027882311372644,
      "s_rho": 3.9990106414778555,
      "subgroup_order": "42457",
      "target_index": 2,
      "target_seed": 1374605315
    },
    {
      "a": 1,
      "alpha": 0.7470899470899471,
      "cell": "n17a1",
      "g_ic": 706,
      "g_rho": 945,
      "gate": true,
      "ic": {
        "collection_lookups": 17344,
        "collection_trials": 64,
        "descent_lookups": 272,
        "descent_trials": 1,
        "factor_base_size": 272,
        "folded_rows": 1,
        "orbits": 8,
        "pair_table_additions": 272,
        "pair_table_entries": 272,
        "recipe_floor": 102,
        "relations": 64,
        "window": 271
      },
      "ic_ns": 2929154,
      "ic_verified": true,
      "n": 17,
      "order": "ic-rho",
      "rep": 0,
      "rho_expected_steps": 55.046455964751445,
      "rho_iterations": 89,
      "rho_ns": 208843,
      "rho_verified": true,
      "rho_walk_additions": 88,
      "s_ic": 2.756740063465702,
      "s_rho": 3.689970764837236,
      "subgroup_order": "65587",
      "target_index": 0,
      "target_seed": 1374605313
    },
    {
      "a": 1,
      "alpha": 0.7470899470899471,
      "cell": "n17a1",
      "g_ic": 706,
      "g_rho": 945,
      "gate": true,
      "ic": {
        "collection_lookups": 17344,
        "collection_trials": 64,
        "descent_lookups": 272,
        "descent_trials": 1,
        "factor_base_size": 272,
        "folded_rows": 1,
        "orbits": 8,
        "pair_table_additions": 272,
        "pair_table_entries": 272,
        "recipe_floor": 102,
        "relations": 64,
        "window": 271
      },
      "ic_ns": 2910452,
      "ic_verified": true,
      "n": 17,
      "order": "rho-ic",
      "rep": 1,
      "rho_expected_steps": 55.046455964751445,
      "rho_iterations": 89,
      "rho_ns": 184656,
      "rho_verified": true,
      "rho_walk_additions": 88,
      "s_ic": 2.756740063465702,
      "s_rho": 3.689970764837236,
      "subgroup_order": "65587",
      "target_index": 0,
      "target_seed": 1374605313
    },
    {
      "a": 1,
      "alpha": 0.7470899470899471,
      "cell": "n17a1",
      "g_ic": 706,
      "g_rho": 945,
      "gate": true,
      "ic": {
        "collection_lookups": 17344,
        "collection_trials": 64,
        "descent_lookups": 272,
        "descent_trials": 1,
        "factor_base_size": 272,
        "folded_rows": 1,
        "orbits": 8,
        "pair_table_additions": 272,
        "pair_table_entries": 272,
        "recipe_floor": 102,
        "relations": 64,
        "window": 271
      },
      "ic_ns": 2863351,
      "ic_verified": true,
      "n": 17,
      "order": "ic-rho",
      "rep": 2,
      "rho_expected_steps": 55.046455964751445,
      "rho_iterations": 89,
      "rho_ns": 196383,
      "rho_verified": true,
      "rho_walk_additions": 88,
      "s_ic": 2.756740063465702,
      "s_rho": 3.689970764837236,
      "subgroup_order": "65587",
      "target_index": 0,
      "target_seed": 1374605313
    },
    {
      "a": 1,
      "alpha": 0.7423764458464774,
      "cell": "n17a1",
      "g_ic": 706,
      "g_rho": 951,
      "gate": true,
      "ic": {
        "collection_lookups": 17344,
        "collection_trials": 64,
        "descent_lookups": 272,
        "descent_trials": 1,
        "factor_base_size": 272,
        "folded_rows": 1,
        "orbits": 8,
        "pair_table_additions": 272,
        "pair_table_entries": 272,
        "recipe_floor": 102,
        "relations": 64,
        "window": 271
      },
      "ic_ns": 2885657,
      "ic_verified": true,
      "n": 17,
      "order": "rho-ic",
      "rep": 0,
      "rho_expected_steps": 55.046455964751445,
      "rho_iterations": 95,
      "rho_ns": 183613,
      "rho_verified": true,
      "rho_walk_additions": 94,
      "s_ic": 2.756740063465702,
      "s_rho": 3.7133991506457265,
      "subgroup_order": "65587",
      "target_index": 1,
      "target_seed": 1374605314
    },
    {
      "a": 1,
      "alpha": 0.7423764458464774,
      "cell": "n17a1",
      "g_ic": 706,
      "g_rho": 951,
      "gate": true,
      "ic": {
        "collection_lookups": 17344,
        "collection_trials": 64,
        "descent_lookups": 272,
        "descent_trials": 1,
        "factor_base_size": 272,
        "folded_rows": 1,
        "orbits": 8,
        "pair_table_additions": 272,
        "pair_table_entries": 272,
        "recipe_floor": 102,
        "relations": 64,
        "window": 271
      },
      "ic_ns": 2864963,
      "ic_verified": true,
      "n": 17,
      "order": "ic-rho",
      "rep": 1,
      "rho_expected_steps": 55.046455964751445,
      "rho_iterations": 95,
      "rho_ns": 193682,
      "rho_verified": true,
      "rho_walk_additions": 94,
      "s_ic": 2.756740063465702,
      "s_rho": 3.7133991506457265,
      "subgroup_order": "65587",
      "target_index": 1,
      "target_seed": 1374605314
    },
    {
      "a": 1,
      "alpha": 0.7423764458464774,
      "cell": "n17a1",
      "g_ic": 706,
      "g_rho": 951,
      "gate": true,
      "ic": {
        "collection_lookups": 17344,
        "collection_trials": 64,
        "descent_lookups": 272,
        "descent_trials": 1,
        "factor_base_size": 272,
        "folded_rows": 1,
        "orbits": 8,
        "pair_table_additions": 272,
        "pair_table_entries": 272,
        "recipe_floor": 102,
        "relations": 64,
        "window": 271
      },
      "ic_ns": 2879168,
      "ic_verified": true,
      "n": 17,
      "order": "rho-ic",
      "rep": 2,
      "rho_expected_steps": 55.046455964751445,
      "rho_iterations": 95,
      "rho_ns": 183188,
      "rho_verified": true,
      "rho_walk_additions": 94,
      "s_ic": 2.756740063465702,
      "s_rho": 3.7133991506457265,
      "subgroup_order": "65587",
      "target_index": 1,
      "target_seed": 1374605314
    },
    {
      "a": 1,
      "alpha": 0.812428078250863,
      "cell": "n17a1",
      "g_ic": 706,
      "g_rho": 869,
      "gate": true,
      "ic": {
        "collection_lookups": 17344,
        "collection_trials": 64,
        "descent_lookups": 272,
        "descent_trials": 1,
        "factor_base_size": 272,
        "folded_rows": 1,
        "orbits": 8,
        "pair_table_additions": 272,
        "pair_table_entries": 272,
        "recipe_floor": 102,
        "relations": 64,
        "window": 271
      },
      "ic_ns": 2860410,
      "ic_verified": true,
      "n": 17,
      "order": "ic-rho",
      "rep": 0,
      "rho_expected_steps": 55.046455964751445,
      "rho_iterations": 13,
      "rho_ns": 158572,
      "rho_verified": true,
      "rho_walk_additions": 12,
      "s_ic": 2.756740063465702,
      "s_rho": 3.3932112112630244,
      "subgroup_order": "65587",
      "target_index": 2,
      "target_seed": 1374605315
    },
    {
      "a": 1,
      "alpha": 0.812428078250863,
      "cell": "n17a1",
      "g_ic": 706,
      "g_rho": 869,
      "gate": true,
      "ic": {
        "collection_lookups": 17344,
        "collection_trials": 64,
        "descent_lookups": 272,
        "descent_trials": 1,
        "factor_base_size": 272,
        "folded_rows": 1,
        "orbits": 8,
        "pair_table_additions": 272,
        "pair_table_entries": 272,
        "recipe_floor": 102,
        "relations": 64,
        "window": 271
      },
      "ic_ns": 2817917,
      "ic_verified": true,
      "n": 17,
      "order": "rho-ic",
      "rep": 1,
      "rho_expected_steps": 55.046455964751445,
      "rho_iterations": 13,
      "rho_ns": 161565,
      "rho_verified": true,
      "rho_walk_additions": 12,
      "s_ic": 2.756740063465702,
      "s_rho": 3.3932112112630244,
      "subgroup_order": "65587",
      "target_index": 2,
      "target_seed": 1374605315
    },
    {
      "a": 1,
      "alpha": 0.812428078250863,
      "cell": "n17a1",
      "g_ic": 706,
      "g_rho": 869,
      "gate": true,
      "ic": {
        "collection_lookups": 17344,
        "collection_trials": 64,
        "descent_lookups": 272,
        "descent_trials": 1,
        "factor_base_size": 272,
        "folded_rows": 1,
        "orbits": 8,
        "pair_table_additions": 272,
        "pair_table_entries": 272,
        "recipe_floor": 102,
        "relations": 64,
        "window": 271
      },
      "ic_ns": 2864980,
      "ic_verified": true,
      "n": 17,
      "order": "ic-rho",
      "rep": 2,
      "rho_expected_steps": 55.046455964751445,
      "rho_iterations": 13,
      "rho_ns": 158546,
      "rho_verified": true,
      "rho_walk_additions": 12,
      "s_ic": 2.756740063465702,
      "s_rho": 3.3932112112630244,
      "subgroup_order": "65587",
      "target_index": 2,
      "target_seed": 1374605315
    },
    {
      "a": 0,
      "alpha": 0.8490566037735849,
      "cell": "n19a0",
      "g_ic": 765,
      "g_rho": 901,
      "gate": true,
      "ic": {
        "collection_lookups": 19392,
        "collection_trials": 64,
        "descent_lookups": 304,
        "descent_trials": 1,
        "factor_base_size": 304,
        "folded_rows": 1,
        "orbits": 8,
        "pair_table_additions": 304,
        "pair_table_entries": 304,
        "recipe_floor": 114,
        "relations": 64,
        "window": 303
      },
      "ic_ns": 3366365,
      "ic_verified": true,
      "n": 19,
      "order": "rho-ic",
      "rep": 0,
      "rho_expected_steps": 73.55177690733967,
      "rho_iterations": 45,
      "rho_ns": 210681,
      "rho_verified": true,
      "rho_walk_additions": 44,
      "s_ic": 2.1146398211707274,
      "s_rho": 2.4905757893788567,
      "subgroup_order": "130873",
      "target_index": 0,
      "target_seed": 1374605313
    },
    {
      "a": 0,
      "alpha": 0.8490566037735849,
      "cell": "n19a0",
      "g_ic": 765,
      "g_rho": 901,
      "gate": true,
      "ic": {
        "collection_lookups": 19392,
        "collection_trials": 64,
        "descent_lookups": 304,
        "descent_trials": 1,
        "factor_base_size": 304,
        "folded_rows": 1,
        "orbits": 8,
        "pair_table_additions": 304,
        "pair_table_entries": 304,
        "recipe_floor": 114,
        "relations": 64,
        "window": 303
      },
      "ic_ns": 3353371,
      "ic_verified": true,
      "n": 19,
      "order": "ic-rho",
      "rep": 1,
      "rho_expected_steps": 73.55177690733967,
      "rho_iterations": 45,
      "rho_ns": 231277,
      "rho_verified": true,
      "rho_walk_additions": 44,
      "s_ic": 2.1146398211707274,
      "s_rho": 2.4905757893788567,
      "subgroup_order": "130873",
      "target_index": 0,
      "target_seed": 1374605313
    },
    {
      "a": 0,
      "alpha": 0.8490566037735849,
      "cell": "n19a0",
      "g_ic": 765,
      "g_rho": 901,
      "gate": true,
      "ic": {
        "collection_lookups": 19392,
        "collection_trials": 64,
        "descent_lookups": 304,
        "descent_trials": 1,
        "factor_base_size": 304,
        "folded_rows": 1,
        "orbits": 8,
        "pair_table_additions": 304,
        "pair_table_entries": 304,
        "recipe_floor": 114,
        "relations": 64,
        "window": 303
      },
      "ic_ns": 3369925,
      "ic_verified": true,
      "n": 19,
      "order": "rho-ic",
      "rep": 2,
      "rho_expected_steps": 73.55177690733967,
      "rho_iterations": 45,
      "rho_ns": 214032,
      "rho_verified": true,
      "rho_walk_additions": 44,
      "s_ic": 2.1146398211707274,
      "s_rho": 2.4905757893788567,
      "subgroup_order": "130873",
      "target_index": 0,
      "target_seed": 1374605313
    },
    {
      "a": 0,
      "alpha": 0.8528428093645485,
      "cell": "n19a0",
      "g_ic": 765,
      "g_rho": 897,
      "gate": true,
      "ic": {
        "collection_lookups": 19392,
        "collection_trials": 64,
        "descent_lookups": 304,
        "descent_trials": 1,
        "factor_base_size": 304,
        "folded_rows": 1,
        "orbits": 8,
        "pair_table_additions": 304,
        "pair_table_entries": 304,
        "recipe_floor": 114,
        "relations": 64,
        "window": 303
      },
      "ic_ns": 3367738,
      "ic_verified": true,
      "n": 19,
      "order": "ic-rho",
      "rep": 0,
      "rho_expected_steps": 73.55177690733967,
      "rho_iterations": 41,
      "rho_ns": 208963,
      "rho_verified": true,
      "rho_walk_additions": 40,
      "s_ic": 2.1146398211707274,
      "s_rho": 2.4795188491374414,
      "subgroup_order": "130873",
      "target_index": 1,
      "target_seed": 1374605314
    },
    {
      "a": 0,
      "alpha": 0.8528428093645485,
      "cell": "n19a0",
      "g_ic": 765,
      "g_rho": 897,
      "gate": true,
      "ic": {
        "collection_lookups": 19392,
        "collection_trials": 64,
        "descent_lookups": 304,
        "descent_trials": 1,
        "factor_base_size": 304,
        "folded_rows": 1,
        "orbits": 8,
        "pair_table_additions": 304,
        "pair_table_entries": 304,
        "recipe_floor": 114,
        "relations": 64,
        "window": 303
      },
      "ic_ns": 3354215,
      "ic_verified": true,
      "n": 19,
      "order": "rho-ic",
      "rep": 1,
      "rho_expected_steps": 73.55177690733967,
      "rho_iterations": 41,
      "rho_ns": 199523,
      "rho_verified": true,
      "rho_walk_additions": 40,
      "s_ic": 2.1146398211707274,
      "s_rho": 2.4795188491374414,
      "subgroup_order": "130873",
      "target_index": 1,
      "target_seed": 1374605314
    },
    {
      "a": 0,
      "alpha": 0.8528428093645485,
      "cell": "n19a0",
      "g_ic": 765,
      "g_rho": 897,
      "gate": true,
      "ic": {
        "collection_lookups": 19392,
        "collection_trials": 64,
        "descent_lookups": 304,
        "descent_trials": 1,
        "factor_base_size": 304,
        "folded_rows": 1,
        "orbits": 8,
        "pair_table_additions": 304,
        "pair_table_entries": 304,
        "recipe_floor": 114,
        "relations": 64,
        "window": 303
      },
      "ic_ns": 3376135,
      "ic_verified": true,
      "n": 19,
      "order": "ic-rho",
      "rep": 2,
      "rho_expected_steps": 73.55177690733967,
      "rho_iterations": 41,
      "rho_ns": 215704,
      "rho_verified": true,
      "rho_walk_additions": 40,
      "s_ic": 2.1146398211707274,
      "s_rho": 2.4795188491374414,
      "subgroup_order": "130873",
      "target_index": 1,
      "target_seed": 1374605314
    },
    {
      "a": 0,
      "alpha": 0.8471760797342193,
      "cell": "n19a0",
      "g_ic": 765,
      "g_rho": 903,
      "gate": true,
      "ic": {
        "collection_lookups": 19392,
        "collection_trials": 64,
        "descent_lookups": 304,
        "descent_trials": 1,
        "factor_base_size": 304,
        "folded_rows": 1,
        "orbits": 8,
        "pair_table_additions": 304,
        "pair_table_entries": 304,
        "recipe_floor": 114,
        "relations": 64,
        "window": 303
      },
      "ic_ns": 3403388,
      "ic_verified": true,
      "n": 19,
      "order": "rho-ic",
      "rep": 0,
      "rho_expected_steps": 73.55177690733967,
      "rho_iterations": 47,
      "rho_ns": 213874,
      "rho_verified": true,
      "rho_walk_additions": 46,
      "s_ic": 2.1146398211707274,
      "s_rho": 2.496104259499565,
      "subgroup_order": "130873",
      "target_index": 2,
      "target_seed": 1374605315
    },
    {
      "a": 0,
      "alpha": 0.8471760797342193,
      "cell": "n19a0",
      "g_ic": 765,
      "g_rho": 903,
      "gate": true,
      "ic": {
        "collection_lookups": 19392,
        "collection_trials": 64,
        "descent_lookups": 304,
        "descent_trials": 1,
        "factor_base_size": 304,
        "folded_rows": 1,
        "orbits": 8,
        "pair_table_additions": 304,
        "pair_table_entries": 304,
        "recipe_floor": 114,
        "relations": 64,
        "window": 303
      },
      "ic_ns": 3371439,
      "ic_verified": true,
      "n": 19,
      "order": "ic-rho",
      "rep": 1,
      "rho_expected_steps": 73.55177690733967,
      "rho_iterations": 47,
      "rho_ns": 221242,
      "rho_verified": true,
      "rho_walk_additions": 46,
      "s_ic": 2.1146398211707274,
      "s_rho": 2.496104259499565,
      "subgroup_order": "130873",
      "target_index": 2,
      "target_seed": 1374605315
    },
    {
      "a": 0,
      "alpha": 0.8471760797342193,
      "cell": "n19a0",
      "g_ic": 765,
      "g_rho": 903,
      "gate": true,
      "ic": {
        "collection_lookups": 19392,
        "collection_trials": 64,
        "descent_lookups": 304,
        "descent_trials": 1,
        "factor_base_size": 304,
        "folded_rows": 1,
        "orbits": 8,
        "pair_table_additions": 304,
        "pair_table_entries": 304,
        "recipe_floor": 114,
        "relations": 64,
        "window": 303
      },
      "ic_ns": 3371368,
      "ic_verified": true,
      "n": 19,
      "order": "rho-ic",
      "rep": 2,
      "rho_expected_steps": 73.55177690733967,
      "rho_iterations": 47,
      "rho_ns": 222350,
      "rho_verified": true,
      "rho_walk_additions": 46,
      "s_ic": 2.1146398211707274,
      "s_rho": 2.496104259499565,
      "subgroup_order": "130873",
      "target_index": 2,
      "target_seed": 1374605315
    },
    {
      "a": 1,
      "alpha": 0.798582995951417,
      "cell": "n19a1",
      "g_ic": 789,
      "g_rho": 988,
      "gate": true,
      "ic": {
        "collection_lookups": 19392,
        "collection_trials": 64,
        "descent_lookups": 304,
        "descent_trials": 1,
        "factor_base_size": 304,
        "folded_rows": 1,
        "orbits": 8,
        "pair_table_additions": 304,
        "pair_table_entries": 304,
        "recipe_floor": 114,
        "relations": 63,
        "window": 303
      },
      "ic_ns": 3339043,
      "ic_verified": true,
      "n": 19,
      "order": "ic-rho",
      "rep": 0,
      "rho_expected_steps": 104.17616406151353,
      "rho_iterations": 27,
      "rho_ns": 223327,
      "rho_verified": true,
      "rho_walk_additions": 26,
      "s_ic": 1.5398441997047527,
      "s_rho": 1.9282206201626053,
      "subgroup_order": "262543",
      "target_index": 0,
      "target_seed": 1374605313
    },
    {
      "a": 1,
      "alpha": 0.798582995951417,
      "cell": "n19a1",
      "g_ic": 789,
      "g_rho": 988,
      "gate": true,
      "ic": {
        "collection_lookups": 19392,
        "collection_trials": 64,
        "descent_lookups": 304,
        "descent_trials": 1,
        "factor_base_size": 304,
        "folded_rows": 1,
        "orbits": 8,
        "pair_table_additions": 304,
        "pair_table_entries": 304,
        "recipe_floor": 114,
        "relations": 63,
        "window": 303
      },
      "ic_ns": 3326489,
      "ic_verified": true,
      "n": 19,
      "order": "rho-ic",
      "rep": 1,
      "rho_expected_steps": 104.17616406151353,
      "rho_iterations": 27,
      "rho_ns": 225344,
      "rho_verified": true,
      "rho_walk_additions": 26,
      "s_ic": 1.5398441997047527,
      "s_rho": 1.9282206201626053,
      "subgroup_order": "262543",
      "target_index": 0,
      "target_seed": 1374605313
    },
    {
      "a": 1,
      "alpha": 0.798582995951417,
      "cell": "n19a1",
      "g_ic": 789,
      "g_rho": 988,
      "gate": true,
      "ic": {
        "collection_lookups": 19392,
        "collection_trials": 64,
        "descent_lookups": 304,
        "descent_trials": 1,
        "factor_base_size": 304,
        "folded_rows": 1,
        "orbits": 8,
        "pair_table_additions": 304,
        "pair_table_entries": 304,
        "recipe_floor": 114,
        "relations": 63,
        "window": 303
      },
      "ic_ns": 3373567,
      "ic_verified": true,
      "n": 19,
      "order": "ic-rho",
      "rep": 2,
      "rho_expected_steps": 104.17616406151353,
      "rho_iterations": 27,
      "rho_ns": 235415,
      "rho_verified": true,
      "rho_walk_additions": 26,
      "s_ic": 1.5398441997047527,
      "s_rho": 1.9282206201626053,
      "subgroup_order": "262543",
      "target_index": 0,
      "target_seed": 1374605313
    },
    {
      "a": 1,
      "alpha": 0.713381555153707,
      "cell": "n19a1",
      "g_ic": 789,
      "g_rho": 1106,
      "gate": true,
      "ic": {
        "collection_lookups": 19392,
        "collection_trials": 64,
        "descent_lookups": 304,
        "descent_trials": 1,
        "factor_base_size": 304,
        "folded_rows": 1,
        "orbits": 8,
        "pair_table_additions": 304,
        "pair_table_entries": 304,
        "recipe_floor": 114,
        "relations": 63,
        "window": 303
      },
      "ic_ns": 3328268,
      "ic_verified": true,
      "n": 19,
      "order": "rho-ic",
      "rep": 0,
      "rho_expected_steps": 104.17616406151353,
      "rho_iterations": 145,
      "rho_ns": 267524,
      "rho_verified": true,
      "rho_walk_additions": 144,
      "s_ic": 1.5398441997047527,
      "s_rho": 2.1585141760119853,
      "subgroup_order": "262543",
      "target_index": 1,
      "target_seed": 1374605314
    },
    {
      "a": 1,
      "alpha": 0.713381555153707,
      "cell": "n19a1",
      "g_ic": 789,
      "g_rho": 1106,
      "gate": true,
      "ic": {
        "collection_lookups": 19392,
        "collection_trials": 64,
        "descent_lookups": 304,
        "descent_trials": 1,
        "factor_base_size": 304,
        "folded_rows": 1,
        "orbits": 8,
        "pair_table_additions": 304,
        "pair_table_entries": 304,
        "recipe_floor": 114,
        "relations": 63,
        "window": 303
      },
      "ic_ns": 3348208,
      "ic_verified": true,
      "n": 19,
      "order": "ic-rho",
      "rep": 1,
      "rho_expected_steps": 104.17616406151353,
      "rho_iterations": 145,
      "rho_ns": 272249,
      "rho_verified": true,
      "rho_walk_additions": 144,
      "s_ic": 1.5398441997047527,
      "s_rho": 2.1585141760119853,
      "subgroup_order": "262543",
      "target_index": 1,
      "target_seed": 1374605314
    },
    {
      "a": 1,
      "alpha": 0.713381555153707,
      "cell": "n19a1",
      "g_ic": 789,
      "g_rho": 1106,
      "gate": true,
      "ic": {
        "collection_lookups": 19392,
        "collection_trials": 64,
        "descent_lookups": 304,
        "descent_trials": 1,
        "factor_base_size": 304,
        "folded_rows": 1,
        "orbits": 8,
        "pair_table_additions": 304,
        "pair_table_entries": 304,
        "recipe_floor": 114,
        "relations": 63,
        "window": 303
      },
      "ic_ns": 3346052,
      "ic_verified": true,
      "n": 19,
      "order": "rho-ic",
      "rep": 2,
      "rho_expected_steps": 104.17616406151353,
      "rho_iterations": 145,
      "rho_ns": 267195,
      "rho_verified": true,
      "rho_walk_additions": 144,
      "s_ic": 1.5398441997047527,
      "s_rho": 2.1585141760119853,
      "subgroup_order": "262543",
      "target_index": 1,
      "target_seed": 1374605314
    },
    {
      "a": 1,
      "alpha": 0.7712609970674487,
      "cell": "n19a1",
      "g_ic": 789,
      "g_rho": 1023,
      "gate": true,
      "ic": {
        "collection_lookups": 19392,
        "collection_trials": 64,
        "descent_lookups": 304,
        "descent_trials": 1,
        "factor_base_size": 304,
        "folded_rows": 1,
        "orbits": 8,
        "pair_table_additions": 304,
        "pair_table_entries": 304,
        "recipe_floor": 114,
        "relations": 63,
        "window": 303
      },
      "ic_ns": 3318525,
      "ic_verified": true,
      "n": 19,
      "order": "ic-rho",
      "rep": 0,
      "rho_expected_steps": 104.17616406151353,
      "rho_iterations": 62,
      "rho_ns": 242808,
      "rho_verified": true,
      "rho_walk_additions": 61,
      "s_ic": 1.5398441997047527,
      "s_rho": 1.9965280307958961,
      "subgroup_order": "262543",
      "target_index": 2,
      "target_seed": 1374605315
    },
    {
      "a": 1,
      "alpha": 0.7712609970674487,
      "cell": "n19a1",
      "g_ic": 789,
      "g_rho": 1023,
      "gate": true,
      "ic": {
        "collection_lookups": 19392,
        "collection_trials": 64,
        "descent_lookups": 304,
        "descent_trials": 1,
        "factor_base_size": 304,
        "folded_rows": 1,
        "orbits": 8,
        "pair_table_additions": 304,
        "pair_table_entries": 304,
        "recipe_floor": 114,
        "relations": 63,
        "window": 303
      },
      "ic_ns": 3334476,
      "ic_verified": true,
      "n": 19,
      "order": "rho-ic",
      "rep": 1,
      "rho_expected_steps": 104.17616406151353,
      "rho_iterations": 62,
      "rho_ns": 232000,
      "rho_verified": true,
      "rho_walk_additions": 61,
      "s_ic": 1.5398441997047527,
      "s_rho": 1.9965280307958961,
      "subgroup_order": "262543",
      "target_index": 2,
      "target_seed": 1374605315
    },
    {
      "a": 1,
      "alpha": 0.7712609970674487,
      "cell": "n19a1",
      "g_ic": 789,
      "g_rho": 1023,
      "gate": true,
      "ic": {
        "collection_lookups": 19392,
        "collection_trials": 64,
        "descent_lookups": 304,
        "descent_trials": 1,
        "factor_base_size": 304,
        "folded_rows": 1,
        "orbits": 8,
        "pair_table_additions": 304,
        "pair_table_entries": 304,
        "recipe_floor": 114,
        "relations": 63,
        "window": 303
      },
      "ic_ns": 3350856,
      "ic_verified": true,
      "n": 19,
      "order": "ic-rho",
      "rep": 2,
      "rho_expected_steps": 104.17616406151353,
      "rho_iterations": 62,
      "rho_ns": 250634,
      "rho_verified": true,
      "rho_walk_additions": 61,
      "s_ic": 1.5398441997047527,
      "s_rho": 1.9965280307958961,
      "subgroup_order": "262543",
      "target_index": 2,
      "target_seed": 1374605315
    },
    {
      "a": 0,
      "alpha": 0.9249592169657422,
      "cell": "n31a0",
      "g_ic": 1134,
      "g_rho": 1226,
      "gate": true,
      "ic": {
        "collection_lookups": 31680,
        "collection_trials": 64,
        "descent_lookups": 496,
        "descent_trials": 1,
        "factor_base_size": 496,
        "folded_rows": 1,
        "orbits": 8,
        "pair_table_additions": 496,
        "pair_table_entries": 496,
        "recipe_floor": 186,
        "relations": 64,
        "window": 495
      },
      "ic_ns": 6831348,
      "ic_verified": true,
      "n": 31,
      "order": "rho-ic",
      "rep": 0,
      "rho_expected_steps": 190.9650042764248,
      "rho_iterations": 99,
      "rho_ns": 468526,
      "rho_verified": true,
      "rho_walk_additions": 98,
      "s_ic": 0.9451992348644853,
      "s_rho": 1.0218820652062248,
      "subgroup_order": "1439393",
      "target_index": 0,
      "target_seed": 1374605313
    },
    {
      "a": 0,
      "alpha": 0.9249592169657422,
      "cell": "n31a0",
      "g_ic": 1134,
      "g_rho": 1226,
      "gate": true,
      "ic": {
        "collection_lookups": 31680,
        "collection_trials": 64,
        "descent_lookups": 496,
        "descent_trials": 1,
        "factor_base_size": 496,
        "folded_rows": 1,
        "orbits": 8,
        "pair_table_additions": 496,
        "pair_table_entries": 496,
        "recipe_floor": 186,
        "relations": 64,
        "window": 495
      },
      "ic_ns": 6898423,
      "ic_verified": true,
      "n": 31,
      "order": "ic-rho",
      "rep": 1,
      "rho_expected_steps": 190.9650042764248,
      "rho_iterations": 99,
      "rho_ns": 483620,
      "rho_verified": true,
      "rho_walk_additions": 98,
      "s_ic": 0.9451992348644853,
      "s_rho": 1.0218820652062248,
      "subgroup_order": "1439393",
      "target_index": 0,
      "target_seed": 1374605313
    },
    {
      "a": 0,
      "alpha": 0.9249592169657422,
      "cell": "n31a0",
      "g_ic": 1134,
      "g_rho": 1226,
      "gate": true,
      "ic": {
        "collection_lookups": 31680,
        "collection_trials": 64,
        "descent_lookups": 496,
        "descent_trials": 1,
        "factor_base_size": 496,
        "folded_rows": 1,
        "orbits": 8,
        "pair_table_additions": 496,
        "pair_table_entries": 496,
        "recipe_floor": 186,
        "relations": 64,
        "window": 495
      },
      "ic_ns": 6957073,
      "ic_verified": true,
      "n": 31,
      "order": "rho-ic",
      "rep": 2,
      "rho_expected_steps": 190.9650042764248,
      "rho_iterations": 99,
      "rho_ns": 465517,
      "rho_verified": true,
      "rho_walk_additions": 98,
      "s_ic": 0.9451992348644853,
      "s_rho": 1.0218820652062248,
      "subgroup_order": "1439393",
      "target_index": 0,
      "target_seed": 1374605313
    },
    {
      "a": 0,
      "alpha": 0.9742268041237113,
      "cell": "n31a0",
      "g_ic": 1134,
      "g_rho": 1164,
      "gate": true,
      "ic": {
        "collection_lookups": 31680,
        "collection_trials": 64,
        "descent_lookups": 496,
        "descent_trials": 1,
        "factor_base_size": 496,
        "folded_rows": 1,
        "orbits": 8,
        "pair_table_additions": 496,
        "pair_table_entries": 496,
        "recipe_floor": 186,
        "relations": 64,
        "window": 495
      },
      "ic_ns": 6786263,
      "ic_verified": true,
      "n": 31,
      "order": "ic-rho",
      "rep": 0,
      "rho_expected_steps": 190.9650042764248,
      "rho_iterations": 37,
      "rho_ns": 417004,
      "rho_verified": true,
      "rho_walk_additions": 36,
      "s_ic": 0.9451992348644853,
      "s_rho": 0.970204505628096,
      "subgroup_order": "1439393",
      "target_index": 1,
      "target_seed": 1374605314
    },
    {
      "a": 0,
      "alpha": 0.9742268041237113,
      "cell": "n31a0",
      "g_ic": 1134,
      "g_rho": 1164,
      "gate": true,
      "ic": {
        "collection_lookups": 31680,
        "collection_trials": 64,
        "descent_lookups": 496,
        "descent_trials": 1,
        "factor_base_size": 496,
        "folded_rows": 1,
        "orbits": 8,
        "pair_table_additions": 496,
        "pair_table_entries": 496,
        "recipe_floor": 186,
        "relations": 64,
        "window": 495
      },
      "ic_ns": 6932608,
      "ic_verified": true,
      "n": 31,
      "order": "rho-ic",
      "rep": 1,
      "rho_expected_steps": 190.9650042764248,
      "rho_iterations": 37,
      "rho_ns": 397294,
      "rho_verified": true,
      "rho_walk_additions": 36,
      "s_ic": 0.9451992348644853,
      "s_rho": 0.970204505628096,
      "subgroup_order": "1439393",
      "target_index": 1,
      "target_seed": 1374605314
    },
    {
      "a": 0,
      "alpha": 0.9742268041237113,
      "cell": "n31a0",
      "g_ic": 1134,
      "g_rho": 1164,
      "gate": true,
      "ic": {
        "collection_lookups": 31680,
        "collection_trials": 64,
        "descent_lookups": 496,
        "descent_trials": 1,
        "factor_base_size": 496,
        "folded_rows": 1,
        "orbits": 8,
        "pair_table_additions": 496,
        "pair_table_entries": 496,
        "recipe_floor": 186,
        "relations": 64,
        "window": 495
      },
      "ic_ns": 6821211,
      "ic_verified": true,
      "n": 31,
      "order": "ic-rho",
      "rep": 2,
      "rho_expected_steps": 190.9650042764248,
      "rho_iterations": 37,
      "rho_ns": 430764,
      "rho_verified": true,
      "rho_walk_additions": 36,
      "s_ic": 0.9451992348644853,
      "s_rho": 0.970204505628096,
      "subgroup_order": "1439393",
      "target_index": 1,
      "target_seed": 1374605314
    },
    {
      "a": 0,
      "alpha": 0.8716372021521906,
      "cell": "n31a0",
      "g_ic": 1134,
      "g_rho": 1301,
      "gate": true,
      "ic": {
        "collection_lookups": 31680,
        "collection_trials": 64,
        "descent_lookups": 496,
        "descent_trials": 1,
        "factor_base_size": 496,
        "folded_rows": 1,
        "orbits": 8,
        "pair_table_additions": 496,
        "pair_table_entries": 496,
        "recipe_floor": 186,
        "relations": 64,
        "window": 495
      },
      "ic_ns": 6820311,
      "ic_verified": true,
      "n": 31,
      "order": "rho-ic",
      "rep": 0,
      "rho_expected_steps": 190.9650042764248,
      "rho_iterations": 172,
      "rho_ns": 501205,
      "rho_verified": true,
      "rho_walk_additions": 173,
      "s_ic": 0.9451992348644853,
      "s_rho": 1.0843952421152516,
      "subgroup_order": "1439393",
      "target_index": 2,
      "target_seed": 1374605315
    },
    {
      "a": 0,
      "alpha": 0.8716372021521906,
      "cell": "n31a0",
      "g_ic": 1134,
      "g_rho": 1301,
      "gate": true,
      "ic": {
        "collection_lookups": 31680,
        "collection_trials": 64,
        "descent_lookups": 496,
        "descent_trials": 1,
        "factor_base_size": 496,
        "folded_rows": 1,
        "orbits": 8,
        "pair_table_additions": 496,
        "pair_table_entries": 496,
        "recipe_floor": 186,
        "relations": 64,
        "window": 495
      },
      "ic_ns": 6885347,
      "ic_verified": true,
      "n": 31,
      "order": "ic-rho",
      "rep": 1,
      "rho_expected_steps": 190.9650042764248,
      "rho_iterations": 172,
      "rho_ns": 527265,
      "rho_verified": true,
      "rho_walk_additions": 173,
      "s_ic": 0.9451992348644853,
      "s_rho": 1.0843952421152516,
      "subgroup_order": "1439393",
      "target_index": 2,
      "target_seed": 1374605315
    },
    {
      "a": 0,
      "alpha": 0.8716372021521906,
      "cell": "n31a0",
      "g_ic": 1134,
      "g_rho": 1301,
      "gate": true,
      "ic": {
        "collection_lookups": 31680,
        "collection_trials": 64,
        "descent_lookups": 496,
        "descent_trials": 1,
        "factor_base_size": 496,
        "folded_rows": 1,
        "orbits": 8,
        "pair_table_additions": 496,
        "pair_table_entries": 496,
        "recipe_floor": 186,
        "relations": 64,
        "window": 495
      },
      "ic_ns": 6941272,
      "ic_verified": true,
      "n": 31,
      "order": "rho-ic",
      "rep": 2,
      "rho_expected_steps": 190.9650042764248,
      "rho_iterations": 172,
      "rho_ns": 500824,
      "rho_verified": true,
      "rho_walk_additions": 173,
      "s_ic": 0.9451992348644853,
      "s_rho": 1.0843952421152516,
      "subgroup_order": "1439393",
      "target_index": 2,
      "target_seed": 1374605315
    },
    {
      "a": 0,
      "alpha": 0.7431137724550898,
      "cell": "n23a0",
      "g_ic": 1241,
      "g_rho": 1670,
      "gate": true,
      "ic": {
        "collection_lookups": 23488,
        "collection_trials": 64,
        "descent_lookups": 368,
        "descent_trials": 1,
        "factor_base_size": 368,
        "folded_rows": 2,
        "orbits": 8,
        "pair_table_additions": 690,
        "pair_table_entries": 690,
        "recipe_floor": 138,
        "relations": 59,
        "window": 367
      },
      "ic_ns": 4109236,
      "ic_verified": true,
      "n": 23,
      "order": "rho-ic",
      "rep": 0,
      "rho_expected_steps": 267.5231885074176,
      "rho_iterations": 424,
      "rho_ns": 519904,
      "rho_verified": true,
      "rho_walk_additions": 420,
      "s_ic": 0.8572181783183288,
      "s_rho": 1.153549039316365,
      "subgroup_order": "2095853",
      "target_index": 0,
      "target_seed": 1374605313
    },
    {
      "a": 0,
      "alpha": 0.7431137724550898,
      "cell": "n23a0",
      "g_ic": 1241,
      "g_rho": 1670,
      "gate": true,
      "ic": {
        "collection_lookups": 23488,
        "collection_trials": 64,
        "descent_lookups": 368,
        "descent_trials": 1,
        "factor_base_size": 368,
        "folded_rows": 2,
        "orbits": 8,
        "pair_table_additions": 690,
        "pair_table_entries": 690,
        "recipe_floor": 138,
        "relations": 59,
        "window": 367
      },
      "ic_ns": 4081802,
      "ic_verified": true,
      "n": 23,
      "order": "ic-rho",
      "rep": 1,
      "rho_expected_steps": 267.5231885074176,
      "rho_iterations": 424,
      "rho_ns": 529578,
      "rho_verified": true,
      "rho_walk_additions": 420,
      "s_ic": 0.8572181783183288,
      "s_rho": 1.153549039316365,
      "subgroup_order": "2095853",
      "target_index": 0,
      "target_seed": 1374605313
    },
    {
      "a": 0,
      "alpha": 0.7431137724550898,
      "cell": "n23a0",
      "g_ic": 1241,
      "g_rho": 1670,
      "gate": true,
      "ic": {
        "collection_lookups": 23488,
        "collection_trials": 64,
        "descent_lookups": 368,
        "descent_trials": 1,
        "factor_base_size": 368,
        "folded_rows": 2,
        "orbits": 8,
        "pair_table_additions": 690,
        "pair_table_entries": 690,
        "recipe_floor": 138,
        "relations": 59,
        "window": 367
      },
      "ic_ns": 4068642,
      "ic_verified": true,
      "n": 23,
      "order": "rho-ic",
      "rep": 2,
      "rho_expected_steps": 267.5231885074176,
      "rho_iterations": 424,
      "rho_ns": 507037,
      "rho_verified": true,
      "rho_walk_additions": 420,
      "s_ic": 0.8572181783183288,
      "s_rho": 1.153549039316365,
      "subgroup_order": "2095853",
      "target_index": 0,
      "target_seed": 1374605313
    },
    {
      "a": 0,
      "alpha": 0.8027166882276844,
      "cell": "n23a0",
      "g_ic": 1241,
      "g_rho": 1546,
      "gate": true,
      "ic": {
        "collection_lookups": 23488,
        "collection_trials": 64,
        "descent_lookups": 368,
        "descent_trials": 1,
        "factor_base_size": 368,
        "folded_rows": 2,
        "orbits": 8,
        "pair_table_additions": 690,
        "pair_table_entries": 690,
        "recipe_floor": 138,
        "relations": 59,
        "window": 367
      },
      "ic_ns": 4081247,
      "ic_verified": true,
      "n": 23,
      "order": "ic-rho",
      "rep": 0,
      "rho_expected_steps": 267.5231885074176,
      "rho_iterations": 300,
      "rho_ns": 466161,
      "rho_verified": true,
      "rho_walk_additions": 296,
      "s_ic": 0.8572181783183288,
      "s_rho": 1.0678962962773055,
      "subgroup_order": "2095853",
      "target_index": 1,
      "target_seed": 1374605314
    },
    {
      "a": 0,
      "alpha": 0.8027166882276844,
      "cell": "n23a0",
      "g_ic": 1241,
      "g_rho": 1546,
      "gate": true,
      "ic": {
        "collection_lookups": 23488,
        "collection_trials": 64,
        "descent_lookups": 368,
        "descent_trials": 1,
        "factor_base_size": 368,
        "folded_rows": 2,
        "orbits": 8,
        "pair_table_additions": 690,
        "pair_table_entries": 690,
        "recipe_floor": 138,
        "relations": 59,
        "window": 367
      },
      "ic_ns": 4089905,
      "ic_verified": true,
      "n": 23,
      "order": "rho-ic",
      "rep": 1,
      "rho_expected_steps": 267.5231885074176,
      "rho_iterations": 300,
      "rho_ns": 442294,
      "rho_verified": true,
      "rho_walk_additions": 296,
      "s_ic": 0.8572181783183288,
      "s_rho": 1.0678962962773055,
      "subgroup_order": "2095853",
      "target_index": 1,
      "target_seed": 1374605314
    },
    {
      "a": 0,
      "alpha": 0.8027166882276844,
      "cell": "n23a0",
      "g_ic": 1241,
      "g_rho": 1546,
      "gate": true,
      "ic": {
        "collection_lookups": 23488,
        "collection_trials": 64,
        "descent_lookups": 368,
        "descent_trials": 1,
        "factor_base_size": 368,
        "folded_rows": 2,
        "orbits": 8,
        "pair_table_additions": 690,
        "pair_table_entries": 690,
        "recipe_floor": 138,
        "relations": 59,
        "window": 367
      },
      "ic_ns": 4103306,
      "ic_verified": true,
      "n": 23,
      "order": "ic-rho",
      "rep": 2,
      "rho_expected_steps": 267.5231885074176,
      "rho_iterations": 300,
      "rho_ns": 457022,
      "rho_verified": true,
      "rho_walk_additions": 296,
      "s_ic": 0.8572181783183288,
      "s_rho": 1.0678962962773055,
      "subgroup_order": "2095853",
      "target_index": 1,
      "target_seed": 1374605314
    },
    {
      "a": 0,
      "alpha": 0.8419267299864315,
      "cell": "n23a0",
      "g_ic": 1241,
      "g_rho": 1474,
      "gate": true,
      "ic": {
        "collection_lookups": 23488,
        "collection_trials": 64,
        "descent_lookups": 368,
        "descent_trials": 1,
        "factor_base_size": 368,
        "folded_rows": 2,
        "orbits": 8,
        "pair_table_additions": 690,
        "pair_table_entries": 690,
        "recipe_floor": 138,
        "relations": 59,
        "window": 367
      },
      "ic_ns": 4096153,
      "ic_verified": true,
      "n": 23,
      "order": "rho-ic",
      "rep": 0,
      "rho_expected_steps": 267.5231885074176,
      "rho_iterations": 227,
      "rho_ns": 426323,
      "rho_verified": true,
      "rho_walk_additions": 224,
      "s_ic": 0.8572181783183288,
      "s_rho": 1.0181624454804323,
      "subgroup_order": "2095853",
      "target_index": 2,
      "target_seed": 1374605315
    },
    {
      "a": 0,
      "alpha": 0.8419267299864315,
      "cell": "n23a0",
      "g_ic": 1241,
      "g_rho": 1474,
      "gate": true,
      "ic": {
        "collection_lookups": 23488,
        "collection_trials": 64,
        "descent_lookups": 368,
        "descent_trials": 1,
        "factor_base_size": 368,
        "folded_rows": 2,
        "orbits": 8,
        "pair_table_additions": 690,
        "pair_table_entries": 690,
        "recipe_floor": 138,
        "relations": 59,
        "window": 367
      },
      "ic_ns": 4100527,
      "ic_verified": true,
      "n": 23,
      "order": "ic-rho",
      "rep": 1,
      "rho_expected_steps": 267.5231885074176,
      "rho_iterations": 227,
      "rho_ns": 429554,
      "rho_verified": true,
      "rho_walk_additions": 224,
      "s_ic": 0.8572181783183288,
      "s_rho": 1.0181624454804323,
      "subgroup_order": "2095853",
      "target_index": 2,
      "target_seed": 1374605315
    },
    {
      "a": 0,
      "alpha": 0.8419267299864315,
      "cell": "n23a0",
      "g_ic": 1241,
      "g_rho": 1474,
      "gate": true,
      "ic": {
        "collection_lookups": 23488,
        "collection_trials": 64,
        "descent_lookups": 368,
        "descent_trials": 1,
        "factor_base_size": 368,
        "folded_rows": 2,
        "orbits": 8,
        "pair_table_additions": 690,
        "pair_table_entries": 690,
        "recipe_floor": 138,
        "relations": 59,
        "window": 367
      },
      "ic_ns": 4138928,
      "ic_verified": true,
      "n": 23,
      "order": "rho-ic",
      "rep": 2,
      "rho_expected_steps": 267.5231885074176,
      "rho_iterations": 227,
      "rho_ns": 430050,
      "rho_verified": true,
      "rho_walk_additions": 224,
      "s_ic": 0.8572181783183288,
      "s_rho": 1.0181624454804323,
      "subgroup_order": "2095853",
      "target_index": 2,
      "target_seed": 1374605315
    },
    {
      "a": 0,
      "alpha": 0.8060355945318545,
      "cell": "n39a0",
      "g_ic": 3125,
      "g_rho": 3877,
      "gate": true,
      "ic": {
        "collection_lookups": 39872,
        "collection_trials": 64,
        "descent_lookups": 1248,
        "descent_trials": 2,
        "factor_base_size": 624,
        "folded_rows": 5,
        "orbits": 8,
        "pair_table_additions": 2340,
        "pair_table_entries": 2340,
        "recipe_floor": 234,
        "relations": 27,
        "window": 623
      },
      "ic_ns": 9844232,
      "ic_verified": true,
      "n": 39,
      "order": "rho-ic",
      "rep": 0,
      "rho_expected_steps": 1175.5104578143507,
      "rho_iterations": 1161,
      "rho_ns": 2008895,
      "rho_verified": true,
      "rho_walk_additions": 1152,
      "s_ic": 0.3772560052575067,
      "s_rho": 0.46803889036267304,
      "subgroup_order": "68616367",
      "target_index": 0,
      "target_seed": 1374605313
    },
    {
      "a": 0,
      "alpha": 0.8060355945318545,
      "cell": "n39a0",
      "g_ic": 3125,
      "g_rho": 3877,
      "gate": true,
      "ic": {
        "collection_lookups": 39872,
        "collection_trials": 64,
        "descent_lookups": 1248,
        "descent_trials": 2,
        "factor_base_size": 624,
        "folded_rows": 5,
        "orbits": 8,
        "pair_table_additions": 2340,
        "pair_table_entries": 2340,
        "recipe_floor": 234,
        "relations": 27,
        "window": 623
      },
      "ic_ns": 9777133,
      "ic_verified": true,
      "n": 39,
      "order": "ic-rho",
      "rep": 1,
      "rho_expected_steps": 1175.5104578143507,
      "rho_iterations": 1161,
      "rho_ns": 2012480,
      "rho_verified": true,
      "rho_walk_additions": 1152,
      "s_ic": 0.3772560052575067,
      "s_rho": 0.46803889036267304,
      "subgroup_order": "68616367",
      "target_index": 0,
      "target_seed": 1374605313
    },
    {
      "a": 0,
      "alpha": 0.8060355945318545,
      "cell": "n39a0",
      "g_ic": 3125,
      "g_rho": 3877,
      "gate": true,
      "ic": {
        "collection_lookups": 39872,
        "collection_trials": 64,
        "descent_lookups": 1248,
        "descent_trials": 2,
        "factor_base_size": 624,
        "folded_rows": 5,
        "orbits": 8,
        "pair_table_additions": 2340,
        "pair_table_entries": 2340,
        "recipe_floor": 234,
        "relations": 27,
        "window": 623
      },
      "ic_ns": 9850250,
      "ic_verified": true,
      "n": 39,
      "order": "rho-ic",
      "rep": 2,
      "rho_expected_steps": 1175.5104578143507,
      "rho_iterations": 1161,
      "rho_ns": 2003973,
      "rho_verified": true,
      "rho_walk_additions": 1152,
      "s_ic": 0.3772560052575067,
      "s_rho": 0.46803889036267304,
      "subgroup_order": "68616367",
      "target_index": 0,
      "target_seed": 1374605313
    },
    {
      "a": 0,
      "alpha": 0.6793478260869565,
      "cell": "n39a0",
      "g_ic": 3125,
      "g_rho": 4600,
      "gate": true,
      "ic": {
        "collection_lookups": 39872,
        "collection_trials": 64,
        "descent_lookups": 1872,
        "descent_trials": 3,
        "factor_base_size": 624,
        "folded_rows": 5,
        "orbits": 8,
        "pair_table_additions": 2340,
        "pair_table_entries": 2340,
        "recipe_floor": 234,
        "relations": 27,
        "window": 623
      },
      "ic_ns": 9862171,
      "ic_verified": true,
      "n": 39,
      "order": "ic-rho",
      "rep": 0,
      "rho_expected_steps": 1175.5104578143507,
      "rho_iterations": 1887,
      "rho_ns": 2507957,
      "rho_verified": true,
      "rho_walk_additions": 1875,
      "s_ic": 0.3772560052575067,
      "s_rho": 0.5553208397390498,
      "subgroup_order": "68616367",
      "target_index": 1,
      "target_seed": 1374605314
    },
    {
      "a": 0,
      "alpha": 0.6793478260869565,
      "cell": "n39a0",
      "g_ic": 3125,
      "g_rho": 4600,
      "gate": true,
      "ic": {
        "collection_lookups": 39872,
        "collection_trials": 64,
        "descent_lookups": 1872,
        "descent_trials": 3,
        "factor_base_size": 624,
        "folded_rows": 5,
        "orbits": 8,
        "pair_table_additions": 2340,
        "pair_table_entries": 2340,
        "recipe_floor": 234,
        "relations": 27,
        "window": 623
      },
      "ic_ns": 9849822,
      "ic_verified": true,
      "n": 39,
      "order": "rho-ic",
      "rep": 1,
      "rho_expected_steps": 1175.5104578143507,
      "rho_iterations": 1887,
      "rho_ns": 2480957,
      "rho_verified": true,
      "rho_walk_additions": 1875,
      "s_ic": 0.3772560052575067,
      "s_rho": 0.5553208397390498,
      "subgroup_order": "68616367",
      "target_index": 1,
      "target_seed": 1374605314
    },
    {
      "a": 0,
      "alpha": 0.6793478260869565,
      "cell": "n39a0",
      "g_ic": 3125,
      "g_rho": 4600,
      "gate": true,
      "ic": {
        "collection_lookups": 39872,
        "collection_trials": 64,
        "descent_lookups": 1872,
        "descent_trials": 3,
        "factor_base_size": 624,
        "folded_rows": 5,
        "orbits": 8,
        "pair_table_additions": 2340,
        "pair_table_entries": 2340,
        "recipe_floor": 234,
        "relations": 27,
        "window": 623
      },
      "ic_ns": 9958577,
      "ic_verified": true,
      "n": 39,
      "order": "ic-rho",
      "rep": 2,
      "rho_expected_steps": 1175.5104578143507,
      "rho_iterations": 1887,
      "rho_ns": 2495397,
      "rho_verified": true,
      "rho_walk_additions": 1875,
      "s_ic": 0.3772560052575067,
      "s_rho": 0.5553208397390498,
      "subgroup_order": "68616367",
      "target_index": 1,
      "target_seed": 1374605314
    },
    {
      "a": 0,
      "alpha": 0.8931123178050872,
      "cell": "n39a0",
      "g_ic": 3125,
      "g_rho": 3499,
      "gate": true,
      "ic": {
        "collection_lookups": 39872,
        "collection_trials": 64,
        "descent_lookups": 1248,
        "descent_trials": 2,
        "factor_base_size": 624,
        "folded_rows": 5,
        "orbits": 8,
        "pair_table_additions": 2340,
        "pair_table_entries": 2340,
        "recipe_floor": 234,
        "relations": 27,
        "window": 623
      },
      "ic_ns": 9761319,
      "ic_verified": true,
      "n": 39,
      "order": "rho-ic",
      "rep": 0,
      "rho_expected_steps": 1175.5104578143507,
      "rho_iterations": 789,
      "rho_ns": 1719641,
      "rho_verified": true,
      "rho_walk_additions": 774,
      "s_ic": 0.3772560052575067,
      "s_rho": 0.42240600396672506,
      "subgroup_order": "68616367",
      "target_index": 2,
      "target_seed": 1374605315
    },
    {
      "a": 0,
      "alpha": 0.8931123178050872,
      "cell": "n39a0",
      "g_ic": 3125,
      "g_rho": 3499,
      "gate": true,
      "ic": {
        "collection_lookups": 39872,
        "collection_trials": 64,
        "descent_lookups": 1248,
        "descent_trials": 2,
        "factor_base_size": 624,
        "folded_rows": 5,
        "orbits": 8,
        "pair_table_additions": 2340,
        "pair_table_entries": 2340,
        "recipe_floor": 234,
        "relations": 27,
        "window": 623
      },
      "ic_ns": 9911060,
      "ic_verified": true,
      "n": 39,
      "order": "ic-rho",
      "rep": 1,
      "rho_expected_steps": 1175.5104578143507,
      "rho_iterations": 789,
      "rho_ns": 1752372,
      "rho_verified": true,
      "rho_walk_additions": 774,
      "s_ic": 0.3772560052575067,
      "s_rho": 0.42240600396672506,
      "subgroup_order": "68616367",
      "target_index": 2,
      "target_seed": 1374605315
    },
    {
      "a": 0,
      "alpha": 0.8931123178050872,
      "cell": "n39a0",
      "g_ic": 3125,
      "g_rho": 3499,
      "gate": true,
      "ic": {
        "collection_lookups": 39872,
        "collection_trials": 64,
        "descent_lookups": 1248,
        "descent_trials": 2,
        "factor_base_size": 624,
        "folded_rows": 5,
        "orbits": 8,
        "pair_table_additions": 2340,
        "pair_table_entries": 2340,
        "recipe_floor": 234,
        "relations": 27,
        "window": 623
      },
      "ic_ns": 9918234,
      "ic_verified": true,
      "n": 39,
      "order": "rho-ic",
      "rep": 2,
      "rho_expected_steps": 1175.5104578143507,
      "rho_iterations": 789,
      "rho_ns": 1740890,
      "rho_verified": true,
      "rho_walk_additions": 774,
      "s_ic": 0.3772560052575067,
      "s_rho": 0.42240600396672506,
      "subgroup_order": "68616367",
      "target_index": 2,
      "target_seed": 1374605315
    },
    {
      "a": 0,
      "alpha": 0.6241213466518682,
      "cell": "n37a0",
      "g_ic": 3374,
      "g_rho": 5406,
      "gate": true,
      "ic": {
        "collection_lookups": 37824,
        "collection_trials": 64,
        "descent_lookups": 10656,
        "descent_trials": 18,
        "factor_base_size": 592,
        "folded_rows": 7,
        "orbits": 8,
        "pair_table_additions": 2590,
        "pair_table_entries": 2590,
        "recipe_floor": 222,
        "relations": 10,
        "window": 591
      },
      "ic_ns": 8897273,
      "ic_verified": true,
      "n": 37,
      "order": "rho-ic",
      "rep": 0,
      "rho_expected_steps": 2212.4665447794946,
      "rho_iterations": 1485,
      "rho_ns": 2697864,
      "rho_verified": true,
      "rho_walk_additions": 1478,
      "s_ic": 0.22218382779733153,
      "s_rho": 0.35599459782820814,
      "subgroup_order": "230603167",
      "target_index": 0,
      "target_seed": 1374605313
    },
    {
      "a": 0,
      "alpha": 0.6241213466518682,
      "cell": "n37a0",
      "g_ic": 3374,
      "g_rho": 5406,
      "gate": true,
      "ic": {
        "collection_lookups": 37824,
        "collection_trials": 64,
        "descent_lookups": 10656,
        "descent_trials": 18,
        "factor_base_size": 592,
        "folded_rows": 7,
        "orbits": 8,
        "pair_table_additions": 2590,
        "pair_table_entries": 2590,
        "recipe_floor": 222,
        "relations": 10,
        "window": 591
      },
      "ic_ns": 8859116,
      "ic_verified": true,
      "n": 37,
      "order": "ic-rho",
      "rep": 1,
      "rho_expected_steps": 2212.4665447794946,
      "rho_iterations": 1485,
      "rho_ns": 2709061,
      "rho_verified": true,
      "rho_walk_additions": 1478,
      "s_ic": 0.22218382779733153,
      "s_rho": 0.35599459782820814,
      "subgroup_order": "230603167",
      "target_index": 0,
      "target_seed": 1374605313
    },
    {
      "a": 0,
      "alpha": 0.6241213466518682,
      "cell": "n37a0",
      "g_ic": 3374,
      "g_rho": 5406,
      "gate": true,
      "ic": {
        "collection_lookups": 37824,
        "collection_trials": 64,
        "descent_lookups": 10656,
        "descent_trials": 18,
        "factor_base_size": 592,
        "folded_rows": 7,
        "orbits": 8,
        "pair_table_additions": 2590,
        "pair_table_entries": 2590,
        "recipe_floor": 222,
        "relations": 10,
        "window": 591
      },
      "ic_ns": 8794778,
      "ic_verified": true,
      "n": 37,
      "order": "rho-ic",
      "rep": 2,
      "rho_expected_steps": 2212.4665447794946,
      "rho_iterations": 1485,
      "rho_ns": 2677865,
      "rho_verified": true,
      "rho_walk_additions": 1478,
      "s_ic": 0.22218382779733153,
      "s_rho": 0.35599459782820814,
      "subgroup_order": "230603167",
      "target_index": 0,
      "target_seed": 1374605313
    },
    {
      "a": 0,
      "alpha": 0.5046365539934191,
      "cell": "n37a0",
      "g_ic": 3374,
      "g_rho": 6686,
      "gate": true,
      "ic": {
        "collection_lookups": 37824,
        "collection_trials": 64,
        "descent_lookups": 3552,
        "descent_trials": 6,
        "factor_base_size": 592,
        "folded_rows": 7,
        "orbits": 8,
        "pair_table_additions": 2590,
        "pair_table_entries": 2590,
        "recipe_floor": 222,
        "relations": 10,
        "window": 591
      },
      "ic_ns": 8388320,
      "ic_verified": true,
      "n": 37,
      "order": "ic-rho",
      "rep": 0,
      "rho_expected_steps": 2212.4665447794946,
      "rho_iterations": 2754,
      "rho_ns": 3495684,
      "rho_verified": true,
      "rho_walk_additions": 2758,
      "s_ic": 0.22218382779733153,
      "s_rho": 0.44028484666655565,
      "subgroup_order": "230603167",
      "target_index": 1,
      "target_seed": 1374605314
    },
    {
      "a": 0,
      "alpha": 0.5046365539934191,
      "cell": "n37a0",
      "g_ic": 3374,
      "g_rho": 6686,
      "gate": true,
      "ic": {
        "collection_lookups": 37824,
        "collection_trials": 64,
        "descent_lookups": 3552,
        "descent_trials": 6,
        "factor_base_size": 592,
        "folded_rows": 7,
        "orbits": 8,
        "pair_table_additions": 2590,
        "pair_table_entries": 2590,
        "recipe_floor": 222,
        "relations": 10,
        "window": 591
      },
      "ic_ns": 8489143,
      "ic_verified": true,
      "n": 37,
      "order": "rho-ic",
      "rep": 1,
      "rho_expected_steps": 2212.4665447794946,
      "rho_iterations": 2754,
      "rho_ns": 3479951,
      "rho_verified": true,
      "rho_walk_additions": 2758,
      "s_ic": 0.22218382779733153,
      "s_rho": 0.44028484666655565,
      "subgroup_order": "230603167",
      "target_index": 1,
      "target_seed": 1374605314
    },
    {
      "a": 0,
      "alpha": 0.5046365539934191,
      "cell": "n37a0",
      "g_ic": 3374,
      "g_rho": 6686,
      "gate": true,
      "ic": {
        "collection_lookups": 37824,
        "collection_trials": 64,
        "descent_lookups": 3552,
        "descent_trials": 6,
        "factor_base_size": 592,
        "folded_rows": 7,
        "orbits": 8,
        "pair_table_additions": 2590,
        "pair_table_entries": 2590,
        "recipe_floor": 222,
        "relations": 10,
        "window": 591
      },
      "ic_ns": 8313413,
      "ic_verified": true,
      "n": 37,
      "order": "ic-rho",
      "rep": 2,
      "rho_expected_steps": 2212.4665447794946,
      "rho_iterations": 2754,
      "rho_ns": 3489061,
      "rho_verified": true,
      "rho_walk_additions": 2758,
      "s_ic": 0.22218382779733153,
      "s_rho": 0.44028484666655565,
      "subgroup_order": "230603167",
      "target_index": 1,
      "target_seed": 1374605314
    },
    {
      "a": 0,
      "alpha": 0.681340872374798,
      "cell": "n37a0",
      "g_ic": 3374,
      "g_rho": 4952,
      "gate": true,
      "ic": {
        "collection_lookups": 37824,
        "collection_trials": 64,
        "descent_lookups": 2960,
        "descent_trials": 5,
        "factor_base_size": 592,
        "folded_rows": 7,
        "orbits": 8,
        "pair_table_additions": 2590,
        "pair_table_entries": 2590,
        "recipe_floor": 222,
        "relations": 10,
        "window": 591
      },
      "ic_ns": 8324918,
      "ic_verified": true,
      "n": 37,
      "order": "rho-ic",
      "rep": 0,
      "rho_expected_steps": 2212.4665447794946,
      "rho_iterations": 1048,
      "rho_ns": 2398476,
      "rho_verified": true,
      "rho_walk_additions": 1024,
      "s_ic": 0.22218382779733153,
      "s_rho": 0.32609790019335677,
      "subgroup_order": "230603167",
      "target_index": 2,
      "target_seed": 1374605315
    },
    {
      "a": 0,
      "alpha": 0.681340872374798,
      "cell": "n37a0",
      "g_ic": 3374,
      "g_rho": 4952,
      "gate": true,
      "ic": {
        "collection_lookups": 37824,
        "collection_trials": 64,
        "descent_lookups": 2960,
        "descent_trials": 5,
        "factor_base_size": 592,
        "folded_rows": 7,
        "orbits": 8,
        "pair_table_additions": 2590,
        "pair_table_entries": 2590,
        "recipe_floor": 222,
        "relations": 10,
        "window": 591
      },
      "ic_ns": 8256077,
      "ic_verified": true,
      "n": 37,
      "order": "ic-rho",
      "rep": 1,
      "rho_expected_steps": 2212.4665447794946,
      "rho_iterations": 1048,
      "rho_ns": 2404086,
      "rho_verified": true,
      "rho_walk_additions": 1024,
      "s_ic": 0.22218382779733153,
      "s_rho": 0.32609790019335677,
      "subgroup_order": "230603167",
      "target_index": 2,
      "target_seed": 1374605315
    },
    {
      "a": 0,
      "alpha": 0.681340872374798,
      "cell": "n37a0",
      "g_ic": 3374,
      "g_rho": 4952,
      "gate": true,
      "ic": {
        "collection_lookups": 37824,
        "collection_trials": 64,
        "descent_lookups": 2960,
        "descent_trials": 5,
        "factor_base_size": 592,
        "folded_rows": 7,
        "orbits": 8,
        "pair_table_additions": 2590,
        "pair_table_entries": 2590,
        "recipe_floor": 222,
        "relations": 10,
        "window": 591
      },
      "ic_ns": 8273345,
      "ic_verified": true,
      "n": 37,
      "order": "rho-ic",
      "rep": 2,
      "rho_expected_steps": 2212.4665447794946,
      "rho_iterations": 1048,
      "rho_ns": 2387931,
      "rho_verified": true,
      "rho_walk_additions": 1024,
      "s_ic": 0.22218382779733153,
      "s_rho": 0.32609790019335677,
      "subgroup_order": "230603167",
      "target_index": 2,
      "target_seed": 1374605315
    },
    {
      "a": 1,
      "alpha": 0.40409934171155,
      "cell": "n43a1",
      "g_ic": 5402,
      "g_rho": 13368,
      "gate": true,
      "ic": {
        "collection_lookups": 439680,
        "collection_trials": 640,
        "descent_lookups": 30960,
        "descent_trials": 45,
        "factor_base_size": 688,
        "folded_rows": 8,
        "orbits": 8,
        "pair_table_additions": 3096,
        "pair_table_entries": 3096,
        "recipe_floor": 258,
        "relations": 9,
        "window": 687
      },
      "ic_ns": 45773330,
      "ic_verified": true,
      "n": 43,
      "order": "ic-rho",
      "rep": 0,
      "rho_expected_steps": 9210.127809944646,
      "rho_iterations": 8667,
      "rho_ns": 9008553,
      "rho_verified": true,
      "rho_walk_additions": 8664,
      "s_ic": 0.07926831668369437,
      "s_rho": 0.1961604697200345,
      "subgroup_order": "4644189029",
      "target_index": 0,
      "target_seed": 1374605313
    },
    {
      "a": 1,
      "alpha": 0.40409934171155,
      "cell": "n43a1",
      "g_ic": 5402,
      "g_rho": 13368,
      "gate": true,
      "ic": {
        "collection_lookups": 439680,
        "collection_trials": 640,
        "descent_lookups": 30960,
        "descent_trials": 45,
        "factor_base_size": 688,
        "folded_rows": 8,
        "orbits": 8,
        "pair_table_additions": 3096,
        "pair_table_entries": 3096,
        "recipe_floor": 258,
        "relations": 9,
        "window": 687
      },
      "ic_ns": 45696169,
      "ic_verified": true,
      "n": 43,
      "order": "rho-ic",
      "rep": 1,
      "rho_expected_steps": 9210.127809944646,
      "rho_iterations": 8667,
      "rho_ns": 9018858,
      "rho_verified": true,
      "rho_walk_additions": 8664,
      "s_ic": 0.07926831668369437,
      "s_rho": 0.1961604697200345,
      "subgroup_order": "4644189029",
      "target_index": 0,
      "target_seed": 1374605313
    },
    {
      "a": 1,
      "alpha": 0.40409934171155,
      "cell": "n43a1",
      "g_ic": 5402,
      "g_rho": 13368,
      "gate": true,
      "ic": {
        "collection_lookups": 439680,
        "collection_trials": 640,
        "descent_lookups": 30960,
        "descent_trials": 45,
        "factor_base_size": 688,
        "folded_rows": 8,
        "orbits": 8,
        "pair_table_additions": 3096,
        "pair_table_entries": 3096,
        "recipe_floor": 258,
        "relations": 9,
        "window": 687
      },
      "ic_ns": 45835403,
      "ic_verified": true,
      "n": 43,
      "order": "ic-rho",
      "rep": 2,
      "rho_expected_steps": 9210.127809944646,
      "rho_iterations": 8667,
      "rho_ns": 9017709,
      "rho_verified": true,
      "rho_walk_additions": 8664,
      "s_ic": 0.07926831668369437,
      "s_rho": 0.1961604697200345,
      "subgroup_order": "4644189029",
      "target_index": 0,
      "target_seed": 1374605313
    },
    {
      "a": 1,
      "alpha": 0.30331274564851207,
      "cell": "n43a1",
      "g_ic": 5402,
      "g_rho": 17810,
      "gate": true,
      "ic": {
        "collection_lookups": 439680,
        "collection_trials": 640,
        "descent_lookups": 2064,
        "descent_trials": 3,
        "factor_base_size": 688,
        "folded_rows": 8,
        "orbits": 8,
        "pair_table_additions": 3096,
        "pair_table_entries": 3096,
        "recipe_floor": 258,
        "relations": 9,
        "window": 687
      },
      "ic_ns": 43817685,
      "ic_verified": true,
      "n": 43,
      "order": "rho-ic",
      "rep": 0,
      "rho_expected_steps": 9210.127809944646,
      "rho_iterations": 13109,
      "rho_ns": 12313867,
      "rho_verified": true,
      "rho_walk_additions": 13106,
      "s_ic": 0.07926831668369437,
      "s_rho": 0.261341858596186,
      "subgroup_order": "4644189029",
      "target_index": 1,
      "target_seed": 1374605314
    },
    {
      "a": 1,
      "alpha": 0.30331274564851207,
      "cell": "n43a1",
      "g_ic": 5402,
      "g_rho": 17810,
      "gate": true,
      "ic": {
        "collection_lookups": 439680,
        "collection_trials": 640,
        "descent_lookups": 2064,
        "descent_trials": 3,
        "factor_base_size": 688,
        "folded_rows": 8,
        "orbits": 8,
        "pair_table_additions": 3096,
        "pair_table_entries": 3096,
        "recipe_floor": 258,
        "relations": 9,
        "window": 687
      },
      "ic_ns": 43599313,
      "ic_verified": true,
      "n": 43,
      "order": "ic-rho",
      "rep": 1,
      "rho_expected_steps": 9210.127809944646,
      "rho_iterations": 13109,
      "rho_ns": 12338798,
      "rho_verified": true,
      "rho_walk_additions": 13106,
      "s_ic": 0.07926831668369437,
      "s_rho": 0.261341858596186,
      "subgroup_order": "4644189029",
      "target_index": 1,
      "target_seed": 1374605314
    },
    {
      "a": 1,
      "alpha": 0.30331274564851207,
      "cell": "n43a1",
      "g_ic": 5402,
      "g_rho": 17810,
      "gate": true,
      "ic": {
        "collection_lookups": 439680,
        "collection_trials": 640,
        "descent_lookups": 2064,
        "descent_trials": 3,
        "factor_base_size": 688,
        "folded_rows": 8,
        "orbits": 8,
        "pair_table_additions": 3096,
        "pair_table_entries": 3096,
        "recipe_floor": 258,
        "relations": 9,
        "window": 687
      },
      "ic_ns": 43452927,
      "ic_verified": true,
      "n": 43,
      "order": "rho-ic",
      "rep": 2,
      "rho_expected_steps": 9210.127809944646,
      "rho_iterations": 13109,
      "rho_ns": 12330868,
      "rho_verified": true,
      "rho_walk_additions": 13106,
      "s_ic": 0.07926831668369437,
      "s_rho": 0.261341858596186,
      "subgroup_order": "4644189029",
      "target_index": 1,
      "target_seed": 1374605314
    },
    {
      "a": 1,
      "alpha": 0.2956503356059405,
      "cell": "n43a1",
      "g_ic": 5594,
      "g_rho": 18921,
      "gate": true,
      "ic": {
        "collection_lookups": 439680,
        "collection_trials": 640,
        "descent_lookups": 174752,
        "descent_trials": 254,
        "factor_base_size": 688,
        "folded_rows": 8,
        "orbits": 8,
        "pair_table_additions": 3096,
        "pair_table_entries": 3096,
        "recipe_floor": 258,
        "relations": 9,
        "window": 687
      },
      "ic_ns": 56814322,
      "ic_verified": true,
      "n": 43,
      "order": "ic-rho",
      "rep": 0,
      "rho_expected_steps": 9210.127809944646,
      "rho_iterations": 14237,
      "rho_ns": 13154141,
      "rho_verified": true,
      "rho_walk_additions": 14217,
      "s_ic": 0.08208570224520295,
      "s_rho": 0.2776445427567903,
      "subgroup_order": "4644189029",
      "target_index": 2,
      "target_seed": 1374605315
    },
    {
      "a": 1,
      "alpha": 0.2956503356059405,
      "cell": "n43a1",
      "g_ic": 5594,
      "g_rho": 18921,
      "gate": true,
      "ic": {
        "collection_lookups": 439680,
        "collection_trials": 640,
        "descent_lookups": 174752,
        "descent_trials": 254,
        "factor_base_size": 688,
        "folded_rows": 8,
        "orbits": 8,
        "pair_table_additions": 3096,
        "pair_table_entries": 3096,
        "recipe_floor": 258,
        "relations": 9,
        "window": 687
      },
      "ic_ns": 57011172,
      "ic_verified": true,
      "n": 43,
      "order": "rho-ic",
      "rep": 1,
      "rho_expected_steps": 9210.127809944646,
      "rho_iterations": 14237,
      "rho_ns": 13157926,
      "rho_verified": true,
      "rho_walk_additions": 14217,
      "s_ic": 0.08208570224520295,
      "s_rho": 0.2776445427567903,
      "subgroup_order": "4644189029",
      "target_index": 2,
      "target_seed": 1374605315
    },
    {
      "a": 1,
      "alpha": 0.2956503356059405,
      "cell": "n43a1",
      "g_ic": 5594,
      "g_rho": 18921,
      "gate": true,
      "ic": {
        "collection_lookups": 439680,
        "collection_trials": 640,
        "descent_lookups": 174752,
        "descent_trials": 254,
        "factor_base_size": 688,
        "folded_rows": 8,
        "orbits": 8,
        "pair_table_additions": 3096,
        "pair_table_entries": 3096,
        "recipe_floor": 258,
        "relations": 9,
        "window": 687
      },
      "ic_ns": 58118407,
      "ic_verified": true,
      "n": 43,
      "order": "ic-rho",
      "rep": 2,
      "rho_expected_steps": 9210.127809944646,
      "rho_iterations": 14237,
      "rho_ns": 13156522,
      "rho_verified": true,
      "rho_walk_additions": 14217,
      "s_ic": 0.08208570224520295,
      "s_rho": 0.2776445427567903,
      "subgroup_order": "4644189029",
      "target_index": 2,
      "target_seed": 1374605315
    },
    {
      "a": 1,
      "alpha": 0.8192777344764874,
      "cell": "n47a1",
      "g_ic": 78835,
      "g_rho": 96225,
      "gate": true,
      "ic": {
        "collection_lookups": 21052032,
        "collection_trials": 28032,
        "descent_lookups": 523392,
        "descent_trials": 696,
        "factor_base_size": 752,
        "folded_rows": 8,
        "orbits": 8,
        "pair_table_additions": 3384,
        "pair_table_entries": 3384,
        "recipe_floor": 282,
        "relations": 17,
        "window": 751
      },
      "ic_ns": 1857387920,
      "ic_verified": true,
      "n": 47,
      "order": "ic-rho",
      "rep": 0,
      "rho_expected_steps": 42241.8733049678,
      "rho_iterations": 90770,
      "rho_ns": 77143462,
      "rho_verified": true,
      "rho_walk_additions": 90939,
      "s_ic": 0.24125255086352254,
      "s_rho": 0.2944698003024349,
      "subgroup_order": "106781081677",
      "target_index": 0,
      "target_seed": 1374605313
    },
    {
      "a": 1,
      "alpha": 0.8192777344764874,
      "cell": "n47a1",
      "g_ic": 78835,
      "g_rho": 96225,
      "gate": true,
      "ic": {
        "collection_lookups": 21052032,
        "collection_trials": 28032,
        "descent_lookups": 523392,
        "descent_trials": 696,
        "factor_base_size": 752,
        "folded_rows": 8,
        "orbits": 8,
        "pair_table_additions": 3384,
        "pair_table_entries": 3384,
        "recipe_floor": 282,
        "relations": 17,
        "window": 751
      },
      "ic_ns": 1861001326,
      "ic_verified": true,
      "n": 47,
      "order": "rho-ic",
      "rep": 1,
      "rho_expected_steps": 42241.8733049678,
      "rho_iterations": 90770,
      "rho_ns": 76967010,
      "rho_verified": true,
      "rho_walk_additions": 90939,
      "s_ic": 0.24125255086352254,
      "s_rho": 0.2944698003024349,
      "subgroup_order": "106781081677",
      "target_index": 0,
      "target_seed": 1374605313
    },
    {
      "a": 1,
      "alpha": 0.8192777344764874,
      "cell": "n47a1",
      "g_ic": 78835,
      "g_rho": 96225,
      "gate": true,
      "ic": {
        "collection_lookups": 21052032,
        "collection_trials": 28032,
        "descent_lookups": 523392,
        "descent_trials": 696,
        "factor_base_size": 752,
        "folded_rows": 8,
        "orbits": 8,
        "pair_table_additions": 3384,
        "pair_table_entries": 3384,
        "recipe_floor": 282,
        "relations": 17,
        "window": 751
      },
      "ic_ns": 1856406873,
      "ic_verified": true,
      "n": 47,
      "order": "ic-rho",
      "rep": 2,
      "rho_expected_steps": 42241.8733049678,
      "rho_iterations": 90770,
      "rho_ns": 76976183,
      "rho_verified": true,
      "rho_walk_additions": 90939,
      "s_ic": 0.24125255086352254,
      "s_rho": 0.2944698003024349,
      "subgroup_order": "106781081677",
      "target_index": 0,
      "target_seed": 1374605313
    },
    {
      "a": 1,
      "alpha": 4.440733175067631,
      "cell": "n47a1",
      "g_ic": 80435,
      "g_rho": 18113,
      "gate": false,
      "ic": {
        "collection_lookups": 21052032,
        "collection_trials": 28032,
        "descent_lookups": 1705536,
        "descent_trials": 2268,
        "factor_base_size": 752,
        "folded_rows": 8,
        "orbits": 8,
        "pair_table_additions": 3384,
        "pair_table_entries": 3384,
        "recipe_floor": 282,
        "relations": 17,
        "window": 751
      },
      "ic_ns": 1952670306,
      "ic_verified": true,
      "n": 47,
      "order": "rho-ic",
      "rep": 0,
      "rho_expected_steps": 42241.8733049678,
      "rho_iterations": 12801,
      "rho_ns": 13594791,
      "rho_verified": true,
      "rho_walk_additions": 12827,
      "s_ic": 0.2461489050384656,
      "s_rho": 0.05542978948171477,
      "subgroup_order": "106781081677",
      "target_index": 1,
      "target_seed": 1374605314
    },
    {
      "a": 1,
      "alpha": 4.440733175067631,
      "cell": "n47a1",
      "g_ic": 80435,
      "g_rho": 18113,
      "gate": false,
      "ic": {
        "collection_lookups": 21052032,
        "collection_trials": 28032,
        "descent_lookups": 1705536,
        "descent_trials": 2268,
        "factor_base_size": 752,
        "folded_rows": 8,
        "orbits": 8,
        "pair_table_additions": 3384,
        "pair_table_entries": 3384,
        "recipe_floor": 282,
        "relations": 17,
        "window": 751
      },
      "ic_ns": 1950824392,
      "ic_verified": true,
      "n": 47,
      "order": "ic-rho",
      "rep": 1,
      "rho_expected_steps": 42241.8733049678,
      "rho_iterations": 12801,
      "rho_ns": 13576192,
      "rho_verified": true,
      "rho_walk_additions": 12827,
      "s_ic": 0.2461489050384656,
      "s_rho": 0.05542978948171477,
      "subgroup_order": "106781081677",
      "target_index": 1,
      "target_seed": 1374605314
    },
    {
      "a": 1,
      "alpha": 4.440733175067631,
      "cell": "n47a1",
      "g_ic": 80435,
      "g_rho": 18113,
      "gate": false,
      "ic": {
        "collection_lookups": 21052032,
        "collection_trials": 28032,
        "descent_lookups": 1705536,
        "descent_trials": 2268,
        "factor_base_size": 752,
        "folded_rows": 8,
        "orbits": 8,
        "pair_table_additions": 3384,
        "pair_table_entries": 3384,
        "recipe_floor": 282,
        "relations": 17,
        "window": 751
      },
      "ic_ns": 1951493192,
      "ic_verified": true,
      "n": 47,
      "order": "rho-ic",
      "rep": 2,
      "rho_expected_steps": 42241.8733049678,
      "rho_iterations": 12801,
      "rho_ns": 13609554,
      "rho_verified": true,
      "rho_walk_additions": 12827,
      "s_ic": 0.2461489050384656,
      "s_rho": 0.05542978948171477,
      "subgroup_order": "106781081677",
      "target_index": 1,
      "target_seed": 1374605314
    },
    {
      "a": 1,
      "alpha": 1.2826942869745634,
      "cell": "n47a1",
      "g_ic": 78515,
      "g_rho": 61211,
      "gate": false,
      "ic": {
        "collection_lookups": 21052032,
        "collection_trials": 28032,
        "descent_lookups": 246656,
        "descent_trials": 328,
        "factor_base_size": 752,
        "folded_rows": 8,
        "orbits": 8,
        "pair_table_additions": 3384,
        "pair_table_entries": 3384,
        "recipe_floor": 282,
        "relations": 17,
        "window": 751
      },
      "ic_ns": 1832822190,
      "ic_verified": true,
      "n": 47,
      "order": "ic-rho",
      "rep": 0,
      "rho_expected_steps": 42241.8733049678,
      "rho_iterations": 55839,
      "rho_ns": 48483851,
      "rho_verified": true,
      "rho_walk_additions": 55925,
      "s_ic": 0.24027328002853393,
      "s_rho": 0.18731920962652476,
      "subgroup_order": "106781081677",
      "target_index": 2,
      "target_seed": 1374605315
    },
    {
      "a": 1,
      "alpha": 1.2826942869745634,
      "cell": "n47a1",
      "g_ic": 78515,
      "g_rho": 61211,
      "gate": false,
      "ic": {
        "collection_lookups": 21052032,
        "collection_trials": 28032,
        "descent_lookups": 246656,
        "descent_trials": 328,
        "factor_base_size": 752,
        "folded_rows": 8,
        "orbits": 8,
        "pair_table_additions": 3384,
        "pair_table_entries": 3384,
        "recipe_floor": 282,
        "relations": 17,
        "window": 751
      },
      "ic_ns": 1832347217,
      "ic_verified": true,
      "n": 47,
      "order": "rho-ic",
      "rep": 1,
      "rho_expected_steps": 42241.8733049678,
      "rho_iterations": 55839,
      "rho_ns": 48589909,
      "rho_verified": true,
      "rho_walk_additions": 55925,
      "s_ic": 0.24027328002853393,
      "s_rho": 0.18731920962652476,
      "subgroup_order": "106781081677",
      "target_index": 2,
      "target_seed": 1374605315
    },
    {
      "a": 1,
      "alpha": 1.2826942869745634,
      "cell": "n47a1",
      "g_ic": 78515,
      "g_rho": 61211,
      "gate": false,
      "ic": {
        "collection_lookups": 21052032,
        "collection_trials": 28032,
        "descent_lookups": 246656,
        "descent_trials": 328,
        "factor_base_size": 752,
        "folded_rows": 8,
        "orbits": 8,
        "pair_table_additions": 3384,
        "pair_table_entries": 3384,
        "recipe_floor": 282,
        "relations": 17,
        "window": 751
      },
      "ic_ns": 1833730136,
      "ic_verified": true,
      "n": 47,
      "order": "ic-rho",
      "rep": 2,
      "rho_expected_steps": 42241.8733049678,
      "rho_iterations": 55839,
      "rho_ns": 48486054,
      "rho_verified": true,
      "rho_walk_additions": 55925,
      "s_ic": 0.24027328002853393,
      "s_rho": 0.18731920962652476,
      "subgroup_order": "106781081677",
      "target_index": 2,
      "target_seed": 1374605315
    },
    {
      "a": 0,
      "alpha": 1.8176872836411384,
      "cell": "n41a0",
      "g_ic": 106591,
      "g_rho": 58641,
      "gate": false,
      "ic": {
        "collection_lookups": 21253440,
        "collection_trials": 32448,
        "descent_lookups": 10078784,
        "descent_trials": 15364,
        "factor_base_size": 656,
        "folded_rows": 8,
        "orbits": 8,
        "pair_table_additions": 2952,
        "pair_table_entries": 2952,
        "recipe_floor": 246,
        "relations": 8,
        "window": 655
      },
      "ic_ns": 2378664635,
      "ic_verified": true,
      "n": 41,
      "order": "rho-ic",
      "rep": 0,
      "rho_expected_steps": 102621.45211034174,
      "rho_iterations": 52864,
      "rho_ns": 39034251,
      "rho_verified": true,
      "rho_walk_additions": 52967,
      "s_ic": 0.14375911589913423,
      "s_rho": 0.07908902548471382,
      "subgroup_order": "549756390943",
      "target_index": 0,
      "target_seed": 1374605313
    },
    {
      "a": 0,
      "alpha": 1.8176872836411384,
      "cell": "n41a0",
      "g_ic": 106591,
      "g_rho": 58641,
      "gate": false,
      "ic": {
        "collection_lookups": 21253440,
        "collection_trials": 32448,
        "descent_lookups": 10078784,
        "descent_trials": 15364,
        "factor_base_size": 656,
        "folded_rows": 8,
        "orbits": 8,
        "pair_table_additions": 2952,
        "pair_table_entries": 2952,
        "recipe_floor": 246,
        "relations": 8,
        "window": 655
      },
      "ic_ns": 2379170920,
      "ic_verified": true,
      "n": 41,
      "order": "ic-rho",
      "rep": 1,
      "rho_expected_steps": 102621.45211034174,
      "rho_iterations": 52864,
      "rho_ns": 39038940,
      "rho_verified": true,
      "rho_walk_additions": 52967,
      "s_ic": 0.14375911589913423,
      "s_rho": 0.07908902548471382,
      "subgroup_order": "549756390943",
      "target_index": 0,
      "target_seed": 1374605313
    },
    {
      "a": 0,
      "alpha": 1.8176872836411384,
      "cell": "n41a0",
      "g_ic": 106591,
      "g_rho": 58641,
      "gate": false,
      "ic": {
        "collection_lookups": 21253440,
        "collection_trials": 32448,
        "descent_lookups": 10078784,
        "descent_trials": 15364,
        "factor_base_size": 656,
        "folded_rows": 8,
        "orbits": 8,
        "pair_table_additions": 2952,
        "pair_table_entries": 2952,
        "recipe_floor": 246,
        "relations": 8,
        "window": 655
      },
      "ic_ns": 2379107719,
      "ic_verified": true,
      "n": 41,
      "order": "rho-ic",
      "rep": 2,
      "rho_expected_steps": 102621.45211034174,
      "rho_iterations": 52864,
      "rho_ns": 39020444,
      "rho_verified": true,
      "rho_walk_additions": 52967,
      "s_ic": 0.14375911589913423,
      "s_rho": 0.07908902548471382,
      "subgroup_order": "549756390943",
      "target_index": 0,
      "target_seed": 1374605313
    },
    {
      "a": 0,
      "alpha": 2.571928385290995,
      "cell": "n41a0",
      "g_ic": 106591,
      "g_rho": 41444,
      "gate": false,
      "ic": {
        "collection_lookups": 21253440,
        "collection_trials": 32448,
        "descent_lookups": 10105024,
        "descent_trials": 15404,
        "factor_base_size": 656,
        "folded_rows": 8,
        "orbits": 8,
        "pair_table_additions": 2952,
        "pair_table_entries": 2952,
        "recipe_floor": 246,
        "relations": 8,
        "window": 655
      },
      "ic_ns": 2383918885,
      "ic_verified": true,
      "n": 41,
      "order": "ic-rho",
      "rep": 0,
      "rho_expected_steps": 102621.45211034174,
      "rho_iterations": 35701,
      "rho_ns": 27268968,
      "rho_verified": true,
      "rho_walk_additions": 35770,
      "s_ic": 0.14375911589913423,
      "s_rho": 0.055895458334415844,
      "subgroup_order": "549756390943",
      "target_index": 1,
      "target_seed": 1374605314
    },
    {
      "a": 0,
      "alpha": 2.571928385290995,
      "cell": "n41a0",
      "g_ic": 106591,
      "g_rho": 41444,
      "gate": false,
      "ic": {
        "collection_lookups": 21253440,
        "collection_trials": 32448,
        "descent_lookups": 10105024,
        "descent_trials": 15404,
        "factor_base_size": 656,
        "folded_rows": 8,
        "orbits": 8,
        "pair_table_additions": 2952,
        "pair_table_entries": 2952,
        "recipe_floor": 246,
        "relations": 8,
        "window": 655
      },
      "ic_ns": 2378718285,
      "ic_verified": true,
      "n": 41,
      "order": "rho-ic",
      "rep": 1,
      "rho_expected_steps": 102621.45211034174,
      "rho_iterations": 35701,
      "rho_ns": 27238591,
      "rho_verified": true,
      "rho_walk_additions": 35770,
      "s_ic": 0.14375911589913423,
      "s_rho": 0.055895458334415844,
      "subgroup_order": "549756390943",
      "target_index": 1,
      "target_seed": 1374605314
    },
    {
      "a": 0,
      "alpha": 2.571928385290995,
      "cell": "n41a0",
      "g_ic": 106591,
      "g_rho": 41444,
      "gate": false,
      "ic": {
        "collection_lookups": 21253440,
        "collection_trials": 32448,
        "descent_lookups": 10105024,
        "descent_trials": 15404,
        "factor_base_size": 656,
        "folded_rows": 8,
        "orbits": 8,
        "pair_table_additions": 2952,
        "pair_table_entries": 2952,
        "recipe_floor": 246,
        "relations": 8,
        "window": 655
      },
      "ic_ns": 2377124104,
      "ic_verified": true,
      "n": 41,
      "order": "ic-rho",
      "rep": 2,
      "rho_expected_steps": 102621.45211034174,
      "rho_iterations": 35701,
      "rho_ns": 27236998,
      "rho_verified": true,
      "rho_walk_additions": 35770,
      "s_ic": 0.14375911589913423,
      "s_rho": 0.055895458334415844,
      "subgroup_order": "549756390943",
      "target_index": 1,
      "target_seed": 1374605314
    },
    {
      "a": 0,
      "alpha": 1.267561940740945,
      "cell": "n41a0",
      "g_ic": 91935,
      "g_rho": 72529,
      "gate": false,
      "ic": {
        "collection_lookups": 21253440,
        "collection_trials": 32448,
        "descent_lookups": 475600,
        "descent_trials": 725,
        "factor_base_size": 656,
        "folded_rows": 8,
        "orbits": 8,
        "pair_table_additions": 2952,
        "pair_table_entries": 2952,
        "recipe_floor": 246,
        "relations": 8,
        "window": 655
      },
      "ic_ns": 1669351394,
      "ic_verified": true,
      "n": 41,
      "order": "rho-ic",
      "rep": 0,
      "rho_expected_steps": 102621.45211034174,
      "rho_iterations": 66723,
      "rho_ns": 48468961,
      "rho_verified": true,
      "rho_walk_additions": 66855,
      "s_ic": 0.12399259149634496,
      "s_rho": 0.09781974948211676,
      "subgroup_order": "549756390943",
      "target_index": 2,
      "target_seed": 1374605315
    },
    {
      "a": 0,
      "alpha": 1.267561940740945,
      "cell": "n41a0",
      "g_ic": 91935,
      "g_rho": 72529,
      "gate": false,
      "ic": {
        "collection_lookups": 21253440,
        "collection_trials": 32448,
        "descent_lookups": 475600,
        "descent_trials": 725,
        "factor_base_size": 656,
        "folded_rows": 8,
        "orbits": 8,
        "pair_table_additions": 2952,
        "pair_table_entries": 2952,
        "recipe_floor": 246,
        "relations": 8,
        "window": 655
      },
      "ic_ns": 1669536692,
      "ic_verified": true,
      "n": 41,
      "order": "ic-rho",
      "rep": 1,
      "rho_expected_steps": 102621.45211034174,
      "rho_iterations": 66723,
      "rho_ns": 48496476,
      "rho_verified": true,
      "rho_walk_additions": 66855,
      "s_ic": 0.12399259149634496,
      "s_rho": 0.09781974948211676,
      "subgroup_order": "549756390943",
      "target_index": 2,
      "target_seed": 1374605315
    },
    {
      "a": 0,
      "alpha": 1.267561940740945,
      "cell": "n41a0",
      "g_ic": 91935,
      "g_rho": 72529,
      "gate": false,
      "ic": {
        "collection_lookups": 21253440,
        "collection_trials": 32448,
        "descent_lookups": 475600,
        "descent_trials": 725,
        "factor_base_size": 656,
        "folded_rows": 8,
        "orbits": 8,
        "pair_table_additions": 2952,
        "pair_table_entries": 2952,
        "recipe_floor": 246,
        "relations": 8,
        "window": 655
      },
      "ic_ns": 1669082641,
      "ic_verified": true,
      "n": 41,
      "order": "rho-ic",
      "rep": 2,
      "rho_expected_steps": 102621.45211034174,
      "rho_iterations": 66723,
      "rho_ns": 48451430,
      "rho_verified": true,
      "rho_walk_additions": 66855,
      "s_ic": 0.12399259149634496,
      "s_rho": 0.09781974948211676,
      "subgroup_order": "549756390943",
      "target_index": 2,
      "target_seed": 1374605315
    }
  ],
  "target_seeds": [
    1374605313,
    1374605314,
    1374605315
  ],
  "unit": "exclusive group operations (adds + binary-method scalar muls)"
}
