sha256	bytes	path
36d6e164b925e19324315501484ee3af6d47fbd7a5974b8a5b9e4f87834da1bd	116	.gitattributes
a38000ccbdced2258b54e6542ca616587c1a4e2f92835cfaa8c738755b5d1761	11	.gitignore
2f7e2384bce4b32cd2723ce135a3e217990e2b444a49166e493ee6d613546435	506	DEGREE19_PROTOCOL.md
cc906c68f0cc6f6fca02f28f9f07e2db5182800a6c8f97d0368f554457371027	1254	FOLLOWUP_PROTOCOL.md
eb9abb77471c403836d0a76fc7eb29a4d67dc75900a5c168bdb3b0a9998c5462	1247	ODD_DEGREE_PROTOCOL.md
df8efad6ce0e047908327f0332e36f42f948e5c31814536e7d71c6360c0864bf	3135	PROTOCOL.md
d94c02daeea2782e846a90f8be81afbd8f00506fe9457444addb9686f17f1cb1	12855	REPORT.md
f4366222b407ded6aac9414755abb8832aac4d966b0defc6ebcfbdc74b2e13d6	517498	REPORT.pdf
fcc6ce9ad0e3a7771a636b11901ba710a1a70c13f59c8fd37fffb7485ab74309	23281	REPORT.tex
f405f9e4aedc40c6a48de1d87a02344f850a9c76b8c0ca3a72935acce811dfb0	5644	REPRODUCE.md
5113220a80d4e66346bf6c5a5cc6f651da71e36e45e2d5e4e8149cbd65cf9398	661	TARGETED_PROTOCOL.md
3dea34c92f8ff945fe73230be810cd34bfbe322b80fcd62f08afca2a37063664	4963	VALIDATION.md
964d1c4f09115d677b45f1631228e3a9b7adfd509af24100019e1ec52bb6995e	1102	algebra.gp
e55bf6db0904b7ae77b4b92440f1f38fbb8fb60f8ab178b173c343ca11f369d1	7564	algebra.rs
4e97c67f96d8c2adc12280a539ec086853e57a777784bc65eb39bedbe50feb87	3404	algebra_run1/executed_driver_v1.txt
964d1c4f09115d677b45f1631228e3a9b7adfd509af24100019e1ec52bb6995e	1102	algebra_run1/executed_script.gp
4dcb3b6bc6c45dd96c81f47e992a533cbaad233d53dac480f4490e7837249ba6	301	algebra_run1/receipt.json
d7864432d82ae2bc23235189f7c65b693353f4ab24c18e21179760616c11674e	783	algebra_run1/source_freeze.json
e3b0c44298fc1c149afbf4c8996fb92427ae41e4649b934ca495991b7852b855	0	algebra_run1/stderr.txt
6d0f2642c3c3df4cef5d2d2a68a77138cafea20858a752e2f197cfdd9a96562d	162	algebra_run1/stdout.txt
57fe36b486954a4c624137577f3b9fc9898cf16cab3861803cf5afad56673e86	4413	archive.rs
a39fd590ffa9132bd25f2f93c2d4691f00ac8b9425933c1f344e8983435d0463	3881	batch.rs
2ef8e296bba7a9604e38c6d69cb37754a51f6b1f7a8709372574d3abac7542a5	396	census_table.md
72f0ef930b50913caabef4c8f98803903b94a1ebeb45c3f7177076abfbe80c23	387	census_table.tex
fd213a4d4bec36878bbf29db5169191d09528015021b85e89360fbf67a2afa1b	12257	check.rs
0a4f7e24fca7a1fd6d501e3d289cd0a245fbf4ad98c607d5112ccfbc713ec17e	1424	cm_controls.gp
4e97c67f96d8c2adc12280a539ec086853e57a777784bc65eb39bedbe50feb87	3404	cm_controls_run1/executed_driver_v1.txt
0a4f7e24fca7a1fd6d501e3d289cd0a245fbf4ad98c607d5112ccfbc713ec17e	1424	cm_controls_run1/executed_script.gp
808ad493b2d5fac6078af3dafd9c422e438a92139d7b029633341bf63bedd6d9	305	cm_controls_run1/receipt.json
282fd2376d979fda2f05d815d8e0a40619ad94e54fa97862f03c6a3d64aa17e0	782	cm_controls_run1/source_freeze.json
e3b0c44298fc1c149afbf4c8996fb92427ae41e4649b934ca495991b7852b855	0	cm_controls_run1/stderr.txt
fc084a1ee6d54305c45bb5200cfc2ac9cb18485bd11787e89ab2042ddf536192	1409	cm_controls_run1/stdout.txt
d5276c2058e2c3ad9b75b0007f3d98a875b208b80c313dd036277c22c755dc81	1237	cm_degree6.gp
4d8fde0fd49e20ad2710f410ebcb068f134c68e4a4c6f9c67553857c4fbb3c11	4273	cm_degree6_run1/executed_driver.txt
df8efad6ce0e047908327f0332e36f42f948e5c31814536e7d71c6360c0864bf	3135	cm_degree6_run1/executed_protocol.md
d5276c2058e2c3ad9b75b0007f3d98a875b208b80c313dd036277c22c755dc81	1237	cm_degree6_run1/executed_script.gp
9468446d083c6c1cfca62afdc1a6de2c1557af199626ceba21e0338b210fd918	303	cm_degree6_run1/receipt.json
a809759fd6d996ccdcbad73b8b9a3fb777e6831497512d6253e0a5c22578486d	786	cm_degree6_run1/source_freeze.json
e3b0c44298fc1c149afbf4c8996fb92427ae41e4649b934ca495991b7852b855	0	cm_degree6_run1/stderr.txt
ea25fb38fcca2ba3f846ca1786f67426d161fac5790a04fddf6713e0a5177fcf	300	cm_degree6_run1/stdout.txt
e81710c2fed4e25943eee1d441cc584dbe33600c8796c94a4979f5962c5c6947	1223	cm_microfactor.gp
4e97c67f96d8c2adc12280a539ec086853e57a777784bc65eb39bedbe50feb87	3404	cm_microfactor_run1/executed_driver_v1.txt
e81710c2fed4e25943eee1d441cc584dbe33600c8796c94a4979f5962c5c6947	1223	cm_microfactor_run1/executed_script.gp
2ae244f63a2b0361afda72fee2f210c5abc46acd174f2858e903295a3ca36815	303	cm_microfactor_run1/receipt.json
8ac40a62dd1c1bb3393292be910a70d3bea6c00d87037010b01154c9cda99e1c	794	cm_microfactor_run1/source_freeze.json
e3b0c44298fc1c149afbf4c8996fb92427ae41e4649b934ca495991b7852b855	0	cm_microfactor_run1/stderr.txt
ea25fb38fcca2ba3f846ca1786f67426d161fac5790a04fddf6713e0a5177fcf	300	cm_microfactor_run1/stdout.txt
a60949f711c036af960dfa8839a6a794d1133faa3a022fbcb0fadeccc08741e2	6818	construct.gp
883520adcfb20e66dff6de1b40ed48d3bc5d9c3a3c2c4574831c072ee49141fa	8397	construct_19.gp
b545ab077b1833d9a919b5180a319a475e1df6b89e4aca1c044123b68e09f496	8241	construct_followup.gp
256c6b588e725631c4a4671c80cb3093aae8bacc000fa3e4d8212489db5cddca	7897	construct_general.gp
51fd160e3b0537afd066ce5ef4fb66174a43a12a661ff3263d404cd90524ddaa	8225	construct_odd.gp
f1d513a46084ea6583a9f8f70c3d7ada81d4b079c9e3326d5699e5fc8be58cfd	8400	construct_targeted.gp
09b9e56456d5d6155cdc41a01cbad0e051ae6c0ec1dbeee84e8cc2e11755fdec	435	construction_general_run1/batch_freeze.json
3d09bc26f4084b92a47c306264405968d26de318de0f63d068be09e1553249dc	123	construction_general_run1/batch_receipt.json
e3b0c44298fc1c149afbf4c8996fb92427ae41e4649b934ca495991b7852b855	0	construction_general_run1/source0001/driver_stderr.txt
ecc1237e5c08f756c33c15f8ae4a57be936afc6412f4ae109ad0837bff0aadff	275	construction_general_run1/source0001/driver_stdout.txt
4d8fde0fd49e20ad2710f410ebcb068f134c68e4a4c6f9c67553857c4fbb3c11	4273	construction_general_run1/source0001/executed_driver.txt
bb1be3f6493a4136b10d7d93bea9ff9e0446d3760528f80678bf09b5dbb9cd37	642	construction_general_run1/source0001/executed_inputs.gp
df8efad6ce0e047908327f0332e36f42f948e5c31814536e7d71c6360c0864bf	3135	construction_general_run1/source0001/executed_protocol.md
256c6b588e725631c4a4671c80cb3093aae8bacc000fa3e4d8212489db5cddca	7897	construction_general_run1/source0001/executed_script.gp
bb1be3f6493a4136b10d7d93bea9ff9e0446d3760528f80678bf09b5dbb9cd37	642	construction_general_run1/source0001/input.gp
658c03bd70c59d6df380eae67911aadbfc74fd51772b9f6c4998d429016ded7e	303	construction_general_run1/source0001/receipt.json
d4e73dfef0f08cb5196868651a9aa32df283aba9fc56476fc72b896a8c687039	944	construction_general_run1/source0001/source_freeze.json
e3b0c44298fc1c149afbf4c8996fb92427ae41e4649b934ca495991b7852b855	0	construction_general_run1/source0001/stderr.txt
1cb779c674d3eadac852eb784925050615d900ae72250c55f6538ea66389febb	922	construction_general_run1/source0001/stdout.txt
e3b0c44298fc1c149afbf4c8996fb92427ae41e4649b934ca495991b7852b855	0	construction_general_run1/source0002/driver_stderr.txt
43635cd751b7d9c1e00e26b8270bbc47c3c4075ed7059b0fcab37533c882ffe1	275	construction_general_run1/source0002/driver_stdout.txt
4d8fde0fd49e20ad2710f410ebcb068f134c68e4a4c6f9c67553857c4fbb3c11	4273	construction_general_run1/source0002/executed_driver.txt
8abc09942154da05c88bb80d46c1fcf74ce7208d6220eadaef32ec9dd88927da	645	construction_general_run1/source0002/executed_inputs.gp
df8efad6ce0e047908327f0332e36f42f948e5c31814536e7d71c6360c0864bf	3135	construction_general_run1/source0002/executed_protocol.md
256c6b588e725631c4a4671c80cb3093aae8bacc000fa3e4d8212489db5cddca	7897	construction_general_run1/source0002/executed_script.gp
8abc09942154da05c88bb80d46c1fcf74ce7208d6220eadaef32ec9dd88927da	645	construction_general_run1/source0002/input.gp
42ca1c24ad98e19a08d94576dafff8a020b3f78d963f1c21de8a4e1c860eab17	303	construction_general_run1/source0002/receipt.json
d9e077e9acd3ad368f7f5e7ed89a578bc065f8dd36b12f24e85185c996be4c2e	944	construction_general_run1/source0002/source_freeze.json
e3b0c44298fc1c149afbf4c8996fb92427ae41e4649b934ca495991b7852b855	0	construction_general_run1/source0002/stderr.txt
ccaf23875f7f340bc166880cbc46333f159e1496296b23c3fc3eee1078fa6131	920	construction_general_run1/source0002/stdout.txt
e3b0c44298fc1c149afbf4c8996fb92427ae41e4649b934ca495991b7852b855	0	construction_general_run1/source0003/driver_stderr.txt
11caea70d7c204249aa5182e0159f524fa6c3d9b189f2024f446b010df10aca1	275	construction_general_run1/source0003/driver_stdout.txt
4d8fde0fd49e20ad2710f410ebcb068f134c68e4a4c6f9c67553857c4fbb3c11	4273	construction_general_run1/source0003/executed_driver.txt
d608d51e1d9a7f42d0b80cbf739171d46178494d9f3eaeed44f2e9861067fc3f	648	construction_general_run1/source0003/executed_inputs.gp
df8efad6ce0e047908327f0332e36f42f948e5c31814536e7d71c6360c0864bf	3135	construction_general_run1/source0003/executed_protocol.md
256c6b588e725631c4a4671c80cb3093aae8bacc000fa3e4d8212489db5cddca	7897	construction_general_run1/source0003/executed_script.gp
d608d51e1d9a7f42d0b80cbf739171d46178494d9f3eaeed44f2e9861067fc3f	648	construction_general_run1/source0003/input.gp
061b0ea5d198593e7ce9bf848150ff0464d232794891888f022d3901f1afcc33	303	construction_general_run1/source0003/receipt.json
871e41ff58f5b0a593ffb35150e806d315eb55ac470db09ee50091c8736b003a	944	construction_general_run1/source0003/source_freeze.json
e3b0c44298fc1c149afbf4c8996fb92427ae41e4649b934ca495991b7852b855	0	construction_general_run1/source0003/stderr.txt
f171eb526c0b6e44c53a56d9989666fdf2b027e47e1cd63da3df18f5a2074887	926	construction_general_run1/source0003/stdout.txt
e3b0c44298fc1c149afbf4c8996fb92427ae41e4649b934ca495991b7852b855	0	construction_general_run1/source0004/driver_stderr.txt
15dcce94174f758453acc5bd29b85e9a8aeb8bf9698f077efc99dc318e13aad8	275	construction_general_run1/source0004/driver_stdout.txt
4d8fde0fd49e20ad2710f410ebcb068f134c68e4a4c6f9c67553857c4fbb3c11	4273	construction_general_run1/source0004/executed_driver.txt
49c68909529346ae623782f0e3f18839d10ce0866c282c28bd73126682482f01	645	construction_general_run1/source0004/executed_inputs.gp
df8efad6ce0e047908327f0332e36f42f948e5c31814536e7d71c6360c0864bf	3135	construction_general_run1/source0004/executed_protocol.md
256c6b588e725631c4a4671c80cb3093aae8bacc000fa3e4d8212489db5cddca	7897	construction_general_run1/source0004/executed_script.gp
49c68909529346ae623782f0e3f18839d10ce0866c282c28bd73126682482f01	645	construction_general_run1/source0004/input.gp
e76cb0c81e303598fe457c21894523dcfde3992bc5b267c4909475d2429da267	303	construction_general_run1/source0004/receipt.json
749fdf2d53eb10e55da4d73144b777e10bf7dd5e2eb61f622f83412873687425	944	construction_general_run1/source0004/source_freeze.json
e3b0c44298fc1c149afbf4c8996fb92427ae41e4649b934ca495991b7852b855	0	construction_general_run1/source0004/stderr.txt
bde0ad1c757c2ea358c0ef3e266cc6564fc27580ea61397ba0807a301db3d4bb	918	construction_general_run1/source0004/stdout.txt
e3b0c44298fc1c149afbf4c8996fb92427ae41e4649b934ca495991b7852b855	0	construction_general_run1/source0005/driver_stderr.txt
a9c157339aee1bdf4b971cfeff5f6c98d1a5456ba336b125c5a20f24a5bf4335	275	construction_general_run1/source0005/driver_stdout.txt
4d8fde0fd49e20ad2710f410ebcb068f134c68e4a4c6f9c67553857c4fbb3c11	4273	construction_general_run1/source0005/executed_driver.txt
1c475a06928cead8a19c5adec0962eb2cc689a735bcae797bb9d261e6d8326b2	643	construction_general_run1/source0005/executed_inputs.gp
df8efad6ce0e047908327f0332e36f42f948e5c31814536e7d71c6360c0864bf	3135	construction_general_run1/source0005/executed_protocol.md
256c6b588e725631c4a4671c80cb3093aae8bacc000fa3e4d8212489db5cddca	7897	construction_general_run1/source0005/executed_script.gp
1c475a06928cead8a19c5adec0962eb2cc689a735bcae797bb9d261e6d8326b2	643	construction_general_run1/source0005/input.gp
069ba71f621ee82d6e476bd7153fd571dca58409ed0b975de8c0413adde00ffd	303	construction_general_run1/source0005/receipt.json
3662cd3d0b59974491400fd14111031784cb1a76fc06437a26a53d8ba5279127	944	construction_general_run1/source0005/source_freeze.json
e3b0c44298fc1c149afbf4c8996fb92427ae41e4649b934ca495991b7852b855	0	construction_general_run1/source0005/stderr.txt
935495589cee587e55dde36f2a6394bb66fb6c992c44d0d68bf68dc758fbe1d1	928	construction_general_run1/source0005/stdout.txt
e3b0c44298fc1c149afbf4c8996fb92427ae41e4649b934ca495991b7852b855	0	construction_general_run1/source0006/driver_stderr.txt
f5713682058bfb846af518af122dd5c3423e2c00df0308d83764eea6271b7b1c	275	construction_general_run1/source0006/driver_stdout.txt
4d8fde0fd49e20ad2710f410ebcb068f134c68e4a4c6f9c67553857c4fbb3c11	4273	construction_general_run1/source0006/executed_driver.txt
315941a2950370146b4928b589b01b48c8257104678883843cc14c1de30ad352	645	construction_general_run1/source0006/executed_inputs.gp
df8efad6ce0e047908327f0332e36f42f948e5c31814536e7d71c6360c0864bf	3135	construction_general_run1/source0006/executed_protocol.md
256c6b588e725631c4a4671c80cb3093aae8bacc000fa3e4d8212489db5cddca	7897	construction_general_run1/source0006/executed_script.gp
315941a2950370146b4928b589b01b48c8257104678883843cc14c1de30ad352	645	construction_general_run1/source0006/input.gp
0f6603d15f8f8b7528615944188fd223fb58ffeccb30bdc8d5beab79dd9de895	303	construction_general_run1/source0006/receipt.json
f811f5784729c12263c6944a6a417d652dde78039a02cb551295cfc82ca08fed	944	construction_general_run1/source0006/source_freeze.json
e3b0c44298fc1c149afbf4c8996fb92427ae41e4649b934ca495991b7852b855	0	construction_general_run1/source0006/stderr.txt
709de82ba65586530154a80df815d2cf76cf3cfb2b9c45c5228576f320181de2	920	construction_general_run1/source0006/stdout.txt
e3b0c44298fc1c149afbf4c8996fb92427ae41e4649b934ca495991b7852b855	0	construction_general_run1/source0007/driver_stderr.txt
457db8939adb2bea480e3b36a25877b2797cccbdfc7530fcfb3f5d8e0ac959e4	275	construction_general_run1/source0007/driver_stdout.txt
4d8fde0fd49e20ad2710f410ebcb068f134c68e4a4c6f9c67553857c4fbb3c11	4273	construction_general_run1/source0007/executed_driver.txt
b6032fbc2ccbf957a9df92d2bd2447131f50f45a5076fbf79ab783a79eadcc74	644	construction_general_run1/source0007/executed_inputs.gp
df8efad6ce0e047908327f0332e36f42f948e5c31814536e7d71c6360c0864bf	3135	construction_general_run1/source0007/executed_protocol.md
256c6b588e725631c4a4671c80cb3093aae8bacc000fa3e4d8212489db5cddca	7897	construction_general_run1/source0007/executed_script.gp
b6032fbc2ccbf957a9df92d2bd2447131f50f45a5076fbf79ab783a79eadcc74	644	construction_general_run1/source0007/input.gp
0c22389f4d085790d5103a7bfd8c75fa5ef78eb6351e2982cfb10a986985f8e7	303	construction_general_run1/source0007/receipt.json
915900ca75a5910050186dd8ac3df42da3f1cd1c14bd92e41d3359ce5c6d8930	944	construction_general_run1/source0007/source_freeze.json
e3b0c44298fc1c149afbf4c8996fb92427ae41e4649b934ca495991b7852b855	0	construction_general_run1/source0007/stderr.txt
0e90e67766c8840a1e7af99aeebeb5576c551464cf8d54e279f42ec26d6b7fe0	921	construction_general_run1/source0007/stdout.txt
e3b0c44298fc1c149afbf4c8996fb92427ae41e4649b934ca495991b7852b855	0	construction_general_run1/source0008/driver_stderr.txt
bafc4bb28c83e446b637b30da03956f4c00c4bf81acc02cec76e2c5e1512af02	275	construction_general_run1/source0008/driver_stdout.txt
4d8fde0fd49e20ad2710f410ebcb068f134c68e4a4c6f9c67553857c4fbb3c11	4273	construction_general_run1/source0008/executed_driver.txt
bf1a8b61330f08b875169aae91810c8b374b39c71d81fbac8223b63779cd73eb	643	construction_general_run1/source0008/executed_inputs.gp
df8efad6ce0e047908327f0332e36f42f948e5c31814536e7d71c6360c0864bf	3135	construction_general_run1/source0008/executed_protocol.md
256c6b588e725631c4a4671c80cb3093aae8bacc000fa3e4d8212489db5cddca	7897	construction_general_run1/source0008/executed_script.gp
bf1a8b61330f08b875169aae91810c8b374b39c71d81fbac8223b63779cd73eb	643	construction_general_run1/source0008/input.gp
481b587351a035eff8ed72f974364f0edcb8fba5b6a77d12f9d0148fe2ff8355	303	construction_general_run1/source0008/receipt.json
e6833729b56092db6ad5ac43bcf06862c468be5ec0b13f84b6e90f2270abbbb1	944	construction_general_run1/source0008/source_freeze.json
e3b0c44298fc1c149afbf4c8996fb92427ae41e4649b934ca495991b7852b855	0	construction_general_run1/source0008/stderr.txt
199ec5c54c439e3a604683e9b46c3beae2d80d60815c4efed439d86250435341	920	construction_general_run1/source0008/stdout.txt
e3b0c44298fc1c149afbf4c8996fb92427ae41e4649b934ca495991b7852b855	0	construction_general_run1/source0009/driver_stderr.txt
5da19be630df3d30064eac2a0d0b25e4945ba92e1c164b1b54823c151b987518	275	construction_general_run1/source0009/driver_stdout.txt
4d8fde0fd49e20ad2710f410ebcb068f134c68e4a4c6f9c67553857c4fbb3c11	4273	construction_general_run1/source0009/executed_driver.txt
349f44e760daba21fdac7ac98338e0d011ff8c49bd0747ed03861fc9a7a0abfb	647	construction_general_run1/source0009/executed_inputs.gp
df8efad6ce0e047908327f0332e36f42f948e5c31814536e7d71c6360c0864bf	3135	construction_general_run1/source0009/executed_protocol.md
256c6b588e725631c4a4671c80cb3093aae8bacc000fa3e4d8212489db5cddca	7897	construction_general_run1/source0009/executed_script.gp
349f44e760daba21fdac7ac98338e0d011ff8c49bd0747ed03861fc9a7a0abfb	647	construction_general_run1/source0009/input.gp
6a9bf519bb80a2adb622709c0e579a3e83f5cb2f9e6054cf55f0ec6d2db4230d	303	construction_general_run1/source0009/receipt.json
9da675b4b385a01fb669464b625972768fc67aeaa9d4749c9f8f0c1105e024ac	944	construction_general_run1/source0009/source_freeze.json
e3b0c44298fc1c149afbf4c8996fb92427ae41e4649b934ca495991b7852b855	0	construction_general_run1/source0009/stderr.txt
e9846665229a714b258bcb58daa96d1705b892a0c24ed73e82c6abfdff4399d5	914	construction_general_run1/source0009/stdout.txt
e3b0c44298fc1c149afbf4c8996fb92427ae41e4649b934ca495991b7852b855	0	construction_general_run1/source0010/driver_stderr.txt
3f1c48ca71580f7b956c4a9e5d1a8fba8b6e9cff9af2b9914c505fdee568f04d	275	construction_general_run1/source0010/driver_stdout.txt
4d8fde0fd49e20ad2710f410ebcb068f134c68e4a4c6f9c67553857c4fbb3c11	4273	construction_general_run1/source0010/executed_driver.txt
0a9730ede27112f9a64beb4537bc0634ae08fd02f5c909091329debfa5b2d7af	644	construction_general_run1/source0010/executed_inputs.gp
df8efad6ce0e047908327f0332e36f42f948e5c31814536e7d71c6360c0864bf	3135	construction_general_run1/source0010/executed_protocol.md
256c6b588e725631c4a4671c80cb3093aae8bacc000fa3e4d8212489db5cddca	7897	construction_general_run1/source0010/executed_script.gp
0a9730ede27112f9a64beb4537bc0634ae08fd02f5c909091329debfa5b2d7af	644	construction_general_run1/source0010/input.gp
21d21d43345fb2fffc28d99278c4f74ed08c5cc0614f6d67f76bed771021cdc8	303	construction_general_run1/source0010/receipt.json
e633f1b169f149ca2a06db6f6c37a4fbc949a7502a1d6b6677e6390f6ee52c77	944	construction_general_run1/source0010/source_freeze.json
e3b0c44298fc1c149afbf4c8996fb92427ae41e4649b934ca495991b7852b855	0	construction_general_run1/source0010/stderr.txt
f227d5484c8db49740a0cfa1f4116c333ff05dfaf413942118e91529fad914e0	922	construction_general_run1/source0010/stdout.txt
e3b0c44298fc1c149afbf4c8996fb92427ae41e4649b934ca495991b7852b855	0	construction_general_run1/source0011/driver_stderr.txt
38dc6852937536ec274030a847cf3e190d48c98c35660912a1f51371c0a70bb1	275	construction_general_run1/source0011/driver_stdout.txt
4d8fde0fd49e20ad2710f410ebcb068f134c68e4a4c6f9c67553857c4fbb3c11	4273	construction_general_run1/source0011/executed_driver.txt
ce47390183628ee84ac4251309028b06f23c2c7dc1d3cb39546c56ff9a3d1f23	642	construction_general_run1/source0011/executed_inputs.gp
df8efad6ce0e047908327f0332e36f42f948e5c31814536e7d71c6360c0864bf	3135	construction_general_run1/source0011/executed_protocol.md
256c6b588e725631c4a4671c80cb3093aae8bacc000fa3e4d8212489db5cddca	7897	construction_general_run1/source0011/executed_script.gp
ce47390183628ee84ac4251309028b06f23c2c7dc1d3cb39546c56ff9a3d1f23	642	construction_general_run1/source0011/input.gp
763ecc8f0a6a39ae2cd2448fd98e8caa4eee72b291fdf97cbdd1ffb2d4ae4b34	303	construction_general_run1/source0011/receipt.json
15adff385fddc71cccf31a326995d4509eab3549ae0db4d266949e12e3a9d778	944	construction_general_run1/source0011/source_freeze.json
e3b0c44298fc1c149afbf4c8996fb92427ae41e4649b934ca495991b7852b855	0	construction_general_run1/source0011/stderr.txt
18bfed2fe1b727da92e4823a520006a3a04631f0a8d8f13280ad20905ab784c2	923	construction_general_run1/source0011/stdout.txt
e3b0c44298fc1c149afbf4c8996fb92427ae41e4649b934ca495991b7852b855	0	construction_general_run1/source0012/driver_stderr.txt
95043864884681103375707f68ce5511703d64d3934b85b3c64d35112e8ea6c5	275	construction_general_run1/source0012/driver_stdout.txt
4d8fde0fd49e20ad2710f410ebcb068f134c68e4a4c6f9c67553857c4fbb3c11	4273	construction_general_run1/source0012/executed_driver.txt
71a9227bcf6d9b44599a178dcedd65f00ea8a67d3eb48f9722eed289e5e5776b	636	construction_general_run1/source0012/executed_inputs.gp
df8efad6ce0e047908327f0332e36f42f948e5c31814536e7d71c6360c0864bf	3135	construction_general_run1/source0012/executed_protocol.md
256c6b588e725631c4a4671c80cb3093aae8bacc000fa3e4d8212489db5cddca	7897	construction_general_run1/source0012/executed_script.gp
71a9227bcf6d9b44599a178dcedd65f00ea8a67d3eb48f9722eed289e5e5776b	636	construction_general_run1/source0012/input.gp
a0c8d2beea52dcb6ad1a3b6c174b4689a4798c1269928bf44ca6dc85ee6217ea	303	construction_general_run1/source0012/receipt.json
02898630e0bcbac7b71b3d29d63d023bf0af5f00505f8bf47b42be8089a2f6cd	944	construction_general_run1/source0012/source_freeze.json
e3b0c44298fc1c149afbf4c8996fb92427ae41e4649b934ca495991b7852b855	0	construction_general_run1/source0012/stderr.txt
73c5aa482c73506e88ed80d1706ec731681a3316d7649079ee26ed8e981432cb	914	construction_general_run1/source0012/stdout.txt
e3b0c44298fc1c149afbf4c8996fb92427ae41e4649b934ca495991b7852b855	0	construction_general_run1/source0013/driver_stderr.txt
62fa98693e4d111c9693510a66c4da6d3dfbf20971ded93250bea99743be7b80	275	construction_general_run1/source0013/driver_stdout.txt
4d8fde0fd49e20ad2710f410ebcb068f134c68e4a4c6f9c67553857c4fbb3c11	4273	construction_general_run1/source0013/executed_driver.txt
45168f63da8c5d935ede2317a9901a3c242601851fa2369834121e879fd14dee	646	construction_general_run1/source0013/executed_inputs.gp
df8efad6ce0e047908327f0332e36f42f948e5c31814536e7d71c6360c0864bf	3135	construction_general_run1/source0013/executed_protocol.md
256c6b588e725631c4a4671c80cb3093aae8bacc000fa3e4d8212489db5cddca	7897	construction_general_run1/source0013/executed_script.gp
45168f63da8c5d935ede2317a9901a3c242601851fa2369834121e879fd14dee	646	construction_general_run1/source0013/input.gp
92f1200a36319474a0d3520b3d7dd4be8b39aaf9765c20325fe3d1d5e476a7ba	303	construction_general_run1/source0013/receipt.json
0f79c974cd3c5c86a20944e1f495e358a8e1c6aa832016da79f478228f8fef79	944	construction_general_run1/source0013/source_freeze.json
e3b0c44298fc1c149afbf4c8996fb92427ae41e4649b934ca495991b7852b855	0	construction_general_run1/source0013/stderr.txt
0c325cb0e4e6d215861601ccb46c906ccce0da50199e0d411c6f30037e250415	905	construction_general_run1/source0013/stdout.txt
e3b0c44298fc1c149afbf4c8996fb92427ae41e4649b934ca495991b7852b855	0	construction_general_run1/source0014/driver_stderr.txt
371fc2182f4a7b5a2cc80c852a9a136d7efe775656d98dfefc6565f15dc49103	275	construction_general_run1/source0014/driver_stdout.txt
4d8fde0fd49e20ad2710f410ebcb068f134c68e4a4c6f9c67553857c4fbb3c11	4273	construction_general_run1/source0014/executed_driver.txt
6b8549bf632ae6e9fd922b00047ae1432555aae0b50a0e5d30ba6d5cfcc042e4	643	construction_general_run1/source0014/executed_inputs.gp
df8efad6ce0e047908327f0332e36f42f948e5c31814536e7d71c6360c0864bf	3135	construction_general_run1/source0014/executed_protocol.md
256c6b588e725631c4a4671c80cb3093aae8bacc000fa3e4d8212489db5cddca	7897	construction_general_run1/source0014/executed_script.gp
6b8549bf632ae6e9fd922b00047ae1432555aae0b50a0e5d30ba6d5cfcc042e4	643	construction_general_run1/source0014/input.gp
c4e6c2db7fe69e6ce9b47eee6163c298d4bacb7977a75812311362f865f29021	303	construction_general_run1/source0014/receipt.json
3881aceb7f500c15669cb61fbf5dc661de9306f6d947c89865d116aa343b6d5e	944	construction_general_run1/source0014/source_freeze.json
e3b0c44298fc1c149afbf4c8996fb92427ae41e4649b934ca495991b7852b855	0	construction_general_run1/source0014/stderr.txt
6bc123adcb10a3d2bc5429b71b12879715c81856c9693cfa8a4ac2b8854d6cca	922	construction_general_run1/source0014/stdout.txt
e3b0c44298fc1c149afbf4c8996fb92427ae41e4649b934ca495991b7852b855	0	construction_general_run1/source0015/driver_stderr.txt
4473bab2444140edfd5522cb6649c78cd04e0ff8b05c30bb8a6771dbf1be34e4	275	construction_general_run1/source0015/driver_stdout.txt
4d8fde0fd49e20ad2710f410ebcb068f134c68e4a4c6f9c67553857c4fbb3c11	4273	construction_general_run1/source0015/executed_driver.txt
83b790dfed3522f30fd91f6fa3e5682d6fa8ac768d2cd2125f9247172cb3d1fd	647	construction_general_run1/source0015/executed_inputs.gp
df8efad6ce0e047908327f0332e36f42f948e5c31814536e7d71c6360c0864bf	3135	construction_general_run1/source0015/executed_protocol.md
256c6b588e725631c4a4671c80cb3093aae8bacc000fa3e4d8212489db5cddca	7897	construction_general_run1/source0015/executed_script.gp
83b790dfed3522f30fd91f6fa3e5682d6fa8ac768d2cd2125f9247172cb3d1fd	647	construction_general_run1/source0015/input.gp
e93d2d81d6fb52997004441eff70b77746cbec3cb7b5f6b5a576b00653f8b2b1	303	construction_general_run1/source0015/receipt.json
6781aff7cc7e7af9f33ef83fca4e75e3cf7f64dc9457854b42ac0ec3e2c7f6b8	944	construction_general_run1/source0015/source_freeze.json
e3b0c44298fc1c149afbf4c8996fb92427ae41e4649b934ca495991b7852b855	0	construction_general_run1/source0015/stderr.txt
448dcdcceb40d02193e2e0f506797b77053817326eca28876343b010fdd0c553	925	construction_general_run1/source0015/stdout.txt
e3b0c44298fc1c149afbf4c8996fb92427ae41e4649b934ca495991b7852b855	0	construction_general_run1/source0016/driver_stderr.txt
b7f139b9b009a62697408debdae8a92d08291bb10d5ba2efd785e18302c5ecbd	275	construction_general_run1/source0016/driver_stdout.txt
4d8fde0fd49e20ad2710f410ebcb068f134c68e4a4c6f9c67553857c4fbb3c11	4273	construction_general_run1/source0016/executed_driver.txt
36d7197d791e1a1b5b26fad48571190bc50d7d92c9427e8bfc27aeeb1913608e	649	construction_general_run1/source0016/executed_inputs.gp
df8efad6ce0e047908327f0332e36f42f948e5c31814536e7d71c6360c0864bf	3135	construction_general_run1/source0016/executed_protocol.md
256c6b588e725631c4a4671c80cb3093aae8bacc000fa3e4d8212489db5cddca	7897	construction_general_run1/source0016/executed_script.gp
36d7197d791e1a1b5b26fad48571190bc50d7d92c9427e8bfc27aeeb1913608e	649	construction_general_run1/source0016/input.gp
89548d69ffd56f462b8e6783a3b4ea98a4e554e3a66e9774c7ad8d1d3781ed00	303	construction_general_run1/source0016/receipt.json
349e7b0f9e9daf4a36afb266e37ac88cc2651f5a3e34b553165eb22dedbd1caf	944	construction_general_run1/source0016/source_freeze.json
e3b0c44298fc1c149afbf4c8996fb92427ae41e4649b934ca495991b7852b855	0	construction_general_run1/source0016/stderr.txt
4734eb7e36b7423aa800d03c0503a81d1bdd39854fca8a7c6f1490b23c19ef99	924	construction_general_run1/source0016/stdout.txt
e3b0c44298fc1c149afbf4c8996fb92427ae41e4649b934ca495991b7852b855	0	construction_general_run1/source0017/driver_stderr.txt
29f7dd369baeebb8ad6583795309b2673701585f033f9f48c8422e07c1fed4ea	275	construction_general_run1/source0017/driver_stdout.txt
4d8fde0fd49e20ad2710f410ebcb068f134c68e4a4c6f9c67553857c4fbb3c11	4273	construction_general_run1/source0017/executed_driver.txt
18c2d214f55f8edddadeed671d4a6386e6be7769d1200b22a1123e1fcadaa144	647	construction_general_run1/source0017/executed_inputs.gp
df8efad6ce0e047908327f0332e36f42f948e5c31814536e7d71c6360c0864bf	3135	construction_general_run1/source0017/executed_protocol.md
256c6b588e725631c4a4671c80cb3093aae8bacc000fa3e4d8212489db5cddca	7897	construction_general_run1/source0017/executed_script.gp
18c2d214f55f8edddadeed671d4a6386e6be7769d1200b22a1123e1fcadaa144	647	construction_general_run1/source0017/input.gp
68bb1b95aabe4a2a7c56007fea5f29f2fc3f0e8599fa4ce173505a76c59007f6	303	construction_general_run1/source0017/receipt.json
3f3b1a785498272bd003e5bddfc0e59ec03ae4fb21090125c957c3e0e910d5c8	944	construction_general_run1/source0017/source_freeze.json
e3b0c44298fc1c149afbf4c8996fb92427ae41e4649b934ca495991b7852b855	0	construction_general_run1/source0017/stderr.txt
7acf686bc3ff8cf29b403bfc9a950941d47a636792d91cf4fe24db226d799e84	923	construction_general_run1/source0017/stdout.txt
e3b0c44298fc1c149afbf4c8996fb92427ae41e4649b934ca495991b7852b855	0	construction_general_run1/source0018/driver_stderr.txt
e2c7fc020f362205cbbff2eca39c94d7b14e8bbf7d03a541b8ffa4a2a82e435e	275	construction_general_run1/source0018/driver_stdout.txt
4d8fde0fd49e20ad2710f410ebcb068f134c68e4a4c6f9c67553857c4fbb3c11	4273	construction_general_run1/source0018/executed_driver.txt
0b4d97ac9f468c0db684e273267d3e0c15ea938c6ae2257cfa661bea5b89d34f	646	construction_general_run1/source0018/executed_inputs.gp
df8efad6ce0e047908327f0332e36f42f948e5c31814536e7d71c6360c0864bf	3135	construction_general_run1/source0018/executed_protocol.md
256c6b588e725631c4a4671c80cb3093aae8bacc000fa3e4d8212489db5cddca	7897	construction_general_run1/source0018/executed_script.gp
0b4d97ac9f468c0db684e273267d3e0c15ea938c6ae2257cfa661bea5b89d34f	646	construction_general_run1/source0018/input.gp
776ce78cb0da74d735c2e44d07d3248acfb9d141f11f62d431b436b841618940	303	construction_general_run1/source0018/receipt.json
1a8da5643da2603ff45fdb28d39a749148ee2db8be24481ec31e7955076545c0	944	construction_general_run1/source0018/source_freeze.json
e3b0c44298fc1c149afbf4c8996fb92427ae41e4649b934ca495991b7852b855	0	construction_general_run1/source0018/stderr.txt
6979a35a989aba1e6c519bffcca196e8fb506e2e5e6125e5db562986d15f2d56	924	construction_general_run1/source0018/stdout.txt
e3b0c44298fc1c149afbf4c8996fb92427ae41e4649b934ca495991b7852b855	0	construction_general_run1/source0019/driver_stderr.txt
b672389c0253d9e14521bd159ad8f65e54af74485215cd0f3d20af908aa23777	275	construction_general_run1/source0019/driver_stdout.txt
4d8fde0fd49e20ad2710f410ebcb068f134c68e4a4c6f9c67553857c4fbb3c11	4273	construction_general_run1/source0019/executed_driver.txt
513f0c35d266d13b52f4fb934ab9474c7189bd03a6f107232417a282caafdb6e	645	construction_general_run1/source0019/executed_inputs.gp
df8efad6ce0e047908327f0332e36f42f948e5c31814536e7d71c6360c0864bf	3135	construction_general_run1/source0019/executed_protocol.md
256c6b588e725631c4a4671c80cb3093aae8bacc000fa3e4d8212489db5cddca	7897	construction_general_run1/source0019/executed_script.gp
513f0c35d266d13b52f4fb934ab9474c7189bd03a6f107232417a282caafdb6e	645	construction_general_run1/source0019/input.gp
64b50f9db80d76bc9e2f23bdc783b2ce999d89085ec0230d99b8d4265c9a9c6c	303	construction_general_run1/source0019/receipt.json
96ab16a6b35879ccb3e05710f3c578fcf8c3639320f95fe63651040ee1cc8eff	944	construction_general_run1/source0019/source_freeze.json
e3b0c44298fc1c149afbf4c8996fb92427ae41e4649b934ca495991b7852b855	0	construction_general_run1/source0019/stderr.txt
bbcc0ae92c70c5610693cf342daf159a18467450a008adb10474b3ff289a992c	919	construction_general_run1/source0019/stdout.txt
e3b0c44298fc1c149afbf4c8996fb92427ae41e4649b934ca495991b7852b855	0	construction_general_run1/source0020/driver_stderr.txt
ca0af0ee986af2efba58b9d0b9409045480fcf03a135dc772903e0f590c7239a	275	construction_general_run1/source0020/driver_stdout.txt
4d8fde0fd49e20ad2710f410ebcb068f134c68e4a4c6f9c67553857c4fbb3c11	4273	construction_general_run1/source0020/executed_driver.txt
9c50cde8d5297f89c5277448ba0453955bb325761243488319639b2ab045a477	647	construction_general_run1/source0020/executed_inputs.gp
df8efad6ce0e047908327f0332e36f42f948e5c31814536e7d71c6360c0864bf	3135	construction_general_run1/source0020/executed_protocol.md
256c6b588e725631c4a4671c80cb3093aae8bacc000fa3e4d8212489db5cddca	7897	construction_general_run1/source0020/executed_script.gp
9c50cde8d5297f89c5277448ba0453955bb325761243488319639b2ab045a477	647	construction_general_run1/source0020/input.gp
6288833fee809aa32075608bab38f6152e3b3da57c8320b448cd657b145a8eaa	303	construction_general_run1/source0020/receipt.json
ac572684d22ef8a6872277f5583c16249f05a2b9ceb9d0f8bbbb79f703cc576a	944	construction_general_run1/source0020/source_freeze.json
e3b0c44298fc1c149afbf4c8996fb92427ae41e4649b934ca495991b7852b855	0	construction_general_run1/source0020/stderr.txt
625f4563cddbf553e714349a3da5e2dda39a5021125bae879df8d4899a874c5e	925	construction_general_run1/source0020/stdout.txt
e3b0c44298fc1c149afbf4c8996fb92427ae41e4649b934ca495991b7852b855	0	construction_general_run1/source0021/driver_stderr.txt
4cae07aa784e160f15ddda24f8f61e4ff12f1bf72aba4484e5e9689b40558c25	275	construction_general_run1/source0021/driver_stdout.txt
4d8fde0fd49e20ad2710f410ebcb068f134c68e4a4c6f9c67553857c4fbb3c11	4273	construction_general_run1/source0021/executed_driver.txt
ffa47c61396cc1adb4fa3fd64540a71abc5504db1d24996521bbf105a55cc15b	646	construction_general_run1/source0021/executed_inputs.gp
df8efad6ce0e047908327f0332e36f42f948e5c31814536e7d71c6360c0864bf	3135	construction_general_run1/source0021/executed_protocol.md
256c6b588e725631c4a4671c80cb3093aae8bacc000fa3e4d8212489db5cddca	7897	construction_general_run1/source0021/executed_script.gp
ffa47c61396cc1adb4fa3fd64540a71abc5504db1d24996521bbf105a55cc15b	646	construction_general_run1/source0021/input.gp
735a99c97d38e9d2f548e795bc048214b20e7f323bce7b6fe841b00650e5db4e	303	construction_general_run1/source0021/receipt.json
d6feaa7c2289d8adad73c8afa355e312c8ceb1a355cb97bb2b9195d68a3f88ed	944	construction_general_run1/source0021/source_freeze.json
e3b0c44298fc1c149afbf4c8996fb92427ae41e4649b934ca495991b7852b855	0	construction_general_run1/source0021/stderr.txt
42f080045a0d7fd59a997aba7f965aa9456892ab1a05df8d5317d8bc8139f373	920	construction_general_run1/source0021/stdout.txt
e3b0c44298fc1c149afbf4c8996fb92427ae41e4649b934ca495991b7852b855	0	construction_general_run1/source0022/driver_stderr.txt
8cb07d1a6c86c50dd88814efae6b2e4983325737ba1d03baf9515cba8f275436	275	construction_general_run1/source0022/driver_stdout.txt
4d8fde0fd49e20ad2710f410ebcb068f134c68e4a4c6f9c67553857c4fbb3c11	4273	construction_general_run1/source0022/executed_driver.txt
70c5cb34708b1a9942c3603708c6e6e255da6ed18598b623a195bf65f788d0b9	644	construction_general_run1/source0022/executed_inputs.gp
df8efad6ce0e047908327f0332e36f42f948e5c31814536e7d71c6360c0864bf	3135	construction_general_run1/source0022/executed_protocol.md
256c6b588e725631c4a4671c80cb3093aae8bacc000fa3e4d8212489db5cddca	7897	construction_general_run1/source0022/executed_script.gp
70c5cb34708b1a9942c3603708c6e6e255da6ed18598b623a195bf65f788d0b9	644	construction_general_run1/source0022/input.gp
108ffdcebf58a6a487b27937e23b6d2b34729223157b3e5b00d113b79f58d332	303	construction_general_run1/source0022/receipt.json
192034b991169aacfbd6eec25f2d2e06de563dbbfedddb4af8b6e308e2b407bb	944	construction_general_run1/source0022/source_freeze.json
e3b0c44298fc1c149afbf4c8996fb92427ae41e4649b934ca495991b7852b855	0	construction_general_run1/source0022/stderr.txt
8c8a75eff5240720e40631ba4581132981811fb902e5b9648a239bd7b7d5ff48	922	construction_general_run1/source0022/stdout.txt
e3b0c44298fc1c149afbf4c8996fb92427ae41e4649b934ca495991b7852b855	0	construction_general_run1/source0023/driver_stderr.txt
3dda8d6d1a02835c21e136600bf10daa4cf826c5b0c591de0865ffa67a908c14	275	construction_general_run1/source0023/driver_stdout.txt
4d8fde0fd49e20ad2710f410ebcb068f134c68e4a4c6f9c67553857c4fbb3c11	4273	construction_general_run1/source0023/executed_driver.txt
4b1a5f28ee41e3e8850bd386d0d901045798a396441f6f1eb20d9d8bb3a9c39e	645	construction_general_run1/source0023/executed_inputs.gp
df8efad6ce0e047908327f0332e36f42f948e5c31814536e7d71c6360c0864bf	3135	construction_general_run1/source0023/executed_protocol.md
256c6b588e725631c4a4671c80cb3093aae8bacc000fa3e4d8212489db5cddca	7897	construction_general_run1/source0023/executed_script.gp
4b1a5f28ee41e3e8850bd386d0d901045798a396441f6f1eb20d9d8bb3a9c39e	645	construction_general_run1/source0023/input.gp
7dd202a7e305d59923ae41c2599af1cefc043195efaa06fdf6f471675ed280d5	303	construction_general_run1/source0023/receipt.json
e005166adc5acc430b4c29dce833fdd9502e7f203222ee3e85a37285996f4ab6	944	construction_general_run1/source0023/source_freeze.json
e3b0c44298fc1c149afbf4c8996fb92427ae41e4649b934ca495991b7852b855	0	construction_general_run1/source0023/stderr.txt
13b253dfb9b8313c2609c4f9a5ac059f078c6ae7bb40c27116f1d890fc68b119	920	construction_general_run1/source0023/stdout.txt
e3b0c44298fc1c149afbf4c8996fb92427ae41e4649b934ca495991b7852b855	0	construction_general_run1/source0024/driver_stderr.txt
bc85369309e8b71389c0e40a56267c17a1e7e2cdab42d77e4e9c4d567e216687	275	construction_general_run1/source0024/driver_stdout.txt
4d8fde0fd49e20ad2710f410ebcb068f134c68e4a4c6f9c67553857c4fbb3c11	4273	construction_general_run1/source0024/executed_driver.txt
71f486390cf2db13fddf924783140cb23f83c9883f83fccb48bd4b77b97e54aa	646	construction_general_run1/source0024/executed_inputs.gp
df8efad6ce0e047908327f0332e36f42f948e5c31814536e7d71c6360c0864bf	3135	construction_general_run1/source0024/executed_protocol.md
256c6b588e725631c4a4671c80cb3093aae8bacc000fa3e4d8212489db5cddca	7897	construction_general_run1/source0024/executed_script.gp
71f486390cf2db13fddf924783140cb23f83c9883f83fccb48bd4b77b97e54aa	646	construction_general_run1/source0024/input.gp
d161d13ed4d7b160b48ac862d538f7b36059da054663e652700cd48e1e786361	303	construction_general_run1/source0024/receipt.json
b6e72911f86244390cc16070f8f88deef049c3b4ee80ff8f556bcd9461848b98	944	construction_general_run1/source0024/source_freeze.json
e3b0c44298fc1c149afbf4c8996fb92427ae41e4649b934ca495991b7852b855	0	construction_general_run1/source0024/stderr.txt
421b2be9ca6dd1718a1fbc341a306e479b7c860407bd241867dc0c89365bab06	919	construction_general_run1/source0024/stdout.txt
e3b0c44298fc1c149afbf4c8996fb92427ae41e4649b934ca495991b7852b855	0	construction_general_run1/source0025/driver_stderr.txt
3cc9230bd992a96972c4111ab27e3d2025b03d19928172462910082388344da8	275	construction_general_run1/source0025/driver_stdout.txt
4d8fde0fd49e20ad2710f410ebcb068f134c68e4a4c6f9c67553857c4fbb3c11	4273	construction_general_run1/source0025/executed_driver.txt
bed34e70c307644b9a495ab13e3b04806475ab0315c6ec85d9ac8e724f6514c0	642	construction_general_run1/source0025/executed_inputs.gp
df8efad6ce0e047908327f0332e36f42f948e5c31814536e7d71c6360c0864bf	3135	construction_general_run1/source0025/executed_protocol.md
256c6b588e725631c4a4671c80cb3093aae8bacc000fa3e4d8212489db5cddca	7897	construction_general_run1/source0025/executed_script.gp
bed34e70c307644b9a495ab13e3b04806475ab0315c6ec85d9ac8e724f6514c0	642	construction_general_run1/source0025/input.gp
b31c04c61acd60ef679f7fc40d2f32583d56263b25fc6011dca4d29cd345e024	303	construction_general_run1/source0025/receipt.json
3c09744a61d7608e1882bd3645eda148e8ab9890006c31a347a239d4b2e7e1c3	944	construction_general_run1/source0025/source_freeze.json
e3b0c44298fc1c149afbf4c8996fb92427ae41e4649b934ca495991b7852b855	0	construction_general_run1/source0025/stderr.txt
3b8ad9a42670a85d155b041cc47861fed11fe74e77ea21436518af9ed8ae8244	909	construction_general_run1/source0025/stdout.txt
e3b0c44298fc1c149afbf4c8996fb92427ae41e4649b934ca495991b7852b855	0	construction_general_run1/source0026/driver_stderr.txt
f31ec7b5ebad405380cb61fb89ed9394a3ec82e7fe427455dcd754d723069ea8	275	construction_general_run1/source0026/driver_stdout.txt
4d8fde0fd49e20ad2710f410ebcb068f134c68e4a4c6f9c67553857c4fbb3c11	4273	construction_general_run1/source0026/executed_driver.txt
98908c029dc3e4792dcb1e8d6472d6bf9876c49457c84162dd674e6143b1d5b9	645	construction_general_run1/source0026/executed_inputs.gp
df8efad6ce0e047908327f0332e36f42f948e5c31814536e7d71c6360c0864bf	3135	construction_general_run1/source0026/executed_protocol.md
256c6b588e725631c4a4671c80cb3093aae8bacc000fa3e4d8212489db5cddca	7897	construction_general_run1/source0026/executed_script.gp
98908c029dc3e4792dcb1e8d6472d6bf9876c49457c84162dd674e6143b1d5b9	645	construction_general_run1/source0026/input.gp
2c68f0ed6f8935ba6b2ace36e3531da47d8467e56a1bbfd0d498fe5cec7dcdfe	303	construction_general_run1/source0026/receipt.json
f64240e5e40b230fd1458e57ecd2a194b61f45b094967d008092cd55ae9b6e1e	944	construction_general_run1/source0026/source_freeze.json
e3b0c44298fc1c149afbf4c8996fb92427ae41e4649b934ca495991b7852b855	0	construction_general_run1/source0026/stderr.txt
61a8551756d3c626dfca0e3ac31c067d03d9ab29136934cc8c45f5cb34877aef	918	construction_general_run1/source0026/stdout.txt
e3b0c44298fc1c149afbf4c8996fb92427ae41e4649b934ca495991b7852b855	0	construction_general_run1/source0027/driver_stderr.txt
122ea9a0d29c4917c563b2dc96a16f3281a0d63f6a8d4d5b5158dfa0d8a46310	275	construction_general_run1/source0027/driver_stdout.txt
4d8fde0fd49e20ad2710f410ebcb068f134c68e4a4c6f9c67553857c4fbb3c11	4273	construction_general_run1/source0027/executed_driver.txt
9f5b7cbf290555d6e63dd7db585c19501898afa22cf1aa74fdda6c6de849dc96	646	construction_general_run1/source0027/executed_inputs.gp
df8efad6ce0e047908327f0332e36f42f948e5c31814536e7d71c6360c0864bf	3135	construction_general_run1/source0027/executed_protocol.md
256c6b588e725631c4a4671c80cb3093aae8bacc000fa3e4d8212489db5cddca	7897	construction_general_run1/source0027/executed_script.gp
9f5b7cbf290555d6e63dd7db585c19501898afa22cf1aa74fdda6c6de849dc96	646	construction_general_run1/source0027/input.gp
2a5178dcd3e688bf38f332d22576285b46067d50ce992869c5b09a52212cb4c2	303	construction_general_run1/source0027/receipt.json
957415789ba401578adf96d185742d22607a0374cf5b66152bd5ba54e9ec6293	944	construction_general_run1/source0027/source_freeze.json
e3b0c44298fc1c149afbf4c8996fb92427ae41e4649b934ca495991b7852b855	0	construction_general_run1/source0027/stderr.txt
f6ab6ce5ada36f2027b89d02b9e1b3aa52fd761b2b05bbabde06a9a565ea3f19	907	construction_general_run1/source0027/stdout.txt
e3b0c44298fc1c149afbf4c8996fb92427ae41e4649b934ca495991b7852b855	0	construction_general_run1/source0028/driver_stderr.txt
28ef0b6d920a41c4135f02f604abe3de6ec7010455e24d65b40bb81b946393f3	275	construction_general_run1/source0028/driver_stdout.txt
4d8fde0fd49e20ad2710f410ebcb068f134c68e4a4c6f9c67553857c4fbb3c11	4273	construction_general_run1/source0028/executed_driver.txt
d81699bf1cb2fbd8316105e164be2590457b2d70eacb5e21e39a40f27918ccff	642	construction_general_run1/source0028/executed_inputs.gp
df8efad6ce0e047908327f0332e36f42f948e5c31814536e7d71c6360c0864bf	3135	construction_general_run1/source0028/executed_protocol.md
256c6b588e725631c4a4671c80cb3093aae8bacc000fa3e4d8212489db5cddca	7897	construction_general_run1/source0028/executed_script.gp
d81699bf1cb2fbd8316105e164be2590457b2d70eacb5e21e39a40f27918ccff	642	construction_general_run1/source0028/input.gp
773e4fb41aacc952a2b690f244d7fbb996e22738e71c7bc9378c6720c734f6a8	303	construction_general_run1/source0028/receipt.json
2acc145123dcb472c9de8a1e753f3d4e1535460b322ade65aa616054d49a49ef	944	construction_general_run1/source0028/source_freeze.json
e3b0c44298fc1c149afbf4c8996fb92427ae41e4649b934ca495991b7852b855	0	construction_general_run1/source0028/stderr.txt
3111824ba7955b38022331050225aef1ae2c35650badb956e1beb5e7d9e1c132	922	construction_general_run1/source0028/stdout.txt
e3b0c44298fc1c149afbf4c8996fb92427ae41e4649b934ca495991b7852b855	0	construction_general_run1/source0029/driver_stderr.txt
2ee9cadaa2c1ff4659c5966d873f607bbcca92c614473c1c72d62bec56932658	275	construction_general_run1/source0029/driver_stdout.txt
4d8fde0fd49e20ad2710f410ebcb068f134c68e4a4c6f9c67553857c4fbb3c11	4273	construction_general_run1/source0029/executed_driver.txt
e311609fb425299851fae3c14566fbce1c8a47b8d71c42456abbb64ac2346838	646	construction_general_run1/source0029/executed_inputs.gp
df8efad6ce0e047908327f0332e36f42f948e5c31814536e7d71c6360c0864bf	3135	construction_general_run1/source0029/executed_protocol.md
256c6b588e725631c4a4671c80cb3093aae8bacc000fa3e4d8212489db5cddca	7897	construction_general_run1/source0029/executed_script.gp
e311609fb425299851fae3c14566fbce1c8a47b8d71c42456abbb64ac2346838	646	construction_general_run1/source0029/input.gp
98f183f7ada7a0eb2682b71d6ea6325acc3731f2341e526d990752e34372af3c	303	construction_general_run1/source0029/receipt.json
186f7bf60ca4ec381f42b011fd22598506af8db19ef062519e552e75cda6bd46	944	construction_general_run1/source0029/source_freeze.json
e3b0c44298fc1c149afbf4c8996fb92427ae41e4649b934ca495991b7852b855	0	construction_general_run1/source0029/stderr.txt
b67d3a8aee77c196eb399d0c45a711342f5654eead84d2b998019026fb2bdb2e	927	construction_general_run1/source0029/stdout.txt
e3b0c44298fc1c149afbf4c8996fb92427ae41e4649b934ca495991b7852b855	0	construction_general_run1/source0030/driver_stderr.txt
a122e677d78bae619aba5ddfbce3ca147914070a7a299b26d0fee9419b7e6612	275	construction_general_run1/source0030/driver_stdout.txt
4d8fde0fd49e20ad2710f410ebcb068f134c68e4a4c6f9c67553857c4fbb3c11	4273	construction_general_run1/source0030/executed_driver.txt
1810e743437c815b5342435fe228315cb00ed188117c8d50ae77ccf9699300fc	644	construction_general_run1/source0030/executed_inputs.gp
df8efad6ce0e047908327f0332e36f42f948e5c31814536e7d71c6360c0864bf	3135	construction_general_run1/source0030/executed_protocol.md
256c6b588e725631c4a4671c80cb3093aae8bacc000fa3e4d8212489db5cddca	7897	construction_general_run1/source0030/executed_script.gp
1810e743437c815b5342435fe228315cb00ed188117c8d50ae77ccf9699300fc	644	construction_general_run1/source0030/input.gp
64b1f332c7a96208804ae69f84d24b5fe16747b7170522e5365ff1487a6918b0	303	construction_general_run1/source0030/receipt.json
334842d069a8602372429d28233f7752a2453728fc0eef94cab7bac0cade0846	944	construction_general_run1/source0030/source_freeze.json
e3b0c44298fc1c149afbf4c8996fb92427ae41e4649b934ca495991b7852b855	0	construction_general_run1/source0030/stderr.txt
d96bb892db34646b35a5c7f2b0f1864b3708cb095b8b5c76c8fa330490432a36	919	construction_general_run1/source0030/stdout.txt
e3b0c44298fc1c149afbf4c8996fb92427ae41e4649b934ca495991b7852b855	0	construction_general_run1/source0031/driver_stderr.txt
7c8b5ab02c60b00a97258a62aa9ba220936764244f8169d20d535d44dc8fa8ed	275	construction_general_run1/source0031/driver_stdout.txt
4d8fde0fd49e20ad2710f410ebcb068f134c68e4a4c6f9c67553857c4fbb3c11	4273	construction_general_run1/source0031/executed_driver.txt
f814740c63f948618d82b2ec4b0fe322779efc1ce45048f696853ec75a4ad9a2	646	construction_general_run1/source0031/executed_inputs.gp
df8efad6ce0e047908327f0332e36f42f948e5c31814536e7d71c6360c0864bf	3135	construction_general_run1/source0031/executed_protocol.md
256c6b588e725631c4a4671c80cb3093aae8bacc000fa3e4d8212489db5cddca	7897	construction_general_run1/source0031/executed_script.gp
f814740c63f948618d82b2ec4b0fe322779efc1ce45048f696853ec75a4ad9a2	646	construction_general_run1/source0031/input.gp
5e3a817ac57af610a5fed36f3d19d281223cfef89ea2c6e4f2e0b5c6a423afe7	303	construction_general_run1/source0031/receipt.json
ed0abcbced9058fc2631e3e1d2b8a32295202884b51e6e4156eb17e8df2d0b63	944	construction_general_run1/source0031/source_freeze.json
e3b0c44298fc1c149afbf4c8996fb92427ae41e4649b934ca495991b7852b855	0	construction_general_run1/source0031/stderr.txt
3725bc7bc9255d9c792b1fab6bb46584cd9e6d66c6311d4b6447658c54ca41ab	924	construction_general_run1/source0031/stdout.txt
e3b0c44298fc1c149afbf4c8996fb92427ae41e4649b934ca495991b7852b855	0	construction_general_run1/source0032/driver_stderr.txt
cf93333a00808e7d6095fcb257772de733a0fab99df79a4ab353e5fcc8fa77e6	275	construction_general_run1/source0032/driver_stdout.txt
4d8fde0fd49e20ad2710f410ebcb068f134c68e4a4c6f9c67553857c4fbb3c11	4273	construction_general_run1/source0032/executed_driver.txt
0464ab79852bd7bc320f7b339f55a10a1920720f86a89afb04068694bd911bdd	642	construction_general_run1/source0032/executed_inputs.gp
df8efad6ce0e047908327f0332e36f42f948e5c31814536e7d71c6360c0864bf	3135	construction_general_run1/source0032/executed_protocol.md
256c6b588e725631c4a4671c80cb3093aae8bacc000fa3e4d8212489db5cddca	7897	construction_general_run1/source0032/executed_script.gp
0464ab79852bd7bc320f7b339f55a10a1920720f86a89afb04068694bd911bdd	642	construction_general_run1/source0032/input.gp
9530a7622c14aee2c7f4a5a6a6ac5151bec24e25265ec52972d3ccd8d2c27b5d	303	construction_general_run1/source0032/receipt.json
79040e7405ae42e4210a7320a489cfc82460aa2a763e04dd5efde2a14c9e7198	944	construction_general_run1/source0032/source_freeze.json
e3b0c44298fc1c149afbf4c8996fb92427ae41e4649b934ca495991b7852b855	0	construction_general_run1/source0032/stderr.txt
f87189ce6489603b56f465fc8509747a7e8a706a7d6120f7bb54d71bc730ff21	905	construction_general_run1/source0032/stdout.txt
e3b0c44298fc1c149afbf4c8996fb92427ae41e4649b934ca495991b7852b855	0	construction_general_run1/source0033/driver_stderr.txt
ec8047318887defcb303c5db7eb5c5b7bcbc348beca49a6438c4e0a6602d95b0	275	construction_general_run1/source0033/driver_stdout.txt
4d8fde0fd49e20ad2710f410ebcb068f134c68e4a4c6f9c67553857c4fbb3c11	4273	construction_general_run1/source0033/executed_driver.txt
7c602921f89b30aa399d2e48eb184bfb83b84730e18d01004a256a0249aa45eb	760	construction_general_run1/source0033/executed_inputs.gp
df8efad6ce0e047908327f0332e36f42f948e5c31814536e7d71c6360c0864bf	3135	construction_general_run1/source0033/executed_protocol.md
256c6b588e725631c4a4671c80cb3093aae8bacc000fa3e4d8212489db5cddca	7897	construction_general_run1/source0033/executed_script.gp
7c602921f89b30aa399d2e48eb184bfb83b84730e18d01004a256a0249aa45eb	760	construction_general_run1/source0033/input.gp
41eaa1ef0b2ba66ed437371190c34c36b5aaea07d17f476672a607b8e6bd1065	303	construction_general_run1/source0033/receipt.json
7cee83a9074cdb67ce111e6790f295ce15f90d79276ce25d18b3404f1d436516	944	construction_general_run1/source0033/source_freeze.json
e3b0c44298fc1c149afbf4c8996fb92427ae41e4649b934ca495991b7852b855	0	construction_general_run1/source0033/stderr.txt
fd92c20d65dc63623ef15d4f1fc11d0d8c43d6f111e579f3b2c149fc9f545819	1048	construction_general_run1/source0033/stdout.txt
e3b0c44298fc1c149afbf4c8996fb92427ae41e4649b934ca495991b7852b855	0	construction_general_run1/source0034/driver_stderr.txt
40dad3093a21476f676090958fca9ec19f5e6a7e3eda04aefdbf7a5dec48e87b	275	construction_general_run1/source0034/driver_stdout.txt
4d8fde0fd49e20ad2710f410ebcb068f134c68e4a4c6f9c67553857c4fbb3c11	4273	construction_general_run1/source0034/executed_driver.txt
2eff9144e53779a465dfdc26dbccbda5a65be040522aea9ce24b19cd6dbb7eda	757	construction_general_run1/source0034/executed_inputs.gp
df8efad6ce0e047908327f0332e36f42f948e5c31814536e7d71c6360c0864bf	3135	construction_general_run1/source0034/executed_protocol.md
256c6b588e725631c4a4671c80cb3093aae8bacc000fa3e4d8212489db5cddca	7897	construction_general_run1/source0034/executed_script.gp
2eff9144e53779a465dfdc26dbccbda5a65be040522aea9ce24b19cd6dbb7eda	757	construction_general_run1/source0034/input.gp
f13c5d615a2626d396e526face30b90e120d3f9d6e71cc2979a1db17d9cdba5f	303	construction_general_run1/source0034/receipt.json
6006f85f1097003da6892af70cb013f505e8521d7beeddc7e398d591bd5e1033	944	construction_general_run1/source0034/source_freeze.json
e3b0c44298fc1c149afbf4c8996fb92427ae41e4649b934ca495991b7852b855	0	construction_general_run1/source0034/stderr.txt
e55ba5e11c82036d296bac46eb323d32d810b55d0b3f0d88973c64a2054aedb8	1053	construction_general_run1/source0034/stdout.txt
e3b0c44298fc1c149afbf4c8996fb92427ae41e4649b934ca495991b7852b855	0	construction_general_run1/source0035/driver_stderr.txt
bb191e05cc79f2814c3b5e2b0f939d1376321ba245447ee7c7bfea794991705f	275	construction_general_run1/source0035/driver_stdout.txt
4d8fde0fd49e20ad2710f410ebcb068f134c68e4a4c6f9c67553857c4fbb3c11	4273	construction_general_run1/source0035/executed_driver.txt
412c841dc7fe1202afa50690cf08206edb01e90d27ae6162f397260f5918a811	755	construction_general_run1/source0035/executed_inputs.gp
df8efad6ce0e047908327f0332e36f42f948e5c31814536e7d71c6360c0864bf	3135	construction_general_run1/source0035/executed_protocol.md
256c6b588e725631c4a4671c80cb3093aae8bacc000fa3e4d8212489db5cddca	7897	construction_general_run1/source0035/executed_script.gp
412c841dc7fe1202afa50690cf08206edb01e90d27ae6162f397260f5918a811	755	construction_general_run1/source0035/input.gp
abf6ed2ba059f9dfec9c328a6689c1e0869cdfa99a2412880b4fb50ce3a0519c	303	construction_general_run1/source0035/receipt.json
710a8dcc3858864ea1c07d072775f8ee10a566519488c02b28b21de6baefaa36	944	construction_general_run1/source0035/source_freeze.json
e3b0c44298fc1c149afbf4c8996fb92427ae41e4649b934ca495991b7852b855	0	construction_general_run1/source0035/stderr.txt
32587e8939bb142189dabc437279861f1ba241824cf58e101b8093c111501cd3	1047	construction_general_run1/source0035/stdout.txt
e3b0c44298fc1c149afbf4c8996fb92427ae41e4649b934ca495991b7852b855	0	construction_general_run1/source0036/driver_stderr.txt
bd000ca9ff9cc561c17aa6287417533981c6e6f078cb375d1dd0a281f7bb41e3	275	construction_general_run1/source0036/driver_stdout.txt
4d8fde0fd49e20ad2710f410ebcb068f134c68e4a4c6f9c67553857c4fbb3c11	4273	construction_general_run1/source0036/executed_driver.txt
a811d99faf9f013f4859afe2ac8d78eb53f01e9f267040edd2e155056712fab1	757	construction_general_run1/source0036/executed_inputs.gp
df8efad6ce0e047908327f0332e36f42f948e5c31814536e7d71c6360c0864bf	3135	construction_general_run1/source0036/executed_protocol.md
256c6b588e725631c4a4671c80cb3093aae8bacc000fa3e4d8212489db5cddca	7897	construction_general_run1/source0036/executed_script.gp
a811d99faf9f013f4859afe2ac8d78eb53f01e9f267040edd2e155056712fab1	757	construction_general_run1/source0036/input.gp
d629f07aa1e448ebeec6b82b581323fa26c7c0badfca3e724fd3a212bc87dde7	303	construction_general_run1/source0036/receipt.json
fc1c8686db0cf7a0b66b68331f9080fa8128096592f0e5536c5fc044b731183d	944	construction_general_run1/source0036/source_freeze.json
e3b0c44298fc1c149afbf4c8996fb92427ae41e4649b934ca495991b7852b855	0	construction_general_run1/source0036/stderr.txt
86357d50b8f482ad0689867e0537434fe271681869242313afdf2badbd8c937e	1045	construction_general_run1/source0036/stdout.txt
e3b0c44298fc1c149afbf4c8996fb92427ae41e4649b934ca495991b7852b855	0	construction_general_run1/source0037/driver_stderr.txt
310e941fcd91874298bb0f3e0e15880ddaedb5981dc9c54812981f4bc1c4f25b	275	construction_general_run1/source0037/driver_stdout.txt
4d8fde0fd49e20ad2710f410ebcb068f134c68e4a4c6f9c67553857c4fbb3c11	4273	construction_general_run1/source0037/executed_driver.txt
91396af854fcd1f3812a77c53caf1bcd56608cfde86b04591d239c1e8835b6b4	761	construction_general_run1/source0037/executed_inputs.gp
df8efad6ce0e047908327f0332e36f42f948e5c31814536e7d71c6360c0864bf	3135	construction_general_run1/source0037/executed_protocol.md
256c6b588e725631c4a4671c80cb3093aae8bacc000fa3e4d8212489db5cddca	7897	construction_general_run1/source0037/executed_script.gp
91396af854fcd1f3812a77c53caf1bcd56608cfde86b04591d239c1e8835b6b4	761	construction_general_run1/source0037/input.gp
cf309021483c09024ee16475bec7c304e275eefce9538d35804dc09ba7fc10b2	303	construction_general_run1/source0037/receipt.json
7f7be87c53c8ffe17ed1e62ce781826bdb572fd7b2cf91ca1a0b04c5a54604e4	944	construction_general_run1/source0037/source_freeze.json
e3b0c44298fc1c149afbf4c8996fb92427ae41e4649b934ca495991b7852b855	0	construction_general_run1/source0037/stderr.txt
5b53dbfed57af0b24f30a5bea5978d5b6e2683549e37bdd036f20e6a4e4fc714	1050	construction_general_run1/source0037/stdout.txt
e3b0c44298fc1c149afbf4c8996fb92427ae41e4649b934ca495991b7852b855	0	construction_general_run1/source0038/driver_stderr.txt
187420ac97182e19105374976bab20f13f8f09621b53cabb4cee3f5c32e902a1	275	construction_general_run1/source0038/driver_stdout.txt
4d8fde0fd49e20ad2710f410ebcb068f134c68e4a4c6f9c67553857c4fbb3c11	4273	construction_general_run1/source0038/executed_driver.txt
9f20e88c0958ec676efe2cd9880715c98b3c22b9fe9da8114c9d4fdd7a3077cd	760	construction_general_run1/source0038/executed_inputs.gp
df8efad6ce0e047908327f0332e36f42f948e5c31814536e7d71c6360c0864bf	3135	construction_general_run1/source0038/executed_protocol.md
256c6b588e725631c4a4671c80cb3093aae8bacc000fa3e4d8212489db5cddca	7897	construction_general_run1/source0038/executed_script.gp
9f20e88c0958ec676efe2cd9880715c98b3c22b9fe9da8114c9d4fdd7a3077cd	760	construction_general_run1/source0038/input.gp
40455bcd718e981d4c7913835e06c4f208e6c0ef13abb81a5d5c702876213a4f	303	construction_general_run1/source0038/receipt.json
896defed5af52974030aa2d5718e8e74a11447d5c73b1c598e3f23c8fdafee3a	944	construction_general_run1/source0038/source_freeze.json
e3b0c44298fc1c149afbf4c8996fb92427ae41e4649b934ca495991b7852b855	0	construction_general_run1/source0038/stderr.txt
e5b6176d298b1eb56f026dcda520b91e27ce9d8fb23846acb458b4486691ca76	1033	construction_general_run1/source0038/stdout.txt
e3b0c44298fc1c149afbf4c8996fb92427ae41e4649b934ca495991b7852b855	0	construction_general_run1/source0039/driver_stderr.txt
b718b289cb6e2a68b7be3e9b384663cb8c97dfdcc50f87766a52fd68bca09008	275	construction_general_run1/source0039/driver_stdout.txt
4d8fde0fd49e20ad2710f410ebcb068f134c68e4a4c6f9c67553857c4fbb3c11	4273	construction_general_run1/source0039/executed_driver.txt
20c513f936befa98f81fc8f7e94bb223728325e35cd93489e7e4f38ec8aa282f	758	construction_general_run1/source0039/executed_inputs.gp
df8efad6ce0e047908327f0332e36f42f948e5c31814536e7d71c6360c0864bf	3135	construction_general_run1/source0039/executed_protocol.md
256c6b588e725631c4a4671c80cb3093aae8bacc000fa3e4d8212489db5cddca	7897	construction_general_run1/source0039/executed_script.gp
20c513f936befa98f81fc8f7e94bb223728325e35cd93489e7e4f38ec8aa282f	758	construction_general_run1/source0039/input.gp
76412093d72968c90d8cade44ee001a277f8a177bebf9447dfed7b7e0c99effc	303	construction_general_run1/source0039/receipt.json
e7e4dc8c56078e09eb9c1bde21d3c5715968eb117e8c405f28a0166ea1d6bf7a	944	construction_general_run1/source0039/source_freeze.json
e3b0c44298fc1c149afbf4c8996fb92427ae41e4649b934ca495991b7852b855	0	construction_general_run1/source0039/stderr.txt
db2d9c56b6f7aec1702042acf8360a25afaf699a792f04e9b13fe556cfdd58cc	1042	construction_general_run1/source0039/stdout.txt
e3b0c44298fc1c149afbf4c8996fb92427ae41e4649b934ca495991b7852b855	0	construction_general_run1/source0040/driver_stderr.txt
6ecc804514add7f43dcf91ea772de2a27caaefa6f15b652c7e64e874a46089da	275	construction_general_run1/source0040/driver_stdout.txt
4d8fde0fd49e20ad2710f410ebcb068f134c68e4a4c6f9c67553857c4fbb3c11	4273	construction_general_run1/source0040/executed_driver.txt
d395e1ab87894d421d31fd2f20e8943680facf22f77dc3076343d64527d85260	755	construction_general_run1/source0040/executed_inputs.gp
df8efad6ce0e047908327f0332e36f42f948e5c31814536e7d71c6360c0864bf	3135	construction_general_run1/source0040/executed_protocol.md
256c6b588e725631c4a4671c80cb3093aae8bacc000fa3e4d8212489db5cddca	7897	construction_general_run1/source0040/executed_script.gp
d395e1ab87894d421d31fd2f20e8943680facf22f77dc3076343d64527d85260	755	construction_general_run1/source0040/input.gp
4d4fc6e4b31406953fa032738f47627a71be89e9af443b59481af5c4b2debe90	303	construction_general_run1/source0040/receipt.json
3c26be960d65f93d6479cb9b015e37e56253719da75cdaf00c7f652c5d651091	944	construction_general_run1/source0040/source_freeze.json
e3b0c44298fc1c149afbf4c8996fb92427ae41e4649b934ca495991b7852b855	0	construction_general_run1/source0040/stderr.txt
f1cc14377813f1122d5180710b1e81db375dc25fd3ea9c8c68fc4585da4a1d3b	1034	construction_general_run1/source0040/stdout.txt
e3b0c44298fc1c149afbf4c8996fb92427ae41e4649b934ca495991b7852b855	0	construction_general_run1/source0041/driver_stderr.txt
21437c1547626ce29dfe57788820cb7977e91d83d64dd62678b45dc520a3d4a5	275	construction_general_run1/source0041/driver_stdout.txt
4d8fde0fd49e20ad2710f410ebcb068f134c68e4a4c6f9c67553857c4fbb3c11	4273	construction_general_run1/source0041/executed_driver.txt
abbce4f77c12b1c6bc41ceffb7de12a9f9f5eb4bc81d589ddf7eb22b5ee2edbe	754	construction_general_run1/source0041/executed_inputs.gp
df8efad6ce0e047908327f0332e36f42f948e5c31814536e7d71c6360c0864bf	3135	construction_general_run1/source0041/executed_protocol.md
256c6b588e725631c4a4671c80cb3093aae8bacc000fa3e4d8212489db5cddca	7897	construction_general_run1/source0041/executed_script.gp
abbce4f77c12b1c6bc41ceffb7de12a9f9f5eb4bc81d589ddf7eb22b5ee2edbe	754	construction_general_run1/source0041/input.gp
ec7b156a09cc91495fb50928dc4cb92961e980b0f3b224f4c2ef433ca802745f	303	construction_general_run1/source0041/receipt.json
14b89693d93ffc658dfcffa725d0444bf314fffe14f331e21791c453bd420638	944	construction_general_run1/source0041/source_freeze.json
e3b0c44298fc1c149afbf4c8996fb92427ae41e4649b934ca495991b7852b855	0	construction_general_run1/source0041/stderr.txt
5f62d2a796a20f66a2bc58ff383fa9420b7e5e669ead33ab092e4cb656932f65	1041	construction_general_run1/source0041/stdout.txt
e3b0c44298fc1c149afbf4c8996fb92427ae41e4649b934ca495991b7852b855	0	construction_general_run1/source0042/driver_stderr.txt
9c1e5c9c4981a5085b1bc16448072ff4f9bee1ffce62fbb4daf5beb7aec21319	275	construction_general_run1/source0042/driver_stdout.txt
4d8fde0fd49e20ad2710f410ebcb068f134c68e4a4c6f9c67553857c4fbb3c11	4273	construction_general_run1/source0042/executed_driver.txt
59445542b0f44b95a2eaf9ef1f54930509cf81ff5ea9579a2e1e61441d1b53f6	761	construction_general_run1/source0042/executed_inputs.gp
df8efad6ce0e047908327f0332e36f42f948e5c31814536e7d71c6360c0864bf	3135	construction_general_run1/source0042/executed_protocol.md
256c6b588e725631c4a4671c80cb3093aae8bacc000fa3e4d8212489db5cddca	7897	construction_general_run1/source0042/executed_script.gp
59445542b0f44b95a2eaf9ef1f54930509cf81ff5ea9579a2e1e61441d1b53f6	761	construction_general_run1/source0042/input.gp
8b150c734693e4eaa12fd19213b93a5d66c355294ec1a0b7c86e297d6a316b4d	303	construction_general_run1/source0042/receipt.json
ac6e4a7e5924a50334efd8aced707fefbcfbc94d5b07d76312b1c4123efbe015	944	construction_general_run1/source0042/source_freeze.json
e3b0c44298fc1c149afbf4c8996fb92427ae41e4649b934ca495991b7852b855	0	construction_general_run1/source0042/stderr.txt
5fe11f9de6f41dc758e70da1a5edf67b3186560647940abfe690447037be8eb3	1035	construction_general_run1/source0042/stdout.txt
e3b0c44298fc1c149afbf4c8996fb92427ae41e4649b934ca495991b7852b855	0	construction_general_run1/source0043/driver_stderr.txt
fdcc9f578cab894f50714bcab619ed3e7d9f02bcf7b62e889accc3bf9f2b8f37	275	construction_general_run1/source0043/driver_stdout.txt
4d8fde0fd49e20ad2710f410ebcb068f134c68e4a4c6f9c67553857c4fbb3c11	4273	construction_general_run1/source0043/executed_driver.txt
eab22dddd680101c6f59bb3a0ecfd1835eb9e77d10038a385c95863abc4e07aa	760	construction_general_run1/source0043/executed_inputs.gp
df8efad6ce0e047908327f0332e36f42f948e5c31814536e7d71c6360c0864bf	3135	construction_general_run1/source0043/executed_protocol.md
256c6b588e725631c4a4671c80cb3093aae8bacc000fa3e4d8212489db5cddca	7897	construction_general_run1/source0043/executed_script.gp
eab22dddd680101c6f59bb3a0ecfd1835eb9e77d10038a385c95863abc4e07aa	760	construction_general_run1/source0043/input.gp
0f3450df3e0567e8402ee6ee06ff2851137be45662e5c220c501b741832869aa	303	construction_general_run1/source0043/receipt.json
c2bb386d5b3731ec1e3d3c1297aa5b94780991acdf7ceb9b787f4bf5dc27f6a2	944	construction_general_run1/source0043/source_freeze.json
e3b0c44298fc1c149afbf4c8996fb92427ae41e4649b934ca495991b7852b855	0	construction_general_run1/source0043/stderr.txt
2fc0540345e22b5e57f6842547cdd0ef418641d4335ad833f1d19c4bd8d35582	1049	construction_general_run1/source0043/stdout.txt
e3b0c44298fc1c149afbf4c8996fb92427ae41e4649b934ca495991b7852b855	0	construction_general_run1/source0044/driver_stderr.txt
4f1afff3cb7adf63305cd07c2965ca8b4a99c2d6f3d749201e06b742d76f0460	275	construction_general_run1/source0044/driver_stdout.txt
4d8fde0fd49e20ad2710f410ebcb068f134c68e4a4c6f9c67553857c4fbb3c11	4273	construction_general_run1/source0044/executed_driver.txt
75729a8b5a6caf10fb647188a00602dc04b8deb8dd1ee7f7d559bc96a13f9da0	762	construction_general_run1/source0044/executed_inputs.gp
df8efad6ce0e047908327f0332e36f42f948e5c31814536e7d71c6360c0864bf	3135	construction_general_run1/source0044/executed_protocol.md
256c6b588e725631c4a4671c80cb3093aae8bacc000fa3e4d8212489db5cddca	7897	construction_general_run1/source0044/executed_script.gp
75729a8b5a6caf10fb647188a00602dc04b8deb8dd1ee7f7d559bc96a13f9da0	762	construction_general_run1/source0044/input.gp
33f23b7e6a3a18985d5b2e4ef796d54381dd4260554fab44078231d16ab1f4fd	303	construction_general_run1/source0044/receipt.json
ebde8444341ffa810dc53446da4713fa7157b20d7e93c382bd29a5fdafca7967	944	construction_general_run1/source0044/source_freeze.json
e3b0c44298fc1c149afbf4c8996fb92427ae41e4649b934ca495991b7852b855	0	construction_general_run1/source0044/stderr.txt
7107fccc770bccc6d542c62234b8d8323cf0950272af6f402c54f8c6fca5a1f3	1048	construction_general_run1/source0044/stdout.txt
e3b0c44298fc1c149afbf4c8996fb92427ae41e4649b934ca495991b7852b855	0	construction_general_run1/source0045/driver_stderr.txt
7b3368afa055b3964fa240e243cf77893d77e550fbb8a7f310a7e1bb69db7c4d	275	construction_general_run1/source0045/driver_stdout.txt
4d8fde0fd49e20ad2710f410ebcb068f134c68e4a4c6f9c67553857c4fbb3c11	4273	construction_general_run1/source0045/executed_driver.txt
bb434bf78d4fe45b38bacb543236b9d0bd653bd8ce549a8dbcfd57bd020db7c5	760	construction_general_run1/source0045/executed_inputs.gp
df8efad6ce0e047908327f0332e36f42f948e5c31814536e7d71c6360c0864bf	3135	construction_general_run1/source0045/executed_protocol.md
256c6b588e725631c4a4671c80cb3093aae8bacc000fa3e4d8212489db5cddca	7897	construction_general_run1/source0045/executed_script.gp
bb434bf78d4fe45b38bacb543236b9d0bd653bd8ce549a8dbcfd57bd020db7c5	760	construction_general_run1/source0045/input.gp
154fd3b13a284a503569047bad84fbdd63f5c6806f72cdbb7fed92b24ff54fed	303	construction_general_run1/source0045/receipt.json
e8f865f2adcf6a6f73271d08c8247bd765968ec88e1ad0f1276c0a7629e39da2	944	construction_general_run1/source0045/source_freeze.json
e3b0c44298fc1c149afbf4c8996fb92427ae41e4649b934ca495991b7852b855	0	construction_general_run1/source0045/stderr.txt
61a97f3fc46301a6965a49e907a14fb7d482f5d2690de32cd631ec381a5bae18	1048	construction_general_run1/source0045/stdout.txt
e3b0c44298fc1c149afbf4c8996fb92427ae41e4649b934ca495991b7852b855	0	construction_general_run1/source0046/driver_stderr.txt
c371c9137b0f7cb9840d5d3685878a280c1b66bed4ae09f4470050d7880c68fc	275	construction_general_run1/source0046/driver_stdout.txt
4d8fde0fd49e20ad2710f410ebcb068f134c68e4a4c6f9c67553857c4fbb3c11	4273	construction_general_run1/source0046/executed_driver.txt
e4d5e1faac15e00ab71aeb89d8595c949d472092ab5ef52db735eaf11aff8f22	755	construction_general_run1/source0046/executed_inputs.gp
df8efad6ce0e047908327f0332e36f42f948e5c31814536e7d71c6360c0864bf	3135	construction_general_run1/source0046/executed_protocol.md
256c6b588e725631c4a4671c80cb3093aae8bacc000fa3e4d8212489db5cddca	7897	construction_general_run1/source0046/executed_script.gp
e4d5e1faac15e00ab71aeb89d8595c949d472092ab5ef52db735eaf11aff8f22	755	construction_general_run1/source0046/input.gp
7acf1b50bd18ef7fac907d8c77a53e2bcb231738146673cf0c5b59327cfb1f4d	303	construction_general_run1/source0046/receipt.json
2b5b46d4e84dd7e4499850b280a13f39006d33c019c46572fb32f38997c5df9a	944	construction_general_run1/source0046/source_freeze.json
e3b0c44298fc1c149afbf4c8996fb92427ae41e4649b934ca495991b7852b855	0	construction_general_run1/source0046/stderr.txt
4b493c1d4b7a59dfa9913bfe81491eb136482e2e7e1f763497f03e40217c3733	1044	construction_general_run1/source0046/stdout.txt
e3b0c44298fc1c149afbf4c8996fb92427ae41e4649b934ca495991b7852b855	0	construction_general_run1/source0047/driver_stderr.txt
70a4b2ae61d45cba3754a48b2b6043cc857899b0007bd44e6803450ca51d2cda	275	construction_general_run1/source0047/driver_stdout.txt
4d8fde0fd49e20ad2710f410ebcb068f134c68e4a4c6f9c67553857c4fbb3c11	4273	construction_general_run1/source0047/executed_driver.txt
0aefe45ad284cf26e9322de0b7444971e37040948d2813101d6ebe44ba4e66c6	755	construction_general_run1/source0047/executed_inputs.gp
df8efad6ce0e047908327f0332e36f42f948e5c31814536e7d71c6360c0864bf	3135	construction_general_run1/source0047/executed_protocol.md
256c6b588e725631c4a4671c80cb3093aae8bacc000fa3e4d8212489db5cddca	7897	construction_general_run1/source0047/executed_script.gp
0aefe45ad284cf26e9322de0b7444971e37040948d2813101d6ebe44ba4e66c6	755	construction_general_run1/source0047/input.gp
0054d5868aea974f913731669cb05066a0c70750655fd62d8f3a5c3496fdcc43	303	construction_general_run1/source0047/receipt.json
51b5431acc3651b23ed363f9e77480b72d07ed545155858f40bd73c007e4a325	944	construction_general_run1/source0047/source_freeze.json
e3b0c44298fc1c149afbf4c8996fb92427ae41e4649b934ca495991b7852b855	0	construction_general_run1/source0047/stderr.txt
7313a87c0eecbf775ce247e47e3547de6e6abfef8dae9abcc6ccd5caf7327250	1037	construction_general_run1/source0047/stdout.txt
e3b0c44298fc1c149afbf4c8996fb92427ae41e4649b934ca495991b7852b855	0	construction_general_run1/source0048/driver_stderr.txt
ee309678ff81b7c9c4e3900ef5c435fc82a30e23e948e010779895a8a8cd9b63	275	construction_general_run1/source0048/driver_stdout.txt
4d8fde0fd49e20ad2710f410ebcb068f134c68e4a4c6f9c67553857c4fbb3c11	4273	construction_general_run1/source0048/executed_driver.txt
b43ac1a73be386adfd502e695ec51e8383e334cfaa2d1401089b210392bd7944	754	construction_general_run1/source0048/executed_inputs.gp
df8efad6ce0e047908327f0332e36f42f948e5c31814536e7d71c6360c0864bf	3135	construction_general_run1/source0048/executed_protocol.md
256c6b588e725631c4a4671c80cb3093aae8bacc000fa3e4d8212489db5cddca	7897	construction_general_run1/source0048/executed_script.gp
b43ac1a73be386adfd502e695ec51e8383e334cfaa2d1401089b210392bd7944	754	construction_general_run1/source0048/input.gp
5a81eaa0ccc21e04811e4288db5e6b2837297fdd1d3efba8627f6a3db0392c28	303	construction_general_run1/source0048/receipt.json
5ab3685117b54d6bd3b01d3d11c3d1c9a41f80b35251bec32589898ab51122e4	944	construction_general_run1/source0048/source_freeze.json
e3b0c44298fc1c149afbf4c8996fb92427ae41e4649b934ca495991b7852b855	0	construction_general_run1/source0048/stderr.txt
e9e807679dca03165042af12d9a3c34a971b3b5ee212572b84e9e4511229ebc2	1050	construction_general_run1/source0048/stdout.txt
e3b0c44298fc1c149afbf4c8996fb92427ae41e4649b934ca495991b7852b855	0	construction_general_run1/source0049/driver_stderr.txt
e57b1fc0ea2ad7ebec29a00a622b6463b9968dc5f446680667fde972c7c35ad8	275	construction_general_run1/source0049/driver_stdout.txt
4d8fde0fd49e20ad2710f410ebcb068f134c68e4a4c6f9c67553857c4fbb3c11	4273	construction_general_run1/source0049/executed_driver.txt
5edca315df555b9f7b1cf929d7d392794d5497eae9800a73404d5fccbfe35589	755	construction_general_run1/source0049/executed_inputs.gp
df8efad6ce0e047908327f0332e36f42f948e5c31814536e7d71c6360c0864bf	3135	construction_general_run1/source0049/executed_protocol.md
256c6b588e725631c4a4671c80cb3093aae8bacc000fa3e4d8212489db5cddca	7897	construction_general_run1/source0049/executed_script.gp
5edca315df555b9f7b1cf929d7d392794d5497eae9800a73404d5fccbfe35589	755	construction_general_run1/source0049/input.gp
b7a4036ba19263a2ac1fa1a8ff2fe9fabdb8a09a87710234b9b6dcc65728deed	303	construction_general_run1/source0049/receipt.json
4a76a2e9c2f194955e72261189e76b265df52d80edc1389dc29320dea79f0de1	944	construction_general_run1/source0049/source_freeze.json
e3b0c44298fc1c149afbf4c8996fb92427ae41e4649b934ca495991b7852b855	0	construction_general_run1/source0049/stderr.txt
ef61b43e0b1f234eebc78136dfbe4ec97168b436eb1a170476b4df701edf43f3	1047	construction_general_run1/source0049/stdout.txt
e3b0c44298fc1c149afbf4c8996fb92427ae41e4649b934ca495991b7852b855	0	construction_general_run1/source0050/driver_stderr.txt
e976a8b01fa0b1202c452541e031ab70f780a626fa76b71bffbb375af7b8ef9c	275	construction_general_run1/source0050/driver_stdout.txt
4d8fde0fd49e20ad2710f410ebcb068f134c68e4a4c6f9c67553857c4fbb3c11	4273	construction_general_run1/source0050/executed_driver.txt
a6d3870632724eb9c266e415f1fa6acdb1c6c82683f435a9ee15c27296902223	753	construction_general_run1/source0050/executed_inputs.gp
df8efad6ce0e047908327f0332e36f42f948e5c31814536e7d71c6360c0864bf	3135	construction_general_run1/source0050/executed_protocol.md
256c6b588e725631c4a4671c80cb3093aae8bacc000fa3e4d8212489db5cddca	7897	construction_general_run1/source0050/executed_script.gp
a6d3870632724eb9c266e415f1fa6acdb1c6c82683f435a9ee15c27296902223	753	construction_general_run1/source0050/input.gp
659f7a3bdeb23b8e54259710cc2bf7f9f0eac9a7dc3cbb31647b99469432f494	303	construction_general_run1/source0050/receipt.json
c90079db1cdef22c4ea87f6778d7e34b653507e39d8e3bc8ff52dee75f309718	944	construction_general_run1/source0050/source_freeze.json
e3b0c44298fc1c149afbf4c8996fb92427ae41e4649b934ca495991b7852b855	0	construction_general_run1/source0050/stderr.txt
56529ee54aef9167b1e29aeee6a84fff5ecbe2da5f1b89337fa9114cc1553bd7	1044	construction_general_run1/source0050/stdout.txt
e3b0c44298fc1c149afbf4c8996fb92427ae41e4649b934ca495991b7852b855	0	construction_general_run1/source0051/driver_stderr.txt
fb7151068ac030c7beb27cebf04402a0ed1ddbc6246028844d88efdbc8c5ee1d	275	construction_general_run1/source0051/driver_stdout.txt
4d8fde0fd49e20ad2710f410ebcb068f134c68e4a4c6f9c67553857c4fbb3c11	4273	construction_general_run1/source0051/executed_driver.txt
84070b69417c35067e4e30bfd73c556f8b3ca8ac9187b80917475a6379604ac6	757	construction_general_run1/source0051/executed_inputs.gp
df8efad6ce0e047908327f0332e36f42f948e5c31814536e7d71c6360c0864bf	3135	construction_general_run1/source0051/executed_protocol.md
256c6b588e725631c4a4671c80cb3093aae8bacc000fa3e4d8212489db5cddca	7897	construction_general_run1/source0051/executed_script.gp
84070b69417c35067e4e30bfd73c556f8b3ca8ac9187b80917475a6379604ac6	757	construction_general_run1/source0051/input.gp
db7c0a7d6b67de7ee4af55037336aedeb4afdacb7032e79c3d5d697665dff520	303	construction_general_run1/source0051/receipt.json
9a34fdaca043ad6c2c33ef3473d63fe23de9bd502eeab950b90d4b75580a1028	944	construction_general_run1/source0051/source_freeze.json
e3b0c44298fc1c149afbf4c8996fb92427ae41e4649b934ca495991b7852b855	0	construction_general_run1/source0051/stderr.txt
d6641f8a5426180009f458ea8bbcdef10ee2d2b31235b5677d20f095714c9baf	1029	construction_general_run1/source0051/stdout.txt
e3b0c44298fc1c149afbf4c8996fb92427ae41e4649b934ca495991b7852b855	0	construction_general_run1/source0052/driver_stderr.txt
785852dfc613d7fe8eeb532db2d44ac4cb20f38d0440305e96f1a994c66d3ff6	275	construction_general_run1/source0052/driver_stdout.txt
4d8fde0fd49e20ad2710f410ebcb068f134c68e4a4c6f9c67553857c4fbb3c11	4273	construction_general_run1/source0052/executed_driver.txt
3cabbba18aac360fdfd36f901389277a28fa86b0df84d0581d078b995c873165	760	construction_general_run1/source0052/executed_inputs.gp
df8efad6ce0e047908327f0332e36f42f948e5c31814536e7d71c6360c0864bf	3135	construction_general_run1/source0052/executed_protocol.md
256c6b588e725631c4a4671c80cb3093aae8bacc000fa3e4d8212489db5cddca	7897	construction_general_run1/source0052/executed_script.gp
3cabbba18aac360fdfd36f901389277a28fa86b0df84d0581d078b995c873165	760	construction_general_run1/source0052/input.gp
c665abd9959f7a398583ab7ff1ed47e86c20a4b4b0d11a3f5aa53e2efccf2a24	303	construction_general_run1/source0052/receipt.json
4d99e0aa208efa3705af052f7ab00e0cd13e91a8c3ae26991cd8fc7ec57d7137	944	construction_general_run1/source0052/source_freeze.json
e3b0c44298fc1c149afbf4c8996fb92427ae41e4649b934ca495991b7852b855	0	construction_general_run1/source0052/stderr.txt
6f6643d4060bf6be57c2909dfafcd3649ea099a7aeae87b0ae201ef2d78ab489	1050	construction_general_run1/source0052/stdout.txt
e3b0c44298fc1c149afbf4c8996fb92427ae41e4649b934ca495991b7852b855	0	construction_general_run1/source0053/driver_stderr.txt
c1c9ea290299daf8f9182df25e3c90353f9527aa24d277d093a3689c9e7edb52	275	construction_general_run1/source0053/driver_stdout.txt
4d8fde0fd49e20ad2710f410ebcb068f134c68e4a4c6f9c67553857c4fbb3c11	4273	construction_general_run1/source0053/executed_driver.txt
622e133b976eb3ad192453111cc31244bf98fec91b806a61adf5d36c32fa2d22	752	construction_general_run1/source0053/executed_inputs.gp
df8efad6ce0e047908327f0332e36f42f948e5c31814536e7d71c6360c0864bf	3135	construction_general_run1/source0053/executed_protocol.md
256c6b588e725631c4a4671c80cb3093aae8bacc000fa3e4d8212489db5cddca	7897	construction_general_run1/source0053/executed_script.gp
622e133b976eb3ad192453111cc31244bf98fec91b806a61adf5d36c32fa2d22	752	construction_general_run1/source0053/input.gp
df1a2c300b94f9c1a30d954bc5bf7134e7afeae31389e31f62a85865d2e28126	303	construction_general_run1/source0053/receipt.json
6a978c6d3aa543530cc08a97a0a8342d34baa3938c034a31b565b1b5629e2101	944	construction_general_run1/source0053/source_freeze.json
e3b0c44298fc1c149afbf4c8996fb92427ae41e4649b934ca495991b7852b855	0	construction_general_run1/source0053/stderr.txt
96695ffcfbfc23c96bb4d410a65f9145b5e9418ca2a996b8635a7096ded8e4f8	1044	construction_general_run1/source0053/stdout.txt
e3b0c44298fc1c149afbf4c8996fb92427ae41e4649b934ca495991b7852b855	0	construction_general_run1/source0054/driver_stderr.txt
a79513cdf40224354f0ea2860eaf4f74d6336d07f07cd5b691d3881c95a5b571	275	construction_general_run1/source0054/driver_stdout.txt
4d8fde0fd49e20ad2710f410ebcb068f134c68e4a4c6f9c67553857c4fbb3c11	4273	construction_general_run1/source0054/executed_driver.txt
7b7bb6482a8677b154bd9652651b4adcdb59572d9a6d4ae0e05d84b8a3379925	764	construction_general_run1/source0054/executed_inputs.gp
df8efad6ce0e047908327f0332e36f42f948e5c31814536e7d71c6360c0864bf	3135	construction_general_run1/source0054/executed_protocol.md
256c6b588e725631c4a4671c80cb3093aae8bacc000fa3e4d8212489db5cddca	7897	construction_general_run1/source0054/executed_script.gp
7b7bb6482a8677b154bd9652651b4adcdb59572d9a6d4ae0e05d84b8a3379925	764	construction_general_run1/source0054/input.gp
ef4ba00e119de34cbce4e81d33c2672eab16696eaa4f920f6f8413bda07f95a3	303	construction_general_run1/source0054/receipt.json
b83e3a3bf3c7e95bc6d50a5519f7b72acaa8744f72befd808720e876d3674172	944	construction_general_run1/source0054/source_freeze.json
e3b0c44298fc1c149afbf4c8996fb92427ae41e4649b934ca495991b7852b855	0	construction_general_run1/source0054/stderr.txt
2d4883698a62bc281b3292aaa73ad4e01233b10a5f5cdadce83aaf9d34c11f74	1038	construction_general_run1/source0054/stdout.txt
e3b0c44298fc1c149afbf4c8996fb92427ae41e4649b934ca495991b7852b855	0	construction_general_run1/source0055/driver_stderr.txt
69a10e72fd5ed1fd20edb633db78655e49ed9c2ece92d178771f713c6507deef	275	construction_general_run1/source0055/driver_stdout.txt
4d8fde0fd49e20ad2710f410ebcb068f134c68e4a4c6f9c67553857c4fbb3c11	4273	construction_general_run1/source0055/executed_driver.txt
c5674e7427f426cb0a7c6bf417ae8abcf940a12e31bc7820444eb5c56372c288	760	construction_general_run1/source0055/executed_inputs.gp
df8efad6ce0e047908327f0332e36f42f948e5c31814536e7d71c6360c0864bf	3135	construction_general_run1/source0055/executed_protocol.md
256c6b588e725631c4a4671c80cb3093aae8bacc000fa3e4d8212489db5cddca	7897	construction_general_run1/source0055/executed_script.gp
c5674e7427f426cb0a7c6bf417ae8abcf940a12e31bc7820444eb5c56372c288	760	construction_general_run1/source0055/input.gp
8798c57919510e1139ab09abd9ff219a10165d600f87e208c4c26a90729b46be	303	construction_general_run1/source0055/receipt.json
11c09973d39ac8ea2fe81d5b3d75b72d442f672163bc9aeed368868dfc74bfc5	944	construction_general_run1/source0055/source_freeze.json
e3b0c44298fc1c149afbf4c8996fb92427ae41e4649b934ca495991b7852b855	0	construction_general_run1/source0055/stderr.txt
1ca80f9470c34a0b215ea6912deae9b9b3650546148ae655b8646674ce8e6569	1033	construction_general_run1/source0055/stdout.txt
e3b0c44298fc1c149afbf4c8996fb92427ae41e4649b934ca495991b7852b855	0	construction_general_run1/source0056/driver_stderr.txt
beb24a401f58cb75883facb2347067a29cd5b386b0e9ba590dd7f0cfd59ebef2	275	construction_general_run1/source0056/driver_stdout.txt
4d8fde0fd49e20ad2710f410ebcb068f134c68e4a4c6f9c67553857c4fbb3c11	4273	construction_general_run1/source0056/executed_driver.txt
81f397ca37b5d316b79269b6e004d7ad7db84f415f98615e48259a3fc2a8d801	760	construction_general_run1/source0056/executed_inputs.gp
df8efad6ce0e047908327f0332e36f42f948e5c31814536e7d71c6360c0864bf	3135	construction_general_run1/source0056/executed_protocol.md
256c6b588e725631c4a4671c80cb3093aae8bacc000fa3e4d8212489db5cddca	7897	construction_general_run1/source0056/executed_script.gp
81f397ca37b5d316b79269b6e004d7ad7db84f415f98615e48259a3fc2a8d801	760	construction_general_run1/source0056/input.gp
73cf0d036932f7bbdc124e5dc7dadb6067763bab622de1be25fdff7db4214e58	303	construction_general_run1/source0056/receipt.json
b5bf344a6aa07369c975ed27a8671d37a2a8bf4a8e8bc56dea731486e852e093	944	construction_general_run1/source0056/source_freeze.json
e3b0c44298fc1c149afbf4c8996fb92427ae41e4649b934ca495991b7852b855	0	construction_general_run1/source0056/stderr.txt
9c32921e8bd9f0260eaf5950c9b8ffabfd2c376969fbc012c9c9d9ba78d8761f	1043	construction_general_run1/source0056/stdout.txt
e3b0c44298fc1c149afbf4c8996fb92427ae41e4649b934ca495991b7852b855	0	construction_general_run1/source0057/driver_stderr.txt
902ab2d090789e0853ad3dea1dc91f9dbd96c1e8608f380727131ae5bfbc3ee8	275	construction_general_run1/source0057/driver_stdout.txt
4d8fde0fd49e20ad2710f410ebcb068f134c68e4a4c6f9c67553857c4fbb3c11	4273	construction_general_run1/source0057/executed_driver.txt
f20c3284756b1600bd4cd734eea4415cbd1c18178a0141f95450344b19798027	761	construction_general_run1/source0057/executed_inputs.gp
df8efad6ce0e047908327f0332e36f42f948e5c31814536e7d71c6360c0864bf	3135	construction_general_run1/source0057/executed_protocol.md
256c6b588e725631c4a4671c80cb3093aae8bacc000fa3e4d8212489db5cddca	7897	construction_general_run1/source0057/executed_script.gp
f20c3284756b1600bd4cd734eea4415cbd1c18178a0141f95450344b19798027	761	construction_general_run1/source0057/input.gp
5ab5c6370c9ad4fa46c0a8c2368ea34f65c46a1fb18e21a3512a4e584484a501	303	construction_general_run1/source0057/receipt.json
2037daead0ae7eb7fc7ba08fd49a419e2d0f45efd3db265fae5b14e33096cf79	944	construction_general_run1/source0057/source_freeze.json
e3b0c44298fc1c149afbf4c8996fb92427ae41e4649b934ca495991b7852b855	0	construction_general_run1/source0057/stderr.txt
f40f2d01c8e70c0fd87f3f1236dfa59435caeb192e70a35ba455dff55f13e752	1058	construction_general_run1/source0057/stdout.txt
e3b0c44298fc1c149afbf4c8996fb92427ae41e4649b934ca495991b7852b855	0	construction_general_run1/source0058/driver_stderr.txt
3c3ff5527c79bf88218c6e586326bdd565db170b1beb33fdd8b309ac0a910ab8	275	construction_general_run1/source0058/driver_stdout.txt
4d8fde0fd49e20ad2710f410ebcb068f134c68e4a4c6f9c67553857c4fbb3c11	4273	construction_general_run1/source0058/executed_driver.txt
c84edf53a2683ad480500858879c0bde133e564041c2257b38dc49651cf4819d	757	construction_general_run1/source0058/executed_inputs.gp
df8efad6ce0e047908327f0332e36f42f948e5c31814536e7d71c6360c0864bf	3135	construction_general_run1/source0058/executed_protocol.md
256c6b588e725631c4a4671c80cb3093aae8bacc000fa3e4d8212489db5cddca	7897	construction_general_run1/source0058/executed_script.gp
c84edf53a2683ad480500858879c0bde133e564041c2257b38dc49651cf4819d	757	construction_general_run1/source0058/input.gp
6aaca405472c8047aebcffac290af99fd23a35aafd3793e5ce5f8e1c069eccbc	303	construction_general_run1/source0058/receipt.json
0214368589f32e372d699e5e1c52dedd7629e75d28e0ee04c98fad673164ca4f	944	construction_general_run1/source0058/source_freeze.json
e3b0c44298fc1c149afbf4c8996fb92427ae41e4649b934ca495991b7852b855	0	construction_general_run1/source0058/stderr.txt
348d95a5a93837498c74383c087a55ff1e288144a62845793aec93a62284f1c7	1044	construction_general_run1/source0058/stdout.txt
e3b0c44298fc1c149afbf4c8996fb92427ae41e4649b934ca495991b7852b855	0	construction_general_run1/source0059/driver_stderr.txt
3d8bd1c9598d49c106466e5d69588323b4638bf979af9e666b2b7e8fcd3c21fc	275	construction_general_run1/source0059/driver_stdout.txt
4d8fde0fd49e20ad2710f410ebcb068f134c68e4a4c6f9c67553857c4fbb3c11	4273	construction_general_run1/source0059/executed_driver.txt
ffddeccaf3d68657f5e4134d93bbba3f52aa4da1c45bc7a39273c5472405db2a	758	construction_general_run1/source0059/executed_inputs.gp
df8efad6ce0e047908327f0332e36f42f948e5c31814536e7d71c6360c0864bf	3135	construction_general_run1/source0059/executed_protocol.md
256c6b588e725631c4a4671c80cb3093aae8bacc000fa3e4d8212489db5cddca	7897	construction_general_run1/source0059/executed_script.gp
ffddeccaf3d68657f5e4134d93bbba3f52aa4da1c45bc7a39273c5472405db2a	758	construction_general_run1/source0059/input.gp
8124e95d723dee0aff5315183933d9aa1f0b0bb565e53703c17f434a50aa7e90	303	construction_general_run1/source0059/receipt.json
b560274299cda51b5ae79ad2263d8f067a12bd2e7d40ac7e6ec9d761fbe87596	944	construction_general_run1/source0059/source_freeze.json
e3b0c44298fc1c149afbf4c8996fb92427ae41e4649b934ca495991b7852b855	0	construction_general_run1/source0059/stderr.txt
3018623352c1a783c4c1b2f6eeb4c1d692e97b54a4ab758349aa3ca710e292aa	1040	construction_general_run1/source0059/stdout.txt
e3b0c44298fc1c149afbf4c8996fb92427ae41e4649b934ca495991b7852b855	0	construction_general_run1/source0060/driver_stderr.txt
3b7517c2e8edec924a605e63bb390bd488f2788082337fd5a3ba4e4fd2d3aeb4	275	construction_general_run1/source0060/driver_stdout.txt
4d8fde0fd49e20ad2710f410ebcb068f134c68e4a4c6f9c67553857c4fbb3c11	4273	construction_general_run1/source0060/executed_driver.txt
45b59643aee9f75ed66af4d628a105c6c346553211c7ba9561a636311fcac768	758	construction_general_run1/source0060/executed_inputs.gp
df8efad6ce0e047908327f0332e36f42f948e5c31814536e7d71c6360c0864bf	3135	construction_general_run1/source0060/executed_protocol.md
256c6b588e725631c4a4671c80cb3093aae8bacc000fa3e4d8212489db5cddca	7897	construction_general_run1/source0060/executed_script.gp
45b59643aee9f75ed66af4d628a105c6c346553211c7ba9561a636311fcac768	758	construction_general_run1/source0060/input.gp
278f8b5956be439be2bec6892e9aed224eae4a504ef551b8940d98e0403ee7ac	303	construction_general_run1/source0060/receipt.json
13a509efbe71d96d14ea710ee551c2af8af36143dcaf8a84dcf3c108ff72c537	944	construction_general_run1/source0060/source_freeze.json
e3b0c44298fc1c149afbf4c8996fb92427ae41e4649b934ca495991b7852b855	0	construction_general_run1/source0060/stderr.txt
6a504e471a62f48058ea43c9869af97c721c2d8b04780a07ee87aad2a185dcee	1042	construction_general_run1/source0060/stdout.txt
e3b0c44298fc1c149afbf4c8996fb92427ae41e4649b934ca495991b7852b855	0	construction_general_run1/source0061/driver_stderr.txt
739515297dc7f925080cb4623333fd5335ccd59262bc22530eb87468fe1221da	275	construction_general_run1/source0061/driver_stdout.txt
4d8fde0fd49e20ad2710f410ebcb068f134c68e4a4c6f9c67553857c4fbb3c11	4273	construction_general_run1/source0061/executed_driver.txt
b9b3feeb61f08a27b8d9faa192c4563f6c64b67a2cafb34ccec6de80f28e5fd3	761	construction_general_run1/source0061/executed_inputs.gp
df8efad6ce0e047908327f0332e36f42f948e5c31814536e7d71c6360c0864bf	3135	construction_general_run1/source0061/executed_protocol.md
256c6b588e725631c4a4671c80cb3093aae8bacc000fa3e4d8212489db5cddca	7897	construction_general_run1/source0061/executed_script.gp
b9b3feeb61f08a27b8d9faa192c4563f6c64b67a2cafb34ccec6de80f28e5fd3	761	construction_general_run1/source0061/input.gp
6d5e5ec9c08e36a94002b94150926600fb48bdc8ebf0ff85636ad90db0c5d986	303	construction_general_run1/source0061/receipt.json
3c03ebd5bbe3af68d6d12d82d278f0e0954f3111659ad5967608bdcfe307bc31	944	construction_general_run1/source0061/source_freeze.json
e3b0c44298fc1c149afbf4c8996fb92427ae41e4649b934ca495991b7852b855	0	construction_general_run1/source0061/stderr.txt
338f0d601548815e723759c80935871763d147e9c523bd36cdc93eed95de37a4	1030	construction_general_run1/source0061/stdout.txt
e3b0c44298fc1c149afbf4c8996fb92427ae41e4649b934ca495991b7852b855	0	construction_general_run1/source0062/driver_stderr.txt
738e259ab12a16131015e3734cf583aefa473fd9dbbff9ad021ce5ef57a33b3c	275	construction_general_run1/source0062/driver_stdout.txt
4d8fde0fd49e20ad2710f410ebcb068f134c68e4a4c6f9c67553857c4fbb3c11	4273	construction_general_run1/source0062/executed_driver.txt
66e543c2cf466f365a18e31eacaefbe02396d2614a7a1af91139909ec0e18e81	755	construction_general_run1/source0062/executed_inputs.gp
df8efad6ce0e047908327f0332e36f42f948e5c31814536e7d71c6360c0864bf	3135	construction_general_run1/source0062/executed_protocol.md
256c6b588e725631c4a4671c80cb3093aae8bacc000fa3e4d8212489db5cddca	7897	construction_general_run1/source0062/executed_script.gp
66e543c2cf466f365a18e31eacaefbe02396d2614a7a1af91139909ec0e18e81	755	construction_general_run1/source0062/input.gp
e59f815cda217cd97be3ef54bdc22c47c0386310570901d9b14b9fcee6a4eebf	303	construction_general_run1/source0062/receipt.json
4ed044e4d8d994361fc0e8bfe0a90891c29fded1caa40fe8b10629114b46b606	944	construction_general_run1/source0062/source_freeze.json
e3b0c44298fc1c149afbf4c8996fb92427ae41e4649b934ca495991b7852b855	0	construction_general_run1/source0062/stderr.txt
4c074a39611bb6cdc67a62598ce9df3ae53a0e3296d9aeaa7638e51613d99433	1043	construction_general_run1/source0062/stdout.txt
e3b0c44298fc1c149afbf4c8996fb92427ae41e4649b934ca495991b7852b855	0	construction_general_run1/source0063/driver_stderr.txt
7bbeba64050fdb51c3597293a78bc66cb6079d875a34a1130f1325a1768475d4	275	construction_general_run1/source0063/driver_stdout.txt
4d8fde0fd49e20ad2710f410ebcb068f134c68e4a4c6f9c67553857c4fbb3c11	4273	construction_general_run1/source0063/executed_driver.txt
3c3c463a3c5e03f9efe886dc6b903c389a8924f7349885809097454176e57c45	760	construction_general_run1/source0063/executed_inputs.gp
df8efad6ce0e047908327f0332e36f42f948e5c31814536e7d71c6360c0864bf	3135	construction_general_run1/source0063/executed_protocol.md
256c6b588e725631c4a4671c80cb3093aae8bacc000fa3e4d8212489db5cddca	7897	construction_general_run1/source0063/executed_script.gp
3c3c463a3c5e03f9efe886dc6b903c389a8924f7349885809097454176e57c45	760	construction_general_run1/source0063/input.gp
e3f9c9aa2e75c631b4b9280e4fb3edeb5770331b9ac3c4c35bcfcb991d8abb3a	303	construction_general_run1/source0063/receipt.json
20e49f418b4c66905fe1eb5798e40b8dbd610c06b68d781fd937efeafaaeaae1	944	construction_general_run1/source0063/source_freeze.json
e3b0c44298fc1c149afbf4c8996fb92427ae41e4649b934ca495991b7852b855	0	construction_general_run1/source0063/stderr.txt
1514a53f30fb1c25afb63650f2b957cd2cac23cf77166da4e49d251021211683	1041	construction_general_run1/source0063/stdout.txt
e3b0c44298fc1c149afbf4c8996fb92427ae41e4649b934ca495991b7852b855	0	construction_general_run1/source0064/driver_stderr.txt
79363b018c86d72b407cf360974e6b62ef8c38586e940d90d6b3691a7c579ade	275	construction_general_run1/source0064/driver_stdout.txt
4d8fde0fd49e20ad2710f410ebcb068f134c68e4a4c6f9c67553857c4fbb3c11	4273	construction_general_run1/source0064/executed_driver.txt
a01137454b1a97e2584caf5cf195390b982cd4f10f3439179005ba8f1d56d891	760	construction_general_run1/source0064/executed_inputs.gp
df8efad6ce0e047908327f0332e36f42f948e5c31814536e7d71c6360c0864bf	3135	construction_general_run1/source0064/executed_protocol.md
256c6b588e725631c4a4671c80cb3093aae8bacc000fa3e4d8212489db5cddca	7897	construction_general_run1/source0064/executed_script.gp
a01137454b1a97e2584caf5cf195390b982cd4f10f3439179005ba8f1d56d891	760	construction_general_run1/source0064/input.gp
4e8b896cee2bfc5d97c94e95b11885616222e45d8cb1bca6495d03602bf77662	303	construction_general_run1/source0064/receipt.json
01486102f1afb6d1085c61b62b29cb55e2bd2cfb69aca4d3fd525ca4bbaa6979	944	construction_general_run1/source0064/source_freeze.json
e3b0c44298fc1c149afbf4c8996fb92427ae41e4649b934ca495991b7852b855	0	construction_general_run1/source0064/stderr.txt
6b0f764d0736edbc44aa16a161ea6b32b53ada7c71b9454ca81b0a56dbee5ee4	1045	construction_general_run1/source0064/stdout.txt
e3b0c44298fc1c149afbf4c8996fb92427ae41e4649b934ca495991b7852b855	0	construction_general_run1/source0065/driver_stderr.txt
81c3087536a072d4e4ba9c46ddd9538d602459147bd0ef2005e54655f6a8c356	275	construction_general_run1/source0065/driver_stdout.txt
4d8fde0fd49e20ad2710f410ebcb068f134c68e4a4c6f9c67553857c4fbb3c11	4273	construction_general_run1/source0065/executed_driver.txt
7f0234c64606c4c98377b9dff45ecf67e8cbdcdd3a42bb95d39d31eb60112cab	719	construction_general_run1/source0065/executed_inputs.gp
df8efad6ce0e047908327f0332e36f42f948e5c31814536e7d71c6360c0864bf	3135	construction_general_run1/source0065/executed_protocol.md
256c6b588e725631c4a4671c80cb3093aae8bacc000fa3e4d8212489db5cddca	7897	construction_general_run1/source0065/executed_script.gp
7f0234c64606c4c98377b9dff45ecf67e8cbdcdd3a42bb95d39d31eb60112cab	719	construction_general_run1/source0065/input.gp
b23afd9190a2a1d8bb99b6eb2fd88ec84c7968e038e144152d446abb2a749209	303	construction_general_run1/source0065/receipt.json
52294fe920e1d8370108e088a7404ce2dfd8d9d77494e08eaee4e2b55c3de1ca	944	construction_general_run1/source0065/source_freeze.json
e3b0c44298fc1c149afbf4c8996fb92427ae41e4649b934ca495991b7852b855	0	construction_general_run1/source0065/stderr.txt
006e6a0c4377643bbea65e2dde6993c90fcc9577ccd46cf9c830b1a5577cc92a	992	construction_general_run1/source0065/stdout.txt
e3b0c44298fc1c149afbf4c8996fb92427ae41e4649b934ca495991b7852b855	0	construction_general_run1/source0066/driver_stderr.txt
38b9898be32174dca30fc6d5f3b9fa828ab94eb8a623731b46cc3b46a881b350	275	construction_general_run1/source0066/driver_stdout.txt
4d8fde0fd49e20ad2710f410ebcb068f134c68e4a4c6f9c67553857c4fbb3c11	4273	construction_general_run1/source0066/executed_driver.txt
60c750fdf522621bd5b2101080884842f1b5124f0392e87579731df26ff18bce	716	construction_general_run1/source0066/executed_inputs.gp
df8efad6ce0e047908327f0332e36f42f948e5c31814536e7d71c6360c0864bf	3135	construction_general_run1/source0066/executed_protocol.md
256c6b588e725631c4a4671c80cb3093aae8bacc000fa3e4d8212489db5cddca	7897	construction_general_run1/source0066/executed_script.gp
60c750fdf522621bd5b2101080884842f1b5124f0392e87579731df26ff18bce	716	construction_general_run1/source0066/input.gp
a7a796ead7ef84bcd1eacead921b054ea484d76c4ed17cddeceadfd85034888b	303	construction_general_run1/source0066/receipt.json
dda11f0d6e7baecfaad65f963a390a2dbc3f5be30156c9fcdda4ede4e2adf20e	944	construction_general_run1/source0066/source_freeze.json
e3b0c44298fc1c149afbf4c8996fb92427ae41e4649b934ca495991b7852b855	0	construction_general_run1/source0066/stderr.txt
b2a9c8f01c66f68769fec78d8966bef82d1583c9b558eba6ce062d3770a5c883	995	construction_general_run1/source0066/stdout.txt
e3b0c44298fc1c149afbf4c8996fb92427ae41e4649b934ca495991b7852b855	0	construction_general_run1/source0067/driver_stderr.txt
27d69e02b0ee4f0259a847a74ebce6e59b410296f422e44c909fb27d1f16f0e8	275	construction_general_run1/source0067/driver_stdout.txt
4d8fde0fd49e20ad2710f410ebcb068f134c68e4a4c6f9c67553857c4fbb3c11	4273	construction_general_run1/source0067/executed_driver.txt
bb6708553eefbffeabd4772fc3dbdf7ed934b58bf38b65462860766a6c990a63	716	construction_general_run1/source0067/executed_inputs.gp
df8efad6ce0e047908327f0332e36f42f948e5c31814536e7d71c6360c0864bf	3135	construction_general_run1/source0067/executed_protocol.md
256c6b588e725631c4a4671c80cb3093aae8bacc000fa3e4d8212489db5cddca	7897	construction_general_run1/source0067/executed_script.gp
bb6708553eefbffeabd4772fc3dbdf7ed934b58bf38b65462860766a6c990a63	716	construction_general_run1/source0067/input.gp
81432f2464142b928bf3c971416a2ca3867421983de57e37b20194c904e59287	303	construction_general_run1/source0067/receipt.json
eb501aaba3fd46f28e3618e7b3bb6db83505ecd35881f68db215cdf3cd3e00e6	944	construction_general_run1/source0067/source_freeze.json
e3b0c44298fc1c149afbf4c8996fb92427ae41e4649b934ca495991b7852b855	0	construction_general_run1/source0067/stderr.txt
5b353d8482cdfc1d08880ca8dde6fe70888d83a1b63473e1b7aa10072c5ecd35	987	construction_general_run1/source0067/stdout.txt
e3b0c44298fc1c149afbf4c8996fb92427ae41e4649b934ca495991b7852b855	0	construction_general_run1/source0068/driver_stderr.txt
33692ab3689068f83a878e49c89dd28a28e07fbc6186a51d54725e040455eeac	275	construction_general_run1/source0068/driver_stdout.txt
4d8fde0fd49e20ad2710f410ebcb068f134c68e4a4c6f9c67553857c4fbb3c11	4273	construction_general_run1/source0068/executed_driver.txt
60688d28cdd8a8243719707620bfd54bf59f1d813f5fdca27b3296db0770f991	716	construction_general_run1/source0068/executed_inputs.gp
df8efad6ce0e047908327f0332e36f42f948e5c31814536e7d71c6360c0864bf	3135	construction_general_run1/source0068/executed_protocol.md
256c6b588e725631c4a4671c80cb3093aae8bacc000fa3e4d8212489db5cddca	7897	construction_general_run1/source0068/executed_script.gp
60688d28cdd8a8243719707620bfd54bf59f1d813f5fdca27b3296db0770f991	716	construction_general_run1/source0068/input.gp
8c34b3a7825cb7228f532a334c8a5ab3ba65864568ecb020f1c7a77e2929982c	303	construction_general_run1/source0068/receipt.json
4ac6ab7aca7384621bc3523c5ab550aa9497fe2a42cd3600db0cd120243f1564	944	construction_general_run1/source0068/source_freeze.json
e3b0c44298fc1c149afbf4c8996fb92427ae41e4649b934ca495991b7852b855	0	construction_general_run1/source0068/stderr.txt
c7173e3935b87425e6280536d2711a29699f20ca979e7e5621bdbe36fae7af7a	995	construction_general_run1/source0068/stdout.txt
e3b0c44298fc1c149afbf4c8996fb92427ae41e4649b934ca495991b7852b855	0	construction_general_run1/source0069/driver_stderr.txt
f949cdb96403d6809f394cc8ff2565c48e6136260b8cbbb1a5bdb2aecb23ed3b	275	construction_general_run1/source0069/driver_stdout.txt
4d8fde0fd49e20ad2710f410ebcb068f134c68e4a4c6f9c67553857c4fbb3c11	4273	construction_general_run1/source0069/executed_driver.txt
9f6bfbece2496a64c73ecf6c4209f4699d2ade53a4e71e815ec805eafcb13df0	715	construction_general_run1/source0069/executed_inputs.gp
df8efad6ce0e047908327f0332e36f42f948e5c31814536e7d71c6360c0864bf	3135	construction_general_run1/source0069/executed_protocol.md
256c6b588e725631c4a4671c80cb3093aae8bacc000fa3e4d8212489db5cddca	7897	construction_general_run1/source0069/executed_script.gp
9f6bfbece2496a64c73ecf6c4209f4699d2ade53a4e71e815ec805eafcb13df0	715	construction_general_run1/source0069/input.gp
42b0f668d43d0dce55c913ac70a4ae2568435935e1f1b1b5e8004d1925b4c40a	303	construction_general_run1/source0069/receipt.json
418119bc360dd944bb4bac887c8e7567ea6eb1e5e7ed6d2953df4da01f77a180	944	construction_general_run1/source0069/source_freeze.json
e3b0c44298fc1c149afbf4c8996fb92427ae41e4649b934ca495991b7852b855	0	construction_general_run1/source0069/stderr.txt
d93bbbcb9ca4da9d81da114f2d5ec7d4c1e2c72c6b677c6f2a420cb022b49968	982	construction_general_run1/source0069/stdout.txt
e3b0c44298fc1c149afbf4c8996fb92427ae41e4649b934ca495991b7852b855	0	construction_general_run1/source0070/driver_stderr.txt
6e309b5fc2b34cec60c8d3a89440173d953e0cfd31a1aa073db9a4f01982c6ea	275	construction_general_run1/source0070/driver_stdout.txt
4d8fde0fd49e20ad2710f410ebcb068f134c68e4a4c6f9c67553857c4fbb3c11	4273	construction_general_run1/source0070/executed_driver.txt
9c8d0543fbe11a6cccf68188e46a93c4a7f087e5347957b3e30ea2eb789e1cee	716	construction_general_run1/source0070/executed_inputs.gp
df8efad6ce0e047908327f0332e36f42f948e5c31814536e7d71c6360c0864bf	3135	construction_general_run1/source0070/executed_protocol.md
256c6b588e725631c4a4671c80cb3093aae8bacc000fa3e4d8212489db5cddca	7897	construction_general_run1/source0070/executed_script.gp
9c8d0543fbe11a6cccf68188e46a93c4a7f087e5347957b3e30ea2eb789e1cee	716	construction_general_run1/source0070/input.gp
f19085c7894d08ca2fe2df29a1d187fc5fc6574ee4509c64b14d205e9c78b87a	303	construction_general_run1/source0070/receipt.json
73d8656a34defd7cd33a302fb4714b54ea61590bc0bf81c5cab2aa1b2ea220ce	944	construction_general_run1/source0070/source_freeze.json
e3b0c44298fc1c149afbf4c8996fb92427ae41e4649b934ca495991b7852b855	0	construction_general_run1/source0070/stderr.txt
a54b05c9f22a2eb3efef5af81a8b11537d60b6585877d0d6a3ff00d77be01d67	990	construction_general_run1/source0070/stdout.txt
e3b0c44298fc1c149afbf4c8996fb92427ae41e4649b934ca495991b7852b855	0	construction_general_run1/source0071/driver_stderr.txt
98a038483df5d29129bd793e72ee69a2e9792e95936f28603abf1226f1663360	275	construction_general_run1/source0071/driver_stdout.txt
4d8fde0fd49e20ad2710f410ebcb068f134c68e4a4c6f9c67553857c4fbb3c11	4273	construction_general_run1/source0071/executed_driver.txt
749bb3ba3afd8e3d8b3bdeed2ee45b00b1132f0a5afc67cf50e6f723697e45f0	716	construction_general_run1/source0071/executed_inputs.gp
df8efad6ce0e047908327f0332e36f42f948e5c31814536e7d71c6360c0864bf	3135	construction_general_run1/source0071/executed_protocol.md
256c6b588e725631c4a4671c80cb3093aae8bacc000fa3e4d8212489db5cddca	7897	construction_general_run1/source0071/executed_script.gp
749bb3ba3afd8e3d8b3bdeed2ee45b00b1132f0a5afc67cf50e6f723697e45f0	716	construction_general_run1/source0071/input.gp
ac11e2e86c3654c597e540bf0181e7ec082bcf0dfd1918ade225c3966d02903c	303	construction_general_run1/source0071/receipt.json
8ed98bc1b2c3d3b486788a555d3340c2dc7fa55d790129aae11cb8e64433f83c	944	construction_general_run1/source0071/source_freeze.json
e3b0c44298fc1c149afbf4c8996fb92427ae41e4649b934ca495991b7852b855	0	construction_general_run1/source0071/stderr.txt
e2cf34e705e5b5297cd397462e8377d9c9dffaafc18a1eddfd05148c592f66b5	974	construction_general_run1/source0071/stdout.txt
e3b0c44298fc1c149afbf4c8996fb92427ae41e4649b934ca495991b7852b855	0	construction_general_run1/source0072/driver_stderr.txt
78d72d4c96f75a014260fa8a04a13479335602d3e112e79611121ecf1d030d1a	275	construction_general_run1/source0072/driver_stdout.txt
4d8fde0fd49e20ad2710f410ebcb068f134c68e4a4c6f9c67553857c4fbb3c11	4273	construction_general_run1/source0072/executed_driver.txt
1180edec0767f7905c0e8a689e3ec1c41a659b5f9b874c8192c029093e7f3f01	724	construction_general_run1/source0072/executed_inputs.gp
df8efad6ce0e047908327f0332e36f42f948e5c31814536e7d71c6360c0864bf	3135	construction_general_run1/source0072/executed_protocol.md
256c6b588e725631c4a4671c80cb3093aae8bacc000fa3e4d8212489db5cddca	7897	construction_general_run1/source0072/executed_script.gp
1180edec0767f7905c0e8a689e3ec1c41a659b5f9b874c8192c029093e7f3f01	724	construction_general_run1/source0072/input.gp
b9766fc9aa6e081c5954f0d871e6b1b39658965b1312c303c042b73502acb8e9	303	construction_general_run1/source0072/receipt.json
ae606aceee0c97de8e59faf35e0d2b609997bf5eaa1ba218440fb7fd3acb5609	944	construction_general_run1/source0072/source_freeze.json
e3b0c44298fc1c149afbf4c8996fb92427ae41e4649b934ca495991b7852b855	0	construction_general_run1/source0072/stderr.txt
938442ebd32f268951895959927d975af7355a15468853af3f59e213b93fa4a1	976	construction_general_run1/source0072/stdout.txt
e3b0c44298fc1c149afbf4c8996fb92427ae41e4649b934ca495991b7852b855	0	construction_general_run1/source0073/driver_stderr.txt
c6a078e19c19bc524880116cc1521887d3f0b006795ea1934cd715aa771b4a8b	275	construction_general_run1/source0073/driver_stdout.txt
4d8fde0fd49e20ad2710f410ebcb068f134c68e4a4c6f9c67553857c4fbb3c11	4273	construction_general_run1/source0073/executed_driver.txt
197e011bb70400b6e2716a1496058ef82f2f185f8a53e121728065e1986b3b92	718	construction_general_run1/source0073/executed_inputs.gp
df8efad6ce0e047908327f0332e36f42f948e5c31814536e7d71c6360c0864bf	3135	construction_general_run1/source0073/executed_protocol.md
256c6b588e725631c4a4671c80cb3093aae8bacc000fa3e4d8212489db5cddca	7897	construction_general_run1/source0073/executed_script.gp
197e011bb70400b6e2716a1496058ef82f2f185f8a53e121728065e1986b3b92	718	construction_general_run1/source0073/input.gp
4dde88f27df2a6aa94fe496acc1a59771bf7291aa56e0a08708e3b4ae11b798f	303	construction_general_run1/source0073/receipt.json
bfc9bdb8f139355f191a08f2f8ece4d3c1f197902cc1c6492188a805c89ddccf	944	construction_general_run1/source0073/source_freeze.json
e3b0c44298fc1c149afbf4c8996fb92427ae41e4649b934ca495991b7852b855	0	construction_general_run1/source0073/stderr.txt
d029847787a84fb9f7355cef5ddc8a46576108375e4b603462065d52f5cf55c0	973	construction_general_run1/source0073/stdout.txt
e3b0c44298fc1c149afbf4c8996fb92427ae41e4649b934ca495991b7852b855	0	construction_general_run1/source0074/driver_stderr.txt
4d3dcc8e23ac626a7395095a2490b782e76e00db9114f01097d71bc88ed0c8f6	275	construction_general_run1/source0074/driver_stdout.txt
4d8fde0fd49e20ad2710f410ebcb068f134c68e4a4c6f9c67553857c4fbb3c11	4273	construction_general_run1/source0074/executed_driver.txt
d628939187eb8ecfb9a3fd05606a5fd942b329df370c22394821d4b446a91717	714	construction_general_run1/source0074/executed_inputs.gp
df8efad6ce0e047908327f0332e36f42f948e5c31814536e7d71c6360c0864bf	3135	construction_general_run1/source0074/executed_protocol.md
256c6b588e725631c4a4671c80cb3093aae8bacc000fa3e4d8212489db5cddca	7897	construction_general_run1/source0074/executed_script.gp
d628939187eb8ecfb9a3fd05606a5fd942b329df370c22394821d4b446a91717	714	construction_general_run1/source0074/input.gp
d7269eb567e738b68911f77556420e339b7cf2b29820b991f9d5639d0715adc5	303	construction_general_run1/source0074/receipt.json
2383f54781666ee1c57bae66362fbad484fd40616ce004f910f0b8e0df5d1ba7	944	construction_general_run1/source0074/source_freeze.json
e3b0c44298fc1c149afbf4c8996fb92427ae41e4649b934ca495991b7852b855	0	construction_general_run1/source0074/stderr.txt
01beeee25b3992210b80a60a33c1ccaec3b79f8ebb664d5a2eba8900ae150b71	990	construction_general_run1/source0074/stdout.txt
e3b0c44298fc1c149afbf4c8996fb92427ae41e4649b934ca495991b7852b855	0	construction_general_run1/source0075/driver_stderr.txt
8a895efa7df88ecdef9ed4be567300549311934192964f2980370095bec8ed58	275	construction_general_run1/source0075/driver_stdout.txt
4d8fde0fd49e20ad2710f410ebcb068f134c68e4a4c6f9c67553857c4fbb3c11	4273	construction_general_run1/source0075/executed_driver.txt
e8a976de6fdac87519c3da24a870c7f7243847bf7c554f7b789875a9794785f2	719	construction_general_run1/source0075/executed_inputs.gp
df8efad6ce0e047908327f0332e36f42f948e5c31814536e7d71c6360c0864bf	3135	construction_general_run1/source0075/executed_protocol.md
256c6b588e725631c4a4671c80cb3093aae8bacc000fa3e4d8212489db5cddca	7897	construction_general_run1/source0075/executed_script.gp
e8a976de6fdac87519c3da24a870c7f7243847bf7c554f7b789875a9794785f2	719	construction_general_run1/source0075/input.gp
78b23ad9e4ec98803884499ab45da11a6568188f02e71fe516ce053c5069645a	303	construction_general_run1/source0075/receipt.json
75b01858cabdb9f37031fa6c7c62dc4acfce67898987c8df99ca95c22e0d4f2b	944	construction_general_run1/source0075/source_freeze.json
e3b0c44298fc1c149afbf4c8996fb92427ae41e4649b934ca495991b7852b855	0	construction_general_run1/source0075/stderr.txt
98f50475d9bedaf9331d2de044b416abd769541e6a0aed250d0dc09b40b542f7	979	construction_general_run1/source0075/stdout.txt
e3b0c44298fc1c149afbf4c8996fb92427ae41e4649b934ca495991b7852b855	0	construction_general_run1/source0076/driver_stderr.txt
4b33a024de46524c8ea6aff60ef75da2969e52951edbbcf9ad6b9e968ccb2e28	275	construction_general_run1/source0076/driver_stdout.txt
4d8fde0fd49e20ad2710f410ebcb068f134c68e4a4c6f9c67553857c4fbb3c11	4273	construction_general_run1/source0076/executed_driver.txt
c29bc41d7c0a0a8c761b16f0edf82d893dc1321efb09146e90530dc64476fcd0	714	construction_general_run1/source0076/executed_inputs.gp
df8efad6ce0e047908327f0332e36f42f948e5c31814536e7d71c6360c0864bf	3135	construction_general_run1/source0076/executed_protocol.md
256c6b588e725631c4a4671c80cb3093aae8bacc000fa3e4d8212489db5cddca	7897	construction_general_run1/source0076/executed_script.gp
c29bc41d7c0a0a8c761b16f0edf82d893dc1321efb09146e90530dc64476fcd0	714	construction_general_run1/source0076/input.gp
a31a94f91dcb8e170efa812e68529941236e8dc8a172793b4fa081696b5c96e7	303	construction_general_run1/source0076/receipt.json
2b6b4647d2c5ef05108265e08ccd1f7a48e2e2bffd8f3ba0e856d5160206d7c2	944	construction_general_run1/source0076/source_freeze.json
e3b0c44298fc1c149afbf4c8996fb92427ae41e4649b934ca495991b7852b855	0	construction_general_run1/source0076/stderr.txt
4f439dbe2bb792ac03c0e10429fed93bb3556ed25b166b2523ea6962d2b6ff66	988	construction_general_run1/source0076/stdout.txt
e3b0c44298fc1c149afbf4c8996fb92427ae41e4649b934ca495991b7852b855	0	construction_general_run1/source0077/driver_stderr.txt
00ab29043c832ec45a5987144fb45777422b8c806cce1198207bb2146e4aea2e	275	construction_general_run1/source0077/driver_stdout.txt
4d8fde0fd49e20ad2710f410ebcb068f134c68e4a4c6f9c67553857c4fbb3c11	4273	construction_general_run1/source0077/executed_driver.txt
f425e57bce0889a3e010e62f5b83045f7efdac229da630b5195f680d33707752	713	construction_general_run1/source0077/executed_inputs.gp
df8efad6ce0e047908327f0332e36f42f948e5c31814536e7d71c6360c0864bf	3135	construction_general_run1/source0077/executed_protocol.md
256c6b588e725631c4a4671c80cb3093aae8bacc000fa3e4d8212489db5cddca	7897	construction_general_run1/source0077/executed_script.gp
f425e57bce0889a3e010e62f5b83045f7efdac229da630b5195f680d33707752	713	construction_general_run1/source0077/input.gp
53ce9fecb632a077589f154d61ef5aec061b224e5d3dc14ec34058e3631ecd45	303	construction_general_run1/source0077/receipt.json
4cf40cbbcac50b82b3396b5c3dc91ecab0967de990abc2d0597621320e2dc8f8	944	construction_general_run1/source0077/source_freeze.json
e3b0c44298fc1c149afbf4c8996fb92427ae41e4649b934ca495991b7852b855	0	construction_general_run1/source0077/stderr.txt
e48f94e538e52004ff2952c738ffd35f1058c635802aefcb60c3e4701de36cfa	984	construction_general_run1/source0077/stdout.txt
e3b0c44298fc1c149afbf4c8996fb92427ae41e4649b934ca495991b7852b855	0	construction_general_run1/source0078/driver_stderr.txt
fbb66f1af3beef60dc13358a8ae980e8b166f1fc62804e79df427ebeaf111735	275	construction_general_run1/source0078/driver_stdout.txt
4d8fde0fd49e20ad2710f410ebcb068f134c68e4a4c6f9c67553857c4fbb3c11	4273	construction_general_run1/source0078/executed_driver.txt
663b9acda4876bfe92955cb5f88febcda2f018f1fc48e27b120e60ef2dd58003	716	construction_general_run1/source0078/executed_inputs.gp
df8efad6ce0e047908327f0332e36f42f948e5c31814536e7d71c6360c0864bf	3135	construction_general_run1/source0078/executed_protocol.md
256c6b588e725631c4a4671c80cb3093aae8bacc000fa3e4d8212489db5cddca	7897	construction_general_run1/source0078/executed_script.gp
663b9acda4876bfe92955cb5f88febcda2f018f1fc48e27b120e60ef2dd58003	716	construction_general_run1/source0078/input.gp
32fe93d64639570c6d09f730ab39152cd48204df235a87333dec7587ce20a1dc	303	construction_general_run1/source0078/receipt.json
b9d51666c3d29cb0bc79358b2b7d83b6d334435c7e98b203fb42b06519f6aeaa	944	construction_general_run1/source0078/source_freeze.json
e3b0c44298fc1c149afbf4c8996fb92427ae41e4649b934ca495991b7852b855	0	construction_general_run1/source0078/stderr.txt
5c70e20d81d839dae143fab9b8ad9912600bc57b932c749992ec050fbd79038d	987	construction_general_run1/source0078/stdout.txt
e3b0c44298fc1c149afbf4c8996fb92427ae41e4649b934ca495991b7852b855	0	construction_general_run1/source0079/driver_stderr.txt
8ec5897c0cdb662ab55fd983091eac4ee9d6bd9f7842381428b63ecd96e8e18f	275	construction_general_run1/source0079/driver_stdout.txt
4d8fde0fd49e20ad2710f410ebcb068f134c68e4a4c6f9c67553857c4fbb3c11	4273	construction_general_run1/source0079/executed_driver.txt
cb3fb65ca62149692932f61fe94d727e58df40448cf882c213356f30b9ddcee0	722	construction_general_run1/source0079/executed_inputs.gp
df8efad6ce0e047908327f0332e36f42f948e5c31814536e7d71c6360c0864bf	3135	construction_general_run1/source0079/executed_protocol.md
256c6b588e725631c4a4671c80cb3093aae8bacc000fa3e4d8212489db5cddca	7897	construction_general_run1/source0079/executed_script.gp
cb3fb65ca62149692932f61fe94d727e58df40448cf882c213356f30b9ddcee0	722	construction_general_run1/source0079/input.gp
aa3f3211bcb831bfde3756b005e9a41e1855af6127633aac650be2f9da85a482	303	construction_general_run1/source0079/receipt.json
2af34c7ad347e39e1e91936d88657ea12e136a4a5bae20beaa482b94052b8087	944	construction_general_run1/source0079/source_freeze.json
e3b0c44298fc1c149afbf4c8996fb92427ae41e4649b934ca495991b7852b855	0	construction_general_run1/source0079/stderr.txt
3acad84dd171527429a303db53e136924d69705bcbc96ece1031e4c2060401e2	989	construction_general_run1/source0079/stdout.txt
e3b0c44298fc1c149afbf4c8996fb92427ae41e4649b934ca495991b7852b855	0	construction_general_run1/source0080/driver_stderr.txt
d74506e0ecced267be519d0a17ecefbe2a1d7d31bb468e175469b8a6ebe65652	275	construction_general_run1/source0080/driver_stdout.txt
4d8fde0fd49e20ad2710f410ebcb068f134c68e4a4c6f9c67553857c4fbb3c11	4273	construction_general_run1/source0080/executed_driver.txt
baa4c0bf415a4753aaba0fa985289f3827e67ead13fc28342af797efe0d7d534	708	construction_general_run1/source0080/executed_inputs.gp
df8efad6ce0e047908327f0332e36f42f948e5c31814536e7d71c6360c0864bf	3135	construction_general_run1/source0080/executed_protocol.md
256c6b588e725631c4a4671c80cb3093aae8bacc000fa3e4d8212489db5cddca	7897	construction_general_run1/source0080/executed_script.gp
baa4c0bf415a4753aaba0fa985289f3827e67ead13fc28342af797efe0d7d534	708	construction_general_run1/source0080/input.gp
59c8fe5000fe5f08c2a7ffb5015076c889053537261d06ac0ce9bb698908aed7	303	construction_general_run1/source0080/receipt.json
1b4b336c79c7180ae0228a1635c05996d47f3c74be6e27c2dd20465396168c6e	944	construction_general_run1/source0080/source_freeze.json
e3b0c44298fc1c149afbf4c8996fb92427ae41e4649b934ca495991b7852b855	0	construction_general_run1/source0080/stderr.txt
f33f40380b2c80fc1e6496213a7826a8e65f0ef95e1092bf478ab6be37b67c5f	978	construction_general_run1/source0080/stdout.txt
e3b0c44298fc1c149afbf4c8996fb92427ae41e4649b934ca495991b7852b855	0	construction_general_run1/source0081/driver_stderr.txt
636b8079a5c682d2cc448906eff7800140218af8a9bb899722adf34a2cec0365	275	construction_general_run1/source0081/driver_stdout.txt
4d8fde0fd49e20ad2710f410ebcb068f134c68e4a4c6f9c67553857c4fbb3c11	4273	construction_general_run1/source0081/executed_driver.txt
e8f262326f917238ac3eacca1ff835e95003abd30fa7e0c8b75c98ad98f1c447	716	construction_general_run1/source0081/executed_inputs.gp
df8efad6ce0e047908327f0332e36f42f948e5c31814536e7d71c6360c0864bf	3135	construction_general_run1/source0081/executed_protocol.md
256c6b588e725631c4a4671c80cb3093aae8bacc000fa3e4d8212489db5cddca	7897	construction_general_run1/source0081/executed_script.gp
e8f262326f917238ac3eacca1ff835e95003abd30fa7e0c8b75c98ad98f1c447	716	construction_general_run1/source0081/input.gp
da8034a16d157bf1f4b59eb0764268d3d6180543225385bd662457ad2e4e73d9	303	construction_general_run1/source0081/receipt.json
e8b07acc4b50b3d3ab2ddc65044b468b2d6e319ddbdf6cc9b55957fb74be5caf	944	construction_general_run1/source0081/source_freeze.json
e3b0c44298fc1c149afbf4c8996fb92427ae41e4649b934ca495991b7852b855	0	construction_general_run1/source0081/stderr.txt
ab2860be7d128df298c3e61bd4e06bb91430b3d5c93e6b2da463465448d9dda8	982	construction_general_run1/source0081/stdout.txt
e3b0c44298fc1c149afbf4c8996fb92427ae41e4649b934ca495991b7852b855	0	construction_general_run1/source0082/driver_stderr.txt
e1360e57a28c21e8cbf358078b8afd52098adb36af89f756ab6b6f81d5e5a1c0	275	construction_general_run1/source0082/driver_stdout.txt
4d8fde0fd49e20ad2710f410ebcb068f134c68e4a4c6f9c67553857c4fbb3c11	4273	construction_general_run1/source0082/executed_driver.txt
d6ed94c42cb48747d709bc6ebd5a4c4d40bbc159c1be6b97ea2f53f58b033050	716	construction_general_run1/source0082/executed_inputs.gp
df8efad6ce0e047908327f0332e36f42f948e5c31814536e7d71c6360c0864bf	3135	construction_general_run1/source0082/executed_protocol.md
256c6b588e725631c4a4671c80cb3093aae8bacc000fa3e4d8212489db5cddca	7897	construction_general_run1/source0082/executed_script.gp
d6ed94c42cb48747d709bc6ebd5a4c4d40bbc159c1be6b97ea2f53f58b033050	716	construction_general_run1/source0082/input.gp
2b709524e06c4dd5ac59dc9f32136546b79c4d783e27d38779eca41117990c16	303	construction_general_run1/source0082/receipt.json
013e45b1d9bfc28db9ffc066a8d66e64c2d85db86ff17e0f161e0d71bf5a01d1	944	construction_general_run1/source0082/source_freeze.json
e3b0c44298fc1c149afbf4c8996fb92427ae41e4649b934ca495991b7852b855	0	construction_general_run1/source0082/stderr.txt
b3763e755d6801be801ffc5d1663a022c4e7ee24703359cb62b9f118de211f8c	983	construction_general_run1/source0082/stdout.txt
e3b0c44298fc1c149afbf4c8996fb92427ae41e4649b934ca495991b7852b855	0	construction_general_run1/source0083/driver_stderr.txt
fc6549a854666b5c521985ae1688c6b19ba271738e7ac69d5e705df2047822a9	275	construction_general_run1/source0083/driver_stdout.txt
4d8fde0fd49e20ad2710f410ebcb068f134c68e4a4c6f9c67553857c4fbb3c11	4273	construction_general_run1/source0083/executed_driver.txt
8f1aa4dfe3a9fb224937ddf4d78ec4921b11c5e7f86d3734392afc89a49179b8	714	construction_general_run1/source0083/executed_inputs.gp
df8efad6ce0e047908327f0332e36f42f948e5c31814536e7d71c6360c0864bf	3135	construction_general_run1/source0083/executed_protocol.md
256c6b588e725631c4a4671c80cb3093aae8bacc000fa3e4d8212489db5cddca	7897	construction_general_run1/source0083/executed_script.gp
8f1aa4dfe3a9fb224937ddf4d78ec4921b11c5e7f86d3734392afc89a49179b8	714	construction_general_run1/source0083/input.gp
e7cf9872820cc6eac0292d8412e5e237ce90e062a39c8ecee4ab8f73ce1ab4f3	303	construction_general_run1/source0083/receipt.json
429f2a41854ed20da454f0089cd2e0ecceb62dae582c0d80a3fa5452653a98f0	944	construction_general_run1/source0083/source_freeze.json
e3b0c44298fc1c149afbf4c8996fb92427ae41e4649b934ca495991b7852b855	0	construction_general_run1/source0083/stderr.txt
fcd775b5fb01e58471af9f609b8d81ed5dd675bea73d8b3ee49386aa272f9e04	991	construction_general_run1/source0083/stdout.txt
e3b0c44298fc1c149afbf4c8996fb92427ae41e4649b934ca495991b7852b855	0	construction_general_run1/source0084/driver_stderr.txt
9f9f99342a528db2eb10ffb6fce0ac5f3bd0405bfbeb1b57f7ad41f18018f9f4	275	construction_general_run1/source0084/driver_stdout.txt
4d8fde0fd49e20ad2710f410ebcb068f134c68e4a4c6f9c67553857c4fbb3c11	4273	construction_general_run1/source0084/executed_driver.txt
d3123957ef331665aa928cae2c7dfd358b00b51fe1ba0db6f6f925a4a21f9cc8	718	construction_general_run1/source0084/executed_inputs.gp
df8efad6ce0e047908327f0332e36f42f948e5c31814536e7d71c6360c0864bf	3135	construction_general_run1/source0084/executed_protocol.md
256c6b588e725631c4a4671c80cb3093aae8bacc000fa3e4d8212489db5cddca	7897	construction_general_run1/source0084/executed_script.gp
d3123957ef331665aa928cae2c7dfd358b00b51fe1ba0db6f6f925a4a21f9cc8	718	construction_general_run1/source0084/input.gp
3e2610126195f68485fd9d4cf002c2d186191dfee7cb560ad8dbc97572b329d0	303	construction_general_run1/source0084/receipt.json
65efc7a3944c90b158ec91628317fbe3a586043e548fb1cd3afd1f60a8d2c452	944	construction_general_run1/source0084/source_freeze.json
e3b0c44298fc1c149afbf4c8996fb92427ae41e4649b934ca495991b7852b855	0	construction_general_run1/source0084/stderr.txt
7f1fc373229b1d0cc3e633e372f64c8df77eec05e996d28ee2f26639b6807fcc	985	construction_general_run1/source0084/stdout.txt
e3b0c44298fc1c149afbf4c8996fb92427ae41e4649b934ca495991b7852b855	0	construction_general_run1/source0085/driver_stderr.txt
9ab3509501efe50393a21960263e0ae39cb60c35949abf7477ae6bee36be9fe9	275	construction_general_run1/source0085/driver_stdout.txt
4d8fde0fd49e20ad2710f410ebcb068f134c68e4a4c6f9c67553857c4fbb3c11	4273	construction_general_run1/source0085/executed_driver.txt
c1735ce2bd380e2c55a71da12f97a68ea5a8a8ef16404566b2db711c5aa1de03	715	construction_general_run1/source0085/executed_inputs.gp
df8efad6ce0e047908327f0332e36f42f948e5c31814536e7d71c6360c0864bf	3135	construction_general_run1/source0085/executed_protocol.md
256c6b588e725631c4a4671c80cb3093aae8bacc000fa3e4d8212489db5cddca	7897	construction_general_run1/source0085/executed_script.gp
c1735ce2bd380e2c55a71da12f97a68ea5a8a8ef16404566b2db711c5aa1de03	715	construction_general_run1/source0085/input.gp
6b764595020c8e09e66c4fc7cc157ef76a35ac35b7a99a4f0ce09eb7746fc946	303	construction_general_run1/source0085/receipt.json
ddbaee82f3a5c789797c7331b47c1658dddd58cb54b6c955e8f553d9e1d212e4	944	construction_general_run1/source0085/source_freeze.json
e3b0c44298fc1c149afbf4c8996fb92427ae41e4649b934ca495991b7852b855	0	construction_general_run1/source0085/stderr.txt
732d77125effdd5862db50e54ed4f816712a14c28385e0f867fd825225f673bc	986	construction_general_run1/source0085/stdout.txt
e3b0c44298fc1c149afbf4c8996fb92427ae41e4649b934ca495991b7852b855	0	construction_general_run1/source0086/driver_stderr.txt
09c118841c8348f61b6556bbd1c221e4e6c27fcd6cd8f9cc136be3cb7e931e22	275	construction_general_run1/source0086/driver_stdout.txt
4d8fde0fd49e20ad2710f410ebcb068f134c68e4a4c6f9c67553857c4fbb3c11	4273	construction_general_run1/source0086/executed_driver.txt
b121b9ddee28e2271ec905532f8f7550eb64b113b329fdc2a7668c70d63cc07d	716	construction_general_run1/source0086/executed_inputs.gp
df8efad6ce0e047908327f0332e36f42f948e5c31814536e7d71c6360c0864bf	3135	construction_general_run1/source0086/executed_protocol.md
256c6b588e725631c4a4671c80cb3093aae8bacc000fa3e4d8212489db5cddca	7897	construction_general_run1/source0086/executed_script.gp
b121b9ddee28e2271ec905532f8f7550eb64b113b329fdc2a7668c70d63cc07d	716	construction_general_run1/source0086/input.gp
21217bf9e51c9f8a83278a6b61268e2eea07e761c256a3428a00f19f324f152b	303	construction_general_run1/source0086/receipt.json
06a4b6da7945de91a1c1273c98759efd13f4be81b1d672683c45b6e44b2ab80e	944	construction_general_run1/source0086/source_freeze.json
e3b0c44298fc1c149afbf4c8996fb92427ae41e4649b934ca495991b7852b855	0	construction_general_run1/source0086/stderr.txt
8242d5031b4208e488761e551f4e4f9687150dfe2da3d1eab0bac8f1eb50dcd6	970	construction_general_run1/source0086/stdout.txt
e3b0c44298fc1c149afbf4c8996fb92427ae41e4649b934ca495991b7852b855	0	construction_general_run1/source0087/driver_stderr.txt
7f2e853609d053430827bbc9ff0aa6bc8dac112927c7d325a225f29f785ef587	275	construction_general_run1/source0087/driver_stdout.txt
4d8fde0fd49e20ad2710f410ebcb068f134c68e4a4c6f9c67553857c4fbb3c11	4273	construction_general_run1/source0087/executed_driver.txt
d326d3926917970dc8126d33214b22781598a37a859d864daba0da0276ddc5bb	710	construction_general_run1/source0087/executed_inputs.gp
df8efad6ce0e047908327f0332e36f42f948e5c31814536e7d71c6360c0864bf	3135	construction_general_run1/source0087/executed_protocol.md
256c6b588e725631c4a4671c80cb3093aae8bacc000fa3e4d8212489db5cddca	7897	construction_general_run1/source0087/executed_script.gp
d326d3926917970dc8126d33214b22781598a37a859d864daba0da0276ddc5bb	710	construction_general_run1/source0087/input.gp
1d3ed6340c0657000b4c000bf485b4311fb367df50eb776536ffa37c0643c175	303	construction_general_run1/source0087/receipt.json
c6c2cc209e6e0c6a2df91d9df8b0d9816871f08eca9188f45adf2d8e8c5e5790	944	construction_general_run1/source0087/source_freeze.json
e3b0c44298fc1c149afbf4c8996fb92427ae41e4649b934ca495991b7852b855	0	construction_general_run1/source0087/stderr.txt
37b898436b11c31a10df17ed2dca1ee2ae00025fe697051196a8a75c5a432d2e	989	construction_general_run1/source0087/stdout.txt
e3b0c44298fc1c149afbf4c8996fb92427ae41e4649b934ca495991b7852b855	0	construction_general_run1/source0088/driver_stderr.txt
665d378e6d59937e1f72cdcc3fda3789429745fbaee2aef0c0da4f610fa38f2a	275	construction_general_run1/source0088/driver_stdout.txt
4d8fde0fd49e20ad2710f410ebcb068f134c68e4a4c6f9c67553857c4fbb3c11	4273	construction_general_run1/source0088/executed_driver.txt
102d0c1fc7bd133161131375f2fd940ee2bbfbecf04dcc6a842fd8c617b258b4	717	construction_general_run1/source0088/executed_inputs.gp
df8efad6ce0e047908327f0332e36f42f948e5c31814536e7d71c6360c0864bf	3135	construction_general_run1/source0088/executed_protocol.md
256c6b588e725631c4a4671c80cb3093aae8bacc000fa3e4d8212489db5cddca	7897	construction_general_run1/source0088/executed_script.gp
102d0c1fc7bd133161131375f2fd940ee2bbfbecf04dcc6a842fd8c617b258b4	717	construction_general_run1/source0088/input.gp
9f30b52adeb81c2affb60537200357978b1f692600dbdc85d30b614abaca380e	303	construction_general_run1/source0088/receipt.json
7fafb746ba5d0b247227abffcff94b3748e5d5a4f993e56c560b92928a8439ef	944	construction_general_run1/source0088/source_freeze.json
e3b0c44298fc1c149afbf4c8996fb92427ae41e4649b934ca495991b7852b855	0	construction_general_run1/source0088/stderr.txt
5e3af38b7cebdf380a7e2c560b2fc68b5c1dd7ac444df7ac03a7ab727868eda9	984	construction_general_run1/source0088/stdout.txt
e3b0c44298fc1c149afbf4c8996fb92427ae41e4649b934ca495991b7852b855	0	construction_general_run1/source0089/driver_stderr.txt
47523f8c18744d367a0630db1a374b60fa039aa582eb9c8cc8c46736efe74fbd	275	construction_general_run1/source0089/driver_stdout.txt
4d8fde0fd49e20ad2710f410ebcb068f134c68e4a4c6f9c67553857c4fbb3c11	4273	construction_general_run1/source0089/executed_driver.txt
221075dadc7bcc5e6f72ef6ca8336dcb3beaab626e0d88e2a67701cab5960936	708	construction_general_run1/source0089/executed_inputs.gp
df8efad6ce0e047908327f0332e36f42f948e5c31814536e7d71c6360c0864bf	3135	construction_general_run1/source0089/executed_protocol.md
256c6b588e725631c4a4671c80cb3093aae8bacc000fa3e4d8212489db5cddca	7897	construction_general_run1/source0089/executed_script.gp
221075dadc7bcc5e6f72ef6ca8336dcb3beaab626e0d88e2a67701cab5960936	708	construction_general_run1/source0089/input.gp
7f8197a902fe069e748d98d8fd52542e3814efc5f906cdedbc4dd3da29a23e01	303	construction_general_run1/source0089/receipt.json
062eab1943bcc1f0250226e993736df301c4b8453f490c21b5375a7f5de36783	944	construction_general_run1/source0089/source_freeze.json
e3b0c44298fc1c149afbf4c8996fb92427ae41e4649b934ca495991b7852b855	0	construction_general_run1/source0089/stderr.txt
db0df23d9362c6c4ede107e4e38b42287de2349c805b6d891fa4780d43af3a1c	988	construction_general_run1/source0089/stdout.txt
e3b0c44298fc1c149afbf4c8996fb92427ae41e4649b934ca495991b7852b855	0	construction_general_run1/source0090/driver_stderr.txt
79a0893f634cde9a803eddd7770374dd4cb97d2b4acf394940cd7dac92970bcf	275	construction_general_run1/source0090/driver_stdout.txt
4d8fde0fd49e20ad2710f410ebcb068f134c68e4a4c6f9c67553857c4fbb3c11	4273	construction_general_run1/source0090/executed_driver.txt
1434c2ffcb73afb105292cde8c06f910974c74550bc90fe531626b189ad6a523	714	construction_general_run1/source0090/executed_inputs.gp
df8efad6ce0e047908327f0332e36f42f948e5c31814536e7d71c6360c0864bf	3135	construction_general_run1/source0090/executed_protocol.md
256c6b588e725631c4a4671c80cb3093aae8bacc000fa3e4d8212489db5cddca	7897	construction_general_run1/source0090/executed_script.gp
1434c2ffcb73afb105292cde8c06f910974c74550bc90fe531626b189ad6a523	714	construction_general_run1/source0090/input.gp
bac51b12c9e5da684332cc494088f89d4e5eb8ed020dcdb3d65802c3f4e4bfae	303	construction_general_run1/source0090/receipt.json
037fcbc4d3d43645407f2caf75a0dce882765a25f3c5ba294726dc9febb7c2bf	944	construction_general_run1/source0090/source_freeze.json
e3b0c44298fc1c149afbf4c8996fb92427ae41e4649b934ca495991b7852b855	0	construction_general_run1/source0090/stderr.txt
bd0d660c147272e3350b34a4d94ecd2955b63fd801ba964b3a39193d66f41fcf	976	construction_general_run1/source0090/stdout.txt
e3b0c44298fc1c149afbf4c8996fb92427ae41e4649b934ca495991b7852b855	0	construction_general_run1/source0091/driver_stderr.txt
031c2ca2cd854ba44a5bb6c69139f6ce3f023ad90743361c93850d570b7bf05d	275	construction_general_run1/source0091/driver_stdout.txt
4d8fde0fd49e20ad2710f410ebcb068f134c68e4a4c6f9c67553857c4fbb3c11	4273	construction_general_run1/source0091/executed_driver.txt
e958c364e6ce1ada4ba44b937deffd2c220d959c89dbda2a606d263b0a503e61	718	construction_general_run1/source0091/executed_inputs.gp
df8efad6ce0e047908327f0332e36f42f948e5c31814536e7d71c6360c0864bf	3135	construction_general_run1/source0091/executed_protocol.md
256c6b588e725631c4a4671c80cb3093aae8bacc000fa3e4d8212489db5cddca	7897	construction_general_run1/source0091/executed_script.gp
e958c364e6ce1ada4ba44b937deffd2c220d959c89dbda2a606d263b0a503e61	718	construction_general_run1/source0091/input.gp
d4d0f3d6975eca692e52198ac2b82813331f7dab5e1c2663c27241fd73309792	303	construction_general_run1/source0091/receipt.json
04ba7bbe0780011edeafd22d634d9d7eb5b8cc100e87f924abfae107bdaabc9d	944	construction_general_run1/source0091/source_freeze.json
e3b0c44298fc1c149afbf4c8996fb92427ae41e4649b934ca495991b7852b855	0	construction_general_run1/source0091/stderr.txt
96d6bf73b1e4cfb48d10ee690b0642f9a77c0e264eee067a214489c45a1b1cd7	985	construction_general_run1/source0091/stdout.txt
e3b0c44298fc1c149afbf4c8996fb92427ae41e4649b934ca495991b7852b855	0	construction_general_run1/source0092/driver_stderr.txt
3993c7fbad748910bbfb54cc7cb2e189c0f9703bbc4b4355b3c533b72109c4da	275	construction_general_run1/source0092/driver_stdout.txt
4d8fde0fd49e20ad2710f410ebcb068f134c68e4a4c6f9c67553857c4fbb3c11	4273	construction_general_run1/source0092/executed_driver.txt
db697c1142ab4a268f2352cf13675ca8053d13e73984a432c925c4bf2087da6d	722	construction_general_run1/source0092/executed_inputs.gp
df8efad6ce0e047908327f0332e36f42f948e5c31814536e7d71c6360c0864bf	3135	construction_general_run1/source0092/executed_protocol.md
256c6b588e725631c4a4671c80cb3093aae8bacc000fa3e4d8212489db5cddca	7897	construction_general_run1/source0092/executed_script.gp
db697c1142ab4a268f2352cf13675ca8053d13e73984a432c925c4bf2087da6d	722	construction_general_run1/source0092/input.gp
329884a181fdaaa33a704c28f1257266c7965c057fa8a3167ca5dd9ed4dd736f	303	construction_general_run1/source0092/receipt.json
087788d4368d8ce6e6b22a6edb94fd40b54da29663f276fe7ed163c6b82d4428	944	construction_general_run1/source0092/source_freeze.json
e3b0c44298fc1c149afbf4c8996fb92427ae41e4649b934ca495991b7852b855	0	construction_general_run1/source0092/stderr.txt
5a521cf0be06da1cb2d288db1c43e1b317ab7a7ef8ac7b1c050136fdb95d7f49	990	construction_general_run1/source0092/stdout.txt
e3b0c44298fc1c149afbf4c8996fb92427ae41e4649b934ca495991b7852b855	0	construction_general_run1/source0093/driver_stderr.txt
d546882a83054e805ba52af7f71cf64d942aefb32f4ffc60d4afd2500fabda2a	275	construction_general_run1/source0093/driver_stdout.txt
4d8fde0fd49e20ad2710f410ebcb068f134c68e4a4c6f9c67553857c4fbb3c11	4273	construction_general_run1/source0093/executed_driver.txt
2700ece6af8abbea92fe4f7c2953b9cbdc51031404ec65e752d443624ce75ac1	714	construction_general_run1/source0093/executed_inputs.gp
df8efad6ce0e047908327f0332e36f42f948e5c31814536e7d71c6360c0864bf	3135	construction_general_run1/source0093/executed_protocol.md
256c6b588e725631c4a4671c80cb3093aae8bacc000fa3e4d8212489db5cddca	7897	construction_general_run1/source0093/executed_script.gp
2700ece6af8abbea92fe4f7c2953b9cbdc51031404ec65e752d443624ce75ac1	714	construction_general_run1/source0093/input.gp
0dffe91e2e4a9dc31c9de78da674b0280fd9bedf2db15420cd610d46fdf68524	303	construction_general_run1/source0093/receipt.json
4d265c42ee413a61f5bea406542cd74b9fec518f73717cafad6e3b3a8bb0378f	944	construction_general_run1/source0093/source_freeze.json
e3b0c44298fc1c149afbf4c8996fb92427ae41e4649b934ca495991b7852b855	0	construction_general_run1/source0093/stderr.txt
a377b942db10bc586c069277cbf393f1d7b096cedda702528dd12e7fea4ce845	988	construction_general_run1/source0093/stdout.txt
e3b0c44298fc1c149afbf4c8996fb92427ae41e4649b934ca495991b7852b855	0	construction_general_run1/source0094/driver_stderr.txt
fc7f427d54c6fa4bf742fa0f725ce6b26d93c80bb5d55d518da6d57705fd1099	275	construction_general_run1/source0094/driver_stdout.txt
4d8fde0fd49e20ad2710f410ebcb068f134c68e4a4c6f9c67553857c4fbb3c11	4273	construction_general_run1/source0094/executed_driver.txt
da838ffc9b975df26206a84aadbb6756df06da2b3f5a7df7ffb4ad3caea1463f	715	construction_general_run1/source0094/executed_inputs.gp
df8efad6ce0e047908327f0332e36f42f948e5c31814536e7d71c6360c0864bf	3135	construction_general_run1/source0094/executed_protocol.md
256c6b588e725631c4a4671c80cb3093aae8bacc000fa3e4d8212489db5cddca	7897	construction_general_run1/source0094/executed_script.gp
da838ffc9b975df26206a84aadbb6756df06da2b3f5a7df7ffb4ad3caea1463f	715	construction_general_run1/source0094/input.gp
7e3e990f8df2c39ab14364729e194ab555b4605b70da44b11879ca605954f52f	303	construction_general_run1/source0094/receipt.json
e8e0e7fc35b422348ff27711c61db2dd8ced3592e344e9f15190616d4d327b2b	944	construction_general_run1/source0094/source_freeze.json
e3b0c44298fc1c149afbf4c8996fb92427ae41e4649b934ca495991b7852b855	0	construction_general_run1/source0094/stderr.txt
4fd46cf47d736d4d008e40bccdea9278aadb6bab1cbff246eeaa11feb2e88bec	995	construction_general_run1/source0094/stdout.txt
e3b0c44298fc1c149afbf4c8996fb92427ae41e4649b934ca495991b7852b855	0	construction_general_run1/source0095/driver_stderr.txt
f59232d66a403850ad6e1d6dca70a554fa5bbd72ce067c5ca2946080dc9a86d1	275	construction_general_run1/source0095/driver_stdout.txt
4d8fde0fd49e20ad2710f410ebcb068f134c68e4a4c6f9c67553857c4fbb3c11	4273	construction_general_run1/source0095/executed_driver.txt
aefd3e86075cbb3ac4651404cbb8afa3a6dc918cc4ea38d0da9a4eeaddfdf3bd	717	construction_general_run1/source0095/executed_inputs.gp
df8efad6ce0e047908327f0332e36f42f948e5c31814536e7d71c6360c0864bf	3135	construction_general_run1/source0095/executed_protocol.md
256c6b588e725631c4a4671c80cb3093aae8bacc000fa3e4d8212489db5cddca	7897	construction_general_run1/source0095/executed_script.gp
aefd3e86075cbb3ac4651404cbb8afa3a6dc918cc4ea38d0da9a4eeaddfdf3bd	717	construction_general_run1/source0095/input.gp
e8404905b56a5362503e8a75e7eb58cdc0f67ab975d689d6f9a85fbf3bd3eb5c	303	construction_general_run1/source0095/receipt.json
29e5d2db7d82af78bd4fff372f690dbfb381c8a6bec81d9e7f0773719eec10ab	944	construction_general_run1/source0095/source_freeze.json
e3b0c44298fc1c149afbf4c8996fb92427ae41e4649b934ca495991b7852b855	0	construction_general_run1/source0095/stderr.txt
802099a9b7373f35abbc8a4291a8a146d4f511b73a631ea42c1983a3d2cd029d	985	construction_general_run1/source0095/stdout.txt
e3b0c44298fc1c149afbf4c8996fb92427ae41e4649b934ca495991b7852b855	0	construction_general_run1/source0096/driver_stderr.txt
96e6cf7d52264b2f88ed67165556b46575a4b6313ba15a45f39cfe40a069ac3d	275	construction_general_run1/source0096/driver_stdout.txt
4d8fde0fd49e20ad2710f410ebcb068f134c68e4a4c6f9c67553857c4fbb3c11	4273	construction_general_run1/source0096/executed_driver.txt
e7957ce209497ad4eb61ba1bc3a63dc97c60da843fdb4787a4740c56f3c04a58	715	construction_general_run1/source0096/executed_inputs.gp
df8efad6ce0e047908327f0332e36f42f948e5c31814536e7d71c6360c0864bf	3135	construction_general_run1/source0096/executed_protocol.md
256c6b588e725631c4a4671c80cb3093aae8bacc000fa3e4d8212489db5cddca	7897	construction_general_run1/source0096/executed_script.gp
e7957ce209497ad4eb61ba1bc3a63dc97c60da843fdb4787a4740c56f3c04a58	715	construction_general_run1/source0096/input.gp
0c200f12ecf610b1469232ca82a98670e9bd9fc450948494bc394ef483d3262a	303	construction_general_run1/source0096/receipt.json
81d39cfff5d9862d2f0757d746cc4331782b98e171d885091d6c9b7ea6a5ff21	944	construction_general_run1/source0096/source_freeze.json
e3b0c44298fc1c149afbf4c8996fb92427ae41e4649b934ca495991b7852b855	0	construction_general_run1/source0096/stderr.txt
ce9ac969021deb599f9f001f85381e0532db9b70e20e1c43db3a7507e76686f9	986	construction_general_run1/source0096/stdout.txt
e3b0c44298fc1c149afbf4c8996fb92427ae41e4649b934ca495991b7852b855	0	construction_general_run1/source0097/driver_stderr.txt
bcdb3337594b86f3086c48b7d32b0389962242efe7726f59c2861f02ebf088fe	275	construction_general_run1/source0097/driver_stdout.txt
4d8fde0fd49e20ad2710f410ebcb068f134c68e4a4c6f9c67553857c4fbb3c11	4273	construction_general_run1/source0097/executed_driver.txt
73c2cfcf800227a96d2f9f70d2d2760c8f97b9598079a4dc6a52619811b218a3	831	construction_general_run1/source0097/executed_inputs.gp
df8efad6ce0e047908327f0332e36f42f948e5c31814536e7d71c6360c0864bf	3135	construction_general_run1/source0097/executed_protocol.md
256c6b588e725631c4a4671c80cb3093aae8bacc000fa3e4d8212489db5cddca	7897	construction_general_run1/source0097/executed_script.gp
73c2cfcf800227a96d2f9f70d2d2760c8f97b9598079a4dc6a52619811b218a3	831	construction_general_run1/source0097/input.gp
80c1bf0a7f4f01ab52b0379bfc607c32b718021e38e97b3054d91abe76af3740	303	construction_general_run1/source0097/receipt.json
5985fe2d29493a224e5cee7b4a4df7db1c38a03db94f1202307c4389858ca284	944	construction_general_run1/source0097/source_freeze.json
e3b0c44298fc1c149afbf4c8996fb92427ae41e4649b934ca495991b7852b855	0	construction_general_run1/source0097/stderr.txt
78a507c87e9803845964f2bd1a5b1628c614730c126e667ff94f13e41192c93f	1115	construction_general_run1/source0097/stdout.txt
e3b0c44298fc1c149afbf4c8996fb92427ae41e4649b934ca495991b7852b855	0	construction_general_run1/source0098/driver_stderr.txt
d98bddf820ac8416988b2c6ad8765804c0bed255c157c141a77e2ddccecb636b	275	construction_general_run1/source0098/driver_stdout.txt
4d8fde0fd49e20ad2710f410ebcb068f134c68e4a4c6f9c67553857c4fbb3c11	4273	construction_general_run1/source0098/executed_driver.txt
fbb9a60bd7714720ed6117e80573ef826d8ff7fe5f25983222a8d1e1dbc24e40	826	construction_general_run1/source0098/executed_inputs.gp
df8efad6ce0e047908327f0332e36f42f948e5c31814536e7d71c6360c0864bf	3135	construction_general_run1/source0098/executed_protocol.md
256c6b588e725631c4a4671c80cb3093aae8bacc000fa3e4d8212489db5cddca	7897	construction_general_run1/source0098/executed_script.gp
fbb9a60bd7714720ed6117e80573ef826d8ff7fe5f25983222a8d1e1dbc24e40	826	construction_general_run1/source0098/input.gp
3d57054aceebd033af2f77ba23b1484d78c885d1ef4c959804d020a00767acc5	303	construction_general_run1/source0098/receipt.json
ad6d11982e3fd35adb132a6b490c1b73fbba921a4fcb37b1dca432a4c8027eca	944	construction_general_run1/source0098/source_freeze.json
e3b0c44298fc1c149afbf4c8996fb92427ae41e4649b934ca495991b7852b855	0	construction_general_run1/source0098/stderr.txt
b6d60aa41f3c34bc59ff20e00e71d3080eb6616a327441fdb62922377e743c19	1091	construction_general_run1/source0098/stdout.txt
e3b0c44298fc1c149afbf4c8996fb92427ae41e4649b934ca495991b7852b855	0	construction_general_run1/source0099/driver_stderr.txt
90fbccb505451eb9a83f12332b2561da73a4bb360a0fe39af5e012f19c7a3989	275	construction_general_run1/source0099/driver_stdout.txt
4d8fde0fd49e20ad2710f410ebcb068f134c68e4a4c6f9c67553857c4fbb3c11	4273	construction_general_run1/source0099/executed_driver.txt
698ad9624b53e460e011f1483b11ee962c5623a9024840a427cd76059cd94829	826	construction_general_run1/source0099/executed_inputs.gp
df8efad6ce0e047908327f0332e36f42f948e5c31814536e7d71c6360c0864bf	3135	construction_general_run1/source0099/executed_protocol.md
256c6b588e725631c4a4671c80cb3093aae8bacc000fa3e4d8212489db5cddca	7897	construction_general_run1/source0099/executed_script.gp
698ad9624b53e460e011f1483b11ee962c5623a9024840a427cd76059cd94829	826	construction_general_run1/source0099/input.gp
a0a04cc15d479f0764a4029ecd876c91e657d05f48fe3a1a35ce5cd3b2da51ae	303	construction_general_run1/source0099/receipt.json
e86913c15b25d269667526be1a616a80d28d48d7b724c414c6025a96a760f131	944	construction_general_run1/source0099/source_freeze.json
e3b0c44298fc1c149afbf4c8996fb92427ae41e4649b934ca495991b7852b855	0	construction_general_run1/source0099/stderr.txt
e09508d519821b63be2f2ad3c1cec4bc5cda9235c497df9861e9e4c785a4c988	1116	construction_general_run1/source0099/stdout.txt
e3b0c44298fc1c149afbf4c8996fb92427ae41e4649b934ca495991b7852b855	0	construction_general_run1/source0100/driver_stderr.txt
14da31702680cf91038ca160d9f02ce50cf08e430538a531df4b7689e30444df	275	construction_general_run1/source0100/driver_stdout.txt
4d8fde0fd49e20ad2710f410ebcb068f134c68e4a4c6f9c67553857c4fbb3c11	4273	construction_general_run1/source0100/executed_driver.txt
7ce37dbe07448b38fbdc6065bfc0cc69378569d73fa6deaf243dbcc2e06c9bd8	829	construction_general_run1/source0100/executed_inputs.gp
df8efad6ce0e047908327f0332e36f42f948e5c31814536e7d71c6360c0864bf	3135	construction_general_run1/source0100/executed_protocol.md
256c6b588e725631c4a4671c80cb3093aae8bacc000fa3e4d8212489db5cddca	7897	construction_general_run1/source0100/executed_script.gp
7ce37dbe07448b38fbdc6065bfc0cc69378569d73fa6deaf243dbcc2e06c9bd8	829	construction_general_run1/source0100/input.gp
6d8cfa6a96178ce1a264442a5eb23f8e8c569257749351e660a0743b99e7aad4	303	construction_general_run1/source0100/receipt.json
7afc028b53cc2f810e31de29975619a5d9fde1f54f84ecb4c1608e929fe1ef2d	944	construction_general_run1/source0100/source_freeze.json
e3b0c44298fc1c149afbf4c8996fb92427ae41e4649b934ca495991b7852b855	0	construction_general_run1/source0100/stderr.txt
d6255f90e3d93315b8ef25e880d367181db5e27edda5a89bba4c21a9b16fbe02	1111	construction_general_run1/source0100/stdout.txt
e3b0c44298fc1c149afbf4c8996fb92427ae41e4649b934ca495991b7852b855	0	construction_general_run1/source0101/driver_stderr.txt
b692398ec3dcef19d9631c8c1bccf2080d5b96b26336bb73ee0566de55792f43	275	construction_general_run1/source0101/driver_stdout.txt
4d8fde0fd49e20ad2710f410ebcb068f134c68e4a4c6f9c67553857c4fbb3c11	4273	construction_general_run1/source0101/executed_driver.txt
ee480358b1268fe05d611d7aeaf2e43efd14fb8fd8a168531a2b50e8b0fa93c0	826	construction_general_run1/source0101/executed_inputs.gp
df8efad6ce0e047908327f0332e36f42f948e5c31814536e7d71c6360c0864bf	3135	construction_general_run1/source0101/executed_protocol.md
256c6b588e725631c4a4671c80cb3093aae8bacc000fa3e4d8212489db5cddca	7897	construction_general_run1/source0101/executed_script.gp
ee480358b1268fe05d611d7aeaf2e43efd14fb8fd8a168531a2b50e8b0fa93c0	826	construction_general_run1/source0101/input.gp
140ea4ff0ac8c635f5566c80870aa7be6a6a92b0ef123f8e903918eb6f1495d8	303	construction_general_run1/source0101/receipt.json
4ad19e2cdd4102298c7f97192930018995482c42d01ead8a6c312ba003d10191	944	construction_general_run1/source0101/source_freeze.json
e3b0c44298fc1c149afbf4c8996fb92427ae41e4649b934ca495991b7852b855	0	construction_general_run1/source0101/stderr.txt
dd8929965e7d39da95067e3d23dbe98f305faf04435c1888bb68c66e2b1bfd82	1107	construction_general_run1/source0101/stdout.txt
e3b0c44298fc1c149afbf4c8996fb92427ae41e4649b934ca495991b7852b855	0	construction_general_run1/source0102/driver_stderr.txt
aecfa4c981c7ab7af83bf38fb9010b55a2d048824a250d7618cd360a96ce6183	275	construction_general_run1/source0102/driver_stdout.txt
4d8fde0fd49e20ad2710f410ebcb068f134c68e4a4c6f9c67553857c4fbb3c11	4273	construction_general_run1/source0102/executed_driver.txt
a850bbb297e22d2aa8e106d2226fc335b8bc5aae1b044fcdd9d35c282ec8e974	827	construction_general_run1/source0102/executed_inputs.gp
df8efad6ce0e047908327f0332e36f42f948e5c31814536e7d71c6360c0864bf	3135	construction_general_run1/source0102/executed_protocol.md
256c6b588e725631c4a4671c80cb3093aae8bacc000fa3e4d8212489db5cddca	7897	construction_general_run1/source0102/executed_script.gp
a850bbb297e22d2aa8e106d2226fc335b8bc5aae1b044fcdd9d35c282ec8e974	827	construction_general_run1/source0102/input.gp
d4e636b1080cc2d8951cb8fac9894b2212693a7d91005f0c801778abcfdd061b	303	construction_general_run1/source0102/receipt.json
473ef816e89408a9e8e6650fff6b61f6dbbde9d89d9f809f53ea6ca51bb6c628	944	construction_general_run1/source0102/source_freeze.json
e3b0c44298fc1c149afbf4c8996fb92427ae41e4649b934ca495991b7852b855	0	construction_general_run1/source0102/stderr.txt
b59541398bd029a61327190a0e7d0ca8646454593ef27e19fb722d4ff0634ec2	1098	construction_general_run1/source0102/stdout.txt
e3b0c44298fc1c149afbf4c8996fb92427ae41e4649b934ca495991b7852b855	0	construction_general_run1/source0103/driver_stderr.txt
b1ded5e0acdd66de43946516daf883c5ff358124a8a990c021979a9039802270	275	construction_general_run1/source0103/driver_stdout.txt
4d8fde0fd49e20ad2710f410ebcb068f134c68e4a4c6f9c67553857c4fbb3c11	4273	construction_general_run1/source0103/executed_driver.txt
96191427990cb1a33d2a3eb1f3a4c30cb162d65642b79e87d5443b967b112c89	825	construction_general_run1/source0103/executed_inputs.gp
df8efad6ce0e047908327f0332e36f42f948e5c31814536e7d71c6360c0864bf	3135	construction_general_run1/source0103/executed_protocol.md
256c6b588e725631c4a4671c80cb3093aae8bacc000fa3e4d8212489db5cddca	7897	construction_general_run1/source0103/executed_script.gp
96191427990cb1a33d2a3eb1f3a4c30cb162d65642b79e87d5443b967b112c89	825	construction_general_run1/source0103/input.gp
819719dffe6adc56d26256eacbc149c8e0213b9b79071b78d49390093eaae01e	303	construction_general_run1/source0103/receipt.json
81cef7d21e98b5c960cbca8bb50a19ac09c5706196db3c07647132796e86bc75	944	construction_general_run1/source0103/source_freeze.json
e3b0c44298fc1c149afbf4c8996fb92427ae41e4649b934ca495991b7852b855	0	construction_general_run1/source0103/stderr.txt
dc0d72cab609ce92693d140624f9747c48ae3552f531332a2500d3eb847c6c12	1097	construction_general_run1/source0103/stdout.txt
e3b0c44298fc1c149afbf4c8996fb92427ae41e4649b934ca495991b7852b855	0	construction_general_run1/source0104/driver_stderr.txt
f54a1753e3246a3f3e360e48db973b525d2630e0b4a224acec84e95c240f180d	275	construction_general_run1/source0104/driver_stdout.txt
4d8fde0fd49e20ad2710f410ebcb068f134c68e4a4c6f9c67553857c4fbb3c11	4273	construction_general_run1/source0104/executed_driver.txt
17dbdfe38b8a78e573466753d8c9b01e5ef06e83a184fdb3242a7cdb5a4712fd	826	construction_general_run1/source0104/executed_inputs.gp
df8efad6ce0e047908327f0332e36f42f948e5c31814536e7d71c6360c0864bf	3135	construction_general_run1/source0104/executed_protocol.md
256c6b588e725631c4a4671c80cb3093aae8bacc000fa3e4d8212489db5cddca	7897	construction_general_run1/source0104/executed_script.gp
17dbdfe38b8a78e573466753d8c9b01e5ef06e83a184fdb3242a7cdb5a4712fd	826	construction_general_run1/source0104/input.gp
bf883989ac89e77e459bfe2a2ef4b043604994a0e986c3fbb9430db04ad3b356	303	construction_general_run1/source0104/receipt.json
10322c9ebf0dff2e026ec07a75b98f0c2f2d507e4d8bbb2984b831b08eaeee44	944	construction_general_run1/source0104/source_freeze.json
e3b0c44298fc1c149afbf4c8996fb92427ae41e4649b934ca495991b7852b855	0	construction_general_run1/source0104/stderr.txt
701eb9991743b5f95ee047c70c728467e82dc2c0a70548f0d9198293f11adbd9	1112	construction_general_run1/source0104/stdout.txt
e3b0c44298fc1c149afbf4c8996fb92427ae41e4649b934ca495991b7852b855	0	construction_general_run1/source0105/driver_stderr.txt
2030c526e66bc94eecda0aafd6b9f0d899b3db3398a78c459df54d5769f76d89	275	construction_general_run1/source0105/driver_stdout.txt
4d8fde0fd49e20ad2710f410ebcb068f134c68e4a4c6f9c67553857c4fbb3c11	4273	construction_general_run1/source0105/executed_driver.txt
1a44d285c18ff0e57420dcc562aaff6fc64ab00c457046a2412e961cd0635a6f	825	construction_general_run1/source0105/executed_inputs.gp
df8efad6ce0e047908327f0332e36f42f948e5c31814536e7d71c6360c0864bf	3135	construction_general_run1/source0105/executed_protocol.md
256c6b588e725631c4a4671c80cb3093aae8bacc000fa3e4d8212489db5cddca	7897	construction_general_run1/source0105/executed_script.gp
1a44d285c18ff0e57420dcc562aaff6fc64ab00c457046a2412e961cd0635a6f	825	construction_general_run1/source0105/input.gp
e34900d2bb7d9a6a0691bec4786373c0785af254d60520fa559b7adc16d436b4	303	construction_general_run1/source0105/receipt.json
7f8880f399d2b033c383c8df436e16f30a04db865cde04380376bd0f032f2724	944	construction_general_run1/source0105/source_freeze.json
e3b0c44298fc1c149afbf4c8996fb92427ae41e4649b934ca495991b7852b855	0	construction_general_run1/source0105/stderr.txt
cb6d5a792de94f96c83d45430cec8347197a0fe6d12dbf4502751a208fea443d	1107	construction_general_run1/source0105/stdout.txt
e3b0c44298fc1c149afbf4c8996fb92427ae41e4649b934ca495991b7852b855	0	construction_general_run1/source0106/driver_stderr.txt
52fa0b33818a98b3b8314b438bbdeccafb70ddb7136e3d373f5e64d4f65b6ad8	275	construction_general_run1/source0106/driver_stdout.txt
4d8fde0fd49e20ad2710f410ebcb068f134c68e4a4c6f9c67553857c4fbb3c11	4273	construction_general_run1/source0106/executed_driver.txt
12e88cdb24c1a7d8e8aeb64067cddef86f8a1cbd784893ef7dfb3d0a85b9ee3c	823	construction_general_run1/source0106/executed_inputs.gp
df8efad6ce0e047908327f0332e36f42f948e5c31814536e7d71c6360c0864bf	3135	construction_general_run1/source0106/executed_protocol.md
256c6b588e725631c4a4671c80cb3093aae8bacc000fa3e4d8212489db5cddca	7897	construction_general_run1/source0106/executed_script.gp
12e88cdb24c1a7d8e8aeb64067cddef86f8a1cbd784893ef7dfb3d0a85b9ee3c	823	construction_general_run1/source0106/input.gp
26d7b0952e023c0b94977e75fb6231561ee167e5eed4547482c6ddee9c4a0cec	303	construction_general_run1/source0106/receipt.json
d56a6964e26f6cbc6ffd8e105efa3daf26d96278110411b8651004c07c1e68a4	944	construction_general_run1/source0106/source_freeze.json
e3b0c44298fc1c149afbf4c8996fb92427ae41e4649b934ca495991b7852b855	0	construction_general_run1/source0106/stderr.txt
d589ee2b290f3f252e6ad6df80b7ef3232038dfcfb7e263db2c0d6fd40f9fe05	1107	construction_general_run1/source0106/stdout.txt
e3b0c44298fc1c149afbf4c8996fb92427ae41e4649b934ca495991b7852b855	0	construction_general_run1/source0107/driver_stderr.txt
456f1493e0229440d1b38f0de794ee1ff09ab8c0b8560fe5b6e455094395dcbf	275	construction_general_run1/source0107/driver_stdout.txt
4d8fde0fd49e20ad2710f410ebcb068f134c68e4a4c6f9c67553857c4fbb3c11	4273	construction_general_run1/source0107/executed_driver.txt
ca9e388c3ff5610515c99cdef609d8ba0d79dbf594f1f0e98ab85f3b641f8883	821	construction_general_run1/source0107/executed_inputs.gp
df8efad6ce0e047908327f0332e36f42f948e5c31814536e7d71c6360c0864bf	3135	construction_general_run1/source0107/executed_protocol.md
256c6b588e725631c4a4671c80cb3093aae8bacc000fa3e4d8212489db5cddca	7897	construction_general_run1/source0107/executed_script.gp
ca9e388c3ff5610515c99cdef609d8ba0d79dbf594f1f0e98ab85f3b641f8883	821	construction_general_run1/source0107/input.gp
ce682f29a6389c04ab4532947fd211a35d26f9bc8e03a433c7dbf27157ada85a	303	construction_general_run1/source0107/receipt.json
474d92d397e65a6fc049c1c699d315fe004156714388633e105025709c54f0d2	944	construction_general_run1/source0107/source_freeze.json
e3b0c44298fc1c149afbf4c8996fb92427ae41e4649b934ca495991b7852b855	0	construction_general_run1/source0107/stderr.txt
5bc3ecd40dd6b8d67c9c24748e3ec85d8cf5ef5fa0cb3a53601e0086617a2823	1110	construction_general_run1/source0107/stdout.txt
e3b0c44298fc1c149afbf4c8996fb92427ae41e4649b934ca495991b7852b855	0	construction_general_run1/source0108/driver_stderr.txt
397454f86a7f30a88419734e754e2d7050ef9ae7a8af46868cbf6566cdc84324	275	construction_general_run1/source0108/driver_stdout.txt
4d8fde0fd49e20ad2710f410ebcb068f134c68e4a4c6f9c67553857c4fbb3c11	4273	construction_general_run1/source0108/executed_driver.txt
cd85ad1450ad23d5bf3b3eae8cb9d89555d7b6aecfaa59b8524f3edffc28f2cb	825	construction_general_run1/source0108/executed_inputs.gp
df8efad6ce0e047908327f0332e36f42f948e5c31814536e7d71c6360c0864bf	3135	construction_general_run1/source0108/executed_protocol.md
256c6b588e725631c4a4671c80cb3093aae8bacc000fa3e4d8212489db5cddca	7897	construction_general_run1/source0108/executed_script.gp
cd85ad1450ad23d5bf3b3eae8cb9d89555d7b6aecfaa59b8524f3edffc28f2cb	825	construction_general_run1/source0108/input.gp
f5774e59212cd39aa800fe3b3f0b7415f6a1b3ab6172ea474ac431ed4687cd47	303	construction_general_run1/source0108/receipt.json
fe50ee4608762eefb142a7da6e6f18a599f0ea84804048f1528a2e7fd40c8161	944	construction_general_run1/source0108/source_freeze.json
e3b0c44298fc1c149afbf4c8996fb92427ae41e4649b934ca495991b7852b855	0	construction_general_run1/source0108/stderr.txt
5d0bb190328cc6f806d220935c7a2da9d2d013da5ba64073ea9a29912b955c18	1093	construction_general_run1/source0108/stdout.txt
e3b0c44298fc1c149afbf4c8996fb92427ae41e4649b934ca495991b7852b855	0	construction_general_run1/source0109/driver_stderr.txt
f3a69a93544c825ce5d9d136e162f6207ce0cb5ceb925054a79c13bc2b0e9e62	275	construction_general_run1/source0109/driver_stdout.txt
4d8fde0fd49e20ad2710f410ebcb068f134c68e4a4c6f9c67553857c4fbb3c11	4273	construction_general_run1/source0109/executed_driver.txt
876a711ada2116e2ceefa7a9de466e186026fd82ead9c230a98e89a1a6ac5026	828	construction_general_run1/source0109/executed_inputs.gp
df8efad6ce0e047908327f0332e36f42f948e5c31814536e7d71c6360c0864bf	3135	construction_general_run1/source0109/executed_protocol.md
256c6b588e725631c4a4671c80cb3093aae8bacc000fa3e4d8212489db5cddca	7897	construction_general_run1/source0109/executed_script.gp
876a711ada2116e2ceefa7a9de466e186026fd82ead9c230a98e89a1a6ac5026	828	construction_general_run1/source0109/input.gp
1a417635e977534e3387cd14c5d911441edb3abe3e55754807af1ed6b5580757	303	construction_general_run1/source0109/receipt.json
8b3a70fcb6dfe02c60ae547a8a87ff44e15902ef96cfb930664ab24bf933c75c	944	construction_general_run1/source0109/source_freeze.json
e3b0c44298fc1c149afbf4c8996fb92427ae41e4649b934ca495991b7852b855	0	construction_general_run1/source0109/stderr.txt
244c2c4e9ec80096b8af9ceb1590b8e03b02697a223868e091c7f82b7984ea4b	1119	construction_general_run1/source0109/stdout.txt
e3b0c44298fc1c149afbf4c8996fb92427ae41e4649b934ca495991b7852b855	0	construction_general_run1/source0110/driver_stderr.txt
bd9d00aa3cf14e3cbb8b85420c2819e6083243b48be9bbb5c61fbb0381895d33	275	construction_general_run1/source0110/driver_stdout.txt
4d8fde0fd49e20ad2710f410ebcb068f134c68e4a4c6f9c67553857c4fbb3c11	4273	construction_general_run1/source0110/executed_driver.txt
9bd3271b17af538395c75ae1273c456f95dabb68134528331ededdc54326bc6e	828	construction_general_run1/source0110/executed_inputs.gp
df8efad6ce0e047908327f0332e36f42f948e5c31814536e7d71c6360c0864bf	3135	construction_general_run1/source0110/executed_protocol.md
256c6b588e725631c4a4671c80cb3093aae8bacc000fa3e4d8212489db5cddca	7897	construction_general_run1/source0110/executed_script.gp
9bd3271b17af538395c75ae1273c456f95dabb68134528331ededdc54326bc6e	828	construction_general_run1/source0110/input.gp
6fd8ef5044c009f1fd1e6da25865dc46ed8338d8725c153fee060424eb2f468b	303	construction_general_run1/source0110/receipt.json
f2d43b95ad8f7ac6ac113706d6358c4ae567ad23b59014fde5dc029f217d8e99	944	construction_general_run1/source0110/source_freeze.json
e3b0c44298fc1c149afbf4c8996fb92427ae41e4649b934ca495991b7852b855	0	construction_general_run1/source0110/stderr.txt
80aa81ba99c4a471d64a3ff3fcb8189a1f20a59a356b54297f0ed20ef54f868c	1108	construction_general_run1/source0110/stdout.txt
e3b0c44298fc1c149afbf4c8996fb92427ae41e4649b934ca495991b7852b855	0	construction_general_run1/source0111/driver_stderr.txt
064e6de3af8b8d8ddc6da3810c5aba0dffb160c7eab2cd548cd7cdf5fe8dcf00	275	construction_general_run1/source0111/driver_stdout.txt
4d8fde0fd49e20ad2710f410ebcb068f134c68e4a4c6f9c67553857c4fbb3c11	4273	construction_general_run1/source0111/executed_driver.txt
17b620bb47bcb076c45a0b463b6a3d8b36acd8cbe029d54095dfa2f633254908	825	construction_general_run1/source0111/executed_inputs.gp
df8efad6ce0e047908327f0332e36f42f948e5c31814536e7d71c6360c0864bf	3135	construction_general_run1/source0111/executed_protocol.md
256c6b588e725631c4a4671c80cb3093aae8bacc000fa3e4d8212489db5cddca	7897	construction_general_run1/source0111/executed_script.gp
17b620bb47bcb076c45a0b463b6a3d8b36acd8cbe029d54095dfa2f633254908	825	construction_general_run1/source0111/input.gp
df881563a02ab156ed51c7201583c2b545736fe9cc61670aaddf9278bfe825e0	303	construction_general_run1/source0111/receipt.json
dc7f8b877c283d3b23ee03dbbf9a0aae3255ba2660d923fc33fb9a9a2a1cded0	944	construction_general_run1/source0111/source_freeze.json
e3b0c44298fc1c149afbf4c8996fb92427ae41e4649b934ca495991b7852b855	0	construction_general_run1/source0111/stderr.txt
7d09bb5c6df0c58676b62d65f490bd0f256be7df4238e2c3b671094825f2f396	1109	construction_general_run1/source0111/stdout.txt
e3b0c44298fc1c149afbf4c8996fb92427ae41e4649b934ca495991b7852b855	0	construction_general_run1/source0112/driver_stderr.txt
d0329942c97743b19302d4f400a96514698d4110135090a044153b4565b4da4f	275	construction_general_run1/source0112/driver_stdout.txt
4d8fde0fd49e20ad2710f410ebcb068f134c68e4a4c6f9c67553857c4fbb3c11	4273	construction_general_run1/source0112/executed_driver.txt
2ef7a9bbfbcfdb014371596e4aee5d07593e4e8fc04077dd3e97376633fbcb39	826	construction_general_run1/source0112/executed_inputs.gp
df8efad6ce0e047908327f0332e36f42f948e5c31814536e7d71c6360c0864bf	3135	construction_general_run1/source0112/executed_protocol.md
256c6b588e725631c4a4671c80cb3093aae8bacc000fa3e4d8212489db5cddca	7897	construction_general_run1/source0112/executed_script.gp
2ef7a9bbfbcfdb014371596e4aee5d07593e4e8fc04077dd3e97376633fbcb39	826	construction_general_run1/source0112/input.gp
45488f83ae6deeddf2588c25c08158226a4d9166532244039aeb612f38624438	303	construction_general_run1/source0112/receipt.json
eb964783566ac5d2bc4c8f129cf5ebf80dec420882d591102dd1f4e9f597b465	944	construction_general_run1/source0112/source_freeze.json
e3b0c44298fc1c149afbf4c8996fb92427ae41e4649b934ca495991b7852b855	0	construction_general_run1/source0112/stderr.txt
dcfe223e7bc83303125264172e7df0658442185d0d1c79b9f1bfe664d486905e	1108	construction_general_run1/source0112/stdout.txt
e3b0c44298fc1c149afbf4c8996fb92427ae41e4649b934ca495991b7852b855	0	construction_general_run1/source0113/driver_stderr.txt
4bd1550f6e726ba7197348ce73f39aa50d05b4b51d3a247ef8526e7226df5c51	275	construction_general_run1/source0113/driver_stdout.txt
4d8fde0fd49e20ad2710f410ebcb068f134c68e4a4c6f9c67553857c4fbb3c11	4273	construction_general_run1/source0113/executed_driver.txt
d074db2ea74eca93df1a44cb8bc2a0c141b03a6cc5569d6c4f52b7b6e7e8c73c	827	construction_general_run1/source0113/executed_inputs.gp
df8efad6ce0e047908327f0332e36f42f948e5c31814536e7d71c6360c0864bf	3135	construction_general_run1/source0113/executed_protocol.md
256c6b588e725631c4a4671c80cb3093aae8bacc000fa3e4d8212489db5cddca	7897	construction_general_run1/source0113/executed_script.gp
d074db2ea74eca93df1a44cb8bc2a0c141b03a6cc5569d6c4f52b7b6e7e8c73c	827	construction_general_run1/source0113/input.gp
db265200f8d71b02cb0f392dbc4d4ac41825556d920ab24b692946df2c7d4603	303	construction_general_run1/source0113/receipt.json
5b40d81a61e8760b17f60cdb9bbd5550342a852bea04974c7b23dae46d452f3c	944	construction_general_run1/source0113/source_freeze.json
e3b0c44298fc1c149afbf4c8996fb92427ae41e4649b934ca495991b7852b855	0	construction_general_run1/source0113/stderr.txt
8294bae2e830b92d2bcf701be3de88bdc7a4f7a954efd2697a4dce9515ebd5ed	1110	construction_general_run1/source0113/stdout.txt
e3b0c44298fc1c149afbf4c8996fb92427ae41e4649b934ca495991b7852b855	0	construction_general_run1/source0114/driver_stderr.txt
8abd9aee6c8b4d8fd3cd56fc612055b02e3b9b714eb550059c827fbb7e969502	275	construction_general_run1/source0114/driver_stdout.txt
4d8fde0fd49e20ad2710f410ebcb068f134c68e4a4c6f9c67553857c4fbb3c11	4273	construction_general_run1/source0114/executed_driver.txt
8094a92ffcd025a95a2b7b7fb2232234c5d0743c4e0411dea62fd3679710c81e	826	construction_general_run1/source0114/executed_inputs.gp
df8efad6ce0e047908327f0332e36f42f948e5c31814536e7d71c6360c0864bf	3135	construction_general_run1/source0114/executed_protocol.md
256c6b588e725631c4a4671c80cb3093aae8bacc000fa3e4d8212489db5cddca	7897	construction_general_run1/source0114/executed_script.gp
8094a92ffcd025a95a2b7b7fb2232234c5d0743c4e0411dea62fd3679710c81e	826	construction_general_run1/source0114/input.gp
756f275164d33135d509cdd31c1d4736454efbbad9a92ae58c4d024af83a4b10	303	construction_general_run1/source0114/receipt.json
e4c79aedc570fb8f6186373fab135195078092957b25c7199218e4f8f3677ba6	944	construction_general_run1/source0114/source_freeze.json
e3b0c44298fc1c149afbf4c8996fb92427ae41e4649b934ca495991b7852b855	0	construction_general_run1/source0114/stderr.txt
4292748fdfc421727e1c220c453f6ca5a531674f40730047a2a4df16e4a9d4a2	1090	construction_general_run1/source0114/stdout.txt
e3b0c44298fc1c149afbf4c8996fb92427ae41e4649b934ca495991b7852b855	0	construction_general_run1/source0115/driver_stderr.txt
a5ae0cab0ed5366b539da4701fe6298d5cff0e892bae9af72c268f9090150034	275	construction_general_run1/source0115/driver_stdout.txt
4d8fde0fd49e20ad2710f410ebcb068f134c68e4a4c6f9c67553857c4fbb3c11	4273	construction_general_run1/source0115/executed_driver.txt
f2c686468027319cb10d76d2fa68b5dc07d449a94aa31f9d62f96e5a92e0bef6	821	construction_general_run1/source0115/executed_inputs.gp
df8efad6ce0e047908327f0332e36f42f948e5c31814536e7d71c6360c0864bf	3135	construction_general_run1/source0115/executed_protocol.md
256c6b588e725631c4a4671c80cb3093aae8bacc000fa3e4d8212489db5cddca	7897	construction_general_run1/source0115/executed_script.gp
f2c686468027319cb10d76d2fa68b5dc07d449a94aa31f9d62f96e5a92e0bef6	821	construction_general_run1/source0115/input.gp
e479ac663ed7c70b41f25eb508d56eb07fb9e91ed2c66094a3b43a4d332a4e8d	303	construction_general_run1/source0115/receipt.json
46b1a86b294b847fac200c73894ddbd7bf48828bab4529573fbdb2ddcd2cff18	944	construction_general_run1/source0115/source_freeze.json
e3b0c44298fc1c149afbf4c8996fb92427ae41e4649b934ca495991b7852b855	0	construction_general_run1/source0115/stderr.txt
b004dd6772a5ccfe2653bd5a6e104cfecaedf5981035c62921aaaceaf1d45639	1112	construction_general_run1/source0115/stdout.txt
e3b0c44298fc1c149afbf4c8996fb92427ae41e4649b934ca495991b7852b855	0	construction_general_run1/source0116/driver_stderr.txt
8be4f4ac231c638030cba742e8c0a14c47d3ef79489154c0d8571f0a4dfce966	275	construction_general_run1/source0116/driver_stdout.txt
4d8fde0fd49e20ad2710f410ebcb068f134c68e4a4c6f9c67553857c4fbb3c11	4273	construction_general_run1/source0116/executed_driver.txt
9166b69162e106de2e23415eda9572de6fb74e2f9378cc3389af16852fadfe55	820	construction_general_run1/source0116/executed_inputs.gp
df8efad6ce0e047908327f0332e36f42f948e5c31814536e7d71c6360c0864bf	3135	construction_general_run1/source0116/executed_protocol.md
256c6b588e725631c4a4671c80cb3093aae8bacc000fa3e4d8212489db5cddca	7897	construction_general_run1/source0116/executed_script.gp
9166b69162e106de2e23415eda9572de6fb74e2f9378cc3389af16852fadfe55	820	construction_general_run1/source0116/input.gp
46001aebf16773e29deb8733f2a63fc32c3d1d1e904c6e30724b14626e16ba60	303	construction_general_run1/source0116/receipt.json
456e5657e0b4c7a0b7419f3de21a8988a617f381151bc0736e0eea3b58dbd3a0	944	construction_general_run1/source0116/source_freeze.json
e3b0c44298fc1c149afbf4c8996fb92427ae41e4649b934ca495991b7852b855	0	construction_general_run1/source0116/stderr.txt
2a90b0e5ccb55d7196d5021c9ae3594e619e772967b6b3509ef695b75a0f41e1	1109	construction_general_run1/source0116/stdout.txt
e3b0c44298fc1c149afbf4c8996fb92427ae41e4649b934ca495991b7852b855	0	construction_general_run1/source0117/driver_stderr.txt
bc3060390a8113ae6d38cb6650cfc33d5ac3c0b9b90d120749e4034aa9c1ab0e	275	construction_general_run1/source0117/driver_stdout.txt
4d8fde0fd49e20ad2710f410ebcb068f134c68e4a4c6f9c67553857c4fbb3c11	4273	construction_general_run1/source0117/executed_driver.txt
5504ef582464ecb3169bfdf34d7cf436bcdc3f51f7091677fe7229261b284b28	820	construction_general_run1/source0117/executed_inputs.gp
df8efad6ce0e047908327f0332e36f42f948e5c31814536e7d71c6360c0864bf	3135	construction_general_run1/source0117/executed_protocol.md
256c6b588e725631c4a4671c80cb3093aae8bacc000fa3e4d8212489db5cddca	7897	construction_general_run1/source0117/executed_script.gp
5504ef582464ecb3169bfdf34d7cf436bcdc3f51f7091677fe7229261b284b28	820	construction_general_run1/source0117/input.gp
9b578f4adaa8fad9ad5461c5f7912c559962a208f9bb3e1f1e191902b9f30f08	303	construction_general_run1/source0117/receipt.json
5d5f26a002549de1bff1a0db118b1c413046bfc9ddb35364ee8bc26e2fd5ac40	944	construction_general_run1/source0117/source_freeze.json
e3b0c44298fc1c149afbf4c8996fb92427ae41e4649b934ca495991b7852b855	0	construction_general_run1/source0117/stderr.txt
820c88f749e440e0f3d41389abcad1b299f6b2922dd56a8dcf8dbf19e99fc9de	1099	construction_general_run1/source0117/stdout.txt
e3b0c44298fc1c149afbf4c8996fb92427ae41e4649b934ca495991b7852b855	0	construction_general_run1/source0118/driver_stderr.txt
4664d7a86a95446e5981e549c8b94830755f9675772af3e07fb84d164a192fa4	275	construction_general_run1/source0118/driver_stdout.txt
4d8fde0fd49e20ad2710f410ebcb068f134c68e4a4c6f9c67553857c4fbb3c11	4273	construction_general_run1/source0118/executed_driver.txt
568c4ba42c00acd5f8cded256cad769bdee583723cdb5dcc6db65c36ccb8788a	827	construction_general_run1/source0118/executed_inputs.gp
df8efad6ce0e047908327f0332e36f42f948e5c31814536e7d71c6360c0864bf	3135	construction_general_run1/source0118/executed_protocol.md
256c6b588e725631c4a4671c80cb3093aae8bacc000fa3e4d8212489db5cddca	7897	construction_general_run1/source0118/executed_script.gp
568c4ba42c00acd5f8cded256cad769bdee583723cdb5dcc6db65c36ccb8788a	827	construction_general_run1/source0118/input.gp
8377fb1eb64c4a9fe012104a4ff539400c60fbe82e2a34d1cdbb914c967f4e37	303	construction_general_run1/source0118/receipt.json
77c642c399e7ea0192bc920265da327f0a886421b325220b7edaeca54a17f9b3	944	construction_general_run1/source0118/source_freeze.json
e3b0c44298fc1c149afbf4c8996fb92427ae41e4649b934ca495991b7852b855	0	construction_general_run1/source0118/stderr.txt
07b877e03d9235f3cdf1133d1abedfe0193fa25681046c98747d2e634809f4ad	1103	construction_general_run1/source0118/stdout.txt
e3b0c44298fc1c149afbf4c8996fb92427ae41e4649b934ca495991b7852b855	0	construction_general_run1/source0119/driver_stderr.txt
8cbe82abf2cd0458c4f8193c7cec51945e347f0cae24003d512a4d782930c2ce	275	construction_general_run1/source0119/driver_stdout.txt
4d8fde0fd49e20ad2710f410ebcb068f134c68e4a4c6f9c67553857c4fbb3c11	4273	construction_general_run1/source0119/executed_driver.txt
ff223cc26c75805463d50f47b632d23d89ee6e310adac5371e1deb0602675fdb	822	construction_general_run1/source0119/executed_inputs.gp
df8efad6ce0e047908327f0332e36f42f948e5c31814536e7d71c6360c0864bf	3135	construction_general_run1/source0119/executed_protocol.md
256c6b588e725631c4a4671c80cb3093aae8bacc000fa3e4d8212489db5cddca	7897	construction_general_run1/source0119/executed_script.gp
ff223cc26c75805463d50f47b632d23d89ee6e310adac5371e1deb0602675fdb	822	construction_general_run1/source0119/input.gp
88900187a8ab3e58403a89c00b519791ae77b0b64ce6faef431ada2a1cd3d846	303	construction_general_run1/source0119/receipt.json
30ccea9f345d5da5ed0ffcd5b87f40933fae53d2ff95ddad7886c256137d2274	944	construction_general_run1/source0119/source_freeze.json
e3b0c44298fc1c149afbf4c8996fb92427ae41e4649b934ca495991b7852b855	0	construction_general_run1/source0119/stderr.txt
2856ac69ac5c2f68f15da7f19edc7d2e72a285775fa04c2217467e03b4a6bc66	1093	construction_general_run1/source0119/stdout.txt
e3b0c44298fc1c149afbf4c8996fb92427ae41e4649b934ca495991b7852b855	0	construction_general_run1/source0120/driver_stderr.txt
29ba999b73f78fc069da693f88891140ab480ee076bd164f1e706c9aa529d940	275	construction_general_run1/source0120/driver_stdout.txt
4d8fde0fd49e20ad2710f410ebcb068f134c68e4a4c6f9c67553857c4fbb3c11	4273	construction_general_run1/source0120/executed_driver.txt
b6110df426c0abdb9d47378f106180f6d54808060f00b50f4c1c8afd7eedf750	826	construction_general_run1/source0120/executed_inputs.gp
df8efad6ce0e047908327f0332e36f42f948e5c31814536e7d71c6360c0864bf	3135	construction_general_run1/source0120/executed_protocol.md
256c6b588e725631c4a4671c80cb3093aae8bacc000fa3e4d8212489db5cddca	7897	construction_general_run1/source0120/executed_script.gp
b6110df426c0abdb9d47378f106180f6d54808060f00b50f4c1c8afd7eedf750	826	construction_general_run1/source0120/input.gp
d1ceb2a38d5ecf7187406694e22541227384ba9b34788f453eb6a30669dc22ac	303	construction_general_run1/source0120/receipt.json
77b70f1f0a7343c872430c9a0aeb2eabd00f4e567ecc3dd9a3164eea1cf69fd0	944	construction_general_run1/source0120/source_freeze.json
e3b0c44298fc1c149afbf4c8996fb92427ae41e4649b934ca495991b7852b855	0	construction_general_run1/source0120/stderr.txt
264e617be7212e75febbf2c33ba9ad0bfaa03dc515d9ec9601679811cec92c84	1101	construction_general_run1/source0120/stdout.txt
e3b0c44298fc1c149afbf4c8996fb92427ae41e4649b934ca495991b7852b855	0	construction_general_run1/source0121/driver_stderr.txt
939886b5c3daeadd27030e3dc25e0a123b5b00910b2c2d90453683072a72bdae	275	construction_general_run1/source0121/driver_stdout.txt
4d8fde0fd49e20ad2710f410ebcb068f134c68e4a4c6f9c67553857c4fbb3c11	4273	construction_general_run1/source0121/executed_driver.txt
1dd69d92b5656c26daa2e720a67b6efc3c3d0b5421f20e2ca503cae6dead7ee0	827	construction_general_run1/source0121/executed_inputs.gp
df8efad6ce0e047908327f0332e36f42f948e5c31814536e7d71c6360c0864bf	3135	construction_general_run1/source0121/executed_protocol.md
256c6b588e725631c4a4671c80cb3093aae8bacc000fa3e4d8212489db5cddca	7897	construction_general_run1/source0121/executed_script.gp
1dd69d92b5656c26daa2e720a67b6efc3c3d0b5421f20e2ca503cae6dead7ee0	827	construction_general_run1/source0121/input.gp
183c0e2d9065cb01032990ea24f6f46ad26f6750ff9adeef33f6dbbb94762ccd	303	construction_general_run1/source0121/receipt.json
a52370282a9ff2a0b0608dfff1269d700ab3704f6d61f110c2823af161e4ef70	944	construction_general_run1/source0121/source_freeze.json
e3b0c44298fc1c149afbf4c8996fb92427ae41e4649b934ca495991b7852b855	0	construction_general_run1/source0121/stderr.txt
bb438684cb000a2d5aae9e6c0e34a770e6570f31cb27778ab13559e73d21ee21	1091	construction_general_run1/source0121/stdout.txt
e3b0c44298fc1c149afbf4c8996fb92427ae41e4649b934ca495991b7852b855	0	construction_general_run1/source0122/driver_stderr.txt
0e68c4bd05fbf955e5e597e0dffc300b929cfa0be693e108ad62f4e47f26acc2	275	construction_general_run1/source0122/driver_stdout.txt
4d8fde0fd49e20ad2710f410ebcb068f134c68e4a4c6f9c67553857c4fbb3c11	4273	construction_general_run1/source0122/executed_driver.txt
b489ea69a71982da5e43624d0c91edc9eb1808c17799cd2a2f624043815d7b07	826	construction_general_run1/source0122/executed_inputs.gp
df8efad6ce0e047908327f0332e36f42f948e5c31814536e7d71c6360c0864bf	3135	construction_general_run1/source0122/executed_protocol.md
256c6b588e725631c4a4671c80cb3093aae8bacc000fa3e4d8212489db5cddca	7897	construction_general_run1/source0122/executed_script.gp
b489ea69a71982da5e43624d0c91edc9eb1808c17799cd2a2f624043815d7b07	826	construction_general_run1/source0122/input.gp
3b8497b9c6a955d5a618091174489a037ab9169639ae76f8a6402cc760fd4b85	303	construction_general_run1/source0122/receipt.json
156b5f60096236e29944128b26d3e29e6797ab0b28847d35903476eec07ab5e2	944	construction_general_run1/source0122/source_freeze.json
e3b0c44298fc1c149afbf4c8996fb92427ae41e4649b934ca495991b7852b855	0	construction_general_run1/source0122/stderr.txt
ea47b707e65c47fdafc2e36c4ed0116a808691b7c0f2829792f5b201c2b5be13	1110	construction_general_run1/source0122/stdout.txt
e3b0c44298fc1c149afbf4c8996fb92427ae41e4649b934ca495991b7852b855	0	construction_general_run1/source0123/driver_stderr.txt
b170723265e77256055137319313b6a618a7c6a3b09e6161757b1cb00886aafd	275	construction_general_run1/source0123/driver_stdout.txt
4d8fde0fd49e20ad2710f410ebcb068f134c68e4a4c6f9c67553857c4fbb3c11	4273	construction_general_run1/source0123/executed_driver.txt
c7823026d97ad3a8873a7dfd0cdb826208229f0bf28d0a251a7cdf81a9ed5e2e	821	construction_general_run1/source0123/executed_inputs.gp
df8efad6ce0e047908327f0332e36f42f948e5c31814536e7d71c6360c0864bf	3135	construction_general_run1/source0123/executed_protocol.md
256c6b588e725631c4a4671c80cb3093aae8bacc000fa3e4d8212489db5cddca	7897	construction_general_run1/source0123/executed_script.gp
c7823026d97ad3a8873a7dfd0cdb826208229f0bf28d0a251a7cdf81a9ed5e2e	821	construction_general_run1/source0123/input.gp
6af84eb3fb9a1096e16127d86eba7bffaa5444505dd1a96bcc7b9cf8f63e2b43	303	construction_general_run1/source0123/receipt.json
384566100c1917e27853446371e0f4039756ec38f42dc90617592c78ba2a5109	944	construction_general_run1/source0123/source_freeze.json
e3b0c44298fc1c149afbf4c8996fb92427ae41e4649b934ca495991b7852b855	0	construction_general_run1/source0123/stderr.txt
f7d01dfe06a7ce35c1211a51f5548c7af6d4b54be531397f17fe99ff2201da4f	1110	construction_general_run1/source0123/stdout.txt
e3b0c44298fc1c149afbf4c8996fb92427ae41e4649b934ca495991b7852b855	0	construction_general_run1/source0124/driver_stderr.txt
57297917d60dc2197989e7dcbf45e5108756df7d09c4fb1183259fe51fbf8090	275	construction_general_run1/source0124/driver_stdout.txt
4d8fde0fd49e20ad2710f410ebcb068f134c68e4a4c6f9c67553857c4fbb3c11	4273	construction_general_run1/source0124/executed_driver.txt
85d451063083524534fc6a28d0bca44a22d1b781de2b615e0b6178e116f8f89a	828	construction_general_run1/source0124/executed_inputs.gp
df8efad6ce0e047908327f0332e36f42f948e5c31814536e7d71c6360c0864bf	3135	construction_general_run1/source0124/executed_protocol.md
256c6b588e725631c4a4671c80cb3093aae8bacc000fa3e4d8212489db5cddca	7897	construction_general_run1/source0124/executed_script.gp
85d451063083524534fc6a28d0bca44a22d1b781de2b615e0b6178e116f8f89a	828	construction_general_run1/source0124/input.gp
cf09617811464eec83c59e14cf5fb7380ca30deb1af17e1ea96b7f6493892fb9	303	construction_general_run1/source0124/receipt.json
405d6f74126732fd2aef664e43463d6bb6db2b0c549cba0aa276cd3fb8cfd0fe	944	construction_general_run1/source0124/source_freeze.json
e3b0c44298fc1c149afbf4c8996fb92427ae41e4649b934ca495991b7852b855	0	construction_general_run1/source0124/stderr.txt
73514d23f8434cfdf93bcdd09601cfeec6f46661dfae8a2b49a6f915a5a34577	1115	construction_general_run1/source0124/stdout.txt
e3b0c44298fc1c149afbf4c8996fb92427ae41e4649b934ca495991b7852b855	0	construction_general_run1/source0125/driver_stderr.txt
e6b0617466cc8d04a4348e24d9a52050a0af34bcb847f4a63f9a555244852b57	275	construction_general_run1/source0125/driver_stdout.txt
4d8fde0fd49e20ad2710f410ebcb068f134c68e4a4c6f9c67553857c4fbb3c11	4273	construction_general_run1/source0125/executed_driver.txt
55c6c7bce8d24b8a266a0438aa9cad66604f9064557d8a675aa94a8bce318b77	826	construction_general_run1/source0125/executed_inputs.gp
df8efad6ce0e047908327f0332e36f42f948e5c31814536e7d71c6360c0864bf	3135	construction_general_run1/source0125/executed_protocol.md
256c6b588e725631c4a4671c80cb3093aae8bacc000fa3e4d8212489db5cddca	7897	construction_general_run1/source0125/executed_script.gp
55c6c7bce8d24b8a266a0438aa9cad66604f9064557d8a675aa94a8bce318b77	826	construction_general_run1/source0125/input.gp
39377a55e6e48351160eff821911b99e8aa20c6b8174ca1e0585ad91e6e37ea6	303	construction_general_run1/source0125/receipt.json
c905950f9817c7ddda5511ba855064bf0d046aabac37cc2a8fe80d11d7ebf37a	944	construction_general_run1/source0125/source_freeze.json
e3b0c44298fc1c149afbf4c8996fb92427ae41e4649b934ca495991b7852b855	0	construction_general_run1/source0125/stderr.txt
8ac5b81c5ff8ed61221e738672621f7268d85cfb851b1b4016c0fed2f4108006	1106	construction_general_run1/source0125/stdout.txt
e3b0c44298fc1c149afbf4c8996fb92427ae41e4649b934ca495991b7852b855	0	construction_general_run1/source0126/driver_stderr.txt
8c678df6aa006dccf2ecc3669c4e2f567c58b1222753f119e829e93053c21dbe	275	construction_general_run1/source0126/driver_stdout.txt
4d8fde0fd49e20ad2710f410ebcb068f134c68e4a4c6f9c67553857c4fbb3c11	4273	construction_general_run1/source0126/executed_driver.txt
1e750fb246d8230d494304885065b31f7073f1ceab6235a4647295f4ce952b84	825	construction_general_run1/source0126/executed_inputs.gp
df8efad6ce0e047908327f0332e36f42f948e5c31814536e7d71c6360c0864bf	3135	construction_general_run1/source0126/executed_protocol.md
256c6b588e725631c4a4671c80cb3093aae8bacc000fa3e4d8212489db5cddca	7897	construction_general_run1/source0126/executed_script.gp
1e750fb246d8230d494304885065b31f7073f1ceab6235a4647295f4ce952b84	825	construction_general_run1/source0126/input.gp
9236888e00b6ae5ace5ee5b019c823fc95bffac4d69d9f211157248e9189d1d1	303	construction_general_run1/source0126/receipt.json
0b7053d3b72a3744f483bf7e7a5814ff4495fdb4758b5249d1ff3bbe2805eca6	944	construction_general_run1/source0126/source_freeze.json
e3b0c44298fc1c149afbf4c8996fb92427ae41e4649b934ca495991b7852b855	0	construction_general_run1/source0126/stderr.txt
cb45c14b9823268704a1da99383631e5f955250900fffd759df022a701211e72	1104	construction_general_run1/source0126/stdout.txt
e3b0c44298fc1c149afbf4c8996fb92427ae41e4649b934ca495991b7852b855	0	construction_general_run1/source0127/driver_stderr.txt
ea7d56cfafc43f3da159124a88c4cfee7113162828c9d16a0be6f9948866d10c	275	construction_general_run1/source0127/driver_stdout.txt
4d8fde0fd49e20ad2710f410ebcb068f134c68e4a4c6f9c67553857c4fbb3c11	4273	construction_general_run1/source0127/executed_driver.txt
b699184be965b535b098b879307b1f4597da98dfa9ce4d462e8216d4decf8f68	822	construction_general_run1/source0127/executed_inputs.gp
df8efad6ce0e047908327f0332e36f42f948e5c31814536e7d71c6360c0864bf	3135	construction_general_run1/source0127/executed_protocol.md
256c6b588e725631c4a4671c80cb3093aae8bacc000fa3e4d8212489db5cddca	7897	construction_general_run1/source0127/executed_script.gp
b699184be965b535b098b879307b1f4597da98dfa9ce4d462e8216d4decf8f68	822	construction_general_run1/source0127/input.gp
94881a667d1454449285827e3b24c75202f3cbd19d486962a3c7c949313b75d6	303	construction_general_run1/source0127/receipt.json
83641e3295118fbb35a99bb002ca4c31702d69958cf226813fdae8c10caa1dc2	944	construction_general_run1/source0127/source_freeze.json
e3b0c44298fc1c149afbf4c8996fb92427ae41e4649b934ca495991b7852b855	0	construction_general_run1/source0127/stderr.txt
951b35d12a3f5e9cf6793261855930de58a4d9537647aad46a0f7dfc59a572ba	1092	construction_general_run1/source0127/stdout.txt
e3b0c44298fc1c149afbf4c8996fb92427ae41e4649b934ca495991b7852b855	0	construction_general_run1/source0128/driver_stderr.txt
3299645df7a1c299b137617b8a63c56dd6acbbab0ebd33c1b1ad1cb136f2c4bb	275	construction_general_run1/source0128/driver_stdout.txt
4d8fde0fd49e20ad2710f410ebcb068f134c68e4a4c6f9c67553857c4fbb3c11	4273	construction_general_run1/source0128/executed_driver.txt
adf26b83ae96356e2bee5d3984552b837b27273323f70fb271fdf92d63b1295b	829	construction_general_run1/source0128/executed_inputs.gp
df8efad6ce0e047908327f0332e36f42f948e5c31814536e7d71c6360c0864bf	3135	construction_general_run1/source0128/executed_protocol.md
256c6b588e725631c4a4671c80cb3093aae8bacc000fa3e4d8212489db5cddca	7897	construction_general_run1/source0128/executed_script.gp
adf26b83ae96356e2bee5d3984552b837b27273323f70fb271fdf92d63b1295b	829	construction_general_run1/source0128/input.gp
14a0edf3159ea14934bad838d127d376615f9ad237d4ae71dce38e988b1b6245	303	construction_general_run1/source0128/receipt.json
19f3d05467d4ad964aa900b0c88e1b4f93ece0f731fb96ff8609a6ff43e0a316	944	construction_general_run1/source0128/source_freeze.json
e3b0c44298fc1c149afbf4c8996fb92427ae41e4649b934ca495991b7852b855	0	construction_general_run1/source0128/stderr.txt
4beabfbf077fb9b07d59eedcbd0cd5ea946b6ae1317950c23156b5cc2a5ffcb3	1094	construction_general_run1/source0128/stdout.txt
2118d35761f7fe349d9e4c898594e1a2d0b1ade6c1c7ff965f197d1cf35bb723	435	construction_large_run1/batch_freeze.json
582e449549c04e6a66c50bc69e7e5379492c3ca160fee04362b5255644180358	124	construction_large_run1/batch_receipt.json
e3b0c44298fc1c149afbf4c8996fb92427ae41e4649b934ca495991b7852b855	0	construction_large_run1/source0001/driver_stderr.txt
af1ca6fd211d031f0b0d2c9ce1643569693a0fa539cdc1b47c81dc433278078a	276	construction_large_run1/source0001/driver_stdout.txt
4e97c67f96d8c2adc12280a539ec086853e57a777784bc65eb39bedbe50feb87	3404	construction_large_run1/source0001/executed_driver_v1.txt
926f473c722bd6de41a9c432246ae6445fd20ee23f4755c5ba3ad1c7741ab924	575	construction_large_run1/source0001/executed_inputs.gp
a60949f711c036af960dfa8839a6a794d1133faa3a022fbcb0fadeccc08741e2	6818	construction_large_run1/source0001/executed_script.gp
926f473c722bd6de41a9c432246ae6445fd20ee23f4755c5ba3ad1c7741ab924	575	construction_large_run1/source0001/input.gp
9e12f76be85b6f09b9f8cb259d652d52c0dd9fe36a22eb38c55ed83b6f113106	304	construction_large_run1/source0001/receipt.json
a55220fba8db7ffe5e5b3ad052ba7fcf049544932b8faf4dfe786e5e4d1a8fcc	934	construction_large_run1/source0001/source_freeze.json
e3b0c44298fc1c149afbf4c8996fb92427ae41e4649b934ca495991b7852b855	0	construction_large_run1/source0001/stderr.txt
c055102bc2e2f05d1cb1aa907370b7fac23bc4a62d35a38d6c7063cf244a14b8	836	construction_large_run1/source0001/stdout.txt
e3b0c44298fc1c149afbf4c8996fb92427ae41e4649b934ca495991b7852b855	0	construction_large_run1/source0002/driver_stderr.txt
aeedc235041ba23df1bd3788f475f19e71696423bdce9c0f3a908e17c3391a7d	276	construction_large_run1/source0002/driver_stdout.txt
4e97c67f96d8c2adc12280a539ec086853e57a777784bc65eb39bedbe50feb87	3404	construction_large_run1/source0002/executed_driver_v1.txt
a1fc6cad8c23501ba372351cbd45a34b7ba8c2285a9d34598742b12329a998f2	573	construction_large_run1/source0002/executed_inputs.gp
a60949f711c036af960dfa8839a6a794d1133faa3a022fbcb0fadeccc08741e2	6818	construction_large_run1/source0002/executed_script.gp
a1fc6cad8c23501ba372351cbd45a34b7ba8c2285a9d34598742b12329a998f2	573	construction_large_run1/source0002/input.gp
d62545aba1d1524ceebf034331b0dad5e1e7c9108a4abff1de375df533aefe69	304	construction_large_run1/source0002/receipt.json
aafd08a5465fed783b02088ccbb6d2f87c98a2279c510fee412f3ba4cd19a086	934	construction_large_run1/source0002/source_freeze.json
e3b0c44298fc1c149afbf4c8996fb92427ae41e4649b934ca495991b7852b855	0	construction_large_run1/source0002/stderr.txt
52b7941df99c73fcd86d29f9375c1671ee3ce514a7fd6d00f95dadd073186936	841	construction_large_run1/source0002/stdout.txt
e3b0c44298fc1c149afbf4c8996fb92427ae41e4649b934ca495991b7852b855	0	construction_large_run1/source0003/driver_stderr.txt
312ddaa069f17daff533773f331673f165018fa1408c03f690d9391c59b63ee7	276	construction_large_run1/source0003/driver_stdout.txt
4e97c67f96d8c2adc12280a539ec086853e57a777784bc65eb39bedbe50feb87	3404	construction_large_run1/source0003/executed_driver_v1.txt
aae872f6e412add1f0092ef42d86d442a2dbd22e11c2676c37d46fd0b4742fc7	576	construction_large_run1/source0003/executed_inputs.gp
a60949f711c036af960dfa8839a6a794d1133faa3a022fbcb0fadeccc08741e2	6818	construction_large_run1/source0003/executed_script.gp
aae872f6e412add1f0092ef42d86d442a2dbd22e11c2676c37d46fd0b4742fc7	576	construction_large_run1/source0003/input.gp
c030885b148e67e44f97a556a76aeafdf7e8966221916da11df96f98cb4ee49f	304	construction_large_run1/source0003/receipt.json
4d5a29ca64dc5a3fd0ffe2783cce17facfca6d9044e16bfd5b69fe046ecaa1f8	934	construction_large_run1/source0003/source_freeze.json
e3b0c44298fc1c149afbf4c8996fb92427ae41e4649b934ca495991b7852b855	0	construction_large_run1/source0003/stderr.txt
3de3fb78479cfa738c9b7402874a77cef89a8c21ea84b5ced252a88ece4e0a91	841	construction_large_run1/source0003/stdout.txt
e3b0c44298fc1c149afbf4c8996fb92427ae41e4649b934ca495991b7852b855	0	construction_large_run1/source0004/driver_stderr.txt
d4418e00eb19708f9ce7215e89cdc77b96a2d4c1c3a7f02194971cbab610a265	276	construction_large_run1/source0004/driver_stdout.txt
4e97c67f96d8c2adc12280a539ec086853e57a777784bc65eb39bedbe50feb87	3404	construction_large_run1/source0004/executed_driver_v1.txt
6daee8153d2a3f8b4d80f804d5fe563e045adf266d656165e13a9078e7060ed1	581	construction_large_run1/source0004/executed_inputs.gp
a60949f711c036af960dfa8839a6a794d1133faa3a022fbcb0fadeccc08741e2	6818	construction_large_run1/source0004/executed_script.gp
6daee8153d2a3f8b4d80f804d5fe563e045adf266d656165e13a9078e7060ed1	581	construction_large_run1/source0004/input.gp
5a2cfa78b13dd050434303485709977f042d0262b854cbfb1e79eb1435fb6c2e	304	construction_large_run1/source0004/receipt.json
da021ec5bae05258460cde2c2a458332a8d034ce0605bec530ddfa949fb999de	934	construction_large_run1/source0004/source_freeze.json
e3b0c44298fc1c149afbf4c8996fb92427ae41e4649b934ca495991b7852b855	0	construction_large_run1/source0004/stderr.txt
2b1a624a538f6e8001bc46bdd697854234af75346c46077d0232fb8012d1b4cc	824	construction_large_run1/source0004/stdout.txt
e3b0c44298fc1c149afbf4c8996fb92427ae41e4649b934ca495991b7852b855	0	construction_large_run1/source0005/driver_stderr.txt
ef59e930453a42f79edf122b5909f0093a9717129169031119dd7f8854faec7b	276	construction_large_run1/source0005/driver_stdout.txt
4e97c67f96d8c2adc12280a539ec086853e57a777784bc65eb39bedbe50feb87	3404	construction_large_run1/source0005/executed_driver_v1.txt
b65c19e17e062faf78a4fbb907a84768a7071ebe31a391e5d87e107fa6b8dc51	577	construction_large_run1/source0005/executed_inputs.gp
a60949f711c036af960dfa8839a6a794d1133faa3a022fbcb0fadeccc08741e2	6818	construction_large_run1/source0005/executed_script.gp
b65c19e17e062faf78a4fbb907a84768a7071ebe31a391e5d87e107fa6b8dc51	577	construction_large_run1/source0005/input.gp
3d4cf18628030366fc38707f949a714a16e95d49e3104d743b98b05486332092	304	construction_large_run1/source0005/receipt.json
aa7cb42cff8a0f41b46d2d85ca77831f27de46eefbd2442aaf19e8859e44d67d	934	construction_large_run1/source0005/source_freeze.json
e3b0c44298fc1c149afbf4c8996fb92427ae41e4649b934ca495991b7852b855	0	construction_large_run1/source0005/stderr.txt
e89a8664ce47f002f496aa11f9b580475d62cf1ddaefcbff47fe91e238fe086d	827	construction_large_run1/source0005/stdout.txt
e3b0c44298fc1c149afbf4c8996fb92427ae41e4649b934ca495991b7852b855	0	construction_large_run1/source0006/driver_stderr.txt
5a3db310aaab1dee0df3490f5e087c58408f1d359d37a420d607e6d33668bbfb	275	construction_large_run1/source0006/driver_stdout.txt
4e97c67f96d8c2adc12280a539ec086853e57a777784bc65eb39bedbe50feb87	3404	construction_large_run1/source0006/executed_driver_v1.txt
78749d1577c22bd96cf210098f4fb99be189083e23f7f11920cf8cb431a73313	575	construction_large_run1/source0006/executed_inputs.gp
a60949f711c036af960dfa8839a6a794d1133faa3a022fbcb0fadeccc08741e2	6818	construction_large_run1/source0006/executed_script.gp
78749d1577c22bd96cf210098f4fb99be189083e23f7f11920cf8cb431a73313	575	construction_large_run1/source0006/input.gp
e1f3290f9a246b513cecff718c659e7221988253a56c15075434d5474c398f7c	303	construction_large_run1/source0006/receipt.json
bab53ad8a782bba9ec935302decf19f16becd3e79ca902549c4ebb519b6f9d84	934	construction_large_run1/source0006/source_freeze.json
e3b0c44298fc1c149afbf4c8996fb92427ae41e4649b934ca495991b7852b855	0	construction_large_run1/source0006/stderr.txt
3f585917e12294f1a5b9c7cd2bc08013eb7229ff57a6be7c8adf1e8d36e6850d	839	construction_large_run1/source0006/stdout.txt
e3b0c44298fc1c149afbf4c8996fb92427ae41e4649b934ca495991b7852b855	0	construction_large_run1/source0007/driver_stderr.txt
0bdf9f2affc726b831964f5df43978605759afc50e21e4753ffbadaed0a44c00	275	construction_large_run1/source0007/driver_stdout.txt
4e97c67f96d8c2adc12280a539ec086853e57a777784bc65eb39bedbe50feb87	3404	construction_large_run1/source0007/executed_driver_v1.txt
d98cd8a1309cbdbb4f8a3eeee63c947f983b61db7aa8358e2224764fbda1ee74	573	construction_large_run1/source0007/executed_inputs.gp
a60949f711c036af960dfa8839a6a794d1133faa3a022fbcb0fadeccc08741e2	6818	construction_large_run1/source0007/executed_script.gp
d98cd8a1309cbdbb4f8a3eeee63c947f983b61db7aa8358e2224764fbda1ee74	573	construction_large_run1/source0007/input.gp
9966a8c1daccd4cd03192d8846e4386d53180c344127c659ba3c5bc7ee309634	303	construction_large_run1/source0007/receipt.json
fbe66c1bfe070ecf42dd8da67ede46a710f4cfad44eaa15d81b229c8a0412b16	934	construction_large_run1/source0007/source_freeze.json
e3b0c44298fc1c149afbf4c8996fb92427ae41e4649b934ca495991b7852b855	0	construction_large_run1/source0007/stderr.txt
130704f1862dfb61e1689d744fa816802eadcd0492cf14bb360fb20b8dbba7fa	836	construction_large_run1/source0007/stdout.txt
e3b0c44298fc1c149afbf4c8996fb92427ae41e4649b934ca495991b7852b855	0	construction_large_run1/source0008/driver_stderr.txt
4b7841aa0ecc339b694ba515113c359c5070f88fe83dd7a38e0540a40a3f71a9	276	construction_large_run1/source0008/driver_stdout.txt
4e97c67f96d8c2adc12280a539ec086853e57a777784bc65eb39bedbe50feb87	3404	construction_large_run1/source0008/executed_driver_v1.txt
14afe3c3572e6ec5ff6d0e1d135f46f4b235e02544b179601c38373b05bc8f7b	571	construction_large_run1/source0008/executed_inputs.gp
a60949f711c036af960dfa8839a6a794d1133faa3a022fbcb0fadeccc08741e2	6818	construction_large_run1/source0008/executed_script.gp
14afe3c3572e6ec5ff6d0e1d135f46f4b235e02544b179601c38373b05bc8f7b	571	construction_large_run1/source0008/input.gp
5ca798b87f2a7c85da2ad0ec6f68f497aabf94c040522c05f30f300a29192a20	304	construction_large_run1/source0008/receipt.json
ce78befba49d4c90b4b6bcdf2851b50aaaa4e92fd0f5a6d436fb36e4cbee5c8d	934	construction_large_run1/source0008/source_freeze.json
e3b0c44298fc1c149afbf4c8996fb92427ae41e4649b934ca495991b7852b855	0	construction_large_run1/source0008/stderr.txt
3c4cf420a55f9f216fb392f8562f887918072c0510f77bf2676539e2f752531a	846	construction_large_run1/source0008/stdout.txt
e3b0c44298fc1c149afbf4c8996fb92427ae41e4649b934ca495991b7852b855	0	construction_large_run1/source0009/driver_stderr.txt
0d01c50da77c634b33194b5e5748f66deb4630e3c789ff67941947c8646eed34	276	construction_large_run1/source0009/driver_stdout.txt
4e97c67f96d8c2adc12280a539ec086853e57a777784bc65eb39bedbe50feb87	3404	construction_large_run1/source0009/executed_driver_v1.txt
57372bb4853fd352b77e835a9d77f2a7401769a9aa9708c6cb2656527e84f9a7	574	construction_large_run1/source0009/executed_inputs.gp
a60949f711c036af960dfa8839a6a794d1133faa3a022fbcb0fadeccc08741e2	6818	construction_large_run1/source0009/executed_script.gp
57372bb4853fd352b77e835a9d77f2a7401769a9aa9708c6cb2656527e84f9a7	574	construction_large_run1/source0009/input.gp
b8cd2dd64d6da6dcf1c2a44e5a5f4a839762ad23b1da5219e2cae21fb7ac8d0d	304	construction_large_run1/source0009/receipt.json
ce81853678dc8ccc44513d18335c7c093db97c5af405e2749554afab9ce73947	934	construction_large_run1/source0009/source_freeze.json
e3b0c44298fc1c149afbf4c8996fb92427ae41e4649b934ca495991b7852b855	0	construction_large_run1/source0009/stderr.txt
1b4e4e1bad7b7a399db7efae767b303cf82e5095026dd5e4d0b523d34180eb4c	842	construction_large_run1/source0009/stdout.txt
e3b0c44298fc1c149afbf4c8996fb92427ae41e4649b934ca495991b7852b855	0	construction_large_run1/source0010/driver_stderr.txt
79b376e158262aad3e5154eae197db863f1a052616a89a07d0df74eaa9bc2e79	275	construction_large_run1/source0010/driver_stdout.txt
4e97c67f96d8c2adc12280a539ec086853e57a777784bc65eb39bedbe50feb87	3404	construction_large_run1/source0010/executed_driver_v1.txt
364031fa8895871dc0b74e6e4537f19bcb99857e4393428d7c190d3c090894aa	577	construction_large_run1/source0010/executed_inputs.gp
a60949f711c036af960dfa8839a6a794d1133faa3a022fbcb0fadeccc08741e2	6818	construction_large_run1/source0010/executed_script.gp
364031fa8895871dc0b74e6e4537f19bcb99857e4393428d7c190d3c090894aa	577	construction_large_run1/source0010/input.gp
f52f5d57e1b94b16407495db69e0af991b60d75f274b9569e285a4676e02d771	303	construction_large_run1/source0010/receipt.json
c6a8bb3f58b94c5be5e403061976b4dc03632932d7650484ff441fcd7a7b63f3	934	construction_large_run1/source0010/source_freeze.json
e3b0c44298fc1c149afbf4c8996fb92427ae41e4649b934ca495991b7852b855	0	construction_large_run1/source0010/stderr.txt
d5d28f67ae82e91aca29e45772fcc80b54284608209996e755e373605b21456a	843	construction_large_run1/source0010/stdout.txt
e3b0c44298fc1c149afbf4c8996fb92427ae41e4649b934ca495991b7852b855	0	construction_large_run1/source0011/driver_stderr.txt
1153112de87e38ba8a4234ea0fad1eb2cdb14739c51ab0a63845288fac7954f1	275	construction_large_run1/source0011/driver_stdout.txt
4e97c67f96d8c2adc12280a539ec086853e57a777784bc65eb39bedbe50feb87	3404	construction_large_run1/source0011/executed_driver_v1.txt
1e13b1e63ee4df50713ed78830a39ee4ccbabbbab1c54c106e8d5adcc9239107	575	construction_large_run1/source0011/executed_inputs.gp
a60949f711c036af960dfa8839a6a794d1133faa3a022fbcb0fadeccc08741e2	6818	construction_large_run1/source0011/executed_script.gp
1e13b1e63ee4df50713ed78830a39ee4ccbabbbab1c54c106e8d5adcc9239107	575	construction_large_run1/source0011/input.gp
534e9b31d8356f201a23535e96c6b8e19f4399495cf3c7c99db2e1528c7d8dfa	303	construction_large_run1/source0011/receipt.json
240a6ca6012e132e11862f53dad4e11b5ff9da0654e94a5f42fc3e593a3ac2cf	934	construction_large_run1/source0011/source_freeze.json
e3b0c44298fc1c149afbf4c8996fb92427ae41e4649b934ca495991b7852b855	0	construction_large_run1/source0011/stderr.txt
9158212d7ee3048d0b21d1df44b819af5f9b6aebd426194ea00ae4346bf95807	833	construction_large_run1/source0011/stdout.txt
e3b0c44298fc1c149afbf4c8996fb92427ae41e4649b934ca495991b7852b855	0	construction_large_run1/source0012/driver_stderr.txt
32be685876a6fdd3eb0aa9c47510bae8138400554d86483c06b85059f430b247	275	construction_large_run1/source0012/driver_stdout.txt
4e97c67f96d8c2adc12280a539ec086853e57a777784bc65eb39bedbe50feb87	3404	construction_large_run1/source0012/executed_driver_v1.txt
789d660df180464d477981f60f5e27987386932903cb493a4a5b1c109e6a611c	575	construction_large_run1/source0012/executed_inputs.gp
a60949f711c036af960dfa8839a6a794d1133faa3a022fbcb0fadeccc08741e2	6818	construction_large_run1/source0012/executed_script.gp
789d660df180464d477981f60f5e27987386932903cb493a4a5b1c109e6a611c	575	construction_large_run1/source0012/input.gp
84a3366272d7894ff547596038712c24a66e1553c9b12193ead73d1f63ccd78b	303	construction_large_run1/source0012/receipt.json
4d163c4146ebc28d0573486740acef7c6e95ea4b932a1ee9fb2f72427d1fc285	934	construction_large_run1/source0012/source_freeze.json
e3b0c44298fc1c149afbf4c8996fb92427ae41e4649b934ca495991b7852b855	0	construction_large_run1/source0012/stderr.txt
4dd66041d2533de8f686a5b0f2313b309de3dccbaf0208fffba57b5fcfff21a6	836	construction_large_run1/source0012/stdout.txt
e3b0c44298fc1c149afbf4c8996fb92427ae41e4649b934ca495991b7852b855	0	construction_large_run1/source0013/driver_stderr.txt
255bbbfd7f012acc6eb6b16b442d3f08746b6bc3c527756c364ce36bd8e1f02f	276	construction_large_run1/source0013/driver_stdout.txt
4e97c67f96d8c2adc12280a539ec086853e57a777784bc65eb39bedbe50feb87	3404	construction_large_run1/source0013/executed_driver_v1.txt
c09e784b8bdc57c8b8565ebddde55ae0ecd29ebf828f15788b13f684e30089a2	574	construction_large_run1/source0013/executed_inputs.gp
a60949f711c036af960dfa8839a6a794d1133faa3a022fbcb0fadeccc08741e2	6818	construction_large_run1/source0013/executed_script.gp
c09e784b8bdc57c8b8565ebddde55ae0ecd29ebf828f15788b13f684e30089a2	574	construction_large_run1/source0013/input.gp
754855b1a564c1dee553c5b94e517eb6b2b33b427aca1b193623b2d1ca55d949	304	construction_large_run1/source0013/receipt.json
0d10ff1f616dcf85e6d898ce5aff7b9a2942d392370e980923d6c562c2f35ec5	934	construction_large_run1/source0013/source_freeze.json
e3b0c44298fc1c149afbf4c8996fb92427ae41e4649b934ca495991b7852b855	0	construction_large_run1/source0013/stderr.txt
f5b6e904ab0990e3e555f70f9aa4db21b99f108e7f5fab131074d61542c4e3ec	828	construction_large_run1/source0013/stdout.txt
e3b0c44298fc1c149afbf4c8996fb92427ae41e4649b934ca495991b7852b855	0	construction_large_run1/source0014/driver_stderr.txt
4d9e28af6f69eb826e0bdaea18d7e5699b9c727b5fbd724b92f57c8aff93f096	276	construction_large_run1/source0014/driver_stdout.txt
4e97c67f96d8c2adc12280a539ec086853e57a777784bc65eb39bedbe50feb87	3404	construction_large_run1/source0014/executed_driver_v1.txt
74d0c3fa5b70a12688523a859b91f62c7540303f535aa21507475919bafe132c	575	construction_large_run1/source0014/executed_inputs.gp
a60949f711c036af960dfa8839a6a794d1133faa3a022fbcb0fadeccc08741e2	6818	construction_large_run1/source0014/executed_script.gp
74d0c3fa5b70a12688523a859b91f62c7540303f535aa21507475919bafe132c	575	construction_large_run1/source0014/input.gp
9f636133e979b5dc23ff84f5b17da032c2fcc1fae7d44a88a0b00d4375629735	304	construction_large_run1/source0014/receipt.json
4032e29f05b5a76f73509cbed4033a512eda8492763fc6a38180015017bd0e7e	934	construction_large_run1/source0014/source_freeze.json
e3b0c44298fc1c149afbf4c8996fb92427ae41e4649b934ca495991b7852b855	0	construction_large_run1/source0014/stderr.txt
8f6ce88c2abba38c75c5c5644c31dee182e6d607ed83aa2f90b67b43cb706b84	825	construction_large_run1/source0014/stdout.txt
e3b0c44298fc1c149afbf4c8996fb92427ae41e4649b934ca495991b7852b855	0	construction_large_run1/source0015/driver_stderr.txt
98dd0698d912abe4d785b67ed032068d4e9164b956504f1fd82171478f10550e	275	construction_large_run1/source0015/driver_stdout.txt
4e97c67f96d8c2adc12280a539ec086853e57a777784bc65eb39bedbe50feb87	3404	construction_large_run1/source0015/executed_driver_v1.txt
02555347d9d13a97d90f265f703ad3585ef0358d2f4f22ef4f9effab4490dff8	574	construction_large_run1/source0015/executed_inputs.gp
a60949f711c036af960dfa8839a6a794d1133faa3a022fbcb0fadeccc08741e2	6818	construction_large_run1/source0015/executed_script.gp
02555347d9d13a97d90f265f703ad3585ef0358d2f4f22ef4f9effab4490dff8	574	construction_large_run1/source0015/input.gp
9c9db515959829c4d71d4352fbd6c22efa7ee29c4d5b712d7fbb844de3958397	303	construction_large_run1/source0015/receipt.json
871bdb26dcd0ed4e7cffdca507b3ee3276a71b9efb165d58facbea625dbfd789	934	construction_large_run1/source0015/source_freeze.json
e3b0c44298fc1c149afbf4c8996fb92427ae41e4649b934ca495991b7852b855	0	construction_large_run1/source0015/stderr.txt
2e7461ca65fb1480d202f29c1686fa102c631d503fe73ecf6cc390a7292245de	849	construction_large_run1/source0015/stdout.txt
e3b0c44298fc1c149afbf4c8996fb92427ae41e4649b934ca495991b7852b855	0	construction_large_run1/source0016/driver_stderr.txt
1033f31f0b8ca24fdd8b2abff04ae72af4a7b802493a5a67f89228848b84891c	275	construction_large_run1/source0016/driver_stdout.txt
4e97c67f96d8c2adc12280a539ec086853e57a777784bc65eb39bedbe50feb87	3404	construction_large_run1/source0016/executed_driver_v1.txt
f6f07e4bc2b7b423d39c33aef6e19db03c99971606ab641ae768df627787aeef	578	construction_large_run1/source0016/executed_inputs.gp
a60949f711c036af960dfa8839a6a794d1133faa3a022fbcb0fadeccc08741e2	6818	construction_large_run1/source0016/executed_script.gp
f6f07e4bc2b7b423d39c33aef6e19db03c99971606ab641ae768df627787aeef	578	construction_large_run1/source0016/input.gp
2271b9c66fabb7ed07ba42b76cd52decc73303da3defc5d80e407ec9fae5ce0e	303	construction_large_run1/source0016/receipt.json
7cb1681b9b590732e22d619370b753cade8f421afb3a65b89604b4f99cbba9ab	934	construction_large_run1/source0016/source_freeze.json
e3b0c44298fc1c149afbf4c8996fb92427ae41e4649b934ca495991b7852b855	0	construction_large_run1/source0016/stderr.txt
c3bf56f4c0ff2e37ee2262ebeb7842a57844428a13a4ae42c6c4bf3df0304079	840	construction_large_run1/source0016/stdout.txt
e3b0c44298fc1c149afbf4c8996fb92427ae41e4649b934ca495991b7852b855	0	construction_large_run1/source0017/driver_stderr.txt
279ff82d137d3e93340ad6a264b40906158531349847c90eef940918b25d5242	276	construction_large_run1/source0017/driver_stdout.txt
4e97c67f96d8c2adc12280a539ec086853e57a777784bc65eb39bedbe50feb87	3404	construction_large_run1/source0017/executed_driver_v1.txt
d8c6fe3ac6eac6454d0a221eaaa738ec8c95d294d606514a6e6fb0fe0593288e	576	construction_large_run1/source0017/executed_inputs.gp
a60949f711c036af960dfa8839a6a794d1133faa3a022fbcb0fadeccc08741e2	6818	construction_large_run1/source0017/executed_script.gp
d8c6fe3ac6eac6454d0a221eaaa738ec8c95d294d606514a6e6fb0fe0593288e	576	construction_large_run1/source0017/input.gp
081ab861f9eeb1a835da1cbf48cc332d9f410349c9e27148a1866d929518c1b2	304	construction_large_run1/source0017/receipt.json
5767af9c2a2ac8f73ce542bbb4a843b1a4bd1a685f2d6e239ed2a551767973c1	934	construction_large_run1/source0017/source_freeze.json
e3b0c44298fc1c149afbf4c8996fb92427ae41e4649b934ca495991b7852b855	0	construction_large_run1/source0017/stderr.txt
efcdd1bab676fa4d8b8843ab94d18d6f74c3a47a29bbf52e85ae2990366a8ebd	830	construction_large_run1/source0017/stdout.txt
e3b0c44298fc1c149afbf4c8996fb92427ae41e4649b934ca495991b7852b855	0	construction_large_run1/source0018/driver_stderr.txt
42f80d39c00b9cd451178f2fe51b5219ff9225b5629661a6c16c9d792e52472f	275	construction_large_run1/source0018/driver_stdout.txt
4e97c67f96d8c2adc12280a539ec086853e57a777784bc65eb39bedbe50feb87	3404	construction_large_run1/source0018/executed_driver_v1.txt
7396631be0be3fa87c09e24a45351c66c9e823cec0667f2e70aa16ceb81f016f	579	construction_large_run1/source0018/executed_inputs.gp
a60949f711c036af960dfa8839a6a794d1133faa3a022fbcb0fadeccc08741e2	6818	construction_large_run1/source0018/executed_script.gp
7396631be0be3fa87c09e24a45351c66c9e823cec0667f2e70aa16ceb81f016f	579	construction_large_run1/source0018/input.gp
6a1584c61bcbb523e0cc8a27ba9c3739c84bc4466dd35371a86019f4633874b3	303	construction_large_run1/source0018/receipt.json
c30ae7bf2ed3c7131b1e5472f99dff20c0b6a37d69b60690115f1f101498ef2b	934	construction_large_run1/source0018/source_freeze.json
e3b0c44298fc1c149afbf4c8996fb92427ae41e4649b934ca495991b7852b855	0	construction_large_run1/source0018/stderr.txt
5818185a455eef1a9e344af5b801238fcfe70ccaaa215d77d2d7a7ada6a510d0	840	construction_large_run1/source0018/stdout.txt
e3b0c44298fc1c149afbf4c8996fb92427ae41e4649b934ca495991b7852b855	0	construction_large_run1/source0019/driver_stderr.txt
e0427031199f2d0cad28ee68e9c45d76ddce16c59aebfa72106049f2bf1eb1df	275	construction_large_run1/source0019/driver_stdout.txt
4e97c67f96d8c2adc12280a539ec086853e57a777784bc65eb39bedbe50feb87	3404	construction_large_run1/source0019/executed_driver_v1.txt
b804c9c110f747d6c75067f61d80aa5406788029d8c23923d1b1700d2dbfd98b	574	construction_large_run1/source0019/executed_inputs.gp
a60949f711c036af960dfa8839a6a794d1133faa3a022fbcb0fadeccc08741e2	6818	construction_large_run1/source0019/executed_script.gp
b804c9c110f747d6c75067f61d80aa5406788029d8c23923d1b1700d2dbfd98b	574	construction_large_run1/source0019/input.gp
0bcc8a92a5804ec7e6a6f15fece1b62153026c5536f6701c95d77378e31ba6ed	303	construction_large_run1/source0019/receipt.json
6507c81638decf343c2b4656e9146c7e63b6adb7ba52b55f00865aff3d22914b	934	construction_large_run1/source0019/source_freeze.json
e3b0c44298fc1c149afbf4c8996fb92427ae41e4649b934ca495991b7852b855	0	construction_large_run1/source0019/stderr.txt
4a906f51a20843df67202ec80c9438afb80b6b482173e4b61243b3e5d25545af	841	construction_large_run1/source0019/stdout.txt
e3b0c44298fc1c149afbf4c8996fb92427ae41e4649b934ca495991b7852b855	0	construction_large_run1/source0020/driver_stderr.txt
398a2d31575069a6938f7a807b0dc16052cfa6ccec6825964d38b51d615aedec	275	construction_large_run1/source0020/driver_stdout.txt
4e97c67f96d8c2adc12280a539ec086853e57a777784bc65eb39bedbe50feb87	3404	construction_large_run1/source0020/executed_driver_v1.txt
4d9c0e4c818de0c2da4f5176e6476af8d0c48198a535c4d4cc158603477b5da6	580	construction_large_run1/source0020/executed_inputs.gp
a60949f711c036af960dfa8839a6a794d1133faa3a022fbcb0fadeccc08741e2	6818	construction_large_run1/source0020/executed_script.gp
4d9c0e4c818de0c2da4f5176e6476af8d0c48198a535c4d4cc158603477b5da6	580	construction_large_run1/source0020/input.gp
4b3e7868010e977f8650753c38a9dcc013d1503cda5f7ca70c2402aed4ea69db	303	construction_large_run1/source0020/receipt.json
46814a6713d7d3d3113c2e1cbcad88e9e75c516740b5911d1bdeaea6ce45c87d	934	construction_large_run1/source0020/source_freeze.json
e3b0c44298fc1c149afbf4c8996fb92427ae41e4649b934ca495991b7852b855	0	construction_large_run1/source0020/stderr.txt
51b95ab1c14bf1f48a0d54bbac18e3b19cbf595f3b8221a4030656c4fd624bab	843	construction_large_run1/source0020/stdout.txt
e3b0c44298fc1c149afbf4c8996fb92427ae41e4649b934ca495991b7852b855	0	construction_large_run1/source0021/driver_stderr.txt
f637fb85a4ede5177f1550b93b610559fd44e3a4e7f37103dc70a3c9876df8fc	276	construction_large_run1/source0021/driver_stdout.txt
4e97c67f96d8c2adc12280a539ec086853e57a777784bc65eb39bedbe50feb87	3404	construction_large_run1/source0021/executed_driver_v1.txt
dc94e392d75dc184c16b987beac4c1e6a0139d388fc020ae03b74d2e7bc8f03e	574	construction_large_run1/source0021/executed_inputs.gp
a60949f711c036af960dfa8839a6a794d1133faa3a022fbcb0fadeccc08741e2	6818	construction_large_run1/source0021/executed_script.gp
dc94e392d75dc184c16b987beac4c1e6a0139d388fc020ae03b74d2e7bc8f03e	574	construction_large_run1/source0021/input.gp
f7992ff0eb549e257b71f93485e91e4ae281d0399e4ad323453ed5424424e84d	304	construction_large_run1/source0021/receipt.json
4a469cedb25977743edb2aafd4b152787f872789bd452d040bb52cf377b7bbfa	934	construction_large_run1/source0021/source_freeze.json
e3b0c44298fc1c149afbf4c8996fb92427ae41e4649b934ca495991b7852b855	0	construction_large_run1/source0021/stderr.txt
c250392fe4c7fb09b79b16212d16f0b482ee818954261c30208b05a99f4cc5b3	830	construction_large_run1/source0021/stdout.txt
e3b0c44298fc1c149afbf4c8996fb92427ae41e4649b934ca495991b7852b855	0	construction_large_run1/source0022/driver_stderr.txt
94d879330f62921c53b2c798276f45b6cbb3b924c67236b533fbfa739333f404	275	construction_large_run1/source0022/driver_stdout.txt
4e97c67f96d8c2adc12280a539ec086853e57a777784bc65eb39bedbe50feb87	3404	construction_large_run1/source0022/executed_driver_v1.txt
1322d4c30759d31918cfcf7df089e780baac8d9150f54ee878dc2174df604146	577	construction_large_run1/source0022/executed_inputs.gp
a60949f711c036af960dfa8839a6a794d1133faa3a022fbcb0fadeccc08741e2	6818	construction_large_run1/source0022/executed_script.gp
1322d4c30759d31918cfcf7df089e780baac8d9150f54ee878dc2174df604146	577	construction_large_run1/source0022/input.gp
149b013ccf8600fc8ab317d2758cd9cb6c82ae21f03d49f8ec9bbac86c6846d1	303	construction_large_run1/source0022/receipt.json
bfe2e79ce2d91a61431e26748aa3cf13494ac6640f3fd8163b1119703587186b	934	construction_large_run1/source0022/source_freeze.json
e3b0c44298fc1c149afbf4c8996fb92427ae41e4649b934ca495991b7852b855	0	construction_large_run1/source0022/stderr.txt
427e4d2eb47a5b4e55ba85deeac6fdd4e9066573edacf0e2630a6fc8f2ad91eb	842	construction_large_run1/source0022/stdout.txt
e3b0c44298fc1c149afbf4c8996fb92427ae41e4649b934ca495991b7852b855	0	construction_large_run1/source0023/driver_stderr.txt
99d6702c3e1ee4588c27bfd01b6e5dbf5e675aabef061b1afdea346c94f2807b	276	construction_large_run1/source0023/driver_stdout.txt
4e97c67f96d8c2adc12280a539ec086853e57a777784bc65eb39bedbe50feb87	3404	construction_large_run1/source0023/executed_driver_v1.txt
ecb1297cd299c65a996bfceda2a3594485ed18cd1918cfb9e8353b82d9a94792	573	construction_large_run1/source0023/executed_inputs.gp
a60949f711c036af960dfa8839a6a794d1133faa3a022fbcb0fadeccc08741e2	6818	construction_large_run1/source0023/executed_script.gp
ecb1297cd299c65a996bfceda2a3594485ed18cd1918cfb9e8353b82d9a94792	573	construction_large_run1/source0023/input.gp
8afffbbf9d61e26f36c77c41878cd1c600272c489191596ae89da1bacd5365ef	304	construction_large_run1/source0023/receipt.json
22c7063625b4d62cb367f39b3c9b9c0c377593ffd79a4f9ca7363e7c4496b590	934	construction_large_run1/source0023/source_freeze.json
e3b0c44298fc1c149afbf4c8996fb92427ae41e4649b934ca495991b7852b855	0	construction_large_run1/source0023/stderr.txt
e49a77ce36857217647a1df9f84f9c2b20d1553fe5087e6a68ffa08b461d2575	822	construction_large_run1/source0023/stdout.txt
e3b0c44298fc1c149afbf4c8996fb92427ae41e4649b934ca495991b7852b855	0	construction_large_run1/source0024/driver_stderr.txt
081a4d6d8994866d4907ac913355d535405fbadaaa31c2ac9903c5d8db7c39c0	276	construction_large_run1/source0024/driver_stdout.txt
4e97c67f96d8c2adc12280a539ec086853e57a777784bc65eb39bedbe50feb87	3404	construction_large_run1/source0024/executed_driver_v1.txt
a97f4931fb5b733076112a9bb767a5ff30c1d86cd91466b3bd1c4b77f40548f8	574	construction_large_run1/source0024/executed_inputs.gp
a60949f711c036af960dfa8839a6a794d1133faa3a022fbcb0fadeccc08741e2	6818	construction_large_run1/source0024/executed_script.gp
a97f4931fb5b733076112a9bb767a5ff30c1d86cd91466b3bd1c4b77f40548f8	574	construction_large_run1/source0024/input.gp
0118faf92966e0c463b8105c622500c32679066ef3d93967d14b3fa280a4b388	304	construction_large_run1/source0024/receipt.json
1adcf58390958d90cbeb166df80de45b18b6673297b89813799a5913348032af	934	construction_large_run1/source0024/source_freeze.json
e3b0c44298fc1c149afbf4c8996fb92427ae41e4649b934ca495991b7852b855	0	construction_large_run1/source0024/stderr.txt
68e1106ee672faadcfe37dc95b43a2f48676fde13979ef2613927afbd6e176a5	823	construction_large_run1/source0024/stdout.txt
e3b0c44298fc1c149afbf4c8996fb92427ae41e4649b934ca495991b7852b855	0	construction_large_run1/source0025/driver_stderr.txt
423d14a32dba3efc66708ea43b4b4c668abad7965566a7fc3aee5bfcecfa3785	275	construction_large_run1/source0025/driver_stdout.txt
4e97c67f96d8c2adc12280a539ec086853e57a777784bc65eb39bedbe50feb87	3404	construction_large_run1/source0025/executed_driver_v1.txt
c464e8cde8b64971a6d85d2559cce6dab0d070706c814da42dd0c39e1c6ea72d	577	construction_large_run1/source0025/executed_inputs.gp
a60949f711c036af960dfa8839a6a794d1133faa3a022fbcb0fadeccc08741e2	6818	construction_large_run1/source0025/executed_script.gp
c464e8cde8b64971a6d85d2559cce6dab0d070706c814da42dd0c39e1c6ea72d	577	construction_large_run1/source0025/input.gp
00cf287ac1de5163d279bbc8f63e162b9db729f4eb944d6a30ea6d679db98964	303	construction_large_run1/source0025/receipt.json
8efa8258501bd3443173c0faa3044bda5063bae05a0a4cefda0a3979a40903c0	934	construction_large_run1/source0025/source_freeze.json
e3b0c44298fc1c149afbf4c8996fb92427ae41e4649b934ca495991b7852b855	0	construction_large_run1/source0025/stderr.txt
e0db48a15dd344633c575f6976ae63716bf76aeb4d5a2440e05335e223c5d13e	841	construction_large_run1/source0025/stdout.txt
e3b0c44298fc1c149afbf4c8996fb92427ae41e4649b934ca495991b7852b855	0	construction_large_run1/source0026/driver_stderr.txt
88c62ce65aac58678277a94fadca1fe8ad07c7709a9d3135726ae49e46386f05	275	construction_large_run1/source0026/driver_stdout.txt
4e97c67f96d8c2adc12280a539ec086853e57a777784bc65eb39bedbe50feb87	3404	construction_large_run1/source0026/executed_driver_v1.txt
2c6edd99d071d3307e5d5a4229f24188dd7bd5fdd84a162988a6586f765b7ce6	577	construction_large_run1/source0026/executed_inputs.gp
a60949f711c036af960dfa8839a6a794d1133faa3a022fbcb0fadeccc08741e2	6818	construction_large_run1/source0026/executed_script.gp
2c6edd99d071d3307e5d5a4229f24188dd7bd5fdd84a162988a6586f765b7ce6	577	construction_large_run1/source0026/input.gp
5784a8e771ffb93a4b501376cec9741b6e325b7ed1b2aaceee9c86afa788fb56	303	construction_large_run1/source0026/receipt.json
04ec949d308be41b2caaac085cedf47f9f8beae8f24929d7fae42b38c7866b7d	934	construction_large_run1/source0026/source_freeze.json
e3b0c44298fc1c149afbf4c8996fb92427ae41e4649b934ca495991b7852b855	0	construction_large_run1/source0026/stderr.txt
8c072714751c0f9b3fc0a850ff957f9efe0042ba055dde4e547eb15ad53a0c46	833	construction_large_run1/source0026/stdout.txt
e3b0c44298fc1c149afbf4c8996fb92427ae41e4649b934ca495991b7852b855	0	construction_large_run1/source0027/driver_stderr.txt
274e10df07ba41ff8f60d0512e25e9f1775bde065e633f7252930867b91f29e8	275	construction_large_run1/source0027/driver_stdout.txt
4e97c67f96d8c2adc12280a539ec086853e57a777784bc65eb39bedbe50feb87	3404	construction_large_run1/source0027/executed_driver_v1.txt
8f45a608201c93e56258fb74cf8b5344cbca08a76d5b8bb11cde2f68bc537dd4	580	construction_large_run1/source0027/executed_inputs.gp
a60949f711c036af960dfa8839a6a794d1133faa3a022fbcb0fadeccc08741e2	6818	construction_large_run1/source0027/executed_script.gp
8f45a608201c93e56258fb74cf8b5344cbca08a76d5b8bb11cde2f68bc537dd4	580	construction_large_run1/source0027/input.gp
2f2f7ba30d78aaaddfd50a8b5bcb325f2934a8fb2be81e9ccee745ef81f1b105	303	construction_large_run1/source0027/receipt.json
4f92e2171e91e67f6e66d5ea8cbe4a29a087c9bafc9ce6786d19232fe03ab56d	934	construction_large_run1/source0027/source_freeze.json
e3b0c44298fc1c149afbf4c8996fb92427ae41e4649b934ca495991b7852b855	0	construction_large_run1/source0027/stderr.txt
ad306b527feab3ce8e9aeb53e26288f27196ec6e594cdd0cb6dda04240961a2c	830	construction_large_run1/source0027/stdout.txt
e3b0c44298fc1c149afbf4c8996fb92427ae41e4649b934ca495991b7852b855	0	construction_large_run1/source0028/driver_stderr.txt
5b86d60fa7ccc3eaf0f834d88811655df467caed1e52a266177247163c2984d8	275	construction_large_run1/source0028/driver_stdout.txt
4e97c67f96d8c2adc12280a539ec086853e57a777784bc65eb39bedbe50feb87	3404	construction_large_run1/source0028/executed_driver_v1.txt
ff5cba06b09d565c3f9a9ce90cd0edcd304c6326685cff1cc0c4fc3f2420d86e	577	construction_large_run1/source0028/executed_inputs.gp
a60949f711c036af960dfa8839a6a794d1133faa3a022fbcb0fadeccc08741e2	6818	construction_large_run1/source0028/executed_script.gp
ff5cba06b09d565c3f9a9ce90cd0edcd304c6326685cff1cc0c4fc3f2420d86e	577	construction_large_run1/source0028/input.gp
ae3715d8f2e66d0639ae19fd8500110845dfabf852820f120b20559c01cb12dd	303	construction_large_run1/source0028/receipt.json
9fefc58deb5b17e8ad6d0909243fb866aaa8001e374b122e543d644af86461e7	934	construction_large_run1/source0028/source_freeze.json
e3b0c44298fc1c149afbf4c8996fb92427ae41e4649b934ca495991b7852b855	0	construction_large_run1/source0028/stderr.txt
5062cc83cb9e18da0fc3e5e84fc166633a508fcc6e7c7aa5a2889f08be34ef66	835	construction_large_run1/source0028/stdout.txt
e3b0c44298fc1c149afbf4c8996fb92427ae41e4649b934ca495991b7852b855	0	construction_large_run1/source0029/driver_stderr.txt
9600b0ce82584ff0a278cf1dd057d116b3afbdefd91c013903849c302b415ae5	275	construction_large_run1/source0029/driver_stdout.txt
4e97c67f96d8c2adc12280a539ec086853e57a777784bc65eb39bedbe50feb87	3404	construction_large_run1/source0029/executed_driver_v1.txt
2e299b1216b09de3e4b741cb6a439abb3b6d6fe7d672c7d0cb0c9432b24a5881	578	construction_large_run1/source0029/executed_inputs.gp
a60949f711c036af960dfa8839a6a794d1133faa3a022fbcb0fadeccc08741e2	6818	construction_large_run1/source0029/executed_script.gp
2e299b1216b09de3e4b741cb6a439abb3b6d6fe7d672c7d0cb0c9432b24a5881	578	construction_large_run1/source0029/input.gp
34e0c9a1d032a1fdf28f68c7849b2b09178f41622fdbc98ebdeedac63ec0e70d	303	construction_large_run1/source0029/receipt.json
cf1638545a282e2ec7b436de496b20dc218a75cebeea8d93400e29fc803c97fe	934	construction_large_run1/source0029/source_freeze.json
e3b0c44298fc1c149afbf4c8996fb92427ae41e4649b934ca495991b7852b855	0	construction_large_run1/source0029/stderr.txt
c2868002dc975a9cffe9b80569a793bbc9153141a7a9bdf88d555a534dcf2e02	838	construction_large_run1/source0029/stdout.txt
e3b0c44298fc1c149afbf4c8996fb92427ae41e4649b934ca495991b7852b855	0	construction_large_run1/source0030/driver_stderr.txt
0dc073a208a1cd377ae62197fc152a90c8fb172f488da3f54eeae32403f2f920	275	construction_large_run1/source0030/driver_stdout.txt
4e97c67f96d8c2adc12280a539ec086853e57a777784bc65eb39bedbe50feb87	3404	construction_large_run1/source0030/executed_driver_v1.txt
8cfa5385eef01c93f5222c5989dc42f8a787518bc29c1a2a7ca9a2c3419a7888	579	construction_large_run1/source0030/executed_inputs.gp
a60949f711c036af960dfa8839a6a794d1133faa3a022fbcb0fadeccc08741e2	6818	construction_large_run1/source0030/executed_script.gp
8cfa5385eef01c93f5222c5989dc42f8a787518bc29c1a2a7ca9a2c3419a7888	579	construction_large_run1/source0030/input.gp
392352dd39f425e4b11b53dd3e4b0d5167fdd3c373f1797056a5b63d834b4a58	303	construction_large_run1/source0030/receipt.json
ef9c21e006632da461294b07485106b293ac835f81b5d42d79166d223cd87ac0	934	construction_large_run1/source0030/source_freeze.json
e3b0c44298fc1c149afbf4c8996fb92427ae41e4649b934ca495991b7852b855	0	construction_large_run1/source0030/stderr.txt
b3b4f542e17d2eab21cf4cabc716da0546d6deed4427be09b1be0ba3a8296c4c	848	construction_large_run1/source0030/stdout.txt
e3b0c44298fc1c149afbf4c8996fb92427ae41e4649b934ca495991b7852b855	0	construction_large_run1/source0031/driver_stderr.txt
5d966f71d8fe50605a1a41be0b3867e28739b7168f87eefb1aad2cb55071dbcb	275	construction_large_run1/source0031/driver_stdout.txt
4e97c67f96d8c2adc12280a539ec086853e57a777784bc65eb39bedbe50feb87	3404	construction_large_run1/source0031/executed_driver_v1.txt
af0a217bd2de0898083bfcf976259d562fed6c6b1a64605659deb075236a5451	577	construction_large_run1/source0031/executed_inputs.gp
a60949f711c036af960dfa8839a6a794d1133faa3a022fbcb0fadeccc08741e2	6818	construction_large_run1/source0031/executed_script.gp
af0a217bd2de0898083bfcf976259d562fed6c6b1a64605659deb075236a5451	577	construction_large_run1/source0031/input.gp
441d85919b35b1829494d2f4c79c7cf4365a7fa1e1edb9fd74a0cf28df2f29a8	303	construction_large_run1/source0031/receipt.json
56127e0b884d996622fe7308f1b6b2e04edaf8a164cff67c8a8cbad3b2d5efd3	934	construction_large_run1/source0031/source_freeze.json
e3b0c44298fc1c149afbf4c8996fb92427ae41e4649b934ca495991b7852b855	0	construction_large_run1/source0031/stderr.txt
6013452c770bd864a53d1a1915c9916e655ad141266709460d3c460f586702e7	838	construction_large_run1/source0031/stdout.txt
e3b0c44298fc1c149afbf4c8996fb92427ae41e4649b934ca495991b7852b855	0	construction_large_run1/source0032/driver_stderr.txt
043b583d1484df00809eef930eaff8a54b5004456e47f00d5df880488294db51	275	construction_large_run1/source0032/driver_stdout.txt
4e97c67f96d8c2adc12280a539ec086853e57a777784bc65eb39bedbe50feb87	3404	construction_large_run1/source0032/executed_driver_v1.txt
910c208b13e5f7f70b288c7fa7d0c8fad5fb4211aaf2a078b6a4395342c8fbb4	582	construction_large_run1/source0032/executed_inputs.gp
a60949f711c036af960dfa8839a6a794d1133faa3a022fbcb0fadeccc08741e2	6818	construction_large_run1/source0032/executed_script.gp
910c208b13e5f7f70b288c7fa7d0c8fad5fb4211aaf2a078b6a4395342c8fbb4	582	construction_large_run1/source0032/input.gp
d344203fa21ae52a0b1302223e7d0366eb82505a124eb207290d8e81d14f0937	303	construction_large_run1/source0032/receipt.json
bf1479b391fc0d7a02c0b6acef3a0b0f4431c2d2aeeaab64098f619455df2a83	934	construction_large_run1/source0032/source_freeze.json
e3b0c44298fc1c149afbf4c8996fb92427ae41e4649b934ca495991b7852b855	0	construction_large_run1/source0032/stderr.txt
3e9c46ec1053476d82f83ca37e748e1f65d864db82d5a521b0089f116404b21f	852	construction_large_run1/source0032/stdout.txt
e3b0c44298fc1c149afbf4c8996fb92427ae41e4649b934ca495991b7852b855	0	construction_large_run1/source0033/driver_stderr.txt
b232adae480f52674f0e188870b57d3d69c783eb51a2c8e8da5b3c04021e292e	275	construction_large_run1/source0033/driver_stdout.txt
4e97c67f96d8c2adc12280a539ec086853e57a777784bc65eb39bedbe50feb87	3404	construction_large_run1/source0033/executed_driver_v1.txt
b735223d9d397e72d724941c80167bd58f29724dec8bc3a1e31e87535dc8a4bb	577	construction_large_run1/source0033/executed_inputs.gp
a60949f711c036af960dfa8839a6a794d1133faa3a022fbcb0fadeccc08741e2	6818	construction_large_run1/source0033/executed_script.gp
b735223d9d397e72d724941c80167bd58f29724dec8bc3a1e31e87535dc8a4bb	577	construction_large_run1/source0033/input.gp
43a1e8fb2cb1e7852230134fb0a0b6622e497c7b800ce0f746452c0acf47c556	303	construction_large_run1/source0033/receipt.json
e2b58a3df3bf8fb84df17b7013d51a0d3950acad4fe8a100eedb92450913a83b	934	construction_large_run1/source0033/source_freeze.json
e3b0c44298fc1c149afbf4c8996fb92427ae41e4649b934ca495991b7852b855	0	construction_large_run1/source0033/stderr.txt
216180863e3de062cce0d9aa42b266b3aad63d3f40fb6ae9329e6533d8537f3e	824	construction_large_run1/source0033/stdout.txt
e3b0c44298fc1c149afbf4c8996fb92427ae41e4649b934ca495991b7852b855	0	construction_large_run1/source0034/driver_stderr.txt
398fffbd9bb685fe232c16ffe84ade6ba8a6f899bc67c5b3b9bd3d2a07f35fdf	275	construction_large_run1/source0034/driver_stdout.txt
4e97c67f96d8c2adc12280a539ec086853e57a777784bc65eb39bedbe50feb87	3404	construction_large_run1/source0034/executed_driver_v1.txt
1e4a46d6918714df4eb7b6dd6a074c6c273c1036334d7440524fda7b4bfbde8c	579	construction_large_run1/source0034/executed_inputs.gp
a60949f711c036af960dfa8839a6a794d1133faa3a022fbcb0fadeccc08741e2	6818	construction_large_run1/source0034/executed_script.gp
1e4a46d6918714df4eb7b6dd6a074c6c273c1036334d7440524fda7b4bfbde8c	579	construction_large_run1/source0034/input.gp
4ff860bfb1dc0d141ae915d3b79ebc757401f0929ef0a6428b4054a6dd90d26d	303	construction_large_run1/source0034/receipt.json
71ca56713688175b03241db76f8e1654029652da4cff49471ee3eddde2081cd2	934	construction_large_run1/source0034/source_freeze.json
e3b0c44298fc1c149afbf4c8996fb92427ae41e4649b934ca495991b7852b855	0	construction_large_run1/source0034/stderr.txt
cd906ded61c7d1a67462b87162fcee1432f7597f1716fbf6abc939f026355571	837	construction_large_run1/source0034/stdout.txt
e3b0c44298fc1c149afbf4c8996fb92427ae41e4649b934ca495991b7852b855	0	construction_large_run1/source0035/driver_stderr.txt
12c35bfbcc1cbd3709e00482934e02ca73209b903a2c4de955e5a4c38b789ae7	275	construction_large_run1/source0035/driver_stdout.txt
4e97c67f96d8c2adc12280a539ec086853e57a777784bc65eb39bedbe50feb87	3404	construction_large_run1/source0035/executed_driver_v1.txt
8b10a57c67ee23dceed1399bc656b40cf7483551b69adef00e343a03ae8abd2c	581	construction_large_run1/source0035/executed_inputs.gp
a60949f711c036af960dfa8839a6a794d1133faa3a022fbcb0fadeccc08741e2	6818	construction_large_run1/source0035/executed_script.gp
8b10a57c67ee23dceed1399bc656b40cf7483551b69adef00e343a03ae8abd2c	581	construction_large_run1/source0035/input.gp
a94528eaaf883dc18fe701d801d7a0465da0945b0a1925bc4ef0b3ae19a95b6c	303	construction_large_run1/source0035/receipt.json
b049b8dde2f06e504e175ac367ddc9c2644bcad38867037021d41b280199c7d2	934	construction_large_run1/source0035/source_freeze.json
e3b0c44298fc1c149afbf4c8996fb92427ae41e4649b934ca495991b7852b855	0	construction_large_run1/source0035/stderr.txt
3145bfc8b1afbe871c67f546cebb24e449275be5d18da2293b4f933d6d5c231f	826	construction_large_run1/source0035/stdout.txt
e3b0c44298fc1c149afbf4c8996fb92427ae41e4649b934ca495991b7852b855	0	construction_large_run1/source0036/driver_stderr.txt
56964516f77df4fadb5065e13a468075be97897e0c899abae1039a67c0a995bd	275	construction_large_run1/source0036/driver_stdout.txt
4e97c67f96d8c2adc12280a539ec086853e57a777784bc65eb39bedbe50feb87	3404	construction_large_run1/source0036/executed_driver_v1.txt
ffd5ff1b681380efef415bf9ecb81447a43394eb9cd1d0dda659b5fcb8642414	571	construction_large_run1/source0036/executed_inputs.gp
a60949f711c036af960dfa8839a6a794d1133faa3a022fbcb0fadeccc08741e2	6818	construction_large_run1/source0036/executed_script.gp
ffd5ff1b681380efef415bf9ecb81447a43394eb9cd1d0dda659b5fcb8642414	571	construction_large_run1/source0036/input.gp
1cc8f828b1a77337bd1b2cbdca0f691a79d2281e7981a13ce75d30668a98fa47	303	construction_large_run1/source0036/receipt.json
dcc488b89e225c145569165cd04cf0b3622ed95a1885618116a4431696227637	934	construction_large_run1/source0036/source_freeze.json
e3b0c44298fc1c149afbf4c8996fb92427ae41e4649b934ca495991b7852b855	0	construction_large_run1/source0036/stderr.txt
20c9943454b348eaeb419a1e438b0c8c71c1a37676496bcc2654f42b33a14c8a	825	construction_large_run1/source0036/stdout.txt
e3b0c44298fc1c149afbf4c8996fb92427ae41e4649b934ca495991b7852b855	0	construction_large_run1/source0037/driver_stderr.txt
c7aa60d0fd384779c1a4d1efc072bd0d7cdf22938f2dcdd209d74828f74eb150	275	construction_large_run1/source0037/driver_stdout.txt
4e97c67f96d8c2adc12280a539ec086853e57a777784bc65eb39bedbe50feb87	3404	construction_large_run1/source0037/executed_driver_v1.txt
9509f97995fcf7c08ad313c088b4b4f96b26f42132b23b301c52aee431831458	573	construction_large_run1/source0037/executed_inputs.gp
a60949f711c036af960dfa8839a6a794d1133faa3a022fbcb0fadeccc08741e2	6818	construction_large_run1/source0037/executed_script.gp
9509f97995fcf7c08ad313c088b4b4f96b26f42132b23b301c52aee431831458	573	construction_large_run1/source0037/input.gp
ba6f066b1e5ca9b3fd54599d9fb0e8cb1b0f6b63859fff81debe5afd3e207409	303	construction_large_run1/source0037/receipt.json
2d3ee3696cc8fe6de9664007aa4a17d3ac4571cb224f11570cf92c41bdf2036f	934	construction_large_run1/source0037/source_freeze.json
e3b0c44298fc1c149afbf4c8996fb92427ae41e4649b934ca495991b7852b855	0	construction_large_run1/source0037/stderr.txt
14ecd9526e521e5d85f1114b2483b5a319e71c289c3fadbb523a3846d5739ff1	847	construction_large_run1/source0037/stdout.txt
e3b0c44298fc1c149afbf4c8996fb92427ae41e4649b934ca495991b7852b855	0	construction_large_run1/source0038/driver_stderr.txt
48b97e463df67b017dc71d87e925da574a10907481fd3e2d0dd6ca7f7cb2975c	275	construction_large_run1/source0038/driver_stdout.txt
4e97c67f96d8c2adc12280a539ec086853e57a777784bc65eb39bedbe50feb87	3404	construction_large_run1/source0038/executed_driver_v1.txt
3c85ee811c851e9961132bfcacb21923bcc8e42ea23027b4d429ec01dce058d7	575	construction_large_run1/source0038/executed_inputs.gp
a60949f711c036af960dfa8839a6a794d1133faa3a022fbcb0fadeccc08741e2	6818	construction_large_run1/source0038/executed_script.gp
3c85ee811c851e9961132bfcacb21923bcc8e42ea23027b4d429ec01dce058d7	575	construction_large_run1/source0038/input.gp
56d63e05e85ca852849511c6a2c39edc22f4cc17aab5820f176a5e0e311d2537	303	construction_large_run1/source0038/receipt.json
da660ab0199de1d73dcbf8e3effe7241f91a89501687c86c1e1420d459c01c50	934	construction_large_run1/source0038/source_freeze.json
e3b0c44298fc1c149afbf4c8996fb92427ae41e4649b934ca495991b7852b855	0	construction_large_run1/source0038/stderr.txt
d981c8f64ad56b129dad8011c1d3198e2ec7b1f5583c0abdb3f4f8bd724580dc	841	construction_large_run1/source0038/stdout.txt
e3b0c44298fc1c149afbf4c8996fb92427ae41e4649b934ca495991b7852b855	0	construction_large_run1/source0039/driver_stderr.txt
adc5eb80b7cc0efb9c06acb7565a4e855424d2558489fe33358dd4c41d92b513	275	construction_large_run1/source0039/driver_stdout.txt
4e97c67f96d8c2adc12280a539ec086853e57a777784bc65eb39bedbe50feb87	3404	construction_large_run1/source0039/executed_driver_v1.txt
258931158a3164d058df1f9cd1f898cf1f0496f7bbcaf8d242644dfc9a2a3764	574	construction_large_run1/source0039/executed_inputs.gp
a60949f711c036af960dfa8839a6a794d1133faa3a022fbcb0fadeccc08741e2	6818	construction_large_run1/source0039/executed_script.gp
258931158a3164d058df1f9cd1f898cf1f0496f7bbcaf8d242644dfc9a2a3764	574	construction_large_run1/source0039/input.gp
8bb214a5bf07cf248c060474d7313e25a83e756cf93b5c458ee21cc9b74fa0ab	303	construction_large_run1/source0039/receipt.json
f979950e654a81748905c2eeec5db8849ac64a0fb1c157d5830d55eb8c0307ff	934	construction_large_run1/source0039/source_freeze.json
e3b0c44298fc1c149afbf4c8996fb92427ae41e4649b934ca495991b7852b855	0	construction_large_run1/source0039/stderr.txt
88ca449c3dc02291984054d508d7301463289de5a1ab50b9f68e4b035fcf6034	832	construction_large_run1/source0039/stdout.txt
e3b0c44298fc1c149afbf4c8996fb92427ae41e4649b934ca495991b7852b855	0	construction_large_run1/source0040/driver_stderr.txt
491d6f66f2d8f012676cf325de430b6bd40a0bd117a7b383103beec8b8717936	275	construction_large_run1/source0040/driver_stdout.txt
4e97c67f96d8c2adc12280a539ec086853e57a777784bc65eb39bedbe50feb87	3404	construction_large_run1/source0040/executed_driver_v1.txt
92ca058d5a1ef577b8a458ec82cdf21385b5034ec1f7ba08768b962f5e5dd9cc	577	construction_large_run1/source0040/executed_inputs.gp
a60949f711c036af960dfa8839a6a794d1133faa3a022fbcb0fadeccc08741e2	6818	construction_large_run1/source0040/executed_script.gp
92ca058d5a1ef577b8a458ec82cdf21385b5034ec1f7ba08768b962f5e5dd9cc	577	construction_large_run1/source0040/input.gp
6eb145dbecd8261208fe9d9d36c26d32434e5277770a9c2b8eb3a95e03ba8ea4	303	construction_large_run1/source0040/receipt.json
fdcc32a57102863240d8db8aaf1c89d92de79f73cc6f3faa5482e816c48e0311	934	construction_large_run1/source0040/source_freeze.json
e3b0c44298fc1c149afbf4c8996fb92427ae41e4649b934ca495991b7852b855	0	construction_large_run1/source0040/stderr.txt
8870a74086bdce04cdb9104451e943b2a4af3a5f53efe9ede1d64105ee4a5849	841	construction_large_run1/source0040/stdout.txt
e3b0c44298fc1c149afbf4c8996fb92427ae41e4649b934ca495991b7852b855	0	construction_large_run1/source0041/driver_stderr.txt
38fa0198b443cf5bc4e2c2538e857242643f70d9b9882573dfa5a8c2b369c70a	275	construction_large_run1/source0041/driver_stdout.txt
4e97c67f96d8c2adc12280a539ec086853e57a777784bc65eb39bedbe50feb87	3404	construction_large_run1/source0041/executed_driver_v1.txt
d59f5f0e26d8349547170dc64a1e89c8e0e5f3ea6e804ee9c6b7b410f9530d46	575	construction_large_run1/source0041/executed_inputs.gp
a60949f711c036af960dfa8839a6a794d1133faa3a022fbcb0fadeccc08741e2	6818	construction_large_run1/source0041/executed_script.gp
d59f5f0e26d8349547170dc64a1e89c8e0e5f3ea6e804ee9c6b7b410f9530d46	575	construction_large_run1/source0041/input.gp
03c246df73bd4729c07eee1d26d5d2592efe8d07d1b92494f0d560343de0c792	303	construction_large_run1/source0041/receipt.json
9cf42aab28d100de0ac1ba8356eec32dfb0dafc86ea344d1c0f06b0d1e58092a	934	construction_large_run1/source0041/source_freeze.json
e3b0c44298fc1c149afbf4c8996fb92427ae41e4649b934ca495991b7852b855	0	construction_large_run1/source0041/stderr.txt
513e043ad5e347ce344df03eac0821ab447de8309e2786d72b5a4d2accbfc810	844	construction_large_run1/source0041/stdout.txt
e3b0c44298fc1c149afbf4c8996fb92427ae41e4649b934ca495991b7852b855	0	construction_large_run1/source0042/driver_stderr.txt
860dc9c23183f5ba5efd09792fd2167cb2168b879681d827f3d558bf353d559f	275	construction_large_run1/source0042/driver_stdout.txt
4e97c67f96d8c2adc12280a539ec086853e57a777784bc65eb39bedbe50feb87	3404	construction_large_run1/source0042/executed_driver_v1.txt
9f165e10386e6fde56a2a8918602b2c992bd84b663f1604ac0a6df04d5bd03cb	577	construction_large_run1/source0042/executed_inputs.gp
a60949f711c036af960dfa8839a6a794d1133faa3a022fbcb0fadeccc08741e2	6818	construction_large_run1/source0042/executed_script.gp
9f165e10386e6fde56a2a8918602b2c992bd84b663f1604ac0a6df04d5bd03cb	577	construction_large_run1/source0042/input.gp
a22a37b2c08cc96fd25c5310abeea76b60365acf569ff0c1b5e694ffa61248c8	303	construction_large_run1/source0042/receipt.json
a05ea9b54c603785939ad24ed8abf08baedc7641c04228ff156d6411416445bd	934	construction_large_run1/source0042/source_freeze.json
e3b0c44298fc1c149afbf4c8996fb92427ae41e4649b934ca495991b7852b855	0	construction_large_run1/source0042/stderr.txt
6b994c5113f17760b420cd9efad247f02b7440ff25607a60ec9f620b902af293	824	construction_large_run1/source0042/stdout.txt
e3b0c44298fc1c149afbf4c8996fb92427ae41e4649b934ca495991b7852b855	0	construction_large_run1/source0043/driver_stderr.txt
08225081dedcc784c8fe04788fc53db96940543224880401c423b5c7f923a186	275	construction_large_run1/source0043/driver_stdout.txt
4e97c67f96d8c2adc12280a539ec086853e57a777784bc65eb39bedbe50feb87	3404	construction_large_run1/source0043/executed_driver_v1.txt
3c5c1f660fb01529e43f28819cafaa0452b462f640a8e83c78ef65a89f966ffa	573	construction_large_run1/source0043/executed_inputs.gp
a60949f711c036af960dfa8839a6a794d1133faa3a022fbcb0fadeccc08741e2	6818	construction_large_run1/source0043/executed_script.gp
3c5c1f660fb01529e43f28819cafaa0452b462f640a8e83c78ef65a89f966ffa	573	construction_large_run1/source0043/input.gp
8ec9353cc5d670f680c8df1c7420f8567009e49877f8cef23a9e20ef3a6daa17	303	construction_large_run1/source0043/receipt.json
bfac6dd7af904cb638e633626cb8958fcf711f16a6456139c7e00ee86828b29e	934	construction_large_run1/source0043/source_freeze.json
e3b0c44298fc1c149afbf4c8996fb92427ae41e4649b934ca495991b7852b855	0	construction_large_run1/source0043/stderr.txt
9061c65a6975390dde9def02ced72a9b27f24f503977f7f018984deb758a7813	830	construction_large_run1/source0043/stdout.txt
e3b0c44298fc1c149afbf4c8996fb92427ae41e4649b934ca495991b7852b855	0	construction_large_run1/source0044/driver_stderr.txt
55b264d7638db2b39785b9522690d7d78597cdf4c87c5c12dd3e04d3de81764d	275	construction_large_run1/source0044/driver_stdout.txt
4e97c67f96d8c2adc12280a539ec086853e57a777784bc65eb39bedbe50feb87	3404	construction_large_run1/source0044/executed_driver_v1.txt
bf7813591c4c3f6024ce89040c13d62a1f55e17bf4611a09038f0f8ec00c3287	577	construction_large_run1/source0044/executed_inputs.gp
a60949f711c036af960dfa8839a6a794d1133faa3a022fbcb0fadeccc08741e2	6818	construction_large_run1/source0044/executed_script.gp
bf7813591c4c3f6024ce89040c13d62a1f55e17bf4611a09038f0f8ec00c3287	577	construction_large_run1/source0044/input.gp
6b990b201195644d1680cfe799a35fca50097f4cf127e273e02d0a3e96d1d8ba	303	construction_large_run1/source0044/receipt.json
ef0660ac5cae668b60ecee56c8d060b83564afd2296b9d394d7cb4e2666651c9	934	construction_large_run1/source0044/source_freeze.json
e3b0c44298fc1c149afbf4c8996fb92427ae41e4649b934ca495991b7852b855	0	construction_large_run1/source0044/stderr.txt
8aaa0d2502d2c962c1781cf0f731871006a38b130fdb6adee958e7ee93eca004	841	construction_large_run1/source0044/stdout.txt
e3b0c44298fc1c149afbf4c8996fb92427ae41e4649b934ca495991b7852b855	0	construction_large_run1/source0045/driver_stderr.txt
c3b88f5b6d51ebe654b49817770d37afaff71584c24b7dc5d23145ea4f691ccb	275	construction_large_run1/source0045/driver_stdout.txt
4e97c67f96d8c2adc12280a539ec086853e57a777784bc65eb39bedbe50feb87	3404	construction_large_run1/source0045/executed_driver_v1.txt
ddbe29e2fd0628c7880749aec5fc2168f7199ef81661b63ceba5fb85855c107a	575	construction_large_run1/source0045/executed_inputs.gp
a60949f711c036af960dfa8839a6a794d1133faa3a022fbcb0fadeccc08741e2	6818	construction_large_run1/source0045/executed_script.gp
ddbe29e2fd0628c7880749aec5fc2168f7199ef81661b63ceba5fb85855c107a	575	construction_large_run1/source0045/input.gp
268a95fb1748f9788ca23f79dab4dad59f5225a8efdafad2e9c21834ecee72d5	303	construction_large_run1/source0045/receipt.json
438223a839b98d16b86ca3e47dadff2cea00674e29092954f6f582092f0317ac	934	construction_large_run1/source0045/source_freeze.json
e3b0c44298fc1c149afbf4c8996fb92427ae41e4649b934ca495991b7852b855	0	construction_large_run1/source0045/stderr.txt
bcec318a29a6ef1ed88ade9cd7015d69ab0587b591c3b0e82bc6b58a11f7020d	841	construction_large_run1/source0045/stdout.txt
e3b0c44298fc1c149afbf4c8996fb92427ae41e4649b934ca495991b7852b855	0	construction_large_run1/source0046/driver_stderr.txt
4376eb6f926c8e1bddcab475992c825e6bab9d17a0cdd51f8d1bca0ef78f1b43	275	construction_large_run1/source0046/driver_stdout.txt
4e97c67f96d8c2adc12280a539ec086853e57a777784bc65eb39bedbe50feb87	3404	construction_large_run1/source0046/executed_driver_v1.txt
a1ed25c6bf44c1bd55e53205bc0a07b3fcfd9b7875d334db3686a03082ea49ec	576	construction_large_run1/source0046/executed_inputs.gp
a60949f711c036af960dfa8839a6a794d1133faa3a022fbcb0fadeccc08741e2	6818	construction_large_run1/source0046/executed_script.gp
a1ed25c6bf44c1bd55e53205bc0a07b3fcfd9b7875d334db3686a03082ea49ec	576	construction_large_run1/source0046/input.gp
f407f682f6bfe67cbf7904c0b90028115be32852ed2222ce6545872f72ade1d0	303	construction_large_run1/source0046/receipt.json
f2fac147f3891160ff0209bbf8d3746d59e4d8ef150fc179607daf755d0ea217	934	construction_large_run1/source0046/source_freeze.json
e3b0c44298fc1c149afbf4c8996fb92427ae41e4649b934ca495991b7852b855	0	construction_large_run1/source0046/stderr.txt
bc32450bd1c740984389670de19659d96c6e1ae9b923725f533a3cc142d579cd	842	construction_large_run1/source0046/stdout.txt
e3b0c44298fc1c149afbf4c8996fb92427ae41e4649b934ca495991b7852b855	0	construction_large_run1/source0047/driver_stderr.txt
2032aee70416d20b77ca69484987ea553b1235b6f8cc2a04478a4ca592c14f6a	275	construction_large_run1/source0047/driver_stdout.txt
4e97c67f96d8c2adc12280a539ec086853e57a777784bc65eb39bedbe50feb87	3404	construction_large_run1/source0047/executed_driver_v1.txt
4afd6aad56702d8212951f5f20b292cbce95f23150532a1f43297e10d2118023	577	construction_large_run1/source0047/executed_inputs.gp
a60949f711c036af960dfa8839a6a794d1133faa3a022fbcb0fadeccc08741e2	6818	construction_large_run1/source0047/executed_script.gp
4afd6aad56702d8212951f5f20b292cbce95f23150532a1f43297e10d2118023	577	construction_large_run1/source0047/input.gp
f4310cf203948f66d2659be310fbd7a2cf584beeb536eeaf4c3c2316a395d56a	303	construction_large_run1/source0047/receipt.json
38f02b8c840e5182e356621de8288e33aa23b5eaab3455bf7e6aa38a88777f4d	934	construction_large_run1/source0047/source_freeze.json
e3b0c44298fc1c149afbf4c8996fb92427ae41e4649b934ca495991b7852b855	0	construction_large_run1/source0047/stderr.txt
6191e6d8e4cad827bd597745a019940d679790e0a4da7779ed0c8f79e00ddfa3	828	construction_large_run1/source0047/stdout.txt
e3b0c44298fc1c149afbf4c8996fb92427ae41e4649b934ca495991b7852b855	0	construction_large_run1/source0048/driver_stderr.txt
20e54e51b7f736e4e221f4fc1702f717a2d3b04c995b33c3b595fafb0852c59e	275	construction_large_run1/source0048/driver_stdout.txt
4e97c67f96d8c2adc12280a539ec086853e57a777784bc65eb39bedbe50feb87	3404	construction_large_run1/source0048/executed_driver_v1.txt
dccb85f122c455d2eb8911671dfbc4e6393cdca16e516ff0a6d01d6ffbaa6c43	573	construction_large_run1/source0048/executed_inputs.gp
a60949f711c036af960dfa8839a6a794d1133faa3a022fbcb0fadeccc08741e2	6818	construction_large_run1/source0048/executed_script.gp
dccb85f122c455d2eb8911671dfbc4e6393cdca16e516ff0a6d01d6ffbaa6c43	573	construction_large_run1/source0048/input.gp
8cb4f6801f237ca4b9a2b809d380b07f2e22eb0f93d57436e32d25f8f19c3dea	303	construction_large_run1/source0048/receipt.json
659b2780cf5afd59cf8299b7091643e68c34039f6263b9294b03172c0bf9cd4f	934	construction_large_run1/source0048/source_freeze.json
e3b0c44298fc1c149afbf4c8996fb92427ae41e4649b934ca495991b7852b855	0	construction_large_run1/source0048/stderr.txt
15227479424f78e52d1b5a3599b0e7261c9014a726cf831715b5c93b74e85031	831	construction_large_run1/source0048/stdout.txt
e3b0c44298fc1c149afbf4c8996fb92427ae41e4649b934ca495991b7852b855	0	construction_large_run1/source0049/driver_stderr.txt
ae275610230cd94c55e5f0221bfa09533fa92c941813ac5d14658ff86514069b	275	construction_large_run1/source0049/driver_stdout.txt
4e97c67f96d8c2adc12280a539ec086853e57a777784bc65eb39bedbe50feb87	3404	construction_large_run1/source0049/executed_driver_v1.txt
0c41b35753cf4229d85d595fb8d92d6766122c3e9233dd953ea4923b46506e36	577	construction_large_run1/source0049/executed_inputs.gp
a60949f711c036af960dfa8839a6a794d1133faa3a022fbcb0fadeccc08741e2	6818	construction_large_run1/source0049/executed_script.gp
0c41b35753cf4229d85d595fb8d92d6766122c3e9233dd953ea4923b46506e36	577	construction_large_run1/source0049/input.gp
e43a1deb18f74af355107d0ce2517259c8552e3d24d8ce718ec9fff0216d7d6b	303	construction_large_run1/source0049/receipt.json
997b7d631a33f4e9189249c183853068d4808d5abe31ee9e4eb3a34f9be72886	934	construction_large_run1/source0049/source_freeze.json
e3b0c44298fc1c149afbf4c8996fb92427ae41e4649b934ca495991b7852b855	0	construction_large_run1/source0049/stderr.txt
724732375dcfa9c6ae214404bcbe333b8b67b41333e34e78d52a46cea18b5337	840	construction_large_run1/source0049/stdout.txt
e3b0c44298fc1c149afbf4c8996fb92427ae41e4649b934ca495991b7852b855	0	construction_large_run1/source0050/driver_stderr.txt
f3bb6c5137c53c2e2ba2a9c9a3ba415918e2c42aa3264e416330f8dd5aa393e2	275	construction_large_run1/source0050/driver_stdout.txt
4e97c67f96d8c2adc12280a539ec086853e57a777784bc65eb39bedbe50feb87	3404	construction_large_run1/source0050/executed_driver_v1.txt
fe0766be8ffb835b8d8e37618651081adc2a7cf2e3d45d7d30f2ca413d76d84c	577	construction_large_run1/source0050/executed_inputs.gp
a60949f711c036af960dfa8839a6a794d1133faa3a022fbcb0fadeccc08741e2	6818	construction_large_run1/source0050/executed_script.gp
fe0766be8ffb835b8d8e37618651081adc2a7cf2e3d45d7d30f2ca413d76d84c	577	construction_large_run1/source0050/input.gp
18736661a89e7a85da7034e467398b785b0df9a9ad0bf514009673c97d749817	303	construction_large_run1/source0050/receipt.json
4d58111becc11779418a274ef5d71cc8a1f08a1f3dcf632a3c538482a4a59bd5	934	construction_large_run1/source0050/source_freeze.json
e3b0c44298fc1c149afbf4c8996fb92427ae41e4649b934ca495991b7852b855	0	construction_large_run1/source0050/stderr.txt
9dff953d3bcbc784340a77802fcd95f6d428880692e91bf623c154362830e204	842	construction_large_run1/source0050/stdout.txt
e3b0c44298fc1c149afbf4c8996fb92427ae41e4649b934ca495991b7852b855	0	construction_large_run1/source0051/driver_stderr.txt
4626f3b7f65236425d6f03e0017a7fa9aab2c870fb48a512e5a76b1f605b4158	275	construction_large_run1/source0051/driver_stdout.txt
4e97c67f96d8c2adc12280a539ec086853e57a777784bc65eb39bedbe50feb87	3404	construction_large_run1/source0051/executed_driver_v1.txt
c8f713f55759e90a04daf1bf85a7133f7263624582247671896e1dc721f534e8	574	construction_large_run1/source0051/executed_inputs.gp
a60949f711c036af960dfa8839a6a794d1133faa3a022fbcb0fadeccc08741e2	6818	construction_large_run1/source0051/executed_script.gp
c8f713f55759e90a04daf1bf85a7133f7263624582247671896e1dc721f534e8	574	construction_large_run1/source0051/input.gp
33e3d4e0d8ef1e843f2528d21a030c5e88a0aa2084c0536356fd60d9eba68745	303	construction_large_run1/source0051/receipt.json
fe5732e7d3ae7385559943b1bf8e79e77d402bb670b18ee50d185f3b7e661c8b	934	construction_large_run1/source0051/source_freeze.json
e3b0c44298fc1c149afbf4c8996fb92427ae41e4649b934ca495991b7852b855	0	construction_large_run1/source0051/stderr.txt
89a74becf2d47a9162073c76819497bbbddccd15ffb7d514216b424fb4a30024	839	construction_large_run1/source0051/stdout.txt
e3b0c44298fc1c149afbf4c8996fb92427ae41e4649b934ca495991b7852b855	0	construction_large_run1/source0052/driver_stderr.txt
e846cfb984c87cbf886775bbed79da9c766cedb357d36f2191d16c5dd0b47c0a	275	construction_large_run1/source0052/driver_stdout.txt
4e97c67f96d8c2adc12280a539ec086853e57a777784bc65eb39bedbe50feb87	3404	construction_large_run1/source0052/executed_driver_v1.txt
358fce6aea9bafdd9623daaeea6aaaf934a5abc2e44d22bc83504d646462a7a3	578	construction_large_run1/source0052/executed_inputs.gp
a60949f711c036af960dfa8839a6a794d1133faa3a022fbcb0fadeccc08741e2	6818	construction_large_run1/source0052/executed_script.gp
358fce6aea9bafdd9623daaeea6aaaf934a5abc2e44d22bc83504d646462a7a3	578	construction_large_run1/source0052/input.gp
59effc5bc2b3f8efce43a55c955faf2741899a891691660661f8b2ce834b08bf	303	construction_large_run1/source0052/receipt.json
4bbf50ef8044c1e693114c3d2822e450ac9cdbfe04861d16c606741b08e7e0b1	934	construction_large_run1/source0052/source_freeze.json
e3b0c44298fc1c149afbf4c8996fb92427ae41e4649b934ca495991b7852b855	0	construction_large_run1/source0052/stderr.txt
25e85005ff2461c057416aea660e47a5c148a8fd3c6e453bdbe9de0cb06eb88b	839	construction_large_run1/source0052/stdout.txt
e3b0c44298fc1c149afbf4c8996fb92427ae41e4649b934ca495991b7852b855	0	construction_large_run1/source0053/driver_stderr.txt
0acdf6aea14182c9cf2643924b37d1fdcf96e1ff4fb1fddd718289d7c2929c4d	275	construction_large_run1/source0053/driver_stdout.txt
4e97c67f96d8c2adc12280a539ec086853e57a777784bc65eb39bedbe50feb87	3404	construction_large_run1/source0053/executed_driver_v1.txt
37f9a604796331f0dc078023051c8ce05bf6a5482a3129fefdd876e2d64aaa28	576	construction_large_run1/source0053/executed_inputs.gp
a60949f711c036af960dfa8839a6a794d1133faa3a022fbcb0fadeccc08741e2	6818	construction_large_run1/source0053/executed_script.gp
37f9a604796331f0dc078023051c8ce05bf6a5482a3129fefdd876e2d64aaa28	576	construction_large_run1/source0053/input.gp
cf2e8c02591bedc70ac5d075e1ded7c838f2566e1abd9c04ac4b194bfd5cd86b	303	construction_large_run1/source0053/receipt.json
19f53f0678ea06e2fd8d7cbbe7fca5973ddb26a69c5a47847bf8f9267177311e	934	construction_large_run1/source0053/source_freeze.json
e3b0c44298fc1c149afbf4c8996fb92427ae41e4649b934ca495991b7852b855	0	construction_large_run1/source0053/stderr.txt
d731f9c7392dff738b15b50c27c99d84f7a345ce36d27500b6da922d3aa6e15f	835	construction_large_run1/source0053/stdout.txt
e3b0c44298fc1c149afbf4c8996fb92427ae41e4649b934ca495991b7852b855	0	construction_large_run1/source0054/driver_stderr.txt
eae8328c39378c4e4547a4ad3e2d87e98a5b871b98d40d240a011565d8b24d16	275	construction_large_run1/source0054/driver_stdout.txt
4e97c67f96d8c2adc12280a539ec086853e57a777784bc65eb39bedbe50feb87	3404	construction_large_run1/source0054/executed_driver_v1.txt
1fda1e9876171e291d63f412d134494a2a3e575ca7b6bc9927a7a97221f5422c	577	construction_large_run1/source0054/executed_inputs.gp
a60949f711c036af960dfa8839a6a794d1133faa3a022fbcb0fadeccc08741e2	6818	construction_large_run1/source0054/executed_script.gp
1fda1e9876171e291d63f412d134494a2a3e575ca7b6bc9927a7a97221f5422c	577	construction_large_run1/source0054/input.gp
543f43299d5e597a2ebcd991601e8f2b7f96a6f3b97a8b12a61ec3d1cced3c88	303	construction_large_run1/source0054/receipt.json
f1d353037ef050265d2d0242f6247986a2ba2dd447b36de534f5740cb3287a61	934	construction_large_run1/source0054/source_freeze.json
e3b0c44298fc1c149afbf4c8996fb92427ae41e4649b934ca495991b7852b855	0	construction_large_run1/source0054/stderr.txt
d6a71970ff1a0378fc660751af6bb7951ddd035863bba5f94defd0bf09dd93e9	828	construction_large_run1/source0054/stdout.txt
e3b0c44298fc1c149afbf4c8996fb92427ae41e4649b934ca495991b7852b855	0	construction_large_run1/source0055/driver_stderr.txt
7bb758fdb0f9258becb644dcc835d1d1627813f99e0a52a2d7375e72e6c2bf45	275	construction_large_run1/source0055/driver_stdout.txt
4e97c67f96d8c2adc12280a539ec086853e57a777784bc65eb39bedbe50feb87	3404	construction_large_run1/source0055/executed_driver_v1.txt
c0e524b2d3fbcca96e67609dea14b32f22661dd2a46ed6cd67e8b44a41f70ac8	577	construction_large_run1/source0055/executed_inputs.gp
a60949f711c036af960dfa8839a6a794d1133faa3a022fbcb0fadeccc08741e2	6818	construction_large_run1/source0055/executed_script.gp
c0e524b2d3fbcca96e67609dea14b32f22661dd2a46ed6cd67e8b44a41f70ac8	577	construction_large_run1/source0055/input.gp
dd78359c041f2644996668376d27d1db19a65daee28cca2bbbc38f3b7b9392ba	303	construction_large_run1/source0055/receipt.json
7d88ec09ae139b972fe791052cd2996ffc2772038e7fb056cef0e7749aecb309	934	construction_large_run1/source0055/source_freeze.json
e3b0c44298fc1c149afbf4c8996fb92427ae41e4649b934ca495991b7852b855	0	construction_large_run1/source0055/stderr.txt
ad59cdd6e599999525751410d7351e74dd2f5cc98c6f39d3e7b84c3a6db57a18	839	construction_large_run1/source0055/stdout.txt
e3b0c44298fc1c149afbf4c8996fb92427ae41e4649b934ca495991b7852b855	0	construction_large_run1/source0056/driver_stderr.txt
2690e4993e0fb784d0435d49b21115cc97115617ca544e6fc422ea5feaffcebe	275	construction_large_run1/source0056/driver_stdout.txt
4e97c67f96d8c2adc12280a539ec086853e57a777784bc65eb39bedbe50feb87	3404	construction_large_run1/source0056/executed_driver_v1.txt
404d8c7971e54dc08eac04ea0bf05ef7c439a69bc4f7d3b13246a90edb56042a	579	construction_large_run1/source0056/executed_inputs.gp
a60949f711c036af960dfa8839a6a794d1133faa3a022fbcb0fadeccc08741e2	6818	construction_large_run1/source0056/executed_script.gp
404d8c7971e54dc08eac04ea0bf05ef7c439a69bc4f7d3b13246a90edb56042a	579	construction_large_run1/source0056/input.gp
6b17a943db5f7420c64ff545be84f69ea759463a3533bdf258e6a4fbed6d4c74	303	construction_large_run1/source0056/receipt.json
715f86a0119529c91843f3c0e9f7ed808c896b44a9dded567e8cd937dab88107	934	construction_large_run1/source0056/source_freeze.json
e3b0c44298fc1c149afbf4c8996fb92427ae41e4649b934ca495991b7852b855	0	construction_large_run1/source0056/stderr.txt
aac5976326b2116ff7b3d9ca5a075f529c53609e0b1158ba437fd0437ef88bd4	840	construction_large_run1/source0056/stdout.txt
e3b0c44298fc1c149afbf4c8996fb92427ae41e4649b934ca495991b7852b855	0	construction_large_run1/source0057/driver_stderr.txt
34c66f01b85d125d80d16d58a4eea5d4fe0a310c4843d18b44818611616cf423	275	construction_large_run1/source0057/driver_stdout.txt
4e97c67f96d8c2adc12280a539ec086853e57a777784bc65eb39bedbe50feb87	3404	construction_large_run1/source0057/executed_driver_v1.txt
d727a4c44a0820c1068fda09fb39ce5b64b48fa7ae85e15b3b6fe52c5a29edc9	573	construction_large_run1/source0057/executed_inputs.gp
a60949f711c036af960dfa8839a6a794d1133faa3a022fbcb0fadeccc08741e2	6818	construction_large_run1/source0057/executed_script.gp
d727a4c44a0820c1068fda09fb39ce5b64b48fa7ae85e15b3b6fe52c5a29edc9	573	construction_large_run1/source0057/input.gp
d252aab6711abbbd9da408fe8b73c3bd93df92bb7c0db509bd9c929d7f6b3d91	303	construction_large_run1/source0057/receipt.json
008131361911fe960efd0e7d89e81dfeba0beca4d0dd5e08c52337ec166f3c00	934	construction_large_run1/source0057/source_freeze.json
e3b0c44298fc1c149afbf4c8996fb92427ae41e4649b934ca495991b7852b855	0	construction_large_run1/source0057/stderr.txt
28a5372ff87ade5b8cf4b2fa503db046bbcd22d5893fd26143a2b4c558dbdb7e	835	construction_large_run1/source0057/stdout.txt
e3b0c44298fc1c149afbf4c8996fb92427ae41e4649b934ca495991b7852b855	0	construction_large_run1/source0058/driver_stderr.txt
fd1f42d067969d821f2922a84a77e232285944fbc29798261473d07bb6e316eb	275	construction_large_run1/source0058/driver_stdout.txt
4e97c67f96d8c2adc12280a539ec086853e57a777784bc65eb39bedbe50feb87	3404	construction_large_run1/source0058/executed_driver_v1.txt
93a8cb3bb6e920f0dd49bb8a1c478be6acbcd9c9f7c2628dc4f8eeeae7335e52	577	construction_large_run1/source0058/executed_inputs.gp
a60949f711c036af960dfa8839a6a794d1133faa3a022fbcb0fadeccc08741e2	6818	construction_large_run1/source0058/executed_script.gp
93a8cb3bb6e920f0dd49bb8a1c478be6acbcd9c9f7c2628dc4f8eeeae7335e52	577	construction_large_run1/source0058/input.gp
e2cb83ae1cb05154b63a70abb333d557fd86cc92926e6dd5a73a48842cb65a62	303	construction_large_run1/source0058/receipt.json
8aa00bb35a19ef95fa86728697940eceb57cf9cf04f77aa161dcc455273404e6	934	construction_large_run1/source0058/source_freeze.json
e3b0c44298fc1c149afbf4c8996fb92427ae41e4649b934ca495991b7852b855	0	construction_large_run1/source0058/stderr.txt
3de18d0f076b8e4168385615fe83f53235b25d6730e7ffef3402ffa64cc502d9	839	construction_large_run1/source0058/stdout.txt
e3b0c44298fc1c149afbf4c8996fb92427ae41e4649b934ca495991b7852b855	0	construction_large_run1/source0059/driver_stderr.txt
c4896b083edaf44d73a468a8ab3eaf378f2513fa9c90077ab0c4232dbdfd1237	275	construction_large_run1/source0059/driver_stdout.txt
4e97c67f96d8c2adc12280a539ec086853e57a777784bc65eb39bedbe50feb87	3404	construction_large_run1/source0059/executed_driver_v1.txt
a79df49b41d282acae2ab4f4920a1186eb1c6ae5727d053d91f80fedeba948a8	576	construction_large_run1/source0059/executed_inputs.gp
a60949f711c036af960dfa8839a6a794d1133faa3a022fbcb0fadeccc08741e2	6818	construction_large_run1/source0059/executed_script.gp
a79df49b41d282acae2ab4f4920a1186eb1c6ae5727d053d91f80fedeba948a8	576	construction_large_run1/source0059/input.gp
fe8216642f86e1509bd5e76b7d4375ba9637edbffc3b1de6ffc1718f4223867b	303	construction_large_run1/source0059/receipt.json
7693436461d3d77339865a578a069bb4df5d6d0cbc9636240b1a0564f28c4002	934	construction_large_run1/source0059/source_freeze.json
e3b0c44298fc1c149afbf4c8996fb92427ae41e4649b934ca495991b7852b855	0	construction_large_run1/source0059/stderr.txt
676bf5acde2848a426f32ce2e410f21d7fe46256055f2b88a675a3776d85bc42	848	construction_large_run1/source0059/stdout.txt
e3b0c44298fc1c149afbf4c8996fb92427ae41e4649b934ca495991b7852b855	0	construction_large_run1/source0060/driver_stderr.txt
68cd18dd0382072673b6cd6e4ab25dc1d054b91532121c87556b8931697caabc	275	construction_large_run1/source0060/driver_stdout.txt
4e97c67f96d8c2adc12280a539ec086853e57a777784bc65eb39bedbe50feb87	3404	construction_large_run1/source0060/executed_driver_v1.txt
76855261f68ef46f8d28bb7e08fdd471ec09bc14bf6b59ef2d76fa401bd3531c	579	construction_large_run1/source0060/executed_inputs.gp
a60949f711c036af960dfa8839a6a794d1133faa3a022fbcb0fadeccc08741e2	6818	construction_large_run1/source0060/executed_script.gp
76855261f68ef46f8d28bb7e08fdd471ec09bc14bf6b59ef2d76fa401bd3531c	579	construction_large_run1/source0060/input.gp
1fcff375a2246be5e133568820ad6618e262f370f1a9bab3b00f2aaa1a4fe547	303	construction_large_run1/source0060/receipt.json
632f4d5738bf2727465372601e48ddd6dd3eab464ce8f2cf16c30a5d77874636	934	construction_large_run1/source0060/source_freeze.json
e3b0c44298fc1c149afbf4c8996fb92427ae41e4649b934ca495991b7852b855	0	construction_large_run1/source0060/stderr.txt
56e8994abf8181cf4a85a341af7af58c0ccbe5c24286b7abac58f0ee83314442	838	construction_large_run1/source0060/stdout.txt
e3b0c44298fc1c149afbf4c8996fb92427ae41e4649b934ca495991b7852b855	0	construction_large_run1/source0061/driver_stderr.txt
2dcea52929a1eac3a52b0ecb2babf9ff8596b55dc767d85165be473e641657dd	275	construction_large_run1/source0061/driver_stdout.txt
4e97c67f96d8c2adc12280a539ec086853e57a777784bc65eb39bedbe50feb87	3404	construction_large_run1/source0061/executed_driver_v1.txt
b330d96a6fbd7b84bd5c3d404d900bfc92af51827fed27f024454e2bab7ec40f	572	construction_large_run1/source0061/executed_inputs.gp
a60949f711c036af960dfa8839a6a794d1133faa3a022fbcb0fadeccc08741e2	6818	construction_large_run1/source0061/executed_script.gp
b330d96a6fbd7b84bd5c3d404d900bfc92af51827fed27f024454e2bab7ec40f	572	construction_large_run1/source0061/input.gp
95553e03ff34f78f008d45a5d077bb0b07274d6f58d84126c0311c10efbd5231	303	construction_large_run1/source0061/receipt.json
83c8fda26f7ef4ae211a4b560385331100b7b658619b970bc3f59c8438e3b395	934	construction_large_run1/source0061/source_freeze.json
e3b0c44298fc1c149afbf4c8996fb92427ae41e4649b934ca495991b7852b855	0	construction_large_run1/source0061/stderr.txt
9fb67162b0047b6a22c3fad1a4652ead941aee452f7b5cdf0b848a5efec4f5c5	834	construction_large_run1/source0061/stdout.txt
e3b0c44298fc1c149afbf4c8996fb92427ae41e4649b934ca495991b7852b855	0	construction_large_run1/source0062/driver_stderr.txt
58e3b43c7d10b74fb498e9a347038557690701a5613c6c85f715fe0d8ecc6096	275	construction_large_run1/source0062/driver_stdout.txt
4e97c67f96d8c2adc12280a539ec086853e57a777784bc65eb39bedbe50feb87	3404	construction_large_run1/source0062/executed_driver_v1.txt
b6a6e80df4368e2911465b293a0f41f232df968b422f1d317d2f15c86564d829	577	construction_large_run1/source0062/executed_inputs.gp
a60949f711c036af960dfa8839a6a794d1133faa3a022fbcb0fadeccc08741e2	6818	construction_large_run1/source0062/executed_script.gp
b6a6e80df4368e2911465b293a0f41f232df968b422f1d317d2f15c86564d829	577	construction_large_run1/source0062/input.gp
d10b8a8f7149404e77881b62acfe43569f266d4aca55baa9e37207f0d53abb84	303	construction_large_run1/source0062/receipt.json
3ef3c76688458a6eecbe6daf98dbb2ecf613aca78a243f80d3ec7e829c473cc1	934	construction_large_run1/source0062/source_freeze.json
e3b0c44298fc1c149afbf4c8996fb92427ae41e4649b934ca495991b7852b855	0	construction_large_run1/source0062/stderr.txt
fa8a00fe314a4b46adcfd9361bf743a641342f2376375112eaf95e51dbcbf959	823	construction_large_run1/source0062/stdout.txt
e3b0c44298fc1c149afbf4c8996fb92427ae41e4649b934ca495991b7852b855	0	construction_large_run1/source0063/driver_stderr.txt
726245e81befc4d5d2b4436bbea2bf93900ab23320575e526fa31feb67f4f527	275	construction_large_run1/source0063/driver_stdout.txt
4e97c67f96d8c2adc12280a539ec086853e57a777784bc65eb39bedbe50feb87	3404	construction_large_run1/source0063/executed_driver_v1.txt
ca1dae937319c5505c6783f4574cbbd8a431eac9865ffc322793e6014f8ce9b1	570	construction_large_run1/source0063/executed_inputs.gp
a60949f711c036af960dfa8839a6a794d1133faa3a022fbcb0fadeccc08741e2	6818	construction_large_run1/source0063/executed_script.gp
ca1dae937319c5505c6783f4574cbbd8a431eac9865ffc322793e6014f8ce9b1	570	construction_large_run1/source0063/input.gp
a87552c0ce9584fed58b4e90415f86d69ee9289d7a2d3f40cef6e7e9b984cee5	303	construction_large_run1/source0063/receipt.json
f58f85ed32ae3b731b0ad96d138a8a7a8e5b8f5210d6a99ccc69d5dd011e59d3	934	construction_large_run1/source0063/source_freeze.json
e3b0c44298fc1c149afbf4c8996fb92427ae41e4649b934ca495991b7852b855	0	construction_large_run1/source0063/stderr.txt
c451ec3f8aa2dcce89280279a4f27ffabedbb3b2a04bc0f7464d6233c0d1f9c1	838	construction_large_run1/source0063/stdout.txt
e3b0c44298fc1c149afbf4c8996fb92427ae41e4649b934ca495991b7852b855	0	construction_large_run1/source0064/driver_stderr.txt
1c97b7aef2a1f100339865020e7a3bc2894f1a916295df979cb8cd6a89fa94ba	275	construction_large_run1/source0064/driver_stdout.txt
4e97c67f96d8c2adc12280a539ec086853e57a777784bc65eb39bedbe50feb87	3404	construction_large_run1/source0064/executed_driver_v1.txt
1970c0c5ced9208e7d6ad6e8f020551dffd150b2ea63b1253196ad704483cdb0	576	construction_large_run1/source0064/executed_inputs.gp
a60949f711c036af960dfa8839a6a794d1133faa3a022fbcb0fadeccc08741e2	6818	construction_large_run1/source0064/executed_script.gp
1970c0c5ced9208e7d6ad6e8f020551dffd150b2ea63b1253196ad704483cdb0	576	construction_large_run1/source0064/input.gp
611b538bfd996cbe7166f6a23a0115e9f30323cfa9656a83311cb18157f80daa	303	construction_large_run1/source0064/receipt.json
26f4b194858aacb552617e2454e76bf8e31d47b36827536e1556cb0e66ae6266	934	construction_large_run1/source0064/source_freeze.json
e3b0c44298fc1c149afbf4c8996fb92427ae41e4649b934ca495991b7852b855	0	construction_large_run1/source0064/stderr.txt
a91c6721d30ea728fd7d1cc50ea58521ce69b1f05b0e5b0ad18fc96b1eaedf9b	841	construction_large_run1/source0064/stdout.txt
e3b0c44298fc1c149afbf4c8996fb92427ae41e4649b934ca495991b7852b855	0	construction_large_run1/source0065/driver_stderr.txt
9e42977f50e6d68a4d90e7e2a6222e272f8c5d938dfe0cd2960f878b23926494	275	construction_large_run1/source0065/driver_stdout.txt
4e97c67f96d8c2adc12280a539ec086853e57a777784bc65eb39bedbe50feb87	3404	construction_large_run1/source0065/executed_driver_v1.txt
2ad751100d728fa92c4ffb1d8ccc8013f12336be4bffa5dd8efec8b9876c59fc	585	construction_large_run1/source0065/executed_inputs.gp
a60949f711c036af960dfa8839a6a794d1133faa3a022fbcb0fadeccc08741e2	6818	construction_large_run1/source0065/executed_script.gp
2ad751100d728fa92c4ffb1d8ccc8013f12336be4bffa5dd8efec8b9876c59fc	585	construction_large_run1/source0065/input.gp
17e9791e51156f37004183ed242f1299849cb8f265d82c7e850d038411c412d9	303	construction_large_run1/source0065/receipt.json
1b6269316fd278af68736c0c5abc62b551cc4cb011c5f0e8a4ca97c17e816da2	934	construction_large_run1/source0065/source_freeze.json
e3b0c44298fc1c149afbf4c8996fb92427ae41e4649b934ca495991b7852b855	0	construction_large_run1/source0065/stderr.txt
ed600d8377b0ad44602abeb903c279adde0844d822052047aedccda1a1fdf8b4	854	construction_large_run1/source0065/stdout.txt
e3b0c44298fc1c149afbf4c8996fb92427ae41e4649b934ca495991b7852b855	0	construction_large_run1/source0066/driver_stderr.txt
23e9802204629b2bb16c3abdf6b6e17103729cea2f72552ee0c61f7d06fb57eb	275	construction_large_run1/source0066/driver_stdout.txt
4e97c67f96d8c2adc12280a539ec086853e57a777784bc65eb39bedbe50feb87	3404	construction_large_run1/source0066/executed_driver_v1.txt
1c6ba67843807b57c04f96e274dc854b8d8e28d5d931c6f6002375b27f3bcc18	588	construction_large_run1/source0066/executed_inputs.gp
a60949f711c036af960dfa8839a6a794d1133faa3a022fbcb0fadeccc08741e2	6818	construction_large_run1/source0066/executed_script.gp
1c6ba67843807b57c04f96e274dc854b8d8e28d5d931c6f6002375b27f3bcc18	588	construction_large_run1/source0066/input.gp
b95c4c4af7fa8f38df98410e6e65fc0f643be1497e8eb3070486bff6a99deb9b	303	construction_large_run1/source0066/receipt.json
48c629fb5c234b1d5e6570ce2a712165f624c077dbd6c915024cb305a415be13	934	construction_large_run1/source0066/source_freeze.json
e3b0c44298fc1c149afbf4c8996fb92427ae41e4649b934ca495991b7852b855	0	construction_large_run1/source0066/stderr.txt
277e16b73705c9746ce373b52c1dfd55d64d437610f5b70118d0784fb2fbe13f	861	construction_large_run1/source0066/stdout.txt
e3b0c44298fc1c149afbf4c8996fb92427ae41e4649b934ca495991b7852b855	0	construction_large_run1/source0067/driver_stderr.txt
605f8ae684319466dfcd5bd2fdf423e50d86c0516e66031251d5e767fab364f9	275	construction_large_run1/source0067/driver_stdout.txt
4e97c67f96d8c2adc12280a539ec086853e57a777784bc65eb39bedbe50feb87	3404	construction_large_run1/source0067/executed_driver_v1.txt
9e0e41544bd5ad54598d6beef3c450d3de34306c6bb47047fa3acf00593cadb9	586	construction_large_run1/source0067/executed_inputs.gp
a60949f711c036af960dfa8839a6a794d1133faa3a022fbcb0fadeccc08741e2	6818	construction_large_run1/source0067/executed_script.gp
9e0e41544bd5ad54598d6beef3c450d3de34306c6bb47047fa3acf00593cadb9	586	construction_large_run1/source0067/input.gp
f26fbcddd76b2f5d47f695f5264264a5732a36bfa6112367b3e7c78320ba7881	303	construction_large_run1/source0067/receipt.json
e07ae4fc97b4cf252341e3f8d28bbfe1106b452029aa17a615b9b0e7ffc68e2f	934	construction_large_run1/source0067/source_freeze.json
e3b0c44298fc1c149afbf4c8996fb92427ae41e4649b934ca495991b7852b855	0	construction_large_run1/source0067/stderr.txt
5b59a0b7e32a274457a94b76a5af8a015f92aaad85a93b71b419b990ae327b7c	854	construction_large_run1/source0067/stdout.txt
e3b0c44298fc1c149afbf4c8996fb92427ae41e4649b934ca495991b7852b855	0	construction_large_run1/source0068/driver_stderr.txt
60c456397ae02ce399b3602f8ae26bf46858c598ab63b7f9accf582066efd7c9	275	construction_large_run1/source0068/driver_stdout.txt
4e97c67f96d8c2adc12280a539ec086853e57a777784bc65eb39bedbe50feb87	3404	construction_large_run1/source0068/executed_driver_v1.txt
1d25858902da413996da75f3fc6e8073ec7f9df2ac2e783ab54ceaf67150b0fe	585	construction_large_run1/source0068/executed_inputs.gp
a60949f711c036af960dfa8839a6a794d1133faa3a022fbcb0fadeccc08741e2	6818	construction_large_run1/source0068/executed_script.gp
1d25858902da413996da75f3fc6e8073ec7f9df2ac2e783ab54ceaf67150b0fe	585	construction_large_run1/source0068/input.gp
5494febed59f86361009c799b5afeff6743f92af3403f4ace7108b693dac3ec7	303	construction_large_run1/source0068/receipt.json
f33ee7058456645e6ab635e4e6c5659fc1b9cb74d6e60cfa234a2c39574f2a77	934	construction_large_run1/source0068/source_freeze.json
e3b0c44298fc1c149afbf4c8996fb92427ae41e4649b934ca495991b7852b855	0	construction_large_run1/source0068/stderr.txt
47f60c7ff6041dd93901bc005943935aaf2529116361f9286b14a328ac87e97f	833	construction_large_run1/source0068/stdout.txt
e3b0c44298fc1c149afbf4c8996fb92427ae41e4649b934ca495991b7852b855	0	construction_large_run1/source0069/driver_stderr.txt
2759fc9075d96bb182bd6a74c7828111c19a9bbe7501ec3e77e60057c5c12625	275	construction_large_run1/source0069/driver_stdout.txt
4e97c67f96d8c2adc12280a539ec086853e57a777784bc65eb39bedbe50feb87	3404	construction_large_run1/source0069/executed_driver_v1.txt
56505760fb53694f650e051997608546331ebd828867a833f14433814653c519	588	construction_large_run1/source0069/executed_inputs.gp
a60949f711c036af960dfa8839a6a794d1133faa3a022fbcb0fadeccc08741e2	6818	construction_large_run1/source0069/executed_script.gp
56505760fb53694f650e051997608546331ebd828867a833f14433814653c519	588	construction_large_run1/source0069/input.gp
f11190c060718f952f451c8b638b23aa987617534c124449c06ea9247887c555	303	construction_large_run1/source0069/receipt.json
8887a3a7185f9c7d937f274f83c560b85a44170f270e6806fa38261af456ea47	934	construction_large_run1/source0069/source_freeze.json
e3b0c44298fc1c149afbf4c8996fb92427ae41e4649b934ca495991b7852b855	0	construction_large_run1/source0069/stderr.txt
54530aa57003ec7b54506c3872d75183841213f1a826570e24066693158643ac	856	construction_large_run1/source0069/stdout.txt
e3b0c44298fc1c149afbf4c8996fb92427ae41e4649b934ca495991b7852b855	0	construction_large_run1/source0070/driver_stderr.txt
6e735179bf27f6b335e2e51ef61b1f1e73b4219290c6df973ab58a4a6221ae3b	275	construction_large_run1/source0070/driver_stdout.txt
4e97c67f96d8c2adc12280a539ec086853e57a777784bc65eb39bedbe50feb87	3404	construction_large_run1/source0070/executed_driver_v1.txt
8efdffa5904308da12fb6fd58cb8b63679159602e841f26e89b7d51efe0cd26e	585	construction_large_run1/source0070/executed_inputs.gp
a60949f711c036af960dfa8839a6a794d1133faa3a022fbcb0fadeccc08741e2	6818	construction_large_run1/source0070/executed_script.gp
8efdffa5904308da12fb6fd58cb8b63679159602e841f26e89b7d51efe0cd26e	585	construction_large_run1/source0070/input.gp
c7436db4caca408e97fb999aaee249a4a91d1ec1a91d37142e6cda096cff5af1	303	construction_large_run1/source0070/receipt.json
485f99860f9f39777ee361257b02f58e5b2aba122fa4f792616ff35aa9bf5b62	934	construction_large_run1/source0070/source_freeze.json
e3b0c44298fc1c149afbf4c8996fb92427ae41e4649b934ca495991b7852b855	0	construction_large_run1/source0070/stderr.txt
1b1d3b51aad57f7b7072a0cab4b91bc3cc08673df27ceaee965262383bc29e11	857	construction_large_run1/source0070/stdout.txt
e3b0c44298fc1c149afbf4c8996fb92427ae41e4649b934ca495991b7852b855	0	construction_large_run1/source0071/driver_stderr.txt
32497b006243a8924eca7d926649dd1631012a2ff8cdf0967665ac5cc92f0ac1	275	construction_large_run1/source0071/driver_stdout.txt
4e97c67f96d8c2adc12280a539ec086853e57a777784bc65eb39bedbe50feb87	3404	construction_large_run1/source0071/executed_driver_v1.txt
d83f09d5ac086550145d4e6d63207afd0c7305cc4cd12c32765750a6178aea24	591	construction_large_run1/source0071/executed_inputs.gp
a60949f711c036af960dfa8839a6a794d1133faa3a022fbcb0fadeccc08741e2	6818	construction_large_run1/source0071/executed_script.gp
d83f09d5ac086550145d4e6d63207afd0c7305cc4cd12c32765750a6178aea24	591	construction_large_run1/source0071/input.gp
51239990144081b74f3655c55057bf943da32b92289fa9dfd5be5d12e595f3a6	303	construction_large_run1/source0071/receipt.json
94d80ff35d3775cf1f72b410f329ffcf1288bbd0feaeb020d9fe005b80357919	934	construction_large_run1/source0071/source_freeze.json
e3b0c44298fc1c149afbf4c8996fb92427ae41e4649b934ca495991b7852b855	0	construction_large_run1/source0071/stderr.txt
01ddf7286805971f0e99ab924d831503848269c4fc56e4c82e1fb11788921639	857	construction_large_run1/source0071/stdout.txt
e3b0c44298fc1c149afbf4c8996fb92427ae41e4649b934ca495991b7852b855	0	construction_large_run1/source0072/driver_stderr.txt
e0be351977aeb4336090edae7bdab193f6818f54e084162e8a1b4b4b89664495	275	construction_large_run1/source0072/driver_stdout.txt
4e97c67f96d8c2adc12280a539ec086853e57a777784bc65eb39bedbe50feb87	3404	construction_large_run1/source0072/executed_driver_v1.txt
e5c5b4a57e3106da6090920399112c871168f78281db786f327c08f1ff3f9ec8	586	construction_large_run1/source0072/executed_inputs.gp
a60949f711c036af960dfa8839a6a794d1133faa3a022fbcb0fadeccc08741e2	6818	construction_large_run1/source0072/executed_script.gp
e5c5b4a57e3106da6090920399112c871168f78281db786f327c08f1ff3f9ec8	586	construction_large_run1/source0072/input.gp
d4c137a39a365d82aa9ac1e779dcd2a99a0ec6ba4adb8f2343951289a3aa3f4d	303	construction_large_run1/source0072/receipt.json
29c34539c94132fbb4c8053177e44d63a5b6c12de4e2ca2f3f8b6b774a93d058	934	construction_large_run1/source0072/source_freeze.json
e3b0c44298fc1c149afbf4c8996fb92427ae41e4649b934ca495991b7852b855	0	construction_large_run1/source0072/stderr.txt
ce251e4a6d744ddb6b7bbaf7a4038ead16b5a6b13727cdd54f0443e7926fc29f	853	construction_large_run1/source0072/stdout.txt
e3b0c44298fc1c149afbf4c8996fb92427ae41e4649b934ca495991b7852b855	0	construction_large_run1/source0073/driver_stderr.txt
cc1f8f0f2adfe3e0b38596408436853eafdb8c897f540a078ae512f71292bfe9	276	construction_large_run1/source0073/driver_stdout.txt
4e97c67f96d8c2adc12280a539ec086853e57a777784bc65eb39bedbe50feb87	3404	construction_large_run1/source0073/executed_driver_v1.txt
7f673ee5a690044082aa02fd356d95567924d3e67b460784c13017f6d68ff8c4	587	construction_large_run1/source0073/executed_inputs.gp
a60949f711c036af960dfa8839a6a794d1133faa3a022fbcb0fadeccc08741e2	6818	construction_large_run1/source0073/executed_script.gp
7f673ee5a690044082aa02fd356d95567924d3e67b460784c13017f6d68ff8c4	587	construction_large_run1/source0073/input.gp
536856fdb8efe20a9a706b11731a43f96e107e30f937cd9a5129cbce23f15cc6	304	construction_large_run1/source0073/receipt.json
3c0ad38cd9c5da4fa7eec5a8460d94ea560aa1426c9a52b29dcad5e5152d48d6	934	construction_large_run1/source0073/source_freeze.json
e3b0c44298fc1c149afbf4c8996fb92427ae41e4649b934ca495991b7852b855	0	construction_large_run1/source0073/stderr.txt
1744dd9fe47428599bcb1261372393788488e9efc9ce1a1c6e7c807e45a9547c	840	construction_large_run1/source0073/stdout.txt
e3b0c44298fc1c149afbf4c8996fb92427ae41e4649b934ca495991b7852b855	0	construction_large_run1/source0074/driver_stderr.txt
736f0cef2215b3ad38d640379bb00ac3ca4d9303bb669dbb12d6aa3b2cc81728	275	construction_large_run1/source0074/driver_stdout.txt
4e97c67f96d8c2adc12280a539ec086853e57a777784bc65eb39bedbe50feb87	3404	construction_large_run1/source0074/executed_driver_v1.txt
6da8b88b7deb629f5e2c0541924cb6cc8ca9aa4351459d5099f16fd4baac651f	585	construction_large_run1/source0074/executed_inputs.gp
a60949f711c036af960dfa8839a6a794d1133faa3a022fbcb0fadeccc08741e2	6818	construction_large_run1/source0074/executed_script.gp
6da8b88b7deb629f5e2c0541924cb6cc8ca9aa4351459d5099f16fd4baac651f	585	construction_large_run1/source0074/input.gp
0a02c849885958c934c53dd0ef7be6ee644170db612d83696cc829d652a9d9fb	303	construction_large_run1/source0074/receipt.json
860007026a294963975bb6c7e25c385d7fbe9287afd74b8e26802556003678ab	934	construction_large_run1/source0074/source_freeze.json
e3b0c44298fc1c149afbf4c8996fb92427ae41e4649b934ca495991b7852b855	0	construction_large_run1/source0074/stderr.txt
601562289fd552d3f9049619e7323d6547e6b875beb5a0222b47c04afb6b77f4	852	construction_large_run1/source0074/stdout.txt
e3b0c44298fc1c149afbf4c8996fb92427ae41e4649b934ca495991b7852b855	0	construction_large_run1/source0075/driver_stderr.txt
79888d2e3332b1a8f476088e46f395a819978dfbff3823799c6cebfcc3b73444	275	construction_large_run1/source0075/driver_stdout.txt
4e97c67f96d8c2adc12280a539ec086853e57a777784bc65eb39bedbe50feb87	3404	construction_large_run1/source0075/executed_driver_v1.txt
8457c1701cf74e3a0218f8d612a3e17221e634dae2d0fe357aeb8604f551cf88	589	construction_large_run1/source0075/executed_inputs.gp
a60949f711c036af960dfa8839a6a794d1133faa3a022fbcb0fadeccc08741e2	6818	construction_large_run1/source0075/executed_script.gp
8457c1701cf74e3a0218f8d612a3e17221e634dae2d0fe357aeb8604f551cf88	589	construction_large_run1/source0075/input.gp
6714f8382d9eab1e4ad4c94c689bc7730cad7bf6d13574dbb826cf88901de057	303	construction_large_run1/source0075/receipt.json
bc0fdffdfe6d6d5f18afeb536eb7c94f10a3b6ae514beaba115c00bac0d7dc91	934	construction_large_run1/source0075/source_freeze.json
e3b0c44298fc1c149afbf4c8996fb92427ae41e4649b934ca495991b7852b855	0	construction_large_run1/source0075/stderr.txt
382a73c08de5b347454b079e68eb6af5fc2c05a64d437c37589df8ec88131a41	856	construction_large_run1/source0075/stdout.txt
e3b0c44298fc1c149afbf4c8996fb92427ae41e4649b934ca495991b7852b855	0	construction_large_run1/source0076/driver_stderr.txt
094e353ee8307d7645fe601ef29beffab0f7f3ef0cfb02d18070dbc48cb9cc93	275	construction_large_run1/source0076/driver_stdout.txt
4e97c67f96d8c2adc12280a539ec086853e57a777784bc65eb39bedbe50feb87	3404	construction_large_run1/source0076/executed_driver_v1.txt
083dcf2b4a8af72f426645b6dddbfb1672e575cf32794a602b834cd2811b79ff	590	construction_large_run1/source0076/executed_inputs.gp
a60949f711c036af960dfa8839a6a794d1133faa3a022fbcb0fadeccc08741e2	6818	construction_large_run1/source0076/executed_script.gp
083dcf2b4a8af72f426645b6dddbfb1672e575cf32794a602b834cd2811b79ff	590	construction_large_run1/source0076/input.gp
483f6cd806b29caf7fa035f9512c7d402c8aae896d4037b57a5ce9242e59bfe9	303	construction_large_run1/source0076/receipt.json
a95c2532c733338dad64c4b1b2cca4e38ba36a9597b4c379e0458cf847bb5d1c	934	construction_large_run1/source0076/source_freeze.json
e3b0c44298fc1c149afbf4c8996fb92427ae41e4649b934ca495991b7852b855	0	construction_large_run1/source0076/stderr.txt
89cbc897c3fd782e66e9f0762ed5f7253ab60025aa2ccfe1fc3bbac1de7e1d5c	856	construction_large_run1/source0076/stdout.txt
e3b0c44298fc1c149afbf4c8996fb92427ae41e4649b934ca495991b7852b855	0	construction_large_run1/source0077/driver_stderr.txt
5d808aaf4a1110a7275bca6b55f9b7a209314de7630f322a3725f5fd26e44862	276	construction_large_run1/source0077/driver_stdout.txt
4e97c67f96d8c2adc12280a539ec086853e57a777784bc65eb39bedbe50feb87	3404	construction_large_run1/source0077/executed_driver_v1.txt
66a2643c723fcc32fde6943a4c6ec128c759668e02052b08b4b76dd4c9aa383c	587	construction_large_run1/source0077/executed_inputs.gp
a60949f711c036af960dfa8839a6a794d1133faa3a022fbcb0fadeccc08741e2	6818	construction_large_run1/source0077/executed_script.gp
66a2643c723fcc32fde6943a4c6ec128c759668e02052b08b4b76dd4c9aa383c	587	construction_large_run1/source0077/input.gp
0df239d02df38651e53090df32143a42e3adeee384d12afd14faa134386856fb	304	construction_large_run1/source0077/receipt.json
d27ad3838c896839b1922105e1b1665a277210e96aac43307ec30dcfbf55f61d	934	construction_large_run1/source0077/source_freeze.json
e3b0c44298fc1c149afbf4c8996fb92427ae41e4649b934ca495991b7852b855	0	construction_large_run1/source0077/stderr.txt
68c0677cb5f0472b8911506b594412c0f373bb379b712e8219d494f2b27c73e2	843	construction_large_run1/source0077/stdout.txt
e3b0c44298fc1c149afbf4c8996fb92427ae41e4649b934ca495991b7852b855	0	construction_large_run1/source0078/driver_stderr.txt
794953273def26e56250c40bd20251b701d3bb3b45d53a95af1c0ab9e56f918d	276	construction_large_run1/source0078/driver_stdout.txt
4e97c67f96d8c2adc12280a539ec086853e57a777784bc65eb39bedbe50feb87	3404	construction_large_run1/source0078/executed_driver_v1.txt
e495bcfe8784ba08a1896ad57be04a72a6741fe7a682e0898650be601d5c7a15	590	construction_large_run1/source0078/executed_inputs.gp
a60949f711c036af960dfa8839a6a794d1133faa3a022fbcb0fadeccc08741e2	6818	construction_large_run1/source0078/executed_script.gp
e495bcfe8784ba08a1896ad57be04a72a6741fe7a682e0898650be601d5c7a15	590	construction_large_run1/source0078/input.gp
a7ebc03d9353a356d87e1d4b210dfb6c4a315f194901f1034995b3bacacb6557	304	construction_large_run1/source0078/receipt.json
1546ac2228163cbd3414c9fac0448372c308c6388369aa65dc18ce2401ea97a1	934	construction_large_run1/source0078/source_freeze.json
e3b0c44298fc1c149afbf4c8996fb92427ae41e4649b934ca495991b7852b855	0	construction_large_run1/source0078/stderr.txt
5bf887da312e40105775709407f907df789ba9ca413dc1ffe945415fb9102581	841	construction_large_run1/source0078/stdout.txt
e3b0c44298fc1c149afbf4c8996fb92427ae41e4649b934ca495991b7852b855	0	construction_large_run1/source0079/driver_stderr.txt
bd0edf0e0b3c06b3cb1271a886a99c1db4b70808370289a4ddecaab7ba49a671	275	construction_large_run1/source0079/driver_stdout.txt
4e97c67f96d8c2adc12280a539ec086853e57a777784bc65eb39bedbe50feb87	3404	construction_large_run1/source0079/executed_driver_v1.txt
e55d01ded96b6dda5dd559240ee95ce99d7cd5d32a076c3f45246b6f0c852c0c	588	construction_large_run1/source0079/executed_inputs.gp
a60949f711c036af960dfa8839a6a794d1133faa3a022fbcb0fadeccc08741e2	6818	construction_large_run1/source0079/executed_script.gp
e55d01ded96b6dda5dd559240ee95ce99d7cd5d32a076c3f45246b6f0c852c0c	588	construction_large_run1/source0079/input.gp
2781a4ccac20a16eef47cbd5d1d1ad5ceea34c2c7792e88d9b1b11e32b4a4efb	303	construction_large_run1/source0079/receipt.json
d5e59055a1e8b4f91dfd6f258eeeefeb4afc35f0013f286cb8b8587502b79056	934	construction_large_run1/source0079/source_freeze.json
e3b0c44298fc1c149afbf4c8996fb92427ae41e4649b934ca495991b7852b855	0	construction_large_run1/source0079/stderr.txt
f94c391927fde0f2757799b60fd3245912cd3aa534e7605a96f7d4ec26642777	854	construction_large_run1/source0079/stdout.txt
e3b0c44298fc1c149afbf4c8996fb92427ae41e4649b934ca495991b7852b855	0	construction_large_run1/source0080/driver_stderr.txt
2e01c957a0459d35dfd48a1e61168679fe440885890f18d56b15e0f4d0b1c99a	275	construction_large_run1/source0080/driver_stdout.txt
4e97c67f96d8c2adc12280a539ec086853e57a777784bc65eb39bedbe50feb87	3404	construction_large_run1/source0080/executed_driver_v1.txt
099f3d4868bc5e1d2b89bc723d42bdb346601809c68000fab275527cffc86a3f	588	construction_large_run1/source0080/executed_inputs.gp
a60949f711c036af960dfa8839a6a794d1133faa3a022fbcb0fadeccc08741e2	6818	construction_large_run1/source0080/executed_script.gp
099f3d4868bc5e1d2b89bc723d42bdb346601809c68000fab275527cffc86a3f	588	construction_large_run1/source0080/input.gp
cb84fc026438577522861ea26f25f827969cf1d5666e93db31659548bde7b932	303	construction_large_run1/source0080/receipt.json
84c28fc38acd01e2038e6abcb89ab04d00a987f94ea45dd868ccf45d0c07c45b	934	construction_large_run1/source0080/source_freeze.json
e3b0c44298fc1c149afbf4c8996fb92427ae41e4649b934ca495991b7852b855	0	construction_large_run1/source0080/stderr.txt
f34605ef1dab20f2a31543f5fc798519732a7ad4ad1286f7bc1fa8d928e2cf3c	839	construction_large_run1/source0080/stdout.txt
e3b0c44298fc1c149afbf4c8996fb92427ae41e4649b934ca495991b7852b855	0	construction_large_run1/source0081/driver_stderr.txt
69f7c8fe546b845e1030d9f28ede81c977e143b64c7af1ad2c767a4930e39eb2	275	construction_large_run1/source0081/driver_stdout.txt
4e97c67f96d8c2adc12280a539ec086853e57a777784bc65eb39bedbe50feb87	3404	construction_large_run1/source0081/executed_driver_v1.txt
4911a0df0420b434c23049197299f3d251b79ff5bc0da0d16cf6a84e532f4939	587	construction_large_run1/source0081/executed_inputs.gp
a60949f711c036af960dfa8839a6a794d1133faa3a022fbcb0fadeccc08741e2	6818	construction_large_run1/source0081/executed_script.gp
4911a0df0420b434c23049197299f3d251b79ff5bc0da0d16cf6a84e532f4939	587	construction_large_run1/source0081/input.gp
9c3184cac53bdfc47b0ad18f805f0f1ab9d15a375b63343e655c0409bcbef094	303	construction_large_run1/source0081/receipt.json
89ee1ea419de1891f29a3cf2057273dbda7c8dca680bb812759fa84d1517adbe	934	construction_large_run1/source0081/source_freeze.json
e3b0c44298fc1c149afbf4c8996fb92427ae41e4649b934ca495991b7852b855	0	construction_large_run1/source0081/stderr.txt
1b304b121d949d3c4d21898cf0b17726d112d047e2c8ae88361c9769c8b6a870	847	construction_large_run1/source0081/stdout.txt
e3b0c44298fc1c149afbf4c8996fb92427ae41e4649b934ca495991b7852b855	0	construction_large_run1/source0082/driver_stderr.txt
74a7b10f12609640f9f38d2bf783b051de34cde42e3f96e14b931746eb06df08	276	construction_large_run1/source0082/driver_stdout.txt
4e97c67f96d8c2adc12280a539ec086853e57a777784bc65eb39bedbe50feb87	3404	construction_large_run1/source0082/executed_driver_v1.txt
5973cac883e51399c425f848f10221f5c22e9e63f38d418fcd3749b066a0fdb8	587	construction_large_run1/source0082/executed_inputs.gp
a60949f711c036af960dfa8839a6a794d1133faa3a022fbcb0fadeccc08741e2	6818	construction_large_run1/source0082/executed_script.gp
5973cac883e51399c425f848f10221f5c22e9e63f38d418fcd3749b066a0fdb8	587	construction_large_run1/source0082/input.gp
62b2f9c0faeba185c727f392948e71d958122b4c1ecf7ac2bf1e32a05f75e3b1	304	construction_large_run1/source0082/receipt.json
97a54a5bfb0795f0ef28c02e885bdab2091741dcf7cdd96f9d6c42423074b020	934	construction_large_run1/source0082/source_freeze.json
e3b0c44298fc1c149afbf4c8996fb92427ae41e4649b934ca495991b7852b855	0	construction_large_run1/source0082/stderr.txt
5c8e1ce94b134e106eafa05fa5b35e7ff2234c1bb6de50e25e548499c096184d	837	construction_large_run1/source0082/stdout.txt
e3b0c44298fc1c149afbf4c8996fb92427ae41e4649b934ca495991b7852b855	0	construction_large_run1/source0083/driver_stderr.txt
acf857ce6fc7a8d4a48055253e39cd3714d123f987c08a00a43424bf49aa8717	275	construction_large_run1/source0083/driver_stdout.txt
4e97c67f96d8c2adc12280a539ec086853e57a777784bc65eb39bedbe50feb87	3404	construction_large_run1/source0083/executed_driver_v1.txt
ff021d26beeb1fb2d301279d9ae0ae94a467df0a315760e01213a993838914c5	588	construction_large_run1/source0083/executed_inputs.gp
a60949f711c036af960dfa8839a6a794d1133faa3a022fbcb0fadeccc08741e2	6818	construction_large_run1/source0083/executed_script.gp
ff021d26beeb1fb2d301279d9ae0ae94a467df0a315760e01213a993838914c5	588	construction_large_run1/source0083/input.gp
b0498ba492829e7867abe20029829be483e396729d3ce64ea716b9e58cf23f97	303	construction_large_run1/source0083/receipt.json
d1bcfaa4166e83f05097d1f0061c655de2453bc340f84659af3cfd65dc925eea	934	construction_large_run1/source0083/source_freeze.json
e3b0c44298fc1c149afbf4c8996fb92427ae41e4649b934ca495991b7852b855	0	construction_large_run1/source0083/stderr.txt
50d85d0b42d6f580f7076ed479c1c7d88c694c7591c065c66311a5bf160bb122	853	construction_large_run1/source0083/stdout.txt
e3b0c44298fc1c149afbf4c8996fb92427ae41e4649b934ca495991b7852b855	0	construction_large_run1/source0084/driver_stderr.txt
dd27386df1bc294ea80da428446afdd7294576ec02093798d844e44dd60ba3ea	275	construction_large_run1/source0084/driver_stdout.txt
4e97c67f96d8c2adc12280a539ec086853e57a777784bc65eb39bedbe50feb87	3404	construction_large_run1/source0084/executed_driver_v1.txt
465fab883e4f00bffbc2988d84b39a785a62ae9cb84eba827c2da3bb6e356925	587	construction_large_run1/source0084/executed_inputs.gp
a60949f711c036af960dfa8839a6a794d1133faa3a022fbcb0fadeccc08741e2	6818	construction_large_run1/source0084/executed_script.gp
465fab883e4f00bffbc2988d84b39a785a62ae9cb84eba827c2da3bb6e356925	587	construction_large_run1/source0084/input.gp
328d1053add42d687bc4c3f95f1fadc04725ca4a0ba0adb3960306088e75f2c2	303	construction_large_run1/source0084/receipt.json
c7661098570fd8fa8d7ac3fb18f814c37fcc95a748fe41499963307bd262df92	934	construction_large_run1/source0084/source_freeze.json
e3b0c44298fc1c149afbf4c8996fb92427ae41e4649b934ca495991b7852b855	0	construction_large_run1/source0084/stderr.txt
ed2f138085695ac756da076d278785a467d1b785df9246d2f29a1c54f3355ae1	840	construction_large_run1/source0084/stdout.txt
e3b0c44298fc1c149afbf4c8996fb92427ae41e4649b934ca495991b7852b855	0	construction_large_run1/source0085/driver_stderr.txt
8b5b85cff6594471d23897e5fbf5b5347b90426129b8b65bee4952adc5c0058b	275	construction_large_run1/source0085/driver_stdout.txt
4e97c67f96d8c2adc12280a539ec086853e57a777784bc65eb39bedbe50feb87	3404	construction_large_run1/source0085/executed_driver_v1.txt
46ecf6d22a70ddcab9ae6f2c534a3f7a6a71805fbbb13df2e9e29a355a4242ea	586	construction_large_run1/source0085/executed_inputs.gp
a60949f711c036af960dfa8839a6a794d1133faa3a022fbcb0fadeccc08741e2	6818	construction_large_run1/source0085/executed_script.gp
46ecf6d22a70ddcab9ae6f2c534a3f7a6a71805fbbb13df2e9e29a355a4242ea	586	construction_large_run1/source0085/input.gp
c51b4cd7a375e7dcecb68f1e300da72c5d193722860fed7a7b3f710857386da3	303	construction_large_run1/source0085/receipt.json
0852d92f90b3885821d4cd767b1a07baaea14ad7d8be8e65d47938a2002432b3	934	construction_large_run1/source0085/source_freeze.json
e3b0c44298fc1c149afbf4c8996fb92427ae41e4649b934ca495991b7852b855	0	construction_large_run1/source0085/stderr.txt
3ba367c6fdd0f5f0fdb18e03f9f4036e6a2c245cb8beec6270827238770e850c	851	construction_large_run1/source0085/stdout.txt
e3b0c44298fc1c149afbf4c8996fb92427ae41e4649b934ca495991b7852b855	0	construction_large_run1/source0086/driver_stderr.txt
5023ff589127702d78777b86982949705ce92676d3729ed9b2b8dc27e32af673	275	construction_large_run1/source0086/driver_stdout.txt
4e97c67f96d8c2adc12280a539ec086853e57a777784bc65eb39bedbe50feb87	3404	construction_large_run1/source0086/executed_driver_v1.txt
4fdf09e36b0d0f268c5012ff85b6543202714d4ed5356b9df64bf336132e4864	585	construction_large_run1/source0086/executed_inputs.gp
a60949f711c036af960dfa8839a6a794d1133faa3a022fbcb0fadeccc08741e2	6818	construction_large_run1/source0086/executed_script.gp
4fdf09e36b0d0f268c5012ff85b6543202714d4ed5356b9df64bf336132e4864	585	construction_large_run1/source0086/input.gp
860d251632181039dffbd6c1a55204a8503746a886518fae1829805ffbe34ff2	303	construction_large_run1/source0086/receipt.json
6b7a9f9c358954fbec0c5cbf175addb54fbd79be116abac0114731593c3a8f3b	934	construction_large_run1/source0086/source_freeze.json
e3b0c44298fc1c149afbf4c8996fb92427ae41e4649b934ca495991b7852b855	0	construction_large_run1/source0086/stderr.txt
55f0de33c8468cb9c3bb2c467d457d41b964d381a0639cb2b7f848806c60c997	847	construction_large_run1/source0086/stdout.txt
e3b0c44298fc1c149afbf4c8996fb92427ae41e4649b934ca495991b7852b855	0	construction_large_run1/source0087/driver_stderr.txt
5b6749108f20de1d174e380ab9f0893f167a3865cd83bcc852bd2d75bc5c1449	275	construction_large_run1/source0087/driver_stdout.txt
4e97c67f96d8c2adc12280a539ec086853e57a777784bc65eb39bedbe50feb87	3404	construction_large_run1/source0087/executed_driver_v1.txt
9d76cee424117519c7c0412103a307fb1154326f1e80025445aaf74fd92cdd46	586	construction_large_run1/source0087/executed_inputs.gp
a60949f711c036af960dfa8839a6a794d1133faa3a022fbcb0fadeccc08741e2	6818	construction_large_run1/source0087/executed_script.gp
9d76cee424117519c7c0412103a307fb1154326f1e80025445aaf74fd92cdd46	586	construction_large_run1/source0087/input.gp
c2d59d0665da77956fe9aff5b109b4870497d48fcb0bbd3c9b7268e4167eebfe	303	construction_large_run1/source0087/receipt.json
768558c7469248a7b6860962bae6f108b89ea2917ec027b7ca0de59fcf93ed69	934	construction_large_run1/source0087/source_freeze.json
e3b0c44298fc1c149afbf4c8996fb92427ae41e4649b934ca495991b7852b855	0	construction_large_run1/source0087/stderr.txt
726c8ad49de01ad2b224049cc9de802d5f6815791494fa002c5d1e9f9bdd165f	840	construction_large_run1/source0087/stdout.txt
e3b0c44298fc1c149afbf4c8996fb92427ae41e4649b934ca495991b7852b855	0	construction_large_run1/source0088/driver_stderr.txt
9351156f90d4988467ce1af7cb98b418ece1e3cc0317fcd0bb57ceb8c0100f4e	275	construction_large_run1/source0088/driver_stdout.txt
4e97c67f96d8c2adc12280a539ec086853e57a777784bc65eb39bedbe50feb87	3404	construction_large_run1/source0088/executed_driver_v1.txt
64bf76da9c65d6028bb1424ca8ed94f7503362b7a2add71b16801835ce7b851e	588	construction_large_run1/source0088/executed_inputs.gp
a60949f711c036af960dfa8839a6a794d1133faa3a022fbcb0fadeccc08741e2	6818	construction_large_run1/source0088/executed_script.gp
64bf76da9c65d6028bb1424ca8ed94f7503362b7a2add71b16801835ce7b851e	588	construction_large_run1/source0088/input.gp
e6b5196197dac67c5ede4f0ca2c679e02df3099325ead6998f8f54a1ecf98b5e	303	construction_large_run1/source0088/receipt.json
9f868003aaee2022d76d19ff088d5071530c33e9bb226c74c9dae8de58487cb1	934	construction_large_run1/source0088/source_freeze.json
e3b0c44298fc1c149afbf4c8996fb92427ae41e4649b934ca495991b7852b855	0	construction_large_run1/source0088/stderr.txt
62946f822ea6a7d54a18131b1c9034fd521d5e842751ea48f570094b71ddece7	854	construction_large_run1/source0088/stdout.txt
e3b0c44298fc1c149afbf4c8996fb92427ae41e4649b934ca495991b7852b855	0	construction_large_run1/source0089/driver_stderr.txt
0661a26576e377478311878dc6220de2d82f692260ffaacadb4d592bd77eb422	275	construction_large_run1/source0089/driver_stdout.txt
4e97c67f96d8c2adc12280a539ec086853e57a777784bc65eb39bedbe50feb87	3404	construction_large_run1/source0089/executed_driver_v1.txt
4806eb53089ff26c9822d2a7c0896d37ddeba97e8cbd1aa883ee20f229a17f16	591	construction_large_run1/source0089/executed_inputs.gp
a60949f711c036af960dfa8839a6a794d1133faa3a022fbcb0fadeccc08741e2	6818	construction_large_run1/source0089/executed_script.gp
4806eb53089ff26c9822d2a7c0896d37ddeba97e8cbd1aa883ee20f229a17f16	591	construction_large_run1/source0089/input.gp
1d382139e525793c583072e800b6a1dd1716a98a88279596a1182da7f8b090f0	303	construction_large_run1/source0089/receipt.json
cfe735d7b90bb1a859bbf0b6d38f520efa8717f202562e42c171987399a09090	934	construction_large_run1/source0089/source_freeze.json
e3b0c44298fc1c149afbf4c8996fb92427ae41e4649b934ca495991b7852b855	0	construction_large_run1/source0089/stderr.txt
e011ce85b3d09a95045bb29b13aba8092c6f7210ff550fc294aac0ae045bb68b	858	construction_large_run1/source0089/stdout.txt
e3b0c44298fc1c149afbf4c8996fb92427ae41e4649b934ca495991b7852b855	0	construction_large_run1/source0090/driver_stderr.txt
9c86d444aa278a8de6a8f62780f31e1b79dee73470c9f36209fb7aa2e87e04da	275	construction_large_run1/source0090/driver_stdout.txt
4e97c67f96d8c2adc12280a539ec086853e57a777784bc65eb39bedbe50feb87	3404	construction_large_run1/source0090/executed_driver_v1.txt
3976997527b64ef1c1506b9a5dec0c92b847e6d1f93da777f7c5cd5df0d5ed03	589	construction_large_run1/source0090/executed_inputs.gp
a60949f711c036af960dfa8839a6a794d1133faa3a022fbcb0fadeccc08741e2	6818	construction_large_run1/source0090/executed_script.gp
3976997527b64ef1c1506b9a5dec0c92b847e6d1f93da777f7c5cd5df0d5ed03	589	construction_large_run1/source0090/input.gp
7c15058dcc8919e0145b28f0c4c344067f39c6218cc2b8dd31e24aeb0e2f3f52	303	construction_large_run1/source0090/receipt.json
7c3c58c6fca36b55269505b9986b295b16efa73921009a201775f277235860b0	934	construction_large_run1/source0090/source_freeze.json
e3b0c44298fc1c149afbf4c8996fb92427ae41e4649b934ca495991b7852b855	0	construction_large_run1/source0090/stderr.txt
d30662158de4ec0e4aeb8903e34d15a1948394f3cee9dc925660e0a89d949517	842	construction_large_run1/source0090/stdout.txt
e3b0c44298fc1c149afbf4c8996fb92427ae41e4649b934ca495991b7852b855	0	construction_large_run1/source0091/driver_stderr.txt
a79c3065ff8c88dea63122bc95e2c260f76252e0272c0a07a5acff95690124a0	275	construction_large_run1/source0091/driver_stdout.txt
4e97c67f96d8c2adc12280a539ec086853e57a777784bc65eb39bedbe50feb87	3404	construction_large_run1/source0091/executed_driver_v1.txt
089d72e2e3bcf613a3290e4607d2742bfcc8a35f826a9f4c56d61f08fe31c911	588	construction_large_run1/source0091/executed_inputs.gp
a60949f711c036af960dfa8839a6a794d1133faa3a022fbcb0fadeccc08741e2	6818	construction_large_run1/source0091/executed_script.gp
089d72e2e3bcf613a3290e4607d2742bfcc8a35f826a9f4c56d61f08fe31c911	588	construction_large_run1/source0091/input.gp
35e4ce0f0f8e65c17ff05d50d21775c8dfd816001f5261f9a3d78684518af070	303	construction_large_run1/source0091/receipt.json
fd9c0c0dde75c58e3d73f4a5ecd2989e139c601735bd2070d6b4fa05191fd026	934	construction_large_run1/source0091/source_freeze.json
e3b0c44298fc1c149afbf4c8996fb92427ae41e4649b934ca495991b7852b855	0	construction_large_run1/source0091/stderr.txt
0fa15b9efe75bfdf99f8ba3fc5fd4b8621dee2be6c6e052f13bd73e31d9ea9d5	857	construction_large_run1/source0091/stdout.txt
e3b0c44298fc1c149afbf4c8996fb92427ae41e4649b934ca495991b7852b855	0	construction_large_run1/source0092/driver_stderr.txt
fb6b2310577b902e7144d9f4e348cdb41117b9d9694bf12a765138c98f0ce743	275	construction_large_run1/source0092/driver_stdout.txt
4e97c67f96d8c2adc12280a539ec086853e57a777784bc65eb39bedbe50feb87	3404	construction_large_run1/source0092/executed_driver_v1.txt
e1c806dea40f7adc597720a98eb5c63965880817e47368cacdf056b7d48b0060	592	construction_large_run1/source0092/executed_inputs.gp
a60949f711c036af960dfa8839a6a794d1133faa3a022fbcb0fadeccc08741e2	6818	construction_large_run1/source0092/executed_script.gp
e1c806dea40f7adc597720a98eb5c63965880817e47368cacdf056b7d48b0060	592	construction_large_run1/source0092/input.gp
6cc315f6b16b3eb39059ad4bde46d23ef223bfb4f95a476cb2d4be49dffbd0c9	303	construction_large_run1/source0092/receipt.json
42dd3e092254340f6a6bebabf66751a210651ae934c172a421b68c76cd9e34ef	934	construction_large_run1/source0092/source_freeze.json
e3b0c44298fc1c149afbf4c8996fb92427ae41e4649b934ca495991b7852b855	0	construction_large_run1/source0092/stderr.txt
8d85aa623bc46e9af03df97995fa74e12764028a4c5fbf71a8747a020d21fa49	853	construction_large_run1/source0092/stdout.txt
e3b0c44298fc1c149afbf4c8996fb92427ae41e4649b934ca495991b7852b855	0	construction_large_run1/source0093/driver_stderr.txt
f42f90165a04de697480c1d7f4396b9d8235f14dc4fa2c588f01010b0aec7fb7	275	construction_large_run1/source0093/driver_stdout.txt
4e97c67f96d8c2adc12280a539ec086853e57a777784bc65eb39bedbe50feb87	3404	construction_large_run1/source0093/executed_driver_v1.txt
ee37373d7d680674bab634ac6e36852f327aaba91571d3a702c9a00c4a824a84	585	construction_large_run1/source0093/executed_inputs.gp
a60949f711c036af960dfa8839a6a794d1133faa3a022fbcb0fadeccc08741e2	6818	construction_large_run1/source0093/executed_script.gp
ee37373d7d680674bab634ac6e36852f327aaba91571d3a702c9a00c4a824a84	585	construction_large_run1/source0093/input.gp
6d297660982e2e769d77362565cf89a0f87c230aec8ea7b9d46f52b4d8dcb4e8	303	construction_large_run1/source0093/receipt.json
bde8c926eab365c7b5a886023bf8ca622ff246181b4ff96de29513c1422690ba	934	construction_large_run1/source0093/source_freeze.json
e3b0c44298fc1c149afbf4c8996fb92427ae41e4649b934ca495991b7852b855	0	construction_large_run1/source0093/stderr.txt
b1d7bb598fc2d8e2245d707cb5145a2e1914f6bd7a8090173c4af992870bb437	842	construction_large_run1/source0093/stdout.txt
e3b0c44298fc1c149afbf4c8996fb92427ae41e4649b934ca495991b7852b855	0	construction_large_run1/source0094/driver_stderr.txt
9cba08fdf8b5cd546ee6eb29a4b2b74e25078c4c4c9068119da7899554b6508d	275	construction_large_run1/source0094/driver_stdout.txt
4e97c67f96d8c2adc12280a539ec086853e57a777784bc65eb39bedbe50feb87	3404	construction_large_run1/source0094/executed_driver_v1.txt
74601b9ea95679f0cf1a86b4ce64956ebd411b0615e8cef6a746ff310d83a612	586	construction_large_run1/source0094/executed_inputs.gp
a60949f711c036af960dfa8839a6a794d1133faa3a022fbcb0fadeccc08741e2	6818	construction_large_run1/source0094/executed_script.gp
74601b9ea95679f0cf1a86b4ce64956ebd411b0615e8cef6a746ff310d83a612	586	construction_large_run1/source0094/input.gp
c921fea96d513c36d51bf861bb70cfdc6f8d8b0b342ddd92f98d3632b7e270a0	303	construction_large_run1/source0094/receipt.json
8d8eb7044a26ccfcfad7c7b07ee38597ba045e02992f0bce712b8a3f0774c510	934	construction_large_run1/source0094/source_freeze.json
e3b0c44298fc1c149afbf4c8996fb92427ae41e4649b934ca495991b7852b855	0	construction_large_run1/source0094/stderr.txt
6e3d6034cca4d00f35336a7303f9593392a8250f98aca0b6bf8af8a52305291a	850	construction_large_run1/source0094/stdout.txt
e3b0c44298fc1c149afbf4c8996fb92427ae41e4649b934ca495991b7852b855	0	construction_large_run1/source0095/driver_stderr.txt
16764bf201be02ef3a2a682248ab457edf1f467fe50b0b7cfa39d44b63f7f2a7	275	construction_large_run1/source0095/driver_stdout.txt
4e97c67f96d8c2adc12280a539ec086853e57a777784bc65eb39bedbe50feb87	3404	construction_large_run1/source0095/executed_driver_v1.txt
5a20ec816ccbb71b71113fcbf4545b41c69b05402e1aa49fb7e5503849214879	587	construction_large_run1/source0095/executed_inputs.gp
a60949f711c036af960dfa8839a6a794d1133faa3a022fbcb0fadeccc08741e2	6818	construction_large_run1/source0095/executed_script.gp
5a20ec816ccbb71b71113fcbf4545b41c69b05402e1aa49fb7e5503849214879	587	construction_large_run1/source0095/input.gp
e2dc3d9a79b6c2570da95e164c7892f182ea44a22e10f90ed8fa5195c7468eb2	303	construction_large_run1/source0095/receipt.json
9c19d0c7fe474efadc5fd96c03254317e0202af0e3f755b53ac66ab644aed03a	934	construction_large_run1/source0095/source_freeze.json
e3b0c44298fc1c149afbf4c8996fb92427ae41e4649b934ca495991b7852b855	0	construction_large_run1/source0095/stderr.txt
dd0f04ed26961bd279352d79eb8e1f201098366e3ca55dffd2230122b4654aa1	858	construction_large_run1/source0095/stdout.txt
e3b0c44298fc1c149afbf4c8996fb92427ae41e4649b934ca495991b7852b855	0	construction_large_run1/source0096/driver_stderr.txt
c5b990967f6942d3c6d85be40ba8f204ade44228cc67ddb2b29f1d6f49219596	275	construction_large_run1/source0096/driver_stdout.txt
4e97c67f96d8c2adc12280a539ec086853e57a777784bc65eb39bedbe50feb87	3404	construction_large_run1/source0096/executed_driver_v1.txt
a3ed29d8a534f858e006e45fd29727837c90c48f1ec0a9484a9b5a19c202ca54	585	construction_large_run1/source0096/executed_inputs.gp
a60949f711c036af960dfa8839a6a794d1133faa3a022fbcb0fadeccc08741e2	6818	construction_large_run1/source0096/executed_script.gp
a3ed29d8a534f858e006e45fd29727837c90c48f1ec0a9484a9b5a19c202ca54	585	construction_large_run1/source0096/input.gp
47919c2fe95fcd3ddf896c979ec76b2578a20778b9e58c73b7527829b01c7910	303	construction_large_run1/source0096/receipt.json
e63f3c62510e4fca1ddd0017f76eef920498849ac3259de0d25ae3988a3d25ed	934	construction_large_run1/source0096/source_freeze.json
e3b0c44298fc1c149afbf4c8996fb92427ae41e4649b934ca495991b7852b855	0	construction_large_run1/source0096/stderr.txt
f9cb717257d5f36c14a7db7158a4dd75955631b59de22695ce9b6523314e765f	854	construction_large_run1/source0096/stdout.txt
e3b0c44298fc1c149afbf4c8996fb92427ae41e4649b934ca495991b7852b855	0	construction_large_run1/source0097/driver_stderr.txt
ba37e2b4394d4c61cacbee2b70b8ab7ce35641c82ca82cfb7110c9314091e60f	275	construction_large_run1/source0097/driver_stdout.txt
4e97c67f96d8c2adc12280a539ec086853e57a777784bc65eb39bedbe50feb87	3404	construction_large_run1/source0097/executed_driver_v1.txt
15bb6e1bb8a4c9aacfd26fe623dfdf2ac242459a853cfb1f5f340726ed609ef2	590	construction_large_run1/source0097/executed_inputs.gp
a60949f711c036af960dfa8839a6a794d1133faa3a022fbcb0fadeccc08741e2	6818	construction_large_run1/source0097/executed_script.gp
15bb6e1bb8a4c9aacfd26fe623dfdf2ac242459a853cfb1f5f340726ed609ef2	590	construction_large_run1/source0097/input.gp
a5c8dce5f4cd8c665192cab8c115b071ef67358865bc60fda5c4ff28832a5617	303	construction_large_run1/source0097/receipt.json
3fb87d4299ae5f47a8fcdeb917b51e366f61c75ead797263e25d3f3c5436dec4	934	construction_large_run1/source0097/source_freeze.json
e3b0c44298fc1c149afbf4c8996fb92427ae41e4649b934ca495991b7852b855	0	construction_large_run1/source0097/stderr.txt
dcb7ac2f0e8b3a2735242d94279244beafdd4f90b01a8a8269fc25728b110b91	854	construction_large_run1/source0097/stdout.txt
e3b0c44298fc1c149afbf4c8996fb92427ae41e4649b934ca495991b7852b855	0	construction_large_run1/source0098/driver_stderr.txt
0323cd17f65cb0ec268026d4e3d2167e5eaa3bcdf0d8293c06159a4df0a39c96	275	construction_large_run1/source0098/driver_stdout.txt
4e97c67f96d8c2adc12280a539ec086853e57a777784bc65eb39bedbe50feb87	3404	construction_large_run1/source0098/executed_driver_v1.txt
5f1fb5c6d278923f43f50f7aa2ea681bb007870b6677429be9242219994453ae	584	construction_large_run1/source0098/executed_inputs.gp
a60949f711c036af960dfa8839a6a794d1133faa3a022fbcb0fadeccc08741e2	6818	construction_large_run1/source0098/executed_script.gp
5f1fb5c6d278923f43f50f7aa2ea681bb007870b6677429be9242219994453ae	584	construction_large_run1/source0098/input.gp
53e01baab0c27274ef493dc0ab4b00919dda9f62eda3e220be3f5270641e5cae	303	construction_large_run1/source0098/receipt.json
c3dd5513daf05f61df50137b08436e7620718e1b0e22e50156a05d3216298be9	934	construction_large_run1/source0098/source_freeze.json
e3b0c44298fc1c149afbf4c8996fb92427ae41e4649b934ca495991b7852b855	0	construction_large_run1/source0098/stderr.txt
af3fa3cc2ae1474fdb3d2557785b00401620bcb98dfeba6ba495d591a7073c8a	852	construction_large_run1/source0098/stdout.txt
e3b0c44298fc1c149afbf4c8996fb92427ae41e4649b934ca495991b7852b855	0	construction_large_run1/source0099/driver_stderr.txt
8ac04f7cfb9021bcab479d2aa800d148e70c5ca13c45b0b0a8ca726f47ff3dd4	275	construction_large_run1/source0099/driver_stdout.txt
4e97c67f96d8c2adc12280a539ec086853e57a777784bc65eb39bedbe50feb87	3404	construction_large_run1/source0099/executed_driver_v1.txt
8256a074f7d84ee60e4a94b3a672fa89a94b0d3a001fa5b9073a6c1a22952fbb	589	construction_large_run1/source0099/executed_inputs.gp
a60949f711c036af960dfa8839a6a794d1133faa3a022fbcb0fadeccc08741e2	6818	construction_large_run1/source0099/executed_script.gp
8256a074f7d84ee60e4a94b3a672fa89a94b0d3a001fa5b9073a6c1a22952fbb	589	construction_large_run1/source0099/input.gp
42cc7e16511beaa8255835e603ae770aabd5fbd6f082cb754f65d777b7a1d93b	303	construction_large_run1/source0099/receipt.json
609d67dafb9fbf282b7fe9ccc4ae1a0fd03ba66a4de31e4ad69c56fb195004e6	934	construction_large_run1/source0099/source_freeze.json
e3b0c44298fc1c149afbf4c8996fb92427ae41e4649b934ca495991b7852b855	0	construction_large_run1/source0099/stderr.txt
3ebc14363d12b117dff21b6787b356f6b121fd1f464e194599e01af3b25237b3	852	construction_large_run1/source0099/stdout.txt
e3b0c44298fc1c149afbf4c8996fb92427ae41e4649b934ca495991b7852b855	0	construction_large_run1/source0100/driver_stderr.txt
48d0d03eac1fcb5778c2fe488f82214cd41408d1535b4bc3b02672da87e41940	275	construction_large_run1/source0100/driver_stdout.txt
4e97c67f96d8c2adc12280a539ec086853e57a777784bc65eb39bedbe50feb87	3404	construction_large_run1/source0100/executed_driver_v1.txt
a5a88b5a2f4ed9ce62c0d11d3260818d6f0963f39e553da4ea73c01547f050d6	589	construction_large_run1/source0100/executed_inputs.gp
a60949f711c036af960dfa8839a6a794d1133faa3a022fbcb0fadeccc08741e2	6818	construction_large_run1/source0100/executed_script.gp
a5a88b5a2f4ed9ce62c0d11d3260818d6f0963f39e553da4ea73c01547f050d6	589	construction_large_run1/source0100/input.gp
641bac98bdb27355fdac85839a723a445e3bfb5ba5ad44ef5db254cba388c66c	303	construction_large_run1/source0100/receipt.json
ab34826ec5ae09cefcccaf64ac25f9fdd897431160c16d02b7b068c2bbfa36c5	934	construction_large_run1/source0100/source_freeze.json
e3b0c44298fc1c149afbf4c8996fb92427ae41e4649b934ca495991b7852b855	0	construction_large_run1/source0100/stderr.txt
00e11f9185ce71ecb3fecf350a414576c83c98d36df085605fb6fe3b90d99706	856	construction_large_run1/source0100/stdout.txt
e3b0c44298fc1c149afbf4c8996fb92427ae41e4649b934ca495991b7852b855	0	construction_large_run1/source0101/driver_stderr.txt
054fa54d72a3b00720d1621e37a5aed8ef96290bd9da22a3fdd0573d5cc219fb	276	construction_large_run1/source0101/driver_stdout.txt
4e97c67f96d8c2adc12280a539ec086853e57a777784bc65eb39bedbe50feb87	3404	construction_large_run1/source0101/executed_driver_v1.txt
df283838e09f6d5b212d461764a5b4a80c43e580e4ab5fd29684745617af8006	588	construction_large_run1/source0101/executed_inputs.gp
a60949f711c036af960dfa8839a6a794d1133faa3a022fbcb0fadeccc08741e2	6818	construction_large_run1/source0101/executed_script.gp
df283838e09f6d5b212d461764a5b4a80c43e580e4ab5fd29684745617af8006	588	construction_large_run1/source0101/input.gp
2f989b9ae730a8edef920f07160dc431973b4c70c8ebfda658f464cf4e7ba96d	304	construction_large_run1/source0101/receipt.json
6199effb375b112ffeffa030068c8fea68a299406375f1cf1b4e7d5e8201749b	934	construction_large_run1/source0101/source_freeze.json
e3b0c44298fc1c149afbf4c8996fb92427ae41e4649b934ca495991b7852b855	0	construction_large_run1/source0101/stderr.txt
be6959f744d779373502a3ed0a52259f366a1cf0e5aa5c3d071a80099f2076bb	857	construction_large_run1/source0101/stdout.txt
e3b0c44298fc1c149afbf4c8996fb92427ae41e4649b934ca495991b7852b855	0	construction_large_run1/source0102/driver_stderr.txt
eb869ca34b46307c6e10c4466821caa4628cecac1664491fdf9fba8c0ce5e247	276	construction_large_run1/source0102/driver_stdout.txt
4e97c67f96d8c2adc12280a539ec086853e57a777784bc65eb39bedbe50feb87	3404	construction_large_run1/source0102/executed_driver_v1.txt
242008db03ef1141221300e635f8615b705bd0f60f281e39ca6a47a42fbc2fcb	591	construction_large_run1/source0102/executed_inputs.gp
a60949f711c036af960dfa8839a6a794d1133faa3a022fbcb0fadeccc08741e2	6818	construction_large_run1/source0102/executed_script.gp
242008db03ef1141221300e635f8615b705bd0f60f281e39ca6a47a42fbc2fcb	591	construction_large_run1/source0102/input.gp
7b90db4b0e80a4764b65a9d11c98e27d6e4a374285ed9ccb6c68dde8695eef72	304	construction_large_run1/source0102/receipt.json
8d2cfce08912dfe9cfdd815bf81a78ee6215eb2b8c6a2ff8a50d54ca1997b995	934	construction_large_run1/source0102/source_freeze.json
e3b0c44298fc1c149afbf4c8996fb92427ae41e4649b934ca495991b7852b855	0	construction_large_run1/source0102/stderr.txt
b5dc7af152b7310abe051a988e3098ef6b3cf5ccd88da1c38eac4056b1adb58f	841	construction_large_run1/source0102/stdout.txt
e3b0c44298fc1c149afbf4c8996fb92427ae41e4649b934ca495991b7852b855	0	construction_large_run1/source0103/driver_stderr.txt
3e0d3dc7a2840105f239b174878b008692dc77250aff07e4859720649e244167	276	construction_large_run1/source0103/driver_stdout.txt
4e97c67f96d8c2adc12280a539ec086853e57a777784bc65eb39bedbe50feb87	3404	construction_large_run1/source0103/executed_driver_v1.txt
48f9d7c716bf4023b86bc5d3cacd2d0a1ef5c93d06648032ef0e54f35051a1a5	583	construction_large_run1/source0103/executed_inputs.gp
a60949f711c036af960dfa8839a6a794d1133faa3a022fbcb0fadeccc08741e2	6818	construction_large_run1/source0103/executed_script.gp
48f9d7c716bf4023b86bc5d3cacd2d0a1ef5c93d06648032ef0e54f35051a1a5	583	construction_large_run1/source0103/input.gp
03a87bb54f176a84949af3ebbeeba40b25cb33a5da61507f3ec0991f366638fa	304	construction_large_run1/source0103/receipt.json
30b2051375a63b39a955e96632267834b8159bcc5c03fa0ba2c7a72d623dd28d	934	construction_large_run1/source0103/source_freeze.json
e3b0c44298fc1c149afbf4c8996fb92427ae41e4649b934ca495991b7852b855	0	construction_large_run1/source0103/stderr.txt
3fdee2bcf613bfb3460aa8b3f3ccf81d5506c2c1b623f0826eddde6737210163	841	construction_large_run1/source0103/stdout.txt
e3b0c44298fc1c149afbf4c8996fb92427ae41e4649b934ca495991b7852b855	0	construction_large_run1/source0104/driver_stderr.txt
c17845880c1c556bcc3454d7c3a43ce0446a8e5e1f6d9ec05221b5dea9ba1fc6	275	construction_large_run1/source0104/driver_stdout.txt
4e97c67f96d8c2adc12280a539ec086853e57a777784bc65eb39bedbe50feb87	3404	construction_large_run1/source0104/executed_driver_v1.txt
e1f006fd37f1b107e77bd779211aff8fee824aec71c76c19588a12ee5191622c	586	construction_large_run1/source0104/executed_inputs.gp
a60949f711c036af960dfa8839a6a794d1133faa3a022fbcb0fadeccc08741e2	6818	construction_large_run1/source0104/executed_script.gp
e1f006fd37f1b107e77bd779211aff8fee824aec71c76c19588a12ee5191622c	586	construction_large_run1/source0104/input.gp
015e7e422418aa8ff851f80fb8b93759ed451b48ae7bd0045ce6ecb99d0c81b0	303	construction_large_run1/source0104/receipt.json
c5bd17bdc21ecbbb49906eb4c01bcc659e74ce974d917644d8b57db34a577dc3	934	construction_large_run1/source0104/source_freeze.json
e3b0c44298fc1c149afbf4c8996fb92427ae41e4649b934ca495991b7852b855	0	construction_large_run1/source0104/stderr.txt
0f9209bb32e9406d3e0a7a68d7d3ea7d32ca98b4bbcb5bb783bbc45b3130c1af	850	construction_large_run1/source0104/stdout.txt
e3b0c44298fc1c149afbf4c8996fb92427ae41e4649b934ca495991b7852b855	0	construction_large_run1/source0105/driver_stderr.txt
e310e5b589710fbda69c60dad4bcb6e282d863e63cd555083bb1f13497c80184	276	construction_large_run1/source0105/driver_stdout.txt
4e97c67f96d8c2adc12280a539ec086853e57a777784bc65eb39bedbe50feb87	3404	construction_large_run1/source0105/executed_driver_v1.txt
95eff6b062f6a41d1e74f4d63c711a0d3d5febb2a916a5a5788bbe01619fd72a	590	construction_large_run1/source0105/executed_inputs.gp
a60949f711c036af960dfa8839a6a794d1133faa3a022fbcb0fadeccc08741e2	6818	construction_large_run1/source0105/executed_script.gp
95eff6b062f6a41d1e74f4d63c711a0d3d5febb2a916a5a5788bbe01619fd72a	590	construction_large_run1/source0105/input.gp
d161e7439ad704856c2d65f0b4f9f5d88f8f94a4439a9a734595da7d9bb3abc2	304	construction_large_run1/source0105/receipt.json
8e8a4b0d7eaa508c158890fe5c3c8f4a4713a8de3a104660cf8db59f9e1389b8	934	construction_large_run1/source0105/source_freeze.json
e3b0c44298fc1c149afbf4c8996fb92427ae41e4649b934ca495991b7852b855	0	construction_large_run1/source0105/stderr.txt
fb7e9c537e390043eb7b3c3e221f3782af2da644fb865031dbc78b54110b8239	842	construction_large_run1/source0105/stdout.txt
e3b0c44298fc1c149afbf4c8996fb92427ae41e4649b934ca495991b7852b855	0	construction_large_run1/source0106/driver_stderr.txt
7699b2bea58d229d0f882afd37ce7a130a3297d97de6b8b01c6bc66761824ebb	275	construction_large_run1/source0106/driver_stdout.txt
4e97c67f96d8c2adc12280a539ec086853e57a777784bc65eb39bedbe50feb87	3404	construction_large_run1/source0106/executed_driver_v1.txt
72d6aff7640902c4492691968555f26a690aad879eacff7bedc77a7387347846	592	construction_large_run1/source0106/executed_inputs.gp
a60949f711c036af960dfa8839a6a794d1133faa3a022fbcb0fadeccc08741e2	6818	construction_large_run1/source0106/executed_script.gp
72d6aff7640902c4492691968555f26a690aad879eacff7bedc77a7387347846	592	construction_large_run1/source0106/input.gp
041cfee423c7cb9c3a944849e6f90521052c2cacbd256cf385eb62b50bde0df1	303	construction_large_run1/source0106/receipt.json
6bfdc6dfe4d85dd9e134198dff5e424f8c25aa9632c3d59b892974b8fc1a0275	934	construction_large_run1/source0106/source_freeze.json
e3b0c44298fc1c149afbf4c8996fb92427ae41e4649b934ca495991b7852b855	0	construction_large_run1/source0106/stderr.txt
ac25540a06495a4162fa9b857b2a18773f7941437e3eeff9b7cda87d5ebd6b0a	853	construction_large_run1/source0106/stdout.txt
e3b0c44298fc1c149afbf4c8996fb92427ae41e4649b934ca495991b7852b855	0	construction_large_run1/source0107/driver_stderr.txt
3358ba40e91989fe27b3e98e47f6ae5b7aa2e2550bd6ce6d623ba239a1c39b3f	275	construction_large_run1/source0107/driver_stdout.txt
4e97c67f96d8c2adc12280a539ec086853e57a777784bc65eb39bedbe50feb87	3404	construction_large_run1/source0107/executed_driver_v1.txt
9170afccdb720d0edcbca4366bfbe09bcd4613814b67e88b4a7210466818b88c	585	construction_large_run1/source0107/executed_inputs.gp
a60949f711c036af960dfa8839a6a794d1133faa3a022fbcb0fadeccc08741e2	6818	construction_large_run1/source0107/executed_script.gp
9170afccdb720d0edcbca4366bfbe09bcd4613814b67e88b4a7210466818b88c	585	construction_large_run1/source0107/input.gp
08a36648de1f8c971990deb63036df5708250253b7b018f13b62d83c4975e0c1	303	construction_large_run1/source0107/receipt.json
9d8c04a07ced1dfefb47d9a0ba0299e72ef035e563e4d2620fddd3eb40c6460d	934	construction_large_run1/source0107/source_freeze.json
e3b0c44298fc1c149afbf4c8996fb92427ae41e4649b934ca495991b7852b855	0	construction_large_run1/source0107/stderr.txt
31dbf1a1c799616782441fc182b5ced0d3d0a96867063afa028643fb25eea429	851	construction_large_run1/source0107/stdout.txt
e3b0c44298fc1c149afbf4c8996fb92427ae41e4649b934ca495991b7852b855	0	construction_large_run1/source0108/driver_stderr.txt
784cb0b1f1e6e228cf35980902642f8288fb76bbc5ade6f1934039c12bbe98f9	276	construction_large_run1/source0108/driver_stdout.txt
4e97c67f96d8c2adc12280a539ec086853e57a777784bc65eb39bedbe50feb87	3404	construction_large_run1/source0108/executed_driver_v1.txt
970580560e29b7e8988c026188ba8a004549fd05d68334881cfa13b54ec42fd4	586	construction_large_run1/source0108/executed_inputs.gp
a60949f711c036af960dfa8839a6a794d1133faa3a022fbcb0fadeccc08741e2	6818	construction_large_run1/source0108/executed_script.gp
970580560e29b7e8988c026188ba8a004549fd05d68334881cfa13b54ec42fd4	586	construction_large_run1/source0108/input.gp
372fdf130a8e03c5aeeb8ffe2f1bc7dec0b598af8c7acab3c5fe358d1d61f5d3	304	construction_large_run1/source0108/receipt.json
459df28fbde5aae4638c636e4344a3e78dd5455f0d51cd35ab4086bc44bd84bb	934	construction_large_run1/source0108/source_freeze.json
e3b0c44298fc1c149afbf4c8996fb92427ae41e4649b934ca495991b7852b855	0	construction_large_run1/source0108/stderr.txt
9d9d4a1ef3d779a3112c8e4fecb1698ca374518858907b9df05253e5bd29bbd1	854	construction_large_run1/source0108/stdout.txt
e3b0c44298fc1c149afbf4c8996fb92427ae41e4649b934ca495991b7852b855	0	construction_large_run1/source0109/driver_stderr.txt
482e95a867d65f0b4d013f74d18dfd0ace3cc3e5c0a4125dd95d55db18b40232	275	construction_large_run1/source0109/driver_stdout.txt
4e97c67f96d8c2adc12280a539ec086853e57a777784bc65eb39bedbe50feb87	3404	construction_large_run1/source0109/executed_driver_v1.txt
b501d05be5dd11834dee7e9624e51eda0ad3db9a46519af13a84554f1fa39e32	590	construction_large_run1/source0109/executed_inputs.gp
a60949f711c036af960dfa8839a6a794d1133faa3a022fbcb0fadeccc08741e2	6818	construction_large_run1/source0109/executed_script.gp
b501d05be5dd11834dee7e9624e51eda0ad3db9a46519af13a84554f1fa39e32	590	construction_large_run1/source0109/input.gp
21b422a6fde49bc89b494963528d0f2882b816d091db11a9927d8d09f811ed85	303	construction_large_run1/source0109/receipt.json
f0f0850ae3835a3a8f000a5173a7e7155c4fbb2d7962f5500631faf6ef171e5a	934	construction_large_run1/source0109/source_freeze.json
e3b0c44298fc1c149afbf4c8996fb92427ae41e4649b934ca495991b7852b855	0	construction_large_run1/source0109/stderr.txt
5f0e7ed05112517a5b754289298e27ce939326a4ab2c4a065069d3d0206ea2e7	856	construction_large_run1/source0109/stdout.txt
e3b0c44298fc1c149afbf4c8996fb92427ae41e4649b934ca495991b7852b855	0	construction_large_run1/source0110/driver_stderr.txt
9636735bf03fe2836ef196cd49e95782597e86c479e7e8d8c8e5e47741a7bae9	275	construction_large_run1/source0110/driver_stdout.txt
4e97c67f96d8c2adc12280a539ec086853e57a777784bc65eb39bedbe50feb87	3404	construction_large_run1/source0110/executed_driver_v1.txt
c1cf0e3ba8c60441797b6bcb5f0fda03148d54519d434a6c1ec5c9042b893f4e	589	construction_large_run1/source0110/executed_inputs.gp
a60949f711c036af960dfa8839a6a794d1133faa3a022fbcb0fadeccc08741e2	6818	construction_large_run1/source0110/executed_script.gp
c1cf0e3ba8c60441797b6bcb5f0fda03148d54519d434a6c1ec5c9042b893f4e	589	construction_large_run1/source0110/input.gp
6fbd2af4e88eb8e7ee1f97212061a86ab1a0a1e8843fb71c035c08cb71639029	303	construction_large_run1/source0110/receipt.json
97aa12a97359c2a1d4853c7844153fd002bbc504e8dab5cb9899dafc5523c3b1	934	construction_large_run1/source0110/source_freeze.json
e3b0c44298fc1c149afbf4c8996fb92427ae41e4649b934ca495991b7852b855	0	construction_large_run1/source0110/stderr.txt
a0a3f6482b58c5ad5527277702b2d91b799ef7cca0e04163a69fe737f412d700	858	construction_large_run1/source0110/stdout.txt
e3b0c44298fc1c149afbf4c8996fb92427ae41e4649b934ca495991b7852b855	0	construction_large_run1/source0111/driver_stderr.txt
ba5f233b5ad886bcce25a9f38eb602c50cb1111080a2abd357f31ff261c945e8	275	construction_large_run1/source0111/driver_stdout.txt
4e97c67f96d8c2adc12280a539ec086853e57a777784bc65eb39bedbe50feb87	3404	construction_large_run1/source0111/executed_driver_v1.txt
1c6768ab217df0151d6511f8e7a80087eaf405ab884490cc1902376b45da6e75	590	construction_large_run1/source0111/executed_inputs.gp
a60949f711c036af960dfa8839a6a794d1133faa3a022fbcb0fadeccc08741e2	6818	construction_large_run1/source0111/executed_script.gp
1c6768ab217df0151d6511f8e7a80087eaf405ab884490cc1902376b45da6e75	590	construction_large_run1/source0111/input.gp
1c72f64bead925e0d4c506a7f0e0966084225c46983c5a255c136972000facb4	303	construction_large_run1/source0111/receipt.json
fc0fc886614c8206c0f880a0aad4932b6bd2c99cea4dabbb6605480423209875	934	construction_large_run1/source0111/source_freeze.json
e3b0c44298fc1c149afbf4c8996fb92427ae41e4649b934ca495991b7852b855	0	construction_large_run1/source0111/stderr.txt
a4e335313ef7112a99ddf7d31926743d51a5b7813bf687db88fcb73fa6e10488	854	construction_large_run1/source0111/stdout.txt
e3b0c44298fc1c149afbf4c8996fb92427ae41e4649b934ca495991b7852b855	0	construction_large_run1/source0112/driver_stderr.txt
0f8876a1287995b15a73c727acc84fc83225aaff32d2d543806893eaf0f9c875	275	construction_large_run1/source0112/driver_stdout.txt
4e97c67f96d8c2adc12280a539ec086853e57a777784bc65eb39bedbe50feb87	3404	construction_large_run1/source0112/executed_driver_v1.txt
2eba2b8c595b2dc63ebd1a8e5bc95b6dbf19cad61719d524df31894bbfa7bd57	589	construction_large_run1/source0112/executed_inputs.gp
a60949f711c036af960dfa8839a6a794d1133faa3a022fbcb0fadeccc08741e2	6818	construction_large_run1/source0112/executed_script.gp
2eba2b8c595b2dc63ebd1a8e5bc95b6dbf19cad61719d524df31894bbfa7bd57	589	construction_large_run1/source0112/input.gp
2acdbb061c1fb2cf48bb75c9add7369d79cbd38e44bbc38dd01e233628bfee6e	303	construction_large_run1/source0112/receipt.json
2f811cd015172d93d79d15a4c716f149bdd625345ff29b50daf5d6872ce60e1e	934	construction_large_run1/source0112/source_freeze.json
e3b0c44298fc1c149afbf4c8996fb92427ae41e4649b934ca495991b7852b855	0	construction_large_run1/source0112/stderr.txt
a9afb89dd8f9b4ff89843c2bb0ac4db1a003c0e130ef0b55afc8668b1f488f78	854	construction_large_run1/source0112/stdout.txt
e3b0c44298fc1c149afbf4c8996fb92427ae41e4649b934ca495991b7852b855	0	construction_large_run1/source0113/driver_stderr.txt
4b39c728b9aa444deeb0ef58677f41ae364a0e00f22c6af956fd22e365b9ffc2	276	construction_large_run1/source0113/driver_stdout.txt
4e97c67f96d8c2adc12280a539ec086853e57a777784bc65eb39bedbe50feb87	3404	construction_large_run1/source0113/executed_driver_v1.txt
f75e09e2b615f2870a892497e94673aa7322337416491731be066c8743968e6d	588	construction_large_run1/source0113/executed_inputs.gp
a60949f711c036af960dfa8839a6a794d1133faa3a022fbcb0fadeccc08741e2	6818	construction_large_run1/source0113/executed_script.gp
f75e09e2b615f2870a892497e94673aa7322337416491731be066c8743968e6d	588	construction_large_run1/source0113/input.gp
b8b0a7d4f98b8b2cc82197531fc50da3121db940a73fe6e35a6b9b176e394701	304	construction_large_run1/source0113/receipt.json
4e89cfa903e7589c06dbdf9970cafe367b9d8b07c6864bb80ff2ad6d71db9d80	934	construction_large_run1/source0113/source_freeze.json
e3b0c44298fc1c149afbf4c8996fb92427ae41e4649b934ca495991b7852b855	0	construction_large_run1/source0113/stderr.txt
405dd242e2959d20c9135b89801368ab5562e80a1a4e3a29659c7ff07bbac3b4	839	construction_large_run1/source0113/stdout.txt
e3b0c44298fc1c149afbf4c8996fb92427ae41e4649b934ca495991b7852b855	0	construction_large_run1/source0114/driver_stderr.txt
2d930ef9a11d09576bbde4281758b744ce36a22d40f3ac3af9ecac2cc3cf9a56	276	construction_large_run1/source0114/driver_stdout.txt
4e97c67f96d8c2adc12280a539ec086853e57a777784bc65eb39bedbe50feb87	3404	construction_large_run1/source0114/executed_driver_v1.txt
0a9eb7a4a14c63938a97757f6592514155c025907cd8c8f29a2035d5778ae697	588	construction_large_run1/source0114/executed_inputs.gp
a60949f711c036af960dfa8839a6a794d1133faa3a022fbcb0fadeccc08741e2	6818	construction_large_run1/source0114/executed_script.gp
0a9eb7a4a14c63938a97757f6592514155c025907cd8c8f29a2035d5778ae697	588	construction_large_run1/source0114/input.gp
2a5203ad0df9046803a8a889fd5486bd64e98510f9b216c743aa279e9719f019	304	construction_large_run1/source0114/receipt.json
3828d77e11349d11675b0d8616f48cf88c3bcf0ac755b7d468b22178af6894b1	934	construction_large_run1/source0114/source_freeze.json
e3b0c44298fc1c149afbf4c8996fb92427ae41e4649b934ca495991b7852b855	0	construction_large_run1/source0114/stderr.txt
4df4d14e02ed3fe165b82be5d8475bf31af2421fa30f26ef41a68adf0efe863f	841	construction_large_run1/source0114/stdout.txt
e3b0c44298fc1c149afbf4c8996fb92427ae41e4649b934ca495991b7852b855	0	construction_large_run1/source0115/driver_stderr.txt
791248ed7e1ca303bc07d60e37d6d68126b6f0a3409b683a7fe092c6a0041c6d	275	construction_large_run1/source0115/driver_stdout.txt
4e97c67f96d8c2adc12280a539ec086853e57a777784bc65eb39bedbe50feb87	3404	construction_large_run1/source0115/executed_driver_v1.txt
1023d1f232b32d0e9b95673d9680db9ec644705370c41ad7068aab092a050a2c	590	construction_large_run1/source0115/executed_inputs.gp
a60949f711c036af960dfa8839a6a794d1133faa3a022fbcb0fadeccc08741e2	6818	construction_large_run1/source0115/executed_script.gp
1023d1f232b32d0e9b95673d9680db9ec644705370c41ad7068aab092a050a2c	590	construction_large_run1/source0115/input.gp
ff2874d275328fb42c09941bd71068ade41ea195fb4acab406b848c73615e233	303	construction_large_run1/source0115/receipt.json
c2d8340682ed9dc5038540853e1aed6383f73c7ee4b75161f7b1863bf8079be9	934	construction_large_run1/source0115/source_freeze.json
e3b0c44298fc1c149afbf4c8996fb92427ae41e4649b934ca495991b7852b855	0	construction_large_run1/source0115/stderr.txt
9e7964e381c6b6a8e62e19e419d647b8c07b47d67dfcaa17d7eac4eef0466c0b	853	construction_large_run1/source0115/stdout.txt
e3b0c44298fc1c149afbf4c8996fb92427ae41e4649b934ca495991b7852b855	0	construction_large_run1/source0116/driver_stderr.txt
621d315eb53ef40a478da37b0973c07bc81cca7a3617ae1d641a79f4bd68a658	275	construction_large_run1/source0116/driver_stdout.txt
4e97c67f96d8c2adc12280a539ec086853e57a777784bc65eb39bedbe50feb87	3404	construction_large_run1/source0116/executed_driver_v1.txt
5e0c49f4a197d6b0d69f98aeb11dbd1787913d4b789aeede73d66df6f07e16da	588	construction_large_run1/source0116/executed_inputs.gp
a60949f711c036af960dfa8839a6a794d1133faa3a022fbcb0fadeccc08741e2	6818	construction_large_run1/source0116/executed_script.gp
5e0c49f4a197d6b0d69f98aeb11dbd1787913d4b789aeede73d66df6f07e16da	588	construction_large_run1/source0116/input.gp
889ab41b89e73cda8465c8ab4330132c5988155e0c3ee919b8749bf0a877f984	303	construction_large_run1/source0116/receipt.json
6018d5a4106fe7ebd21ca4de5e4d44007d55ab2440148d03dd24f15a2134f164	934	construction_large_run1/source0116/source_freeze.json
e3b0c44298fc1c149afbf4c8996fb92427ae41e4649b934ca495991b7852b855	0	construction_large_run1/source0116/stderr.txt
103949647b0f94455c853ef679155111e5638da92d9c27fc73628f037d0bbedc	843	construction_large_run1/source0116/stdout.txt
e3b0c44298fc1c149afbf4c8996fb92427ae41e4649b934ca495991b7852b855	0	construction_large_run1/source0117/driver_stderr.txt
646d8b501d7a56731898b2b49b1b28cdfb058ca1520d59d2522c0569f5d5b2ef	276	construction_large_run1/source0117/driver_stdout.txt
4e97c67f96d8c2adc12280a539ec086853e57a777784bc65eb39bedbe50feb87	3404	construction_large_run1/source0117/executed_driver_v1.txt
98e79c263fe720df91d77ffb9a97b7c99a7663a60b0fbb8e7f9083dae3c4578c	590	construction_large_run1/source0117/executed_inputs.gp
a60949f711c036af960dfa8839a6a794d1133faa3a022fbcb0fadeccc08741e2	6818	construction_large_run1/source0117/executed_script.gp
98e79c263fe720df91d77ffb9a97b7c99a7663a60b0fbb8e7f9083dae3c4578c	590	construction_large_run1/source0117/input.gp
6bf0b70d29c06dccf0581364c490ad5067803a0ac5ddf8be0c097aa09a067c66	304	construction_large_run1/source0117/receipt.json
cd16ca010a988382e73ff76eaa7d1da94267ffb6c8665bfedd8c83eadbcd7a03	934	construction_large_run1/source0117/source_freeze.json
e3b0c44298fc1c149afbf4c8996fb92427ae41e4649b934ca495991b7852b855	0	construction_large_run1/source0117/stderr.txt
09bae0cdb30ac99bb98347b2cb03e38334c302c0c5988d2c65279a6dcedd786a	842	construction_large_run1/source0117/stdout.txt
e3b0c44298fc1c149afbf4c8996fb92427ae41e4649b934ca495991b7852b855	0	construction_large_run1/source0118/driver_stderr.txt
8b34d2eea010802fbfe019e6f01a792264258106d33bc97d2adcd893d93d2eef	275	construction_large_run1/source0118/driver_stdout.txt
4e97c67f96d8c2adc12280a539ec086853e57a777784bc65eb39bedbe50feb87	3404	construction_large_run1/source0118/executed_driver_v1.txt
66475975c00ccfb8e8fdd76b0bbe075b556aebf36b81d2cd458e3f5905e15c2e	589	construction_large_run1/source0118/executed_inputs.gp
a60949f711c036af960dfa8839a6a794d1133faa3a022fbcb0fadeccc08741e2	6818	construction_large_run1/source0118/executed_script.gp
66475975c00ccfb8e8fdd76b0bbe075b556aebf36b81d2cd458e3f5905e15c2e	589	construction_large_run1/source0118/input.gp
430152a67db6c49a7638aaf9999fe598380c2a7f1274c8c124810581c5992ddf	303	construction_large_run1/source0118/receipt.json
80d19825e9739b3c2cb74b520f80cd4e39ba74c5f9d8f4f6732dabf601c403f4	934	construction_large_run1/source0118/source_freeze.json
e3b0c44298fc1c149afbf4c8996fb92427ae41e4649b934ca495991b7852b855	0	construction_large_run1/source0118/stderr.txt
c6a5859143baf39b7c8179dc3bce9afb6b24beda7d04ef199c38573adf251f6e	850	construction_large_run1/source0118/stdout.txt
e3b0c44298fc1c149afbf4c8996fb92427ae41e4649b934ca495991b7852b855	0	construction_large_run1/source0119/driver_stderr.txt
49df8f3171f8505f36dd9b0a63450617d11b9f236884923b3a88d2972d64b0c5	275	construction_large_run1/source0119/driver_stdout.txt
4e97c67f96d8c2adc12280a539ec086853e57a777784bc65eb39bedbe50feb87	3404	construction_large_run1/source0119/executed_driver_v1.txt
d3a983ae7fb803167c4c0a06ad92d6f81c9e92d98dc3a9646775f191a30192f5	590	construction_large_run1/source0119/executed_inputs.gp
a60949f711c036af960dfa8839a6a794d1133faa3a022fbcb0fadeccc08741e2	6818	construction_large_run1/source0119/executed_script.gp
d3a983ae7fb803167c4c0a06ad92d6f81c9e92d98dc3a9646775f191a30192f5	590	construction_large_run1/source0119/input.gp
e30c7263cdd437706109b00e754f73cf1c83b1cb8ffe01d411d220749de393cf	303	construction_large_run1/source0119/receipt.json
c5aa095124027693a65d678aa56957d3d4cfd57a14839a085c1f046f0c8c8a1c	934	construction_large_run1/source0119/source_freeze.json
e3b0c44298fc1c149afbf4c8996fb92427ae41e4649b934ca495991b7852b855	0	construction_large_run1/source0119/stderr.txt
cf7535634e7158e7fa0d439309698596a8e4089d9af920781a65eb04bcfe2099	855	construction_large_run1/source0119/stdout.txt
e3b0c44298fc1c149afbf4c8996fb92427ae41e4649b934ca495991b7852b855	0	construction_large_run1/source0120/driver_stderr.txt
a382d0392c4777a63a8331f6a36d67a1825f5d24c6d57cf9d52cda33211f41cd	276	construction_large_run1/source0120/driver_stdout.txt
4e97c67f96d8c2adc12280a539ec086853e57a777784bc65eb39bedbe50feb87	3404	construction_large_run1/source0120/executed_driver_v1.txt
7b4e7a364b473242f7448f05f6980bcb7b26edf52ed07789bd24d1a871809ed9	587	construction_large_run1/source0120/executed_inputs.gp
a60949f711c036af960dfa8839a6a794d1133faa3a022fbcb0fadeccc08741e2	6818	construction_large_run1/source0120/executed_script.gp
7b4e7a364b473242f7448f05f6980bcb7b26edf52ed07789bd24d1a871809ed9	587	construction_large_run1/source0120/input.gp
074d2df724441aa1b60ee4bd3082d059b81bc76c50be7086f4ab6eb2eb5a2851	304	construction_large_run1/source0120/receipt.json
7f7f2e4379a5b5db5719a542a0462a9100362538eba960aa251e5c91b3570abe	934	construction_large_run1/source0120/source_freeze.json
e3b0c44298fc1c149afbf4c8996fb92427ae41e4649b934ca495991b7852b855	0	construction_large_run1/source0120/stderr.txt
0c7bd4e3224c3db8fee4f9de724ef12ecfdd6f4eb6ca83c1a04bdcf4a0ee0d83	844	construction_large_run1/source0120/stdout.txt
e3b0c44298fc1c149afbf4c8996fb92427ae41e4649b934ca495991b7852b855	0	construction_large_run1/source0121/driver_stderr.txt
7a7504fa47d4108db24dd3e43806f610872dfb1b169a1f4454a591955d06747e	275	construction_large_run1/source0121/driver_stdout.txt
4e97c67f96d8c2adc12280a539ec086853e57a777784bc65eb39bedbe50feb87	3404	construction_large_run1/source0121/executed_driver_v1.txt
488edea8df9e32b59ea2973b7555efefe891dd851d9b551ab23bd0bb207ff15c	589	construction_large_run1/source0121/executed_inputs.gp
a60949f711c036af960dfa8839a6a794d1133faa3a022fbcb0fadeccc08741e2	6818	construction_large_run1/source0121/executed_script.gp
488edea8df9e32b59ea2973b7555efefe891dd851d9b551ab23bd0bb207ff15c	589	construction_large_run1/source0121/input.gp
87b38a8f725c0d7421b258d28e1d4b08f3d1cb3cb31987fc1d0cfd16541eabfa	303	construction_large_run1/source0121/receipt.json
dd6909c28bcc2a74566fd0030a6e21965e68185412e63ed0f28524f2c9c07ce7	934	construction_large_run1/source0121/source_freeze.json
e3b0c44298fc1c149afbf4c8996fb92427ae41e4649b934ca495991b7852b855	0	construction_large_run1/source0121/stderr.txt
e7bb8eb92386a4a39e45a68ede056f9c04ca64ac27dd1121de7b8335140309f1	851	construction_large_run1/source0121/stdout.txt
e3b0c44298fc1c149afbf4c8996fb92427ae41e4649b934ca495991b7852b855	0	construction_large_run1/source0122/driver_stderr.txt
e929839689a631319555ed7ed2dd7b5f1fa0195aa0d065bf4c9eeb3df439befa	275	construction_large_run1/source0122/driver_stdout.txt
4e97c67f96d8c2adc12280a539ec086853e57a777784bc65eb39bedbe50feb87	3404	construction_large_run1/source0122/executed_driver_v1.txt
bfaac2b916a434bfa4f3f9346df1d4961b2d9baa09ec32951ba83f1a55495ecb	587	construction_large_run1/source0122/executed_inputs.gp
a60949f711c036af960dfa8839a6a794d1133faa3a022fbcb0fadeccc08741e2	6818	construction_large_run1/source0122/executed_script.gp
bfaac2b916a434bfa4f3f9346df1d4961b2d9baa09ec32951ba83f1a55495ecb	587	construction_large_run1/source0122/input.gp
d4174e482bf14e41eae150473c1049758b0a78809b638ef2357f48d9142f1eb2	303	construction_large_run1/source0122/receipt.json
65fd53f6db70385fd0cd13ae59d51a9946e53bf877c8b1a629f91d6e0d7807c7	934	construction_large_run1/source0122/source_freeze.json
e3b0c44298fc1c149afbf4c8996fb92427ae41e4649b934ca495991b7852b855	0	construction_large_run1/source0122/stderr.txt
30f60b2886d6d2d1f5a8ad985ed21531b731f6c73af460cea4f34498b0356fa7	852	construction_large_run1/source0122/stdout.txt
e3b0c44298fc1c149afbf4c8996fb92427ae41e4649b934ca495991b7852b855	0	construction_large_run1/source0123/driver_stderr.txt
3abd130e470271227f25beac7d3df7cd5cbf6af927c20f8dd76cb361996070b2	275	construction_large_run1/source0123/driver_stdout.txt
4e97c67f96d8c2adc12280a539ec086853e57a777784bc65eb39bedbe50feb87	3404	construction_large_run1/source0123/executed_driver_v1.txt
fb341c5a5cb60650a1d6e908473b514d03d519c287e2de07b7fb1d93789bb790	583	construction_large_run1/source0123/executed_inputs.gp
a60949f711c036af960dfa8839a6a794d1133faa3a022fbcb0fadeccc08741e2	6818	construction_large_run1/source0123/executed_script.gp
fb341c5a5cb60650a1d6e908473b514d03d519c287e2de07b7fb1d93789bb790	583	construction_large_run1/source0123/input.gp
77c3b69c8c3c2628cc0a4e737794f95d82fb2701f7b0129060ec63bccc406fb5	303	construction_large_run1/source0123/receipt.json
47c30621ebca76563d1324aa5a5d2e4898e75e369b3057bb28a672189291cb19	934	construction_large_run1/source0123/source_freeze.json
e3b0c44298fc1c149afbf4c8996fb92427ae41e4649b934ca495991b7852b855	0	construction_large_run1/source0123/stderr.txt
1e56e24471b8def764e2c2fed467bb833ccc91bad127f0398cf02b9e1f1a831f	851	construction_large_run1/source0123/stdout.txt
e3b0c44298fc1c149afbf4c8996fb92427ae41e4649b934ca495991b7852b855	0	construction_large_run1/source0124/driver_stderr.txt
a26aa18c88404a7c0288e1e2e8b6f727b0673f32579a2f3ae8d3dab588dce979	275	construction_large_run1/source0124/driver_stdout.txt
4e97c67f96d8c2adc12280a539ec086853e57a777784bc65eb39bedbe50feb87	3404	construction_large_run1/source0124/executed_driver_v1.txt
edb39c970f2b1998d4b008aae780fb4546df454b9a707d82114b7ab2bdbe1a14	588	construction_large_run1/source0124/executed_inputs.gp
a60949f711c036af960dfa8839a6a794d1133faa3a022fbcb0fadeccc08741e2	6818	construction_large_run1/source0124/executed_script.gp
edb39c970f2b1998d4b008aae780fb4546df454b9a707d82114b7ab2bdbe1a14	588	construction_large_run1/source0124/input.gp
f59f0d299dd586d9ab533decc672d69f39dafb7eb5bf1c00f9f16053bfded503	303	construction_large_run1/source0124/receipt.json
e55ff902f11bed0b1a69ae69e81852fff82f40215c4d667090e6efb60d7349aa	934	construction_large_run1/source0124/source_freeze.json
e3b0c44298fc1c149afbf4c8996fb92427ae41e4649b934ca495991b7852b855	0	construction_large_run1/source0124/stderr.txt
6fb10ca3b3701c1f7c8466ce54e354fd1224377e61fd2b880dd9ba56385fafd1	844	construction_large_run1/source0124/stdout.txt
e3b0c44298fc1c149afbf4c8996fb92427ae41e4649b934ca495991b7852b855	0	construction_large_run1/source0125/driver_stderr.txt
77608a1040b0194f97d12664f071b8e3431819acc08c3d1cfbd08ac7e3df4ba7	275	construction_large_run1/source0125/driver_stdout.txt
4e97c67f96d8c2adc12280a539ec086853e57a777784bc65eb39bedbe50feb87	3404	construction_large_run1/source0125/executed_driver_v1.txt
4fc18ffa28eaf87d2575aad8a23cbbcf25d50e82dd13eb9098d4754b546ca47b	589	construction_large_run1/source0125/executed_inputs.gp
a60949f711c036af960dfa8839a6a794d1133faa3a022fbcb0fadeccc08741e2	6818	construction_large_run1/source0125/executed_script.gp
4fc18ffa28eaf87d2575aad8a23cbbcf25d50e82dd13eb9098d4754b546ca47b	589	construction_large_run1/source0125/input.gp
d07daa863a48ad908b656d7d498b88fc891bb5099b59915f147198a1efbb47cd	303	construction_large_run1/source0125/receipt.json
a42dd6485751d95b8a6b57274dd228f27a2c4f71aad631f75b75616694f484f2	934	construction_large_run1/source0125/source_freeze.json
e3b0c44298fc1c149afbf4c8996fb92427ae41e4649b934ca495991b7852b855	0	construction_large_run1/source0125/stderr.txt
2929c8eb63b55b554208d710e38526d9b29ce0bbc96d886213f8a6d4d0692fc0	838	construction_large_run1/source0125/stdout.txt
e3b0c44298fc1c149afbf4c8996fb92427ae41e4649b934ca495991b7852b855	0	construction_large_run1/source0126/driver_stderr.txt
2d79817ee2de6e475b10d0e72038b9f8693df74cebc57bbad07a311a4dfaa8ac	275	construction_large_run1/source0126/driver_stdout.txt
4e97c67f96d8c2adc12280a539ec086853e57a777784bc65eb39bedbe50feb87	3404	construction_large_run1/source0126/executed_driver_v1.txt
18da6f209d0584682e34bdebc7e5e719cbe330eeac1ebd3879245bcc66a8f54f	589	construction_large_run1/source0126/executed_inputs.gp
a60949f711c036af960dfa8839a6a794d1133faa3a022fbcb0fadeccc08741e2	6818	construction_large_run1/source0126/executed_script.gp
18da6f209d0584682e34bdebc7e5e719cbe330eeac1ebd3879245bcc66a8f54f	589	construction_large_run1/source0126/input.gp
272bb37322771f4fbb85ee2ea99917859876618e0ce7ec27ed9119da271ad218	303	construction_large_run1/source0126/receipt.json
ff0c4c7e3e48cbc9db8842e32e9be1e11d0e7a226889bd486a08923437afc5db	934	construction_large_run1/source0126/source_freeze.json
e3b0c44298fc1c149afbf4c8996fb92427ae41e4649b934ca495991b7852b855	0	construction_large_run1/source0126/stderr.txt
3ec8f1f7e1ca55e6dc415a5d55c990f817bdc8d3b49c91e6b170281383381a83	861	construction_large_run1/source0126/stdout.txt
e3b0c44298fc1c149afbf4c8996fb92427ae41e4649b934ca495991b7852b855	0	construction_large_run1/source0127/driver_stderr.txt
8671bf7b1506aa0cb6c02814a268e9a0b0ecb64cf0d33a0d5042364ce8ca5eca	276	construction_large_run1/source0127/driver_stdout.txt
4e97c67f96d8c2adc12280a539ec086853e57a777784bc65eb39bedbe50feb87	3404	construction_large_run1/source0127/executed_driver_v1.txt
7f4fb83d353ba5337810ac687380102fa83e3ac6879b5fac7ac91506eacf11e8	581	construction_large_run1/source0127/executed_inputs.gp
a60949f711c036af960dfa8839a6a794d1133faa3a022fbcb0fadeccc08741e2	6818	construction_large_run1/source0127/executed_script.gp
7f4fb83d353ba5337810ac687380102fa83e3ac6879b5fac7ac91506eacf11e8	581	construction_large_run1/source0127/input.gp
1a7764f5ca5aca8969040644b7c0b4d073105aa85a5a0c7557b154bd18598513	304	construction_large_run1/source0127/receipt.json
bd6c8635e63f5d97ec8fbedeae92499fb7dc19d89e72bb152606a7636f7d38c0	934	construction_large_run1/source0127/source_freeze.json
e3b0c44298fc1c149afbf4c8996fb92427ae41e4649b934ca495991b7852b855	0	construction_large_run1/source0127/stderr.txt
217ee81e0865d8d07a007dc7e4dada9b7ba92e3dad47c47b81cd8211fbf8d8c2	833	construction_large_run1/source0127/stdout.txt
e3b0c44298fc1c149afbf4c8996fb92427ae41e4649b934ca495991b7852b855	0	construction_large_run1/source0128/driver_stderr.txt
cef223035cd7bdfa9ec6ebca4e668b300c20e92bd22dd61424e1aec258d3a409	275	construction_large_run1/source0128/driver_stdout.txt
4e97c67f96d8c2adc12280a539ec086853e57a777784bc65eb39bedbe50feb87	3404	construction_large_run1/source0128/executed_driver_v1.txt
369d9e79a9f06305fae0bbfa9a513d30efce0a029202131b0faeca8dde49db54	582	construction_large_run1/source0128/executed_inputs.gp
a60949f711c036af960dfa8839a6a794d1133faa3a022fbcb0fadeccc08741e2	6818	construction_large_run1/source0128/executed_script.gp
369d9e79a9f06305fae0bbfa9a513d30efce0a029202131b0faeca8dde49db54	582	construction_large_run1/source0128/input.gp
f1771f11048ca6af39b5631c65c4d390f90e3e23bd5532cb06f72935b9611398	303	construction_large_run1/source0128/receipt.json
55487163ff9d4b5ed3149b50b9c8376098ef6a26f7f0a80f4bb300bba5b89c15	934	construction_large_run1/source0128/source_freeze.json
e3b0c44298fc1c149afbf4c8996fb92427ae41e4649b934ca495991b7852b855	0	construction_large_run1/source0128/stderr.txt
6a01889324826605d486fcc6327c773fdf23ae437cae868447d9717245a8a868	843	construction_large_run1/source0128/stdout.txt
e3b0c44298fc1c149afbf4c8996fb92427ae41e4649b934ca495991b7852b855	0	construction_large_run1/source0129/driver_stderr.txt
5db5225d3934937edf9840a80ec9e1adb3560b52c50691f53f68ddb13d20d751	275	construction_large_run1/source0129/driver_stdout.txt
4e97c67f96d8c2adc12280a539ec086853e57a777784bc65eb39bedbe50feb87	3404	construction_large_run1/source0129/executed_driver_v1.txt
fb36979199997d06e7a7252dd4a8e3b9c373a11355637f326ace915bc2593952	608	construction_large_run1/source0129/executed_inputs.gp
a60949f711c036af960dfa8839a6a794d1133faa3a022fbcb0fadeccc08741e2	6818	construction_large_run1/source0129/executed_script.gp
fb36979199997d06e7a7252dd4a8e3b9c373a11355637f326ace915bc2593952	608	construction_large_run1/source0129/input.gp
e5882625b4fd22ca543e3aefbad6ce42ee9b8cc6e1bf6cc0badc730cfbbb1e39	303	construction_large_run1/source0129/receipt.json
a043a18653d867031fc14f7914f4b11eb06cd9876fcaf777cb503e603e64b918	934	construction_large_run1/source0129/source_freeze.json
e3b0c44298fc1c149afbf4c8996fb92427ae41e4649b934ca495991b7852b855	0	construction_large_run1/source0129/stderr.txt
e9707ba6f5b8514a1e6761c7ddb641f6df2b6c036d559cfa1da4b95b6778ae15	873	construction_large_run1/source0129/stdout.txt
e3b0c44298fc1c149afbf4c8996fb92427ae41e4649b934ca495991b7852b855	0	construction_large_run1/source0130/driver_stderr.txt
3cbc9a516e1be0ead25c98618b22b2b619d9cf06b22a9470d926480bc16362be	275	construction_large_run1/source0130/driver_stdout.txt
4e97c67f96d8c2adc12280a539ec086853e57a777784bc65eb39bedbe50feb87	3404	construction_large_run1/source0130/executed_driver_v1.txt
0ae29c50031999c55635fbb7555cc6e94448967de5ecfd98d5875b6435fe472c	608	construction_large_run1/source0130/executed_inputs.gp
a60949f711c036af960dfa8839a6a794d1133faa3a022fbcb0fadeccc08741e2	6818	construction_large_run1/source0130/executed_script.gp
0ae29c50031999c55635fbb7555cc6e94448967de5ecfd98d5875b6435fe472c	608	construction_large_run1/source0130/input.gp
932484b17e2aec4962de5c30845739cf8cad5699eebe2e0b5b1ce33959a64678	303	construction_large_run1/source0130/receipt.json
66f9cb7afec38d6f8599fc2d5aa3220dd1d83a107275e4498d971ed42cda2705	934	construction_large_run1/source0130/source_freeze.json
e3b0c44298fc1c149afbf4c8996fb92427ae41e4649b934ca495991b7852b855	0	construction_large_run1/source0130/stderr.txt
8f1a6771ad2bca54a094387daef48cc9f0e3c8d4bc1273dc4fd26b077620a36b	867	construction_large_run1/source0130/stdout.txt
e3b0c44298fc1c149afbf4c8996fb92427ae41e4649b934ca495991b7852b855	0	construction_large_run1/source0131/driver_stderr.txt
aed62fc74a0df0d70b8aaed02005b9c563b8d221cc9059402f2fd7ea67074b61	275	construction_large_run1/source0131/driver_stdout.txt
4e97c67f96d8c2adc12280a539ec086853e57a777784bc65eb39bedbe50feb87	3404	construction_large_run1/source0131/executed_driver_v1.txt
8a47e45032a7289aa0d44bfe4637d908753024122baec17e3406d2cd6b69aac9	607	construction_large_run1/source0131/executed_inputs.gp
a60949f711c036af960dfa8839a6a794d1133faa3a022fbcb0fadeccc08741e2	6818	construction_large_run1/source0131/executed_script.gp
8a47e45032a7289aa0d44bfe4637d908753024122baec17e3406d2cd6b69aac9	607	construction_large_run1/source0131/input.gp
9d9abdf50792c5149deb67322db09bd77af32d1d72f55ea449bfdf5639868278	303	construction_large_run1/source0131/receipt.json
46a80357bc6aad01eaa401e6153ac9f9348a41a46c99b548d11ccdbfb8ef1ca2	934	construction_large_run1/source0131/source_freeze.json
e3b0c44298fc1c149afbf4c8996fb92427ae41e4649b934ca495991b7852b855	0	construction_large_run1/source0131/stderr.txt
09c1dc2aec0acd30bf2f6c56d4c406a85306e80a843a2bce610ebc794bc7ac85	878	construction_large_run1/source0131/stdout.txt
e3b0c44298fc1c149afbf4c8996fb92427ae41e4649b934ca495991b7852b855	0	construction_large_run1/source0132/driver_stderr.txt
64cc54928b248db4a2b571839e4d65a2151674c89175bbb80fc65d93902e56cf	275	construction_large_run1/source0132/driver_stdout.txt
4e97c67f96d8c2adc12280a539ec086853e57a777784bc65eb39bedbe50feb87	3404	construction_large_run1/source0132/executed_driver_v1.txt
bada82ea2d20bebb7afa759b2fb3539313ae6c7ad5eaa7465ee006c940e10c52	608	construction_large_run1/source0132/executed_inputs.gp
a60949f711c036af960dfa8839a6a794d1133faa3a022fbcb0fadeccc08741e2	6818	construction_large_run1/source0132/executed_script.gp
bada82ea2d20bebb7afa759b2fb3539313ae6c7ad5eaa7465ee006c940e10c52	608	construction_large_run1/source0132/input.gp
4b50b20d12b12f7fe0f6be858003181b1494f797cc4eb0bbe11d2717af8f2e33	303	construction_large_run1/source0132/receipt.json
54fbaec657b5a47a149e3bb8ea2facc4df7a9e2d5bed0386acc7828414366b73	934	construction_large_run1/source0132/source_freeze.json
e3b0c44298fc1c149afbf4c8996fb92427ae41e4649b934ca495991b7852b855	0	construction_large_run1/source0132/stderr.txt
bf629b472ff00fa63fb64da1434f99bc595cb21bc26720f68c290e4db32f2fb0	878	construction_large_run1/source0132/stdout.txt
e3b0c44298fc1c149afbf4c8996fb92427ae41e4649b934ca495991b7852b855	0	construction_large_run1/source0133/driver_stderr.txt
038e759d03bceeb4868c7c88a33d3b1ee11b4a71de3529c108e858a4e653d0f3	275	construction_large_run1/source0133/driver_stdout.txt
4e97c67f96d8c2adc12280a539ec086853e57a777784bc65eb39bedbe50feb87	3404	construction_large_run1/source0133/executed_driver_v1.txt
91e17a0c3e2b456b4c9fe9cc7f0a3870984a432c76fa8ebab563fe158f15b40c	605	construction_large_run1/source0133/executed_inputs.gp
a60949f711c036af960dfa8839a6a794d1133faa3a022fbcb0fadeccc08741e2	6818	construction_large_run1/source0133/executed_script.gp
91e17a0c3e2b456b4c9fe9cc7f0a3870984a432c76fa8ebab563fe158f15b40c	605	construction_large_run1/source0133/input.gp
1be28e67017944fc41a34eeb7478bc0fa673e3afd88c59c2f43c86b95331fbc3	303	construction_large_run1/source0133/receipt.json
29ef1160fb17091fd72d0d03dc8bf3d04f5a98fbabc6ec0dbc28e7a80f827ea5	934	construction_large_run1/source0133/source_freeze.json
e3b0c44298fc1c149afbf4c8996fb92427ae41e4649b934ca495991b7852b855	0	construction_large_run1/source0133/stderr.txt
a1b153d06aa852d515fa6a358e5138a2d3f733c975dfc339b4423580a11b6e30	861	construction_large_run1/source0133/stdout.txt
e3b0c44298fc1c149afbf4c8996fb92427ae41e4649b934ca495991b7852b855	0	construction_large_run1/source0134/driver_stderr.txt
0457f1d90024c4a3fc89c9a521e568618c0dd0594f7239dec8d5fb64d42d7a9b	275	construction_large_run1/source0134/driver_stdout.txt
4e97c67f96d8c2adc12280a539ec086853e57a777784bc65eb39bedbe50feb87	3404	construction_large_run1/source0134/executed_driver_v1.txt
a99176533f8f126a6b05a09ca8162d51efb1be00a5cb0be8d1020c31d910c36c	608	construction_large_run1/source0134/executed_inputs.gp
a60949f711c036af960dfa8839a6a794d1133faa3a022fbcb0fadeccc08741e2	6818	construction_large_run1/source0134/executed_script.gp
a99176533f8f126a6b05a09ca8162d51efb1be00a5cb0be8d1020c31d910c36c	608	construction_large_run1/source0134/input.gp
d54a20010515d68f94168572013faadce5f9b81e00cf3618b2ffd26bfd4b9871	303	construction_large_run1/source0134/receipt.json
b9c5ce7df40c10538de9e9859cb201da73daa0986098fd2db7d3df555cac3c89	934	construction_large_run1/source0134/source_freeze.json
e3b0c44298fc1c149afbf4c8996fb92427ae41e4649b934ca495991b7852b855	0	construction_large_run1/source0134/stderr.txt
81f8c49adae761916691e6e874a36729238ccdbc4dac6657d18861477ce77b03	857	construction_large_run1/source0134/stdout.txt
e3b0c44298fc1c149afbf4c8996fb92427ae41e4649b934ca495991b7852b855	0	construction_large_run1/source0135/driver_stderr.txt
8d4c40fbe0c8333c02422552fcc288e623294df2da3330fd0237c6c5d61c8234	275	construction_large_run1/source0135/driver_stdout.txt
4e97c67f96d8c2adc12280a539ec086853e57a777784bc65eb39bedbe50feb87	3404	construction_large_run1/source0135/executed_driver_v1.txt
6faa50c415b8526eefbfbbd5c54f0e4ab387494725a5154ffdc70562cd6849e1	603	construction_large_run1/source0135/executed_inputs.gp
a60949f711c036af960dfa8839a6a794d1133faa3a022fbcb0fadeccc08741e2	6818	construction_large_run1/source0135/executed_script.gp
6faa50c415b8526eefbfbbd5c54f0e4ab387494725a5154ffdc70562cd6849e1	603	construction_large_run1/source0135/input.gp
3176be202be5ee72575ba8ef00e1976aa9bb525bfe86e3d5780e0a45ec22e6f9	303	construction_large_run1/source0135/receipt.json
2dabbd4bb0cc3973d8099e93c5fa8b679ae7edb4b458bc7005bc4ae39f9c2dc2	934	construction_large_run1/source0135/source_freeze.json
e3b0c44298fc1c149afbf4c8996fb92427ae41e4649b934ca495991b7852b855	0	construction_large_run1/source0135/stderr.txt
0bb76ccb1e5368869377300477fbe3f957f5e5469e9ecf226f47fde8a895a9a7	871	construction_large_run1/source0135/stdout.txt
e3b0c44298fc1c149afbf4c8996fb92427ae41e4649b934ca495991b7852b855	0	construction_large_run1/source0136/driver_stderr.txt
5e10496e84a93bd5c43c10e8cfa2c6fbc3a690754393f515c6a24870caab3958	275	construction_large_run1/source0136/driver_stdout.txt
4e97c67f96d8c2adc12280a539ec086853e57a777784bc65eb39bedbe50feb87	3404	construction_large_run1/source0136/executed_driver_v1.txt
7207a2e355fadf02c37e085f657f9a9b937bb3311d72f6da0cff4c2f9267cf05	610	construction_large_run1/source0136/executed_inputs.gp
a60949f711c036af960dfa8839a6a794d1133faa3a022fbcb0fadeccc08741e2	6818	construction_large_run1/source0136/executed_script.gp
7207a2e355fadf02c37e085f657f9a9b937bb3311d72f6da0cff4c2f9267cf05	610	construction_large_run1/source0136/input.gp
b54d1cc35d732d86f931a697868ed351106f651af8f864a75665b07dc285aaac	303	construction_large_run1/source0136/receipt.json
84974a7060c20b59b7ae820a4d9ab981e1f42a2bdf9ccdeba0a4a70fe6bf085d	934	construction_large_run1/source0136/source_freeze.json
e3b0c44298fc1c149afbf4c8996fb92427ae41e4649b934ca495991b7852b855	0	construction_large_run1/source0136/stderr.txt
410f4744c69f7817ea3d993483783791ed2c7c27da2dc656798908ca2d708cac	869	construction_large_run1/source0136/stdout.txt
e3b0c44298fc1c149afbf4c8996fb92427ae41e4649b934ca495991b7852b855	0	construction_large_run1/source0137/driver_stderr.txt
edc6d9401ce6a4734137f7feb193b04e43000c99445a381b68a717fb21f25424	275	construction_large_run1/source0137/driver_stdout.txt
4e97c67f96d8c2adc12280a539ec086853e57a777784bc65eb39bedbe50feb87	3404	construction_large_run1/source0137/executed_driver_v1.txt
d82a58926bd4b5da12084d268610abcad9dfb1a13eb88fea0cc73d87fed338e1	606	construction_large_run1/source0137/executed_inputs.gp
a60949f711c036af960dfa8839a6a794d1133faa3a022fbcb0fadeccc08741e2	6818	construction_large_run1/source0137/executed_script.gp
d82a58926bd4b5da12084d268610abcad9dfb1a13eb88fea0cc73d87fed338e1	606	construction_large_run1/source0137/input.gp
598f5d4a9a47ff0d2bcdf7c477c0f65bd232ddbb00a0823b284df414fd7f1a0c	303	construction_large_run1/source0137/receipt.json
60dabe1ee3b7b6bd5fd555410fd4cbd306de28bc8914c0e8480391f642f24a04	934	construction_large_run1/source0137/source_freeze.json
e3b0c44298fc1c149afbf4c8996fb92427ae41e4649b934ca495991b7852b855	0	construction_large_run1/source0137/stderr.txt
1bd81fb407321031658285de486fdf647a1604da33fd8a086c800bf5db28e9e0	872	construction_large_run1/source0137/stdout.txt
e3b0c44298fc1c149afbf4c8996fb92427ae41e4649b934ca495991b7852b855	0	construction_large_run1/source0138/driver_stderr.txt
90ca3e24b14a0ac2eda5b527556c959cc209603781d09133d4a207e5ef232bb3	275	construction_large_run1/source0138/driver_stdout.txt
4e97c67f96d8c2adc12280a539ec086853e57a777784bc65eb39bedbe50feb87	3404	construction_large_run1/source0138/executed_driver_v1.txt
6f89ca0a7d66d24c5676b9d89feb3590d8efdc3bfaf4d9d52e154cce4dc649ff	605	construction_large_run1/source0138/executed_inputs.gp
a60949f711c036af960dfa8839a6a794d1133faa3a022fbcb0fadeccc08741e2	6818	construction_large_run1/source0138/executed_script.gp
6f89ca0a7d66d24c5676b9d89feb3590d8efdc3bfaf4d9d52e154cce4dc649ff	605	construction_large_run1/source0138/input.gp
fd3128d96fbf2858173e92e1e06d1f277302447f8a4cef61869edbe34fd88d81	303	construction_large_run1/source0138/receipt.json
6e5b81036b2bd7caac0226f6aa7beb3d3fca9849b50db7a46efef7f353cd4a46	934	construction_large_run1/source0138/source_freeze.json
e3b0c44298fc1c149afbf4c8996fb92427ae41e4649b934ca495991b7852b855	0	construction_large_run1/source0138/stderr.txt
773f1d54d81bfcb3c37f5ef6aacae0db3e898ebc404148feba6d4466632ea7c1	863	construction_large_run1/source0138/stdout.txt
e3b0c44298fc1c149afbf4c8996fb92427ae41e4649b934ca495991b7852b855	0	construction_large_run1/source0139/driver_stderr.txt
5a558f77d045624cf2ad4c2d5985093aeb2745943aebad806c102e25ea96b71b	275	construction_large_run1/source0139/driver_stdout.txt
4e97c67f96d8c2adc12280a539ec086853e57a777784bc65eb39bedbe50feb87	3404	construction_large_run1/source0139/executed_driver_v1.txt
339a3198b9b8e89711c0726c72bd2db20ddd8989f98b4f790f48a944579a71e6	607	construction_large_run1/source0139/executed_inputs.gp
a60949f711c036af960dfa8839a6a794d1133faa3a022fbcb0fadeccc08741e2	6818	construction_large_run1/source0139/executed_script.gp
339a3198b9b8e89711c0726c72bd2db20ddd8989f98b4f790f48a944579a71e6	607	construction_large_run1/source0139/input.gp
78ee0b885d49d4becfe7a37f53ab692bc4f43168d2d21b4405ad592cc78bfbb3	303	construction_large_run1/source0139/receipt.json
25f5597a0cd6d20ca374ddc70ca8fa26718d937d55ef20ed5dbd40b8460bba8c	934	construction_large_run1/source0139/source_freeze.json
e3b0c44298fc1c149afbf4c8996fb92427ae41e4649b934ca495991b7852b855	0	construction_large_run1/source0139/stderr.txt
4eb3baeee696e0996762ec412c3483dcd30f0c2e6ab8809f9f06580ea2c2d92b	858	construction_large_run1/source0139/stdout.txt
e3b0c44298fc1c149afbf4c8996fb92427ae41e4649b934ca495991b7852b855	0	construction_large_run1/source0140/driver_stderr.txt
368ca0f765838c5bf8c4228576325ac3fca25951d5d45cc42bb429fa3c2ce89b	275	construction_large_run1/source0140/driver_stdout.txt
4e97c67f96d8c2adc12280a539ec086853e57a777784bc65eb39bedbe50feb87	3404	construction_large_run1/source0140/executed_driver_v1.txt
44220a7f2fbdeb77fc63292416952d8d5a972e259bf646701c5f221615cecc35	607	construction_large_run1/source0140/executed_inputs.gp
a60949f711c036af960dfa8839a6a794d1133faa3a022fbcb0fadeccc08741e2	6818	construction_large_run1/source0140/executed_script.gp
44220a7f2fbdeb77fc63292416952d8d5a972e259bf646701c5f221615cecc35	607	construction_large_run1/source0140/input.gp
3913b42380075c91493e110159408953000b0d13dfdede5a6b3d9966a05f71f9	303	construction_large_run1/source0140/receipt.json
9900b8f1a5e3eb6eddbf28c0c006bec868f441eb0b702c36179d48da645e7d2c	934	construction_large_run1/source0140/source_freeze.json
e3b0c44298fc1c149afbf4c8996fb92427ae41e4649b934ca495991b7852b855	0	construction_large_run1/source0140/stderr.txt
3ccaefa6872d5f053a2db9de6c817067ac691c7124ca2687f482969d37bc337d	862	construction_large_run1/source0140/stdout.txt
e3b0c44298fc1c149afbf4c8996fb92427ae41e4649b934ca495991b7852b855	0	construction_large_run1/source0141/driver_stderr.txt
cc442a5dc6cee995bd1a1f86cf9fd7bfe48ae7215828494270474b10662d8d1f	275	construction_large_run1/source0141/driver_stdout.txt
4e97c67f96d8c2adc12280a539ec086853e57a777784bc65eb39bedbe50feb87	3404	construction_large_run1/source0141/executed_driver_v1.txt
2ee02590d0b2068cd01ed5baa1a6c14d5157e208f9edefb2a6194a73ccc7b863	609	construction_large_run1/source0141/executed_inputs.gp
a60949f711c036af960dfa8839a6a794d1133faa3a022fbcb0fadeccc08741e2	6818	construction_large_run1/source0141/executed_script.gp
2ee02590d0b2068cd01ed5baa1a6c14d5157e208f9edefb2a6194a73ccc7b863	609	construction_large_run1/source0141/input.gp
a7ff476deedbb85849811e4df9c99bef49d686e1dcb6a1c124d6e691ae0fe357	303	construction_large_run1/source0141/receipt.json
a1a96f69eb63d8e1da78a9b37d81ad89ed14b990c1ce8f57fcd80bbd82588829	934	construction_large_run1/source0141/source_freeze.json
e3b0c44298fc1c149afbf4c8996fb92427ae41e4649b934ca495991b7852b855	0	construction_large_run1/source0141/stderr.txt
589f7f3daa99d6fd744dd6624f321ff137acf43eee079a3f80f41658703b461e	863	construction_large_run1/source0141/stdout.txt
e3b0c44298fc1c149afbf4c8996fb92427ae41e4649b934ca495991b7852b855	0	construction_large_run1/source0142/driver_stderr.txt
138e4fc2d55c57e2bd72206e8e75f3ad6e3e70d59204f9928f3ee3031c60b384	275	construction_large_run1/source0142/driver_stdout.txt
4e97c67f96d8c2adc12280a539ec086853e57a777784bc65eb39bedbe50feb87	3404	construction_large_run1/source0142/executed_driver_v1.txt
4373783f6c89b7a6201ec3200238bf950db95012053d903b0d1fcc9217475fa1	608	construction_large_run1/source0142/executed_inputs.gp
a60949f711c036af960dfa8839a6a794d1133faa3a022fbcb0fadeccc08741e2	6818	construction_large_run1/source0142/executed_script.gp
4373783f6c89b7a6201ec3200238bf950db95012053d903b0d1fcc9217475fa1	608	construction_large_run1/source0142/input.gp
a0c1573252b4ce98c9989d01d5bafef22b505dfe208e2dd31279a651823b376e	303	construction_large_run1/source0142/receipt.json
7770db4ea68d0ba1f71169821d5cd9f75a706e515a095c8bfa55f3e10aba78c1	934	construction_large_run1/source0142/source_freeze.json
e3b0c44298fc1c149afbf4c8996fb92427ae41e4649b934ca495991b7852b855	0	construction_large_run1/source0142/stderr.txt
5528413d741ac2fe3d298be0142060a5261fe0df8e94d4986f4468738764fd93	861	construction_large_run1/source0142/stdout.txt
e3b0c44298fc1c149afbf4c8996fb92427ae41e4649b934ca495991b7852b855	0	construction_large_run1/source0143/driver_stderr.txt
e0b693395614df39f4af6efea7da1d055a951b48fd7ee58d75d29183663abd41	275	construction_large_run1/source0143/driver_stdout.txt
4e97c67f96d8c2adc12280a539ec086853e57a777784bc65eb39bedbe50feb87	3404	construction_large_run1/source0143/executed_driver_v1.txt
5d2f973a40dcc9b02b5f8c80b2e10803d56bc81d805a67a074ee26c077017a08	604	construction_large_run1/source0143/executed_inputs.gp
a60949f711c036af960dfa8839a6a794d1133faa3a022fbcb0fadeccc08741e2	6818	construction_large_run1/source0143/executed_script.gp
5d2f973a40dcc9b02b5f8c80b2e10803d56bc81d805a67a074ee26c077017a08	604	construction_large_run1/source0143/input.gp
b8df28c62e3e79beb0220684951576419bca7ea849b92df8eefa9feadfb9981e	303	construction_large_run1/source0143/receipt.json
811e0758eb8fd519376d922de047f0c8d47e4bbaa1f57d6d44fa19b12eb047c2	934	construction_large_run1/source0143/source_freeze.json
e3b0c44298fc1c149afbf4c8996fb92427ae41e4649b934ca495991b7852b855	0	construction_large_run1/source0143/stderr.txt
6754180015876fdb8cb67787cda6254e4211815db3ce99c237c5c554086c5255	875	construction_large_run1/source0143/stdout.txt
e3b0c44298fc1c149afbf4c8996fb92427ae41e4649b934ca495991b7852b855	0	construction_large_run1/source0144/driver_stderr.txt
141a6f0c4f38f6a7db7892e56fb168fbe4c2166d1241f9838ad33c60581fd7e5	275	construction_large_run1/source0144/driver_stdout.txt
4e97c67f96d8c2adc12280a539ec086853e57a777784bc65eb39bedbe50feb87	3404	construction_large_run1/source0144/executed_driver_v1.txt
9ad1d0d218ac409137d2e1029c0d990113d5f1fde3554dc0cbf11a4282334c36	607	construction_large_run1/source0144/executed_inputs.gp
a60949f711c036af960dfa8839a6a794d1133faa3a022fbcb0fadeccc08741e2	6818	construction_large_run1/source0144/executed_script.gp
9ad1d0d218ac409137d2e1029c0d990113d5f1fde3554dc0cbf11a4282334c36	607	construction_large_run1/source0144/input.gp
3fcaa07d7ebafc51045fff7f86707f406a02f449793fd5d627a111515819f71c	303	construction_large_run1/source0144/receipt.json
a3b16701469c436004a0720f5b49a4d5b7caf0329abe7322634ceefbabfb32d7	934	construction_large_run1/source0144/source_freeze.json
e3b0c44298fc1c149afbf4c8996fb92427ae41e4649b934ca495991b7852b855	0	construction_large_run1/source0144/stderr.txt
59564feabdd57b2782cfc341df0797a050e6d3685a1cd3f75c9eb0ea1f86fb28	877	construction_large_run1/source0144/stdout.txt
e3b0c44298fc1c149afbf4c8996fb92427ae41e4649b934ca495991b7852b855	0	construction_large_run1/source0145/driver_stderr.txt
8c8bfc646a791027a02b543a411eaa06697cf45c210eff46a6bc62d94b201835	275	construction_large_run1/source0145/driver_stdout.txt
4e97c67f96d8c2adc12280a539ec086853e57a777784bc65eb39bedbe50feb87	3404	construction_large_run1/source0145/executed_driver_v1.txt
01e8279179c110356c54519e5e97b5f77b0a83059f913498e33aeef8147f0ac9	607	construction_large_run1/source0145/executed_inputs.gp
a60949f711c036af960dfa8839a6a794d1133faa3a022fbcb0fadeccc08741e2	6818	construction_large_run1/source0145/executed_script.gp
01e8279179c110356c54519e5e97b5f77b0a83059f913498e33aeef8147f0ac9	607	construction_large_run1/source0145/input.gp
dbb53d3b1ae002924825973f581c8e79b9acc57b6b6edf28db13e39d38712d0f	303	construction_large_run1/source0145/receipt.json
687f19d8df63660fcea70b1736c3e47e13aea9268beedab262dcaa8ae79dfe81	934	construction_large_run1/source0145/source_freeze.json
e3b0c44298fc1c149afbf4c8996fb92427ae41e4649b934ca495991b7852b855	0	construction_large_run1/source0145/stderr.txt
0ad4181aa82177e72c32e7f14cc994d3ab7f3c40592485f19233ccb81827f49a	875	construction_large_run1/source0145/stdout.txt
e3b0c44298fc1c149afbf4c8996fb92427ae41e4649b934ca495991b7852b855	0	construction_large_run1/source0146/driver_stderr.txt
c89d5e99a2161f8b3ea24deb2ef1487501dc55f00c56c481c25d8300270b1e38	275	construction_large_run1/source0146/driver_stdout.txt
4e97c67f96d8c2adc12280a539ec086853e57a777784bc65eb39bedbe50feb87	3404	construction_large_run1/source0146/executed_driver_v1.txt
7f1fd87cce65ada2972765d3dffbbf309dd0a97952d8b49c0ff0b7a04351f918	602	construction_large_run1/source0146/executed_inputs.gp
a60949f711c036af960dfa8839a6a794d1133faa3a022fbcb0fadeccc08741e2	6818	construction_large_run1/source0146/executed_script.gp
7f1fd87cce65ada2972765d3dffbbf309dd0a97952d8b49c0ff0b7a04351f918	602	construction_large_run1/source0146/input.gp
8b2b5e455cdd612cf3ede95de0d47e9c667a93a75dea7452050f36e45a11b156	303	construction_large_run1/source0146/receipt.json
41f6c104d1043ddeb67d81630e4a4f8e82d519434d9611f1a2db674fab64dc78	934	construction_large_run1/source0146/source_freeze.json
e3b0c44298fc1c149afbf4c8996fb92427ae41e4649b934ca495991b7852b855	0	construction_large_run1/source0146/stderr.txt
d9113c9a33717b4f8cdd56fe5338a7d27519b6608207d51b33ecfaeb19a0de64	869	construction_large_run1/source0146/stdout.txt
e3b0c44298fc1c149afbf4c8996fb92427ae41e4649b934ca495991b7852b855	0	construction_large_run1/source0147/driver_stderr.txt
501ab7daab7e7a0a5b41be135e350dc9fbe3e78835140e403772a19ba13df0ca	275	construction_large_run1/source0147/driver_stdout.txt
4e97c67f96d8c2adc12280a539ec086853e57a777784bc65eb39bedbe50feb87	3404	construction_large_run1/source0147/executed_driver_v1.txt
dcc6c1fbda1c1513107611e30b001e73162ade0a1a020e13fe910a8f0f6266fc	606	construction_large_run1/source0147/executed_inputs.gp
a60949f711c036af960dfa8839a6a794d1133faa3a022fbcb0fadeccc08741e2	6818	construction_large_run1/source0147/executed_script.gp
dcc6c1fbda1c1513107611e30b001e73162ade0a1a020e13fe910a8f0f6266fc	606	construction_large_run1/source0147/input.gp
5d2d130f9736fc6ca76e90c308ecd07bf53cd4081a37406a639483d7911dcc8f	303	construction_large_run1/source0147/receipt.json
9153f5c5528b4236fe92d7642533ab660aa44f51547ffcd707f256153e263418	934	construction_large_run1/source0147/source_freeze.json
e3b0c44298fc1c149afbf4c8996fb92427ae41e4649b934ca495991b7852b855	0	construction_large_run1/source0147/stderr.txt
a49c7a218bc47fdc0709b12ef56e7e1c08a516a9c230ede992beced31f98b937	872	construction_large_run1/source0147/stdout.txt
e3b0c44298fc1c149afbf4c8996fb92427ae41e4649b934ca495991b7852b855	0	construction_large_run1/source0148/driver_stderr.txt
89ed42fede070014ad246e87493af3307c786f3030f66827c1a5ee2647d5e662	275	construction_large_run1/source0148/driver_stdout.txt
4e97c67f96d8c2adc12280a539ec086853e57a777784bc65eb39bedbe50feb87	3404	construction_large_run1/source0148/executed_driver_v1.txt
28e5fbd5dc42a8f7d0f4da351c6992dc9b7251cf987bf495b274604aef01b386	606	construction_large_run1/source0148/executed_inputs.gp
a60949f711c036af960dfa8839a6a794d1133faa3a022fbcb0fadeccc08741e2	6818	construction_large_run1/source0148/executed_script.gp
28e5fbd5dc42a8f7d0f4da351c6992dc9b7251cf987bf495b274604aef01b386	606	construction_large_run1/source0148/input.gp
9e09cabee47cc6570390811a80b2631ec6687ffc4c51c6b0dc12baa7d449c918	303	construction_large_run1/source0148/receipt.json
43f87c871e00aa7536e75ecae0720896392df9fb63aa4e3cd9267c80fb7ffa6f	934	construction_large_run1/source0148/source_freeze.json
e3b0c44298fc1c149afbf4c8996fb92427ae41e4649b934ca495991b7852b855	0	construction_large_run1/source0148/stderr.txt
0f0df21b68d54cf6718b6ec2d4379617d2d77f643c5ee9a9c8bd1652490a8699	875	construction_large_run1/source0148/stdout.txt
e3b0c44298fc1c149afbf4c8996fb92427ae41e4649b934ca495991b7852b855	0	construction_large_run1/source0149/driver_stderr.txt
104ab175943d9f1936717a675e77f3ca5c2e4b3d36cb9e821112a7d93eecfa38	275	construction_large_run1/source0149/driver_stdout.txt
4e97c67f96d8c2adc12280a539ec086853e57a777784bc65eb39bedbe50feb87	3404	construction_large_run1/source0149/executed_driver_v1.txt
752e5412ba6b18aa4c3862dff887f71cd45680ccc0c5b531e40ca06ae54a48b2	608	construction_large_run1/source0149/executed_inputs.gp
a60949f711c036af960dfa8839a6a794d1133faa3a022fbcb0fadeccc08741e2	6818	construction_large_run1/source0149/executed_script.gp
752e5412ba6b18aa4c3862dff887f71cd45680ccc0c5b531e40ca06ae54a48b2	608	construction_large_run1/source0149/input.gp
e16e9efd81e73264ddc1b590971bef1483d659495e0203c059fd54c18b7c4bb3	303	construction_large_run1/source0149/receipt.json
1c8d9cb7cb62b3a80b7d0353c9857e4cc9c209c6adaf44620a4cd3d66912e477	934	construction_large_run1/source0149/source_freeze.json
e3b0c44298fc1c149afbf4c8996fb92427ae41e4649b934ca495991b7852b855	0	construction_large_run1/source0149/stderr.txt
f5f06b7ebd32d8c586f8f44a3dd51be6fa1cd0a387d6c4bdc846f866238cd98c	874	construction_large_run1/source0149/stdout.txt
e3b0c44298fc1c149afbf4c8996fb92427ae41e4649b934ca495991b7852b855	0	construction_large_run1/source0150/driver_stderr.txt
e6cf2d4ffe086f52213a3c5479a3563ccaa6e0f461c147d3f8c72000fbc2d162	275	construction_large_run1/source0150/driver_stdout.txt
4e97c67f96d8c2adc12280a539ec086853e57a777784bc65eb39bedbe50feb87	3404	construction_large_run1/source0150/executed_driver_v1.txt
2ab37a23ec531dac0b05c1a505da50bef0e0e5e1cf25066762781e09e8de8ce6	605	construction_large_run1/source0150/executed_inputs.gp
a60949f711c036af960dfa8839a6a794d1133faa3a022fbcb0fadeccc08741e2	6818	construction_large_run1/source0150/executed_script.gp
2ab37a23ec531dac0b05c1a505da50bef0e0e5e1cf25066762781e09e8de8ce6	605	construction_large_run1/source0150/input.gp
5d26d7c73e151b3b3b7c5d3f0fe104edaf76df36a0220cfbf4a0bede78fdb151	303	construction_large_run1/source0150/receipt.json
5eedac9463a30bb2828517cfa2c1b4ccc11cd863d23056a0820ad93fd3bb3456	934	construction_large_run1/source0150/source_freeze.json
e3b0c44298fc1c149afbf4c8996fb92427ae41e4649b934ca495991b7852b855	0	construction_large_run1/source0150/stderr.txt
c37019d1197dd8415852312ad6aa12077e54ebf4c3227d66370cec3990039757	876	construction_large_run1/source0150/stdout.txt
e3b0c44298fc1c149afbf4c8996fb92427ae41e4649b934ca495991b7852b855	0	construction_large_run1/source0151/driver_stderr.txt
3b89f6a37744f28370da1466cc69e5c532e2848c0b5601cc8198e4c28ef28455	275	construction_large_run1/source0151/driver_stdout.txt
4e97c67f96d8c2adc12280a539ec086853e57a777784bc65eb39bedbe50feb87	3404	construction_large_run1/source0151/executed_driver_v1.txt
76df35d00292d11a00b249aba926b49f16bdcd143da02a3d2977f60e2172a72a	606	construction_large_run1/source0151/executed_inputs.gp
a60949f711c036af960dfa8839a6a794d1133faa3a022fbcb0fadeccc08741e2	6818	construction_large_run1/source0151/executed_script.gp
76df35d00292d11a00b249aba926b49f16bdcd143da02a3d2977f60e2172a72a	606	construction_large_run1/source0151/input.gp
3c16b88727f4825741f886485ccc754d2411f3348f437a25951569f23066247b	303	construction_large_run1/source0151/receipt.json
f53b7b60608b249fc85ecb7a8685ea337b296e7321418a920f289c36956a0a4f	934	construction_large_run1/source0151/source_freeze.json
e3b0c44298fc1c149afbf4c8996fb92427ae41e4649b934ca495991b7852b855	0	construction_large_run1/source0151/stderr.txt
bd72e0071197a4c4c6369a118425c647e93dcda866b7a6e708531f0d63b29371	860	construction_large_run1/source0151/stdout.txt
e3b0c44298fc1c149afbf4c8996fb92427ae41e4649b934ca495991b7852b855	0	construction_large_run1/source0152/driver_stderr.txt
b593a78db3946745c71abd71b4ef08036419edd11ef991468d5f4cbc4bfa9a8f	275	construction_large_run1/source0152/driver_stdout.txt
4e97c67f96d8c2adc12280a539ec086853e57a777784bc65eb39bedbe50feb87	3404	construction_large_run1/source0152/executed_driver_v1.txt
07a964af273ebe1b34f83c05cb95345c40bcb8f41e13fd29a1f5b9f8551b0074	607	construction_large_run1/source0152/executed_inputs.gp
a60949f711c036af960dfa8839a6a794d1133faa3a022fbcb0fadeccc08741e2	6818	construction_large_run1/source0152/executed_script.gp
07a964af273ebe1b34f83c05cb95345c40bcb8f41e13fd29a1f5b9f8551b0074	607	construction_large_run1/source0152/input.gp
539dfec92ee77c031bcc6ad532d8b324ee5d2a8cc0e3381e8cbe5264a420dddd	303	construction_large_run1/source0152/receipt.json
7ac04b11a04d94578ba78189cd60035af2afe670f0238b48c3bdc8665a1a407b	934	construction_large_run1/source0152/source_freeze.json
e3b0c44298fc1c149afbf4c8996fb92427ae41e4649b934ca495991b7852b855	0	construction_large_run1/source0152/stderr.txt
000e26a42b5601bc0f35610cb41359f95b33a7a0819f19561f24c4acfbdf1777	860	construction_large_run1/source0152/stdout.txt
e3b0c44298fc1c149afbf4c8996fb92427ae41e4649b934ca495991b7852b855	0	construction_large_run1/source0153/driver_stderr.txt
0e89ff06107825c820b4b9fda170e55f695bb930b12a81c3054e902ae5777539	275	construction_large_run1/source0153/driver_stdout.txt
4e97c67f96d8c2adc12280a539ec086853e57a777784bc65eb39bedbe50feb87	3404	construction_large_run1/source0153/executed_driver_v1.txt
1bc69145d5c5a4376a2d77e139cf98fc62b80b0c09efca4dffff7e0d8b0c1b45	604	construction_large_run1/source0153/executed_inputs.gp
a60949f711c036af960dfa8839a6a794d1133faa3a022fbcb0fadeccc08741e2	6818	construction_large_run1/source0153/executed_script.gp
1bc69145d5c5a4376a2d77e139cf98fc62b80b0c09efca4dffff7e0d8b0c1b45	604	construction_large_run1/source0153/input.gp
68cca453f3e5b9c40f7e06b9a11a75b0a12522cc5274bf138cdd52955dabd55b	303	construction_large_run1/source0153/receipt.json
85ee80ce1d7987c45de2c4f09f193076db30e32223e8bce5ee50623a3d5720a5	934	construction_large_run1/source0153/source_freeze.json
e3b0c44298fc1c149afbf4c8996fb92427ae41e4649b934ca495991b7852b855	0	construction_large_run1/source0153/stderr.txt
f9b82d6d795f701d01429660926dfb85c83d87f6d47123898fe5f17dd921bf2e	861	construction_large_run1/source0153/stdout.txt
e3b0c44298fc1c149afbf4c8996fb92427ae41e4649b934ca495991b7852b855	0	construction_large_run1/source0154/driver_stderr.txt
be03e3b62c522aacc18e9628ca20654ca33667c34d794aa47684f8c665f9f05b	275	construction_large_run1/source0154/driver_stdout.txt
4e97c67f96d8c2adc12280a539ec086853e57a777784bc65eb39bedbe50feb87	3404	construction_large_run1/source0154/executed_driver_v1.txt
5f2717aecdca883254172817b6c1e49e6982cb2a16bd9faada09c6c72a16c630	605	construction_large_run1/source0154/executed_inputs.gp
a60949f711c036af960dfa8839a6a794d1133faa3a022fbcb0fadeccc08741e2	6818	construction_large_run1/source0154/executed_script.gp
5f2717aecdca883254172817b6c1e49e6982cb2a16bd9faada09c6c72a16c630	605	construction_large_run1/source0154/input.gp
d9b5bd2164aa8e8a48b96e499012c66d8c8a6e8eaa01523eb41f6a9f530aaeb2	303	construction_large_run1/source0154/receipt.json
62dbe548e5a5650ed82fd7461a8cb7c4c1c960933ae86cd2cac93d031d082ad2	934	construction_large_run1/source0154/source_freeze.json
e3b0c44298fc1c149afbf4c8996fb92427ae41e4649b934ca495991b7852b855	0	construction_large_run1/source0154/stderr.txt
2c6ffa3601886b700bb00a7401fed54cd6860397afcb4c1ac76dcc2b72bad9be	874	construction_large_run1/source0154/stdout.txt
e3b0c44298fc1c149afbf4c8996fb92427ae41e4649b934ca495991b7852b855	0	construction_large_run1/source0155/driver_stderr.txt
ecaae0fa71f0beab66d488be99cd043e3adea2281c9a65772251623342e37e29	275	construction_large_run1/source0155/driver_stdout.txt
4e97c67f96d8c2adc12280a539ec086853e57a777784bc65eb39bedbe50feb87	3404	construction_large_run1/source0155/executed_driver_v1.txt
1bf0bf09eda0193ac82b91efe4c93bb36068d84e4240c598e32b0da04de93857	604	construction_large_run1/source0155/executed_inputs.gp
a60949f711c036af960dfa8839a6a794d1133faa3a022fbcb0fadeccc08741e2	6818	construction_large_run1/source0155/executed_script.gp
1bf0bf09eda0193ac82b91efe4c93bb36068d84e4240c598e32b0da04de93857	604	construction_large_run1/source0155/input.gp
bde5c3e0436de01e618206efd58d8b431343f056a7e248c864efb5bd4b8f8d7a	303	construction_large_run1/source0155/receipt.json
188c7654e305d253fc8f301413b74ee6951d74ac63b06f900a6df94531c8323d	934	construction_large_run1/source0155/source_freeze.json
e3b0c44298fc1c149afbf4c8996fb92427ae41e4649b934ca495991b7852b855	0	construction_large_run1/source0155/stderr.txt
3bd77f96df2c2fb546a558a39aa6c02e5a66cf72badd0c5978c912f54f7ade0a	874	construction_large_run1/source0155/stdout.txt
e3b0c44298fc1c149afbf4c8996fb92427ae41e4649b934ca495991b7852b855	0	construction_large_run1/source0156/driver_stderr.txt
8a6fcfc1ef39449bff2f441055ad272a7e8937b5461604b837bb564fc6ed2b56	275	construction_large_run1/source0156/driver_stdout.txt
4e97c67f96d8c2adc12280a539ec086853e57a777784bc65eb39bedbe50feb87	3404	construction_large_run1/source0156/executed_driver_v1.txt
ce12270f064be4daded5cf96c73bb6357ce6093d6db5e5ddf5b8f0280c9f3a73	606	construction_large_run1/source0156/executed_inputs.gp
a60949f711c036af960dfa8839a6a794d1133faa3a022fbcb0fadeccc08741e2	6818	construction_large_run1/source0156/executed_script.gp
ce12270f064be4daded5cf96c73bb6357ce6093d6db5e5ddf5b8f0280c9f3a73	606	construction_large_run1/source0156/input.gp
fe75d8bca278867a04ea0221cbcd7043eb913adb2dcdbb74c4b7623ecbd41c64	303	construction_large_run1/source0156/receipt.json
bfe40c53609f6cf784e7a1f2bbff8cf527de428ce23d944e27e88c84d3f7cdd2	934	construction_large_run1/source0156/source_freeze.json
e3b0c44298fc1c149afbf4c8996fb92427ae41e4649b934ca495991b7852b855	0	construction_large_run1/source0156/stderr.txt
922344df92b86245436ff5c837f9c7a76f6e3aba518c4eb7c807cb1783bef20b	875	construction_large_run1/source0156/stdout.txt
e3b0c44298fc1c149afbf4c8996fb92427ae41e4649b934ca495991b7852b855	0	construction_large_run1/source0157/driver_stderr.txt
3a708c365ad89ade649290edf1836d7e0572e767cf1464841fe8d5ecaca577e8	275	construction_large_run1/source0157/driver_stdout.txt
4e97c67f96d8c2adc12280a539ec086853e57a777784bc65eb39bedbe50feb87	3404	construction_large_run1/source0157/executed_driver_v1.txt
6d2422b0bdc9954a833f35f5efd57e42f360baa47c43fa3e1fd231877be24b42	607	construction_large_run1/source0157/executed_inputs.gp
a60949f711c036af960dfa8839a6a794d1133faa3a022fbcb0fadeccc08741e2	6818	construction_large_run1/source0157/executed_script.gp
6d2422b0bdc9954a833f35f5efd57e42f360baa47c43fa3e1fd231877be24b42	607	construction_large_run1/source0157/input.gp
05318b483590457fc2e839d4e7772590f31ddaa0675a2c889c21a9e564c83607	303	construction_large_run1/source0157/receipt.json
7d992ad599809af332769048a5042802b5851faad3aec85d1e58f9bd58a8de33	934	construction_large_run1/source0157/source_freeze.json
e3b0c44298fc1c149afbf4c8996fb92427ae41e4649b934ca495991b7852b855	0	construction_large_run1/source0157/stderr.txt
5a37da6fe3011da3ce722f71b01895adca2ea522ad0d0114147332d02a6d30d6	877	construction_large_run1/source0157/stdout.txt
e3b0c44298fc1c149afbf4c8996fb92427ae41e4649b934ca495991b7852b855	0	construction_large_run1/source0158/driver_stderr.txt
c1032ac471ad8cfaf90fee670f43ac9b11053033c8147d8e1be14ac77cf4ef5d	275	construction_large_run1/source0158/driver_stdout.txt
4e97c67f96d8c2adc12280a539ec086853e57a777784bc65eb39bedbe50feb87	3404	construction_large_run1/source0158/executed_driver_v1.txt
a0bc6649c76cdbab6acf86735f0e5a3474543b88219067e83481dd2db0cce291	606	construction_large_run1/source0158/executed_inputs.gp
a60949f711c036af960dfa8839a6a794d1133faa3a022fbcb0fadeccc08741e2	6818	construction_large_run1/source0158/executed_script.gp
a0bc6649c76cdbab6acf86735f0e5a3474543b88219067e83481dd2db0cce291	606	construction_large_run1/source0158/input.gp
f738e3c0b8a29545cf2381c8f9f5fcf5071dca31a8480ba0eeff4d8515408ec1	303	construction_large_run1/source0158/receipt.json
0d36f82f16bd98d4155f049dbb7174d6599dff04604fc0c56d9361c5c14783a8	934	construction_large_run1/source0158/source_freeze.json
e3b0c44298fc1c149afbf4c8996fb92427ae41e4649b934ca495991b7852b855	0	construction_large_run1/source0158/stderr.txt
78e078e4804f21dea957e203592f2838b59d853867bf4a9af28463e073624f48	875	construction_large_run1/source0158/stdout.txt
e3b0c44298fc1c149afbf4c8996fb92427ae41e4649b934ca495991b7852b855	0	construction_large_run1/source0159/driver_stderr.txt
f986dbc4b1d8fcbd8e91daff77067c5befbf4d4bea65ef4c7db7a2ce7354eb90	275	construction_large_run1/source0159/driver_stdout.txt
4e97c67f96d8c2adc12280a539ec086853e57a777784bc65eb39bedbe50feb87	3404	construction_large_run1/source0159/executed_driver_v1.txt
bf9affbdcc90886749f405be465ad444a50753df3019b37e062564c9e6dbb1f8	609	construction_large_run1/source0159/executed_inputs.gp
a60949f711c036af960dfa8839a6a794d1133faa3a022fbcb0fadeccc08741e2	6818	construction_large_run1/source0159/executed_script.gp
bf9affbdcc90886749f405be465ad444a50753df3019b37e062564c9e6dbb1f8	609	construction_large_run1/source0159/input.gp
1c83aeec7d9859269bf58edbf4de28e4d35011cb181aa44c56c3705e47c7f80c	303	construction_large_run1/source0159/receipt.json
0d5db0ac52ea1da1a53cb6a8b15f0b4e154d6b61e5f22b76bd47276b4466eb2e	934	construction_large_run1/source0159/source_freeze.json
e3b0c44298fc1c149afbf4c8996fb92427ae41e4649b934ca495991b7852b855	0	construction_large_run1/source0159/stderr.txt
8c431195d8ddd56a5ee33e927ca0fd5efb3b011ad1c702245eea8a4b9a410c57	860	construction_large_run1/source0159/stdout.txt
e3b0c44298fc1c149afbf4c8996fb92427ae41e4649b934ca495991b7852b855	0	construction_large_run1/source0160/driver_stderr.txt
42722854be81da140eccd118ff0c97fdf8f917e5fcf413553edd382ca7996537	275	construction_large_run1/source0160/driver_stdout.txt
4e97c67f96d8c2adc12280a539ec086853e57a777784bc65eb39bedbe50feb87	3404	construction_large_run1/source0160/executed_driver_v1.txt
e89c6324c1ff0f6e08549b835ad91e373b3ae63b1402efe768768a63ea207502	608	construction_large_run1/source0160/executed_inputs.gp
a60949f711c036af960dfa8839a6a794d1133faa3a022fbcb0fadeccc08741e2	6818	construction_large_run1/source0160/executed_script.gp
e89c6324c1ff0f6e08549b835ad91e373b3ae63b1402efe768768a63ea207502	608	construction_large_run1/source0160/input.gp
1430c6b6a88240a0cab1b52e452e65ea49f94ddb365208db46900fbe47658461	303	construction_large_run1/source0160/receipt.json
48177c95ff4afe751dcf44ac61cca16fedbc2355a7d646b8fa33c7aec1aab670	934	construction_large_run1/source0160/source_freeze.json
e3b0c44298fc1c149afbf4c8996fb92427ae41e4649b934ca495991b7852b855	0	construction_large_run1/source0160/stderr.txt
7aaf1b94b35cbc3030ac2033260193ae48e216dcfba71adc92fdd164d713106d	874	construction_large_run1/source0160/stdout.txt
e3b0c44298fc1c149afbf4c8996fb92427ae41e4649b934ca495991b7852b855	0	construction_large_run1/source0161/driver_stderr.txt
b1de914117527a9c0c735bd26f98c164faf8cf6ebe8ba5177cd2fe34a2a02e89	275	construction_large_run1/source0161/driver_stdout.txt
4e97c67f96d8c2adc12280a539ec086853e57a777784bc65eb39bedbe50feb87	3404	construction_large_run1/source0161/executed_driver_v1.txt
95f4258ae24a7a3931aaf6d82cc5f185c4479bdc51a8e17ed44bed9f3e877abb	608	construction_large_run1/source0161/executed_inputs.gp
a60949f711c036af960dfa8839a6a794d1133faa3a022fbcb0fadeccc08741e2	6818	construction_large_run1/source0161/executed_script.gp
95f4258ae24a7a3931aaf6d82cc5f185c4479bdc51a8e17ed44bed9f3e877abb	608	construction_large_run1/source0161/input.gp
9810d0b7e9e52e79f796af2ba230a890360746d00f5b1023b001b6e248f45e2e	303	construction_large_run1/source0161/receipt.json
8273986f06da81ea527d14a3b116eb8fcfad9c689ad39a3abebe6cca8f193f8a	934	construction_large_run1/source0161/source_freeze.json
e3b0c44298fc1c149afbf4c8996fb92427ae41e4649b934ca495991b7852b855	0	construction_large_run1/source0161/stderr.txt
761cbda80a5d53aff0af34666ecbf33833f46b180286cafb4d080e2692ef25e0	882	construction_large_run1/source0161/stdout.txt
e3b0c44298fc1c149afbf4c8996fb92427ae41e4649b934ca495991b7852b855	0	construction_large_run1/source0162/driver_stderr.txt
54b7cfa670500ffd5f6e172650aaabad4590af3730febb738872fc11585646a7	275	construction_large_run1/source0162/driver_stdout.txt
4e97c67f96d8c2adc12280a539ec086853e57a777784bc65eb39bedbe50feb87	3404	construction_large_run1/source0162/executed_driver_v1.txt
cd3dc1bff3c746d4dae86016a0f426f62ef0336581782e6340d16365451020cd	605	construction_large_run1/source0162/executed_inputs.gp
a60949f711c036af960dfa8839a6a794d1133faa3a022fbcb0fadeccc08741e2	6818	construction_large_run1/source0162/executed_script.gp
cd3dc1bff3c746d4dae86016a0f426f62ef0336581782e6340d16365451020cd	605	construction_large_run1/source0162/input.gp
3584d04fa904956e2c38611b172c37b3fa632758bb048fcb05dc373ecb4c312a	303	construction_large_run1/source0162/receipt.json
34d16b2306cfc724586c726b2684093ef7f65b163d6557b4f1489d3c482508b1	934	construction_large_run1/source0162/source_freeze.json
e3b0c44298fc1c149afbf4c8996fb92427ae41e4649b934ca495991b7852b855	0	construction_large_run1/source0162/stderr.txt
41344de3bbfbfac2c24befac448047980b7b029dd4e8c7b9ac12fc9d004760eb	869	construction_large_run1/source0162/stdout.txt
e3b0c44298fc1c149afbf4c8996fb92427ae41e4649b934ca495991b7852b855	0	construction_large_run1/source0163/driver_stderr.txt
aa7bf16b1157e830ad8661228b32c6c83709518c547e7d36f06fd011bd325122	275	construction_large_run1/source0163/driver_stdout.txt
4e97c67f96d8c2adc12280a539ec086853e57a777784bc65eb39bedbe50feb87	3404	construction_large_run1/source0163/executed_driver_v1.txt
8594226232f82db0bf5674a5a090300da49216a5f21949a27d9d4567d6965bce	602	construction_large_run1/source0163/executed_inputs.gp
a60949f711c036af960dfa8839a6a794d1133faa3a022fbcb0fadeccc08741e2	6818	construction_large_run1/source0163/executed_script.gp
8594226232f82db0bf5674a5a090300da49216a5f21949a27d9d4567d6965bce	602	construction_large_run1/source0163/input.gp
f1a3026ce093e46c327dc6a3eed1d01254ae573e54c870ab670202868d5b12b6	303	construction_large_run1/source0163/receipt.json
a8e7779228ed81c56acd187e5e57c90c7b3f2cf79b063b2d373443b8e2756374	934	construction_large_run1/source0163/source_freeze.json
e3b0c44298fc1c149afbf4c8996fb92427ae41e4649b934ca495991b7852b855	0	construction_large_run1/source0163/stderr.txt
21093a68dbc930a49e6e235365510606f17caebdb65635b40e1982d989019b4c	874	construction_large_run1/source0163/stdout.txt
e3b0c44298fc1c149afbf4c8996fb92427ae41e4649b934ca495991b7852b855	0	construction_large_run1/source0164/driver_stderr.txt
4a706478f2955683075deb8b07b414ccb4802c9529bd7e6151f27a4f21fd46f3	275	construction_large_run1/source0164/driver_stdout.txt
4e97c67f96d8c2adc12280a539ec086853e57a777784bc65eb39bedbe50feb87	3404	construction_large_run1/source0164/executed_driver_v1.txt
67191054b89db22f5ecf5836384361f1dc3eb1495c8d24c0ede5d0aea1158707	605	construction_large_run1/source0164/executed_inputs.gp
a60949f711c036af960dfa8839a6a794d1133faa3a022fbcb0fadeccc08741e2	6818	construction_large_run1/source0164/executed_script.gp
67191054b89db22f5ecf5836384361f1dc3eb1495c8d24c0ede5d0aea1158707	605	construction_large_run1/source0164/input.gp
57320e1722493d6f3f5024818ee99ec9a5c2d54a855083565c1315b1bad94a5a	303	construction_large_run1/source0164/receipt.json
55aeca24ee69ff4bb99a9695bd94d36dfc2d97c7fcc5fcdf93fb2d3f40a5e09b	934	construction_large_run1/source0164/source_freeze.json
e3b0c44298fc1c149afbf4c8996fb92427ae41e4649b934ca495991b7852b855	0	construction_large_run1/source0164/stderr.txt
8975f57a7ccfc2e319701526e38b31a4329f028e321a6b8a85f29d44e6449cbb	872	construction_large_run1/source0164/stdout.txt
e3b0c44298fc1c149afbf4c8996fb92427ae41e4649b934ca495991b7852b855	0	construction_large_run1/source0165/driver_stderr.txt
9a0173fef725c4f8363af099f265efe543f39719fd3a0ecf3fa95e0547448ff0	275	construction_large_run1/source0165/driver_stdout.txt
4e97c67f96d8c2adc12280a539ec086853e57a777784bc65eb39bedbe50feb87	3404	construction_large_run1/source0165/executed_driver_v1.txt
130e12108800414482dd8d489ba84713b012aca67fd334186f945dd2f344240e	605	construction_large_run1/source0165/executed_inputs.gp
a60949f711c036af960dfa8839a6a794d1133faa3a022fbcb0fadeccc08741e2	6818	construction_large_run1/source0165/executed_script.gp
130e12108800414482dd8d489ba84713b012aca67fd334186f945dd2f344240e	605	construction_large_run1/source0165/input.gp
e21ce178040e40471193325bf8c291e1e1d25c5d727251d68229367c47de383c	303	construction_large_run1/source0165/receipt.json
88a6c6a9631206e0841a8f5183670d66f335ad01cc8334bea39d965b98af56eb	934	construction_large_run1/source0165/source_freeze.json
e3b0c44298fc1c149afbf4c8996fb92427ae41e4649b934ca495991b7852b855	0	construction_large_run1/source0165/stderr.txt
c85a5446895f60facf9c66966fc62332bf043288a4f69a36443e70df8cd584fb	871	construction_large_run1/source0165/stdout.txt
e3b0c44298fc1c149afbf4c8996fb92427ae41e4649b934ca495991b7852b855	0	construction_large_run1/source0166/driver_stderr.txt
7d86be6863c7806ec6bd9b7a78c63c9a872f79b02b1aed14b390c7f336f1372d	275	construction_large_run1/source0166/driver_stdout.txt
4e97c67f96d8c2adc12280a539ec086853e57a777784bc65eb39bedbe50feb87	3404	construction_large_run1/source0166/executed_driver_v1.txt
b7138288fb94cfe7a46c54256d0b55be3459a18618b195c995f07cdad94fa49c	607	construction_large_run1/source0166/executed_inputs.gp
a60949f711c036af960dfa8839a6a794d1133faa3a022fbcb0fadeccc08741e2	6818	construction_large_run1/source0166/executed_script.gp
b7138288fb94cfe7a46c54256d0b55be3459a18618b195c995f07cdad94fa49c	607	construction_large_run1/source0166/input.gp
184acd52af14eb1d16dc81b62bbfb173c75d4639b8ab591d414e033ba30b0929	303	construction_large_run1/source0166/receipt.json
12a02726e9575ca1bcc0c8390f3f790969c495abbef2bfd94ffb40598482aa8e	934	construction_large_run1/source0166/source_freeze.json
e3b0c44298fc1c149afbf4c8996fb92427ae41e4649b934ca495991b7852b855	0	construction_large_run1/source0166/stderr.txt
2c72edaddc7ffc56a90c4376dd7498a796c2541c30aa49bb7fa6827b50d81d79	884	construction_large_run1/source0166/stdout.txt
e3b0c44298fc1c149afbf4c8996fb92427ae41e4649b934ca495991b7852b855	0	construction_large_run1/source0167/driver_stderr.txt
ddcb761bba8a496334f08f7d1ec9edf968982eb175005383da9792b417bb8dd9	275	construction_large_run1/source0167/driver_stdout.txt
4e97c67f96d8c2adc12280a539ec086853e57a777784bc65eb39bedbe50feb87	3404	construction_large_run1/source0167/executed_driver_v1.txt
046ac09caa52ccefa77cd3130cbc030be0c81e92279fd733678515194540a746	605	construction_large_run1/source0167/executed_inputs.gp
a60949f711c036af960dfa8839a6a794d1133faa3a022fbcb0fadeccc08741e2	6818	construction_large_run1/source0167/executed_script.gp
046ac09caa52ccefa77cd3130cbc030be0c81e92279fd733678515194540a746	605	construction_large_run1/source0167/input.gp
8cca48339a60ebf0278dd1f1bae4bc818e32ed5aed3c8394e48bb8bda3539d95	303	construction_large_run1/source0167/receipt.json
abae23f332aa238c2f80f33c28a73d3a67fa76a4701b7f26aa53b09bb404a941	934	construction_large_run1/source0167/source_freeze.json
e3b0c44298fc1c149afbf4c8996fb92427ae41e4649b934ca495991b7852b855	0	construction_large_run1/source0167/stderr.txt
72bb5a6b92ff98a9631c1a721c2b4f58eaa708ff4d87f70df84a8611e7254ff1	856	construction_large_run1/source0167/stdout.txt
e3b0c44298fc1c149afbf4c8996fb92427ae41e4649b934ca495991b7852b855	0	construction_large_run1/source0168/driver_stderr.txt
efbbecdd639881fd150bcb3564b01b154aba581895a7ac9a9ec030b820074756	275	construction_large_run1/source0168/driver_stdout.txt
4e97c67f96d8c2adc12280a539ec086853e57a777784bc65eb39bedbe50feb87	3404	construction_large_run1/source0168/executed_driver_v1.txt
e5654f7aa43d45e1bea18ef0b4d9add44bf3daa4e7e5e559dafcbb7a438ba3d1	605	construction_large_run1/source0168/executed_inputs.gp
a60949f711c036af960dfa8839a6a794d1133faa3a022fbcb0fadeccc08741e2	6818	construction_large_run1/source0168/executed_script.gp
e5654f7aa43d45e1bea18ef0b4d9add44bf3daa4e7e5e559dafcbb7a438ba3d1	605	construction_large_run1/source0168/input.gp
c160824bb526d73c6e0a9dcdd31f5151cb9cbd4d23c004e225c51a637c8f5eb4	303	construction_large_run1/source0168/receipt.json
b25708c67c4a856eb3e76badd0095cc665bc0a8b8d440a7d859f4f3d9db78990	934	construction_large_run1/source0168/source_freeze.json
e3b0c44298fc1c149afbf4c8996fb92427ae41e4649b934ca495991b7852b855	0	construction_large_run1/source0168/stderr.txt
e5caad1bb728d64857baa3b94c6801a1e9278052cea41b690c65c83ebfca04bf	871	construction_large_run1/source0168/stdout.txt
e3b0c44298fc1c149afbf4c8996fb92427ae41e4649b934ca495991b7852b855	0	construction_large_run1/source0169/driver_stderr.txt
f7efd2afc2e8f5e1c34de963508b30c3b03a5d2770ee57e02ae31079595b5d20	275	construction_large_run1/source0169/driver_stdout.txt
4e97c67f96d8c2adc12280a539ec086853e57a777784bc65eb39bedbe50feb87	3404	construction_large_run1/source0169/executed_driver_v1.txt
583e0d06c4247d2ab39edac7481a82d41eed54cd689fe32acf18abbaf4c56778	606	construction_large_run1/source0169/executed_inputs.gp
a60949f711c036af960dfa8839a6a794d1133faa3a022fbcb0fadeccc08741e2	6818	construction_large_run1/source0169/executed_script.gp
583e0d06c4247d2ab39edac7481a82d41eed54cd689fe32acf18abbaf4c56778	606	construction_large_run1/source0169/input.gp
17d21eab168a253fa40a21df2ab84b88c58fef149269ac3efb9280720d8240f6	303	construction_large_run1/source0169/receipt.json
d5dacb7cfcea9efaf754795dd83873114986429abedf912486004fb11bfe1ebe	934	construction_large_run1/source0169/source_freeze.json
e3b0c44298fc1c149afbf4c8996fb92427ae41e4649b934ca495991b7852b855	0	construction_large_run1/source0169/stderr.txt
c7f3c330dfafb515672d7e25765d85350b2013fa87e4e143762b364e7acee3d5	873	construction_large_run1/source0169/stdout.txt
e3b0c44298fc1c149afbf4c8996fb92427ae41e4649b934ca495991b7852b855	0	construction_large_run1/source0170/driver_stderr.txt
e9de3ac8977a7246cbec428c9491de2d6627aaa11cf8c7f5ccbb6a08c3d7f100	275	construction_large_run1/source0170/driver_stdout.txt
4e97c67f96d8c2adc12280a539ec086853e57a777784bc65eb39bedbe50feb87	3404	construction_large_run1/source0170/executed_driver_v1.txt
35a9b29e3514676f25503d7b198d6d412f8fa347c358adbcc663bf3d84b1eea0	604	construction_large_run1/source0170/executed_inputs.gp
a60949f711c036af960dfa8839a6a794d1133faa3a022fbcb0fadeccc08741e2	6818	construction_large_run1/source0170/executed_script.gp
35a9b29e3514676f25503d7b198d6d412f8fa347c358adbcc663bf3d84b1eea0	604	construction_large_run1/source0170/input.gp
2ab1f18600451d4bc91377b40506c301a9dbbd43a8c371a4452436dfbcb87ed7	303	construction_large_run1/source0170/receipt.json
d72a0ea74110b5dd4f157a867817f67aac479b135bd65f65514cac67fce0de12	934	construction_large_run1/source0170/source_freeze.json
e3b0c44298fc1c149afbf4c8996fb92427ae41e4649b934ca495991b7852b855	0	construction_large_run1/source0170/stderr.txt
658d5766250f335839a49066afb70d4afb69a66712b6c07866208959f11886f7	858	construction_large_run1/source0170/stdout.txt
e3b0c44298fc1c149afbf4c8996fb92427ae41e4649b934ca495991b7852b855	0	construction_large_run1/source0171/driver_stderr.txt
41beee432847f7780fac125b90598be3001559b23d563f6b69664d8b65d1db9c	275	construction_large_run1/source0171/driver_stdout.txt
4e97c67f96d8c2adc12280a539ec086853e57a777784bc65eb39bedbe50feb87	3404	construction_large_run1/source0171/executed_driver_v1.txt
772106737d5692c777db03c97c4c426bc23da5a703d4bb5a07248cb19225ded5	607	construction_large_run1/source0171/executed_inputs.gp
a60949f711c036af960dfa8839a6a794d1133faa3a022fbcb0fadeccc08741e2	6818	construction_large_run1/source0171/executed_script.gp
772106737d5692c777db03c97c4c426bc23da5a703d4bb5a07248cb19225ded5	607	construction_large_run1/source0171/input.gp
c2f3a7a125b6a8a9cd8ee14d8beaf11073ea6f555c3a905a8dd84f7890db7571	303	construction_large_run1/source0171/receipt.json
948dc3b062daf30ee440a50814c82fbb1c0673507128264e9535cd0c9ddb8711	934	construction_large_run1/source0171/source_freeze.json
e3b0c44298fc1c149afbf4c8996fb92427ae41e4649b934ca495991b7852b855	0	construction_large_run1/source0171/stderr.txt
ad512176b1cebbd4114d7f86313fe88f52ba1bb8f2080af295cddd6467919dc1	860	construction_large_run1/source0171/stdout.txt
e3b0c44298fc1c149afbf4c8996fb92427ae41e4649b934ca495991b7852b855	0	construction_large_run1/source0172/driver_stderr.txt
856436bd3b25d5b847ac373d1fe0c3107e34f9c3c28a1808d8780157cd9cf62a	275	construction_large_run1/source0172/driver_stdout.txt
4e97c67f96d8c2adc12280a539ec086853e57a777784bc65eb39bedbe50feb87	3404	construction_large_run1/source0172/executed_driver_v1.txt
56b9e3a1c5b85bf0cbb180ce94604d3f62059beefb27a75329ea9eb311e2e44c	605	construction_large_run1/source0172/executed_inputs.gp
a60949f711c036af960dfa8839a6a794d1133faa3a022fbcb0fadeccc08741e2	6818	construction_large_run1/source0172/executed_script.gp
56b9e3a1c5b85bf0cbb180ce94604d3f62059beefb27a75329ea9eb311e2e44c	605	construction_large_run1/source0172/input.gp
ba714ecf1af8ee983416f43af59bb72dede9c7890797dfb5bef1d9cf4c1e0d14	303	construction_large_run1/source0172/receipt.json
cecef16b6764612d250898f8303036c94db653c978f34219c7de5b30c3833bf8	934	construction_large_run1/source0172/source_freeze.json
e3b0c44298fc1c149afbf4c8996fb92427ae41e4649b934ca495991b7852b855	0	construction_large_run1/source0172/stderr.txt
e7fe6cfe222efd17616fde691304be3d3ce7148b86ceb66191304738756db55c	873	construction_large_run1/source0172/stdout.txt
e3b0c44298fc1c149afbf4c8996fb92427ae41e4649b934ca495991b7852b855	0	construction_large_run1/source0173/driver_stderr.txt
7053072f68fc931ae9c96b2d3a9c5da41103ed40218ad33cbc080ff482a40d2d	275	construction_large_run1/source0173/driver_stdout.txt
4e97c67f96d8c2adc12280a539ec086853e57a777784bc65eb39bedbe50feb87	3404	construction_large_run1/source0173/executed_driver_v1.txt
cc0851c6c6f54cc92bfd980b85f56883860640c754bb3ea31bfab01874c66dd1	607	construction_large_run1/source0173/executed_inputs.gp
a60949f711c036af960dfa8839a6a794d1133faa3a022fbcb0fadeccc08741e2	6818	construction_large_run1/source0173/executed_script.gp
cc0851c6c6f54cc92bfd980b85f56883860640c754bb3ea31bfab01874c66dd1	607	construction_large_run1/source0173/input.gp
bf02dac60e503e73e3e7e754c981021f15056fbfce9a541901743663f6ea7071	303	construction_large_run1/source0173/receipt.json
c99ecc5878e36538545d84b62879b03adcbea1d36c40c3e0e882e28b7dc21b84	934	construction_large_run1/source0173/source_freeze.json
e3b0c44298fc1c149afbf4c8996fb92427ae41e4649b934ca495991b7852b855	0	construction_large_run1/source0173/stderr.txt
2852eed9f6a52d447797c704409ea4f05439b1e875aa51c94bb2454f78420c5b	877	construction_large_run1/source0173/stdout.txt
e3b0c44298fc1c149afbf4c8996fb92427ae41e4649b934ca495991b7852b855	0	construction_large_run1/source0174/driver_stderr.txt
62e05125ff59e5cb0591ff3e17e47181eb543040b1663f186e131022fd44c214	275	construction_large_run1/source0174/driver_stdout.txt
4e97c67f96d8c2adc12280a539ec086853e57a777784bc65eb39bedbe50feb87	3404	construction_large_run1/source0174/executed_driver_v1.txt
1ec088c6efe298fdb9a3d9ee1ca0ead91ec80af5eb4c57a9266491bd9edaf683	608	construction_large_run1/source0174/executed_inputs.gp
a60949f711c036af960dfa8839a6a794d1133faa3a022fbcb0fadeccc08741e2	6818	construction_large_run1/source0174/executed_script.gp
1ec088c6efe298fdb9a3d9ee1ca0ead91ec80af5eb4c57a9266491bd9edaf683	608	construction_large_run1/source0174/input.gp
1cd151a523a20b0cd54ae0091c4d8a5f628b4de01a212582d90aaf91d391fd1c	303	construction_large_run1/source0174/receipt.json
a7aa607b25d7a2569d1e83455d452fc736b67cdac5ba66d3307809f98bc059b0	934	construction_large_run1/source0174/source_freeze.json
e3b0c44298fc1c149afbf4c8996fb92427ae41e4649b934ca495991b7852b855	0	construction_large_run1/source0174/stderr.txt
000a6ea35214701f6a33cf3aaade8978bee56bdc671cfe42132dad0ef592286c	877	construction_large_run1/source0174/stdout.txt
e3b0c44298fc1c149afbf4c8996fb92427ae41e4649b934ca495991b7852b855	0	construction_large_run1/source0175/driver_stderr.txt
9aeb53b3d43a136c9d56d9bd74d4bceed9f319f4eda233854139ccd39d1fb8d8	275	construction_large_run1/source0175/driver_stdout.txt
4e97c67f96d8c2adc12280a539ec086853e57a777784bc65eb39bedbe50feb87	3404	construction_large_run1/source0175/executed_driver_v1.txt
d1a6e6ec8021b47c4c680a8f09ddc5de88f49597d8a5414d50bcd6b785eb36f7	606	construction_large_run1/source0175/executed_inputs.gp
a60949f711c036af960dfa8839a6a794d1133faa3a022fbcb0fadeccc08741e2	6818	construction_large_run1/source0175/executed_script.gp
d1a6e6ec8021b47c4c680a8f09ddc5de88f49597d8a5414d50bcd6b785eb36f7	606	construction_large_run1/source0175/input.gp
2fd58ca87072c747de9032868dacc82756a4e6a1339be8d7b51855a16a473932	303	construction_large_run1/source0175/receipt.json
f382dea961ce31dfe2e17a209dfa6d3412f192dc5ce214cb6505a016cc7371d8	934	construction_large_run1/source0175/source_freeze.json
e3b0c44298fc1c149afbf4c8996fb92427ae41e4649b934ca495991b7852b855	0	construction_large_run1/source0175/stderr.txt
6c9fcb0fae06d267cbf1bd67936d3dec71b24c1c4888344b6e1ebb6a0560f80c	860	construction_large_run1/source0175/stdout.txt
e3b0c44298fc1c149afbf4c8996fb92427ae41e4649b934ca495991b7852b855	0	construction_large_run1/source0176/driver_stderr.txt
208863f732412c5a49c2b6a3166d07e84e45f8aacf74c7954db562c8cb07ddb2	275	construction_large_run1/source0176/driver_stdout.txt
4e97c67f96d8c2adc12280a539ec086853e57a777784bc65eb39bedbe50feb87	3404	construction_large_run1/source0176/executed_driver_v1.txt
be84e34965425759403afa6a5b8be367339bd506470b9738e4c829c115837a38	606	construction_large_run1/source0176/executed_inputs.gp
a60949f711c036af960dfa8839a6a794d1133faa3a022fbcb0fadeccc08741e2	6818	construction_large_run1/source0176/executed_script.gp
be84e34965425759403afa6a5b8be367339bd506470b9738e4c829c115837a38	606	construction_large_run1/source0176/input.gp
66c6a5aec1774821d7a585f8cda8e9edde8d36c67e9339502955ef7ebc918709	303	construction_large_run1/source0176/receipt.json
16ba4de7292e4945d2389a18989a58ddf6d42bf293500ba04140d77436c5677c	934	construction_large_run1/source0176/source_freeze.json
e3b0c44298fc1c149afbf4c8996fb92427ae41e4649b934ca495991b7852b855	0	construction_large_run1/source0176/stderr.txt
9e592c60a88fb83ea4d44d14be506f968a96cb17c1b87ce3ab3506be0c533cb8	863	construction_large_run1/source0176/stdout.txt
e3b0c44298fc1c149afbf4c8996fb92427ae41e4649b934ca495991b7852b855	0	construction_large_run1/source0177/driver_stderr.txt
2626d42c698e2e9083ae74d91d3b41e7a1d9bdb1f19cd6094760a8ef39569900	275	construction_large_run1/source0177/driver_stdout.txt
4e97c67f96d8c2adc12280a539ec086853e57a777784bc65eb39bedbe50feb87	3404	construction_large_run1/source0177/executed_driver_v1.txt
3b6cbfbec8d82b3354c2949e6610eb1b9a61d006cbea02cf1d3debf28aecb3a5	605	construction_large_run1/source0177/executed_inputs.gp
a60949f711c036af960dfa8839a6a794d1133faa3a022fbcb0fadeccc08741e2	6818	construction_large_run1/source0177/executed_script.gp
3b6cbfbec8d82b3354c2949e6610eb1b9a61d006cbea02cf1d3debf28aecb3a5	605	construction_large_run1/source0177/input.gp
845f395d4d1e27b1bf674d21465d3e1cda3177cb79ed6b18eb667591e408be03	303	construction_large_run1/source0177/receipt.json
4d0cb1f67377c5261cd8b062475eacd54baac1f0070cc2d156c9101e472c30b0	934	construction_large_run1/source0177/source_freeze.json
e3b0c44298fc1c149afbf4c8996fb92427ae41e4649b934ca495991b7852b855	0	construction_large_run1/source0177/stderr.txt
7204af54f5dee9faf86ec454995072142880b998a63ee631ae310386d078c494	874	construction_large_run1/source0177/stdout.txt
e3b0c44298fc1c149afbf4c8996fb92427ae41e4649b934ca495991b7852b855	0	construction_large_run1/source0178/driver_stderr.txt
b861bbf07da38400db6028514dd43618d90557820902d34a0b843fd90a3f9dc6	276	construction_large_run1/source0178/driver_stdout.txt
4e97c67f96d8c2adc12280a539ec086853e57a777784bc65eb39bedbe50feb87	3404	construction_large_run1/source0178/executed_driver_v1.txt
0c597bdf9acf767ac132703f60a97d000400105776469913831d182a1e389736	603	construction_large_run1/source0178/executed_inputs.gp
a60949f711c036af960dfa8839a6a794d1133faa3a022fbcb0fadeccc08741e2	6818	construction_large_run1/source0178/executed_script.gp
0c597bdf9acf767ac132703f60a97d000400105776469913831d182a1e389736	603	construction_large_run1/source0178/input.gp
eddfbda0567b0ab9eade8df8d0019b8d38b02fc323288614cc766d532cab5628	304	construction_large_run1/source0178/receipt.json
004413ea9e2af062cffb63b80e36b2abdd5ed92c7fe4832a8e57f9215d4119d0	934	construction_large_run1/source0178/source_freeze.json
e3b0c44298fc1c149afbf4c8996fb92427ae41e4649b934ca495991b7852b855	0	construction_large_run1/source0178/stderr.txt
7e70e0eb1e32e030de68a5c3a841a0ece77f47165a19c27c2ad67325557569d8	858	construction_large_run1/source0178/stdout.txt
e3b0c44298fc1c149afbf4c8996fb92427ae41e4649b934ca495991b7852b855	0	construction_large_run1/source0179/driver_stderr.txt
38b990a908336ca886ff82afcbb06a8a858ab02f14f0d815a49bf46d53cf22f1	276	construction_large_run1/source0179/driver_stdout.txt
4e97c67f96d8c2adc12280a539ec086853e57a777784bc65eb39bedbe50feb87	3404	construction_large_run1/source0179/executed_driver_v1.txt
5f9426c9b931b009d4d1918deb7500b0c19b594d0307aaad41c4d86bc6de393b	601	construction_large_run1/source0179/executed_inputs.gp
a60949f711c036af960dfa8839a6a794d1133faa3a022fbcb0fadeccc08741e2	6818	construction_large_run1/source0179/executed_script.gp
5f9426c9b931b009d4d1918deb7500b0c19b594d0307aaad41c4d86bc6de393b	601	construction_large_run1/source0179/input.gp
217123d819e74c1fc01bf4c6d048248bbaa3924814ae4c5e031ba00c59a32acf	304	construction_large_run1/source0179/receipt.json
fdcdbb9b78e4087e65dc353fefee029437821921be286eb6d7c140b5eb3de87a	934	construction_large_run1/source0179/source_freeze.json
e3b0c44298fc1c149afbf4c8996fb92427ae41e4649b934ca495991b7852b855	0	construction_large_run1/source0179/stderr.txt
0ccfe3faa49cd9f3d6fab365081bcc0695fa1e160ca3880dbf0286b3d93bcab2	870	construction_large_run1/source0179/stdout.txt
e3b0c44298fc1c149afbf4c8996fb92427ae41e4649b934ca495991b7852b855	0	construction_large_run1/source0180/driver_stderr.txt
b347b6a00d0a8e0dc280bf75546cb7765387ee458f81a51f4d2d3c1a5c7ac2d5	275	construction_large_run1/source0180/driver_stdout.txt
4e97c67f96d8c2adc12280a539ec086853e57a777784bc65eb39bedbe50feb87	3404	construction_large_run1/source0180/executed_driver_v1.txt
abfee7869af76546165848ed7799aa699a732a4e8ed6c59a1eb6c53531babf64	605	construction_large_run1/source0180/executed_inputs.gp
a60949f711c036af960dfa8839a6a794d1133faa3a022fbcb0fadeccc08741e2	6818	construction_large_run1/source0180/executed_script.gp
abfee7869af76546165848ed7799aa699a732a4e8ed6c59a1eb6c53531babf64	605	construction_large_run1/source0180/input.gp
d4fb506f7b0535b2db050252684e28084e3226a4e651826e2dd955cfd4cb1b2e	303	construction_large_run1/source0180/receipt.json
a14bf1df3078557bbae9254eca09d6dc595044c94c763817421c5b5a992aa9c4	934	construction_large_run1/source0180/source_freeze.json
e3b0c44298fc1c149afbf4c8996fb92427ae41e4649b934ca495991b7852b855	0	construction_large_run1/source0180/stderr.txt
b04183c504c0dd046d37106ee14690376e619975cbcff316871b388eb0d9f555	880	construction_large_run1/source0180/stdout.txt
e3b0c44298fc1c149afbf4c8996fb92427ae41e4649b934ca495991b7852b855	0	construction_large_run1/source0181/driver_stderr.txt
3b09411a7198cf19760c6d1371e4651414d6f1b95e5edc85a1bae62714fefafa	276	construction_large_run1/source0181/driver_stdout.txt
4e97c67f96d8c2adc12280a539ec086853e57a777784bc65eb39bedbe50feb87	3404	construction_large_run1/source0181/executed_driver_v1.txt
f3019bd982f6d4d2f12d6dd21a3f729ee2ac9beea45474de2da502c9250e8014	606	construction_large_run1/source0181/executed_inputs.gp
a60949f711c036af960dfa8839a6a794d1133faa3a022fbcb0fadeccc08741e2	6818	construction_large_run1/source0181/executed_script.gp
f3019bd982f6d4d2f12d6dd21a3f729ee2ac9beea45474de2da502c9250e8014	606	construction_large_run1/source0181/input.gp
50425e8104854cfc62a4c0d5352ca517b992b4383e37cb2973a5d4fb307c0733	304	construction_large_run1/source0181/receipt.json
dcef677a38942f2a24a93d107b15a80ecde7315586c34779c4b645396c253af4	934	construction_large_run1/source0181/source_freeze.json
e3b0c44298fc1c149afbf4c8996fb92427ae41e4649b934ca495991b7852b855	0	construction_large_run1/source0181/stderr.txt
353ee293be81219486933423a1d5cfb851657e8d66157eec16d88959d89ee72f	859	construction_large_run1/source0181/stdout.txt
e3b0c44298fc1c149afbf4c8996fb92427ae41e4649b934ca495991b7852b855	0	construction_large_run1/source0182/driver_stderr.txt
95bd3232c818187adfff7c84406861af47ba875698d6d86d3b512f93f6bbd3f4	275	construction_large_run1/source0182/driver_stdout.txt
4e97c67f96d8c2adc12280a539ec086853e57a777784bc65eb39bedbe50feb87	3404	construction_large_run1/source0182/executed_driver_v1.txt
f42b6d3ec9af473a7840364fe0a1667c944276c8ddf91654dba3582977e11d26	609	construction_large_run1/source0182/executed_inputs.gp
a60949f711c036af960dfa8839a6a794d1133faa3a022fbcb0fadeccc08741e2	6818	construction_large_run1/source0182/executed_script.gp
f42b6d3ec9af473a7840364fe0a1667c944276c8ddf91654dba3582977e11d26	609	construction_large_run1/source0182/input.gp
0ed79de739f2966dccbef9834deae4fb8c1a7383ec8c4c10157e6a8115e3eb32	303	construction_large_run1/source0182/receipt.json
84312f4bcc12d90e076e3a14cb1799ad242b0c6ec20c5d508bce7af0ea0b48bc	934	construction_large_run1/source0182/source_freeze.json
e3b0c44298fc1c149afbf4c8996fb92427ae41e4649b934ca495991b7852b855	0	construction_large_run1/source0182/stderr.txt
eca116c4f7e3c3b6fa1b8c3098fc749b001acc813d9be76a92536e7223f883d0	875	construction_large_run1/source0182/stdout.txt
e3b0c44298fc1c149afbf4c8996fb92427ae41e4649b934ca495991b7852b855	0	construction_large_run1/source0183/driver_stderr.txt
32e0ba121fc015b1fc4c6d90958a06dce199685237832908b15f51b70b0f7810	275	construction_large_run1/source0183/driver_stdout.txt
4e97c67f96d8c2adc12280a539ec086853e57a777784bc65eb39bedbe50feb87	3404	construction_large_run1/source0183/executed_driver_v1.txt
f01568cfc6bc6958f2e0ac9b2fe5c2c1b07ec8ea85ae61942e42537299112dcd	606	construction_large_run1/source0183/executed_inputs.gp
a60949f711c036af960dfa8839a6a794d1133faa3a022fbcb0fadeccc08741e2	6818	construction_large_run1/source0183/executed_script.gp
f01568cfc6bc6958f2e0ac9b2fe5c2c1b07ec8ea85ae61942e42537299112dcd	606	construction_large_run1/source0183/input.gp
30a1c7326478aa0e09aafdd00d7e8f61117bf4068f24a30b40845008662a13af	303	construction_large_run1/source0183/receipt.json
560ee2776cb903090918a578b005074cfe87643ee6aa80a453c57e77dc340ced	934	construction_large_run1/source0183/source_freeze.json
e3b0c44298fc1c149afbf4c8996fb92427ae41e4649b934ca495991b7852b855	0	construction_large_run1/source0183/stderr.txt
41b942aea588879721534fae236d972601498f9670e58b122445e10faf28b374	874	construction_large_run1/source0183/stdout.txt
e3b0c44298fc1c149afbf4c8996fb92427ae41e4649b934ca495991b7852b855	0	construction_large_run1/source0184/driver_stderr.txt
a817d99d77c91b2f9d8556811fdc23860c5c6d79a19766026b9136597058043d	275	construction_large_run1/source0184/driver_stdout.txt
4e97c67f96d8c2adc12280a539ec086853e57a777784bc65eb39bedbe50feb87	3404	construction_large_run1/source0184/executed_driver_v1.txt
180914c15abfd0c80219ad5a3e65e9302a7b5bdd493bf6d12e774f32c9b93d94	604	construction_large_run1/source0184/executed_inputs.gp
a60949f711c036af960dfa8839a6a794d1133faa3a022fbcb0fadeccc08741e2	6818	construction_large_run1/source0184/executed_script.gp
180914c15abfd0c80219ad5a3e65e9302a7b5bdd493bf6d12e774f32c9b93d94	604	construction_large_run1/source0184/input.gp
0352d0d48bcadc273c16d7257234abb4b8c97800730bae7f5cbead8947fc6732	303	construction_large_run1/source0184/receipt.json
01b9f85be84d44b1dbe60c5d367738f8b87387323f2e7d705b8c75635f644684	934	construction_large_run1/source0184/source_freeze.json
e3b0c44298fc1c149afbf4c8996fb92427ae41e4649b934ca495991b7852b855	0	construction_large_run1/source0184/stderr.txt
084d75ed78b7fb3bebe5be841b95299d507765b824cb15127fb8c60e24bd4892	868	construction_large_run1/source0184/stdout.txt
e3b0c44298fc1c149afbf4c8996fb92427ae41e4649b934ca495991b7852b855	0	construction_large_run1/source0185/driver_stderr.txt
f77803c18beeb9edad14ac15738802cbddd9326cb684ee7d4a31ec4773b9560a	275	construction_large_run1/source0185/driver_stdout.txt
4e97c67f96d8c2adc12280a539ec086853e57a777784bc65eb39bedbe50feb87	3404	construction_large_run1/source0185/executed_driver_v1.txt
537daa1c8262692dccebecc0f89326704099875cf6915f6727b66d37ce38d4b1	607	construction_large_run1/source0185/executed_inputs.gp
a60949f711c036af960dfa8839a6a794d1133faa3a022fbcb0fadeccc08741e2	6818	construction_large_run1/source0185/executed_script.gp
537daa1c8262692dccebecc0f89326704099875cf6915f6727b66d37ce38d4b1	607	construction_large_run1/source0185/input.gp
cdec20a00838534443ee04dcb7bfd9ffbb813478bc0a4c4f96f980ee1f5f167d	303	construction_large_run1/source0185/receipt.json
1dd26f4a90b5d75b5cfe3172eb6c6defc1d6d95065c734f76e0264c9de0d4e0f	934	construction_large_run1/source0185/source_freeze.json
e3b0c44298fc1c149afbf4c8996fb92427ae41e4649b934ca495991b7852b855	0	construction_large_run1/source0185/stderr.txt
476873a8e6c9bf934163932e5430744b312bc62d8ef326c579832fe3ca42b1a0	873	construction_large_run1/source0185/stdout.txt
e3b0c44298fc1c149afbf4c8996fb92427ae41e4649b934ca495991b7852b855	0	construction_large_run1/source0186/driver_stderr.txt
196ec6920ddd3a4de94ca325ef0894c90ea648035acab1cc50362f3edc736526	276	construction_large_run1/source0186/driver_stdout.txt
4e97c67f96d8c2adc12280a539ec086853e57a777784bc65eb39bedbe50feb87	3404	construction_large_run1/source0186/executed_driver_v1.txt
5da28dcea543bec2daaacb868161ca6bb26507de5cbbb5fc726c21203a750d17	608	construction_large_run1/source0186/executed_inputs.gp
a60949f711c036af960dfa8839a6a794d1133faa3a022fbcb0fadeccc08741e2	6818	construction_large_run1/source0186/executed_script.gp
5da28dcea543bec2daaacb868161ca6bb26507de5cbbb5fc726c21203a750d17	608	construction_large_run1/source0186/input.gp
cb318999aafc1f7e6c240a8d7adb7b7e7546daf729d2ba3d36d50a0b696d1228	304	construction_large_run1/source0186/receipt.json
666d9db35143a58b558d90fa75ed3bbb41696532b1ca46e31ebaf1b8f663555e	934	construction_large_run1/source0186/source_freeze.json
e3b0c44298fc1c149afbf4c8996fb92427ae41e4649b934ca495991b7852b855	0	construction_large_run1/source0186/stderr.txt
d14eb8669f7b476e55bcdac1c2b8aa24b1357089a4937050e975757b9e20f6db	863	construction_large_run1/source0186/stdout.txt
e3b0c44298fc1c149afbf4c8996fb92427ae41e4649b934ca495991b7852b855	0	construction_large_run1/source0187/driver_stderr.txt
1f7365535cd09b29e3a0afc3f841d8ed794830f047ca07191178da4f1b1c833a	276	construction_large_run1/source0187/driver_stdout.txt
4e97c67f96d8c2adc12280a539ec086853e57a777784bc65eb39bedbe50feb87	3404	construction_large_run1/source0187/executed_driver_v1.txt
a6f5eac3caccacf54fa469a75b4f53d4c3122df8f2671b71c023710d8bea11e1	606	construction_large_run1/source0187/executed_inputs.gp
a60949f711c036af960dfa8839a6a794d1133faa3a022fbcb0fadeccc08741e2	6818	construction_large_run1/source0187/executed_script.gp
a6f5eac3caccacf54fa469a75b4f53d4c3122df8f2671b71c023710d8bea11e1	606	construction_large_run1/source0187/input.gp
d573d1a966357785fb57e41631ae2bd551109627efb7a5a8c63f9b6fc519bf90	304	construction_large_run1/source0187/receipt.json
8208e0de367671a7413dd1534f6082649d0075247fbafd39a497198c002429b5	934	construction_large_run1/source0187/source_freeze.json
e3b0c44298fc1c149afbf4c8996fb92427ae41e4649b934ca495991b7852b855	0	construction_large_run1/source0187/stderr.txt
6710f663b8b399c05b9dd0864fd402fb608621ec7907dcf8ee05878800b50ca0	860	construction_large_run1/source0187/stdout.txt
e3b0c44298fc1c149afbf4c8996fb92427ae41e4649b934ca495991b7852b855	0	construction_large_run1/source0188/driver_stderr.txt
89b4e6032aeee65280c8391a9303692c4cfabca2888b6b474271420b2dfd7228	276	construction_large_run1/source0188/driver_stdout.txt
4e97c67f96d8c2adc12280a539ec086853e57a777784bc65eb39bedbe50feb87	3404	construction_large_run1/source0188/executed_driver_v1.txt
a58593acc216bd363b44109483c9cd6cbd7a432a06d128e23b1ed1fa7708daf0	606	construction_large_run1/source0188/executed_inputs.gp
a60949f711c036af960dfa8839a6a794d1133faa3a022fbcb0fadeccc08741e2	6818	construction_large_run1/source0188/executed_script.gp
a58593acc216bd363b44109483c9cd6cbd7a432a06d128e23b1ed1fa7708daf0	606	construction_large_run1/source0188/input.gp
83d9ee84f914e919917b8bb6fb38cac9346769d95c7b27900fd9f03dd9dbfc8c	304	construction_large_run1/source0188/receipt.json
f56c35b2bbab337c720f153f731b9e203d46e09779aacd70b246606d09a3d65a	934	construction_large_run1/source0188/source_freeze.json
e3b0c44298fc1c149afbf4c8996fb92427ae41e4649b934ca495991b7852b855	0	construction_large_run1/source0188/stderr.txt
cc32658cf2aad00b6cefe85011ae3c6aa3e70f441bc483017337e4f993e5079d	874	construction_large_run1/source0188/stdout.txt
e3b0c44298fc1c149afbf4c8996fb92427ae41e4649b934ca495991b7852b855	0	construction_large_run1/source0189/driver_stderr.txt
072bd25e060b738a5788b22d446984b6081a828f174e32d28f397603dd36f597	276	construction_large_run1/source0189/driver_stdout.txt
4e97c67f96d8c2adc12280a539ec086853e57a777784bc65eb39bedbe50feb87	3404	construction_large_run1/source0189/executed_driver_v1.txt
7e95d128840acf0a9e7e3df18507e6c06a4385dbdef24b23fa4ace2c69533eb6	607	construction_large_run1/source0189/executed_inputs.gp
a60949f711c036af960dfa8839a6a794d1133faa3a022fbcb0fadeccc08741e2	6818	construction_large_run1/source0189/executed_script.gp
7e95d128840acf0a9e7e3df18507e6c06a4385dbdef24b23fa4ace2c69533eb6	607	construction_large_run1/source0189/input.gp
521e5f882d26b6992d95e1c418efaabe77fd2bf4a4eaa123527357dbf0eccefc	304	construction_large_run1/source0189/receipt.json
81921e7b1e776bb65f087a51deceb93cbd657770fb5f0880ba0c586de235d065	934	construction_large_run1/source0189/source_freeze.json
e3b0c44298fc1c149afbf4c8996fb92427ae41e4649b934ca495991b7852b855	0	construction_large_run1/source0189/stderr.txt
9cbf3883e756743e2a95afc55ab1f919c36dae56b1a831acc2b7a5b0734e58df	885	construction_large_run1/source0189/stdout.txt
e3b0c44298fc1c149afbf4c8996fb92427ae41e4649b934ca495991b7852b855	0	construction_large_run1/source0190/driver_stderr.txt
e1b0598d588081be3348f70caac93b45a88ce47046a92f842e3d2799cbb47279	276	construction_large_run1/source0190/driver_stdout.txt
4e97c67f96d8c2adc12280a539ec086853e57a777784bc65eb39bedbe50feb87	3404	construction_large_run1/source0190/executed_driver_v1.txt
8ed3ce1f0898cebba76936e86bb3552eb768021971420d1ca099519da96434ed	607	construction_large_run1/source0190/executed_inputs.gp
a60949f711c036af960dfa8839a6a794d1133faa3a022fbcb0fadeccc08741e2	6818	construction_large_run1/source0190/executed_script.gp
8ed3ce1f0898cebba76936e86bb3552eb768021971420d1ca099519da96434ed	607	construction_large_run1/source0190/input.gp
431f8697be7d6a1cd8d2aa52766d12876388a743add26dec1bd3288aaca328e8	304	construction_large_run1/source0190/receipt.json
f6b3ea71f041fcb2b28e2a2a5de383559b13daf4f7baa51ab3d3517a3cdd7722	934	construction_large_run1/source0190/source_freeze.json
e3b0c44298fc1c149afbf4c8996fb92427ae41e4649b934ca495991b7852b855	0	construction_large_run1/source0190/stderr.txt
793548266f8b23e2bf79c80485c9f743ca000de23307b9f9051a740fe4b4c1d7	878	construction_large_run1/source0190/stdout.txt
e3b0c44298fc1c149afbf4c8996fb92427ae41e4649b934ca495991b7852b855	0	construction_large_run1/source0191/driver_stderr.txt
024c35d80ec070542e74c642dc10ed229e146f4c820a4b3677538af0db0a2e80	275	construction_large_run1/source0191/driver_stdout.txt
4e97c67f96d8c2adc12280a539ec086853e57a777784bc65eb39bedbe50feb87	3404	construction_large_run1/source0191/executed_driver_v1.txt
b11e7ab0e8a6c5e55ee8350d0cfad25adb0aa154ebef639e0b6c7f397420e838	605	construction_large_run1/source0191/executed_inputs.gp
a60949f711c036af960dfa8839a6a794d1133faa3a022fbcb0fadeccc08741e2	6818	construction_large_run1/source0191/executed_script.gp
b11e7ab0e8a6c5e55ee8350d0cfad25adb0aa154ebef639e0b6c7f397420e838	605	construction_large_run1/source0191/input.gp
e06d4f26d71d663f26ffdb95986f51e2be31c794457c85c6936ed60d82b5f93d	303	construction_large_run1/source0191/receipt.json
86ba93c07e085dd228d3466e99c2d9b65f3b45aa3ec93536ba2853021e514ae9	934	construction_large_run1/source0191/source_freeze.json
e3b0c44298fc1c149afbf4c8996fb92427ae41e4649b934ca495991b7852b855	0	construction_large_run1/source0191/stderr.txt
8422909745d7394ec3b7670a93a1b75604d8903d78266c890597b3adfe087ce2	878	construction_large_run1/source0191/stdout.txt
e3b0c44298fc1c149afbf4c8996fb92427ae41e4649b934ca495991b7852b855	0	construction_large_run1/source0192/driver_stderr.txt
d8ed0714c389592fd2c7c65845f13e3664d53625495fdcaa1087e68237b0d380	275	construction_large_run1/source0192/driver_stdout.txt
4e97c67f96d8c2adc12280a539ec086853e57a777784bc65eb39bedbe50feb87	3404	construction_large_run1/source0192/executed_driver_v1.txt
507313122238cc40ff2af1be19893d7d132ff742918b9c451af51aba7867a894	606	construction_large_run1/source0192/executed_inputs.gp
a60949f711c036af960dfa8839a6a794d1133faa3a022fbcb0fadeccc08741e2	6818	construction_large_run1/source0192/executed_script.gp
507313122238cc40ff2af1be19893d7d132ff742918b9c451af51aba7867a894	606	construction_large_run1/source0192/input.gp
7726ddcbc793b3a55b45401e2a96a011d69f220dbd617e0d051921fc30f009c4	303	construction_large_run1/source0192/receipt.json
e75be2ef5755abe273426ce79f80ec2d0b26c1148eeb304017fcb6fc4ec9795d	934	construction_large_run1/source0192/source_freeze.json
e3b0c44298fc1c149afbf4c8996fb92427ae41e4649b934ca495991b7852b855	0	construction_large_run1/source0192/stderr.txt
6d9dfb250769aa5c24c6efb50b09365124ed0466820ff6583ac8d6524ccb64ce	863	construction_large_run1/source0192/stdout.txt
e3b0c44298fc1c149afbf4c8996fb92427ae41e4649b934ca495991b7852b855	0	construction_large_run1/source0193/driver_stderr.txt
8a45c20ef9f2da13ef336129cddd2d6ca87da71ad86727080bb5c72ddc21e4e9	275	construction_large_run1/source0193/driver_stdout.txt
4e97c67f96d8c2adc12280a539ec086853e57a777784bc65eb39bedbe50feb87	3404	construction_large_run1/source0193/executed_driver_v1.txt
c35d02c5711c13d4190f0e586fb49cea6687bf212e6e6accc135855503e1b327	635	construction_large_run1/source0193/executed_inputs.gp
a60949f711c036af960dfa8839a6a794d1133faa3a022fbcb0fadeccc08741e2	6818	construction_large_run1/source0193/executed_script.gp
c35d02c5711c13d4190f0e586fb49cea6687bf212e6e6accc135855503e1b327	635	construction_large_run1/source0193/input.gp
ee4c0169f2617736accdc340d58465a5cc1184d1470d68d49b42c0f2978395ed	303	construction_large_run1/source0193/receipt.json
4fcf929b858273abb1f48ea8805a2e07b121d618e8d08aa63072c69e54f569f9	934	construction_large_run1/source0193/source_freeze.json
e3b0c44298fc1c149afbf4c8996fb92427ae41e4649b934ca495991b7852b855	0	construction_large_run1/source0193/stderr.txt
f1c526ebd157d12e045eeae91cc6518cefeacde2d4a6f682976c8285e52822e3	893	construction_large_run1/source0193/stdout.txt
e3b0c44298fc1c149afbf4c8996fb92427ae41e4649b934ca495991b7852b855	0	construction_large_run1/source0194/driver_stderr.txt
a7e0acc628f0eab214c60ddd61283421d099de564543e996bd69eb0735f57d85	275	construction_large_run1/source0194/driver_stdout.txt
4e97c67f96d8c2adc12280a539ec086853e57a777784bc65eb39bedbe50feb87	3404	construction_large_run1/source0194/executed_driver_v1.txt
59be98a5e25303067d3891ad545cf5daad2cd7d5a27722b7017418445f351d6f	635	construction_large_run1/source0194/executed_inputs.gp
a60949f711c036af960dfa8839a6a794d1133faa3a022fbcb0fadeccc08741e2	6818	construction_large_run1/source0194/executed_script.gp
59be98a5e25303067d3891ad545cf5daad2cd7d5a27722b7017418445f351d6f	635	construction_large_run1/source0194/input.gp
8402f466550d47528056325abfdecbcd4c63c8fa38bb001132fcd01accad1ba5	303	construction_large_run1/source0194/receipt.json
2f1beebc72459fbd1d2365c17478e24645fe77715083cb8130aaaa14b7e817ac	934	construction_large_run1/source0194/source_freeze.json
e3b0c44298fc1c149afbf4c8996fb92427ae41e4649b934ca495991b7852b855	0	construction_large_run1/source0194/stderr.txt
b9ccc2c9a90f1e6077e88f5ee88e4a417628e7f7cc0ab8058be1ce6a65f48d5a	906	construction_large_run1/source0194/stdout.txt
e3b0c44298fc1c149afbf4c8996fb92427ae41e4649b934ca495991b7852b855	0	construction_large_run1/source0195/driver_stderr.txt
c2d9cc7e60254dfe1c682cb336699ccab3f420cc365444cd1e478db21ac29f0d	275	construction_large_run1/source0195/driver_stdout.txt
4e97c67f96d8c2adc12280a539ec086853e57a777784bc65eb39bedbe50feb87	3404	construction_large_run1/source0195/executed_driver_v1.txt
fa66ace210a4d148d6e502d114757c9929cd8e3270677467988a5e64bcb0b066	642	construction_large_run1/source0195/executed_inputs.gp
a60949f711c036af960dfa8839a6a794d1133faa3a022fbcb0fadeccc08741e2	6818	construction_large_run1/source0195/executed_script.gp
fa66ace210a4d148d6e502d114757c9929cd8e3270677467988a5e64bcb0b066	642	construction_large_run1/source0195/input.gp
2d231e00f6e75de9cc97300a903bce54fe45d8922128594ffc869bb4701854b2	303	construction_large_run1/source0195/receipt.json
d3a745c68f63619d1529b14a85c63e29f7c503036c6e42121ac694d5379d22c6	934	construction_large_run1/source0195/source_freeze.json
e3b0c44298fc1c149afbf4c8996fb92427ae41e4649b934ca495991b7852b855	0	construction_large_run1/source0195/stderr.txt
7e0c6f967fb7fb399a5b8e65989af5b673edbe1eacabd5e479e724627083b265	893	construction_large_run1/source0195/stdout.txt
e3b0c44298fc1c149afbf4c8996fb92427ae41e4649b934ca495991b7852b855	0	construction_large_run1/source0196/driver_stderr.txt
ac5664c5dbcead275600061769b7221d9bcaa5dce23a364e1e1dab2ce818affe	275	construction_large_run1/source0196/driver_stdout.txt
4e97c67f96d8c2adc12280a539ec086853e57a777784bc65eb39bedbe50feb87	3404	construction_large_run1/source0196/executed_driver_v1.txt
912eae7229a40df4f1bbd6df8afcb29d8f5ca88c44643e489518c1b46d2d1b67	636	construction_large_run1/source0196/executed_inputs.gp
a60949f711c036af960dfa8839a6a794d1133faa3a022fbcb0fadeccc08741e2	6818	construction_large_run1/source0196/executed_script.gp
912eae7229a40df4f1bbd6df8afcb29d8f5ca88c44643e489518c1b46d2d1b67	636	construction_large_run1/source0196/input.gp
688a9c709ade347a8102770907ab27ebe922105c71effcd610c2535186dfde3d	303	construction_large_run1/source0196/receipt.json
0c7c0457c216d1753b50f2f491329ec876986ee805cce5cf000adc32f4e14bb2	934	construction_large_run1/source0196/source_freeze.json
e3b0c44298fc1c149afbf4c8996fb92427ae41e4649b934ca495991b7852b855	0	construction_large_run1/source0196/stderr.txt
c1800aa2281c01cca4b38439986c5b7b1c0c08fc8176974a44c18e7a552929fd	910	construction_large_run1/source0196/stdout.txt
e3b0c44298fc1c149afbf4c8996fb92427ae41e4649b934ca495991b7852b855	0	construction_large_run1/source0197/driver_stderr.txt
d0bc3b1ccb321cb5e91240e6e210b883268241dfba74d9712c47a26903708526	275	construction_large_run1/source0197/driver_stdout.txt
4e97c67f96d8c2adc12280a539ec086853e57a777784bc65eb39bedbe50feb87	3404	construction_large_run1/source0197/executed_driver_v1.txt
9278c2ccb79229a4a8432b12f2689eee82e178a962d4564897e73c8479bb8265	636	construction_large_run1/source0197/executed_inputs.gp
a60949f711c036af960dfa8839a6a794d1133faa3a022fbcb0fadeccc08741e2	6818	construction_large_run1/source0197/executed_script.gp
9278c2ccb79229a4a8432b12f2689eee82e178a962d4564897e73c8479bb8265	636	construction_large_run1/source0197/input.gp
17126ea82ff25c14523cafe4adb2fd81cf08c3e393cc4cbefa23826bc846dcdc	303	construction_large_run1/source0197/receipt.json
eb347a16ecef8a3b0c5edb6e520785470825f44d86fcdfd1f32bfe0b7e8e8f27	934	construction_large_run1/source0197/source_freeze.json
e3b0c44298fc1c149afbf4c8996fb92427ae41e4649b934ca495991b7852b855	0	construction_large_run1/source0197/stderr.txt
1e5448004c4d9ba15ffd46963b17f42a145149439f20ed3acb8a6dae1029b701	904	construction_large_run1/source0197/stdout.txt
e3b0c44298fc1c149afbf4c8996fb92427ae41e4649b934ca495991b7852b855	0	construction_large_run1/source0198/driver_stderr.txt
0f97a95a11ebcf68babd32763c0b61990067bf88def16520b8201d655811e292	275	construction_large_run1/source0198/driver_stdout.txt
4e97c67f96d8c2adc12280a539ec086853e57a777784bc65eb39bedbe50feb87	3404	construction_large_run1/source0198/executed_driver_v1.txt
a0bfe6ca10e52153745bc678ee8c05f1051dbed19c9b88d19f340f9b6ec076c2	635	construction_large_run1/source0198/executed_inputs.gp
a60949f711c036af960dfa8839a6a794d1133faa3a022fbcb0fadeccc08741e2	6818	construction_large_run1/source0198/executed_script.gp
a0bfe6ca10e52153745bc678ee8c05f1051dbed19c9b88d19f340f9b6ec076c2	635	construction_large_run1/source0198/input.gp
bc97e31aaf08654902cb6a66ecdf5f3c9fbd902a8fe8c6a0b6869c3959a61e43	303	construction_large_run1/source0198/receipt.json
baf48eb5ebc913a1bcee29d5be6e3c2d52d2ab755cb675716da3cf1824c05f9a	934	construction_large_run1/source0198/source_freeze.json
e3b0c44298fc1c149afbf4c8996fb92427ae41e4649b934ca495991b7852b855	0	construction_large_run1/source0198/stderr.txt
f2e34dabab73d9999ede3e75a89f4eddf096223cadaf494b1e22e2f77da25b17	907	construction_large_run1/source0198/stdout.txt
e3b0c44298fc1c149afbf4c8996fb92427ae41e4649b934ca495991b7852b855	0	construction_large_run1/source0199/driver_stderr.txt
9d9851d290188cd391f8c2596d57ff821e73f40e842b9df465586033949973df	275	construction_large_run1/source0199/driver_stdout.txt
4e97c67f96d8c2adc12280a539ec086853e57a777784bc65eb39bedbe50feb87	3404	construction_large_run1/source0199/executed_driver_v1.txt
dd6e1400b799d56da2d17c9d58fb9d40aad60bf55f8160f23eb5c6e8a083ff1a	636	construction_large_run1/source0199/executed_inputs.gp
a60949f711c036af960dfa8839a6a794d1133faa3a022fbcb0fadeccc08741e2	6818	construction_large_run1/source0199/executed_script.gp
dd6e1400b799d56da2d17c9d58fb9d40aad60bf55f8160f23eb5c6e8a083ff1a	636	construction_large_run1/source0199/input.gp
ddea6030acade80e88158a1057994b943c15ff2de7fbb37087cba3c964ca7d9d	303	construction_large_run1/source0199/receipt.json
3c049e57b5c9eb510a4a88a626d5c17e2ca07d6713e847fc2daf01068fa584c5	934	construction_large_run1/source0199/source_freeze.json
e3b0c44298fc1c149afbf4c8996fb92427ae41e4649b934ca495991b7852b855	0	construction_large_run1/source0199/stderr.txt
887d1716c69835d384d46772f67b0373b0db6e377aa3a39776d249149ca8446a	896	construction_large_run1/source0199/stdout.txt
e3b0c44298fc1c149afbf4c8996fb92427ae41e4649b934ca495991b7852b855	0	construction_large_run1/source0200/driver_stderr.txt
e9c7146e3359f184c3b59322fbf1e4001d532bf6393921b42445de7c59007786	275	construction_large_run1/source0200/driver_stdout.txt
4e97c67f96d8c2adc12280a539ec086853e57a777784bc65eb39bedbe50feb87	3404	construction_large_run1/source0200/executed_driver_v1.txt
f0b6778a9a4b7ffda77b56c50c6ee9012ea76a51c95151a801841a9434fddb5f	634	construction_large_run1/source0200/executed_inputs.gp
a60949f711c036af960dfa8839a6a794d1133faa3a022fbcb0fadeccc08741e2	6818	construction_large_run1/source0200/executed_script.gp
f0b6778a9a4b7ffda77b56c50c6ee9012ea76a51c95151a801841a9434fddb5f	634	construction_large_run1/source0200/input.gp
23713efe7f63c2352a8eec2a1a49e1cc0302b2feedc4d9d5099e085048730990	303	construction_large_run1/source0200/receipt.json
b27655a9a0dd3e0551305f947b611b940179012d2db95821fa93cee68000d24a	934	construction_large_run1/source0200/source_freeze.json
e3b0c44298fc1c149afbf4c8996fb92427ae41e4649b934ca495991b7852b855	0	construction_large_run1/source0200/stderr.txt
ba2785c754413f350d1f22ac724300d6ae49feade93f7dca109ee0745db5eac3	906	construction_large_run1/source0200/stdout.txt
e3b0c44298fc1c149afbf4c8996fb92427ae41e4649b934ca495991b7852b855	0	construction_large_run1/source0201/driver_stderr.txt
e352d616ddda618e59aeae14fb943607cbe6520c7b77128a65287d928ae8aa3a	275	construction_large_run1/source0201/driver_stdout.txt
4e97c67f96d8c2adc12280a539ec086853e57a777784bc65eb39bedbe50feb87	3404	construction_large_run1/source0201/executed_driver_v1.txt
a9914b7ebd0076a76eaac0f87c6041dbc5c2c8e61c49649b0fc6f3064642fc44	633	construction_large_run1/source0201/executed_inputs.gp
a60949f711c036af960dfa8839a6a794d1133faa3a022fbcb0fadeccc08741e2	6818	construction_large_run1/source0201/executed_script.gp
a9914b7ebd0076a76eaac0f87c6041dbc5c2c8e61c49649b0fc6f3064642fc44	633	construction_large_run1/source0201/input.gp
ea13bf66d9ffc186d94b3d07160165a5f997a09871ad94b807401d60beb09d92	303	construction_large_run1/source0201/receipt.json
797322a617fbdda305000ad90cb1d5c47d50434769e357641529dcb62833f95c	934	construction_large_run1/source0201/source_freeze.json
e3b0c44298fc1c149afbf4c8996fb92427ae41e4649b934ca495991b7852b855	0	construction_large_run1/source0201/stderr.txt
81248ac1543be30e67b92ae44ed1abc0da9c45a443daa945597869590761a42d	907	construction_large_run1/source0201/stdout.txt
e3b0c44298fc1c149afbf4c8996fb92427ae41e4649b934ca495991b7852b855	0	construction_large_run1/source0202/driver_stderr.txt
5126c7de9352d580b3f22bf1839ef437984bf55a0f54e38dc04c89dc3b6b61a0	275	construction_large_run1/source0202/driver_stdout.txt
4e97c67f96d8c2adc12280a539ec086853e57a777784bc65eb39bedbe50feb87	3404	construction_large_run1/source0202/executed_driver_v1.txt
e5ef60204d3f9dbeb108d147439b8867e32a870a51c6be7be11bb4b9fa28a114	637	construction_large_run1/source0202/executed_inputs.gp
a60949f711c036af960dfa8839a6a794d1133faa3a022fbcb0fadeccc08741e2	6818	construction_large_run1/source0202/executed_script.gp
e5ef60204d3f9dbeb108d147439b8867e32a870a51c6be7be11bb4b9fa28a114	637	construction_large_run1/source0202/input.gp
a0d7c8556bf3a039ef57025e97334311ec0702c1a4bca5cf375f71a1ab96540b	303	construction_large_run1/source0202/receipt.json
16f94a3c50f5113062f33cf047a527b0d4d8c081aebbda7420cf6f9153cea71d	934	construction_large_run1/source0202/source_freeze.json
e3b0c44298fc1c149afbf4c8996fb92427ae41e4649b934ca495991b7852b855	0	construction_large_run1/source0202/stderr.txt
7fcaa930a9fc6bf12cfa426ceadf2ae981dd708bd3250b830a9ac13bb6f0fb99	911	construction_large_run1/source0202/stdout.txt
e3b0c44298fc1c149afbf4c8996fb92427ae41e4649b934ca495991b7852b855	0	construction_large_run1/source0203/driver_stderr.txt
cd0408a2f297f1f13e8b04c5440ade875698e3273b66d9038124816cb78a596a	276	construction_large_run1/source0203/driver_stdout.txt
4e97c67f96d8c2adc12280a539ec086853e57a777784bc65eb39bedbe50feb87	3404	construction_large_run1/source0203/executed_driver_v1.txt
92bdcf39d7a63ca79c97e769f61a33e525b862c799237b74dafa0ee8bb042494	635	construction_large_run1/source0203/executed_inputs.gp
a60949f711c036af960dfa8839a6a794d1133faa3a022fbcb0fadeccc08741e2	6818	construction_large_run1/source0203/executed_script.gp
92bdcf39d7a63ca79c97e769f61a33e525b862c799237b74dafa0ee8bb042494	635	construction_large_run1/source0203/input.gp
d095b02a5d60983570dfb57d4bde19bcac14d033223c9ff00a2fb34a6691cc9d	304	construction_large_run1/source0203/receipt.json
e31676bd8cd577a96cd4641fafa54a7320c3b482849beccd2693d8749458b1b4	934	construction_large_run1/source0203/source_freeze.json
e3b0c44298fc1c149afbf4c8996fb92427ae41e4649b934ca495991b7852b855	0	construction_large_run1/source0203/stderr.txt
245c1c4d22d5830957c3a7455d61e3f47065fcf2e387904c02d03cd75c58d309	889	construction_large_run1/source0203/stdout.txt
e3b0c44298fc1c149afbf4c8996fb92427ae41e4649b934ca495991b7852b855	0	construction_large_run1/source0204/driver_stderr.txt
2254154d52881f5469b7f3f9924b323556a2e3c7d00e1f0862df171f9592a95c	276	construction_large_run1/source0204/driver_stdout.txt
4e97c67f96d8c2adc12280a539ec086853e57a777784bc65eb39bedbe50feb87	3404	construction_large_run1/source0204/executed_driver_v1.txt
b31f7efc0dca259b6a96af67574dd5340c0590974cacad62c4282f12b3d55fdc	633	construction_large_run1/source0204/executed_inputs.gp
a60949f711c036af960dfa8839a6a794d1133faa3a022fbcb0fadeccc08741e2	6818	construction_large_run1/source0204/executed_script.gp
b31f7efc0dca259b6a96af67574dd5340c0590974cacad62c4282f12b3d55fdc	633	construction_large_run1/source0204/input.gp
3947a2a937377e4765b4caee3ffd7be3c1de6a3fbe114ebb394ff880a24892c2	304	construction_large_run1/source0204/receipt.json
9aec80cc38bbe74eaeb9e3abc58fa958dc836afccd5f951fcca57f7995cfe9b0	934	construction_large_run1/source0204/source_freeze.json
e3b0c44298fc1c149afbf4c8996fb92427ae41e4649b934ca495991b7852b855	0	construction_large_run1/source0204/stderr.txt
daab58bc6d930cda58179b518ead89fba098480516244bc3193f8fae3cf09b50	911	construction_large_run1/source0204/stdout.txt
e3b0c44298fc1c149afbf4c8996fb92427ae41e4649b934ca495991b7852b855	0	construction_large_run1/source0205/driver_stderr.txt
b9e365900603eb958ec57a7ab0c270fe2d1669940f034cb24b8c8f30bb5a2c8c	276	construction_large_run1/source0205/driver_stdout.txt
4e97c67f96d8c2adc12280a539ec086853e57a777784bc65eb39bedbe50feb87	3404	construction_large_run1/source0205/executed_driver_v1.txt
779cf57c9de891cd36a67628a3f42cac6d8d7f07e848eb1bf3465b5b3e5a847d	635	construction_large_run1/source0205/executed_inputs.gp
a60949f711c036af960dfa8839a6a794d1133faa3a022fbcb0fadeccc08741e2	6818	construction_large_run1/source0205/executed_script.gp
779cf57c9de891cd36a67628a3f42cac6d8d7f07e848eb1bf3465b5b3e5a847d	635	construction_large_run1/source0205/input.gp
dd288410ed7f9a8f8b4d614b8ea57ad4cffe548558c08bed5eea401f6e94e52d	304	construction_large_run1/source0205/receipt.json
13959e28a6b08fd33459c6e7985e63ade7d5f4ddfb3aaf9dffffda5c37913f73	934	construction_large_run1/source0205/source_freeze.json
e3b0c44298fc1c149afbf4c8996fb92427ae41e4649b934ca495991b7852b855	0	construction_large_run1/source0205/stderr.txt
f914da796f0ca9d85eba967884aea4ca86e8a06f6d2ea571089ea5dd857bc786	905	construction_large_run1/source0205/stdout.txt
e3b0c44298fc1c149afbf4c8996fb92427ae41e4649b934ca495991b7852b855	0	construction_large_run1/source0206/driver_stderr.txt
53644092c2846eebafdd3338872ee419373e323f01c9521fea8592c594238089	276	construction_large_run1/source0206/driver_stdout.txt
4e97c67f96d8c2adc12280a539ec086853e57a777784bc65eb39bedbe50feb87	3404	construction_large_run1/source0206/executed_driver_v1.txt
8bda514af6cbe6913fa69882589e9eff0db860c3e5fc9b2e2418678fbe8fcddc	634	construction_large_run1/source0206/executed_inputs.gp
a60949f711c036af960dfa8839a6a794d1133faa3a022fbcb0fadeccc08741e2	6818	construction_large_run1/source0206/executed_script.gp
8bda514af6cbe6913fa69882589e9eff0db860c3e5fc9b2e2418678fbe8fcddc	634	construction_large_run1/source0206/input.gp
61f1f9c41a2447542d6b3307e2bffec86c335dc2e5dbfa72d0e5b66a03ff5013	304	construction_large_run1/source0206/receipt.json
d6cad0411b848025962e3c202794032705b5c0ed8f3d6fd0a63563cda455a826	934	construction_large_run1/source0206/source_freeze.json
e3b0c44298fc1c149afbf4c8996fb92427ae41e4649b934ca495991b7852b855	0	construction_large_run1/source0206/stderr.txt
8db0dd69172cac5f93cacc22e0ddb5dc5563640399c5ff6579ba2986cf663bbf	908	construction_large_run1/source0206/stdout.txt
e3b0c44298fc1c149afbf4c8996fb92427ae41e4649b934ca495991b7852b855	0	construction_large_run1/source0207/driver_stderr.txt
fb0b5b3c38c823c4d052f9f6595407427ce90144246b48b27c993bde8d718dfa	276	construction_large_run1/source0207/driver_stdout.txt
4e97c67f96d8c2adc12280a539ec086853e57a777784bc65eb39bedbe50feb87	3404	construction_large_run1/source0207/executed_driver_v1.txt
f210d3423fe9b9fea3af5edfbd1f0c850f22d182cc3e40e773837a19060a91af	639	construction_large_run1/source0207/executed_inputs.gp
a60949f711c036af960dfa8839a6a794d1133faa3a022fbcb0fadeccc08741e2	6818	construction_large_run1/source0207/executed_script.gp
f210d3423fe9b9fea3af5edfbd1f0c850f22d182cc3e40e773837a19060a91af	639	construction_large_run1/source0207/input.gp
006da5ebab5ddd584e4027d55d670626f9ccc771ce1b7038a6b4c0df96d02329	304	construction_large_run1/source0207/receipt.json
fbd81ca5956b6ff800f194f50da63c583d5b4b0fc236eefb4ce2fc1856257c3d	934	construction_large_run1/source0207/source_freeze.json
e3b0c44298fc1c149afbf4c8996fb92427ae41e4649b934ca495991b7852b855	0	construction_large_run1/source0207/stderr.txt
12864dd3f6c850a28ae8b2a2890fe702373e197b2f4332e83c0cbfbad9ae1d95	912	construction_large_run1/source0207/stdout.txt
e3b0c44298fc1c149afbf4c8996fb92427ae41e4649b934ca495991b7852b855	0	construction_large_run1/source0208/driver_stderr.txt
62511825b1869644d92c2856746db85795468358bfd08138b7f1fe27b254af90	275	construction_large_run1/source0208/driver_stdout.txt
4e97c67f96d8c2adc12280a539ec086853e57a777784bc65eb39bedbe50feb87	3404	construction_large_run1/source0208/executed_driver_v1.txt
0d084473b5663c1a382a02fd33601347398bb5ce73b88131b9c83293e3525958	639	construction_large_run1/source0208/executed_inputs.gp
a60949f711c036af960dfa8839a6a794d1133faa3a022fbcb0fadeccc08741e2	6818	construction_large_run1/source0208/executed_script.gp
0d084473b5663c1a382a02fd33601347398bb5ce73b88131b9c83293e3525958	639	construction_large_run1/source0208/input.gp
48bf3e49af4aafc3f6f5acc292eda362b1c59d6f4016b03bf6e4f0bd3c7666f5	303	construction_large_run1/source0208/receipt.json
3bbcf6892fd1d8d2e1710016d5733bf15f5aeae8e19c48b1e26161c475e29332	934	construction_large_run1/source0208/source_freeze.json
e3b0c44298fc1c149afbf4c8996fb92427ae41e4649b934ca495991b7852b855	0	construction_large_run1/source0208/stderr.txt
194ac0cd8b31cdb525250e3870ff18e1d516fc1023bae294fcb76eb878b75afe	910	construction_large_run1/source0208/stdout.txt
e3b0c44298fc1c149afbf4c8996fb92427ae41e4649b934ca495991b7852b855	0	construction_large_run1/source0209/driver_stderr.txt
c129957c822559207357deb156e5f0b5cc4f874b1fb6d3c422a5119640d748b7	276	construction_large_run1/source0209/driver_stdout.txt
4e97c67f96d8c2adc12280a539ec086853e57a777784bc65eb39bedbe50feb87	3404	construction_large_run1/source0209/executed_driver_v1.txt
838fcae3be37df770dc165b04baa6e4897187b7d0c6151bceff0f9941941cc08	631	construction_large_run1/source0209/executed_inputs.gp
a60949f711c036af960dfa8839a6a794d1133faa3a022fbcb0fadeccc08741e2	6818	construction_large_run1/source0209/executed_script.gp
838fcae3be37df770dc165b04baa6e4897187b7d0c6151bceff0f9941941cc08	631	construction_large_run1/source0209/input.gp
4a109a3d0bf834501c596db008380da5ed30ca06a0fb3869d50138e7ef3c68e1	304	construction_large_run1/source0209/receipt.json
70577ec84cdbe2430bdbd6f4ac47364ece7d42acfe1bc49da4d5fb9081d14c61	934	construction_large_run1/source0209/source_freeze.json
e3b0c44298fc1c149afbf4c8996fb92427ae41e4649b934ca495991b7852b855	0	construction_large_run1/source0209/stderr.txt
17833a59f1679bb885b66c4437428313a26c974bc5bce8c992e8675540177f28	889	construction_large_run1/source0209/stdout.txt
e3b0c44298fc1c149afbf4c8996fb92427ae41e4649b934ca495991b7852b855	0	construction_large_run1/source0210/driver_stderr.txt
4ee43f91bfcfba3178d2d99faf880657143e13076a4545597a70252d62af06a9	275	construction_large_run1/source0210/driver_stdout.txt
4e97c67f96d8c2adc12280a539ec086853e57a777784bc65eb39bedbe50feb87	3404	construction_large_run1/source0210/executed_driver_v1.txt
0e859e284e6948f13c331ad41898d3ea1e4099f2567c3baac0432f69df5ea161	638	construction_large_run1/source0210/executed_inputs.gp
a60949f711c036af960dfa8839a6a794d1133faa3a022fbcb0fadeccc08741e2	6818	construction_large_run1/source0210/executed_script.gp
0e859e284e6948f13c331ad41898d3ea1e4099f2567c3baac0432f69df5ea161	638	construction_large_run1/source0210/input.gp
120d13346cd2822d9e6d42a5702ca2a8dbab8f3619b35813d90df9010e512c91	303	construction_large_run1/source0210/receipt.json
3ebb5a2c8829cab34494aae9975bea5eeb542a4c94f4a99df7a6bb49a8d4d6f0	934	construction_large_run1/source0210/source_freeze.json
e3b0c44298fc1c149afbf4c8996fb92427ae41e4649b934ca495991b7852b855	0	construction_large_run1/source0210/stderr.txt
21dc6ba62b792c9a5bb38cb23053b20da6374f4242c7d86147d3f1c24f0b799d	906	construction_large_run1/source0210/stdout.txt
e3b0c44298fc1c149afbf4c8996fb92427ae41e4649b934ca495991b7852b855	0	construction_large_run1/source0211/driver_stderr.txt
d5d9efb24ecdc2a4adf24504e815064a8d2cc1ed3b0889f3d61ce67e782a3e26	276	construction_large_run1/source0211/driver_stdout.txt
4e97c67f96d8c2adc12280a539ec086853e57a777784bc65eb39bedbe50feb87	3404	construction_large_run1/source0211/executed_driver_v1.txt
3d553313a5cdbbacffbe2bdbfab88a3d7f597de27efc588eb1065c9f9bd105d8	636	construction_large_run1/source0211/executed_inputs.gp
a60949f711c036af960dfa8839a6a794d1133faa3a022fbcb0fadeccc08741e2	6818	construction_large_run1/source0211/executed_script.gp
3d553313a5cdbbacffbe2bdbfab88a3d7f597de27efc588eb1065c9f9bd105d8	636	construction_large_run1/source0211/input.gp
442e2bd869dc96c04b45fd38de189873da0435c62b456bb31a512a4f6ec610e4	304	construction_large_run1/source0211/receipt.json
62b0cb789c182f2ae55596a4d1bffc48919229bb9cf57019b348261142fd2814	934	construction_large_run1/source0211/source_freeze.json
e3b0c44298fc1c149afbf4c8996fb92427ae41e4649b934ca495991b7852b855	0	construction_large_run1/source0211/stderr.txt
b67142ce7d276e08cf3e068fa70b7873e28cbdee9d6aef451c305317a4d73ead	893	construction_large_run1/source0211/stdout.txt
e3b0c44298fc1c149afbf4c8996fb92427ae41e4649b934ca495991b7852b855	0	construction_large_run1/source0212/driver_stderr.txt
2c513caa886d993fc735a7eb1b7f1aac1712697c67c825ac67e4e2b08d775cef	276	construction_large_run1/source0212/driver_stdout.txt
4e97c67f96d8c2adc12280a539ec086853e57a777784bc65eb39bedbe50feb87	3404	construction_large_run1/source0212/executed_driver_v1.txt
d6ad7698fa65b34e079f0fe3860fbf12ae73b9dd60cfbe4cc72612330a0f48b0	637	construction_large_run1/source0212/executed_inputs.gp
a60949f711c036af960dfa8839a6a794d1133faa3a022fbcb0fadeccc08741e2	6818	construction_large_run1/source0212/executed_script.gp
d6ad7698fa65b34e079f0fe3860fbf12ae73b9dd60cfbe4cc72612330a0f48b0	637	construction_large_run1/source0212/input.gp
90e740eee72a84719b6645b2741662f4aef0563a4c2dc47d82455ee84f46c1f9	304	construction_large_run1/source0212/receipt.json
c14563f8f60bfb32f7823f5f7ca198fb1eafdf00feb96109844ae0dfaae0a9d4	934	construction_large_run1/source0212/source_freeze.json
e3b0c44298fc1c149afbf4c8996fb92427ae41e4649b934ca495991b7852b855	0	construction_large_run1/source0212/stderr.txt
fb7df0d7e1059655bcc4bdb12ea513241a1f1fb934659d451fd1863fd23b323f	901	construction_large_run1/source0212/stdout.txt
e3b0c44298fc1c149afbf4c8996fb92427ae41e4649b934ca495991b7852b855	0	construction_large_run1/source0213/driver_stderr.txt
e0c5232098c2a492011093c79cc2b02de72c025b8f4c7b34c8f49028143a6994	276	construction_large_run1/source0213/driver_stdout.txt
4e97c67f96d8c2adc12280a539ec086853e57a777784bc65eb39bedbe50feb87	3404	construction_large_run1/source0213/executed_driver_v1.txt
30cf6ef9187566ae79600c60e6d1a2d18bf44334447a4c8418deb5da96f69b0c	631	construction_large_run1/source0213/executed_inputs.gp
a60949f711c036af960dfa8839a6a794d1133faa3a022fbcb0fadeccc08741e2	6818	construction_large_run1/source0213/executed_script.gp
30cf6ef9187566ae79600c60e6d1a2d18bf44334447a4c8418deb5da96f69b0c	631	construction_large_run1/source0213/input.gp
5b20df44d03fd0336682a37bfa61f7c97c332f86eb6f6eb12fda8a81c44d7e44	304	construction_large_run1/source0213/receipt.json
36e2f5f266800e2d9262b7f369ca4470a4f69b44fbe89c4c2f345733e3b4a75c	934	construction_large_run1/source0213/source_freeze.json
e3b0c44298fc1c149afbf4c8996fb92427ae41e4649b934ca495991b7852b855	0	construction_large_run1/source0213/stderr.txt
23580f0246d1c34ab78acaf0fb4b3908913c2f0e5f741cfd00a93d9228f21753	904	construction_large_run1/source0213/stdout.txt
e3b0c44298fc1c149afbf4c8996fb92427ae41e4649b934ca495991b7852b855	0	construction_large_run1/source0214/driver_stderr.txt
49fcf374912483b864676b702261971445bdcec0fe84c85f25fbfbc7199d9b3e	276	construction_large_run1/source0214/driver_stdout.txt
4e97c67f96d8c2adc12280a539ec086853e57a777784bc65eb39bedbe50feb87	3404	construction_large_run1/source0214/executed_driver_v1.txt
2a8f4649e036cab97dc7741a24458f16c133a04c630d02e9706da07e056fe7b7	632	construction_large_run1/source0214/executed_inputs.gp
a60949f711c036af960dfa8839a6a794d1133faa3a022fbcb0fadeccc08741e2	6818	construction_large_run1/source0214/executed_script.gp
2a8f4649e036cab97dc7741a24458f16c133a04c630d02e9706da07e056fe7b7	632	construction_large_run1/source0214/input.gp
2d84a37d2db06dcc5c997e2b84dbdc0b2b6ad7a1fa9d3d8f121d2cdff11036e3	304	construction_large_run1/source0214/receipt.json
53b38bc61a792d6755361d3c4a63f6fbc830f901d076d831cfb3f956fd589ed7	934	construction_large_run1/source0214/source_freeze.json
e3b0c44298fc1c149afbf4c8996fb92427ae41e4649b934ca495991b7852b855	0	construction_large_run1/source0214/stderr.txt
2064c1999e8b9e0a364d3585b42f9c037302fe81dcca6a5af5160d5eecbe3d1f	893	construction_large_run1/source0214/stdout.txt
e3b0c44298fc1c149afbf4c8996fb92427ae41e4649b934ca495991b7852b855	0	construction_large_run1/source0215/driver_stderr.txt
aaa539de1bdd7ab28cde260265e1cbf666db61dbe50aae199278195566425598	276	construction_large_run1/source0215/driver_stdout.txt
4e97c67f96d8c2adc12280a539ec086853e57a777784bc65eb39bedbe50feb87	3404	construction_large_run1/source0215/executed_driver_v1.txt
8b75111461d6fde7be7b2d882b2385037fb28a60708be0e9a330523d05358dcc	635	construction_large_run1/source0215/executed_inputs.gp
a60949f711c036af960dfa8839a6a794d1133faa3a022fbcb0fadeccc08741e2	6818	construction_large_run1/source0215/executed_script.gp
8b75111461d6fde7be7b2d882b2385037fb28a60708be0e9a330523d05358dcc	635	construction_large_run1/source0215/input.gp
e37c7e1d15ca985d99010b3838b177e8cb4d7c0b67ac6f4ce30ee8fe2d8a40b4	304	construction_large_run1/source0215/receipt.json
d79baded0fe92cfd96f13b46030817468e054c4fbab74506eeb4e7f6cd9f92e5	934	construction_large_run1/source0215/source_freeze.json
e3b0c44298fc1c149afbf4c8996fb92427ae41e4649b934ca495991b7852b855	0	construction_large_run1/source0215/stderr.txt
a2e1a2028d884e63dcd957f52faf044ac8045157bf5ba7302e22bf1dbcc8f2ed	905	construction_large_run1/source0215/stdout.txt
e3b0c44298fc1c149afbf4c8996fb92427ae41e4649b934ca495991b7852b855	0	construction_large_run1/source0216/driver_stderr.txt
ed75bcf04e055f41fdbb2742b4677d221c01b7dc7830465ec60079a0b49fb3eb	275	construction_large_run1/source0216/driver_stdout.txt
4e97c67f96d8c2adc12280a539ec086853e57a777784bc65eb39bedbe50feb87	3404	construction_large_run1/source0216/executed_driver_v1.txt
3264b805d951c3aca20771e261dae8b9434da64fd124de2c23f7e3b1f60a0056	637	construction_large_run1/source0216/executed_inputs.gp
a60949f711c036af960dfa8839a6a794d1133faa3a022fbcb0fadeccc08741e2	6818	construction_large_run1/source0216/executed_script.gp
3264b805d951c3aca20771e261dae8b9434da64fd124de2c23f7e3b1f60a0056	637	construction_large_run1/source0216/input.gp
2a5e43c3bc184cadd27f69b216a27a982a5cb7e80d52a39eb58d970a7cb4ea35	303	construction_large_run1/source0216/receipt.json
90f7fb1be0793e470f4fde29e38f97cf7bb662169b3ac7484b03df0cc4d82fd0	934	construction_large_run1/source0216/source_freeze.json
e3b0c44298fc1c149afbf4c8996fb92427ae41e4649b934ca495991b7852b855	0	construction_large_run1/source0216/stderr.txt
83d982a2e6036520ba3a3686718abb5f6a6188cd452c1079cb72eef28d42b317	905	construction_large_run1/source0216/stdout.txt
e3b0c44298fc1c149afbf4c8996fb92427ae41e4649b934ca495991b7852b855	0	construction_large_run1/source0217/driver_stderr.txt
c7877332f9fc61e86bf50904792463e139c8b93eeff380951de79e36f420faf8	276	construction_large_run1/source0217/driver_stdout.txt
4e97c67f96d8c2adc12280a539ec086853e57a777784bc65eb39bedbe50feb87	3404	construction_large_run1/source0217/executed_driver_v1.txt
71543c43c957a7d813e96c6f3e380a181b00f08ceb745fa0dbb4f5e63464e84e	631	construction_large_run1/source0217/executed_inputs.gp
a60949f711c036af960dfa8839a6a794d1133faa3a022fbcb0fadeccc08741e2	6818	construction_large_run1/source0217/executed_script.gp
71543c43c957a7d813e96c6f3e380a181b00f08ceb745fa0dbb4f5e63464e84e	631	construction_large_run1/source0217/input.gp
4ebd5aac3d082d597a1b82553ad37cc9cbd7166780967cb2bd537690156c046d	304	construction_large_run1/source0217/receipt.json
a7f944597ccc5456c2fb103c23a6888d1dc407d2367cd874a78cc2be9d124750	934	construction_large_run1/source0217/source_freeze.json
e3b0c44298fc1c149afbf4c8996fb92427ae41e4649b934ca495991b7852b855	0	construction_large_run1/source0217/stderr.txt
ab8c6bdc9ced478d89b2e6e4d32b129e3e6d0c6422515be93598c39edc4b1521	887	construction_large_run1/source0217/stdout.txt
e3b0c44298fc1c149afbf4c8996fb92427ae41e4649b934ca495991b7852b855	0	construction_large_run1/source0218/driver_stderr.txt
e6342624eae974b5855eb79ac242bef7cce52d84598c12b3923040f9b3588faa	276	construction_large_run1/source0218/driver_stdout.txt
4e97c67f96d8c2adc12280a539ec086853e57a777784bc65eb39bedbe50feb87	3404	construction_large_run1/source0218/executed_driver_v1.txt
ddf0c2f44842c0a9278ffcb481aab36ad9ef6e22dcb845096c86af6b98f6a148	635	construction_large_run1/source0218/executed_inputs.gp
a60949f711c036af960dfa8839a6a794d1133faa3a022fbcb0fadeccc08741e2	6818	construction_large_run1/source0218/executed_script.gp
ddf0c2f44842c0a9278ffcb481aab36ad9ef6e22dcb845096c86af6b98f6a148	635	construction_large_run1/source0218/input.gp
b3a343223da4ccd1eb0fe61c67ddaa124516d4be29098a5782671dea64966ae8	304	construction_large_run1/source0218/receipt.json
917df045dbff196c0e3bd18038ece9058f21046a243458b7bf4a56032e8628c6	934	construction_large_run1/source0218/source_freeze.json
e3b0c44298fc1c149afbf4c8996fb92427ae41e4649b934ca495991b7852b855	0	construction_large_run1/source0218/stderr.txt
5e03dfe6d776aaf4043225670141ffc58becb35155286fd7f314b8df5a304515	893	construction_large_run1/source0218/stdout.txt
e3b0c44298fc1c149afbf4c8996fb92427ae41e4649b934ca495991b7852b855	0	construction_large_run1/source0219/driver_stderr.txt
b175c2f4bc7b9af2a4a4ef8e4cfca8089031a501e12cf43235eb35a9954021da	276	construction_large_run1/source0219/driver_stdout.txt
4e97c67f96d8c2adc12280a539ec086853e57a777784bc65eb39bedbe50feb87	3404	construction_large_run1/source0219/executed_driver_v1.txt
94f79433461c080256b97f91f4585afaf5badabfaf245d2a4634354f3306193e	637	construction_large_run1/source0219/executed_inputs.gp
a60949f711c036af960dfa8839a6a794d1133faa3a022fbcb0fadeccc08741e2	6818	construction_large_run1/source0219/executed_script.gp
94f79433461c080256b97f91f4585afaf5badabfaf245d2a4634354f3306193e	637	construction_large_run1/source0219/input.gp
7d8d244c4c079a0e4320bd7db583e7605d02fd3316ce273fcc17c8e2f84f674e	304	construction_large_run1/source0219/receipt.json
4c13ac8600c18e1afd568cdfa560f3fdb5f5dd838da6ff94fd69e1212bedd540	934	construction_large_run1/source0219/source_freeze.json
e3b0c44298fc1c149afbf4c8996fb92427ae41e4649b934ca495991b7852b855	0	construction_large_run1/source0219/stderr.txt
0ef74a0b39b92cf7f4cc22fbf6d2900d21fdd9af434d465b53c47ab2be002dc2	909	construction_large_run1/source0219/stdout.txt
e3b0c44298fc1c149afbf4c8996fb92427ae41e4649b934ca495991b7852b855	0	construction_large_run1/source0220/driver_stderr.txt
15e1cb05ebc71ec225fec4744eeba93c8296f225d7a3d2266671390dba0703f9	276	construction_large_run1/source0220/driver_stdout.txt
4e97c67f96d8c2adc12280a539ec086853e57a777784bc65eb39bedbe50feb87	3404	construction_large_run1/source0220/executed_driver_v1.txt
c69b3c537d5e643b7911d43b5ccb1662df438752c9c89cc5ed47896c23d68cbb	637	construction_large_run1/source0220/executed_inputs.gp
a60949f711c036af960dfa8839a6a794d1133faa3a022fbcb0fadeccc08741e2	6818	construction_large_run1/source0220/executed_script.gp
c69b3c537d5e643b7911d43b5ccb1662df438752c9c89cc5ed47896c23d68cbb	637	construction_large_run1/source0220/input.gp
869a1b7bc14d442b5480b839e746f0a6cecce09c49e7122063815ae03780eba8	304	construction_large_run1/source0220/receipt.json
efb1a56135b8cf89c8bc4d26746ee86b171e76ff6206112eabaff8365bf8442b	934	construction_large_run1/source0220/source_freeze.json
e3b0c44298fc1c149afbf4c8996fb92427ae41e4649b934ca495991b7852b855	0	construction_large_run1/source0220/stderr.txt
4f51e22cb839de4adfc22f46fdfce5c35770370a8e6008ae029690892efc228c	905	construction_large_run1/source0220/stdout.txt
e3b0c44298fc1c149afbf4c8996fb92427ae41e4649b934ca495991b7852b855	0	construction_large_run1/source0221/driver_stderr.txt
2b7e03755add6a5e57e60b81d7e2de86d53dd8ebb5fd465d62e520d56158ec02	275	construction_large_run1/source0221/driver_stdout.txt
4e97c67f96d8c2adc12280a539ec086853e57a777784bc65eb39bedbe50feb87	3404	construction_large_run1/source0221/executed_driver_v1.txt
2cde3164581d117abcad088e11e18cf175f8ae1c246755b558adacf43d7d9940	635	construction_large_run1/source0221/executed_inputs.gp
a60949f711c036af960dfa8839a6a794d1133faa3a022fbcb0fadeccc08741e2	6818	construction_large_run1/source0221/executed_script.gp
2cde3164581d117abcad088e11e18cf175f8ae1c246755b558adacf43d7d9940	635	construction_large_run1/source0221/input.gp
5e0c722f959a53b60bbb5bcad77f379dc2494827c105dad8b32e25e2aeb651f0	303	construction_large_run1/source0221/receipt.json
c2e11809216a8136e8da2d504349c6b78246db8bb9a80429ebc17ec3dcd62042	934	construction_large_run1/source0221/source_freeze.json
e3b0c44298fc1c149afbf4c8996fb92427ae41e4649b934ca495991b7852b855	0	construction_large_run1/source0221/stderr.txt
8837361982a7981e0e3ce1614a17573d1480a0a8be5d08300f3b8de34fb9db14	905	construction_large_run1/source0221/stdout.txt
e3b0c44298fc1c149afbf4c8996fb92427ae41e4649b934ca495991b7852b855	0	construction_large_run1/source0222/driver_stderr.txt
35f2b3cb00247ea2b9e2d65da1dad454764d158d3b65fc389d73069f2eafcf32	275	construction_large_run1/source0222/driver_stdout.txt
4e97c67f96d8c2adc12280a539ec086853e57a777784bc65eb39bedbe50feb87	3404	construction_large_run1/source0222/executed_driver_v1.txt
fd999ce1c03166d90abf44f02b84a50ccf23ecbb14937ce2a21deee68868ba02	637	construction_large_run1/source0222/executed_inputs.gp
a60949f711c036af960dfa8839a6a794d1133faa3a022fbcb0fadeccc08741e2	6818	construction_large_run1/source0222/executed_script.gp
fd999ce1c03166d90abf44f02b84a50ccf23ecbb14937ce2a21deee68868ba02	637	construction_large_run1/source0222/input.gp
af59aca934f82b5acce865b22659b0747af5a8f399c852fdc7c6840f909eb031	303	construction_large_run1/source0222/receipt.json
63cb9862d2dd785b31cc3ea5ef17c178f03dc9df69c63896bda519b6bfcf4c0a	934	construction_large_run1/source0222/source_freeze.json
e3b0c44298fc1c149afbf4c8996fb92427ae41e4649b934ca495991b7852b855	0	construction_large_run1/source0222/stderr.txt
7813b4e83ce4932c4b1175e1bb5beb21eae607aabc323e3af117380faf309f07	893	construction_large_run1/source0222/stdout.txt
e3b0c44298fc1c149afbf4c8996fb92427ae41e4649b934ca495991b7852b855	0	construction_large_run1/source0223/driver_stderr.txt
4b78c7a96af625240d26888a7c6fb2e995efab09442ba7016c0db72acfa4ce4f	275	construction_large_run1/source0223/driver_stdout.txt
4e97c67f96d8c2adc12280a539ec086853e57a777784bc65eb39bedbe50feb87	3404	construction_large_run1/source0223/executed_driver_v1.txt
4900e6841e9f453179a06dba8440141f7f3e5f3a8afc7046bbb754b2c32e06a7	635	construction_large_run1/source0223/executed_inputs.gp
a60949f711c036af960dfa8839a6a794d1133faa3a022fbcb0fadeccc08741e2	6818	construction_large_run1/source0223/executed_script.gp
4900e6841e9f453179a06dba8440141f7f3e5f3a8afc7046bbb754b2c32e06a7	635	construction_large_run1/source0223/input.gp
ed476f708cb4c06f822120c9f00ea06e8b739468f7a2085979d2a1fdb75c8d45	303	construction_large_run1/source0223/receipt.json
f413373d67a5ccbd73dec7c1830c129db98ad190835bd60f0806bafcc212727b	934	construction_large_run1/source0223/source_freeze.json
e3b0c44298fc1c149afbf4c8996fb92427ae41e4649b934ca495991b7852b855	0	construction_large_run1/source0223/stderr.txt
6d8ad6079d719b65dc17db664d7a4158ef58f4ed6ac74cb97cf3418a80ae0335	904	construction_large_run1/source0223/stdout.txt
e3b0c44298fc1c149afbf4c8996fb92427ae41e4649b934ca495991b7852b855	0	construction_large_run1/source0224/driver_stderr.txt
54825e44e97feef98dd04da30a6649e9180b24ee4820334b80e39897200b629b	275	construction_large_run1/source0224/driver_stdout.txt
4e97c67f96d8c2adc12280a539ec086853e57a777784bc65eb39bedbe50feb87	3404	construction_large_run1/source0224/executed_driver_v1.txt
a4753b53e871caf3424ee698b1d6fec407d6053098b3583ed1e785e116c4bdbd	632	construction_large_run1/source0224/executed_inputs.gp
a60949f711c036af960dfa8839a6a794d1133faa3a022fbcb0fadeccc08741e2	6818	construction_large_run1/source0224/executed_script.gp
a4753b53e871caf3424ee698b1d6fec407d6053098b3583ed1e785e116c4bdbd	632	construction_large_run1/source0224/input.gp
dfcff1af47aa6043166eeaa1d7ac6ab9c373a0d260bfa4be3122ada5f272c8d3	303	construction_large_run1/source0224/receipt.json
2718e6bd49e727661215bae5e7ac7cc80b5875dff32de57decc13f12a62908c7	934	construction_large_run1/source0224/source_freeze.json
e3b0c44298fc1c149afbf4c8996fb92427ae41e4649b934ca495991b7852b855	0	construction_large_run1/source0224/stderr.txt
49552a5f2c3d77291cc1560d96e8fca6af4a552cdabc3f94f34fcc9e39396342	901	construction_large_run1/source0224/stdout.txt
e3b0c44298fc1c149afbf4c8996fb92427ae41e4649b934ca495991b7852b855	0	construction_large_run1/source0225/driver_stderr.txt
b97ee7c9c4db5ecd9593dc640ba485cda691d5e2807ec006b771d06cb401600e	276	construction_large_run1/source0225/driver_stdout.txt
4e97c67f96d8c2adc12280a539ec086853e57a777784bc65eb39bedbe50feb87	3404	construction_large_run1/source0225/executed_driver_v1.txt
0e08b85e54f9a1c9b67174a79af8fd4f7a93820d28b1716eb519f1f67c00a4c2	638	construction_large_run1/source0225/executed_inputs.gp
a60949f711c036af960dfa8839a6a794d1133faa3a022fbcb0fadeccc08741e2	6818	construction_large_run1/source0225/executed_script.gp
0e08b85e54f9a1c9b67174a79af8fd4f7a93820d28b1716eb519f1f67c00a4c2	638	construction_large_run1/source0225/input.gp
6c0729ed231ddd2fc8b693662210a07d67dd43c31b1ed39aac5f810682ee0c34	304	construction_large_run1/source0225/receipt.json
035b8ed11be823238cf83fe4289153d1acafb01606a45f3c854e3170789ee16b	934	construction_large_run1/source0225/source_freeze.json
e3b0c44298fc1c149afbf4c8996fb92427ae41e4649b934ca495991b7852b855	0	construction_large_run1/source0225/stderr.txt
55fb020af47cd3b6f4fb62e5a5819e3dfbc43e169bccd43ffa493d66e8f4a96d	910	construction_large_run1/source0225/stdout.txt
e3b0c44298fc1c149afbf4c8996fb92427ae41e4649b934ca495991b7852b855	0	construction_large_run1/source0226/driver_stderr.txt
cce49cd0ff1ef835acda96e9d043233ec92a7d012e6396b37a5d4096aea8e1cb	275	construction_large_run1/source0226/driver_stdout.txt
4e97c67f96d8c2adc12280a539ec086853e57a777784bc65eb39bedbe50feb87	3404	construction_large_run1/source0226/executed_driver_v1.txt
5f35ff7c3e46cf6f0e786e8f4bfe99d83ec3b51fd25fa7d60701c09db461e10c	634	construction_large_run1/source0226/executed_inputs.gp
a60949f711c036af960dfa8839a6a794d1133faa3a022fbcb0fadeccc08741e2	6818	construction_large_run1/source0226/executed_script.gp
5f35ff7c3e46cf6f0e786e8f4bfe99d83ec3b51fd25fa7d60701c09db461e10c	634	construction_large_run1/source0226/input.gp
b6b12541367905c312802080c52439dacb6437cf40880cd5f860e640b2928209	303	construction_large_run1/source0226/receipt.json
55a59bf6344d8bad19fdcd457fa0ecf9b8f30e3a23972fdb2d4a92bab5d86850	934	construction_large_run1/source0226/source_freeze.json
e3b0c44298fc1c149afbf4c8996fb92427ae41e4649b934ca495991b7852b855	0	construction_large_run1/source0226/stderr.txt
1f135dd77880bc2b91f3bccf6410a354ed7dcecce54c029b821fc54b00235855	901	construction_large_run1/source0226/stdout.txt
e3b0c44298fc1c149afbf4c8996fb92427ae41e4649b934ca495991b7852b855	0	construction_large_run1/source0227/driver_stderr.txt
6b45a714bc0b5f645e414173484866c30fcee19dc860db9624ff00ff46573a98	275	construction_large_run1/source0227/driver_stdout.txt
4e97c67f96d8c2adc12280a539ec086853e57a777784bc65eb39bedbe50feb87	3404	construction_large_run1/source0227/executed_driver_v1.txt
b6b98820cca939f99dabd5e4c136025463300dbb456b71d9e4494ee6bf291e2f	635	construction_large_run1/source0227/executed_inputs.gp
a60949f711c036af960dfa8839a6a794d1133faa3a022fbcb0fadeccc08741e2	6818	construction_large_run1/source0227/executed_script.gp
b6b98820cca939f99dabd5e4c136025463300dbb456b71d9e4494ee6bf291e2f	635	construction_large_run1/source0227/input.gp
bfec6dfeda8d77c4e6fdac7daf2679c46fd95243772e459cf4968d285e235e16	303	construction_large_run1/source0227/receipt.json
5105ccf4b03b9657dee4d0a09c4dbb1272bccc849da72c82342457b6d9052af9	934	construction_large_run1/source0227/source_freeze.json
e3b0c44298fc1c149afbf4c8996fb92427ae41e4649b934ca495991b7852b855	0	construction_large_run1/source0227/stderr.txt
afa67704b0b42e56b2b0f9a5c6abaeddb9043dd0cf5ab3bde2bdc238b8d8da33	907	construction_large_run1/source0227/stdout.txt
e3b0c44298fc1c149afbf4c8996fb92427ae41e4649b934ca495991b7852b855	0	construction_large_run1/source0228/driver_stderr.txt
a918c98fac3c1af66dd5920998860e42b702f105621bbb7d1f7e67c5e7815002	276	construction_large_run1/source0228/driver_stdout.txt
4e97c67f96d8c2adc12280a539ec086853e57a777784bc65eb39bedbe50feb87	3404	construction_large_run1/source0228/executed_driver_v1.txt
b4b37f5c93f0bf7a29abad231064aa42a9d1f00f888bd68965c701b3019b3cf8	640	construction_large_run1/source0228/executed_inputs.gp
a60949f711c036af960dfa8839a6a794d1133faa3a022fbcb0fadeccc08741e2	6818	construction_large_run1/source0228/executed_script.gp
b4b37f5c93f0bf7a29abad231064aa42a9d1f00f888bd68965c701b3019b3cf8	640	construction_large_run1/source0228/input.gp
1642003c31f6d2708b1d819dc1606fde46a8ea033a01ff1e9c91ee9ea37dab8f	304	construction_large_run1/source0228/receipt.json
bd25b13d58b23755f184edfc8e454b69589496425234eb3b657773a55c457eee	934	construction_large_run1/source0228/source_freeze.json
e3b0c44298fc1c149afbf4c8996fb92427ae41e4649b934ca495991b7852b855	0	construction_large_run1/source0228/stderr.txt
edccc5351aa3d30963d9809396e46da52ee21066dbe4df8de35b756074304700	894	construction_large_run1/source0228/stdout.txt
e3b0c44298fc1c149afbf4c8996fb92427ae41e4649b934ca495991b7852b855	0	construction_large_run1/source0229/driver_stderr.txt
428e27c8bc236d2296956c6f52ae5e07831bbc707e36c1507bf483a1e9a752b7	276	construction_large_run1/source0229/driver_stdout.txt
4e97c67f96d8c2adc12280a539ec086853e57a777784bc65eb39bedbe50feb87	3404	construction_large_run1/source0229/executed_driver_v1.txt
67970af95616fdba1d68ec4afe7e36a8bbd1579bd9b02b12f480e4a0f08fea32	635	construction_large_run1/source0229/executed_inputs.gp
a60949f711c036af960dfa8839a6a794d1133faa3a022fbcb0fadeccc08741e2	6818	construction_large_run1/source0229/executed_script.gp
67970af95616fdba1d68ec4afe7e36a8bbd1579bd9b02b12f480e4a0f08fea32	635	construction_large_run1/source0229/input.gp
fe3a0c73adde265e520d9ea2bbe528c0241f698bd7d3a8d9589b33273f6764ce	304	construction_large_run1/source0229/receipt.json
38237e79f17ec416af430e958ea5230e1b955e021cd34341f72657bbc7d556bd	934	construction_large_run1/source0229/source_freeze.json
e3b0c44298fc1c149afbf4c8996fb92427ae41e4649b934ca495991b7852b855	0	construction_large_run1/source0229/stderr.txt
9778a5302d473f95198c95ba76e3d1b134e0fad1023736dc1bd06aac8443b32f	898	construction_large_run1/source0229/stdout.txt
e3b0c44298fc1c149afbf4c8996fb92427ae41e4649b934ca495991b7852b855	0	construction_large_run1/source0230/driver_stderr.txt
c85e294f35efd10e330b8e33926500b7dc55136a1085c6afc67f4f5a58eefaa1	276	construction_large_run1/source0230/driver_stdout.txt
4e97c67f96d8c2adc12280a539ec086853e57a777784bc65eb39bedbe50feb87	3404	construction_large_run1/source0230/executed_driver_v1.txt
90f34fdaa994095448ccb5067dcd5a0b1bb45ae4a1eb85e6bc0507da8fb7b9b0	633	construction_large_run1/source0230/executed_inputs.gp
a60949f711c036af960dfa8839a6a794d1133faa3a022fbcb0fadeccc08741e2	6818	construction_large_run1/source0230/executed_script.gp
90f34fdaa994095448ccb5067dcd5a0b1bb45ae4a1eb85e6bc0507da8fb7b9b0	633	construction_large_run1/source0230/input.gp
e5a6cb9b233a2b44d2d211359f03eaffda77d2b33884dea588f15e3efb96e6b6	304	construction_large_run1/source0230/receipt.json
3afc5ed2360f69b4d58a81377c814a99883b12ad855ec8e44728862c26bc92ef	934	construction_large_run1/source0230/source_freeze.json
e3b0c44298fc1c149afbf4c8996fb92427ae41e4649b934ca495991b7852b855	0	construction_large_run1/source0230/stderr.txt
e8cc9d9cf1c38a05cc31fcb2b5d58e29947a504a83bf8393ccf1206a7f96e946	888	construction_large_run1/source0230/stdout.txt
e3b0c44298fc1c149afbf4c8996fb92427ae41e4649b934ca495991b7852b855	0	construction_large_run1/source0231/driver_stderr.txt
fa4a710a12e25159e736f1652beb473fcde2c8cf1abfda7af82e3ac833c6132c	276	construction_large_run1/source0231/driver_stdout.txt
4e97c67f96d8c2adc12280a539ec086853e57a777784bc65eb39bedbe50feb87	3404	construction_large_run1/source0231/executed_driver_v1.txt
c9d3cec46ed1affc46f79f8e68d10c8729ba1de5e716f92199e1ea61dda5c87b	631	construction_large_run1/source0231/executed_inputs.gp
a60949f711c036af960dfa8839a6a794d1133faa3a022fbcb0fadeccc08741e2	6818	construction_large_run1/source0231/executed_script.gp
c9d3cec46ed1affc46f79f8e68d10c8729ba1de5e716f92199e1ea61dda5c87b	631	construction_large_run1/source0231/input.gp
c7a16e751ada7853c5986696dde3b9efe2d7221ea6847cfc5604896a418ea5b8	304	construction_large_run1/source0231/receipt.json
6a2de18615e43a75792926f85f7007658669a1dcd69d2ecf9e588d0d63fd4929	934	construction_large_run1/source0231/source_freeze.json
e3b0c44298fc1c149afbf4c8996fb92427ae41e4649b934ca495991b7852b855	0	construction_large_run1/source0231/stderr.txt
75b0dbf864d676559cb430723338561903fd51add3a86247eb620c96b1c6e57e	893	construction_large_run1/source0231/stdout.txt
e3b0c44298fc1c149afbf4c8996fb92427ae41e4649b934ca495991b7852b855	0	construction_large_run1/source0232/driver_stderr.txt
786d933e52be4f4874d81ea26f6a7790911bc2881ae071a980522315767a1cd3	275	construction_large_run1/source0232/driver_stdout.txt
4e97c67f96d8c2adc12280a539ec086853e57a777784bc65eb39bedbe50feb87	3404	construction_large_run1/source0232/executed_driver_v1.txt
98bdb4f9af4bca006cdb9eafb1cb8f427a87cb502f2c10b3fca6f030ff79d242	630	construction_large_run1/source0232/executed_inputs.gp
a60949f711c036af960dfa8839a6a794d1133faa3a022fbcb0fadeccc08741e2	6818	construction_large_run1/source0232/executed_script.gp
98bdb4f9af4bca006cdb9eafb1cb8f427a87cb502f2c10b3fca6f030ff79d242	630	construction_large_run1/source0232/input.gp
75c6d48b3391bded96ef54e23f86cab29738062fe717be5a5e8c352480f81438	303	construction_large_run1/source0232/receipt.json
c1cc4d5238c259395455a8f55dd67c55ace6ce8065a4914398378ef433619088	934	construction_large_run1/source0232/source_freeze.json
e3b0c44298fc1c149afbf4c8996fb92427ae41e4649b934ca495991b7852b855	0	construction_large_run1/source0232/stderr.txt
3c7d97ed5b1109fa528b17bfb0a045256e85ef640e1f55379e7a48684ce33f86	902	construction_large_run1/source0232/stdout.txt
e3b0c44298fc1c149afbf4c8996fb92427ae41e4649b934ca495991b7852b855	0	construction_large_run1/source0233/driver_stderr.txt
19eb261b93031a77ed72aae96708fba7e13d75a754ad9f26b7d9bf484cf5dfae	276	construction_large_run1/source0233/driver_stdout.txt
4e97c67f96d8c2adc12280a539ec086853e57a777784bc65eb39bedbe50feb87	3404	construction_large_run1/source0233/executed_driver_v1.txt
36bd2431c05d2f4617b10482bb0b972644bca1a05289e2d333a658c2c2748bca	636	construction_large_run1/source0233/executed_inputs.gp
a60949f711c036af960dfa8839a6a794d1133faa3a022fbcb0fadeccc08741e2	6818	construction_large_run1/source0233/executed_script.gp
36bd2431c05d2f4617b10482bb0b972644bca1a05289e2d333a658c2c2748bca	636	construction_large_run1/source0233/input.gp
54966da6ae937dcd4838863da0dd374a960e014b07fc7b3f55d69a2b822a09d5	304	construction_large_run1/source0233/receipt.json
aa6a5060d8c6feba944bb85b1e8e0a1b0d3f01ee64b715c5992ad6baf4007b50	934	construction_large_run1/source0233/source_freeze.json
e3b0c44298fc1c149afbf4c8996fb92427ae41e4649b934ca495991b7852b855	0	construction_large_run1/source0233/stderr.txt
89d1ed980c3c121c4d7f5aef37351dd9aa29de0710577dd6cb7bdb405af7362d	912	construction_large_run1/source0233/stdout.txt
e3b0c44298fc1c149afbf4c8996fb92427ae41e4649b934ca495991b7852b855	0	construction_large_run1/source0234/driver_stderr.txt
05f1c0fc39c3563ac842a6ce84289e16a399987949e05b4b500d197ef8e2d4eb	275	construction_large_run1/source0234/driver_stdout.txt
4e97c67f96d8c2adc12280a539ec086853e57a777784bc65eb39bedbe50feb87	3404	construction_large_run1/source0234/executed_driver_v1.txt
8b8ae0bb27a1f76d5ed7a79201382faf139902bef6dede9da9b32276ab5435fc	637	construction_large_run1/source0234/executed_inputs.gp
a60949f711c036af960dfa8839a6a794d1133faa3a022fbcb0fadeccc08741e2	6818	construction_large_run1/source0234/executed_script.gp
8b8ae0bb27a1f76d5ed7a79201382faf139902bef6dede9da9b32276ab5435fc	637	construction_large_run1/source0234/input.gp
44132af88a4f222071acb70d18e5dc859f0a8a259b000446f3744ed1dce06a97	303	construction_large_run1/source0234/receipt.json
e33362b4cdae50c081096be6708fe61f9ad48ea95f7f97235e09d42d5676323d	934	construction_large_run1/source0234/source_freeze.json
e3b0c44298fc1c149afbf4c8996fb92427ae41e4649b934ca495991b7852b855	0	construction_large_run1/source0234/stderr.txt
07f3c00d4d9427f0cb008173a2b8baa1a0efaa49abdcc13563343fcc061d0d0b	906	construction_large_run1/source0234/stdout.txt
e3b0c44298fc1c149afbf4c8996fb92427ae41e4649b934ca495991b7852b855	0	construction_large_run1/source0235/driver_stderr.txt
cef76f88a7c58f85d0913cdb8cdafdd1a151be608ef2a8c327ec54d8954fa901	276	construction_large_run1/source0235/driver_stdout.txt
4e97c67f96d8c2adc12280a539ec086853e57a777784bc65eb39bedbe50feb87	3404	construction_large_run1/source0235/executed_driver_v1.txt
c19cc9c1452f19f5c1e12c18076bd2427a3e4c31c56f283797cbad5bb07ba609	635	construction_large_run1/source0235/executed_inputs.gp
a60949f711c036af960dfa8839a6a794d1133faa3a022fbcb0fadeccc08741e2	6818	construction_large_run1/source0235/executed_script.gp
c19cc9c1452f19f5c1e12c18076bd2427a3e4c31c56f283797cbad5bb07ba609	635	construction_large_run1/source0235/input.gp
31012256bb5670af87c27f3738d541cb2db66ced29561a1c53e19d2cd1b64d00	304	construction_large_run1/source0235/receipt.json
e0b9beb48cbf9daf811ddd670587d30f40566db246868f4af0b7d803b3876d5a	934	construction_large_run1/source0235/source_freeze.json
e3b0c44298fc1c149afbf4c8996fb92427ae41e4649b934ca495991b7852b855	0	construction_large_run1/source0235/stderr.txt
cc37f49fbc2be52b39f4e67b0676da427a357a4ea651794ebfd8025f96e40b7b	909	construction_large_run1/source0235/stdout.txt
e3b0c44298fc1c149afbf4c8996fb92427ae41e4649b934ca495991b7852b855	0	construction_large_run1/source0236/driver_stderr.txt
2d766a2b8f033e269d55dab46919a321b3a85ace96264581d872ee5a62ea046d	275	construction_large_run1/source0236/driver_stdout.txt
4e97c67f96d8c2adc12280a539ec086853e57a777784bc65eb39bedbe50feb87	3404	construction_large_run1/source0236/executed_driver_v1.txt
8128d601d606d9980287eb8516e9ae5b3e7126e0e3557f905a0a2d21bc6fdaad	635	construction_large_run1/source0236/executed_inputs.gp
a60949f711c036af960dfa8839a6a794d1133faa3a022fbcb0fadeccc08741e2	6818	construction_large_run1/source0236/executed_script.gp
8128d601d606d9980287eb8516e9ae5b3e7126e0e3557f905a0a2d21bc6fdaad	635	construction_large_run1/source0236/input.gp
95fe3a95c155dd90a71c75bc472d0bf363d51c784c05eab386fd8df3dcface18	303	construction_large_run1/source0236/receipt.json
75815bf3d6fd8a0e7d3c8f367657b8bb33c6cdd892318f3ce58ab13bfdbabe71	934	construction_large_run1/source0236/source_freeze.json
e3b0c44298fc1c149afbf4c8996fb92427ae41e4649b934ca495991b7852b855	0	construction_large_run1/source0236/stderr.txt
5ff1c851fb855ad773ab5de40f7650f22de4e73c5270c788227a826e2ad44879	912	construction_large_run1/source0236/stdout.txt
e3b0c44298fc1c149afbf4c8996fb92427ae41e4649b934ca495991b7852b855	0	construction_large_run1/source0237/driver_stderr.txt
ccb9804dfaba6fce1ffe5fe9803ed672951f5e4ae86626d466224177fe925319	275	construction_large_run1/source0237/driver_stdout.txt
4e97c67f96d8c2adc12280a539ec086853e57a777784bc65eb39bedbe50feb87	3404	construction_large_run1/source0237/executed_driver_v1.txt
3a527ece9be785cafa6632c097c6303c8115aff5cc7cb4f4e8f5cddaf0db5496	637	construction_large_run1/source0237/executed_inputs.gp
a60949f711c036af960dfa8839a6a794d1133faa3a022fbcb0fadeccc08741e2	6818	construction_large_run1/source0237/executed_script.gp
3a527ece9be785cafa6632c097c6303c8115aff5cc7cb4f4e8f5cddaf0db5496	637	construction_large_run1/source0237/input.gp
eb3c01cbb095934d7d169ee75d6292b5fdbdabe9b7166a63835a173c2e862c50	303	construction_large_run1/source0237/receipt.json
c8318fef9693264a927d254ae0006f337f0688abbaa3852c0524bc05a4dd3783	934	construction_large_run1/source0237/source_freeze.json
e3b0c44298fc1c149afbf4c8996fb92427ae41e4649b934ca495991b7852b855	0	construction_large_run1/source0237/stderr.txt
2c28de9c91ecfe006c0ffb36e672f18c0c589b22bd243b8ea9755ba2fdb9c3d2	910	construction_large_run1/source0237/stdout.txt
e3b0c44298fc1c149afbf4c8996fb92427ae41e4649b934ca495991b7852b855	0	construction_large_run1/source0238/driver_stderr.txt
36cc1140edb63303e2cbd6f9b84163d4c056b61df6e02294b8e5050cec3fefb2	276	construction_large_run1/source0238/driver_stdout.txt
4e97c67f96d8c2adc12280a539ec086853e57a777784bc65eb39bedbe50feb87	3404	construction_large_run1/source0238/executed_driver_v1.txt
ab00cac3c57a554b6743df655ea313c4db61603c3323635152acc7d247256ada	636	construction_large_run1/source0238/executed_inputs.gp
a60949f711c036af960dfa8839a6a794d1133faa3a022fbcb0fadeccc08741e2	6818	construction_large_run1/source0238/executed_script.gp
ab00cac3c57a554b6743df655ea313c4db61603c3323635152acc7d247256ada	636	construction_large_run1/source0238/input.gp
cf9f1378681751a60698de0b829d8f217656d704b172f2ad06b147f5c5355ebf	304	construction_large_run1/source0238/receipt.json
a8586410bb2acbb4dad04501e7b092ac6c467a6bd27c111706ce0ce46ce9a938	934	construction_large_run1/source0238/source_freeze.json
e3b0c44298fc1c149afbf4c8996fb92427ae41e4649b934ca495991b7852b855	0	construction_large_run1/source0238/stderr.txt
189c1e8c7041f4b61a70278df2944562d334bb37f0839055a9a38789454e039e	888	construction_large_run1/source0238/stdout.txt
e3b0c44298fc1c149afbf4c8996fb92427ae41e4649b934ca495991b7852b855	0	construction_large_run1/source0239/driver_stderr.txt
ec5e773e3691a5262386d4b9137b21ab13c6c9411987aeed25448634a8777864	275	construction_large_run1/source0239/driver_stdout.txt
4e97c67f96d8c2adc12280a539ec086853e57a777784bc65eb39bedbe50feb87	3404	construction_large_run1/source0239/executed_driver_v1.txt
330c4e3565b55d46db73d4f0cc8573f13f275350ad0c8078f6941250073df510	636	construction_large_run1/source0239/executed_inputs.gp
a60949f711c036af960dfa8839a6a794d1133faa3a022fbcb0fadeccc08741e2	6818	construction_large_run1/source0239/executed_script.gp
330c4e3565b55d46db73d4f0cc8573f13f275350ad0c8078f6941250073df510	636	construction_large_run1/source0239/input.gp
b36df21c444af7ba1c09a56a1442e159b94c9af73bfa0f6b302dc938bfcaf334	303	construction_large_run1/source0239/receipt.json
65f879ed11b7d6d0a7c2d0e050d9a95ab8d99ea03bc70cd84cd2fd9b7689e1cf	934	construction_large_run1/source0239/source_freeze.json
e3b0c44298fc1c149afbf4c8996fb92427ae41e4649b934ca495991b7852b855	0	construction_large_run1/source0239/stderr.txt
cec1153379180ef9401344f96ea5cd21be24cbf6d90c41ab345aeb7af531e702	906	construction_large_run1/source0239/stdout.txt
e3b0c44298fc1c149afbf4c8996fb92427ae41e4649b934ca495991b7852b855	0	construction_large_run1/source0240/driver_stderr.txt
74842a22062e0da691cdeb2afe1465c02d8df2f0f4db6ab8d50d132aed0c8843	275	construction_large_run1/source0240/driver_stdout.txt
4e97c67f96d8c2adc12280a539ec086853e57a777784bc65eb39bedbe50feb87	3404	construction_large_run1/source0240/executed_driver_v1.txt
129fa8114b19fcc4330037aae10347926032b4bc430da6e96f7b4e6f31fa16fe	635	construction_large_run1/source0240/executed_inputs.gp
a60949f711c036af960dfa8839a6a794d1133faa3a022fbcb0fadeccc08741e2	6818	construction_large_run1/source0240/executed_script.gp
129fa8114b19fcc4330037aae10347926032b4bc430da6e96f7b4e6f31fa16fe	635	construction_large_run1/source0240/input.gp
db5912456332fa20087e9b54b63d1a46897666539ddabeabb5dce47d7ddd5520	303	construction_large_run1/source0240/receipt.json
251ef1eb2cf65995d5d5741891628b5abcb9b6857475b1a497bc0c7ae9a80ed3	934	construction_large_run1/source0240/source_freeze.json
e3b0c44298fc1c149afbf4c8996fb92427ae41e4649b934ca495991b7852b855	0	construction_large_run1/source0240/stderr.txt
d0bee7dbea725f54f979d791ae0c1e24895b9552f74b52de9713f9f2cd14556a	905	construction_large_run1/source0240/stdout.txt
e3b0c44298fc1c149afbf4c8996fb92427ae41e4649b934ca495991b7852b855	0	construction_large_run1/source0241/driver_stderr.txt
95b6e1a5920ea22134ee11fc14e0115eced9750e08a5cadad1fc9f0a06fa91f1	275	construction_large_run1/source0241/driver_stdout.txt
4e97c67f96d8c2adc12280a539ec086853e57a777784bc65eb39bedbe50feb87	3404	construction_large_run1/source0241/executed_driver_v1.txt
276325b9666f24adb72020fda76be81b3f6bdc135355ae2f338dadb0725acf24	629	construction_large_run1/source0241/executed_inputs.gp
a60949f711c036af960dfa8839a6a794d1133faa3a022fbcb0fadeccc08741e2	6818	construction_large_run1/source0241/executed_script.gp
276325b9666f24adb72020fda76be81b3f6bdc135355ae2f338dadb0725acf24	629	construction_large_run1/source0241/input.gp
8277a4efe79f9af535fdf2f33151fba1a15837b887723b94b9a04cd47bfa90b3	303	construction_large_run1/source0241/receipt.json
578d7e84f44ea16a68077d46e6e0a4b267ca4240d58c289ba4207f999db042ce	934	construction_large_run1/source0241/source_freeze.json
e3b0c44298fc1c149afbf4c8996fb92427ae41e4649b934ca495991b7852b855	0	construction_large_run1/source0241/stderr.txt
e26627654bff1be6bdc8fc0c2eba5c6a61de67dc042580cad8aff1523eceaba7	904	construction_large_run1/source0241/stdout.txt
e3b0c44298fc1c149afbf4c8996fb92427ae41e4649b934ca495991b7852b855	0	construction_large_run1/source0242/driver_stderr.txt
fb792246c89a97e69c2d76dc51a6a73062b863b7db307ecb8fbba3022b2d55ea	276	construction_large_run1/source0242/driver_stdout.txt
4e97c67f96d8c2adc12280a539ec086853e57a777784bc65eb39bedbe50feb87	3404	construction_large_run1/source0242/executed_driver_v1.txt
61039684862b17e5ae083e3c4edaf49362fec1dc01f291313dfd73e9223111a8	638	construction_large_run1/source0242/executed_inputs.gp
a60949f711c036af960dfa8839a6a794d1133faa3a022fbcb0fadeccc08741e2	6818	construction_large_run1/source0242/executed_script.gp
61039684862b17e5ae083e3c4edaf49362fec1dc01f291313dfd73e9223111a8	638	construction_large_run1/source0242/input.gp
87c75083764a6c5234cba70fa08982b09973df074200c94c158ae87e7d70383a	304	construction_large_run1/source0242/receipt.json
0f7c9c9223c6f5428fff326e8317ac1c246c44f5af85bdc1649425efd42cd497	934	construction_large_run1/source0242/source_freeze.json
e3b0c44298fc1c149afbf4c8996fb92427ae41e4649b934ca495991b7852b855	0	construction_large_run1/source0242/stderr.txt
ee2a56634692f66ac393c6cb6988c501fa6bf7b23681e60ef6c307d71c8f6c15	895	construction_large_run1/source0242/stdout.txt
e3b0c44298fc1c149afbf4c8996fb92427ae41e4649b934ca495991b7852b855	0	construction_large_run1/source0243/driver_stderr.txt
3bf144cd5f13fa5594c1c1c579ebcee59289707970e0eaba31ace91b3076d064	275	construction_large_run1/source0243/driver_stdout.txt
4e97c67f96d8c2adc12280a539ec086853e57a777784bc65eb39bedbe50feb87	3404	construction_large_run1/source0243/executed_driver_v1.txt
c4698d48b864a6d5c7351120279105122930dc6fd64bb536ee426592b670b4b2	632	construction_large_run1/source0243/executed_inputs.gp
a60949f711c036af960dfa8839a6a794d1133faa3a022fbcb0fadeccc08741e2	6818	construction_large_run1/source0243/executed_script.gp
c4698d48b864a6d5c7351120279105122930dc6fd64bb536ee426592b670b4b2	632	construction_large_run1/source0243/input.gp
92d899670ede1f917a8777e7a9e9811054b701b6f7b0f9404204a51a21122783	303	construction_large_run1/source0243/receipt.json
6476dd10737d2e8873e3a2eef7f4baf6e04b3deb3b7b4bc70877cae1236a2482	934	construction_large_run1/source0243/source_freeze.json
e3b0c44298fc1c149afbf4c8996fb92427ae41e4649b934ca495991b7852b855	0	construction_large_run1/source0243/stderr.txt
625f0129b20bbf20cc4f93db4672426cbdee8e624201f29ccde329da2d80bc42	902	construction_large_run1/source0243/stdout.txt
e3b0c44298fc1c149afbf4c8996fb92427ae41e4649b934ca495991b7852b855	0	construction_large_run1/source0244/driver_stderr.txt
fc8d96e802b2cdc021a7605ecc0e099a7a3655aaf9f172d1d6a9be0c39bba141	275	construction_large_run1/source0244/driver_stdout.txt
4e97c67f96d8c2adc12280a539ec086853e57a777784bc65eb39bedbe50feb87	3404	construction_large_run1/source0244/executed_driver_v1.txt
9ace45e8f63c25eb65a9906b7e8c3b8ed0a04c6f9a1f9af98217ac37c5a0cc5a	636	construction_large_run1/source0244/executed_inputs.gp
a60949f711c036af960dfa8839a6a794d1133faa3a022fbcb0fadeccc08741e2	6818	construction_large_run1/source0244/executed_script.gp
9ace45e8f63c25eb65a9906b7e8c3b8ed0a04c6f9a1f9af98217ac37c5a0cc5a	636	construction_large_run1/source0244/input.gp
ddc3261e208a1c3d2ba7b2c149041ac43fc0b45a9512761e359d89951665d84c	303	construction_large_run1/source0244/receipt.json
55dac3c2d1b594ebccd1ae78ee1ed21501db59cd7c0096b78da4e0f53402d65c	934	construction_large_run1/source0244/source_freeze.json
e3b0c44298fc1c149afbf4c8996fb92427ae41e4649b934ca495991b7852b855	0	construction_large_run1/source0244/stderr.txt
d989fe5ba57b29ebc1aa8f7dd7f515b2cffe36d9547635d066a673a96693038e	908	construction_large_run1/source0244/stdout.txt
e3b0c44298fc1c149afbf4c8996fb92427ae41e4649b934ca495991b7852b855	0	construction_large_run1/source0245/driver_stderr.txt
efbc2c625f51622206c13dd192a4b415121926d620828f6b0f3b65351e8d9ae8	275	construction_large_run1/source0245/driver_stdout.txt
4e97c67f96d8c2adc12280a539ec086853e57a777784bc65eb39bedbe50feb87	3404	construction_large_run1/source0245/executed_driver_v1.txt
bdd6b274b3a85d74a61fcf8b549a24a060808d9d190bd60fc28904393e922cc1	636	construction_large_run1/source0245/executed_inputs.gp
a60949f711c036af960dfa8839a6a794d1133faa3a022fbcb0fadeccc08741e2	6818	construction_large_run1/source0245/executed_script.gp
bdd6b274b3a85d74a61fcf8b549a24a060808d9d190bd60fc28904393e922cc1	636	construction_large_run1/source0245/input.gp
efd22efeaeec917f6be0a153f53c35df40edfa149d443f030c396f43a38448b8	303	construction_large_run1/source0245/receipt.json
cb4e08d7734b11208601648aed2302772766d206057158b0d40bfb0a56b5fb94	934	construction_large_run1/source0245/source_freeze.json
e3b0c44298fc1c149afbf4c8996fb92427ae41e4649b934ca495991b7852b855	0	construction_large_run1/source0245/stderr.txt
929da024cb263f85dc230e5982e85100d2038231f4c799bc30f874b480df1bc3	910	construction_large_run1/source0245/stdout.txt
e3b0c44298fc1c149afbf4c8996fb92427ae41e4649b934ca495991b7852b855	0	construction_large_run1/source0246/driver_stderr.txt
8678971c583efad6424d2a285b4b278e963d8f0ef18719b3292f3442c82bc036	275	construction_large_run1/source0246/driver_stdout.txt
4e97c67f96d8c2adc12280a539ec086853e57a777784bc65eb39bedbe50feb87	3404	construction_large_run1/source0246/executed_driver_v1.txt
ebde42534d48637e47f1c2b8476c3b3c38c0466899658dae724654978f3537ec	636	construction_large_run1/source0246/executed_inputs.gp
a60949f711c036af960dfa8839a6a794d1133faa3a022fbcb0fadeccc08741e2	6818	construction_large_run1/source0246/executed_script.gp
ebde42534d48637e47f1c2b8476c3b3c38c0466899658dae724654978f3537ec	636	construction_large_run1/source0246/input.gp
1f7ed8c26abcfd5e7d9cb731e2046cbc870bc1ddda319738db26ca2da9a6e96f	303	construction_large_run1/source0246/receipt.json
0f9889e9f9d9b88a15d5167bb6b9940eda60bb23e22395f93b2ae4063e0cc3a6	934	construction_large_run1/source0246/source_freeze.json
e3b0c44298fc1c149afbf4c8996fb92427ae41e4649b934ca495991b7852b855	0	construction_large_run1/source0246/stderr.txt
34c15c539ed63a9ab79d10fd0f421b6435bb3c32d14992879518a8794e92cca8	907	construction_large_run1/source0246/stdout.txt
e3b0c44298fc1c149afbf4c8996fb92427ae41e4649b934ca495991b7852b855	0	construction_large_run1/source0247/driver_stderr.txt
8ecb27080c9ceb5d11dfc3830ccb44977f8f7d41921342f2d45db024e874db2e	275	construction_large_run1/source0247/driver_stdout.txt
4e97c67f96d8c2adc12280a539ec086853e57a777784bc65eb39bedbe50feb87	3404	construction_large_run1/source0247/executed_driver_v1.txt
0600ecfe58d090952679d800ad356417ae78a88694d3a330f77b236dc509531b	633	construction_large_run1/source0247/executed_inputs.gp
a60949f711c036af960dfa8839a6a794d1133faa3a022fbcb0fadeccc08741e2	6818	construction_large_run1/source0247/executed_script.gp
0600ecfe58d090952679d800ad356417ae78a88694d3a330f77b236dc509531b	633	construction_large_run1/source0247/input.gp
c9098e256fc1cabe92b7e3cb6fe028f931ccd7aa3fbdd9bbcc79ea20c438ccbd	303	construction_large_run1/source0247/receipt.json
9133e78928e572daea74fae981335619944e8f8649057a8839bfe5cbebf9e913	934	construction_large_run1/source0247/source_freeze.json
e3b0c44298fc1c149afbf4c8996fb92427ae41e4649b934ca495991b7852b855	0	construction_large_run1/source0247/stderr.txt
6ee88606f10371328e9b052ed421920656a94010529ae643fb39e5772ee80106	909	construction_large_run1/source0247/stdout.txt
e3b0c44298fc1c149afbf4c8996fb92427ae41e4649b934ca495991b7852b855	0	construction_large_run1/source0248/driver_stderr.txt
5585eff53790d85f1fefba6af4abec665bede747efb8e50ea16dc4921a3b06a8	275	construction_large_run1/source0248/driver_stdout.txt
4e97c67f96d8c2adc12280a539ec086853e57a777784bc65eb39bedbe50feb87	3404	construction_large_run1/source0248/executed_driver_v1.txt
d64962950ad9eabfb37c85c9cf915797d16a4ba268c140b3cf67a934c6278075	639	construction_large_run1/source0248/executed_inputs.gp
a60949f711c036af960dfa8839a6a794d1133faa3a022fbcb0fadeccc08741e2	6818	construction_large_run1/source0248/executed_script.gp
d64962950ad9eabfb37c85c9cf915797d16a4ba268c140b3cf67a934c6278075	639	construction_large_run1/source0248/input.gp
625a28ed532b45c9e135b75aaac90d8ecc9ff990cb6ef1d4ec0d450776cfa526	303	construction_large_run1/source0248/receipt.json
fc1b582c61c71e1578212d58d58d4652ad63610f020b3c6d8e883bba32557367	934	construction_large_run1/source0248/source_freeze.json
e3b0c44298fc1c149afbf4c8996fb92427ae41e4649b934ca495991b7852b855	0	construction_large_run1/source0248/stderr.txt
4fc1a947e2c891da2530eed9e318de8b45e342b928bda3998bcbfa4991714b89	909	construction_large_run1/source0248/stdout.txt
e3b0c44298fc1c149afbf4c8996fb92427ae41e4649b934ca495991b7852b855	0	construction_large_run1/source0249/driver_stderr.txt
a8fd9f4d7aead17dddcb28d73f887c5e03c64b07746926837d1a9d11bd31a438	275	construction_large_run1/source0249/driver_stdout.txt
4e97c67f96d8c2adc12280a539ec086853e57a777784bc65eb39bedbe50feb87	3404	construction_large_run1/source0249/executed_driver_v1.txt
e8cae81d3414bdd09452e218fa704fbcd0d28cb120d126ed2b36dbb0ddb0b200	639	construction_large_run1/source0249/executed_inputs.gp
a60949f711c036af960dfa8839a6a794d1133faa3a022fbcb0fadeccc08741e2	6818	construction_large_run1/source0249/executed_script.gp
e8cae81d3414bdd09452e218fa704fbcd0d28cb120d126ed2b36dbb0ddb0b200	639	construction_large_run1/source0249/input.gp
abfe3c8db06dca339afb3681675a00bf6eb0c0f52975c68a245bc5d89e0ed66d	303	construction_large_run1/source0249/receipt.json
ce8dcd263ae7ec3d1eac0b75f3b2a30ae906a7240901f4f8869217b69ecda7a4	934	construction_large_run1/source0249/source_freeze.json
e3b0c44298fc1c149afbf4c8996fb92427ae41e4649b934ca495991b7852b855	0	construction_large_run1/source0249/stderr.txt
d5d7ee5e21cd6a447bde9ed4667c4fe5033a3dc084b039a9c6d4032f4dd1b897	907	construction_large_run1/source0249/stdout.txt
e3b0c44298fc1c149afbf4c8996fb92427ae41e4649b934ca495991b7852b855	0	construction_large_run1/source0250/driver_stderr.txt
555b00d85dc3855865cd9473d87bd82615624400a2ad6a7516e0abe0a16ad9d7	275	construction_large_run1/source0250/driver_stdout.txt
4e97c67f96d8c2adc12280a539ec086853e57a777784bc65eb39bedbe50feb87	3404	construction_large_run1/source0250/executed_driver_v1.txt
8067abef6deee6428c07a215aeeb2531e0b91800108fea374e77713835c29874	636	construction_large_run1/source0250/executed_inputs.gp
a60949f711c036af960dfa8839a6a794d1133faa3a022fbcb0fadeccc08741e2	6818	construction_large_run1/source0250/executed_script.gp
8067abef6deee6428c07a215aeeb2531e0b91800108fea374e77713835c29874	636	construction_large_run1/source0250/input.gp
f2e5388a1f8c98e1b2b35bb120aa007bf2c66a973f82e0d943108535b1973a5a	303	construction_large_run1/source0250/receipt.json
93f2e3414ef7d25dd989624c08edb71a05ef390580bfae3df6388c56a11d4b76	934	construction_large_run1/source0250/source_freeze.json
e3b0c44298fc1c149afbf4c8996fb92427ae41e4649b934ca495991b7852b855	0	construction_large_run1/source0250/stderr.txt
7460c5e7656f073d0848e740080dc61e4012d070f6bd8c05ddb8afe9e48bc463	913	construction_large_run1/source0250/stdout.txt
e3b0c44298fc1c149afbf4c8996fb92427ae41e4649b934ca495991b7852b855	0	construction_large_run1/source0251/driver_stderr.txt
bd6eb581bd381009578d51006fad0a1a83335f2d4f2164cceadc67addeae73d2	275	construction_large_run1/source0251/driver_stdout.txt
4e97c67f96d8c2adc12280a539ec086853e57a777784bc65eb39bedbe50feb87	3404	construction_large_run1/source0251/executed_driver_v1.txt
6200ec90e497b199d1e6eb0edc2808793766064b9ae015bab6f739fc7f8fc252	640	construction_large_run1/source0251/executed_inputs.gp
a60949f711c036af960dfa8839a6a794d1133faa3a022fbcb0fadeccc08741e2	6818	construction_large_run1/source0251/executed_script.gp
6200ec90e497b199d1e6eb0edc2808793766064b9ae015bab6f739fc7f8fc252	640	construction_large_run1/source0251/input.gp
931fe5bd96a15b73257bc65989d233fc7d78e771913de9901cb6247481bb4905	303	construction_large_run1/source0251/receipt.json
1a9081a7dc3f9dceb297d635c6a2dbd65f2790c7bfe87a07e8672e164717f79a	934	construction_large_run1/source0251/source_freeze.json
e3b0c44298fc1c149afbf4c8996fb92427ae41e4649b934ca495991b7852b855	0	construction_large_run1/source0251/stderr.txt
515f41819d6014e12173c95e545a0889450bcdc0ee9cd326514e831a8fcb1eed	911	construction_large_run1/source0251/stdout.txt
e3b0c44298fc1c149afbf4c8996fb92427ae41e4649b934ca495991b7852b855	0	construction_large_run1/source0252/driver_stderr.txt
bfc6697f0fd7e8f5075e72a0212375ed09206a15b34cde8fb7da4dce60a82248	276	construction_large_run1/source0252/driver_stdout.txt
4e97c67f96d8c2adc12280a539ec086853e57a777784bc65eb39bedbe50feb87	3404	construction_large_run1/source0252/executed_driver_v1.txt
9f983bb70f3da0c22177e3a15fb2a8b3720f09bb4ad6194c4a8bd620b56c1f03	634	construction_large_run1/source0252/executed_inputs.gp
a60949f711c036af960dfa8839a6a794d1133faa3a022fbcb0fadeccc08741e2	6818	construction_large_run1/source0252/executed_script.gp
9f983bb70f3da0c22177e3a15fb2a8b3720f09bb4ad6194c4a8bd620b56c1f03	634	construction_large_run1/source0252/input.gp
f253148e89c53464b372cf176964627b5d63bd7a55fe47907d74abd67844d1ca	304	construction_large_run1/source0252/receipt.json
c287baab71a4fc4f248b025ac53d3cc3046c172c932015650494798755f88c08	934	construction_large_run1/source0252/source_freeze.json
e3b0c44298fc1c149afbf4c8996fb92427ae41e4649b934ca495991b7852b855	0	construction_large_run1/source0252/stderr.txt
f8c86f6ef5d4b2dd0db86fd8d03a2184ca0e639c1354a95f10608d27f7552df9	904	construction_large_run1/source0252/stdout.txt
e3b0c44298fc1c149afbf4c8996fb92427ae41e4649b934ca495991b7852b855	0	construction_large_run1/source0253/driver_stderr.txt
131e2d03871d6aad0fd621630ba4bbf7806ea645d28700f6c45d23ed7157eafe	275	construction_large_run1/source0253/driver_stdout.txt
4e97c67f96d8c2adc12280a539ec086853e57a777784bc65eb39bedbe50feb87	3404	construction_large_run1/source0253/executed_driver_v1.txt
1cc537212776f15e784da228c6a9a7d67aaba47c7ae2f0a49e24bd14e9e8f26b	638	construction_large_run1/source0253/executed_inputs.gp
a60949f711c036af960dfa8839a6a794d1133faa3a022fbcb0fadeccc08741e2	6818	construction_large_run1/source0253/executed_script.gp
1cc537212776f15e784da228c6a9a7d67aaba47c7ae2f0a49e24bd14e9e8f26b	638	construction_large_run1/source0253/input.gp
b57be559d9b5bc52c25a9372697043c9534f3d8d00dada43539da285ca2824d8	303	construction_large_run1/source0253/receipt.json
54c27a617a339c1715258bcf0dbbbbe98dc2fe51e33c2ece7eef4c0938923c8a	934	construction_large_run1/source0253/source_freeze.json
e3b0c44298fc1c149afbf4c8996fb92427ae41e4649b934ca495991b7852b855	0	construction_large_run1/source0253/stderr.txt
543aa0da38be57350ff1186ae851f5104162af41e10febebeb36ac217e9bb56f	917	construction_large_run1/source0253/stdout.txt
e3b0c44298fc1c149afbf4c8996fb92427ae41e4649b934ca495991b7852b855	0	construction_large_run1/source0254/driver_stderr.txt
651456b0e927be940ae9e24bec9973a71bd8e48fb74ca6b600cc201dc1013e9d	275	construction_large_run1/source0254/driver_stdout.txt
4e97c67f96d8c2adc12280a539ec086853e57a777784bc65eb39bedbe50feb87	3404	construction_large_run1/source0254/executed_driver_v1.txt
7d3f3f36e85070b719c3ef2159847abd0cb0e17d4ab46d3c2e9acc0af5d08e2b	636	construction_large_run1/source0254/executed_inputs.gp
a60949f711c036af960dfa8839a6a794d1133faa3a022fbcb0fadeccc08741e2	6818	construction_large_run1/source0254/executed_script.gp
7d3f3f36e85070b719c3ef2159847abd0cb0e17d4ab46d3c2e9acc0af5d08e2b	636	construction_large_run1/source0254/input.gp
96fac5037cacd6aa94ffe3a5e77db97386a600ebbf9d56daf86400230169ee0d	303	construction_large_run1/source0254/receipt.json
ddd320207ba39505b5c67a1f8f31df77832c6ed1901d44095693a11d577d7d0a	934	construction_large_run1/source0254/source_freeze.json
e3b0c44298fc1c149afbf4c8996fb92427ae41e4649b934ca495991b7852b855	0	construction_large_run1/source0254/stderr.txt
f8a90c02bcdc6657fb88c4553eee0f9f4bc3be0b580d9a28a7b6b2203be88996	908	construction_large_run1/source0254/stdout.txt
e3b0c44298fc1c149afbf4c8996fb92427ae41e4649b934ca495991b7852b855	0	construction_large_run1/source0255/driver_stderr.txt
9c735590cedb706dcde9f4656cf4e4f5e929b655cce33114b1fa8eaf4efe88c4	275	construction_large_run1/source0255/driver_stdout.txt
4e97c67f96d8c2adc12280a539ec086853e57a777784bc65eb39bedbe50feb87	3404	construction_large_run1/source0255/executed_driver_v1.txt
c5f55288107a87913a2dabe9f23b793903137a681a76b99d1bf1e7eacd0e37d1	638	construction_large_run1/source0255/executed_inputs.gp
a60949f711c036af960dfa8839a6a794d1133faa3a022fbcb0fadeccc08741e2	6818	construction_large_run1/source0255/executed_script.gp
c5f55288107a87913a2dabe9f23b793903137a681a76b99d1bf1e7eacd0e37d1	638	construction_large_run1/source0255/input.gp
d683a3003dd2ed69bfcdd9e0264cbb8606f28b224635859e02203c96dea0dc9d	303	construction_large_run1/source0255/receipt.json
2b550208917e345da4e03e858d20a89f43d40031e1328685e7a170507de76d63	934	construction_large_run1/source0255/source_freeze.json
e3b0c44298fc1c149afbf4c8996fb92427ae41e4649b934ca495991b7852b855	0	construction_large_run1/source0255/stderr.txt
ef3ffbee5f461db25c72a732360a6fdc1630d0473312e49ae4bb374f3fc4bcac	893	construction_large_run1/source0255/stdout.txt
e3b0c44298fc1c149afbf4c8996fb92427ae41e4649b934ca495991b7852b855	0	construction_large_run1/source0256/driver_stderr.txt
01b11127e443e5da36e108ace0ea6cd5fd26746ee31324fbd2f0132078655318	275	construction_large_run1/source0256/driver_stdout.txt
4e97c67f96d8c2adc12280a539ec086853e57a777784bc65eb39bedbe50feb87	3404	construction_large_run1/source0256/executed_driver_v1.txt
6a0b4f5d519311468ee97ab6d04b20c9163300f0b1821d925190d4a4f84fa9c7	634	construction_large_run1/source0256/executed_inputs.gp
a60949f711c036af960dfa8839a6a794d1133faa3a022fbcb0fadeccc08741e2	6818	construction_large_run1/source0256/executed_script.gp
6a0b4f5d519311468ee97ab6d04b20c9163300f0b1821d925190d4a4f84fa9c7	634	construction_large_run1/source0256/input.gp
35644c7b5454dec76e0ea57a4863145f505234660f5a800566fefe373e66d8da	303	construction_large_run1/source0256/receipt.json
91dc802ea4f25d76ed137ce2c054289612b9cf7db1672943a5288c0ef7fce592	934	construction_large_run1/source0256/source_freeze.json
e3b0c44298fc1c149afbf4c8996fb92427ae41e4649b934ca495991b7852b855	0	construction_large_run1/source0256/stderr.txt
6f800ba48fb5a0ba2f48d805aa4a6f6044d4287fd22c7aee3c10ac80a8872b38	899	construction_large_run1/source0256/stdout.txt
e3b0c44298fc1c149afbf4c8996fb92427ae41e4649b934ca495991b7852b855	0	construction_large_run1/source0257/driver_stderr.txt
162858ced38d9bb86d561f0e241d2b3023ce943a2ea78d940f1e792c94eb8be5	275	construction_large_run1/source0257/driver_stdout.txt
4e97c67f96d8c2adc12280a539ec086853e57a777784bc65eb39bedbe50feb87	3404	construction_large_run1/source0257/executed_driver_v1.txt
497b96b36adf3288f0f832b4383576a9e2700c7d0575183084bed28af3bb5314	652	construction_large_run1/source0257/executed_inputs.gp
a60949f711c036af960dfa8839a6a794d1133faa3a022fbcb0fadeccc08741e2	6818	construction_large_run1/source0257/executed_script.gp
497b96b36adf3288f0f832b4383576a9e2700c7d0575183084bed28af3bb5314	652	construction_large_run1/source0257/input.gp
53671e1ef7dea7647ed74aedea33ac9fa80d2d2cea3c7e06a43a30b8b4d5d27f	303	construction_large_run1/source0257/receipt.json
13c22a8683ad5f80d5e23256d313678d2651928aef5a61c95a66b40a6606c088	934	construction_large_run1/source0257/source_freeze.json
e3b0c44298fc1c149afbf4c8996fb92427ae41e4649b934ca495991b7852b855	0	construction_large_run1/source0257/stderr.txt
2b759483be8ded073bebcf3079586a02bdd198d66ba0d512a4bcf4a85f15fc4f	924	construction_large_run1/source0257/stdout.txt
e3b0c44298fc1c149afbf4c8996fb92427ae41e4649b934ca495991b7852b855	0	construction_large_run1/source0258/driver_stderr.txt
2e29b9b97035aaead9d1134014a420c33174e6c04ea9e1c33dbba534ab92704a	276	construction_large_run1/source0258/driver_stdout.txt
4e97c67f96d8c2adc12280a539ec086853e57a777784bc65eb39bedbe50feb87	3404	construction_large_run1/source0258/executed_driver_v1.txt
76fdcbfc87f916cf718934ee00a8da82fa396febde2dc15feed5c20f2172f954	652	construction_large_run1/source0258/executed_inputs.gp
a60949f711c036af960dfa8839a6a794d1133faa3a022fbcb0fadeccc08741e2	6818	construction_large_run1/source0258/executed_script.gp
76fdcbfc87f916cf718934ee00a8da82fa396febde2dc15feed5c20f2172f954	652	construction_large_run1/source0258/input.gp
7f44ab9ec191515163b4e79452724a0ce86d62b4f41eef41825c22056964dceb	304	construction_large_run1/source0258/receipt.json
f5034edf44cba7f442f41066c2548711966530f1b147744024a8932aa99e0041	934	construction_large_run1/source0258/source_freeze.json
e3b0c44298fc1c149afbf4c8996fb92427ae41e4649b934ca495991b7852b855	0	construction_large_run1/source0258/stderr.txt
374a8d6324514793e16a75d9d0ebc9c1133934a109f68dde1683b86d35a31e98	920	construction_large_run1/source0258/stdout.txt
e3b0c44298fc1c149afbf4c8996fb92427ae41e4649b934ca495991b7852b855	0	construction_large_run1/source0259/driver_stderr.txt
e59d12908c4eebc5307fef3bda0d8c50e5c36186f58dcc9e95f9183c3f164b3d	276	construction_large_run1/source0259/driver_stdout.txt
4e97c67f96d8c2adc12280a539ec086853e57a777784bc65eb39bedbe50feb87	3404	construction_large_run1/source0259/executed_driver_v1.txt
5cb0cfcfdce8e2aafd8083d1fca752228496ffa783c002ecd3eb7c49191b5afe	647	construction_large_run1/source0259/executed_inputs.gp
a60949f711c036af960dfa8839a6a794d1133faa3a022fbcb0fadeccc08741e2	6818	construction_large_run1/source0259/executed_script.gp
5cb0cfcfdce8e2aafd8083d1fca752228496ffa783c002ecd3eb7c49191b5afe	647	construction_large_run1/source0259/input.gp
cfa7f23a63deb57eb325fe7831bbfb08184a92f8c0eb6150b8c06f6c22aa04e2	304	construction_large_run1/source0259/receipt.json
9b4f8f6e1f6846eda3dcc7e7968a1da6095ac1aee6beaf76e9516f5cd43fe308	934	construction_large_run1/source0259/source_freeze.json
e3b0c44298fc1c149afbf4c8996fb92427ae41e4649b934ca495991b7852b855	0	construction_large_run1/source0259/stderr.txt
48f95f670cdd6d874e844ca870145602b1aa047aac20bb67d006cd4d77b24faa	924	construction_large_run1/source0259/stdout.txt
e3b0c44298fc1c149afbf4c8996fb92427ae41e4649b934ca495991b7852b855	0	construction_large_run1/source0260/driver_stderr.txt
3c69824163dec67694836ad3d8d260fb59e6f6e0498cfe718d219784c55f44d5	276	construction_large_run1/source0260/driver_stdout.txt
4e97c67f96d8c2adc12280a539ec086853e57a777784bc65eb39bedbe50feb87	3404	construction_large_run1/source0260/executed_driver_v1.txt
88c06cf35ee1910fe9732cd0cd569c161615a8891cebc37292019dd0ec133623	652	construction_large_run1/source0260/executed_inputs.gp
a60949f711c036af960dfa8839a6a794d1133faa3a022fbcb0fadeccc08741e2	6818	construction_large_run1/source0260/executed_script.gp
88c06cf35ee1910fe9732cd0cd569c161615a8891cebc37292019dd0ec133623	652	construction_large_run1/source0260/input.gp
e85721e4440dc7b877a8efade8631889155013be1a0a90809384b39cf220b596	304	construction_large_run1/source0260/receipt.json
547afbbf3eec1072628f08b91561842f1590cd238fa912c71f5c7e1fa00e9366	934	construction_large_run1/source0260/source_freeze.json
e3b0c44298fc1c149afbf4c8996fb92427ae41e4649b934ca495991b7852b855	0	construction_large_run1/source0260/stderr.txt
d0d7915d9c1c2c2618cc3c3621fe6b46c66e2160b99f38ee3b8af557910a78b8	928	construction_large_run1/source0260/stdout.txt
e3b0c44298fc1c149afbf4c8996fb92427ae41e4649b934ca495991b7852b855	0	construction_large_run1/source0261/driver_stderr.txt
abe45c08e9ff7b9888d4cbceb26f6bac9b5d3a7ed4e2d7504f74d93fe0a4a2b8	276	construction_large_run1/source0261/driver_stdout.txt
4e97c67f96d8c2adc12280a539ec086853e57a777784bc65eb39bedbe50feb87	3404	construction_large_run1/source0261/executed_driver_v1.txt
24c4a94d87a321231f1079742168fe44e8b1d735fbe944b42ae361a1ee554e1d	653	construction_large_run1/source0261/executed_inputs.gp
a60949f711c036af960dfa8839a6a794d1133faa3a022fbcb0fadeccc08741e2	6818	construction_large_run1/source0261/executed_script.gp
24c4a94d87a321231f1079742168fe44e8b1d735fbe944b42ae361a1ee554e1d	653	construction_large_run1/source0261/input.gp
9f4f011f8cfbc9d853124c2a1d57f019010ca099ac769a3f56763ef7807d4ec0	304	construction_large_run1/source0261/receipt.json
9ddd9b3ce482457be25d84bacaf65480f7683e840f41cf74dc0636b75bb0b5d6	934	construction_large_run1/source0261/source_freeze.json
e3b0c44298fc1c149afbf4c8996fb92427ae41e4649b934ca495991b7852b855	0	construction_large_run1/source0261/stderr.txt
4706925f3aef4074f190e273b1ca587403ed415325051972570a97e003cd388d	916	construction_large_run1/source0261/stdout.txt
e3b0c44298fc1c149afbf4c8996fb92427ae41e4649b934ca495991b7852b855	0	construction_large_run1/source0262/driver_stderr.txt
2c3bc85516f8504362ac79d598deb77b7cb53a6ec8fbb4b37dfd58746ef40da4	276	construction_large_run1/source0262/driver_stdout.txt
4e97c67f96d8c2adc12280a539ec086853e57a777784bc65eb39bedbe50feb87	3404	construction_large_run1/source0262/executed_driver_v1.txt
b223906555518bc2b5e1dd7f2ed9b9977e5db2b1f24b47f2c80db86b584d8295	652	construction_large_run1/source0262/executed_inputs.gp
a60949f711c036af960dfa8839a6a794d1133faa3a022fbcb0fadeccc08741e2	6818	construction_large_run1/source0262/executed_script.gp
b223906555518bc2b5e1dd7f2ed9b9977e5db2b1f24b47f2c80db86b584d8295	652	construction_large_run1/source0262/input.gp
841f2f2719620c032a032a0088c44e841419ea8fbebe9c85a05c7f73df221d5b	304	construction_large_run1/source0262/receipt.json
984afba86326ec263008be304fe7a46bce52fed9fb0b273cc4201a4e3c906615	934	construction_large_run1/source0262/source_freeze.json
e3b0c44298fc1c149afbf4c8996fb92427ae41e4649b934ca495991b7852b855	0	construction_large_run1/source0262/stderr.txt
9fc5bc46a53005274f612ed877c3e05124b18d7c899487c612aed64f4a612879	924	construction_large_run1/source0262/stdout.txt
e3b0c44298fc1c149afbf4c8996fb92427ae41e4649b934ca495991b7852b855	0	construction_large_run1/source0263/driver_stderr.txt
753aea74249709d2018ecb5f28574d025de68d4978bf8b2aae317a1d7cbdb911	275	construction_large_run1/source0263/driver_stdout.txt
4e97c67f96d8c2adc12280a539ec086853e57a777784bc65eb39bedbe50feb87	3404	construction_large_run1/source0263/executed_driver_v1.txt
85a00e844b5b2e98b9b9d740f3be295addab85ba3d937f64d052936fa46cc6a3	653	construction_large_run1/source0263/executed_inputs.gp
a60949f711c036af960dfa8839a6a794d1133faa3a022fbcb0fadeccc08741e2	6818	construction_large_run1/source0263/executed_script.gp
85a00e844b5b2e98b9b9d740f3be295addab85ba3d937f64d052936fa46cc6a3	653	construction_large_run1/source0263/input.gp
e30740768110853e9d08bc2b33b27ca2199b62394562cb4f3a575517b3e04874	303	construction_large_run1/source0263/receipt.json
d57046c03e3d77a1eaa781defd6df8135e4625094879c464f575b03304d90cbe	934	construction_large_run1/source0263/source_freeze.json
e3b0c44298fc1c149afbf4c8996fb92427ae41e4649b934ca495991b7852b855	0	construction_large_run1/source0263/stderr.txt
0d21ef8d955bfa6214d67c74b2e24ce2eff0b31741772d96f2dd010575b1cd92	926	construction_large_run1/source0263/stdout.txt
e3b0c44298fc1c149afbf4c8996fb92427ae41e4649b934ca495991b7852b855	0	construction_large_run1/source0264/driver_stderr.txt
47c25b616ceb98e02e19eb02bb81fef8b8d6137316aad824ac8c789c176be897	275	construction_large_run1/source0264/driver_stdout.txt
4e97c67f96d8c2adc12280a539ec086853e57a777784bc65eb39bedbe50feb87	3404	construction_large_run1/source0264/executed_driver_v1.txt
00d9c389a124135b06b51e4fefcbb5d7f9a8085d6796d77b2294c928621b1118	651	construction_large_run1/source0264/executed_inputs.gp
a60949f711c036af960dfa8839a6a794d1133faa3a022fbcb0fadeccc08741e2	6818	construction_large_run1/source0264/executed_script.gp
00d9c389a124135b06b51e4fefcbb5d7f9a8085d6796d77b2294c928621b1118	651	construction_large_run1/source0264/input.gp
86c0c78aae5f08e52faea1c931e5c2bba08e77b01fcc4437605cdac6049200ce	303	construction_large_run1/source0264/receipt.json
323d279f896c518dc93c84a5a2c0b4ed78c6441bf653a2ef830bb73519b7a1f2	934	construction_large_run1/source0264/source_freeze.json
e3b0c44298fc1c149afbf4c8996fb92427ae41e4649b934ca495991b7852b855	0	construction_large_run1/source0264/stderr.txt
ca04e3049b06c17005eb884dbe6012cc40fc7bca35a5721e2eba417dd9591c92	926	construction_large_run1/source0264/stdout.txt
e3b0c44298fc1c149afbf4c8996fb92427ae41e4649b934ca495991b7852b855	0	construction_large_run1/source0265/driver_stderr.txt
dbd430ebf530c45e7b3b0c7a971b87e75b6449478db00a109848dedadaf0aa8f	275	construction_large_run1/source0265/driver_stdout.txt
4e97c67f96d8c2adc12280a539ec086853e57a777784bc65eb39bedbe50feb87	3404	construction_large_run1/source0265/executed_driver_v1.txt
8cd1f5cfeefd251e3bdb097f7055abbc24fc45777dc2f36303c2333abebbc3eb	652	construction_large_run1/source0265/executed_inputs.gp
a60949f711c036af960dfa8839a6a794d1133faa3a022fbcb0fadeccc08741e2	6818	construction_large_run1/source0265/executed_script.gp
8cd1f5cfeefd251e3bdb097f7055abbc24fc45777dc2f36303c2333abebbc3eb	652	construction_large_run1/source0265/input.gp
44c4760fb90ada6d26122848ba9a3ce8a97de367bd79bcb1aa18bfb00e5b374f	303	construction_large_run1/source0265/receipt.json
e35ffa4faeb5338b66ac9b9c32e0189855a5a2ce1bb967a1d76370f96383df89	934	construction_large_run1/source0265/source_freeze.json
e3b0c44298fc1c149afbf4c8996fb92427ae41e4649b934ca495991b7852b855	0	construction_large_run1/source0265/stderr.txt
e4d9f8941d08c1afbb311987a52e620c707d33603521ed414f3433c874a78a50	924	construction_large_run1/source0265/stdout.txt
e3b0c44298fc1c149afbf4c8996fb92427ae41e4649b934ca495991b7852b855	0	construction_large_run1/source0266/driver_stderr.txt
4cb6fa9bc3f4824f871ded7b54c5a15944b6f2fefd1b8d64db82f1e1834a9c5b	275	construction_large_run1/source0266/driver_stdout.txt
4e97c67f96d8c2adc12280a539ec086853e57a777784bc65eb39bedbe50feb87	3404	construction_large_run1/source0266/executed_driver_v1.txt
c8d2881a23a1259e907a789b61bcfb1891c35956e72769da4b21bfadb78340f3	649	construction_large_run1/source0266/executed_inputs.gp
a60949f711c036af960dfa8839a6a794d1133faa3a022fbcb0fadeccc08741e2	6818	construction_large_run1/source0266/executed_script.gp
c8d2881a23a1259e907a789b61bcfb1891c35956e72769da4b21bfadb78340f3	649	construction_large_run1/source0266/input.gp
39257919cda7a78b68978f54955e74d1b5f969fe32d5cbb1abb7ff9dbaf6238b	303	construction_large_run1/source0266/receipt.json
6b2b099932ed7c6ae87f3a3db53e6ba7ef7ba63edee4532044d37f6b70e01ddf	934	construction_large_run1/source0266/source_freeze.json
e3b0c44298fc1c149afbf4c8996fb92427ae41e4649b934ca495991b7852b855	0	construction_large_run1/source0266/stderr.txt
6443d3ffe6b195a9c14a352d6d4025a2029be8fa0f985cf8887f0ad5e819cbcd	922	construction_large_run1/source0266/stdout.txt
e3b0c44298fc1c149afbf4c8996fb92427ae41e4649b934ca495991b7852b855	0	construction_large_run1/source0267/driver_stderr.txt
7c0285c1fcad27e8dc4df075d8af73bf021ec38109f209df2435009d78f5e9a5	275	construction_large_run1/source0267/driver_stdout.txt
4e97c67f96d8c2adc12280a539ec086853e57a777784bc65eb39bedbe50feb87	3404	construction_large_run1/source0267/executed_driver_v1.txt
6e26d57f07d3025df0a3497abd4f2f485aec214ca7786367ce079d9755c5bc96	652	construction_large_run1/source0267/executed_inputs.gp
a60949f711c036af960dfa8839a6a794d1133faa3a022fbcb0fadeccc08741e2	6818	construction_large_run1/source0267/executed_script.gp
6e26d57f07d3025df0a3497abd4f2f485aec214ca7786367ce079d9755c5bc96	652	construction_large_run1/source0267/input.gp
f941c92c21cf841e1e41c55c7abcaacc0906b6a933b47c1add122300f45c2111	303	construction_large_run1/source0267/receipt.json
cf6aef756a0730d2abed285abbd838b9486d01cf6dcffa18015588c59b798de9	934	construction_large_run1/source0267/source_freeze.json
e3b0c44298fc1c149afbf4c8996fb92427ae41e4649b934ca495991b7852b855	0	construction_large_run1/source0267/stderr.txt
8de64edf91465680cce776f0f5a698de786c5df3f639f94fcca7e389ee7a3af9	927	construction_large_run1/source0267/stdout.txt
e3b0c44298fc1c149afbf4c8996fb92427ae41e4649b934ca495991b7852b855	0	construction_large_run1/source0268/driver_stderr.txt
38fa7114572e4f6e3b77fc7d5be0deff04822f4b9598b8f8ceaab796ab3bfb74	276	construction_large_run1/source0268/driver_stdout.txt
4e97c67f96d8c2adc12280a539ec086853e57a777784bc65eb39bedbe50feb87	3404	construction_large_run1/source0268/executed_driver_v1.txt
06d7ad9c63315b4357db9d8c13d555940c69d6e48dc59444444d0248644131d6	644	construction_large_run1/source0268/executed_inputs.gp
a60949f711c036af960dfa8839a6a794d1133faa3a022fbcb0fadeccc08741e2	6818	construction_large_run1/source0268/executed_script.gp
06d7ad9c63315b4357db9d8c13d555940c69d6e48dc59444444d0248644131d6	644	construction_large_run1/source0268/input.gp
111e57b170889761610e49688393abac50ae5ff9bc3f0d9964f77769e41b5a84	304	construction_large_run1/source0268/receipt.json
f64e5e21bdfa7c62b3c2c75e53e8ed51a664192e5e2af5a53f05263d3d637edd	934	construction_large_run1/source0268/source_freeze.json
e3b0c44298fc1c149afbf4c8996fb92427ae41e4649b934ca495991b7852b855	0	construction_large_run1/source0268/stderr.txt
ec37e7424f9bf6d8cb72d4675ed1442267a65e443f3e4176d7af71a6bc6539fa	924	construction_large_run1/source0268/stdout.txt
e3b0c44298fc1c149afbf4c8996fb92427ae41e4649b934ca495991b7852b855	0	construction_large_run1/source0269/driver_stderr.txt
16bcdd92016b390c0fe90ca17db54aaf8de7ce0ffaf920c37c7eba256f86e65b	276	construction_large_run1/source0269/driver_stdout.txt
4e97c67f96d8c2adc12280a539ec086853e57a777784bc65eb39bedbe50feb87	3404	construction_large_run1/source0269/executed_driver_v1.txt
8755f2c66abf53709b3780f1a8b1b68ae845f84b2a81e87961007f264e764d7c	648	construction_large_run1/source0269/executed_inputs.gp
a60949f711c036af960dfa8839a6a794d1133faa3a022fbcb0fadeccc08741e2	6818	construction_large_run1/source0269/executed_script.gp
8755f2c66abf53709b3780f1a8b1b68ae845f84b2a81e87961007f264e764d7c	648	construction_large_run1/source0269/input.gp
437ec92520ea04d8d0a1449af10ec188092457332055349f466cbcd41006e389	304	construction_large_run1/source0269/receipt.json
930f65225a601625c860d83dc31c36d283c0d4c359f849a38e544406b3a70bc8	934	construction_large_run1/source0269/source_freeze.json
e3b0c44298fc1c149afbf4c8996fb92427ae41e4649b934ca495991b7852b855	0	construction_large_run1/source0269/stderr.txt
1636d514bd62c05234a78a25cc5af41d7ac3484f3ffa54e21312b1028e1315a7	919	construction_large_run1/source0269/stdout.txt
e3b0c44298fc1c149afbf4c8996fb92427ae41e4649b934ca495991b7852b855	0	construction_large_run1/source0270/driver_stderr.txt
21337b779e0749ec2dc44ac4f9baad5bb15b85ed395831575f33e28387d79a5f	276	construction_large_run1/source0270/driver_stdout.txt
4e97c67f96d8c2adc12280a539ec086853e57a777784bc65eb39bedbe50feb87	3404	construction_large_run1/source0270/executed_driver_v1.txt
6f1f903b1ac0d11cad5dfc9866e91f019cbe2dea006ef9d9a6dc877a4155652e	652	construction_large_run1/source0270/executed_inputs.gp
a60949f711c036af960dfa8839a6a794d1133faa3a022fbcb0fadeccc08741e2	6818	construction_large_run1/source0270/executed_script.gp
6f1f903b1ac0d11cad5dfc9866e91f019cbe2dea006ef9d9a6dc877a4155652e	652	construction_large_run1/source0270/input.gp
2b7501e44733f39edc07d2279dd30e080eb45ca90044f44053e7f6ebb0fa925a	304	construction_large_run1/source0270/receipt.json
c7dd318de6816646a66721d28100a8732cb638fc3c1f45d240bd8116860b16e5	934	construction_large_run1/source0270/source_freeze.json
e3b0c44298fc1c149afbf4c8996fb92427ae41e4649b934ca495991b7852b855	0	construction_large_run1/source0270/stderr.txt
d9bb812f0a1408c22893ac4742bb69b58d0e950e3f4a8c433ff1f133f8c6572c	911	construction_large_run1/source0270/stdout.txt
e3b0c44298fc1c149afbf4c8996fb92427ae41e4649b934ca495991b7852b855	0	construction_large_run1/source0271/driver_stderr.txt
ae794e0768d98aa50846507db124de84b31a552ae6200df850fde3aa7f9a23d0	276	construction_large_run1/source0271/driver_stdout.txt
4e97c67f96d8c2adc12280a539ec086853e57a777784bc65eb39bedbe50feb87	3404	construction_large_run1/source0271/executed_driver_v1.txt
f6650fc9d4a9881149e6cd9025ae469c5e9e13edd7c737304d7fddcda1779a80	651	construction_large_run1/source0271/executed_inputs.gp
a60949f711c036af960dfa8839a6a794d1133faa3a022fbcb0fadeccc08741e2	6818	construction_large_run1/source0271/executed_script.gp
f6650fc9d4a9881149e6cd9025ae469c5e9e13edd7c737304d7fddcda1779a80	651	construction_large_run1/source0271/input.gp
d20d425bc8ce418428466f45d2cf8119fe5c31c348da160375b3ec2e8be7f7fb	304	construction_large_run1/source0271/receipt.json
457e3d0eba64c0b7120f81764a8009fcc25ea79630be48a88596b76f60a7cd0e	934	construction_large_run1/source0271/source_freeze.json
e3b0c44298fc1c149afbf4c8996fb92427ae41e4649b934ca495991b7852b855	0	construction_large_run1/source0271/stderr.txt
277e234c34bb9d27eed54573c5f1b153adbd54abc7d57241b4f7cd150d7a741b	911	construction_large_run1/source0271/stdout.txt
e3b0c44298fc1c149afbf4c8996fb92427ae41e4649b934ca495991b7852b855	0	construction_large_run1/source0272/driver_stderr.txt
fb8f6a55b2035eaaae838b7e9e78bbc03bce28540c7fbd814800672c09fed955	275	construction_large_run1/source0272/driver_stdout.txt
4e97c67f96d8c2adc12280a539ec086853e57a777784bc65eb39bedbe50feb87	3404	construction_large_run1/source0272/executed_driver_v1.txt
e89bcb14a4f1130623044fa1859075416712767e513ee7b2d93ac3f526204b13	652	construction_large_run1/source0272/executed_inputs.gp
a60949f711c036af960dfa8839a6a794d1133faa3a022fbcb0fadeccc08741e2	6818	construction_large_run1/source0272/executed_script.gp
e89bcb14a4f1130623044fa1859075416712767e513ee7b2d93ac3f526204b13	652	construction_large_run1/source0272/input.gp
530653e86e35bb77e62f038d3876d274c6189a1f34eb9ebb2ce0ac86f9a8af85	303	construction_large_run1/source0272/receipt.json
66fd4da2924d28be267af54c03f8dc342e1e60e15dac64bdb41ea3aa07e080bb	934	construction_large_run1/source0272/source_freeze.json
e3b0c44298fc1c149afbf4c8996fb92427ae41e4649b934ca495991b7852b855	0	construction_large_run1/source0272/stderr.txt
82fc1878d8ad55ca14582e629da9f652c62ee7ade3c4dfd6324c5b1ee92475d2	935	construction_large_run1/source0272/stdout.txt
e3b0c44298fc1c149afbf4c8996fb92427ae41e4649b934ca495991b7852b855	0	construction_large_run1/source0273/driver_stderr.txt
80b1f5034995d39e96d108b95ae1fde5220376e1982dbb740c398001833bcfe9	275	construction_large_run1/source0273/driver_stdout.txt
4e97c67f96d8c2adc12280a539ec086853e57a777784bc65eb39bedbe50feb87	3404	construction_large_run1/source0273/executed_driver_v1.txt
0daa5cc57885fdb9ec1dc461b64e60094cf56df6a483e7c4653d15ff811f1d61	648	construction_large_run1/source0273/executed_inputs.gp
a60949f711c036af960dfa8839a6a794d1133faa3a022fbcb0fadeccc08741e2	6818	construction_large_run1/source0273/executed_script.gp
0daa5cc57885fdb9ec1dc461b64e60094cf56df6a483e7c4653d15ff811f1d61	648	construction_large_run1/source0273/input.gp
84b4e6a887017e98aaaa6bb641fdd93d5fd700254d12615da5cf7553d6ce5a51	303	construction_large_run1/source0273/receipt.json
bcebbbf3c527ad4594e5852788aaa6e244a30f97738274a274e010830128639a	934	construction_large_run1/source0273/source_freeze.json
e3b0c44298fc1c149afbf4c8996fb92427ae41e4649b934ca495991b7852b855	0	construction_large_run1/source0273/stderr.txt
f5e8811a8a23891bedf03401664e784e4ce8dd00f764bd4d063f255439884ad9	921	construction_large_run1/source0273/stdout.txt
e3b0c44298fc1c149afbf4c8996fb92427ae41e4649b934ca495991b7852b855	0	construction_large_run1/source0274/driver_stderr.txt
9b692f799bc8fd535958f78f35121e9329f5d087424702739dd171c9bf5ab2b2	275	construction_large_run1/source0274/driver_stdout.txt
4e97c67f96d8c2adc12280a539ec086853e57a777784bc65eb39bedbe50feb87	3404	construction_large_run1/source0274/executed_driver_v1.txt
d98a460226acf4355e04ca8eaa2e48a0b8a052d9bc9291d527e08ed0e98d5935	652	construction_large_run1/source0274/executed_inputs.gp
a60949f711c036af960dfa8839a6a794d1133faa3a022fbcb0fadeccc08741e2	6818	construction_large_run1/source0274/executed_script.gp
d98a460226acf4355e04ca8eaa2e48a0b8a052d9bc9291d527e08ed0e98d5935	652	construction_large_run1/source0274/input.gp
5bb4459b8d12e4fbcd9d5df34207b90b44cdb164cef7cf0e9854599f7fcfc622	303	construction_large_run1/source0274/receipt.json
61e02ff716f3fd5c3bbf1cb6253c97a73e032292a08c82c3650ec341ca7d6119	934	construction_large_run1/source0274/source_freeze.json
e3b0c44298fc1c149afbf4c8996fb92427ae41e4649b934ca495991b7852b855	0	construction_large_run1/source0274/stderr.txt
f1f183d8bc4ccf5ae7e444cec11b6099a5742771b5fff435cd540e5e2cfbca8a	923	construction_large_run1/source0274/stdout.txt
e3b0c44298fc1c149afbf4c8996fb92427ae41e4649b934ca495991b7852b855	0	construction_large_run1/source0275/driver_stderr.txt
965c073f80e8600b3e5ff80d8e5d4930dce94b48c70b5f70a554f4cd0ce8f5ab	276	construction_large_run1/source0275/driver_stdout.txt
4e97c67f96d8c2adc12280a539ec086853e57a777784bc65eb39bedbe50feb87	3404	construction_large_run1/source0275/executed_driver_v1.txt
725cd0d375bddd492d350402b695c425d7244ce9d23b9772e9505a93ae7953d7	650	construction_large_run1/source0275/executed_inputs.gp
a60949f711c036af960dfa8839a6a794d1133faa3a022fbcb0fadeccc08741e2	6818	construction_large_run1/source0275/executed_script.gp
725cd0d375bddd492d350402b695c425d7244ce9d23b9772e9505a93ae7953d7	650	construction_large_run1/source0275/input.gp
a816dfc17e6689f57f09a8591d6b7a1c27565259fd0bbaca8a3322b908ecd658	304	construction_large_run1/source0275/receipt.json
c921bf770cd90ef989933951937538e24729deb934a4462fe1f3ad0b707a737f	934	construction_large_run1/source0275/source_freeze.json
e3b0c44298fc1c149afbf4c8996fb92427ae41e4649b934ca495991b7852b855	0	construction_large_run1/source0275/stderr.txt
34084278ec659fda5e5236ca2796d5be40c8cbcf6863d09fa6e05f92dd6eed5a	933	construction_large_run1/source0275/stdout.txt
e3b0c44298fc1c149afbf4c8996fb92427ae41e4649b934ca495991b7852b855	0	construction_large_run1/source0276/driver_stderr.txt
892c75626b5abd8b75fb37eb24ca4d18162ca0a0bbbf3c0dd4e034ca37b04ff7	276	construction_large_run1/source0276/driver_stdout.txt
4e97c67f96d8c2adc12280a539ec086853e57a777784bc65eb39bedbe50feb87	3404	construction_large_run1/source0276/executed_driver_v1.txt
cce4b5392d015c261b0f04811bf62364f6ffd0b0dffe3d5d3218217119b7bdf2	649	construction_large_run1/source0276/executed_inputs.gp
a60949f711c036af960dfa8839a6a794d1133faa3a022fbcb0fadeccc08741e2	6818	construction_large_run1/source0276/executed_script.gp
cce4b5392d015c261b0f04811bf62364f6ffd0b0dffe3d5d3218217119b7bdf2	649	construction_large_run1/source0276/input.gp
65b89b5469833e1fb98b2674839dd127986d07e979f6f9585c889d5484cbe88a	304	construction_large_run1/source0276/receipt.json
36126c2866a3c46329c046491f2b0fffe7cca9d2b2a68f434f7cdabdbfa613fe	934	construction_large_run1/source0276/source_freeze.json
e3b0c44298fc1c149afbf4c8996fb92427ae41e4649b934ca495991b7852b855	0	construction_large_run1/source0276/stderr.txt
b8bc21ae43763c6b02f0ccc35da850ba71f3d388dc0c019837cadcaeb7d7381c	920	construction_large_run1/source0276/stdout.txt
e3b0c44298fc1c149afbf4c8996fb92427ae41e4649b934ca495991b7852b855	0	construction_large_run1/source0277/driver_stderr.txt
d333f59599c06981b7c7a0c6d2bded2a388b7f56ef527097d779729f35e08e07	275	construction_large_run1/source0277/driver_stdout.txt
4e97c67f96d8c2adc12280a539ec086853e57a777784bc65eb39bedbe50feb87	3404	construction_large_run1/source0277/executed_driver_v1.txt
460d3ead5c70dc89994d6bece3a62a69f471982ea547d9a662680853b2a80af2	648	construction_large_run1/source0277/executed_inputs.gp
a60949f711c036af960dfa8839a6a794d1133faa3a022fbcb0fadeccc08741e2	6818	construction_large_run1/source0277/executed_script.gp
460d3ead5c70dc89994d6bece3a62a69f471982ea547d9a662680853b2a80af2	648	construction_large_run1/source0277/input.gp
21500bfb6e8a9c4f37075fcb4149713b92e27a795d65c74eb7603a0eb7227e25	303	construction_large_run1/source0277/receipt.json
2865f3403aa68768939a543405250f27a1b6e49cb3d65ef67a3b448639ca0943	934	construction_large_run1/source0277/source_freeze.json
e3b0c44298fc1c149afbf4c8996fb92427ae41e4649b934ca495991b7852b855	0	construction_large_run1/source0277/stderr.txt
029084084440101b382a69a407cfec69a7516b931f758d73997603fb898ef6d8	923	construction_large_run1/source0277/stdout.txt
e3b0c44298fc1c149afbf4c8996fb92427ae41e4649b934ca495991b7852b855	0	construction_large_run1/source0278/driver_stderr.txt
5d57ad3f16d870c9b4ce3222a658cf980f28fd9ba368d89cf2effd5dd0a3262c	276	construction_large_run1/source0278/driver_stdout.txt
4e97c67f96d8c2adc12280a539ec086853e57a777784bc65eb39bedbe50feb87	3404	construction_large_run1/source0278/executed_driver_v1.txt
5ef14845a3e7d8281bd26220dc882b0b0bed6aca2e17ba74d9558fa1dd43a588	649	construction_large_run1/source0278/executed_inputs.gp
a60949f711c036af960dfa8839a6a794d1133faa3a022fbcb0fadeccc08741e2	6818	construction_large_run1/source0278/executed_script.gp
5ef14845a3e7d8281bd26220dc882b0b0bed6aca2e17ba74d9558fa1dd43a588	649	construction_large_run1/source0278/input.gp
3cb10119b21337a282c03f1022a0db648dddbdcda2ee3f4538ecda5dc3f063e6	304	construction_large_run1/source0278/receipt.json
0a0bf83ab0839211388ef3244fbae0505f50daf355852a546753cbb5782e4078	934	construction_large_run1/source0278/source_freeze.json
e3b0c44298fc1c149afbf4c8996fb92427ae41e4649b934ca495991b7852b855	0	construction_large_run1/source0278/stderr.txt
a1a6f68fbdaf8520a35fc018a8ca7291f4031f80b172fec075f83e0fd253df38	921	construction_large_run1/source0278/stdout.txt
e3b0c44298fc1c149afbf4c8996fb92427ae41e4649b934ca495991b7852b855	0	construction_large_run1/source0279/driver_stderr.txt
0bed3cc3da6266edc95243f84bcf30ea8a35ff51f5055984bca20f9196bcea75	276	construction_large_run1/source0279/driver_stdout.txt
4e97c67f96d8c2adc12280a539ec086853e57a777784bc65eb39bedbe50feb87	3404	construction_large_run1/source0279/executed_driver_v1.txt
73b0d86a540d5bc66c631cba23f70ffc2aabef46e5baed7e6693f3da2b9d39b5	651	construction_large_run1/source0279/executed_inputs.gp
a60949f711c036af960dfa8839a6a794d1133faa3a022fbcb0fadeccc08741e2	6818	construction_large_run1/source0279/executed_script.gp
73b0d86a540d5bc66c631cba23f70ffc2aabef46e5baed7e6693f3da2b9d39b5	651	construction_large_run1/source0279/input.gp
d853d5a64f6c3738aa3a5a1ab4857b13739096e2d8e49332bac39016818d6eec	304	construction_large_run1/source0279/receipt.json
4fe3c707b6b0999d1e3638ac11ab9a3ea6e16ae605241cc3859007b64f513e00	934	construction_large_run1/source0279/source_freeze.json
e3b0c44298fc1c149afbf4c8996fb92427ae41e4649b934ca495991b7852b855	0	construction_large_run1/source0279/stderr.txt
a7059795c7ed8e25c0a0b674090881096fa8a3f64fc8dd6593259fe7dffed0c2	927	construction_large_run1/source0279/stdout.txt
e3b0c44298fc1c149afbf4c8996fb92427ae41e4649b934ca495991b7852b855	0	construction_large_run1/source0280/driver_stderr.txt
4d192168c4605c4ed33f99a793ec9b7a7c96b5e961b7e21358fb3fd46736ffa6	276	construction_large_run1/source0280/driver_stdout.txt
4e97c67f96d8c2adc12280a539ec086853e57a777784bc65eb39bedbe50feb87	3404	construction_large_run1/source0280/executed_driver_v1.txt
c7dedb4aba1aae90657df9852b8b6337ceeb997818092190aa9e2d4d6ebaf9c5	652	construction_large_run1/source0280/executed_inputs.gp
a60949f711c036af960dfa8839a6a794d1133faa3a022fbcb0fadeccc08741e2	6818	construction_large_run1/source0280/executed_script.gp
c7dedb4aba1aae90657df9852b8b6337ceeb997818092190aa9e2d4d6ebaf9c5	652	construction_large_run1/source0280/input.gp
0dedc6bdc63879bfbb74dabf1ce4092581047a25c683c1ace85867167a9a676f	304	construction_large_run1/source0280/receipt.json
f8f905b273c2c402365c2d58c471d04efd5725935bde0b90453d22f05be2ed4d	934	construction_large_run1/source0280/source_freeze.json
e3b0c44298fc1c149afbf4c8996fb92427ae41e4649b934ca495991b7852b855	0	construction_large_run1/source0280/stderr.txt
ec401f76ecf3c0e7c26046aaaefa61f2c072feeba0a7494280c47d8d4888bb34	924	construction_large_run1/source0280/stdout.txt
e3b0c44298fc1c149afbf4c8996fb92427ae41e4649b934ca495991b7852b855	0	construction_large_run1/source0281/driver_stderr.txt
dff81632d021450ded3557ab7e277600dc49df1049272bdc9f000b4a32a923ee	276	construction_large_run1/source0281/driver_stdout.txt
4e97c67f96d8c2adc12280a539ec086853e57a777784bc65eb39bedbe50feb87	3404	construction_large_run1/source0281/executed_driver_v1.txt
893785ccf70a399e2bdd8df3647bdfd30b2e1894e9a855be62a832f21445bc34	651	construction_large_run1/source0281/executed_inputs.gp
a60949f711c036af960dfa8839a6a794d1133faa3a022fbcb0fadeccc08741e2	6818	construction_large_run1/source0281/executed_script.gp
893785ccf70a399e2bdd8df3647bdfd30b2e1894e9a855be62a832f21445bc34	651	construction_large_run1/source0281/input.gp
22216a197a1e2c9eb1e2c71c2f4addd8b654d0d3c8bb7197c5727e80b631fa0f	304	construction_large_run1/source0281/receipt.json
0a083c817815ab6c2db69a49bc693a8817b413c2605510dae9659dc7ac94c3af	934	construction_large_run1/source0281/source_freeze.json
e3b0c44298fc1c149afbf4c8996fb92427ae41e4649b934ca495991b7852b855	0	construction_large_run1/source0281/stderr.txt
9788d8dae0daa128c8c89a21ed3080f2fddb501a824e6ee56042f73e7eaf33bd	928	construction_large_run1/source0281/stdout.txt
e3b0c44298fc1c149afbf4c8996fb92427ae41e4649b934ca495991b7852b855	0	construction_large_run1/source0282/driver_stderr.txt
057695bdbc1839b9a9c2f5fa06c767f79c47f3f669a014a288059dffda5e1f7a	276	construction_large_run1/source0282/driver_stdout.txt
4e97c67f96d8c2adc12280a539ec086853e57a777784bc65eb39bedbe50feb87	3404	construction_large_run1/source0282/executed_driver_v1.txt
072a4d5639bd33a9bbe0b5d2523becdd30ea6da249ee39a75cb9d8890ea1352f	646	construction_large_run1/source0282/executed_inputs.gp
a60949f711c036af960dfa8839a6a794d1133faa3a022fbcb0fadeccc08741e2	6818	construction_large_run1/source0282/executed_script.gp
072a4d5639bd33a9bbe0b5d2523becdd30ea6da249ee39a75cb9d8890ea1352f	646	construction_large_run1/source0282/input.gp
d65100ffa481842bb6e7953decbef892031a3fb6b80bd0a706848631870a0533	304	construction_large_run1/source0282/receipt.json
56020d6f9d61318c169c95c69b64453dad9b3d51b12a0947e66d38d5d62a3e91	934	construction_large_run1/source0282/source_freeze.json
e3b0c44298fc1c149afbf4c8996fb92427ae41e4649b934ca495991b7852b855	0	construction_large_run1/source0282/stderr.txt
06cbfc71270b61204b49384baa3cdfe9a036fce794b3d71baa65673325fd769b	925	construction_large_run1/source0282/stdout.txt
e3b0c44298fc1c149afbf4c8996fb92427ae41e4649b934ca495991b7852b855	0	construction_large_run1/source0283/driver_stderr.txt
88ce536e4a6ce8800628d562f963da0be629067c125da94b3280c35e5eb78dab	276	construction_large_run1/source0283/driver_stdout.txt
4e97c67f96d8c2adc12280a539ec086853e57a777784bc65eb39bedbe50feb87	3404	construction_large_run1/source0283/executed_driver_v1.txt
bc9123c956b0a02b0c157524debee171df4120c6686724b36bf369ad3b85439c	650	construction_large_run1/source0283/executed_inputs.gp
a60949f711c036af960dfa8839a6a794d1133faa3a022fbcb0fadeccc08741e2	6818	construction_large_run1/source0283/executed_script.gp
bc9123c956b0a02b0c157524debee171df4120c6686724b36bf369ad3b85439c	650	construction_large_run1/source0283/input.gp
120df44a75199e5a7c9218314ac52d2466b5aec5b22b5c45d5e7fcb07970c376	304	construction_large_run1/source0283/receipt.json
e0778aadccfd30c9742b46597df193e27e3c0f63e5daeecd0b5371f8d3e6a7a3	934	construction_large_run1/source0283/source_freeze.json
e3b0c44298fc1c149afbf4c8996fb92427ae41e4649b934ca495991b7852b855	0	construction_large_run1/source0283/stderr.txt
642ede81e473f343e5b92ecaa5c1da87ac3fa9aa7dc0e60e32d62b005a67247b	925	construction_large_run1/source0283/stdout.txt
e3b0c44298fc1c149afbf4c8996fb92427ae41e4649b934ca495991b7852b855	0	construction_large_run1/source0284/driver_stderr.txt
d7b08bb71720cdfa04106251a9aedcfe854a6b088404658b3f9a6e585cd8902c	276	construction_large_run1/source0284/driver_stdout.txt
4e97c67f96d8c2adc12280a539ec086853e57a777784bc65eb39bedbe50feb87	3404	construction_large_run1/source0284/executed_driver_v1.txt
0dd9d8753788c3f6843ccab65e0095fbbcb73b0bcb223ec9dd57ff1e8a164ae8	650	construction_large_run1/source0284/executed_inputs.gp
a60949f711c036af960dfa8839a6a794d1133faa3a022fbcb0fadeccc08741e2	6818	construction_large_run1/source0284/executed_script.gp
0dd9d8753788c3f6843ccab65e0095fbbcb73b0bcb223ec9dd57ff1e8a164ae8	650	construction_large_run1/source0284/input.gp
d9e4075fe3b81971e8c0954952f4377c3ae74cad8fe48dce6be28b216ad6f56d	304	construction_large_run1/source0284/receipt.json
3c01c0f475d2e9d81c794655cbdf26dee02a4bc7c02b52efc9a3301f367efe15	934	construction_large_run1/source0284/source_freeze.json
e3b0c44298fc1c149afbf4c8996fb92427ae41e4649b934ca495991b7852b855	0	construction_large_run1/source0284/stderr.txt
2155b2d6668db6c4d753fe1dc84b48751dd9bef6a671205f0038ddc1adca4942	910	construction_large_run1/source0284/stdout.txt
e3b0c44298fc1c149afbf4c8996fb92427ae41e4649b934ca495991b7852b855	0	construction_large_run1/source0285/driver_stderr.txt
c396f484d65a00f6d95b2a14f98f7316a168311145f9497cb95d3376b4358e3c	276	construction_large_run1/source0285/driver_stdout.txt
4e97c67f96d8c2adc12280a539ec086853e57a777784bc65eb39bedbe50feb87	3404	construction_large_run1/source0285/executed_driver_v1.txt
a8622a6fc9a82a1c40b7b435cca321a5e77efdf2671995541140c9704f9bdeca	649	construction_large_run1/source0285/executed_inputs.gp
a60949f711c036af960dfa8839a6a794d1133faa3a022fbcb0fadeccc08741e2	6818	construction_large_run1/source0285/executed_script.gp
a8622a6fc9a82a1c40b7b435cca321a5e77efdf2671995541140c9704f9bdeca	649	construction_large_run1/source0285/input.gp
b4baf489dbc2174e166199127ffe04e9815c7f722d9a8f8bac3b720765261558	304	construction_large_run1/source0285/receipt.json
23ccdbe76e092296bd8a87434a0ff510423a10320e378be3cff09b8768a38d2a	934	construction_large_run1/source0285/source_freeze.json
e3b0c44298fc1c149afbf4c8996fb92427ae41e4649b934ca495991b7852b855	0	construction_large_run1/source0285/stderr.txt
c8fa3d23c3d5f9668fce320dad4aea42e0a07548de33774ce9358e4ab9d458a9	925	construction_large_run1/source0285/stdout.txt
e3b0c44298fc1c149afbf4c8996fb92427ae41e4649b934ca495991b7852b855	0	construction_large_run1/source0286/driver_stderr.txt
2f3b707bfd321b6f56aa7ce53c9895ee3b2c4c5c7288de185b2a402cbbdd1b54	275	construction_large_run1/source0286/driver_stdout.txt
4e97c67f96d8c2adc12280a539ec086853e57a777784bc65eb39bedbe50feb87	3404	construction_large_run1/source0286/executed_driver_v1.txt
c03664edd154098ed1b19a2dff0f983500692ce837531bbc19a9b4e475e9e9d9	652	construction_large_run1/source0286/executed_inputs.gp
a60949f711c036af960dfa8839a6a794d1133faa3a022fbcb0fadeccc08741e2	6818	construction_large_run1/source0286/executed_script.gp
c03664edd154098ed1b19a2dff0f983500692ce837531bbc19a9b4e475e9e9d9	652	construction_large_run1/source0286/input.gp
2cb3166d4dfab57107efe9b62408d781f3d69394d6253d4b204438a00d11f878	303	construction_large_run1/source0286/receipt.json
54886e4e6f7eca63c6d4edb3d04d7870bfec45cc5b80abb25613d2da2b44022b	934	construction_large_run1/source0286/source_freeze.json
e3b0c44298fc1c149afbf4c8996fb92427ae41e4649b934ca495991b7852b855	0	construction_large_run1/source0286/stderr.txt
6d6daebac2e4ccc4ca823c18c837a089deb44092f101e714de274b77ff7c296b	924	construction_large_run1/source0286/stdout.txt
e3b0c44298fc1c149afbf4c8996fb92427ae41e4649b934ca495991b7852b855	0	construction_large_run1/source0287/driver_stderr.txt
34c6aa04d60cc7efc2bbcec1a1e7d9021d1dab12ecca6cfe1b15e7719a887103	275	construction_large_run1/source0287/driver_stdout.txt
4e97c67f96d8c2adc12280a539ec086853e57a777784bc65eb39bedbe50feb87	3404	construction_large_run1/source0287/executed_driver_v1.txt
1cc898ea8de5f1d114f4c9a463c1c87dd34758fdac2a8cc2bba5f519a66427d0	652	construction_large_run1/source0287/executed_inputs.gp
a60949f711c036af960dfa8839a6a794d1133faa3a022fbcb0fadeccc08741e2	6818	construction_large_run1/source0287/executed_script.gp
1cc898ea8de5f1d114f4c9a463c1c87dd34758fdac2a8cc2bba5f519a66427d0	652	construction_large_run1/source0287/input.gp
c0f8d81550a7b90883aa4b46d1cc2afa844947990aca7428bcdf2a5730723756	303	construction_large_run1/source0287/receipt.json
fcc425958fb6a0ea9442ba5902884cb487d59ce19c5217b9b0fe7411788924c7	934	construction_large_run1/source0287/source_freeze.json
e3b0c44298fc1c149afbf4c8996fb92427ae41e4649b934ca495991b7852b855	0	construction_large_run1/source0287/stderr.txt
a8faa2ad61a3f2444a1a4e0a7c7be7400159a19c9dd070382eeafed1c17921ba	925	construction_large_run1/source0287/stdout.txt
e3b0c44298fc1c149afbf4c8996fb92427ae41e4649b934ca495991b7852b855	0	construction_large_run1/source0288/driver_stderr.txt
ccc3111541dccd49723549a47a75e2561a2c16b9423644f3934a67c5d007427f	276	construction_large_run1/source0288/driver_stdout.txt
4e97c67f96d8c2adc12280a539ec086853e57a777784bc65eb39bedbe50feb87	3404	construction_large_run1/source0288/executed_driver_v1.txt
58116cf6c30bb53cc526ffd16e7014ffbb0418a57485bba00bbabde0bc5a4f86	650	construction_large_run1/source0288/executed_inputs.gp
a60949f711c036af960dfa8839a6a794d1133faa3a022fbcb0fadeccc08741e2	6818	construction_large_run1/source0288/executed_script.gp
58116cf6c30bb53cc526ffd16e7014ffbb0418a57485bba00bbabde0bc5a4f86	650	construction_large_run1/source0288/input.gp
702e8b4ce5969f5042f893d375892d023e8687612ec4ee898b1e4a9c19d83b52	304	construction_large_run1/source0288/receipt.json
053922368167d902b8e22c0c071be5f67fb825ad82f5f7700a770e0a63746cab	934	construction_large_run1/source0288/source_freeze.json
e3b0c44298fc1c149afbf4c8996fb92427ae41e4649b934ca495991b7852b855	0	construction_large_run1/source0288/stderr.txt
bcaf2ce716b7dd2ae63867c8fcd682a9332ec56a70de5eb6a4602872881f98bd	909	construction_large_run1/source0288/stdout.txt
e3b0c44298fc1c149afbf4c8996fb92427ae41e4649b934ca495991b7852b855	0	construction_large_run1/source0289/driver_stderr.txt
725945743efd2ed1738026b8190ed661f294f094752462a6d8788137e22f1ed3	276	construction_large_run1/source0289/driver_stdout.txt
4e97c67f96d8c2adc12280a539ec086853e57a777784bc65eb39bedbe50feb87	3404	construction_large_run1/source0289/executed_driver_v1.txt
8a10fb7e76c1f4a5db6581ac29f0e7e40db35c8287a9524877e7efad6877f158	648	construction_large_run1/source0289/executed_inputs.gp
a60949f711c036af960dfa8839a6a794d1133faa3a022fbcb0fadeccc08741e2	6818	construction_large_run1/source0289/executed_script.gp
8a10fb7e76c1f4a5db6581ac29f0e7e40db35c8287a9524877e7efad6877f158	648	construction_large_run1/source0289/input.gp
430a86634527476b5193078a43c17b4584cba40941f1d0b9abc943454f3c902c	304	construction_large_run1/source0289/receipt.json
c927f76c39b7180a09f18a21ea7320a65a070f2ae8ae8221adc0c9cdb31541dd	934	construction_large_run1/source0289/source_freeze.json
e3b0c44298fc1c149afbf4c8996fb92427ae41e4649b934ca495991b7852b855	0	construction_large_run1/source0289/stderr.txt
81e9cb3327946cc6ed1f159c5332a75c8228b31070d3cf83c663b5ff715c9274	926	construction_large_run1/source0289/stdout.txt
e3b0c44298fc1c149afbf4c8996fb92427ae41e4649b934ca495991b7852b855	0	construction_large_run1/source0290/driver_stderr.txt
653ee4d4e502cc9bfec636aa4fa1680b377e10320f7bd954fa5ad428ed334dc6	275	construction_large_run1/source0290/driver_stdout.txt
4e97c67f96d8c2adc12280a539ec086853e57a777784bc65eb39bedbe50feb87	3404	construction_large_run1/source0290/executed_driver_v1.txt
94e50f0822d124314add05c8105d9adde96f9a50f87d6bf513aa067c27d8eed4	647	construction_large_run1/source0290/executed_inputs.gp
a60949f711c036af960dfa8839a6a794d1133faa3a022fbcb0fadeccc08741e2	6818	construction_large_run1/source0290/executed_script.gp
94e50f0822d124314add05c8105d9adde96f9a50f87d6bf513aa067c27d8eed4	647	construction_large_run1/source0290/input.gp
1f2ca2d081b3d5592efe22e8218b5cb65e3e5de1ac03301a2fc160e9d3fcee7d	303	construction_large_run1/source0290/receipt.json
decc3c182a15f938a47a4dec5f7f9e969b85e2801d278d2e9f36b33a73c6d141	934	construction_large_run1/source0290/source_freeze.json
e3b0c44298fc1c149afbf4c8996fb92427ae41e4649b934ca495991b7852b855	0	construction_large_run1/source0290/stderr.txt
fedbadd98bf4a2b26eb76bedb422c199460f9cb784d79301dcaa5d1ab769874e	925	construction_large_run1/source0290/stdout.txt
e3b0c44298fc1c149afbf4c8996fb92427ae41e4649b934ca495991b7852b855	0	construction_large_run1/source0291/driver_stderr.txt
bf2fe27d70c0ca416dd0f825fd7b7f0577a98785ee7568ec03a0f26aefac4973	275	construction_large_run1/source0291/driver_stdout.txt
4e97c67f96d8c2adc12280a539ec086853e57a777784bc65eb39bedbe50feb87	3404	construction_large_run1/source0291/executed_driver_v1.txt
dded4637bf0147ffea557a275c1cdbe35d0ae74bc36b3f8a7a4f5cb40c3bb4d8	646	construction_large_run1/source0291/executed_inputs.gp
a60949f711c036af960dfa8839a6a794d1133faa3a022fbcb0fadeccc08741e2	6818	construction_large_run1/source0291/executed_script.gp
dded4637bf0147ffea557a275c1cdbe35d0ae74bc36b3f8a7a4f5cb40c3bb4d8	646	construction_large_run1/source0291/input.gp
1f972a95ae8687dc6ae0fa35e3341efe6b53806ca91bbf787c88f3aa7144b13b	303	construction_large_run1/source0291/receipt.json
fa66647ec7d4b36374681f58bfa8645a7f5f8d0f390a3a89ec61087ca5af3599	934	construction_large_run1/source0291/source_freeze.json
e3b0c44298fc1c149afbf4c8996fb92427ae41e4649b934ca495991b7852b855	0	construction_large_run1/source0291/stderr.txt
ae7b552d6cd13d01f2289026aba077e1db1f065962328b1dedb4a108a82c27f3	922	construction_large_run1/source0291/stdout.txt
e3b0c44298fc1c149afbf4c8996fb92427ae41e4649b934ca495991b7852b855	0	construction_large_run1/source0292/driver_stderr.txt
74dab8b2ab78a9eda7e0d92e503d5de13d3d987c308fab0e655f7de2b2dbc245	276	construction_large_run1/source0292/driver_stdout.txt
4e97c67f96d8c2adc12280a539ec086853e57a777784bc65eb39bedbe50feb87	3404	construction_large_run1/source0292/executed_driver_v1.txt
549260ddc7a9010503f1fd3000c5aedfb331877e67e9d4a59eca395476c683d8	652	construction_large_run1/source0292/executed_inputs.gp
a60949f711c036af960dfa8839a6a794d1133faa3a022fbcb0fadeccc08741e2	6818	construction_large_run1/source0292/executed_script.gp
549260ddc7a9010503f1fd3000c5aedfb331877e67e9d4a59eca395476c683d8	652	construction_large_run1/source0292/input.gp
a09f883328bcd4269593c9923205355039e29a7c62a37e48e40c466470061ead	304	construction_large_run1/source0292/receipt.json
0dd2b76e731e6ec02cec5a50721313d5e9a06df08e34a433bf26c87f88f8e9dd	934	construction_large_run1/source0292/source_freeze.json
e3b0c44298fc1c149afbf4c8996fb92427ae41e4649b934ca495991b7852b855	0	construction_large_run1/source0292/stderr.txt
a5e0721dce6246e14aae0d8f5858aca0e8a21ba0a46cd9da56847af5032905ae	928	construction_large_run1/source0292/stdout.txt
e3b0c44298fc1c149afbf4c8996fb92427ae41e4649b934ca495991b7852b855	0	construction_large_run1/source0293/driver_stderr.txt
6a40ed48fc56c3a20decd93ac110cf84701ec6bab1703a30c435e733a54b613c	275	construction_large_run1/source0293/driver_stdout.txt
4e97c67f96d8c2adc12280a539ec086853e57a777784bc65eb39bedbe50feb87	3404	construction_large_run1/source0293/executed_driver_v1.txt
2dc71ff3c97b7c297327d7193a35235d651b841618b24dae3a711fe90d1fca57	652	construction_large_run1/source0293/executed_inputs.gp
a60949f711c036af960dfa8839a6a794d1133faa3a022fbcb0fadeccc08741e2	6818	construction_large_run1/source0293/executed_script.gp
2dc71ff3c97b7c297327d7193a35235d651b841618b24dae3a711fe90d1fca57	652	construction_large_run1/source0293/input.gp
08a03159cab107d57cf0c89c641cb2daaa7250835f00c5768007895ceebfa424	303	construction_large_run1/source0293/receipt.json
20ab53a9580de8198725ac4384d07c0a2cfbb9deb82267616eb755f62b11ec72	934	construction_large_run1/source0293/source_freeze.json
e3b0c44298fc1c149afbf4c8996fb92427ae41e4649b934ca495991b7852b855	0	construction_large_run1/source0293/stderr.txt
71fbd3e62150d1dc2898d8bbba42fb4f175a4bee60610d79eb0a0b61997819e2	927	construction_large_run1/source0293/stdout.txt
e3b0c44298fc1c149afbf4c8996fb92427ae41e4649b934ca495991b7852b855	0	construction_large_run1/source0294/driver_stderr.txt
1179ac09a5ce791f178766fd9609cc716b0136ab38289c9a788aa937eb5365df	275	construction_large_run1/source0294/driver_stdout.txt
4e97c67f96d8c2adc12280a539ec086853e57a777784bc65eb39bedbe50feb87	3404	construction_large_run1/source0294/executed_driver_v1.txt
d27e1750e75b86137007702d9aaca4c5ae0d61776fbc066d0bf7f7235d54b647	652	construction_large_run1/source0294/executed_inputs.gp
a60949f711c036af960dfa8839a6a794d1133faa3a022fbcb0fadeccc08741e2	6818	construction_large_run1/source0294/executed_script.gp
d27e1750e75b86137007702d9aaca4c5ae0d61776fbc066d0bf7f7235d54b647	652	construction_large_run1/source0294/input.gp
f0212d1b8209c5f4d5d00a6a3b847a320fd22244db79a09b6f4687a294d4ae3a	303	construction_large_run1/source0294/receipt.json
d0d81c0a2c043e36e101f1c601c4780b021c6949cbe9c78cafc42556252a1120	934	construction_large_run1/source0294/source_freeze.json
e3b0c44298fc1c149afbf4c8996fb92427ae41e4649b934ca495991b7852b855	0	construction_large_run1/source0294/stderr.txt
237bf0f9722058e86b9df60001a434bab05013aacc602b728128957504e00887	922	construction_large_run1/source0294/stdout.txt
e3b0c44298fc1c149afbf4c8996fb92427ae41e4649b934ca495991b7852b855	0	construction_large_run1/source0295/driver_stderr.txt
b6ead309945b5ec4731371723787d618635128775349b6f146724574d1cc662d	275	construction_large_run1/source0295/driver_stdout.txt
4e97c67f96d8c2adc12280a539ec086853e57a777784bc65eb39bedbe50feb87	3404	construction_large_run1/source0295/executed_driver_v1.txt
5e831adfb5b9532e63142777b327c242fe4159ac20096b101f0a9f802707d4b0	650	construction_large_run1/source0295/executed_inputs.gp
a60949f711c036af960dfa8839a6a794d1133faa3a022fbcb0fadeccc08741e2	6818	construction_large_run1/source0295/executed_script.gp
5e831adfb5b9532e63142777b327c242fe4159ac20096b101f0a9f802707d4b0	650	construction_large_run1/source0295/input.gp
ab074194e8407874838e85680976fa388e9fb23350e567d2e990b59799e0a1f8	303	construction_large_run1/source0295/receipt.json
16809f3b4990d85a8e1283cb20ae9ef17be849bb9ba43ca70b5a7988ced72442	934	construction_large_run1/source0295/source_freeze.json
e3b0c44298fc1c149afbf4c8996fb92427ae41e4649b934ca495991b7852b855	0	construction_large_run1/source0295/stderr.txt
fd2b847625db3bcf255647ebce1ae60343edf9d3419b36a7648ef12618eff62a	919	construction_large_run1/source0295/stdout.txt
e3b0c44298fc1c149afbf4c8996fb92427ae41e4649b934ca495991b7852b855	0	construction_large_run1/source0296/driver_stderr.txt
df8e8625f31fdbfdee249dbb93f7282a9828815863788f5d15c8dfeda071011f	276	construction_large_run1/source0296/driver_stdout.txt
4e97c67f96d8c2adc12280a539ec086853e57a777784bc65eb39bedbe50feb87	3404	construction_large_run1/source0296/executed_driver_v1.txt
ae6a25af8306c84ad2ba136696630a2873708e70cb9f9b31de0e7ba1c1cb349c	651	construction_large_run1/source0296/executed_inputs.gp
a60949f711c036af960dfa8839a6a794d1133faa3a022fbcb0fadeccc08741e2	6818	construction_large_run1/source0296/executed_script.gp
ae6a25af8306c84ad2ba136696630a2873708e70cb9f9b31de0e7ba1c1cb349c	651	construction_large_run1/source0296/input.gp
dafac64306bb6ffcab5b319ed22049b585d491aaab36f933c37b91760262607d	304	construction_large_run1/source0296/receipt.json
1696097360978dd03ce96e771f199edd1fb8b9d8bfc07c09a52e3a3ef81a3c5c	934	construction_large_run1/source0296/source_freeze.json
e3b0c44298fc1c149afbf4c8996fb92427ae41e4649b934ca495991b7852b855	0	construction_large_run1/source0296/stderr.txt
f4c4d692eade3e193ca37053b2d06d903cc58d8a3d9684f16165e6e750543307	925	construction_large_run1/source0296/stdout.txt
e3b0c44298fc1c149afbf4c8996fb92427ae41e4649b934ca495991b7852b855	0	construction_large_run1/source0297/driver_stderr.txt
9c8741841f3b8c1356c7478e69c27f1eb07fb53a846ef4caea0bb39102eb8eb4	275	construction_large_run1/source0297/driver_stdout.txt
4e97c67f96d8c2adc12280a539ec086853e57a777784bc65eb39bedbe50feb87	3404	construction_large_run1/source0297/executed_driver_v1.txt
f846b5ec8614161788297002b37c0208e8d7813663bdc70357117caeaa90fcfa	648	construction_large_run1/source0297/executed_inputs.gp
a60949f711c036af960dfa8839a6a794d1133faa3a022fbcb0fadeccc08741e2	6818	construction_large_run1/source0297/executed_script.gp
f846b5ec8614161788297002b37c0208e8d7813663bdc70357117caeaa90fcfa	648	construction_large_run1/source0297/input.gp
052b052fcfc8d35ec28f3521b92521cba2de0f00ba3ea66554bf320443d50a40	303	construction_large_run1/source0297/receipt.json
1b19d12cd4afececcfb47f7f49f487dde95165c7e9007e87ab0c208dfb840ec3	934	construction_large_run1/source0297/source_freeze.json
e3b0c44298fc1c149afbf4c8996fb92427ae41e4649b934ca495991b7852b855	0	construction_large_run1/source0297/stderr.txt
25fcc559d6e1c1af5285da82784285810d9e8168c46343a351e08904d110d574	921	construction_large_run1/source0297/stdout.txt
e3b0c44298fc1c149afbf4c8996fb92427ae41e4649b934ca495991b7852b855	0	construction_large_run1/source0298/driver_stderr.txt
41928d97169530c589e45f941997ac595e4b0f5437fedd394df69f4ba67cf726	276	construction_large_run1/source0298/driver_stdout.txt
4e97c67f96d8c2adc12280a539ec086853e57a777784bc65eb39bedbe50feb87	3404	construction_large_run1/source0298/executed_driver_v1.txt
191ecbdaec857418a3fd1600aa57ae705fdb13a18fc09fbedad7fd08e9e33ecc	652	construction_large_run1/source0298/executed_inputs.gp
a60949f711c036af960dfa8839a6a794d1133faa3a022fbcb0fadeccc08741e2	6818	construction_large_run1/source0298/executed_script.gp
191ecbdaec857418a3fd1600aa57ae705fdb13a18fc09fbedad7fd08e9e33ecc	652	construction_large_run1/source0298/input.gp
c4040988fa20a69f4dd903af04605ae1d6a48edffbe046ac09b05b8d62124c9d	304	construction_large_run1/source0298/receipt.json
32adabec9fbc903ced291186248842feb4b162c429b66e6de1d4855f228aadfc	934	construction_large_run1/source0298/source_freeze.json
e3b0c44298fc1c149afbf4c8996fb92427ae41e4649b934ca495991b7852b855	0	construction_large_run1/source0298/stderr.txt
b6679bdc9e2088cc15c80f48cec791439da6d65ea792519a889b92c1ea8e9d27	913	construction_large_run1/source0298/stdout.txt
e3b0c44298fc1c149afbf4c8996fb92427ae41e4649b934ca495991b7852b855	0	construction_large_run1/source0299/driver_stderr.txt
3e748a7c639ac6ee6f31fd7ef850ef73f5520512a50f6592708e80fb142edc2b	276	construction_large_run1/source0299/driver_stdout.txt
4e97c67f96d8c2adc12280a539ec086853e57a777784bc65eb39bedbe50feb87	3404	construction_large_run1/source0299/executed_driver_v1.txt
e4f10c8a3703e86afaf2b9ab83c6aa1c4d855f7fbca32d11b8847ae6808cb266	653	construction_large_run1/source0299/executed_inputs.gp
a60949f711c036af960dfa8839a6a794d1133faa3a022fbcb0fadeccc08741e2	6818	construction_large_run1/source0299/executed_script.gp
e4f10c8a3703e86afaf2b9ab83c6aa1c4d855f7fbca32d11b8847ae6808cb266	653	construction_large_run1/source0299/input.gp
fa95267cea8257dee0c521c53d3d97296a6ad7422bf46897ebb79cdedabb7739	304	construction_large_run1/source0299/receipt.json
bed0c7d71cb649173ce292eaa95f09d21e8789919bdbaaf75e3b24654a85f9b2	934	construction_large_run1/source0299/source_freeze.json
e3b0c44298fc1c149afbf4c8996fb92427ae41e4649b934ca495991b7852b855	0	construction_large_run1/source0299/stderr.txt
204dd9ee6866e7c5e7e56c2ef121261fd091d30a48b2cc6af99dc16f05418111	925	construction_large_run1/source0299/stdout.txt
e3b0c44298fc1c149afbf4c8996fb92427ae41e4649b934ca495991b7852b855	0	construction_large_run1/source0300/driver_stderr.txt
f9cf950e5ff49d346df497464cd241d14e63871fa84cc4f9b8f8d3b3f1c585fc	276	construction_large_run1/source0300/driver_stdout.txt
4e97c67f96d8c2adc12280a539ec086853e57a777784bc65eb39bedbe50feb87	3404	construction_large_run1/source0300/executed_driver_v1.txt
75651acab045b70901844e6a66424dbb04c99541cabfc1c2c33d4384e402b484	650	construction_large_run1/source0300/executed_inputs.gp
a60949f711c036af960dfa8839a6a794d1133faa3a022fbcb0fadeccc08741e2	6818	construction_large_run1/source0300/executed_script.gp
75651acab045b70901844e6a66424dbb04c99541cabfc1c2c33d4384e402b484	650	construction_large_run1/source0300/input.gp
07dcee04241ae5a5eaafbfcd5d08390fc5796b7605fb9be6745e6fd755d7ebbe	304	construction_large_run1/source0300/receipt.json
51343bf5de7ea98c4d7c733765446bc2242ae104ab821f803e04ff734cb0e0bb	934	construction_large_run1/source0300/source_freeze.json
e3b0c44298fc1c149afbf4c8996fb92427ae41e4649b934ca495991b7852b855	0	construction_large_run1/source0300/stderr.txt
b522d68556af15475019cfb93d96594d141310cb17819c7f9a6f294f68db353c	925	construction_large_run1/source0300/stdout.txt
e3b0c44298fc1c149afbf4c8996fb92427ae41e4649b934ca495991b7852b855	0	construction_large_run1/source0301/driver_stderr.txt
151626d9e6042fdb2a920c7bdb620e9c56503331d589a37d527c5fb155ea6d94	276	construction_large_run1/source0301/driver_stdout.txt
4e97c67f96d8c2adc12280a539ec086853e57a777784bc65eb39bedbe50feb87	3404	construction_large_run1/source0301/executed_driver_v1.txt
ccc9e17bb8c224be1c731405e3cdbb7b5b945d131ccd08aba33d7940981620f7	650	construction_large_run1/source0301/executed_inputs.gp
a60949f711c036af960dfa8839a6a794d1133faa3a022fbcb0fadeccc08741e2	6818	construction_large_run1/source0301/executed_script.gp
ccc9e17bb8c224be1c731405e3cdbb7b5b945d131ccd08aba33d7940981620f7	650	construction_large_run1/source0301/input.gp
f7fbc44bb44211763772d4c531e741e77c7e42a84cf8a18018e5d9136dfa4a7a	304	construction_large_run1/source0301/receipt.json
c6a338a50edf7a4d119fa89f6a686852b63c5f23efb19227effa9b846ec658cb	934	construction_large_run1/source0301/source_freeze.json
e3b0c44298fc1c149afbf4c8996fb92427ae41e4649b934ca495991b7852b855	0	construction_large_run1/source0301/stderr.txt
fc913184878e3c6fbe9387902fe13e9f4301aca68749efb35d8374c06fe6dcfa	910	construction_large_run1/source0301/stdout.txt
e3b0c44298fc1c149afbf4c8996fb92427ae41e4649b934ca495991b7852b855	0	construction_large_run1/source0302/driver_stderr.txt
ed8a9a8971d339d33e7647679f20bddd90c5432bfe841194a88737bd72a85810	275	construction_large_run1/source0302/driver_stdout.txt
4e97c67f96d8c2adc12280a539ec086853e57a777784bc65eb39bedbe50feb87	3404	construction_large_run1/source0302/executed_driver_v1.txt
90495d8c22eec6a8c566adeadc962a2546485f9fb10a5e1c93455d090b4fb908	652	construction_large_run1/source0302/executed_inputs.gp
a60949f711c036af960dfa8839a6a794d1133faa3a022fbcb0fadeccc08741e2	6818	construction_large_run1/source0302/executed_script.gp
90495d8c22eec6a8c566adeadc962a2546485f9fb10a5e1c93455d090b4fb908	652	construction_large_run1/source0302/input.gp
4cf0fb216adc6b28805fea1a15b97f0291aeebc85d2c041a5fc124c7b914b7aa	303	construction_large_run1/source0302/receipt.json
1abe89d494a409e4d2601039bb0c55f8e68dd4b9d6d36bdfcbb8143a241d2c93	934	construction_large_run1/source0302/source_freeze.json
e3b0c44298fc1c149afbf4c8996fb92427ae41e4649b934ca495991b7852b855	0	construction_large_run1/source0302/stderr.txt
9fee9de682287f98a0ebd4b852414d82687bffa4a7ea83998b0a508d2796de3b	928	construction_large_run1/source0302/stdout.txt
e3b0c44298fc1c149afbf4c8996fb92427ae41e4649b934ca495991b7852b855	0	construction_large_run1/source0303/driver_stderr.txt
07ad1b94f4da1fb2e8d506d2a5d93cd68bfde60a63fc8e9ef04d2094e707ecef	275	construction_large_run1/source0303/driver_stdout.txt
4e97c67f96d8c2adc12280a539ec086853e57a777784bc65eb39bedbe50feb87	3404	construction_large_run1/source0303/executed_driver_v1.txt
1e3e1b2bb985aaafa07fa760b0f8f71b7c0c8e3de8a8c837e3b0c1a3882bb27e	652	construction_large_run1/source0303/executed_inputs.gp
a60949f711c036af960dfa8839a6a794d1133faa3a022fbcb0fadeccc08741e2	6818	construction_large_run1/source0303/executed_script.gp
1e3e1b2bb985aaafa07fa760b0f8f71b7c0c8e3de8a8c837e3b0c1a3882bb27e	652	construction_large_run1/source0303/input.gp
c3242c87a5f95d69cd834e69722bd48ef8fb1d54370094f83ac8e04116e333ea	303	construction_large_run1/source0303/receipt.json
2fd015fbe3dedae83a258fd85441ece52360b43cac8c138e6b5dcbc80c1f6f6e	934	construction_large_run1/source0303/source_freeze.json
e3b0c44298fc1c149afbf4c8996fb92427ae41e4649b934ca495991b7852b855	0	construction_large_run1/source0303/stderr.txt
b69a503dab27641a7c8182ecd2830af68775072c90598ab06685553c49b82b2a	927	construction_large_run1/source0303/stdout.txt
e3b0c44298fc1c149afbf4c8996fb92427ae41e4649b934ca495991b7852b855	0	construction_large_run1/source0304/driver_stderr.txt
dc6e093169039513e951a64d769d48c2ada6e83e9329d465a26f2aa2145ca4af	275	construction_large_run1/source0304/driver_stdout.txt
4e97c67f96d8c2adc12280a539ec086853e57a777784bc65eb39bedbe50feb87	3404	construction_large_run1/source0304/executed_driver_v1.txt
3e274b6e4ba363ac9ac3a92349834be9525c4565e3409f3656b72494f2f7b941	650	construction_large_run1/source0304/executed_inputs.gp
a60949f711c036af960dfa8839a6a794d1133faa3a022fbcb0fadeccc08741e2	6818	construction_large_run1/source0304/executed_script.gp
3e274b6e4ba363ac9ac3a92349834be9525c4565e3409f3656b72494f2f7b941	650	construction_large_run1/source0304/input.gp
77177358edae038988760689959a71e42939292458d97dda8aea641aaa09df9d	303	construction_large_run1/source0304/receipt.json
0d1ca9234adde5264abcc0f525a333015645a03ba76f89187366b572ddf525da	934	construction_large_run1/source0304/source_freeze.json
e3b0c44298fc1c149afbf4c8996fb92427ae41e4649b934ca495991b7852b855	0	construction_large_run1/source0304/stderr.txt
a234d500aed28553844c78cd53d87b57fe7f45eb201be5bf9f12d69c9af5e352	910	construction_large_run1/source0304/stdout.txt
e3b0c44298fc1c149afbf4c8996fb92427ae41e4649b934ca495991b7852b855	0	construction_large_run1/source0305/driver_stderr.txt
03d83ab9b4408382eda59956ff880fd9fbcb9c9ca5e7eef0114027b747d60045	275	construction_large_run1/source0305/driver_stdout.txt
4e97c67f96d8c2adc12280a539ec086853e57a777784bc65eb39bedbe50feb87	3404	construction_large_run1/source0305/executed_driver_v1.txt
5a57212249f699ef497dd293cd9cf0015e8362d4e33c03e5b05656a1c7dc15e0	649	construction_large_run1/source0305/executed_inputs.gp
a60949f711c036af960dfa8839a6a794d1133faa3a022fbcb0fadeccc08741e2	6818	construction_large_run1/source0305/executed_script.gp
5a57212249f699ef497dd293cd9cf0015e8362d4e33c03e5b05656a1c7dc15e0	649	construction_large_run1/source0305/input.gp
80507e24f30e5add5b95471d626e537f0000b11f8a02b6d15ddb35de7bd48bd9	303	construction_large_run1/source0305/receipt.json
568d7fd96c5d442afb9b15c7f05d56d3f26e61c1a57f6043474b2aac2f1927fe	934	construction_large_run1/source0305/source_freeze.json
e3b0c44298fc1c149afbf4c8996fb92427ae41e4649b934ca495991b7852b855	0	construction_large_run1/source0305/stderr.txt
debdb8954b5cc48c8fd4f042d34304808c531518ec5ddf4dda662aaf893d102c	919	construction_large_run1/source0305/stdout.txt
e3b0c44298fc1c149afbf4c8996fb92427ae41e4649b934ca495991b7852b855	0	construction_large_run1/source0306/driver_stderr.txt
a590e41c9a913f4899e3e73bdd27c99293d6a76e15b0811679ab2afdb8a7660c	275	construction_large_run1/source0306/driver_stdout.txt
4e97c67f96d8c2adc12280a539ec086853e57a777784bc65eb39bedbe50feb87	3404	construction_large_run1/source0306/executed_driver_v1.txt
2987e317975f9def4680a5727e8d7a9bdca205e6672d36f101e15f4acf63d43e	649	construction_large_run1/source0306/executed_inputs.gp
a60949f711c036af960dfa8839a6a794d1133faa3a022fbcb0fadeccc08741e2	6818	construction_large_run1/source0306/executed_script.gp
2987e317975f9def4680a5727e8d7a9bdca205e6672d36f101e15f4acf63d43e	649	construction_large_run1/source0306/input.gp
2b9c15b8e527f9bdd54a8d168709bfca3da2c8afc413b46d5034ba181426a6c1	303	construction_large_run1/source0306/receipt.json
83ae89ce481f79226719e1c66e6dcccce563234ccd452b5a6232c91fc9817e53	934	construction_large_run1/source0306/source_freeze.json
e3b0c44298fc1c149afbf4c8996fb92427ae41e4649b934ca495991b7852b855	0	construction_large_run1/source0306/stderr.txt
ede177aed9c8cd9173c417a00538de071850ceaf40426ca398c00b2ed3d7b8d9	917	construction_large_run1/source0306/stdout.txt
e3b0c44298fc1c149afbf4c8996fb92427ae41e4649b934ca495991b7852b855	0	construction_large_run1/source0307/driver_stderr.txt
fa42507b0c8d51e84ec44e88cc73dad35b4e9811d95bb8882e9b9b6ea234b7c0	275	construction_large_run1/source0307/driver_stdout.txt
4e97c67f96d8c2adc12280a539ec086853e57a777784bc65eb39bedbe50feb87	3404	construction_large_run1/source0307/executed_driver_v1.txt
0a46f2edb14e6a3b86b1d92723ac41c7c7b03efe0a794de9ef83985d4259e38a	653	construction_large_run1/source0307/executed_inputs.gp
a60949f711c036af960dfa8839a6a794d1133faa3a022fbcb0fadeccc08741e2	6818	construction_large_run1/source0307/executed_script.gp
0a46f2edb14e6a3b86b1d92723ac41c7c7b03efe0a794de9ef83985d4259e38a	653	construction_large_run1/source0307/input.gp
16de17787955d0b09adb5691c83c8ef57d404dd86209a17bdd8a965ef6ac413b	303	construction_large_run1/source0307/receipt.json
82d0018a5f4600b7e0b4db7cc5d2c25266af18a5d8fa60abdbf920b036081fb5	934	construction_large_run1/source0307/source_freeze.json
e3b0c44298fc1c149afbf4c8996fb92427ae41e4649b934ca495991b7852b855	0	construction_large_run1/source0307/stderr.txt
4ba596e2ab8b5a0293f674a0bd01d7457a42f57de7d7754ecaac4029d0e6851e	927	construction_large_run1/source0307/stdout.txt
e3b0c44298fc1c149afbf4c8996fb92427ae41e4649b934ca495991b7852b855	0	construction_large_run1/source0308/driver_stderr.txt
f9b4e88015c1d3cfff178eb722550ef5722a71bccbd046bb7bbd5d4fc8630f3e	276	construction_large_run1/source0308/driver_stdout.txt
4e97c67f96d8c2adc12280a539ec086853e57a777784bc65eb39bedbe50feb87	3404	construction_large_run1/source0308/executed_driver_v1.txt
83ee9931e43c97e8a8f194dbd54bd676745a561b84d00b498528e8c8368c2778	654	construction_large_run1/source0308/executed_inputs.gp
a60949f711c036af960dfa8839a6a794d1133faa3a022fbcb0fadeccc08741e2	6818	construction_large_run1/source0308/executed_script.gp
83ee9931e43c97e8a8f194dbd54bd676745a561b84d00b498528e8c8368c2778	654	construction_large_run1/source0308/input.gp
f40ff5011d16c2e58d7c8d85d32ae8e102d653fc113fd7e747313848225fb53e	304	construction_large_run1/source0308/receipt.json
15dd9137acfbccf78ed34e3fae938f88eb54d7b1047ff0e7046935cef1e526c6	934	construction_large_run1/source0308/source_freeze.json
e3b0c44298fc1c149afbf4c8996fb92427ae41e4649b934ca495991b7852b855	0	construction_large_run1/source0308/stderr.txt
4245296c1d2e363c406ddafdf22d6bb703bd3b2db1f75bf81ae560032191f0ee	911	construction_large_run1/source0308/stdout.txt
e3b0c44298fc1c149afbf4c8996fb92427ae41e4649b934ca495991b7852b855	0	construction_large_run1/source0309/driver_stderr.txt
70e6137a22af6512b3f57d0f33f4a02cde01a0f87d75ee041c340497da7b6f84	275	construction_large_run1/source0309/driver_stdout.txt
4e97c67f96d8c2adc12280a539ec086853e57a777784bc65eb39bedbe50feb87	3404	construction_large_run1/source0309/executed_driver_v1.txt
d583a09fdc87431dcdcb272be1ef22c8d1ce77215067d2a6114dd672b744bc32	650	construction_large_run1/source0309/executed_inputs.gp
a60949f711c036af960dfa8839a6a794d1133faa3a022fbcb0fadeccc08741e2	6818	construction_large_run1/source0309/executed_script.gp
d583a09fdc87431dcdcb272be1ef22c8d1ce77215067d2a6114dd672b744bc32	650	construction_large_run1/source0309/input.gp
a06d125d5aad7cfed4b03e1c50ba9fb85f43496d5a72154f112f048cf9099e03	303	construction_large_run1/source0309/receipt.json
d85defa8202852856ec2b2e6bd4c2708db0049637b55bca64360f401424453c8	934	construction_large_run1/source0309/source_freeze.json
e3b0c44298fc1c149afbf4c8996fb92427ae41e4649b934ca495991b7852b855	0	construction_large_run1/source0309/stderr.txt
9eaa44c548d6ea53d05ed9df96f9cb92878618369f91b85591b4c717e3a0b1da	922	construction_large_run1/source0309/stdout.txt
e3b0c44298fc1c149afbf4c8996fb92427ae41e4649b934ca495991b7852b855	0	construction_large_run1/source0310/driver_stderr.txt
8d772d9b86b8ef920ae5cd9a7c6c7212595d37b223b334398227a0eeba631ea0	275	construction_large_run1/source0310/driver_stdout.txt
4e97c67f96d8c2adc12280a539ec086853e57a777784bc65eb39bedbe50feb87	3404	construction_large_run1/source0310/executed_driver_v1.txt
2e6cd30f470f1f1dee9f25950ef43400592629fc5c1078270b806cb9dcb2076d	650	construction_large_run1/source0310/executed_inputs.gp
a60949f711c036af960dfa8839a6a794d1133faa3a022fbcb0fadeccc08741e2	6818	construction_large_run1/source0310/executed_script.gp
2e6cd30f470f1f1dee9f25950ef43400592629fc5c1078270b806cb9dcb2076d	650	construction_large_run1/source0310/input.gp
cc4f7a462b640cf9cc139ce227a6ef681698437ab3ea7b0bc20997891f9a7803	303	construction_large_run1/source0310/receipt.json
41bbe030240a083ee87be4600e321a5e4dfb93a9eba279dd561af9ae28aab597	934	construction_large_run1/source0310/source_freeze.json
e3b0c44298fc1c149afbf4c8996fb92427ae41e4649b934ca495991b7852b855	0	construction_large_run1/source0310/stderr.txt
61275d1af4dbb2950dae37e39825876bb5ba3efd650ab6cd3b600092cc9a299b	928	construction_large_run1/source0310/stdout.txt
e3b0c44298fc1c149afbf4c8996fb92427ae41e4649b934ca495991b7852b855	0	construction_large_run1/source0311/driver_stderr.txt
a8acdd8fb7e8cb4db39b7496635ba000a26dac8c6c2b98c291a9335da4326d90	276	construction_large_run1/source0311/driver_stdout.txt
4e97c67f96d8c2adc12280a539ec086853e57a777784bc65eb39bedbe50feb87	3404	construction_large_run1/source0311/executed_driver_v1.txt
118902dfdd006b0596db955b0b382974cc3f4cb72dc4ca9af23f8baf2624a84d	652	construction_large_run1/source0311/executed_inputs.gp
a60949f711c036af960dfa8839a6a794d1133faa3a022fbcb0fadeccc08741e2	6818	construction_large_run1/source0311/executed_script.gp
118902dfdd006b0596db955b0b382974cc3f4cb72dc4ca9af23f8baf2624a84d	652	construction_large_run1/source0311/input.gp
184af2e49b0e772152f58e8f659267fe5313bd1d12853ddbf4cb0c0871900ac6	304	construction_large_run1/source0311/receipt.json
430c9c62362d0016463422dd4be815af591950ae52f451a64a18bb8f7b0c2421	934	construction_large_run1/source0311/source_freeze.json
e3b0c44298fc1c149afbf4c8996fb92427ae41e4649b934ca495991b7852b855	0	construction_large_run1/source0311/stderr.txt
a75131c94addf5885a6a847e363d89a70dd45ef774d1f41a6323f6233f472f18	929	construction_large_run1/source0311/stdout.txt
e3b0c44298fc1c149afbf4c8996fb92427ae41e4649b934ca495991b7852b855	0	construction_large_run1/source0312/driver_stderr.txt
0f2caf78f9dbeddd2ac3f47f3cd523b281515fd2ae5ab74ebf40466f3f071c0f	276	construction_large_run1/source0312/driver_stdout.txt
4e97c67f96d8c2adc12280a539ec086853e57a777784bc65eb39bedbe50feb87	3404	construction_large_run1/source0312/executed_driver_v1.txt
d1876dcdb2fd22bcb595afc02790784253cdb3f959b6a11f20df8b0d61418881	646	construction_large_run1/source0312/executed_inputs.gp
a60949f711c036af960dfa8839a6a794d1133faa3a022fbcb0fadeccc08741e2	6818	construction_large_run1/source0312/executed_script.gp
d1876dcdb2fd22bcb595afc02790784253cdb3f959b6a11f20df8b0d61418881	646	construction_large_run1/source0312/input.gp
02301dd670c35da3aeb6fadc0cb6ec2724f9b113ea2dd60fecffed6c007bd93b	304	construction_large_run1/source0312/receipt.json
d00cd377f58c7b2045243861eeb5f2c0461fae4c470ab61b7ff818cf91b401a0	934	construction_large_run1/source0312/source_freeze.json
e3b0c44298fc1c149afbf4c8996fb92427ae41e4649b934ca495991b7852b855	0	construction_large_run1/source0312/stderr.txt
ad5707c647547624c20b95eca952235e12573260d5af317eae2dc4f566058286	911	construction_large_run1/source0312/stdout.txt
e3b0c44298fc1c149afbf4c8996fb92427ae41e4649b934ca495991b7852b855	0	construction_large_run1/source0313/driver_stderr.txt
c3fd1d3c23084b36b21d9e83f9331984152250675efae9450672abafc99a44ee	275	construction_large_run1/source0313/driver_stdout.txt
4e97c67f96d8c2adc12280a539ec086853e57a777784bc65eb39bedbe50feb87	3404	construction_large_run1/source0313/executed_driver_v1.txt
4f779a03b29f1badbdeb8fdfe835b4456fb9f4b5121ea14e8337361f847121ff	652	construction_large_run1/source0313/executed_inputs.gp
a60949f711c036af960dfa8839a6a794d1133faa3a022fbcb0fadeccc08741e2	6818	construction_large_run1/source0313/executed_script.gp
4f779a03b29f1badbdeb8fdfe835b4456fb9f4b5121ea14e8337361f847121ff	652	construction_large_run1/source0313/input.gp
70913ff5d7ba9b4a6bbe5fa2d2dd3ab4e1d93cd990c1175488f2cc40caa3b099	303	construction_large_run1/source0313/receipt.json
671c381276b00ba61266bfe3569bd993828a6df4c6d714b3831bfef625e5f6f3	934	construction_large_run1/source0313/source_freeze.json
e3b0c44298fc1c149afbf4c8996fb92427ae41e4649b934ca495991b7852b855	0	construction_large_run1/source0313/stderr.txt
ce88f90c8516686e7530d8fc05a5c4ab132960dd62589ede2a1314a4e2a50849	925	construction_large_run1/source0313/stdout.txt
e3b0c44298fc1c149afbf4c8996fb92427ae41e4649b934ca495991b7852b855	0	construction_large_run1/source0314/driver_stderr.txt
ed8ff49cf8fa619af2e0802f4fcb301ce8bbd0182e3af3c0acd298d07197aefd	275	construction_large_run1/source0314/driver_stdout.txt
4e97c67f96d8c2adc12280a539ec086853e57a777784bc65eb39bedbe50feb87	3404	construction_large_run1/source0314/executed_driver_v1.txt
d55319c50a17cf85364bac1a4fdde6119e89beeef8b26bd3b0883e634dfc1cf2	652	construction_large_run1/source0314/executed_inputs.gp
a60949f711c036af960dfa8839a6a794d1133faa3a022fbcb0fadeccc08741e2	6818	construction_large_run1/source0314/executed_script.gp
d55319c50a17cf85364bac1a4fdde6119e89beeef8b26bd3b0883e634dfc1cf2	652	construction_large_run1/source0314/input.gp
2b7161f4d972ce20321e918a97a069cdf4478063b389d3ca8165936d5c1002ff	303	construction_large_run1/source0314/receipt.json
7bb13709a1aa6442ca2827b4536b51fd3763ccb2c8da3da78bd2a3155fd37bb9	934	construction_large_run1/source0314/source_freeze.json
e3b0c44298fc1c149afbf4c8996fb92427ae41e4649b934ca495991b7852b855	0	construction_large_run1/source0314/stderr.txt
b4b601421b23c44e172a486aed5070987f5d12ff9e233ac2091a0dab53ac6a3f	921	construction_large_run1/source0314/stdout.txt
e3b0c44298fc1c149afbf4c8996fb92427ae41e4649b934ca495991b7852b855	0	construction_large_run1/source0315/driver_stderr.txt
292516bbd7eebe5867dc13992efd7d2a97f288e63d8a7eea7e7579c604f78cd7	275	construction_large_run1/source0315/driver_stdout.txt
4e97c67f96d8c2adc12280a539ec086853e57a777784bc65eb39bedbe50feb87	3404	construction_large_run1/source0315/executed_driver_v1.txt
ac0f0de5d4d4c6f3681548d276e6184f223fc085f5f583cb3af93a0c2434e0a4	651	construction_large_run1/source0315/executed_inputs.gp
a60949f711c036af960dfa8839a6a794d1133faa3a022fbcb0fadeccc08741e2	6818	construction_large_run1/source0315/executed_script.gp
ac0f0de5d4d4c6f3681548d276e6184f223fc085f5f583cb3af93a0c2434e0a4	651	construction_large_run1/source0315/input.gp
6d1222408a6f2e390bd38ae0870dabee848339ff2167fdb2d01cf5d16771544e	303	construction_large_run1/source0315/receipt.json
5a9f4f85378bb072740b034a6c5ab9e04ff51edf73441456a72dca7d1bf16a2b	934	construction_large_run1/source0315/source_freeze.json
e3b0c44298fc1c149afbf4c8996fb92427ae41e4649b934ca495991b7852b855	0	construction_large_run1/source0315/stderr.txt
966011bc61e927ac8d603f9877bb4cab490b514fc2f7d95534e94b4ead70f66b	929	construction_large_run1/source0315/stdout.txt
e3b0c44298fc1c149afbf4c8996fb92427ae41e4649b934ca495991b7852b855	0	construction_large_run1/source0316/driver_stderr.txt
0cb18eceefd44519fc45784e905256bfa4e53f3ac7aaae9be34393958f1a2d7b	275	construction_large_run1/source0316/driver_stdout.txt
4e97c67f96d8c2adc12280a539ec086853e57a777784bc65eb39bedbe50feb87	3404	construction_large_run1/source0316/executed_driver_v1.txt
836c9a8979711cd30ee22ef37465fc4bdfd264fc8816b755385d1f5abff1bf6c	648	construction_large_run1/source0316/executed_inputs.gp
a60949f711c036af960dfa8839a6a794d1133faa3a022fbcb0fadeccc08741e2	6818	construction_large_run1/source0316/executed_script.gp
836c9a8979711cd30ee22ef37465fc4bdfd264fc8816b755385d1f5abff1bf6c	648	construction_large_run1/source0316/input.gp
fddba96f8ecb99f299f1192fc7d9a378043058bff96c781e3b03d4c170423fbc	303	construction_large_run1/source0316/receipt.json
83b251411b293d22ac9fc77375d5cd52dc5922f163510441e346ac1eb301262c	934	construction_large_run1/source0316/source_freeze.json
e3b0c44298fc1c149afbf4c8996fb92427ae41e4649b934ca495991b7852b855	0	construction_large_run1/source0316/stderr.txt
59b215a2dcabf34c2466a4e3cb74a0f97a7c1351068514b5f306ea09cf8adb32	915	construction_large_run1/source0316/stdout.txt
e3b0c44298fc1c149afbf4c8996fb92427ae41e4649b934ca495991b7852b855	0	construction_large_run1/source0317/driver_stderr.txt
b86289edebcdcb4c0864750427af06453112d66cc59275b032c737f8db20899f	275	construction_large_run1/source0317/driver_stdout.txt
4e97c67f96d8c2adc12280a539ec086853e57a777784bc65eb39bedbe50feb87	3404	construction_large_run1/source0317/executed_driver_v1.txt
821bee1e1ef92fd8e87f4eb80ae9f0a65b5215e86008ea57de5f166927ec5605	647	construction_large_run1/source0317/executed_inputs.gp
a60949f711c036af960dfa8839a6a794d1133faa3a022fbcb0fadeccc08741e2	6818	construction_large_run1/source0317/executed_script.gp
821bee1e1ef92fd8e87f4eb80ae9f0a65b5215e86008ea57de5f166927ec5605	647	construction_large_run1/source0317/input.gp
a38ef8a5cadfbb57deff455efe2e630fff53938c3cbe8120d0f6c7efbbaeac71	303	construction_large_run1/source0317/receipt.json
e033f0a95d0b22154b66688be533dce977615a52527782f5d695bd26e1c2d22b	934	construction_large_run1/source0317/source_freeze.json
e3b0c44298fc1c149afbf4c8996fb92427ae41e4649b934ca495991b7852b855	0	construction_large_run1/source0317/stderr.txt
8f22fa62e5fdcf63ebe6ff07b65521310e2ab69a0a799a898ec224e17fc0b345	906	construction_large_run1/source0317/stdout.txt
e3b0c44298fc1c149afbf4c8996fb92427ae41e4649b934ca495991b7852b855	0	construction_large_run1/source0318/driver_stderr.txt
ac2f80778d80c011717aa7be90d487925b23aed97ccd447917be37b6f5c91466	275	construction_large_run1/source0318/driver_stdout.txt
4e97c67f96d8c2adc12280a539ec086853e57a777784bc65eb39bedbe50feb87	3404	construction_large_run1/source0318/executed_driver_v1.txt
d8537787ba32ed71f394d62fd268ed9002b1c7e969323d349f3a776951c84f4c	650	construction_large_run1/source0318/executed_inputs.gp
a60949f711c036af960dfa8839a6a794d1133faa3a022fbcb0fadeccc08741e2	6818	construction_large_run1/source0318/executed_script.gp
d8537787ba32ed71f394d62fd268ed9002b1c7e969323d349f3a776951c84f4c	650	construction_large_run1/source0318/input.gp
653977a1dadea79755b6f4627fed76a9b6b6e51c33efdaee83c69ee103ecdf52	303	construction_large_run1/source0318/receipt.json
dc07cd27233f0a4a7b30fbac0416cd870451f92043297f233773c7e3cfb4bc02	934	construction_large_run1/source0318/source_freeze.json
e3b0c44298fc1c149afbf4c8996fb92427ae41e4649b934ca495991b7852b855	0	construction_large_run1/source0318/stderr.txt
67fa56a9bab7bddb01f0a62b8174736d9100ccb3eea7c0582fb9fc971b13ae9a	921	construction_large_run1/source0318/stdout.txt
e3b0c44298fc1c149afbf4c8996fb92427ae41e4649b934ca495991b7852b855	0	construction_large_run1/source0319/driver_stderr.txt
bb5d60f120e0c871ef2d2f712400669d7adacb975cd767ac1981d8d653ba31a9	275	construction_large_run1/source0319/driver_stdout.txt
4e97c67f96d8c2adc12280a539ec086853e57a777784bc65eb39bedbe50feb87	3404	construction_large_run1/source0319/executed_driver_v1.txt
e292041c7479de118c81dd31844b70135ccb92b8190fd35945acf4cfd01d4d56	656	construction_large_run1/source0319/executed_inputs.gp
a60949f711c036af960dfa8839a6a794d1133faa3a022fbcb0fadeccc08741e2	6818	construction_large_run1/source0319/executed_script.gp
e292041c7479de118c81dd31844b70135ccb92b8190fd35945acf4cfd01d4d56	656	construction_large_run1/source0319/input.gp
fb8b8e652e891b7c1076dfd45f2394a8a437537382c052b916ed7731448ac65b	303	construction_large_run1/source0319/receipt.json
f34e403ed0a51a47f933505f3df970c226ef29521bd2664ce8708abcf616fc59	934	construction_large_run1/source0319/source_freeze.json
e3b0c44298fc1c149afbf4c8996fb92427ae41e4649b934ca495991b7852b855	0	construction_large_run1/source0319/stderr.txt
4d5ffaa3eff5874ac7b8aed0f18065dcb35cae6602699c261f9e24caefb38497	925	construction_large_run1/source0319/stdout.txt
e3b0c44298fc1c149afbf4c8996fb92427ae41e4649b934ca495991b7852b855	0	construction_large_run1/source0320/driver_stderr.txt
5b146c021732a26c5133dc5aad60e050ef5c980a8a6ff1c12e60a561f0d8c628	275	construction_large_run1/source0320/driver_stdout.txt
4e97c67f96d8c2adc12280a539ec086853e57a777784bc65eb39bedbe50feb87	3404	construction_large_run1/source0320/executed_driver_v1.txt
2e1c3faa7121e11c2979aa06c56d84e324806ccbb024f6ce1bb70aed0f60366b	649	construction_large_run1/source0320/executed_inputs.gp
a60949f711c036af960dfa8839a6a794d1133faa3a022fbcb0fadeccc08741e2	6818	construction_large_run1/source0320/executed_script.gp
2e1c3faa7121e11c2979aa06c56d84e324806ccbb024f6ce1bb70aed0f60366b	649	construction_large_run1/source0320/input.gp
f5577a7ca7d4d15d39a90e1da2c3f6c1967399706166d3a276a98eee4ea9a63a	303	construction_large_run1/source0320/receipt.json
6ac29a070d895949b9e5b6ac994d3bd34bece36fd1147ef37de3b5d1fc5d2a98	934	construction_large_run1/source0320/source_freeze.json
e3b0c44298fc1c149afbf4c8996fb92427ae41e4649b934ca495991b7852b855	0	construction_large_run1/source0320/stderr.txt
91c8d57628cc727e33691217c6bfa3802f16f0ad3482c1fddf098a113cf1c6df	921	construction_large_run1/source0320/stdout.txt
e3b0c44298fc1c149afbf4c8996fb92427ae41e4649b934ca495991b7852b855	0	construction_large_run1/source0321/driver_stderr.txt
57b6f458dc0be4f4a6888f3b9ec650c41ed0cc5a3b31d6b95c10b93695ae9139	275	construction_large_run1/source0321/driver_stdout.txt
4e97c67f96d8c2adc12280a539ec086853e57a777784bc65eb39bedbe50feb87	3404	construction_large_run1/source0321/executed_driver_v1.txt
467eab438ed56f944d3f6de36b81371aac1a764d343a1630906c67391afc3cd7	675	construction_large_run1/source0321/executed_inputs.gp
a60949f711c036af960dfa8839a6a794d1133faa3a022fbcb0fadeccc08741e2	6818	construction_large_run1/source0321/executed_script.gp
467eab438ed56f944d3f6de36b81371aac1a764d343a1630906c67391afc3cd7	675	construction_large_run1/source0321/input.gp
0e57af0dfcdd5b3b9cea07231d3cdec8717717de832d1c6f243eda892a880543	303	construction_large_run1/source0321/receipt.json
8a7c093ced07597552cafe3a6377fbe7f126a8c50d2275cd00aff0ba6291d277	934	construction_large_run1/source0321/source_freeze.json
e3b0c44298fc1c149afbf4c8996fb92427ae41e4649b934ca495991b7852b855	0	construction_large_run1/source0321/stderr.txt
44b1fde1cc147d01405e52c6b4f5628175787df3a9d5d6a37e440cfa9215ed95	950	construction_large_run1/source0321/stdout.txt
e3b0c44298fc1c149afbf4c8996fb92427ae41e4649b934ca495991b7852b855	0	construction_large_run1/source0322/driver_stderr.txt
1e54f66b9070490f7d7d5b83b5bb64b4e10c4d1244433daf3f14857c3c46e89a	275	construction_large_run1/source0322/driver_stdout.txt
4e97c67f96d8c2adc12280a539ec086853e57a777784bc65eb39bedbe50feb87	3404	construction_large_run1/source0322/executed_driver_v1.txt
847289c3c839a74ab33b9509b81cbd8a789e889fe6d5eb2dd0e57bd9c3533dcd	671	construction_large_run1/source0322/executed_inputs.gp
a60949f711c036af960dfa8839a6a794d1133faa3a022fbcb0fadeccc08741e2	6818	construction_large_run1/source0322/executed_script.gp
847289c3c839a74ab33b9509b81cbd8a789e889fe6d5eb2dd0e57bd9c3533dcd	671	construction_large_run1/source0322/input.gp
c3e95eedb126988666daa8af3ef262f88d68b9f6494ec3ccd856586611e74018	303	construction_large_run1/source0322/receipt.json
1881ffdc38b83a9150036b7bd36b1240df01993adc8341032a98c66546ac6dbf	934	construction_large_run1/source0322/source_freeze.json
e3b0c44298fc1c149afbf4c8996fb92427ae41e4649b934ca495991b7852b855	0	construction_large_run1/source0322/stderr.txt
cdcd8fca3b8ae6e090f72881531dc6d64bb88deb02a294e01b3dd5d2471eec94	947	construction_large_run1/source0322/stdout.txt
e3b0c44298fc1c149afbf4c8996fb92427ae41e4649b934ca495991b7852b855	0	construction_large_run1/source0323/driver_stderr.txt
f992d4c89dc41c2072eb898eb8e418f4b77e0dfc1c4e6ec2d10ce4bd5627ed50	275	construction_large_run1/source0323/driver_stdout.txt
4e97c67f96d8c2adc12280a539ec086853e57a777784bc65eb39bedbe50feb87	3404	construction_large_run1/source0323/executed_driver_v1.txt
c2e89b621fdf59e79f75765b253ad9337e585e06ba5dcc21612253ff9dea4285	674	construction_large_run1/source0323/executed_inputs.gp
a60949f711c036af960dfa8839a6a794d1133faa3a022fbcb0fadeccc08741e2	6818	construction_large_run1/source0323/executed_script.gp
c2e89b621fdf59e79f75765b253ad9337e585e06ba5dcc21612253ff9dea4285	674	construction_large_run1/source0323/input.gp
b74a659e9124e1f44deda4a55a0060fba4180948f128bdeff04adc725d6c6da0	303	construction_large_run1/source0323/receipt.json
f1d63f5bbbdef76414a3b03f50c7f0a2ad0ead4f4e2ffe310e58e644ab7ed0f4	934	construction_large_run1/source0323/source_freeze.json
e3b0c44298fc1c149afbf4c8996fb92427ae41e4649b934ca495991b7852b855	0	construction_large_run1/source0323/stderr.txt
4b12b711f12554ce802acc33bf63a190ec598a6c53f3a16200a4bedd7623cc05	951	construction_large_run1/source0323/stdout.txt
e3b0c44298fc1c149afbf4c8996fb92427ae41e4649b934ca495991b7852b855	0	construction_large_run1/source0324/driver_stderr.txt
7c130a514d079f4e605696e0481a49837d5291a201aca257e10ccb91a55ce4a4	275	construction_large_run1/source0324/driver_stdout.txt
4e97c67f96d8c2adc12280a539ec086853e57a777784bc65eb39bedbe50feb87	3404	construction_large_run1/source0324/executed_driver_v1.txt
d472cbead6114d1c361c58b81d398896c924021ffbbb8ee245bcef4ac9054183	668	construction_large_run1/source0324/executed_inputs.gp
a60949f711c036af960dfa8839a6a794d1133faa3a022fbcb0fadeccc08741e2	6818	construction_large_run1/source0324/executed_script.gp
d472cbead6114d1c361c58b81d398896c924021ffbbb8ee245bcef4ac9054183	668	construction_large_run1/source0324/input.gp
c42431a0e187ff5e9f5d0a299f307bfed860b00b6032a770b321d5d0546beac6	303	construction_large_run1/source0324/receipt.json
33f0aa0ac1ed8e76be33934f5cd83b2104931df07716529f04c14ed8279144fa	934	construction_large_run1/source0324/source_freeze.json
e3b0c44298fc1c149afbf4c8996fb92427ae41e4649b934ca495991b7852b855	0	construction_large_run1/source0324/stderr.txt
9523e3aa224802ae7cddcf5499e6d64ddc756448dfb9b8d22ab0dcc957d74690	944	construction_large_run1/source0324/stdout.txt
e3b0c44298fc1c149afbf4c8996fb92427ae41e4649b934ca495991b7852b855	0	construction_large_run1/source0325/driver_stderr.txt
1eab6bc66900c454d476585d80b2792710d6d2da983d9425ad42e0e46117f299	276	construction_large_run1/source0325/driver_stdout.txt
4e97c67f96d8c2adc12280a539ec086853e57a777784bc65eb39bedbe50feb87	3404	construction_large_run1/source0325/executed_driver_v1.txt
e64bc72afe2c62f00679baa08ce886ed1df5819bf00258031daae4923e6e8a4f	675	construction_large_run1/source0325/executed_inputs.gp
a60949f711c036af960dfa8839a6a794d1133faa3a022fbcb0fadeccc08741e2	6818	construction_large_run1/source0325/executed_script.gp
e64bc72afe2c62f00679baa08ce886ed1df5819bf00258031daae4923e6e8a4f	675	construction_large_run1/source0325/input.gp
d575d5c00e5799d9984accb561636467dd4eb1e219c778ec1d8fbc7d6689e26b	304	construction_large_run1/source0325/receipt.json
a17c80c13bea4300821eb10e6e9150d873cbc8d55bdd199fb03a75eb99bde2e1	934	construction_large_run1/source0325/source_freeze.json
e3b0c44298fc1c149afbf4c8996fb92427ae41e4649b934ca495991b7852b855	0	construction_large_run1/source0325/stderr.txt
5327e895d8b89c0786158c771da36c7f37d8fcbf30497451c90d2484cb505053	936	construction_large_run1/source0325/stdout.txt
e3b0c44298fc1c149afbf4c8996fb92427ae41e4649b934ca495991b7852b855	0	construction_large_run1/source0326/driver_stderr.txt
c1e7d04b4be9d0eaf71772bf6cb7724424990bc41138394e542f5325d2bab190	275	construction_large_run1/source0326/driver_stdout.txt
4e97c67f96d8c2adc12280a539ec086853e57a777784bc65eb39bedbe50feb87	3404	construction_large_run1/source0326/executed_driver_v1.txt
416ab7394453e289dfa9312b79cad4f480046124e4be74d35bf314dc85240c07	671	construction_large_run1/source0326/executed_inputs.gp
a60949f711c036af960dfa8839a6a794d1133faa3a022fbcb0fadeccc08741e2	6818	construction_large_run1/source0326/executed_script.gp
416ab7394453e289dfa9312b79cad4f480046124e4be74d35bf314dc85240c07	671	construction_large_run1/source0326/input.gp
da77cbc5ceb687d69c653f1062ad3719367977dd185f174faacdb38d8404805d	303	construction_large_run1/source0326/receipt.json
3b7646bbd1188c1108f3c233ead6737b5fcbaba7eaabbdbde800ed65a69cf1c8	934	construction_large_run1/source0326/source_freeze.json
e3b0c44298fc1c149afbf4c8996fb92427ae41e4649b934ca495991b7852b855	0	construction_large_run1/source0326/stderr.txt
549df9d5942c305c82322d237e2288f0d4e78493f6b7b466cf73f146b199e22a	946	construction_large_run1/source0326/stdout.txt
e3b0c44298fc1c149afbf4c8996fb92427ae41e4649b934ca495991b7852b855	0	construction_large_run1/source0327/driver_stderr.txt
e2aa250d5b485692e5f52fbc48d895a0e386e06442f5e301ad4046930d50791e	275	construction_large_run1/source0327/driver_stdout.txt
4e97c67f96d8c2adc12280a539ec086853e57a777784bc65eb39bedbe50feb87	3404	construction_large_run1/source0327/executed_driver_v1.txt
fc338fe0bfa048ad7474b27d62a520610759fa1abd621ca2c551543345d99cf3	669	construction_large_run1/source0327/executed_inputs.gp
a60949f711c036af960dfa8839a6a794d1133faa3a022fbcb0fadeccc08741e2	6818	construction_large_run1/source0327/executed_script.gp
fc338fe0bfa048ad7474b27d62a520610759fa1abd621ca2c551543345d99cf3	669	construction_large_run1/source0327/input.gp
26b5de74cb24f50f25687d1740eb4a820c9d42db7abf5e622ae3fbf22ea310f2	303	construction_large_run1/source0327/receipt.json
40be07abe3159825b7828ffa3b6d6f83577d0d1213db9a880a9a547974a7642f	934	construction_large_run1/source0327/source_freeze.json
e3b0c44298fc1c149afbf4c8996fb92427ae41e4649b934ca495991b7852b855	0	construction_large_run1/source0327/stderr.txt
5cc15d9f149b4fa68b30c25d3d3332a360e3663b680c3afe322eb333541ef6cc	947	construction_large_run1/source0327/stdout.txt
e3b0c44298fc1c149afbf4c8996fb92427ae41e4649b934ca495991b7852b855	0	construction_large_run1/source0328/driver_stderr.txt
1f432e4acbbee9e3403565b5f4b47377b6a915fe9014078956fe81bc40d017f8	275	construction_large_run1/source0328/driver_stdout.txt
4e97c67f96d8c2adc12280a539ec086853e57a777784bc65eb39bedbe50feb87	3404	construction_large_run1/source0328/executed_driver_v1.txt
d2cad314a1c674817c97a682f2b43d4118e07b60d3aef84936620dfe392f34bf	670	construction_large_run1/source0328/executed_inputs.gp
a60949f711c036af960dfa8839a6a794d1133faa3a022fbcb0fadeccc08741e2	6818	construction_large_run1/source0328/executed_script.gp
d2cad314a1c674817c97a682f2b43d4118e07b60d3aef84936620dfe392f34bf	670	construction_large_run1/source0328/input.gp
be22cd48c4edd1c5c8b2d631eb8df8aa4ec8b958ae641d4504288ed3b410bbd4	303	construction_large_run1/source0328/receipt.json
0b25cc3bba30a1c871149ea9d9d3d510c9f937e18072290d7137e5eb81772177	934	construction_large_run1/source0328/source_freeze.json
e3b0c44298fc1c149afbf4c8996fb92427ae41e4649b934ca495991b7852b855	0	construction_large_run1/source0328/stderr.txt
db8f27d4dc1d4a10c4723ef11a4263def1faeeea31c6c6f75f77cf2c79e2e3e2	949	construction_large_run1/source0328/stdout.txt
e3b0c44298fc1c149afbf4c8996fb92427ae41e4649b934ca495991b7852b855	0	construction_large_run1/source0329/driver_stderr.txt
28bd33c7921c491a11f1ca70aa366dd98e474f03b6ccbffb46106adeebd1437b	275	construction_large_run1/source0329/driver_stdout.txt
4e97c67f96d8c2adc12280a539ec086853e57a777784bc65eb39bedbe50feb87	3404	construction_large_run1/source0329/executed_driver_v1.txt
389ee2b8df5252e11c519ba7889424666bf469ba9e1048d709366ca2371e9db3	665	construction_large_run1/source0329/executed_inputs.gp
a60949f711c036af960dfa8839a6a794d1133faa3a022fbcb0fadeccc08741e2	6818	construction_large_run1/source0329/executed_script.gp
389ee2b8df5252e11c519ba7889424666bf469ba9e1048d709366ca2371e9db3	665	construction_large_run1/source0329/input.gp
4433c432462a5e6f1d1878854b73da9db55c2e0163a9df28e8cd018585410796	303	construction_large_run1/source0329/receipt.json
bff1c2bb03bd236615f1567ffad79f72228853a616d6314df0830d8e16ba6692	934	construction_large_run1/source0329/source_freeze.json
e3b0c44298fc1c149afbf4c8996fb92427ae41e4649b934ca495991b7852b855	0	construction_large_run1/source0329/stderr.txt
873f984d13a998c14a366c5c70a7b976139562e303489f886d70441549eb3bf0	932	construction_large_run1/source0329/stdout.txt
e3b0c44298fc1c149afbf4c8996fb92427ae41e4649b934ca495991b7852b855	0	construction_large_run1/source0330/driver_stderr.txt
fe671dfd4cc59926f15103372d07c73851b3131fe9585c87d4582d4b838cee54	275	construction_large_run1/source0330/driver_stdout.txt
4e97c67f96d8c2adc12280a539ec086853e57a777784bc65eb39bedbe50feb87	3404	construction_large_run1/source0330/executed_driver_v1.txt
23b358ac54928797f2dcb018e68590d6a5c91969a6f7b90624fccd658b772125	675	construction_large_run1/source0330/executed_inputs.gp
a60949f711c036af960dfa8839a6a794d1133faa3a022fbcb0fadeccc08741e2	6818	construction_large_run1/source0330/executed_script.gp
23b358ac54928797f2dcb018e68590d6a5c91969a6f7b90624fccd658b772125	675	construction_large_run1/source0330/input.gp
d5ed7aa8c454b1160175934c1e2971712ef715d285e88399ccb5c357fb84e30e	303	construction_large_run1/source0330/receipt.json
48b354f3a22f6e65fe11eb2b0a6f12f67de3ef99f5ab4122ea8c8f88180366d3	934	construction_large_run1/source0330/source_freeze.json
e3b0c44298fc1c149afbf4c8996fb92427ae41e4649b934ca495991b7852b855	0	construction_large_run1/source0330/stderr.txt
ba2d732e6aaece0b21154b7e3009ce0dddb4c97cc2da921eaed5f62b243a19ff	932	construction_large_run1/source0330/stdout.txt
e3b0c44298fc1c149afbf4c8996fb92427ae41e4649b934ca495991b7852b855	0	construction_large_run1/source0331/driver_stderr.txt
0bcd13f4965eb96ad2aea8abd2a3f11df5f798f4e6ebd53d0cb3458f380e3bac	275	construction_large_run1/source0331/driver_stdout.txt
4e97c67f96d8c2adc12280a539ec086853e57a777784bc65eb39bedbe50feb87	3404	construction_large_run1/source0331/executed_driver_v1.txt
2e5a074ecf01bde78ceedbe6039cd5e35404070e728abc50a1579f672cec10a8	671	construction_large_run1/source0331/executed_inputs.gp
a60949f711c036af960dfa8839a6a794d1133faa3a022fbcb0fadeccc08741e2	6818	construction_large_run1/source0331/executed_script.gp
2e5a074ecf01bde78ceedbe6039cd5e35404070e728abc50a1579f672cec10a8	671	construction_large_run1/source0331/input.gp
53c7c844fd437a5f8e8706701d860c73a51d8db51764f5e55d6e34e60462968a	303	construction_large_run1/source0331/receipt.json
86c070962daae41ef55c32e0b565de74453a25d82cbd869d2c6641bd551e7824	934	construction_large_run1/source0331/source_freeze.json
e3b0c44298fc1c149afbf4c8996fb92427ae41e4649b934ca495991b7852b855	0	construction_large_run1/source0331/stderr.txt
9226b1456dd46ec9a68444ae4940b19feb634f23248097a4afed740ff80c8927	944	construction_large_run1/source0331/stdout.txt
e3b0c44298fc1c149afbf4c8996fb92427ae41e4649b934ca495991b7852b855	0	construction_large_run1/source0332/driver_stderr.txt
4a294c8cca02ae20dd077cfd8f5bd54552d87aac7fcb07a04ecb792b78919a57	275	construction_large_run1/source0332/driver_stdout.txt
4e97c67f96d8c2adc12280a539ec086853e57a777784bc65eb39bedbe50feb87	3404	construction_large_run1/source0332/executed_driver_v1.txt
406e89f3978e482111d4e25784fdab26deac3363b50ea01cbb916851419bae72	674	construction_large_run1/source0332/executed_inputs.gp
a60949f711c036af960dfa8839a6a794d1133faa3a022fbcb0fadeccc08741e2	6818	construction_large_run1/source0332/executed_script.gp
406e89f3978e482111d4e25784fdab26deac3363b50ea01cbb916851419bae72	674	construction_large_run1/source0332/input.gp
fb61afb302e3fed02e9e00857d4879ac704c66a8cff6a92293efceb3f66fa224	303	construction_large_run1/source0332/receipt.json
ef9f5e9d97e27ef29d69898d1904eb19522c9592a42f1d62e497ef528e10cadc	934	construction_large_run1/source0332/source_freeze.json
e3b0c44298fc1c149afbf4c8996fb92427ae41e4649b934ca495991b7852b855	0	construction_large_run1/source0332/stderr.txt
2b6994b16bfe24ba72d05b122ef565e1b1154059d67312fe905febed2f3de898	952	construction_large_run1/source0332/stdout.txt
e3b0c44298fc1c149afbf4c8996fb92427ae41e4649b934ca495991b7852b855	0	construction_large_run1/source0333/driver_stderr.txt
2ca666cddf1f920c59ba5bdb4d0d3aa5219cdfbd29f161fef8f15e4518cf2d49	275	construction_large_run1/source0333/driver_stdout.txt
4e97c67f96d8c2adc12280a539ec086853e57a777784bc65eb39bedbe50feb87	3404	construction_large_run1/source0333/executed_driver_v1.txt
18011639bba899628786dcc904cd9671292eed0f098f79105ee556ada89f945b	670	construction_large_run1/source0333/executed_inputs.gp
a60949f711c036af960dfa8839a6a794d1133faa3a022fbcb0fadeccc08741e2	6818	construction_large_run1/source0333/executed_script.gp
18011639bba899628786dcc904cd9671292eed0f098f79105ee556ada89f945b	670	construction_large_run1/source0333/input.gp
f7dc4b38538642c88148be9cfe785b1866ef3bd19e9e074e34e095117e06c183	303	construction_large_run1/source0333/receipt.json
e459bb55fda3a81d7f408f078e5328413a039262d2fa1ef74f8b799ee372e59b	934	construction_large_run1/source0333/source_freeze.json
e3b0c44298fc1c149afbf4c8996fb92427ae41e4649b934ca495991b7852b855	0	construction_large_run1/source0333/stderr.txt
ef2ac4a0d0825b8429e08aaea1861a57f63ed5c4787b6214ce9bd18cf9420a4d	938	construction_large_run1/source0333/stdout.txt
e3b0c44298fc1c149afbf4c8996fb92427ae41e4649b934ca495991b7852b855	0	construction_large_run1/source0334/driver_stderr.txt
9e1aee31f80ed86b9e4ee5c693c6d3dc1cc3135f15e16928a5c1a6cf7d1777ea	276	construction_large_run1/source0334/driver_stdout.txt
4e97c67f96d8c2adc12280a539ec086853e57a777784bc65eb39bedbe50feb87	3404	construction_large_run1/source0334/executed_driver_v1.txt
9f161bbdf156deabe5fcece2a34624d87ea3165a93cb83d4425f3155aec1b323	671	construction_large_run1/source0334/executed_inputs.gp
a60949f711c036af960dfa8839a6a794d1133faa3a022fbcb0fadeccc08741e2	6818	construction_large_run1/source0334/executed_script.gp
9f161bbdf156deabe5fcece2a34624d87ea3165a93cb83d4425f3155aec1b323	671	construction_large_run1/source0334/input.gp
a341d1df73f28fea2cd14b6309f20eb4b33916e82aac14640b2c819ac4afde89	304	construction_large_run1/source0334/receipt.json
7237823008c537d08e9617ef2dd956c0f9375f7fdfc6d56b04b4bb0cc14567ee	934	construction_large_run1/source0334/source_freeze.json
e3b0c44298fc1c149afbf4c8996fb92427ae41e4649b934ca495991b7852b855	0	construction_large_run1/source0334/stderr.txt
100fcd84246ddb4880c0127fc3a1a84fea68f681f2f13f77a90d874d6956aec5	929	construction_large_run1/source0334/stdout.txt
e3b0c44298fc1c149afbf4c8996fb92427ae41e4649b934ca495991b7852b855	0	construction_large_run1/source0335/driver_stderr.txt
1d772c68e0f7cd533a06845a7c63bf3faab3b390985e06c012840f04dd2b70d4	276	construction_large_run1/source0335/driver_stdout.txt
4e97c67f96d8c2adc12280a539ec086853e57a777784bc65eb39bedbe50feb87	3404	construction_large_run1/source0335/executed_driver_v1.txt
f3836dc44e1b87beb2c86ebcf4cfb0a71a4866e2c381c6581bfce55c25cf1b72	670	construction_large_run1/source0335/executed_inputs.gp
a60949f711c036af960dfa8839a6a794d1133faa3a022fbcb0fadeccc08741e2	6818	construction_large_run1/source0335/executed_script.gp
f3836dc44e1b87beb2c86ebcf4cfb0a71a4866e2c381c6581bfce55c25cf1b72	670	construction_large_run1/source0335/input.gp
d2d2ceffdbe3239729bff8087892717fbad37229aab7734d3dc6c7db59f46e4f	304	construction_large_run1/source0335/receipt.json
973c0db2b059191cced0c33d8bad26b6dbcbf1accb37a7feb62fe618774c370e	934	construction_large_run1/source0335/source_freeze.json
e3b0c44298fc1c149afbf4c8996fb92427ae41e4649b934ca495991b7852b855	0	construction_large_run1/source0335/stderr.txt
4f32b98285a0a3450e59bdfce036d3f3ac7008035939277dc211bb41663df05b	947	construction_large_run1/source0335/stdout.txt
e3b0c44298fc1c149afbf4c8996fb92427ae41e4649b934ca495991b7852b855	0	construction_large_run1/source0336/driver_stderr.txt
4672868289b3cb0c33530b676e29be20f6cbd1f791dd9391415300ec384f1774	276	construction_large_run1/source0336/driver_stdout.txt
4e97c67f96d8c2adc12280a539ec086853e57a777784bc65eb39bedbe50feb87	3404	construction_large_run1/source0336/executed_driver_v1.txt
3fcb4e551160e678ceaeb070400d3d78e7a8016b463f6949b5697e66457ca5ee	670	construction_large_run1/source0336/executed_inputs.gp
a60949f711c036af960dfa8839a6a794d1133faa3a022fbcb0fadeccc08741e2	6818	construction_large_run1/source0336/executed_script.gp
3fcb4e551160e678ceaeb070400d3d78e7a8016b463f6949b5697e66457ca5ee	670	construction_large_run1/source0336/input.gp
92c525aa62f0122b57d94681de731b711ac58f33600e362ade81d877c309e2f3	304	construction_large_run1/source0336/receipt.json
23539adca8cda583b87cf4b92037ab06a051e5b059098e430eb0b2675e8a73b6	934	construction_large_run1/source0336/source_freeze.json
e3b0c44298fc1c149afbf4c8996fb92427ae41e4649b934ca495991b7852b855	0	construction_large_run1/source0336/stderr.txt
b31128fce816b02270901c23eac5960a0a6eb766aec48264e7cf9e9f3646f5ec	948	construction_large_run1/source0336/stdout.txt
e3b0c44298fc1c149afbf4c8996fb92427ae41e4649b934ca495991b7852b855	0	construction_large_run1/source0337/driver_stderr.txt
dd5b7c47aa35097c6c4e70f040ff82c4b51888b784a11aae12eb0a190894faab	276	construction_large_run1/source0337/driver_stdout.txt
4e97c67f96d8c2adc12280a539ec086853e57a777784bc65eb39bedbe50feb87	3404	construction_large_run1/source0337/executed_driver_v1.txt
3cd925322d5d406c61ae293dcc433b67f82e7477f02eeaaf275250f1748ecaff	676	construction_large_run1/source0337/executed_inputs.gp
a60949f711c036af960dfa8839a6a794d1133faa3a022fbcb0fadeccc08741e2	6818	construction_large_run1/source0337/executed_script.gp
3cd925322d5d406c61ae293dcc433b67f82e7477f02eeaaf275250f1748ecaff	676	construction_large_run1/source0337/input.gp
f090870afd67cb1b2021653761ec5f919a552aeb1e836eddaa75bac0b5b4b028	304	construction_large_run1/source0337/receipt.json
e14405c7ec5da2e45a3aeec1cc30feade6c0dc67eb73b041b79839655976db71	934	construction_large_run1/source0337/source_freeze.json
e3b0c44298fc1c149afbf4c8996fb92427ae41e4649b934ca495991b7852b855	0	construction_large_run1/source0337/stderr.txt
3635d6f38cd7f1a2bd42a6304a432e39f0b9598f06275c2a7e251d7e9bdf30be	950	construction_large_run1/source0337/stdout.txt
e3b0c44298fc1c149afbf4c8996fb92427ae41e4649b934ca495991b7852b855	0	construction_large_run1/source0338/driver_stderr.txt
fc3a9b0ec03c91a6e6f9c05787abcc7adfd5f2ef3ba3b30f9d480337000d48b7	275	construction_large_run1/source0338/driver_stdout.txt
4e97c67f96d8c2adc12280a539ec086853e57a777784bc65eb39bedbe50feb87	3404	construction_large_run1/source0338/executed_driver_v1.txt
d655fa6c1a5ff6d7327613b64d6848f0825bf37e4c76bb29391f60f6aa499b81	671	construction_large_run1/source0338/executed_inputs.gp
a60949f711c036af960dfa8839a6a794d1133faa3a022fbcb0fadeccc08741e2	6818	construction_large_run1/source0338/executed_script.gp
d655fa6c1a5ff6d7327613b64d6848f0825bf37e4c76bb29391f60f6aa499b81	671	construction_large_run1/source0338/input.gp
5abf7e45d4acdd5a7b6d1688b6d8346d349947cc18c7095ca6ee4d4ec8fdf9f4	303	construction_large_run1/source0338/receipt.json
8bc0d9ef129d078a00f7d06d930b3a3a36325e6ce16c9996e4939c74434c9146	934	construction_large_run1/source0338/source_freeze.json
e3b0c44298fc1c149afbf4c8996fb92427ae41e4649b934ca495991b7852b855	0	construction_large_run1/source0338/stderr.txt
ecc95fe65e1fcfa077307673e013bd44773050bed33e35f889c3e9fe0e3d70a5	930	construction_large_run1/source0338/stdout.txt
e3b0c44298fc1c149afbf4c8996fb92427ae41e4649b934ca495991b7852b855	0	construction_large_run1/source0339/driver_stderr.txt
d5954ea57bc0c1ff2faf8203c4780073d1494082e99aa74bf4beea91034fb1fb	275	construction_large_run1/source0339/driver_stdout.txt
4e97c67f96d8c2adc12280a539ec086853e57a777784bc65eb39bedbe50feb87	3404	construction_large_run1/source0339/executed_driver_v1.txt
9037a6532d554210e4f8cc7e4f6a15c1a4b93ce5579a66ed3dae6771e4419be8	672	construction_large_run1/source0339/executed_inputs.gp
a60949f711c036af960dfa8839a6a794d1133faa3a022fbcb0fadeccc08741e2	6818	construction_large_run1/source0339/executed_script.gp
9037a6532d554210e4f8cc7e4f6a15c1a4b93ce5579a66ed3dae6771e4419be8	672	construction_large_run1/source0339/input.gp
6991b173f74f44fd44208a96ef26a25e6d0f3f47faae177b87cc09ec1ae36cfb	303	construction_large_run1/source0339/receipt.json
ed7fd39562320c5eb8b0660f76330555f0e1d224bb7aa3d74a0f72b69ab9f162	934	construction_large_run1/source0339/source_freeze.json
e3b0c44298fc1c149afbf4c8996fb92427ae41e4649b934ca495991b7852b855	0	construction_large_run1/source0339/stderr.txt
33d3916d62f02277ab9588999480ca9ac820b2eb52c6c876a8683b88d7fac92a	946	construction_large_run1/source0339/stdout.txt
e3b0c44298fc1c149afbf4c8996fb92427ae41e4649b934ca495991b7852b855	0	construction_large_run1/source0340/driver_stderr.txt
85347dcda1944e29018a87f8981b83ffac61b7dd60d9ea7dbbdd6c641967f55a	275	construction_large_run1/source0340/driver_stdout.txt
4e97c67f96d8c2adc12280a539ec086853e57a777784bc65eb39bedbe50feb87	3404	construction_large_run1/source0340/executed_driver_v1.txt
9359d04bf936e1d65dd533c02535c9c4a644425f93485e27dd3fb94ccdc4d2e3	671	construction_large_run1/source0340/executed_inputs.gp
a60949f711c036af960dfa8839a6a794d1133faa3a022fbcb0fadeccc08741e2	6818	construction_large_run1/source0340/executed_script.gp
9359d04bf936e1d65dd533c02535c9c4a644425f93485e27dd3fb94ccdc4d2e3	671	construction_large_run1/source0340/input.gp
fb901bcffe7bd5d12c7137238b27962a42a3f9ef915970f0b70efe5060967c27	303	construction_large_run1/source0340/receipt.json
f910434817a48c06cf05e514af5d7e9d33fded6c9e5fd1eff5cd12d37d7c2a36	934	construction_large_run1/source0340/source_freeze.json
e3b0c44298fc1c149afbf4c8996fb92427ae41e4649b934ca495991b7852b855	0	construction_large_run1/source0340/stderr.txt
bc0cf5a5a4bc22e79822b1c984a8160bfd0f4f399d14ee75a56622a8ce36e566	933	construction_large_run1/source0340/stdout.txt
e3b0c44298fc1c149afbf4c8996fb92427ae41e4649b934ca495991b7852b855	0	construction_large_run1/source0341/driver_stderr.txt
eda0760674c00afdf488f31d3f563a4cf48ea70d51dcddc10a73225bbd114d97	275	construction_large_run1/source0341/driver_stdout.txt
4e97c67f96d8c2adc12280a539ec086853e57a777784bc65eb39bedbe50feb87	3404	construction_large_run1/source0341/executed_driver_v1.txt
792750dec18ee1113fa4d22e2d9426ddf289fc0cc7a110321fffc00ba9fea347	669	construction_large_run1/source0341/executed_inputs.gp
a60949f711c036af960dfa8839a6a794d1133faa3a022fbcb0fadeccc08741e2	6818	construction_large_run1/source0341/executed_script.gp
792750dec18ee1113fa4d22e2d9426ddf289fc0cc7a110321fffc00ba9fea347	669	construction_large_run1/source0341/input.gp
ed2ce982c871e558d7fa1cd37e28bb8f4f0b1aeedd3ace6e3d6cdaf57681f5bb	303	construction_large_run1/source0341/receipt.json
3260c04478cc03f43c8c9c814b0246c12250833cd4e189ea68dcd7c4d01604a3	934	construction_large_run1/source0341/source_freeze.json
e3b0c44298fc1c149afbf4c8996fb92427ae41e4649b934ca495991b7852b855	0	construction_large_run1/source0341/stderr.txt
ae6ac36c267bca390bbb05721280ad107a69217a9400ba5bd0e026cfd83ac2d9	940	construction_large_run1/source0341/stdout.txt
e3b0c44298fc1c149afbf4c8996fb92427ae41e4649b934ca495991b7852b855	0	construction_large_run1/source0342/driver_stderr.txt
ce3f87c23c32aadb5f73e52f6ece04d8008a38c72aaf45106e3a447bf30d9c22	275	construction_large_run1/source0342/driver_stdout.txt
4e97c67f96d8c2adc12280a539ec086853e57a777784bc65eb39bedbe50feb87	3404	construction_large_run1/source0342/executed_driver_v1.txt
ef71795dfab0dde0d1ddd92b98c730da6fa3bd394659e78837fa4f43d1d36ce8	673	construction_large_run1/source0342/executed_inputs.gp
a60949f711c036af960dfa8839a6a794d1133faa3a022fbcb0fadeccc08741e2	6818	construction_large_run1/source0342/executed_script.gp
ef71795dfab0dde0d1ddd92b98c730da6fa3bd394659e78837fa4f43d1d36ce8	673	construction_large_run1/source0342/input.gp
d06ef8bfe3d27b21bd6499ea2723fdf8f1f901f580e78747691f03fb70665940	303	construction_large_run1/source0342/receipt.json
16658c17bf56ef00283bc9f7b3dd074d971d7aff1ebe006bbed80e62db0f8ee4	934	construction_large_run1/source0342/source_freeze.json
e3b0c44298fc1c149afbf4c8996fb92427ae41e4649b934ca495991b7852b855	0	construction_large_run1/source0342/stderr.txt
82392f543b01e68a272ba70069ae5c0167dc252479935e710a5acda9a8ea4ad4	950	construction_large_run1/source0342/stdout.txt
e3b0c44298fc1c149afbf4c8996fb92427ae41e4649b934ca495991b7852b855	0	construction_large_run1/source0343/driver_stderr.txt
13e3accb1efc7f4628e144b8b32197d81020146854616f2d477b1fbe8e983ae7	275	construction_large_run1/source0343/driver_stdout.txt
4e97c67f96d8c2adc12280a539ec086853e57a777784bc65eb39bedbe50feb87	3404	construction_large_run1/source0343/executed_driver_v1.txt
83186aad1a993c1ee01d612110d24b54c5d8b819fd992651cce85332de29ecfd	671	construction_large_run1/source0343/executed_inputs.gp
a60949f711c036af960dfa8839a6a794d1133faa3a022fbcb0fadeccc08741e2	6818	construction_large_run1/source0343/executed_script.gp
83186aad1a993c1ee01d612110d24b54c5d8b819fd992651cce85332de29ecfd	671	construction_large_run1/source0343/input.gp
d384a539c2f2052003f184b59b2238719ac76d0f64f8e0d05bef35e495420a80	303	construction_large_run1/source0343/receipt.json
8e4db913a428f3dcebf9316086e1bc562314a1bda24bf321d4f2085e3f7bfd7e	934	construction_large_run1/source0343/source_freeze.json
e3b0c44298fc1c149afbf4c8996fb92427ae41e4649b934ca495991b7852b855	0	construction_large_run1/source0343/stderr.txt
ed9247184d20efd43c6922b543974a360a84d7b2f000ef8a3f7ce742bcc4ca40	957	construction_large_run1/source0343/stdout.txt
e3b0c44298fc1c149afbf4c8996fb92427ae41e4649b934ca495991b7852b855	0	construction_large_run1/source0344/driver_stderr.txt
0f6c3e09c6fdb7f0460295d3373d07b1d28bf4da527c61c564d0ee9580f363f4	275	construction_large_run1/source0344/driver_stdout.txt
4e97c67f96d8c2adc12280a539ec086853e57a777784bc65eb39bedbe50feb87	3404	construction_large_run1/source0344/executed_driver_v1.txt
01fa2e51f591bbdc65c2ba19df330a91fbec7f2c67f799e7ea138f4d9bc9da1d	671	construction_large_run1/source0344/executed_inputs.gp
a60949f711c036af960dfa8839a6a794d1133faa3a022fbcb0fadeccc08741e2	6818	construction_large_run1/source0344/executed_script.gp
01fa2e51f591bbdc65c2ba19df330a91fbec7f2c67f799e7ea138f4d9bc9da1d	671	construction_large_run1/source0344/input.gp
1eb61aee3c1ccf331fc921db176d5d74fcb5e1f442e8260e96e97359f1c9413f	303	construction_large_run1/source0344/receipt.json
aebf5e3fee0082d8208aa4376603c0d5d88b75559956198dca79bb769de3b591	934	construction_large_run1/source0344/source_freeze.json
e3b0c44298fc1c149afbf4c8996fb92427ae41e4649b934ca495991b7852b855	0	construction_large_run1/source0344/stderr.txt
db9f3ecf34095d2eff44228fa440b3ab5df60bcc2836cac50553f4150351f8f4	932	construction_large_run1/source0344/stdout.txt
e3b0c44298fc1c149afbf4c8996fb92427ae41e4649b934ca495991b7852b855	0	construction_large_run1/source0345/driver_stderr.txt
8201c7904eec8a753ba75bfe69d7d057f09f538bd3a5a2853a9c2a29fd8f8c79	275	construction_large_run1/source0345/driver_stdout.txt
4e97c67f96d8c2adc12280a539ec086853e57a777784bc65eb39bedbe50feb87	3404	construction_large_run1/source0345/executed_driver_v1.txt
b3f6d5282590a33b97b24b05c970111b5a9fd895395fb0f8923ab570d2411db2	671	construction_large_run1/source0345/executed_inputs.gp
a60949f711c036af960dfa8839a6a794d1133faa3a022fbcb0fadeccc08741e2	6818	construction_large_run1/source0345/executed_script.gp
b3f6d5282590a33b97b24b05c970111b5a9fd895395fb0f8923ab570d2411db2	671	construction_large_run1/source0345/input.gp
eaa341367f0ada0853e6cb3909f6458e7fe7fe78369dff434f476c87c1847295	303	construction_large_run1/source0345/receipt.json
2ae13cda17a19048c28f8ffdb8d64d3a9d645eb2fbba76329c390854a1cf0fae	934	construction_large_run1/source0345/source_freeze.json
e3b0c44298fc1c149afbf4c8996fb92427ae41e4649b934ca495991b7852b855	0	construction_large_run1/source0345/stderr.txt
fde17d5108fd084944eb08036f28859cf3d536575c8d45f95c063a97fef79965	941	construction_large_run1/source0345/stdout.txt
e3b0c44298fc1c149afbf4c8996fb92427ae41e4649b934ca495991b7852b855	0	construction_large_run1/source0346/driver_stderr.txt
2b81ed0a87af42a8775d1b524b00d4f2858ded9f564b410ecdd99d8a4da24caf	276	construction_large_run1/source0346/driver_stdout.txt
4e97c67f96d8c2adc12280a539ec086853e57a777784bc65eb39bedbe50feb87	3404	construction_large_run1/source0346/executed_driver_v1.txt
0d0894d5e1ade17cbee9abb8d35de9699ea718a4b1492e61de38b0747c6e0119	671	construction_large_run1/source0346/executed_inputs.gp
a60949f711c036af960dfa8839a6a794d1133faa3a022fbcb0fadeccc08741e2	6818	construction_large_run1/source0346/executed_script.gp
0d0894d5e1ade17cbee9abb8d35de9699ea718a4b1492e61de38b0747c6e0119	671	construction_large_run1/source0346/input.gp
cb330970cf6b6b8a93f1ccd82d87efe13a54b4311438b68f18498dfde1350363	304	construction_large_run1/source0346/receipt.json
b2bf10562d65c511111da908d69ce45583a101931c58a2c6d2f29f7bc799e9d6	934	construction_large_run1/source0346/source_freeze.json
e3b0c44298fc1c149afbf4c8996fb92427ae41e4649b934ca495991b7852b855	0	construction_large_run1/source0346/stderr.txt
cb196c306df267a0e48e7905bb804c819ef64a1035f3ee95e239d5a485df5ffc	931	construction_large_run1/source0346/stdout.txt
e3b0c44298fc1c149afbf4c8996fb92427ae41e4649b934ca495991b7852b855	0	construction_large_run1/source0347/driver_stderr.txt
1264e636d4db8ef9de9acb0b59f7506a1619644906bea47320a4bf7103f93351	275	construction_large_run1/source0347/driver_stdout.txt
4e97c67f96d8c2adc12280a539ec086853e57a777784bc65eb39bedbe50feb87	3404	construction_large_run1/source0347/executed_driver_v1.txt
0e9cf390b0bab2ba4cc2d88f60d6921d2e898230a480846eca8b8ea4a2d1b1f5	676	construction_large_run1/source0347/executed_inputs.gp
a60949f711c036af960dfa8839a6a794d1133faa3a022fbcb0fadeccc08741e2	6818	construction_large_run1/source0347/executed_script.gp
0e9cf390b0bab2ba4cc2d88f60d6921d2e898230a480846eca8b8ea4a2d1b1f5	676	construction_large_run1/source0347/input.gp
05dfe76eccac85ed6c714b2799c503f58a9dde7d773107ee1aaaba149adb684e	303	construction_large_run1/source0347/receipt.json
dca81305cb8020d3d7244e06f448cb72b9221e5885f893513e12627650b539fb	934	construction_large_run1/source0347/source_freeze.json
e3b0c44298fc1c149afbf4c8996fb92427ae41e4649b934ca495991b7852b855	0	construction_large_run1/source0347/stderr.txt
ed704519ec401f3c92a4f10917b5a7a923eefe607406527400c59c9217f300a4	939	construction_large_run1/source0347/stdout.txt
e3b0c44298fc1c149afbf4c8996fb92427ae41e4649b934ca495991b7852b855	0	construction_large_run1/source0348/driver_stderr.txt
048039a5d2b493caee87822a39d808b72cf870c5d10e95696c06c322994840c6	275	construction_large_run1/source0348/driver_stdout.txt
4e97c67f96d8c2adc12280a539ec086853e57a777784bc65eb39bedbe50feb87	3404	construction_large_run1/source0348/executed_driver_v1.txt
b7a294b72ff88fb0da06db799823dccac0863c34ca0415b5869cc0ea5b43107d	671	construction_large_run1/source0348/executed_inputs.gp
a60949f711c036af960dfa8839a6a794d1133faa3a022fbcb0fadeccc08741e2	6818	construction_large_run1/source0348/executed_script.gp
b7a294b72ff88fb0da06db799823dccac0863c34ca0415b5869cc0ea5b43107d	671	construction_large_run1/source0348/input.gp
26be027c05c91d8f7b199eed77c350cb2e4241707bc9873126094ac7b0ac9710	303	construction_large_run1/source0348/receipt.json
ad37bb4404f27fe56f4da1245dd42d019ed0b4fdb2d4e832fbe51ab3e3047e14	934	construction_large_run1/source0348/source_freeze.json
e3b0c44298fc1c149afbf4c8996fb92427ae41e4649b934ca495991b7852b855	0	construction_large_run1/source0348/stderr.txt
1825ad2b8d8692abb297c928989d223f65f213932dadbf8d4ebf2a393330e5e1	926	construction_large_run1/source0348/stdout.txt
e3b0c44298fc1c149afbf4c8996fb92427ae41e4649b934ca495991b7852b855	0	construction_large_run1/source0349/driver_stderr.txt
8bdfaa87cfb14318b357b0589caf08b8ee62a82cd79401c57197c82ef5dec375	276	construction_large_run1/source0349/driver_stdout.txt
4e97c67f96d8c2adc12280a539ec086853e57a777784bc65eb39bedbe50feb87	3404	construction_large_run1/source0349/executed_driver_v1.txt
4de5b96cf476b2e2bc1f28cd3c57ffd1e5fb0e8584b748166e569a7fba425d61	672	construction_large_run1/source0349/executed_inputs.gp
a60949f711c036af960dfa8839a6a794d1133faa3a022fbcb0fadeccc08741e2	6818	construction_large_run1/source0349/executed_script.gp
4de5b96cf476b2e2bc1f28cd3c57ffd1e5fb0e8584b748166e569a7fba425d61	672	construction_large_run1/source0349/input.gp
c8dc09accc94bc8cac673cf479dba3534cd3627426c75cd695252c4a9547964e	304	construction_large_run1/source0349/receipt.json
9e692b666568e92b0f0a8bbca9b6f26b77264f1090b01476a4b158cb8703e8da	934	construction_large_run1/source0349/source_freeze.json
e3b0c44298fc1c149afbf4c8996fb92427ae41e4649b934ca495991b7852b855	0	construction_large_run1/source0349/stderr.txt
0ad1daf8491d7ef042dd60719d8e0ebae87ab1a531e1e05ca852cff965c3fa83	952	construction_large_run1/source0349/stdout.txt
e3b0c44298fc1c149afbf4c8996fb92427ae41e4649b934ca495991b7852b855	0	construction_large_run1/source0350/driver_stderr.txt
ffe3d2a5c7109b9711394f911bd01a220698747efba70f63ab62cf537962c765	275	construction_large_run1/source0350/driver_stdout.txt
4e97c67f96d8c2adc12280a539ec086853e57a777784bc65eb39bedbe50feb87	3404	construction_large_run1/source0350/executed_driver_v1.txt
067ac6ce1449e85517736f24675f4cb7688afba3fcf4e38bdf00d0f84091ee45	675	construction_large_run1/source0350/executed_inputs.gp
a60949f711c036af960dfa8839a6a794d1133faa3a022fbcb0fadeccc08741e2	6818	construction_large_run1/source0350/executed_script.gp
067ac6ce1449e85517736f24675f4cb7688afba3fcf4e38bdf00d0f84091ee45	675	construction_large_run1/source0350/input.gp
ec0d6c43bdc401d0e0a2fd28df915a5b7d2300ad31f0fb0c4a419f070d91a94c	303	construction_large_run1/source0350/receipt.json
0148ca2a8dd119d1f189c72cf5dd614be4e536339b882bd9f7ced87e236141df	934	construction_large_run1/source0350/source_freeze.json
e3b0c44298fc1c149afbf4c8996fb92427ae41e4649b934ca495991b7852b855	0	construction_large_run1/source0350/stderr.txt
a753483665132a19627ad792e2004664aba8f50bc71d8883cf26608f4c5e31ed	951	construction_large_run1/source0350/stdout.txt
e3b0c44298fc1c149afbf4c8996fb92427ae41e4649b934ca495991b7852b855	0	construction_large_run1/source0351/driver_stderr.txt
0621efb4ab1dd2b59a651e8c254ac5ad44060e7de1ba8ce97b2504ae9ebcb6b0	275	construction_large_run1/source0351/driver_stdout.txt
4e97c67f96d8c2adc12280a539ec086853e57a777784bc65eb39bedbe50feb87	3404	construction_large_run1/source0351/executed_driver_v1.txt
ddb2fe7f1ec3eb39a9124f4d528db45e57b78f21d7d01fe05dbf0f37105688e4	673	construction_large_run1/source0351/executed_inputs.gp
a60949f711c036af960dfa8839a6a794d1133faa3a022fbcb0fadeccc08741e2	6818	construction_large_run1/source0351/executed_script.gp
ddb2fe7f1ec3eb39a9124f4d528db45e57b78f21d7d01fe05dbf0f37105688e4	673	construction_large_run1/source0351/input.gp
51b1fa6ecd89c417dc70080efd7dd3f5a7b6494f8daa6523e17cb14ac131f01b	303	construction_large_run1/source0351/receipt.json
31ea3e7431d07ae1c04efaeae6ab4ad3b86c7f8934691393feb0f9ad4d049bf8	934	construction_large_run1/source0351/source_freeze.json
e3b0c44298fc1c149afbf4c8996fb92427ae41e4649b934ca495991b7852b855	0	construction_large_run1/source0351/stderr.txt
2be158afaded65564db74d92ffb1bc3b5a62a5650c7a9443745878551783d1f6	933	construction_large_run1/source0351/stdout.txt
e3b0c44298fc1c149afbf4c8996fb92427ae41e4649b934ca495991b7852b855	0	construction_large_run1/source0352/driver_stderr.txt
c4b23a605952bcb1f0bdf7e1017167154756324f6447fd9bb2fc973f7b4e43a9	276	construction_large_run1/source0352/driver_stdout.txt
4e97c67f96d8c2adc12280a539ec086853e57a777784bc65eb39bedbe50feb87	3404	construction_large_run1/source0352/executed_driver_v1.txt
0796748eff5bf5b9c81bc995173156a77e0174247f55efb2b6e28c5046980691	668	construction_large_run1/source0352/executed_inputs.gp
a60949f711c036af960dfa8839a6a794d1133faa3a022fbcb0fadeccc08741e2	6818	construction_large_run1/source0352/executed_script.gp
0796748eff5bf5b9c81bc995173156a77e0174247f55efb2b6e28c5046980691	668	construction_large_run1/source0352/input.gp
03802e2b4c262fd735e6dfebb66cccdaf8efd7f08adb559725b28142e2827f0f	304	construction_large_run1/source0352/receipt.json
e303ae8ede243cc826a89e40820ec4873ae45a08776b18eb6fca9115a5090443	934	construction_large_run1/source0352/source_freeze.json
e3b0c44298fc1c149afbf4c8996fb92427ae41e4649b934ca495991b7852b855	0	construction_large_run1/source0352/stderr.txt
ac525c422c183312634e71dc0b25be2ff6b816adf78d4acf5c69d10c1eb630df	932	construction_large_run1/source0352/stdout.txt
e3b0c44298fc1c149afbf4c8996fb92427ae41e4649b934ca495991b7852b855	0	construction_large_run1/source0353/driver_stderr.txt
bcd20700d7090f89b91ebfb1a05765fa145dddb2a14e7f619a3d653b012f2b6e	276	construction_large_run1/source0353/driver_stdout.txt
4e97c67f96d8c2adc12280a539ec086853e57a777784bc65eb39bedbe50feb87	3404	construction_large_run1/source0353/executed_driver_v1.txt
45eaab96b1fd2045bce9a21aa297395a5aa8ba65842588df4c10e506312d4297	673	construction_large_run1/source0353/executed_inputs.gp
a60949f711c036af960dfa8839a6a794d1133faa3a022fbcb0fadeccc08741e2	6818	construction_large_run1/source0353/executed_script.gp
45eaab96b1fd2045bce9a21aa297395a5aa8ba65842588df4c10e506312d4297	673	construction_large_run1/source0353/input.gp
a482c3c9c9865d787d06468b453089c48fbc2254edc252836802716f8e7f9c16	304	construction_large_run1/source0353/receipt.json
59473a9b07c52388dd4025e9602e4428674f7ff9295cee11c4139d59ddd6cb07	934	construction_large_run1/source0353/source_freeze.json
e3b0c44298fc1c149afbf4c8996fb92427ae41e4649b934ca495991b7852b855	0	construction_large_run1/source0353/stderr.txt
ff92e9bddcc5dd2366ef8e9f481340f7ebe6e705b163a24f854eee73f4f5dbad	933	construction_large_run1/source0353/stdout.txt
e3b0c44298fc1c149afbf4c8996fb92427ae41e4649b934ca495991b7852b855	0	construction_large_run1/source0354/driver_stderr.txt
3083973299a40d9685eec060b64852ebf138657fb8ec854bd9520537829615aa	276	construction_large_run1/source0354/driver_stdout.txt
4e97c67f96d8c2adc12280a539ec086853e57a777784bc65eb39bedbe50feb87	3404	construction_large_run1/source0354/executed_driver_v1.txt
42ddea1dcd591589be3e1fdd3fd4beda62ac11f921655997f4f2ecb74e5ce5f4	671	construction_large_run1/source0354/executed_inputs.gp
a60949f711c036af960dfa8839a6a794d1133faa3a022fbcb0fadeccc08741e2	6818	construction_large_run1/source0354/executed_script.gp
42ddea1dcd591589be3e1fdd3fd4beda62ac11f921655997f4f2ecb74e5ce5f4	671	construction_large_run1/source0354/input.gp
113631859e4fe06281b36dcd576decd4749567b2a4994aa5bf578a4c55a386af	304	construction_large_run1/source0354/receipt.json
17738ee692caca7fd92661f27295bf7774e25595b9f1925d7d1408ce34bc3963	934	construction_large_run1/source0354/source_freeze.json
e3b0c44298fc1c149afbf4c8996fb92427ae41e4649b934ca495991b7852b855	0	construction_large_run1/source0354/stderr.txt
bfc0fac60ed68d793edc807d181acc28333d34ff63d1119b44717099a6f8bb05	947	construction_large_run1/source0354/stdout.txt
e3b0c44298fc1c149afbf4c8996fb92427ae41e4649b934ca495991b7852b855	0	construction_large_run1/source0355/driver_stderr.txt
cebc8c3100a60666ff80c681a9fb540242dad32fe4d744ffb16c9f65038684a2	276	construction_large_run1/source0355/driver_stdout.txt
4e97c67f96d8c2adc12280a539ec086853e57a777784bc65eb39bedbe50feb87	3404	construction_large_run1/source0355/executed_driver_v1.txt
75417ba78c90d848c2e55aef6cf6eef01765a18d3f7cea1285ebbd40406e98ab	671	construction_large_run1/source0355/executed_inputs.gp
a60949f711c036af960dfa8839a6a794d1133faa3a022fbcb0fadeccc08741e2	6818	construction_large_run1/source0355/executed_script.gp
75417ba78c90d848c2e55aef6cf6eef01765a18d3f7cea1285ebbd40406e98ab	671	construction_large_run1/source0355/input.gp
1ad8bb8b27098a6cf3e6816edbe874dbc48c234eb2c3ba4bccf1a076ee27806e	304	construction_large_run1/source0355/receipt.json
9189e723f748ad4987a3cb637a24ecb940d9178a0d0d7a79ea0f52e829ba3f1a	934	construction_large_run1/source0355/source_freeze.json
e3b0c44298fc1c149afbf4c8996fb92427ae41e4649b934ca495991b7852b855	0	construction_large_run1/source0355/stderr.txt
90f48f9e4bd9ad93ff71fc706d46cc6af8f736252a8d51e941c18320708f52ec	936	construction_large_run1/source0355/stdout.txt
e3b0c44298fc1c149afbf4c8996fb92427ae41e4649b934ca495991b7852b855	0	construction_large_run1/source0356/driver_stderr.txt
983b7a039add1cc67f469fa3aa10739ef686d18aee810cefe5b3c24718b85514	276	construction_large_run1/source0356/driver_stdout.txt
4e97c67f96d8c2adc12280a539ec086853e57a777784bc65eb39bedbe50feb87	3404	construction_large_run1/source0356/executed_driver_v1.txt
c4b19e9152ad961741a61b09c703bad90dfde1218d4e7929b0e244294d551c4d	672	construction_large_run1/source0356/executed_inputs.gp
a60949f711c036af960dfa8839a6a794d1133faa3a022fbcb0fadeccc08741e2	6818	construction_large_run1/source0356/executed_script.gp
c4b19e9152ad961741a61b09c703bad90dfde1218d4e7929b0e244294d551c4d	672	construction_large_run1/source0356/input.gp
e800673592f5c27f6fb98f23836474f99d937c2381d245975af9854ca4d20704	304	construction_large_run1/source0356/receipt.json
95e9b95f8b3e66315ddbce2882f282a14297a09a3f954a48dd4f87080e8bc5f6	934	construction_large_run1/source0356/source_freeze.json
e3b0c44298fc1c149afbf4c8996fb92427ae41e4649b934ca495991b7852b855	0	construction_large_run1/source0356/stderr.txt
362187039ae8192ee498a1af0a4838e6f9409616176e46d53d443b0d161c1e7e	943	construction_large_run1/source0356/stdout.txt
e3b0c44298fc1c149afbf4c8996fb92427ae41e4649b934ca495991b7852b855	0	construction_large_run1/source0357/driver_stderr.txt
11a22ca7c831989b95c5b02ab91135013c4453af546514195e05b70d6d60913f	276	construction_large_run1/source0357/driver_stdout.txt
4e97c67f96d8c2adc12280a539ec086853e57a777784bc65eb39bedbe50feb87	3404	construction_large_run1/source0357/executed_driver_v1.txt
adbf1eae87dc62b14c742e8372eea61d6bb200514345095ec9a74ae2e4679bb2	674	construction_large_run1/source0357/executed_inputs.gp
a60949f711c036af960dfa8839a6a794d1133faa3a022fbcb0fadeccc08741e2	6818	construction_large_run1/source0357/executed_script.gp
adbf1eae87dc62b14c742e8372eea61d6bb200514345095ec9a74ae2e4679bb2	674	construction_large_run1/source0357/input.gp
627cfd6aadfa1ff451472c9ea3e75b875a1f75b4567a4e60ca0ba0a888171bec	304	construction_large_run1/source0357/receipt.json
164526a81161d37fd719954472b8c79f8a74c3ccb7149a8c5b7287b35713975a	934	construction_large_run1/source0357/source_freeze.json
e3b0c44298fc1c149afbf4c8996fb92427ae41e4649b934ca495991b7852b855	0	construction_large_run1/source0357/stderr.txt
b3f3232bddedb805ab544284f0a11feb898d0ca120facc5a0b490c90198ffac1	953	construction_large_run1/source0357/stdout.txt
e3b0c44298fc1c149afbf4c8996fb92427ae41e4649b934ca495991b7852b855	0	construction_large_run1/source0358/driver_stderr.txt
89811f5256c9d4f4bf26c7455772a01f33de6d851aa22b6f1876be8ff16ba5dd	276	construction_large_run1/source0358/driver_stdout.txt
4e97c67f96d8c2adc12280a539ec086853e57a777784bc65eb39bedbe50feb87	3404	construction_large_run1/source0358/executed_driver_v1.txt
4ca35ca1b50f1107b77ac206c4a351686cd6baabee74427ca8b84b5bbfbf3a31	676	construction_large_run1/source0358/executed_inputs.gp
a60949f711c036af960dfa8839a6a794d1133faa3a022fbcb0fadeccc08741e2	6818	construction_large_run1/source0358/executed_script.gp
4ca35ca1b50f1107b77ac206c4a351686cd6baabee74427ca8b84b5bbfbf3a31	676	construction_large_run1/source0358/input.gp
dc1718a107c98a49b91480bf45f1cfa3c976d191047fb109843e4b7c3d533513	304	construction_large_run1/source0358/receipt.json
8c03e58658cfc14932ff90d59698452106f2d4b2e7fb9c9ead33b52497c68860	934	construction_large_run1/source0358/source_freeze.json
e3b0c44298fc1c149afbf4c8996fb92427ae41e4649b934ca495991b7852b855	0	construction_large_run1/source0358/stderr.txt
74ea0bb076c9f7b08bfded3cb4715198752b068b084691af0db5b920d764ba8d	953	construction_large_run1/source0358/stdout.txt
e3b0c44298fc1c149afbf4c8996fb92427ae41e4649b934ca495991b7852b855	0	construction_large_run1/source0359/driver_stderr.txt
a04ecb8c87addc480b6ef52554d6b290db46e0cb0981734b25ac220af8074915	276	construction_large_run1/source0359/driver_stdout.txt
4e97c67f96d8c2adc12280a539ec086853e57a777784bc65eb39bedbe50feb87	3404	construction_large_run1/source0359/executed_driver_v1.txt
4ef11ca49cf5cf0e51e29afe38b630af81100c29966ca0dc82c6484603fa50f8	675	construction_large_run1/source0359/executed_inputs.gp
a60949f711c036af960dfa8839a6a794d1133faa3a022fbcb0fadeccc08741e2	6818	construction_large_run1/source0359/executed_script.gp
4ef11ca49cf5cf0e51e29afe38b630af81100c29966ca0dc82c6484603fa50f8	675	construction_large_run1/source0359/input.gp
a0223e5fc787bd9e44a4d96fb5822eb4db8b9dff4044629eb79d828d65dc1cf3	304	construction_large_run1/source0359/receipt.json
8c24fe815b0cb0043c6533e26c9b048cc4863d562d16d8c8145c6184b78d4a06	934	construction_large_run1/source0359/source_freeze.json
e3b0c44298fc1c149afbf4c8996fb92427ae41e4649b934ca495991b7852b855	0	construction_large_run1/source0359/stderr.txt
521ae3c3fe7bc264d4d3f260450dbe428197dc71b651c6a9f11995ccbcce8ea1	945	construction_large_run1/source0359/stdout.txt
e3b0c44298fc1c149afbf4c8996fb92427ae41e4649b934ca495991b7852b855	0	construction_large_run1/source0360/driver_stderr.txt
b18c0bf4f636be28b6d644cd4d879542873ca86690a28c5f509ec5601c4aa4a7	276	construction_large_run1/source0360/driver_stdout.txt
4e97c67f96d8c2adc12280a539ec086853e57a777784bc65eb39bedbe50feb87	3404	construction_large_run1/source0360/executed_driver_v1.txt
598b1ac3cc6897df6f3613fd7a75ccd474ecacf5a98c62f40008eff2298eb4a3	676	construction_large_run1/source0360/executed_inputs.gp
a60949f711c036af960dfa8839a6a794d1133faa3a022fbcb0fadeccc08741e2	6818	construction_large_run1/source0360/executed_script.gp
598b1ac3cc6897df6f3613fd7a75ccd474ecacf5a98c62f40008eff2298eb4a3	676	construction_large_run1/source0360/input.gp
8e3b62efe9790bd452c0a5224e3f5a9add909d4c5069be54f22abe2f93d62946	304	construction_large_run1/source0360/receipt.json
1d169c0382641585321504dedcade8faa4d96070c0cb7c8f63259c568f0d199e	934	construction_large_run1/source0360/source_freeze.json
e3b0c44298fc1c149afbf4c8996fb92427ae41e4649b934ca495991b7852b855	0	construction_large_run1/source0360/stderr.txt
481b6eb520a310cb6edd881e35fc5ba954e412acd60ddb8b2b300bff6275edc2	954	construction_large_run1/source0360/stdout.txt
e3b0c44298fc1c149afbf4c8996fb92427ae41e4649b934ca495991b7852b855	0	construction_large_run1/source0361/driver_stderr.txt
342c8129c8431c84eb284fe1be31e5142353e9593d80f06dda5a8501b6e34d5f	276	construction_large_run1/source0361/driver_stdout.txt
4e97c67f96d8c2adc12280a539ec086853e57a777784bc65eb39bedbe50feb87	3404	construction_large_run1/source0361/executed_driver_v1.txt
e4d3020e9a8e56d19229c39dff44b29ae3217608156b20692891384e09693e3e	673	construction_large_run1/source0361/executed_inputs.gp
a60949f711c036af960dfa8839a6a794d1133faa3a022fbcb0fadeccc08741e2	6818	construction_large_run1/source0361/executed_script.gp
e4d3020e9a8e56d19229c39dff44b29ae3217608156b20692891384e09693e3e	673	construction_large_run1/source0361/input.gp
3214f22c6b820445b9bfb70c12a4eba0aa73d2d4a222ec535a1c03455cbcf2d0	304	construction_large_run1/source0361/receipt.json
27d9dfd48053f7b71a4695b760be6e042b02f768caff8604b9695acf058a9e05	934	construction_large_run1/source0361/source_freeze.json
e3b0c44298fc1c149afbf4c8996fb92427ae41e4649b934ca495991b7852b855	0	construction_large_run1/source0361/stderr.txt
9aae70a7eb723892f24704ed272e14a3b23e7ef3c67b2e6a04a7802f657b0929	954	construction_large_run1/source0361/stdout.txt
e3b0c44298fc1c149afbf4c8996fb92427ae41e4649b934ca495991b7852b855	0	construction_large_run1/source0362/driver_stderr.txt
2aa2d803dcc20e91559b73ae2753862f817e7240d2e6fb5fc5bd051a39992745	276	construction_large_run1/source0362/driver_stdout.txt
4e97c67f96d8c2adc12280a539ec086853e57a777784bc65eb39bedbe50feb87	3404	construction_large_run1/source0362/executed_driver_v1.txt
5e0700a2522c2ddefc29330f096d1747de1fed7bb3269babaf466b452e7e99fd	673	construction_large_run1/source0362/executed_inputs.gp
a60949f711c036af960dfa8839a6a794d1133faa3a022fbcb0fadeccc08741e2	6818	construction_large_run1/source0362/executed_script.gp
5e0700a2522c2ddefc29330f096d1747de1fed7bb3269babaf466b452e7e99fd	673	construction_large_run1/source0362/input.gp
6faaec8fb88c79a9a3277916a1298bc4a502780133a568c3e0335e947042e1c7	304	construction_large_run1/source0362/receipt.json
2940ea57784a81ae81715c5ec64455b367f62309db7e544986b0135d4c86aca2	934	construction_large_run1/source0362/source_freeze.json
e3b0c44298fc1c149afbf4c8996fb92427ae41e4649b934ca495991b7852b855	0	construction_large_run1/source0362/stderr.txt
057156285a0cf17cba22a69dc93361fc8b92e86a5eaa3bbe28ed3357b2eb09be	950	construction_large_run1/source0362/stdout.txt
e3b0c44298fc1c149afbf4c8996fb92427ae41e4649b934ca495991b7852b855	0	construction_large_run1/source0363/driver_stderr.txt
d77768ec2d2191d1d139d2551742afdf91f8594382f669ecfbb8fcdb4c5d4c77	276	construction_large_run1/source0363/driver_stdout.txt
4e97c67f96d8c2adc12280a539ec086853e57a777784bc65eb39bedbe50feb87	3404	construction_large_run1/source0363/executed_driver_v1.txt
fd9de5382034c159fab6ddff9e2e2baaec0e32ff639ad76c4ec38dcf74697101	675	construction_large_run1/source0363/executed_inputs.gp
a60949f711c036af960dfa8839a6a794d1133faa3a022fbcb0fadeccc08741e2	6818	construction_large_run1/source0363/executed_script.gp
fd9de5382034c159fab6ddff9e2e2baaec0e32ff639ad76c4ec38dcf74697101	675	construction_large_run1/source0363/input.gp
2fbf83c4b949d91914df7d766bddbf90b5368f24d52cdd214a55d44c033af4aa	304	construction_large_run1/source0363/receipt.json
bc99e569d0b1004584bf234ff720f7aaa76f386d5052466037452919bed67f81	934	construction_large_run1/source0363/source_freeze.json
e3b0c44298fc1c149afbf4c8996fb92427ae41e4649b934ca495991b7852b855	0	construction_large_run1/source0363/stderr.txt
9e8569a22555165ba2bdfc548886f73e7bf6344c9de8e774075e5a53ed87be22	948	construction_large_run1/source0363/stdout.txt
e3b0c44298fc1c149afbf4c8996fb92427ae41e4649b934ca495991b7852b855	0	construction_large_run1/source0364/driver_stderr.txt
f92a39d43377044ed453bb6c7b7719674f19427ef06936674a758f9e8b320ae1	276	construction_large_run1/source0364/driver_stdout.txt
4e97c67f96d8c2adc12280a539ec086853e57a777784bc65eb39bedbe50feb87	3404	construction_large_run1/source0364/executed_driver_v1.txt
ffe8b31d2e6ba688f2e6e2965cd7255bcb3d36e971b22e3ec3092a31d22d4a1d	672	construction_large_run1/source0364/executed_inputs.gp
a60949f711c036af960dfa8839a6a794d1133faa3a022fbcb0fadeccc08741e2	6818	construction_large_run1/source0364/executed_script.gp
ffe8b31d2e6ba688f2e6e2965cd7255bcb3d36e971b22e3ec3092a31d22d4a1d	672	construction_large_run1/source0364/input.gp
d6238a5fc9c51b41b04390dca5fdf45f488bdda17ed4b6743915a06cd3e2f5db	304	construction_large_run1/source0364/receipt.json
f4ee892b6915dc432af83faa5adeed8bebad3f70d56432bf44c5d095e5ca96c0	934	construction_large_run1/source0364/source_freeze.json
e3b0c44298fc1c149afbf4c8996fb92427ae41e4649b934ca495991b7852b855	0	construction_large_run1/source0364/stderr.txt
ce77334ee2a695ddc1d6a363a0cbeab3dde37ff20647c4225a725cefc8b4e528	934	construction_large_run1/source0364/stdout.txt
e3b0c44298fc1c149afbf4c8996fb92427ae41e4649b934ca495991b7852b855	0	construction_large_run1/source0365/driver_stderr.txt
53955e112bad25856176afcaef52d63914e70dd6470c572126ad96d714c38a95	276	construction_large_run1/source0365/driver_stdout.txt
4e97c67f96d8c2adc12280a539ec086853e57a777784bc65eb39bedbe50feb87	3404	construction_large_run1/source0365/executed_driver_v1.txt
4d97b017ba9010dc53bc876126bf4ef2b099d19914d494fa225d22664648784e	675	construction_large_run1/source0365/executed_inputs.gp
a60949f711c036af960dfa8839a6a794d1133faa3a022fbcb0fadeccc08741e2	6818	construction_large_run1/source0365/executed_script.gp
4d97b017ba9010dc53bc876126bf4ef2b099d19914d494fa225d22664648784e	675	construction_large_run1/source0365/input.gp
8c763f6899f9d73b374edd2f3e9221b8e03166378147354b54ed8d2068339a15	304	construction_large_run1/source0365/receipt.json
6fc72cb355ee97f1a8bde23cfb93548bb8f3629344b19466e52a66759ddb88b2	934	construction_large_run1/source0365/source_freeze.json
e3b0c44298fc1c149afbf4c8996fb92427ae41e4649b934ca495991b7852b855	0	construction_large_run1/source0365/stderr.txt
d372834928ddbda768f0a75d0f474e1b251aae3b1e41ce95fb09654c2647c908	949	construction_large_run1/source0365/stdout.txt
e3b0c44298fc1c149afbf4c8996fb92427ae41e4649b934ca495991b7852b855	0	construction_large_run1/source0366/driver_stderr.txt
e63391d4638e997e722df15e6c31f6448f5d3dd440b7b2c055f961a3a448df89	276	construction_large_run1/source0366/driver_stdout.txt
4e97c67f96d8c2adc12280a539ec086853e57a777784bc65eb39bedbe50feb87	3404	construction_large_run1/source0366/executed_driver_v1.txt
25a338dad5855aae0988efb2893795baafa1a7b113e193b68479ed009f1bd031	673	construction_large_run1/source0366/executed_inputs.gp
a60949f711c036af960dfa8839a6a794d1133faa3a022fbcb0fadeccc08741e2	6818	construction_large_run1/source0366/executed_script.gp
25a338dad5855aae0988efb2893795baafa1a7b113e193b68479ed009f1bd031	673	construction_large_run1/source0366/input.gp
5faa452b42e22f31222a7826a2db2e313db35810641d21b48681f0e98f94110f	304	construction_large_run1/source0366/receipt.json
5b96036c59728e7196f78c5a54b5158f16843da352d1a8e109ee17015f47ff5a	934	construction_large_run1/source0366/source_freeze.json
e3b0c44298fc1c149afbf4c8996fb92427ae41e4649b934ca495991b7852b855	0	construction_large_run1/source0366/stderr.txt
61e2bcb0d869671bf7d382001525420f98c7adb301f49078b18e150c753b0853	943	construction_large_run1/source0366/stdout.txt
e3b0c44298fc1c149afbf4c8996fb92427ae41e4649b934ca495991b7852b855	0	construction_large_run1/source0367/driver_stderr.txt
6c0011a7e4c1a850702b647ca08c3fe3dc6be78e6c0168313542f6b712993703	276	construction_large_run1/source0367/driver_stdout.txt
4e97c67f96d8c2adc12280a539ec086853e57a777784bc65eb39bedbe50feb87	3404	construction_large_run1/source0367/executed_driver_v1.txt
04cb98d501d4e1ed7c0c52ea8ea8b88e21de6d7836e732c9f920f8e43bb06ab4	667	construction_large_run1/source0367/executed_inputs.gp
a60949f711c036af960dfa8839a6a794d1133faa3a022fbcb0fadeccc08741e2	6818	construction_large_run1/source0367/executed_script.gp
04cb98d501d4e1ed7c0c52ea8ea8b88e21de6d7836e732c9f920f8e43bb06ab4	667	construction_large_run1/source0367/input.gp
2c6562b6bea67ccb18e6c9387e706def97e311f7d88c4584a71def97e0083f9f	304	construction_large_run1/source0367/receipt.json
fcdb10226f7e66b9ffee36203fadc1bf0869c3193a4d3d033b894a5de1c33a34	934	construction_large_run1/source0367/source_freeze.json
e3b0c44298fc1c149afbf4c8996fb92427ae41e4649b934ca495991b7852b855	0	construction_large_run1/source0367/stderr.txt
a5c7dafc0cbfa309e0e95c5b434a0e2a013e1d9b6816289fb971d4dfd928b6f7	935	construction_large_run1/source0367/stdout.txt
e3b0c44298fc1c149afbf4c8996fb92427ae41e4649b934ca495991b7852b855	0	construction_large_run1/source0368/driver_stderr.txt
22d378d5d9a972d5a5007fd418d46cad247d84d6344f80d06b0654d7656d3e5c	276	construction_large_run1/source0368/driver_stdout.txt
4e97c67f96d8c2adc12280a539ec086853e57a777784bc65eb39bedbe50feb87	3404	construction_large_run1/source0368/executed_driver_v1.txt
00c94a38b4c34bea3ac909c1ca9f9bc5128fd330d3bd29d6471e7c79b4299eee	673	construction_large_run1/source0368/executed_inputs.gp
a60949f711c036af960dfa8839a6a794d1133faa3a022fbcb0fadeccc08741e2	6818	construction_large_run1/source0368/executed_script.gp
00c94a38b4c34bea3ac909c1ca9f9bc5128fd330d3bd29d6471e7c79b4299eee	673	construction_large_run1/source0368/input.gp
ea4db622aee6283dd4d1427fe51a2521c114d42ced1d79e6d019b395413736d0	304	construction_large_run1/source0368/receipt.json
f29882d8be8fe65f3253d53e1bd254140e7d4db53f6e518a5dac48a895fb6fd1	934	construction_large_run1/source0368/source_freeze.json
e3b0c44298fc1c149afbf4c8996fb92427ae41e4649b934ca495991b7852b855	0	construction_large_run1/source0368/stderr.txt
76e96c4d3741f8b5b268ea13316c6a9bc8bdd44a0b8e13ad03aef039606d1eaf	945	construction_large_run1/source0368/stdout.txt
e3b0c44298fc1c149afbf4c8996fb92427ae41e4649b934ca495991b7852b855	0	construction_large_run1/source0369/driver_stderr.txt
aba9c9ddf8946c783cb1b7c72bd66f2fac6433e729e9639583654563a870d525	276	construction_large_run1/source0369/driver_stdout.txt
4e97c67f96d8c2adc12280a539ec086853e57a777784bc65eb39bedbe50feb87	3404	construction_large_run1/source0369/executed_driver_v1.txt
db170a1c40e66b99e7fccdd952cc5dc151f338eae0fc596d02c7aefbbf1bde50	675	construction_large_run1/source0369/executed_inputs.gp
a60949f711c036af960dfa8839a6a794d1133faa3a022fbcb0fadeccc08741e2	6818	construction_large_run1/source0369/executed_script.gp
db170a1c40e66b99e7fccdd952cc5dc151f338eae0fc596d02c7aefbbf1bde50	675	construction_large_run1/source0369/input.gp
54317713e6fb4d0fce88d3df8046bfc03b5735fa22c8a2c79702c62968ab6389	304	construction_large_run1/source0369/receipt.json
6ea3079d496b723574600baa705e7bb210b48b06fe46f5ab465d7d11659f4eae	934	construction_large_run1/source0369/source_freeze.json
e3b0c44298fc1c149afbf4c8996fb92427ae41e4649b934ca495991b7852b855	0	construction_large_run1/source0369/stderr.txt
504376925232560c4b2e5d81a58f7675b3ed8fa0387401e3767fcae900e81129	950	construction_large_run1/source0369/stdout.txt
e3b0c44298fc1c149afbf4c8996fb92427ae41e4649b934ca495991b7852b855	0	construction_large_run1/source0370/driver_stderr.txt
1d57e8db151902eea368098a48c6f0286e1c81fe51357cf3dc1255c6333f5824	276	construction_large_run1/source0370/driver_stdout.txt
4e97c67f96d8c2adc12280a539ec086853e57a777784bc65eb39bedbe50feb87	3404	construction_large_run1/source0370/executed_driver_v1.txt
2dd8f2ddc18c807a07567fdf30f17e84aaba5bf3b48f28daa91df7d988c1d1c3	670	construction_large_run1/source0370/executed_inputs.gp
a60949f711c036af960dfa8839a6a794d1133faa3a022fbcb0fadeccc08741e2	6818	construction_large_run1/source0370/executed_script.gp
2dd8f2ddc18c807a07567fdf30f17e84aaba5bf3b48f28daa91df7d988c1d1c3	670	construction_large_run1/source0370/input.gp
a8f7ea4e4a1c63d6fe320cda22bc12a762310eeeb4688527f3a4eafdfb30496a	304	construction_large_run1/source0370/receipt.json
207994b4ea9e20bd75ff9ce1dc81c4369947f814c4a08d12767a8901c73da43a	934	construction_large_run1/source0370/source_freeze.json
e3b0c44298fc1c149afbf4c8996fb92427ae41e4649b934ca495991b7852b855	0	construction_large_run1/source0370/stderr.txt
1fe40d923643e5871dea80e0288546224a9193f5b4d02c830a5a9be5938672bf	948	construction_large_run1/source0370/stdout.txt
e3b0c44298fc1c149afbf4c8996fb92427ae41e4649b934ca495991b7852b855	0	construction_large_run1/source0371/driver_stderr.txt
67a8ce3ac94f6e73abd2898cbd9f3e1bc57f68582a6313e04bc87d125234fd64	276	construction_large_run1/source0371/driver_stdout.txt
4e97c67f96d8c2adc12280a539ec086853e57a777784bc65eb39bedbe50feb87	3404	construction_large_run1/source0371/executed_driver_v1.txt
718682fde60899405b147926cd02fc43e4ad3c16f55f185c32b8e5ea108d0654	671	construction_large_run1/source0371/executed_inputs.gp
a60949f711c036af960dfa8839a6a794d1133faa3a022fbcb0fadeccc08741e2	6818	construction_large_run1/source0371/executed_script.gp
718682fde60899405b147926cd02fc43e4ad3c16f55f185c32b8e5ea108d0654	671	construction_large_run1/source0371/input.gp
524411803be26462d1df36fffb7f0cbff892fad4fe2a3483a1e64c6320c00cce	304	construction_large_run1/source0371/receipt.json
bc52d6d95d9acfdd15856c9df53e84afb09deb0e46f7aa0f4ddeb221d2f0213e	934	construction_large_run1/source0371/source_freeze.json
e3b0c44298fc1c149afbf4c8996fb92427ae41e4649b934ca495991b7852b855	0	construction_large_run1/source0371/stderr.txt
e7b7a9a3d3a7a6350619c30506c90555e6ad4f354e5ef7a69a1dd2c64f01eb05	948	construction_large_run1/source0371/stdout.txt
e3b0c44298fc1c149afbf4c8996fb92427ae41e4649b934ca495991b7852b855	0	construction_large_run1/source0372/driver_stderr.txt
269b21edf51b3609acdd6ce9fa57c11b2e4ad2b9514e6b49b9c3af2e40cc246c	276	construction_large_run1/source0372/driver_stdout.txt
4e97c67f96d8c2adc12280a539ec086853e57a777784bc65eb39bedbe50feb87	3404	construction_large_run1/source0372/executed_driver_v1.txt
af57d736cc4011fdf656cfd842b59e63e2e2e13cdc385104cb3de11989808427	670	construction_large_run1/source0372/executed_inputs.gp
a60949f711c036af960dfa8839a6a794d1133faa3a022fbcb0fadeccc08741e2	6818	construction_large_run1/source0372/executed_script.gp
af57d736cc4011fdf656cfd842b59e63e2e2e13cdc385104cb3de11989808427	670	construction_large_run1/source0372/input.gp
755c5a0d1ed92fdcbc64538d1d7481ef3c872c12557d9c7404e6bbaa6906ad95	304	construction_large_run1/source0372/receipt.json
155d039821471315ace0d2509cff4c978a38c0634f631b5eda735a4b5e096595	934	construction_large_run1/source0372/source_freeze.json
e3b0c44298fc1c149afbf4c8996fb92427ae41e4649b934ca495991b7852b855	0	construction_large_run1/source0372/stderr.txt
b333fc8ce8783d4f38e2107d1b17bf7ba795e569c7e018ed840eca11e74dae25	947	construction_large_run1/source0372/stdout.txt
e3b0c44298fc1c149afbf4c8996fb92427ae41e4649b934ca495991b7852b855	0	construction_large_run1/source0373/driver_stderr.txt
f1c190886a1bbfc842d946a848b41449723574a4a050b795e8cd6c0f2947d025	276	construction_large_run1/source0373/driver_stdout.txt
4e97c67f96d8c2adc12280a539ec086853e57a777784bc65eb39bedbe50feb87	3404	construction_large_run1/source0373/executed_driver_v1.txt
168558acc51974748052603ae36aecc4c9bc3fcda1f55daaea6e5fb1feaa5ed1	671	construction_large_run1/source0373/executed_inputs.gp
a60949f711c036af960dfa8839a6a794d1133faa3a022fbcb0fadeccc08741e2	6818	construction_large_run1/source0373/executed_script.gp
168558acc51974748052603ae36aecc4c9bc3fcda1f55daaea6e5fb1feaa5ed1	671	construction_large_run1/source0373/input.gp
063a97771b0083084d897dff94b778b6f447d72ff8aa3ec54f4be26aa1ecb46d	304	construction_large_run1/source0373/receipt.json
eae52f0108033da8796a45f0cdafde3acdf410bf7eef0e0e34badcff5aeec561	934	construction_large_run1/source0373/source_freeze.json
e3b0c44298fc1c149afbf4c8996fb92427ae41e4649b934ca495991b7852b855	0	construction_large_run1/source0373/stderr.txt
4800692cca07ef309a27d2360381d13efe9639496eb04beb7126c0ff94e4ca46	948	construction_large_run1/source0373/stdout.txt
e3b0c44298fc1c149afbf4c8996fb92427ae41e4649b934ca495991b7852b855	0	construction_large_run1/source0374/driver_stderr.txt
62ceca0af7ef841476859b65d58dde8fa07f2d7b34c2641cd96d8c3d4e316b02	276	construction_large_run1/source0374/driver_stdout.txt
4e97c67f96d8c2adc12280a539ec086853e57a777784bc65eb39bedbe50feb87	3404	construction_large_run1/source0374/executed_driver_v1.txt
873837920cdce73baa644e4f73bc859e00c989c173a84a7d3e40e190f7b1f62b	670	construction_large_run1/source0374/executed_inputs.gp
a60949f711c036af960dfa8839a6a794d1133faa3a022fbcb0fadeccc08741e2	6818	construction_large_run1/source0374/executed_script.gp
873837920cdce73baa644e4f73bc859e00c989c173a84a7d3e40e190f7b1f62b	670	construction_large_run1/source0374/input.gp
1009953e706087c09afbd2cc9b407e5fa41e233aa24117bec2cc955ea8aa8864	304	construction_large_run1/source0374/receipt.json
56d80d4ae17c8b18d2b743e85e77d7561fed7bbe916d7318fd087a267c6b8a05	934	construction_large_run1/source0374/source_freeze.json
e3b0c44298fc1c149afbf4c8996fb92427ae41e4649b934ca495991b7852b855	0	construction_large_run1/source0374/stderr.txt
81a7f5401220992ace8df5630079ec516c48e8553a0115fd437c33ca038ba714	948	construction_large_run1/source0374/stdout.txt
e3b0c44298fc1c149afbf4c8996fb92427ae41e4649b934ca495991b7852b855	0	construction_large_run1/source0375/driver_stderr.txt
8cab2634ce398e712d3c4378ee25ad9c2c2c10ac8c153bd6dee8df83ee75d80e	276	construction_large_run1/source0375/driver_stdout.txt
4e97c67f96d8c2adc12280a539ec086853e57a777784bc65eb39bedbe50feb87	3404	construction_large_run1/source0375/executed_driver_v1.txt
f38e35da484d123a692501a1b1ee1b46970ee2c05e325fcb06783ab91a1c400c	671	construction_large_run1/source0375/executed_inputs.gp
a60949f711c036af960dfa8839a6a794d1133faa3a022fbcb0fadeccc08741e2	6818	construction_large_run1/source0375/executed_script.gp
f38e35da484d123a692501a1b1ee1b46970ee2c05e325fcb06783ab91a1c400c	671	construction_large_run1/source0375/input.gp
11bd9e5dfe5c36a6a48602fda3af26f0c130e9830e2755a0dffc19c7f3e887a6	304	construction_large_run1/source0375/receipt.json
85d826369b8d50e7cab47904f1d1cbfa1cf189833612d9046fbdfa7b3979764d	934	construction_large_run1/source0375/source_freeze.json
e3b0c44298fc1c149afbf4c8996fb92427ae41e4649b934ca495991b7852b855	0	construction_large_run1/source0375/stderr.txt
dd71c885604a6a714003980495ad736a573b851a266c6d529c7d8685a4d0ebad	937	construction_large_run1/source0375/stdout.txt
e3b0c44298fc1c149afbf4c8996fb92427ae41e4649b934ca495991b7852b855	0	construction_large_run1/source0376/driver_stderr.txt
829b9c45a35e0f07f2e1e4cc55f6009e2acbe069c03b16725a5ecd4fdec056d2	276	construction_large_run1/source0376/driver_stdout.txt
4e97c67f96d8c2adc12280a539ec086853e57a777784bc65eb39bedbe50feb87	3404	construction_large_run1/source0376/executed_driver_v1.txt
86eaa697ce1763609c7c54788df7a5fe4755f56f0248234fe6ff711eefdbe3ab	671	construction_large_run1/source0376/executed_inputs.gp
a60949f711c036af960dfa8839a6a794d1133faa3a022fbcb0fadeccc08741e2	6818	construction_large_run1/source0376/executed_script.gp
86eaa697ce1763609c7c54788df7a5fe4755f56f0248234fe6ff711eefdbe3ab	671	construction_large_run1/source0376/input.gp
624b38f0270b9fd1ae2bc6bd266243b6cf51095d8d1a8b2ba3b83710777200f6	304	construction_large_run1/source0376/receipt.json
eb6a0a328c06e3f0baaa007b285f5d09a2b054a9c2b4de082c5f47198892e094	934	construction_large_run1/source0376/source_freeze.json
e3b0c44298fc1c149afbf4c8996fb92427ae41e4649b934ca495991b7852b855	0	construction_large_run1/source0376/stderr.txt
f73c8098745bd96ff503c6207e609642d10ae832ed71bbd0dc2b350eb27b5471	951	construction_large_run1/source0376/stdout.txt
e3b0c44298fc1c149afbf4c8996fb92427ae41e4649b934ca495991b7852b855	0	construction_large_run1/source0377/driver_stderr.txt
588b10f0c9fe8cbf0a534c8bb577dda818a3ef1e218c39597b23bd18455f0c8a	276	construction_large_run1/source0377/driver_stdout.txt
4e97c67f96d8c2adc12280a539ec086853e57a777784bc65eb39bedbe50feb87	3404	construction_large_run1/source0377/executed_driver_v1.txt
31e2531d4fd906eb486240e337b6d6e8b0fe48b5cec5a53ed012b2589da6dcee	675	construction_large_run1/source0377/executed_inputs.gp
a60949f711c036af960dfa8839a6a794d1133faa3a022fbcb0fadeccc08741e2	6818	construction_large_run1/source0377/executed_script.gp
31e2531d4fd906eb486240e337b6d6e8b0fe48b5cec5a53ed012b2589da6dcee	675	construction_large_run1/source0377/input.gp
461bedc2546023d2546aed7858e50780d3ae8ea41872e7c705b715446170bd01	304	construction_large_run1/source0377/receipt.json
12a06fe00310eeea712eaa889fa43881a411a5abf1cc8e2cc19f101cb018edec	934	construction_large_run1/source0377/source_freeze.json
e3b0c44298fc1c149afbf4c8996fb92427ae41e4649b934ca495991b7852b855	0	construction_large_run1/source0377/stderr.txt
e4eee660a08011a220d379b55d453c41ce0a1523b849523991c2fa10443d1fb9	953	construction_large_run1/source0377/stdout.txt
e3b0c44298fc1c149afbf4c8996fb92427ae41e4649b934ca495991b7852b855	0	construction_large_run1/source0378/driver_stderr.txt
348b1009bdc88670e28ae1cac3ae095ea5914e08e0185319fb5696ff81d3661a	276	construction_large_run1/source0378/driver_stdout.txt
4e97c67f96d8c2adc12280a539ec086853e57a777784bc65eb39bedbe50feb87	3404	construction_large_run1/source0378/executed_driver_v1.txt
cee777527bad9204c4f60a50a11f7a120844f8903fbb98beed942d44b22f4849	674	construction_large_run1/source0378/executed_inputs.gp
a60949f711c036af960dfa8839a6a794d1133faa3a022fbcb0fadeccc08741e2	6818	construction_large_run1/source0378/executed_script.gp
cee777527bad9204c4f60a50a11f7a120844f8903fbb98beed942d44b22f4849	674	construction_large_run1/source0378/input.gp
cb9a2b8019e849a230070469a008c77e28165ece71f5abce3968722794fa1f9f	304	construction_large_run1/source0378/receipt.json
2e1fb3a86925d31b383a9cf69f146292314dcc5819c1dc4977536c3f9a9a2e6f	934	construction_large_run1/source0378/source_freeze.json
e3b0c44298fc1c149afbf4c8996fb92427ae41e4649b934ca495991b7852b855	0	construction_large_run1/source0378/stderr.txt
24f53f7a08e0dfc577cc6ff23ae3636187e5f677afece249c424b335ab202148	939	construction_large_run1/source0378/stdout.txt
e3b0c44298fc1c149afbf4c8996fb92427ae41e4649b934ca495991b7852b855	0	construction_large_run1/source0379/driver_stderr.txt
ba2cea02daf1227ca4a7e33645f8a79bfd41957299b5b492e4bb12cbc4b240ee	276	construction_large_run1/source0379/driver_stdout.txt
4e97c67f96d8c2adc12280a539ec086853e57a777784bc65eb39bedbe50feb87	3404	construction_large_run1/source0379/executed_driver_v1.txt
20d74c19fd3922463d5174b3fb624da20cdd6850f438ebd9b66eb215c9b6599f	669	construction_large_run1/source0379/executed_inputs.gp
a60949f711c036af960dfa8839a6a794d1133faa3a022fbcb0fadeccc08741e2	6818	construction_large_run1/source0379/executed_script.gp
20d74c19fd3922463d5174b3fb624da20cdd6850f438ebd9b66eb215c9b6599f	669	construction_large_run1/source0379/input.gp
41df49dca1cc7ccd61fd7e086cf8256aa1d3743baf838354c3712454bbd1f3da	304	construction_large_run1/source0379/receipt.json
32dabe6952108775c99d918469a00abe01e5a4c8995b0200ef6d1a3b1eda35e1	934	construction_large_run1/source0379/source_freeze.json
e3b0c44298fc1c149afbf4c8996fb92427ae41e4649b934ca495991b7852b855	0	construction_large_run1/source0379/stderr.txt
0759d3493ebe3e8c2dda84ab0a639ef1a351f9b9b5685a3b2d0cbc23af8851a4	946	construction_large_run1/source0379/stdout.txt
e3b0c44298fc1c149afbf4c8996fb92427ae41e4649b934ca495991b7852b855	0	construction_large_run1/source0380/driver_stderr.txt
eb013fdac7d95e185686804398615ebcdb97f5d593af58ba9515967bfa27dd4f	276	construction_large_run1/source0380/driver_stdout.txt
4e97c67f96d8c2adc12280a539ec086853e57a777784bc65eb39bedbe50feb87	3404	construction_large_run1/source0380/executed_driver_v1.txt
65dc6522c2627fcc9929b7c5c579ab34dc2388632258ec7f4c8c2417aaf87021	670	construction_large_run1/source0380/executed_inputs.gp
a60949f711c036af960dfa8839a6a794d1133faa3a022fbcb0fadeccc08741e2	6818	construction_large_run1/source0380/executed_script.gp
65dc6522c2627fcc9929b7c5c579ab34dc2388632258ec7f4c8c2417aaf87021	670	construction_large_run1/source0380/input.gp
73826005669e0e4e54e0fc5551b23fdffef80faa9f653a0fdfb39b2136c8be61	304	construction_large_run1/source0380/receipt.json
f49d4914f92c1e198a143d5a0b295e461c46c1d907e95bb9632c7016de0aeb9b	934	construction_large_run1/source0380/source_freeze.json
e3b0c44298fc1c149afbf4c8996fb92427ae41e4649b934ca495991b7852b855	0	construction_large_run1/source0380/stderr.txt
5b134ac8eccd7399164b688aa3a82b530178b16f6e4005bf384741cdf42d29ea	946	construction_large_run1/source0380/stdout.txt
e3b0c44298fc1c149afbf4c8996fb92427ae41e4649b934ca495991b7852b855	0	construction_large_run1/source0381/driver_stderr.txt
c6275d30a4b1473b70d2f915cd5d17ed43546cfe027ba28ddfdc90123481f11d	276	construction_large_run1/source0381/driver_stdout.txt
4e97c67f96d8c2adc12280a539ec086853e57a777784bc65eb39bedbe50feb87	3404	construction_large_run1/source0381/executed_driver_v1.txt
9248cd70dec6fa0820d4d650750ea12a621960e66b617e84cd24166f58ef21b0	674	construction_large_run1/source0381/executed_inputs.gp
a60949f711c036af960dfa8839a6a794d1133faa3a022fbcb0fadeccc08741e2	6818	construction_large_run1/source0381/executed_script.gp
9248cd70dec6fa0820d4d650750ea12a621960e66b617e84cd24166f58ef21b0	674	construction_large_run1/source0381/input.gp
51be7fbd79b1f048e87282838bf56ae6bc63737b15ab6afa7e08ab242f0a4635	304	construction_large_run1/source0381/receipt.json
967a712c02d2d141a86973950a2d1eba7de72eeec9beaebce9814ecb5424f2ca	934	construction_large_run1/source0381/source_freeze.json
e3b0c44298fc1c149afbf4c8996fb92427ae41e4649b934ca495991b7852b855	0	construction_large_run1/source0381/stderr.txt
c6f2ac5ee3a5e23f656b62539a00ab83b79c06c1466ada70a40628d1dffa3f00	937	construction_large_run1/source0381/stdout.txt
e3b0c44298fc1c149afbf4c8996fb92427ae41e4649b934ca495991b7852b855	0	construction_large_run1/source0382/driver_stderr.txt
97286b46d49d536c1c2d523e5684e76e14ab99cf6e072588f74e4725fb117f0c	276	construction_large_run1/source0382/driver_stdout.txt
4e97c67f96d8c2adc12280a539ec086853e57a777784bc65eb39bedbe50feb87	3404	construction_large_run1/source0382/executed_driver_v1.txt
feb60c1983183b443d39001e318627c8a5151c029ecdc4d40922203e94235065	668	construction_large_run1/source0382/executed_inputs.gp
a60949f711c036af960dfa8839a6a794d1133faa3a022fbcb0fadeccc08741e2	6818	construction_large_run1/source0382/executed_script.gp
feb60c1983183b443d39001e318627c8a5151c029ecdc4d40922203e94235065	668	construction_large_run1/source0382/input.gp
63dda8df5195134193639c595f90d0ad7982b4e76fb14a01bd28997407775d96	304	construction_large_run1/source0382/receipt.json
0417f7f86c4ff258bf07f3532227e0a942285d7b3ea2a624b537f2c1e7697b0e	934	construction_large_run1/source0382/source_freeze.json
e3b0c44298fc1c149afbf4c8996fb92427ae41e4649b934ca495991b7852b855	0	construction_large_run1/source0382/stderr.txt
448893ca0d2b7ec6efdab84bdd1aa8056ed39ee7d8b7dd5129f7429cf6c3df92	944	construction_large_run1/source0382/stdout.txt
e3b0c44298fc1c149afbf4c8996fb92427ae41e4649b934ca495991b7852b855	0	construction_large_run1/source0383/driver_stderr.txt
8defa7de171b78b1045dea522b9b9b012b8f1c3ef9cf2f0a9bc6bbc903c15810	276	construction_large_run1/source0383/driver_stdout.txt
4e97c67f96d8c2adc12280a539ec086853e57a777784bc65eb39bedbe50feb87	3404	construction_large_run1/source0383/executed_driver_v1.txt
e36590c30fc71821c05c0d91127c736de530ad851750749af189d001c7cdd296	671	construction_large_run1/source0383/executed_inputs.gp
a60949f711c036af960dfa8839a6a794d1133faa3a022fbcb0fadeccc08741e2	6818	construction_large_run1/source0383/executed_script.gp
e36590c30fc71821c05c0d91127c736de530ad851750749af189d001c7cdd296	671	construction_large_run1/source0383/input.gp
7f3cfe5cb5a41f80446efcbb821641df98385304521d5cc0741ae6f778ebd229	304	construction_large_run1/source0383/receipt.json
72ed65a058686cdfcc7a1ef3dcc4d37d3a719a1809c0e8b1b61ce6b582c5ad00	934	construction_large_run1/source0383/source_freeze.json
e3b0c44298fc1c149afbf4c8996fb92427ae41e4649b934ca495991b7852b855	0	construction_large_run1/source0383/stderr.txt
7d2b49ef29fdae4b73a55aa9e43f3a952e115b03863f2899962bf8cb24694730	947	construction_large_run1/source0383/stdout.txt
e3b0c44298fc1c149afbf4c8996fb92427ae41e4649b934ca495991b7852b855	0	construction_large_run1/source0384/driver_stderr.txt
b6107a6137dd08ab996ddce02bf369ab47f420134b0fa571a02e69e003c95195	276	construction_large_run1/source0384/driver_stdout.txt
4e97c67f96d8c2adc12280a539ec086853e57a777784bc65eb39bedbe50feb87	3404	construction_large_run1/source0384/executed_driver_v1.txt
a84a727ad47c31e816b7d25d7be0f8478145bc39c11c42e686bc6ddd5a436f08	668	construction_large_run1/source0384/executed_inputs.gp
a60949f711c036af960dfa8839a6a794d1133faa3a022fbcb0fadeccc08741e2	6818	construction_large_run1/source0384/executed_script.gp
a84a727ad47c31e816b7d25d7be0f8478145bc39c11c42e686bc6ddd5a436f08	668	construction_large_run1/source0384/input.gp
d20abd4e31022e92ddbd103a176cb73a82a6fc4cd05e731d37c283f9ee9f30a7	304	construction_large_run1/source0384/receipt.json
8972c42bc4b60d5c67d7c35aea1b6d76d6d2eb1d4e95cf96e4942971991d9719	934	construction_large_run1/source0384/source_freeze.json
e3b0c44298fc1c149afbf4c8996fb92427ae41e4649b934ca495991b7852b855	0	construction_large_run1/source0384/stderr.txt
df35968e5fa23f0828254199f34152263b31e8c98045167261d29550826da455	949	construction_large_run1/source0384/stdout.txt
4e97c67f96d8c2adc12280a539ec086853e57a777784bc65eb39bedbe50feb87	3404	construction_p7_degree19_run1/executed_driver_v1.txt
30818389c9cc818f06dd658e991f50a571290c4bc293bbcca2fa44bf4fa7cc57	259	construction_p7_degree19_run1/executed_inputs.gp
883520adcfb20e66dff6de1b40ed48d3bc5d9c3a3c2c4574831c072ee49141fa	8397	construction_p7_degree19_run1/executed_script.gp
932d7639c91d50b78189e33c854f2015ed1414665f94b65b3222b65ca410ebb2	304	construction_p7_degree19_run1/receipt.json
e8f2da5019d81137f99b8d2a4685838ca7edeb43b37be34e7461070a3f841d4a	860	construction_p7_degree19_run1/source_freeze.json
e3b0c44298fc1c149afbf4c8996fb92427ae41e4649b934ca495991b7852b855	0	construction_p7_degree19_run1/stderr.txt
d384be0221d077859551a959cd44e240bce835dda84c7f42e9023aa95dab786e	2060	construction_p7_degree19_run1/stdout.txt
4e97c67f96d8c2adc12280a539ec086853e57a777784bc65eb39bedbe50feb87	3404	construction_p7_followup_run1/executed_driver_v1.txt
80280209e807c4fc5a9b51e40a92e73a94db6d0f3688a423144a22b47b68ee5d	693	construction_p7_followup_run1/executed_inputs.gp
b545ab077b1833d9a919b5180a319a475e1df6b89e4aca1c044123b68e09f496	8241	construction_p7_followup_run1/executed_script.gp
a8f9c855fe08accc19fc988bebd6c301597b753ffd6baf1f1717d8e4dd9a7293	305	construction_p7_followup_run1/receipt.json
44691efeb12931cce04c71cc2f67ea3a6450b7f56deb9f9c974fc0f5edf58212	867	construction_p7_followup_run1/source_freeze.json
e3b0c44298fc1c149afbf4c8996fb92427ae41e4649b934ca495991b7852b855	0	construction_p7_followup_run1/stderr.txt
b5c169ac862433ed8b875fb68c2b086cb9173947325d58b847d320a83270180b	1386	construction_p7_followup_run1/stdout.txt
4e97c67f96d8c2adc12280a539ec086853e57a777784bc65eb39bedbe50feb87	3404	construction_p7_odd_run1/executed_driver_v1.txt
ec85d30200109a412df7e0c4a4016e85c48e41951054b16d23e09cbceccadf93	13948	construction_p7_odd_run1/executed_inputs.gp
a1962b829148cf8a972b8c34f75b12f8f4995100667985212251a107ee748020	8095	construction_p7_odd_run1/executed_script.gp
6ed92b693dae784bc0b440797c4c3514732824370858f08df9ac5275c8d72891	312	construction_p7_odd_run1/receipt.json
05baa958de27d5f7ae2db96b452ce540b4c7ac5f3cdcfeb1b322e6fe6ffde262	853	construction_p7_odd_run1/source_freeze.json
11ad01e12275235783eb72e52ddc77cfa19ad624cde053eb477de39083adfc93	697	construction_p7_odd_run1/stderr.txt
423800985e715b27e2127f2aee3cfe938f583d8d7306fd0fc5ac8a03a66b82c8	416	construction_p7_odd_run1/stdout.txt
4e97c67f96d8c2adc12280a539ec086853e57a777784bc65eb39bedbe50feb87	3404	construction_p7_odd_run2/executed_driver_v1.txt
ec85d30200109a412df7e0c4a4016e85c48e41951054b16d23e09cbceccadf93	13948	construction_p7_odd_run2/executed_inputs.gp
b8a4617e876587156b62f358f4f79832f3a470f1b1ba095fe6a2a58b82a3dba8	8105	construction_p7_odd_run2/executed_script.gp
189ff5a3171d864b2ad10d1de529c0e61fff3960e6b5d9040fc6daddc495c345	304	construction_p7_odd_run2/receipt.json
ab83818ff692c08e072bd3237e2b280e2e0dc184a4719390a6781f5d6ced8443	853	construction_p7_odd_run2/source_freeze.json
e3b0c44298fc1c149afbf4c8996fb92427ae41e4649b934ca495991b7852b855	0	construction_p7_odd_run2/stderr.txt
af10e2273293d326239a3b4bf687a8e37c1e6e9da3f36b788e95d1cd858da411	85100	construction_p7_odd_run2/stdout.txt
4e97c67f96d8c2adc12280a539ec086853e57a777784bc65eb39bedbe50feb87	3404	construction_p7_odd_run3/executed_driver_v1.txt
ec85d30200109a412df7e0c4a4016e85c48e41951054b16d23e09cbceccadf93	13948	construction_p7_odd_run3/executed_inputs.gp
51fd160e3b0537afd066ce5ef4fb66174a43a12a661ff3263d404cd90524ddaa	8225	construction_p7_odd_run3/executed_script.gp
8a4f98de3b1ced3f17c6debf59bab72197634fb1ba33f2f13dbf13f9e0c23d51	304	construction_p7_odd_run3/receipt.json
490822f43c4dc65f84f8c391fd70c3e49ed9db35d77b07756e848c67ee234082	853	construction_p7_odd_run3/source_freeze.json
e3b0c44298fc1c149afbf4c8996fb92427ae41e4649b934ca495991b7852b855	0	construction_p7_odd_run3/stderr.txt
fced7fafb5f561fe3036072e5195b47964f56f8a9f2c9fa1b1c4db680c211435	86281	construction_p7_odd_run3/stdout.txt
4e97c67f96d8c2adc12280a539ec086853e57a777784bc65eb39bedbe50feb87	3404	construction_p7_run1/executed_driver_v1.txt
ec85d30200109a412df7e0c4a4016e85c48e41951054b16d23e09cbceccadf93	13948	construction_p7_run1/executed_inputs.gp
a60949f711c036af960dfa8839a6a794d1133faa3a022fbcb0fadeccc08741e2	6818	construction_p7_run1/executed_script.gp
0530afcdeca12cdf745a6b80ed763697b13b47ca3a423a8fc9716596c71de4dd	302	construction_p7_run1/receipt.json
b2ad75a692badc8335a6f8446ffdea8b59cd64ff73c2200bf7d2e53524154ad4	849	construction_p7_run1/source_freeze.json
e3b0c44298fc1c149afbf4c8996fb92427ae41e4649b934ca495991b7852b855	0	construction_p7_run1/stderr.txt
ed7f606cdfe37e1bd8bc234e4c4b53b75ec5a367fe3c84fabd4a41409003951c	75413	construction_p7_run1/stdout.txt
4e97c67f96d8c2adc12280a539ec086853e57a777784bc65eb39bedbe50feb87	3404	construction_p7_targeted_run1/executed_driver_v1.txt
80280209e807c4fc5a9b51e40a92e73a94db6d0f3688a423144a22b47b68ee5d	693	construction_p7_targeted_run1/executed_inputs.gp
f1d513a46084ea6583a9f8f70c3d7ada81d4b079c9e3326d5699e5fc8be58cfd	8400	construction_p7_targeted_run1/executed_script.gp
a7b89240fe2d35ab1cc46a787ec15320fbb60d08876e72abd32cb7ef4bd737ac	304	construction_p7_targeted_run1/receipt.json
224f509e22fa6385efd6605bc3ab8ee67d3660d9c4c2d4606b76ebeeb8bcea69	867	construction_p7_targeted_run1/source_freeze.json
e3b0c44298fc1c149afbf4c8996fb92427ae41e4649b934ca495991b7852b855	0	construction_p7_targeted_run1/stderr.txt
2dbdabe74be95f0750a95b18688cb343c24c4ac111af579308ed125bb109d210	3923	construction_p7_targeted_run1/stdout.txt
722a3e4dd46a9d73db2a43b9eecde309e79c7530ad632a40edab9ad11676f581	341	construction_table.tex
a10b54b53f949e70be6cfbc1a07210538348a00d81ec61b83699895872c91965	171180	coverage.png
8a4ffe73da6cd8db9790b0b714fbd18f89f012b465fe76cdd0eb765995963625	4923	coverage.svg
67ecf08f024a3bef71b3713d8333fc545ff6521dfa603c983478de1446b2eab3	983	cubic_continuation_completed/continuation_resume.json
da352dc22af6273b33432655effbfc703ab0edc9f287b7389898b5fe388f72b7	50943	cubic_continuation_completed/gp_p61_control.csv
e3b0c44298fc1c149afbf4c8996fb92427ae41e4649b934ca495991b7852b855	0	cubic_continuation_completed/gp_p61_control.stderr
b1f79f28f09ffe293b8c6c1c9596261fb60637aaebe466dc74cc846eba61fd92	51279	cubic_continuation_completed/gp_p67_control.csv
e3b0c44298fc1c149afbf4c8996fb92427ae41e4649b934ca495991b7852b855	0	cubic_continuation_completed/gp_p67_control.stderr
fdd59c2ccf11f31aa68b79c42b0c86eee048d621a9b12e406c5fd89f39d7dad5	1957235	cubic_continuation_completed/p61_absolute.csv.zst
5503b8aff93ed0eb3f86424d2487a33e566daab42ec5a2cfa3c4742a9c582927	812	cubic_continuation_completed/p61_receipt.txt
e3b0c44298fc1c149afbf4c8996fb92427ae41e4649b934ca495991b7852b855	0	cubic_continuation_completed/p61_validation.stderr
ea72226dc0006aec4bbee415b152283829021593869a4bb39b6d38e701a33373	412	cubic_continuation_completed/p61_validation.txt
4b61834261d6697013cf8dbafd635f8423614501e4466fd63f4bc080f9b66a32	2661623	cubic_continuation_completed/p67_absolute.csv.zst
8c15a17d7199f3f80f87bc1fe7df7aabcfc9e36d7a45ddee981e1293be9cf9e7	812	cubic_continuation_completed/p67_receipt.txt
e3b0c44298fc1c149afbf4c8996fb92427ae41e4649b934ca495991b7852b855	0	cubic_continuation_completed/p67_validation.stderr
ce9639cd9c2015ed6475095def40053d74f04f038f7ab8f3cf8918d2983c83ed	412	cubic_continuation_completed/p67_validation.txt
b7b57e9d7c2b5a311adc91d635d0f89cdcb121763dbfe62dd4972aae156b5bce	736	cubic_continuation_completed/queue_status.tsv
2948fe989c77d6e8534693624be1b92c079fd840aee5f2e8fdff2233c93a2397	80	cubic_continuation_completed/resume_queue_status.tsv
08e106569e4f046e9433a035adeff06452d3097e5f4c888d373eccadfdd19c59	1651	cubic_continuation_completed/resume_run5.plist
120ef486047304141e45cef5531513e1d1a3a025b94a5943829e7d7118fd6afd	2285	cubic_continuation_completed/resume_service_started.txt
6fd6156fa90375af5133b882eb4f7cf7d0f13e008d56ed1514bce0559e95ed5f	2397	cubic_continuation_completed/resume_source_freeze.txt
6fd6156fa90375af5133b882eb4f7cf7d0f13e008d56ed1514bce0559e95ed5f	2397	cubic_continuation_completed/source_freeze.txt
d16fb940ae8527ea5b44cad443970b1942bb943d9373f49d6ebab1479e15c790	298552	curve_records.json
0a7385639411d1e79a50eff6c539d3ed2b7c56f4881a04aedec4342dd3ecbe18	1131	direct_controls.gp
4e97c67f96d8c2adc12280a539ec086853e57a777784bc65eb39bedbe50feb87	3404	direct_controls_run1/executed_driver_v1.txt
0a7385639411d1e79a50eff6c539d3ed2b7c56f4881a04aedec4342dd3ecbe18	1131	direct_controls_run1/executed_inputs.gp
a60949f711c036af960dfa8839a6a794d1133faa3a022fbcb0fadeccc08741e2	6818	direct_controls_run1/executed_script.gp
8c3cf171a4ddd22dc33005ab171c2f25a32a6583380badbf1020a2be7a2c9083	302	direct_controls_run1/receipt.json
b88a7424334bf6cfe02def4b8d08e872501535fb14b17df3b11992af2e3b1abf	854	direct_controls_run1/source_freeze.json
e3b0c44298fc1c149afbf4c8996fb92427ae41e4649b934ca495991b7852b855	0	direct_controls_run1/stderr.txt
461c18bed9a62edaa2704b8b124f1d039bd263743535dd01f6481c8c2431236b	36216	direct_controls_run1/stdout.txt
d44c2a323605b9b985880e9c5372df392fa2d29bd0bc46d3285e708ce71c0f99	3307	emit_replay.rs
ec2991834e962981e99bb65763cd98ff31bba925e5032ab56a16525d8d19388d	3443	exact.rs
481cd4d511b5c878c6eb5abc3c6c135d0534487b169abf10d1fc79ac0c1ec5a2	100	exact_p7_run1.txt
f745d033ae873234849ed715382ab10a2d5266a2a330000df9c1d4c64a52fb7e	3897	general_batch.rs
06b8048658ed4e419f0c73f5c7c5d38e31068166ff1d99012c1ab60f28ef280a	2057	general_control_inputs.gp
e654a13b9b90edbc01c684320a0d944ecb3176e157769a3b744d053efd15cf60	1191	general_controls.gp
4d8fde0fd49e20ad2710f410ebcb068f134c68e4a4c6f9c67553857c4fbb3c11	4273	general_controls_run1/executed_driver.txt
e654a13b9b90edbc01c684320a0d944ecb3176e157769a3b744d053efd15cf60	1191	general_controls_run1/executed_inputs.gp
df8efad6ce0e047908327f0332e36f42f948e5c31814536e7d71c6360c0864bf	3135	general_controls_run1/executed_protocol.md
256c6b588e725631c4a4671c80cb3093aae8bacc000fa3e4d8212489db5cddca	7897	general_controls_run1/executed_script.gp
fd5834fe0d3c18ebc6f5cd7adb0d8277cb93b14432e6b081e87daddae4da63c3	304	general_controls_run1/receipt.json
334a3f4f79c55c42feccfc92c2392063cec87da9a95a64d3ced3ff39f878ab97	983	general_controls_run1/source_freeze.json
e3b0c44298fc1c149afbf4c8996fb92427ae41e4649b934ca495991b7852b855	0	general_controls_run1/stderr.txt
e3c0d3ef3d92bcff6bb5d0a3c579e06c6e4fdfb89cc0f1d500f82531182fc703	27602	general_controls_run1/stdout.txt
9ef11799ed975a32b40e052d5f54becdb9e4b8b8a4f74a12bc18d3dbe933dca4	2329	general_inputs.rs
8f67b446797a3baff1767c03a90ca4540df04c7cb3fa6c12507e36e6df9cc431	1896	general_replay.rs
31c08a74bed8d5008e5eaf90944f9166e9384c37b2710e83f4b3824b4b5aadef	23866	general_replay_inputs.gp
4d8fde0fd49e20ad2710f410ebcb068f134c68e4a4c6f9c67553857c4fbb3c11	4273	general_replay_run1/executed_driver.txt
31c08a74bed8d5008e5eaf90944f9166e9384c37b2710e83f4b3824b4b5aadef	23866	general_replay_run1/executed_inputs.gp
df8efad6ce0e047908327f0332e36f42f948e5c31814536e7d71c6360c0864bf	3135	general_replay_run1/executed_protocol.md
149e88aae6c8f361e3f369b98596ac42662db254fc7d43f49379d92ebd916bf5	3125	general_replay_run1/executed_script.gp
cab4f5769713d72e76396dd9af5541f42e74d54673c0bfa18bcb1bbc0a26873a	315	general_replay_run1/receipt.json
bf79446dcdd9799f0b020b5bd99b4d598a8dd1d2650799526739999e3273a37a	865	general_replay_run1/source_freeze.json
e3b0c44298fc1c149afbf4c8996fb92427ae41e4649b934ca495991b7852b855	0	general_replay_run1/stderr.txt
cdbd71baaed200a620aa1a9b71c9e2b13cdb5a7b2bb2b536d1d6c9fae53bba7a	11854	general_replay_run1/stdout.txt
4d8fde0fd49e20ad2710f410ebcb068f134c68e4a4c6f9c67553857c4fbb3c11	4273	general_replay_run2/executed_driver.txt
31c08a74bed8d5008e5eaf90944f9166e9384c37b2710e83f4b3824b4b5aadef	23866	general_replay_run2/executed_inputs.gp
df8efad6ce0e047908327f0332e36f42f948e5c31814536e7d71c6360c0864bf	3135	general_replay_run2/executed_protocol.md
149e88aae6c8f361e3f369b98596ac42662db254fc7d43f49379d92ebd916bf5	3125	general_replay_run2/executed_script.gp
7e749ab59fa3a79f3198f24a5c26e1ce7283e8fe8994e608b411c232dd3bf7f6	304	general_replay_run2/receipt.json
977c2db86ac078a1a2acf3d258ee53209a7280595eee477428bf25f58b7e66f1	865	general_replay_run2/source_freeze.json
e3b0c44298fc1c149afbf4c8996fb92427ae41e4649b934ca495991b7852b855	0	general_replay_run2/stderr.txt
7d3acfe9d7629ca317b34d74e217dfa96c105bd0efc926b4e486677edc6fbd1f	27330	general_replay_run2/stdout.txt
55e7f19b1b77d048ea900aadaa53cc2384826ec19ec45b51516dbb343362f8fd	88868	general_sources.gp
7bf1a5bf1c2c79c61dcd215dafbf04fa558feaba8dbb1781bcba4458405e8f21	31399	identity_certificates.json
cbcedb062bee1aa2bbcd481547bf09932c9ff79f6b733013ba3188b31cf67518	532	identity_validation.txt
8e97ef0bd0de3d8094eddcf843d2205491b7c30215d236d443dca5331a9dad25	1824	inputs.rs
4975a45e379bf139e0fa98baf2330ac2f67dde40c83e8045dc908744064c1e16	222458	large_sources.gp
ea7321943060335ec39769f5b38a20027a038ee53a0fbbad7daa5c3a93a0f992	569	large_table.tex
0071386f3c93ad7ba569a9d96ee9d654682d9407c33c9df8ead357786d85904d	661	native_lib_tests.stderr
e3b0c44298fc1c149afbf4c8996fb92427ae41e4649b934ca495991b7852b855	0	native_lib_tests.txt
7d5bfe14f6fdfd534cd50c422b37f07e25ea0fb878708321e4c363b80df7a0e2	359	native_lib_tests_replay.stderr
b0b8870d8120d964c86f09fc7b02abbd879230329ed8def19d456f3cb255f60c	1632	native_lib_tests_replay.txt
44451ab44cf5eb2df05a31aa7d21551d8603fc152fb4fef339cd57150ee0c725	4550	native_tests.stderr
565e3d0fd54b256b6e90e00dc43b6e23c324c162e101ed09caca5d67ecc46158	3372	native_tests.txt
dcde49f797b1d43d0d75d8abf1b8f025c8889c659ce90d5b7272f5667d3d50e3	4720	native_tests_final.stderr
d7f504f0a1f0fabc8c66323f18053b5ed6465bf20213fdd987284ba67409644d	3485	native_tests_final.txt
74b3e0d11b49932eba294bf372dceb2f5fb9e1706de30b8ae0f92a92ab1daa16	17074	p11_classes.csv
4e97c67f96d8c2adc12280a539ec086853e57a777784bc65eb39bedbe50feb87	3404	p11_run1/executed_driver_v1.txt
e718a8fa3910610f17f6623424a7be037240e6392d9373a396b5bdf567e8a99d	3561	p11_run1/executed_script.gp
8e908db964c1c55454a89860a10e3552a2728bf2145d1f176b1dee850eb7f5ff	304	p11_run1/receipt.json
123023ca836d5e54344937b2fa8428f7a7814a5c968d2e3d09db2a199b717930	803	p11_run1/source_freeze.json
e3b0c44298fc1c149afbf4c8996fb92427ae41e4649b934ca495991b7852b855	0	p11_run1/stderr.txt
04fe45fffa53490d5099950f5a1ba54e3c35dcf0330f98fa0bd8b33f60462877	513968	p11_run1/stdout.txt
446c10760b31641e53baeb448ae9cff02e66fe3e00388c51e37c54d62d43c8cd	28927	p13_classes.csv
4e97c67f96d8c2adc12280a539ec086853e57a777784bc65eb39bedbe50feb87	3404	p13_run1/executed_driver_v1.txt
e718a8fa3910610f17f6623424a7be037240e6392d9373a396b5bdf567e8a99d	3561	p13_run1/executed_script.gp
bb7f4df6f21d9dc3d281af91a137c15632b7bb4bae1bf7caf08a9d51c4b001ec	303	p13_run1/receipt.json
cb608e2d83fe2c3e5d65fe7339c08baf9ddebf8e5b57c9d62e343ed93a70bd90	803	p13_run1/source_freeze.json
e3b0c44298fc1c149afbf4c8996fb92427ae41e4649b934ca495991b7852b855	0	p13_run1/stderr.txt
92a4add7390b1858d3024a276e078eb98ece13c39aca36c304afa4534fc60e9c	1004642	p13_run1/stdout.txt
ff7d9ae2a9aeb77573cda598df3c8ab95e2226b9cd92bb31b9f8b8faafe4b9f5	66559	p17_classes.csv
4e97c67f96d8c2adc12280a539ec086853e57a777784bc65eb39bedbe50feb87	3404	p17_run1/executed_driver_v1.txt
e718a8fa3910610f17f6623424a7be037240e6392d9373a396b5bdf567e8a99d	3561	p17_run1/executed_script.gp
ace8e0903ea459ebde023fa321d9639fc880d423a586f3da7fd09c294192b32e	304	p17_run1/receipt.json
5a4e078f4950f7c90d14a5a0a8cc68703393818a81ccf5c95f1ea3d95c4c1e68	803	p17_run1/source_freeze.json
e3b0c44298fc1c149afbf4c8996fb92427ae41e4649b934ca495991b7852b855	0	p17_run1/stderr.txt
968d578cebb3cf0d16704c278d77065949cec2eeb8d13f576a30b4e9a2e44e7e	2941858	p17_run1/stdout.txt
dee7cc82c5733bfb7d1d5e5aea2eaa51237e2c143e066a9c763a10c07bb7a1cc	95490	p19_classes.csv
4e97c67f96d8c2adc12280a539ec086853e57a777784bc65eb39bedbe50feb87	3404	p19_run1/executed_driver_v1.txt
e718a8fa3910610f17f6623424a7be037240e6392d9373a396b5bdf567e8a99d	3561	p19_run1/executed_script.gp
f618d5adf5af4db1c34590c5650a44480d09c93c04a9c0e74a04e00ee1267b92	304	p19_run1/receipt.json
f917db2cc3b84d4ec10afdd637cbe33b6e62fdd3e3fe71af593fecd64588d03a	803	p19_run1/source_freeze.json
e3b0c44298fc1c149afbf4c8996fb92427ae41e4649b934ca495991b7852b855	0	p19_run1/stderr.txt
304d75b28fe81919944c1c91e115c2cb478ca7ff98e40b721e446b4c92c58a28	4600802	p19_run1/stdout.txt
2db1540071e25e5c5c65017236126f0bb741e5f0ff64340a82ade90c65b2e5db	359665	p29_classes.csv
4e97c67f96d8c2adc12280a539ec086853e57a777784bc65eb39bedbe50feb87	3404	p29_run1/executed_driver_v1.txt
e718a8fa3910610f17f6623424a7be037240e6392d9373a396b5bdf567e8a99d	3561	p29_run1/executed_script.gp
0db3c146bdbbe099d729f7e5412aedeec3dcff3723bdc77516ee64e2be37a418	305	p29_run1/receipt.json
018cc5db95ca7af2269731f545a09c460882a3b2dfd3eea193e0445a0c69ddfd	803	p29_run1/source_freeze.json
e3b0c44298fc1c149afbf4c8996fb92427ae41e4649b934ca495991b7852b855	0	p29_run1/stderr.txt
729caa26c27c46c586de80e66e7e0c612559d282205d584c924b463f2d32b0e9	25104510	p29_run1/stdout.txt
017bf8a5a910bd4d0be0e8f274515c8e90959cc290d434730d67949be611a663	759169	p37_classes.csv
4e97c67f96d8c2adc12280a539ec086853e57a777784bc65eb39bedbe50feb87	3404	p37_run1/executed_driver_v1.txt
e718a8fa3910610f17f6623424a7be037240e6392d9373a396b5bdf567e8a99d	3561	p37_run1/executed_script.gp
b6117a94d38ef09918d78b415c79a0256604cf39eeeb46031923fb159a7ec3ce	305	p37_run1/receipt.json
a4f4cda9dcfb9841151fb4a7bc6750f29341f160ce7db8e00e246531e355a7f2	804	p37_run1/source_freeze.json
e3b0c44298fc1c149afbf4c8996fb92427ae41e4649b934ca495991b7852b855	0	p37_run1/stderr.txt
f08eac692705210d25221b4f2c1bd41f29af4b64af6bbe456d2c2e5021337330	66671379	p37_run1/stdout.txt
ad6fcfe4422fa6961523f287ca3b56e5f1eb16976c157d89bb0dbfb3938dc595	3662	p7_classes.csv
30818389c9cc818f06dd658e991f50a571290c4bc293bbcca2fa44bf4fa7cc57	259	p7_degree19_source.gp
80280209e807c4fc5a9b51e40a92e73a94db6d0f3688a423144a22b47b68ee5d	693	p7_followup_sources.gp
4e97c67f96d8c2adc12280a539ec086853e57a777784bc65eb39bedbe50feb87	3404	p7_run1/executed_driver_v1.txt
e718a8fa3910610f17f6623424a7be037240e6392d9373a396b5bdf567e8a99d	3561	p7_run1/executed_script.gp
d5c9228ea66046219400322822cb8a404a14eb2cdede653f52b23cc83bd365f8	303	p7_run1/receipt.json
2455c76f41704781e8d5a8265dc473c94b8b49d235e912cc0f4a7cfc2eb5cb39	802	p7_run1/source_freeze.json
e3b0c44298fc1c149afbf4c8996fb92427ae41e4649b934ca495991b7852b855	0	p7_run1/stderr.txt
fcf076d145a1b087c7dc4df26a6e3b32b39664bfe9350698956e68bfa607a786	88001	p7_run1/stdout.txt
ec85d30200109a412df7e0c4a4016e85c48e41951054b16d23e09cbceccadf93	13948	p7_sources.gp
9ebda554e8be6ae624ef10b113ff8c1e0567520ceab230e730f49e9bcec5d3cf	11800	present.rs
3306d3848128af893c071f0d66b971e43598c2bdfda73cd2850f4fe85ba0e3fd	6803	provenance_correction.json
4a33acd7fae41f00330ee15d335ee102ffd44d506c4a9099afb54285b0211735	5659	records.rs
d44c3890b77a240d2ffcdfe7117a828e73b889bdf19479347ede22e1dac935cf	2133	render_svg.swift
0a9436a9d2154ef1efb7789bc86570aa5d64f21b703282c9663a9d0bf5335c60	3061	replay.gp
149e88aae6c8f361e3f369b98596ac42662db254fc7d43f49379d92ebd916bf5	3125	replay_general.gp
d77f9f3e4f7d43a903fc4201460d92944b0b6d52af1dfe1ee3bed0bff4985825	111492	replay_inputs.gp
4e97c67f96d8c2adc12280a539ec086853e57a777784bc65eb39bedbe50feb87	3404	replay_run1/executed_driver_v1.txt
d77f9f3e4f7d43a903fc4201460d92944b0b6d52af1dfe1ee3bed0bff4985825	111492	replay_run1/executed_inputs.gp
0a9436a9d2154ef1efb7789bc86570aa5d64f21b703282c9663a9d0bf5335c60	3061	replay_run1/executed_script.gp
b2672324b88bf789769313b105deba490df85aecdaeafc9b3aac1b0f408d8a19	303	replay_run1/receipt.json
8a086189b971f6f538edb894d5282839907b372b1c056b95712a725074d4fed5	849	replay_run1/source_freeze.json
e3b0c44298fc1c149afbf4c8996fb92427ae41e4649b934ca495991b7852b855	0	replay_run1/stderr.txt
cd4c99b15ebaa01a16a976991c985c91ae17143c13b9e2c3a8b99078537d15de	173594	replay_run1/stdout.txt
4d8fde0fd49e20ad2710f410ebcb068f134c68e4a4c6f9c67553857c4fbb3c11	4273	run.rs
4e97c67f96d8c2adc12280a539ec086853e57a777784bc65eb39bedbe50feb87	3404	run_v1_snapshot.txt
760ca6f4de75044699fbf25cf5f5be67f03b7c796c1f59766481f49b5bd149e8	2087	seal.rs
e89831369d99ba74ab548e65a73a538a758d2f99f9aedd6ca36c381f7a21e789	752873	summary.json
e718a8fa3910610f17f6623424a7be037240e6392d9373a396b5bdf567e8a99d	3561	torus_census.gp
7a905b373a307fb59ad24a07521a9f280a7339e0b2e9d1ea43090b6ebab1f457	212916	two_branch_flow.png
50b88e993faaabee024f5393b170cffbef3496d80be6d47721ada21c69bc02d1	1843	two_branch_flow.svg
8c724c18753ba0f453ed3e58722be9c36e98589b18f31e0163c690cfa3eb3fef	3341	update_dashboard.rb
1eb5098b91727e29f18da3f0d810d36b03b7c52e947a1b3775b908ce83a1499e	1362	validation.txt
3f7e11dd6567d9b71ec7af5d7dad27d2ddc24e8343037e4f3832f99f27920a39	268070	verified_route.png
93f6d84fcb7714665a37ad39f23c70eb59f058e480d9a89d3d251df8b5669e58	2632	verified_route.svg
