p,trace,cubic,quadratic,combined
29,-48774,1,0,1
29,-48770,0,0,0
29,-48766,0,1,1
29,-48762,0,0,0
29,-48758,0,0,0
29,-48754,0,0,0
29,-48750,0,0,0
29,-48746,0,0,0
29,-48742,1,1,1
29,-48738,0,0,0
29,-48734,0,0,0
29,-48730,1,1,1
29,-48726,0,0,0
29,-48722,0,1,1
29,-48718,0,0,0
29,-48714,0,0,0
29,-48710,1,0,1
29,-48706,0,0,0
29,-48702,0,1,1
29,-48698,0,1,1
29,-48694,0,0,0
29,-48690,0,1,1
29,-48686,0,0,0
29,-48682,0,1,1
29,-48678,1,0,1
29,-48674,0,0,0
29,-48670,0,1,1
29,-48666,1,0,1
29,-48658,0,0,0
29,-48654,0,0,0
29,-48650,0,0,0
29,-48646,0,0,0
29,-48642,0,0,0
29,-48638,0,1,1
29,-48634,0,1,1
29,-48630,0,0,0
29,-48626,0,1,1
29,-48622,0,0,0
29,-48618,0,1,1
29,-48614,1,0,1
29,-48610,0,0,0
29,-48606,0,0,0
29,-48602,0,0,0
29,-48598,0,1,1
29,-48594,0,1,1
29,-48590,0,0,0
29,-48586,1,0,1
29,-48582,1,1,1
29,-48578,0,1,1
29,-48574,0,0,0
29,-48570,1,1,1
29,-48566,0,0,0
29,-48562,0,1,1
29,-48558,0,0,0
29,-48554,0,0,0
29,-48550,1,0,1
29,-48542,0,0,0
29,-48538,1,1,1
29,-48534,1,1,1
29,-48530,0,1,1
29,-48526,0,1,1
29,-48522,0,1,1
29,-48518,1,1,1
29,-48514,0,0,0
29,-48510,0,0,0
29,-48506,1,0,1
29,-48502,0,1,1
29,-48498,0,1,1
29,-48494,0,1,1
29,-48490,0,1,1
29,-48486,1,1,1
29,-48482,0,1,1
29,-48478,0,0,0
29,-48474,1,1,1
29,-48470,1,1,1
29,-48466,0,0,0
29,-48462,0,0,0
29,-48458,1,0,1
29,-48454,1,1,1
29,-48450,0,1,1
29,-48446,0,0,0
29,-48442,1,1,1
29,-48438,1,1,1
29,-48434,0,0,0
29,-48426,0,0,0
29,-48422,0,0,0
29,-48418,0,1,1
29,-48414,0,1,1
29,-48410,1,0,1
29,-48406,1,0,1
29,-48402,0,0,0
29,-48398,0,1,1
29,-48394,1,1,1
29,-48390,0,0,0
29,-48386,0,1,1
29,-48382,0,1,1
29,-48378,1,0,1
29,-48374,0,0,0
29,-48370,0,0,0
29,-48366,0,1,1
29,-48362,0,0,0
29,-48358,1,0,1
29,-48354,0,1,1
29,-48350,0,1,1
29,-48346,1,0,1
29,-48342,1,1,1
29,-48338,0,1,1
29,-48334,0,0,0
29,-48330,1,1,1
29,-48326,0,0,0
29,-48322,0,1,1
29,-48318,0,0,0
29,-48310,0,1,1
29,-48306,0,1,1
29,-48302,0,1,1
29,-48298,1,0,1
29,-48294,1,0,1
29,-48290,0,1,1
29,-48286,0,1,1
29,-48282,1,0,1
29,-48278,1,1,1
29,-48274,0,1,1
29,-48270,0,1,1
29,-48266,0,1,1
29,-48262,0,0,0
29,-48258,0,1,1
29,-48254,0,1,1
29,-48250,1,1,1
29,-48246,0,1,1
29,-48242,0,1,1
29,-48238,0,0,0
29,-48234,1,1,1
29,-48230,1,1,1
29,-48226,0,1,1
29,-48222,0,0,0
29,-48218,1,1,1
29,-48214,1,0,1
29,-48210,0,1,1
29,-48206,0,1,1
29,-48202,1,1,1
29,-48194,0,1,1
29,-48190,0,1,1
29,-48186,1,1,1
29,-48182,0,1,1
29,-48178,0,1,1
29,-48174,0,1,1
29,-48170,1,1,1
29,-48166,1,1,1
29,-48162,0,1,1
29,-48158,0,1,1
29,-48154,1,0,1
29,-48150,1,0,1
29,-48146,0,1,1
29,-48142,0,0,0
29,-48138,0,0,0
29,-48134,1,1,1
29,-48130,0,1,1
29,-48126,0,0,0
29,-48122,1,1,1
29,-48118,1,0,1
29,-48114,0,1,1
29,-48110,0,0,0
29,-48106,1,1,1
29,-48102,1,0,1
29,-48098,0,1,1
29,-48094,0,1,1
29,-48090,1,0,1
29,-48086,0,1,1
29,-48078,0,1,1
29,-48074,0,0,0
29,-48070,1,0,1
29,-48066,0,0,0
29,-48062,0,1,1
29,-48058,1,1,1
29,-48054,0,1,1
29,-48050,0,1,1
29,-48046,0,0,0
29,-48042,1,1,1
29,-48038,1,0,1
29,-48034,0,1,1
29,-48030,0,1,1
29,-48026,1,0,1
29,-48022,0,1,1
29,-48018,0,0,0
29,-48014,0,0,0
29,-48010,1,1,1
29,-48006,1,0,1
29,-48002,0,0,0
29,-47998,0,0,0
29,-47994,1,0,1
29,-47990,1,1,1
29,-47986,0,1,1
29,-47982,0,0,0
29,-47978,1,0,1
29,-47974,1,1,1
29,-47970,0,1,1
29,-47962,1,1,1
29,-47958,1,1,1
29,-47954,0,1,1
29,-47950,0,1,1
29,-47946,0,0,0
29,-47942,1,0,1
29,-47938,0,0,0
29,-47934,0,0,0
29,-47930,1,1,1
29,-47926,1,1,1
29,-47922,0,1,1
29,-47918,0,1,1
29,-47914,0,0,0
29,-47910,1,1,1
29,-47906,0,1,1
29,-47902,0,1,1
29,-47898,1,0,1
29,-47894,1,0,1
29,-47890,0,1,1
29,-47886,0,0,0
29,-47882,1,1,1
29,-47878,1,1,1
29,-47874,0,0,0
29,-47870,0,1,1
29,-47866,1,0,1
29,-47862,1,1,1
29,-47858,0,1,1
29,-47854,0,0,0
29,-47846,1,0,1
29,-47842,0,1,1
29,-47838,0,1,1
29,-47834,1,0,1
29,-47830,1,0,1
29,-47826,0,1,1
29,-47822,0,1,1
29,-47818,1,1,1
29,-47814,1,0,1
29,-47810,0,1,1
29,-47806,0,0,0
29,-47802,1,1,1
29,-47798,1,1,1
29,-47794,0,1,1
29,-47790,0,1,1
29,-47786,0,1,1
29,-47782,1,0,1
29,-47778,0,1,1
29,-47774,0,1,1
29,-47770,1,1,1
29,-47766,1,0,1
29,-47762,0,0,0
29,-47758,0,0,0
29,-47754,1,1,1
29,-47750,1,1,1
29,-47746,0,1,1
29,-47742,0,0,0
29,-47738,1,1,1
29,-47730,0,1,1
29,-47726,0,1,1
29,-47722,1,1,1
29,-47718,1,1,1
29,-47714,0,0,0
29,-47710,0,1,1
29,-47706,1,1,1
29,-47702,1,0,1
29,-47698,0,1,1
29,-47694,0,0,0
29,-47690,1,1,1
29,-47686,0,0,0
29,-47682,0,0,0
29,-47678,0,1,1
29,-47674,1,1,1
29,-47670,0,1,1
29,-47666,0,1,1
29,-47662,0,1,1
29,-47658,0,1,1
29,-47654,1,1,1
29,-47650,0,1,1
29,-47646,0,0,0
29,-47642,1,0,1
29,-47638,0,1,1
29,-47634,0,1,1
29,-47630,0,1,1
29,-47626,1,1,1
29,-47622,1,1,1
29,-47614,0,0,0
29,-47610,1,1,1
29,-47606,1,1,1
29,-47602,0,1,1
29,-47598,0,0,0
29,-47594,1,1,1
29,-47590,1,1,1
29,-47586,0,1,1
29,-47582,0,0,0
29,-47578,1,1,1
29,-47574,1,0,1
29,-47570,0,1,1
29,-47566,0,1,1
29,-47562,1,1,1
29,-47558,1,1,1
29,-47554,0,1,1
29,-47550,0,1,1
29,-47546,1,1,1
29,-47542,1,0,1
29,-47538,0,1,1
29,-47534,0,1,1
29,-47530,0,1,1
29,-47526,1,1,1
29,-47522,0,1,1
29,-47518,0,1,1
29,-47514,1,0,1
29,-47510,1,1,1
29,-47506,0,1,1
29,-47498,1,1,1
29,-47494,1,0,1
29,-47490,0,1,1
29,-47486,0,1,1
29,-47482,1,1,1
29,-47478,1,1,1
29,-47474,0,1,1
29,-47470,0,1,1
29,-47466,0,1,1
29,-47462,1,1,1
29,-47458,0,1,1
29,-47454,0,1,1
29,-47450,1,1,1
29,-47446,1,0,1
29,-47442,0,1,1
29,-47438,0,1,1
29,-47434,1,0,1
29,-47430,1,0,1
29,-47426,0,1,1
29,-47422,0,1,1
29,-47418,1,1,1
29,-47414,1,1,1
29,-47410,0,1,1
29,-47406,0,1,1
29,-47402,1,1,1
29,-47398,1,1,1
29,-47394,0,1,1
29,-47390,0,0,0
29,-47382,1,1,1
29,-47378,0,1,1
29,-47374,0,1,1
29,-47370,1,0,1
29,-47366,1,1,1
29,-47362,0,1,1
29,-47358,0,0,0
29,-47354,1,0,1
29,-47350,1,1,1
29,-47346,0,1,1
29,-47342,0,1,1
29,-47338,1,1,1
29,-47334,1,1,1
29,-47330,0,0,0
29,-47326,0,1,1
29,-47322,1,1,1
29,-47318,1,1,1
29,-47314,0,0,0
29,-47310,0,1,1
29,-47306,1,1,1
29,-47302,1,1,1
29,-47298,0,1,1
29,-47294,0,0,0
29,-47290,1,1,1
29,-47286,1,1,1
29,-47282,0,1,1
29,-47278,0,1,1
29,-47274,1,0,1
29,-47266,0,0,0
29,-47262,0,1,1
29,-47258,1,1,1
29,-47254,1,0,1
29,-47250,0,1,1
29,-47246,0,1,1
29,-47242,1,1,1
29,-47238,0,1,1
29,-47234,0,1,1
29,-47230,0,1,1
29,-47226,1,0,1
29,-47222,1,1,1
29,-47218,0,0,0
29,-47214,0,1,1
29,-47210,0,1,1
29,-47206,1,1,1
29,-47202,0,1,1
29,-47198,0,0,0
29,-47194,1,1,1
29,-47190,0,1,1
29,-47186,0,1,1
29,-47182,0,1,1
29,-47178,1,1,1
29,-47174,0,0,0
29,-47170,0,1,1
29,-47166,0,1,1
29,-47162,1,1,1
29,-47158,1,1,1
29,-47150,0,1,1
29,-47146,1,0,1
29,-47142,1,1,1
29,-47138,0,1,1
29,-47134,0,1,1
29,-47130,1,0,1
29,-47126,1,1,1
29,-47122,0,1,1
29,-47118,0,1,1
29,-47114,1,1,1
29,-47110,1,1,1
29,-47106,0,1,1
29,-47102,0,0,0
29,-47098,1,1,1
29,-47094,1,0,1
29,-47090,0,1,1
29,-47086,0,1,1
29,-47082,1,0,1
29,-47078,1,1,1
29,-47074,0,1,1
29,-47070,0,0,0
29,-47066,1,1,1
29,-47062,1,1,1
29,-47058,0,1,1
29,-47054,0,0,0
29,-47050,1,1,1
29,-47046,1,1,1
29,-47042,0,1,1
29,-47034,1,1,1
29,-47030,0,1,1
29,-47026,0,1,1
29,-47022,0,1,1
29,-47018,1,1,1
29,-47014,1,1,1
29,-47010,0,1,1
29,-47006,0,1,1
29,-47002,1,1,1
29,-46998,1,0,1
29,-46994,0,0,0
29,-46990,0,1,1
29,-46986,1,0,1
29,-46982,1,0,1
29,-46978,0,1,1
29,-46974,0,1,1
29,-46970,1,1,1
29,-46966,1,1,1
29,-46962,0,0,0
29,-46958,0,1,1
29,-46954,1,0,1
29,-46950,1,0,1
29,-46946,0,1,1
29,-46942,0,1,1
29,-46938,1,1,1
29,-46934,1,1,1
29,-46930,0,1,1
29,-46926,0,1,1
29,-46918,1,1,1
29,-46914,0,1,1
29,-46910,0,1,1
29,-46906,1,1,1
29,-46902,0,1,1
29,-46898,0,1,1
29,-46894,0,0,0
29,-46890,1,1,1
29,-46886,1,1,1
29,-46882,0,0,0
29,-46878,0,1,1
29,-46874,1,1,1
29,-46870,1,1,1
29,-46866,0,1,1
29,-46862,0,1,1
29,-46858,0,0,0
29,-46854,1,0,1
29,-46850,0,1,1
29,-46846,0,0,0
29,-46842,1,0,1
29,-46838,1,1,1
29,-46834,0,1,1
29,-46830,0,1,1
29,-46826,1,1,1
29,-46822,1,1,1
29,-46818,0,0,0
29,-46814,0,0,0
29,-46810,1,1,1
29,-46802,0,1,1
29,-46798,0,1,1
29,-46794,0,1,1
29,-46790,1,1,1
29,-46786,0,1,1
29,-46782,0,1,1
29,-46778,1,1,1
29,-46774,1,1,1
29,-46770,0,1,1
29,-46766,0,1,1
29,-46762,1,1,1
29,-46758,1,1,1
29,-46754,0,1,1
29,-46750,0,1,1
29,-46746,1,0,1
29,-46742,1,1,1
29,-46738,0,1,1
29,-46734,0,1,1
29,-46730,1,1,1
29,-46726,1,1,1
29,-46722,0,0,0
29,-46718,0,0,0
29,-46714,1,1,1
29,-46710,1,1,1
29,-46706,0,1,1
29,-46702,0,1,1
29,-46698,1,1,1
29,-46694,1,0,1
29,-46686,0,0,0
29,-46682,1,1,1
29,-46678,1,1,1
29,-46674,0,1,1
29,-46670,0,1,1
29,-46666,1,1,1
29,-46662,1,1,1
29,-46658,0,1,1
29,-46654,0,1,1
29,-46650,1,1,1
29,-46646,1,1,1
29,-46642,0,1,1
29,-46638,0,1,1
29,-46634,1,0,1
29,-46630,1,1,1
29,-46626,0,1,1
29,-46622,0,1,1
29,-46618,1,1,1
29,-46614,1,1,1
29,-46610,0,1,1
29,-46606,0,1,1
29,-46602,1,0,1
29,-46598,1,1,1
29,-46594,0,1,1
29,-46590,0,1,1
29,-46586,1,1,1
29,-46582,1,1,1
29,-46578,0,1,1
29,-46570,1,1,1
29,-46566,1,1,1
29,-46562,0,1,1
29,-46558,0,1,1
29,-46554,1,1,1
29,-46550,1,1,1
29,-46546,0,1,1
29,-46542,0,1,1
29,-46538,1,1,1
29,-46534,1,1,1
29,-46530,0,1,1
29,-46526,0,1,1
29,-46522,1,0,1
29,-46518,0,1,1
29,-46514,0,1,1
29,-46510,0,1,1
29,-46506,1,1,1
29,-46502,1,1,1
29,-46498,0,0,0
29,-46494,0,1,1
29,-46490,1,1,1
29,-46486,1,0,1
29,-46482,0,0,0
29,-46478,0,1,1
29,-46474,1,1,1
29,-46470,0,1,1
29,-46466,0,1,1
29,-46462,0,1,1
29,-46454,1,0,1
29,-46450,0,1,1
29,-46446,0,1,1
29,-46442,0,1,1
29,-46438,1,1,1
29,-46434,0,0,0
29,-46430,0,1,1
29,-46426,1,1,1
29,-46422,1,1,1
29,-46418,0,1,1
29,-46414,0,1,1
29,-46410,1,1,1
29,-46406,1,1,1
29,-46402,0,1,1
29,-46398,0,0,0
29,-46394,1,1,1
29,-46390,1,1,1
29,-46386,0,0,0
29,-46382,0,1,1
29,-46378,1,1,1
29,-46374,1,0,1
29,-46370,0,1,1
29,-46366,0,1,1
29,-46362,1,0,1
29,-46358,1,1,1
29,-46354,0,0,0
29,-46350,0,1,1
29,-46346,1,1,1
29,-46338,0,1,1
29,-46334,0,1,1
29,-46330,1,0,1
29,-46326,0,0,0
29,-46322,0,1,1
29,-46318,0,1,1
29,-46314,0,1,1
29,-46310,1,1,1
29,-46306,0,1,1
29,-46302,0,0,0
29,-46298,1,0,1
29,-46294,1,1,1
29,-46290,0,1,1
29,-46286,0,1,1
29,-46282,1,1,1
29,-46278,1,1,1
29,-46274,0,1,1
29,-46270,0,1,1
29,-46266,1,1,1
29,-46262,1,1,1
29,-46258,0,1,1
29,-46254,0,1,1
29,-46250,1,1,1
29,-46246,1,0,1
29,-46242,0,0,0
29,-46238,0,0,0
29,-46234,1,1,1
29,-46230,1,0,1
29,-46222,0,1,1
29,-46218,1,0,1
29,-46214,1,1,1
29,-46210,0,1,1
29,-46206,0,1,1
29,-46202,1,1,1
29,-46198,1,1,1
29,-46194,0,1,1
29,-46190,0,1,1
29,-46186,1,1,1
29,-46182,1,0,1
29,-46178,0,1,1
29,-46174,0,1,1
29,-46170,1,1,1
29,-46166,1,1,1
29,-46162,0,1,1
29,-46158,0,1,1
29,-46154,0,1,1
29,-46150,1,1,1
29,-46146,0,0,0
29,-46142,0,1,1
29,-46138,1,1,1
29,-46134,1,1,1
29,-46130,0,1,1
29,-46126,0,1,1
29,-46122,1,1,1
29,-46118,1,1,1
29,-46114,0,1,1
29,-46106,1,1,1
29,-46102,1,1,1
29,-46098,0,0,0
29,-46094,0,1,1
29,-46090,1,0,1
29,-46086,1,0,1
29,-46082,0,1,1
29,-46078,0,1,1
29,-46074,1,1,1
29,-46070,1,0,1
29,-46066,0,1,1
29,-46062,0,1,1
29,-46058,1,1,1
29,-46054,1,1,1
29,-46050,0,1,1
29,-46046,0,1,1
29,-46042,1,1,1
29,-46038,1,1,1
29,-46034,0,1,1
29,-46030,0,1,1
29,-46026,0,1,1
29,-46022,1,1,1
29,-46018,0,0,0
29,-46014,0,0,0
29,-46010,1,1,1
29,-46006,1,0,1
29,-46002,0,1,1
29,-45998,0,1,1
29,-45990,1,1,1
29,-45986,0,1,1
29,-45982,0,1,1
29,-45978,1,1,1
29,-45974,1,1,1
29,-45970,0,1,1
29,-45966,0,1,1
29,-45962,1,1,1
29,-45958,1,1,1
29,-45954,0,1,1
29,-45950,0,1,1
29,-45946,1,0,1
29,-45942,1,1,1
29,-45938,0,1,1
29,-45934,0,1,1
29,-45930,1,1,1
29,-45926,1,1,1
29,-45922,0,1,1
29,-45918,0,1,1
29,-45914,1,1,1
29,-45910,1,1,1
29,-45906,0,0,0
29,-45902,0,1,1
29,-45898,1,1,1
29,-45894,1,1,1
29,-45890,0,1,1
29,-45886,0,1,1
29,-45882,1,1,1
29,-45874,0,1,1
29,-45870,0,0,0
29,-45866,1,1,1
29,-45862,1,1,1
29,-45858,0,1,1
29,-45854,0,1,1
29,-45850,1,0,1
29,-45846,1,1,1
29,-45842,0,1,1
29,-45838,0,1,1
29,-45834,1,1,1
29,-45830,1,1,1
29,-45826,0,1,1
29,-45822,0,1,1
29,-45818,1,1,1
29,-45814,1,1,1
29,-45810,0,1,1
29,-45806,0,1,1
29,-45802,1,1,1
29,-45798,1,1,1
29,-45794,0,1,1
29,-45790,0,1,1
29,-45786,1,1,1
29,-45782,1,1,1
29,-45778,0,1,1
29,-45774,0,1,1
29,-45770,0,0,0
29,-45766,1,1,1
29,-45758,0,1,1
29,-45754,1,1,1
29,-45750,1,1,1
29,-45746,0,1,1
29,-45742,0,0,0
29,-45738,1,1,1
29,-45734,1,1,1
29,-45730,0,1,1
29,-45726,0,1,1
29,-45722,1,1,1
29,-45718,1,1,1
29,-45714,0,1,1
29,-45710,0,1,1
29,-45706,0,1,1
29,-45702,1,1,1
29,-45698,0,1,1
29,-45694,0,1,1
29,-45690,1,1,1
29,-45686,1,1,1
29,-45682,0,1,1
29,-45678,0,1,1
29,-45674,1,0,1
29,-45670,1,1,1
29,-45666,0,0,0
29,-45662,0,1,1
29,-45658,1,1,1
29,-45654,1,1,1
29,-45650,0,1,1
29,-45642,0,1,1
29,-45638,1,1,1
29,-45634,0,1,1
29,-45630,0,1,1
29,-45626,1,1,1
29,-45622,1,0,1
29,-45618,0,1,1
29,-45614,0,1,1
29,-45610,1,1,1
29,-45606,1,1,1
29,-45602,0,1,1
29,-45598,0,1,1
29,-45594,1,1,1
29,-45590,1,1,1
29,-45586,0,1,1
29,-45582,0,1,1
29,-45578,1,1,1
29,-45574,1,0,1
29,-45570,0,0,0
29,-45566,0,1,1
29,-45562,1,1,1
29,-45558,1,1,1
29,-45554,0,1,1
29,-45550,0,1,1
29,-45546,0,1,1
29,-45542,1,1,1
29,-45538,0,1,1
29,-45534,0,1,1
29,-45526,1,1,1
29,-45522,0,1,1
29,-45518,0,0,0
29,-45514,0,1,1
29,-45510,1,1,1
29,-45506,0,1,1
29,-45502,0,1,1
29,-45498,1,1,1
29,-45494,1,1,1
29,-45490,0,1,1
29,-45486,0,1,1
29,-45482,0,1,1
29,-45478,1,1,1
29,-45474,0,1,1
29,-45470,0,1,1
29,-45466,1,1,1
29,-45462,1,1,1
29,-45458,0,1,1
29,-45454,0,1,1
29,-45450,1,1,1
29,-45446,1,1,1
29,-45442,0,1,1
29,-45438,0,1,1
29,-45434,1,1,1
29,-45430,1,1,1
29,-45426,0,1,1
29,-45422,0,1,1
29,-45418,1,1,1
29,-45410,0,0,0
29,-45406,0,0,0
29,-45402,1,1,1
29,-45398,1,1,1
29,-45394,0,1,1
29,-45390,0,1,1
29,-45386,1,1,1
29,-45382,1,1,1
29,-45378,0,1,1
29,-45374,0,0,0
29,-45370,1,1,1
29,-45366,1,1,1
29,-45362,0,0,0
29,-45358,0,1,1
29,-45354,0,0,0
29,-45350,1,1,1
29,-45346,0,0,0
29,-45342,0,1,1
29,-45338,1,1,1
29,-45334,0,1,1
29,-45330,0,1,1
29,-45326,0,1,1
29,-45322,1,1,1
29,-45318,1,1,1
29,-45314,0,1,1
29,-45310,0,1,1
29,-45306,1,0,1
29,-45302,1,1,1
29,-45294,0,1,1
29,-45290,1,1,1
29,-45286,1,1,1
29,-45282,0,0,0
29,-45278,0,1,1
29,-45274,1,1,1
29,-45270,1,1,1
29,-45266,0,1,1
29,-45262,0,1,1
29,-45258,0,0,0
29,-45254,1,1,1
29,-45250,0,1,1
29,-45246,0,1,1
29,-45242,1,1,1
29,-45238,1,1,1
29,-45234,0,0,0
29,-45230,0,1,1
29,-45226,1,1,1
29,-45222,1,1,1
29,-45218,0,1,1
29,-45214,0,1,1
29,-45210,1,1,1
29,-45206,1,1,1
29,-45202,0,1,1
29,-45198,0,1,1
29,-45194,1,1,1
29,-45190,1,1,1
29,-45186,0,1,1
29,-45178,1,1,1
29,-45174,1,1,1
29,-45170,0,1,1
29,-45166,0,1,1
29,-45162,0,1,1
29,-45158,1,1,1
29,-45154,0,1,1
29,-45150,0,1,1
29,-45146,1,1,1
29,-45142,1,1,1
29,-45138,0,1,1
29,-45134,0,1,1
29,-45130,1,1,1
29,-45126,1,1,1
29,-45122,0,1,1
29,-45118,0,1,1
29,-45114,1,1,1
29,-45110,1,1,1
29,-45106,0,1,1
29,-45102,0,0,0
29,-45098,1,1,1
29,-45094,1,1,1
29,-45090,0,1,1
29,-45086,0,1,1
29,-45082,1,1,1
29,-45078,0,0,0
29,-45074,0,0,0
29,-45070,0,1,1
29,-45062,1,1,1
29,-45058,0,1,1
29,-45054,0,1,1
29,-45050,1,1,1
29,-45046,1,1,1
29,-45042,0,1,1
29,-45038,0,1,1
29,-45034,1,1,1
29,-45030,1,1,1
29,-45026,0,1,1
29,-45022,0,1,1
29,-45018,1,1,1
29,-45014,1,1,1
29,-45010,0,1,1
29,-45006,0,1,1
29,-45002,1,1,1
29,-44998,1,1,1
29,-44994,0,1,1
29,-44990,0,1,1
29,-44986,1,1,1
29,-44982,1,1,1
29,-44978,0,1,1
29,-44974,0,1,1
29,-44970,1,0,1
29,-44966,1,1,1
29,-44962,0,1,1
29,-44958,0,1,1
29,-44954,1,1,1
29,-44946,0,1,1
29,-44942,0,1,1
29,-44938,1,1,1
29,-44934,1,0,1
29,-44930,0,1,1
29,-44926,0,0,0
29,-44922,1,1,1
29,-44918,1,1,1
29,-44914,0,1,1
29,-44910,0,1,1
29,-44906,1,1,1
29,-44902,1,1,1
29,-44898,0,0,0
29,-44894,0,1,1
29,-44890,1,1,1
29,-44886,1,1,1
29,-44882,0,1,1
29,-44878,0,1,1
29,-44874,1,1,1
29,-44870,1,1,1
29,-44866,0,0,0
29,-44862,0,1,1
29,-44858,1,1,1
29,-44854,1,1,1
29,-44850,0,1,1
29,-44846,0,1,1
29,-44842,1,1,1
29,-44838,1,0,1
29,-44830,0,1,1
29,-44826,1,1,1
29,-44822,1,1,1
29,-44818,0,1,1
29,-44814,0,0,0
29,-44810,1,1,1
29,-44806,1,1,1
29,-44802,0,0,0
29,-44798,0,1,1
29,-44794,1,0,1
29,-44790,1,1,1
29,-44786,0,1,1
29,-44782,0,1,1
29,-44778,1,1,1
29,-44774,1,0,1
29,-44770,0,1,1
29,-44766,0,1,1
29,-44762,1,1,1
29,-44758,1,1,1
29,-44754,0,1,1
29,-44750,0,1,1
29,-44746,1,1,1
29,-44742,1,1,1
29,-44738,0,1,1
29,-44734,0,1,1
29,-44730,1,1,1
29,-44726,1,1,1
29,-44722,0,1,1
29,-44714,1,1,1
29,-44710,1,1,1
29,-44706,0,1,1
29,-44702,0,1,1
29,-44698,1,1,1
29,-44694,1,1,1
29,-44690,0,1,1
29,-44686,0,1,1
29,-44682,1,1,1
29,-44678,1,1,1
29,-44674,0,0,0
29,-44670,0,1,1
29,-44666,1,1,1
29,-44662,1,1,1
29,-44658,0,1,1
29,-44654,0,1,1
29,-44650,1,1,1
29,-44646,1,1,1
29,-44642,0,1,1
29,-44638,0,1,1
29,-44634,1,0,1
29,-44630,1,1,1
29,-44626,0,1,1
29,-44622,0,1,1
29,-44618,1,1,1
29,-44614,1,1,1
29,-44610,0,1,1
29,-44606,0,1,1
29,-44598,1,0,1
29,-44594,0,1,1
29,-44590,0,1,1
29,-44586,0,1,1
29,-44582,1,1,1
29,-44578,0,1,1
29,-44574,0,1,1
29,-44570,1,1,1
29,-44566,1,1,1
29,-44562,0,1,1
29,-44558,0,1,1
29,-44554,1,1,1
29,-44550,1,1,1
29,-44546,0,0,0
29,-44542,0,1,1
29,-44538,1,1,1
29,-44534,1,0,1
29,-44530,0,1,1
29,-44526,0,1,1
29,-44522,1,1,1
29,-44518,1,1,1
29,-44514,0,0,0
29,-44510,0,1,1
29,-44506,1,0,1
29,-44502,0,1,1
29,-44498,0,1,1
29,-44494,0,1,1
29,-44490,1,1,1
29,-44482,0,0,0
29,-44478,0,1,1
29,-44474,1,1,1
29,-44470,1,1,1
29,-44466,0,1,1
29,-44462,0,1,1
29,-44458,1,1,1
29,-44454,1,1,1
29,-44450,0,1,1
29,-44446,0,1,1
29,-44442,1,0,1
29,-44438,1,1,1
29,-44434,0,1,1
29,-44430,0,1,1
29,-44426,0,1,1
29,-44422,1,1,1
29,-44418,0,1,1
29,-44414,0,1,1
29,-44410,1,1,1
29,-44406,1,1,1
29,-44402,0,1,1
29,-44398,0,1,1
29,-44394,1,0,1
29,-44390,1,1,1
29,-44386,0,1,1
29,-44382,0,1,1
29,-44378,1,1,1
29,-44374,1,1,1
29,-44366,0,1,1
29,-44362,1,1,1
29,-44358,1,1,1
29,-44354,0,1,1
29,-44350,0,1,1
29,-44346,1,1,1
29,-44342,1,1,1
29,-44338,0,1,1
29,-44334,0,1,1
29,-44330,1,1,1
29,-44326,1,1,1
29,-44322,0,1,1
29,-44318,0,1,1
29,-44314,1,1,1
29,-44310,0,1,1
29,-44306,0,0,0
29,-44302,0,1,1
29,-44298,1,1,1
29,-44294,1,1,1
29,-44290,0,1,1
29,-44286,0,0,0
29,-44282,1,1,1
29,-44278,1,0,1
29,-44274,0,1,1
29,-44270,0,1,1
29,-44266,1,1,1
29,-44262,1,1,1
29,-44258,0,1,1
29,-44250,1,1,1
29,-44246,1,0,1
29,-44242,0,1,1
29,-44238,0,1,1
29,-44234,1,1,1
29,-44230,1,1,1
29,-44226,0,1,1
29,-44222,0,1,1
29,-44218,1,1,1
29,-44214,1,1,1
29,-44210,0,1,1
29,-44206,0,1,1
29,-44202,1,1,1
29,-44198,1,1,1
29,-44194,0,0,0
29,-44190,0,1,1
29,-44186,1,1,1
29,-44182,1,1,1
29,-44178,0,1,1
29,-44174,0,1,1
29,-44170,1,1,1
29,-44166,1,1,1
29,-44162,0,1,1
29,-44158,0,1,1
29,-44154,1,1,1
29,-44150,1,1,1
29,-44146,0,1,1
29,-44142,0,1,1
29,-44134,1,1,1
29,-44130,0,1,1
29,-44126,0,1,1
29,-44122,1,1,1
29,-44118,1,1,1
29,-44114,0,0,0
29,-44110,0,1,1
29,-44106,1,1,1
29,-44102,1,1,1
29,-44098,0,1,1
29,-44094,0,1,1
29,-44090,1,1,1
29,-44086,1,1,1
29,-44082,0,1,1
29,-44078,0,1,1
29,-44074,1,1,1
29,-44070,1,1,1
29,-44066,0,1,1
29,-44062,0,1,1
29,-44058,1,1,1
29,-44054,0,1,1
29,-44050,0,1,1
29,-44046,0,0,0
29,-44042,0,1,1
29,-44038,1,1,1
29,-44034,0,1,1
29,-44030,0,1,1
29,-44026,1,0,1
29,-44018,0,1,1
29,-44014,0,1,1
29,-44010,1,1,1
29,-44006,1,1,1
29,-44002,0,1,1
29,-43998,0,1,1
29,-43994,1,1,1
29,-43990,1,1,1
29,-43986,0,1,1
29,-43982,0,1,1
29,-43978,1,1,1
29,-43974,1,0,1
29,-43970,0,1,1
29,-43966,0,1,1
29,-43962,1,1,1
29,-43958,1,1,1
29,-43954,0,1,1
29,-43950,0,0,0
29,-43946,1,1,1
29,-43942,1,1,1
29,-43938,0,1,1
29,-43934,0,1,1
29,-43930,1,1,1
29,-43926,1,1,1
29,-43922,0,1,1
29,-43918,0,1,1
29,-43914,1,1,1
29,-43910,1,1,1
29,-43902,0,1,1
29,-43898,1,1,1
29,-43894,1,0,1
29,-43890,0,1,1
29,-43886,0,1,1
29,-43882,1,1,1
29,-43878,1,1,1
29,-43874,0,1,1
29,-43870,0,0,0
29,-43866,1,1,1
29,-43862,1,1,1
29,-43858,0,1,1
29,-43854,0,1,1
29,-43850,1,1,1
29,-43846,1,1,1
29,-43842,0,1,1
29,-43838,0,1,1
29,-43834,1,0,1
29,-43830,1,0,1
29,-43826,0,1,1
29,-43822,0,1,1
29,-43818,1,1,1
29,-43814,1,1,1
29,-43810,0,1,1
29,-43806,0,0,0
29,-43802,1,1,1
29,-43798,1,1,1
29,-43794,0,1,1
29,-43786,1,1,1
29,-43782,1,1,1
29,-43778,0,1,1
29,-43774,0,1,1
29,-43770,1,1,1
29,-43766,1,1,1
29,-43762,0,1,1
29,-43758,0,1,1
29,-43754,1,1,1
29,-43750,1,1,1
29,-43746,0,1,1
29,-43742,0,1,1
29,-43738,1,1,1
29,-43734,1,1,1
29,-43730,0,1,1
29,-43726,0,1,1
29,-43722,1,1,1
29,-43718,1,1,1
29,-43714,0,1,1
29,-43710,0,1,1
29,-43706,1,1,1
29,-43702,1,1,1
29,-43698,0,1,1
29,-43694,0,1,1
29,-43690,1,1,1
29,-43686,1,1,1
29,-43682,0,1,1
29,-43678,0,1,1
29,-43670,1,1,1
29,-43666,0,1,1
29,-43662,0,0,0
29,-43658,1,1,1
29,-43654,1,1,1
29,-43650,0,1,1
29,-43646,0,1,1
29,-43642,1,1,1
29,-43638,0,1,1
29,-43634,0,1,1
29,-43630,0,1,1
29,-43626,1,1,1
29,-43622,1,1,1
29,-43618,0,1,1
29,-43614,0,1,1
29,-43610,1,1,1
29,-43606,1,1,1
29,-43602,0,1,1
29,-43598,0,1,1
29,-43594,1,1,1
29,-43590,1,1,1
29,-43586,0,0,0
29,-43582,0,1,1
29,-43578,1,1,1
29,-43574,1,1,1
29,-43570,0,1,1
29,-43566,0,0,0
29,-43562,1,1,1
29,-43554,0,1,1
29,-43550,0,1,1
29,-43546,1,1,1
29,-43542,1,1,1
29,-43538,0,1,1
29,-43534,0,0,0
29,-43530,0,1,1
29,-43526,1,1,1
29,-43522,0,1,1
29,-43518,0,1,1
29,-43514,1,1,1
29,-43510,1,1,1
29,-43506,0,1,1
29,-43502,0,1,1
29,-43498,1,1,1
29,-43494,1,1,1
29,-43490,0,1,1
29,-43486,0,1,1
29,-43482,1,1,1
29,-43478,1,1,1
29,-43474,0,0,0
29,-43470,0,1,1
29,-43466,1,1,1
29,-43462,1,0,1
29,-43458,0,1,1
29,-43454,0,1,1
29,-43450,1,1,1
29,-43446,1,1,1
29,-43438,0,0,0
29,-43434,0,1,1
29,-43430,1,1,1
29,-43426,0,1,1
29,-43422,0,1,1
29,-43418,1,1,1
29,-43414,1,1,1
29,-43410,0,1,1
29,-43406,0,1,1
29,-43402,1,1,1
29,-43398,1,1,1
29,-43394,0,1,1
29,-43390,0,1,1
29,-43386,1,0,1
29,-43382,1,1,1
29,-43378,0,1,1
29,-43374,0,0,0
29,-43370,1,1,1
29,-43366,1,1,1
29,-43362,0,0,0
29,-43358,0,1,1
29,-43354,1,1,1
29,-43350,1,1,1
29,-43346,0,1,1
29,-43342,0,1,1
29,-43338,1,1,1
29,-43334,1,1,1
29,-43330,0,1,1
29,-43322,1,1,1
29,-43318,1,1,1
29,-43314,0,1,1
29,-43310,0,1,1
29,-43306,0,1,1
29,-43302,1,0,1
29,-43298,0,1,1
29,-43294,0,1,1
29,-43290,1,1,1
29,-43286,0,1,1
29,-43282,0,1,1
29,-43278,0,1,1
29,-43274,1,1,1
29,-43270,1,1,1
29,-43266,0,1,1
29,-43262,0,1,1
29,-43258,1,1,1
29,-43254,1,1,1
29,-43250,0,1,1
29,-43246,0,1,1
29,-43242,1,1,1
29,-43238,1,1,1
29,-43234,0,1,1
29,-43230,0,1,1
29,-43226,1,1,1
29,-43222,1,1,1
29,-43218,0,1,1
29,-43214,0,1,1
29,-43206,1,1,1
29,-43202,0,1,1
29,-43198,0,1,1
29,-43194,1,1,1
29,-43190,0,0,0
29,-43186,0,1,1
29,-43182,0,1,1
29,-43178,1,1,1
29,-43174,1,1,1
29,-43170,0,1,1
29,-43166,0,1,1
29,-43162,1,0,1
29,-43158,1,1,1
29,-43154,0,1,1
29,-43150,0,1,1
29,-43146,0,1,1
29,-43142,1,1,1
29,-43138,0,1,1
29,-43134,0,1,1
29,-43130,1,1,1
29,-43126,1,1,1
29,-43122,0,1,1
29,-43118,0,1,1
29,-43114,1,1,1
29,-43110,1,1,1
29,-43106,0,1,1
29,-43102,0,1,1
29,-43098,1,1,1
29,-43090,0,1,1
29,-43086,0,1,1
29,-43082,1,1,1
29,-43078,1,0,1
29,-43074,0,1,1
29,-43070,0,1,1
29,-43066,1,1,1
29,-43062,1,1,1
29,-43058,0,1,1
29,-43054,0,1,1
29,-43050,1,1,1
29,-43046,1,1,1
29,-43042,0,1,1
29,-43038,0,1,1
29,-43034,1,1,1
29,-43030,1,1,1
29,-43026,0,0,0
29,-43022,0,1,1
29,-43018,1,1,1
29,-43014,1,1,1
29,-43010,0,1,1
29,-43006,0,1,1
29,-43002,1,1,1
29,-42998,1,1,1
29,-42994,0,1,1
29,-42990,0,1,1
29,-42986,1,1,1
29,-42982,1,1,1
29,-42974,0,1,1
29,-42970,1,1,1
29,-42966,1,1,1
29,-42962,0,1,1
29,-42958,0,1,1
29,-42954,1,1,1
29,-42950,1,1,1
29,-42946,0,1,1
29,-42942,0,1,1
29,-42938,1,1,1
29,-42934,1,1,1
29,-42930,0,1,1
29,-42926,0,1,1
29,-42922,1,1,1
29,-42918,1,1,1
29,-42914,0,1,1
29,-42910,0,1,1
29,-42906,1,1,1
29,-42902,1,1,1
29,-42898,0,0,0
29,-42894,0,1,1
29,-42890,1,1,1
29,-42886,1,1,1
29,-42882,0,1,1
29,-42878,0,1,1
29,-42874,1,1,1
29,-42870,1,1,1
29,-42866,0,1,1
29,-42858,1,0,1
29,-42854,1,1,1
29,-42850,0,1,1
29,-42846,0,0,0
29,-42842,1,1,1
29,-42838,1,1,1
29,-42834,0,1,1
29,-42830,0,1,1
29,-42826,1,1,1
29,-42822,1,1,1
29,-42818,0,1,1
29,-42814,0,1,1
29,-42810,1,1,1
29,-42806,1,1,1
29,-42802,0,1,1
29,-42798,0,1,1
29,-42794,1,1,1
29,-42790,1,1,1
29,-42786,0,1,1
29,-42782,0,1,1
29,-42778,1,1,1
29,-42774,1,1,1
29,-42770,0,1,1
29,-42766,0,1,1
29,-42762,1,1,1
29,-42758,1,1,1
29,-42754,0,1,1
29,-42750,0,1,1
29,-42742,1,1,1
29,-42738,0,1,1
29,-42734,0,1,1
29,-42730,1,1,1
29,-42726,1,1,1
29,-42722,0,1,1
29,-42718,0,1,1
29,-42714,1,1,1
29,-42710,1,1,1
29,-42706,0,1,1
29,-42702,0,1,1
29,-42698,1,1,1
29,-42694,1,1,1
29,-42690,0,1,1
29,-42686,0,1,1
29,-42682,1,1,1
29,-42678,1,1,1
29,-42674,0,1,1
29,-42670,0,1,1
29,-42666,1,1,1
29,-42662,1,1,1
29,-42658,0,1,1
29,-42654,0,0,0
29,-42650,1,1,1
29,-42646,1,0,1
29,-42642,0,1,1
29,-42638,0,1,1
29,-42634,1,1,1
29,-42626,0,1,1
29,-42622,0,1,1
29,-42618,1,1,1
29,-42614,1,1,1
29,-42610,0,1,1
29,-42606,0,1,1
29,-42602,0,1,1
29,-42598,1,1,1
29,-42594,0,1,1
29,-42590,0,1,1
29,-42586,1,1,1
29,-42582,1,1,1
29,-42578,0,1,1
29,-42574,0,1,1
29,-42570,1,1,1
29,-42566,1,1,1
29,-42562,0,1,1
29,-42558,0,1,1
29,-42554,1,1,1
29,-42550,1,1,1
29,-42546,0,0,0
29,-42542,0,1,1
29,-42538,1,1,1
29,-42534,1,0,1
29,-42530,0,1,1
29,-42526,0,1,1
29,-42522,1,0,1
29,-42518,1,1,1
29,-42510,0,1,1
29,-42506,1,1,1
29,-42502,1,1,1
29,-42498,0,1,1
29,-42494,0,1,1
29,-42490,1,1,1
29,-42486,1,1,1
29,-42482,0,1,1
29,-42478,0,1,1
29,-42474,1,1,1
29,-42470,1,1,1
29,-42466,0,1,1
29,-42462,0,1,1
29,-42458,1,1,1
29,-42454,1,1,1
29,-42450,0,1,1
29,-42446,0,1,1
29,-42442,1,1,1
29,-42438,1,1,1
29,-42434,0,1,1
29,-42430,0,1,1
29,-42426,1,1,1
29,-42422,1,1,1
29,-42418,0,1,1
29,-42414,0,1,1
29,-42410,1,1,1
29,-42406,1,1,1
29,-42402,0,1,1
29,-42394,1,1,1
29,-42390,1,1,1
29,-42386,0,1,1
29,-42382,0,1,1
29,-42378,1,1,1
29,-42374,1,1,1
29,-42370,0,1,1
29,-42366,0,0,0
29,-42362,1,1,1
29,-42358,1,1,1
29,-42354,0,1,1
29,-42350,0,1,1
29,-42346,1,1,1
29,-42342,1,1,1
29,-42338,0,1,1
29,-42334,0,1,1
29,-42330,1,1,1
29,-42326,1,1,1
29,-42322,0,1,1
29,-42318,0,1,1
29,-42314,1,1,1
29,-42310,1,1,1
29,-42306,0,1,1
29,-42302,0,1,1
29,-42298,1,1,1
29,-42294,1,1,1
29,-42290,0,1,1
29,-42286,0,1,1
29,-42278,1,1,1
29,-42274,0,1,1
29,-42270,0,1,1
29,-42266,1,1,1
29,-42262,1,1,1
29,-42258,0,1,1
29,-42254,0,1,1
29,-42250,1,1,1
29,-42246,1,1,1
29,-42242,0,1,1
29,-42238,0,1,1
29,-42234,1,1,1
29,-42230,1,1,1
29,-42226,0,1,1
29,-42222,0,1,1
29,-42218,0,1,1
29,-42214,1,1,1
29,-42210,0,1,1
29,-42206,0,1,1
29,-42202,1,1,1
29,-42198,1,1,1
29,-42194,0,1,1
29,-42190,0,1,1
29,-42186,0,1,1
29,-42182,1,1,1
29,-42178,0,1,1
29,-42174,0,1,1
29,-42170,1,1,1
29,-42162,0,1,1
29,-42158,0,1,1
29,-42154,1,1,1
29,-42150,1,0,1
29,-42146,0,1,1
29,-42142,0,1,1
29,-42138,1,1,1
29,-42134,1,1,1
29,-42130,0,1,1
29,-42126,0,0,0
29,-42122,1,1,1
29,-42118,1,1,1
29,-42114,0,1,1
29,-42110,0,1,1
29,-42106,1,1,1
29,-42102,1,1,1
29,-42098,0,0,0
29,-42094,0,1,1
29,-42090,1,1,1
29,-42086,1,1,1
29,-42082,0,1,1
29,-42078,0,1,1
29,-42074,1,1,1
29,-42070,1,1,1
29,-42066,0,1,1
29,-42062,0,1,1
29,-42058,1,1,1
29,-42054,1,1,1
29,-42046,0,1,1
29,-42042,1,0,1
29,-42038,0,1,1
29,-42034,0,1,1
29,-42030,0,1,1
29,-42026,1,1,1
29,-42022,1,1,1
29,-42018,0,0,0
29,-42014,0,0,0
29,-42010,1,1,1
29,-42006,1,1,1
29,-42002,0,1,1
29,-41998,0,1,1
29,-41994,1,1,1
29,-41990,1,1,1
29,-41986,0,1,1
29,-41982,0,1,1
29,-41978,1,1,1
29,-41974,1,1,1
29,-41970,0,1,1
29,-41966,0,1,1
29,-41962,1,1,1
29,-41958,1,1,1
29,-41954,0,1,1
29,-41950,0,1,1
29,-41946,1,1,1
29,-41942,1,1,1
29,-41938,0,1,1
29,-41930,1,1,1
29,-41926,1,1,1
29,-41922,0,1,1
29,-41918,0,1,1
29,-41914,1,1,1
29,-41910,1,1,1
29,-41906,0,1,1
29,-41902,0,1,1
29,-41898,1,1,1
29,-41894,1,1,1
29,-41890,0,1,1
29,-41886,0,1,1
29,-41882,1,1,1
29,-41878,1,1,1
29,-41874,0,0,0
29,-41870,0,1,1
29,-41866,1,1,1
29,-41862,1,0,1
29,-41858,0,1,1
29,-41854,0,1,1
29,-41850,1,1,1
29,-41846,1,1,1
29,-41842,0,1,1
29,-41838,0,1,1
29,-41834,1,1,1
29,-41830,1,1,1
29,-41826,0,1,1
29,-41822,0,1,1
29,-41814,1,1,1
29,-41810,0,1,1
29,-41806,0,1,1
29,-41802,0,1,1
29,-41798,1,1,1
29,-41794,0,1,1
29,-41790,0,1,1
29,-41786,1,1,1
29,-41782,1,1,1
29,-41778,0,1,1
29,-41774,0,1,1
29,-41770,1,1,1
29,-41766,1,1,1
29,-41762,0,1,1
29,-41758,0,1,1
29,-41754,1,1,1
29,-41750,1,1,1
29,-41746,0,1,1
29,-41742,0,0,0
29,-41738,0,1,1
29,-41734,1,1,1
29,-41730,0,1,1
29,-41726,0,1,1
29,-41722,1,1,1
29,-41718,1,1,1
29,-41714,0,1,1
29,-41710,0,1,1
29,-41706,1,1,1
29,-41698,0,1,1
29,-41694,0,0,0
29,-41690,1,1,1
29,-41686,1,1,1
29,-41682,0,1,1
29,-41678,0,1,1
29,-41674,1,1,1
29,-41670,1,1,1
29,-41666,0,1,1
29,-41662,0,1,1
29,-41658,1,0,1
29,-41654,1,1,1
29,-41650,0,1,1
29,-41646,0,0,0
29,-41642,1,1,1
29,-41638,1,1,1
29,-41634,0,1,1
29,-41630,0,1,1
29,-41626,1,1,1
29,-41622,1,1,1
29,-41618,0,1,1
29,-41614,0,1,1
29,-41610,1,1,1
29,-41606,1,1,1
29,-41602,0,1,1
29,-41598,0,0,0
29,-41594,1,1,1
29,-41590,1,1,1
29,-41582,0,1,1
29,-41578,1,1,1
29,-41574,1,1,1
29,-41570,0,1,1
29,-41566,0,1,1
29,-41562,1,1,1
29,-41558,1,1,1
29,-41554,0,1,1
29,-41550,0,1,1
29,-41546,1,1,1
29,-41542,1,1,1
29,-41538,0,1,1
29,-41534,0,1,1
29,-41530,1,1,1
29,-41526,1,0,1
29,-41522,0,1,1
29,-41518,0,1,1
29,-41514,1,1,1
29,-41510,1,1,1
29,-41506,0,1,1
29,-41502,0,1,1
29,-41498,1,1,1
29,-41494,1,1,1
29,-41490,0,1,1
29,-41486,0,1,1
29,-41482,1,1,1
29,-41478,1,1,1
29,-41474,0,1,1
29,-41466,1,1,1
29,-41462,1,1,1
29,-41458,0,1,1
29,-41454,0,1,1
29,-41450,1,1,1
29,-41446,1,1,1
29,-41442,0,1,1
29,-41438,0,1,1
29,-41434,1,1,1
29,-41430,1,1,1
29,-41426,0,1,1
29,-41422,0,1,1
29,-41418,1,1,1
29,-41414,1,1,1
29,-41410,0,1,1
29,-41406,0,1,1
29,-41402,1,1,1
29,-41398,1,1,1
29,-41394,0,1,1
29,-41390,0,1,1
29,-41386,1,1,1
29,-41382,1,1,1
29,-41378,0,1,1
29,-41374,0,1,1
29,-41370,1,1,1
29,-41366,1,1,1
29,-41362,0,1,1
29,-41358,0,1,1
29,-41350,1,1,1
29,-41346,0,1,1
29,-41342,0,1,1
29,-41338,1,0,1
29,-41334,1,1,1
29,-41330,0,1,1
29,-41326,0,0,0
29,-41322,1,0,1
29,-41318,1,1,1
29,-41314,0,1,1
29,-41310,0,1,1
29,-41306,1,1,1
29,-41302,1,1,1
29,-41298,0,1,1
29,-41294,0,1,1
29,-41290,1,1,1
29,-41286,1,1,1
29,-41282,0,1,1
29,-41278,0,1,1
29,-41274,1,1,1
29,-41270,1,1,1
29,-41266,0,1,1
29,-41262,0,1,1
29,-41258,1,1,1
29,-41254,1,1,1
29,-41250,0,1,1
29,-41246,0,1,1
29,-41242,1,1,1
29,-41234,0,1,1
29,-41230,0,1,1
29,-41226,1,0,1
29,-41222,1,1,1
29,-41218,0,1,1
29,-41214,0,1,1
29,-41210,1,1,1
29,-41206,1,1,1
29,-41202,0,1,1
29,-41198,0,1,1
29,-41194,1,1,1
29,-41190,1,1,1
29,-41186,0,1,1
29,-41182,0,1,1
29,-41178,1,1,1
29,-41174,1,1,1
29,-41170,0,1,1
29,-41166,0,1,1
29,-41162,1,1,1
29,-41158,1,1,1
29,-41154,0,1,1
29,-41150,0,1,1
29,-41146,1,1,1
29,-41142,1,1,1
29,-41138,0,1,1
29,-41134,0,1,1
29,-41130,1,1,1
29,-41126,1,1,1
29,-41118,0,1,1
29,-41114,1,1,1
29,-41110,1,1,1
29,-41106,0,1,1
29,-41102,0,1,1
29,-41098,1,1,1
29,-41094,1,1,1
29,-41090,0,1,1
29,-41086,0,0,0
29,-41082,1,1,1
29,-41078,1,1,1
29,-41074,0,1,1
29,-41070,0,1,1
29,-41066,1,1,1
29,-41062,1,1,1
29,-41058,0,1,1
29,-41054,0,1,1
29,-41050,1,1,1
29,-41046,1,1,1
29,-41042,0,1,1
29,-41038,0,1,1
29,-41034,1,1,1
29,-41030,1,1,1
29,-41026,0,1,1
29,-41022,0,1,1
29,-41018,1,1,1
29,-41014,1,1,1
29,-41010,0,1,1
29,-41002,1,1,1
29,-40998,1,1,1
29,-40994,0,1,1
29,-40990,0,1,1
29,-40986,1,0,1
29,-40982,1,1,1
29,-40978,0,1,1
29,-40974,0,0,0
29,-40970,1,1,1
29,-40966,1,1,1
29,-40962,0,1,1
29,-40958,0,1,1
29,-40954,1,1,1
29,-40950,1,1,1
29,-40946,0,1,1
29,-40942,0,1,1
29,-40938,1,1,1
29,-40934,1,1,1
29,-40930,0,1,1
29,-40926,0,1,1
29,-40922,1,1,1
29,-40918,1,1,1
29,-40914,0,1,1
29,-40910,0,1,1
29,-40906,1,1,1
29,-40902,1,1,1
29,-40898,0,1,1
29,-40894,0,1,1
29,-40886,1,1,1
29,-40882,0,1,1
29,-40878,0,1,1
29,-40874,1,1,1
29,-40870,1,1,1
29,-40866,0,0,0
29,-40862,0,1,1
29,-40858,1,1,1
29,-40854,1,0,1
29,-40850,0,1,1
29,-40846,0,1,1
29,-40842,1,1,1
29,-40838,1,1,1
29,-40834,0,0,0
29,-40830,0,1,1
29,-40826,1,1,1
29,-40822,1,1,1
29,-40818,0,1,1
29,-40814,0,1,1
29,-40810,1,1,1
29,-40806,1,1,1
29,-40802,0,1,1
29,-40798,0,1,1
29,-40794,1,1,1
29,-40790,1,1,1
29,-40786,0,1,1
29,-40782,0,1,1
29,-40778,1,1,1
29,-40770,0,1,1
29,-40766,0,1,1
29,-40762,1,1,1
29,-40758,0,1,1
29,-40754,0,1,1
29,-40750,0,1,1
29,-40746,1,1,1
29,-40742,1,1,1
29,-40738,0,1,1
29,-40734,0,1,1
29,-40730,1,1,1
29,-40726,1,1,1
29,-40722,0,1,1
29,-40718,0,1,1
29,-40714,1,1,1
29,-40710,1,1,1
29,-40706,0,1,1
29,-40702,0,1,1
29,-40698,1,1,1
29,-40694,1,0,1
29,-40690,0,1,1
29,-40686,0,1,1
29,-40682,1,1,1
29,-40678,1,1,1
29,-40674,0,1,1
29,-40670,0,1,1
29,-40666,1,1,1
29,-40662,0,1,1
29,-40654,0,1,1
29,-40650,1,1,1
29,-40646,1,1,1
29,-40642,0,1,1
29,-40638,0,1,1
29,-40634,1,1,1
29,-40630,1,1,1
29,-40626,0,1,1
29,-40622,0,1,1
29,-40618,1,1,1
29,-40614,1,1,1
29,-40610,0,1,1
29,-40606,0,1,1
29,-40602,1,1,1
29,-40598,1,1,1
29,-40594,0,1,1
29,-40590,0,1,1
29,-40586,1,1,1
29,-40582,1,1,1
29,-40578,0,1,1
29,-40574,0,1,1
29,-40570,1,1,1
29,-40566,1,1,1
29,-40562,0,1,1
29,-40558,0,1,1
29,-40554,1,0,1
29,-40550,1,1,1
29,-40546,0,1,1
29,-40538,1,1,1
29,-40534,1,1,1
29,-40530,0,1,1
29,-40526,0,0,0
29,-40522,1,1,1
29,-40518,1,1,1
29,-40514,0,1,1
29,-40510,0,1,1
29,-40506,1,1,1
29,-40502,1,0,1
29,-40498,0,1,1
29,-40494,0,1,1
29,-40490,1,1,1
29,-40486,1,1,1
29,-40482,0,1,1
29,-40478,0,1,1
29,-40474,1,1,1
29,-40470,1,1,1
29,-40466,0,1,1
29,-40462,0,1,1
29,-40458,1,1,1
29,-40454,1,1,1
29,-40450,0,1,1
29,-40446,0,1,1
29,-40442,1,1,1
29,-40438,1,1,1
29,-40434,0,1,1
29,-40430,0,1,1
29,-40422,1,1,1
29,-40418,0,1,1
29,-40414,0,1,1
29,-40410,1,1,1
29,-40406,1,0,1
29,-40402,0,1,1
29,-40398,0,1,1
29,-40394,1,1,1
29,-40390,1,1,1
29,-40386,0,1,1
29,-40382,0,1,1
29,-40378,1,1,1
29,-40374,1,1,1
29,-40370,0,1,1
29,-40366,0,1,1
29,-40362,0,1,1
29,-40358,1,1,1
29,-40354,0,1,1
29,-40350,0,1,1
29,-40346,1,0,1
29,-40342,1,1,1
29,-40338,0,1,1
29,-40334,0,1,1
29,-40330,1,1,1
29,-40326,1,1,1
29,-40322,0,1,1
29,-40318,0,1,1
29,-40314,1,1,1
29,-40306,0,1,1
29,-40302,0,1,1
29,-40298,1,1,1
29,-40294,1,1,1
29,-40290,0,1,1
29,-40286,0,1,1
29,-40282,1,1,1
29,-40278,0,1,1
29,-40274,0,1,1
29,-40270,0,1,1
29,-40266,1,1,1
29,-40262,1,1,1
29,-40258,0,1,1
29,-40254,0,1,1
29,-40250,1,1,1
29,-40246,1,1,1
29,-40242,0,1,1
29,-40238,0,1,1
29,-40234,1,1,1
29,-40230,1,1,1
29,-40226,0,1,1
29,-40222,0,1,1
29,-40218,1,1,1
29,-40214,1,1,1
29,-40210,0,1,1
29,-40206,0,1,1
29,-40202,1,1,1
29,-40198,1,1,1
29,-40190,0,1,1
29,-40186,1,1,1
29,-40182,1,1,1
29,-40178,0,1,1
29,-40174,0,1,1
29,-40170,1,1,1
29,-40166,1,1,1
29,-40162,0,1,1
29,-40158,0,1,1
29,-40154,1,1,1
29,-40150,1,1,1
29,-40146,0,1,1
29,-40142,0,1,1
29,-40138,1,1,1
29,-40134,1,1,1
29,-40130,0,1,1
29,-40126,0,1,1
29,-40122,1,1,1
29,-40118,1,1,1
29,-40114,0,1,1
29,-40110,0,1,1
29,-40106,1,1,1
29,-40102,1,1,1
29,-40098,0,1,1
29,-40094,0,1,1
29,-40090,1,1,1
29,-40086,1,1,1
29,-40082,0,1,1
29,-40074,0,1,1
29,-40070,1,1,1
29,-40066,0,1,1
29,-40062,0,1,1
29,-40058,1,1,1
29,-40054,1,1,1
29,-40050,0,1,1
29,-40046,0,1,1
29,-40042,1,1,1
29,-40038,1,1,1
29,-40034,0,1,1
29,-40030,0,1,1
29,-40026,1,1,1
29,-40022,1,1,1
29,-40018,0,1,1
29,-40014,0,1,1
29,-40010,1,1,1
29,-40006,1,1,1
29,-40002,0,1,1
29,-39998,0,1,1
29,-39994,1,1,1
29,-39990,1,1,1
29,-39986,0,1,1
29,-39982,0,1,1
29,-39978,1,1,1
29,-39974,1,1,1
29,-39970,0,1,1
29,-39966,0,1,1
29,-39958,1,1,1
29,-39954,0,1,1
29,-39950,0,1,1
29,-39946,1,1,1
29,-39942,1,1,1
29,-39938,0,1,1
29,-39934,0,1,1
29,-39930,1,1,1
29,-39926,1,1,1
29,-39922,0,1,1
29,-39918,0,1,1
29,-39914,1,1,1
29,-39910,1,1,1
29,-39906,0,1,1
29,-39902,0,1,1
29,-39898,1,1,1
29,-39894,1,1,1
29,-39890,0,1,1
29,-39886,0,1,1
29,-39882,1,1,1
29,-39878,1,1,1
29,-39874,0,1,1
29,-39870,0,1,1
29,-39866,1,1,1
29,-39862,1,1,1
29,-39858,0,0,0
29,-39854,0,1,1
29,-39850,1,1,1
29,-39842,0,1,1
29,-39838,0,1,1
29,-39834,1,1,1
29,-39830,1,1,1
29,-39826,0,1,1
29,-39822,0,1,1
29,-39818,1,1,1
29,-39814,1,1,1
29,-39810,0,1,1
29,-39806,0,1,1
29,-39802,1,1,1
29,-39798,1,1,1
29,-39794,0,1,1
29,-39790,0,1,1
29,-39786,1,0,1
29,-39782,1,1,1
29,-39778,0,1,1
29,-39774,0,1,1
29,-39770,1,1,1
29,-39766,1,1,1
29,-39762,0,1,1
29,-39758,0,1,1
29,-39754,1,1,1
29,-39750,1,1,1
29,-39746,0,1,1
29,-39742,0,1,1
29,-39738,1,1,1
29,-39734,1,1,1
29,-39726,0,1,1
29,-39722,1,1,1
29,-39718,1,1,1
29,-39714,0,1,1
29,-39710,0,1,1
29,-39706,1,1,1
29,-39702,1,1,1
29,-39698,0,1,1
29,-39694,0,1,1
29,-39690,1,1,1
29,-39686,1,1,1
29,-39682,0,1,1
29,-39678,0,1,1
29,-39674,1,1,1
29,-39670,1,1,1
29,-39666,0,1,1
29,-39662,0,1,1
29,-39658,1,1,1
29,-39654,1,1,1
29,-39650,0,1,1
29,-39646,0,1,1
29,-39642,1,1,1
29,-39638,1,1,1
29,-39634,0,1,1
29,-39630,0,1,1
29,-39626,1,1,1
29,-39622,1,1,1
29,-39618,0,1,1
29,-39610,1,1,1
29,-39606,1,1,1
29,-39602,0,1,1
29,-39598,0,1,1
29,-39594,1,1,1
29,-39590,1,1,1
29,-39586,0,1,1
29,-39582,0,1,1
29,-39578,1,1,1
29,-39574,1,1,1
29,-39570,0,1,1
29,-39566,0,1,1
29,-39562,1,1,1
29,-39558,1,1,1
29,-39554,0,1,1
29,-39550,0,1,1
29,-39546,1,1,1
29,-39542,1,1,1
29,-39538,0,1,1
29,-39534,0,1,1
29,-39530,1,1,1
29,-39526,1,1,1
29,-39522,0,1,1
29,-39518,0,1,1
29,-39514,1,1,1
29,-39510,1,1,1
29,-39506,0,1,1
29,-39502,0,1,1
29,-39494,1,1,1
29,-39490,0,1,1
29,-39486,0,1,1
29,-39482,1,1,1
29,-39478,1,1,1
29,-39474,0,1,1
29,-39470,0,1,1
29,-39466,1,1,1
29,-39462,1,0,1
29,-39458,0,1,1
29,-39454,0,1,1
29,-39450,1,1,1
29,-39446,1,1,1
29,-39442,0,1,1
29,-39438,0,1,1
29,-39434,1,1,1
29,-39430,1,1,1
29,-39426,0,1,1
29,-39422,0,1,1
29,-39418,1,1,1
29,-39414,1,1,1
29,-39410,0,1,1
29,-39406,0,1,1
29,-39402,1,1,1
29,-39398,1,1,1
29,-39394,0,1,1
29,-39390,0,1,1
29,-39386,1,1,1
29,-39378,0,1,1
29,-39374,0,1,1
29,-39370,1,1,1
29,-39366,1,1,1
29,-39362,0,1,1
29,-39358,0,0,0
29,-39354,1,0,1
29,-39350,1,1,1
29,-39346,0,1,1
29,-39342,0,1,1
29,-39338,1,1,1
29,-39334,1,1,1
29,-39330,0,1,1
29,-39326,0,1,1
29,-39322,1,1,1
29,-39318,0,1,1
29,-39314,0,1,1
29,-39310,0,1,1
29,-39306,1,1,1
29,-39302,1,0,1
29,-39298,0,1,1
29,-39294,0,1,1
29,-39290,1,1,1
29,-39286,1,1,1
29,-39282,0,1,1
29,-39278,0,1,1
29,-39274,1,1,1
29,-39270,1,0,1
29,-39262,0,1,1
29,-39258,1,1,1
29,-39254,1,1,1
29,-39250,0,1,1
29,-39246,0,1,1
29,-39242,1,1,1
29,-39238,1,1,1
29,-39234,0,1,1
29,-39230,0,1,1
29,-39226,1,1,1
29,-39222,1,1,1
29,-39218,0,1,1
29,-39214,0,1,1
29,-39210,1,1,1
29,-39206,1,1,1
29,-39202,0,1,1
29,-39198,0,1,1
29,-39194,1,1,1
29,-39190,1,1,1
29,-39186,0,1,1
29,-39182,0,1,1
29,-39178,1,1,1
29,-39174,1,1,1
29,-39170,0,1,1
29,-39166,0,1,1
29,-39162,1,1,1
29,-39158,1,1,1
29,-39154,0,1,1
29,-39146,1,1,1
29,-39142,1,1,1
29,-39138,0,1,1
29,-39134,0,1,1
29,-39130,1,1,1
29,-39126,1,1,1
29,-39122,0,1,1
29,-39118,0,1,1
29,-39114,1,0,1
29,-39110,1,1,1
29,-39106,0,1,1
29,-39102,0,1,1
29,-39098,1,1,1
29,-39094,1,1,1
29,-39090,0,1,1
29,-39086,0,1,1
29,-39082,1,1,1
29,-39078,1,1,1
29,-39074,0,1,1
29,-39070,0,1,1
29,-39066,1,1,1
29,-39062,1,1,1
29,-39058,0,1,1
29,-39054,0,1,1
29,-39050,1,1,1
29,-39046,1,1,1
29,-39042,0,1,1
29,-39038,0,1,1
29,-39030,1,1,1
29,-39026,0,1,1
29,-39022,0,1,1
29,-39018,1,1,1
29,-39014,1,1,1
29,-39010,0,1,1
29,-39006,0,1,1
29,-39002,1,1,1
29,-38998,1,1,1
29,-38994,0,1,1
29,-38990,0,1,1
29,-38986,1,1,1
29,-38982,1,1,1
29,-38978,0,1,1
29,-38974,0,0,0
29,-38970,1,1,1
29,-38966,1,1,1
29,-38962,0,1,1
29,-38958,0,1,1
29,-38954,1,1,1
29,-38950,1,1,1
29,-38946,0,1,1
29,-38942,0,1,1
29,-38938,1,1,1
29,-38934,1,1,1
29,-38930,0,1,1
29,-38926,0,1,1
29,-38922,1,1,1
29,-38914,0,1,1
29,-38910,0,1,1
29,-38906,1,1,1
29,-38902,1,1,1
29,-38898,0,1,1
29,-38894,0,1,1
29,-38890,1,1,1
29,-38886,1,1,1
29,-38882,0,1,1
29,-38878,0,1,1
29,-38874,1,1,1
29,-38870,1,1,1
29,-38866,0,1,1
29,-38862,0,1,1
29,-38858,1,1,1
29,-38854,1,1,1
29,-38850,0,1,1
29,-38846,0,1,1
29,-38842,1,1,1
29,-38838,1,1,1
29,-38834,0,1,1
29,-38830,0,1,1
29,-38826,0,1,1
29,-38822,1,1,1
29,-38818,0,1,1
29,-38814,0,0,0
29,-38810,1,1,1
29,-38806,1,1,1
29,-38798,0,1,1
29,-38794,1,1,1
29,-38790,1,1,1
29,-38786,0,1,1
29,-38782,0,1,1
29,-38778,1,1,1
29,-38774,1,1,1
29,-38770,0,1,1
29,-38766,0,1,1
29,-38762,1,1,1
29,-38758,1,1,1
29,-38754,0,1,1
29,-38750,0,1,1
29,-38746,1,1,1
29,-38742,1,1,1
29,-38738,0,1,1
29,-38734,0,1,1
29,-38730,1,1,1
29,-38726,1,1,1
29,-38722,0,1,1
29,-38718,0,1,1
29,-38714,1,1,1
29,-38710,1,1,1
29,-38706,0,1,1
29,-38702,0,1,1
29,-38698,1,1,1
29,-38694,1,1,1
29,-38690,0,1,1
29,-38682,1,1,1
29,-38678,1,1,1
29,-38674,0,1,1
29,-38670,0,1,1
29,-38666,1,1,1
29,-38662,1,1,1
29,-38658,0,1,1
29,-38654,0,0,0
29,-38650,1,1,1
29,-38646,1,1,1
29,-38642,0,1,1
29,-38638,0,1,1
29,-38634,1,1,1
29,-38630,1,1,1
29,-38626,0,1,1
29,-38622,0,1,1
29,-38618,1,1,1
29,-38614,1,1,1
29,-38610,0,1,1
29,-38606,0,1,1
29,-38602,1,1,1
29,-38598,1,1,1
29,-38594,0,1,1
29,-38590,0,1,1
29,-38586,1,1,1
29,-38582,1,1,1
29,-38578,0,1,1
29,-38574,0,1,1
29,-38566,1,1,1
29,-38562,0,1,1
29,-38558,0,1,1
29,-38554,1,1,1
29,-38550,1,1,1
29,-38546,0,1,1
29,-38542,0,1,1
29,-38538,1,1,1
29,-38534,1,1,1
29,-38530,0,1,1
29,-38526,0,1,1
29,-38522,1,1,1
29,-38518,1,1,1
29,-38514,0,1,1
29,-38510,0,1,1
29,-38506,1,1,1
29,-38502,1,1,1
29,-38498,0,1,1
29,-38494,0,1,1
29,-38490,1,1,1
29,-38486,1,1,1
29,-38482,0,1,1
29,-38478,0,1,1
29,-38474,1,1,1
29,-38470,1,1,1
29,-38466,0,1,1
29,-38462,0,1,1
29,-38458,1,1,1
29,-38450,0,1,1
29,-38446,0,1,1
29,-38442,1,1,1
29,-38438,1,1,1
29,-38434,0,1,1
29,-38430,0,1,1
29,-38426,1,1,1
29,-38422,1,1,1
29,-38418,0,1,1
29,-38414,0,1,1
29,-38410,1,1,1
29,-38406,1,1,1
29,-38402,0,1,1
29,-38398,0,1,1
29,-38394,1,1,1
29,-38390,1,1,1
29,-38386,0,1,1
29,-38382,0,1,1
29,-38378,1,1,1
29,-38374,1,1,1
29,-38370,0,1,1
29,-38366,0,1,1
29,-38362,1,1,1
29,-38358,1,1,1
29,-38354,0,1,1
29,-38350,0,1,1
29,-38346,0,1,1
29,-38342,1,1,1
29,-38334,0,0,0
29,-38330,1,1,1
29,-38326,1,1,1
29,-38322,0,1,1
29,-38318,0,1,1
29,-38314,1,1,1
29,-38310,1,1,1
29,-38306,0,1,1
29,-38302,0,1,1
29,-38298,1,1,1
29,-38294,1,1,1
29,-38290,0,1,1
29,-38286,0,1,1
29,-38282,1,1,1
29,-38278,1,1,1
29,-38274,0,1,1
29,-38270,0,1,1
29,-38266,1,1,1
29,-38262,1,1,1
29,-38258,0,1,1
29,-38254,0,1,1
29,-38250,1,1,1
29,-38246,1,1,1
29,-38242,0,1,1
29,-38238,0,1,1
29,-38234,1,1,1
29,-38230,1,1,1
29,-38226,0,1,1
29,-38218,1,1,1
29,-38214,1,1,1
29,-38210,0,1,1
29,-38206,0,1,1
29,-38202,1,1,1
29,-38198,1,1,1
29,-38194,0,1,1
29,-38190,0,1,1
29,-38186,1,1,1
29,-38182,1,1,1
29,-38178,0,1,1
29,-38174,0,1,1
29,-38170,1,1,1
29,-38166,1,1,1
29,-38162,0,1,1
29,-38158,0,1,1
29,-38154,1,1,1
29,-38150,1,1,1
29,-38146,0,1,1
29,-38142,0,1,1
29,-38138,1,1,1
29,-38134,1,1,1
29,-38130,0,1,1
29,-38126,0,1,1
29,-38122,1,1,1
29,-38118,1,1,1
29,-38114,0,1,1
29,-38110,0,1,1
29,-38102,1,1,1
29,-38098,0,1,1
29,-38094,0,1,1
29,-38090,1,1,1
29,-38086,1,1,1
29,-38082,0,1,1
29,-38078,0,1,1
29,-38074,1,1,1
29,-38070,1,1,1
29,-38066,0,1,1
29,-38062,0,1,1
29,-38058,1,1,1
29,-38054,1,1,1
29,-38050,0,1,1
29,-38046,0,1,1
29,-38042,1,1,1
29,-38038,1,1,1
29,-38034,0,1,1
29,-38030,0,1,1
29,-38026,1,1,1
29,-38022,1,1,1
29,-38018,0,1,1
29,-38014,0,1,1
29,-38010,1,1,1
29,-38006,1,1,1
29,-38002,0,1,1
29,-37998,0,1,1
29,-37994,1,1,1
29,-37986,0,1,1
29,-37982,0,1,1
29,-37978,1,1,1
29,-37974,1,1,1
29,-37970,0,1,1
29,-37966,0,1,1
29,-37962,1,1,1
29,-37958,1,1,1
29,-37954,0,0,0
29,-37950,0,1,1
29,-37946,1,1,1
29,-37942,1,1,1
29,-37938,0,1,1
29,-37934,0,1,1
29,-37930,1,1,1
29,-37926,1,1,1
29,-37922,0,1,1
29,-37918,0,1,1
29,-37914,1,1,1
29,-37910,1,1,1
29,-37906,0,1,1
29,-37902,0,1,1
29,-37898,1,1,1
29,-37894,1,1,1
29,-37890,0,1,1
29,-37886,0,1,1
29,-37882,1,1,1
29,-37878,1,1,1
29,-37870,0,1,1
29,-37866,1,1,1
29,-37862,1,1,1
29,-37858,0,1,1
29,-37854,0,1,1
29,-37850,1,1,1
29,-37846,1,1,1
29,-37842,0,1,1
29,-37838,0,1,1
29,-37834,1,1,1
29,-37830,1,1,1
29,-37826,0,1,1
29,-37822,0,1,1
29,-37818,1,1,1
29,-37814,1,1,1
29,-37810,0,1,1
29,-37806,0,1,1
29,-37802,1,1,1
29,-37798,1,1,1
29,-37794,0,1,1
29,-37790,0,1,1
29,-37786,1,1,1
29,-37782,1,1,1
29,-37778,0,1,1
29,-37774,0,1,1
29,-37770,1,1,1
29,-37766,1,1,1
29,-37762,0,1,1
29,-37754,1,1,1
29,-37750,1,1,1
29,-37746,0,1,1
29,-37742,0,1,1
29,-37738,1,1,1
29,-37734,1,1,1
29,-37730,0,1,1
29,-37726,0,1,1
29,-37722,1,1,1
29,-37718,1,1,1
29,-37714,0,1,1
29,-37710,0,1,1
29,-37706,1,1,1
29,-37702,1,1,1
29,-37698,0,1,1
29,-37694,0,1,1
29,-37690,1,1,1
29,-37686,1,1,1
29,-37682,0,1,1
29,-37678,0,1,1
29,-37674,0,1,1
29,-37670,1,1,1
29,-37666,0,1,1
29,-37662,0,1,1
29,-37658,1,1,1
29,-37654,1,1,1
29,-37650,0,1,1
29,-37646,0,1,1
29,-37638,1,1,1
29,-37634,0,1,1
29,-37630,0,1,1
29,-37626,1,1,1
29,-37622,1,1,1
29,-37618,0,1,1
29,-37614,0,1,1
29,-37610,1,1,1
29,-37606,1,1,1
29,-37602,0,1,1
29,-37598,0,1,1
29,-37594,1,1,1
29,-37590,0,1,1
29,-37586,0,1,1
29,-37582,0,1,1
29,-37578,1,1,1
29,-37574,1,1,1
29,-37570,0,1,1
29,-37566,0,1,1
29,-37562,1,1,1
29,-37558,1,1,1
29,-37554,0,1,1
29,-37550,0,1,1
29,-37546,1,1,1
29,-37542,1,1,1
29,-37538,0,1,1
29,-37534,0,1,1
29,-37530,1,1,1
29,-37522,0,1,1
29,-37518,0,1,1
29,-37514,1,1,1
29,-37510,1,1,1
29,-37506,0,0,0
29,-37502,0,1,1
29,-37498,1,1,1
29,-37494,1,1,1
29,-37490,0,1,1
29,-37486,0,0,0
29,-37482,1,1,1
29,-37478,1,1,1
29,-37474,0,1,1
29,-37470,0,1,1
29,-37466,1,1,1
29,-37462,1,1,1
29,-37458,0,1,1
29,-37454,0,1,1
29,-37450,1,1,1
29,-37446,1,1,1
29,-37442,0,1,1
29,-37438,0,1,1
29,-37434,1,1,1
29,-37430,1,1,1
29,-37426,0,1,1
29,-37422,0,1,1
29,-37418,1,1,1
29,-37414,1,1,1
29,-37406,0,1,1
29,-37402,1,1,1
29,-37398,1,1,1
29,-37394,0,1,1
29,-37390,0,1,1
29,-37386,1,1,1
29,-37382,1,1,1
29,-37378,0,1,1
29,-37374,0,1,1
29,-37370,1,1,1
29,-37366,1,1,1
29,-37362,0,1,1
29,-37358,0,1,1
29,-37354,1,1,1
29,-37350,1,1,1
29,-37346,0,1,1
29,-37342,0,1,1
29,-37338,1,0,1
29,-37334,1,1,1
29,-37330,0,1,1
29,-37326,0,1,1
29,-37322,1,1,1
29,-37318,1,1,1
29,-37314,0,1,1
29,-37310,0,1,1
29,-37306,1,1,1
29,-37302,1,1,1
29,-37298,0,1,1
29,-37290,1,1,1
29,-37286,1,1,1
29,-37282,0,1,1
29,-37278,0,0,0
29,-37274,1,1,1
29,-37270,1,1,1
29,-37266,0,1,1
29,-37262,0,1,1
29,-37258,1,1,1
29,-37254,1,1,1
29,-37250,0,1,1
29,-37246,0,1,1
29,-37242,1,1,1
29,-37238,1,1,1
29,-37234,0,1,1
29,-37230,0,1,1
29,-37226,1,1,1
29,-37222,1,1,1
29,-37218,0,1,1
29,-37214,0,0,0
29,-37210,1,1,1
29,-37206,1,1,1
29,-37202,0,1,1
29,-37198,0,1,1
29,-37194,1,1,1
29,-37190,1,1,1
29,-37186,0,1,1
29,-37182,0,1,1
29,-37174,1,1,1
29,-37170,0,1,1
29,-37166,0,1,1
29,-37162,1,1,1
29,-37158,1,1,1
29,-37154,0,1,1
29,-37150,0,1,1
29,-37146,1,1,1
29,-37142,1,1,1
29,-37138,0,1,1
29,-37134,0,1,1
29,-37130,1,1,1
29,-37126,1,1,1
29,-37122,0,1,1
29,-37118,0,1,1
29,-37114,1,1,1
29,-37110,1,1,1
29,-37106,0,1,1
29,-37102,0,1,1
29,-37098,1,1,1
29,-37094,1,1,1
29,-37090,0,1,1
29,-37086,0,1,1
29,-37082,1,1,1
29,-37078,1,1,1
29,-37074,0,1,1
29,-37070,0,1,1
29,-37066,1,1,1
29,-37058,0,1,1
29,-37054,0,1,1
29,-37050,1,1,1
29,-37046,1,1,1
29,-37042,0,1,1
29,-37038,0,1,1
29,-37034,1,1,1
29,-37030,1,1,1
29,-37026,0,1,1
29,-37022,0,1,1
29,-37018,1,1,1
29,-37014,1,1,1
29,-37010,0,1,1
29,-37006,0,1,1
29,-37002,1,1,1
29,-36998,1,1,1
29,-36994,0,1,1
29,-36990,0,1,1
29,-36986,1,1,1
29,-36982,1,1,1
29,-36978,0,0,0
29,-36974,0,1,1
29,-36970,1,1,1
29,-36966,1,1,1
29,-36962,0,1,1
29,-36958,0,1,1
29,-36954,1,0,1
29,-36950,1,1,1
29,-36942,0,0,0
29,-36938,1,1,1
29,-36934,1,1,1
29,-36930,0,1,1
29,-36926,0,1,1
29,-36922,1,1,1
29,-36918,1,1,1
29,-36914,0,1,1
29,-36910,0,1,1
29,-36906,1,1,1
29,-36902,1,1,1
29,-36898,0,1,1
29,-36894,0,1,1
29,-36890,1,1,1
29,-36886,1,1,1
29,-36882,0,1,1
29,-36878,0,1,1
29,-36874,1,1,1
29,-36870,1,1,1
29,-36866,0,1,1
29,-36862,0,1,1
29,-36858,1,1,1
29,-36854,1,1,1
29,-36850,0,1,1
29,-36846,0,1,1
29,-36842,1,1,1
29,-36838,1,1,1
29,-36834,0,1,1
29,-36826,1,1,1
29,-36822,1,1,1
29,-36818,0,1,1
29,-36814,0,1,1
29,-36810,1,1,1
29,-36806,1,1,1
29,-36802,0,1,1
29,-36798,0,1,1
29,-36794,1,1,1
29,-36790,1,1,1
29,-36786,0,1,1
29,-36782,0,1,1
29,-36778,1,1,1
29,-36774,1,0,1
29,-36770,0,1,1
29,-36766,0,1,1
29,-36762,1,1,1
29,-36758,1,1,1
29,-36754,0,1,1
29,-36750,0,1,1
29,-36746,1,1,1
29,-36742,1,1,1
29,-36738,0,1,1
29,-36734,0,1,1
29,-36730,1,1,1
29,-36726,1,1,1
29,-36722,0,1,1
29,-36718,0,1,1
29,-36710,1,1,1
29,-36706,0,1,1
29,-36702,0,1,1
29,-36698,1,1,1
29,-36694,0,1,1
29,-36690,0,1,1
29,-36686,0,1,1
29,-36682,1,1,1
29,-36678,1,1,1
29,-36674,0,0,0
29,-36670,0,1,1
29,-36666,1,0,1
29,-36662,1,1,1
29,-36658,0,1,1
29,-36654,0,1,1
29,-36650,1,1,1
29,-36646,1,1,1
29,-36642,0,1,1
29,-36638,0,1,1
29,-36634,1,1,1
29,-36630,1,1,1
29,-36626,0,1,1
29,-36622,0,1,1
29,-36618,1,1,1
29,-36614,1,0,1
29,-36610,0,1,1
29,-36606,0,1,1
29,-36602,1,1,1
29,-36594,0,1,1
29,-36590,0,1,1
29,-36586,1,1,1
29,-36582,1,1,1
29,-36578,0,1,1
29,-36574,0,1,1
29,-36570,1,1,1
29,-36566,1,1,1
29,-36562,0,1,1
29,-36558,0,0,0
29,-36554,1,1,1
29,-36550,1,1,1
29,-36546,0,1,1
29,-36542,0,1,1
29,-36538,1,1,1
29,-36534,1,1,1
29,-36530,0,1,1
29,-36526,0,1,1
29,-36522,1,1,1
29,-36518,1,1,1
29,-36514,0,1,1
29,-36510,0,1,1
29,-36506,1,1,1
29,-36502,1,1,1
29,-36498,0,1,1
29,-36494,0,1,1
29,-36490,1,1,1
29,-36486,1,1,1
29,-36478,0,1,1
29,-36474,1,1,1
29,-36470,1,1,1
29,-36466,0,1,1
29,-36462,0,1,1
29,-36458,1,1,1
29,-36454,1,1,1
29,-36450,0,1,1
29,-36446,0,1,1
29,-36442,1,1,1
29,-36438,1,1,1
29,-36434,0,1,1
29,-36430,0,1,1
29,-36426,1,1,1
29,-36422,1,1,1
29,-36418,0,1,1
29,-36414,0,1,1
29,-36410,1,1,1
29,-36406,1,1,1
29,-36402,0,1,1
29,-36398,0,1,1
29,-36394,1,1,1
29,-36390,1,1,1
29,-36386,0,1,1
29,-36382,0,1,1
29,-36378,1,1,1
29,-36374,1,1,1
29,-36370,0,1,1
29,-36362,1,1,1
29,-36358,1,1,1
29,-36354,0,1,1
29,-36350,0,1,1
29,-36346,1,1,1
29,-36342,1,1,1
29,-36338,0,1,1
29,-36334,0,1,1
29,-36330,0,1,1
29,-36326,1,1,1
29,-36322,0,1,1
29,-36318,0,1,1
29,-36314,1,1,1
29,-36310,1,1,1
29,-36306,0,1,1
29,-36302,0,1,1
29,-36298,1,1,1
29,-36294,1,1,1
29,-36290,0,1,1
29,-36286,0,1,1
29,-36282,1,1,1
29,-36278,1,1,1
29,-36274,0,1,1
29,-36270,0,1,1
29,-36266,1,1,1
29,-36262,1,1,1
29,-36258,0,1,1
29,-36254,0,1,1
29,-36246,1,0,1
29,-36242,0,1,1
29,-36238,0,1,1
29,-36234,1,1,1
29,-36230,1,1,1
29,-36226,0,1,1
29,-36222,0,1,1
29,-36218,1,1,1
29,-36214,1,1,1
29,-36210,0,1,1
29,-36206,0,1,1
29,-36202,1,1,1
29,-36198,1,1,1
29,-36194,0,1,1
29,-36190,0,1,1
29,-36186,1,1,1
29,-36182,1,1,1
29,-36178,0,1,1
29,-36174,0,1,1
29,-36170,1,1,1
29,-36166,1,1,1
29,-36162,0,1,1
29,-36158,0,1,1
29,-36154,1,1,1
29,-36150,1,1,1
29,-36146,0,1,1
29,-36142,0,1,1
29,-36138,1,1,1
29,-36130,0,1,1
29,-36126,0,1,1
29,-36122,1,1,1
29,-36118,1,1,1
29,-36114,0,1,1
29,-36110,0,1,1
29,-36106,1,1,1
29,-36102,1,1,1
29,-36098,0,1,1
29,-36094,0,1,1
29,-36090,1,1,1
29,-36086,1,1,1
29,-36082,0,1,1
29,-36078,0,0,0
29,-36074,1,1,1
29,-36070,1,1,1
29,-36066,0,1,1
29,-36062,0,1,1
29,-36058,1,1,1
29,-36054,1,1,1
29,-36050,0,1,1
29,-36046,0,1,1
29,-36042,1,1,1
29,-36038,1,1,1
29,-36034,0,1,1
29,-36030,0,1,1
29,-36026,1,1,1
29,-36022,1,1,1
29,-36014,0,1,1
29,-36010,1,1,1
29,-36006,1,1,1
29,-36002,0,1,1
29,-35998,0,1,1
29,-35994,1,1,1
29,-35990,1,1,1
29,-35986,0,1,1
29,-35982,0,1,1
29,-35978,1,1,1
29,-35974,1,1,1
29,-35970,0,1,1
29,-35966,0,1,1
29,-35962,1,1,1
29,-35958,1,1,1
29,-35954,0,1,1
29,-35950,0,1,1
29,-35946,1,1,1
29,-35942,1,1,1
29,-35938,0,1,1
29,-35934,0,1,1
29,-35930,1,1,1
29,-35926,1,1,1
29,-35922,0,1,1
29,-35918,0,1,1
29,-35914,1,1,1
29,-35910,1,1,1
29,-35906,0,1,1
29,-35898,1,1,1
29,-35894,1,1,1
29,-35890,0,1,1
29,-35886,0,0,0
29,-35882,1,1,1
29,-35878,1,1,1
29,-35874,0,1,1
29,-35870,0,1,1
29,-35866,1,1,1
29,-35862,0,1,1
29,-35858,0,1,1
29,-35854,0,1,1
29,-35850,1,1,1
29,-35846,1,1,1
29,-35842,0,1,1
29,-35838,0,1,1
29,-35834,1,1,1
29,-35830,1,1,1
29,-35826,0,0,0
29,-35822,0,1,1
29,-35818,1,1,1
29,-35814,1,1,1
29,-35810,0,1,1
29,-35806,0,1,1
29,-35802,1,1,1
29,-35798,1,1,1
29,-35794,0,1,1
29,-35790,0,1,1
29,-35782,1,1,1
29,-35778,0,1,1
29,-35774,0,1,1
29,-35770,1,1,1
29,-35766,1,1,1
29,-35762,0,1,1
29,-35758,0,1,1
29,-35754,1,1,1
29,-35750,1,1,1
29,-35746,0,1,1
29,-35742,0,1,1
29,-35738,1,1,1
29,-35734,1,1,1
29,-35730,0,1,1
29,-35726,0,1,1
29,-35722,1,1,1
29,-35718,1,1,1
29,-35714,0,1,1
29,-35710,0,1,1
29,-35706,1,1,1
29,-35702,1,1,1
29,-35698,0,1,1
29,-35694,0,1,1
29,-35690,1,1,1
29,-35686,1,1,1
29,-35682,0,1,1
29,-35678,0,1,1
29,-35674,1,1,1
29,-35666,0,1,1
29,-35662,0,1,1
29,-35658,1,1,1
29,-35654,1,1,1
29,-35650,0,1,1
29,-35646,0,1,1
29,-35642,1,1,1
29,-35638,1,1,1
29,-35634,0,1,1
29,-35630,0,1,1
29,-35626,0,1,1
29,-35622,1,1,1
29,-35618,0,1,1
29,-35614,0,1,1
29,-35610,1,1,1
29,-35606,1,1,1
29,-35602,0,1,1
29,-35598,0,1,1
29,-35594,1,1,1
29,-35590,1,1,1
29,-35586,0,1,1
29,-35582,0,1,1
29,-35578,1,1,1
29,-35574,1,1,1
29,-35570,0,1,1
29,-35566,0,1,1
29,-35562,1,1,1
29,-35558,1,1,1
29,-35550,0,1,1
29,-35546,1,1,1
29,-35542,1,1,1
29,-35538,0,1,1
29,-35534,0,1,1
29,-35530,1,1,1
29,-35526,1,1,1
29,-35522,0,1,1
29,-35518,0,1,1
29,-35514,1,1,1
29,-35510,1,1,1
29,-35506,0,1,1
29,-35502,0,1,1
29,-35498,1,1,1
29,-35494,1,1,1
29,-35490,0,1,1
29,-35486,0,1,1
29,-35482,1,1,1
29,-35478,1,1,1
29,-35474,0,1,1
29,-35470,0,1,1
29,-35466,1,1,1
29,-35462,1,1,1
29,-35458,0,1,1
29,-35454,0,1,1
29,-35450,1,1,1
29,-35446,1,1,1
29,-35442,0,1,1
29,-35434,1,1,1
29,-35430,1,1,1
29,-35426,0,1,1
29,-35422,0,1,1
29,-35418,1,1,1
29,-35414,1,1,1
29,-35410,0,1,1
29,-35406,0,1,1
29,-35402,1,1,1
29,-35398,1,1,1
29,-35394,0,1,1
29,-35390,0,1,1
29,-35386,1,1,1
29,-35382,1,1,1
29,-35378,0,1,1
29,-35374,0,0,0
29,-35370,1,1,1
29,-35366,1,1,1
29,-35362,0,1,1
29,-35358,0,1,1
29,-35354,1,1,1
29,-35350,0,1,1
29,-35346,0,1,1
29,-35342,0,1,1
29,-35338,1,1,1
29,-35334,1,1,1
29,-35330,0,1,1
29,-35326,0,1,1
29,-35318,1,1,1
29,-35314,0,1,1
29,-35310,0,1,1
29,-35306,1,1,1
29,-35302,1,1,1
29,-35298,0,1,1
29,-35294,0,1,1
29,-35290,1,1,1
29,-35286,1,1,1
29,-35282,0,1,1
29,-35278,0,1,1
29,-35274,1,1,1
29,-35270,1,1,1
29,-35266,0,1,1
29,-35262,0,1,1
29,-35258,1,1,1
29,-35254,1,1,1
29,-35250,0,1,1
29,-35246,0,1,1
29,-35242,1,1,1
29,-35238,1,1,1
29,-35234,0,1,1
29,-35230,0,1,1
29,-35226,1,1,1
29,-35222,1,1,1
29,-35218,0,1,1
29,-35214,0,1,1
29,-35210,1,1,1
29,-35202,0,1,1
29,-35198,0,1,1
29,-35194,1,1,1
29,-35190,1,1,1
29,-35186,0,1,1
29,-35182,0,1,1
29,-35178,1,1,1
29,-35174,1,1,1
29,-35170,0,1,1
29,-35166,0,1,1
29,-35162,1,1,1
29,-35158,1,1,1
29,-35154,0,1,1
29,-35150,0,1,1
29,-35146,1,1,1
29,-35142,1,1,1
29,-35138,0,1,1
29,-35134,0,1,1
29,-35130,1,1,1
29,-35126,1,1,1
29,-35122,0,1,1
29,-35118,0,1,1
29,-35114,1,1,1
29,-35110,1,1,1
29,-35106,0,1,1
29,-35102,0,1,1
29,-35098,1,1,1
29,-35094,1,1,1
29,-35086,0,1,1
29,-35082,0,1,1
29,-35078,1,1,1
29,-35074,0,1,1
29,-35070,0,1,1
29,-35066,1,1,1
29,-35062,1,1,1
29,-35058,0,1,1
29,-35054,0,0,0
29,-35050,1,1,1
29,-35046,1,1,1
29,-35042,0,1,1
29,-35038,0,1,1
29,-35034,1,1,1
29,-35030,1,1,1
29,-35026,0,1,1
29,-35022,0,1,1
29,-35018,1,1,1
29,-35014,1,1,1
29,-35010,0,1,1
29,-35006,0,1,1
29,-35002,1,1,1
29,-34998,1,1,1
29,-34994,0,1,1
29,-34990,0,1,1
29,-34986,1,1,1
29,-34982,1,1,1
29,-34978,0,1,1
29,-34970,1,1,1
29,-34966,1,1,1
29,-34962,0,1,1
29,-34958,0,1,1
29,-34954,1,1,1
29,-34950,1,1,1
29,-34946,0,1,1
29,-34942,0,1,1
29,-34938,1,1,1
29,-34934,1,1,1
29,-34930,0,1,1
29,-34926,0,1,1
29,-34922,1,1,1
29,-34918,1,1,1
29,-34914,0,1,1
29,-34910,0,1,1
29,-34906,1,1,1
29,-34902,1,1,1
29,-34898,0,1,1
29,-34894,0,1,1
29,-34890,1,1,1
29,-34886,1,1,1
29,-34882,0,1,1
29,-34878,0,1,1
29,-34874,1,1,1
29,-34870,1,1,1
29,-34866,0,1,1
29,-34862,0,1,1
29,-34854,1,1,1
29,-34850,0,1,1
29,-34846,0,1,1
29,-34842,1,1,1
29,-34838,1,1,1
29,-34834,0,1,1
29,-34830,0,1,1
29,-34826,1,1,1
29,-34822,1,1,1
29,-34818,0,1,1
29,-34814,0,1,1
29,-34810,1,1,1
29,-34806,1,0,1
29,-34802,0,1,1
29,-34798,0,1,1
29,-34794,1,1,1
29,-34790,1,1,1
29,-34786,0,1,1
29,-34782,0,0,0
29,-34778,1,1,1
29,-34774,1,1,1
29,-34770,0,1,1
29,-34766,0,1,1
29,-34762,1,1,1
29,-34758,1,1,1
29,-34754,0,1,1
29,-34750,0,1,1
29,-34746,1,1,1
29,-34738,0,1,1
29,-34734,0,1,1
29,-34730,1,1,1
29,-34726,1,1,1
29,-34722,0,1,1
29,-34718,0,1,1
29,-34714,1,1,1
29,-34710,1,1,1
29,-34706,0,1,1
29,-34702,0,1,1
29,-34698,1,1,1
29,-34694,1,1,1
29,-34690,0,1,1
29,-34686,0,1,1
29,-34682,1,1,1
29,-34678,1,1,1
29,-34674,0,1,1
29,-34670,0,1,1
29,-34666,1,1,1
29,-34662,1,1,1
29,-34658,0,1,1
29,-34654,0,1,1
29,-34650,1,1,1
29,-34646,1,1,1
29,-34642,0,1,1
29,-34638,0,1,1
29,-34634,1,1,1
29,-34630,1,1,1
29,-34622,0,1,1
29,-34618,1,1,1
29,-34614,1,1,1
29,-34610,0,1,1
29,-34606,0,1,1
29,-34602,1,1,1
29,-34598,1,1,1
29,-34594,0,1,1
29,-34590,0,1,1
29,-34586,1,1,1
29,-34582,1,1,1
29,-34578,0,1,1
29,-34574,0,1,1
29,-34570,1,1,1
29,-34566,1,1,1
29,-34562,0,1,1
29,-34558,0,1,1
29,-34554,1,1,1
29,-34550,1,1,1
29,-34546,0,1,1
29,-34542,0,1,1
29,-34538,1,1,1
29,-34534,1,1,1
29,-34530,0,1,1
29,-34526,0,1,1
29,-34522,1,1,1
29,-34518,1,1,1
29,-34514,0,1,1
29,-34506,1,1,1
29,-34502,1,1,1
29,-34498,0,1,1
29,-34494,0,1,1
29,-34490,1,1,1
29,-34486,1,1,1
29,-34482,0,1,1
29,-34478,0,1,1
29,-34474,1,1,1
29,-34470,1,1,1
29,-34466,0,1,1
29,-34462,0,1,1
29,-34458,1,1,1
29,-34454,1,1,1
29,-34450,0,1,1
29,-34446,0,1,1
29,-34442,1,1,1
29,-34438,1,1,1
29,-34434,0,1,1
29,-34430,0,1,1
29,-34426,1,1,1
29,-34422,1,1,1
29,-34418,0,1,1
29,-34414,0,1,1
29,-34410,1,0,1
29,-34406,1,1,1
29,-34402,0,1,1
29,-34398,0,1,1
29,-34390,1,1,1
29,-34386,0,1,1
29,-34382,0,1,1
29,-34378,1,1,1
29,-34374,1,1,1
29,-34370,0,1,1
29,-34366,0,1,1
29,-34362,1,1,1
29,-34358,1,1,1
29,-34354,0,1,1
29,-34350,0,1,1
29,-34346,1,1,1
29,-34342,1,1,1
29,-34338,0,0,0
29,-34334,0,1,1
29,-34330,1,1,1
29,-34326,1,1,1
29,-34322,0,1,1
29,-34318,0,1,1
29,-34314,1,1,1
29,-34310,1,1,1
29,-34306,0,1,1
29,-34302,0,1,1
29,-34298,1,1,1
29,-34294,1,1,1
29,-34290,0,1,1
29,-34286,0,1,1
29,-34282,1,1,1
29,-34274,0,1,1
29,-34270,0,1,1
29,-34266,1,1,1
29,-34262,1,1,1
29,-34258,0,1,1
29,-34254,0,1,1
29,-34250,1,1,1
29,-34246,1,1,1
29,-34242,0,1,1
29,-34238,0,1,1
29,-34234,1,1,1
29,-34230,1,1,1
29,-34226,0,1,1
29,-34222,0,1,1
29,-34218,1,1,1
29,-34214,1,1,1
29,-34210,0,1,1
29,-34206,0,1,1
29,-34202,1,1,1
29,-34198,1,1,1
29,-34194,0,1,1
29,-34190,0,1,1
29,-34186,1,1,1
29,-34182,1,1,1
29,-34178,0,1,1
29,-34174,0,1,1
29,-34170,1,1,1
29,-34166,1,1,1
29,-34158,0,1,1
29,-34154,1,1,1
29,-34150,1,1,1
29,-34146,0,1,1
29,-34142,0,1,1
29,-34138,1,1,1
29,-34134,1,1,1
29,-34130,0,1,1
29,-34126,0,1,1
29,-34122,1,1,1
29,-34118,1,1,1
29,-34114,0,1,1
29,-34110,0,1,1
29,-34106,1,1,1
29,-34102,1,1,1
29,-34098,0,1,1
29,-34094,0,1,1
29,-34090,1,1,1
29,-34086,1,1,1
29,-34082,0,1,1
29,-34078,0,1,1
29,-34074,1,1,1
29,-34070,1,1,1
29,-34066,0,1,1
29,-34062,0,1,1
29,-34058,1,1,1
29,-34054,1,1,1
29,-34050,0,1,1
29,-34042,1,1,1
29,-34038,1,1,1
29,-34034,0,1,1
29,-34030,0,1,1
29,-34026,1,1,1
29,-34022,1,1,1
29,-34018,0,1,1
29,-34014,0,1,1
29,-34010,1,1,1
29,-34006,1,1,1
29,-34002,0,1,1
29,-33998,0,1,1
29,-33994,1,1,1
29,-33990,1,1,1
29,-33986,0,1,1
29,-33982,0,1,1
29,-33978,1,1,1
29,-33974,1,1,1
29,-33970,0,1,1
29,-33966,0,1,1
29,-33962,1,1,1
29,-33958,1,1,1
29,-33954,0,1,1
29,-33950,0,1,1
29,-33946,1,1,1
29,-33942,1,1,1
29,-33938,0,1,1
29,-33934,0,1,1
29,-33926,0,1,1
29,-33922,0,1,1
29,-33918,0,1,1
29,-33914,1,1,1
29,-33910,1,1,1
29,-33906,0,1,1
29,-33902,0,1,1
29,-33898,1,1,1
29,-33894,1,1,1
29,-33890,0,1,1
29,-33886,0,1,1
29,-33882,1,1,1
29,-33878,1,1,1
29,-33874,0,1,1
29,-33870,0,1,1
29,-33866,1,1,1
29,-33862,1,1,1
29,-33858,0,1,1
29,-33854,0,1,1
29,-33850,1,1,1
29,-33846,1,1,1
29,-33842,0,1,1
29,-33838,0,1,1
29,-33834,1,1,1
29,-33830,1,1,1
29,-33826,0,1,1
29,-33822,0,1,1
29,-33818,1,1,1
29,-33810,0,1,1
29,-33806,0,1,1
29,-33802,1,1,1
29,-33798,1,1,1
29,-33794,0,1,1
29,-33790,0,1,1
29,-33786,1,1,1
29,-33782,1,1,1
29,-33778,0,0,0
29,-33774,0,1,1
29,-33770,1,1,1
29,-33766,1,1,1
29,-33762,0,1,1
29,-33758,0,1,1
29,-33754,1,1,1
29,-33750,1,1,1
29,-33746,0,1,1
29,-33742,0,1,1
29,-33738,1,1,1
29,-33734,1,1,1
29,-33730,0,1,1
29,-33726,0,1,1
29,-33722,1,1,1
29,-33718,1,1,1
29,-33714,0,1,1
29,-33710,0,1,1
29,-33706,1,1,1
29,-33702,1,1,1
29,-33694,0,1,1
29,-33690,1,1,1
29,-33686,1,1,1
29,-33682,0,1,1
29,-33678,0,1,1
29,-33674,1,1,1
29,-33670,1,1,1
29,-33666,0,1,1
29,-33662,0,1,1
29,-33658,1,1,1
29,-33654,1,1,1
29,-33650,0,1,1
29,-33646,0,1,1
29,-33642,1,1,1
29,-33638,1,1,1
29,-33634,0,1,1
29,-33630,0,1,1
29,-33626,1,1,1
29,-33622,1,1,1
29,-33618,0,1,1
29,-33614,0,1,1
29,-33610,1,1,1
29,-33606,1,1,1
29,-33602,0,1,1
29,-33598,0,1,1
29,-33594,1,1,1
29,-33590,1,1,1
29,-33586,0,1,1
29,-33578,1,1,1
29,-33574,1,1,1
29,-33570,0,1,1
29,-33566,0,1,1
29,-33562,1,1,1
29,-33558,1,1,1
29,-33554,0,1,1
29,-33550,0,1,1
29,-33546,1,1,1
29,-33542,1,1,1
29,-33538,0,1,1
29,-33534,0,1,1
29,-33530,1,1,1
29,-33526,1,1,1
29,-33522,0,1,1
29,-33518,0,1,1
29,-33514,1,1,1
29,-33510,1,1,1
29,-33506,0,1,1
29,-33502,0,1,1
29,-33498,1,1,1
29,-33494,1,1,1
29,-33490,0,1,1
29,-33486,0,1,1
29,-33482,1,1,1
29,-33478,1,1,1
29,-33474,0,1,1
29,-33470,0,1,1
29,-33462,1,1,1
29,-33458,0,1,1
29,-33454,0,1,1
29,-33450,1,1,1
29,-33446,1,1,1
29,-33442,0,1,1
29,-33438,0,1,1
29,-33434,1,1,1
29,-33430,1,1,1
29,-33426,0,1,1
29,-33422,0,1,1
29,-33418,1,1,1
29,-33414,1,1,1
29,-33410,0,1,1
29,-33406,0,1,1
29,-33402,1,1,1
29,-33398,1,1,1
29,-33394,0,1,1
29,-33390,0,1,1
29,-33386,1,1,1
29,-33382,1,1,1
29,-33378,0,1,1
29,-33374,0,1,1
29,-33370,1,1,1
29,-33366,1,1,1
29,-33362,0,1,1
29,-33358,0,1,1
29,-33354,1,1,1
29,-33346,0,1,1
29,-33342,0,1,1
29,-33338,1,1,1
29,-33334,1,1,1
29,-33330,0,1,1
29,-33326,0,1,1
29,-33322,1,1,1
29,-33318,1,1,1
29,-33314,0,1,1
29,-33310,0,1,1
29,-33306,1,1,1
29,-33302,1,1,1
29,-33298,0,1,1
29,-33294,0,1,1
29,-33290,1,1,1
29,-33286,1,1,1
29,-33282,0,1,1
29,-33278,0,1,1
29,-33274,1,1,1
29,-33270,1,1,1
29,-33266,0,1,1
29,-33262,0,1,1
29,-33258,1,1,1
29,-33254,1,1,1
29,-33250,0,1,1
29,-33246,0,1,1
29,-33242,1,1,1
29,-33238,1,1,1
29,-33230,0,1,1
29,-33226,1,1,1
29,-33222,1,1,1
29,-33218,0,1,1
29,-33214,0,1,1
29,-33210,1,1,1
29,-33206,1,1,1
29,-33202,0,1,1
29,-33198,0,1,1
29,-33194,1,1,1
29,-33190,1,1,1
29,-33186,0,1,1
29,-33182,0,1,1
29,-33178,1,1,1
29,-33174,1,1,1
29,-33170,0,1,1
29,-33166,0,1,1
29,-33162,1,1,1
29,-33158,1,1,1
29,-33154,0,1,1
29,-33150,0,1,1
29,-33146,1,1,1
29,-33142,1,1,1
29,-33138,0,1,1
29,-33134,0,1,1
29,-33130,1,1,1
29,-33126,1,1,1
29,-33122,0,1,1
29,-33114,1,1,1
29,-33110,1,1,1
29,-33106,0,1,1
29,-33102,0,1,1
29,-33098,1,1,1
29,-33094,1,1,1
29,-33090,0,1,1
29,-33086,0,1,1
29,-33082,1,1,1
29,-33078,1,1,1
29,-33074,0,1,1
29,-33070,0,1,1
29,-33066,1,1,1
29,-33062,1,1,1
29,-33058,0,1,1
29,-33054,0,1,1
29,-33050,1,1,1
29,-33046,1,1,1
29,-33042,0,1,1
29,-33038,0,1,1
29,-33034,1,1,1
29,-33030,1,1,1
29,-33026,0,1,1
29,-33022,0,1,1
29,-33018,1,1,1
29,-33014,1,1,1
29,-33010,0,1,1
29,-33006,0,1,1
29,-32998,1,1,1
29,-32994,0,1,1
29,-32990,0,1,1
29,-32986,1,1,1
29,-32982,1,1,1
29,-32978,0,1,1
29,-32974,0,1,1
29,-32970,1,1,1
29,-32966,1,0,1
29,-32962,0,1,1
29,-32958,0,1,1
29,-32954,1,1,1
29,-32950,1,1,1
29,-32946,0,1,1
29,-32942,0,1,1
29,-32938,1,1,1
29,-32934,1,1,1
29,-32930,0,1,1
29,-32926,0,1,1
29,-32922,1,1,1
29,-32918,1,1,1
29,-32914,0,1,1
29,-32910,0,1,1
29,-32906,1,1,1
29,-32902,1,1,1
29,-32898,0,1,1
29,-32894,0,1,1
29,-32890,1,1,1
29,-32882,0,1,1
29,-32878,0,1,1
29,-32874,1,1,1
29,-32870,1,1,1
29,-32866,0,1,1
29,-32862,0,1,1
29,-32858,1,1,1
29,-32854,1,1,1
29,-32850,0,1,1
29,-32846,0,1,1
29,-32842,1,1,1
29,-32838,1,1,1
29,-32834,0,1,1
29,-32830,0,1,1
29,-32826,1,1,1
29,-32822,1,1,1
29,-32818,0,1,1
29,-32814,0,1,1
29,-32810,1,1,1
29,-32806,1,1,1
29,-32802,0,1,1
29,-32798,0,1,1
29,-32794,1,1,1
29,-32790,1,1,1
29,-32786,0,1,1
29,-32782,0,1,1
29,-32778,1,1,1
29,-32774,1,1,1
29,-32766,0,1,1
29,-32762,1,1,1
29,-32758,1,1,1
29,-32754,0,1,1
29,-32750,0,1,1
29,-32746,1,1,1
29,-32742,1,1,1
29,-32738,0,1,1
29,-32734,0,1,1
29,-32730,1,1,1
29,-32726,1,1,1
29,-32722,0,1,1
29,-32718,0,1,1
29,-32714,1,1,1
29,-32710,1,1,1
29,-32706,0,1,1
29,-32702,0,1,1
29,-32698,1,1,1
29,-32694,1,1,1
29,-32690,0,1,1
29,-32686,0,1,1
29,-32682,1,1,1
29,-32678,1,1,1
29,-32674,0,1,1
29,-32670,0,1,1
29,-32666,1,1,1
29,-32662,1,1,1
29,-32658,0,1,1
29,-32650,1,1,1
29,-32646,1,1,1
29,-32642,0,1,1
29,-32638,0,1,1
29,-32634,1,1,1
29,-32630,1,1,1
29,-32626,0,1,1
29,-32622,0,1,1
29,-32618,1,1,1
29,-32614,1,1,1
29,-32610,0,1,1
29,-32606,0,1,1
29,-32602,1,1,1
29,-32598,1,1,1
29,-32594,0,1,1
29,-32590,0,1,1
29,-32586,1,1,1
29,-32582,1,1,1
29,-32578,0,1,1
29,-32574,0,1,1
29,-32570,1,1,1
29,-32566,1,1,1
29,-32562,0,1,1
29,-32558,0,1,1
29,-32554,1,1,1
29,-32550,1,1,1
29,-32546,0,1,1
29,-32542,0,1,1
29,-32534,1,1,1
29,-32530,0,1,1
29,-32526,0,1,1
29,-32522,1,1,1
29,-32518,1,1,1
29,-32514,0,1,1
29,-32510,0,1,1
29,-32506,1,1,1
29,-32502,1,1,1
29,-32498,0,1,1
29,-32494,0,1,1
29,-32490,1,1,1
29,-32486,1,1,1
29,-32482,0,1,1
29,-32478,0,1,1
29,-32474,1,1,1
29,-32470,1,1,1
29,-32466,0,1,1
29,-32462,0,1,1
29,-32458,1,1,1
29,-32454,1,1,1
29,-32450,0,1,1
29,-32446,0,1,1
29,-32442,1,1,1
29,-32438,1,1,1
29,-32434,0,1,1
29,-32430,0,1,1
29,-32426,1,1,1
29,-32418,0,1,1
29,-32414,0,1,1
29,-32410,1,1,1
29,-32406,1,1,1
29,-32402,0,1,1
29,-32398,0,1,1
29,-32394,1,1,1
29,-32390,1,1,1
29,-32386,0,1,1
29,-32382,0,1,1
29,-32378,1,1,1
29,-32374,1,1,1
29,-32370,0,1,1
29,-32366,0,1,1
29,-32362,1,1,1
29,-32358,1,1,1
29,-32354,0,1,1
29,-32350,0,1,1
29,-32346,1,1,1
29,-32342,1,1,1
29,-32338,0,1,1
29,-32334,0,1,1
29,-32330,1,1,1
29,-32326,1,1,1
29,-32322,0,1,1
29,-32318,0,1,1
29,-32314,1,1,1
29,-32310,1,1,1
29,-32302,0,1,1
29,-32298,1,1,1
29,-32294,1,1,1
29,-32290,0,1,1
29,-32286,0,1,1
29,-32282,1,1,1
29,-32278,1,1,1
29,-32274,0,1,1
29,-32270,0,1,1
29,-32266,1,1,1
29,-32262,1,1,1
29,-32258,0,1,1
29,-32254,0,1,1
29,-32250,1,1,1
29,-32246,1,1,1
29,-32242,0,1,1
29,-32238,0,1,1
29,-32234,1,1,1
29,-32230,1,1,1
29,-32226,0,1,1
29,-32222,0,1,1
29,-32218,1,1,1
29,-32214,1,1,1
29,-32210,0,1,1
29,-32206,0,1,1
29,-32202,1,1,1
29,-32198,1,1,1
29,-32194,0,1,1
29,-32186,1,1,1
29,-32182,1,1,1
29,-32178,0,1,1
29,-32174,0,1,1
29,-32170,1,1,1
29,-32166,1,0,1
29,-32162,0,1,1
29,-32158,0,1,1
29,-32154,1,1,1
29,-32150,1,1,1
29,-32146,0,1,1
29,-32142,0,1,1
29,-32138,1,1,1
29,-32134,1,1,1
29,-32130,0,0,0
29,-32126,0,1,1
29,-32122,1,1,1
29,-32118,1,1,1
29,-32114,0,1,1
29,-32110,0,1,1
29,-32106,1,1,1
29,-32102,1,1,1
29,-32098,0,1,1
29,-32094,0,1,1
29,-32090,1,1,1
29,-32086,1,1,1
29,-32082,0,1,1
29,-32078,0,1,1
29,-32070,1,1,1
29,-32066,0,1,1
29,-32062,0,1,1
29,-32058,1,1,1
29,-32054,1,1,1
29,-32050,0,1,1
29,-32046,0,1,1
29,-32042,1,1,1
29,-32038,1,1,1
29,-32034,0,1,1
29,-32030,0,1,1
29,-32026,1,1,1
29,-32022,1,1,1
29,-32018,0,1,1
29,-32014,0,1,1
29,-32010,1,1,1
29,-32006,1,1,1
29,-32002,0,1,1
29,-31998,0,1,1
29,-31994,1,1,1
29,-31990,1,1,1
29,-31986,0,1,1
29,-31982,0,1,1
29,-31978,1,1,1
29,-31974,1,1,1
29,-31970,0,1,1
29,-31966,0,1,1
29,-31962,1,1,1
29,-31954,0,1,1
29,-31950,0,1,1
29,-31946,1,1,1
29,-31942,1,1,1
29,-31938,0,1,1
29,-31934,0,1,1
29,-31930,1,1,1
29,-31926,1,1,1
29,-31922,0,1,1
29,-31918,0,1,1
29,-31914,1,1,1
29,-31910,1,1,1
29,-31906,0,1,1
29,-31902,0,0,0
29,-31898,1,1,1
29,-31894,1,1,1
29,-31890,0,1,1
29,-31886,0,1,1
29,-31882,1,1,1
29,-31878,1,1,1
29,-31874,0,1,1
29,-31870,0,1,1
29,-31866,1,1,1
29,-31862,1,1,1
29,-31858,0,1,1
29,-31854,0,1,1
29,-31850,1,1,1
29,-31846,1,1,1
29,-31838,0,1,1
29,-31834,1,1,1
29,-31830,1,1,1
29,-31826,0,1,1
29,-31822,0,1,1
29,-31818,1,1,1
29,-31814,1,1,1
29,-31810,0,1,1
29,-31806,0,0,0
29,-31802,1,1,1
29,-31798,1,1,1
29,-31794,0,1,1
29,-31790,0,1,1
29,-31786,1,1,1
29,-31782,1,1,1
29,-31778,0,1,1
29,-31774,0,1,1
29,-31770,1,1,1
29,-31766,1,1,1
29,-31762,0,1,1
29,-31758,0,1,1
29,-31754,1,1,1
29,-31750,1,1,1
29,-31746,0,1,1
29,-31742,0,1,1
29,-31738,1,1,1
29,-31734,1,1,1
29,-31730,0,1,1
29,-31722,1,1,1
29,-31718,1,1,1
29,-31714,0,1,1
29,-31710,0,1,1
29,-31706,1,1,1
29,-31702,1,1,1
29,-31698,0,1,1
29,-31694,0,1,1
29,-31690,1,1,1
29,-31686,1,1,1
29,-31682,0,1,1
29,-31678,0,1,1
29,-31674,1,1,1
29,-31670,1,1,1
29,-31666,0,1,1
29,-31662,0,1,1
29,-31658,1,1,1
29,-31654,1,1,1
29,-31650,0,1,1
29,-31646,0,1,1
29,-31642,1,1,1
29,-31638,1,1,1
29,-31634,0,1,1
29,-31630,0,1,1
29,-31626,1,1,1
29,-31622,1,1,1
29,-31618,0,1,1
29,-31614,0,1,1
29,-31606,1,1,1
29,-31602,0,1,1
29,-31598,0,1,1
29,-31594,1,1,1
29,-31590,1,1,1
29,-31586,0,1,1
29,-31582,0,1,1
29,-31578,1,1,1
29,-31574,1,1,1
29,-31570,0,1,1
29,-31566,0,1,1
29,-31562,1,1,1
29,-31558,1,1,1
29,-31554,0,1,1
29,-31550,0,1,1
29,-31546,1,1,1
29,-31542,1,1,1
29,-31538,0,1,1
29,-31534,0,1,1
29,-31530,1,1,1
29,-31526,1,1,1
29,-31522,0,1,1
29,-31518,0,1,1
29,-31514,1,1,1
29,-31510,1,1,1
29,-31506,0,1,1
29,-31502,0,1,1
29,-31498,1,1,1
29,-31490,0,1,1
29,-31486,0,1,1
29,-31482,1,1,1
29,-31478,1,1,1
29,-31474,0,1,1
29,-31470,0,1,1
29,-31466,1,1,1
29,-31462,1,1,1
29,-31458,0,1,1
29,-31454,0,1,1
29,-31450,1,1,1
29,-31446,1,1,1
29,-31442,0,1,1
29,-31438,0,1,1
29,-31434,1,1,1
29,-31430,1,1,1
29,-31426,0,1,1
29,-31422,0,1,1
29,-31418,1,1,1
29,-31414,1,1,1
29,-31410,0,1,1
29,-31406,0,1,1
29,-31402,1,1,1
29,-31398,1,1,1
29,-31394,0,1,1
29,-31390,0,1,1
29,-31386,1,1,1
29,-31382,1,1,1
29,-31374,0,1,1
29,-31370,1,1,1
29,-31366,1,1,1
29,-31362,0,1,1
29,-31358,0,1,1
29,-31354,1,1,1
29,-31350,1,1,1
29,-31346,0,1,1
29,-31342,0,1,1
29,-31338,1,1,1
29,-31334,1,1,1
29,-31330,0,1,1
29,-31326,0,1,1
29,-31322,1,1,1
29,-31318,1,1,1
29,-31314,0,1,1
29,-31310,0,1,1
29,-31306,1,1,1
29,-31302,1,1,1
29,-31298,0,1,1
29,-31294,0,1,1
29,-31290,1,1,1
29,-31286,1,1,1
29,-31282,0,1,1
29,-31278,0,1,1
29,-31274,1,1,1
29,-31270,1,1,1
29,-31266,0,1,1
29,-31258,1,1,1
29,-31254,1,0,1
29,-31250,0,1,1
29,-31246,0,1,1
29,-31242,1,1,1
29,-31238,1,1,1
29,-31234,0,1,1
29,-31230,0,1,1
29,-31226,1,1,1
29,-31222,1,1,1
29,-31218,0,1,1
29,-31214,0,1,1
29,-31210,1,1,1
29,-31206,1,1,1
29,-31202,0,1,1
29,-31198,0,1,1
29,-31194,1,1,1
29,-31190,1,1,1
29,-31186,0,1,1
29,-31182,0,1,1
29,-31178,1,1,1
29,-31174,1,1,1
29,-31170,0,1,1
29,-31166,0,1,1
29,-31162,1,1,1
29,-31158,1,1,1
29,-31154,0,1,1
29,-31150,0,1,1
29,-31142,1,1,1
29,-31138,0,1,1
29,-31134,0,1,1
29,-31130,1,1,1
29,-31126,1,1,1
29,-31122,0,1,1
29,-31118,0,1,1
29,-31114,1,1,1
29,-31110,1,1,1
29,-31106,0,1,1
29,-31102,0,1,1
29,-31098,1,1,1
29,-31094,1,1,1
29,-31090,0,1,1
29,-31086,0,1,1
29,-31082,1,1,1
29,-31078,1,1,1
29,-31074,0,1,1
29,-31070,0,1,1
29,-31066,1,1,1
29,-31062,1,1,1
29,-31058,0,1,1
29,-31054,0,1,1
29,-31050,1,0,1
29,-31046,1,1,1
29,-31042,0,1,1
29,-31038,0,1,1
29,-31034,1,1,1
29,-31026,0,1,1
29,-31022,0,1,1
29,-31018,1,1,1
29,-31014,1,1,1
29,-31010,0,1,1
29,-31006,0,1,1
29,-31002,1,1,1
29,-30998,1,1,1
29,-30994,0,1,1
29,-30990,0,1,1
29,-30986,1,1,1
29,-30982,1,1,1
29,-30978,0,1,1
29,-30974,0,1,1
29,-30970,1,1,1
29,-30966,1,1,1
29,-30962,0,1,1
29,-30958,0,1,1
29,-30954,1,1,1
29,-30950,1,1,1
29,-30946,0,1,1
29,-30942,0,1,1
29,-30938,1,1,1
29,-30934,1,1,1
29,-30930,0,1,1
29,-30926,0,1,1
29,-30922,1,1,1
29,-30918,1,1,1
29,-30910,0,1,1
29,-30906,1,1,1
29,-30902,1,1,1
29,-30898,0,1,1
29,-30894,0,1,1
29,-30890,1,1,1
29,-30886,1,1,1
29,-30882,0,1,1
29,-30878,0,1,1
29,-30874,1,1,1
29,-30870,1,1,1
29,-30866,0,1,1
29,-30862,0,1,1
29,-30858,1,1,1
29,-30854,1,1,1
29,-30850,0,1,1
29,-30846,0,0,0
29,-30842,1,1,1
29,-30838,1,1,1
29,-30834,0,1,1
29,-30830,0,1,1
29,-30826,1,1,1
29,-30822,1,1,1
29,-30818,0,1,1
29,-30814,0,1,1
29,-30810,1,1,1
29,-30806,1,1,1
29,-30802,0,1,1
29,-30794,1,1,1
29,-30790,1,1,1
29,-30786,0,1,1
29,-30782,0,1,1
29,-30778,1,1,1
29,-30774,1,1,1
29,-30770,0,1,1
29,-30766,0,1,1
29,-30762,1,1,1
29,-30758,1,1,1
29,-30754,0,1,1
29,-30750,0,1,1
29,-30746,1,1,1
29,-30742,1,1,1
29,-30738,0,1,1
29,-30734,0,1,1
29,-30730,1,1,1
29,-30726,1,1,1
29,-30722,0,1,1
29,-30718,0,1,1
29,-30714,1,0,1
29,-30710,1,1,1
29,-30706,0,1,1
29,-30702,0,1,1
29,-30698,1,1,1
29,-30694,1,1,1
29,-30690,0,1,1
29,-30686,0,1,1
29,-30678,1,1,1
29,-30674,0,1,1
29,-30670,0,1,1
29,-30666,0,1,1
29,-30662,1,1,1
29,-30658,0,1,1
29,-30654,0,1,1
29,-30650,1,1,1
29,-30646,1,1,1
29,-30642,0,1,1
29,-30638,0,1,1
29,-30634,1,1,1
29,-30630,1,1,1
29,-30626,0,1,1
29,-30622,0,1,1
29,-30618,1,1,1
29,-30614,1,1,1
29,-30610,0,1,1
29,-30606,0,1,1
29,-30602,1,1,1
29,-30598,1,1,1
29,-30594,0,1,1
29,-30590,0,1,1
29,-30586,1,1,1
29,-30582,1,1,1
29,-30578,0,1,1
29,-30574,0,1,1
29,-30570,1,1,1
29,-30562,0,1,1
29,-30558,0,1,1
29,-30554,1,1,1
29,-30550,1,1,1
29,-30546,0,1,1
29,-30542,0,1,1
29,-30538,1,1,1
29,-30534,1,1,1
29,-30530,0,1,1
29,-30526,0,1,1
29,-30522,1,1,1
29,-30518,1,1,1
29,-30514,0,1,1
29,-30510,0,1,1
29,-30506,1,1,1
29,-30502,1,1,1
29,-30498,0,1,1
29,-30494,0,1,1
29,-30490,1,1,1
29,-30486,1,1,1
29,-30482,0,1,1
29,-30478,0,1,1
29,-30474,1,1,1
29,-30470,1,1,1
29,-30466,0,1,1
29,-30462,0,1,1
29,-30458,1,1,1
29,-30454,1,1,1
29,-30446,0,1,1
29,-30442,1,1,1
29,-30438,1,1,1
29,-30434,0,1,1
29,-30430,0,1,1
29,-30426,1,1,1
29,-30422,1,1,1
29,-30418,0,1,1
29,-30414,0,1,1
29,-30410,1,1,1
29,-30406,1,1,1
29,-30402,0,1,1
29,-30398,0,1,1
29,-30394,1,1,1
29,-30390,1,1,1
29,-30386,0,1,1
29,-30382,0,1,1
29,-30378,1,1,1
29,-30374,1,1,1
29,-30370,0,1,1
29,-30366,0,1,1
29,-30362,1,1,1
29,-30358,1,1,1
29,-30354,0,1,1
29,-30350,0,1,1
29,-30346,1,1,1
29,-30342,1,1,1
29,-30338,0,1,1
29,-30330,1,1,1
29,-30326,1,1,1
29,-30322,0,1,1
29,-30318,0,1,1
29,-30314,1,1,1
29,-30310,1,1,1
29,-30306,0,1,1
29,-30302,0,1,1
29,-30298,1,1,1
29,-30294,1,1,1
29,-30290,0,1,1
29,-30286,0,1,1
29,-30282,0,1,1
29,-30278,1,1,1
29,-30274,0,1,1
29,-30270,0,1,1
29,-30266,1,1,1
29,-30262,1,1,1
29,-30258,0,1,1
29,-30254,0,1,1
29,-30250,1,1,1
29,-30246,1,1,1
29,-30242,0,1,1
29,-30238,0,1,1
29,-30234,1,1,1
29,-30230,1,1,1
29,-30226,0,1,1
29,-30222,0,1,1
29,-30214,1,1,1
29,-30210,0,1,1
29,-30206,0,1,1
29,-30202,1,1,1
29,-30198,1,1,1
29,-30194,0,1,1
29,-30190,0,1,1
29,-30186,1,1,1
29,-30182,1,1,1
29,-30178,0,1,1
29,-30174,0,1,1
29,-30170,1,1,1
29,-30166,1,1,1
29,-30162,0,1,1
29,-30158,0,1,1
29,-30154,1,1,1
29,-30150,1,1,1
29,-30146,0,1,1
29,-30142,0,1,1
29,-30138,1,1,1
29,-30134,1,1,1
29,-30130,0,1,1
29,-30126,0,1,1
29,-30122,1,1,1
29,-30118,1,1,1
29,-30114,0,1,1
29,-30110,0,1,1
29,-30106,1,1,1
29,-30098,0,1,1
29,-30094,0,1,1
29,-30090,1,0,1
29,-30086,1,1,1
29,-30082,0,1,1
29,-30078,0,1,1
29,-30074,1,1,1
29,-30070,1,1,1
29,-30066,0,1,1
29,-30062,0,1,1
29,-30058,1,1,1
29,-30054,1,1,1
29,-30050,0,1,1
29,-30046,0,1,1
29,-30042,1,1,1
29,-30038,1,1,1
29,-30034,0,1,1
29,-30030,0,1,1
29,-30026,1,1,1
29,-30022,1,1,1
29,-30018,0,1,1
29,-30014,0,1,1
29,-30010,1,1,1
29,-30006,1,1,1
29,-30002,0,1,1
29,-29998,0,0,0
29,-29994,1,1,1
29,-29990,1,1,1
29,-29982,0,1,1
29,-29978,1,1,1
29,-29974,1,1,1
29,-29970,0,1,1
29,-29966,0,1,1
29,-29962,1,1,1
29,-29958,1,1,1
29,-29954,0,1,1
29,-29950,0,1,1
29,-29946,1,0,1
29,-29942,1,0,1
29,-29938,0,1,1
29,-29934,0,1,1
29,-29930,1,1,1
29,-29926,1,1,1
29,-29922,0,1,1
29,-29918,0,1,1
29,-29914,1,1,1
29,-29910,1,1,1
29,-29906,0,1,1
29,-29902,0,1,1
29,-29898,1,1,1
29,-29894,1,1,1
29,-29890,0,1,1
29,-29886,0,1,1
29,-29882,1,1,1
29,-29878,1,1,1
29,-29874,0,1,1
29,-29866,0,1,1
29,-29862,1,1,1
29,-29858,0,1,1
29,-29854,0,1,1
29,-29850,1,1,1
29,-29846,1,1,1
29,-29842,0,1,1
29,-29838,0,1,1
29,-29834,1,1,1
29,-29830,1,1,1
29,-29826,0,1,1
29,-29822,0,1,1
29,-29818,1,1,1
29,-29814,1,1,1
29,-29810,0,1,1
29,-29806,0,1,1
29,-29802,1,1,1
29,-29798,1,1,1
29,-29794,0,1,1
29,-29790,0,1,1
29,-29786,1,1,1
29,-29782,1,1,1
29,-29778,0,1,1
29,-29774,0,1,1
29,-29770,1,1,1
29,-29766,1,1,1
29,-29762,0,1,1
29,-29758,0,1,1
29,-29750,1,1,1
29,-29746,0,1,1
29,-29742,0,1,1
29,-29738,1,1,1
29,-29734,1,1,1
29,-29730,0,1,1
29,-29726,0,1,1
29,-29722,1,1,1
29,-29718,1,1,1
29,-29714,0,1,1
29,-29710,0,1,1
29,-29706,1,1,1
29,-29702,1,1,1
29,-29698,0,1,1
29,-29694,0,1,1
29,-29690,1,1,1
29,-29686,1,1,1
29,-29682,0,1,1
29,-29678,0,1,1
29,-29674,1,1,1
29,-29670,1,1,1
29,-29666,0,1,1
29,-29662,0,1,1
29,-29658,1,1,1
29,-29654,1,1,1
29,-29650,0,1,1
29,-29646,0,1,1
29,-29642,1,1,1
29,-29634,0,1,1
29,-29630,0,1,1
29,-29626,1,1,1
29,-29622,1,1,1
29,-29618,0,1,1
29,-29614,0,1,1
29,-29610,1,1,1
29,-29606,1,1,1
29,-29602,0,1,1
29,-29598,0,1,1
29,-29594,1,1,1
29,-29590,1,1,1
29,-29586,0,1,1
29,-29582,0,1,1
29,-29578,1,1,1
29,-29574,1,1,1
29,-29570,0,1,1
29,-29566,0,1,1
29,-29562,1,1,1
29,-29558,1,1,1
29,-29554,0,1,1
29,-29550,0,1,1
29,-29546,1,1,1
29,-29542,1,1,1
29,-29538,0,1,1
29,-29534,0,1,1
29,-29530,1,1,1
29,-29526,1,1,1
29,-29518,0,1,1
29,-29514,1,1,1
29,-29510,1,1,1
29,-29506,0,1,1
29,-29502,0,1,1
29,-29498,1,1,1
29,-29494,1,1,1
29,-29490,0,1,1
29,-29486,0,1,1
29,-29482,1,1,1
29,-29478,1,1,1
29,-29474,0,1,1
29,-29470,0,1,1
29,-29466,1,1,1
29,-29462,1,1,1
29,-29458,0,1,1
29,-29454,0,1,1
29,-29450,1,1,1
29,-29446,1,1,1
29,-29442,0,1,1
29,-29438,0,1,1
29,-29434,1,1,1
29,-29430,1,1,1
29,-29426,0,1,1
29,-29422,0,1,1
29,-29418,1,1,1
29,-29414,1,1,1
29,-29410,0,1,1
29,-29402,1,1,1
29,-29398,1,1,1
29,-29394,0,1,1
29,-29390,0,1,1
29,-29386,1,1,1
29,-29382,1,1,1
29,-29378,0,1,1
29,-29374,0,1,1
29,-29370,1,1,1
29,-29366,1,1,1
29,-29362,0,1,1
29,-29358,0,1,1
29,-29354,0,1,1
29,-29350,1,1,1
29,-29346,0,1,1
29,-29342,0,1,1
29,-29338,1,1,1
29,-29334,1,1,1
29,-29330,0,1,1
29,-29326,0,1,1
29,-29322,1,1,1
29,-29318,1,1,1
29,-29314,0,1,1
29,-29310,0,1,1
29,-29306,1,1,1
29,-29302,1,1,1
29,-29298,0,1,1
29,-29294,0,1,1
29,-29286,1,1,1
29,-29282,0,1,1
29,-29278,0,1,1
29,-29274,1,1,1
29,-29270,1,1,1
29,-29266,0,1,1
29,-29262,0,1,1
29,-29258,1,1,1
29,-29254,1,1,1
29,-29250,0,1,1
29,-29246,0,1,1
29,-29242,1,1,1
29,-29238,1,1,1
29,-29234,0,1,1
29,-29230,0,1,1
29,-29226,1,0,1
29,-29222,1,1,1
29,-29218,0,1,1
29,-29214,0,1,1
29,-29210,1,1,1
29,-29206,1,1,1
29,-29202,0,1,1
29,-29198,0,1,1
29,-29194,1,1,1
29,-29190,1,1,1
29,-29186,0,1,1
29,-29182,0,1,1
29,-29178,1,1,1
29,-29170,0,1,1
29,-29166,0,1,1
29,-29162,1,1,1
29,-29158,1,1,1
29,-29154,0,1,1
29,-29150,0,1,1
29,-29146,1,1,1
29,-29142,1,1,1
29,-29138,0,1,1
29,-29134,0,1,1
29,-29130,1,1,1
29,-29126,1,1,1
29,-29122,0,1,1
29,-29118,0,0,0
29,-29114,1,1,1
29,-29110,1,1,1
29,-29106,0,1,1
29,-29102,0,1,1
29,-29098,1,1,1
29,-29094,1,1,1
29,-29090,0,1,1
29,-29086,0,1,1
29,-29082,1,1,1
29,-29078,1,1,1
29,-29074,0,1,1
29,-29070,0,1,1
29,-29066,1,1,1
29,-29062,1,1,1
29,-29054,0,1,1
29,-29050,1,1,1
29,-29046,1,1,1
29,-29042,0,1,1
29,-29038,0,1,1
29,-29034,1,1,1
29,-29030,1,1,1
29,-29026,0,1,1
29,-29022,0,1,1
29,-29018,1,1,1
29,-29014,1,1,1
29,-29010,0,1,1
29,-29006,0,1,1
29,-29002,1,1,1
29,-28998,1,1,1
29,-28994,0,1,1
29,-28990,0,1,1
29,-28986,1,1,1
29,-28982,1,1,1
29,-28978,0,1,1
29,-28974,0,1,1
29,-28970,1,1,1
29,-28966,1,1,1
29,-28962,0,1,1
29,-28958,0,1,1
29,-28954,1,1,1
29,-28950,1,1,1
29,-28946,0,1,1
29,-28938,1,1,1
29,-28934,1,1,1
29,-28930,0,1,1
29,-28926,0,1,1
29,-28922,1,1,1
29,-28918,1,1,1
29,-28914,0,1,1
29,-28910,0,1,1
29,-28906,1,1,1
29,-28902,1,1,1
29,-28898,0,1,1
29,-28894,0,1,1
29,-28890,1,1,1
29,-28886,1,1,1
29,-28882,0,1,1
29,-28878,0,1,1
29,-28874,1,1,1
29,-28870,1,1,1
29,-28866,0,1,1
29,-28862,0,1,1
29,-28858,1,1,1
29,-28854,1,1,1
29,-28850,0,1,1
29,-28846,0,1,1
29,-28842,1,1,1
29,-28838,1,1,1
29,-28834,0,1,1
29,-28830,0,1,1
29,-28822,1,1,1
29,-28818,0,1,1
29,-28814,0,1,1
29,-28810,1,1,1
29,-28806,1,1,1
29,-28802,0,1,1
29,-28798,0,1,1
29,-28794,1,1,1
29,-28790,1,1,1
29,-28786,0,1,1
29,-28782,0,1,1
29,-28778,1,1,1
29,-28774,1,1,1
29,-28770,0,1,1
29,-28766,0,1,1
29,-28762,1,1,1
29,-28758,1,1,1
29,-28754,0,1,1
29,-28750,0,1,1
29,-28746,1,1,1
29,-28742,1,1,1
29,-28738,0,1,1
29,-28734,0,1,1
29,-28730,1,1,1
29,-28726,1,1,1
29,-28722,0,1,1
29,-28718,0,1,1
29,-28714,1,1,1
29,-28706,0,1,1
29,-28702,0,1,1
29,-28698,1,1,1
29,-28694,1,1,1
29,-28690,0,1,1
29,-28686,0,1,1
29,-28682,1,1,1
29,-28678,1,1,1
29,-28674,0,1,1
29,-28670,0,1,1
29,-28666,1,1,1
29,-28662,1,1,1
29,-28658,0,1,1
29,-28654,0,1,1
29,-28650,1,1,1
29,-28646,1,1,1
29,-28642,0,1,1
29,-28638,0,1,1
29,-28634,1,1,1
29,-28630,1,1,1
29,-28626,0,1,1
29,-28622,0,1,1
29,-28618,1,1,1
29,-28614,1,1,1
29,-28610,0,1,1
29,-28606,0,1,1
29,-28602,1,1,1
29,-28598,1,1,1
29,-28590,0,1,1
29,-28586,1,1,1
29,-28582,1,1,1
29,-28578,0,1,1
29,-28574,0,1,1
29,-28570,1,1,1
29,-28566,1,1,1
29,-28562,0,1,1
29,-28558,0,1,1
29,-28554,0,1,1
29,-28550,1,1,1
29,-28546,0,1,1
29,-28542,0,1,1
29,-28538,1,1,1
29,-28534,1,1,1
29,-28530,0,1,1
29,-28526,0,1,1
29,-28522,1,1,1
29,-28518,1,1,1
29,-28514,0,1,1
29,-28510,0,1,1
29,-28506,1,1,1
29,-28502,1,1,1
29,-28498,0,1,1
29,-28494,0,1,1
29,-28490,1,1,1
29,-28486,1,1,1
29,-28482,0,1,1
29,-28474,1,1,1
29,-28470,1,1,1
29,-28466,0,1,1
29,-28462,0,1,1
29,-28458,1,1,1
29,-28454,1,1,1
29,-28450,0,1,1
29,-28446,0,1,1
29,-28442,1,1,1
29,-28438,1,1,1
29,-28434,0,1,1
29,-28430,0,1,1
29,-28426,1,1,1
29,-28422,1,1,1
29,-28418,0,1,1
29,-28414,0,1,1
29,-28410,1,1,1
29,-28406,1,1,1
29,-28402,0,1,1
29,-28398,0,1,1
29,-28394,1,1,1
29,-28390,1,1,1
29,-28386,0,1,1
29,-28382,0,1,1
29,-28378,1,1,1
29,-28374,1,1,1
29,-28370,0,1,1
29,-28366,0,1,1
29,-28358,1,1,1
29,-28354,0,1,1
29,-28350,0,1,1
29,-28346,1,1,1
29,-28342,1,1,1
29,-28338,0,1,1
29,-28334,0,1,1
29,-28330,1,1,1
29,-28326,1,1,1
29,-28322,0,1,1
29,-28318,0,1,1
29,-28314,1,1,1
29,-28310,1,1,1
29,-28306,0,1,1
29,-28302,0,1,1
29,-28298,1,1,1
29,-28294,1,1,1
29,-28290,0,1,1
29,-28286,0,1,1
29,-28282,1,1,1
29,-28278,1,1,1
29,-28274,0,1,1
29,-28270,0,1,1
29,-28266,1,1,1
29,-28262,1,1,1
29,-28258,0,1,1
29,-28254,0,1,1
29,-28250,1,1,1
29,-28242,0,0,0
29,-28238,0,0,0
29,-28234,1,1,1
29,-28230,1,1,1
29,-28226,0,1,1
29,-28222,0,1,1
29,-28218,1,1,1
29,-28214,1,1,1
29,-28210,0,1,1
29,-28206,0,1,1
29,-28202,1,1,1
29,-28198,1,1,1
29,-28194,0,1,1
29,-28190,0,1,1
29,-28186,1,1,1
29,-28182,1,1,1
29,-28178,0,1,1
29,-28174,0,1,1
29,-28170,1,1,1
29,-28166,1,1,1
29,-28162,0,0,0
29,-28158,0,1,1
29,-28154,1,1,1
29,-28150,1,1,1
29,-28146,0,1,1
29,-28142,0,1,1
29,-28138,1,1,1
29,-28134,1,1,1
29,-28126,0,1,1
29,-28122,1,1,1
29,-28118,1,1,1
29,-28114,0,1,1
29,-28110,0,1,1
29,-28106,1,1,1
29,-28102,1,1,1
29,-28098,0,1,1
29,-28094,0,1,1
29,-28090,1,1,1
29,-28086,1,1,1
29,-28082,0,1,1
29,-28078,0,1,1
29,-28074,1,1,1
29,-28070,1,1,1
29,-28066,0,1,1
29,-28062,0,1,1
29,-28058,1,1,1
29,-28054,1,1,1
29,-28050,0,1,1
29,-28046,0,1,1
29,-28042,1,1,1
29,-28038,1,1,1
29,-28034,0,1,1
29,-28030,0,1,1
29,-28026,1,1,1
29,-28022,1,1,1
29,-28018,0,1,1
29,-28010,1,1,1
29,-28006,1,1,1
29,-28002,0,1,1
29,-27998,0,1,1
29,-27994,1,1,1
29,-27990,1,1,1
29,-27986,0,1,1
29,-27982,0,1,1
29,-27978,1,1,1
29,-27974,1,1,1
29,-27970,0,1,1
29,-27966,0,1,1
29,-27962,1,1,1
29,-27958,1,1,1
29,-27954,0,1,1
29,-27950,0,1,1
29,-27946,1,1,1
29,-27942,1,1,1
29,-27938,0,1,1
29,-27934,0,1,1
29,-27930,1,1,1
29,-27926,1,1,1
29,-27922,0,1,1
29,-27918,0,1,1
29,-27914,1,1,1
29,-27910,1,1,1
29,-27906,0,1,1
29,-27902,0,1,1
29,-27894,1,1,1
29,-27890,0,1,1
29,-27886,0,1,1
29,-27882,1,1,1
29,-27878,1,1,1
29,-27874,0,1,1
29,-27870,0,1,1
29,-27866,1,1,1
29,-27862,1,1,1
29,-27858,0,1,1
29,-27854,0,1,1
29,-27850,1,1,1
29,-27846,1,1,1
29,-27842,0,1,1
29,-27838,0,1,1
29,-27834,1,1,1
29,-27830,1,1,1
29,-27826,0,1,1
29,-27822,0,1,1
29,-27818,1,1,1
29,-27814,1,1,1
29,-27810,0,1,1
29,-27806,0,1,1
29,-27802,1,1,1
29,-27798,1,1,1
29,-27794,0,1,1
29,-27790,0,1,1
29,-27786,1,1,1
29,-27778,0,1,1
29,-27774,0,1,1
29,-27770,1,1,1
29,-27766,1,1,1
29,-27762,0,1,1
29,-27758,0,1,1
29,-27754,1,1,1
29,-27750,1,1,1
29,-27746,0,1,1
29,-27742,0,1,1
29,-27738,1,1,1
29,-27734,1,1,1
29,-27730,0,1,1
29,-27726,0,1,1
29,-27722,1,1,1
29,-27718,1,1,1
29,-27714,0,1,1
29,-27710,0,1,1
29,-27706,1,1,1
29,-27702,1,1,1
29,-27698,0,1,1
29,-27694,0,1,1
29,-27690,1,1,1
29,-27686,1,1,1
29,-27682,0,1,1
29,-27678,0,1,1
29,-27674,1,1,1
29,-27670,1,1,1
29,-27662,0,1,1
29,-27658,1,1,1
29,-27654,1,1,1
29,-27650,0,1,1
29,-27646,0,1,1
29,-27642,1,1,1
29,-27638,1,1,1
29,-27634,0,1,1
29,-27630,0,1,1
29,-27626,1,1,1
29,-27622,1,1,1
29,-27618,0,1,1
29,-27614,0,1,1
29,-27610,1,1,1
29,-27606,1,1,1
29,-27602,0,1,1
29,-27598,0,1,1
29,-27594,1,1,1
29,-27590,1,1,1
29,-27586,0,1,1
29,-27582,0,1,1
29,-27578,1,1,1
29,-27574,1,1,1
29,-27570,0,1,1
29,-27566,0,1,1
29,-27562,1,1,1
29,-27558,1,0,1
29,-27554,0,1,1
29,-27546,1,1,1
29,-27542,0,1,1
29,-27538,0,1,1
29,-27534,0,0,0
29,-27530,1,1,1
29,-27526,1,1,1
29,-27522,0,1,1
29,-27518,0,1,1
29,-27514,1,1,1
29,-27510,1,1,1
29,-27506,0,1,1
29,-27502,0,1,1
29,-27498,1,1,1
29,-27494,1,1,1
29,-27490,0,1,1
29,-27486,0,0,0
29,-27482,1,1,1
29,-27478,1,1,1
29,-27474,0,1,1
29,-27470,0,1,1
29,-27466,1,1,1
29,-27462,1,1,1
29,-27458,0,1,1
29,-27454,0,1,1
29,-27450,1,1,1
29,-27446,1,1,1
29,-27442,0,1,1
29,-27438,0,1,1
29,-27430,1,1,1
29,-27426,0,1,1
29,-27422,0,1,1
29,-27418,1,1,1
29,-27414,1,1,1
29,-27410,0,1,1
29,-27406,0,1,1
29,-27402,1,1,1
29,-27398,1,1,1
29,-27394,0,1,1
29,-27390,0,1,1
29,-27386,1,1,1
29,-27382,1,1,1
29,-27378,0,1,1
29,-27374,0,1,1
29,-27370,1,1,1
29,-27366,1,1,1
29,-27362,0,1,1
29,-27358,0,1,1
29,-27354,1,1,1
29,-27350,1,1,1
29,-27346,0,1,1
29,-27342,0,0,0
29,-27338,1,1,1
29,-27334,1,1,1
29,-27330,0,1,1
29,-27326,0,1,1
29,-27322,1,1,1
29,-27314,0,1,1
29,-27310,0,1,1
29,-27306,1,1,1
29,-27302,1,1,1
29,-27298,0,1,1
29,-27294,0,1,1
29,-27290,1,1,1
29,-27286,1,1,1
29,-27282,0,1,1
29,-27278,0,1,1
29,-27274,1,1,1
29,-27270,1,1,1
29,-27266,0,1,1
29,-27262,0,1,1
29,-27258,1,1,1
29,-27254,1,1,1
29,-27250,0,1,1
29,-27246,0,0,0
29,-27242,1,1,1
29,-27238,1,1,1
29,-27234,0,1,1
29,-27230,0,1,1
29,-27226,1,1,1
29,-27222,1,1,1
29,-27218,0,1,1
29,-27214,0,1,1
29,-27210,1,1,1
29,-27206,1,1,1
29,-27198,0,1,1
29,-27194,1,1,1
29,-27190,1,1,1
29,-27186,0,1,1
29,-27182,0,1,1
29,-27178,1,1,1
29,-27174,1,1,1
29,-27170,0,1,1
29,-27166,0,1,1
29,-27162,1,1,1
29,-27158,1,1,1
29,-27154,0,1,1
29,-27150,0,1,1
29,-27146,1,1,1
29,-27142,1,1,1
29,-27138,0,1,1
29,-27134,0,1,1
29,-27130,1,1,1
29,-27126,1,1,1
29,-27122,0,1,1
29,-27118,0,1,1
29,-27114,1,1,1
29,-27110,1,1,1
29,-27106,0,1,1
29,-27102,0,1,1
29,-27098,1,1,1
29,-27094,1,1,1
29,-27090,0,1,1
29,-27082,1,1,1
29,-27078,1,1,1
29,-27074,0,1,1
29,-27070,0,1,1
29,-27066,1,1,1
29,-27062,1,1,1
29,-27058,0,1,1
29,-27054,0,1,1
29,-27050,1,1,1
29,-27046,1,1,1
29,-27042,0,1,1
29,-27038,0,1,1
29,-27034,1,1,1
29,-27030,1,1,1
29,-27026,0,1,1
29,-27022,0,1,1
29,-27018,1,1,1
29,-27014,1,1,1
29,-27010,0,1,1
29,-27006,0,1,1
29,-27002,1,1,1
29,-26998,1,1,1
29,-26994,0,1,1
29,-26990,0,1,1
29,-26986,1,1,1
29,-26982,1,1,1
29,-26978,0,1,1
29,-26974,0,1,1
29,-26966,1,1,1
29,-26962,0,1,1
29,-26958,0,1,1
29,-26954,1,1,1
29,-26950,1,1,1
29,-26946,0,1,1
29,-26942,0,1,1
29,-26938,1,1,1
29,-26934,1,1,1
29,-26930,0,1,1
29,-26926,0,1,1
29,-26922,1,1,1
29,-26918,1,1,1
29,-26914,0,1,1
29,-26910,0,1,1
29,-26906,1,1,1
29,-26902,1,1,1
29,-26898,0,1,1
29,-26894,0,1,1
29,-26890,1,1,1
29,-26886,1,1,1
29,-26882,0,1,1
29,-26878,0,1,1
29,-26874,1,1,1
29,-26870,1,1,1
29,-26866,0,1,1
29,-26862,0,1,1
29,-26858,1,1,1
29,-26850,0,1,1
29,-26846,0,1,1
29,-26842,1,1,1
29,-26838,1,1,1
29,-26834,0,1,1
29,-26830,0,1,1
29,-26826,1,1,1
29,-26822,1,1,1
29,-26818,0,1,1
29,-26814,0,1,1
29,-26810,1,1,1
29,-26806,1,1,1
29,-26802,0,1,1
29,-26798,0,1,1
29,-26794,1,1,1
29,-26790,1,1,1
29,-26786,0,1,1
29,-26782,0,1,1
29,-26778,1,1,1
29,-26774,1,1,1
29,-26770,0,1,1
29,-26766,0,1,1
29,-26762,1,1,1
29,-26758,1,1,1
29,-26754,0,1,1
29,-26750,0,1,1
29,-26746,1,1,1
29,-26742,1,1,1
29,-26734,0,1,1
29,-26730,1,1,1
29,-26726,1,1,1
29,-26722,0,1,1
29,-26718,0,0,0
29,-26714,1,1,1
29,-26710,1,1,1
29,-26706,0,1,1
29,-26702,0,1,1
29,-26698,1,1,1
29,-26694,1,1,1
29,-26690,0,1,1
29,-26686,0,1,1
29,-26682,1,1,1
29,-26678,1,1,1
29,-26674,0,1,1
29,-26670,0,1,1
29,-26666,0,1,1
29,-26662,1,1,1
29,-26658,0,1,1
29,-26654,0,1,1
29,-26650,1,1,1
29,-26646,1,1,1
29,-26642,0,1,1
29,-26638,0,1,1
29,-26634,1,1,1
29,-26630,1,1,1
29,-26626,0,1,1
29,-26618,1,1,1
29,-26614,1,1,1
29,-26610,0,1,1
29,-26606,0,1,1
29,-26602,1,1,1
29,-26598,1,1,1
29,-26594,0,1,1
29,-26590,0,1,1
29,-26586,1,1,1
29,-26582,1,1,1
29,-26578,0,1,1
29,-26574,0,1,1
29,-26570,1,1,1
29,-26566,1,1,1
29,-26562,0,1,1
29,-26558,0,1,1
29,-26554,1,1,1
29,-26550,1,1,1
29,-26546,0,1,1
29,-26542,0,1,1
29,-26538,1,1,1
29,-26534,1,1,1
29,-26530,0,1,1
29,-26526,0,1,1
29,-26522,1,1,1
29,-26518,1,1,1
29,-26514,0,0,0
29,-26510,0,1,1
29,-26502,1,1,1
29,-26498,0,1,1
29,-26494,0,1,1
29,-26490,1,1,1
29,-26486,1,1,1
29,-26482,0,1,1
29,-26478,0,1,1
29,-26474,1,1,1
29,-26470,1,1,1
29,-26466,0,1,1
29,-26462,0,1,1
29,-26458,1,1,1
29,-26454,1,1,1
29,-26450,0,1,1
29,-26446,0,1,1
29,-26442,1,1,1
29,-26438,1,1,1
29,-26434,0,1,1
29,-26430,0,1,1
29,-26426,1,1,1
29,-26422,1,1,1
29,-26418,0,1,1
29,-26414,0,1,1
29,-26410,1,1,1
29,-26406,1,1,1
29,-26402,0,1,1
29,-26398,0,1,1
29,-26394,1,1,1
29,-26386,0,1,1
29,-26382,0,1,1
29,-26378,1,1,1
29,-26374,1,1,1
29,-26370,0,1,1
29,-26366,0,1,1
29,-26362,1,1,1
29,-26358,1,1,1
29,-26354,0,1,1
29,-26350,0,1,1
29,-26346,1,1,1
29,-26342,1,1,1
29,-26338,0,1,1
29,-26334,0,1,1
29,-26330,1,1,1
29,-26326,1,1,1
29,-26322,0,1,1
29,-26318,0,1,1
29,-26314,1,1,1
29,-26310,1,1,1
29,-26306,0,1,1
29,-26302,0,1,1
29,-26298,1,1,1
29,-26294,1,1,1
29,-26290,0,1,1
29,-26286,0,1,1
29,-26282,1,1,1
29,-26278,1,1,1
29,-26270,0,1,1
29,-26266,1,1,1
29,-26262,1,1,1
29,-26258,0,1,1
29,-26254,0,1,1
29,-26250,1,1,1
29,-26246,1,1,1
29,-26242,0,1,1
29,-26238,0,1,1
29,-26234,1,1,1
29,-26230,1,1,1
29,-26226,0,1,1
29,-26222,0,1,1
29,-26218,1,1,1
29,-26214,1,1,1
29,-26210,0,1,1
29,-26206,0,1,1
29,-26202,1,1,1
29,-26198,1,1,1
29,-26194,0,1,1
29,-26190,0,1,1
29,-26186,1,1,1
29,-26182,1,1,1
29,-26178,0,1,1
29,-26174,0,1,1
29,-26170,1,1,1
29,-26166,1,1,1
29,-26162,0,1,1
29,-26154,0,1,1
29,-26150,1,1,1
29,-26146,0,1,1
29,-26142,0,1,1
29,-26138,1,1,1
29,-26134,1,1,1
29,-26130,0,1,1
29,-26126,0,1,1
29,-26122,1,1,1
29,-26118,1,1,1
29,-26114,0,1,1
29,-26110,0,1,1
29,-26106,1,1,1
29,-26102,1,1,1
29,-26098,0,1,1
29,-26094,0,1,1
29,-26090,1,1,1
29,-26086,1,1,1
29,-26082,0,1,1
29,-26078,0,1,1
29,-26074,1,1,1
29,-26070,1,1,1
29,-26066,0,1,1
29,-26062,0,1,1
29,-26058,1,1,1
29,-26054,1,1,1
29,-26050,0,1,1
29,-26046,0,1,1
29,-26038,1,1,1
29,-26034,0,1,1
29,-26030,0,1,1
29,-26026,1,1,1
29,-26022,1,1,1
29,-26018,0,1,1
29,-26014,0,1,1
29,-26010,1,1,1
29,-26006,1,0,1
29,-26002,0,1,1
29,-25998,0,1,1
29,-25994,1,1,1
29,-25990,1,1,1
29,-25986,0,1,1
29,-25982,0,1,1
29,-25978,1,1,1
29,-25974,1,1,1
29,-25970,0,1,1
29,-25966,0,1,1
29,-25962,1,1,1
29,-25958,1,1,1
29,-25954,0,1,1
29,-25950,0,1,1
29,-25946,1,1,1
29,-25942,1,1,1
29,-25938,0,1,1
29,-25934,0,1,1
29,-25930,1,1,1
29,-25922,0,1,1
29,-25918,0,1,1
29,-25914,1,1,1
29,-25910,1,1,1
29,-25906,0,1,1
29,-25902,0,1,1
29,-25898,1,1,1
29,-25894,1,1,1
29,-25890,0,1,1
29,-25886,0,1,1
29,-25882,1,1,1
29,-25878,1,1,1
29,-25874,0,1,1
29,-25870,0,1,1
29,-25866,1,1,1
29,-25862,1,1,1
29,-25858,0,1,1
29,-25854,0,1,1
29,-25850,1,1,1
29,-25846,1,1,1
29,-25842,0,1,1
29,-25838,0,1,1
29,-25834,1,1,1
29,-25830,1,1,1
29,-25826,0,1,1
29,-25822,0,1,1
29,-25818,1,1,1
29,-25814,1,1,1
29,-25806,0,1,1
29,-25802,1,1,1
29,-25798,1,1,1
29,-25794,0,1,1
29,-25790,0,1,1
29,-25786,1,1,1
29,-25782,1,1,1
29,-25778,0,1,1
29,-25774,0,1,1
29,-25770,1,1,1
29,-25766,1,1,1
29,-25762,0,1,1
29,-25758,0,1,1
29,-25754,1,1,1
29,-25750,1,1,1
29,-25746,0,1,1
29,-25742,0,1,1
29,-25738,1,1,1
29,-25734,1,1,1
29,-25730,0,1,1
29,-25726,0,1,1
29,-25722,1,1,1
29,-25718,0,1,1
29,-25714,0,1,1
29,-25710,0,1,1
29,-25706,1,1,1
29,-25702,1,1,1
29,-25698,0,1,1
29,-25690,1,1,1
29,-25686,1,1,1
29,-25682,0,1,1
29,-25678,0,1,1
29,-25674,1,1,1
29,-25670,1,1,1
29,-25666,0,1,1
29,-25662,0,1,1
29,-25658,1,1,1
29,-25654,1,1,1
29,-25650,0,1,1
29,-25646,0,1,1
29,-25642,1,1,1
29,-25638,1,1,1
29,-25634,0,1,1
29,-25630,0,1,1
29,-25626,1,1,1
29,-25622,1,1,1
29,-25618,0,1,1
29,-25614,0,1,1
29,-25610,1,1,1
29,-25606,1,1,1
29,-25602,0,0,0
29,-25598,0,1,1
29,-25594,1,1,1
29,-25590,1,1,1
29,-25586,0,1,1
29,-25582,0,1,1
29,-25574,1,1,1
29,-25570,0,1,1
29,-25566,0,1,1
29,-25562,1,1,1
29,-25558,1,1,1
29,-25554,0,1,1
29,-25550,0,1,1
29,-25546,1,1,1
29,-25542,1,1,1
29,-25538,0,1,1
29,-25534,0,1,1
29,-25530,1,1,1
29,-25526,1,1,1
29,-25522,0,1,1
29,-25518,0,1,1
29,-25514,1,1,1
29,-25510,1,1,1
29,-25506,0,1,1
29,-25502,0,1,1
29,-25498,1,0,1
29,-25494,1,0,1
29,-25490,0,1,1
29,-25486,0,1,1
29,-25482,1,1,1
29,-25478,1,1,1
29,-25474,0,1,1
29,-25470,0,1,1
29,-25466,1,1,1
29,-25458,0,1,1
29,-25454,0,1,1
29,-25450,1,1,1
29,-25446,1,1,1
29,-25442,0,1,1
29,-25438,0,1,1
29,-25434,1,1,1
29,-25430,1,1,1
29,-25426,0,1,1
29,-25422,0,1,1
29,-25418,1,1,1
29,-25414,1,1,1
29,-25410,0,1,1
29,-25406,0,1,1
29,-25402,1,1,1
29,-25398,1,1,1
29,-25394,0,1,1
29,-25390,0,1,1
29,-25386,1,1,1
29,-25382,1,1,1
29,-25378,0,1,1
29,-25374,0,1,1
29,-25370,1,1,1
29,-25366,1,1,1
29,-25362,0,1,1
29,-25358,0,1,1
29,-25354,1,1,1
29,-25350,1,1,1
29,-25342,0,1,1
29,-25338,1,1,1
29,-25334,1,1,1
29,-25330,0,1,1
29,-25326,0,1,1
29,-25322,1,1,1
29,-25318,1,1,1
29,-25314,0,1,1
29,-25310,0,1,1
29,-25306,1,1,1
29,-25302,1,1,1
29,-25298,0,1,1
29,-25294,0,1,1
29,-25290,1,1,1
29,-25286,1,1,1
29,-25282,0,1,1
29,-25278,0,1,1
29,-25274,1,1,1
29,-25270,1,1,1
29,-25266,0,1,1
29,-25262,0,1,1
29,-25258,1,1,1
29,-25254,1,1,1
29,-25250,0,1,1
29,-25246,0,1,1
29,-25242,1,1,1
29,-25238,1,1,1
29,-25234,0,1,1
29,-25226,1,1,1
29,-25222,1,1,1
29,-25218,0,1,1
29,-25214,0,1,1
29,-25210,1,1,1
29,-25206,1,1,1
29,-25202,0,1,1
29,-25198,0,1,1
29,-25194,1,1,1
29,-25190,1,1,1
29,-25186,0,1,1
29,-25182,0,1,1
29,-25178,1,1,1
29,-25174,1,1,1
29,-25170,0,1,1
29,-25166,0,1,1
29,-25162,1,1,1
29,-25158,1,1,1
29,-25154,0,1,1
29,-25150,0,1,1
29,-25146,1,1,1
29,-25142,1,1,1
29,-25138,0,1,1
29,-25134,0,1,1
29,-25130,1,1,1
29,-25126,1,1,1
29,-25122,0,1,1
29,-25118,0,1,1
29,-25110,1,1,1
29,-25106,0,1,1
29,-25102,0,1,1
29,-25098,1,0,1
29,-25094,1,1,1
29,-25090,0,1,1
29,-25086,0,1,1
29,-25082,1,1,1
29,-25078,1,1,1
29,-25074,0,1,1
29,-25070,0,1,1
29,-25066,1,1,1
29,-25062,1,1,1
29,-25058,0,1,1
29,-25054,0,1,1
29,-25050,1,1,1
29,-25046,1,1,1
29,-25042,0,1,1
29,-25038,0,1,1
29,-25034,1,1,1
29,-25030,1,1,1
29,-25026,0,1,1
29,-25022,0,1,1
29,-25018,1,1,1
29,-25014,0,1,1
29,-25010,0,1,1
29,-25006,0,1,1
29,-25002,1,1,1
29,-24994,0,1,1
29,-24990,0,1,1
29,-24986,1,1,1
29,-24982,1,1,1
29,-24978,0,1,1
29,-24974,0,1,1
29,-24970,1,1,1
29,-24966,1,1,1
29,-24962,0,1,1
29,-24958,0,1,1
29,-24954,1,1,1
29,-24950,1,1,1
29,-24946,0,1,1
29,-24942,0,1,1
29,-24938,1,1,1
29,-24934,1,1,1
29,-24930,0,1,1
29,-24926,0,1,1
29,-24922,1,1,1
29,-24918,1,1,1
29,-24914,0,1,1
29,-24910,0,1,1
29,-24906,1,1,1
29,-24902,1,1,1
29,-24898,0,1,1
29,-24894,0,1,1
29,-24890,1,1,1
29,-24886,1,1,1
29,-24878,0,1,1
29,-24874,1,1,1
29,-24870,1,1,1
29,-24866,0,1,1
29,-24862,0,1,1
29,-24858,1,1,1
29,-24854,1,1,1
29,-24850,0,1,1
29,-24846,0,1,1
29,-24842,1,1,1
29,-24838,1,1,1
29,-24834,0,1,1
29,-24830,0,1,1
29,-24826,1,1,1
29,-24822,1,1,1
29,-24818,0,1,1
29,-24814,0,1,1
29,-24810,1,1,1
29,-24806,1,1,1
29,-24802,0,1,1
29,-24798,0,1,1
29,-24794,1,1,1
29,-24790,1,1,1
29,-24786,0,1,1
29,-24782,0,1,1
29,-24778,1,1,1
29,-24774,1,1,1
29,-24770,0,1,1
29,-24762,1,1,1
29,-24758,1,1,1
29,-24754,0,1,1
29,-24750,0,1,1
29,-24746,1,1,1
29,-24742,1,1,1
29,-24738,0,1,1
29,-24734,0,1,1
29,-24730,1,1,1
29,-24726,1,1,1
29,-24722,0,1,1
29,-24718,0,1,1
29,-24714,1,1,1
29,-24710,1,1,1
29,-24706,0,1,1
29,-24702,0,1,1
29,-24698,1,1,1
29,-24694,1,1,1
29,-24690,0,1,1
29,-24686,0,1,1
29,-24682,1,1,1
29,-24678,1,1,1
29,-24674,0,1,1
29,-24670,0,1,1
29,-24666,1,1,1
29,-24662,1,1,1
29,-24658,0,1,1
29,-24654,0,1,1
29,-24646,1,1,1
29,-24642,0,1,1
29,-24638,0,1,1
29,-24634,1,1,1
29,-24630,1,1,1
29,-24626,0,1,1
29,-24622,0,1,1
29,-24618,1,1,1
29,-24614,1,1,1
29,-24610,0,1,1
29,-24606,0,1,1
29,-24602,1,1,1
29,-24598,1,1,1
29,-24594,0,1,1
29,-24590,0,1,1
29,-24586,1,1,1
29,-24582,1,1,1
29,-24578,0,1,1
29,-24574,0,1,1
29,-24570,1,1,1
29,-24566,1,1,1
29,-24562,0,1,1
29,-24558,0,1,1
29,-24554,1,1,1
29,-24550,1,1,1
29,-24546,0,1,1
29,-24542,0,1,1
29,-24538,1,1,1
29,-24530,0,1,1
29,-24526,0,1,1
29,-24522,1,1,1
29,-24518,1,1,1
29,-24514,0,1,1
29,-24510,0,1,1
29,-24506,1,1,1
29,-24502,1,1,1
29,-24498,0,1,1
29,-24494,0,1,1
29,-24490,1,1,1
29,-24486,1,1,1
29,-24482,0,1,1
29,-24478,0,1,1
29,-24474,1,1,1
29,-24470,1,1,1
29,-24466,0,1,1
29,-24462,0,0,0
29,-24458,1,1,1
29,-24454,1,1,1
29,-24450,0,1,1
29,-24446,0,1,1
29,-24442,1,1,1
29,-24438,1,1,1
29,-24434,0,1,1
29,-24430,0,1,1
29,-24426,1,0,1
29,-24422,1,1,1
29,-24414,0,1,1
29,-24410,1,1,1
29,-24406,1,1,1
29,-24402,0,1,1
29,-24398,0,1,1
29,-24394,1,1,1
29,-24390,1,1,1
29,-24386,0,0,0
29,-24382,0,1,1
29,-24378,1,1,1
29,-24374,1,1,1
29,-24370,0,1,1
29,-24366,0,1,1
29,-24362,1,1,1
29,-24358,1,1,1
29,-24354,0,1,1
29,-24350,0,1,1
29,-24346,1,1,1
29,-24342,1,1,1
29,-24338,0,1,1
29,-24334,0,1,1
29,-24330,1,1,1
29,-24326,1,1,1
29,-24322,0,1,1
29,-24318,0,1,1
29,-24314,1,1,1
29,-24310,1,1,1
29,-24306,0,1,1
29,-24298,1,1,1
29,-24294,1,1,1
29,-24290,0,1,1
29,-24286,0,1,1
29,-24282,1,1,1
29,-24278,1,1,1
29,-24274,0,1,1
29,-24270,0,1,1
29,-24266,1,1,1
29,-24262,1,1,1
29,-24258,0,1,1
29,-24254,0,1,1
29,-24250,1,1,1
29,-24246,1,1,1
29,-24242,0,1,1
29,-24238,0,1,1
29,-24234,1,1,1
29,-24230,1,1,1
29,-24226,0,1,1
29,-24222,0,1,1
29,-24218,1,1,1
29,-24214,1,1,1
29,-24210,0,1,1
29,-24206,0,1,1
29,-24202,1,1,1
29,-24198,1,1,1
29,-24194,0,1,1
29,-24190,0,1,1
29,-24182,1,1,1
29,-24178,0,1,1
29,-24174,0,1,1
29,-24170,1,1,1
29,-24166,1,1,1
29,-24162,0,1,1
29,-24158,0,1,1
29,-24154,1,1,1
29,-24150,1,1,1
29,-24146,0,1,1
29,-24142,0,1,1
29,-24138,1,1,1
29,-24134,1,1,1
29,-24130,0,1,1
29,-24126,0,1,1
29,-24122,1,1,1
29,-24118,1,1,1
29,-24114,0,1,1
29,-24110,0,1,1
29,-24106,1,1,1
29,-24102,1,1,1
29,-24098,0,1,1
29,-24094,0,1,1
29,-24090,1,1,1
29,-24086,1,1,1
29,-24082,0,1,1
29,-24078,0,1,1
29,-24074,1,1,1
29,-24066,0,0,0
29,-24062,0,1,1
29,-24058,1,1,1
29,-24054,1,1,1
29,-24050,0,1,1
29,-24046,0,1,1
29,-24042,1,1,1
29,-24038,1,1,1
29,-24034,0,1,1
29,-24030,0,1,1
29,-24026,1,1,1
29,-24022,1,1,1
29,-24018,0,1,1
29,-24014,0,1,1
29,-24010,1,1,1
29,-24006,1,1,1
29,-24002,0,1,1
29,-23998,0,1,1
29,-23994,1,1,1
29,-23990,1,1,1
29,-23986,0,1,1
29,-23982,0,0,0
29,-23978,1,1,1
29,-23974,1,1,1
29,-23970,0,1,1
29,-23966,0,1,1
29,-23962,1,1,1
29,-23958,1,1,1
29,-23950,0,1,1
29,-23946,1,1,1
29,-23942,1,1,1
29,-23938,0,1,1
29,-23934,0,1,1
29,-23930,1,1,1
29,-23926,1,1,1
29,-23922,0,1,1
29,-23918,0,1,1
29,-23914,1,1,1
29,-23910,1,1,1
29,-23906,0,1,1
29,-23902,0,1,1
29,-23898,1,1,1
29,-23894,1,1,1
29,-23890,0,1,1
29,-23886,0,1,1
29,-23882,1,1,1
29,-23878,1,1,1
29,-23874,0,1,1
29,-23870,0,1,1
29,-23866,1,1,1
29,-23862,1,1,1
29,-23858,0,1,1
29,-23854,0,1,1
29,-23850,1,1,1
29,-23846,1,1,1
29,-23842,0,1,1
29,-23834,1,1,1
29,-23830,1,1,1
29,-23826,0,1,1
29,-23822,0,1,1
29,-23818,1,1,1
29,-23814,1,1,1
29,-23810,0,1,1
29,-23806,0,1,1
29,-23802,1,1,1
29,-23798,1,1,1
29,-23794,0,1,1
29,-23790,0,1,1
29,-23786,1,1,1
29,-23782,1,1,1
29,-23778,0,1,1
29,-23774,0,1,1
29,-23770,1,1,1
29,-23766,1,1,1
29,-23762,0,1,1
29,-23758,0,1,1
29,-23754,1,1,1
29,-23750,1,1,1
29,-23746,0,1,1
29,-23742,0,1,1
29,-23738,1,1,1
29,-23734,1,1,1
29,-23730,0,1,1
29,-23726,0,1,1
29,-23718,1,1,1
29,-23714,0,1,1
29,-23710,0,1,1
29,-23706,1,1,1
29,-23702,1,1,1
29,-23698,0,1,1
29,-23694,0,1,1
29,-23690,1,1,1
29,-23686,1,1,1
29,-23682,0,1,1
29,-23678,0,1,1
29,-23674,1,1,1
29,-23670,1,1,1
29,-23666,0,1,1
29,-23662,0,1,1
29,-23658,1,1,1
29,-23654,1,1,1
29,-23650,0,1,1
29,-23646,0,1,1
29,-23642,1,1,1
29,-23638,1,1,1
29,-23634,0,1,1
29,-23630,0,1,1
29,-23626,1,1,1
29,-23622,1,1,1
29,-23618,0,1,1
29,-23614,0,1,1
29,-23610,1,1,1
29,-23602,0,1,1
29,-23598,0,1,1
29,-23594,1,1,1
29,-23590,1,1,1
29,-23586,0,1,1
29,-23582,0,1,1
29,-23578,1,1,1
29,-23574,1,1,1
29,-23570,0,1,1
29,-23566,0,1,1
29,-23562,1,1,1
29,-23558,1,1,1
29,-23554,0,1,1
29,-23550,0,1,1
29,-23546,1,1,1
29,-23542,1,1,1
29,-23538,0,1,1
29,-23534,0,1,1
29,-23530,1,1,1
29,-23526,1,1,1
29,-23522,0,1,1
29,-23518,0,1,1
29,-23514,1,1,1
29,-23510,1,1,1
29,-23506,0,1,1
29,-23502,0,1,1
29,-23498,1,1,1
29,-23494,1,1,1
29,-23486,0,1,1
29,-23482,1,1,1
29,-23478,1,1,1
29,-23474,0,1,1
29,-23470,0,1,1
29,-23466,1,1,1
29,-23462,1,1,1
29,-23458,0,1,1
29,-23454,0,1,1
29,-23450,1,1,1
29,-23446,1,1,1
29,-23442,0,1,1
29,-23438,0,1,1
29,-23434,1,1,1
29,-23430,1,1,1
29,-23426,0,1,1
29,-23422,0,1,1
29,-23418,1,1,1
29,-23414,1,1,1
29,-23410,0,1,1
29,-23406,0,1,1
29,-23402,1,1,1
29,-23398,1,1,1
29,-23394,0,1,1
29,-23390,0,1,1
29,-23386,1,1,1
29,-23382,1,1,1
29,-23378,0,1,1
29,-23370,1,1,1
29,-23366,1,1,1
29,-23362,0,1,1
29,-23358,0,1,1
29,-23354,1,1,1
29,-23350,1,1,1
29,-23346,0,1,1
29,-23342,0,1,1
29,-23338,1,1,1
29,-23334,1,1,1
29,-23330,0,1,1
29,-23326,0,1,1
29,-23322,1,1,1
29,-23318,1,1,1
29,-23314,0,1,1
29,-23310,0,1,1
29,-23306,1,1,1
29,-23302,1,1,1
29,-23298,0,1,1
29,-23294,0,1,1
29,-23290,1,1,1
29,-23286,1,1,1
29,-23282,0,1,1
29,-23278,0,1,1
29,-23274,1,1,1
29,-23270,1,1,1
29,-23266,0,1,1
29,-23262,0,1,1
29,-23254,1,1,1
29,-23250,0,1,1
29,-23246,0,1,1
29,-23242,1,1,1
29,-23238,1,1,1
29,-23234,0,1,1
29,-23230,0,1,1
29,-23226,1,1,1
29,-23222,1,1,1
29,-23218,0,1,1
29,-23214,0,1,1
29,-23210,1,1,1
29,-23206,1,1,1
29,-23202,0,1,1
29,-23198,0,1,1
29,-23194,1,1,1
29,-23190,1,1,1
29,-23186,0,1,1
29,-23182,0,1,1
29,-23178,1,1,1
29,-23174,1,1,1
29,-23170,0,1,1
29,-23166,0,1,1
29,-23162,1,1,1
29,-23158,1,1,1
29,-23154,0,1,1
29,-23150,0,1,1
29,-23146,1,1,1
29,-23138,0,1,1
29,-23134,0,1,1
29,-23130,1,1,1
29,-23126,1,1,1
29,-23122,0,1,1
29,-23118,0,1,1
29,-23114,1,1,1
29,-23110,1,1,1
29,-23106,0,1,1
29,-23102,0,1,1
29,-23098,1,1,1
29,-23094,1,1,1
29,-23090,0,1,1
29,-23086,0,1,1
29,-23082,1,1,1
29,-23078,1,1,1
29,-23074,0,1,1
29,-23070,0,1,1
29,-23066,1,1,1
29,-23062,1,1,1
29,-23058,0,1,1
29,-23054,0,1,1
29,-23050,1,1,1
29,-23046,1,1,1
29,-23042,0,1,1
29,-23038,0,1,1
29,-23034,1,1,1
29,-23030,1,1,1
29,-23022,0,1,1
29,-23018,1,1,1
29,-23014,1,1,1
29,-23010,0,1,1
29,-23006,0,1,1
29,-23002,1,1,1
29,-22998,1,1,1
29,-22994,0,1,1
29,-22990,0,1,1
29,-22986,1,1,1
29,-22982,1,1,1
29,-22978,0,1,1
29,-22974,0,1,1
29,-22970,1,1,1
29,-22966,1,1,1
29,-22962,0,1,1
29,-22958,0,1,1
29,-22954,1,1,1
29,-22950,1,1,1
29,-22946,0,1,1
29,-22942,0,1,1
29,-22938,1,1,1
29,-22934,1,1,1
29,-22930,0,1,1
29,-22926,0,1,1
29,-22922,0,1,1
29,-22918,1,1,1
29,-22914,0,1,1
29,-22906,1,1,1
29,-22902,1,1,1
29,-22898,0,1,1
29,-22894,0,1,1
29,-22890,1,1,1
29,-22886,1,1,1
29,-22882,0,1,1
29,-22878,0,1,1
29,-22874,1,1,1
29,-22870,1,1,1
29,-22866,0,1,1
29,-22862,0,1,1
29,-22858,1,1,1
29,-22854,1,1,1
29,-22850,0,1,1
29,-22846,0,1,1
29,-22842,1,1,1
29,-22838,1,1,1
29,-22834,0,1,1
29,-22830,0,1,1
29,-22826,1,1,1
29,-22822,1,1,1
29,-22818,0,1,1
29,-22814,0,1,1
29,-22810,1,1,1
29,-22806,1,1,1
29,-22802,0,1,1
29,-22798,0,1,1
29,-22790,1,1,1
29,-22786,0,1,1
29,-22782,0,1,1
29,-22778,1,1,1
29,-22774,1,1,1
29,-22770,0,1,1
29,-22766,0,1,1
29,-22762,1,1,1
29,-22758,1,1,1
29,-22754,0,1,1
29,-22750,0,1,1
29,-22746,1,1,1
29,-22742,1,1,1
29,-22738,0,1,1
29,-22734,0,1,1
29,-22730,1,1,1
29,-22726,1,1,1
29,-22722,0,1,1
29,-22718,0,1,1
29,-22714,1,1,1
29,-22710,1,1,1
29,-22706,0,1,1
29,-22702,0,1,1
29,-22698,1,1,1
29,-22694,1,1,1
29,-22690,0,1,1
29,-22686,0,1,1
29,-22682,1,1,1
29,-22674,0,1,1
29,-22670,0,1,1
29,-22666,1,1,1
29,-22662,1,1,1
29,-22658,0,1,1
29,-22654,0,1,1
29,-22650,1,1,1
29,-22646,1,1,1
29,-22642,0,1,1
29,-22638,0,1,1
29,-22634,1,1,1
29,-22630,1,1,1
29,-22626,0,1,1
29,-22622,0,1,1
29,-22618,1,1,1
29,-22614,1,1,1
29,-22610,0,1,1
29,-22606,0,1,1
29,-22602,1,1,1
29,-22598,1,1,1
29,-22594,0,1,1
29,-22590,0,1,1
29,-22586,1,1,1
29,-22582,1,1,1
29,-22578,0,1,1
29,-22574,0,1,1
29,-22570,1,1,1
29,-22566,1,1,1
29,-22558,0,1,1
29,-22554,1,1,1
29,-22550,1,1,1
29,-22546,0,1,1
29,-22542,0,1,1
29,-22538,1,1,1
29,-22534,1,1,1
29,-22530,0,1,1
29,-22526,0,1,1
29,-22522,1,1,1
29,-22518,1,1,1
29,-22514,0,1,1
29,-22510,0,1,1
29,-22506,1,1,1
29,-22502,1,1,1
29,-22498,0,1,1
29,-22494,0,1,1
29,-22490,1,1,1
29,-22486,1,1,1
29,-22482,0,1,1
29,-22478,0,1,1
29,-22474,1,1,1
29,-22470,1,1,1
29,-22466,0,1,1
29,-22462,0,1,1
29,-22458,1,1,1
29,-22454,1,1,1
29,-22450,0,1,1
29,-22442,1,1,1
29,-22438,1,1,1
29,-22434,0,1,1
29,-22430,0,1,1
29,-22426,1,1,1
29,-22422,0,1,1
29,-22418,0,1,1
29,-22414,0,1,1
29,-22410,1,1,1
29,-22406,1,1,1
29,-22402,0,1,1
29,-22398,0,1,1
29,-22394,1,1,1
29,-22390,1,1,1
29,-22386,0,1,1
29,-22382,0,1,1
29,-22378,1,1,1
29,-22374,1,1,1
29,-22370,0,1,1
29,-22366,0,1,1
29,-22362,1,1,1
29,-22358,1,1,1
29,-22354,0,1,1
29,-22350,0,1,1
29,-22346,1,1,1
29,-22342,1,1,1
29,-22338,0,1,1
29,-22334,0,1,1
29,-22326,1,1,1
29,-22322,0,1,1
29,-22318,0,1,1
29,-22314,1,1,1
29,-22310,1,1,1
29,-22306,0,1,1
29,-22302,0,1,1
29,-22298,1,1,1
29,-22294,1,1,1
29,-22290,0,1,1
29,-22286,0,1,1
29,-22282,1,1,1
29,-22278,1,1,1
29,-22274,0,1,1
29,-22270,0,1,1
29,-22266,1,1,1
29,-22262,1,1,1
29,-22258,0,1,1
29,-22254,0,1,1
29,-22250,1,1,1
29,-22246,1,1,1
29,-22242,0,1,1
29,-22238,0,1,1
29,-22234,1,1,1
29,-22230,1,1,1
29,-22226,0,1,1
29,-22222,0,1,1
29,-22218,1,1,1
29,-22210,0,1,1
29,-22206,0,1,1
29,-22202,1,1,1
29,-22198,1,1,1
29,-22194,0,1,1
29,-22190,0,1,1
29,-22186,1,1,1
29,-22182,1,1,1
29,-22178,0,1,1
29,-22174,0,1,1
29,-22170,1,1,1
29,-22166,1,1,1
29,-22162,0,1,1
29,-22158,0,1,1
29,-22154,1,1,1
29,-22150,1,1,1
29,-22146,0,1,1
29,-22142,0,1,1
29,-22138,1,1,1
29,-22134,1,1,1
29,-22130,0,1,1
29,-22126,0,1,1
29,-22122,1,1,1
29,-22118,1,1,1
29,-22114,0,1,1
29,-22110,0,1,1
29,-22106,1,1,1
29,-22102,1,1,1
29,-22094,0,1,1
29,-22090,1,1,1
29,-22086,1,1,1
29,-22082,0,1,1
29,-22078,0,1,1
29,-22074,1,1,1
29,-22070,1,1,1
29,-22066,0,1,1
29,-22062,0,1,1
29,-22058,1,1,1
29,-22054,1,1,1
29,-22050,0,1,1
29,-22046,0,1,1
29,-22042,1,1,1
29,-22038,1,1,1
29,-22034,0,1,1
29,-22030,0,1,1
29,-22026,1,1,1
29,-22022,1,1,1
29,-22018,0,1,1
29,-22014,0,1,1
29,-22010,1,1,1
29,-22006,1,1,1
29,-22002,0,1,1
29,-21998,0,1,1
29,-21994,1,1,1
29,-21990,1,1,1
29,-21986,0,1,1
29,-21978,1,1,1
29,-21974,1,1,1
29,-21970,0,1,1
29,-21966,0,1,1
29,-21962,1,1,1
29,-21958,1,1,1
29,-21954,0,1,1
29,-21950,0,1,1
29,-21946,1,1,1
29,-21942,1,1,1
29,-21938,0,1,1
29,-21934,0,1,1
29,-21930,1,1,1
29,-21926,1,1,1
29,-21922,0,1,1
29,-21918,0,1,1
29,-21914,1,1,1
29,-21910,1,1,1
29,-21906,0,1,1
29,-21902,0,1,1
29,-21898,1,1,1
29,-21894,1,1,1
29,-21890,0,1,1
29,-21886,0,1,1
29,-21882,1,1,1
29,-21878,1,1,1
29,-21874,0,1,1
29,-21870,0,1,1
29,-21862,1,1,1
29,-21858,0,1,1
29,-21854,0,1,1
29,-21850,1,1,1
29,-21846,1,1,1
29,-21842,0,1,1
29,-21838,0,1,1
29,-21834,1,1,1
29,-21830,1,1,1
29,-21826,0,1,1
29,-21822,0,1,1
29,-21818,1,1,1
29,-21814,1,1,1
29,-21810,0,1,1
29,-21806,0,1,1
29,-21802,1,1,1
29,-21798,1,1,1
29,-21794,0,1,1
29,-21790,0,1,1
29,-21786,1,1,1
29,-21782,1,1,1
29,-21778,0,1,1
29,-21774,0,1,1
29,-21770,1,1,1
29,-21766,1,1,1
29,-21762,0,1,1
29,-21758,0,1,1
29,-21754,1,1,1
29,-21746,0,1,1
29,-21742,0,1,1
29,-21738,1,1,1
29,-21734,1,1,1
29,-21730,0,1,1
29,-21726,0,1,1
29,-21722,1,1,1
29,-21718,1,1,1
29,-21714,0,1,1
29,-21710,0,1,1
29,-21706,1,1,1
29,-21702,1,1,1
29,-21698,0,1,1
29,-21694,0,1,1
29,-21690,1,1,1
29,-21686,1,1,1
29,-21682,0,1,1
29,-21678,0,1,1
29,-21674,1,1,1
29,-21670,1,1,1
29,-21666,0,1,1
29,-21662,0,1,1
29,-21658,1,1,1
29,-21654,1,1,1
29,-21650,0,1,1
29,-21646,0,1,1
29,-21642,1,1,1
29,-21638,1,1,1
29,-21630,0,1,1
29,-21626,1,1,1
29,-21622,1,1,1
29,-21618,0,1,1
29,-21614,0,1,1
29,-21610,1,1,1
29,-21606,1,1,1
29,-21602,0,1,1
29,-21598,0,1,1
29,-21594,1,1,1
29,-21590,1,1,1
29,-21586,0,1,1
29,-21582,0,1,1
29,-21578,1,1,1
29,-21574,1,1,1
29,-21570,0,1,1
29,-21566,0,1,1
29,-21562,1,1,1
29,-21558,1,1,1
29,-21554,0,1,1
29,-21550,0,1,1
29,-21546,1,1,1
29,-21542,1,1,1
29,-21538,0,1,1
29,-21534,0,1,1
29,-21530,1,1,1
29,-21526,1,1,1
29,-21522,0,1,1
29,-21514,1,1,1
29,-21510,1,1,1
29,-21506,0,1,1
29,-21502,0,1,1
29,-21498,1,1,1
29,-21494,1,1,1
29,-21490,0,1,1
29,-21486,0,1,1
29,-21482,1,1,1
29,-21478,1,1,1
29,-21474,0,1,1
29,-21470,0,1,1
29,-21466,1,1,1
29,-21462,1,1,1
29,-21458,0,1,1
29,-21454,0,1,1
29,-21450,1,1,1
29,-21446,1,1,1
29,-21442,0,1,1
29,-21438,0,1,1
29,-21434,1,1,1
29,-21430,1,1,1
29,-21426,0,1,1
29,-21422,0,1,1
29,-21418,1,1,1
29,-21414,1,1,1
29,-21410,0,1,1
29,-21406,0,1,1
29,-21398,1,1,1
29,-21394,0,1,1
29,-21390,0,1,1
29,-21386,1,1,1
29,-21382,1,1,1
29,-21378,0,1,1
29,-21374,0,1,1
29,-21370,1,1,1
29,-21366,1,1,1
29,-21362,0,1,1
29,-21358,0,1,1
29,-21354,1,1,1
29,-21350,1,1,1
29,-21346,0,1,1
29,-21342,0,1,1
29,-21338,1,1,1
29,-21334,1,1,1
29,-21330,0,1,1
29,-21326,0,1,1
29,-21322,1,1,1
29,-21318,1,1,1
29,-21314,0,1,1
29,-21310,0,1,1
29,-21306,1,1,1
29,-21302,1,1,1
29,-21298,0,1,1
29,-21294,0,1,1
29,-21290,1,1,1
29,-21282,0,1,1
29,-21278,0,1,1
29,-21274,1,1,1
29,-21270,1,1,1
29,-21266,0,1,1
29,-21262,0,1,1
29,-21258,1,1,1
29,-21254,1,1,1
29,-21250,0,1,1
29,-21246,0,1,1
29,-21242,1,1,1
29,-21238,1,1,1
29,-21234,0,1,1
29,-21230,0,1,1
29,-21226,1,1,1
29,-21222,1,1,1
29,-21218,0,1,1
29,-21214,0,1,1
29,-21210,1,1,1
29,-21206,1,1,1
29,-21202,0,1,1
29,-21198,0,1,1
29,-21194,1,1,1
29,-21190,1,1,1
29,-21186,0,1,1
29,-21182,0,1,1
29,-21178,1,1,1
29,-21174,1,1,1
29,-21166,0,1,1
29,-21162,1,1,1
29,-21158,1,1,1
29,-21154,0,1,1
29,-21150,0,1,1
29,-21146,1,1,1
29,-21142,1,1,1
29,-21138,0,1,1
29,-21134,0,1,1
29,-21130,1,1,1
29,-21126,1,1,1
29,-21122,0,1,1
29,-21118,0,1,1
29,-21114,1,1,1
29,-21110,1,1,1
29,-21106,0,1,1
29,-21102,0,1,1
29,-21098,1,1,1
29,-21094,1,1,1
29,-21090,0,1,1
29,-21086,0,1,1
29,-21082,1,1,1
29,-21078,1,1,1
29,-21074,0,1,1
29,-21070,0,1,1
29,-21066,1,1,1
29,-21062,1,1,1
29,-21058,0,1,1
29,-21050,1,1,1
29,-21046,1,1,1
29,-21042,0,1,1
29,-21038,0,1,1
29,-21034,1,1,1
29,-21030,1,1,1
29,-21026,0,1,1
29,-21022,0,1,1
29,-21018,1,1,1
29,-21014,1,1,1
29,-21010,0,1,1
29,-21006,0,1,1
29,-21002,1,1,1
29,-20998,1,1,1
29,-20994,0,1,1
29,-20990,0,1,1
29,-20986,1,1,1
29,-20982,1,1,1
29,-20978,0,1,1
29,-20974,0,1,1
29,-20970,1,1,1
29,-20966,1,1,1
29,-20962,0,1,1
29,-20958,0,1,1
29,-20954,1,1,1
29,-20950,1,1,1
29,-20946,0,1,1
29,-20942,0,1,1
29,-20934,1,1,1
29,-20930,0,1,1
29,-20926,0,1,1
29,-20922,1,1,1
29,-20918,1,1,1
29,-20914,0,1,1
29,-20910,0,1,1
29,-20906,1,1,1
29,-20902,1,1,1
29,-20898,0,1,1
29,-20894,0,1,1
29,-20890,1,1,1
29,-20886,1,1,1
29,-20882,0,1,1
29,-20878,0,1,1
29,-20874,1,1,1
29,-20870,1,1,1
29,-20866,0,1,1
29,-20862,0,1,1
29,-20858,1,1,1
29,-20854,1,1,1
29,-20850,0,1,1
29,-20846,0,1,1
29,-20842,1,1,1
29,-20838,1,1,1
29,-20834,0,1,1
29,-20830,0,1,1
29,-20826,1,1,1
29,-20818,0,1,1
29,-20814,0,1,1
29,-20810,1,1,1
29,-20806,1,1,1
29,-20802,0,1,1
29,-20798,0,1,1
29,-20794,1,1,1
29,-20790,1,1,1
29,-20786,0,1,1
29,-20782,0,1,1
29,-20778,1,1,1
29,-20774,1,1,1
29,-20770,0,1,1
29,-20766,0,1,1
29,-20762,1,1,1
29,-20758,1,1,1
29,-20754,0,1,1
29,-20750,0,1,1
29,-20746,1,1,1
29,-20742,1,1,1
29,-20738,0,1,1
29,-20734,0,1,1
29,-20730,1,1,1
29,-20726,1,1,1
29,-20722,0,1,1
29,-20718,0,1,1
29,-20714,1,1,1
29,-20710,1,1,1
29,-20702,0,1,1
29,-20698,1,1,1
29,-20694,1,1,1
29,-20690,0,1,1
29,-20686,0,1,1
29,-20682,1,1,1
29,-20678,1,1,1
29,-20674,0,1,1
29,-20670,0,1,1
29,-20666,1,1,1
29,-20662,1,1,1
29,-20658,0,1,1
29,-20654,0,1,1
29,-20650,1,1,1
29,-20646,1,1,1
29,-20642,0,1,1
29,-20638,0,1,1
29,-20634,1,1,1
29,-20630,1,1,1
29,-20626,0,1,1
29,-20622,0,1,1
29,-20618,1,1,1
29,-20614,1,1,1
29,-20610,0,1,1
29,-20606,0,1,1
29,-20602,1,1,1
29,-20598,1,1,1
29,-20594,0,1,1
29,-20586,1,1,1
29,-20582,1,1,1
29,-20578,0,1,1
29,-20574,0,1,1
29,-20570,1,1,1
29,-20566,1,1,1
29,-20562,0,1,1
29,-20558,0,1,1
29,-20554,1,1,1
29,-20550,1,1,1
29,-20546,0,1,1
29,-20542,0,1,1
29,-20538,1,1,1
29,-20534,1,1,1
29,-20530,0,1,1
29,-20526,0,1,1
29,-20522,1,1,1
29,-20518,1,1,1
29,-20514,0,1,1
29,-20510,0,1,1
29,-20506,1,1,1
29,-20502,1,1,1
29,-20498,0,1,1
29,-20494,0,1,1
29,-20490,1,1,1
29,-20486,1,1,1
29,-20482,0,1,1
29,-20478,0,1,1
29,-20470,1,1,1
29,-20466,0,1,1
29,-20462,0,1,1
29,-20458,1,1,1
29,-20454,1,1,1
29,-20450,0,1,1
29,-20446,0,1,1
29,-20442,1,1,1
29,-20438,1,1,1
29,-20434,0,1,1
29,-20430,0,1,1
29,-20426,0,1,1
29,-20422,1,1,1
29,-20418,0,1,1
29,-20414,0,1,1
29,-20410,1,1,1
29,-20406,1,1,1
29,-20402,0,1,1
29,-20398,0,1,1
29,-20394,1,1,1
29,-20390,1,1,1
29,-20386,0,1,1
29,-20382,0,1,1
29,-20378,1,1,1
29,-20374,1,1,1
29,-20370,0,1,1
29,-20366,0,1,1
29,-20362,1,1,1
29,-20354,0,1,1
29,-20350,0,1,1
29,-20346,1,1,1
29,-20342,1,1,1
29,-20338,0,1,1
29,-20334,0,1,1
29,-20330,1,1,1
29,-20326,1,1,1
29,-20322,0,1,1
29,-20318,0,1,1
29,-20314,1,1,1
29,-20310,1,1,1
29,-20306,0,1,1
29,-20302,0,1,1
29,-20298,1,1,1
29,-20294,1,1,1
29,-20290,0,1,1
29,-20286,0,1,1
29,-20282,1,1,1
29,-20278,1,1,1
29,-20274,0,1,1
29,-20270,0,1,1
29,-20266,1,1,1
29,-20262,1,1,1
29,-20258,0,1,1
29,-20254,0,1,1
29,-20250,1,1,1
29,-20246,1,1,1
29,-20238,0,1,1
29,-20234,1,1,1
29,-20230,1,1,1
29,-20226,0,1,1
29,-20222,0,1,1
29,-20218,1,1,1
29,-20214,1,1,1
29,-20210,0,1,1
29,-20206,0,1,1
29,-20202,1,1,1
29,-20198,1,1,1
29,-20194,0,1,1
29,-20190,0,1,1
29,-20186,1,1,1
29,-20182,1,1,1
29,-20178,0,1,1
29,-20174,0,1,1
29,-20170,1,1,1
29,-20166,1,1,1
29,-20162,0,1,1
29,-20158,0,1,1
29,-20154,1,1,1
29,-20150,1,1,1
29,-20146,0,1,1
29,-20142,0,1,1
29,-20138,1,1,1
29,-20134,1,1,1
29,-20130,0,1,1
29,-20122,1,1,1
29,-20118,1,1,1
29,-20114,0,1,1
29,-20110,0,1,1
29,-20106,1,1,1
29,-20102,1,1,1
29,-20098,0,1,1
29,-20094,0,1,1
29,-20090,1,1,1
29,-20086,1,1,1
29,-20082,0,1,1
29,-20078,0,1,1
29,-20074,1,1,1
29,-20070,1,1,1
29,-20066,0,1,1
29,-20062,0,1,1
29,-20058,1,1,1
29,-20054,1,1,1
29,-20050,0,1,1
29,-20046,0,1,1
29,-20042,1,1,1
29,-20038,1,1,1
29,-20034,0,1,1
29,-20030,0,1,1
29,-20026,1,1,1
29,-20022,1,1,1
29,-20018,0,1,1
29,-20014,0,1,1
29,-20006,1,1,1
29,-20002,0,1,1
29,-19998,0,1,1
29,-19994,1,1,1
29,-19990,1,1,1
29,-19986,0,1,1
29,-19982,0,1,1
29,-19978,1,1,1
29,-19974,1,1,1
29,-19970,0,1,1
29,-19966,0,1,1
29,-19962,1,1,1
29,-19958,1,1,1
29,-19954,0,1,1
29,-19950,0,1,1
29,-19946,1,1,1
29,-19942,1,1,1
29,-19938,0,1,1
29,-19934,0,1,1
29,-19930,1,1,1
29,-19926,1,1,1
29,-19922,0,1,1
29,-19918,0,1,1
29,-19914,1,1,1
29,-19910,1,1,1
29,-19906,0,1,1
29,-19902,0,1,1
29,-19898,1,1,1
29,-19890,0,1,1
29,-19886,0,1,1
29,-19882,1,1,1
29,-19878,1,1,1
29,-19874,0,1,1
29,-19870,0,1,1
29,-19866,1,1,1
29,-19862,1,1,1
29,-19858,0,1,1
29,-19854,0,1,1
29,-19850,1,1,1
29,-19846,1,1,1
29,-19842,0,1,1
29,-19838,0,1,1
29,-19834,1,1,1
29,-19830,1,1,1
29,-19826,0,1,1
29,-19822,0,1,1
29,-19818,1,1,1
29,-19814,1,0,1
29,-19810,0,1,1
29,-19806,0,1,1
29,-19802,1,1,1
29,-19798,1,1,1
29,-19794,0,1,1
29,-19790,0,1,1
29,-19786,1,1,1
29,-19782,1,1,1
29,-19774,0,1,1
29,-19770,1,1,1
29,-19766,1,1,1
29,-19762,0,1,1
29,-19758,0,1,1
29,-19754,1,1,1
29,-19750,1,1,1
29,-19746,0,1,1
29,-19742,0,1,1
29,-19738,1,1,1
29,-19734,1,1,1
29,-19730,0,1,1
29,-19726,0,1,1
29,-19722,1,1,1
29,-19718,1,1,1
29,-19714,0,1,1
29,-19710,0,1,1
29,-19706,1,1,1
29,-19702,1,1,1
29,-19698,0,1,1
29,-19694,0,1,1
29,-19690,1,1,1
29,-19686,1,1,1
29,-19682,0,1,1
29,-19678,0,1,1
29,-19674,1,1,1
29,-19670,1,1,1
29,-19666,0,1,1
29,-19658,1,1,1
29,-19654,1,1,1
29,-19650,0,1,1
29,-19646,0,1,1
29,-19642,1,1,1
29,-19638,1,1,1
29,-19634,0,1,1
29,-19630,0,1,1
29,-19626,1,1,1
29,-19622,1,1,1
29,-19618,0,1,1
29,-19614,0,1,1
29,-19610,1,1,1
29,-19606,1,1,1
29,-19602,0,1,1
29,-19598,0,1,1
29,-19594,1,1,1
29,-19590,1,1,1
29,-19586,0,1,1
29,-19582,0,1,1
29,-19578,1,1,1
29,-19574,1,1,1
29,-19570,0,1,1
29,-19566,0,1,1
29,-19562,1,1,1
29,-19558,1,1,1
29,-19554,0,1,1
29,-19550,0,1,1
29,-19542,1,1,1
29,-19538,0,1,1
29,-19534,0,1,1
29,-19530,1,1,1
29,-19526,1,1,1
29,-19522,0,1,1
29,-19518,0,1,1
29,-19514,1,1,1
29,-19510,1,1,1
29,-19506,0,1,1
29,-19502,0,1,1
29,-19498,1,1,1
29,-19494,1,1,1
29,-19490,0,1,1
29,-19486,0,1,1
29,-19482,1,1,1
29,-19478,1,1,1
29,-19474,0,1,1
29,-19470,0,1,1
29,-19466,1,1,1
29,-19462,1,1,1
29,-19458,0,1,1
29,-19454,0,1,1
29,-19450,1,1,1
29,-19446,1,1,1
29,-19442,0,1,1
29,-19438,0,1,1
29,-19434,1,1,1
29,-19426,0,1,1
29,-19422,0,1,1
29,-19418,1,1,1
29,-19414,1,1,1
29,-19410,0,1,1
29,-19406,0,1,1
29,-19402,1,1,1
29,-19398,1,1,1
29,-19394,0,1,1
29,-19390,0,1,1
29,-19386,1,1,1
29,-19382,1,1,1
29,-19378,0,1,1
29,-19374,0,1,1
29,-19370,1,1,1
29,-19366,1,1,1
29,-19362,0,1,1
29,-19358,0,1,1
29,-19354,1,1,1
29,-19350,1,1,1
29,-19346,0,1,1
29,-19342,0,1,1
29,-19338,1,1,1
29,-19334,1,1,1
29,-19330,0,1,1
29,-19326,0,1,1
29,-19322,1,1,1
29,-19318,1,1,1
29,-19310,0,1,1
29,-19306,1,1,1
29,-19302,1,1,1
29,-19298,0,1,1
29,-19294,0,1,1
29,-19290,1,1,1
29,-19286,1,1,1
29,-19282,0,1,1
29,-19278,0,1,1
29,-19274,1,1,1
29,-19270,1,1,1
29,-19266,0,1,1
29,-19262,0,1,1
29,-19258,1,1,1
29,-19254,1,1,1
29,-19250,0,1,1
29,-19246,0,1,1
29,-19242,1,1,1
29,-19238,1,1,1
29,-19234,0,1,1
29,-19230,0,1,1
29,-19226,1,1,1
29,-19222,1,1,1
29,-19218,0,1,1
29,-19214,0,1,1
29,-19210,1,1,1
29,-19206,1,1,1
29,-19202,0,1,1
29,-19194,1,1,1
29,-19190,1,1,1
29,-19186,0,1,1
29,-19182,0,1,1
29,-19178,1,1,1
29,-19174,1,1,1
29,-19170,0,1,1
29,-19166,0,1,1
29,-19162,1,1,1
29,-19158,1,1,1
29,-19154,0,1,1
29,-19150,0,1,1
29,-19146,1,1,1
29,-19142,1,1,1
29,-19138,0,1,1
29,-19134,0,1,1
29,-19130,1,1,1
29,-19126,1,1,1
29,-19122,0,1,1
29,-19118,0,1,1
29,-19114,1,1,1
29,-19110,1,1,1
29,-19106,0,1,1
29,-19102,0,1,1
29,-19098,1,1,1
29,-19094,1,1,1
29,-19090,0,1,1
29,-19086,0,1,1
29,-19078,1,1,1
29,-19074,0,1,1
29,-19070,0,1,1
29,-19066,1,1,1
29,-19062,1,1,1
29,-19058,0,1,1
29,-19054,0,1,1
29,-19050,0,1,1
29,-19046,1,1,1
29,-19042,0,1,1
29,-19038,0,1,1
29,-19034,1,1,1
29,-19030,1,1,1
29,-19026,0,1,1
29,-19022,0,1,1
29,-19018,1,1,1
29,-19014,1,1,1
29,-19010,0,1,1
29,-19006,0,1,1
29,-19002,1,1,1
29,-18998,1,1,1
29,-18994,0,1,1
29,-18990,0,1,1
29,-18986,1,1,1
29,-18982,1,1,1
29,-18978,0,1,1
29,-18974,0,1,1
29,-18970,1,1,1
29,-18962,0,1,1
29,-18958,0,1,1
29,-18954,1,1,1
29,-18950,1,1,1
29,-18946,0,1,1
29,-18942,0,1,1
29,-18938,1,1,1
29,-18934,1,1,1
29,-18930,0,1,1
29,-18926,0,1,1
29,-18922,1,1,1
29,-18918,1,1,1
29,-18914,0,1,1
29,-18910,0,1,1
29,-18906,1,1,1
29,-18902,1,1,1
29,-18898,0,1,1
29,-18894,0,1,1
29,-18890,1,1,1
29,-18886,1,1,1
29,-18882,0,1,1
29,-18878,0,1,1
29,-18874,1,1,1
29,-18870,1,1,1
29,-18866,0,1,1
29,-18862,0,1,1
29,-18858,1,1,1
29,-18854,1,1,1
29,-18846,0,1,1
29,-18842,1,1,1
29,-18838,1,1,1
29,-18834,0,1,1
29,-18830,0,1,1
29,-18826,1,1,1
29,-18822,1,1,1
29,-18818,0,1,1
29,-18814,0,1,1
29,-18810,1,1,1
29,-18806,1,1,1
29,-18802,0,1,1
29,-18798,0,1,1
29,-18794,1,1,1
29,-18790,1,1,1
29,-18786,0,1,1
29,-18782,0,1,1
29,-18778,1,1,1
29,-18774,1,0,1
29,-18770,0,1,1
29,-18766,0,1,1
29,-18762,0,1,1
29,-18758,1,1,1
29,-18754,0,1,1
29,-18750,0,1,1
29,-18746,1,1,1
29,-18742,1,1,1
29,-18738,0,1,1
29,-18730,1,1,1
29,-18726,1,1,1
29,-18722,0,1,1
29,-18718,0,1,1
29,-18714,1,1,1
29,-18710,1,1,1
29,-18706,0,1,1
29,-18702,0,1,1
29,-18698,1,1,1
29,-18694,1,1,1
29,-18690,0,1,1
29,-18686,0,1,1
29,-18682,1,1,1
29,-18678,1,1,1
29,-18674,0,1,1
29,-18670,0,1,1
29,-18666,1,1,1
29,-18662,1,1,1
29,-18658,0,1,1
29,-18654,0,1,1
29,-18650,1,1,1
29,-18646,1,1,1
29,-18642,0,1,1
29,-18638,0,1,1
29,-18634,1,1,1
29,-18630,1,1,1
29,-18626,0,1,1
29,-18622,0,1,1
29,-18614,1,1,1
29,-18610,0,1,1
29,-18606,0,1,1
29,-18602,1,1,1
29,-18598,1,1,1
29,-18594,0,1,1
29,-18590,0,1,1
29,-18586,1,1,1
29,-18582,1,1,1
29,-18578,0,1,1
29,-18574,0,1,1
29,-18570,1,1,1
29,-18566,1,1,1
29,-18562,0,1,1
29,-18558,0,1,1
29,-18554,1,1,1
29,-18550,1,1,1
29,-18546,0,1,1
29,-18542,0,1,1
29,-18538,1,1,1
29,-18534,1,1,1
29,-18530,0,1,1
29,-18526,0,1,1
29,-18522,1,1,1
29,-18518,1,1,1
29,-18514,0,1,1
29,-18510,0,1,1
29,-18506,1,1,1
29,-18498,0,1,1
29,-18494,0,1,1
29,-18490,1,1,1
29,-18486,1,1,1
29,-18482,0,1,1
29,-18478,0,1,1
29,-18474,1,1,1
29,-18470,1,1,1
29,-18466,0,1,1
29,-18462,0,1,1
29,-18458,1,1,1
29,-18454,1,1,1
29,-18450,0,1,1
29,-18446,0,1,1
29,-18442,1,1,1
29,-18438,1,1,1
29,-18434,0,1,1
29,-18430,0,1,1
29,-18426,1,1,1
29,-18422,1,1,1
29,-18418,0,1,1
29,-18414,0,1,1
29,-18410,1,1,1
29,-18406,1,1,1
29,-18402,0,1,1
29,-18398,0,1,1
29,-18394,1,1,1
29,-18390,1,1,1
29,-18382,0,1,1
29,-18378,1,1,1
29,-18374,1,1,1
29,-18370,0,1,1
29,-18366,0,1,1
29,-18362,1,1,1
29,-18358,1,1,1
29,-18354,0,1,1
29,-18350,0,1,1
29,-18346,1,1,1
29,-18342,1,1,1
29,-18338,0,1,1
29,-18334,0,1,1
29,-18330,1,1,1
29,-18326,1,1,1
29,-18322,0,1,1
29,-18318,0,1,1
29,-18314,1,1,1
29,-18310,1,1,1
29,-18306,0,1,1
29,-18302,0,1,1
29,-18298,1,1,1
29,-18294,1,0,1
29,-18290,0,1,1
29,-18286,0,1,1
29,-18282,1,1,1
29,-18278,1,1,1
29,-18274,0,1,1
29,-18266,1,1,1
29,-18262,1,1,1
29,-18258,0,1,1
29,-18254,0,1,1
29,-18250,1,1,1
29,-18246,1,0,1
29,-18242,0,1,1
29,-18238,0,1,1
29,-18234,1,1,1
29,-18230,1,1,1
29,-18226,0,1,1
29,-18222,0,1,1
29,-18218,1,1,1
29,-18214,1,1,1
29,-18210,0,1,1
29,-18206,0,1,1
29,-18202,1,1,1
29,-18198,1,1,1
29,-18194,0,1,1
29,-18190,0,1,1
29,-18186,1,1,1
29,-18182,1,1,1
29,-18178,0,1,1
29,-18174,0,1,1
29,-18170,1,1,1
29,-18166,1,1,1
29,-18162,0,1,1
29,-18158,0,1,1
29,-18150,1,1,1
29,-18146,0,1,1
29,-18142,0,1,1
29,-18138,1,1,1
29,-18134,1,1,1
29,-18130,0,1,1
29,-18126,0,1,1
29,-18122,1,1,1
29,-18118,1,1,1
29,-18114,0,0,0
29,-18110,0,1,1
29,-18106,1,1,1
29,-18102,1,1,1
29,-18098,0,0,0
29,-18094,0,1,1
29,-18090,1,1,1
29,-18086,1,1,1
29,-18082,0,1,1
29,-18078,0,1,1
29,-18074,1,1,1
29,-18070,1,1,1
29,-18066,0,1,1
29,-18062,0,1,1
29,-18058,1,1,1
29,-18054,1,1,1
29,-18050,0,1,1
29,-18046,0,1,1
29,-18042,1,1,1
29,-18034,0,1,1
29,-18030,0,1,1
29,-18026,1,1,1
29,-18022,1,1,1
29,-18018,0,1,1
29,-18014,0,1,1
29,-18010,1,1,1
29,-18006,1,1,1
29,-18002,0,1,1
29,-17998,0,1,1
29,-17994,1,1,1
29,-17990,1,1,1
29,-17986,0,1,1
29,-17982,0,1,1
29,-17978,1,1,1
29,-17974,1,1,1
29,-17970,0,1,1
29,-17966,0,1,1
29,-17962,1,1,1
29,-17958,1,1,1
29,-17954,0,1,1
29,-17950,0,1,1
29,-17946,1,1,1
29,-17942,1,1,1
29,-17938,0,1,1
29,-17934,0,1,1
29,-17930,1,1,1
29,-17926,1,1,1
29,-17918,0,1,1
29,-17914,1,1,1
29,-17910,1,1,1
29,-17906,0,1,1
29,-17902,0,1,1
29,-17898,1,1,1
29,-17894,1,1,1
29,-17890,0,1,1
29,-17886,0,1,1
29,-17882,1,1,1
29,-17878,1,1,1
29,-17874,0,1,1
29,-17870,0,1,1
29,-17866,1,1,1
29,-17862,1,1,1
29,-17858,0,1,1
29,-17854,0,1,1
29,-17850,1,1,1
29,-17846,1,1,1
29,-17842,0,1,1
29,-17838,0,1,1
29,-17834,1,1,1
29,-17830,1,1,1
29,-17826,0,1,1
29,-17822,0,1,1
29,-17818,1,1,1
29,-17814,1,1,1
29,-17810,0,1,1
29,-17802,1,1,1
29,-17798,1,1,1
29,-17794,0,1,1
29,-17790,0,1,1
29,-17786,1,1,1
29,-17782,1,1,1
29,-17778,0,1,1
29,-17774,0,1,1
29,-17770,1,1,1
29,-17766,1,1,1
29,-17762,0,1,1
29,-17758,0,1,1
29,-17754,1,1,1
29,-17750,1,1,1
29,-17746,0,1,1
29,-17742,0,1,1
29,-17738,1,1,1
29,-17734,1,1,1
29,-17730,0,1,1
29,-17726,0,1,1
29,-17722,1,1,1
29,-17718,1,1,1
29,-17714,0,1,1
29,-17710,0,1,1
29,-17706,1,1,1
29,-17702,1,1,1
29,-17698,0,1,1
29,-17694,0,1,1
29,-17686,1,1,1
29,-17682,0,1,1
29,-17678,0,1,1
29,-17674,1,1,1
29,-17670,1,1,1
29,-17666,0,1,1
29,-17662,0,1,1
29,-17658,1,1,1
29,-17654,1,1,1
29,-17650,0,1,1
29,-17646,0,1,1
29,-17642,1,1,1
29,-17638,1,1,1
29,-17634,0,1,1
29,-17630,0,1,1
29,-17626,1,1,1
29,-17622,1,1,1
29,-17618,0,1,1
29,-17614,0,1,1
29,-17610,1,1,1
29,-17606,1,1,1
29,-17602,0,1,1
29,-17598,0,1,1
29,-17594,1,1,1
29,-17590,1,1,1
29,-17586,0,1,1
29,-17582,0,1,1
29,-17578,1,1,1
29,-17570,0,1,1
29,-17566,0,1,1
29,-17562,1,1,1
29,-17558,1,1,1
29,-17554,0,1,1
29,-17550,0,1,1
29,-17546,1,1,1
29,-17542,1,1,1
29,-17538,0,1,1
29,-17534,0,1,1
29,-17530,1,1,1
29,-17526,1,1,1
29,-17522,0,1,1
29,-17518,0,1,1
29,-17514,1,1,1
29,-17510,1,1,1
29,-17506,0,1,1
29,-17502,0,1,1
29,-17498,1,1,1
29,-17494,1,1,1
29,-17490,0,0,0
29,-17486,0,1,1
29,-17482,1,1,1
29,-17478,1,1,1
29,-17474,0,1,1
29,-17470,0,1,1
29,-17466,1,1,1
29,-17462,1,1,1
29,-17454,0,1,1
29,-17450,1,1,1
29,-17446,1,1,1
29,-17442,0,1,1
29,-17438,0,1,1
29,-17434,1,1,1
29,-17430,1,1,1
29,-17426,0,1,1
29,-17422,0,1,1
29,-17418,1,1,1
29,-17414,1,1,1
29,-17410,0,1,1
29,-17406,0,1,1
29,-17402,1,1,1
29,-17398,1,1,1
29,-17394,0,1,1
29,-17390,0,1,1
29,-17386,1,1,1
29,-17382,1,1,1
29,-17378,0,1,1
29,-17374,0,1,1
29,-17370,1,1,1
29,-17366,1,1,1
29,-17362,0,1,1
29,-17358,0,1,1
29,-17354,1,1,1
29,-17350,1,1,1
29,-17346,0,1,1
29,-17338,1,1,1
29,-17334,1,1,1
29,-17330,0,1,1
29,-17326,0,1,1
29,-17322,1,1,1
29,-17318,1,1,1
29,-17314,0,1,1
29,-17310,0,1,1
29,-17306,1,1,1
29,-17302,1,1,1
29,-17298,0,1,1
29,-17294,0,1,1
29,-17290,1,1,1
29,-17286,1,1,1
29,-17282,0,1,1
29,-17278,0,1,1
29,-17274,1,1,1
29,-17270,1,1,1
29,-17266,0,1,1
29,-17262,0,1,1
29,-17258,1,1,1
29,-17254,1,1,1
29,-17250,0,1,1
29,-17246,0,1,1
29,-17242,1,1,1
29,-17238,1,1,1
29,-17234,0,1,1
29,-17230,0,1,1
29,-17222,1,1,1
29,-17218,0,1,1
29,-17214,0,1,1
29,-17210,1,1,1
29,-17206,1,1,1
29,-17202,0,1,1
29,-17198,0,1,1
29,-17194,1,1,1
29,-17190,1,1,1
29,-17186,0,1,1
29,-17182,0,1,1
29,-17178,1,1,1
29,-17174,1,1,1
29,-17170,0,1,1
29,-17166,0,1,1
29,-17162,1,1,1
29,-17158,1,1,1
29,-17154,0,1,1
29,-17150,0,1,1
29,-17146,1,1,1
29,-17142,1,1,1
29,-17138,0,1,1
29,-17134,0,1,1
29,-17130,1,1,1
29,-17126,1,1,1
29,-17122,0,1,1
29,-17118,0,0,0
29,-17114,1,1,1
29,-17106,0,1,1
29,-17102,0,1,1
29,-17098,1,1,1
29,-17094,1,1,1
29,-17090,0,1,1
29,-17086,0,1,1
29,-17082,1,1,1
29,-17078,1,1,1
29,-17074,0,1,1
29,-17070,0,1,1
29,-17066,1,1,1
29,-17062,1,1,1
29,-17058,0,1,1
29,-17054,0,1,1
29,-17050,1,1,1
29,-17046,1,1,1
29,-17042,0,1,1
29,-17038,0,1,1
29,-17034,1,1,1
29,-17030,1,1,1
29,-17026,0,1,1
29,-17022,0,1,1
29,-17018,1,1,1
29,-17014,1,1,1
29,-17010,0,1,1
29,-17006,0,1,1
29,-17002,1,1,1
29,-16998,1,1,1
29,-16990,0,1,1
29,-16986,1,1,1
29,-16982,1,1,1
29,-16978,0,1,1
29,-16974,0,1,1
29,-16970,1,1,1
29,-16966,1,1,1
29,-16962,0,1,1
29,-16958,0,1,1
29,-16954,1,1,1
29,-16950,1,1,1
29,-16946,0,1,1
29,-16942,0,1,1
29,-16938,1,1,1
29,-16934,1,1,1
29,-16930,0,1,1
29,-16926,0,1,1
29,-16922,1,1,1
29,-16918,1,1,1
29,-16914,0,1,1
29,-16910,0,1,1
29,-16906,1,1,1
29,-16902,1,1,1
29,-16898,0,1,1
29,-16894,0,1,1
29,-16890,1,1,1
29,-16886,1,1,1
29,-16882,0,1,1
29,-16874,1,1,1
29,-16870,1,1,1
29,-16866,0,1,1
29,-16862,0,1,1
29,-16858,1,1,1
29,-16854,1,1,1
29,-16850,0,1,1
29,-16846,0,1,1
29,-16842,1,1,1
29,-16838,1,1,1
29,-16834,0,1,1
29,-16830,0,1,1
29,-16826,1,1,1
29,-16822,1,1,1
29,-16818,0,1,1
29,-16814,0,1,1
29,-16810,1,1,1
29,-16806,1,1,1
29,-16802,0,1,1
29,-16798,0,1,1
29,-16794,1,1,1
29,-16790,1,1,1
29,-16786,0,1,1
29,-16782,0,1,1
29,-16778,1,1,1
29,-16774,1,1,1
29,-16770,0,1,1
29,-16766,0,1,1
29,-16758,1,1,1
29,-16754,0,1,1
29,-16750,0,1,1
29,-16746,1,1,1
29,-16742,1,1,1
29,-16738,0,1,1
29,-16734,0,1,1
29,-16730,1,1,1
29,-16726,1,1,1
29,-16722,0,1,1
29,-16718,0,1,1
29,-16714,1,1,1
29,-16710,1,1,1
29,-16706,0,1,1
29,-16702,0,1,1
29,-16698,1,1,1
29,-16694,1,1,1
29,-16690,0,1,1
29,-16686,0,1,1
29,-16682,1,1,1
29,-16678,1,1,1
29,-16674,0,1,1
29,-16670,0,1,1
29,-16666,1,1,1
29,-16662,1,1,1
29,-16658,0,1,1
29,-16654,0,1,1
29,-16650,1,0,1
29,-16642,0,1,1
29,-16638,0,1,1
29,-16634,1,1,1
29,-16630,1,1,1
29,-16626,0,1,1
29,-16622,0,1,1
29,-16618,1,1,1
29,-16614,1,1,1
29,-16610,0,1,1
29,-16606,0,1,1
29,-16602,1,1,1
29,-16598,1,1,1
29,-16594,0,1,1
29,-16590,0,1,1
29,-16586,1,1,1
29,-16582,1,1,1
29,-16578,0,1,1
29,-16574,0,1,1
29,-16570,1,1,1
29,-16566,0,1,1
29,-16562,0,1,1
29,-16558,0,1,1
29,-16554,1,1,1
29,-16550,1,1,1
29,-16546,0,1,1
29,-16542,0,1,1
29,-16538,1,1,1
29,-16534,1,1,1
29,-16526,0,1,1
29,-16522,1,1,1
29,-16518,1,1,1
29,-16514,0,1,1
29,-16510,0,1,1
29,-16506,1,1,1
29,-16502,1,1,1
29,-16498,0,1,1
29,-16494,0,1,1
29,-16490,1,1,1
29,-16486,1,1,1
29,-16482,0,1,1
29,-16478,0,1,1
29,-16474,1,1,1
29,-16470,1,1,1
29,-16466,0,1,1
29,-16462,0,1,1
29,-16458,1,1,1
29,-16454,1,1,1
29,-16450,0,1,1
29,-16446,0,1,1
29,-16442,1,1,1
29,-16438,1,1,1
29,-16434,0,1,1
29,-16430,0,1,1
29,-16426,1,1,1
29,-16422,1,1,1
29,-16418,0,1,1
29,-16410,1,1,1
29,-16406,1,1,1
29,-16402,0,1,1
29,-16398,0,1,1
29,-16394,1,1,1
29,-16390,1,1,1
29,-16386,0,1,1
29,-16382,0,1,1
29,-16378,1,1,1
29,-16374,1,1,1
29,-16370,0,1,1
29,-16366,0,1,1
29,-16362,1,1,1
29,-16358,1,1,1
29,-16354,0,1,1
29,-16350,0,1,1
29,-16346,1,1,1
29,-16342,1,1,1
29,-16338,0,1,1
29,-16334,0,1,1
29,-16330,1,1,1
29,-16326,1,1,1
29,-16322,0,1,1
29,-16318,0,1,1
29,-16314,1,1,1
29,-16310,1,1,1
29,-16306,0,1,1
29,-16302,0,1,1
29,-16294,1,1,1
29,-16290,0,1,1
29,-16286,0,1,1
29,-16282,1,1,1
29,-16278,1,1,1
29,-16274,0,1,1
29,-16270,0,1,1
29,-16266,1,1,1
29,-16262,1,1,1
29,-16258,0,1,1
29,-16254,0,1,1
29,-16250,1,1,1
29,-16246,1,1,1
29,-16242,0,1,1
29,-16238,0,1,1
29,-16234,1,1,1
29,-16230,1,1,1
29,-16226,0,1,1
29,-16222,0,1,1
29,-16218,1,1,1
29,-16214,1,1,1
29,-16210,0,1,1
29,-16206,0,1,1
29,-16202,1,1,1
29,-16198,1,1,1
29,-16194,0,1,1
29,-16190,0,1,1
29,-16186,1,1,1
29,-16178,0,1,1
29,-16174,0,1,1
29,-16170,1,1,1
29,-16166,1,1,1
29,-16162,0,1,1
29,-16158,0,1,1
29,-16154,1,1,1
29,-16150,1,1,1
29,-16146,0,1,1
29,-16142,0,1,1
29,-16138,1,1,1
29,-16134,1,1,1
29,-16130,0,1,1
29,-16126,0,1,1
29,-16122,1,1,1
29,-16118,1,1,1
29,-16114,0,1,1
29,-16110,0,1,1
29,-16106,1,1,1
29,-16102,1,1,1
29,-16098,0,1,1
29,-16094,0,1,1
29,-16090,1,1,1
29,-16086,1,1,1
29,-16082,0,1,1
29,-16078,0,1,1
29,-16074,1,1,1
29,-16070,1,1,1
29,-16062,0,1,1
29,-16058,1,1,1
29,-16054,1,1,1
29,-16050,0,1,1
29,-16046,0,1,1
29,-16042,1,1,1
29,-16038,1,1,1
29,-16034,0,1,1
29,-16030,0,1,1
29,-16026,1,1,1
29,-16022,1,1,1
29,-16018,0,1,1
29,-16014,0,1,1
29,-16010,1,1,1
29,-16006,1,1,1
29,-16002,0,1,1
29,-15998,0,1,1
29,-15994,1,1,1
29,-15990,1,1,1
29,-15986,0,1,1
29,-15982,0,1,1
29,-15978,1,1,1
29,-15974,1,1,1
29,-15970,0,1,1
29,-15966,0,1,1
29,-15962,1,1,1
29,-15958,1,1,1
29,-15954,0,1,1
29,-15946,1,1,1
29,-15942,1,1,1
29,-15938,0,1,1
29,-15934,0,1,1
29,-15930,1,1,1
29,-15926,1,1,1
29,-15922,0,1,1
29,-15918,0,1,1
29,-15914,1,1,1
29,-15910,1,1,1
29,-15906,0,1,1
29,-15902,0,1,1
29,-15898,1,1,1
29,-15894,1,1,1
29,-15890,0,1,1
29,-15886,0,1,1
29,-15882,1,1,1
29,-15878,1,1,1
29,-15874,0,1,1
29,-15870,0,1,1
29,-15866,1,1,1
29,-15862,1,1,1
29,-15858,0,1,1
29,-15854,0,1,1
29,-15850,1,1,1
29,-15846,1,1,1
29,-15842,0,1,1
29,-15838,0,1,1
29,-15830,1,1,1
29,-15826,0,1,1
29,-15822,0,1,1
29,-15818,1,1,1
29,-15814,1,1,1
29,-15810,0,1,1
29,-15806,0,1,1
29,-15802,1,1,1
29,-15798,1,1,1
29,-15794,0,1,1
29,-15790,0,1,1
29,-15786,1,1,1
29,-15782,1,1,1
29,-15778,0,1,1
29,-15774,0,1,1
29,-15770,1,1,1
29,-15766,1,1,1
29,-15762,0,1,1
29,-15758,0,1,1
29,-15754,1,0,1
29,-15750,1,1,1
29,-15746,0,1,1
29,-15742,0,1,1
29,-15738,1,1,1
29,-15734,1,1,1
29,-15730,0,1,1
29,-15726,0,1,1
29,-15722,1,1,1
29,-15714,0,1,1
29,-15710,0,1,1
29,-15706,1,1,1
29,-15702,1,1,1
29,-15698,0,1,1
29,-15694,0,1,1
29,-15690,1,1,1
29,-15686,1,1,1
29,-15682,0,1,1
29,-15678,0,1,1
29,-15674,1,1,1
29,-15670,1,1,1
29,-15666,0,1,1
29,-15662,0,1,1
29,-15658,1,1,1
29,-15654,1,1,1
29,-15650,0,1,1
29,-15646,0,1,1
29,-15642,1,1,1
29,-15638,1,1,1
29,-15634,0,1,1
29,-15630,0,1,1
29,-15626,1,1,1
29,-15622,1,1,1
29,-15618,0,1,1
29,-15614,0,1,1
29,-15610,1,1,1
29,-15606,1,1,1
29,-15598,0,1,1
29,-15594,1,1,1
29,-15590,1,1,1
29,-15586,0,1,1
29,-15582,0,1,1
29,-15578,1,1,1
29,-15574,1,1,1
29,-15570,0,1,1
29,-15566,0,1,1
29,-15562,1,1,1
29,-15558,1,1,1
29,-15554,0,1,1
29,-15550,0,1,1
29,-15546,1,1,1
29,-15542,1,1,1
29,-15538,0,1,1
29,-15534,0,1,1
29,-15530,1,1,1
29,-15526,1,1,1
29,-15522,0,1,1
29,-15518,0,1,1
29,-15514,1,1,1
29,-15510,1,1,1
29,-15506,0,1,1
29,-15502,0,1,1
29,-15498,1,1,1
29,-15494,1,1,1
29,-15490,0,1,1
29,-15482,1,1,1
29,-15478,1,1,1
29,-15474,0,1,1
29,-15470,0,1,1
29,-15466,1,1,1
29,-15462,1,1,1
29,-15458,0,1,1
29,-15454,0,1,1
29,-15450,1,1,1
29,-15446,1,1,1
29,-15442,0,1,1
29,-15438,0,1,1
29,-15434,1,1,1
29,-15430,1,1,1
29,-15426,0,1,1
29,-15422,0,1,1
29,-15418,1,1,1
29,-15414,1,1,1
29,-15410,0,1,1
29,-15406,0,1,1
29,-15402,1,1,1
29,-15398,1,1,1
29,-15394,0,1,1
29,-15390,0,1,1
29,-15386,1,1,1
29,-15382,1,1,1
29,-15378,0,1,1
29,-15374,0,1,1
29,-15366,1,1,1
29,-15362,0,1,1
29,-15358,0,1,1
29,-15354,1,1,1
29,-15350,1,1,1
29,-15346,0,1,1
29,-15342,0,1,1
29,-15338,1,1,1
29,-15334,1,1,1
29,-15330,0,1,1
29,-15326,0,1,1
29,-15322,1,1,1
29,-15318,1,1,1
29,-15314,0,1,1
29,-15310,0,1,1
29,-15306,1,1,1
29,-15302,1,1,1
29,-15298,0,1,1
29,-15294,0,1,1
29,-15290,1,1,1
29,-15286,1,1,1
29,-15282,0,1,1
29,-15278,0,1,1
29,-15274,1,1,1
29,-15270,1,1,1
29,-15266,0,1,1
29,-15262,0,1,1
29,-15258,1,1,1
29,-15250,0,1,1
29,-15246,0,1,1
29,-15242,1,1,1
29,-15238,1,1,1
29,-15234,0,1,1
29,-15230,0,1,1
29,-15226,1,1,1
29,-15222,1,1,1
29,-15218,0,1,1
29,-15214,0,1,1
29,-15210,1,1,1
29,-15206,1,1,1
29,-15202,0,1,1
29,-15198,0,1,1
29,-15194,1,1,1
29,-15190,1,1,1
29,-15186,0,1,1
29,-15182,0,1,1
29,-15178,1,1,1
29,-15174,1,1,1
29,-15170,0,1,1
29,-15166,0,1,1
29,-15162,1,1,1
29,-15158,1,1,1
29,-15154,0,1,1
29,-15150,0,1,1
29,-15146,1,1,1
29,-15142,1,1,1
29,-15134,0,1,1
29,-15130,1,1,1
29,-15126,1,1,1
29,-15122,0,1,1
29,-15118,0,1,1
29,-15114,1,1,1
29,-15110,1,1,1
29,-15106,0,1,1
29,-15102,0,1,1
29,-15098,1,1,1
29,-15094,1,1,1
29,-15090,0,1,1
29,-15086,0,1,1
29,-15082,1,1,1
29,-15078,1,1,1
29,-15074,0,1,1
29,-15070,0,1,1
29,-15066,1,1,1
29,-15062,1,1,1
29,-15058,0,1,1
29,-15054,0,1,1
29,-15050,1,1,1
29,-15046,1,1,1
29,-15042,0,1,1
29,-15038,0,1,1
29,-15034,1,1,1
29,-15030,1,1,1
29,-15026,0,1,1
29,-15018,1,1,1
29,-15014,1,1,1
29,-15010,0,1,1
29,-15006,0,1,1
29,-15002,1,1,1
29,-14998,1,1,1
29,-14994,0,1,1
29,-14990,0,1,1
29,-14986,1,1,1
29,-14982,1,1,1
29,-14978,0,1,1
29,-14974,0,1,1
29,-14970,1,1,1
29,-14966,1,1,1
29,-14962,0,1,1
29,-14958,0,1,1
29,-14954,1,1,1
29,-14950,1,1,1
29,-14946,0,1,1
29,-14942,0,1,1
29,-14938,1,1,1
29,-14934,1,1,1
29,-14930,0,1,1
29,-14926,0,1,1
29,-14922,1,1,1
29,-14918,1,1,1
29,-14914,0,1,1
29,-14910,0,1,1
29,-14902,1,1,1
29,-14898,0,1,1
29,-14894,0,1,1
29,-14890,1,1,1
29,-14886,1,1,1
29,-14882,0,1,1
29,-14878,0,1,1
29,-14874,1,1,1
29,-14870,1,1,1
29,-14866,0,1,1
29,-14862,0,1,1
29,-14858,1,1,1
29,-14854,1,1,1
29,-14850,0,1,1
29,-14846,0,1,1
29,-14842,1,1,1
29,-14838,1,1,1
29,-14834,0,1,1
29,-14830,0,1,1
29,-14826,1,1,1
29,-14822,1,1,1
29,-14818,0,1,1
29,-14814,0,1,1
29,-14810,1,1,1
29,-14806,1,1,1
29,-14802,0,1,1
29,-14798,0,1,1
29,-14794,1,1,1
29,-14786,0,1,1
29,-14782,0,1,1
29,-14778,1,1,1
29,-14774,1,1,1
29,-14770,0,1,1
29,-14766,0,1,1
29,-14762,1,1,1
29,-14758,1,1,1
29,-14754,0,1,1
29,-14750,0,1,1
29,-14746,1,1,1
29,-14742,1,1,1
29,-14738,0,1,1
29,-14734,0,1,1
29,-14730,1,1,1
29,-14726,1,1,1
29,-14722,0,1,1
29,-14718,0,1,1
29,-14714,1,1,1
29,-14710,1,1,1
29,-14706,0,1,1
29,-14702,0,1,1
29,-14698,1,1,1
29,-14694,1,1,1
29,-14690,0,1,1
29,-14686,0,1,1
29,-14682,1,1,1
29,-14678,1,1,1
29,-14670,0,1,1
29,-14666,1,1,1
29,-14662,1,1,1
29,-14658,0,1,1
29,-14654,0,1,1
29,-14650,1,1,1
29,-14646,1,1,1
29,-14642,0,1,1
29,-14638,0,1,1
29,-14634,1,1,1
29,-14630,1,1,1
29,-14626,0,1,1
29,-14622,0,1,1
29,-14618,1,1,1
29,-14614,1,1,1
29,-14610,0,1,1
29,-14606,0,1,1
29,-14602,1,1,1
29,-14598,1,1,1
29,-14594,0,1,1
29,-14590,0,1,1
29,-14586,1,1,1
29,-14582,1,1,1
29,-14578,0,1,1
29,-14574,0,1,1
29,-14570,1,1,1
29,-14566,1,1,1
29,-14562,0,1,1
29,-14554,1,1,1
29,-14550,1,1,1
29,-14546,0,1,1
29,-14542,0,1,1
29,-14538,1,1,1
29,-14534,1,1,1
29,-14530,0,1,1
29,-14526,0,1,1
29,-14522,1,1,1
29,-14518,1,1,1
29,-14514,0,1,1
29,-14510,0,1,1
29,-14506,1,1,1
29,-14502,1,1,1
29,-14498,0,1,1
29,-14494,0,1,1
29,-14490,1,1,1
29,-14486,1,0,1
29,-14482,0,1,1
29,-14478,0,1,1
29,-14474,1,1,1
29,-14470,1,1,1
29,-14466,0,1,1
29,-14462,0,1,1
29,-14458,1,1,1
29,-14454,1,1,1
29,-14450,0,1,1
29,-14446,0,1,1
29,-14438,1,1,1
29,-14434,0,1,1
29,-14430,0,1,1
29,-14426,1,1,1
29,-14422,1,1,1
29,-14418,0,1,1
29,-14414,0,1,1
29,-14410,1,1,1
29,-14406,1,1,1
29,-14402,0,1,1
29,-14398,0,1,1
29,-14394,1,1,1
29,-14390,1,1,1
29,-14386,0,1,1
29,-14382,0,1,1
29,-14378,1,1,1
29,-14374,1,1,1
29,-14370,0,1,1
29,-14366,0,1,1
29,-14362,1,1,1
29,-14358,1,1,1
29,-14354,0,1,1
29,-14350,0,1,1
29,-14346,0,1,1
29,-14342,1,1,1
29,-14338,0,1,1
29,-14334,0,1,1
29,-14330,1,1,1
29,-14322,0,1,1
29,-14318,0,1,1
29,-14314,1,1,1
29,-14310,1,1,1
29,-14306,0,1,1
29,-14302,0,1,1
29,-14298,1,1,1
29,-14294,1,1,1
29,-14290,0,1,1
29,-14286,0,1,1
29,-14282,1,1,1
29,-14278,1,1,1
29,-14274,0,1,1
29,-14270,0,1,1
29,-14266,1,1,1
29,-14262,1,1,1
29,-14258,0,1,1
29,-14254,0,1,1
29,-14250,1,1,1
29,-14246,1,1,1
29,-14242,0,1,1
29,-14238,0,1,1
29,-14234,1,1,1
29,-14230,1,1,1
29,-14226,0,1,1
29,-14222,0,1,1
29,-14218,1,1,1
29,-14214,1,1,1
29,-14206,0,1,1
29,-14202,1,1,1
29,-14198,1,1,1
29,-14194,0,1,1
29,-14190,0,1,1
29,-14186,1,1,1
29,-14182,1,1,1
29,-14178,0,1,1
29,-14174,0,1,1
29,-14170,1,1,1
29,-14166,1,1,1
29,-14162,0,1,1
29,-14158,0,1,1
29,-14154,0,1,1
29,-14150,1,1,1
29,-14146,0,1,1
29,-14142,0,1,1
29,-14138,1,1,1
29,-14134,1,1,1
29,-14130,0,1,1
29,-14126,0,1,1
29,-14122,1,1,1
29,-14118,1,1,1
29,-14114,0,1,1
29,-14110,0,1,1
29,-14106,1,1,1
29,-14102,1,1,1
29,-14098,0,1,1
29,-14090,1,1,1
29,-14086,1,1,1
29,-14082,0,1,1
29,-14078,0,1,1
29,-14074,1,1,1
29,-14070,1,1,1
29,-14066,0,1,1
29,-14062,0,1,1
29,-14058,1,1,1
29,-14054,1,1,1
29,-14050,0,1,1
29,-14046,0,1,1
29,-14042,1,1,1
29,-14038,1,1,1
29,-14034,0,1,1
29,-14030,0,1,1
29,-14026,1,1,1
29,-14022,1,1,1
29,-14018,0,1,1
29,-14014,0,1,1
29,-14010,1,1,1
29,-14006,1,1,1
29,-14002,0,1,1
29,-13998,0,1,1
29,-13994,1,1,1
29,-13990,1,1,1
29,-13986,0,1,1
29,-13982,0,1,1
29,-13974,1,1,1
29,-13970,0,1,1
29,-13966,0,1,1
29,-13962,0,1,1
29,-13958,1,1,1
29,-13954,0,1,1
29,-13950,0,1,1
29,-13946,1,1,1
29,-13942,1,1,1
29,-13938,0,1,1
29,-13934,0,1,1
29,-13930,1,1,1
29,-13926,1,1,1
29,-13922,0,1,1
29,-13918,0,1,1
29,-13914,1,1,1
29,-13910,1,1,1
29,-13906,0,1,1
29,-13902,0,1,1
29,-13898,1,1,1
29,-13894,1,1,1
29,-13890,0,1,1
29,-13886,0,1,1
29,-13882,1,1,1
29,-13878,1,1,1
29,-13874,0,1,1
29,-13870,0,1,1
29,-13866,1,1,1
29,-13858,0,1,1
29,-13854,0,1,1
29,-13850,1,1,1
29,-13846,1,1,1
29,-13842,0,1,1
29,-13838,0,1,1
29,-13834,1,1,1
29,-13830,1,1,1
29,-13826,0,1,1
29,-13822,0,1,1
29,-13818,1,1,1
29,-13814,1,1,1
29,-13810,0,1,1
29,-13806,0,1,1
29,-13802,1,1,1
29,-13798,1,1,1
29,-13794,0,1,1
29,-13790,0,1,1
29,-13786,1,1,1
29,-13782,1,1,1
29,-13778,0,1,1
29,-13774,0,1,1
29,-13770,1,1,1
29,-13766,1,1,1
29,-13762,0,1,1
29,-13758,0,1,1
29,-13754,1,1,1
29,-13750,1,1,1
29,-13742,0,1,1
29,-13738,1,1,1
29,-13734,1,1,1
29,-13730,0,1,1
29,-13726,0,1,1
29,-13722,1,1,1
29,-13718,1,1,1
29,-13714,0,1,1
29,-13710,0,0,0
29,-13706,1,1,1
29,-13702,1,1,1
29,-13698,0,1,1
29,-13694,0,1,1
29,-13690,1,1,1
29,-13686,1,1,1
29,-13682,0,1,1
29,-13678,0,1,1
29,-13674,1,1,1
29,-13670,1,1,1
29,-13666,0,1,1
29,-13662,0,1,1
29,-13658,1,1,1
29,-13654,1,1,1
29,-13650,0,1,1
29,-13646,0,1,1
29,-13642,1,1,1
29,-13638,1,1,1
29,-13634,0,1,1
29,-13626,1,1,1
29,-13622,1,1,1
29,-13618,0,1,1
29,-13614,0,1,1
29,-13610,1,1,1
29,-13606,1,1,1
29,-13602,0,1,1
29,-13598,0,1,1
29,-13594,1,1,1
29,-13590,1,1,1
29,-13586,0,1,1
29,-13582,0,1,1
29,-13578,1,1,1
29,-13574,1,1,1
29,-13570,0,1,1
29,-13566,0,1,1
29,-13562,1,1,1
29,-13558,1,1,1
29,-13554,0,1,1
29,-13550,0,1,1
29,-13546,1,1,1
29,-13542,1,1,1
29,-13538,0,1,1
29,-13534,0,1,1
29,-13530,1,1,1
29,-13526,1,1,1
29,-13522,0,1,1
29,-13518,0,1,1
29,-13510,1,1,1
29,-13506,0,1,1
29,-13502,0,1,1
29,-13498,1,1,1
29,-13494,1,1,1
29,-13490,0,1,1
29,-13486,0,1,1
29,-13482,1,1,1
29,-13478,1,1,1
29,-13474,0,1,1
29,-13470,0,1,1
29,-13466,1,1,1
29,-13462,1,1,1
29,-13458,0,1,1
29,-13454,0,1,1
29,-13450,1,1,1
29,-13446,1,1,1
29,-13442,0,1,1
29,-13438,0,1,1
29,-13434,1,1,1
29,-13430,1,1,1
29,-13426,0,1,1
29,-13422,0,1,1
29,-13418,1,1,1
29,-13414,1,1,1
29,-13410,0,1,1
29,-13406,0,1,1
29,-13402,1,1,1
29,-13394,0,1,1
29,-13390,0,1,1
29,-13386,1,1,1
29,-13382,1,1,1
29,-13378,0,1,1
29,-13374,0,1,1
29,-13370,1,1,1
29,-13366,1,1,1
29,-13362,0,1,1
29,-13358,0,1,1
29,-13354,1,1,1
29,-13350,1,1,1
29,-13346,0,1,1
29,-13342,0,1,1
29,-13338,1,1,1
29,-13334,1,1,1
29,-13330,0,1,1
29,-13326,0,1,1
29,-13322,1,1,1
29,-13318,1,1,1
29,-13314,0,1,1
29,-13310,0,1,1
29,-13306,1,1,1
29,-13302,1,1,1
29,-13298,0,1,1
29,-13294,0,1,1
29,-13290,1,1,1
29,-13286,1,1,1
29,-13278,0,1,1
29,-13274,1,1,1
29,-13270,1,1,1
29,-13266,0,1,1
29,-13262,0,1,1
29,-13258,1,1,1
29,-13254,1,1,1
29,-13250,0,1,1
29,-13246,0,1,1
29,-13242,1,1,1
29,-13238,1,1,1
29,-13234,0,1,1
29,-13230,0,1,1
29,-13226,1,1,1
29,-13222,1,1,1
29,-13218,0,1,1
29,-13214,0,1,1
29,-13210,1,1,1
29,-13206,1,1,1
29,-13202,0,1,1
29,-13198,0,1,1
29,-13194,1,1,1
29,-13190,1,1,1
29,-13186,0,1,1
29,-13182,0,1,1
29,-13178,1,1,1
29,-13174,1,1,1
29,-13170,0,1,1
29,-13162,1,1,1
29,-13158,1,1,1
29,-13154,0,1,1
29,-13150,0,1,1
29,-13146,1,1,1
29,-13142,1,1,1
29,-13138,0,1,1
29,-13134,0,1,1
29,-13130,1,1,1
29,-13126,1,1,1
29,-13122,0,1,1
29,-13118,0,1,1
29,-13114,1,1,1
29,-13110,1,1,1
29,-13106,0,1,1
29,-13102,0,1,1
29,-13098,1,1,1
29,-13094,1,1,1
29,-13090,0,1,1
29,-13086,0,1,1
29,-13082,1,1,1
29,-13078,1,1,1
29,-13074,0,1,1
29,-13070,0,1,1
29,-13066,1,1,1
29,-13062,1,1,1
29,-13058,0,1,1
29,-13054,0,1,1
29,-13046,1,1,1
29,-13042,0,1,1
29,-13038,0,1,1
29,-13034,1,1,1
29,-13030,1,1,1
29,-13026,0,1,1
29,-13022,0,1,1
29,-13018,1,1,1
29,-13014,1,1,1
29,-13010,0,1,1
29,-13006,0,1,1
29,-13002,1,1,1
29,-12998,1,1,1
29,-12994,0,1,1
29,-12990,0,1,1
29,-12986,1,1,1
29,-12982,1,1,1
29,-12978,0,0,0
29,-12974,0,1,1
29,-12970,1,1,1
29,-12966,1,1,1
29,-12962,0,1,1
29,-12958,0,1,1
29,-12954,1,1,1
29,-12950,1,1,1
29,-12946,0,1,1
29,-12942,0,1,1
29,-12938,1,1,1
29,-12930,0,1,1
29,-12926,0,1,1
29,-12922,1,1,1
29,-12918,1,1,1
29,-12914,0,1,1
29,-12910,0,1,1
29,-12906,1,1,1
29,-12902,1,1,1
29,-12898,0,1,1
29,-12894,0,1,1
29,-12890,1,1,1
29,-12886,1,1,1
29,-12882,0,1,1
29,-12878,0,1,1
29,-12874,1,1,1
29,-12870,1,1,1
29,-12866,0,1,1
29,-12862,0,1,1
29,-12858,1,1,1
29,-12854,1,1,1
29,-12850,0,1,1
29,-12846,0,1,1
29,-12842,1,1,1
29,-12838,1,1,1
29,-12834,0,1,1
29,-12830,0,1,1
29,-12826,1,1,1
29,-12822,1,1,1
29,-12814,0,1,1
29,-12810,1,1,1
29,-12806,1,1,1
29,-12802,0,1,1
29,-12798,0,1,1
29,-12794,1,1,1
29,-12790,1,1,1
29,-12786,0,1,1
29,-12782,0,1,1
29,-12778,1,1,1
29,-12774,1,1,1
29,-12770,0,1,1
29,-12766,0,1,1
29,-12762,1,1,1
29,-12758,1,1,1
29,-12754,0,1,1
29,-12750,0,1,1
29,-12746,1,1,1
29,-12742,1,1,1
29,-12738,0,1,1
29,-12734,0,1,1
29,-12730,1,1,1
29,-12726,1,1,1
29,-12722,0,1,1
29,-12718,0,1,1
29,-12714,1,1,1
29,-12710,1,1,1
29,-12706,0,1,1
29,-12698,1,1,1
29,-12694,1,1,1
29,-12690,0,1,1
29,-12686,0,1,1
29,-12682,1,1,1
29,-12678,1,1,1
29,-12674,0,1,1
29,-12670,0,1,1
29,-12666,1,1,1
29,-12662,1,1,1
29,-12658,0,1,1
29,-12654,0,1,1
29,-12650,1,1,1
29,-12646,1,1,1
29,-12642,0,1,1
29,-12638,0,1,1
29,-12634,1,1,1
29,-12630,1,1,1
29,-12626,0,1,1
29,-12622,0,1,1
29,-12618,1,0,1
29,-12614,1,1,1
29,-12610,0,1,1
29,-12606,0,1,1
29,-12602,1,1,1
29,-12598,1,1,1
29,-12594,0,1,1
29,-12590,0,1,1
29,-12582,1,1,1
29,-12578,0,1,1
29,-12574,0,1,1
29,-12570,1,1,1
29,-12566,1,1,1
29,-12562,0,1,1
29,-12558,0,1,1
29,-12554,1,1,1
29,-12550,1,1,1
29,-12546,0,1,1
29,-12542,0,1,1
29,-12538,1,1,1
29,-12534,1,1,1
29,-12530,0,1,1
29,-12526,0,1,1
29,-12522,1,1,1
29,-12518,1,1,1
29,-12514,0,1,1
29,-12510,0,1,1
29,-12506,1,1,1
29,-12502,1,1,1
29,-12498,0,1,1
29,-12494,0,1,1
29,-12490,1,1,1
29,-12486,1,1,1
29,-12482,0,1,1
29,-12478,0,1,1
29,-12474,1,1,1
29,-12466,0,1,1
29,-12462,0,1,1
29,-12458,1,1,1
29,-12454,1,1,1
29,-12450,0,1,1
29,-12446,0,1,1
29,-12442,1,1,1
29,-12438,1,1,1
29,-12434,0,1,1
29,-12430,0,1,1
29,-12426,0,1,1
29,-12422,1,1,1
29,-12418,0,1,1
29,-12414,0,1,1
29,-12410,1,1,1
29,-12406,1,1,1
29,-12402,0,1,1
29,-12398,0,1,1
29,-12394,1,1,1
29,-12390,1,1,1
29,-12386,0,1,1
29,-12382,0,1,1
29,-12378,1,1,1
29,-12374,1,1,1
29,-12370,0,1,1
29,-12366,0,1,1
29,-12362,1,1,1
29,-12358,1,1,1
29,-12350,0,1,1
29,-12346,1,1,1
29,-12342,1,1,1
29,-12338,0,1,1
29,-12334,0,1,1
29,-12330,1,1,1
29,-12326,1,1,1
29,-12322,0,1,1
29,-12318,0,1,1
29,-12314,1,1,1
29,-12310,1,1,1
29,-12306,0,1,1
29,-12302,0,0,0
29,-12298,1,1,1
29,-12294,1,1,1
29,-12290,0,1,1
29,-12286,0,1,1
29,-12282,1,1,1
29,-12278,1,1,1
29,-12274,0,1,1
29,-12270,0,1,1
29,-12266,1,1,1
29,-12262,1,1,1
29,-12258,0,1,1
29,-12254,0,1,1
29,-12250,1,1,1
29,-12246,1,1,1
29,-12242,0,1,1
29,-12234,1,1,1
29,-12230,1,1,1
29,-12226,0,1,1
29,-12222,0,1,1
29,-12218,1,1,1
29,-12214,1,1,1
29,-12210,0,1,1
29,-12206,0,1,1
29,-12202,1,1,1
29,-12198,1,1,1
29,-12194,0,1,1
29,-12190,0,1,1
29,-12186,1,1,1
29,-12182,1,1,1
29,-12178,0,1,1
29,-12174,0,1,1
29,-12170,1,1,1
29,-12166,1,1,1
29,-12162,0,1,1
29,-12158,0,1,1
29,-12154,1,1,1
29,-12150,1,1,1
29,-12146,0,1,1
29,-12142,0,1,1
29,-12138,1,1,1
29,-12134,1,1,1
29,-12130,0,1,1
29,-12126,0,1,1
29,-12118,1,1,1
29,-12114,0,1,1
29,-12110,0,1,1
29,-12106,1,1,1
29,-12102,1,1,1
29,-12098,0,1,1
29,-12094,0,1,1
29,-12090,1,1,1
29,-12086,1,1,1
29,-12082,0,1,1
29,-12078,0,1,1
29,-12074,1,1,1
29,-12070,1,1,1
29,-12066,0,1,1
29,-12062,0,1,1
29,-12058,1,1,1
29,-12054,1,1,1
29,-12050,0,1,1
29,-12046,0,1,1
29,-12042,1,1,1
29,-12038,1,1,1
29,-12034,0,1,1
29,-12030,0,1,1
29,-12026,1,1,1
29,-12022,1,1,1
29,-12018,0,1,1
29,-12014,0,1,1
29,-12010,1,1,1
29,-12002,0,1,1
29,-11998,0,1,1
29,-11994,1,1,1
29,-11990,1,1,1
29,-11986,0,1,1
29,-11982,0,1,1
29,-11978,1,1,1
29,-11974,1,1,1
29,-11970,0,1,1
29,-11966,0,1,1
29,-11962,1,1,1
29,-11958,1,1,1
29,-11954,0,1,1
29,-11950,0,1,1
29,-11946,1,1,1
29,-11942,1,1,1
29,-11938,0,1,1
29,-11934,0,1,1
29,-11930,1,1,1
29,-11926,1,1,1
29,-11922,0,1,1
29,-11918,0,1,1
29,-11914,1,1,1
29,-11910,1,1,1
29,-11906,0,1,1
29,-11902,0,1,1
29,-11898,1,1,1
29,-11894,1,1,1
29,-11886,0,1,1
29,-11882,1,1,1
29,-11878,1,1,1
29,-11874,0,1,1
29,-11870,0,1,1
29,-11866,1,1,1
29,-11862,1,1,1
29,-11858,0,1,1
29,-11854,0,1,1
29,-11850,1,1,1
29,-11846,1,1,1
29,-11842,0,1,1
29,-11838,0,1,1
29,-11834,1,1,1
29,-11830,1,1,1
29,-11826,0,1,1
29,-11822,0,1,1
29,-11818,1,1,1
29,-11814,1,1,1
29,-11810,0,1,1
29,-11806,0,1,1
29,-11802,1,1,1
29,-11798,0,1,1
29,-11794,0,1,1
29,-11790,0,1,1
29,-11786,1,1,1
29,-11782,1,1,1
29,-11778,0,1,1
29,-11770,1,1,1
29,-11766,1,1,1
29,-11762,0,1,1
29,-11758,0,1,1
29,-11754,1,1,1
29,-11750,1,1,1
29,-11746,0,1,1
29,-11742,0,1,1
29,-11738,1,1,1
29,-11734,1,1,1
29,-11730,0,1,1
29,-11726,0,1,1
29,-11722,1,1,1
29,-11718,1,1,1
29,-11714,0,1,1
29,-11710,0,1,1
29,-11706,1,1,1
29,-11702,1,1,1
29,-11698,0,1,1
29,-11694,0,1,1
29,-11690,1,1,1
29,-11686,1,1,1
29,-11682,0,1,1
29,-11678,0,1,1
29,-11674,1,1,1
29,-11670,1,1,1
29,-11666,0,1,1
29,-11662,0,1,1
29,-11654,1,1,1
29,-11650,0,1,1
29,-11646,0,1,1
29,-11642,1,1,1
29,-11638,1,1,1
29,-11634,0,1,1
29,-11630,0,1,1
29,-11626,1,1,1
29,-11622,1,1,1
29,-11618,0,1,1
29,-11614,0,1,1
29,-11610,1,1,1
29,-11606,1,1,1
29,-11602,0,1,1
29,-11598,0,1,1
29,-11594,1,1,1
29,-11590,1,1,1
29,-11586,0,1,1
29,-11582,0,1,1
29,-11578,1,1,1
29,-11574,1,1,1
29,-11570,0,1,1
29,-11566,0,1,1
29,-11562,1,1,1
29,-11558,1,1,1
29,-11554,0,1,1
29,-11550,0,1,1
29,-11546,1,1,1
29,-11538,0,1,1
29,-11534,0,1,1
29,-11530,1,1,1
29,-11526,1,1,1
29,-11522,0,1,1
29,-11518,0,1,1
29,-11514,1,1,1
29,-11510,1,1,1
29,-11506,0,0,0
29,-11502,0,1,1
29,-11498,1,1,1
29,-11494,1,1,1
29,-11490,0,1,1
29,-11486,0,1,1
29,-11482,1,1,1
29,-11478,1,1,1
29,-11474,0,1,1
29,-11470,0,1,1
29,-11466,1,1,1
29,-11462,1,1,1
29,-11458,0,1,1
29,-11454,0,1,1
29,-11450,1,1,1
29,-11446,1,1,1
29,-11442,0,1,1
29,-11438,0,1,1
29,-11434,1,1,1
29,-11430,1,1,1
29,-11422,0,1,1
29,-11418,1,1,1
29,-11414,1,1,1
29,-11410,0,1,1
29,-11406,0,1,1
29,-11402,1,1,1
29,-11398,1,1,1
29,-11394,0,1,1
29,-11390,0,1,1
29,-11386,1,1,1
29,-11382,1,1,1
29,-11378,0,1,1
29,-11374,0,1,1
29,-11370,1,1,1
29,-11366,1,1,1
29,-11362,0,1,1
29,-11358,0,1,1
29,-11354,1,1,1
29,-11350,1,1,1
29,-11346,0,1,1
29,-11342,0,1,1
29,-11338,1,1,1
29,-11334,1,1,1
29,-11330,0,1,1
29,-11326,0,1,1
29,-11322,1,1,1
29,-11318,1,1,1
29,-11314,0,1,1
29,-11306,1,1,1
29,-11302,1,1,1
29,-11298,0,1,1
29,-11294,0,1,1
29,-11290,1,1,1
29,-11286,1,1,1
29,-11282,0,1,1
29,-11278,0,1,1
29,-11274,1,1,1
29,-11270,1,1,1
29,-11266,0,1,1
29,-11262,0,1,1
29,-11258,1,1,1
29,-11254,1,1,1
29,-11250,0,1,1
29,-11246,0,1,1
29,-11242,1,1,1
29,-11238,1,0,1
29,-11234,0,1,1
29,-11230,0,1,1
29,-11226,1,1,1
29,-11222,1,1,1
29,-11218,0,1,1
29,-11214,0,1,1
29,-11210,1,1,1
29,-11206,1,1,1
29,-11202,0,1,1
29,-11198,0,1,1
29,-11190,1,1,1
29,-11186,0,1,1
29,-11182,0,1,1
29,-11178,1,1,1
29,-11174,1,1,1
29,-11170,0,1,1
29,-11166,0,1,1
29,-11162,1,1,1
29,-11158,1,1,1
29,-11154,0,1,1
29,-11150,0,1,1
29,-11146,1,1,1
29,-11142,1,1,1
29,-11138,0,1,1
29,-11134,0,1,1
29,-11130,1,1,1
29,-11126,1,1,1
29,-11122,0,1,1
29,-11118,0,1,1
29,-11114,1,1,1
29,-11110,1,1,1
29,-11106,0,1,1
29,-11102,0,1,1
29,-11098,1,1,1
29,-11094,1,1,1
29,-11090,0,1,1
29,-11086,0,1,1
29,-11082,1,1,1
29,-11074,0,1,1
29,-11070,0,1,1
29,-11066,1,1,1
29,-11062,1,1,1
29,-11058,0,1,1
29,-11054,0,1,1
29,-11050,1,1,1
29,-11046,1,1,1
29,-11042,0,1,1
29,-11038,0,1,1
29,-11034,1,1,1
29,-11030,1,1,1
29,-11026,0,1,1
29,-11022,0,1,1
29,-11018,1,1,1
29,-11014,1,1,1
29,-11010,0,1,1
29,-11006,0,1,1
29,-11002,1,1,1
29,-10998,1,1,1
29,-10994,0,1,1
29,-10990,0,1,1
29,-10986,1,1,1
29,-10982,1,1,1
29,-10978,0,1,1
29,-10974,0,1,1
29,-10970,1,1,1
29,-10966,1,1,1
29,-10958,0,1,1
29,-10954,1,1,1
29,-10950,1,1,1
29,-10946,0,1,1
29,-10942,0,1,1
29,-10938,1,1,1
29,-10934,1,1,1
29,-10930,0,1,1
29,-10926,0,1,1
29,-10922,1,1,1
29,-10918,1,1,1
29,-10914,0,1,1
29,-10910,0,1,1
29,-10906,1,1,1
29,-10902,1,1,1
29,-10898,0,1,1
29,-10894,0,1,1
29,-10890,1,1,1
29,-10886,1,1,1
29,-10882,0,1,1
29,-10878,0,1,1
29,-10874,1,1,1
29,-10870,1,1,1
29,-10866,0,1,1
29,-10862,0,1,1
29,-10858,1,1,1
29,-10854,1,1,1
29,-10850,0,1,1
29,-10842,1,1,1
29,-10838,1,1,1
29,-10834,0,1,1
29,-10830,0,1,1
29,-10826,1,1,1
29,-10822,1,1,1
29,-10818,0,1,1
29,-10814,0,1,1
29,-10810,1,1,1
29,-10806,1,1,1
29,-10802,0,1,1
29,-10798,0,1,1
29,-10794,1,1,1
29,-10790,1,1,1
29,-10786,0,1,1
29,-10782,0,1,1
29,-10778,1,1,1
29,-10774,1,1,1
29,-10770,0,1,1
29,-10766,0,1,1
29,-10762,1,1,1
29,-10758,1,1,1
29,-10754,0,1,1
29,-10750,0,1,1
29,-10746,1,1,1
29,-10742,1,1,1
29,-10738,0,1,1
29,-10734,0,1,1
29,-10726,1,1,1
29,-10722,0,1,1
29,-10718,0,1,1
29,-10714,1,1,1
29,-10710,1,1,1
29,-10706,0,1,1
29,-10702,0,1,1
29,-10698,1,1,1
29,-10694,1,1,1
29,-10690,0,1,1
29,-10686,0,1,1
29,-10682,1,1,1
29,-10678,1,1,1
29,-10674,0,1,1
29,-10670,0,1,1
29,-10666,1,1,1
29,-10662,1,1,1
29,-10658,0,1,1
29,-10654,0,1,1
29,-10650,1,1,1
29,-10646,1,1,1
29,-10642,0,1,1
29,-10638,0,1,1
29,-10634,1,1,1
29,-10630,1,1,1
29,-10626,0,1,1
29,-10622,0,1,1
29,-10618,1,1,1
29,-10610,0,1,1
29,-10606,0,1,1
29,-10602,1,1,1
29,-10598,1,1,1
29,-10594,0,1,1
29,-10590,0,1,1
29,-10586,1,1,1
29,-10582,1,1,1
29,-10578,0,1,1
29,-10574,0,1,1
29,-10570,1,1,1
29,-10566,1,1,1
29,-10562,0,1,1
29,-10558,0,1,1
29,-10554,1,1,1
29,-10550,1,1,1
29,-10546,0,1,1
29,-10542,0,1,1
29,-10538,1,1,1
29,-10534,1,1,1
29,-10530,0,1,1
29,-10526,0,1,1
29,-10522,1,1,1
29,-10518,1,1,1
29,-10514,0,1,1
29,-10510,0,1,1
29,-10506,1,1,1
29,-10502,1,1,1
29,-10494,0,1,1
29,-10490,1,1,1
29,-10486,1,1,1
29,-10482,0,1,1
29,-10478,0,1,1
29,-10474,1,1,1
29,-10470,1,1,1
29,-10466,0,1,1
29,-10462,0,1,1
29,-10458,1,1,1
29,-10454,1,1,1
29,-10450,0,1,1
29,-10446,0,1,1
29,-10442,1,1,1
29,-10438,1,1,1
29,-10434,0,1,1
29,-10430,0,1,1
29,-10426,1,1,1
29,-10422,1,1,1
29,-10418,0,1,1
29,-10414,0,1,1
29,-10410,1,1,1
29,-10406,1,1,1
29,-10402,0,1,1
29,-10398,0,1,1
29,-10394,1,1,1
29,-10390,1,1,1
29,-10386,0,1,1
29,-10378,1,1,1
29,-10374,1,1,1
29,-10370,0,1,1
29,-10366,0,1,1
29,-10362,1,1,1
29,-10358,1,1,1
29,-10354,0,1,1
29,-10350,0,1,1
29,-10346,1,1,1
29,-10342,1,1,1
29,-10338,0,1,1
29,-10334,0,1,1
29,-10330,1,1,1
29,-10326,1,1,1
29,-10322,0,1,1
29,-10318,0,1,1
29,-10314,1,1,1
29,-10310,1,1,1
29,-10306,0,1,1
29,-10302,0,1,1
29,-10298,1,1,1
29,-10294,1,1,1
29,-10290,0,1,1
29,-10286,0,1,1
29,-10282,1,1,1
29,-10278,1,1,1
29,-10274,0,1,1
29,-10270,0,1,1
29,-10262,1,1,1
29,-10258,0,1,1
29,-10254,0,1,1
29,-10250,1,1,1
29,-10246,1,1,1
29,-10242,0,1,1
29,-10238,0,1,1
29,-10234,1,1,1
29,-10230,1,1,1
29,-10226,0,1,1
29,-10222,0,1,1
29,-10218,1,1,1
29,-10214,1,1,1
29,-10210,0,1,1
29,-10206,0,1,1
29,-10202,1,1,1
29,-10198,1,1,1
29,-10194,0,1,1
29,-10190,0,1,1
29,-10186,1,1,1
29,-10182,1,1,1
29,-10178,0,1,1
29,-10174,0,1,1
29,-10170,1,1,1
29,-10166,1,1,1
29,-10162,0,1,1
29,-10158,0,1,1
29,-10154,1,1,1
29,-10146,0,1,1
29,-10142,0,1,1
29,-10138,1,1,1
29,-10134,1,1,1
29,-10130,0,1,1
29,-10126,0,1,1
29,-10122,1,1,1
29,-10118,1,1,1
29,-10114,0,1,1
29,-10110,0,1,1
29,-10106,1,1,1
29,-10102,1,1,1
29,-10098,0,1,1
29,-10094,0,0,0
29,-10090,1,1,1
29,-10086,1,1,1
29,-10082,0,1,1
29,-10078,0,1,1
29,-10074,1,1,1
29,-10070,1,1,1
29,-10066,0,1,1
29,-10062,0,1,1
29,-10058,1,1,1
29,-10054,1,1,1
29,-10050,0,1,1
29,-10046,0,1,1
29,-10042,1,1,1
29,-10038,1,1,1
29,-10030,0,1,1
29,-10026,1,1,1
29,-10022,1,1,1
29,-10018,0,1,1
29,-10014,0,1,1
29,-10010,1,1,1
29,-10006,1,1,1
29,-10002,0,1,1
29,-9998,0,1,1
29,-9994,1,1,1
29,-9990,1,1,1
29,-9986,0,1,1
29,-9982,0,1,1
29,-9978,1,1,1
29,-9974,1,1,1
29,-9970,0,1,1
29,-9966,0,1,1
29,-9962,1,1,1
29,-9958,1,1,1
29,-9954,0,1,1
29,-9950,0,1,1
29,-9946,1,1,1
29,-9942,1,1,1
29,-9938,0,1,1
29,-9934,0,1,1
29,-9930,1,1,1
29,-9926,1,1,1
29,-9922,0,1,1
29,-9914,1,1,1
29,-9910,1,1,1
29,-9906,0,1,1
29,-9902,0,1,1
29,-9898,1,1,1
29,-9894,1,1,1
29,-9890,0,1,1
29,-9886,0,1,1
29,-9882,1,1,1
29,-9878,1,1,1
29,-9874,0,1,1
29,-9870,0,1,1
29,-9866,1,1,1
29,-9862,1,1,1
29,-9858,0,1,1
29,-9854,0,1,1
29,-9850,1,1,1
29,-9846,1,1,1
29,-9842,0,1,1
29,-9838,0,1,1
29,-9834,1,1,1
29,-9830,1,1,1
29,-9826,0,1,1
29,-9822,0,1,1
29,-9818,1,1,1
29,-9814,1,1,1
29,-9810,0,1,1
29,-9806,0,1,1
29,-9798,1,1,1
29,-9794,0,1,1
29,-9790,0,1,1
29,-9786,1,1,1
29,-9782,1,1,1
29,-9778,0,1,1
29,-9774,0,1,1
29,-9770,1,1,1
29,-9766,1,1,1
29,-9762,0,1,1
29,-9758,0,1,1
29,-9754,1,1,1
29,-9750,1,1,1
29,-9746,0,1,1
29,-9742,0,1,1
29,-9738,1,1,1
29,-9734,1,1,1
29,-9730,0,1,1
29,-9726,0,1,1
29,-9722,1,1,1
29,-9718,1,1,1
29,-9714,0,1,1
29,-9710,0,1,1
29,-9706,1,1,1
29,-9702,1,1,1
29,-9698,0,1,1
29,-9694,0,1,1
29,-9690,1,1,1
29,-9682,0,1,1
29,-9678,0,1,1
29,-9674,1,1,1
29,-9670,1,1,1
29,-9666,0,1,1
29,-9662,0,1,1
29,-9658,1,1,1
29,-9654,1,1,1
29,-9650,0,1,1
29,-9646,0,1,1
29,-9642,1,1,1
29,-9638,1,1,1
29,-9634,0,1,1
29,-9630,0,1,1
29,-9626,1,1,1
29,-9622,1,1,1
29,-9618,0,1,1
29,-9614,0,1,1
29,-9610,1,1,1
29,-9606,1,1,1
29,-9602,0,1,1
29,-9598,0,1,1
29,-9594,1,1,1
29,-9590,1,1,1
29,-9586,0,1,1
29,-9582,0,1,1
29,-9578,1,1,1
29,-9574,1,1,1
29,-9566,0,1,1
29,-9562,1,1,1
29,-9558,1,1,1
29,-9554,0,1,1
29,-9550,0,1,1
29,-9546,1,1,1
29,-9542,1,1,1
29,-9538,0,1,1
29,-9534,0,1,1
29,-9530,1,1,1
29,-9526,1,1,1
29,-9522,0,1,1
29,-9518,0,1,1
29,-9514,1,1,1
29,-9510,1,0,1
29,-9506,0,1,1
29,-9502,0,1,1
29,-9498,1,1,1
29,-9494,1,1,1
29,-9490,0,1,1
29,-9486,0,1,1
29,-9482,1,1,1
29,-9478,1,1,1
29,-9474,0,1,1
29,-9470,0,1,1
29,-9466,1,1,1
29,-9462,1,1,1
29,-9458,0,1,1
29,-9450,1,1,1
29,-9446,1,1,1
29,-9442,0,1,1
29,-9438,0,1,1
29,-9434,1,1,1
29,-9430,1,1,1
29,-9426,0,1,1
29,-9422,0,1,1
29,-9418,1,1,1
29,-9414,1,1,1
29,-9410,0,1,1
29,-9406,0,1,1
29,-9402,1,1,1
29,-9398,1,1,1
29,-9394,0,1,1
29,-9390,0,1,1
29,-9386,1,1,1
29,-9382,1,1,1
29,-9378,0,1,1
29,-9374,0,1,1
29,-9370,1,1,1
29,-9366,1,1,1
29,-9362,0,1,1
29,-9358,0,1,1
29,-9354,1,1,1
29,-9350,1,1,1
29,-9346,0,1,1
29,-9342,0,1,1
29,-9334,1,1,1
29,-9330,0,1,1
29,-9326,0,1,1
29,-9322,1,1,1
29,-9318,1,1,1
29,-9314,0,1,1
29,-9310,0,1,1
29,-9306,1,1,1
29,-9302,1,1,1
29,-9298,0,1,1
29,-9294,0,1,1
29,-9290,1,1,1
29,-9286,1,1,1
29,-9282,0,1,1
29,-9278,0,1,1
29,-9274,1,1,1
29,-9270,1,1,1
29,-9266,0,1,1
29,-9262,0,1,1
29,-9258,1,1,1
29,-9254,1,1,1
29,-9250,0,1,1
29,-9246,0,0,0
29,-9242,1,1,1
29,-9238,1,1,1
29,-9234,0,1,1
29,-9230,0,1,1
29,-9226,1,1,1
29,-9218,0,1,1
29,-9214,0,1,1
29,-9210,1,1,1
29,-9206,1,1,1
29,-9202,0,1,1
29,-9198,0,1,1
29,-9194,1,1,1
29,-9190,1,1,1
29,-9186,0,1,1
29,-9182,0,1,1
29,-9178,1,1,1
29,-9174,1,1,1
29,-9170,0,1,1
29,-9166,0,1,1
29,-9162,1,1,1
29,-9158,1,1,1
29,-9154,0,1,1
29,-9150,0,1,1
29,-9146,1,1,1
29,-9142,1,1,1
29,-9138,0,1,1
29,-9134,0,1,1
29,-9130,1,1,1
29,-9126,1,1,1
29,-9122,0,1,1
29,-9118,0,1,1
29,-9114,1,1,1
29,-9110,1,1,1
29,-9102,0,1,1
29,-9098,1,1,1
29,-9094,1,1,1
29,-9090,0,1,1
29,-9086,0,1,1
29,-9082,1,1,1
29,-9078,1,1,1
29,-9074,0,1,1
29,-9070,0,1,1
29,-9066,1,1,1
29,-9062,1,1,1
29,-9058,0,1,1
29,-9054,0,1,1
29,-9050,1,1,1
29,-9046,1,1,1
29,-9042,0,1,1
29,-9038,0,1,1
29,-9034,1,1,1
29,-9030,1,1,1
29,-9026,0,1,1
29,-9022,0,1,1
29,-9018,1,1,1
29,-9014,1,1,1
29,-9010,0,1,1
29,-9006,0,1,1
29,-9002,1,1,1
29,-8998,1,1,1
29,-8994,0,1,1
29,-8986,1,1,1
29,-8982,1,1,1
29,-8978,0,1,1
29,-8974,0,1,1
29,-8970,1,1,1
29,-8966,1,1,1
29,-8962,0,1,1
29,-8958,0,1,1
29,-8954,1,1,1
29,-8950,1,1,1
29,-8946,0,1,1
29,-8942,0,1,1
29,-8938,1,1,1
29,-8934,1,1,1
29,-8930,0,1,1
29,-8926,0,1,1
29,-8922,1,1,1
29,-8918,1,1,1
29,-8914,0,1,1
29,-8910,0,1,1
29,-8906,1,1,1
29,-8902,1,1,1
29,-8898,0,1,1
29,-8894,0,1,1
29,-8890,1,1,1
29,-8886,1,1,1
29,-8882,0,1,1
29,-8878,0,1,1
29,-8870,1,1,1
29,-8866,0,1,1
29,-8862,0,1,1
29,-8858,1,1,1
29,-8854,1,1,1
29,-8850,0,1,1
29,-8846,0,1,1
29,-8842,1,1,1
29,-8838,1,1,1
29,-8834,0,1,1
29,-8830,0,1,1
29,-8826,1,1,1
29,-8822,1,1,1
29,-8818,0,1,1
29,-8814,0,1,1
29,-8810,1,1,1
29,-8806,1,1,1
29,-8802,0,1,1
29,-8798,0,1,1
29,-8794,1,1,1
29,-8790,1,1,1
29,-8786,0,1,1
29,-8782,0,1,1
29,-8778,1,1,1
29,-8774,1,1,1
29,-8770,0,1,1
29,-8766,0,1,1
29,-8762,1,1,1
29,-8754,0,1,1
29,-8750,0,1,1
29,-8746,1,1,1
29,-8742,1,1,1
29,-8738,0,1,1
29,-8734,0,1,1
29,-8730,1,1,1
29,-8726,1,1,1
29,-8722,0,1,1
29,-8718,0,1,1
29,-8714,1,1,1
29,-8710,1,1,1
29,-8706,0,1,1
29,-8702,0,1,1
29,-8698,1,1,1
29,-8694,1,1,1
29,-8690,0,1,1
29,-8686,0,1,1
29,-8682,1,1,1
29,-8678,1,1,1
29,-8674,0,1,1
29,-8670,0,1,1
29,-8666,1,1,1
29,-8662,1,1,1
29,-8658,0,1,1
29,-8654,0,1,1
29,-8650,1,1,1
29,-8646,1,1,1
29,-8638,0,1,1
29,-8634,1,1,1
29,-8630,1,1,1
29,-8626,0,1,1
29,-8622,0,1,1
29,-8618,1,1,1
29,-8614,1,1,1
29,-8610,0,1,1
29,-8606,0,1,1
29,-8602,1,1,1
29,-8598,1,1,1
29,-8594,0,1,1
29,-8590,0,1,1
29,-8586,1,1,1
29,-8582,1,1,1
29,-8578,0,1,1
29,-8574,0,1,1
29,-8570,1,1,1
29,-8566,1,1,1
29,-8562,0,1,1
29,-8558,0,1,1
29,-8554,1,1,1
29,-8550,1,1,1
29,-8546,0,1,1
29,-8542,0,1,1
29,-8538,1,1,1
29,-8534,1,1,1
29,-8530,0,1,1
29,-8522,1,1,1
29,-8518,1,1,1
29,-8514,0,1,1
29,-8510,0,1,1
29,-8506,1,1,1
29,-8502,1,0,1
29,-8498,0,1,1
29,-8494,0,1,1
29,-8490,1,1,1
29,-8486,1,1,1
29,-8482,0,1,1
29,-8478,0,1,1
29,-8474,1,1,1
29,-8470,1,1,1
29,-8466,0,1,1
29,-8462,0,1,1
29,-8458,1,1,1
29,-8454,1,1,1
29,-8450,0,1,1
29,-8446,0,1,1
29,-8442,1,1,1
29,-8438,1,1,1
29,-8434,0,1,1
29,-8430,0,1,1
29,-8426,1,1,1
29,-8422,1,1,1
29,-8418,0,1,1
29,-8414,0,1,1
29,-8406,1,1,1
29,-8402,0,1,1
29,-8398,0,1,1
29,-8394,1,1,1
29,-8390,1,1,1
29,-8386,0,1,1
29,-8382,0,1,1
29,-8378,1,1,1
29,-8374,1,1,1
29,-8370,0,1,1
29,-8366,0,1,1
29,-8362,1,1,1
29,-8358,1,1,1
29,-8354,0,1,1
29,-8350,0,1,1
29,-8346,1,1,1
29,-8342,1,1,1
29,-8338,0,1,1
29,-8334,0,1,1
29,-8330,1,1,1
29,-8326,1,1,1
29,-8322,0,1,1
29,-8318,0,1,1
29,-8314,1,1,1
29,-8310,1,1,1
29,-8306,0,1,1
29,-8302,0,1,1
29,-8298,1,1,1
29,-8290,0,1,1
29,-8286,0,1,1
29,-8282,1,1,1
29,-8278,1,1,1
29,-8274,0,1,1
29,-8270,0,1,1
29,-8266,1,1,1
29,-8262,1,1,1
29,-8258,0,1,1
29,-8254,0,1,1
29,-8250,1,1,1
29,-8246,1,1,1
29,-8242,0,1,1
29,-8238,0,1,1
29,-8234,1,1,1
29,-8230,1,1,1
29,-8226,0,1,1
29,-8222,0,1,1
29,-8218,1,1,1
29,-8214,1,1,1
29,-8210,0,1,1
29,-8206,0,1,1
29,-8202,1,1,1
29,-8198,1,1,1
29,-8194,0,1,1
29,-8190,0,1,1
29,-8186,1,1,1
29,-8182,1,1,1
29,-8174,0,1,1
29,-8170,1,1,1
29,-8166,1,1,1
29,-8162,0,1,1
29,-8158,0,1,1
29,-8154,1,1,1
29,-8150,1,1,1
29,-8146,0,1,1
29,-8142,0,1,1
29,-8138,1,1,1
29,-8134,1,1,1
29,-8130,0,1,1
29,-8126,0,1,1
29,-8122,1,1,1
29,-8118,1,1,1
29,-8114,0,1,1
29,-8110,0,1,1
29,-8106,1,1,1
29,-8102,1,1,1
29,-8098,0,1,1
29,-8094,0,1,1
29,-8090,1,1,1
29,-8086,1,1,1
29,-8082,0,1,1
29,-8078,0,1,1
29,-8074,1,1,1
29,-8070,1,1,1
29,-8066,0,1,1
29,-8058,1,1,1
29,-8054,1,1,1
29,-8050,0,1,1
29,-8046,0,1,1
29,-8042,1,1,1
29,-8038,1,1,1
29,-8034,0,1,1
29,-8030,0,1,1
29,-8026,1,1,1
29,-8022,1,1,1
29,-8018,0,1,1
29,-8014,0,1,1
29,-8010,1,1,1
29,-8006,1,1,1
29,-8002,0,1,1
29,-7998,0,1,1
29,-7994,1,1,1
29,-7990,1,1,1
29,-7986,0,1,1
29,-7982,0,1,1
29,-7978,1,1,1
29,-7974,1,1,1
29,-7970,0,1,1
29,-7966,0,1,1
29,-7962,1,1,1
29,-7958,1,1,1
29,-7954,0,1,1
29,-7950,0,1,1
29,-7942,1,1,1
29,-7938,0,1,1
29,-7934,0,1,1
29,-7930,1,1,1
29,-7926,1,1,1
29,-7922,0,1,1
29,-7918,0,1,1
29,-7914,1,1,1
29,-7910,1,1,1
29,-7906,0,1,1
29,-7902,0,1,1
29,-7898,1,1,1
29,-7894,1,1,1
29,-7890,0,1,1
29,-7886,0,1,1
29,-7882,1,1,1
29,-7878,1,1,1
29,-7874,0,1,1
29,-7870,0,1,1
29,-7866,1,1,1
29,-7862,1,1,1
29,-7858,0,1,1
29,-7854,0,1,1
29,-7850,1,1,1
29,-7846,1,1,1
29,-7842,0,1,1
29,-7838,0,1,1
29,-7834,1,1,1
29,-7826,0,1,1
29,-7822,0,1,1
29,-7818,1,1,1
29,-7814,1,1,1
29,-7810,0,1,1
29,-7806,0,1,1
29,-7802,1,1,1
29,-7798,1,1,1
29,-7794,0,1,1
29,-7790,0,1,1
29,-7786,1,1,1
29,-7782,1,1,1
29,-7778,0,1,1
29,-7774,0,1,1
29,-7770,1,1,1
29,-7766,1,1,1
29,-7762,0,1,1
29,-7758,0,1,1
29,-7754,1,1,1
29,-7750,1,1,1
29,-7746,0,1,1
29,-7742,0,1,1
29,-7738,1,1,1
29,-7734,1,1,1
29,-7730,0,1,1
29,-7726,0,1,1
29,-7722,1,1,1
29,-7718,1,1,1
29,-7710,0,1,1
29,-7706,1,1,1
29,-7702,1,1,1
29,-7698,0,1,1
29,-7694,0,1,1
29,-7690,1,1,1
29,-7686,1,1,1
29,-7682,0,1,1
29,-7678,0,1,1
29,-7674,1,1,1
29,-7670,1,1,1
29,-7666,0,1,1
29,-7662,0,1,1
29,-7658,1,1,1
29,-7654,1,1,1
29,-7650,0,1,1
29,-7646,0,1,1
29,-7642,1,1,1
29,-7638,1,1,1
29,-7634,0,1,1
29,-7630,0,1,1
29,-7626,1,1,1
29,-7622,1,1,1
29,-7618,0,1,1
29,-7614,0,1,1
29,-7610,1,1,1
29,-7606,1,1,1
29,-7602,0,1,1
29,-7594,1,1,1
29,-7590,1,1,1
29,-7586,0,1,1
29,-7582,0,1,1
29,-7578,1,1,1
29,-7574,1,1,1
29,-7570,0,1,1
29,-7566,0,1,1
29,-7562,1,1,1
29,-7558,1,1,1
29,-7554,0,1,1
29,-7550,0,1,1
29,-7546,1,1,1
29,-7542,1,1,1
29,-7538,0,1,1
29,-7534,0,1,1
29,-7530,1,1,1
29,-7526,1,1,1
29,-7522,0,1,1
29,-7518,0,1,1
29,-7514,1,1,1
29,-7510,1,1,1
29,-7506,0,1,1
29,-7502,0,1,1
29,-7498,1,1,1
29,-7494,1,1,1
29,-7490,0,1,1
29,-7486,0,1,1
29,-7478,1,1,1
29,-7474,0,1,1
29,-7470,0,1,1
29,-7466,1,1,1
29,-7462,1,1,1
29,-7458,0,1,1
29,-7454,0,1,1
29,-7450,1,1,1
29,-7446,1,1,1
29,-7442,0,1,1
29,-7438,0,1,1
29,-7434,1,1,1
29,-7430,1,1,1
29,-7426,0,1,1
29,-7422,0,1,1
29,-7418,1,1,1
29,-7414,1,1,1
29,-7410,0,1,1
29,-7406,0,1,1
29,-7402,1,1,1
29,-7398,1,1,1
29,-7394,0,1,1
29,-7390,0,1,1
29,-7386,1,1,1
29,-7382,1,1,1
29,-7378,0,1,1
29,-7374,0,1,1
29,-7370,1,1,1
29,-7362,0,1,1
29,-7358,0,1,1
29,-7354,1,1,1
29,-7350,1,1,1
29,-7346,0,1,1
29,-7342,0,1,1
29,-7338,1,1,1
29,-7334,1,1,1
29,-7330,0,1,1
29,-7326,0,1,1
29,-7322,1,1,1
29,-7318,1,1,1
29,-7314,0,1,1
29,-7310,0,1,1
29,-7306,1,1,1
29,-7302,1,1,1
29,-7298,0,1,1
29,-7294,0,1,1
29,-7290,1,1,1
29,-7286,1,1,1
29,-7282,0,1,1
29,-7278,0,1,1
29,-7274,1,1,1
29,-7270,1,1,1
29,-7266,0,1,1
29,-7262,0,1,1
29,-7258,1,1,1
29,-7254,1,1,1
29,-7246,0,1,1
29,-7242,1,1,1
29,-7238,1,1,1
29,-7234,0,1,1
29,-7230,0,1,1
29,-7226,1,1,1
29,-7222,1,1,1
29,-7218,0,1,1
29,-7214,0,1,1
29,-7210,1,1,1
29,-7206,1,1,1
29,-7202,0,1,1
29,-7198,0,1,1
29,-7194,1,1,1
29,-7190,1,1,1
29,-7186,0,1,1
29,-7182,0,1,1
29,-7178,1,1,1
29,-7174,1,1,1
29,-7170,0,1,1
29,-7166,0,1,1
29,-7162,1,1,1
29,-7158,1,1,1
29,-7154,0,1,1
29,-7150,0,1,1
29,-7146,1,1,1
29,-7142,1,1,1
29,-7138,0,1,1
29,-7130,1,1,1
29,-7126,1,1,1
29,-7122,0,1,1
29,-7118,0,1,1
29,-7114,1,1,1
29,-7110,1,1,1
29,-7106,0,1,1
29,-7102,0,1,1
29,-7098,1,1,1
29,-7094,1,1,1
29,-7090,0,1,1
29,-7086,0,1,1
29,-7082,1,1,1
29,-7078,1,1,1
29,-7074,0,1,1
29,-7070,0,1,1
29,-7066,1,1,1
29,-7062,1,1,1
29,-7058,0,1,1
29,-7054,0,1,1
29,-7050,1,1,1
29,-7046,1,1,1
29,-7042,0,1,1
29,-7038,0,1,1
29,-7034,1,1,1
29,-7030,1,1,1
29,-7026,0,1,1
29,-7022,0,1,1
29,-7014,1,1,1
29,-7010,0,1,1
29,-7006,0,1,1
29,-7002,1,1,1
29,-6998,1,1,1
29,-6994,0,1,1
29,-6990,0,1,1
29,-6986,1,1,1
29,-6982,1,1,1
29,-6978,0,1,1
29,-6974,0,1,1
29,-6970,1,1,1
29,-6966,1,1,1
29,-6962,0,1,1
29,-6958,0,1,1
29,-6954,1,1,1
29,-6950,1,1,1
29,-6946,0,1,1
29,-6942,0,1,1
29,-6938,1,1,1
29,-6934,1,1,1
29,-6930,0,1,1
29,-6926,0,1,1
29,-6922,1,1,1
29,-6918,1,1,1
29,-6914,0,1,1
29,-6910,0,1,1
29,-6906,1,1,1
29,-6898,0,1,1
29,-6894,0,1,1
29,-6890,1,1,1
29,-6886,1,1,1
29,-6882,0,1,1
29,-6878,0,1,1
29,-6874,1,1,1
29,-6870,1,1,1
29,-6866,0,1,1
29,-6862,0,1,1
29,-6858,1,1,1
29,-6854,1,1,1
29,-6850,0,1,1
29,-6846,0,1,1
29,-6842,1,1,1
29,-6838,1,1,1
29,-6834,0,1,1
29,-6830,0,1,1
29,-6826,1,1,1
29,-6822,1,1,1
29,-6818,0,1,1
29,-6814,0,1,1
29,-6810,1,1,1
29,-6806,1,1,1
29,-6802,0,1,1
29,-6798,0,1,1
29,-6794,1,1,1
29,-6790,1,1,1
29,-6782,0,1,1
29,-6778,1,1,1
29,-6774,1,1,1
29,-6770,0,1,1
29,-6766,0,1,1
29,-6762,1,1,1
29,-6758,1,1,1
29,-6754,0,1,1
29,-6750,0,1,1
29,-6746,1,1,1
29,-6742,1,1,1
29,-6738,0,1,1
29,-6734,0,1,1
29,-6730,1,1,1
29,-6726,1,1,1
29,-6722,0,1,1
29,-6718,0,1,1
29,-6714,1,1,1
29,-6710,1,1,1
29,-6706,0,1,1
29,-6702,0,1,1
29,-6698,1,1,1
29,-6694,1,1,1
29,-6690,0,1,1
29,-6686,0,1,1
29,-6682,1,1,1
29,-6678,1,1,1
29,-6674,0,1,1
29,-6666,1,1,1
29,-6662,1,1,1
29,-6658,0,1,1
29,-6654,0,1,1
29,-6650,1,1,1
29,-6646,1,0,1
29,-6642,0,1,1
29,-6638,0,1,1
29,-6634,1,1,1
29,-6630,1,1,1
29,-6626,0,1,1
29,-6622,0,1,1
29,-6618,1,1,1
29,-6614,1,1,1
29,-6610,0,1,1
29,-6606,0,1,1
29,-6602,1,1,1
29,-6598,1,1,1
29,-6594,0,1,1
29,-6590,0,1,1
29,-6586,1,1,1
29,-6582,1,1,1
29,-6578,0,1,1
29,-6574,0,1,1
29,-6570,1,1,1
29,-6566,1,1,1
29,-6562,0,1,1
29,-6558,0,1,1
29,-6550,1,1,1
29,-6546,0,1,1
29,-6542,0,1,1
29,-6538,1,1,1
29,-6534,1,1,1
29,-6530,0,1,1
29,-6526,0,1,1
29,-6522,1,1,1
29,-6518,1,1,1
29,-6514,0,1,1
29,-6510,0,1,1
29,-6506,1,1,1
29,-6502,1,1,1
29,-6498,0,1,1
29,-6494,0,1,1
29,-6490,1,1,1
29,-6486,1,1,1
29,-6482,0,1,1
29,-6478,0,1,1
29,-6474,1,1,1
29,-6470,1,1,1
29,-6466,0,1,1
29,-6462,0,1,1
29,-6458,1,1,1
29,-6454,1,1,1
29,-6450,0,1,1
29,-6446,0,1,1
29,-6442,1,1,1
29,-6434,0,1,1
29,-6430,0,1,1
29,-6426,1,1,1
29,-6422,1,1,1
29,-6418,0,1,1
29,-6414,0,1,1
29,-6410,1,1,1
29,-6406,1,1,1
29,-6402,0,1,1
29,-6398,0,1,1
29,-6394,1,1,1
29,-6390,1,1,1
29,-6386,0,1,1
29,-6382,0,1,1
29,-6378,1,1,1
29,-6374,1,1,1
29,-6370,0,1,1
29,-6366,0,1,1
29,-6362,1,1,1
29,-6358,1,1,1
29,-6354,0,1,1
29,-6350,0,1,1
29,-6346,1,1,1
29,-6342,1,1,1
29,-6338,0,1,1
29,-6334,0,1,1
29,-6330,1,1,1
29,-6326,1,1,1
29,-6318,0,1,1
29,-6314,1,1,1
29,-6310,1,1,1
29,-6306,0,1,1
29,-6302,0,1,1
29,-6298,1,1,1
29,-6294,1,1,1
29,-6290,0,1,1
29,-6286,0,1,1
29,-6282,0,1,1
29,-6278,1,1,1
29,-6274,0,1,1
29,-6270,0,1,1
29,-6266,1,1,1
29,-6262,1,1,1
29,-6258,0,1,1
29,-6254,0,1,1
29,-6250,1,1,1
29,-6246,1,1,1
29,-6242,0,1,1
29,-6238,0,1,1
29,-6234,1,1,1
29,-6230,1,1,1
29,-6226,0,1,1
29,-6222,0,1,1
29,-6218,1,1,1
29,-6214,1,1,1
29,-6210,0,1,1
29,-6202,1,1,1
29,-6198,1,1,1
29,-6194,0,1,1
29,-6190,0,1,1
29,-6186,1,1,1
29,-6182,1,1,1
29,-6178,0,1,1
29,-6174,0,1,1
29,-6170,1,1,1
29,-6166,1,1,1
29,-6162,0,1,1
29,-6158,0,1,1
29,-6154,1,1,1
29,-6150,1,1,1
29,-6146,0,1,1
29,-6142,0,1,1
29,-6138,1,1,1
29,-6134,1,1,1
29,-6130,0,1,1
29,-6126,0,1,1
29,-6122,1,1,1
29,-6118,1,1,1
29,-6114,0,1,1
29,-6110,0,1,1
29,-6106,1,1,1
29,-6102,1,1,1
29,-6098,0,1,1
29,-6094,0,1,1
29,-6086,1,1,1
29,-6082,0,1,1
29,-6078,0,1,1
29,-6074,1,1,1
29,-6070,1,1,1
29,-6066,0,1,1
29,-6062,0,1,1
29,-6058,1,1,1
29,-6054,1,1,1
29,-6050,0,1,1
29,-6046,0,1,1
29,-6042,1,1,1
29,-6038,1,1,1
29,-6034,0,1,1
29,-6030,0,1,1
29,-6026,1,1,1
29,-6022,1,1,1
29,-6018,0,1,1
29,-6014,0,1,1
29,-6010,1,1,1
29,-6006,1,1,1
29,-6002,0,1,1
29,-5998,0,1,1
29,-5994,1,1,1
29,-5990,1,1,1
29,-5986,0,1,1
29,-5982,0,1,1
29,-5978,1,1,1
29,-5970,0,1,1
29,-5966,0,1,1
29,-5962,1,1,1
29,-5958,1,1,1
29,-5954,0,1,1
29,-5950,0,1,1
29,-5946,1,1,1
29,-5942,1,1,1
29,-5938,0,1,1
29,-5934,0,1,1
29,-5930,1,1,1
29,-5926,1,1,1
29,-5922,0,1,1
29,-5918,0,1,1
29,-5914,1,1,1
29,-5910,1,1,1
29,-5906,0,1,1
29,-5902,0,1,1
29,-5898,1,1,1
29,-5894,1,1,1
29,-5890,0,1,1
29,-5886,0,1,1
29,-5882,1,1,1
29,-5878,1,1,1
29,-5874,0,1,1
29,-5870,0,1,1
29,-5866,1,1,1
29,-5862,1,1,1
29,-5854,0,1,1
29,-5850,1,1,1
29,-5846,1,1,1
29,-5842,0,1,1
29,-5838,0,1,1
29,-5834,1,1,1
29,-5830,1,1,1
29,-5826,0,1,1
29,-5822,0,1,1
29,-5818,1,1,1
29,-5814,1,1,1
29,-5810,0,1,1
29,-5806,0,1,1
29,-5802,1,1,1
29,-5798,1,1,1
29,-5794,0,1,1
29,-5790,0,1,1
29,-5786,1,1,1
29,-5782,1,1,1
29,-5778,0,1,1
29,-5774,0,1,1
29,-5770,1,1,1
29,-5766,1,1,1
29,-5762,0,1,1
29,-5758,0,1,1
29,-5754,1,1,1
29,-5750,1,1,1
29,-5746,0,1,1
29,-5738,1,1,1
29,-5734,1,1,1
29,-5730,0,1,1
29,-5726,0,1,1
29,-5722,1,1,1
29,-5718,1,1,1
29,-5714,0,1,1
29,-5710,0,1,1
29,-5706,1,1,1
29,-5702,1,1,1
29,-5698,0,1,1
29,-5694,0,1,1
29,-5690,1,1,1
29,-5686,1,1,1
29,-5682,0,1,1
29,-5678,0,1,1
29,-5674,1,1,1
29,-5670,1,1,1
29,-5666,0,1,1
29,-5662,0,1,1
29,-5658,1,1,1
29,-5654,1,1,1
29,-5650,0,1,1
29,-5646,0,1,1
29,-5642,1,1,1
29,-5638,1,1,1
29,-5634,0,1,1
29,-5630,0,1,1
29,-5622,1,1,1
29,-5618,0,1,1
29,-5614,0,1,1
29,-5610,1,1,1
29,-5606,1,1,1
29,-5602,0,1,1
29,-5598,0,1,1
29,-5594,1,1,1
29,-5590,1,1,1
29,-5586,0,1,1
29,-5582,0,1,1
29,-5578,1,1,1
29,-5574,1,1,1
29,-5570,0,1,1
29,-5566,0,1,1
29,-5562,1,1,1
29,-5558,1,1,1
29,-5554,0,1,1
29,-5550,0,1,1
29,-5546,1,1,1
29,-5542,1,1,1
29,-5538,0,1,1
29,-5534,0,1,1
29,-5530,1,1,1
29,-5526,1,1,1
29,-5522,0,1,1
29,-5518,0,1,1
29,-5514,1,1,1
29,-5506,0,1,1
29,-5502,0,1,1
29,-5498,1,1,1
29,-5494,1,1,1
29,-5490,0,1,1
29,-5486,0,1,1
29,-5482,1,1,1
29,-5478,1,0,1
29,-5474,0,1,1
29,-5470,0,1,1
29,-5466,1,1,1
29,-5462,1,1,1
29,-5458,0,1,1
29,-5454,0,1,1
29,-5450,1,1,1
29,-5446,1,1,1
29,-5442,0,1,1
29,-5438,0,1,1
29,-5434,1,1,1
29,-5430,1,1,1
29,-5426,0,1,1
29,-5422,0,1,1
29,-5418,1,1,1
29,-5414,1,1,1
29,-5410,0,1,1
29,-5406,0,1,1
29,-5402,1,1,1
29,-5398,1,1,1
29,-5390,0,1,1
29,-5386,1,1,1
29,-5382,1,1,1
29,-5378,0,1,1
29,-5374,0,1,1
29,-5370,1,1,1
29,-5366,1,1,1
29,-5362,0,1,1
29,-5358,0,1,1
29,-5354,1,1,1
29,-5350,1,1,1
29,-5346,0,1,1
29,-5342,0,1,1
29,-5338,1,1,1
29,-5334,1,1,1
29,-5330,0,1,1
29,-5326,0,1,1
29,-5322,1,1,1
29,-5318,1,1,1
29,-5314,0,1,1
29,-5310,0,1,1
29,-5306,1,1,1
29,-5302,1,1,1
29,-5298,0,1,1
29,-5294,0,1,1
29,-5290,1,1,1
29,-5286,1,1,1
29,-5282,0,1,1
29,-5274,1,1,1
29,-5270,1,1,1
29,-5266,0,1,1
29,-5262,0,1,1
29,-5258,1,1,1
29,-5254,1,1,1
29,-5250,0,1,1
29,-5246,0,1,1
29,-5242,1,1,1
29,-5238,1,1,1
29,-5234,0,1,1
29,-5230,0,1,1
29,-5226,1,1,1
29,-5222,1,1,1
29,-5218,0,1,1
29,-5214,0,1,1
29,-5210,1,1,1
29,-5206,1,1,1
29,-5202,0,1,1
29,-5198,0,1,1
29,-5194,1,1,1
29,-5190,1,1,1
29,-5186,0,1,1
29,-5182,0,1,1
29,-5178,1,1,1
29,-5174,1,1,1
29,-5170,0,1,1
29,-5166,0,1,1
29,-5158,1,1,1
29,-5154,0,1,1
29,-5150,0,1,1
29,-5146,1,1,1
29,-5142,1,1,1
29,-5138,0,1,1
29,-5134,0,1,1
29,-5130,1,1,1
29,-5126,1,1,1
29,-5122,0,1,1
29,-5118,0,1,1
29,-5114,1,1,1
29,-5110,1,1,1
29,-5106,0,1,1
29,-5102,0,1,1
29,-5098,1,1,1
29,-5094,1,1,1
29,-5090,0,1,1
29,-5086,0,1,1
29,-5082,1,1,1
29,-5078,1,1,1
29,-5074,0,1,1
29,-5070,0,1,1
29,-5066,1,1,1
29,-5062,1,1,1
29,-5058,0,1,1
29,-5054,0,1,1
29,-5050,1,1,1
29,-5042,0,1,1
29,-5038,0,1,1
29,-5034,1,1,1
29,-5030,1,1,1
29,-5026,0,1,1
29,-5022,0,1,1
29,-5018,1,1,1
29,-5014,1,1,1
29,-5010,0,1,1
29,-5006,0,1,1
29,-5002,1,1,1
29,-4998,1,1,1
29,-4994,0,0,0
29,-4990,0,1,1
29,-4986,1,1,1
29,-4982,1,1,1
29,-4978,0,1,1
29,-4974,0,1,1
29,-4970,1,1,1
29,-4966,1,1,1
29,-4962,0,1,1
29,-4958,0,1,1
29,-4954,1,1,1
29,-4950,1,1,1
29,-4946,0,1,1
29,-4942,0,1,1
29,-4938,1,1,1
29,-4934,1,1,1
29,-4926,0,1,1
29,-4922,1,1,1
29,-4918,1,1,1
29,-4914,0,1,1
29,-4910,0,1,1
29,-4906,1,1,1
29,-4902,1,1,1
29,-4898,0,1,1
29,-4894,0,1,1
29,-4890,1,1,1
29,-4886,1,1,1
29,-4882,0,1,1
29,-4878,0,1,1
29,-4874,1,1,1
29,-4870,1,1,1
29,-4866,0,1,1
29,-4862,0,1,1
29,-4858,1,1,1
29,-4854,1,1,1
29,-4850,0,1,1
29,-4846,0,1,1
29,-4842,1,1,1
29,-4838,1,1,1
29,-4834,0,1,1
29,-4830,0,1,1
29,-4826,1,1,1
29,-4822,1,1,1
29,-4818,0,1,1
29,-4810,1,1,1
29,-4806,1,1,1
29,-4802,0,1,1
29,-4798,0,1,1
29,-4794,1,1,1
29,-4790,1,1,1
29,-4786,0,1,1
29,-4782,0,1,1
29,-4778,1,1,1
29,-4774,1,1,1
29,-4770,0,1,1
29,-4766,0,1,1
29,-4762,1,1,1
29,-4758,1,1,1
29,-4754,0,1,1
29,-4750,0,1,1
29,-4746,1,1,1
29,-4742,1,1,1
29,-4738,0,1,1
29,-4734,0,1,1
29,-4730,1,1,1
29,-4726,1,1,1
29,-4722,0,1,1
29,-4718,0,1,1
29,-4714,1,1,1
29,-4710,1,1,1
29,-4706,0,1,1
29,-4702,0,1,1
29,-4694,1,1,1
29,-4690,0,1,1
29,-4686,0,1,1
29,-4682,1,1,1
29,-4678,1,1,1
29,-4674,0,1,1
29,-4670,0,1,1
29,-4666,1,1,1
29,-4662,1,1,1
29,-4658,0,1,1
29,-4654,0,1,1
29,-4650,1,1,1
29,-4646,1,1,1
29,-4642,0,1,1
29,-4638,0,1,1
29,-4634,1,1,1
29,-4630,1,1,1
29,-4626,0,1,1
29,-4622,0,1,1
29,-4618,1,1,1
29,-4614,1,1,1
29,-4610,0,1,1
29,-4606,0,1,1
29,-4602,1,1,1
29,-4598,1,1,1
29,-4594,0,1,1
29,-4590,0,1,1
29,-4586,1,1,1
29,-4578,0,1,1
29,-4574,0,1,1
29,-4570,1,1,1
29,-4566,1,0,1
29,-4562,0,1,1
29,-4558,0,1,1
29,-4554,1,0,1
29,-4550,1,1,1
29,-4546,0,1,1
29,-4542,0,1,1
29,-4538,1,1,1
29,-4534,1,1,1
29,-4530,0,1,1
29,-4526,0,1,1
29,-4522,1,1,1
29,-4518,1,1,1
29,-4514,0,1,1
29,-4510,0,1,1
29,-4506,1,1,1
29,-4502,1,1,1
29,-4498,0,1,1
29,-4494,0,1,1
29,-4490,1,1,1
29,-4486,1,1,1
29,-4482,0,1,1
29,-4478,0,1,1
29,-4474,1,1,1
29,-4470,1,1,1
29,-4462,0,1,1
29,-4458,1,1,1
29,-4454,1,1,1
29,-4450,0,1,1
29,-4446,0,1,1
29,-4442,1,1,1
29,-4438,1,1,1
29,-4434,0,1,1
29,-4430,0,1,1
29,-4426,1,1,1
29,-4422,1,1,1
29,-4418,0,1,1
29,-4414,0,1,1
29,-4410,1,1,1
29,-4406,1,1,1
29,-4402,0,1,1
29,-4398,0,1,1
29,-4394,1,1,1
29,-4390,1,1,1
29,-4386,0,1,1
29,-4382,0,1,1
29,-4378,1,1,1
29,-4374,1,1,1
29,-4370,0,1,1
29,-4366,0,1,1
29,-4362,1,1,1
29,-4358,1,1,1
29,-4354,0,1,1
29,-4346,1,1,1
29,-4342,1,1,1
29,-4338,0,1,1
29,-4334,0,1,1
29,-4330,1,1,1
29,-4326,1,1,1
29,-4322,0,1,1
29,-4318,0,1,1
29,-4314,1,1,1
29,-4310,1,1,1
29,-4306,0,1,1
29,-4302,0,1,1
29,-4298,1,1,1
29,-4294,1,1,1
29,-4290,0,1,1
29,-4286,0,1,1
29,-4282,1,1,1
29,-4278,1,1,1
29,-4274,0,1,1
29,-4270,0,1,1
29,-4266,1,1,1
29,-4262,1,1,1
29,-4258,0,1,1
29,-4254,0,1,1
29,-4250,1,1,1
29,-4246,1,1,1
29,-4242,0,1,1
29,-4238,0,1,1
29,-4230,1,1,1
29,-4226,0,1,1
29,-4222,0,1,1
29,-4218,1,1,1
29,-4214,1,1,1
29,-4210,0,1,1
29,-4206,0,1,1
29,-4202,1,1,1
29,-4198,1,1,1
29,-4194,0,1,1
29,-4190,0,1,1
29,-4186,1,1,1
29,-4182,1,1,1
29,-4178,0,1,1
29,-4174,0,1,1
29,-4170,1,1,1
29,-4166,1,1,1
29,-4162,0,1,1
29,-4158,0,1,1
29,-4154,1,1,1
29,-4150,1,1,1
29,-4146,0,1,1
29,-4142,0,1,1
29,-4138,1,1,1
29,-4134,1,1,1
29,-4130,0,1,1
29,-4126,0,1,1
29,-4122,1,1,1
29,-4114,0,1,1
29,-4110,0,1,1
29,-4106,1,1,1
29,-4102,1,1,1
29,-4098,0,1,1
29,-4094,0,1,1
29,-4090,1,1,1
29,-4086,1,1,1
29,-4082,0,1,1
29,-4078,0,1,1
29,-4074,1,1,1
29,-4070,1,1,1
29,-4066,0,1,1
29,-4062,0,1,1
29,-4058,1,1,1
29,-4054,1,1,1
29,-4050,0,1,1
29,-4046,0,1,1
29,-4042,1,1,1
29,-4038,1,1,1
29,-4034,0,1,1
29,-4030,0,1,1
29,-4026,1,1,1
29,-4022,1,1,1
29,-4018,0,1,1
29,-4014,0,1,1
29,-4010,1,1,1
29,-4006,1,1,1
29,-3998,0,1,1
29,-3994,1,1,1
29,-3990,1,1,1
29,-3986,0,1,1
29,-3982,0,1,1
29,-3978,1,1,1
29,-3974,1,1,1
29,-3970,0,1,1
29,-3966,0,1,1
29,-3962,1,1,1
29,-3958,1,1,1
29,-3954,0,1,1
29,-3950,0,1,1
29,-3946,1,1,1
29,-3942,1,1,1
29,-3938,0,1,1
29,-3934,0,1,1
29,-3930,1,1,1
29,-3926,1,1,1
29,-3922,0,1,1
29,-3918,0,1,1
29,-3914,1,1,1
29,-3910,1,1,1
29,-3906,0,1,1
29,-3902,0,1,1
29,-3898,1,1,1
29,-3894,0,1,1
29,-3890,0,1,1
29,-3882,1,1,1
29,-3878,1,1,1
29,-3874,0,1,1
29,-3870,0,1,1
29,-3866,1,1,1
29,-3862,1,1,1
29,-3858,0,1,1
29,-3854,0,1,1
29,-3850,1,1,1
29,-3846,1,1,1
29,-3842,0,1,1
29,-3838,0,1,1
29,-3834,1,1,1
29,-3830,1,1,1
29,-3826,0,1,1
29,-3822,0,1,1
29,-3818,1,1,1
29,-3814,1,1,1
29,-3810,0,1,1
29,-3806,0,1,1
29,-3802,1,1,1
29,-3798,1,1,1
29,-3794,0,1,1
29,-3790,0,1,1
29,-3786,1,1,1
29,-3782,1,1,1
29,-3778,0,1,1
29,-3774,0,1,1
29,-3766,1,1,1
29,-3762,0,1,1
29,-3758,0,1,1
29,-3754,1,1,1
29,-3750,1,1,1
29,-3746,0,1,1
29,-3742,0,1,1
29,-3738,1,1,1
29,-3734,1,1,1
29,-3730,0,1,1
29,-3726,0,1,1
29,-3722,1,1,1
29,-3718,1,1,1
29,-3714,0,0,0
29,-3710,0,1,1
29,-3706,1,1,1
29,-3702,1,1,1
29,-3698,0,1,1
29,-3694,0,1,1
29,-3690,1,1,1
29,-3686,1,0,1
29,-3682,0,1,1
29,-3678,0,1,1
29,-3674,1,1,1
29,-3670,1,1,1
29,-3666,0,1,1
29,-3662,0,1,1
29,-3658,1,1,1
29,-3650,0,1,1
29,-3646,0,1,1
29,-3642,1,1,1
29,-3638,1,1,1
29,-3634,0,1,1
29,-3630,0,1,1
29,-3626,1,1,1
29,-3622,1,1,1
29,-3618,0,1,1
29,-3614,0,1,1
29,-3610,1,1,1
29,-3606,1,1,1
29,-3602,0,1,1
29,-3598,0,1,1
29,-3594,1,1,1
29,-3590,1,1,1
29,-3586,0,1,1
29,-3582,0,1,1
29,-3578,1,1,1
29,-3574,1,1,1
29,-3570,0,1,1
29,-3566,0,1,1
29,-3562,1,1,1
29,-3558,1,1,1
29,-3554,0,1,1
29,-3550,0,1,1
29,-3546,1,1,1
29,-3542,1,1,1
29,-3534,0,1,1
29,-3530,1,1,1
29,-3526,1,1,1
29,-3522,0,1,1
29,-3518,0,1,1
29,-3514,1,0,1
29,-3510,1,1,1
29,-3506,0,1,1
29,-3502,0,1,1
29,-3498,1,1,1
29,-3494,1,1,1
29,-3490,0,1,1
29,-3486,0,1,1
29,-3482,1,1,1
29,-3478,1,1,1
29,-3474,0,1,1
29,-3470,0,1,1
29,-3466,1,1,1
29,-3462,1,1,1
29,-3458,0,1,1
29,-3454,0,1,1
29,-3450,1,1,1
29,-3446,1,1,1
29,-3442,0,1,1
29,-3438,0,1,1
29,-3434,1,1,1
29,-3430,1,1,1
29,-3426,0,1,1
29,-3418,1,1,1
29,-3414,1,1,1
29,-3410,0,1,1
29,-3406,0,1,1
29,-3402,1,1,1
29,-3398,1,1,1
29,-3394,0,1,1
29,-3390,0,1,1
29,-3386,1,1,1
29,-3382,1,1,1
29,-3378,0,1,1
29,-3374,0,1,1
29,-3370,1,1,1
29,-3366,1,1,1
29,-3362,0,1,1
29,-3358,0,1,1
29,-3354,1,1,1
29,-3350,1,1,1
29,-3346,0,1,1
29,-3342,0,1,1
29,-3338,1,1,1
29,-3334,1,1,1
29,-3330,0,1,1
29,-3326,0,0,0
29,-3322,1,1,1
29,-3318,1,1,1
29,-3314,0,1,1
29,-3310,0,1,1
29,-3302,1,1,1
29,-3298,0,1,1
29,-3294,0,1,1
29,-3290,1,1,1
29,-3286,1,1,1
29,-3282,0,1,1
29,-3278,0,1,1
29,-3274,1,1,1
29,-3270,1,1,1
29,-3266,0,1,1
29,-3262,0,1,1
29,-3258,1,1,1
29,-3254,1,1,1
29,-3250,0,1,1
29,-3246,0,1,1
29,-3242,1,1,1
29,-3238,1,1,1
29,-3234,0,1,1
29,-3230,0,1,1
29,-3226,1,1,1
29,-3222,1,1,1
29,-3218,0,1,1
29,-3214,0,1,1
29,-3210,1,1,1
29,-3206,1,1,1
29,-3202,0,1,1
29,-3198,0,1,1
29,-3194,1,1,1
29,-3186,0,1,1
29,-3182,0,1,1
29,-3178,1,1,1
29,-3174,1,1,1
29,-3170,0,1,1
29,-3166,0,1,1
29,-3162,1,1,1
29,-3158,1,1,1
29,-3154,0,1,1
29,-3150,0,1,1
29,-3146,1,1,1
29,-3142,1,1,1
29,-3138,0,1,1
29,-3134,0,1,1
29,-3130,1,1,1
29,-3126,1,1,1
29,-3122,0,1,1
29,-3118,0,1,1
29,-3114,1,1,1
29,-3110,1,1,1
29,-3106,0,1,1
29,-3102,0,1,1
29,-3098,1,1,1
29,-3094,1,1,1
29,-3090,0,1,1
29,-3086,0,1,1
29,-3082,1,1,1
29,-3078,1,1,1
29,-3070,0,1,1
29,-3066,1,1,1
29,-3062,1,1,1
29,-3058,0,1,1
29,-3054,0,1,1
29,-3050,1,1,1
29,-3046,1,1,1
29,-3042,0,1,1
29,-3038,0,1,1
29,-3034,1,1,1
29,-3030,1,1,1
29,-3026,0,1,1
29,-3022,0,1,1
29,-3018,1,1,1
29,-3014,1,1,1
29,-3010,0,1,1
29,-3006,0,1,1
29,-3002,1,1,1
29,-2998,1,1,1
29,-2994,0,1,1
29,-2990,0,1,1
29,-2986,1,1,1
29,-2982,1,1,1
29,-2978,0,1,1
29,-2974,0,1,1
29,-2970,1,1,1
29,-2966,1,1,1
29,-2962,0,1,1
29,-2954,1,1,1
29,-2950,1,1,1
29,-2946,0,1,1
29,-2942,0,1,1
29,-2938,1,1,1
29,-2934,1,1,1
29,-2930,0,1,1
29,-2926,0,1,1
29,-2922,1,1,1
29,-2918,1,1,1
29,-2914,0,1,1
29,-2910,0,1,1
29,-2906,1,1,1
29,-2902,1,1,1
29,-2898,0,1,1
29,-2894,0,1,1
29,-2890,1,1,1
29,-2886,1,1,1
29,-2882,0,1,1
29,-2878,0,1,1
29,-2874,1,1,1
29,-2870,1,1,1
29,-2866,0,1,1
29,-2862,0,1,1
29,-2858,1,1,1
29,-2854,1,1,1
29,-2850,0,1,1
29,-2846,0,1,1
29,-2838,1,1,1
29,-2834,0,1,1
29,-2830,0,1,1
29,-2826,1,1,1
29,-2822,1,1,1
29,-2818,0,1,1
29,-2814,0,0,0
29,-2810,1,1,1
29,-2806,1,1,1
29,-2802,0,1,1
29,-2798,0,1,1
29,-2794,1,1,1
29,-2790,1,1,1
29,-2786,0,1,1
29,-2782,0,1,1
29,-2778,1,1,1
29,-2774,1,1,1
29,-2770,0,1,1
29,-2766,0,1,1
29,-2762,1,1,1
29,-2758,1,1,1
29,-2754,0,1,1
29,-2750,0,1,1
29,-2746,1,1,1
29,-2742,1,1,1
29,-2738,0,1,1
29,-2734,0,1,1
29,-2730,1,1,1
29,-2722,0,1,1
29,-2718,0,1,1
29,-2714,1,1,1
29,-2710,1,1,1
29,-2706,0,1,1
29,-2702,0,1,1
29,-2698,1,1,1
29,-2694,1,0,1
29,-2690,0,1,1
29,-2686,0,1,1
29,-2682,1,1,1
29,-2678,1,1,1
29,-2674,0,1,1
29,-2670,0,1,1
29,-2666,1,1,1
29,-2662,1,1,1
29,-2658,0,1,1
29,-2654,0,1,1
29,-2650,1,1,1
29,-2646,1,1,1
29,-2642,0,1,1
29,-2638,0,1,1
29,-2634,1,1,1
29,-2630,1,1,1
29,-2626,0,1,1
29,-2622,0,1,1
29,-2618,1,1,1
29,-2614,1,1,1
29,-2606,0,1,1
29,-2602,1,1,1
29,-2598,1,1,1
29,-2594,0,1,1
29,-2590,0,1,1
29,-2586,1,1,1
29,-2582,1,1,1
29,-2578,0,1,1
29,-2574,0,0,0
29,-2570,1,1,1
29,-2566,1,1,1
29,-2562,0,1,1
29,-2558,0,1,1
29,-2554,1,1,1
29,-2550,1,1,1
29,-2546,0,1,1
29,-2542,0,1,1
29,-2538,1,1,1
29,-2534,1,1,1
29,-2530,0,1,1
29,-2526,0,1,1
29,-2522,1,1,1
29,-2518,1,1,1
29,-2514,0,1,1
29,-2510,0,1,1
29,-2506,1,1,1
29,-2502,1,1,1
29,-2498,0,1,1
29,-2490,1,1,1
29,-2486,1,1,1
29,-2482,0,1,1
29,-2478,0,1,1
29,-2474,1,1,1
29,-2470,1,1,1
29,-2466,0,1,1
29,-2462,0,1,1
29,-2458,1,1,1
29,-2454,1,1,1
29,-2450,0,1,1
29,-2446,0,1,1
29,-2442,1,1,1
29,-2438,1,1,1
29,-2434,0,1,1
29,-2430,0,1,1
29,-2426,1,1,1
29,-2422,1,1,1
29,-2418,0,1,1
29,-2414,0,1,1
29,-2410,1,1,1
29,-2406,1,1,1
29,-2402,0,1,1
29,-2398,0,1,1
29,-2394,1,1,1
29,-2390,1,1,1
29,-2386,0,1,1
29,-2382,0,1,1
29,-2374,1,1,1
29,-2370,0,1,1
29,-2366,0,1,1
29,-2362,1,1,1
29,-2358,1,0,1
29,-2354,0,1,1
29,-2350,0,1,1
29,-2346,1,1,1
29,-2342,1,1,1
29,-2338,0,1,1
29,-2334,0,1,1
29,-2330,1,1,1
29,-2326,1,1,1
29,-2322,0,1,1
29,-2318,0,1,1
29,-2314,1,1,1
29,-2310,1,1,1
29,-2306,0,1,1
29,-2302,0,1,1
29,-2298,1,1,1
29,-2294,1,1,1
29,-2290,0,1,1
29,-2286,0,1,1
29,-2282,1,1,1
29,-2278,1,1,1
29,-2274,0,1,1
29,-2270,0,1,1
29,-2266,1,1,1
29,-2258,0,1,1
29,-2254,0,0,0
29,-2250,1,1,1
29,-2246,1,1,1
29,-2242,0,1,1
29,-2238,0,1,1
29,-2234,1,1,1
29,-2230,1,1,1
29,-2226,0,1,1
29,-2222,0,1,1
29,-2218,1,1,1
29,-2214,1,1,1
29,-2210,0,1,1
29,-2206,0,1,1
29,-2202,1,1,1
29,-2198,1,1,1
29,-2194,0,1,1
29,-2190,0,1,1
29,-2186,1,1,1
29,-2182,1,1,1
29,-2178,0,1,1
29,-2174,0,1,1
29,-2170,1,0,1
29,-2166,0,1,1
29,-2162,0,1,1
29,-2158,0,1,1
29,-2154,1,1,1
29,-2150,1,1,1
29,-2142,0,1,1
29,-2138,1,1,1
29,-2134,1,1,1
29,-2130,0,1,1
29,-2126,0,1,1
29,-2122,1,1,1
29,-2118,1,1,1
29,-2114,0,1,1
29,-2110,0,1,1
29,-2106,1,1,1
29,-2102,1,1,1
29,-2098,0,1,1
29,-2094,0,1,1
29,-2090,1,1,1
29,-2086,1,1,1
29,-2082,0,1,1
29,-2078,0,1,1
29,-2074,1,1,1
29,-2070,1,1,1
29,-2066,0,1,1
29,-2062,0,1,1
29,-2058,1,1,1
29,-2054,1,1,1
29,-2050,0,1,1
29,-2046,0,1,1
29,-2042,1,1,1
29,-2038,1,1,1
29,-2034,0,1,1
29,-2026,1,1,1
29,-2022,1,1,1
29,-2018,0,1,1
29,-2014,0,1,1
29,-2010,1,1,1
29,-2006,1,1,1
29,-2002,0,1,1
29,-1998,0,1,1
29,-1994,1,1,1
29,-1990,1,1,1
29,-1986,0,1,1
29,-1982,0,1,1
29,-1978,1,1,1
29,-1974,1,1,1
29,-1970,0,1,1
29,-1966,0,1,1
29,-1962,1,1,1
29,-1958,1,1,1
29,-1954,0,1,1
29,-1950,0,1,1
29,-1946,1,1,1
29,-1942,1,1,1
29,-1938,0,1,1
29,-1934,0,1,1
29,-1930,1,1,1
29,-1926,1,1,1
29,-1922,0,1,1
29,-1918,0,1,1
29,-1910,1,1,1
29,-1906,0,1,1
29,-1902,0,1,1
29,-1898,1,1,1
29,-1894,1,1,1
29,-1890,0,1,1
29,-1886,0,1,1
29,-1882,1,1,1
29,-1878,1,1,1
29,-1874,0,1,1
29,-1870,0,1,1
29,-1866,1,1,1
29,-1862,1,1,1
29,-1858,0,1,1
29,-1854,0,1,1
29,-1850,1,1,1
29,-1846,1,1,1
29,-1842,0,1,1
29,-1838,0,1,1
29,-1834,1,1,1
29,-1830,1,1,1
29,-1826,0,1,1
29,-1822,0,1,1
29,-1818,1,1,1
29,-1814,1,1,1
29,-1810,0,1,1
29,-1806,0,1,1
29,-1802,1,1,1
29,-1794,0,1,1
29,-1790,0,1,1
29,-1786,1,1,1
29,-1782,1,1,1
29,-1778,0,1,1
29,-1774,0,0,0
29,-1770,1,1,1
29,-1766,1,1,1
29,-1762,0,1,1
29,-1758,0,1,1
29,-1754,1,1,1
29,-1750,1,1,1
29,-1746,0,1,1
29,-1742,0,1,1
29,-1738,1,1,1
29,-1734,1,1,1
29,-1730,0,1,1
29,-1726,0,1,1
29,-1722,1,1,1
29,-1718,1,1,1
29,-1714,0,1,1
29,-1710,0,1,1
29,-1706,1,1,1
29,-1702,1,1,1
29,-1698,0,1,1
29,-1694,0,1,1
29,-1690,1,1,1
29,-1686,1,1,1
29,-1678,0,1,1
29,-1674,1,1,1
29,-1670,1,1,1
29,-1666,0,1,1
29,-1662,0,1,1
29,-1658,1,1,1
29,-1654,1,1,1
29,-1650,0,1,1
29,-1646,0,1,1
29,-1642,1,1,1
29,-1638,1,1,1
29,-1634,0,1,1
29,-1630,0,1,1
29,-1626,1,1,1
29,-1622,1,1,1
29,-1618,0,1,1
29,-1614,0,1,1
29,-1610,1,1,1
29,-1606,1,1,1
29,-1602,0,1,1
29,-1598,0,1,1
29,-1594,1,1,1
29,-1590,1,1,1
29,-1586,0,1,1
29,-1582,0,1,1
29,-1578,0,1,1
29,-1574,1,1,1
29,-1570,0,1,1
29,-1562,1,1,1
29,-1558,1,1,1
29,-1554,0,1,1
29,-1550,0,1,1
29,-1546,1,1,1
29,-1542,1,1,1
29,-1538,0,1,1
29,-1534,0,1,1
29,-1530,1,1,1
29,-1526,1,1,1
29,-1522,0,1,1
29,-1518,0,1,1
29,-1514,1,1,1
29,-1510,1,1,1
29,-1506,0,1,1
29,-1502,0,1,1
29,-1498,1,1,1
29,-1494,1,1,1
29,-1490,0,1,1
29,-1486,0,1,1
29,-1482,1,1,1
29,-1478,1,1,1
29,-1474,0,1,1
29,-1470,0,1,1
29,-1466,1,1,1
29,-1462,1,1,1
29,-1458,0,1,1
29,-1454,0,0,0
29,-1446,1,1,1
29,-1442,0,1,1
29,-1438,0,1,1
29,-1434,1,1,1
29,-1430,1,1,1
29,-1426,0,1,1
29,-1422,0,1,1
29,-1418,1,1,1
29,-1414,1,1,1
29,-1410,0,1,1
29,-1406,0,1,1
29,-1402,1,1,1
29,-1398,1,1,1
29,-1394,0,1,1
29,-1390,0,1,1
29,-1386,1,1,1
29,-1382,1,1,1
29,-1378,0,1,1
29,-1374,0,1,1
29,-1370,1,1,1
29,-1366,1,1,1
29,-1362,0,1,1
29,-1358,0,1,1
29,-1354,1,1,1
29,-1350,1,1,1
29,-1346,0,1,1
29,-1342,0,1,1
29,-1338,1,1,1
29,-1330,0,1,1
29,-1326,0,1,1
29,-1322,1,1,1
29,-1318,1,1,1
29,-1314,0,1,1
29,-1310,0,1,1
29,-1306,1,1,1
29,-1302,1,1,1
29,-1298,0,1,1
29,-1294,0,1,1
29,-1290,1,1,1
29,-1286,1,1,1
29,-1282,0,1,1
29,-1278,0,1,1
29,-1274,1,1,1
29,-1270,1,1,1
29,-1266,0,1,1
29,-1262,0,1,1
29,-1258,1,1,1
29,-1254,1,1,1
29,-1250,0,1,1
29,-1246,0,1,1
29,-1242,1,1,1
29,-1238,1,1,1
29,-1234,0,1,1
29,-1230,0,1,1
29,-1226,1,1,1
29,-1222,1,1,1
29,-1214,0,1,1
29,-1210,1,1,1
29,-1206,1,1,1
29,-1202,0,1,1
29,-1198,0,1,1
29,-1194,1,1,1
29,-1190,1,1,1
29,-1186,0,1,1
29,-1182,0,1,1
29,-1178,1,1,1
29,-1174,1,1,1
29,-1170,0,1,1
29,-1166,0,1,1
29,-1162,1,1,1
29,-1158,1,1,1
29,-1154,0,1,1
29,-1150,0,1,1
29,-1146,1,1,1
29,-1142,1,1,1
29,-1138,0,1,1
29,-1134,0,1,1
29,-1130,1,1,1
29,-1126,1,1,1
29,-1122,0,1,1
29,-1118,0,1,1
29,-1114,1,1,1
29,-1110,1,1,1
29,-1106,0,1,1
29,-1098,1,1,1
29,-1094,1,1,1
29,-1090,0,1,1
29,-1086,0,1,1
29,-1082,1,1,1
29,-1078,1,1,1
29,-1074,0,1,1
29,-1070,0,1,1
29,-1066,1,1,1
29,-1062,1,1,1
29,-1058,0,1,1
29,-1054,0,1,1
29,-1050,1,1,1
29,-1046,1,1,1
29,-1042,0,1,1
29,-1038,0,1,1
29,-1034,1,1,1
29,-1030,1,1,1
29,-1026,0,0,0
29,-1022,0,1,1
29,-1018,1,1,1
29,-1014,1,1,1
29,-1010,0,1,1
29,-1006,0,1,1
29,-1002,1,1,1
29,-998,1,1,1
29,-994,0,1,1
29,-990,0,1,1
29,-982,1,1,1
29,-978,0,1,1
29,-974,0,1,1
29,-970,1,1,1
29,-966,1,1,1
29,-962,0,1,1
29,-958,0,1,1
29,-954,1,1,1
29,-950,1,1,1
29,-946,0,1,1
29,-942,0,1,1
29,-938,1,1,1
29,-934,1,1,1
29,-930,0,1,1
29,-926,0,1,1
29,-922,1,1,1
29,-918,1,1,1
29,-914,0,1,1
29,-910,0,1,1
29,-906,1,1,1
29,-902,1,1,1
29,-898,0,1,1
29,-894,0,1,1
29,-890,1,1,1
29,-886,1,1,1
29,-882,0,1,1
29,-878,0,1,1
29,-874,1,1,1
29,-866,0,1,1
29,-862,0,1,1
29,-858,1,1,1
29,-854,1,1,1
29,-850,0,1,1
29,-846,0,1,1
29,-842,1,1,1
29,-838,1,1,1
29,-834,0,1,1
29,-830,0,1,1
29,-826,1,1,1
29,-822,1,1,1
29,-818,0,1,1
29,-814,0,1,1
29,-810,1,1,1
29,-806,1,1,1
29,-802,0,1,1
29,-798,0,1,1
29,-794,1,1,1
29,-790,1,1,1
29,-786,0,1,1
29,-782,0,1,1
29,-778,1,1,1
29,-774,1,1,1
29,-770,0,1,1
29,-766,0,1,1
29,-762,1,1,1
29,-758,1,1,1
29,-750,0,1,1
29,-746,1,1,1
29,-742,1,1,1
29,-738,0,1,1
29,-734,0,1,1
29,-730,1,1,1
29,-726,1,1,1
29,-722,0,1,1
29,-718,0,1,1
29,-714,1,1,1
29,-710,1,1,1
29,-706,0,1,1
29,-702,0,1,1
29,-698,1,1,1
29,-694,1,1,1
29,-690,0,1,1
29,-686,0,1,1
29,-682,1,1,1
29,-678,1,1,1
29,-674,0,1,1
29,-670,0,1,1
29,-666,1,1,1
29,-662,1,1,1
29,-658,0,1,1
29,-654,0,1,1
29,-650,1,1,1
29,-646,1,1,1
29,-642,0,1,1
29,-634,1,1,1
29,-630,1,1,1
29,-626,0,1,1
29,-622,0,1,1
29,-618,1,1,1
29,-614,1,1,1
29,-610,0,1,1
29,-606,0,1,1
29,-602,1,1,1
29,-598,1,1,1
29,-594,0,1,1
29,-590,0,1,1
29,-586,1,1,1
29,-582,1,1,1
29,-578,0,1,1
29,-574,0,1,1
29,-570,1,1,1
29,-566,1,1,1
29,-562,0,1,1
29,-558,0,1,1
29,-554,1,1,1
29,-550,1,1,1
29,-546,0,1,1
29,-542,0,1,1
29,-538,1,1,1
29,-534,1,1,1
29,-530,0,1,1
29,-526,0,1,1
29,-518,1,1,1
29,-514,0,1,1
29,-510,0,1,1
29,-506,1,1,1
29,-502,1,1,1
29,-498,0,1,1
29,-494,0,1,1
29,-490,1,1,1
29,-486,1,1,1
29,-482,0,1,1
29,-478,0,1,1
29,-474,1,1,1
29,-470,1,1,1
29,-466,0,1,1
29,-462,0,1,1
29,-458,1,1,1
29,-454,1,1,1
29,-450,0,1,1
29,-446,0,1,1
29,-442,1,1,1
29,-438,1,1,1
29,-434,0,1,1
29,-430,0,1,1
29,-426,1,1,1
29,-422,1,1,1
29,-418,0,1,1
29,-414,0,1,1
29,-410,1,1,1
29,-402,0,1,1
29,-398,0,1,1
29,-394,1,1,1
29,-390,1,1,1
29,-386,0,1,1
29,-382,0,1,1
29,-378,1,1,1
29,-374,1,1,1
29,-370,0,1,1
29,-366,0,1,1
29,-362,1,1,1
29,-358,1,1,1
29,-354,0,1,1
29,-350,0,1,1
29,-346,1,1,1
29,-342,1,1,1
29,-338,0,1,1
29,-334,0,1,1
29,-330,1,1,1
29,-326,1,1,1
29,-322,0,1,1
29,-318,0,1,1
29,-314,1,1,1
29,-310,1,1,1
29,-306,0,1,1
29,-302,0,1,1
29,-298,1,1,1
29,-294,1,1,1
29,-286,0,1,1
29,-282,1,1,1
29,-278,1,1,1
29,-274,0,1,1
29,-270,0,1,1
29,-266,1,1,1
29,-262,1,1,1
29,-258,0,1,1
29,-254,0,1,1
29,-250,1,1,1
29,-246,1,1,1
29,-242,0,1,1
29,-238,0,1,1
29,-234,1,1,1
29,-230,1,1,1
29,-226,0,1,1
29,-222,0,1,1
29,-218,1,1,1
29,-214,1,1,1
29,-210,0,1,1
29,-206,0,1,1
29,-202,1,1,1
29,-198,1,1,1
29,-194,0,1,1
29,-190,0,1,1
29,-186,1,1,1
29,-182,1,1,1
29,-178,0,1,1
29,-170,1,1,1
29,-166,1,1,1
29,-162,0,1,1
29,-158,0,1,1
29,-154,1,1,1
29,-150,1,1,1
29,-146,0,1,1
29,-142,0,1,1
29,-138,1,1,1
29,-134,1,1,1
29,-130,0,1,1
29,-126,0,1,1
29,-122,1,1,1
29,-118,1,1,1
29,-114,0,1,1
29,-110,0,1,1
29,-106,1,1,1
29,-102,1,1,1
29,-98,0,1,1
29,-94,0,1,1
29,-90,1,1,1
29,-86,1,1,1
29,-82,0,1,1
29,-78,0,1,1
29,-74,1,1,1
29,-70,1,1,1
29,-66,0,1,1
29,-62,0,1,1
29,-54,1,1,1
29,-50,0,1,1
29,-46,0,1,1
29,-42,1,1,1
29,-38,1,1,1
29,-34,0,1,1
29,-30,0,1,1
29,-26,1,1,1
29,-22,1,1,1
29,-18,0,1,1
29,-14,0,1,1
29,-10,1,1,1
29,-6,1,1,1
29,-2,0,1,1
29,2,0,1,1
29,6,1,1,1
29,10,1,1,1
29,14,0,1,1
29,18,0,1,1
29,22,1,1,1
29,26,1,1,1
29,30,0,1,1
29,34,0,1,1
29,38,1,1,1
29,42,1,1,1
29,46,0,1,1
29,50,0,1,1
29,54,1,1,1
29,62,0,1,1
29,66,0,1,1
29,70,1,1,1
29,74,1,1,1
29,78,0,1,1
29,82,0,1,1
29,86,1,1,1
29,90,1,1,1
29,94,0,1,1
29,98,0,1,1
29,102,1,1,1
29,106,1,1,1
29,110,0,1,1
29,114,0,1,1
29,118,1,1,1
29,122,1,1,1
29,126,0,1,1
29,130,0,1,1
29,134,1,1,1
29,138,1,1,1
29,142,0,1,1
29,146,0,1,1
29,150,1,1,1
29,154,1,1,1
29,158,0,1,1
29,162,0,1,1
29,166,1,1,1
29,170,1,1,1
29,178,0,1,1
29,182,1,1,1
29,186,1,1,1
29,190,0,1,1
29,194,0,1,1
29,198,1,1,1
29,202,1,1,1
29,206,0,1,1
29,210,0,1,1
29,214,1,1,1
29,218,1,1,1
29,222,0,1,1
29,226,0,1,1
29,230,1,1,1
29,234,1,1,1
29,238,0,1,1
29,242,0,1,1
29,246,1,1,1
29,250,1,1,1
29,254,0,1,1
29,258,0,1,1
29,262,1,1,1
29,266,1,1,1
29,270,0,1,1
29,274,0,1,1
29,278,1,1,1
29,282,1,1,1
29,286,0,1,1
29,294,1,1,1
29,298,1,1,1
29,302,0,1,1
29,306,0,1,1
29,310,1,1,1
29,314,1,1,1
29,318,0,1,1
29,322,0,1,1
29,326,1,1,1
29,330,1,1,1
29,334,0,1,1
29,338,0,1,1
29,342,1,1,1
29,346,1,1,1
29,350,0,1,1
29,354,0,1,1
29,358,1,1,1
29,362,1,1,1
29,366,0,1,1
29,370,0,1,1
29,374,1,1,1
29,378,1,1,1
29,382,0,1,1
29,386,0,1,1
29,390,1,1,1
29,394,1,1,1
29,398,0,1,1
29,402,0,1,1
29,410,1,1,1
29,414,0,1,1
29,418,0,1,1
29,422,1,1,1
29,426,1,1,1
29,430,0,1,1
29,434,0,1,1
29,438,1,1,1
29,442,1,1,1
29,446,0,1,1
29,450,0,1,1
29,454,1,1,1
29,458,1,1,1
29,462,0,1,1
29,466,0,1,1
29,470,1,1,1
29,474,1,1,1
29,478,0,1,1
29,482,0,1,1
29,486,1,1,1
29,490,1,1,1
29,494,0,1,1
29,498,0,1,1
29,502,1,1,1
29,506,1,1,1
29,510,0,1,1
29,514,0,1,1
29,518,1,1,1
29,526,0,1,1
29,530,0,1,1
29,534,1,1,1
29,538,1,1,1
29,542,0,1,1
29,546,0,1,1
29,550,1,1,1
29,554,1,1,1
29,558,0,1,1
29,562,0,1,1
29,566,1,1,1
29,570,1,1,1
29,574,0,1,1
29,578,0,1,1
29,582,1,1,1
29,586,1,1,1
29,590,0,1,1
29,594,0,1,1
29,598,1,1,1
29,602,1,1,1
29,606,0,1,1
29,610,0,1,1
29,614,1,1,1
29,618,1,1,1
29,622,0,1,1
29,626,0,1,1
29,630,1,1,1
29,634,1,1,1
29,642,0,1,1
29,646,1,1,1
29,650,1,1,1
29,654,0,1,1
29,658,0,1,1
29,662,1,1,1
29,666,1,1,1
29,670,0,1,1
29,674,0,1,1
29,678,1,1,1
29,682,1,1,1
29,686,0,1,1
29,690,0,1,1
29,694,1,1,1
29,698,1,1,1
29,702,0,1,1
29,706,0,1,1
29,710,1,1,1
29,714,1,1,1
29,718,0,1,1
29,722,0,1,1
29,726,1,1,1
29,730,1,1,1
29,734,0,1,1
29,738,0,1,1
29,742,1,1,1
29,746,1,1,1
29,750,0,1,1
29,758,1,1,1
29,762,1,1,1
29,766,0,1,1
29,770,0,1,1
29,774,1,1,1
29,778,1,1,1
29,782,0,1,1
29,786,0,1,1
29,790,1,1,1
29,794,1,1,1
29,798,0,1,1
29,802,0,1,1
29,806,1,1,1
29,810,1,1,1
29,814,0,1,1
29,818,0,1,1
29,822,1,1,1
29,826,1,1,1
29,830,0,1,1
29,834,0,1,1
29,838,1,1,1
29,842,1,1,1
29,846,0,1,1
29,850,0,1,1
29,854,1,1,1
29,858,1,1,1
29,862,0,1,1
29,866,0,1,1
29,874,1,1,1
29,878,0,1,1
29,882,0,1,1
29,886,1,1,1
29,890,1,1,1
29,894,0,1,1
29,898,0,1,1
29,902,1,1,1
29,906,1,1,1
29,910,0,1,1
29,914,0,1,1
29,918,1,1,1
29,922,1,1,1
29,926,0,1,1
29,930,0,1,1
29,934,1,1,1
29,938,1,1,1
29,942,0,1,1
29,946,0,1,1
29,950,1,1,1
29,954,1,1,1
29,958,0,1,1
29,962,0,1,1
29,966,1,1,1
29,970,1,1,1
29,974,0,1,1
29,978,0,1,1
29,982,1,1,1
29,990,0,1,1
29,994,0,1,1
29,998,1,1,1
29,1002,1,1,1
29,1006,0,1,1
29,1010,0,1,1
29,1014,1,1,1
29,1018,1,1,1
29,1022,0,1,1
29,1026,0,0,0
29,1030,1,1,1
29,1034,1,1,1
29,1038,0,1,1
29,1042,0,1,1
29,1046,1,1,1
29,1050,1,1,1
29,1054,0,1,1
29,1058,0,1,1
29,1062,1,1,1
29,1066,1,1,1
29,1070,0,1,1
29,1074,0,1,1
29,1078,1,1,1
29,1082,1,1,1
29,1086,0,1,1
29,1090,0,1,1
29,1094,1,1,1
29,1098,1,1,1
29,1106,0,1,1
29,1110,1,1,1
29,1114,1,1,1
29,1118,0,1,1
29,1122,0,1,1
29,1126,1,1,1
29,1130,1,1,1
29,1134,0,1,1
29,1138,0,1,1
29,1142,1,1,1
29,1146,1,1,1
29,1150,0,1,1
29,1154,0,1,1
29,1158,1,1,1
29,1162,1,1,1
29,1166,0,1,1
29,1170,0,1,1
29,1174,1,1,1
29,1178,1,1,1
29,1182,0,1,1
29,1186,0,1,1
29,1190,1,1,1
29,1194,1,1,1
29,1198,0,1,1
29,1202,0,1,1
29,1206,1,1,1
29,1210,1,1,1
29,1214,0,1,1
29,1222,1,1,1
29,1226,1,1,1
29,1230,0,1,1
29,1234,0,1,1
29,1238,1,1,1
29,1242,1,1,1
29,1246,0,1,1
29,1250,0,1,1
29,1254,1,1,1
29,1258,1,1,1
29,1262,0,1,1
29,1266,0,1,1
29,1270,1,1,1
29,1274,1,1,1
29,1278,0,1,1
29,1282,0,1,1
29,1286,1,1,1
29,1290,1,1,1
29,1294,0,1,1
29,1298,0,1,1
29,1302,1,1,1
29,1306,1,1,1
29,1310,0,1,1
29,1314,0,1,1
29,1318,1,1,1
29,1322,1,1,1
29,1326,0,1,1
29,1330,0,1,1
29,1338,1,1,1
29,1342,0,1,1
29,1346,0,1,1
29,1350,1,1,1
29,1354,1,1,1
29,1358,0,1,1
29,1362,0,1,1
29,1366,1,1,1
29,1370,1,1,1
29,1374,0,1,1
29,1378,0,1,1
29,1382,1,1,1
29,1386,1,1,1
29,1390,0,1,1
29,1394,0,1,1
29,1398,1,1,1
29,1402,1,1,1
29,1406,0,1,1
29,1410,0,1,1
29,1414,1,1,1
29,1418,1,1,1
29,1422,0,1,1
29,1426,0,1,1
29,1430,1,1,1
29,1434,1,1,1
29,1438,0,1,1
29,1442,0,1,1
29,1446,1,1,1
29,1454,0,0,0
29,1458,0,1,1
29,1462,1,1,1
29,1466,1,1,1
29,1470,0,1,1
29,1474,0,1,1
29,1478,1,1,1
29,1482,1,1,1
29,1486,0,1,1
29,1490,0,1,1
29,1494,1,1,1
29,1498,1,1,1
29,1502,0,1,1
29,1506,0,1,1
29,1510,1,1,1
29,1514,1,1,1
29,1518,0,1,1
29,1522,0,1,1
29,1526,1,1,1
29,1530,1,1,1
29,1534,0,1,1
29,1538,0,1,1
29,1542,1,1,1
29,1546,1,1,1
29,1550,0,1,1
29,1554,0,1,1
29,1558,1,1,1
29,1562,1,1,1
29,1570,0,1,1
29,1574,1,1,1
29,1578,0,1,1
29,1582,0,1,1
29,1586,0,1,1
29,1590,1,1,1
29,1594,1,1,1
29,1598,0,1,1
29,1602,0,1,1
29,1606,1,1,1
29,1610,1,1,1
29,1614,0,1,1
29,1618,0,1,1
29,1622,1,1,1
29,1626,1,1,1
29,1630,0,1,1
29,1634,0,1,1
29,1638,1,1,1
29,1642,1,1,1
29,1646,0,1,1
29,1650,0,1,1
29,1654,1,1,1
29,1658,1,1,1
29,1662,0,1,1
29,1666,0,1,1
29,1670,1,1,1
29,1674,1,1,1
29,1678,0,1,1
29,1686,1,1,1
29,1690,1,1,1
29,1694,0,1,1
29,1698,0,1,1
29,1702,1,1,1
29,1706,1,1,1
29,1710,0,1,1
29,1714,0,1,1
29,1718,1,1,1
29,1722,1,1,1
29,1726,0,1,1
29,1730,0,1,1
29,1734,1,1,1
29,1738,1,1,1
29,1742,0,1,1
29,1746,0,1,1
29,1750,1,1,1
29,1754,1,1,1
29,1758,0,1,1
29,1762,0,1,1
29,1766,1,1,1
29,1770,1,1,1
29,1774,0,0,0
29,1778,0,1,1
29,1782,1,1,1
29,1786,1,1,1
29,1790,0,1,1
29,1794,0,1,1
29,1802,1,1,1
29,1806,0,1,1
29,1810,0,1,1
29,1814,1,1,1
29,1818,1,1,1
29,1822,0,1,1
29,1826,0,1,1
29,1830,1,1,1
29,1834,1,1,1
29,1838,0,1,1
29,1842,0,1,1
29,1846,1,1,1
29,1850,1,1,1
29,1854,0,1,1
29,1858,0,1,1
29,1862,1,1,1
29,1866,1,1,1
29,1870,0,1,1
29,1874,0,1,1
29,1878,1,1,1
29,1882,1,1,1
29,1886,0,1,1
29,1890,0,1,1
29,1894,1,1,1
29,1898,1,1,1
29,1902,0,1,1
29,1906,0,1,1
29,1910,1,1,1
29,1918,0,1,1
29,1922,0,1,1
29,1926,1,1,1
29,1930,1,1,1
29,1934,0,1,1
29,1938,0,1,1
29,1942,1,1,1
29,1946,1,1,1
29,1950,0,1,1
29,1954,0,1,1
29,1958,1,1,1
29,1962,1,1,1
29,1966,0,1,1
29,1970,0,1,1
29,1974,1,1,1
29,1978,1,1,1
29,1982,0,1,1
29,1986,0,1,1
29,1990,1,1,1
29,1994,1,1,1
29,1998,0,1,1
29,2002,0,1,1
29,2006,1,1,1
29,2010,1,1,1
29,2014,0,1,1
29,2018,0,1,1
29,2022,1,1,1
29,2026,1,1,1
29,2034,0,1,1
29,2038,1,1,1
29,2042,1,1,1
29,2046,0,1,1
29,2050,0,1,1
29,2054,1,1,1
29,2058,1,1,1
29,2062,0,1,1
29,2066,0,1,1
29,2070,1,1,1
29,2074,1,1,1
29,2078,0,1,1
29,2082,0,1,1
29,2086,1,1,1
29,2090,1,1,1
29,2094,0,1,1
29,2098,0,1,1
29,2102,1,1,1
29,2106,1,1,1
29,2110,0,1,1
29,2114,0,1,1
29,2118,1,1,1
29,2122,1,1,1
29,2126,0,1,1
29,2130,0,1,1
29,2134,1,1,1
29,2138,1,1,1
29,2142,0,1,1
29,2150,1,1,1
29,2154,1,1,1
29,2158,0,1,1
29,2162,0,1,1
29,2166,0,1,1
29,2170,1,0,1
29,2174,0,1,1
29,2178,0,1,1
29,2182,1,1,1
29,2186,1,1,1
29,2190,0,1,1
29,2194,0,1,1
29,2198,1,1,1
29,2202,1,1,1
29,2206,0,1,1
29,2210,0,1,1
29,2214,1,1,1
29,2218,1,1,1
29,2222,0,1,1
29,2226,0,1,1
29,2230,1,1,1
29,2234,1,1,1
29,2238,0,1,1
29,2242,0,1,1
29,2246,1,1,1
29,2250,1,1,1
29,2254,0,0,0
29,2258,0,1,1
29,2266,1,1,1
29,2270,0,1,1
29,2274,0,1,1
29,2278,1,1,1
29,2282,1,1,1
29,2286,0,1,1
29,2290,0,1,1
29,2294,1,1,1
29,2298,1,1,1
29,2302,0,1,1
29,2306,0,1,1
29,2310,1,1,1
29,2314,1,1,1
29,2318,0,1,1
29,2322,0,1,1
29,2326,1,1,1
29,2330,1,1,1
29,2334,0,1,1
29,2338,0,1,1
29,2342,1,1,1
29,2346,1,1,1
29,2350,0,1,1
29,2354,0,1,1
29,2358,1,0,1
29,2362,1,1,1
29,2366,0,1,1
29,2370,0,1,1
29,2374,1,1,1
29,2382,0,1,1
29,2386,0,1,1
29,2390,1,1,1
29,2394,1,1,1
29,2398,0,1,1
29,2402,0,1,1
29,2406,1,1,1
29,2410,1,1,1
29,2414,0,1,1
29,2418,0,1,1
29,2422,1,1,1
29,2426,1,1,1
29,2430,0,1,1
29,2434,0,1,1
29,2438,1,1,1
29,2442,1,1,1
29,2446,0,1,1
29,2450,0,1,1
29,2454,1,1,1
29,2458,1,1,1
29,2462,0,1,1
29,2466,0,1,1
29,2470,1,1,1
29,2474,1,1,1
29,2478,0,1,1
29,2482,0,1,1
29,2486,1,1,1
29,2490,1,1,1
29,2498,0,1,1
29,2502,1,1,1
29,2506,1,1,1
29,2510,0,1,1
29,2514,0,1,1
29,2518,1,1,1
29,2522,1,1,1
29,2526,0,1,1
29,2530,0,1,1
29,2534,1,1,1
29,2538,1,1,1
29,2542,0,1,1
29,2546,0,1,1
29,2550,1,1,1
29,2554,1,1,1
29,2558,0,1,1
29,2562,0,1,1
29,2566,1,1,1
29,2570,1,1,1
29,2574,0,0,0
29,2578,0,1,1
29,2582,1,1,1
29,2586,1,1,1
29,2590,0,1,1
29,2594,0,1,1
29,2598,1,1,1
29,2602,1,1,1
29,2606,0,1,1
29,2614,1,1,1
29,2618,1,1,1
29,2622,0,1,1
29,2626,0,1,1
29,2630,1,1,1
29,2634,1,1,1
29,2638,0,1,1
29,2642,0,1,1
29,2646,1,1,1
29,2650,1,1,1
29,2654,0,1,1
29,2658,0,1,1
29,2662,1,1,1
29,2666,1,1,1
29,2670,0,1,1
29,2674,0,1,1
29,2678,1,1,1
29,2682,1,1,1
29,2686,0,1,1
29,2690,0,1,1
29,2694,1,0,1
29,2698,1,1,1
29,2702,0,1,1
29,2706,0,1,1
29,2710,1,1,1
29,2714,1,1,1
29,2718,0,1,1
29,2722,0,1,1
29,2730,1,1,1
29,2734,0,1,1
29,2738,0,1,1
29,2742,1,1,1
29,2746,1,1,1
29,2750,0,1,1
29,2754,0,1,1
29,2758,1,1,1
29,2762,1,1,1
29,2766,0,1,1
29,2770,0,1,1
29,2774,1,1,1
29,2778,1,1,1
29,2782,0,1,1
29,2786,0,1,1
29,2790,1,1,1
29,2794,1,1,1
29,2798,0,1,1
29,2802,0,1,1
29,2806,1,1,1
29,2810,1,1,1
29,2814,0,0,0
29,2818,0,1,1
29,2822,1,1,1
29,2826,1,1,1
29,2830,0,1,1
29,2834,0,1,1
29,2838,1,1,1
29,2846,0,1,1
29,2850,0,1,1
29,2854,1,1,1
29,2858,1,1,1
29,2862,0,1,1
29,2866,0,1,1
29,2870,1,1,1
29,2874,1,1,1
29,2878,0,1,1
29,2882,0,1,1
29,2886,1,1,1
29,2890,1,1,1
29,2894,0,1,1
29,2898,0,1,1
29,2902,1,1,1
29,2906,1,1,1
29,2910,0,1,1
29,2914,0,1,1
29,2918,1,1,1
29,2922,1,1,1
29,2926,0,1,1
29,2930,0,1,1
29,2934,1,1,1
29,2938,1,1,1
29,2942,0,1,1
29,2946,0,1,1
29,2950,1,1,1
29,2954,1,1,1
29,2962,0,1,1
29,2966,1,1,1
29,2970,1,1,1
29,2974,0,1,1
29,2978,0,1,1
29,2982,1,1,1
29,2986,1,1,1
29,2990,0,1,1
29,2994,0,1,1
29,2998,1,1,1
29,3002,1,1,1
29,3006,0,1,1
29,3010,0,1,1
29,3014,1,1,1
29,3018,1,1,1
29,3022,0,1,1
29,3026,0,1,1
29,3030,1,1,1
29,3034,1,1,1
29,3038,0,1,1
29,3042,0,1,1
29,3046,1,1,1
29,3050,1,1,1
29,3054,0,1,1
29,3058,0,1,1
29,3062,1,1,1
29,3066,1,1,1
29,3070,0,1,1
29,3078,1,1,1
29,3082,1,1,1
29,3086,0,1,1
29,3090,0,1,1
29,3094,1,1,1
29,3098,1,1,1
29,3102,0,1,1
29,3106,0,1,1
29,3110,1,1,1
29,3114,1,1,1
29,3118,0,1,1
29,3122,0,1,1
29,3126,1,1,1
29,3130,1,1,1
29,3134,0,1,1
29,3138,0,1,1
29,3142,1,1,1
29,3146,1,1,1
29,3150,0,1,1
29,3154,0,1,1
29,3158,1,1,1
29,3162,1,1,1
29,3166,0,1,1
29,3170,0,1,1
29,3174,1,1,1
29,3178,1,1,1
29,3182,0,1,1
29,3186,0,1,1
29,3194,1,1,1
29,3198,0,1,1
29,3202,0,1,1
29,3206,1,1,1
29,3210,1,1,1
29,3214,0,1,1
29,3218,0,1,1
29,3222,1,1,1
29,3226,1,1,1
29,3230,0,1,1
29,3234,0,1,1
29,3238,1,1,1
29,3242,1,1,1
29,3246,0,1,1
29,3250,0,1,1
29,3254,1,1,1
29,3258,1,1,1
29,3262,0,1,1
29,3266,0,1,1
29,3270,1,1,1
29,3274,1,1,1
29,3278,0,1,1
29,3282,0,1,1
29,3286,1,1,1
29,3290,1,1,1
29,3294,0,1,1
29,3298,0,1,1
29,3302,1,1,1
29,3310,0,1,1
29,3314,0,1,1
29,3318,1,1,1
29,3322,1,1,1
29,3326,0,0,0
29,3330,0,1,1
29,3334,1,1,1
29,3338,1,1,1
29,3342,0,1,1
29,3346,0,1,1
29,3350,1,1,1
29,3354,1,1,1
29,3358,0,1,1
29,3362,0,1,1
29,3366,1,1,1
29,3370,1,1,1
29,3374,0,1,1
29,3378,0,1,1
29,3382,1,1,1
29,3386,1,1,1
29,3390,0,1,1
29,3394,0,1,1
29,3398,1,1,1
29,3402,1,1,1
29,3406,0,1,1
29,3410,0,1,1
29,3414,1,1,1
29,3418,1,1,1
29,3426,0,1,1
29,3430,1,1,1
29,3434,1,1,1
29,3438,0,1,1
29,3442,0,1,1
29,3446,1,1,1
29,3450,1,1,1
29,3454,0,1,1
29,3458,0,1,1
29,3462,1,1,1
29,3466,1,1,1
29,3470,0,1,1
29,3474,0,1,1
29,3478,1,1,1
29,3482,1,1,1
29,3486,0,1,1
29,3490,0,1,1
29,3494,1,1,1
29,3498,1,1,1
29,3502,0,1,1
29,3506,0,1,1
29,3510,1,1,1
29,3514,1,0,1
29,3518,0,1,1
29,3522,0,1,1
29,3526,1,1,1
29,3530,1,1,1
29,3534,0,1,1
29,3542,1,1,1
29,3546,1,1,1
29,3550,0,1,1
29,3554,0,1,1
29,3558,1,1,1
29,3562,1,1,1
29,3566,0,1,1
29,3570,0,1,1
29,3574,1,1,1
29,3578,1,1,1
29,3582,0,1,1
29,3586,0,1,1
29,3590,1,1,1
29,3594,1,1,1
29,3598,0,1,1
29,3602,0,1,1
29,3606,1,1,1
29,3610,1,1,1
29,3614,0,1,1
29,3618,0,1,1
29,3622,1,1,1
29,3626,1,1,1
29,3630,0,1,1
29,3634,0,1,1
29,3638,1,1,1
29,3642,1,1,1
29,3646,0,1,1
29,3650,0,1,1
29,3658,1,1,1
29,3662,0,1,1
29,3666,0,1,1
29,3670,1,1,1
29,3674,1,1,1
29,3678,0,1,1
29,3682,0,1,1
29,3686,1,0,1
29,3690,1,1,1
29,3694,0,1,1
29,3698,0,1,1
29,3702,1,1,1
29,3706,1,1,1
29,3710,0,1,1
29,3714,0,0,0
29,3718,1,1,1
29,3722,1,1,1
29,3726,0,1,1
29,3730,0,1,1
29,3734,1,1,1
29,3738,1,1,1
29,3742,0,1,1
29,3746,0,1,1
29,3750,1,1,1
29,3754,1,1,1
29,3758,0,1,1
29,3762,0,1,1
29,3766,1,1,1
29,3774,0,1,1
29,3778,0,1,1
29,3782,1,1,1
29,3786,1,1,1
29,3790,0,1,1
29,3794,0,1,1
29,3798,1,1,1
29,3802,1,1,1
29,3806,0,1,1
29,3810,0,1,1
29,3814,1,1,1
29,3818,1,1,1
29,3822,0,1,1
29,3826,0,1,1
29,3830,1,1,1
29,3834,1,1,1
29,3838,0,1,1
29,3842,0,1,1
29,3846,1,1,1
29,3850,1,1,1
29,3854,0,1,1
29,3858,0,1,1
29,3862,1,1,1
29,3866,1,1,1
29,3870,0,1,1
29,3874,0,1,1
29,3878,1,1,1
29,3882,1,1,1
29,3890,0,1,1
29,3894,0,1,1
29,3898,1,1,1
29,3902,0,1,1
29,3906,0,1,1
29,3910,1,1,1
29,3914,1,1,1
29,3918,0,1,1
29,3922,0,1,1
29,3926,1,1,1
29,3930,1,1,1
29,3934,0,1,1
29,3938,0,1,1
29,3942,1,1,1
29,3946,1,1,1
29,3950,0,1,1
29,3954,0,1,1
29,3958,1,1,1
29,3962,1,1,1
29,3966,0,1,1
29,3970,0,1,1
29,3974,1,1,1
29,3978,1,1,1
29,3982,0,1,1
29,3986,0,1,1
29,3990,1,1,1
29,3994,1,1,1
29,3998,0,1,1
29,4006,1,1,1
29,4010,1,1,1
29,4014,0,1,1
29,4018,0,1,1
29,4022,1,1,1
29,4026,1,1,1
29,4030,0,1,1
29,4034,0,1,1
29,4038,1,1,1
29,4042,1,1,1
29,4046,0,1,1
29,4050,0,1,1
29,4054,1,1,1
29,4058,1,1,1
29,4062,0,1,1
29,4066,0,1,1
29,4070,1,1,1
29,4074,1,1,1
29,4078,0,1,1
29,4082,0,1,1
29,4086,1,1,1
29,4090,1,1,1
29,4094,0,1,1
29,4098,0,1,1
29,4102,1,1,1
29,4106,1,1,1
29,4110,0,1,1
29,4114,0,1,1
29,4122,1,1,1
29,4126,0,1,1
29,4130,0,1,1
29,4134,1,1,1
29,4138,1,1,1
29,4142,0,1,1
29,4146,0,1,1
29,4150,1,1,1
29,4154,1,1,1
29,4158,0,1,1
29,4162,0,1,1
29,4166,1,1,1
29,4170,1,1,1
29,4174,0,1,1
29,4178,0,1,1
29,4182,1,1,1
29,4186,1,1,1
29,4190,0,1,1
29,4194,0,1,1
29,4198,1,1,1
29,4202,1,1,1
29,4206,0,1,1
29,4210,0,1,1
29,4214,1,1,1
29,4218,1,1,1
29,4222,0,1,1
29,4226,0,1,1
29,4230,1,1,1
29,4238,0,1,1
29,4242,0,1,1
29,4246,1,1,1
29,4250,1,1,1
29,4254,0,1,1
29,4258,0,1,1
29,4262,1,1,1
29,4266,1,1,1
29,4270,0,1,1
29,4274,0,1,1
29,4278,1,1,1
29,4282,1,1,1
29,4286,0,1,1
29,4290,0,1,1
29,4294,1,1,1
29,4298,1,1,1
29,4302,0,1,1
29,4306,0,1,1
29,4310,1,1,1
29,4314,1,1,1
29,4318,0,1,1
29,4322,0,1,1
29,4326,1,1,1
29,4330,1,1,1
29,4334,0,1,1
29,4338,0,1,1
29,4342,1,1,1
29,4346,1,1,1
29,4354,0,1,1
29,4358,1,1,1
29,4362,1,1,1
29,4366,0,1,1
29,4370,0,1,1
29,4374,1,1,1
29,4378,1,1,1
29,4382,0,1,1
29,4386,0,1,1
29,4390,1,1,1
29,4394,1,1,1
29,4398,0,1,1
29,4402,0,1,1
29,4406,1,1,1
29,4410,1,1,1
29,4414,0,1,1
29,4418,0,1,1
29,4422,1,1,1
29,4426,1,1,1
29,4430,0,1,1
29,4434,0,1,1
29,4438,1,1,1
29,4442,1,1,1
29,4446,0,1,1
29,4450,0,1,1
29,4454,1,1,1
29,4458,1,1,1
29,4462,0,1,1
29,4470,1,1,1
29,4474,1,1,1
29,4478,0,1,1
29,4482,0,1,1
29,4486,1,1,1
29,4490,1,1,1
29,4494,0,1,1
29,4498,0,1,1
29,4502,1,1,1
29,4506,1,1,1
29,4510,0,1,1
29,4514,0,1,1
29,4518,1,1,1
29,4522,1,1,1
29,4526,0,1,1
29,4530,0,1,1
29,4534,1,1,1
29,4538,1,1,1
29,4542,0,1,1
29,4546,0,1,1
29,4550,1,1,1
29,4554,1,0,1
29,4558,0,1,1
29,4562,0,1,1
29,4566,1,0,1
29,4570,1,1,1
29,4574,0,1,1
29,4578,0,1,1
29,4586,1,1,1
29,4590,0,1,1
29,4594,0,1,1
29,4598,1,1,1
29,4602,1,1,1
29,4606,0,1,1
29,4610,0,1,1
29,4614,1,1,1
29,4618,1,1,1
29,4622,0,1,1
29,4626,0,1,1
29,4630,1,1,1
29,4634,1,1,1
29,4638,0,1,1
29,4642,0,1,1
29,4646,1,1,1
29,4650,1,1,1
29,4654,0,1,1
29,4658,0,1,1
29,4662,1,1,1
29,4666,1,1,1
29,4670,0,1,1
29,4674,0,1,1
29,4678,1,1,1
29,4682,1,1,1
29,4686,0,1,1
29,4690,0,1,1
29,4694,1,1,1
29,4702,0,1,1
29,4706,0,1,1
29,4710,1,1,1
29,4714,1,1,1
29,4718,0,1,1
29,4722,0,1,1
29,4726,1,1,1
29,4730,1,1,1
29,4734,0,1,1
29,4738,0,1,1
29,4742,1,1,1
29,4746,1,1,1
29,4750,0,1,1
29,4754,0,1,1
29,4758,1,1,1
29,4762,1,1,1
29,4766,0,1,1
29,4770,0,1,1
29,4774,1,1,1
29,4778,1,1,1
29,4782,0,1,1
29,4786,0,1,1
29,4790,1,1,1
29,4794,1,1,1
29,4798,0,1,1
29,4802,0,1,1
29,4806,1,1,1
29,4810,1,1,1
29,4818,0,1,1
29,4822,1,1,1
29,4826,1,1,1
29,4830,0,1,1
29,4834,0,1,1
29,4838,1,1,1
29,4842,1,1,1
29,4846,0,1,1
29,4850,0,1,1
29,4854,1,1,1
29,4858,1,1,1
29,4862,0,1,1
29,4866,0,1,1
29,4870,1,1,1
29,4874,1,1,1
29,4878,0,1,1
29,4882,0,1,1
29,4886,1,1,1
29,4890,1,1,1
29,4894,0,1,1
29,4898,0,1,1
29,4902,1,1,1
29,4906,1,1,1
29,4910,0,1,1
29,4914,0,1,1
29,4918,1,1,1
29,4922,1,1,1
29,4926,0,1,1
29,4934,1,1,1
29,4938,1,1,1
29,4942,0,1,1
29,4946,0,1,1
29,4950,1,1,1
29,4954,1,1,1
29,4958,0,1,1
29,4962,0,1,1
29,4966,1,1,1
29,4970,1,1,1
29,4974,0,1,1
29,4978,0,1,1
29,4982,1,1,1
29,4986,1,1,1
29,4990,0,1,1
29,4994,0,0,0
29,4998,1,1,1
29,5002,1,1,1
29,5006,0,1,1
29,5010,0,1,1
29,5014,1,1,1
29,5018,1,1,1
29,5022,0,1,1
29,5026,0,1,1
29,5030,1,1,1
29,5034,1,1,1
29,5038,0,1,1
29,5042,0,1,1
29,5050,1,1,1
29,5054,0,1,1
29,5058,0,1,1
29,5062,1,1,1
29,5066,1,1,1
29,5070,0,1,1
29,5074,0,1,1
29,5078,1,1,1
29,5082,1,1,1
29,5086,0,1,1
29,5090,0,1,1
29,5094,1,1,1
29,5098,1,1,1
29,5102,0,1,1
29,5106,0,1,1
29,5110,1,1,1
29,5114,1,1,1
29,5118,0,1,1
29,5122,0,1,1
29,5126,1,1,1
29,5130,1,1,1
29,5134,0,1,1
29,5138,0,1,1
29,5142,1,1,1
29,5146,1,1,1
29,5150,0,1,1
29,5154,0,1,1
29,5158,1,1,1
29,5166,0,1,1
29,5170,0,1,1
29,5174,1,1,1
29,5178,1,1,1
29,5182,0,1,1
29,5186,0,1,1
29,5190,1,1,1
29,5194,1,1,1
29,5198,0,1,1
29,5202,0,1,1
29,5206,1,1,1
29,5210,1,1,1
29,5214,0,1,1
29,5218,0,1,1
29,5222,1,1,1
29,5226,1,1,1
29,5230,0,1,1
29,5234,0,1,1
29,5238,1,1,1
29,5242,1,1,1
29,5246,0,1,1
29,5250,0,1,1
29,5254,1,1,1
29,5258,1,1,1
29,5262,0,1,1
29,5266,0,1,1
29,5270,1,1,1
29,5274,1,1,1
29,5282,0,1,1
29,5286,1,1,1
29,5290,1,1,1
29,5294,0,1,1
29,5298,0,1,1
29,5302,1,1,1
29,5306,1,1,1
29,5310,0,1,1
29,5314,0,1,1
29,5318,1,1,1
29,5322,1,1,1
29,5326,0,1,1
29,5330,0,1,1
29,5334,1,1,1
29,5338,1,1,1
29,5342,0,1,1
29,5346,0,1,1
29,5350,1,1,1
29,5354,1,1,1
29,5358,0,1,1
29,5362,0,1,1
29,5366,1,1,1
29,5370,1,1,1
29,5374,0,1,1
29,5378,0,1,1
29,5382,1,1,1
29,5386,1,1,1
29,5390,0,1,1
29,5398,1,1,1
29,5402,1,1,1
29,5406,0,1,1
29,5410,0,1,1
29,5414,1,1,1
29,5418,1,1,1
29,5422,0,1,1
29,5426,0,1,1
29,5430,1,1,1
29,5434,1,1,1
29,5438,0,1,1
29,5442,0,1,1
29,5446,1,1,1
29,5450,1,1,1
29,5454,0,1,1
29,5458,0,1,1
29,5462,1,1,1
29,5466,1,1,1
29,5470,0,1,1
29,5474,0,1,1
29,5478,1,0,1
29,5482,1,1,1
29,5486,0,1,1
29,5490,0,1,1
29,5494,1,1,1
29,5498,1,1,1
29,5502,0,1,1
29,5506,0,1,1
29,5514,1,1,1
29,5518,0,1,1
29,5522,0,1,1
29,5526,1,1,1
29,5530,1,1,1
29,5534,0,1,1
29,5538,0,1,1
29,5542,1,1,1
29,5546,1,1,1
29,5550,0,1,1
29,5554,0,1,1
29,5558,1,1,1
29,5562,1,1,1
29,5566,0,1,1
29,5570,0,1,1
29,5574,1,1,1
29,5578,1,1,1
29,5582,0,1,1
29,5586,0,1,1
29,5590,1,1,1
29,5594,1,1,1
29,5598,0,1,1
29,5602,0,1,1
29,5606,1,1,1
29,5610,1,1,1
29,5614,0,1,1
29,5618,0,1,1
29,5622,1,1,1
29,5630,0,1,1
29,5634,0,1,1
29,5638,1,1,1
29,5642,1,1,1
29,5646,0,1,1
29,5650,0,1,1
29,5654,1,1,1
29,5658,1,1,1
29,5662,0,1,1
29,5666,0,1,1
29,5670,1,1,1
29,5674,1,1,1
29,5678,0,1,1
29,5682,0,1,1
29,5686,1,1,1
29,5690,1,1,1
29,5694,0,1,1
29,5698,0,1,1
29,5702,1,1,1
29,5706,1,1,1
29,5710,0,1,1
29,5714,0,1,1
29,5718,1,1,1
29,5722,1,1,1
29,5726,0,1,1
29,5730,0,1,1
29,5734,1,1,1
29,5738,1,1,1
29,5746,0,1,1
29,5750,1,1,1
29,5754,1,1,1
29,5758,0,1,1
29,5762,0,1,1
29,5766,1,1,1
29,5770,1,1,1
29,5774,0,1,1
29,5778,0,1,1
29,5782,1,1,1
29,5786,1,1,1
29,5790,0,1,1
29,5794,0,1,1
29,5798,1,1,1
29,5802,1,1,1
29,5806,0,1,1
29,5810,0,1,1
29,5814,1,1,1
29,5818,1,1,1
29,5822,0,1,1
29,5826,0,1,1
29,5830,1,1,1
29,5834,1,1,1
29,5838,0,1,1
29,5842,0,1,1
29,5846,1,1,1
29,5850,1,1,1
29,5854,0,1,1
29,5862,1,1,1
29,5866,1,1,1
29,5870,0,1,1
29,5874,0,1,1
29,5878,1,1,1
29,5882,1,1,1
29,5886,0,1,1
29,5890,0,1,1
29,5894,1,1,1
29,5898,1,1,1
29,5902,0,1,1
29,5906,0,1,1
29,5910,1,1,1
29,5914,1,1,1
29,5918,0,1,1
29,5922,0,1,1
29,5926,1,1,1
29,5930,1,1,1
29,5934,0,1,1
29,5938,0,1,1
29,5942,1,1,1
29,5946,1,1,1
29,5950,0,1,1
29,5954,0,1,1
29,5958,1,1,1
29,5962,1,1,1
29,5966,0,1,1
29,5970,0,1,1
29,5978,1,1,1
29,5982,0,1,1
29,5986,0,1,1
29,5990,1,1,1
29,5994,1,1,1
29,5998,0,1,1
29,6002,0,1,1
29,6006,1,1,1
29,6010,1,1,1
29,6014,0,1,1
29,6018,0,1,1
29,6022,1,1,1
29,6026,1,1,1
29,6030,0,1,1
29,6034,0,1,1
29,6038,1,1,1
29,6042,1,1,1
29,6046,0,1,1
29,6050,0,1,1
29,6054,1,1,1
29,6058,1,1,1
29,6062,0,1,1
29,6066,0,1,1
29,6070,1,1,1
29,6074,1,1,1
29,6078,0,1,1
29,6082,0,1,1
29,6086,1,1,1
29,6094,0,1,1
29,6098,0,1,1
29,6102,1,1,1
29,6106,1,1,1
29,6110,0,1,1
29,6114,0,1,1
29,6118,1,1,1
29,6122,1,1,1
29,6126,0,1,1
29,6130,0,1,1
29,6134,1,1,1
29,6138,1,1,1
29,6142,0,1,1
29,6146,0,1,1
29,6150,1,1,1
29,6154,1,1,1
29,6158,0,1,1
29,6162,0,1,1
29,6166,1,1,1
29,6170,1,1,1
29,6174,0,1,1
29,6178,0,1,1
29,6182,1,1,1
29,6186,1,1,1
29,6190,0,1,1
29,6194,0,1,1
29,6198,1,1,1
29,6202,1,1,1
29,6210,0,1,1
29,6214,1,1,1
29,6218,1,1,1
29,6222,0,1,1
29,6226,0,1,1
29,6230,1,1,1
29,6234,1,1,1
29,6238,0,1,1
29,6242,0,1,1
29,6246,1,1,1
29,6250,1,1,1
29,6254,0,1,1
29,6258,0,1,1
29,6262,1,1,1
29,6266,1,1,1
29,6270,0,1,1
29,6274,0,1,1
29,6278,1,1,1
29,6282,0,1,1
29,6286,0,1,1
29,6290,0,1,1
29,6294,1,1,1
29,6298,1,1,1
29,6302,0,1,1
29,6306,0,1,1
29,6310,1,1,1
29,6314,1,1,1
29,6318,0,1,1
29,6326,1,1,1
29,6330,1,1,1
29,6334,0,1,1
29,6338,0,1,1
29,6342,1,1,1
29,6346,1,1,1
29,6350,0,1,1
29,6354,0,1,1
29,6358,1,1,1
29,6362,1,1,1
29,6366,0,1,1
29,6370,0,1,1
29,6374,1,1,1
29,6378,1,1,1
29,6382,0,1,1
29,6386,0,1,1
29,6390,1,1,1
29,6394,1,1,1
29,6398,0,1,1
29,6402,0,1,1
29,6406,1,1,1
29,6410,1,1,1
29,6414,0,1,1
29,6418,0,1,1
29,6422,1,1,1
29,6426,1,1,1
29,6430,0,1,1
29,6434,0,1,1
29,6442,1,1,1
29,6446,0,1,1
29,6450,0,1,1
29,6454,1,1,1
29,6458,1,1,1
29,6462,0,1,1
29,6466,0,1,1
29,6470,1,1,1
29,6474,1,1,1
29,6478,0,1,1
29,6482,0,1,1
29,6486,1,1,1
29,6490,1,1,1
29,6494,0,1,1
29,6498,0,1,1
29,6502,1,1,1
29,6506,1,1,1
29,6510,0,1,1
29,6514,0,1,1
29,6518,1,1,1
29,6522,1,1,1
29,6526,0,1,1
29,6530,0,1,1
29,6534,1,1,1
29,6538,1,1,1
29,6542,0,1,1
29,6546,0,1,1
29,6550,1,1,1
29,6558,0,1,1
29,6562,0,1,1
29,6566,1,1,1
29,6570,1,1,1
29,6574,0,1,1
29,6578,0,1,1
29,6582,1,1,1
29,6586,1,1,1
29,6590,0,1,1
29,6594,0,1,1
29,6598,1,1,1
29,6602,1,1,1
29,6606,0,1,1
29,6610,0,1,1
29,6614,1,1,1
29,6618,1,1,1
29,6622,0,1,1
29,6626,0,1,1
29,6630,1,1,1
29,6634,1,1,1
29,6638,0,1,1
29,6642,0,1,1
29,6646,1,0,1
29,6650,1,1,1
29,6654,0,1,1
29,6658,0,1,1
29,6662,1,1,1
29,6666,1,1,1
29,6674,0,1,1
29,6678,1,1,1
29,6682,1,1,1
29,6686,0,1,1
29,6690,0,1,1
29,6694,1,1,1
29,6698,1,1,1
29,6702,0,1,1
29,6706,0,1,1
29,6710,1,1,1
29,6714,1,1,1
29,6718,0,1,1
29,6722,0,1,1
29,6726,1,1,1
29,6730,1,1,1
29,6734,0,1,1
29,6738,0,1,1
29,6742,1,1,1
29,6746,1,1,1
29,6750,0,1,1
29,6754,0,1,1
29,6758,1,1,1
29,6762,1,1,1
29,6766,0,1,1
29,6770,0,1,1
29,6774,1,1,1
29,6778,1,1,1
29,6782,0,1,1
29,6790,1,1,1
29,6794,1,1,1
29,6798,0,1,1
29,6802,0,1,1
29,6806,1,1,1
29,6810,1,1,1
29,6814,0,1,1
29,6818,0,1,1
29,6822,1,1,1
29,6826,1,1,1
29,6830,0,1,1
29,6834,0,1,1
29,6838,1,1,1
29,6842,1,1,1
29,6846,0,1,1
29,6850,0,1,1
29,6854,1,1,1
29,6858,1,1,1
29,6862,0,1,1
29,6866,0,1,1
29,6870,1,1,1
29,6874,1,1,1
29,6878,0,1,1
29,6882,0,1,1
29,6886,1,1,1
29,6890,1,1,1
29,6894,0,1,1
29,6898,0,1,1
29,6906,1,1,1
29,6910,0,1,1
29,6914,0,1,1
29,6918,1,1,1
29,6922,1,1,1
29,6926,0,1,1
29,6930,0,1,1
29,6934,1,1,1
29,6938,1,1,1
29,6942,0,1,1
29,6946,0,1,1
29,6950,1,1,1
29,6954,1,1,1
29,6958,0,1,1
29,6962,0,1,1
29,6966,1,1,1
29,6970,1,1,1
29,6974,0,1,1
29,6978,0,1,1
29,6982,1,1,1
29,6986,1,1,1
29,6990,0,1,1
29,6994,0,1,1
29,6998,1,1,1
29,7002,1,1,1
29,7006,0,1,1
29,7010,0,1,1
29,7014,1,1,1
29,7022,0,1,1
29,7026,0,1,1
29,7030,1,1,1
29,7034,1,1,1
29,7038,0,1,1
29,7042,0,1,1
29,7046,1,1,1
29,7050,1,1,1
29,7054,0,1,1
29,7058,0,1,1
29,7062,1,1,1
29,7066,1,1,1
29,7070,0,1,1
29,7074,0,1,1
29,7078,1,1,1
29,7082,1,1,1
29,7086,0,1,1
29,7090,0,1,1
29,7094,1,1,1
29,7098,1,1,1
29,7102,0,1,1
29,7106,0,1,1
29,7110,1,1,1
29,7114,1,1,1
29,7118,0,1,1
29,7122,0,1,1
29,7126,1,1,1
29,7130,1,1,1
29,7138,0,1,1
29,7142,1,1,1
29,7146,1,1,1
29,7150,0,1,1
29,7154,0,1,1
29,7158,1,1,1
29,7162,1,1,1
29,7166,0,1,1
29,7170,0,1,1
29,7174,1,1,1
29,7178,1,1,1
29,7182,0,1,1
29,7186,0,1,1
29,7190,1,1,1
29,7194,1,1,1
29,7198,0,1,1
29,7202,0,1,1
29,7206,1,1,1
29,7210,1,1,1
29,7214,0,1,1
29,7218,0,1,1
29,7222,1,1,1
29,7226,1,1,1
29,7230,0,1,1
29,7234,0,1,1
29,7238,1,1,1
29,7242,1,1,1
29,7246,0,1,1
29,7254,1,1,1
29,7258,1,1,1
29,7262,0,1,1
29,7266,0,1,1
29,7270,1,1,1
29,7274,1,1,1
29,7278,0,1,1
29,7282,0,1,1
29,7286,1,1,1
29,7290,1,1,1
29,7294,0,1,1
29,7298,0,1,1
29,7302,1,1,1
29,7306,1,1,1
29,7310,0,1,1
29,7314,0,1,1
29,7318,1,1,1
29,7322,1,1,1
29,7326,0,1,1
29,7330,0,1,1
29,7334,1,1,1
29,7338,1,1,1
29,7342,0,1,1
29,7346,0,1,1
29,7350,1,1,1
29,7354,1,1,1
29,7358,0,1,1
29,7362,0,1,1
29,7370,1,1,1
29,7374,0,1,1
29,7378,0,1,1
29,7382,1,1,1
29,7386,1,1,1
29,7390,0,1,1
29,7394,0,1,1
29,7398,1,1,1
29,7402,1,1,1
29,7406,0,1,1
29,7410,0,1,1
29,7414,1,1,1
29,7418,1,1,1
29,7422,0,1,1
29,7426,0,1,1
29,7430,1,1,1
29,7434,1,1,1
29,7438,0,1,1
29,7442,0,1,1
29,7446,1,1,1
29,7450,1,1,1
29,7454,0,1,1
29,7458,0,1,1
29,7462,1,1,1
29,7466,1,1,1
29,7470,0,1,1
29,7474,0,1,1
29,7478,1,1,1
29,7486,0,1,1
29,7490,0,1,1
29,7494,1,1,1
29,7498,1,1,1
29,7502,0,1,1
29,7506,0,1,1
29,7510,1,1,1
29,7514,1,1,1
29,7518,0,1,1
29,7522,0,1,1
29,7526,1,1,1
29,7530,1,1,1
29,7534,0,1,1
29,7538,0,1,1
29,7542,1,1,1
29,7546,1,1,1
29,7550,0,1,1
29,7554,0,1,1
29,7558,1,1,1
29,7562,1,1,1
29,7566,0,1,1
29,7570,0,1,1
29,7574,1,1,1
29,7578,1,1,1
29,7582,0,1,1
29,7586,0,1,1
29,7590,1,1,1
29,7594,1,1,1
29,7602,0,1,1
29,7606,1,1,1
29,7610,1,1,1
29,7614,0,1,1
29,7618,0,1,1
29,7622,1,1,1
29,7626,1,1,1
29,7630,0,1,1
29,7634,0,1,1
29,7638,1,1,1
29,7642,1,1,1
29,7646,0,1,1
29,7650,0,1,1
29,7654,1,1,1
29,7658,1,1,1
29,7662,0,1,1
29,7666,0,1,1
29,7670,1,1,1
29,7674,1,1,1
29,7678,0,1,1
29,7682,0,1,1
29,7686,1,1,1
29,7690,1,1,1
29,7694,0,1,1
29,7698,0,1,1
29,7702,1,1,1
29,7706,1,1,1
29,7710,0,1,1
29,7718,1,1,1
29,7722,1,1,1
29,7726,0,1,1
29,7730,0,1,1
29,7734,1,1,1
29,7738,1,1,1
29,7742,0,1,1
29,7746,0,1,1
29,7750,1,1,1
29,7754,1,1,1
29,7758,0,1,1
29,7762,0,1,1
29,7766,1,1,1
29,7770,1,1,1
29,7774,0,1,1
29,7778,0,1,1
29,7782,1,1,1
29,7786,1,1,1
29,7790,0,1,1
29,7794,0,1,1
29,7798,1,1,1
29,7802,1,1,1
29,7806,0,1,1
29,7810,0,1,1
29,7814,1,1,1
29,7818,1,1,1
29,7822,0,1,1
29,7826,0,1,1
29,7834,1,1,1
29,7838,0,1,1
29,7842,0,1,1
29,7846,1,1,1
29,7850,1,1,1
29,7854,0,1,1
29,7858,0,1,1
29,7862,1,1,1
29,7866,1,1,1
29,7870,0,1,1
29,7874,0,1,1
29,7878,1,1,1
29,7882,1,1,1
29,7886,0,1,1
29,7890,0,1,1
29,7894,1,1,1
29,7898,1,1,1
29,7902,0,1,1
29,7906,0,1,1
29,7910,1,1,1
29,7914,1,1,1
29,7918,0,1,1
29,7922,0,1,1
29,7926,1,1,1
29,7930,1,1,1
29,7934,0,1,1
29,7938,0,1,1
29,7942,1,1,1
29,7950,0,1,1
29,7954,0,1,1
29,7958,1,1,1
29,7962,1,1,1
29,7966,0,1,1
29,7970,0,1,1
29,7974,1,1,1
29,7978,1,1,1
29,7982,0,1,1
29,7986,0,1,1
29,7990,1,1,1
29,7994,1,1,1
29,7998,0,1,1
29,8002,0,1,1
29,8006,1,1,1
29,8010,1,1,1
29,8014,0,1,1
29,8018,0,1,1
29,8022,1,1,1
29,8026,1,1,1
29,8030,0,1,1
29,8034,0,1,1
29,8038,1,1,1
29,8042,1,1,1
29,8046,0,1,1
29,8050,0,1,1
29,8054,1,1,1
29,8058,1,1,1
29,8066,0,1,1
29,8070,1,1,1
29,8074,1,1,1
29,8078,0,1,1
29,8082,0,1,1
29,8086,1,1,1
29,8090,1,1,1
29,8094,0,1,1
29,8098,0,1,1
29,8102,1,1,1
29,8106,1,1,1
29,8110,0,1,1
29,8114,0,1,1
29,8118,1,1,1
29,8122,1,1,1
29,8126,0,1,1
29,8130,0,1,1
29,8134,1,1,1
29,8138,1,1,1
29,8142,0,1,1
29,8146,0,1,1
29,8150,1,1,1
29,8154,1,1,1
29,8158,0,1,1
29,8162,0,1,1
29,8166,1,1,1
29,8170,1,1,1
29,8174,0,1,1
29,8182,1,1,1
29,8186,1,1,1
29,8190,0,1,1
29,8194,0,1,1
29,8198,1,1,1
29,8202,1,1,1
29,8206,0,1,1
29,8210,0,1,1
29,8214,1,1,1
29,8218,1,1,1
29,8222,0,1,1
29,8226,0,1,1
29,8230,1,1,1
29,8234,1,1,1
29,8238,0,1,1
29,8242,0,1,1
29,8246,1,1,1
29,8250,1,1,1
29,8254,0,1,1
29,8258,0,1,1
29,8262,1,1,1
29,8266,1,1,1
29,8270,0,1,1
29,8274,0,1,1
29,8278,1,1,1
29,8282,1,1,1
29,8286,0,1,1
29,8290,0,1,1
29,8298,1,1,1
29,8302,0,1,1
29,8306,0,1,1
29,8310,1,1,1
29,8314,1,1,1
29,8318,0,1,1
29,8322,0,1,1
29,8326,1,1,1
29,8330,1,1,1
29,8334,0,1,1
29,8338,0,1,1
29,8342,1,1,1
29,8346,1,1,1
29,8350,0,1,1
29,8354,0,1,1
29,8358,1,1,1
29,8362,1,1,1
29,8366,0,1,1
29,8370,0,1,1
29,8374,1,1,1
29,8378,1,1,1
29,8382,0,1,1
29,8386,0,1,1
29,8390,1,1,1
29,8394,1,1,1
29,8398,0,1,1
29,8402,0,1,1
29,8406,1,1,1
29,8414,0,1,1
29,8418,0,1,1
29,8422,1,1,1
29,8426,1,1,1
29,8430,0,1,1
29,8434,0,1,1
29,8438,1,1,1
29,8442,1,1,1
29,8446,0,1,1
29,8450,0,1,1
29,8454,1,1,1
29,8458,1,1,1
29,8462,0,1,1
29,8466,0,1,1
29,8470,1,1,1
29,8474,1,1,1
29,8478,0,1,1
29,8482,0,1,1
29,8486,1,1,1
29,8490,1,1,1
29,8494,0,1,1
29,8498,0,1,1
29,8502,1,0,1
29,8506,1,1,1
29,8510,0,1,1
29,8514,0,1,1
29,8518,1,1,1
29,8522,1,1,1
29,8530,0,1,1
29,8534,1,1,1
29,8538,1,1,1
29,8542,0,1,1
29,8546,0,1,1
29,8550,1,1,1
29,8554,1,1,1
29,8558,0,1,1
29,8562,0,1,1
29,8566,1,1,1
29,8570,1,1,1
29,8574,0,1,1
29,8578,0,1,1
29,8582,1,1,1
29,8586,1,1,1
29,8590,0,1,1
29,8594,0,1,1
29,8598,1,1,1
29,8602,1,1,1
29,8606,0,1,1
29,8610,0,1,1
29,8614,1,1,1
29,8618,1,1,1
29,8622,0,1,1
29,8626,0,1,1
29,8630,1,1,1
29,8634,1,1,1
29,8638,0,1,1
29,8646,1,1,1
29,8650,1,1,1
29,8654,0,1,1
29,8658,0,1,1
29,8662,1,1,1
29,8666,1,1,1
29,8670,0,1,1
29,8674,0,1,1
29,8678,1,1,1
29,8682,1,1,1
29,8686,0,1,1
29,8690,0,1,1
29,8694,1,1,1
29,8698,1,1,1
29,8702,0,1,1
29,8706,0,1,1
29,8710,1,1,1
29,8714,1,1,1
29,8718,0,1,1
29,8722,0,1,1
29,8726,1,1,1
29,8730,1,1,1
29,8734,0,1,1
29,8738,0,1,1
29,8742,1,1,1
29,8746,1,1,1
29,8750,0,1,1
29,8754,0,1,1
29,8762,1,1,1
29,8766,0,1,1
29,8770,0,1,1
29,8774,1,1,1
29,8778,1,1,1
29,8782,0,1,1
29,8786,0,1,1
29,8790,1,1,1
29,8794,1,1,1
29,8798,0,1,1
29,8802,0,1,1
29,8806,1,1,1
29,8810,1,1,1
29,8814,0,1,1
29,8818,0,1,1
29,8822,1,1,1
29,8826,1,1,1
29,8830,0,1,1
29,8834,0,1,1
29,8838,1,1,1
29,8842,1,1,1
29,8846,0,1,1
29,8850,0,1,1
29,8854,1,1,1
29,8858,1,1,1
29,8862,0,1,1
29,8866,0,1,1
29,8870,1,1,1
29,8878,0,1,1
29,8882,0,1,1
29,8886,1,1,1
29,8890,1,1,1
29,8894,0,1,1
29,8898,0,1,1
29,8902,1,1,1
29,8906,1,1,1
29,8910,0,1,1
29,8914,0,1,1
29,8918,1,1,1
29,8922,1,1,1
29,8926,0,1,1
29,8930,0,1,1
29,8934,1,1,1
29,8938,1,1,1
29,8942,0,1,1
29,8946,0,1,1
29,8950,1,1,1
29,8954,1,1,1
29,8958,0,1,1
29,8962,0,1,1
29,8966,1,1,1
29,8970,1,1,1
29,8974,0,1,1
29,8978,0,1,1
29,8982,1,1,1
29,8986,1,1,1
29,8994,0,1,1
29,8998,1,1,1
29,9002,1,1,1
29,9006,0,1,1
29,9010,0,1,1
29,9014,1,1,1
29,9018,1,1,1
29,9022,0,1,1
29,9026,0,1,1
29,9030,1,1,1
29,9034,1,1,1
29,9038,0,1,1
29,9042,0,1,1
29,9046,1,1,1
29,9050,1,1,1
29,9054,0,1,1
29,9058,0,1,1
29,9062,1,1,1
29,9066,1,1,1
29,9070,0,1,1
29,9074,0,1,1
29,9078,1,1,1
29,9082,1,1,1
29,9086,0,1,1
29,9090,0,1,1
29,9094,1,1,1
29,9098,1,1,1
29,9102,0,1,1
29,9110,1,1,1
29,9114,1,1,1
29,9118,0,1,1
29,9122,0,1,1
29,9126,1,1,1
29,9130,1,1,1
29,9134,0,1,1
29,9138,0,1,1
29,9142,1,1,1
29,9146,1,1,1
29,9150,0,1,1
29,9154,0,1,1
29,9158,1,1,1
29,9162,1,1,1
29,9166,0,1,1
29,9170,0,1,1
29,9174,1,1,1
29,9178,1,1,1
29,9182,0,1,1
29,9186,0,1,1
29,9190,1,1,1
29,9194,1,1,1
29,9198,0,1,1
29,9202,0,1,1
29,9206,1,1,1
29,9210,1,1,1
29,9214,0,1,1
29,9218,0,1,1
29,9226,1,1,1
29,9230,0,1,1
29,9234,0,1,1
29,9238,1,1,1
29,9242,1,1,1
29,9246,0,0,0
29,9250,0,1,1
29,9254,1,1,1
29,9258,1,1,1
29,9262,0,1,1
29,9266,0,1,1
29,9270,1,1,1
29,9274,1,1,1
29,9278,0,1,1
29,9282,0,1,1
29,9286,1,1,1
29,9290,1,1,1
29,9294,0,1,1
29,9298,0,1,1
29,9302,1,1,1
29,9306,1,1,1
29,9310,0,1,1
29,9314,0,1,1
29,9318,1,1,1
29,9322,1,1,1
29,9326,0,1,1
29,9330,0,1,1
29,9334,1,1,1
29,9342,0,1,1
29,9346,0,1,1
29,9350,1,1,1
29,9354,1,1,1
29,9358,0,1,1
29,9362,0,1,1
29,9366,1,1,1
29,9370,1,1,1
29,9374,0,1,1
29,9378,0,1,1
29,9382,1,1,1
29,9386,1,1,1
29,9390,0,1,1
29,9394,0,1,1
29,9398,1,1,1
29,9402,1,1,1
29,9406,0,1,1
29,9410,0,1,1
29,9414,1,1,1
29,9418,1,1,1
29,9422,0,1,1
29,9426,0,1,1
29,9430,1,1,1
29,9434,1,1,1
29,9438,0,1,1
29,9442,0,1,1
29,9446,1,1,1
29,9450,1,1,1
29,9458,0,1,1
29,9462,1,1,1
29,9466,1,1,1
29,9470,0,1,1
29,9474,0,1,1
29,9478,1,1,1
29,9482,1,1,1
29,9486,0,1,1
29,9490,0,1,1
29,9494,1,1,1
29,9498,1,1,1
29,9502,0,1,1
29,9506,0,1,1
29,9510,1,0,1
29,9514,1,1,1
29,9518,0,1,1
29,9522,0,1,1
29,9526,1,1,1
29,9530,1,1,1
29,9534,0,1,1
29,9538,0,1,1
29,9542,1,1,1
29,9546,1,1,1
29,9550,0,1,1
29,9554,0,1,1
29,9558,1,1,1
29,9562,1,1,1
29,9566,0,1,1
29,9574,1,1,1
29,9578,1,1,1
29,9582,0,1,1
29,9586,0,1,1
29,9590,1,1,1
29,9594,1,1,1
29,9598,0,1,1
29,9602,0,1,1
29,9606,1,1,1
29,9610,1,1,1
29,9614,0,1,1
29,9618,0,1,1
29,9622,1,1,1
29,9626,1,1,1
29,9630,0,1,1
29,9634,0,1,1
29,9638,1,1,1
29,9642,1,1,1
29,9646,0,1,1
29,9650,0,1,1
29,9654,1,1,1
29,9658,1,1,1
29,9662,0,1,1
29,9666,0,1,1
29,9670,1,1,1
29,9674,1,1,1
29,9678,0,1,1
29,9682,0,1,1
29,9690,1,1,1
29,9694,0,1,1
29,9698,0,1,1
29,9702,1,1,1
29,9706,1,1,1
29,9710,0,1,1
29,9714,0,1,1
29,9718,1,1,1
29,9722,1,1,1
29,9726,0,1,1
29,9730,0,1,1
29,9734,1,1,1
29,9738,1,1,1
29,9742,0,1,1
29,9746,0,1,1
29,9750,1,1,1
29,9754,1,1,1
29,9758,0,1,1
29,9762,0,1,1
29,9766,1,1,1
29,9770,1,1,1
29,9774,0,1,1
29,9778,0,1,1
29,9782,1,1,1
29,9786,1,1,1
29,9790,0,1,1
29,9794,0,1,1
29,9798,1,1,1
29,9806,0,1,1
29,9810,0,1,1
29,9814,1,1,1
29,9818,1,1,1
29,9822,0,1,1
29,9826,0,1,1
29,9830,1,1,1
29,9834,1,1,1
29,9838,0,1,1
29,9842,0,1,1
29,9846,1,1,1
29,9850,1,1,1
29,9854,0,1,1
29,9858,0,1,1
29,9862,1,1,1
29,9866,1,1,1
29,9870,0,1,1
29,9874,0,1,1
29,9878,1,1,1
29,9882,1,1,1
29,9886,0,1,1
29,9890,0,1,1
29,9894,1,1,1
29,9898,1,1,1
29,9902,0,1,1
29,9906,0,1,1
29,9910,1,1,1
29,9914,1,1,1
29,9922,0,1,1
29,9926,1,1,1
29,9930,1,1,1
29,9934,0,1,1
29,9938,0,1,1
29,9942,1,1,1
29,9946,1,1,1
29,9950,0,1,1
29,9954,0,1,1
29,9958,1,1,1
29,9962,1,1,1
29,9966,0,1,1
29,9970,0,1,1
29,9974,1,1,1
29,9978,1,1,1
29,9982,0,1,1
29,9986,0,1,1
29,9990,1,1,1
29,9994,1,1,1
29,9998,0,1,1
29,10002,0,1,1
29,10006,1,1,1
29,10010,1,1,1
29,10014,0,1,1
29,10018,0,1,1
29,10022,1,1,1
29,10026,1,1,1
29,10030,0,1,1
29,10038,1,1,1
29,10042,1,1,1
29,10046,0,1,1
29,10050,0,1,1
29,10054,1,1,1
29,10058,1,1,1
29,10062,0,1,1
29,10066,0,1,1
29,10070,1,1,1
29,10074,1,1,1
29,10078,0,1,1
29,10082,0,1,1
29,10086,1,1,1
29,10090,1,1,1
29,10094,0,0,0
29,10098,0,1,1
29,10102,1,1,1
29,10106,1,1,1
29,10110,0,1,1
29,10114,0,1,1
29,10118,1,1,1
29,10122,1,1,1
29,10126,0,1,1
29,10130,0,1,1
29,10134,1,1,1
29,10138,1,1,1
29,10142,0,1,1
29,10146,0,1,1
29,10154,1,1,1
29,10158,0,1,1
29,10162,0,1,1
29,10166,1,1,1
29,10170,1,1,1
29,10174,0,1,1
29,10178,0,1,1
29,10182,1,1,1
29,10186,1,1,1
29,10190,0,1,1
29,10194,0,1,1
29,10198,1,1,1
29,10202,1,1,1
29,10206,0,1,1
29,10210,0,1,1
29,10214,1,1,1
29,10218,1,1,1
29,10222,0,1,1
29,10226,0,1,1
29,10230,1,1,1
29,10234,1,1,1
29,10238,0,1,1
29,10242,0,1,1
29,10246,1,1,1
29,10250,1,1,1
29,10254,0,1,1
29,10258,0,1,1
29,10262,1,1,1
29,10270,0,1,1
29,10274,0,1,1
29,10278,1,1,1
29,10282,1,1,1
29,10286,0,1,1
29,10290,0,1,1
29,10294,1,1,1
29,10298,1,1,1
29,10302,0,1,1
29,10306,0,1,1
29,10310,1,1,1
29,10314,1,1,1
29,10318,0,1,1
29,10322,0,1,1
29,10326,1,1,1
29,10330,1,1,1
29,10334,0,1,1
29,10338,0,1,1
29,10342,1,1,1
29,10346,1,1,1
29,10350,0,1,1
29,10354,0,1,1
29,10358,1,1,1
29,10362,1,1,1
29,10366,0,1,1
29,10370,0,1,1
29,10374,1,1,1
29,10378,1,1,1
29,10386,0,1,1
29,10390,1,1,1
29,10394,1,1,1
29,10398,0,1,1
29,10402,0,1,1
29,10406,1,1,1
29,10410,1,1,1
29,10414,0,1,1
29,10418,0,1,1
29,10422,1,1,1
29,10426,1,1,1
29,10430,0,1,1
29,10434,0,1,1
29,10438,1,1,1
29,10442,1,1,1
29,10446,0,1,1
29,10450,0,1,1
29,10454,1,1,1
29,10458,1,1,1
29,10462,0,1,1
29,10466,0,1,1
29,10470,1,1,1
29,10474,1,1,1
29,10478,0,1,1
29,10482,0,1,1
29,10486,1,1,1
29,10490,1,1,1
29,10494,0,1,1
29,10502,1,1,1
29,10506,1,1,1
29,10510,0,1,1
29,10514,0,1,1
29,10518,1,1,1
29,10522,1,1,1
29,10526,0,1,1
29,10530,0,1,1
29,10534,1,1,1
29,10538,1,1,1
29,10542,0,1,1
29,10546,0,1,1
29,10550,1,1,1
29,10554,1,1,1
29,10558,0,1,1
29,10562,0,1,1
29,10566,1,1,1
29,10570,1,1,1
29,10574,0,1,1
29,10578,0,1,1
29,10582,1,1,1
29,10586,1,1,1
29,10590,0,1,1
29,10594,0,1,1
29,10598,1,1,1
29,10602,1,1,1
29,10606,0,1,1
29,10610,0,1,1
29,10618,1,1,1
29,10622,0,1,1
29,10626,0,1,1
29,10630,1,1,1
29,10634,1,1,1
29,10638,0,1,1
29,10642,0,1,1
29,10646,1,1,1
29,10650,1,1,1
29,10654,0,1,1
29,10658,0,1,1
29,10662,1,1,1
29,10666,1,1,1
29,10670,0,1,1
29,10674,0,1,1
29,10678,1,1,1
29,10682,1,1,1
29,10686,0,1,1
29,10690,0,1,1
29,10694,1,1,1
29,10698,1,1,1
29,10702,0,1,1
29,10706,0,1,1
29,10710,1,1,1
29,10714,1,1,1
29,10718,0,1,1
29,10722,0,1,1
29,10726,1,1,1
29,10734,0,1,1
29,10738,0,1,1
29,10742,1,1,1
29,10746,1,1,1
29,10750,0,1,1
29,10754,0,1,1
29,10758,1,1,1
29,10762,1,1,1
29,10766,0,1,1
29,10770,0,1,1
29,10774,1,1,1
29,10778,1,1,1
29,10782,0,1,1
29,10786,0,1,1
29,10790,1,1,1
29,10794,1,1,1
29,10798,0,1,1
29,10802,0,1,1
29,10806,1,1,1
29,10810,1,1,1
29,10814,0,1,1
29,10818,0,1,1
29,10822,1,1,1
29,10826,1,1,1
29,10830,0,1,1
29,10834,0,1,1
29,10838,1,1,1
29,10842,1,1,1
29,10850,0,1,1
29,10854,1,1,1
29,10858,1,1,1
29,10862,0,1,1
29,10866,0,1,1
29,10870,1,1,1
29,10874,1,1,1
29,10878,0,1,1
29,10882,0,1,1
29,10886,1,1,1
29,10890,1,1,1
29,10894,0,1,1
29,10898,0,1,1
29,10902,1,1,1
29,10906,1,1,1
29,10910,0,1,1
29,10914,0,1,1
29,10918,1,1,1
29,10922,1,1,1
29,10926,0,1,1
29,10930,0,1,1
29,10934,1,1,1
29,10938,1,1,1
29,10942,0,1,1
29,10946,0,1,1
29,10950,1,1,1
29,10954,1,1,1
29,10958,0,1,1
29,10966,1,1,1
29,10970,1,1,1
29,10974,0,1,1
29,10978,0,1,1
29,10982,1,1,1
29,10986,1,1,1
29,10990,0,1,1
29,10994,0,1,1
29,10998,1,1,1
29,11002,1,1,1
29,11006,0,1,1
29,11010,0,1,1
29,11014,1,1,1
29,11018,1,1,1
29,11022,0,1,1
29,11026,0,1,1
29,11030,1,1,1
29,11034,1,1,1
29,11038,0,1,1
29,11042,0,1,1
29,11046,1,1,1
29,11050,1,1,1
29,11054,0,1,1
29,11058,0,1,1
29,11062,1,1,1
29,11066,1,1,1
29,11070,0,1,1
29,11074,0,1,1
29,11082,1,1,1
29,11086,0,1,1
29,11090,0,1,1
29,11094,1,1,1
29,11098,1,1,1
29,11102,0,1,1
29,11106,0,1,1
29,11110,1,1,1
29,11114,1,1,1
29,11118,0,1,1
29,11122,0,1,1
29,11126,1,1,1
29,11130,1,1,1
29,11134,0,1,1
29,11138,0,1,1
29,11142,1,1,1
29,11146,1,1,1
29,11150,0,1,1
29,11154,0,1,1
29,11158,1,1,1
29,11162,1,1,1
29,11166,0,1,1
29,11170,0,1,1
29,11174,1,1,1
29,11178,1,1,1
29,11182,0,1,1
29,11186,0,1,1
29,11190,1,1,1
29,11198,0,1,1
29,11202,0,1,1
29,11206,1,1,1
29,11210,1,1,1
29,11214,0,1,1
29,11218,0,1,1
29,11222,1,1,1
29,11226,1,1,1
29,11230,0,1,1
29,11234,0,1,1
29,11238,1,0,1
29,11242,1,1,1
29,11246,0,1,1
29,11250,0,1,1
29,11254,1,1,1
29,11258,1,1,1
29,11262,0,1,1
29,11266,0,1,1
29,11270,1,1,1
29,11274,1,1,1
29,11278,0,1,1
29,11282,0,1,1
29,11286,1,1,1
29,11290,1,1,1
29,11294,0,1,1
29,11298,0,1,1
29,11302,1,1,1
29,11306,1,1,1
29,11314,0,1,1
29,11318,1,1,1
29,11322,1,1,1
29,11326,0,1,1
29,11330,0,1,1
29,11334,1,1,1
29,11338,1,1,1
29,11342,0,1,1
29,11346,0,1,1
29,11350,1,1,1
29,11354,1,1,1
29,11358,0,1,1
29,11362,0,1,1
29,11366,1,1,1
29,11370,1,1,1
29,11374,0,1,1
29,11378,0,1,1
29,11382,1,1,1
29,11386,1,1,1
29,11390,0,1,1
29,11394,0,1,1
29,11398,1,1,1
29,11402,1,1,1
29,11406,0,1,1
29,11410,0,1,1
29,11414,1,1,1
29,11418,1,1,1
29,11422,0,1,1
29,11430,1,1,1
29,11434,1,1,1
29,11438,0,1,1
29,11442,0,1,1
29,11446,1,1,1
29,11450,1,1,1
29,11454,0,1,1
29,11458,0,1,1
29,11462,1,1,1
29,11466,1,1,1
29,11470,0,1,1
29,11474,0,1,1
29,11478,1,1,1
29,11482,1,1,1
29,11486,0,1,1
29,11490,0,1,1
29,11494,1,1,1
29,11498,1,1,1
29,11502,0,1,1
29,11506,0,0,0
29,11510,1,1,1
29,11514,1,1,1
29,11518,0,1,1
29,11522,0,1,1
29,11526,1,1,1
29,11530,1,1,1
29,11534,0,1,1
29,11538,0,1,1
29,11546,1,1,1
29,11550,0,1,1
29,11554,0,1,1
29,11558,1,1,1
29,11562,1,1,1
29,11566,0,1,1
29,11570,0,1,1
29,11574,1,1,1
29,11578,1,1,1
29,11582,0,1,1
29,11586,0,1,1
29,11590,1,1,1
29,11594,1,1,1
29,11598,0,1,1
29,11602,0,1,1
29,11606,1,1,1
29,11610,1,1,1
29,11614,0,1,1
29,11618,0,1,1
29,11622,1,1,1
29,11626,1,1,1
29,11630,0,1,1
29,11634,0,1,1
29,11638,1,1,1
29,11642,1,1,1
29,11646,0,1,1
29,11650,0,1,1
29,11654,1,1,1
29,11662,0,1,1
29,11666,0,1,1
29,11670,1,1,1
29,11674,1,1,1
29,11678,0,1,1
29,11682,0,1,1
29,11686,1,1,1
29,11690,1,1,1
29,11694,0,1,1
29,11698,0,1,1
29,11702,1,1,1
29,11706,1,1,1
29,11710,0,1,1
29,11714,0,1,1
29,11718,1,1,1
29,11722,1,1,1
29,11726,0,1,1
29,11730,0,1,1
29,11734,1,1,1
29,11738,1,1,1
29,11742,0,1,1
29,11746,0,1,1
29,11750,1,1,1
29,11754,1,1,1
29,11758,0,1,1
29,11762,0,1,1
29,11766,1,1,1
29,11770,1,1,1
29,11778,0,1,1
29,11782,1,1,1
29,11786,1,1,1
29,11790,0,1,1
29,11794,0,1,1
29,11798,0,1,1
29,11802,1,1,1
29,11806,0,1,1
29,11810,0,1,1
29,11814,1,1,1
29,11818,1,1,1
29,11822,0,1,1
29,11826,0,1,1
29,11830,1,1,1
29,11834,1,1,1
29,11838,0,1,1
29,11842,0,1,1
29,11846,1,1,1
29,11850,1,1,1
29,11854,0,1,1
29,11858,0,1,1
29,11862,1,1,1
29,11866,1,1,1
29,11870,0,1,1
29,11874,0,1,1
29,11878,1,1,1
29,11882,1,1,1
29,11886,0,1,1
29,11894,1,1,1
29,11898,1,1,1
29,11902,0,1,1
29,11906,0,1,1
29,11910,1,1,1
29,11914,1,1,1
29,11918,0,1,1
29,11922,0,1,1
29,11926,1,1,1
29,11930,1,1,1
29,11934,0,1,1
29,11938,0,1,1
29,11942,1,1,1
29,11946,1,1,1
29,11950,0,1,1
29,11954,0,1,1
29,11958,1,1,1
29,11962,1,1,1
29,11966,0,1,1
29,11970,0,1,1
29,11974,1,1,1
29,11978,1,1,1
29,11982,0,1,1
29,11986,0,1,1
29,11990,1,1,1
29,11994,1,1,1
29,11998,0,1,1
29,12002,0,1,1
29,12010,1,1,1
29,12014,0,1,1
29,12018,0,1,1
29,12022,1,1,1
29,12026,1,1,1
29,12030,0,1,1
29,12034,0,1,1
29,12038,1,1,1
29,12042,1,1,1
29,12046,0,1,1
29,12050,0,1,1
29,12054,1,1,1
29,12058,1,1,1
29,12062,0,1,1
29,12066,0,1,1
29,12070,1,1,1
29,12074,1,1,1
29,12078,0,1,1
29,12082,0,1,1
29,12086,1,1,1
29,12090,1,1,1
29,12094,0,1,1
29,12098,0,1,1
29,12102,1,1,1
29,12106,1,1,1
29,12110,0,1,1
29,12114,0,1,1
29,12118,1,1,1
29,12126,0,1,1
29,12130,0,1,1
29,12134,1,1,1
29,12138,1,1,1
29,12142,0,1,1
29,12146,0,1,1
29,12150,1,1,1
29,12154,1,1,1
29,12158,0,1,1
29,12162,0,1,1
29,12166,1,1,1
29,12170,1,1,1
29,12174,0,1,1
29,12178,0,1,1
29,12182,1,1,1
29,12186,1,1,1
29,12190,0,1,1
29,12194,0,1,1
29,12198,1,1,1
29,12202,1,1,1
29,12206,0,1,1
29,12210,0,1,1
29,12214,1,1,1
29,12218,1,1,1
29,12222,0,1,1
29,12226,0,1,1
29,12230,1,1,1
29,12234,1,1,1
29,12242,0,1,1
29,12246,1,1,1
29,12250,1,1,1
29,12254,0,1,1
29,12258,0,1,1
29,12262,1,1,1
29,12266,1,1,1
29,12270,0,1,1
29,12274,0,1,1
29,12278,1,1,1
29,12282,1,1,1
29,12286,0,1,1
29,12290,0,1,1
29,12294,1,1,1
29,12298,1,1,1
29,12302,0,0,0
29,12306,0,1,1
29,12310,1,1,1
29,12314,1,1,1
29,12318,0,1,1
29,12322,0,1,1
29,12326,1,1,1
29,12330,1,1,1
29,12334,0,1,1
29,12338,0,1,1
29,12342,1,1,1
29,12346,1,1,1
29,12350,0,1,1
29,12358,1,1,1
29,12362,1,1,1
29,12366,0,1,1
29,12370,0,1,1
29,12374,1,1,1
29,12378,1,1,1
29,12382,0,1,1
29,12386,0,1,1
29,12390,1,1,1
29,12394,1,1,1
29,12398,0,1,1
29,12402,0,1,1
29,12406,1,1,1
29,12410,1,1,1
29,12414,0,1,1
29,12418,0,1,1
29,12422,1,1,1
29,12426,0,1,1
29,12430,0,1,1
29,12434,0,1,1
29,12438,1,1,1
29,12442,1,1,1
29,12446,0,1,1
29,12450,0,1,1
29,12454,1,1,1
29,12458,1,1,1
29,12462,0,1,1
29,12466,0,1,1
29,12474,1,1,1
29,12478,0,1,1
29,12482,0,1,1
29,12486,1,1,1
29,12490,1,1,1
29,12494,0,1,1
29,12498,0,1,1
29,12502,1,1,1
29,12506,1,1,1
29,12510,0,1,1
29,12514,0,1,1
29,12518,1,1,1
29,12522,1,1,1
29,12526,0,1,1
29,12530,0,1,1
29,12534,1,1,1
29,12538,1,1,1
29,12542,0,1,1
29,12546,0,1,1
29,12550,1,1,1
29,12554,1,1,1
29,12558,0,1,1
29,12562,0,1,1
29,12566,1,1,1
29,12570,1,1,1
29,12574,0,1,1
29,12578,0,1,1
29,12582,1,1,1
29,12590,0,1,1
29,12594,0,1,1
29,12598,1,1,1
29,12602,1,1,1
29,12606,0,1,1
29,12610,0,1,1
29,12614,1,1,1
29,12618,1,0,1
29,12622,0,1,1
29,12626,0,1,1
29,12630,1,1,1
29,12634,1,1,1
29,12638,0,1,1
29,12642,0,1,1
29,12646,1,1,1
29,12650,1,1,1
29,12654,0,1,1
29,12658,0,1,1
29,12662,1,1,1
29,12666,1,1,1
29,12670,0,1,1
29,12674,0,1,1
29,12678,1,1,1
29,12682,1,1,1
29,12686,0,1,1
29,12690,0,1,1
29,12694,1,1,1
29,12698,1,1,1
29,12706,0,1,1
29,12710,1,1,1
29,12714,1,1,1
29,12718,0,1,1
29,12722,0,1,1
29,12726,1,1,1
29,12730,1,1,1
29,12734,0,1,1
29,12738,0,1,1
29,12742,1,1,1
29,12746,1,1,1
29,12750,0,1,1
29,12754,0,1,1
29,12758,1,1,1
29,12762,1,1,1
29,12766,0,1,1
29,12770,0,1,1
29,12774,1,1,1
29,12778,1,1,1
29,12782,0,1,1
29,12786,0,1,1
29,12790,1,1,1
29,12794,1,1,1
29,12798,0,1,1
29,12802,0,1,1
29,12806,1,1,1
29,12810,1,1,1
29,12814,0,1,1
29,12822,1,1,1
29,12826,1,1,1
29,12830,0,1,1
29,12834,0,1,1
29,12838,1,1,1
29,12842,1,1,1
29,12846,0,1,1
29,12850,0,1,1
29,12854,1,1,1
29,12858,1,1,1
29,12862,0,1,1
29,12866,0,1,1
29,12870,1,1,1
29,12874,1,1,1
29,12878,0,1,1
29,12882,0,1,1
29,12886,1,1,1
29,12890,1,1,1
29,12894,0,1,1
29,12898,0,1,1
29,12902,1,1,1
29,12906,1,1,1
29,12910,0,1,1
29,12914,0,1,1
29,12918,1,1,1
29,12922,1,1,1
29,12926,0,1,1
29,12930,0,1,1
29,12938,1,1,1
29,12942,0,1,1
29,12946,0,1,1
29,12950,1,1,1
29,12954,1,1,1
29,12958,0,1,1
29,12962,0,1,1
29,12966,1,1,1
29,12970,1,1,1
29,12974,0,1,1
29,12978,0,0,0
29,12982,1,1,1
29,12986,1,1,1
29,12990,0,1,1
29,12994,0,1,1
29,12998,1,1,1
29,13002,1,1,1
29,13006,0,1,1
29,13010,0,1,1
29,13014,1,1,1
29,13018,1,1,1
29,13022,0,1,1
29,13026,0,1,1
29,13030,1,1,1
29,13034,1,1,1
29,13038,0,1,1
29,13042,0,1,1
29,13046,1,1,1
29,13054,0,1,1
29,13058,0,1,1
29,13062,1,1,1
29,13066,1,1,1
29,13070,0,1,1
29,13074,0,1,1
29,13078,1,1,1
29,13082,1,1,1
29,13086,0,1,1
29,13090,0,1,1
29,13094,1,1,1
29,13098,1,1,1
29,13102,0,1,1
29,13106,0,1,1
29,13110,1,1,1
29,13114,1,1,1
29,13118,0,1,1
29,13122,0,1,1
29,13126,1,1,1
29,13130,1,1,1
29,13134,0,1,1
29,13138,0,1,1
29,13142,1,1,1
29,13146,1,1,1
29,13150,0,1,1
29,13154,0,1,1
29,13158,1,1,1
29,13162,1,1,1
29,13170,0,1,1
29,13174,1,1,1
29,13178,1,1,1
29,13182,0,1,1
29,13186,0,1,1
29,13190,1,1,1
29,13194,1,1,1
29,13198,0,1,1
29,13202,0,1,1
29,13206,1,1,1
29,13210,1,1,1
29,13214,0,1,1
29,13218,0,1,1
29,13222,1,1,1
29,13226,1,1,1
29,13230,0,1,1
29,13234,0,1,1
29,13238,1,1,1
29,13242,1,1,1
29,13246,0,1,1
29,13250,0,1,1
29,13254,1,1,1
29,13258,1,1,1
29,13262,0,1,1
29,13266,0,1,1
29,13270,1,1,1
29,13274,1,1,1
29,13278,0,1,1
29,13286,1,1,1
29,13290,1,1,1
29,13294,0,1,1
29,13298,0,1,1
29,13302,1,1,1
29,13306,1,1,1
29,13310,0,1,1
29,13314,0,1,1
29,13318,1,1,1
29,13322,1,1,1
29,13326,0,1,1
29,13330,0,1,1
29,13334,1,1,1
29,13338,1,1,1
29,13342,0,1,1
29,13346,0,1,1
29,13350,1,1,1
29,13354,1,1,1
29,13358,0,1,1
29,13362,0,1,1
29,13366,1,1,1
29,13370,1,1,1
29,13374,0,1,1
29,13378,0,1,1
29,13382,1,1,1
29,13386,1,1,1
29,13390,0,1,1
29,13394,0,1,1
29,13402,1,1,1
29,13406,0,1,1
29,13410,0,1,1
29,13414,1,1,1
29,13418,1,1,1
29,13422,0,1,1
29,13426,0,1,1
29,13430,1,1,1
29,13434,1,1,1
29,13438,0,1,1
29,13442,0,1,1
29,13446,1,1,1
29,13450,1,1,1
29,13454,0,1,1
29,13458,0,1,1
29,13462,1,1,1
29,13466,1,1,1
29,13470,0,1,1
29,13474,0,1,1
29,13478,1,1,1
29,13482,1,1,1
29,13486,0,1,1
29,13490,0,1,1
29,13494,1,1,1
29,13498,1,1,1
29,13502,0,1,1
29,13506,0,1,1
29,13510,1,1,1
29,13518,0,1,1
29,13522,0,1,1
29,13526,1,1,1
29,13530,1,1,1
29,13534,0,1,1
29,13538,0,1,1
29,13542,1,1,1
29,13546,1,1,1
29,13550,0,1,1
29,13554,0,1,1
29,13558,1,1,1
29,13562,1,1,1
29,13566,0,1,1
29,13570,0,1,1
29,13574,1,1,1
29,13578,1,1,1
29,13582,0,1,1
29,13586,0,1,1
29,13590,1,1,1
29,13594,1,1,1
29,13598,0,1,1
29,13602,0,1,1
29,13606,1,1,1
29,13610,1,1,1
29,13614,0,1,1
29,13618,0,1,1
29,13622,1,1,1
29,13626,1,1,1
29,13634,0,1,1
29,13638,1,1,1
29,13642,1,1,1
29,13646,0,1,1
29,13650,0,1,1
29,13654,1,1,1
29,13658,1,1,1
29,13662,0,1,1
29,13666,0,1,1
29,13670,1,1,1
29,13674,1,1,1
29,13678,0,1,1
29,13682,0,1,1
29,13686,1,1,1
29,13690,1,1,1
29,13694,0,1,1
29,13698,0,1,1
29,13702,1,1,1
29,13706,1,1,1
29,13710,0,0,0
29,13714,0,1,1
29,13718,1,1,1
29,13722,1,1,1
29,13726,0,1,1
29,13730,0,1,1
29,13734,1,1,1
29,13738,1,1,1
29,13742,0,1,1
29,13750,1,1,1
29,13754,1,1,1
29,13758,0,1,1
29,13762,0,1,1
29,13766,1,1,1
29,13770,1,1,1
29,13774,0,1,1
29,13778,0,1,1
29,13782,1,1,1
29,13786,1,1,1
29,13790,0,1,1
29,13794,0,1,1
29,13798,1,1,1
29,13802,1,1,1
29,13806,0,1,1
29,13810,0,1,1
29,13814,1,1,1
29,13818,1,1,1
29,13822,0,1,1
29,13826,0,1,1
29,13830,1,1,1
29,13834,1,1,1
29,13838,0,1,1
29,13842,0,1,1
29,13846,1,1,1
29,13850,1,1,1
29,13854,0,1,1
29,13858,0,1,1
29,13866,1,1,1
29,13870,0,1,1
29,13874,0,1,1
29,13878,1,1,1
29,13882,1,1,1
29,13886,0,1,1
29,13890,0,1,1
29,13894,1,1,1
29,13898,1,1,1
29,13902,0,1,1
29,13906,0,1,1
29,13910,1,1,1
29,13914,1,1,1
29,13918,0,1,1
29,13922,0,1,1
29,13926,1,1,1
29,13930,1,1,1
29,13934,0,1,1
29,13938,0,1,1
29,13942,1,1,1
29,13946,1,1,1
29,13950,0,1,1
29,13954,0,1,1
29,13958,1,1,1
29,13962,0,1,1
29,13966,0,1,1
29,13970,0,1,1
29,13974,1,1,1
29,13982,0,1,1
29,13986,0,1,1
29,13990,1,1,1
29,13994,1,1,1
29,13998,0,1,1
29,14002,0,1,1
29,14006,1,1,1
29,14010,1,1,1
29,14014,0,1,1
29,14018,0,1,1
29,14022,1,1,1
29,14026,1,1,1
29,14030,0,1,1
29,14034,0,1,1
29,14038,1,1,1
29,14042,1,1,1
29,14046,0,1,1
29,14050,0,1,1
29,14054,1,1,1
29,14058,1,1,1
29,14062,0,1,1
29,14066,0,1,1
29,14070,1,1,1
29,14074,1,1,1
29,14078,0,1,1
29,14082,0,1,1
29,14086,1,1,1
29,14090,1,1,1
29,14098,0,1,1
29,14102,1,1,1
29,14106,1,1,1
29,14110,0,1,1
29,14114,0,1,1
29,14118,1,1,1
29,14122,1,1,1
29,14126,0,1,1
29,14130,0,1,1
29,14134,1,1,1
29,14138,1,1,1
29,14142,0,1,1
29,14146,0,1,1
29,14150,1,1,1
29,14154,0,1,1
29,14158,0,1,1
29,14162,0,1,1
29,14166,1,1,1
29,14170,1,1,1
29,14174,0,1,1
29,14178,0,1,1
29,14182,1,1,1
29,14186,1,1,1
29,14190,0,1,1
29,14194,0,1,1
29,14198,1,1,1
29,14202,1,1,1
29,14206,0,1,1
29,14214,1,1,1
29,14218,1,1,1
29,14222,0,1,1
29,14226,0,1,1
29,14230,1,1,1
29,14234,1,1,1
29,14238,0,1,1
29,14242,0,1,1
29,14246,1,1,1
29,14250,1,1,1
29,14254,0,1,1
29,14258,0,1,1
29,14262,1,1,1
29,14266,1,1,1
29,14270,0,1,1
29,14274,0,1,1
29,14278,1,1,1
29,14282,1,1,1
29,14286,0,1,1
29,14290,0,1,1
29,14294,1,1,1
29,14298,1,1,1
29,14302,0,1,1
29,14306,0,1,1
29,14310,1,1,1
29,14314,1,1,1
29,14318,0,1,1
29,14322,0,1,1
29,14330,1,1,1
29,14334,0,1,1
29,14338,0,1,1
29,14342,1,1,1
29,14346,0,1,1
29,14350,0,1,1
29,14354,0,1,1
29,14358,1,1,1
29,14362,1,1,1
29,14366,0,1,1
29,14370,0,1,1
29,14374,1,1,1
29,14378,1,1,1
29,14382,0,1,1
29,14386,0,1,1
29,14390,1,1,1
29,14394,1,1,1
29,14398,0,1,1
29,14402,0,1,1
29,14406,1,1,1
29,14410,1,1,1
29,14414,0,1,1
29,14418,0,1,1
29,14422,1,1,1
29,14426,1,1,1
29,14430,0,1,1
29,14434,0,1,1
29,14438,1,1,1
29,14446,0,1,1
29,14450,0,1,1
29,14454,1,1,1
29,14458,1,1,1
29,14462,0,1,1
29,14466,0,1,1
29,14470,1,1,1
29,14474,1,1,1
29,14478,0,1,1
29,14482,0,1,1
29,14486,1,0,1
29,14490,1,1,1
29,14494,0,1,1
29,14498,0,1,1
29,14502,1,1,1
29,14506,1,1,1
29,14510,0,1,1
29,14514,0,1,1
29,14518,1,1,1
29,14522,1,1,1
29,14526,0,1,1
29,14530,0,1,1
29,14534,1,1,1
29,14538,1,1,1
29,14542,0,1,1
29,14546,0,1,1
29,14550,1,1,1
29,14554,1,1,1
29,14562,0,1,1
29,14566,1,1,1
29,14570,1,1,1
29,14574,0,1,1
29,14578,0,1,1
29,14582,1,1,1
29,14586,1,1,1
29,14590,0,1,1
29,14594,0,1,1
29,14598,1,1,1
29,14602,1,1,1
29,14606,0,1,1
29,14610,0,1,1
29,14614,1,1,1
29,14618,1,1,1
29,14622,0,1,1
29,14626,0,1,1
29,14630,1,1,1
29,14634,1,1,1
29,14638,0,1,1
29,14642,0,1,1
29,14646,1,1,1
29,14650,1,1,1
29,14654,0,1,1
29,14658,0,1,1
29,14662,1,1,1
29,14666,1,1,1
29,14670,0,1,1
29,14678,1,1,1
29,14682,1,1,1
29,14686,0,1,1
29,14690,0,1,1
29,14694,1,1,1
29,14698,1,1,1
29,14702,0,1,1
29,14706,0,1,1
29,14710,1,1,1
29,14714,1,1,1
29,14718,0,1,1
29,14722,0,1,1
29,14726,1,1,1
29,14730,1,1,1
29,14734,0,1,1
29,14738,0,1,1
29,14742,1,1,1
29,14746,1,1,1
29,14750,0,1,1
29,14754,0,1,1
29,14758,1,1,1
29,14762,1,1,1
29,14766,0,1,1
29,14770,0,1,1
29,14774,1,1,1
29,14778,1,1,1
29,14782,0,1,1
29,14786,0,1,1
29,14794,1,1,1
29,14798,0,1,1
29,14802,0,1,1
29,14806,1,1,1
29,14810,1,1,1
29,14814,0,1,1
29,14818,0,1,1
29,14822,1,1,1
29,14826,1,1,1
29,14830,0,1,1
29,14834,0,1,1
29,14838,1,1,1
29,14842,1,1,1
29,14846,0,1,1
29,14850,0,1,1
29,14854,1,1,1
29,14858,1,1,1
29,14862,0,1,1
29,14866,0,1,1
29,14870,1,1,1
29,14874,1,1,1
29,14878,0,1,1
29,14882,0,1,1
29,14886,1,1,1
29,14890,1,1,1
29,14894,0,1,1
29,14898,0,1,1
29,14902,1,1,1
29,14910,0,1,1
29,14914,0,1,1
29,14918,1,1,1
29,14922,1,1,1
29,14926,0,1,1
29,14930,0,1,1
29,14934,1,1,1
29,14938,1,1,1
29,14942,0,1,1
29,14946,0,1,1
29,14950,1,1,1
29,14954,1,1,1
29,14958,0,1,1
29,14962,0,1,1
29,14966,1,1,1
29,14970,1,1,1
29,14974,0,1,1
29,14978,0,1,1
29,14982,1,1,1
29,14986,1,1,1
29,14990,0,1,1
29,14994,0,1,1
29,14998,1,1,1
29,15002,1,1,1
29,15006,0,1,1
29,15010,0,1,1
29,15014,1,1,1
29,15018,1,1,1
29,15026,0,1,1
29,15030,1,1,1
29,15034,1,1,1
29,15038,0,1,1
29,15042,0,1,1
29,15046,1,1,1
29,15050,1,1,1
29,15054,0,1,1
29,15058,0,1,1
29,15062,1,1,1
29,15066,1,1,1
29,15070,0,1,1
29,15074,0,1,1
29,15078,1,1,1
29,15082,1,1,1
29,15086,0,1,1
29,15090,0,1,1
29,15094,1,1,1
29,15098,1,1,1
29,15102,0,1,1
29,15106,0,1,1
29,15110,1,1,1
29,15114,1,1,1
29,15118,0,1,1
29,15122,0,1,1
29,15126,1,1,1
29,15130,1,1,1
29,15134,0,1,1
29,15142,1,1,1
29,15146,1,1,1
29,15150,0,1,1
29,15154,0,1,1
29,15158,1,1,1
29,15162,1,1,1
29,15166,0,1,1
29,15170,0,1,1
29,15174,1,1,1
29,15178,1,1,1
29,15182,0,1,1
29,15186,0,1,1
29,15190,1,1,1
29,15194,1,1,1
29,15198,0,1,1
29,15202,0,1,1
29,15206,1,1,1
29,15210,1,1,1
29,15214,0,1,1
29,15218,0,1,1
29,15222,1,1,1
29,15226,1,1,1
29,15230,0,1,1
29,15234,0,1,1
29,15238,1,1,1
29,15242,1,1,1
29,15246,0,1,1
29,15250,0,1,1
29,15258,1,1,1
29,15262,0,1,1
29,15266,0,1,1
29,15270,1,1,1
29,15274,1,1,1
29,15278,0,1,1
29,15282,0,1,1
29,15286,1,1,1
29,15290,1,1,1
29,15294,0,1,1
29,15298,0,1,1
29,15302,1,1,1
29,15306,1,1,1
29,15310,0,1,1
29,15314,0,1,1
29,15318,1,1,1
29,15322,1,1,1
29,15326,0,1,1
29,15330,0,1,1
29,15334,1,1,1
29,15338,1,1,1
29,15342,0,1,1
29,15346,0,1,1
29,15350,1,1,1
29,15354,1,1,1
29,15358,0,1,1
29,15362,0,1,1
29,15366,1,1,1
29,15374,0,1,1
29,15378,0,1,1
29,15382,1,1,1
29,15386,1,1,1
29,15390,0,1,1
29,15394,0,1,1
29,15398,1,1,1
29,15402,1,1,1
29,15406,0,1,1
29,15410,0,1,1
29,15414,1,1,1
29,15418,1,1,1
29,15422,0,1,1
29,15426,0,1,1
29,15430,1,1,1
29,15434,1,1,1
29,15438,0,1,1
29,15442,0,1,1
29,15446,1,1,1
29,15450,1,1,1
29,15454,0,1,1
29,15458,0,1,1
29,15462,1,1,1
29,15466,1,1,1
29,15470,0,1,1
29,15474,0,1,1
29,15478,1,1,1
29,15482,1,1,1
29,15490,0,1,1
29,15494,1,1,1
29,15498,1,1,1
29,15502,0,1,1
29,15506,0,1,1
29,15510,1,1,1
29,15514,1,1,1
29,15518,0,1,1
29,15522,0,1,1
29,15526,1,1,1
29,15530,1,1,1
29,15534,0,1,1
29,15538,0,1,1
29,15542,1,1,1
29,15546,1,1,1
29,15550,0,1,1
29,15554,0,1,1
29,15558,1,1,1
29,15562,1,1,1
29,15566,0,1,1
29,15570,0,1,1
29,15574,1,1,1
29,15578,1,1,1
29,15582,0,1,1
29,15586,0,1,1
29,15590,1,1,1
29,15594,1,1,1
29,15598,0,1,1
29,15606,1,1,1
29,15610,1,1,1
29,15614,0,1,1
29,15618,0,1,1
29,15622,1,1,1
29,15626,1,1,1
29,15630,0,1,1
29,15634,0,1,1
29,15638,1,1,1
29,15642,1,1,1
29,15646,0,1,1
29,15650,0,1,1
29,15654,1,1,1
29,15658,1,1,1
29,15662,0,1,1
29,15666,0,1,1
29,15670,1,1,1
29,15674,1,1,1
29,15678,0,1,1
29,15682,0,1,1
29,15686,1,1,1
29,15690,1,1,1
29,15694,0,1,1
29,15698,0,1,1
29,15702,1,1,1
29,15706,1,1,1
29,15710,0,1,1
29,15714,0,1,1
29,15722,1,1,1
29,15726,0,1,1
29,15730,0,1,1
29,15734,1,1,1
29,15738,1,1,1
29,15742,0,1,1
29,15746,0,1,1
29,15750,1,1,1
29,15754,1,0,1
29,15758,0,1,1
29,15762,0,1,1
29,15766,1,1,1
29,15770,1,1,1
29,15774,0,1,1
29,15778,0,1,1
29,15782,1,1,1
29,15786,1,1,1
29,15790,0,1,1
29,15794,0,1,1
29,15798,1,1,1
29,15802,1,1,1
29,15806,0,1,1
29,15810,0,1,1
29,15814,1,1,1
29,15818,1,1,1
29,15822,0,1,1
29,15826,0,1,1
29,15830,1,1,1
29,15838,0,1,1
29,15842,0,1,1
29,15846,1,1,1
29,15850,1,1,1
29,15854,0,1,1
29,15858,0,1,1
29,15862,1,1,1
29,15866,1,1,1
29,15870,0,1,1
29,15874,0,1,1
29,15878,1,1,1
29,15882,1,1,1
29,15886,0,1,1
29,15890,0,1,1
29,15894,1,1,1
29,15898,1,1,1
29,15902,0,1,1
29,15906,0,1,1
29,15910,1,1,1
29,15914,1,1,1
29,15918,0,1,1
29,15922,0,1,1
29,15926,1,1,1
29,15930,1,1,1
29,15934,0,1,1
29,15938,0,1,1
29,15942,1,1,1
29,15946,1,1,1
29,15954,0,1,1
29,15958,1,1,1
29,15962,1,1,1
29,15966,0,1,1
29,15970,0,1,1
29,15974,1,1,1
29,15978,1,1,1
29,15982,0,1,1
29,15986,0,1,1
29,15990,1,1,1
29,15994,1,1,1
29,15998,0,1,1
29,16002,0,1,1
29,16006,1,1,1
29,16010,1,1,1
29,16014,0,1,1
29,16018,0,1,1
29,16022,1,1,1
29,16026,1,1,1
29,16030,0,1,1
29,16034,0,1,1
29,16038,1,1,1
29,16042,1,1,1
29,16046,0,1,1
29,16050,0,1,1
29,16054,1,1,1
29,16058,1,1,1
29,16062,0,1,1
29,16070,1,1,1
29,16074,1,1,1
29,16078,0,1,1
29,16082,0,1,1
29,16086,1,1,1
29,16090,1,1,1
29,16094,0,1,1
29,16098,0,1,1
29,16102,1,1,1
29,16106,1,1,1
29,16110,0,1,1
29,16114,0,1,1
29,16118,1,1,1
29,16122,1,1,1
29,16126,0,1,1
29,16130,0,1,1
29,16134,1,1,1
29,16138,1,1,1
29,16142,0,1,1
29,16146,0,1,1
29,16150,1,1,1
29,16154,1,1,1
29,16158,0,1,1
29,16162,0,1,1
29,16166,1,1,1
29,16170,1,1,1
29,16174,0,1,1
29,16178,0,1,1
29,16186,1,1,1
29,16190,0,1,1
29,16194,0,1,1
29,16198,1,1,1
29,16202,1,1,1
29,16206,0,1,1
29,16210,0,1,1
29,16214,1,1,1
29,16218,1,1,1
29,16222,0,1,1
29,16226,0,1,1
29,16230,1,1,1
29,16234,1,1,1
29,16238,0,1,1
29,16242,0,1,1
29,16246,1,1,1
29,16250,1,1,1
29,16254,0,1,1
29,16258,0,1,1
29,16262,1,1,1
29,16266,1,1,1
29,16270,0,1,1
29,16274,0,1,1
29,16278,1,1,1
29,16282,1,1,1
29,16286,0,1,1
29,16290,0,1,1
29,16294,1,1,1
29,16302,0,1,1
29,16306,0,1,1
29,16310,1,1,1
29,16314,1,1,1
29,16318,0,1,1
29,16322,0,1,1
29,16326,1,1,1
29,16330,1,1,1
29,16334,0,1,1
29,16338,0,1,1
29,16342,1,1,1
29,16346,1,1,1
29,16350,0,1,1
29,16354,0,1,1
29,16358,1,1,1
29,16362,1,1,1
29,16366,0,1,1
29,16370,0,1,1
29,16374,1,1,1
29,16378,1,1,1
29,16382,0,1,1
29,16386,0,1,1
29,16390,1,1,1
29,16394,1,1,1
29,16398,0,1,1
29,16402,0,1,1
29,16406,1,1,1
29,16410,1,1,1
29,16418,0,1,1
29,16422,1,1,1
29,16426,1,1,1
29,16430,0,1,1
29,16434,0,1,1
29,16438,1,1,1
29,16442,1,1,1
29,16446,0,1,1
29,16450,0,1,1
29,16454,1,1,1
29,16458,1,1,1
29,16462,0,1,1
29,16466,0,1,1
29,16470,1,1,1
29,16474,1,1,1
29,16478,0,1,1
29,16482,0,1,1
29,16486,1,1,1
29,16490,1,1,1
29,16494,0,1,1
29,16498,0,1,1
29,16502,1,1,1
29,16506,1,1,1
29,16510,0,1,1
29,16514,0,1,1
29,16518,1,1,1
29,16522,1,1,1
29,16526,0,1,1
29,16534,1,1,1
29,16538,1,1,1
29,16542,0,1,1
29,16546,0,1,1
29,16550,1,1,1
29,16554,1,1,1
29,16558,0,1,1
29,16562,0,1,1
29,16566,0,1,1
29,16570,1,1,1
29,16574,0,1,1
29,16578,0,1,1
29,16582,1,1,1
29,16586,1,1,1
29,16590,0,1,1
29,16594,0,1,1
29,16598,1,1,1
29,16602,1,1,1
29,16606,0,1,1
29,16610,0,1,1
29,16614,1,1,1
29,16618,1,1,1
29,16622,0,1,1
29,16626,0,1,1
29,16630,1,1,1
29,16634,1,1,1
29,16638,0,1,1
29,16642,0,1,1
29,16650,1,0,1
29,16654,0,1,1
29,16658,0,1,1
29,16662,1,1,1
29,16666,1,1,1
29,16670,0,1,1
29,16674,0,1,1
29,16678,1,1,1
29,16682,1,1,1
29,16686,0,1,1
29,16690,0,1,1
29,16694,1,1,1
29,16698,1,1,1
29,16702,0,1,1
29,16706,0,1,1
29,16710,1,1,1
29,16714,1,1,1
29,16718,0,1,1
29,16722,0,1,1
29,16726,1,1,1
29,16730,1,1,1
29,16734,0,1,1
29,16738,0,1,1
29,16742,1,1,1
29,16746,1,1,1
29,16750,0,1,1
29,16754,0,1,1
29,16758,1,1,1
29,16766,0,1,1
29,16770,0,1,1
29,16774,1,1,1
29,16778,1,1,1
29,16782,0,1,1
29,16786,0,1,1
29,16790,1,1,1
29,16794,1,1,1
29,16798,0,1,1
29,16802,0,1,1
29,16806,1,1,1
29,16810,1,1,1
29,16814,0,1,1
29,16818,0,1,1
29,16822,1,1,1
29,16826,1,1,1
29,16830,0,1,1
29,16834,0,1,1
29,16838,1,1,1
29,16842,1,1,1
29,16846,0,1,1
29,16850,0,1,1
29,16854,1,1,1
29,16858,1,1,1
29,16862,0,1,1
29,16866,0,1,1
29,16870,1,1,1
29,16874,1,1,1
29,16882,0,1,1
29,16886,1,1,1
29,16890,1,1,1
29,16894,0,1,1
29,16898,0,1,1
29,16902,1,1,1
29,16906,1,1,1
29,16910,0,1,1
29,16914,0,1,1
29,16918,1,1,1
29,16922,1,1,1
29,16926,0,1,1
29,16930,0,1,1
29,16934,1,1,1
29,16938,1,1,1
29,16942,0,1,1
29,16946,0,1,1
29,16950,1,1,1
29,16954,1,1,1
29,16958,0,1,1
29,16962,0,1,1
29,16966,1,1,1
29,16970,1,1,1
29,16974,0,1,1
29,16978,0,1,1
29,16982,1,1,1
29,16986,1,1,1
29,16990,0,1,1
29,16998,1,1,1
29,17002,1,1,1
29,17006,0,1,1
29,17010,0,1,1
29,17014,1,1,1
29,17018,1,1,1
29,17022,0,1,1
29,17026,0,1,1
29,17030,1,1,1
29,17034,1,1,1
29,17038,0,1,1
29,17042,0,1,1
29,17046,1,1,1
29,17050,1,1,1
29,17054,0,1,1
29,17058,0,1,1
29,17062,1,1,1
29,17066,1,1,1
29,17070,0,1,1
29,17074,0,1,1
29,17078,1,1,1
29,17082,1,1,1
29,17086,0,1,1
29,17090,0,1,1
29,17094,1,1,1
29,17098,1,1,1
29,17102,0,1,1
29,17106,0,1,1
29,17114,1,1,1
29,17118,0,0,0
29,17122,0,1,1
29,17126,1,1,1
29,17130,1,1,1
29,17134,0,1,1
29,17138,0,1,1
29,17142,1,1,1
29,17146,1,1,1
29,17150,0,1,1
29,17154,0,1,1
29,17158,1,1,1
29,17162,1,1,1
29,17166,0,1,1
29,17170,0,1,1
29,17174,1,1,1
29,17178,1,1,1
29,17182,0,1,1
29,17186,0,1,1
29,17190,1,1,1
29,17194,1,1,1
29,17198,0,1,1
29,17202,0,1,1
29,17206,1,1,1
29,17210,1,1,1
29,17214,0,1,1
29,17218,0,1,1
29,17222,1,1,1
29,17230,0,1,1
29,17234,0,1,1
29,17238,1,1,1
29,17242,1,1,1
29,17246,0,1,1
29,17250,0,1,1
29,17254,1,1,1
29,17258,1,1,1
29,17262,0,1,1
29,17266,0,1,1
29,17270,1,1,1
29,17274,1,1,1
29,17278,0,1,1
29,17282,0,1,1
29,17286,1,1,1
29,17290,1,1,1
29,17294,0,1,1
29,17298,0,1,1
29,17302,1,1,1
29,17306,1,1,1
29,17310,0,1,1
29,17314,0,1,1
29,17318,1,1,1
29,17322,1,1,1
29,17326,0,1,1
29,17330,0,1,1
29,17334,1,1,1
29,17338,1,1,1
29,17346,0,1,1
29,17350,1,1,1
29,17354,1,1,1
29,17358,0,1,1
29,17362,0,1,1
29,17366,1,1,1
29,17370,1,1,1
29,17374,0,1,1
29,17378,0,1,1
29,17382,1,1,1
29,17386,1,1,1
29,17390,0,1,1
29,17394,0,1,1
29,17398,1,1,1
29,17402,1,1,1
29,17406,0,1,1
29,17410,0,1,1
29,17414,1,1,1
29,17418,1,1,1
29,17422,0,1,1
29,17426,0,1,1
29,17430,1,1,1
29,17434,1,1,1
29,17438,0,1,1
29,17442,0,1,1
29,17446,1,1,1
29,17450,1,1,1
29,17454,0,1,1
29,17462,1,1,1
29,17466,1,1,1
29,17470,0,1,1
29,17474,0,1,1
29,17478,1,1,1
29,17482,1,1,1
29,17486,0,1,1
29,17490,0,0,0
29,17494,1,1,1
29,17498,1,1,1
29,17502,0,1,1
29,17506,0,1,1
29,17510,1,1,1
29,17514,1,1,1
29,17518,0,1,1
29,17522,0,1,1
29,17526,1,1,1
29,17530,1,1,1
29,17534,0,1,1
29,17538,0,1,1
29,17542,1,1,1
29,17546,1,1,1
29,17550,0,1,1
29,17554,0,1,1
29,17558,1,1,1
29,17562,1,1,1
29,17566,0,1,1
29,17570,0,1,1
29,17578,1,1,1
29,17582,0,1,1
29,17586,0,1,1
29,17590,1,1,1
29,17594,1,1,1
29,17598,0,1,1
29,17602,0,1,1
29,17606,1,1,1
29,17610,1,1,1
29,17614,0,1,1
29,17618,0,1,1
29,17622,1,1,1
29,17626,1,1,1
29,17630,0,1,1
29,17634,0,1,1
29,17638,1,1,1
29,17642,1,1,1
29,17646,0,1,1
29,17650,0,1,1
29,17654,1,1,1
29,17658,1,1,1
29,17662,0,1,1
29,17666,0,1,1
29,17670,1,1,1
29,17674,1,1,1
29,17678,0,1,1
29,17682,0,1,1
29,17686,1,1,1
29,17694,0,1,1
29,17698,0,1,1
29,17702,1,1,1
29,17706,1,1,1
29,17710,0,1,1
29,17714,0,1,1
29,17718,1,1,1
29,17722,1,1,1
29,17726,0,1,1
29,17730,0,1,1
29,17734,1,1,1
29,17738,1,1,1
29,17742,0,1,1
29,17746,0,1,1
29,17750,1,1,1
29,17754,1,1,1
29,17758,0,1,1
29,17762,0,1,1
29,17766,1,1,1
29,17770,1,1,1
29,17774,0,1,1
29,17778,0,1,1
29,17782,1,1,1
29,17786,1,1,1
29,17790,0,1,1
29,17794,0,1,1
29,17798,1,1,1
29,17802,1,1,1
29,17810,0,1,1
29,17814,1,1,1
29,17818,1,1,1
29,17822,0,1,1
29,17826,0,1,1
29,17830,1,1,1
29,17834,1,1,1
29,17838,0,1,1
29,17842,0,1,1
29,17846,1,1,1
29,17850,1,1,1
29,17854,0,1,1
29,17858,0,1,1
29,17862,1,1,1
29,17866,1,1,1
29,17870,0,1,1
29,17874,0,1,1
29,17878,1,1,1
29,17882,1,1,1
29,17886,0,1,1
29,17890,0,1,1
29,17894,1,1,1
29,17898,1,1,1
29,17902,0,1,1
29,17906,0,1,1
29,17910,1,1,1
29,17914,1,1,1
29,17918,0,1,1
29,17926,1,1,1
29,17930,1,1,1
29,17934,0,1,1
29,17938,0,1,1
29,17942,1,1,1
29,17946,1,1,1
29,17950,0,1,1
29,17954,0,1,1
29,17958,1,1,1
29,17962,1,1,1
29,17966,0,1,1
29,17970,0,1,1
29,17974,1,1,1
29,17978,1,1,1
29,17982,0,1,1
29,17986,0,1,1
29,17990,1,1,1
29,17994,1,1,1
29,17998,0,1,1
29,18002,0,1,1
29,18006,1,1,1
29,18010,1,1,1
29,18014,0,1,1
29,18018,0,1,1
29,18022,1,1,1
29,18026,1,1,1
29,18030,0,1,1
29,18034,0,1,1
29,18042,1,1,1
29,18046,0,1,1
29,18050,0,1,1
29,18054,1,1,1
29,18058,1,1,1
29,18062,0,1,1
29,18066,0,1,1
29,18070,1,1,1
29,18074,1,1,1
29,18078,0,1,1
29,18082,0,1,1
29,18086,1,1,1
29,18090,1,1,1
29,18094,0,1,1
29,18098,0,0,0
29,18102,1,1,1
29,18106,1,1,1
29,18110,0,1,1
29,18114,0,0,0
29,18118,1,1,1
29,18122,1,1,1
29,18126,0,1,1
29,18130,0,1,1
29,18134,1,1,1
29,18138,1,1,1
29,18142,0,1,1
29,18146,0,1,1
29,18150,1,1,1
29,18158,0,1,1
29,18162,0,1,1
29,18166,1,1,1
29,18170,1,1,1
29,18174,0,1,1
29,18178,0,1,1
29,18182,1,1,1
29,18186,1,1,1
29,18190,0,1,1
29,18194,0,1,1
29,18198,1,1,1
29,18202,1,1,1
29,18206,0,1,1
29,18210,0,1,1
29,18214,1,1,1
29,18218,1,1,1
29,18222,0,1,1
29,18226,0,1,1
29,18230,1,1,1
29,18234,1,1,1
29,18238,0,1,1
29,18242,0,1,1
29,18246,1,0,1
29,18250,1,1,1
29,18254,0,1,1
29,18258,0,1,1
29,18262,1,1,1
29,18266,1,1,1
29,18274,0,1,1
29,18278,1,1,1
29,18282,1,1,1
29,18286,0,1,1
29,18290,0,1,1
29,18294,1,0,1
29,18298,1,1,1
29,18302,0,1,1
29,18306,0,1,1
29,18310,1,1,1
29,18314,1,1,1
29,18318,0,1,1
29,18322,0,1,1
29,18326,1,1,1
29,18330,1,1,1
29,18334,0,1,1
29,18338,0,1,1
29,18342,1,1,1
29,18346,1,1,1
29,18350,0,1,1
29,18354,0,1,1
29,18358,1,1,1
29,18362,1,1,1
29,18366,0,1,1
29,18370,0,1,1
29,18374,1,1,1
29,18378,1,1,1
29,18382,0,1,1
29,18390,1,1,1
29,18394,1,1,1
29,18398,0,1,1
29,18402,0,1,1
29,18406,1,1,1
29,18410,1,1,1
29,18414,0,1,1
29,18418,0,1,1
29,18422,1,1,1
29,18426,1,1,1
29,18430,0,1,1
29,18434,0,1,1
29,18438,1,1,1
29,18442,1,1,1
29,18446,0,1,1
29,18450,0,1,1
29,18454,1,1,1
29,18458,1,1,1
29,18462,0,1,1
29,18466,0,1,1
29,18470,1,1,1
29,18474,1,1,1
29,18478,0,1,1
29,18482,0,1,1
29,18486,1,1,1
29,18490,1,1,1
29,18494,0,1,1
29,18498,0,1,1
29,18506,1,1,1
29,18510,0,1,1
29,18514,0,1,1
29,18518,1,1,1
29,18522,1,1,1
29,18526,0,1,1
29,18530,0,1,1
29,18534,1,1,1
29,18538,1,1,1
29,18542,0,1,1
29,18546,0,1,1
29,18550,1,1,1
29,18554,1,1,1
29,18558,0,1,1
29,18562,0,1,1
29,18566,1,1,1
29,18570,1,1,1
29,18574,0,1,1
29,18578,0,1,1
29,18582,1,1,1
29,18586,1,1,1
29,18590,0,1,1
29,18594,0,1,1
29,18598,1,1,1
29,18602,1,1,1
29,18606,0,1,1
29,18610,0,1,1
29,18614,1,1,1
29,18622,0,1,1
29,18626,0,1,1
29,18630,1,1,1
29,18634,1,1,1
29,18638,0,1,1
29,18642,0,1,1
29,18646,1,1,1
29,18650,1,1,1
29,18654,0,1,1
29,18658,0,1,1
29,18662,1,1,1
29,18666,1,1,1
29,18670,0,1,1
29,18674,0,1,1
29,18678,1,1,1
29,18682,1,1,1
29,18686,0,1,1
29,18690,0,1,1
29,18694,1,1,1
29,18698,1,1,1
29,18702,0,1,1
29,18706,0,1,1
29,18710,1,1,1
29,18714,1,1,1
29,18718,0,1,1
29,18722,0,1,1
29,18726,1,1,1
29,18730,1,1,1
29,18738,0,1,1
29,18742,1,1,1
29,18746,1,1,1
29,18750,0,1,1
29,18754,0,1,1
29,18758,1,1,1
29,18762,0,1,1
29,18766,0,1,1
29,18770,0,1,1
29,18774,1,0,1
29,18778,1,1,1
29,18782,0,1,1
29,18786,0,1,1
29,18790,1,1,1
29,18794,1,1,1
29,18798,0,1,1
29,18802,0,1,1
29,18806,1,1,1
29,18810,1,1,1
29,18814,0,1,1
29,18818,0,1,1
29,18822,1,1,1
29,18826,1,1,1
29,18830,0,1,1
29,18834,0,1,1
29,18838,1,1,1
29,18842,1,1,1
29,18846,0,1,1
29,18854,1,1,1
29,18858,1,1,1
29,18862,0,1,1
29,18866,0,1,1
29,18870,1,1,1
29,18874,1,1,1
29,18878,0,1,1
29,18882,0,1,1
29,18886,1,1,1
29,18890,1,1,1
29,18894,0,1,1
29,18898,0,1,1
29,18902,1,1,1
29,18906,1,1,1
29,18910,0,1,1
29,18914,0,1,1
29,18918,1,1,1
29,18922,1,1,1
29,18926,0,1,1
29,18930,0,1,1
29,18934,1,1,1
29,18938,1,1,1
29,18942,0,1,1
29,18946,0,1,1
29,18950,1,1,1
29,18954,1,1,1
29,18958,0,1,1
29,18962,0,1,1
29,18970,1,1,1
29,18974,0,1,1
29,18978,0,1,1
29,18982,1,1,1
29,18986,1,1,1
29,18990,0,1,1
29,18994,0,1,1
29,18998,1,1,1
29,19002,1,1,1
29,19006,0,1,1
29,19010,0,1,1
29,19014,1,1,1
29,19018,1,1,1
29,19022,0,1,1
29,19026,0,1,1
29,19030,1,1,1
29,19034,1,1,1
29,19038,0,1,1
29,19042,0,1,1
29,19046,1,1,1
29,19050,0,1,1
29,19054,0,1,1
29,19058,0,1,1
29,19062,1,1,1
29,19066,1,1,1
29,19070,0,1,1
29,19074,0,1,1
29,19078,1,1,1
29,19086,0,1,1
29,19090,0,1,1
29,19094,1,1,1
29,19098,1,1,1
29,19102,0,1,1
29,19106,0,1,1
29,19110,1,1,1
29,19114,1,1,1
29,19118,0,1,1
29,19122,0,1,1
29,19126,1,1,1
29,19130,1,1,1
29,19134,0,1,1
29,19138,0,1,1
29,19142,1,1,1
29,19146,1,1,1
29,19150,0,1,1
29,19154,0,1,1
29,19158,1,1,1
29,19162,1,1,1
29,19166,0,1,1
29,19170,0,1,1
29,19174,1,1,1
29,19178,1,1,1
29,19182,0,1,1
29,19186,0,1,1
29,19190,1,1,1
29,19194,1,1,1
29,19202,0,1,1
29,19206,1,1,1
29,19210,1,1,1
29,19214,0,1,1
29,19218,0,1,1
29,19222,1,1,1
29,19226,1,1,1
29,19230,0,1,1
29,19234,0,1,1
29,19238,1,1,1
29,19242,1,1,1
29,19246,0,1,1
29,19250,0,1,1
29,19254,1,1,1
29,19258,1,1,1
29,19262,0,1,1
29,19266,0,1,1
29,19270,1,1,1
29,19274,1,1,1
29,19278,0,1,1
29,19282,0,1,1
29,19286,1,1,1
29,19290,1,1,1
29,19294,0,1,1
29,19298,0,1,1
29,19302,1,1,1
29,19306,1,1,1
29,19310,0,1,1
29,19318,1,1,1
29,19322,1,1,1
29,19326,0,1,1
29,19330,0,1,1
29,19334,1,1,1
29,19338,1,1,1
29,19342,0,1,1
29,19346,0,1,1
29,19350,1,1,1
29,19354,1,1,1
29,19358,0,1,1
29,19362,0,1,1
29,19366,1,1,1
29,19370,1,1,1
29,19374,0,1,1
29,19378,0,1,1
29,19382,1,1,1
29,19386,1,1,1
29,19390,0,1,1
29,19394,0,1,1
29,19398,1,1,1
29,19402,1,1,1
29,19406,0,1,1
29,19410,0,1,1
29,19414,1,1,1
29,19418,1,1,1
29,19422,0,1,1
29,19426,0,1,1
29,19434,1,1,1
29,19438,0,1,1
29,19442,0,1,1
29,19446,1,1,1
29,19450,1,1,1
29,19454,0,1,1
29,19458,0,1,1
29,19462,1,1,1
29,19466,1,1,1
29,19470,0,1,1
29,19474,0,1,1
29,19478,1,1,1
29,19482,1,1,1
29,19486,0,1,1
29,19490,0,1,1
29,19494,1,1,1
29,19498,1,1,1
29,19502,0,1,1
29,19506,0,1,1
29,19510,1,1,1
29,19514,1,1,1
29,19518,0,1,1
29,19522,0,1,1
29,19526,1,1,1
29,19530,1,1,1
29,19534,0,1,1
29,19538,0,1,1
29,19542,1,1,1
29,19550,0,1,1
29,19554,0,1,1
29,19558,1,1,1
29,19562,1,1,1
29,19566,0,1,1
29,19570,0,1,1
29,19574,1,1,1
29,19578,1,1,1
29,19582,0,1,1
29,19586,0,1,1
29,19590,1,1,1
29,19594,1,1,1
29,19598,0,1,1
29,19602,0,1,1
29,19606,1,1,1
29,19610,1,1,1
29,19614,0,1,1
29,19618,0,1,1
29,19622,1,1,1
29,19626,1,1,1
29,19630,0,1,1
29,19634,0,1,1
29,19638,1,1,1
29,19642,1,1,1
29,19646,0,1,1
29,19650,0,1,1
29,19654,1,1,1
29,19658,1,1,1
29,19666,0,1,1
29,19670,1,1,1
29,19674,1,1,1
29,19678,0,1,1
29,19682,0,1,1
29,19686,1,1,1
29,19690,1,1,1
29,19694,0,1,1
29,19698,0,1,1
29,19702,1,1,1
29,19706,1,1,1
29,19710,0,1,1
29,19714,0,1,1
29,19718,1,1,1
29,19722,1,1,1
29,19726,0,1,1
29,19730,0,1,1
29,19734,1,1,1
29,19738,1,1,1
29,19742,0,1,1
29,19746,0,1,1
29,19750,1,1,1
29,19754,1,1,1
29,19758,0,1,1
29,19762,0,1,1
29,19766,1,1,1
29,19770,1,1,1
29,19774,0,1,1
29,19782,1,1,1
29,19786,1,1,1
29,19790,0,1,1
29,19794,0,1,1
29,19798,1,1,1
29,19802,1,1,1
29,19806,0,1,1
29,19810,0,1,1
29,19814,1,0,1
29,19818,1,1,1
29,19822,0,1,1
29,19826,0,1,1
29,19830,1,1,1
29,19834,1,1,1
29,19838,0,1,1
29,19842,0,1,1
29,19846,1,1,1
29,19850,1,1,1
29,19854,0,1,1
29,19858,0,1,1
29,19862,1,1,1
29,19866,1,1,1
29,19870,0,1,1
29,19874,0,1,1
29,19878,1,1,1
29,19882,1,1,1
29,19886,0,1,1
29,19890,0,1,1
29,19898,1,1,1
29,19902,0,1,1
29,19906,0,1,1
29,19910,1,1,1
29,19914,1,1,1
29,19918,0,1,1
29,19922,0,1,1
29,19926,1,1,1
29,19930,1,1,1
29,19934,0,1,1
29,19938,0,1,1
29,19942,1,1,1
29,19946,1,1,1
29,19950,0,1,1
29,19954,0,1,1
29,19958,1,1,1
29,19962,1,1,1
29,19966,0,1,1
29,19970,0,1,1
29,19974,1,1,1
29,19978,1,1,1
29,19982,0,1,1
29,19986,0,1,1
29,19990,1,1,1
29,19994,1,1,1
29,19998,0,1,1
29,20002,0,1,1
29,20006,1,1,1
29,20014,0,1,1
29,20018,0,1,1
29,20022,1,1,1
29,20026,1,1,1
29,20030,0,1,1
29,20034,0,1,1
29,20038,1,1,1
29,20042,1,1,1
29,20046,0,1,1
29,20050,0,1,1
29,20054,1,1,1
29,20058,1,1,1
29,20062,0,1,1
29,20066,0,1,1
29,20070,1,1,1
29,20074,1,1,1
29,20078,0,1,1
29,20082,0,1,1
29,20086,1,1,1
29,20090,1,1,1
29,20094,0,1,1
29,20098,0,1,1
29,20102,1,1,1
29,20106,1,1,1
29,20110,0,1,1
29,20114,0,1,1
29,20118,1,1,1
29,20122,1,1,1
29,20130,0,1,1
29,20134,1,1,1
29,20138,1,1,1
29,20142,0,1,1
29,20146,0,1,1
29,20150,1,1,1
29,20154,1,1,1
29,20158,0,1,1
29,20162,0,1,1
29,20166,1,1,1
29,20170,1,1,1
29,20174,0,1,1
29,20178,0,1,1
29,20182,1,1,1
29,20186,1,1,1
29,20190,0,1,1
29,20194,0,1,1
29,20198,1,1,1
29,20202,1,1,1
29,20206,0,1,1
29,20210,0,1,1
29,20214,1,1,1
29,20218,1,1,1
29,20222,0,1,1
29,20226,0,1,1
29,20230,1,1,1
29,20234,1,1,1
29,20238,0,1,1
29,20246,1,1,1
29,20250,1,1,1
29,20254,0,1,1
29,20258,0,1,1
29,20262,1,1,1
29,20266,1,1,1
29,20270,0,1,1
29,20274,0,1,1
29,20278,1,1,1
29,20282,1,1,1
29,20286,0,1,1
29,20290,0,1,1
29,20294,1,1,1
29,20298,1,1,1
29,20302,0,1,1
29,20306,0,1,1
29,20310,1,1,1
29,20314,1,1,1
29,20318,0,1,1
29,20322,0,1,1
29,20326,1,1,1
29,20330,1,1,1
29,20334,0,1,1
29,20338,0,1,1
29,20342,1,1,1
29,20346,1,1,1
29,20350,0,1,1
29,20354,0,1,1
29,20362,1,1,1
29,20366,0,1,1
29,20370,0,1,1
29,20374,1,1,1
29,20378,1,1,1
29,20382,0,1,1
29,20386,0,1,1
29,20390,1,1,1
29,20394,1,1,1
29,20398,0,1,1
29,20402,0,1,1
29,20406,1,1,1
29,20410,1,1,1
29,20414,0,1,1
29,20418,0,1,1
29,20422,1,1,1
29,20426,0,1,1
29,20430,0,1,1
29,20434,0,1,1
29,20438,1,1,1
29,20442,1,1,1
29,20446,0,1,1
29,20450,0,1,1
29,20454,1,1,1
29,20458,1,1,1
29,20462,0,1,1
29,20466,0,1,1
29,20470,1,1,1
29,20478,0,1,1
29,20482,0,1,1
29,20486,1,1,1
29,20490,1,1,1
29,20494,0,1,1
29,20498,0,1,1
29,20502,1,1,1
29,20506,1,1,1
29,20510,0,1,1
29,20514,0,1,1
29,20518,1,1,1
29,20522,1,1,1
29,20526,0,1,1
29,20530,0,1,1
29,20534,1,1,1
29,20538,1,1,1
29,20542,0,1,1
29,20546,0,1,1
29,20550,1,1,1
29,20554,1,1,1
29,20558,0,1,1
29,20562,0,1,1
29,20566,1,1,1
29,20570,1,1,1
29,20574,0,1,1
29,20578,0,1,1
29,20582,1,1,1
29,20586,1,1,1
29,20594,0,1,1
29,20598,1,1,1
29,20602,1,1,1
29,20606,0,1,1
29,20610,0,1,1
29,20614,1,1,1
29,20618,1,1,1
29,20622,0,1,1
29,20626,0,1,1
29,20630,1,1,1
29,20634,1,1,1
29,20638,0,1,1
29,20642,0,1,1
29,20646,1,1,1
29,20650,1,1,1
29,20654,0,1,1
29,20658,0,1,1
29,20662,1,1,1
29,20666,1,1,1
29,20670,0,1,1
29,20674,0,1,1
29,20678,1,1,1
29,20682,1,1,1
29,20686,0,1,1
29,20690,0,1,1
29,20694,1,1,1
29,20698,1,1,1
29,20702,0,1,1
29,20710,1,1,1
29,20714,1,1,1
29,20718,0,1,1
29,20722,0,1,1
29,20726,1,1,1
29,20730,1,1,1
29,20734,0,1,1
29,20738,0,1,1
29,20742,1,1,1
29,20746,1,1,1
29,20750,0,1,1
29,20754,0,1,1
29,20758,1,1,1
29,20762,1,1,1
29,20766,0,1,1
29,20770,0,1,1
29,20774,1,1,1
29,20778,1,1,1
29,20782,0,1,1
29,20786,0,1,1
29,20790,1,1,1
29,20794,1,1,1
29,20798,0,1,1
29,20802,0,1,1
29,20806,1,1,1
29,20810,1,1,1
29,20814,0,1,1
29,20818,0,1,1
29,20826,1,1,1
29,20830,0,1,1
29,20834,0,1,1
29,20838,1,1,1
29,20842,1,1,1
29,20846,0,1,1
29,20850,0,1,1
29,20854,1,1,1
29,20858,1,1,1
29,20862,0,1,1
29,20866,0,1,1
29,20870,1,1,1
29,20874,1,1,1
29,20878,0,1,1
29,20882,0,1,1
29,20886,1,1,1
29,20890,1,1,1
29,20894,0,1,1
29,20898,0,1,1
29,20902,1,1,1
29,20906,1,1,1
29,20910,0,1,1
29,20914,0,1,1
29,20918,1,1,1
29,20922,1,1,1
29,20926,0,1,1
29,20930,0,1,1
29,20934,1,1,1
29,20942,0,1,1
29,20946,0,1,1
29,20950,1,1,1
29,20954,1,1,1
29,20958,0,1,1
29,20962,0,1,1
29,20966,1,1,1
29,20970,1,1,1
29,20974,0,1,1
29,20978,0,1,1
29,20982,1,1,1
29,20986,1,1,1
29,20990,0,1,1
29,20994,0,1,1
29,20998,1,1,1
29,21002,1,1,1
29,21006,0,1,1
29,21010,0,1,1
29,21014,1,1,1
29,21018,1,1,1
29,21022,0,1,1
29,21026,0,1,1
29,21030,1,1,1
29,21034,1,1,1
29,21038,0,1,1
29,21042,0,1,1
29,21046,1,1,1
29,21050,1,1,1
29,21058,0,1,1
29,21062,1,1,1
29,21066,1,1,1
29,21070,0,1,1
29,21074,0,1,1
29,21078,1,1,1
29,21082,1,1,1
29,21086,0,1,1
29,21090,0,1,1
29,21094,1,1,1
29,21098,1,1,1
29,21102,0,1,1
29,21106,0,1,1
29,21110,1,1,1
29,21114,1,1,1
29,21118,0,1,1
29,21122,0,1,1
29,21126,1,1,1
29,21130,1,1,1
29,21134,0,1,1
29,21138,0,1,1
29,21142,1,1,1
29,21146,1,1,1
29,21150,0,1,1
29,21154,0,1,1
29,21158,1,1,1
29,21162,1,1,1
29,21166,0,1,1
29,21174,1,1,1
29,21178,1,1,1
29,21182,0,1,1
29,21186,0,1,1
29,21190,1,1,1
29,21194,1,1,1
29,21198,0,1,1
29,21202,0,1,1
29,21206,1,1,1
29,21210,1,1,1
29,21214,0,1,1
29,21218,0,1,1
29,21222,1,1,1
29,21226,1,1,1
29,21230,0,1,1
29,21234,0,1,1
29,21238,1,1,1
29,21242,1,1,1
29,21246,0,1,1
29,21250,0,1,1
29,21254,1,1,1
29,21258,1,1,1
29,21262,0,1,1
29,21266,0,1,1
29,21270,1,1,1
29,21274,1,1,1
29,21278,0,1,1
29,21282,0,1,1
29,21290,1,1,1
29,21294,0,1,1
29,21298,0,1,1
29,21302,1,1,1
29,21306,1,1,1
29,21310,0,1,1
29,21314,0,1,1
29,21318,1,1,1
29,21322,1,1,1
29,21326,0,1,1
29,21330,0,1,1
29,21334,1,1,1
29,21338,1,1,1
29,21342,0,1,1
29,21346,0,1,1
29,21350,1,1,1
29,21354,1,1,1
29,21358,0,1,1
29,21362,0,1,1
29,21366,1,1,1
29,21370,1,1,1
29,21374,0,1,1
29,21378,0,1,1
29,21382,1,1,1
29,21386,1,1,1
29,21390,0,1,1
29,21394,0,1,1
29,21398,1,1,1
29,21406,0,1,1
29,21410,0,1,1
29,21414,1,1,1
29,21418,1,1,1
29,21422,0,1,1
29,21426,0,1,1
29,21430,1,1,1
29,21434,1,1,1
29,21438,0,1,1
29,21442,0,1,1
29,21446,1,1,1
29,21450,1,1,1
29,21454,0,1,1
29,21458,0,1,1
29,21462,1,1,1
29,21466,1,1,1
29,21470,0,1,1
29,21474,0,1,1
29,21478,1,1,1
29,21482,1,1,1
29,21486,0,1,1
29,21490,0,1,1
29,21494,1,1,1
29,21498,1,1,1
29,21502,0,1,1
29,21506,0,1,1
29,21510,1,1,1
29,21514,1,1,1
29,21522,0,1,1
29,21526,1,1,1
29,21530,1,1,1
29,21534,0,1,1
29,21538,0,1,1
29,21542,1,1,1
29,21546,1,1,1
29,21550,0,1,1
29,21554,0,1,1
29,21558,1,1,1
29,21562,1,1,1
29,21566,0,1,1
29,21570,0,1,1
29,21574,1,1,1
29,21578,1,1,1
29,21582,0,1,1
29,21586,0,1,1
29,21590,1,1,1
29,21594,1,1,1
29,21598,0,1,1
29,21602,0,1,1
29,21606,1,1,1
29,21610,1,1,1
29,21614,0,1,1
29,21618,0,1,1
29,21622,1,1,1
29,21626,1,1,1
29,21630,0,1,1
29,21638,1,1,1
29,21642,1,1,1
29,21646,0,1,1
29,21650,0,1,1
29,21654,1,1,1
29,21658,1,1,1
29,21662,0,1,1
29,21666,0,1,1
29,21670,1,1,1
29,21674,1,1,1
29,21678,0,1,1
29,21682,0,1,1
29,21686,1,1,1
29,21690,1,1,1
29,21694,0,1,1
29,21698,0,1,1
29,21702,1,1,1
29,21706,1,1,1
29,21710,0,1,1
29,21714,0,1,1
29,21718,1,1,1
29,21722,1,1,1
29,21726,0,1,1
29,21730,0,1,1
29,21734,1,1,1
29,21738,1,1,1
29,21742,0,1,1
29,21746,0,1,1
29,21754,1,1,1
29,21758,0,1,1
29,21762,0,1,1
29,21766,1,1,1
29,21770,1,1,1
29,21774,0,1,1
29,21778,0,1,1
29,21782,1,1,1
29,21786,1,1,1
29,21790,0,1,1
29,21794,0,1,1
29,21798,1,1,1
29,21802,1,1,1
29,21806,0,1,1
29,21810,0,1,1
29,21814,1,1,1
29,21818,1,1,1
29,21822,0,1,1
29,21826,0,1,1
29,21830,1,1,1
29,21834,1,1,1
29,21838,0,1,1
29,21842,0,1,1
29,21846,1,1,1
29,21850,1,1,1
29,21854,0,1,1
29,21858,0,1,1
29,21862,1,1,1
29,21870,0,1,1
29,21874,0,1,1
29,21878,1,1,1
29,21882,1,1,1
29,21886,0,1,1
29,21890,0,1,1
29,21894,1,1,1
29,21898,1,1,1
29,21902,0,1,1
29,21906,0,1,1
29,21910,1,1,1
29,21914,1,1,1
29,21918,0,1,1
29,21922,0,1,1
29,21926,1,1,1
29,21930,1,1,1
29,21934,0,1,1
29,21938,0,1,1
29,21942,1,1,1
29,21946,1,1,1
29,21950,0,1,1
29,21954,0,1,1
29,21958,1,1,1
29,21962,1,1,1
29,21966,0,1,1
29,21970,0,1,1
29,21974,1,1,1
29,21978,1,1,1
29,21986,0,1,1
29,21990,1,1,1
29,21994,1,1,1
29,21998,0,1,1
29,22002,0,1,1
29,22006,1,1,1
29,22010,1,1,1
29,22014,0,1,1
29,22018,0,1,1
29,22022,1,1,1
29,22026,1,1,1
29,22030,0,1,1
29,22034,0,1,1
29,22038,1,1,1
29,22042,1,1,1
29,22046,0,1,1
29,22050,0,1,1
29,22054,1,1,1
29,22058,1,1,1
29,22062,0,1,1
29,22066,0,1,1
29,22070,1,1,1
29,22074,1,1,1
29,22078,0,1,1
29,22082,0,1,1
29,22086,1,1,1
29,22090,1,1,1
29,22094,0,1,1
29,22102,1,1,1
29,22106,1,1,1
29,22110,0,1,1
29,22114,0,1,1
29,22118,1,1,1
29,22122,1,1,1
29,22126,0,1,1
29,22130,0,1,1
29,22134,1,1,1
29,22138,1,1,1
29,22142,0,1,1
29,22146,0,1,1
29,22150,1,1,1
29,22154,1,1,1
29,22158,0,1,1
29,22162,0,1,1
29,22166,1,1,1
29,22170,1,1,1
29,22174,0,1,1
29,22178,0,1,1
29,22182,1,1,1
29,22186,1,1,1
29,22190,0,1,1
29,22194,0,1,1
29,22198,1,1,1
29,22202,1,1,1
29,22206,0,1,1
29,22210,0,1,1
29,22218,1,1,1
29,22222,0,1,1
29,22226,0,1,1
29,22230,1,1,1
29,22234,1,1,1
29,22238,0,1,1
29,22242,0,1,1
29,22246,1,1,1
29,22250,1,1,1
29,22254,0,1,1
29,22258,0,1,1
29,22262,1,1,1
29,22266,1,1,1
29,22270,0,1,1
29,22274,0,1,1
29,22278,1,1,1
29,22282,1,1,1
29,22286,0,1,1
29,22290,0,1,1
29,22294,1,1,1
29,22298,1,1,1
29,22302,0,1,1
29,22306,0,1,1
29,22310,1,1,1
29,22314,1,1,1
29,22318,0,1,1
29,22322,0,1,1
29,22326,1,1,1
29,22334,0,1,1
29,22338,0,1,1
29,22342,1,1,1
29,22346,1,1,1
29,22350,0,1,1
29,22354,0,1,1
29,22358,1,1,1
29,22362,1,1,1
29,22366,0,1,1
29,22370,0,1,1
29,22374,1,1,1
29,22378,1,1,1
29,22382,0,1,1
29,22386,0,1,1
29,22390,1,1,1
29,22394,1,1,1
29,22398,0,1,1
29,22402,0,1,1
29,22406,1,1,1
29,22410,1,1,1
29,22414,0,1,1
29,22418,0,1,1
29,22422,0,1,1
29,22426,1,1,1
29,22430,0,1,1
29,22434,0,1,1
29,22438,1,1,1
29,22442,1,1,1
29,22450,0,1,1
29,22454,1,1,1
29,22458,1,1,1
29,22462,0,1,1
29,22466,0,1,1
29,22470,1,1,1
29,22474,1,1,1
29,22478,0,1,1
29,22482,0,1,1
29,22486,1,1,1
29,22490,1,1,1
29,22494,0,1,1
29,22498,0,1,1
29,22502,1,1,1
29,22506,1,1,1
29,22510,0,1,1
29,22514,0,1,1
29,22518,1,1,1
29,22522,1,1,1
29,22526,0,1,1
29,22530,0,1,1
29,22534,1,1,1
29,22538,1,1,1
29,22542,0,1,1
29,22546,0,1,1
29,22550,1,1,1
29,22554,1,1,1
29,22558,0,1,1
29,22566,1,1,1
29,22570,1,1,1
29,22574,0,1,1
29,22578,0,1,1
29,22582,1,1,1
29,22586,1,1,1
29,22590,0,1,1
29,22594,0,1,1
29,22598,1,1,1
29,22602,1,1,1
29,22606,0,1,1
29,22610,0,1,1
29,22614,1,1,1
29,22618,1,1,1
29,22622,0,1,1
29,22626,0,1,1
29,22630,1,1,1
29,22634,1,1,1
29,22638,0,1,1
29,22642,0,1,1
29,22646,1,1,1
29,22650,1,1,1
29,22654,0,1,1
29,22658,0,1,1
29,22662,1,1,1
29,22666,1,1,1
29,22670,0,1,1
29,22674,0,1,1
29,22682,1,1,1
29,22686,0,1,1
29,22690,0,1,1
29,22694,1,1,1
29,22698,1,1,1
29,22702,0,1,1
29,22706,0,1,1
29,22710,1,1,1
29,22714,1,1,1
29,22718,0,1,1
29,22722,0,1,1
29,22726,1,1,1
29,22730,1,1,1
29,22734,0,1,1
29,22738,0,1,1
29,22742,1,1,1
29,22746,1,1,1
29,22750,0,1,1
29,22754,0,1,1
29,22758,1,1,1
29,22762,1,1,1
29,22766,0,1,1
29,22770,0,1,1
29,22774,1,1,1
29,22778,1,1,1
29,22782,0,1,1
29,22786,0,1,1
29,22790,1,1,1
29,22798,0,1,1
29,22802,0,1,1
29,22806,1,1,1
29,22810,1,1,1
29,22814,0,1,1
29,22818,0,1,1
29,22822,1,1,1
29,22826,1,1,1
29,22830,0,1,1
29,22834,0,1,1
29,22838,1,1,1
29,22842,1,1,1
29,22846,0,1,1
29,22850,0,1,1
29,22854,1,1,1
29,22858,1,1,1
29,22862,0,1,1
29,22866,0,1,1
29,22870,1,1,1
29,22874,1,1,1
29,22878,0,1,1
29,22882,0,1,1
29,22886,1,1,1
29,22890,1,1,1
29,22894,0,1,1
29,22898,0,1,1
29,22902,1,1,1
29,22906,1,1,1
29,22914,0,1,1
29,22918,1,1,1
29,22922,0,1,1
29,22926,0,1,1
29,22930,0,1,1
29,22934,1,1,1
29,22938,1,1,1
29,22942,0,1,1
29,22946,0,1,1
29,22950,1,1,1
29,22954,1,1,1
29,22958,0,1,1
29,22962,0,1,1
29,22966,1,1,1
29,22970,1,1,1
29,22974,0,1,1
29,22978,0,1,1
29,22982,1,1,1
29,22986,1,1,1
29,22990,0,1,1
29,22994,0,1,1
29,22998,1,1,1
29,23002,1,1,1
29,23006,0,1,1
29,23010,0,1,1
29,23014,1,1,1
29,23018,1,1,1
29,23022,0,1,1
29,23030,1,1,1
29,23034,1,1,1
29,23038,0,1,1
29,23042,0,1,1
29,23046,1,1,1
29,23050,1,1,1
29,23054,0,1,1
29,23058,0,1,1
29,23062,1,1,1
29,23066,1,1,1
29,23070,0,1,1
29,23074,0,1,1
29,23078,1,1,1
29,23082,1,1,1
29,23086,0,1,1
29,23090,0,1,1
29,23094,1,1,1
29,23098,1,1,1
29,23102,0,1,1
29,23106,0,1,1
29,23110,1,1,1
29,23114,1,1,1
29,23118,0,1,1
29,23122,0,1,1
29,23126,1,1,1
29,23130,1,1,1
29,23134,0,1,1
29,23138,0,1,1
29,23146,1,1,1
29,23150,0,1,1
29,23154,0,1,1
29,23158,1,1,1
29,23162,1,1,1
29,23166,0,1,1
29,23170,0,1,1
29,23174,1,1,1
29,23178,1,1,1
29,23182,0,1,1
29,23186,0,1,1
29,23190,1,1,1
29,23194,1,1,1
29,23198,0,1,1
29,23202,0,1,1
29,23206,1,1,1
29,23210,1,1,1
29,23214,0,1,1
29,23218,0,1,1
29,23222,1,1,1
29,23226,1,1,1
29,23230,0,1,1
29,23234,0,1,1
29,23238,1,1,1
29,23242,1,1,1
29,23246,0,1,1
29,23250,0,1,1
29,23254,1,1,1
29,23262,0,1,1
29,23266,0,1,1
29,23270,1,1,1
29,23274,1,1,1
29,23278,0,1,1
29,23282,0,1,1
29,23286,1,1,1
29,23290,1,1,1
29,23294,0,1,1
29,23298,0,1,1
29,23302,1,1,1
29,23306,1,1,1
29,23310,0,1,1
29,23314,0,1,1
29,23318,1,1,1
29,23322,1,1,1
29,23326,0,1,1
29,23330,0,1,1
29,23334,1,1,1
29,23338,1,1,1
29,23342,0,1,1
29,23346,0,1,1
29,23350,1,1,1
29,23354,1,1,1
29,23358,0,1,1
29,23362,0,1,1
29,23366,1,1,1
29,23370,1,1,1
29,23378,0,1,1
29,23382,1,1,1
29,23386,1,1,1
29,23390,0,1,1
29,23394,0,1,1
29,23398,1,1,1
29,23402,1,1,1
29,23406,0,1,1
29,23410,0,1,1
29,23414,1,1,1
29,23418,1,1,1
29,23422,0,1,1
29,23426,0,1,1
29,23430,1,1,1
29,23434,1,1,1
29,23438,0,1,1
29,23442,0,1,1
29,23446,1,1,1
29,23450,1,1,1
29,23454,0,1,1
29,23458,0,1,1
29,23462,1,1,1
29,23466,1,1,1
29,23470,0,1,1
29,23474,0,1,1
29,23478,1,1,1
29,23482,1,1,1
29,23486,0,1,1
29,23494,1,1,1
29,23498,1,1,1
29,23502,0,1,1
29,23506,0,1,1
29,23510,1,1,1
29,23514,1,1,1
29,23518,0,1,1
29,23522,0,1,1
29,23526,1,1,1
29,23530,1,1,1
29,23534,0,1,1
29,23538,0,1,1
29,23542,1,1,1
29,23546,1,1,1
29,23550,0,1,1
29,23554,0,1,1
29,23558,1,1,1
29,23562,1,1,1
29,23566,0,1,1
29,23570,0,1,1
29,23574,1,1,1
29,23578,1,1,1
29,23582,0,1,1
29,23586,0,1,1
29,23590,1,1,1
29,23594,1,1,1
29,23598,0,1,1
29,23602,0,1,1
29,23610,1,1,1
29,23614,0,1,1
29,23618,0,1,1
29,23622,1,1,1
29,23626,1,1,1
29,23630,0,1,1
29,23634,0,1,1
29,23638,1,1,1
29,23642,1,1,1
29,23646,0,1,1
29,23650,0,1,1
29,23654,1,1,1
29,23658,1,1,1
29,23662,0,1,1
29,23666,0,1,1
29,23670,1,1,1
29,23674,1,1,1
29,23678,0,1,1
29,23682,0,1,1
29,23686,1,1,1
29,23690,1,1,1
29,23694,0,1,1
29,23698,0,1,1
29,23702,1,1,1
29,23706,1,1,1
29,23710,0,1,1
29,23714,0,1,1
29,23718,1,1,1
29,23726,0,1,1
29,23730,0,1,1
29,23734,1,1,1
29,23738,1,1,1
29,23742,0,1,1
29,23746,0,1,1
29,23750,1,1,1
29,23754,1,1,1
29,23758,0,1,1
29,23762,0,1,1
29,23766,1,1,1
29,23770,1,1,1
29,23774,0,1,1
29,23778,0,1,1
29,23782,1,1,1
29,23786,1,1,1
29,23790,0,1,1
29,23794,0,1,1
29,23798,1,1,1
29,23802,1,1,1
29,23806,0,1,1
29,23810,0,1,1
29,23814,1,1,1
29,23818,1,1,1
29,23822,0,1,1
29,23826,0,1,1
29,23830,1,1,1
29,23834,1,1,1
29,23842,0,1,1
29,23846,1,1,1
29,23850,1,1,1
29,23854,0,1,1
29,23858,0,1,1
29,23862,1,1,1
29,23866,1,1,1
29,23870,0,1,1
29,23874,0,1,1
29,23878,1,1,1
29,23882,1,1,1
29,23886,0,1,1
29,23890,0,1,1
29,23894,1,1,1
29,23898,1,1,1
29,23902,0,1,1
29,23906,0,1,1
29,23910,1,1,1
29,23914,1,1,1
29,23918,0,1,1
29,23922,0,1,1
29,23926,1,1,1
29,23930,1,1,1
29,23934,0,1,1
29,23938,0,1,1
29,23942,1,1,1
29,23946,1,1,1
29,23950,0,1,1
29,23958,1,1,1
29,23962,1,1,1
29,23966,0,1,1
29,23970,0,1,1
29,23974,1,1,1
29,23978,1,1,1
29,23982,0,0,0
29,23986,0,1,1
29,23990,1,1,1
29,23994,1,1,1
29,23998,0,1,1
29,24002,0,1,1
29,24006,1,1,1
29,24010,1,1,1
29,24014,0,1,1
29,24018,0,1,1
29,24022,1,1,1
29,24026,1,1,1
29,24030,0,1,1
29,24034,0,1,1
29,24038,1,1,1
29,24042,1,1,1
29,24046,0,1,1
29,24050,0,1,1
29,24054,1,1,1
29,24058,1,1,1
29,24062,0,1,1
29,24066,0,0,0
29,24074,1,1,1
29,24078,0,1,1
29,24082,0,1,1
29,24086,1,1,1
29,24090,1,1,1
29,24094,0,1,1
29,24098,0,1,1
29,24102,1,1,1
29,24106,1,1,1
29,24110,0,1,1
29,24114,0,1,1
29,24118,1,1,1
29,24122,1,1,1
29,24126,0,1,1
29,24130,0,1,1
29,24134,1,1,1
29,24138,1,1,1
29,24142,0,1,1
29,24146,0,1,1
29,24150,1,1,1
29,24154,1,1,1
29,24158,0,1,1
29,24162,0,1,1
29,24166,1,1,1
29,24170,1,1,1
29,24174,0,1,1
29,24178,0,1,1
29,24182,1,1,1
29,24190,0,1,1
29,24194,0,1,1
29,24198,1,1,1
29,24202,1,1,1
29,24206,0,1,1
29,24210,0,1,1
29,24214,1,1,1
29,24218,1,1,1
29,24222,0,1,1
29,24226,0,1,1
29,24230,1,1,1
29,24234,1,1,1
29,24238,0,1,1
29,24242,0,1,1
29,24246,1,1,1
29,24250,1,1,1
29,24254,0,1,1
29,24258,0,1,1
29,24262,1,1,1
29,24266,1,1,1
29,24270,0,1,1
29,24274,0,1,1
29,24278,1,1,1
29,24282,1,1,1
29,24286,0,1,1
29,24290,0,1,1
29,24294,1,1,1
29,24298,1,1,1
29,24306,0,1,1
29,24310,1,1,1
29,24314,1,1,1
29,24318,0,1,1
29,24322,0,1,1
29,24326,1,1,1
29,24330,1,1,1
29,24334,0,1,1
29,24338,0,1,1
29,24342,1,1,1
29,24346,1,1,1
29,24350,0,1,1
29,24354,0,1,1
29,24358,1,1,1
29,24362,1,1,1
29,24366,0,1,1
29,24370,0,1,1
29,24374,1,1,1
29,24378,1,1,1
29,24382,0,1,1
29,24386,0,0,0
29,24390,1,1,1
29,24394,1,1,1
29,24398,0,1,1
29,24402,0,1,1
29,24406,1,1,1
29,24410,1,1,1
29,24414,0,1,1
29,24422,1,1,1
29,24426,1,0,1
29,24430,0,1,1
29,24434,0,1,1
29,24438,1,1,1
29,24442,1,1,1
29,24446,0,1,1
29,24450,0,1,1
29,24454,1,1,1
29,24458,1,1,1
29,24462,0,0,0
29,24466,0,1,1
29,24470,1,1,1
29,24474,1,1,1
29,24478,0,1,1
29,24482,0,1,1
29,24486,1,1,1
29,24490,1,1,1
29,24494,0,1,1
29,24498,0,1,1
29,24502,1,1,1
29,24506,1,1,1
29,24510,0,1,1
29,24514,0,1,1
29,24518,1,1,1
29,24522,1,1,1
29,24526,0,1,1
29,24530,0,1,1
29,24538,1,1,1
29,24542,0,1,1
29,24546,0,1,1
29,24550,1,1,1
29,24554,1,1,1
29,24558,0,1,1
29,24562,0,1,1
29,24566,1,1,1
29,24570,1,1,1
29,24574,0,1,1
29,24578,0,1,1
29,24582,1,1,1
29,24586,1,1,1
29,24590,0,1,1
29,24594,0,1,1
29,24598,1,1,1
29,24602,1,1,1
29,24606,0,1,1
29,24610,0,1,1
29,24614,1,1,1
29,24618,1,1,1
29,24622,0,1,1
29,24626,0,1,1
29,24630,1,1,1
29,24634,1,1,1
29,24638,0,1,1
29,24642,0,1,1
29,24646,1,1,1
29,24654,0,1,1
29,24658,0,1,1
29,24662,1,1,1
29,24666,1,1,1
29,24670,0,1,1
29,24674,0,1,1
29,24678,1,1,1
29,24682,1,1,1
29,24686,0,1,1
29,24690,0,1,1
29,24694,1,1,1
29,24698,1,1,1
29,24702,0,1,1
29,24706,0,1,1
29,24710,1,1,1
29,24714,1,1,1
29,24718,0,1,1
29,24722,0,1,1
29,24726,1,1,1
29,24730,1,1,1
29,24734,0,1,1
29,24738,0,1,1
29,24742,1,1,1
29,24746,1,1,1
29,24750,0,1,1
29,24754,0,1,1
29,24758,1,1,1
29,24762,1,1,1
29,24770,0,1,1
29,24774,1,1,1
29,24778,1,1,1
29,24782,0,1,1
29,24786,0,1,1
29,24790,1,1,1
29,24794,1,1,1
29,24798,0,1,1
29,24802,0,1,1
29,24806,1,1,1
29,24810,1,1,1
29,24814,0,1,1
29,24818,0,1,1
29,24822,1,1,1
29,24826,1,1,1
29,24830,0,1,1
29,24834,0,1,1
29,24838,1,1,1
29,24842,1,1,1
29,24846,0,1,1
29,24850,0,1,1
29,24854,1,1,1
29,24858,1,1,1
29,24862,0,1,1
29,24866,0,1,1
29,24870,1,1,1
29,24874,1,1,1
29,24878,0,1,1
29,24886,1,1,1
29,24890,1,1,1
29,24894,0,1,1
29,24898,0,1,1
29,24902,1,1,1
29,24906,1,1,1
29,24910,0,1,1
29,24914,0,1,1
29,24918,1,1,1
29,24922,1,1,1
29,24926,0,1,1
29,24930,0,1,1
29,24934,1,1,1
29,24938,1,1,1
29,24942,0,1,1
29,24946,0,1,1
29,24950,1,1,1
29,24954,1,1,1
29,24958,0,1,1
29,24962,0,1,1
29,24966,1,1,1
29,24970,1,1,1
29,24974,0,1,1
29,24978,0,1,1
29,24982,1,1,1
29,24986,1,1,1
29,24990,0,1,1
29,24994,0,1,1
29,25002,1,1,1
29,25006,0,1,1
29,25010,0,1,1
29,25014,0,1,1
29,25018,1,1,1
29,25022,0,1,1
29,25026,0,1,1
29,25030,1,1,1
29,25034,1,1,1
29,25038,0,1,1
29,25042,0,1,1
29,25046,1,1,1
29,25050,1,1,1
29,25054,0,1,1
29,25058,0,1,1
29,25062,1,1,1
29,25066,1,1,1
29,25070,0,1,1
29,25074,0,1,1
29,25078,1,1,1
29,25082,1,1,1
29,25086,0,1,1
29,25090,0,1,1
29,25094,1,1,1
29,25098,1,0,1
29,25102,0,1,1
29,25106,0,1,1
29,25110,1,1,1
29,25118,0,1,1
29,25122,0,1,1
29,25126,1,1,1
29,25130,1,1,1
29,25134,0,1,1
29,25138,0,1,1
29,25142,1,1,1
29,25146,1,1,1
29,25150,0,1,1
29,25154,0,1,1
29,25158,1,1,1
29,25162,1,1,1
29,25166,0,1,1
29,25170,0,1,1
29,25174,1,1,1
29,25178,1,1,1
29,25182,0,1,1
29,25186,0,1,1
29,25190,1,1,1
29,25194,1,1,1
29,25198,0,1,1
29,25202,0,1,1
29,25206,1,1,1
29,25210,1,1,1
29,25214,0,1,1
29,25218,0,1,1
29,25222,1,1,1
29,25226,1,1,1
29,25234,0,1,1
29,25238,1,1,1
29,25242,1,1,1
29,25246,0,1,1
29,25250,0,1,1
29,25254,1,1,1
29,25258,1,1,1
29,25262,0,1,1
29,25266,0,1,1
29,25270,1,1,1
29,25274,1,1,1
29,25278,0,1,1
29,25282,0,1,1
29,25286,1,1,1
29,25290,1,1,1
29,25294,0,1,1
29,25298,0,1,1
29,25302,1,1,1
29,25306,1,1,1
29,25310,0,1,1
29,25314,0,1,1
29,25318,1,1,1
29,25322,1,1,1
29,25326,0,1,1
29,25330,0,1,1
29,25334,1,1,1
29,25338,1,1,1
29,25342,0,1,1
29,25350,1,1,1
29,25354,1,1,1
29,25358,0,1,1
29,25362,0,1,1
29,25366,1,1,1
29,25370,1,1,1
29,25374,0,1,1
29,25378,0,1,1
29,25382,1,1,1
29,25386,1,1,1
29,25390,0,1,1
29,25394,0,1,1
29,25398,1,1,1
29,25402,1,1,1
29,25406,0,1,1
29,25410,0,1,1
29,25414,1,1,1
29,25418,1,1,1
29,25422,0,1,1
29,25426,0,1,1
29,25430,1,1,1
29,25434,1,1,1
29,25438,0,1,1
29,25442,0,1,1
29,25446,1,1,1
29,25450,1,1,1
29,25454,0,1,1
29,25458,0,1,1
29,25466,1,1,1
29,25470,0,1,1
29,25474,0,1,1
29,25478,1,1,1
29,25482,1,1,1
29,25486,0,1,1
29,25490,0,1,1
29,25494,1,0,1
29,25498,1,0,1
29,25502,0,1,1
29,25506,0,1,1
29,25510,1,1,1
29,25514,1,1,1
29,25518,0,1,1
29,25522,0,1,1
29,25526,1,1,1
29,25530,1,1,1
29,25534,0,1,1
29,25538,0,1,1
29,25542,1,1,1
29,25546,1,1,1
29,25550,0,1,1
29,25554,0,1,1
29,25558,1,1,1
29,25562,1,1,1
29,25566,0,1,1
29,25570,0,1,1
29,25574,1,1,1
29,25582,0,1,1
29,25586,0,1,1
29,25590,1,1,1
29,25594,1,1,1
29,25598,0,1,1
29,25602,0,0,0
29,25606,1,1,1
29,25610,1,1,1
29,25614,0,1,1
29,25618,0,1,1
29,25622,1,1,1
29,25626,1,1,1
29,25630,0,1,1
29,25634,0,1,1
29,25638,1,1,1
29,25642,1,1,1
29,25646,0,1,1
29,25650,0,1,1
29,25654,1,1,1
29,25658,1,1,1
29,25662,0,1,1
29,25666,0,1,1
29,25670,1,1,1
29,25674,1,1,1
29,25678,0,1,1
29,25682,0,1,1
29,25686,1,1,1
29,25690,1,1,1
29,25698,0,1,1
29,25702,1,1,1
29,25706,1,1,1
29,25710,0,1,1
29,25714,0,1,1
29,25718,0,1,1
29,25722,1,1,1
29,25726,0,1,1
29,25730,0,1,1
29,25734,1,1,1
29,25738,1,1,1
29,25742,0,1,1
29,25746,0,1,1
29,25750,1,1,1
29,25754,1,1,1
29,25758,0,1,1
29,25762,0,1,1
29,25766,1,1,1
29,25770,1,1,1
29,25774,0,1,1
29,25778,0,1,1
29,25782,1,1,1
29,25786,1,1,1
29,25790,0,1,1
29,25794,0,1,1
29,25798,1,1,1
29,25802,1,1,1
29,25806,0,1,1
29,25814,1,1,1
29,25818,1,1,1
29,25822,0,1,1
29,25826,0,1,1
29,25830,1,1,1
29,25834,1,1,1
29,25838,0,1,1
29,25842,0,1,1
29,25846,1,1,1
29,25850,1,1,1
29,25854,0,1,1
29,25858,0,1,1
29,25862,1,1,1
29,25866,1,1,1
29,25870,0,1,1
29,25874,0,1,1
29,25878,1,1,1
29,25882,1,1,1
29,25886,0,1,1
29,25890,0,1,1
29,25894,1,1,1
29,25898,1,1,1
29,25902,0,1,1
29,25906,0,1,1
29,25910,1,1,1
29,25914,1,1,1
29,25918,0,1,1
29,25922,0,1,1
29,25930,1,1,1
29,25934,0,1,1
29,25938,0,1,1
29,25942,1,1,1
29,25946,1,1,1
29,25950,0,1,1
29,25954,0,1,1
29,25958,1,1,1
29,25962,1,1,1
29,25966,0,1,1
29,25970,0,1,1
29,25974,1,1,1
29,25978,1,1,1
29,25982,0,1,1
29,25986,0,1,1
29,25990,1,1,1
29,25994,1,1,1
29,25998,0,1,1
29,26002,0,1,1
29,26006,1,0,1
29,26010,1,1,1
29,26014,0,1,1
29,26018,0,1,1
29,26022,1,1,1
29,26026,1,1,1
29,26030,0,1,1
29,26034,0,1,1
29,26038,1,1,1
29,26046,0,1,1
29,26050,0,1,1
29,26054,1,1,1
29,26058,1,1,1
29,26062,0,1,1
29,26066,0,1,1
29,26070,1,1,1
29,26074,1,1,1
29,26078,0,1,1
29,26082,0,1,1
29,26086,1,1,1
29,26090,1,1,1
29,26094,0,1,1
29,26098,0,1,1
29,26102,1,1,1
29,26106,1,1,1
29,26110,0,1,1
29,26114,0,1,1
29,26118,1,1,1
29,26122,1,1,1
29,26126,0,1,1
29,26130,0,1,1
29,26134,1,1,1
29,26138,1,1,1
29,26142,0,1,1
29,26146,0,1,1
29,26150,1,1,1
29,26154,0,1,1
29,26162,0,1,1
29,26166,1,1,1
29,26170,1,1,1
29,26174,0,1,1
29,26178,0,1,1
29,26182,1,1,1
29,26186,1,1,1
29,26190,0,1,1
29,26194,0,1,1
29,26198,1,1,1
29,26202,1,1,1
29,26206,0,1,1
29,26210,0,1,1
29,26214,1,1,1
29,26218,1,1,1
29,26222,0,1,1
29,26226,0,1,1
29,26230,1,1,1
29,26234,1,1,1
29,26238,0,1,1
29,26242,0,1,1
29,26246,1,1,1
29,26250,1,1,1
29,26254,0,1,1
29,26258,0,1,1
29,26262,1,1,1
29,26266,1,1,1
29,26270,0,1,1
29,26278,1,1,1
29,26282,1,1,1
29,26286,0,1,1
29,26290,0,1,1
29,26294,1,1,1
29,26298,1,1,1
29,26302,0,1,1
29,26306,0,1,1
29,26310,1,1,1
29,26314,1,1,1
29,26318,0,1,1
29,26322,0,1,1
29,26326,1,1,1
29,26330,1,1,1
29,26334,0,1,1
29,26338,0,1,1
29,26342,1,1,1
29,26346,1,1,1
29,26350,0,1,1
29,26354,0,1,1
29,26358,1,1,1
29,26362,1,1,1
29,26366,0,1,1
29,26370,0,1,1
29,26374,1,1,1
29,26378,1,1,1
29,26382,0,1,1
29,26386,0,1,1
29,26394,1,1,1
29,26398,0,1,1
29,26402,0,1,1
29,26406,1,1,1
29,26410,1,1,1
29,26414,0,1,1
29,26418,0,1,1
29,26422,1,1,1
29,26426,1,1,1
29,26430,0,1,1
29,26434,0,1,1
29,26438,1,1,1
29,26442,1,1,1
29,26446,0,1,1
29,26450,0,1,1
29,26454,1,1,1
29,26458,1,1,1
29,26462,0,1,1
29,26466,0,1,1
29,26470,1,1,1
29,26474,1,1,1
29,26478,0,1,1
29,26482,0,1,1
29,26486,1,1,1
29,26490,1,1,1
29,26494,0,1,1
29,26498,0,1,1
29,26502,1,1,1
29,26510,0,1,1
29,26514,0,0,0
29,26518,1,1,1
29,26522,1,1,1
29,26526,0,1,1
29,26530,0,1,1
29,26534,1,1,1
29,26538,1,1,1
29,26542,0,1,1
29,26546,0,1,1
29,26550,1,1,1
29,26554,1,1,1
29,26558,0,1,1
29,26562,0,1,1
29,26566,1,1,1
29,26570,1,1,1
29,26574,0,1,1
29,26578,0,1,1
29,26582,1,1,1
29,26586,1,1,1
29,26590,0,1,1
29,26594,0,1,1
29,26598,1,1,1
29,26602,1,1,1
29,26606,0,1,1
29,26610,0,1,1
29,26614,1,1,1
29,26618,1,1,1
29,26626,0,1,1
29,26630,1,1,1
29,26634,1,1,1
29,26638,0,1,1
29,26642,0,1,1
29,26646,1,1,1
29,26650,1,1,1
29,26654,0,1,1
29,26658,0,1,1
29,26662,1,1,1
29,26666,0,1,1
29,26670,0,1,1
29,26674,0,1,1
29,26678,1,1,1
29,26682,1,1,1
29,26686,0,1,1
29,26690,0,1,1
29,26694,1,1,1
29,26698,1,1,1
29,26702,0,1,1
29,26706,0,1,1
29,26710,1,1,1
29,26714,1,1,1
29,26718,0,0,0
29,26722,0,1,1
29,26726,1,1,1
29,26730,1,1,1
29,26734,0,1,1
29,26742,1,1,1
29,26746,1,1,1
29,26750,0,1,1
29,26754,0,1,1
29,26758,1,1,1
29,26762,1,1,1
29,26766,0,1,1
29,26770,0,1,1
29,26774,1,1,1
29,26778,1,1,1
29,26782,0,1,1
29,26786,0,1,1
29,26790,1,1,1
29,26794,1,1,1
29,26798,0,1,1
29,26802,0,1,1
29,26806,1,1,1
29,26810,1,1,1
29,26814,0,1,1
29,26818,0,1,1
29,26822,1,1,1
29,26826,1,1,1
29,26830,0,1,1
29,26834,0,1,1
29,26838,1,1,1
29,26842,1,1,1
29,26846,0,1,1
29,26850,0,1,1
29,26858,1,1,1
29,26862,0,1,1
29,26866,0,1,1
29,26870,1,1,1
29,26874,1,1,1
29,26878,0,1,1
29,26882,0,1,1
29,26886,1,1,1
29,26890,1,1,1
29,26894,0,1,1
29,26898,0,1,1
29,26902,1,1,1
29,26906,1,1,1
29,26910,0,1,1
29,26914,0,1,1
29,26918,1,1,1
29,26922,1,1,1
29,26926,0,1,1
29,26930,0,1,1
29,26934,1,1,1
29,26938,1,1,1
29,26942,0,1,1
29,26946,0,1,1
29,26950,1,1,1
29,26954,1,1,1
29,26958,0,1,1
29,26962,0,1,1
29,26966,1,1,1
29,26974,0,1,1
29,26978,0,1,1
29,26982,1,1,1
29,26986,1,1,1
29,26990,0,1,1
29,26994,0,1,1
29,26998,1,1,1
29,27002,1,1,1
29,27006,0,1,1
29,27010,0,1,1
29,27014,1,1,1
29,27018,1,1,1
29,27022,0,1,1
29,27026,0,1,1
29,27030,1,1,1
29,27034,1,1,1
29,27038,0,1,1
29,27042,0,1,1
29,27046,1,1,1
29,27050,1,1,1
29,27054,0,1,1
29,27058,0,1,1
29,27062,1,1,1
29,27066,1,1,1
29,27070,0,1,1
29,27074,0,1,1
29,27078,1,1,1
29,27082,1,1,1
29,27090,0,1,1
29,27094,1,1,1
29,27098,1,1,1
29,27102,0,1,1
29,27106,0,1,1
29,27110,1,1,1
29,27114,1,1,1
29,27118,0,1,1
29,27122,0,1,1
29,27126,1,1,1
29,27130,1,1,1
29,27134,0,1,1
29,27138,0,1,1
29,27142,1,1,1
29,27146,1,1,1
29,27150,0,1,1
29,27154,0,1,1
29,27158,1,1,1
29,27162,1,1,1
29,27166,0,1,1
29,27170,0,1,1
29,27174,1,1,1
29,27178,1,1,1
29,27182,0,1,1
29,27186,0,1,1
29,27190,1,1,1
29,27194,1,1,1
29,27198,0,1,1
29,27206,1,1,1
29,27210,1,1,1
29,27214,0,1,1
29,27218,0,1,1
29,27222,1,1,1
29,27226,1,1,1
29,27230,0,1,1
29,27234,0,1,1
29,27238,1,1,1
29,27242,1,1,1
29,27246,0,0,0
29,27250,0,1,1
29,27254,1,1,1
29,27258,1,1,1
29,27262,0,1,1
29,27266,0,1,1
29,27270,1,1,1
29,27274,1,1,1
29,27278,0,1,1
29,27282,0,1,1
29,27286,1,1,1
29,27290,1,1,1
29,27294,0,1,1
29,27298,0,1,1
29,27302,1,1,1
29,27306,1,1,1
29,27310,0,1,1
29,27314,0,1,1
29,27322,1,1,1
29,27326,0,1,1
29,27330,0,1,1
29,27334,1,1,1
29,27338,1,1,1
29,27342,0,0,0
29,27346,0,1,1
29,27350,1,1,1
29,27354,1,1,1
29,27358,0,1,1
29,27362,0,1,1
29,27366,1,1,1
29,27370,1,1,1
29,27374,0,1,1
29,27378,0,1,1
29,27382,1,1,1
29,27386,1,1,1
29,27390,0,1,1
29,27394,0,1,1
29,27398,1,1,1
29,27402,1,1,1
29,27406,0,1,1
29,27410,0,1,1
29,27414,1,1,1
29,27418,1,1,1
29,27422,0,1,1
29,27426,0,1,1
29,27430,1,1,1
29,27438,0,1,1
29,27442,0,1,1
29,27446,1,1,1
29,27450,1,1,1
29,27454,0,1,1
29,27458,0,1,1
29,27462,1,1,1
29,27466,1,1,1
29,27470,0,1,1
29,27474,0,1,1
29,27478,1,1,1
29,27482,1,1,1
29,27486,0,0,0
29,27490,0,1,1
29,27494,1,1,1
29,27498,1,1,1
29,27502,0,1,1
29,27506,0,1,1
29,27510,1,1,1
29,27514,1,1,1
29,27518,0,1,1
29,27522,0,1,1
29,27526,1,1,1
29,27530,1,1,1
29,27534,0,0,0
29,27538,0,1,1
29,27542,0,1,1
29,27546,1,1,1
29,27554,0,1,1
29,27558,1,0,1
29,27562,1,1,1
29,27566,0,1,1
29,27570,0,1,1
29,27574,1,1,1
29,27578,1,1,1
29,27582,0,1,1
29,27586,0,1,1
29,27590,1,1,1
29,27594,1,1,1
29,27598,0,1,1
29,27602,0,1,1
29,27606,1,1,1
29,27610,1,1,1
29,27614,0,1,1
29,27618,0,1,1
29,27622,1,1,1
29,27626,1,1,1
29,27630,0,1,1
29,27634,0,1,1
29,27638,1,1,1
29,27642,1,1,1
29,27646,0,1,1
29,27650,0,1,1
29,27654,1,1,1
29,27658,1,1,1
29,27662,0,1,1
29,27670,1,1,1
29,27674,1,1,1
29,27678,0,1,1
29,27682,0,1,1
29,27686,1,1,1
29,27690,1,1,1
29,27694,0,1,1
29,27698,0,1,1
29,27702,1,1,1
29,27706,1,1,1
29,27710,0,1,1
29,27714,0,1,1
29,27718,1,1,1
29,27722,1,1,1
29,27726,0,1,1
29,27730,0,1,1
29,27734,1,1,1
29,27738,1,1,1
29,27742,0,1,1
29,27746,0,1,1
29,27750,1,1,1
29,27754,1,1,1
29,27758,0,1,1
29,27762,0,1,1
29,27766,1,1,1
29,27770,1,1,1
29,27774,0,1,1
29,27778,0,1,1
29,27786,1,1,1
29,27790,0,1,1
29,27794,0,1,1
29,27798,1,1,1
29,27802,1,1,1
29,27806,0,1,1
29,27810,0,1,1
29,27814,1,1,1
29,27818,1,1,1
29,27822,0,1,1
29,27826,0,1,1
29,27830,1,1,1
29,27834,1,1,1
29,27838,0,1,1
29,27842,0,1,1
29,27846,1,1,1
29,27850,1,1,1
29,27854,0,1,1
29,27858,0,1,1
29,27862,1,1,1
29,27866,1,1,1
29,27870,0,1,1
29,27874,0,1,1
29,27878,1,1,1
29,27882,1,1,1
29,27886,0,1,1
29,27890,0,1,1
29,27894,1,1,1
29,27902,0,1,1
29,27906,0,1,1
29,27910,1,1,1
29,27914,1,1,1
29,27918,0,1,1
29,27922,0,1,1
29,27926,1,1,1
29,27930,1,1,1
29,27934,0,1,1
29,27938,0,1,1
29,27942,1,1,1
29,27946,1,1,1
29,27950,0,1,1
29,27954,0,1,1
29,27958,1,1,1
29,27962,1,1,1
29,27966,0,1,1
29,27970,0,1,1
29,27974,1,1,1
29,27978,1,1,1
29,27982,0,1,1
29,27986,0,1,1
29,27990,1,1,1
29,27994,1,1,1
29,27998,0,1,1
29,28002,0,1,1
29,28006,1,1,1
29,28010,1,1,1
29,28018,0,1,1
29,28022,1,1,1
29,28026,1,1,1
29,28030,0,1,1
29,28034,0,1,1
29,28038,1,1,1
29,28042,1,1,1
29,28046,0,1,1
29,28050,0,1,1
29,28054,1,1,1
29,28058,1,1,1
29,28062,0,1,1
29,28066,0,1,1
29,28070,1,1,1
29,28074,1,1,1
29,28078,0,1,1
29,28082,0,1,1
29,28086,1,1,1
29,28090,1,1,1
29,28094,0,1,1
29,28098,0,1,1
29,28102,1,1,1
29,28106,1,1,1
29,28110,0,1,1
29,28114,0,1,1
29,28118,1,1,1
29,28122,1,1,1
29,28126,0,1,1
29,28134,1,1,1
29,28138,1,1,1
29,28142,0,1,1
29,28146,0,1,1
29,28150,1,1,1
29,28154,1,1,1
29,28158,0,1,1
29,28162,0,0,0
29,28166,1,1,1
29,28170,1,1,1
29,28174,0,1,1
29,28178,0,1,1
29,28182,1,1,1
29,28186,1,1,1
29,28190,0,1,1
29,28194,0,1,1
29,28198,1,1,1
29,28202,1,1,1
29,28206,0,1,1
29,28210,0,1,1
29,28214,1,1,1
29,28218,1,1,1
29,28222,0,1,1
29,28226,0,1,1
29,28230,1,1,1
29,28234,1,1,1
29,28238,0,0,0
29,28242,0,0,0
29,28250,1,1,1
29,28254,0,1,1
29,28258,0,1,1
29,28262,1,1,1
29,28266,1,1,1
29,28270,0,1,1
29,28274,0,1,1
29,28278,1,1,1
29,28282,1,1,1
29,28286,0,1,1
29,28290,0,1,1
29,28294,1,1,1
29,28298,1,1,1
29,28302,0,1,1
29,28306,0,1,1
29,28310,1,1,1
29,28314,1,1,1
29,28318,0,1,1
29,28322,0,1,1
29,28326,1,1,1
29,28330,1,1,1
29,28334,0,1,1
29,28338,0,1,1
29,28342,1,1,1
29,28346,1,1,1
29,28350,0,1,1
29,28354,0,1,1
29,28358,1,1,1
29,28366,0,1,1
29,28370,0,1,1
29,28374,1,1,1
29,28378,1,1,1
29,28382,0,1,1
29,28386,0,1,1
29,28390,1,1,1
29,28394,1,1,1
29,28398,0,1,1
29,28402,0,1,1
29,28406,1,1,1
29,28410,1,1,1
29,28414,0,1,1
29,28418,0,1,1
29,28422,1,1,1
29,28426,1,1,1
29,28430,0,1,1
29,28434,0,1,1
29,28438,1,1,1
29,28442,1,1,1
29,28446,0,1,1
29,28450,0,1,1
29,28454,1,1,1
29,28458,1,1,1
29,28462,0,1,1
29,28466,0,1,1
29,28470,1,1,1
29,28474,1,1,1
29,28482,0,1,1
29,28486,1,1,1
29,28490,1,1,1
29,28494,0,1,1
29,28498,0,1,1
29,28502,1,1,1
29,28506,1,1,1
29,28510,0,1,1
29,28514,0,1,1
29,28518,1,1,1
29,28522,1,1,1
29,28526,0,1,1
29,28530,0,1,1
29,28534,1,1,1
29,28538,1,1,1
29,28542,0,1,1
29,28546,0,1,1
29,28550,1,1,1
29,28554,0,1,1
29,28558,0,1,1
29,28562,0,1,1
29,28566,1,1,1
29,28570,1,1,1
29,28574,0,1,1
29,28578,0,1,1
29,28582,1,1,1
29,28586,1,1,1
29,28590,0,1,1
29,28598,1,1,1
29,28602,1,1,1
29,28606,0,1,1
29,28610,0,1,1
29,28614,1,1,1
29,28618,1,1,1
29,28622,0,1,1
29,28626,0,1,1
29,28630,1,1,1
29,28634,1,1,1
29,28638,0,1,1
29,28642,0,1,1
29,28646,1,1,1
29,28650,1,1,1
29,28654,0,1,1
29,28658,0,1,1
29,28662,1,1,1
29,28666,1,1,1
29,28670,0,1,1
29,28674,0,1,1
29,28678,1,1,1
29,28682,1,1,1
29,28686,0,1,1
29,28690,0,1,1
29,28694,1,1,1
29,28698,1,1,1
29,28702,0,1,1
29,28706,0,1,1
29,28714,1,1,1
29,28718,0,1,1
29,28722,0,1,1
29,28726,1,1,1
29,28730,1,1,1
29,28734,0,1,1
29,28738,0,1,1
29,28742,1,1,1
29,28746,1,1,1
29,28750,0,1,1
29,28754,0,1,1
29,28758,1,1,1
29,28762,1,1,1
29,28766,0,1,1
29,28770,0,1,1
29,28774,1,1,1
29,28778,1,1,1
29,28782,0,1,1
29,28786,0,1,1
29,28790,1,1,1
29,28794,1,1,1
29,28798,0,1,1
29,28802,0,1,1
29,28806,1,1,1
29,28810,1,1,1
29,28814,0,1,1
29,28818,0,1,1
29,28822,1,1,1
29,28830,0,1,1
29,28834,0,1,1
29,28838,1,1,1
29,28842,1,1,1
29,28846,0,1,1
29,28850,0,1,1
29,28854,1,1,1
29,28858,1,1,1
29,28862,0,1,1
29,28866,0,1,1
29,28870,1,1,1
29,28874,1,1,1
29,28878,0,1,1
29,28882,0,1,1
29,28886,1,1,1
29,28890,1,1,1
29,28894,0,1,1
29,28898,0,1,1
29,28902,1,1,1
29,28906,1,1,1
29,28910,0,1,1
29,28914,0,1,1
29,28918,1,1,1
29,28922,1,1,1
29,28926,0,1,1
29,28930,0,1,1
29,28934,1,1,1
29,28938,1,1,1
29,28946,0,1,1
29,28950,1,1,1
29,28954,1,1,1
29,28958,0,1,1
29,28962,0,1,1
29,28966,1,1,1
29,28970,1,1,1
29,28974,0,1,1
29,28978,0,1,1
29,28982,1,1,1
29,28986,1,1,1
29,28990,0,1,1
29,28994,0,1,1
29,28998,1,1,1
29,29002,1,1,1
29,29006,0,1,1
29,29010,0,1,1
29,29014,1,1,1
29,29018,1,1,1
29,29022,0,1,1
29,29026,0,1,1
29,29030,1,1,1
29,29034,1,1,1
29,29038,0,1,1
29,29042,0,1,1
29,29046,1,1,1
29,29050,1,1,1
29,29054,0,1,1
29,29062,1,1,1
29,29066,1,1,1
29,29070,0,1,1
29,29074,0,1,1
29,29078,1,1,1
29,29082,1,1,1
29,29086,0,1,1
29,29090,0,1,1
29,29094,1,1,1
29,29098,1,1,1
29,29102,0,1,1
29,29106,0,1,1
29,29110,1,1,1
29,29114,1,1,1
29,29118,0,0,0
29,29122,0,1,1
29,29126,1,1,1
29,29130,1,1,1
29,29134,0,1,1
29,29138,0,1,1
29,29142,1,1,1
29,29146,1,1,1
29,29150,0,1,1
29,29154,0,1,1
29,29158,1,1,1
29,29162,1,1,1
29,29166,0,1,1
29,29170,0,1,1
29,29178,1,1,1
29,29182,0,1,1
29,29186,0,1,1
29,29190,1,1,1
29,29194,1,1,1
29,29198,0,1,1
29,29202,0,1,1
29,29206,1,1,1
29,29210,1,1,1
29,29214,0,1,1
29,29218,0,1,1
29,29222,1,1,1
29,29226,1,0,1
29,29230,0,1,1
29,29234,0,1,1
29,29238,1,1,1
29,29242,1,1,1
29,29246,0,1,1
29,29250,0,1,1
29,29254,1,1,1
29,29258,1,1,1
29,29262,0,1,1
29,29266,0,1,1
29,29270,1,1,1
29,29274,1,1,1
29,29278,0,1,1
29,29282,0,1,1
29,29286,1,1,1
29,29294,0,1,1
29,29298,0,1,1
29,29302,1,1,1
29,29306,1,1,1
29,29310,0,1,1
29,29314,0,1,1
29,29318,1,1,1
29,29322,1,1,1
29,29326,0,1,1
29,29330,0,1,1
29,29334,1,1,1
29,29338,1,1,1
29,29342,0,1,1
29,29346,0,1,1
29,29350,1,1,1
29,29354,0,1,1
29,29358,0,1,1
29,29362,0,1,1
29,29366,1,1,1
29,29370,1,1,1
29,29374,0,1,1
29,29378,0,1,1
29,29382,1,1,1
29,29386,1,1,1
29,29390,0,1,1
29,29394,0,1,1
29,29398,1,1,1
29,29402,1,1,1
29,29410,0,1,1
29,29414,1,1,1
29,29418,1,1,1
29,29422,0,1,1
29,29426,0,1,1
29,29430,1,1,1
29,29434,1,1,1
29,29438,0,1,1
29,29442,0,1,1
29,29446,1,1,1
29,29450,1,1,1
29,29454,0,1,1
29,29458,0,1,1
29,29462,1,1,1
29,29466,1,1,1
29,29470,0,1,1
29,29474,0,1,1
29,29478,1,1,1
29,29482,1,1,1
29,29486,0,1,1
29,29490,0,1,1
29,29494,1,1,1
29,29498,1,1,1
29,29502,0,1,1
29,29506,0,1,1
29,29510,1,1,1
29,29514,1,1,1
29,29518,0,1,1
29,29526,1,1,1
29,29530,1,1,1
29,29534,0,1,1
29,29538,0,1,1
29,29542,1,1,1
29,29546,1,1,1
29,29550,0,1,1
29,29554,0,1,1
29,29558,1,1,1
29,29562,1,1,1
29,29566,0,1,1
29,29570,0,1,1
29,29574,1,1,1
29,29578,1,1,1
29,29582,0,1,1
29,29586,0,1,1
29,29590,1,1,1
29,29594,1,1,1
29,29598,0,1,1
29,29602,0,1,1
29,29606,1,1,1
29,29610,1,1,1
29,29614,0,1,1
29,29618,0,1,1
29,29622,1,1,1
29,29626,1,1,1
29,29630,0,1,1
29,29634,0,1,1
29,29642,1,1,1
29,29646,0,1,1
29,29650,0,1,1
29,29654,1,1,1
29,29658,1,1,1
29,29662,0,1,1
29,29666,0,1,1
29,29670,1,1,1
29,29674,1,1,1
29,29678,0,1,1
29,29682,0,1,1
29,29686,1,1,1
29,29690,1,1,1
29,29694,0,1,1
29,29698,0,1,1
29,29702,1,1,1
29,29706,1,1,1
29,29710,0,1,1
29,29714,0,1,1
29,29718,1,1,1
29,29722,1,1,1
29,29726,0,1,1
29,29730,0,1,1
29,29734,1,1,1
29,29738,1,1,1
29,29742,0,1,1
29,29746,0,1,1
29,29750,1,1,1
29,29758,0,1,1
29,29762,0,1,1
29,29766,1,1,1
29,29770,1,1,1
29,29774,0,1,1
29,29778,0,1,1
29,29782,1,1,1
29,29786,1,1,1
29,29790,0,1,1
29,29794,0,1,1
29,29798,1,1,1
29,29802,1,1,1
29,29806,0,1,1
29,29810,0,1,1
29,29814,1,1,1
29,29818,1,1,1
29,29822,0,1,1
29,29826,0,1,1
29,29830,1,1,1
29,29834,1,1,1
29,29838,0,1,1
29,29842,0,1,1
29,29846,1,1,1
29,29850,1,1,1
29,29854,0,1,1
29,29858,0,1,1
29,29862,1,1,1
29,29866,0,1,1
29,29874,0,1,1
29,29878,1,1,1
29,29882,1,1,1
29,29886,0,1,1
29,29890,0,1,1
29,29894,1,1,1
29,29898,1,1,1
29,29902,0,1,1
29,29906,0,1,1
29,29910,1,1,1
29,29914,1,1,1
29,29918,0,1,1
29,29922,0,1,1
29,29926,1,1,1
29,29930,1,1,1
29,29934,0,1,1
29,29938,0,1,1
29,29942,1,0,1
29,29946,1,0,1
29,29950,0,1,1
29,29954,0,1,1
29,29958,1,1,1
29,29962,1,1,1
29,29966,0,1,1
29,29970,0,1,1
29,29974,1,1,1
29,29978,1,1,1
29,29982,0,1,1
29,29990,1,1,1
29,29994,1,1,1
29,29998,0,0,0
29,30002,0,1,1
29,30006,1,1,1
29,30010,1,1,1
29,30014,0,1,1
29,30018,0,1,1
29,30022,1,1,1
29,30026,1,1,1
29,30030,0,1,1
29,30034,0,1,1
29,30038,1,1,1
29,30042,1,1,1
29,30046,0,1,1
29,30050,0,1,1
29,30054,1,1,1
29,30058,1,1,1
29,30062,0,1,1
29,30066,0,1,1
29,30070,1,1,1
29,30074,1,1,1
29,30078,0,1,1
29,30082,0,1,1
29,30086,1,1,1
29,30090,1,0,1
29,30094,0,1,1
29,30098,0,1,1
29,30106,1,1,1
29,30110,0,1,1
29,30114,0,1,1
29,30118,1,1,1
29,30122,1,1,1
29,30126,0,1,1
29,30130,0,1,1
29,30134,1,1,1
29,30138,1,1,1
29,30142,0,1,1
29,30146,0,1,1
29,30150,1,1,1
29,30154,1,1,1
29,30158,0,1,1
29,30162,0,1,1
29,30166,1,1,1
29,30170,1,1,1
29,30174,0,1,1
29,30178,0,1,1
29,30182,1,1,1
29,30186,1,1,1
29,30190,0,1,1
29,30194,0,1,1
29,30198,1,1,1
29,30202,1,1,1
29,30206,0,1,1
29,30210,0,1,1
29,30214,1,1,1
29,30222,0,1,1
29,30226,0,1,1
29,30230,1,1,1
29,30234,1,1,1
29,30238,0,1,1
29,30242,0,1,1
29,30246,1,1,1
29,30250,1,1,1
29,30254,0,1,1
29,30258,0,1,1
29,30262,1,1,1
29,30266,1,1,1
29,30270,0,1,1
29,30274,0,1,1
29,30278,1,1,1
29,30282,0,1,1
29,30286,0,1,1
29,30290,0,1,1
29,30294,1,1,1
29,30298,1,1,1
29,30302,0,1,1
29,30306,0,1,1
29,30310,1,1,1
29,30314,1,1,1
29,30318,0,1,1
29,30322,0,1,1
29,30326,1,1,1
29,30330,1,1,1
29,30338,0,1,1
29,30342,1,1,1
29,30346,1,1,1
29,30350,0,1,1
29,30354,0,1,1
29,30358,1,1,1
29,30362,1,1,1
29,30366,0,1,1
29,30370,0,1,1
29,30374,1,1,1
29,30378,1,1,1
29,30382,0,1,1
29,30386,0,1,1
29,30390,1,1,1
29,30394,1,1,1
29,30398,0,1,1
29,30402,0,1,1
29,30406,1,1,1
29,30410,1,1,1
29,30414,0,1,1
29,30418,0,1,1
29,30422,1,1,1
29,30426,1,1,1
29,30430,0,1,1
29,30434,0,1,1
29,30438,1,1,1
29,30442,1,1,1
29,30446,0,1,1
29,30454,1,1,1
29,30458,1,1,1
29,30462,0,1,1
29,30466,0,1,1
29,30470,1,1,1
29,30474,1,1,1
29,30478,0,1,1
29,30482,0,1,1
29,30486,1,1,1
29,30490,1,1,1
29,30494,0,1,1
29,30498,0,1,1
29,30502,1,1,1
29,30506,1,1,1
29,30510,0,1,1
29,30514,0,1,1
29,30518,1,1,1
29,30522,1,1,1
29,30526,0,1,1
29,30530,0,1,1
29,30534,1,1,1
29,30538,1,1,1
29,30542,0,1,1
29,30546,0,1,1
29,30550,1,1,1
29,30554,1,1,1
29,30558,0,1,1
29,30562,0,1,1
29,30570,1,1,1
29,30574,0,1,1
29,30578,0,1,1
29,30582,1,1,1
29,30586,1,1,1
29,30590,0,1,1
29,30594,0,1,1
29,30598,1,1,1
29,30602,1,1,1
29,30606,0,1,1
29,30610,0,1,1
29,30614,1,1,1
29,30618,1,1,1
29,30622,0,1,1
29,30626,0,1,1
29,30630,1,1,1
29,30634,1,1,1
29,30638,0,1,1
29,30642,0,1,1
29,30646,1,1,1
29,30650,1,1,1
29,30654,0,1,1
29,30658,0,1,1
29,30662,1,1,1
29,30666,0,1,1
29,30670,0,1,1
29,30674,0,1,1
29,30678,1,1,1
29,30686,0,1,1
29,30690,0,1,1
29,30694,1,1,1
29,30698,1,1,1
29,30702,0,1,1
29,30706,0,1,1
29,30710,1,1,1
29,30714,1,0,1
29,30718,0,1,1
29,30722,0,1,1
29,30726,1,1,1
29,30730,1,1,1
29,30734,0,1,1
29,30738,0,1,1
29,30742,1,1,1
29,30746,1,1,1
29,30750,0,1,1
29,30754,0,1,1
29,30758,1,1,1
29,30762,1,1,1
29,30766,0,1,1
29,30770,0,1,1
29,30774,1,1,1
29,30778,1,1,1
29,30782,0,1,1
29,30786,0,1,1
29,30790,1,1,1
29,30794,1,1,1
29,30802,0,1,1
29,30806,1,1,1
29,30810,1,1,1
29,30814,0,1,1
29,30818,0,1,1
29,30822,1,1,1
29,30826,1,1,1
29,30830,0,1,1
29,30834,0,1,1
29,30838,1,1,1
29,30842,1,1,1
29,30846,0,0,0
29,30850,0,1,1
29,30854,1,1,1
29,30858,1,1,1
29,30862,0,1,1
29,30866,0,1,1
29,30870,1,1,1
29,30874,1,1,1
29,30878,0,1,1
29,30882,0,1,1
29,30886,1,1,1
29,30890,1,1,1
29,30894,0,1,1
29,30898,0,1,1
29,30902,1,1,1
29,30906,1,1,1
29,30910,0,1,1
29,30918,1,1,1
29,30922,1,1,1
29,30926,0,1,1
29,30930,0,1,1
29,30934,1,1,1
29,30938,1,1,1
29,30942,0,1,1
29,30946,0,1,1
29,30950,1,1,1
29,30954,1,1,1
29,30958,0,1,1
29,30962,0,1,1
29,30966,1,1,1
29,30970,1,1,1
29,30974,0,1,1
29,30978,0,1,1
29,30982,1,1,1
29,30986,1,1,1
29,30990,0,1,1
29,30994,0,1,1
29,30998,1,1,1
29,31002,1,1,1
29,31006,0,1,1
29,31010,0,1,1
29,31014,1,1,1
29,31018,1,1,1
29,31022,0,1,1
29,31026,0,1,1
29,31034,1,1,1
29,31038,0,1,1
29,31042,0,1,1
29,31046,1,1,1
29,31050,1,0,1
29,31054,0,1,1
29,31058,0,1,1
29,31062,1,1,1
29,31066,1,1,1
29,31070,0,1,1
29,31074,0,1,1
29,31078,1,1,1
29,31082,1,1,1
29,31086,0,1,1
29,31090,0,1,1
29,31094,1,1,1
29,31098,1,1,1
29,31102,0,1,1
29,31106,0,1,1
29,31110,1,1,1
29,31114,1,1,1
29,31118,0,1,1
29,31122,0,1,1
29,31126,1,1,1
29,31130,1,1,1
29,31134,0,1,1
29,31138,0,1,1
29,31142,1,1,1
29,31150,0,1,1
29,31154,0,1,1
29,31158,1,1,1
29,31162,1,1,1
29,31166,0,1,1
29,31170,0,1,1
29,31174,1,1,1
29,31178,1,1,1
29,31182,0,1,1
29,31186,0,1,1
29,31190,1,1,1
29,31194,1,1,1
29,31198,0,1,1
29,31202,0,1,1
29,31206,1,1,1
29,31210,1,1,1
29,31214,0,1,1
29,31218,0,1,1
29,31222,1,1,1
29,31226,1,1,1
29,31230,0,1,1
29,31234,0,1,1
29,31238,1,1,1
29,31242,1,1,1
29,31246,0,1,1
29,31250,0,1,1
29,31254,1,0,1
29,31258,1,1,1
29,31266,0,1,1
29,31270,1,1,1
29,31274,1,1,1
29,31278,0,1,1
29,31282,0,1,1
29,31286,1,1,1
29,31290,1,1,1
29,31294,0,1,1
29,31298,0,1,1
29,31302,1,1,1
29,31306,1,1,1
29,31310,0,1,1
29,31314,0,1,1
29,31318,1,1,1
29,31322,1,1,1
29,31326,0,1,1
29,31330,0,1,1
29,31334,1,1,1
29,31338,1,1,1
29,31342,0,1,1
29,31346,0,1,1
29,31350,1,1,1
29,31354,1,1,1
29,31358,0,1,1
29,31362,0,1,1
29,31366,1,1,1
29,31370,1,1,1
29,31374,0,1,1
29,31382,1,1,1
29,31386,1,1,1
29,31390,0,1,1
29,31394,0,1,1
29,31398,1,1,1
29,31402,1,1,1
29,31406,0,1,1
29,31410,0,1,1
29,31414,1,1,1
29,31418,1,1,1
29,31422,0,1,1
29,31426,0,1,1
29,31430,1,1,1
29,31434,1,1,1
29,31438,0,1,1
29,31442,0,1,1
29,31446,1,1,1
29,31450,1,1,1
29,31454,0,1,1
29,31458,0,1,1
29,31462,1,1,1
29,31466,1,1,1
29,31470,0,1,1
29,31474,0,1,1
29,31478,1,1,1
29,31482,1,1,1
29,31486,0,1,1
29,31490,0,1,1
29,31498,1,1,1
29,31502,0,1,1
29,31506,0,1,1
29,31510,1,1,1
29,31514,1,1,1
29,31518,0,1,1
29,31522,0,1,1
29,31526,1,1,1
29,31530,1,1,1
29,31534,0,1,1
29,31538,0,1,1
29,31542,1,1,1
29,31546,1,1,1
29,31550,0,1,1
29,31554,0,1,1
29,31558,1,1,1
29,31562,1,1,1
29,31566,0,1,1
29,31570,0,1,1
29,31574,1,1,1
29,31578,1,1,1
29,31582,0,1,1
29,31586,0,1,1
29,31590,1,1,1
29,31594,1,1,1
29,31598,0,1,1
29,31602,0,1,1
29,31606,1,1,1
29,31614,0,1,1
29,31618,0,1,1
29,31622,1,1,1
29,31626,1,1,1
29,31630,0,1,1
29,31634,0,1,1
29,31638,1,1,1
29,31642,1,1,1
29,31646,0,1,1
29,31650,0,1,1
29,31654,1,1,1
29,31658,1,1,1
29,31662,0,1,1
29,31666,0,1,1
29,31670,1,1,1
29,31674,1,1,1
29,31678,0,1,1
29,31682,0,1,1
29,31686,1,1,1
29,31690,1,1,1
29,31694,0,1,1
29,31698,0,1,1
29,31702,1,1,1
29,31706,1,1,1
29,31710,0,1,1
29,31714,0,1,1
29,31718,1,1,1
29,31722,1,1,1
29,31730,0,1,1
29,31734,1,1,1
29,31738,1,1,1
29,31742,0,1,1
29,31746,0,1,1
29,31750,1,1,1
29,31754,1,1,1
29,31758,0,1,1
29,31762,0,1,1
29,31766,1,1,1
29,31770,1,1,1
29,31774,0,1,1
29,31778,0,1,1
29,31782,1,1,1
29,31786,1,1,1
29,31790,0,1,1
29,31794,0,1,1
29,31798,1,1,1
29,31802,1,1,1
29,31806,0,0,0
29,31810,0,1,1
29,31814,1,1,1
29,31818,1,1,1
29,31822,0,1,1
29,31826,0,1,1
29,31830,1,1,1
29,31834,1,1,1
29,31838,0,1,1
29,31846,1,1,1
29,31850,1,1,1
29,31854,0,1,1
29,31858,0,1,1
29,31862,1,1,1
29,31866,1,1,1
29,31870,0,1,1
29,31874,0,1,1
29,31878,1,1,1
29,31882,1,1,1
29,31886,0,1,1
29,31890,0,1,1
29,31894,1,1,1
29,31898,1,1,1
29,31902,0,0,0
29,31906,0,1,1
29,31910,1,1,1
29,31914,1,1,1
29,31918,0,1,1
29,31922,0,1,1
29,31926,1,1,1
29,31930,1,1,1
29,31934,0,1,1
29,31938,0,1,1
29,31942,1,1,1
29,31946,1,1,1
29,31950,0,1,1
29,31954,0,1,1
29,31962,1,1,1
29,31966,0,1,1
29,31970,0,1,1
29,31974,1,1,1
29,31978,1,1,1
29,31982,0,1,1
29,31986,0,1,1
29,31990,1,1,1
29,31994,1,1,1
29,31998,0,1,1
29,32002,0,1,1
29,32006,1,1,1
29,32010,1,1,1
29,32014,0,1,1
29,32018,0,1,1
29,32022,1,1,1
29,32026,1,1,1
29,32030,0,1,1
29,32034,0,1,1
29,32038,1,1,1
29,32042,1,1,1
29,32046,0,1,1
29,32050,0,1,1
29,32054,1,1,1
29,32058,1,1,1
29,32062,0,1,1
29,32066,0,1,1
29,32070,1,1,1
29,32078,0,1,1
29,32082,0,1,1
29,32086,1,1,1
29,32090,1,1,1
29,32094,0,1,1
29,32098,0,1,1
29,32102,1,1,1
29,32106,1,1,1
29,32110,0,1,1
29,32114,0,1,1
29,32118,1,1,1
29,32122,1,1,1
29,32126,0,1,1
29,32130,0,0,0
29,32134,1,1,1
29,32138,1,1,1
29,32142,0,1,1
29,32146,0,1,1
29,32150,1,1,1
29,32154,1,1,1
29,32158,0,1,1
29,32162,0,1,1
29,32166,1,0,1
29,32170,1,1,1
29,32174,0,1,1
29,32178,0,1,1
29,32182,1,1,1
29,32186,1,1,1
29,32194,0,1,1
29,32198,1,1,1
29,32202,1,1,1
29,32206,0,1,1
29,32210,0,1,1
29,32214,1,1,1
29,32218,1,1,1
29,32222,0,1,1
29,32226,0,1,1
29,32230,1,1,1
29,32234,1,1,1
29,32238,0,1,1
29,32242,0,1,1
29,32246,1,1,1
29,32250,1,1,1
29,32254,0,1,1
29,32258,0,1,1
29,32262,1,1,1
29,32266,1,1,1
29,32270,0,1,1
29,32274,0,1,1
29,32278,1,1,1
29,32282,1,1,1
29,32286,0,1,1
29,32290,0,1,1
29,32294,1,1,1
29,32298,1,1,1
29,32302,0,1,1
29,32310,1,1,1
29,32314,1,1,1
29,32318,0,1,1
29,32322,0,1,1
29,32326,1,1,1
29,32330,1,1,1
29,32334,0,1,1
29,32338,0,1,1
29,32342,1,1,1
29,32346,1,1,1
29,32350,0,1,1
29,32354,0,1,1
29,32358,1,1,1
29,32362,1,1,1
29,32366,0,1,1
29,32370,0,1,1
29,32374,1,1,1
29,32378,1,1,1
29,32382,0,1,1
29,32386,0,1,1
29,32390,1,1,1
29,32394,1,1,1
29,32398,0,1,1
29,32402,0,1,1
29,32406,1,1,1
29,32410,1,1,1
29,32414,0,1,1
29,32418,0,1,1
29,32426,1,1,1
29,32430,0,1,1
29,32434,0,1,1
29,32438,1,1,1
29,32442,1,1,1
29,32446,0,1,1
29,32450,0,1,1
29,32454,1,1,1
29,32458,1,1,1
29,32462,0,1,1
29,32466,0,1,1
29,32470,1,1,1
29,32474,1,1,1
29,32478,0,1,1
29,32482,0,1,1
29,32486,1,1,1
29,32490,1,1,1
29,32494,0,1,1
29,32498,0,1,1
29,32502,1,1,1
29,32506,1,1,1
29,32510,0,1,1
29,32514,0,1,1
29,32518,1,1,1
29,32522,1,1,1
29,32526,0,1,1
29,32530,0,1,1
29,32534,1,1,1
29,32542,0,1,1
29,32546,0,1,1
29,32550,1,1,1
29,32554,1,1,1
29,32558,0,1,1
29,32562,0,1,1
29,32566,1,1,1
29,32570,1,1,1
29,32574,0,1,1
29,32578,0,1,1
29,32582,1,1,1
29,32586,1,1,1
29,32590,0,1,1
29,32594,0,1,1
29,32598,1,1,1
29,32602,1,1,1
29,32606,0,1,1
29,32610,0,1,1
29,32614,1,1,1
29,32618,1,1,1
29,32622,0,1,1
29,32626,0,1,1
29,32630,1,1,1
29,32634,1,1,1
29,32638,0,1,1
29,32642,0,1,1
29,32646,1,1,1
29,32650,1,1,1
29,32658,0,1,1
29,32662,1,1,1
29,32666,1,1,1
29,32670,0,1,1
29,32674,0,1,1
29,32678,1,1,1
29,32682,1,1,1
29,32686,0,1,1
29,32690,0,1,1
29,32694,1,1,1
29,32698,1,1,1
29,32702,0,1,1
29,32706,0,1,1
29,32710,1,1,1
29,32714,1,1,1
29,32718,0,1,1
29,32722,0,1,1
29,32726,1,1,1
29,32730,1,1,1
29,32734,0,1,1
29,32738,0,1,1
29,32742,1,1,1
29,32746,1,1,1
29,32750,0,1,1
29,32754,0,1,1
29,32758,1,1,1
29,32762,1,1,1
29,32766,0,1,1
29,32774,1,1,1
29,32778,1,1,1
29,32782,0,1,1
29,32786,0,1,1
29,32790,1,1,1
29,32794,1,1,1
29,32798,0,1,1
29,32802,0,1,1
29,32806,1,1,1
29,32810,1,1,1
29,32814,0,1,1
29,32818,0,1,1
29,32822,1,1,1
29,32826,1,1,1
29,32830,0,1,1
29,32834,0,1,1
29,32838,1,1,1
29,32842,1,1,1
29,32846,0,1,1
29,32850,0,1,1
29,32854,1,1,1
29,32858,1,1,1
29,32862,0,1,1
29,32866,0,1,1
29,32870,1,1,1
29,32874,1,1,1
29,32878,0,1,1
29,32882,0,1,1
29,32890,1,1,1
29,32894,0,1,1
29,32898,0,1,1
29,32902,1,1,1
29,32906,1,1,1
29,32910,0,1,1
29,32914,0,1,1
29,32918,1,1,1
29,32922,1,1,1
29,32926,0,1,1
29,32930,0,1,1
29,32934,1,1,1
29,32938,1,1,1
29,32942,0,1,1
29,32946,0,1,1
29,32950,1,1,1
29,32954,1,1,1
29,32958,0,1,1
29,32962,0,1,1
29,32966,1,0,1
29,32970,1,1,1
29,32974,0,1,1
29,32978,0,1,1
29,32982,1,1,1
29,32986,1,1,1
29,32990,0,1,1
29,32994,0,1,1
29,32998,1,1,1
29,33006,0,1,1
29,33010,0,1,1
29,33014,1,1,1
29,33018,1,1,1
29,33022,0,1,1
29,33026,0,1,1
29,33030,1,1,1
29,33034,1,1,1
29,33038,0,1,1
29,33042,0,1,1
29,33046,1,1,1
29,33050,1,1,1
29,33054,0,1,1
29,33058,0,1,1
29,33062,1,1,1
29,33066,1,1,1
29,33070,0,1,1
29,33074,0,1,1
29,33078,1,1,1
29,33082,1,1,1
29,33086,0,1,1
29,33090,0,1,1
29,33094,1,1,1
29,33098,1,1,1
29,33102,0,1,1
29,33106,0,1,1
29,33110,1,1,1
29,33114,1,1,1
29,33122,0,1,1
29,33126,1,1,1
29,33130,1,1,1
29,33134,0,1,1
29,33138,0,1,1
29,33142,1,1,1
29,33146,1,1,1
29,33150,0,1,1
29,33154,0,1,1
29,33158,1,1,1
29,33162,1,1,1
29,33166,0,1,1
29,33170,0,1,1
29,33174,1,1,1
29,33178,1,1,1
29,33182,0,1,1
29,33186,0,1,1
29,33190,1,1,1
29,33194,1,1,1
29,33198,0,1,1
29,33202,0,1,1
29,33206,1,1,1
29,33210,1,1,1
29,33214,0,1,1
29,33218,0,1,1
29,33222,1,1,1
29,33226,1,1,1
29,33230,0,1,1
29,33238,1,1,1
29,33242,1,1,1
29,33246,0,1,1
29,33250,0,1,1
29,33254,1,1,1
29,33258,1,1,1
29,33262,0,1,1
29,33266,0,1,1
29,33270,1,1,1
29,33274,1,1,1
29,33278,0,1,1
29,33282,0,1,1
29,33286,1,1,1
29,33290,1,1,1
29,33294,0,1,1
29,33298,0,1,1
29,33302,1,1,1
29,33306,1,1,1
29,33310,0,1,1
29,33314,0,1,1
29,33318,1,1,1
29,33322,1,1,1
29,33326,0,1,1
29,33330,0,1,1
29,33334,1,1,1
29,33338,1,1,1
29,33342,0,1,1
29,33346,0,1,1
29,33354,1,1,1
29,33358,0,1,1
29,33362,0,1,1
29,33366,1,1,1
29,33370,1,1,1
29,33374,0,1,1
29,33378,0,1,1
29,33382,1,1,1
29,33386,1,1,1
29,33390,0,1,1
29,33394,0,1,1
29,33398,1,1,1
29,33402,1,1,1
29,33406,0,1,1
29,33410,0,1,1
29,33414,1,1,1
29,33418,1,1,1
29,33422,0,1,1
29,33426,0,1,1
29,33430,1,1,1
29,33434,1,1,1
29,33438,0,1,1
29,33442,0,1,1
29,33446,1,1,1
29,33450,1,1,1
29,33454,0,1,1
29,33458,0,1,1
29,33462,1,1,1
29,33470,0,1,1
29,33474,0,1,1
29,33478,1,1,1
29,33482,1,1,1
29,33486,0,1,1
29,33490,0,1,1
29,33494,1,1,1
29,33498,1,1,1
29,33502,0,1,1
29,33506,0,1,1
29,33510,1,1,1
29,33514,1,1,1
29,33518,0,1,1
29,33522,0,1,1
29,33526,1,1,1
29,33530,1,1,1
29,33534,0,1,1
29,33538,0,1,1
29,33542,1,1,1
29,33546,1,1,1
29,33550,0,1,1
29,33554,0,1,1
29,33558,1,1,1
29,33562,1,1,1
29,33566,0,1,1
29,33570,0,1,1
29,33574,1,1,1
29,33578,1,1,1
29,33586,0,1,1
29,33590,1,1,1
29,33594,1,1,1
29,33598,0,1,1
29,33602,0,1,1
29,33606,1,1,1
29,33610,1,1,1
29,33614,0,1,1
29,33618,0,1,1
29,33622,1,1,1
29,33626,1,1,1
29,33630,0,1,1
29,33634,0,1,1
29,33638,1,1,1
29,33642,1,1,1
29,33646,0,1,1
29,33650,0,1,1
29,33654,1,1,1
29,33658,1,1,1
29,33662,0,1,1
29,33666,0,1,1
29,33670,1,1,1
29,33674,1,1,1
29,33678,0,1,1
29,33682,0,1,1
29,33686,1,1,1
29,33690,1,1,1
29,33694,0,1,1
29,33702,1,1,1
29,33706,1,1,1
29,33710,0,1,1
29,33714,0,1,1
29,33718,1,1,1
29,33722,1,1,1
29,33726,0,1,1
29,33730,0,1,1
29,33734,1,1,1
29,33738,1,1,1
29,33742,0,1,1
29,33746,0,1,1
29,33750,1,1,1
29,33754,1,1,1
29,33758,0,1,1
29,33762,0,1,1
29,33766,1,1,1
29,33770,1,1,1
29,33774,0,1,1
29,33778,0,0,0
29,33782,1,1,1
29,33786,1,1,1
29,33790,0,1,1
29,33794,0,1,1
29,33798,1,1,1
29,33802,1,1,1
29,33806,0,1,1
29,33810,0,1,1
29,33818,1,1,1
29,33822,0,1,1
29,33826,0,1,1
29,33830,1,1,1
29,33834,1,1,1
29,33838,0,1,1
29,33842,0,1,1
29,33846,1,1,1
29,33850,1,1,1
29,33854,0,1,1
29,33858,0,1,1
29,33862,1,1,1
29,33866,1,1,1
29,33870,0,1,1
29,33874,0,1,1
29,33878,1,1,1
29,33882,1,1,1
29,33886,0,1,1
29,33890,0,1,1
29,33894,1,1,1
29,33898,1,1,1
29,33902,0,1,1
29,33906,0,1,1
29,33910,1,1,1
29,33914,1,1,1
29,33918,0,1,1
29,33922,0,1,1
29,33926,0,1,1
29,33934,0,1,1
29,33938,0,1,1
29,33942,1,1,1
29,33946,1,1,1
29,33950,0,1,1
29,33954,0,1,1
29,33958,1,1,1
29,33962,1,1,1
29,33966,0,1,1
29,33970,0,1,1
29,33974,1,1,1
29,33978,1,1,1
29,33982,0,1,1
29,33986,0,1,1
29,33990,1,1,1
29,33994,1,1,1
29,33998,0,1,1
29,34002,0,1,1
29,34006,1,1,1
29,34010,1,1,1
29,34014,0,1,1
29,34018,0,1,1
29,34022,1,1,1
29,34026,1,1,1
29,34030,0,1,1
29,34034,0,1,1
29,34038,1,1,1
29,34042,1,1,1
29,34050,0,1,1
29,34054,1,1,1
29,34058,1,1,1
29,34062,0,1,1
29,34066,0,1,1
29,34070,1,1,1
29,34074,1,1,1
29,34078,0,1,1
29,34082,0,1,1
29,34086,1,1,1
29,34090,1,1,1
29,34094,0,1,1
29,34098,0,1,1
29,34102,1,1,1
29,34106,1,1,1
29,34110,0,1,1
29,34114,0,1,1
29,34118,1,1,1
29,34122,1,1,1
29,34126,0,1,1
29,34130,0,1,1
29,34134,1,1,1
29,34138,1,1,1
29,34142,0,1,1
29,34146,0,1,1
29,34150,1,1,1
29,34154,1,1,1
29,34158,0,1,1
29,34166,1,1,1
29,34170,1,1,1
29,34174,0,1,1
29,34178,0,1,1
29,34182,1,1,1
29,34186,1,1,1
29,34190,0,1,1
29,34194,0,1,1
29,34198,1,1,1
29,34202,1,1,1
29,34206,0,1,1
29,34210,0,1,1
29,34214,1,1,1
29,34218,1,1,1
29,34222,0,1,1
29,34226,0,1,1
29,34230,1,1,1
29,34234,1,1,1
29,34238,0,1,1
29,34242,0,1,1
29,34246,1,1,1
29,34250,1,1,1
29,34254,0,1,1
29,34258,0,1,1
29,34262,1,1,1
29,34266,1,1,1
29,34270,0,1,1
29,34274,0,1,1
29,34282,1,1,1
29,34286,0,1,1
29,34290,0,1,1
29,34294,1,1,1
29,34298,1,1,1
29,34302,0,1,1
29,34306,0,1,1
29,34310,1,1,1
29,34314,1,1,1
29,34318,0,1,1
29,34322,0,1,1
29,34326,1,1,1
29,34330,1,1,1
29,34334,0,1,1
29,34338,0,0,0
29,34342,1,1,1
29,34346,1,1,1
29,34350,0,1,1
29,34354,0,1,1
29,34358,1,1,1
29,34362,1,1,1
29,34366,0,1,1
29,34370,0,1,1
29,34374,1,1,1
29,34378,1,1,1
29,34382,0,1,1
29,34386,0,1,1
29,34390,1,1,1
29,34398,0,1,1
29,34402,0,1,1
29,34406,1,1,1
29,34410,1,0,1
29,34414,0,1,1
29,34418,0,1,1
29,34422,1,1,1
29,34426,1,1,1
29,34430,0,1,1
29,34434,0,1,1
29,34438,1,1,1
29,34442,1,1,1
29,34446,0,1,1
29,34450,0,1,1
29,34454,1,1,1
29,34458,1,1,1
29,34462,0,1,1
29,34466,0,1,1
29,34470,1,1,1
29,34474,1,1,1
29,34478,0,1,1
29,34482,0,1,1
29,34486,1,1,1
29,34490,1,1,1
29,34494,0,1,1
29,34498,0,1,1
29,34502,1,1,1
29,34506,1,1,1
29,34514,0,1,1
29,34518,1,1,1
29,34522,1,1,1
29,34526,0,1,1
29,34530,0,1,1
29,34534,1,1,1
29,34538,1,1,1
29,34542,0,1,1
29,34546,0,1,1
29,34550,1,1,1
29,34554,1,1,1
29,34558,0,1,1
29,34562,0,1,1
29,34566,1,1,1
29,34570,1,1,1
29,34574,0,1,1
29,34578,0,1,1
29,34582,1,1,1
29,34586,1,1,1
29,34590,0,1,1
29,34594,0,1,1
29,34598,1,1,1
29,34602,1,1,1
29,34606,0,1,1
29,34610,0,1,1
29,34614,1,1,1
29,34618,1,1,1
29,34622,0,1,1
29,34630,1,1,1
29,34634,1,1,1
29,34638,0,1,1
29,34642,0,1,1
29,34646,1,1,1
29,34650,1,1,1
29,34654,0,1,1
29,34658,0,1,1
29,34662,1,1,1
29,34666,1,1,1
29,34670,0,1,1
29,34674,0,1,1
29,34678,1,1,1
29,34682,1,1,1
29,34686,0,1,1
29,34690,0,1,1
29,34694,1,1,1
29,34698,1,1,1
29,34702,0,1,1
29,34706,0,1,1
29,34710,1,1,1
29,34714,1,1,1
29,34718,0,1,1
29,34722,0,1,1
29,34726,1,1,1
29,34730,1,1,1
29,34734,0,1,1
29,34738,0,1,1
29,34746,1,1,1
29,34750,0,1,1
29,34754,0,1,1
29,34758,1,1,1
29,34762,1,1,1
29,34766,0,1,1
29,34770,0,1,1
29,34774,1,1,1
29,34778,1,1,1
29,34782,0,0,0
29,34786,0,1,1
29,34790,1,1,1
29,34794,1,1,1
29,34798,0,1,1
29,34802,0,1,1
29,34806,1,0,1
29,34810,1,1,1
29,34814,0,1,1
29,34818,0,1,1
29,34822,1,1,1
29,34826,1,1,1
29,34830,0,1,1
29,34834,0,1,1
29,34838,1,1,1
29,34842,1,1,1
29,34846,0,1,1
29,34850,0,1,1
29,34854,1,1,1
29,34862,0,1,1
29,34866,0,1,1
29,34870,1,1,1
29,34874,1,1,1
29,34878,0,1,1
29,34882,0,1,1
29,34886,1,1,1
29,34890,1,1,1
29,34894,0,1,1
29,34898,0,1,1
29,34902,1,1,1
29,34906,1,1,1
29,34910,0,1,1
29,34914,0,1,1
29,34918,1,1,1
29,34922,1,1,1
29,34926,0,1,1
29,34930,0,1,1
29,34934,1,1,1
29,34938,1,1,1
29,34942,0,1,1
29,34946,0,1,1
29,34950,1,1,1
29,34954,1,1,1
29,34958,0,1,1
29,34962,0,1,1
29,34966,1,1,1
29,34970,1,1,1
29,34978,0,1,1
29,34982,1,1,1
29,34986,1,1,1
29,34990,0,1,1
29,34994,0,1,1
29,34998,1,1,1
29,35002,1,1,1
29,35006,0,1,1
29,35010,0,1,1
29,35014,1,1,1
29,35018,1,1,1
29,35022,0,1,1
29,35026,0,1,1
29,35030,1,1,1
29,35034,1,1,1
29,35038,0,1,1
29,35042,0,1,1
29,35046,1,1,1
29,35050,1,1,1
29,35054,0,0,0
29,35058,0,1,1
29,35062,1,1,1
29,35066,1,1,1
29,35070,0,1,1
29,35074,0,1,1
29,35078,1,1,1
29,35082,0,1,1
29,35086,0,1,1
29,35094,1,1,1
29,35098,1,1,1
29,35102,0,1,1
29,35106,0,1,1
29,35110,1,1,1
29,35114,1,1,1
29,35118,0,1,1
29,35122,0,1,1
29,35126,1,1,1
29,35130,1,1,1
29,35134,0,1,1
29,35138,0,1,1
29,35142,1,1,1
29,35146,1,1,1
29,35150,0,1,1
29,35154,0,1,1
29,35158,1,1,1
29,35162,1,1,1
29,35166,0,1,1
29,35170,0,1,1
29,35174,1,1,1
29,35178,1,1,1
29,35182,0,1,1
29,35186,0,1,1
29,35190,1,1,1
29,35194,1,1,1
29,35198,0,1,1
29,35202,0,1,1
29,35210,1,1,1
29,35214,0,1,1
29,35218,0,1,1
29,35222,1,1,1
29,35226,1,1,1
29,35230,0,1,1
29,35234,0,1,1
29,35238,1,1,1
29,35242,1,1,1
29,35246,0,1,1
29,35250,0,1,1
29,35254,1,1,1
29,35258,1,1,1
29,35262,0,1,1
29,35266,0,1,1
29,35270,1,1,1
29,35274,1,1,1
29,35278,0,1,1
29,35282,0,1,1
29,35286,1,1,1
29,35290,1,1,1
29,35294,0,1,1
29,35298,0,1,1
29,35302,1,1,1
29,35306,1,1,1
29,35310,0,1,1
29,35314,0,1,1
29,35318,1,1,1
29,35326,0,1,1
29,35330,0,1,1
29,35334,1,1,1
29,35338,1,1,1
29,35342,0,1,1
29,35346,0,1,1
29,35350,0,1,1
29,35354,1,1,1
29,35358,0,1,1
29,35362,0,1,1
29,35366,1,1,1
29,35370,1,1,1
29,35374,0,0,0
29,35378,0,1,1
29,35382,1,1,1
29,35386,1,1,1
29,35390,0,1,1
29,35394,0,1,1
29,35398,1,1,1
29,35402,1,1,1
29,35406,0,1,1
29,35410,0,1,1
29,35414,1,1,1
29,35418,1,1,1
29,35422,0,1,1
29,35426,0,1,1
29,35430,1,1,1
29,35434,1,1,1
29,35442,0,1,1
29,35446,1,1,1
29,35450,1,1,1
29,35454,0,1,1
29,35458,0,1,1
29,35462,1,1,1
29,35466,1,1,1
29,35470,0,1,1
29,35474,0,1,1
29,35478,1,1,1
29,35482,1,1,1
29,35486,0,1,1
29,35490,0,1,1
29,35494,1,1,1
29,35498,1,1,1
29,35502,0,1,1
29,35506,0,1,1
29,35510,1,1,1
29,35514,1,1,1
29,35518,0,1,1
29,35522,0,1,1
29,35526,1,1,1
29,35530,1,1,1
29,35534,0,1,1
29,35538,0,1,1
29,35542,1,1,1
29,35546,1,1,1
29,35550,0,1,1
29,35558,1,1,1
29,35562,1,1,1
29,35566,0,1,1
29,35570,0,1,1
29,35574,1,1,1
29,35578,1,1,1
29,35582,0,1,1
29,35586,0,1,1
29,35590,1,1,1
29,35594,1,1,1
29,35598,0,1,1
29,35602,0,1,1
29,35606,1,1,1
29,35610,1,1,1
29,35614,0,1,1
29,35618,0,1,1
29,35622,1,1,1
29,35626,0,1,1
29,35630,0,1,1
29,35634,0,1,1
29,35638,1,1,1
29,35642,1,1,1
29,35646,0,1,1
29,35650,0,1,1
29,35654,1,1,1
29,35658,1,1,1
29,35662,0,1,1
29,35666,0,1,1
29,35674,1,1,1
29,35678,0,1,1
29,35682,0,1,1
29,35686,1,1,1
29,35690,1,1,1
29,35694,0,1,1
29,35698,0,1,1
29,35702,1,1,1
29,35706,1,1,1
29,35710,0,1,1
29,35714,0,1,1
29,35718,1,1,1
29,35722,1,1,1
29,35726,0,1,1
29,35730,0,1,1
29,35734,1,1,1
29,35738,1,1,1
29,35742,0,1,1
29,35746,0,1,1
29,35750,1,1,1
29,35754,1,1,1
29,35758,0,1,1
29,35762,0,1,1
29,35766,1,1,1
29,35770,1,1,1
29,35774,0,1,1
29,35778,0,1,1
29,35782,1,1,1
29,35790,0,1,1
29,35794,0,1,1
29,35798,1,1,1
29,35802,1,1,1
29,35806,0,1,1
29,35810,0,1,1
29,35814,1,1,1
29,35818,1,1,1
29,35822,0,1,1
29,35826,0,0,0
29,35830,1,1,1
29,35834,1,1,1
29,35838,0,1,1
29,35842,0,1,1
29,35846,1,1,1
29,35850,1,1,1
29,35854,0,1,1
29,35858,0,1,1
29,35862,0,1,1
29,35866,1,1,1
29,35870,0,1,1
29,35874,0,1,1
29,35878,1,1,1
29,35882,1,1,1
29,35886,0,0,0
29,35890,0,1,1
29,35894,1,1,1
29,35898,1,1,1
29,35906,0,1,1
29,35910,1,1,1
29,35914,1,1,1
29,35918,0,1,1
29,35922,0,1,1
29,35926,1,1,1
29,35930,1,1,1
29,35934,0,1,1
29,35938,0,1,1
29,35942,1,1,1
29,35946,1,1,1
29,35950,0,1,1
29,35954,0,1,1
29,35958,1,1,1
29,35962,1,1,1
29,35966,0,1,1
29,35970,0,1,1
29,35974,1,1,1
29,35978,1,1,1
29,35982,0,1,1
29,35986,0,1,1
29,35990,1,1,1
29,35994,1,1,1
29,35998,0,1,1
29,36002,0,1,1
29,36006,1,1,1
29,36010,1,1,1
29,36014,0,1,1
29,36022,1,1,1
29,36026,1,1,1
29,36030,0,1,1
29,36034,0,1,1
29,36038,1,1,1
29,36042,1,1,1
29,36046,0,1,1
29,36050,0,1,1
29,36054,1,1,1
29,36058,1,1,1
29,36062,0,1,1
29,36066,0,1,1
29,36070,1,1,1
29,36074,1,1,1
29,36078,0,0,0
29,36082,0,1,1
29,36086,1,1,1
29,36090,1,1,1
29,36094,0,1,1
29,36098,0,1,1
29,36102,1,1,1
29,36106,1,1,1
29,36110,0,1,1
29,36114,0,1,1
29,36118,1,1,1
29,36122,1,1,1
29,36126,0,1,1
29,36130,0,1,1
29,36138,1,1,1
29,36142,0,1,1
29,36146,0,1,1
29,36150,1,1,1
29,36154,1,1,1
29,36158,0,1,1
29,36162,0,1,1
29,36166,1,1,1
29,36170,1,1,1
29,36174,0,1,1
29,36178,0,1,1
29,36182,1,1,1
29,36186,1,1,1
29,36190,0,1,1
29,36194,0,1,1
29,36198,1,1,1
29,36202,1,1,1
29,36206,0,1,1
29,36210,0,1,1
29,36214,1,1,1
29,36218,1,1,1
29,36222,0,1,1
29,36226,0,1,1
29,36230,1,1,1
29,36234,1,1,1
29,36238,0,1,1
29,36242,0,1,1
29,36246,1,0,1
29,36254,0,1,1
29,36258,0,1,1
29,36262,1,1,1
29,36266,1,1,1
29,36270,0,1,1
29,36274,0,1,1
29,36278,1,1,1
29,36282,1,1,1
29,36286,0,1,1
29,36290,0,1,1
29,36294,1,1,1
29,36298,1,1,1
29,36302,0,1,1
29,36306,0,1,1
29,36310,1,1,1
29,36314,1,1,1
29,36318,0,1,1
29,36322,0,1,1
29,36326,1,1,1
29,36330,0,1,1
29,36334,0,1,1
29,36338,0,1,1
29,36342,1,1,1
29,36346,1,1,1
29,36350,0,1,1
29,36354,0,1,1
29,36358,1,1,1
29,36362,1,1,1
29,36370,0,1,1
29,36374,1,1,1
29,36378,1,1,1
29,36382,0,1,1
29,36386,0,1,1
29,36390,1,1,1
29,36394,1,1,1
29,36398,0,1,1
29,36402,0,1,1
29,36406,1,1,1
29,36410,1,1,1
29,36414,0,1,1
29,36418,0,1,1
29,36422,1,1,1
29,36426,1,1,1
29,36430,0,1,1
29,36434,0,1,1
29,36438,1,1,1
29,36442,1,1,1
29,36446,0,1,1
29,36450,0,1,1
29,36454,1,1,1
29,36458,1,1,1
29,36462,0,1,1
29,36466,0,1,1
29,36470,1,1,1
29,36474,1,1,1
29,36478,0,1,1
29,36486,1,1,1
29,36490,1,1,1
29,36494,0,1,1
29,36498,0,1,1
29,36502,1,1,1
29,36506,1,1,1
29,36510,0,1,1
29,36514,0,1,1
29,36518,1,1,1
29,36522,1,1,1
29,36526,0,1,1
29,36530,0,1,1
29,36534,1,1,1
29,36538,1,1,1
29,36542,0,1,1
29,36546,0,1,1
29,36550,1,1,1
29,36554,1,1,1
29,36558,0,0,0
29,36562,0,1,1
29,36566,1,1,1
29,36570,1,1,1
29,36574,0,1,1
29,36578,0,1,1
29,36582,1,1,1
29,36586,1,1,1
29,36590,0,1,1
29,36594,0,1,1
29,36602,1,1,1
29,36606,0,1,1
29,36610,0,1,1
29,36614,1,0,1
29,36618,1,1,1
29,36622,0,1,1
29,36626,0,1,1
29,36630,1,1,1
29,36634,1,1,1
29,36638,0,1,1
29,36642,0,1,1
29,36646,1,1,1
29,36650,1,1,1
29,36654,0,1,1
29,36658,0,1,1
29,36662,1,1,1
29,36666,1,0,1
29,36670,0,1,1
29,36674,0,0,0
29,36678,1,1,1
29,36682,1,1,1
29,36686,0,1,1
29,36690,0,1,1
29,36694,0,1,1
29,36698,1,1,1
29,36702,0,1,1
29,36706,0,1,1
29,36710,1,1,1
29,36718,0,1,1
29,36722,0,1,1
29,36726,1,1,1
29,36730,1,1,1
29,36734,0,1,1
29,36738,0,1,1
29,36742,1,1,1
29,36746,1,1,1
29,36750,0,1,1
29,36754,0,1,1
29,36758,1,1,1
29,36762,1,1,1
29,36766,0,1,1
29,36770,0,1,1
29,36774,1,0,1
29,36778,1,1,1
29,36782,0,1,1
29,36786,0,1,1
29,36790,1,1,1
29,36794,1,1,1
29,36798,0,1,1
29,36802,0,1,1
29,36806,1,1,1
29,36810,1,1,1
29,36814,0,1,1
29,36818,0,1,1
29,36822,1,1,1
29,36826,1,1,1
29,36834,0,1,1
29,36838,1,1,1
29,36842,1,1,1
29,36846,0,1,1
29,36850,0,1,1
29,36854,1,1,1
29,36858,1,1,1
29,36862,0,1,1
29,36866,0,1,1
29,36870,1,1,1
29,36874,1,1,1
29,36878,0,1,1
29,36882,0,1,1
29,36886,1,1,1
29,36890,1,1,1
29,36894,0,1,1
29,36898,0,1,1
29,36902,1,1,1
29,36906,1,1,1
29,36910,0,1,1
29,36914,0,1,1
29,36918,1,1,1
29,36922,1,1,1
29,36926,0,1,1
29,36930,0,1,1
29,36934,1,1,1
29,36938,1,1,1
29,36942,0,0,0
29,36950,1,1,1
29,36954,1,0,1
29,36958,0,1,1
29,36962,0,1,1
29,36966,1,1,1
29,36970,1,1,1
29,36974,0,1,1
29,36978,0,0,0
29,36982,1,1,1
29,36986,1,1,1
29,36990,0,1,1
29,36994,0,1,1
29,36998,1,1,1
29,37002,1,1,1
29,37006,0,1,1
29,37010,0,1,1
29,37014,1,1,1
29,37018,1,1,1
29,37022,0,1,1
29,37026,0,1,1
29,37030,1,1,1
29,37034,1,1,1
29,37038,0,1,1
29,37042,0,1,1
29,37046,1,1,1
29,37050,1,1,1
29,37054,0,1,1
29,37058,0,1,1
29,37066,1,1,1
29,37070,0,1,1
29,37074,0,1,1
29,37078,1,1,1
29,37082,1,1,1
29,37086,0,1,1
29,37090,0,1,1
29,37094,1,1,1
29,37098,1,1,1
29,37102,0,1,1
29,37106,0,1,1
29,37110,1,1,1
29,37114,1,1,1
29,37118,0,1,1
29,37122,0,1,1
29,37126,1,1,1
29,37130,1,1,1
29,37134,0,1,1
29,37138,0,1,1
29,37142,1,1,1
29,37146,1,1,1
29,37150,0,1,1
29,37154,0,1,1
29,37158,1,1,1
29,37162,1,1,1
29,37166,0,1,1
29,37170,0,1,1
29,37174,1,1,1
29,37182,0,1,1
29,37186,0,1,1
29,37190,1,1,1
29,37194,1,1,1
29,37198,0,1,1
29,37202,0,1,1
29,37206,1,1,1
29,37210,1,1,1
29,37214,0,0,0
29,37218,0,1,1
29,37222,1,1,1
29,37226,1,1,1
29,37230,0,1,1
29,37234,0,1,1
29,37238,1,1,1
29,37242,1,1,1
29,37246,0,1,1
29,37250,0,1,1
29,37254,1,1,1
29,37258,1,1,1
29,37262,0,1,1
29,37266,0,1,1
29,37270,1,1,1
29,37274,1,1,1
29,37278,0,0,0
29,37282,0,1,1
29,37286,1,1,1
29,37290,1,1,1
29,37298,0,1,1
29,37302,1,1,1
29,37306,1,1,1
29,37310,0,1,1
29,37314,0,1,1
29,37318,1,1,1
29,37322,1,1,1
29,37326,0,1,1
29,37330,0,1,1
29,37334,1,1,1
29,37338,1,0,1
29,37342,0,1,1
29,37346,0,1,1
29,37350,1,1,1
29,37354,1,1,1
29,37358,0,1,1
29,37362,0,1,1
29,37366,1,1,1
29,37370,1,1,1
29,37374,0,1,1
29,37378,0,1,1
29,37382,1,1,1
29,37386,1,1,1
29,37390,0,1,1
29,37394,0,1,1
29,37398,1,1,1
29,37402,1,1,1
29,37406,0,1,1
29,37414,1,1,1
29,37418,1,1,1
29,37422,0,1,1
29,37426,0,1,1
29,37430,1,1,1
29,37434,1,1,1
29,37438,0,1,1
29,37442,0,1,1
29,37446,1,1,1
29,37450,1,1,1
29,37454,0,1,1
29,37458,0,1,1
29,37462,1,1,1
29,37466,1,1,1
29,37470,0,1,1
29,37474,0,1,1
29,37478,1,1,1
29,37482,1,1,1
29,37486,0,0,0
29,37490,0,1,1
29,37494,1,1,1
29,37498,1,1,1
29,37502,0,1,1
29,37506,0,0,0
29,37510,1,1,1
29,37514,1,1,1
29,37518,0,1,1
29,37522,0,1,1
29,37530,1,1,1
29,37534,0,1,1
29,37538,0,1,1
29,37542,1,1,1
29,37546,1,1,1
29,37550,0,1,1
29,37554,0,1,1
29,37558,1,1,1
29,37562,1,1,1
29,37566,0,1,1
29,37570,0,1,1
29,37574,1,1,1
29,37578,1,1,1
29,37582,0,1,1
29,37586,0,1,1
29,37590,0,1,1
29,37594,1,1,1
29,37598,0,1,1
29,37602,0,1,1
29,37606,1,1,1
29,37610,1,1,1
29,37614,0,1,1
29,37618,0,1,1
29,37622,1,1,1
29,37626,1,1,1
29,37630,0,1,1
29,37634,0,1,1
29,37638,1,1,1
29,37646,0,1,1
29,37650,0,1,1
29,37654,1,1,1
29,37658,1,1,1
29,37662,0,1,1
29,37666,0,1,1
29,37670,1,1,1
29,37674,0,1,1
29,37678,0,1,1
29,37682,0,1,1
29,37686,1,1,1
29,37690,1,1,1
29,37694,0,1,1
29,37698,0,1,1
29,37702,1,1,1
29,37706,1,1,1
29,37710,0,1,1
29,37714,0,1,1
29,37718,1,1,1
29,37722,1,1,1
29,37726,0,1,1
29,37730,0,1,1
29,37734,1,1,1
29,37738,1,1,1
29,37742,0,1,1
29,37746,0,1,1
29,37750,1,1,1
29,37754,1,1,1
29,37762,0,1,1
29,37766,1,1,1
29,37770,1,1,1
29,37774,0,1,1
29,37778,0,1,1
29,37782,1,1,1
29,37786,1,1,1
29,37790,0,1,1
29,37794,0,1,1
29,37798,1,1,1
29,37802,1,1,1
29,37806,0,1,1
29,37810,0,1,1
29,37814,1,1,1
29,37818,1,1,1
29,37822,0,1,1
29,37826,0,1,1
29,37830,1,1,1
29,37834,1,1,1
29,37838,0,1,1
29,37842,0,1,1
29,37846,1,1,1
29,37850,1,1,1
29,37854,0,1,1
29,37858,0,1,1
29,37862,1,1,1
29,37866,1,1,1
29,37870,0,1,1
29,37878,1,1,1
29,37882,1,1,1
29,37886,0,1,1
29,37890,0,1,1
29,37894,1,1,1
29,37898,1,1,1
29,37902,0,1,1
29,37906,0,1,1
29,37910,1,1,1
29,37914,1,1,1
29,37918,0,1,1
29,37922,0,1,1
29,37926,1,1,1
29,37930,1,1,1
29,37934,0,1,1
29,37938,0,1,1
29,37942,1,1,1
29,37946,1,1,1
29,37950,0,1,1
29,37954,0,0,0
29,37958,1,1,1
29,37962,1,1,1
29,37966,0,1,1
29,37970,0,1,1
29,37974,1,1,1
29,37978,1,1,1
29,37982,0,1,1
29,37986,0,1,1
29,37994,1,1,1
29,37998,0,1,1
29,38002,0,1,1
29,38006,1,1,1
29,38010,1,1,1
29,38014,0,1,1
29,38018,0,1,1
29,38022,1,1,1
29,38026,1,1,1
29,38030,0,1,1
29,38034,0,1,1
29,38038,1,1,1
29,38042,1,1,1
29,38046,0,1,1
29,38050,0,1,1
29,38054,1,1,1
29,38058,1,1,1
29,38062,0,1,1
29,38066,0,1,1
29,38070,1,1,1
29,38074,1,1,1
29,38078,0,1,1
29,38082,0,1,1
29,38086,1,1,1
29,38090,1,1,1
29,38094,0,1,1
29,38098,0,1,1
29,38102,1,1,1
29,38110,0,1,1
29,38114,0,1,1
29,38118,1,1,1
29,38122,1,1,1
29,38126,0,1,1
29,38130,0,1,1
29,38134,1,1,1
29,38138,1,1,1
29,38142,0,1,1
29,38146,0,1,1
29,38150,1,1,1
29,38154,1,1,1
29,38158,0,1,1
29,38162,0,1,1
29,38166,1,1,1
29,38170,1,1,1
29,38174,0,1,1
29,38178,0,1,1
29,38182,1,1,1
29,38186,1,1,1
29,38190,0,1,1
29,38194,0,1,1
29,38198,1,1,1
29,38202,1,1,1
29,38206,0,1,1
29,38210,0,1,1
29,38214,1,1,1
29,38218,1,1,1
29,38226,0,1,1
29,38230,1,1,1
29,38234,1,1,1
29,38238,0,1,1
29,38242,0,1,1
29,38246,1,1,1
29,38250,1,1,1
29,38254,0,1,1
29,38258,0,1,1
29,38262,1,1,1
29,38266,1,1,1
29,38270,0,1,1
29,38274,0,1,1
29,38278,1,1,1
29,38282,1,1,1
29,38286,0,1,1
29,38290,0,1,1
29,38294,1,1,1
29,38298,1,1,1
29,38302,0,1,1
29,38306,0,1,1
29,38310,1,1,1
29,38314,1,1,1
29,38318,0,1,1
29,38322,0,1,1
29,38326,1,1,1
29,38330,1,1,1
29,38334,0,0,0
29,38342,1,1,1
29,38346,0,1,1
29,38350,0,1,1
29,38354,0,1,1
29,38358,1,1,1
29,38362,1,1,1
29,38366,0,1,1
29,38370,0,1,1
29,38374,1,1,1
29,38378,1,1,1
29,38382,0,1,1
29,38386,0,1,1
29,38390,1,1,1
29,38394,1,1,1
29,38398,0,1,1
29,38402,0,1,1
29,38406,1,1,1
29,38410,1,1,1
29,38414,0,1,1
29,38418,0,1,1
29,38422,1,1,1
29,38426,1,1,1
29,38430,0,1,1
29,38434,0,1,1
29,38438,1,1,1
29,38442,1,1,1
29,38446,0,1,1
29,38450,0,1,1
29,38458,1,1,1
29,38462,0,1,1
29,38466,0,1,1
29,38470,1,1,1
29,38474,1,1,1
29,38478,0,1,1
29,38482,0,1,1
29,38486,1,1,1
29,38490,1,1,1
29,38494,0,1,1
29,38498,0,1,1
29,38502,1,1,1
29,38506,1,1,1
29,38510,0,1,1
29,38514,0,1,1
29,38518,1,1,1
29,38522,1,1,1
29,38526,0,1,1
29,38530,0,1,1
29,38534,1,1,1
29,38538,1,1,1
29,38542,0,1,1
29,38546,0,1,1
29,38550,1,1,1
29,38554,1,1,1
29,38558,0,1,1
29,38562,0,1,1
29,38566,1,1,1
29,38574,0,1,1
29,38578,0,1,1
29,38582,1,1,1
29,38586,1,1,1
29,38590,0,1,1
29,38594,0,1,1
29,38598,1,1,1
29,38602,1,1,1
29,38606,0,1,1
29,38610,0,1,1
29,38614,1,1,1
29,38618,1,1,1
29,38622,0,1,1
29,38626,0,1,1
29,38630,1,1,1
29,38634,1,1,1
29,38638,0,1,1
29,38642,0,1,1
29,38646,1,1,1
29,38650,1,1,1
29,38654,0,0,0
29,38658,0,1,1
29,38662,1,1,1
29,38666,1,1,1
29,38670,0,1,1
29,38674,0,1,1
29,38678,1,1,1
29,38682,1,1,1
29,38690,0,1,1
29,38694,1,1,1
29,38698,1,1,1
29,38702,0,1,1
29,38706,0,1,1
29,38710,1,1,1
29,38714,1,1,1
29,38718,0,1,1
29,38722,0,1,1
29,38726,1,1,1
29,38730,1,1,1
29,38734,0,1,1
29,38738,0,1,1
29,38742,1,1,1
29,38746,1,1,1
29,38750,0,1,1
29,38754,0,1,1
29,38758,1,1,1
29,38762,1,1,1
29,38766,0,1,1
29,38770,0,1,1
29,38774,1,1,1
29,38778,1,1,1
29,38782,0,1,1
29,38786,0,1,1
29,38790,1,1,1
29,38794,1,1,1
29,38798,0,1,1
29,38806,1,1,1
29,38810,1,1,1
29,38814,0,0,0
29,38818,0,1,1
29,38822,1,1,1
29,38826,0,1,1
29,38830,0,1,1
29,38834,0,1,1
29,38838,1,1,1
29,38842,1,1,1
29,38846,0,1,1
29,38850,0,1,1
29,38854,1,1,1
29,38858,1,1,1
29,38862,0,1,1
29,38866,0,1,1
29,38870,1,1,1
29,38874,1,1,1
29,38878,0,1,1
29,38882,0,1,1
29,38886,1,1,1
29,38890,1,1,1
29,38894,0,1,1
29,38898,0,1,1
29,38902,1,1,1
29,38906,1,1,1
29,38910,0,1,1
29,38914,0,1,1
29,38922,1,1,1
29,38926,0,1,1
29,38930,0,1,1
29,38934,1,1,1
29,38938,1,1,1
29,38942,0,1,1
29,38946,0,1,1
29,38950,1,1,1
29,38954,1,1,1
29,38958,0,1,1
29,38962,0,1,1
29,38966,1,1,1
29,38970,1,1,1
29,38974,0,0,0
29,38978,0,1,1
29,38982,1,1,1
29,38986,1,1,1
29,38990,0,1,1
29,38994,0,1,1
29,38998,1,1,1
29,39002,1,1,1
29,39006,0,1,1
29,39010,0,1,1
29,39014,1,1,1
29,39018,1,1,1
29,39022,0,1,1
29,39026,0,1,1
29,39030,1,1,1
29,39038,0,1,1
29,39042,0,1,1
29,39046,1,1,1
29,39050,1,1,1
29,39054,0,1,1
29,39058,0,1,1
29,39062,1,1,1
29,39066,1,1,1
29,39070,0,1,1
29,39074,0,1,1
29,39078,1,1,1
29,39082,1,1,1
29,39086,0,1,1
29,39090,0,1,1
29,39094,1,1,1
29,39098,1,1,1
29,39102,0,1,1
29,39106,0,1,1
29,39110,1,1,1
29,39114,1,0,1
29,39118,0,1,1
29,39122,0,1,1
29,39126,1,1,1
29,39130,1,1,1
29,39134,0,1,1
29,39138,0,1,1
29,39142,1,1,1
29,39146,1,1,1
29,39154,0,1,1
29,39158,1,1,1
29,39162,1,1,1
29,39166,0,1,1
29,39170,0,1,1
29,39174,1,1,1
29,39178,1,1,1
29,39182,0,1,1
29,39186,0,1,1
29,39190,1,1,1
29,39194,1,1,1
29,39198,0,1,1
29,39202,0,1,1
29,39206,1,1,1
29,39210,1,1,1
29,39214,0,1,1
29,39218,0,1,1
29,39222,1,1,1
29,39226,1,1,1
29,39230,0,1,1
29,39234,0,1,1
29,39238,1,1,1
29,39242,1,1,1
29,39246,0,1,1
29,39250,0,1,1
29,39254,1,1,1
29,39258,1,1,1
29,39262,0,1,1
29,39270,1,0,1
29,39274,1,1,1
29,39278,0,1,1
29,39282,0,1,1
29,39286,1,1,1
29,39290,1,1,1
29,39294,0,1,1
29,39298,0,1,1
29,39302,1,0,1
29,39306,1,1,1
29,39310,0,1,1
29,39314,0,1,1
29,39318,0,1,1
29,39322,1,1,1
29,39326,0,1,1
29,39330,0,1,1
29,39334,1,1,1
29,39338,1,1,1
29,39342,0,1,1
29,39346,0,1,1
29,39350,1,1,1
29,39354,1,0,1
29,39358,0,0,0
29,39362,0,1,1
29,39366,1,1,1
29,39370,1,1,1
29,39374,0,1,1
29,39378,0,1,1
29,39386,1,1,1
29,39390,0,1,1
29,39394,0,1,1
29,39398,1,1,1
29,39402,1,1,1
29,39406,0,1,1
29,39410,0,1,1
29,39414,1,1,1
29,39418,1,1,1
29,39422,0,1,1
29,39426,0,1,1
29,39430,1,1,1
29,39434,1,1,1
29,39438,0,1,1
29,39442,0,1,1
29,39446,1,1,1
29,39450,1,1,1
29,39454,0,1,1
29,39458,0,1,1
29,39462,1,0,1
29,39466,1,1,1
29,39470,0,1,1
29,39474,0,1,1
29,39478,1,1,1
29,39482,1,1,1
29,39486,0,1,1
29,39490,0,1,1
29,39494,1,1,1
29,39502,0,1,1
29,39506,0,1,1
29,39510,1,1,1
29,39514,1,1,1
29,39518,0,1,1
29,39522,0,1,1
29,39526,1,1,1
29,39530,1,1,1
29,39534,0,1,1
29,39538,0,1,1
29,39542,1,1,1
29,39546,1,1,1
29,39550,0,1,1
29,39554,0,1,1
29,39558,1,1,1
29,39562,1,1,1
29,39566,0,1,1
29,39570,0,1,1
29,39574,1,1,1
29,39578,1,1,1
29,39582,0,1,1
29,39586,0,1,1
29,39590,1,1,1
29,39594,1,1,1
29,39598,0,1,1
29,39602,0,1,1
29,39606,1,1,1
29,39610,1,1,1
29,39618,0,1,1
29,39622,1,1,1
29,39626,1,1,1
29,39630,0,1,1
29,39634,0,1,1
29,39638,1,1,1
29,39642,1,1,1
29,39646,0,1,1
29,39650,0,1,1
29,39654,1,1,1
29,39658,1,1,1
29,39662,0,1,1
29,39666,0,1,1
29,39670,1,1,1
29,39674,1,1,1
29,39678,0,1,1
29,39682,0,1,1
29,39686,1,1,1
29,39690,1,1,1
29,39694,0,1,1
29,39698,0,1,1
29,39702,1,1,1
29,39706,1,1,1
29,39710,0,1,1
29,39714,0,1,1
29,39718,1,1,1
29,39722,1,1,1
29,39726,0,1,1
29,39734,1,1,1
29,39738,1,1,1
29,39742,0,1,1
29,39746,0,1,1
29,39750,1,1,1
29,39754,1,1,1
29,39758,0,1,1
29,39762,0,1,1
29,39766,1,1,1
29,39770,1,1,1
29,39774,0,1,1
29,39778,0,1,1
29,39782,1,1,1
29,39786,1,0,1
29,39790,0,1,1
29,39794,0,1,1
29,39798,1,1,1
29,39802,1,1,1
29,39806,0,1,1
29,39810,0,1,1
29,39814,1,1,1
29,39818,1,1,1
29,39822,0,1,1
29,39826,0,1,1
29,39830,1,1,1
29,39834,1,1,1
29,39838,0,1,1
29,39842,0,1,1
29,39850,1,1,1
29,39854,0,1,1
29,39858,0,0,0
29,39862,1,1,1
29,39866,1,1,1
29,39870,0,1,1
29,39874,0,1,1
29,39878,1,1,1
29,39882,1,1,1
29,39886,0,1,1
29,39890,0,1,1
29,39894,1,1,1
29,39898,1,1,1
29,39902,0,1,1
29,39906,0,1,1
29,39910,1,1,1
29,39914,1,1,1
29,39918,0,1,1
29,39922,0,1,1
29,39926,1,1,1
29,39930,1,1,1
29,39934,0,1,1
29,39938,0,1,1
29,39942,1,1,1
29,39946,1,1,1
29,39950,0,1,1
29,39954,0,1,1
29,39958,1,1,1
29,39966,0,1,1
29,39970,0,1,1
29,39974,1,1,1
29,39978,1,1,1
29,39982,0,1,1
29,39986,0,1,1
29,39990,1,1,1
29,39994,1,1,1
29,39998,0,1,1
29,40002,0,1,1
29,40006,1,1,1
29,40010,1,1,1
29,40014,0,1,1
29,40018,0,1,1
29,40022,1,1,1
29,40026,1,1,1
29,40030,0,1,1
29,40034,0,1,1
29,40038,1,1,1
29,40042,1,1,1
29,40046,0,1,1
29,40050,0,1,1
29,40054,1,1,1
29,40058,1,1,1
29,40062,0,1,1
29,40066,0,1,1
29,40070,1,1,1
29,40074,0,1,1
29,40082,0,1,1
29,40086,1,1,1
29,40090,1,1,1
29,40094,0,1,1
29,40098,0,1,1
29,40102,1,1,1
29,40106,1,1,1
29,40110,0,1,1
29,40114,0,1,1
29,40118,1,1,1
29,40122,1,1,1
29,40126,0,1,1
29,40130,0,1,1
29,40134,1,1,1
29,40138,1,1,1
29,40142,0,1,1
29,40146,0,1,1
29,40150,1,1,1
29,40154,1,1,1
29,40158,0,1,1
29,40162,0,1,1
29,40166,1,1,1
29,40170,1,1,1
29,40174,0,1,1
29,40178,0,1,1
29,40182,1,1,1
29,40186,1,1,1
29,40190,0,1,1
29,40198,1,1,1
29,40202,1,1,1
29,40206,0,1,1
29,40210,0,1,1
29,40214,1,1,1
29,40218,1,1,1
29,40222,0,1,1
29,40226,0,1,1
29,40230,1,1,1
29,40234,1,1,1
29,40238,0,1,1
29,40242,0,1,1
29,40246,1,1,1
29,40250,1,1,1
29,40254,0,1,1
29,40258,0,1,1
29,40262,1,1,1
29,40266,1,1,1
29,40270,0,1,1
29,40274,0,1,1
29,40278,0,1,1
29,40282,1,1,1
29,40286,0,1,1
29,40290,0,1,1
29,40294,1,1,1
29,40298,1,1,1
29,40302,0,1,1
29,40306,0,1,1
29,40314,1,1,1
29,40318,0,1,1
29,40322,0,1,1
29,40326,1,1,1
29,40330,1,1,1
29,40334,0,1,1
29,40338,0,1,1
29,40342,1,1,1
29,40346,1,0,1
29,40350,0,1,1
29,40354,0,1,1
29,40358,1,1,1
29,40362,0,1,1
29,40366,0,1,1
29,40370,0,1,1
29,40374,1,1,1
29,40378,1,1,1
29,40382,0,1,1
29,40386,0,1,1
29,40390,1,1,1
29,40394,1,1,1
29,40398,0,1,1
29,40402,0,1,1
29,40406,1,0,1
29,40410,1,1,1
29,40414,0,1,1
29,40418,0,1,1
29,40422,1,1,1
29,40430,0,1,1
29,40434,0,1,1
29,40438,1,1,1
29,40442,1,1,1
29,40446,0,1,1
29,40450,0,1,1
29,40454,1,1,1
29,40458,1,1,1
29,40462,0,1,1
29,40466,0,1,1
29,40470,1,1,1
29,40474,1,1,1
29,40478,0,1,1
29,40482,0,1,1
29,40486,1,1,1
29,40490,1,1,1
29,40494,0,1,1
29,40498,0,1,1
29,40502,1,0,1
29,40506,1,1,1
29,40510,0,1,1
29,40514,0,1,1
29,40518,1,1,1
29,40522,1,1,1
29,40526,0,0,0
29,40530,0,1,1
29,40534,1,1,1
29,40538,1,1,1
29,40546,0,1,1
29,40550,1,1,1
29,40554,1,0,1
29,40558,0,1,1
29,40562,0,1,1
29,40566,1,1,1
29,40570,1,1,1
29,40574,0,1,1
29,40578,0,1,1
29,40582,1,1,1
29,40586,1,1,1
29,40590,0,1,1
29,40594,0,1,1
29,40598,1,1,1
29,40602,1,1,1
29,40606,0,1,1
29,40610,0,1,1
29,40614,1,1,1
29,40618,1,1,1
29,40622,0,1,1
29,40626,0,1,1
29,40630,1,1,1
29,40634,1,1,1
29,40638,0,1,1
29,40642,0,1,1
29,40646,1,1,1
29,40650,1,1,1
29,40654,0,1,1
29,40662,0,1,1
29,40666,1,1,1
29,40670,0,1,1
29,40674,0,1,1
29,40678,1,1,1
29,40682,1,1,1
29,40686,0,1,1
29,40690,0,1,1
29,40694,1,0,1
29,40698,1,1,1
29,40702,0,1,1
29,40706,0,1,1
29,40710,1,1,1
29,40714,1,1,1
29,40718,0,1,1
29,40722,0,1,1
29,40726,1,1,1
29,40730,1,1,1
29,40734,0,1,1
29,40738,0,1,1
29,40742,1,1,1
29,40746,1,1,1
29,40750,0,1,1
29,40754,0,1,1
29,40758,0,1,1
29,40762,1,1,1
29,40766,0,1,1
29,40770,0,1,1
29,40778,1,1,1
29,40782,0,1,1
29,40786,0,1,1
29,40790,1,1,1
29,40794,1,1,1
29,40798,0,1,1
29,40802,0,1,1
29,40806,1,1,1
29,40810,1,1,1
29,40814,0,1,1
29,40818,0,1,1
29,40822,1,1,1
29,40826,1,1,1
29,40830,0,1,1
29,40834,0,0,0
29,40838,1,1,1
29,40842,1,1,1
29,40846,0,1,1
29,40850,0,1,1
29,40854,1,0,1
29,40858,1,1,1
29,40862,0,1,1
29,40866,0,0,0
29,40870,1,1,1
29,40874,1,1,1
29,40878,0,1,1
29,40882,0,1,1
29,40886,1,1,1
29,40894,0,1,1
29,40898,0,1,1
29,40902,1,1,1
29,40906,1,1,1
29,40910,0,1,1
29,40914,0,1,1
29,40918,1,1,1
29,40922,1,1,1
29,40926,0,1,1
29,40930,0,1,1
29,40934,1,1,1
29,40938,1,1,1
29,40942,0,1,1
29,40946,0,1,1
29,40950,1,1,1
29,40954,1,1,1
29,40958,0,1,1
29,40962,0,1,1
29,40966,1,1,1
29,40970,1,1,1
29,40974,0,0,0
29,40978,0,1,1
29,40982,1,1,1
29,40986,1,0,1
29,40990,0,1,1
29,40994,0,1,1
29,40998,1,1,1
29,41002,1,1,1
29,41010,0,1,1
29,41014,1,1,1
29,41018,1,1,1
29,41022,0,1,1
29,41026,0,1,1
29,41030,1,1,1
29,41034,1,1,1
29,41038,0,1,1
29,41042,0,1,1
29,41046,1,1,1
29,41050,1,1,1
29,41054,0,1,1
29,41058,0,1,1
29,41062,1,1,1
29,41066,1,1,1
29,41070,0,1,1
29,41074,0,1,1
29,41078,1,1,1
29,41082,1,1,1
29,41086,0,0,0
29,41090,0,1,1
29,41094,1,1,1
29,41098,1,1,1
29,41102,0,1,1
29,41106,0,1,1
29,41110,1,1,1
29,41114,1,1,1
29,41118,0,1,1
29,41126,1,1,1
29,41130,1,1,1
29,41134,0,1,1
29,41138,0,1,1
29,41142,1,1,1
29,41146,1,1,1
29,41150,0,1,1
29,41154,0,1,1
29,41158,1,1,1
29,41162,1,1,1
29,41166,0,1,1
29,41170,0,1,1
29,41174,1,1,1
29,41178,1,1,1
29,41182,0,1,1
29,41186,0,1,1
29,41190,1,1,1
29,41194,1,1,1
29,41198,0,1,1
29,41202,0,1,1
29,41206,1,1,1
29,41210,1,1,1
29,41214,0,1,1
29,41218,0,1,1
29,41222,1,1,1
29,41226,1,0,1
29,41230,0,1,1
29,41234,0,1,1
29,41242,1,1,1
29,41246,0,1,1
29,41250,0,1,1
29,41254,1,1,1
29,41258,1,1,1
29,41262,0,1,1
29,41266,0,1,1
29,41270,1,1,1
29,41274,1,1,1
29,41278,0,1,1
29,41282,0,1,1
29,41286,1,1,1
29,41290,1,1,1
29,41294,0,1,1
29,41298,0,1,1
29,41302,1,1,1
29,41306,1,1,1
29,41310,0,1,1
29,41314,0,1,1
29,41318,1,1,1
29,41322,1,0,1
29,41326,0,0,0
29,41330,0,1,1
29,41334,1,1,1
29,41338,1,0,1
29,41342,0,1,1
29,41346,0,1,1
29,41350,1,1,1
29,41358,0,1,1
29,41362,0,1,1
29,41366,1,1,1
29,41370,1,1,1
29,41374,0,1,1
29,41378,0,1,1
29,41382,1,1,1
29,41386,1,1,1
29,41390,0,1,1
29,41394,0,1,1
29,41398,1,1,1
29,41402,1,1,1
29,41406,0,1,1
29,41410,0,1,1
29,41414,1,1,1
29,41418,1,1,1
29,41422,0,1,1
29,41426,0,1,1
29,41430,1,1,1
29,41434,1,1,1
29,41438,0,1,1
29,41442,0,1,1
29,41446,1,1,1
29,41450,1,1,1
29,41454,0,1,1
29,41458,0,1,1
29,41462,1,1,1
29,41466,1,1,1
29,41474,0,1,1
29,41478,1,1,1
29,41482,1,1,1
29,41486,0,1,1
29,41490,0,1,1
29,41494,1,1,1
29,41498,1,1,1
29,41502,0,1,1
29,41506,0,1,1
29,41510,1,1,1
29,41514,1,1,1
29,41518,0,1,1
29,41522,0,1,1
29,41526,1,0,1
29,41530,1,1,1
29,41534,0,1,1
29,41538,0,1,1
29,41542,1,1,1
29,41546,1,1,1
29,41550,0,1,1
29,41554,0,1,1
29,41558,1,1,1
29,41562,1,1,1
29,41566,0,1,1
29,41570,0,1,1
29,41574,1,1,1
29,41578,1,1,1
29,41582,0,1,1
29,41590,1,1,1
29,41594,1,1,1
29,41598,0,0,0
29,41602,0,1,1
29,41606,1,1,1
29,41610,1,1,1
29,41614,0,1,1
29,41618,0,1,1
29,41622,1,1,1
29,41626,1,1,1
29,41630,0,1,1
29,41634,0,1,1
29,41638,1,1,1
29,41642,1,1,1
29,41646,0,0,0
29,41650,0,1,1
29,41654,1,1,1
29,41658,1,0,1
29,41662,0,1,1
29,41666,0,1,1
29,41670,1,1,1
29,41674,1,1,1
29,41678,0,1,1
29,41682,0,1,1
29,41686,1,1,1
29,41690,1,1,1
29,41694,0,0,0
29,41698,0,1,1
29,41706,1,1,1
29,41710,0,1,1
29,41714,0,1,1
29,41718,1,1,1
29,41722,1,1,1
29,41726,0,1,1
29,41730,0,1,1
29,41734,1,1,1
29,41738,0,1,1
29,41742,0,0,0
29,41746,0,1,1
29,41750,1,1,1
29,41754,1,1,1
29,41758,0,1,1
29,41762,0,1,1
29,41766,1,1,1
29,41770,1,1,1
29,41774,0,1,1
29,41778,0,1,1
29,41782,1,1,1
29,41786,1,1,1
29,41790,0,1,1
29,41794,0,1,1
29,41798,1,1,1
29,41802,0,1,1
29,41806,0,1,1
29,41810,0,1,1
29,41814,1,1,1
29,41822,0,1,1
29,41826,0,1,1
29,41830,1,1,1
29,41834,1,1,1
29,41838,0,1,1
29,41842,0,1,1
29,41846,1,1,1
29,41850,1,1,1
29,41854,0,1,1
29,41858,0,1,1
29,41862,1,0,1
29,41866,1,1,1
29,41870,0,1,1
29,41874,0,0,0
29,41878,1,1,1
29,41882,1,1,1
29,41886,0,1,1
29,41890,0,1,1
29,41894,1,1,1
29,41898,1,1,1
29,41902,0,1,1
29,41906,0,1,1
29,41910,1,1,1
29,41914,1,1,1
29,41918,0,1,1
29,41922,0,1,1
29,41926,1,1,1
29,41930,1,1,1
29,41938,0,1,1
29,41942,1,1,1
29,41946,1,1,1
29,41950,0,1,1
29,41954,0,1,1
29,41958,1,1,1
29,41962,1,1,1
29,41966,0,1,1
29,41970,0,1,1
29,41974,1,1,1
29,41978,1,1,1
29,41982,0,1,1
29,41986,0,1,1
29,41990,1,1,1
29,41994,1,1,1
29,41998,0,1,1
29,42002,0,1,1
29,42006,1,1,1
29,42010,1,1,1
29,42014,0,0,0
29,42018,0,0,0
29,42022,1,1,1
29,42026,1,1,1
29,42030,0,1,1
29,42034,0,1,1
29,42038,0,1,1
29,42042,1,0,1
29,42046,0,1,1
29,42054,1,1,1
29,42058,1,1,1
29,42062,0,1,1
29,42066,0,1,1
29,42070,1,1,1
29,42074,1,1,1
29,42078,0,1,1
29,42082,0,1,1
29,42086,1,1,1
29,42090,1,1,1
29,42094,0,1,1
29,42098,0,0,0
29,42102,1,1,1
29,42106,1,1,1
29,42110,0,1,1
29,42114,0,1,1
29,42118,1,1,1
29,42122,1,1,1
29,42126,0,0,0
29,42130,0,1,1
29,42134,1,1,1
29,42138,1,1,1
29,42142,0,1,1
29,42146,0,1,1
29,42150,1,0,1
29,42154,1,1,1
29,42158,0,1,1
29,42162,0,1,1
29,42170,1,1,1
29,42174,0,1,1
29,42178,0,1,1
29,42182,1,1,1
29,42186,0,1,1
29,42190,0,1,1
29,42194,0,1,1
29,42198,1,1,1
29,42202,1,1,1
29,42206,0,1,1
29,42210,0,1,1
29,42214,1,1,1
29,42218,0,1,1
29,42222,0,1,1
29,42226,0,1,1
29,42230,1,1,1
29,42234,1,1,1
29,42238,0,1,1
29,42242,0,1,1
29,42246,1,1,1
29,42250,1,1,1
29,42254,0,1,1
29,42258,0,1,1
29,42262,1,1,1
29,42266,1,1,1
29,42270,0,1,1
29,42274,0,1,1
29,42278,1,1,1
29,42286,0,1,1
29,42290,0,1,1
29,42294,1,1,1
29,42298,1,1,1
29,42302,0,1,1
29,42306,0,1,1
29,42310,1,1,1
29,42314,1,1,1
29,42318,0,1,1
29,42322,0,1,1
29,42326,1,1,1
29,42330,1,1,1
29,42334,0,1,1
29,42338,0,1,1
29,42342,1,1,1
29,42346,1,1,1
29,42350,0,1,1
29,42354,0,1,1
29,42358,1,1,1
29,42362,1,1,1
29,42366,0,0,0
29,42370,0,1,1
29,42374,1,1,1
29,42378,1,1,1
29,42382,0,1,1
29,42386,0,1,1
29,42390,1,1,1
29,42394,1,1,1
29,42402,0,1,1
29,42406,1,1,1
29,42410,1,1,1
29,42414,0,1,1
29,42418,0,1,1
29,42422,1,1,1
29,42426,1,1,1
29,42430,0,1,1
29,42434,0,1,1
29,42438,1,1,1
29,42442,1,1,1
29,42446,0,1,1
29,42450,0,1,1
29,42454,1,1,1
29,42458,1,1,1
29,42462,0,1,1
29,42466,0,1,1
29,42470,1,1,1
29,42474,1,1,1
29,42478,0,1,1
29,42482,0,1,1
29,42486,1,1,1
29,42490,1,1,1
29,42494,0,1,1
29,42498,0,1,1
29,42502,1,1,1
29,42506,1,1,1
29,42510,0,1,1
29,42518,1,1,1
29,42522,1,0,1
29,42526,0,1,1
29,42530,0,1,1
29,42534,1,0,1
29,42538,1,1,1
29,42542,0,1,1
29,42546,0,0,0
29,42550,1,1,1
29,42554,1,1,1
29,42558,0,1,1
29,42562,0,1,1
29,42566,1,1,1
29,42570,1,1,1
29,42574,0,1,1
29,42578,0,1,1
29,42582,1,1,1
29,42586,1,1,1
29,42590,0,1,1
29,42594,0,1,1
29,42598,1,1,1
29,42602,0,1,1
29,42606,0,1,1
29,42610,0,1,1
29,42614,1,1,1
29,42618,1,1,1
29,42622,0,1,1
29,42626,0,1,1
29,42634,1,1,1
29,42638,0,1,1
29,42642,0,1,1
29,42646,1,0,1
29,42650,1,1,1
29,42654,0,0,0
29,42658,0,1,1
29,42662,1,1,1
29,42666,1,1,1
29,42670,0,1,1
29,42674,0,1,1
29,42678,1,1,1
29,42682,1,1,1
29,42686,0,1,1
29,42690,0,1,1
29,42694,1,1,1
29,42698,1,1,1
29,42702,0,1,1
29,42706,0,1,1
29,42710,1,1,1
29,42714,1,1,1
29,42718,0,1,1
29,42722,0,1,1
29,42726,1,1,1
29,42730,1,1,1
29,42734,0,1,1
29,42738,0,1,1
29,42742,1,1,1
29,42750,0,1,1
29,42754,0,1,1
29,42758,1,1,1
29,42762,1,1,1
29,42766,0,1,1
29,42770,0,1,1
29,42774,1,1,1
29,42778,1,1,1
29,42782,0,1,1
29,42786,0,1,1
29,42790,1,1,1
29,42794,1,1,1
29,42798,0,1,1
29,42802,0,1,1
29,42806,1,1,1
29,42810,1,1,1
29,42814,0,1,1
29,42818,0,1,1
29,42822,1,1,1
29,42826,1,1,1
29,42830,0,1,1
29,42834,0,1,1
29,42838,1,1,1
29,42842,1,1,1
29,42846,0,0,0
29,42850,0,1,1
29,42854,1,1,1
29,42858,1,0,1
29,42866,0,1,1
29,42870,1,1,1
29,42874,1,1,1
29,42878,0,1,1
29,42882,0,1,1
29,42886,1,1,1
29,42890,1,1,1
29,42894,0,1,1
29,42898,0,0,0
29,42902,1,1,1
29,42906,1,1,1
29,42910,0,1,1
29,42914,0,1,1
29,42918,1,1,1
29,42922,1,1,1
29,42926,0,1,1
29,42930,0,1,1
29,42934,1,1,1
29,42938,1,1,1
29,42942,0,1,1
29,42946,0,1,1
29,42950,1,1,1
29,42954,1,1,1
29,42958,0,1,1
29,42962,0,1,1
29,42966,1,1,1
29,42970,1,1,1
29,42974,0,1,1
29,42982,1,1,1
29,42986,1,1,1
29,42990,0,1,1
29,42994,0,1,1
29,42998,1,1,1
29,43002,1,1,1
29,43006,0,1,1
29,43010,0,1,1
29,43014,1,1,1
29,43018,1,1,1
29,43022,0,1,1
29,43026,0,0,0
29,43030,1,1,1
29,43034,1,1,1
29,43038,0,1,1
29,43042,0,1,1
29,43046,1,1,1
29,43050,1,1,1
29,43054,0,1,1
29,43058,0,1,1
29,43062,1,1,1
29,43066,1,1,1
29,43070,0,1,1
29,43074,0,1,1
29,43078,1,0,1
29,43082,1,1,1
29,43086,0,1,1
29,43090,0,1,1
29,43098,1,1,1
29,43102,0,1,1
29,43106,0,1,1
29,43110,1,1,1
29,43114,1,1,1
29,43118,0,1,1
29,43122,0,1,1
29,43126,1,1,1
29,43130,1,1,1
29,43134,0,1,1
29,43138,0,1,1
29,43142,1,1,1
29,43146,0,1,1
29,43150,0,1,1
29,43154,0,1,1
29,43158,1,1,1
29,43162,1,0,1
29,43166,0,1,1
29,43170,0,1,1
29,43174,1,1,1
29,43178,1,1,1
29,43182,0,1,1
29,43186,0,1,1
29,43190,0,0,0
29,43194,1,1,1
29,43198,0,1,1
29,43202,0,1,1
29,43206,1,1,1
29,43214,0,1,1
29,43218,0,1,1
29,43222,1,1,1
29,43226,1,1,1
29,43230,0,1,1
29,43234,0,1,1
29,43238,1,1,1
29,43242,1,1,1
29,43246,0,1,1
29,43250,0,1,1
29,43254,1,1,1
29,43258,1,1,1
29,43262,0,1,1
29,43266,0,1,1
29,43270,1,1,1
29,43274,1,1,1
29,43278,0,1,1
29,43282,0,1,1
29,43286,0,1,1
29,43290,1,1,1
29,43294,0,1,1
29,43298,0,1,1
29,43302,1,0,1
29,43306,0,1,1
29,43310,0,1,1
29,43314,0,1,1
29,43318,1,1,1
29,43322,1,1,1
29,43330,0,1,1
29,43334,1,1,1
29,43338,1,1,1
29,43342,0,1,1
29,43346,0,1,1
29,43350,1,1,1
29,43354,1,1,1
29,43358,0,1,1
29,43362,0,0,0
29,43366,1,1,1
29,43370,1,1,1
29,43374,0,0,0
29,43378,0,1,1
29,43382,1,1,1
29,43386,1,0,1
29,43390,0,1,1
29,43394,0,1,1
29,43398,1,1,1
29,43402,1,1,1
29,43406,0,1,1
29,43410,0,1,1
29,43414,1,1,1
29,43418,1,1,1
29,43422,0,1,1
29,43426,0,1,1
29,43430,1,1,1
29,43434,0,1,1
29,43438,0,0,0
29,43446,1,1,1
29,43450,1,1,1
29,43454,0,1,1
29,43458,0,1,1
29,43462,1,0,1
29,43466,1,1,1
29,43470,0,1,1
29,43474,0,0,0
29,43478,1,1,1
29,43482,1,1,1
29,43486,0,1,1
29,43490,0,1,1
29,43494,1,1,1
29,43498,1,1,1
29,43502,0,1,1
29,43506,0,1,1
29,43510,1,1,1
29,43514,1,1,1
29,43518,0,1,1
29,43522,0,1,1
29,43526,1,1,1
29,43530,0,1,1
29,43534,0,0,0
29,43538,0,1,1
29,43542,1,1,1
29,43546,1,1,1
29,43550,0,1,1
29,43554,0,1,1
29,43562,1,1,1
29,43566,0,0,0
29,43570,0,1,1
29,43574,1,1,1
29,43578,1,1,1
29,43582,0,1,1
29,43586,0,0,0
29,43590,1,1,1
29,43594,1,1,1
29,43598,0,1,1
29,43602,0,1,1
29,43606,1,1,1
29,43610,1,1,1
29,43614,0,1,1
29,43618,0,1,1
29,43622,1,1,1
29,43626,1,1,1
29,43630,0,1,1
29,43634,0,1,1
29,43638,0,1,1
29,43642,1,1,1
29,43646,0,1,1
29,43650,0,1,1
29,43654,1,1,1
29,43658,1,1,1
29,43662,0,0,0
29,43666,0,1,1
29,43670,1,1,1
29,43678,0,1,1
29,43682,0,1,1
29,43686,1,1,1
29,43690,1,1,1
29,43694,0,1,1
29,43698,0,1,1
29,43702,1,1,1
29,43706,1,1,1
29,43710,0,1,1
29,43714,0,1,1
29,43718,1,1,1
29,43722,1,1,1
29,43726,0,1,1
29,43730,0,1,1
29,43734,1,1,1
29,43738,1,1,1
29,43742,0,1,1
29,43746,0,1,1
29,43750,1,1,1
29,43754,1,1,1
29,43758,0,1,1
29,43762,0,1,1
29,43766,1,1,1
29,43770,1,1,1
29,43774,0,1,1
29,43778,0,1,1
29,43782,1,1,1
29,43786,1,1,1
29,43794,0,1,1
29,43798,1,1,1
29,43802,1,1,1
29,43806,0,0,0
29,43810,0,1,1
29,43814,1,1,1
29,43818,1,1,1
29,43822,0,1,1
29,43826,0,1,1
29,43830,1,0,1
29,43834,1,0,1
29,43838,0,1,1
29,43842,0,1,1
29,43846,1,1,1
29,43850,1,1,1
29,43854,0,1,1
29,43858,0,1,1
29,43862,1,1,1
29,43866,1,1,1
29,43870,0,0,0
29,43874,0,1,1
29,43878,1,1,1
29,43882,1,1,1
29,43886,0,1,1
29,43890,0,1,1
29,43894,1,0,1
29,43898,1,1,1
29,43902,0,1,1
29,43910,1,1,1
29,43914,1,1,1
29,43918,0,1,1
29,43922,0,1,1
29,43926,1,1,1
29,43930,1,1,1
29,43934,0,1,1
29,43938,0,1,1
29,43942,1,1,1
29,43946,1,1,1
29,43950,0,0,0
29,43954,0,1,1
29,43958,1,1,1
29,43962,1,1,1
29,43966,0,1,1
29,43970,0,1,1
29,43974,1,0,1
29,43978,1,1,1
29,43982,0,1,1
29,43986,0,1,1
29,43990,1,1,1
29,43994,1,1,1
29,43998,0,1,1
29,44002,0,1,1
29,44006,1,1,1
29,44010,1,1,1
29,44014,0,1,1
29,44018,0,1,1
29,44026,1,0,1
29,44030,0,1,1
29,44034,0,1,1
29,44038,1,1,1
29,44042,0,1,1
29,44046,0,0,0
29,44050,0,1,1
29,44054,0,1,1
29,44058,1,1,1
29,44062,0,1,1
29,44066,0,1,1
29,44070,1,1,1
29,44074,1,1,1
29,44078,0,1,1
29,44082,0,1,1
29,44086,1,1,1
29,44090,1,1,1
29,44094,0,1,1
29,44098,0,1,1
29,44102,1,1,1
29,44106,1,1,1
29,44110,0,1,1
29,44114,0,0,0
29,44118,1,1,1
29,44122,1,1,1
29,44126,0,1,1
29,44130,0,1,1
29,44134,1,1,1
29,44142,0,1,1
29,44146,0,1,1
29,44150,1,1,1
29,44154,1,1,1
29,44158,0,1,1
29,44162,0,1,1
29,44166,1,1,1
29,44170,1,1,1
29,44174,0,1,1
29,44178,0,1,1
29,44182,1,1,1
29,44186,1,1,1
29,44190,0,1,1
29,44194,0,0,0
29,44198,1,1,1
29,44202,1,1,1
29,44206,0,1,1
29,44210,0,1,1
29,44214,1,1,1
29,44218,1,1,1
29,44222,0,1,1
29,44226,0,1,1
29,44230,1,1,1
29,44234,1,1,1
29,44238,0,1,1
29,44242,0,1,1
29,44246,1,0,1
29,44250,1,1,1
29,44258,0,1,1
29,44262,1,1,1
29,44266,1,1,1
29,44270,0,1,1
29,44274,0,1,1
29,44278,1,0,1
29,44282,1,1,1
29,44286,0,0,0
29,44290,0,1,1
29,44294,1,1,1
29,44298,1,1,1
29,44302,0,1,1
29,44306,0,0,0
29,44310,0,1,1
29,44314,1,1,1
29,44318,0,1,1
29,44322,0,1,1
29,44326,1,1,1
29,44330,1,1,1
29,44334,0,1,1
29,44338,0,1,1
29,44342,1,1,1
29,44346,1,1,1
29,44350,0,1,1
29,44354,0,1,1
29,44358,1,1,1
29,44362,1,1,1
29,44366,0,1,1
29,44374,1,1,1
29,44378,1,1,1
29,44382,0,1,1
29,44386,0,1,1
29,44390,1,1,1
29,44394,1,0,1
29,44398,0,1,1
29,44402,0,1,1
29,44406,1,1,1
29,44410,1,1,1
29,44414,0,1,1
29,44418,0,1,1
29,44422,1,1,1
29,44426,0,1,1
29,44430,0,1,1
29,44434,0,1,1
29,44438,1,1,1
29,44442,1,0,1
29,44446,0,1,1
29,44450,0,1,1
29,44454,1,1,1
29,44458,1,1,1
29,44462,0,1,1
29,44466,0,1,1
29,44470,1,1,1
29,44474,1,1,1
29,44478,0,1,1
29,44482,0,0,0
29,44490,1,1,1
29,44494,0,1,1
29,44498,0,1,1
29,44502,0,1,1
29,44506,1,0,1
29,44510,0,1,1
29,44514,0,0,0
29,44518,1,1,1
29,44522,1,1,1
29,44526,0,1,1
29,44530,0,1,1
29,44534,1,0,1
29,44538,1,1,1
29,44542,0,1,1
29,44546,0,0,0
29,44550,1,1,1
29,44554,1,1,1
29,44558,0,1,1
29,44562,0,1,1
29,44566,1,1,1
29,44570,1,1,1
29,44574,0,1,1
29,44578,0,1,1
29,44582,1,1,1
29,44586,0,1,1
29,44590,0,1,1
29,44594,0,1,1
29,44598,1,0,1
29,44606,0,1,1
29,44610,0,1,1
29,44614,1,1,1
29,44618,1,1,1
29,44622,0,1,1
29,44626,0,1,1
29,44630,1,1,1
29,44634,1,0,1
29,44638,0,1,1
29,44642,0,1,1
29,44646,1,1,1
29,44650,1,1,1
29,44654,0,1,1
29,44658,0,1,1
29,44662,1,1,1
29,44666,1,1,1
29,44670,0,1,1
29,44674,0,0,0
29,44678,1,1,1
29,44682,1,1,1
29,44686,0,1,1
29,44690,0,1,1
29,44694,1,1,1
29,44698,1,1,1
29,44702,0,1,1
29,44706,0,1,1
29,44710,1,1,1
29,44714,1,1,1
29,44722,0,1,1
29,44726,1,1,1
29,44730,1,1,1
29,44734,0,1,1
29,44738,0,1,1
29,44742,1,1,1
29,44746,1,1,1
29,44750,0,1,1
29,44754,0,1,1
29,44758,1,1,1
29,44762,1,1,1
29,44766,0,1,1
29,44770,0,1,1
29,44774,1,0,1
29,44778,1,1,1
29,44782,0,1,1
29,44786,0,1,1
29,44790,1,1,1
29,44794,1,0,1
29,44798,0,1,1
29,44802,0,0,0
29,44806,1,1,1
29,44810,1,1,1
29,44814,0,0,0
29,44818,0,1,1
29,44822,1,1,1
29,44826,1,1,1
29,44830,0,1,1
29,44838,1,0,1
29,44842,1,1,1
29,44846,0,1,1
29,44850,0,1,1
29,44854,1,1,1
29,44858,1,1,1
29,44862,0,1,1
29,44866,0,0,0
29,44870,1,1,1
29,44874,1,1,1
29,44878,0,1,1
29,44882,0,1,1
29,44886,1,1,1
29,44890,1,1,1
29,44894,0,1,1
29,44898,0,0,0
29,44902,1,1,1
29,44906,1,1,1
29,44910,0,1,1
29,44914,0,1,1
29,44918,1,1,1
29,44922,1,1,1
29,44926,0,0,0
29,44930,0,1,1
29,44934,1,0,1
29,44938,1,1,1
29,44942,0,1,1
29,44946,0,1,1
29,44954,1,1,1
29,44958,0,1,1
29,44962,0,1,1
29,44966,1,1,1
29,44970,1,0,1
29,44974,0,1,1
29,44978,0,1,1
29,44982,1,1,1
29,44986,1,1,1
29,44990,0,1,1
29,44994,0,1,1
29,44998,1,1,1
29,45002,1,1,1
29,45006,0,1,1
29,45010,0,1,1
29,45014,1,1,1
29,45018,1,1,1
29,45022,0,1,1
29,45026,0,1,1
29,45030,1,1,1
29,45034,1,1,1
29,45038,0,1,1
29,45042,0,1,1
29,45046,1,1,1
29,45050,1,1,1
29,45054,0,1,1
29,45058,0,1,1
29,45062,1,1,1
29,45070,0,1,1
29,45074,0,0,0
29,45078,0,0,0
29,45082,1,1,1
29,45086,0,1,1
29,45090,0,1,1
29,45094,1,1,1
29,45098,1,1,1
29,45102,0,0,0
29,45106,0,1,1
29,45110,1,1,1
29,45114,1,1,1
29,45118,0,1,1
29,45122,0,1,1
29,45126,1,1,1
29,45130,1,1,1
29,45134,0,1,1
29,45138,0,1,1
29,45142,1,1,1
29,45146,1,1,1
29,45150,0,1,1
29,45154,0,1,1
29,45158,1,1,1
29,45162,0,1,1
29,45166,0,1,1
29,45170,0,1,1
29,45174,1,1,1
29,45178,1,1,1
29,45186,0,1,1
29,45190,1,1,1
29,45194,1,1,1
29,45198,0,1,1
29,45202,0,1,1
29,45206,1,1,1
29,45210,1,1,1
29,45214,0,1,1
29,45218,0,1,1
29,45222,1,1,1
29,45226,1,1,1
29,45230,0,1,1
29,45234,0,0,0
29,45238,1,1,1
29,45242,1,1,1
29,45246,0,1,1
29,45250,0,1,1
29,45254,1,1,1
29,45258,0,0,0
29,45262,0,1,1
29,45266,0,1,1
29,45270,1,1,1
29,45274,1,1,1
29,45278,0,1,1
29,45282,0,0,0
29,45286,1,1,1
29,45290,1,1,1
29,45294,0,1,1
29,45302,1,1,1
29,45306,1,0,1
29,45310,0,1,1
29,45314,0,1,1
29,45318,1,1,1
29,45322,1,1,1
29,45326,0,1,1
29,45330,0,1,1
29,45334,0,1,1
29,45338,1,1,1
29,45342,0,1,1
29,45346,0,0,0
29,45350,1,1,1
29,45354,0,0,0
29,45358,0,1,1
29,45362,0,0,0
29,45366,1,1,1
29,45370,1,1,1
29,45374,0,0,0
29,45378,0,1,1
29,45382,1,1,1
29,45386,1,1,1
29,45390,0,1,1
29,45394,0,1,1
29,45398,1,1,1
29,45402,1,1,1
29,45406,0,0,0
29,45410,0,0,0
29,45418,1,1,1
29,45422,0,1,1
29,45426,0,1,1
29,45430,1,1,1
29,45434,1,1,1
29,45438,0,1,1
29,45442,0,1,1
29,45446,1,1,1
29,45450,1,1,1
29,45454,0,1,1
29,45458,0,1,1
29,45462,1,1,1
29,45466,1,1,1
29,45470,0,1,1
29,45474,0,1,1
29,45478,1,1,1
29,45482,0,1,1
29,45486,0,1,1
29,45490,0,1,1
29,45494,1,1,1
29,45498,1,1,1
29,45502,0,1,1
29,45506,0,1,1
29,45510,1,1,1
29,45514,0,1,1
29,45518,0,0,0
29,45522,0,1,1
29,45526,1,1,1
29,45534,0,1,1
29,45538,0,1,1
29,45542,1,1,1
29,45546,0,1,1
29,45550,0,1,1
29,45554,0,1,1
29,45558,1,1,1
29,45562,1,1,1
29,45566,0,1,1
29,45570,0,0,0
29,45574,1,0,1
29,45578,1,1,1
29,45582,0,1,1
29,45586,0,1,1
29,45590,1,1,1
29,45594,1,1,1
29,45598,0,1,1
29,45602,0,1,1
29,45606,1,1,1
29,45610,1,1,1
29,45614,0,1,1
29,45618,0,1,1
29,45622,1,0,1
29,45626,1,1,1
29,45630,0,1,1
29,45634,0,1,1
29,45638,1,1,1
29,45642,0,1,1
29,45650,0,1,1
29,45654,1,1,1
29,45658,1,1,1
29,45662,0,1,1
29,45666,0,0,0
29,45670,1,1,1
29,45674,1,0,1
29,45678,0,1,1
29,45682,0,1,1
29,45686,1,1,1
29,45690,1,1,1
29,45694,0,1,1
29,45698,0,1,1
29,45702,1,1,1
29,45706,0,1,1
29,45710,0,1,1
29,45714,0,1,1
29,45718,1,1,1
29,45722,1,1,1
29,45726,0,1,1
29,45730,0,1,1
29,45734,1,1,1
29,45738,1,1,1
29,45742,0,0,0
29,45746,0,1,1
29,45750,1,1,1
29,45754,1,1,1
29,45758,0,1,1
29,45766,1,1,1
29,45770,0,0,0
29,45774,0,1,1
29,45778,0,1,1
29,45782,1,1,1
29,45786,1,1,1
29,45790,0,1,1
29,45794,0,1,1
29,45798,1,1,1
29,45802,1,1,1
29,45806,0,1,1
29,45810,0,1,1
29,45814,1,1,1
29,45818,1,1,1
29,45822,0,1,1
29,45826,0,1,1
29,45830,1,1,1
29,45834,1,1,1
29,45838,0,1,1
29,45842,0,1,1
29,45846,1,1,1
29,45850,1,0,1
29,45854,0,1,1
29,45858,0,1,1
29,45862,1,1,1
29,45866,1,1,1
29,45870,0,0,0
29,45874,0,1,1
29,45882,1,1,1
29,45886,0,1,1
29,45890,0,1,1
29,45894,1,1,1
29,45898,1,1,1
29,45902,0,1,1
29,45906,0,0,0
29,45910,1,1,1
29,45914,1,1,1
29,45918,0,1,1
29,45922,0,1,1
29,45926,1,1,1
29,45930,1,1,1
29,45934,0,1,1
29,45938,0,1,1
29,45942,1,1,1
29,45946,1,0,1
29,45950,0,1,1
29,45954,0,1,1
29,45958,1,1,1
29,45962,1,1,1
29,45966,0,1,1
29,45970,0,1,1
29,45974,1,1,1
29,45978,1,1,1
29,45982,0,1,1
29,45986,0,1,1
29,45990,1,1,1
29,45998,0,1,1
29,46002,0,1,1
29,46006,1,0,1
29,46010,1,1,1
29,46014,0,0,0
29,46018,0,0,0
29,46022,1,1,1
29,46026,0,1,1
29,46030,0,1,1
29,46034,0,1,1
29,46038,1,1,1
29,46042,1,1,1
29,46046,0,1,1
29,46050,0,1,1
29,46054,1,1,1
29,46058,1,1,1
29,46062,0,1,1
29,46066,0,1,1
29,46070,1,0,1
29,46074,1,1,1
29,46078,0,1,1
29,46082,0,1,1
29,46086,1,0,1
29,46090,1,0,1
29,46094,0,1,1
29,46098,0,0,0
29,46102,1,1,1
29,46106,1,1,1
29,46114,0,1,1
29,46118,1,1,1
29,46122,1,1,1
29,46126,0,1,1
29,46130,0,1,1
29,46134,1,1,1
29,46138,1,1,1
29,46142,0,1,1
29,46146,0,0,0
29,46150,1,1,1
29,46154,0,1,1
29,46158,0,1,1
29,46162,0,1,1
29,46166,1,1,1
29,46170,1,1,1
29,46174,0,1,1
29,46178,0,1,1
29,46182,1,0,1
29,46186,1,1,1
29,46190,0,1,1
29,46194,0,1,1
29,46198,1,1,1
29,46202,1,1,1
29,46206,0,1,1
29,46210,0,1,1
29,46214,1,1,1
29,46218,1,0,1
29,46222,0,1,1
29,46230,1,0,1
29,46234,1,1,1
29,46238,0,0,0
29,46242,0,0,0
29,46246,1,0,1
29,46250,1,1,1
29,46254,0,1,1
29,46258,0,1,1
29,46262,1,1,1
29,46266,1,1,1
29,46270,0,1,1
29,46274,0,1,1
29,46278,1,1,1
29,46282,1,1,1
29,46286,0,1,1
29,46290,0,1,1
29,46294,1,1,1
29,46298,1,0,1
29,46302,0,0,0
29,46306,0,1,1
29,46310,1,1,1
29,46314,0,1,1
29,46318,0,1,1
29,46322,0,1,1
29,46326,0,0,0
29,46330,1,0,1
29,46334,0,1,1
29,46338,0,1,1
29,46346,1,1,1
29,46350,0,1,1
29,46354,0,0,0
29,46358,1,1,1
29,46362,1,0,1
29,46366,0,1,1
29,46370,0,1,1
29,46374,1,0,1
29,46378,1,1,1
29,46382,0,1,1
29,46386,0,0,0
29,46390,1,1,1
29,46394,1,1,1
29,46398,0,0,0
29,46402,0,1,1
29,46406,1,1,1
29,46410,1,1,1
29,46414,0,1,1
29,46418,0,1,1
29,46422,1,1,1
29,46426,1,1,1
29,46430,0,1,1
29,46434,0,0,0
29,46438,1,1,1
29,46442,0,1,1
29,46446,0,1,1
29,46450,0,1,1
29,46454,1,0,1
29,46462,0,1,1
29,46466,0,1,1
29,46470,0,1,1
29,46474,1,1,1
29,46478,0,1,1
29,46482,0,0,0
29,46486,1,0,1
29,46490,1,1,1
29,46494,0,1,1
29,46498,0,0,0
29,46502,1,1,1
29,46506,1,1,1
29,46510,0,1,1
29,46514,0,1,1
29,46518,0,1,1
29,46522,1,0,1
29,46526,0,1,1
29,46530,0,1,1
29,46534,1,1,1
29,46538,1,1,1
29,46542,0,1,1
29,46546,0,1,1
29,46550,1,1,1
29,46554,1,1,1
29,46558,0,1,1
29,46562,0,1,1
29,46566,1,1,1
29,46570,1,1,1
29,46578,0,1,1
29,46582,1,1,1
29,46586,1,1,1
29,46590,0,1,1
29,46594,0,1,1
29,46598,1,1,1
29,46602,1,0,1
29,46606,0,1,1
29,46610,0,1,1
29,46614,1,1,1
29,46618,1,1,1
29,46622,0,1,1
29,46626,0,1,1
29,46630,1,1,1
29,46634,1,0,1
29,46638,0,1,1
29,46642,0,1,1
29,46646,1,1,1
29,46650,1,1,1
29,46654,0,1,1
29,46658,0,1,1
29,46662,1,1,1
29,46666,1,1,1
29,46670,0,1,1
29,46674,0,1,1
29,46678,1,1,1
29,46682,1,1,1
29,46686,0,0,0
29,46694,1,0,1
29,46698,1,1,1
29,46702,0,1,1
29,46706,0,1,1
29,46710,1,1,1
29,46714,1,1,1
29,46718,0,0,0
29,46722,0,0,0
29,46726,1,1,1
29,46730,1,1,1
29,46734,0,1,1
29,46738,0,1,1
29,46742,1,1,1
29,46746,1,0,1
29,46750,0,1,1
29,46754,0,1,1
29,46758,1,1,1
29,46762,1,1,1
29,46766,0,1,1
29,46770,0,1,1
29,46774,1,1,1
29,46778,1,1,1
29,46782,0,1,1
29,46786,0,1,1
29,46790,1,1,1
29,46794,0,1,1
29,46798,0,1,1
29,46802,0,1,1
29,46810,1,1,1
29,46814,0,0,0
29,46818,0,0,0
29,46822,1,1,1
29,46826,1,1,1
29,46830,0,1,1
29,46834,0,1,1
29,46838,1,1,1
29,46842,1,0,1
29,46846,0,0,0
29,46850,0,1,1
29,46854,1,0,1
29,46858,0,0,0
29,46862,0,1,1
29,46866,0,1,1
29,46870,1,1,1
29,46874,1,1,1
29,46878,0,1,1
29,46882,0,0,0
29,46886,1,1,1
29,46890,1,1,1
29,46894,0,0,0
29,46898,0,1,1
29,46902,0,1,1
29,46906,1,1,1
29,46910,0,1,1
29,46914,0,1,1
29,46918,1,1,1
29,46926,0,1,1
29,46930,0,1,1
29,46934,1,1,1
29,46938,1,1,1
29,46942,0,1,1
29,46946,0,1,1
29,46950,1,0,1
29,46954,1,0,1
29,46958,0,1,1
29,46962,0,0,0
29,46966,1,1,1
29,46970,1,1,1
29,46974,0,1,1
29,46978,0,1,1
29,46982,1,0,1
29,46986,1,0,1
29,46990,0,1,1
29,46994,0,0,0
29,46998,1,0,1
29,47002,1,1,1
29,47006,0,1,1
29,47010,0,1,1
29,47014,1,1,1
29,47018,1,1,1
29,47022,0,1,1
29,47026,0,1,1
29,47030,0,1,1
29,47034,1,1,1
29,47042,0,1,1
29,47046,1,1,1
29,47050,1,1,1
29,47054,0,0,0
29,47058,0,1,1
29,47062,1,1,1
29,47066,1,1,1
29,47070,0,0,0
29,47074,0,1,1
29,47078,1,1,1
29,47082,1,0,1
29,47086,0,1,1
29,47090,0,1,1
29,47094,1,0,1
29,47098,1,1,1
29,47102,0,0,0
29,47106,0,1,1
29,47110,1,1,1
29,47114,1,1,1
29,47118,0,1,1
29,47122,0,1,1
29,47126,1,1,1
29,47130,1,0,1
29,47134,0,1,1
29,47138,0,1,1
29,47142,1,1,1
29,47146,1,0,1
29,47150,0,1,1
29,47158,1,1,1
29,47162,1,1,1
29,47166,0,1,1
29,47170,0,1,1
29,47174,0,0,0
29,47178,1,1,1
29,47182,0,1,1
29,47186,0,1,1
29,47190,0,1,1
29,47194,1,1,1
29,47198,0,0,0
29,47202,0,1,1
29,47206,1,1,1
29,47210,0,1,1
29,47214,0,1,1
29,47218,0,0,0
29,47222,1,1,1
29,47226,1,0,1
29,47230,0,1,1
29,47234,0,1,1
29,47238,0,1,1
29,47242,1,1,1
29,47246,0,1,1
29,47250,0,1,1
29,47254,1,0,1
29,47258,1,1,1
29,47262,0,1,1
29,47266,0,0,0
29,47274,1,0,1
29,47278,0,1,1
29,47282,0,1,1
29,47286,1,1,1
29,47290,1,1,1
29,47294,0,0,0
29,47298,0,1,1
29,47302,1,1,1
29,47306,1,1,1
29,47310,0,1,1
29,47314,0,0,0
29,47318,1,1,1
29,47322,1,1,1
29,47326,0,1,1
29,47330,0,0,0
29,47334,1,1,1
29,47338,1,1,1
29,47342,0,1,1
29,47346,0,1,1
29,47350,1,1,1
29,47354,1,0,1
29,47358,0,0,0
29,47362,0,1,1
29,47366,1,1,1
29,47370,1,0,1
29,47374,0,1,1
29,47378,0,1,1
29,47382,1,1,1
29,47390,0,0,0
29,47394,0,1,1
29,47398,1,1,1
29,47402,1,1,1
29,47406,0,1,1
29,47410,0,1,1
29,47414,1,1,1
29,47418,1,1,1
29,47422,0,1,1
29,47426,0,1,1
29,47430,1,0,1
29,47434,1,0,1
29,47438,0,1,1
29,47442,0,1,1
29,47446,1,0,1
29,47450,1,1,1
29,47454,0,1,1
29,47458,0,1,1
29,47462,1,1,1
29,47466,0,1,1
29,47470,0,1,1
29,47474,0,1,1
29,47478,1,1,1
29,47482,1,1,1
29,47486,0,1,1
29,47490,0,1,1
29,47494,1,0,1
29,47498,1,1,1
29,47506,0,1,1
29,47510,1,1,1
29,47514,1,0,1
29,47518,0,1,1
29,47522,0,1,1
29,47526,1,1,1
29,47530,0,1,1
29,47534,0,1,1
29,47538,0,1,1
29,47542,1,0,1
29,47546,1,1,1
29,47550,0,1,1
29,47554,0,1,1
29,47558,1,1,1
29,47562,1,1,1
29,47566,0,1,1
29,47570,0,1,1
29,47574,1,0,1
29,47578,1,1,1
29,47582,0,0,0
29,47586,0,1,1
29,47590,1,1,1
29,47594,1,1,1
29,47598,0,0,0
29,47602,0,1,1
29,47606,1,1,1
29,47610,1,1,1
29,47614,0,0,0
29,47622,1,1,1
29,47626,1,1,1
29,47630,0,1,1
29,47634,0,1,1
29,47638,0,1,1
29,47642,1,0,1
29,47646,0,0,0
29,47650,0,1,1
29,47654,1,1,1
29,47658,0,1,1
29,47662,0,1,1
29,47666,0,1,1
29,47670,0,1,1
29,47674,1,1,1
29,47678,0,1,1
29,47682,0,0,0
29,47686,0,0,0
29,47690,1,1,1
29,47694,0,0,0
29,47698,0,1,1
29,47702,1,0,1
29,47706,1,1,1
29,47710,0,1,1
29,47714,0,0,0
29,47718,1,1,1
29,47722,1,1,1
29,47726,0,1,1
29,47730,0,1,1
29,47738,1,1,1
29,47742,0,0,0
29,47746,0,1,1
29,47750,1,1,1
29,47754,1,1,1
29,47758,0,0,0
29,47762,0,0,0
29,47766,1,0,1
29,47770,1,1,1
29,47774,0,1,1
29,47778,0,1,1
29,47782,1,0,1
29,47786,0,1,1
29,47790,0,1,1
29,47794,0,1,1
29,47798,1,1,1
29,47802,1,1,1
29,47806,0,0,0
29,47810,0,1,1
29,47814,1,0,1
29,47818,1,1,1
29,47822,0,1,1
29,47826,0,1,1
29,47830,1,0,1
29,47834,1,0,1
29,47838,0,1,1
29,47842,0,1,1
29,47846,1,0,1
29,47854,0,0,0
29,47858,0,1,1
29,47862,1,1,1
29,47866,1,0,1
29,47870,0,1,1
29,47874,0,0,0
29,47878,1,1,1
29,47882,1,1,1
29,47886,0,0,0
29,47890,0,1,1
29,47894,1,0,1
29,47898,1,0,1
29,47902,0,1,1
29,47906,0,1,1
29,47910,1,1,1
29,47914,0,0,0
29,47918,0,1,1
29,47922,0,1,1
29,47926,1,1,1
29,47930,1,1,1
29,47934,0,0,0
29,47938,0,0,0
29,47942,1,0,1
29,47946,0,0,0
29,47950,0,1,1
29,47954,0,1,1
29,47958,1,1,1
29,47962,1,1,1
29,47970,0,1,1
29,47974,1,1,1
29,47978,1,0,1
29,47982,0,0,0
29,47986,0,1,1
29,47990,1,1,1
29,47994,1,0,1
29,47998,0,0,0
29,48002,0,0,0
29,48006,1,0,1
29,48010,1,1,1
29,48014,0,0,0
29,48018,0,0,0
29,48022,0,1,1
29,48026,1,0,1
29,48030,0,1,1
29,48034,0,1,1
29,48038,1,0,1
29,48042,1,1,1
29,48046,0,0,0
29,48050,0,1,1
29,48054,0,1,1
29,48058,1,1,1
29,48062,0,1,1
29,48066,0,0,0
29,48070,1,0,1
29,48074,0,0,0
29,48078,0,1,1
29,48086,0,1,1
29,48090,1,0,1
29,48094,0,1,1
29,48098,0,1,1
29,48102,1,0,1
29,48106,1,1,1
29,48110,0,0,0
29,48114,0,1,1
29,48118,1,0,1
29,48122,1,1,1
29,48126,0,0,0
29,48130,0,1,1
29,48134,1,1,1
29,48138,0,0,0
29,48142,0,0,0
29,48146,0,1,1
29,48150,1,0,1
29,48154,1,0,1
29,48158,0,1,1
29,48162,0,1,1
29,48166,1,1,1
29,48170,1,1,1
29,48174,0,1,1
29,48178,0,1,1
29,48182,0,1,1
29,48186,1,1,1
29,48190,0,1,1
29,48194,0,1,1
29,48202,1,1,1
29,48206,0,1,1
29,48210,0,1,1
29,48214,1,0,1
29,48218,1,1,1
29,48222,0,0,0
29,48226,0,1,1
29,48230,1,1,1
29,48234,1,1,1
29,48238,0,0,0
29,48242,0,1,1
29,48246,0,1,1
29,48250,1,1,1
29,48254,0,1,1
29,48258,0,1,1
29,48262,0,0,0
29,48266,0,1,1
29,48270,0,1,1
29,48274,0,1,1
29,48278,1,1,1
29,48282,1,0,1
29,48286,0,1,1
29,48290,0,1,1
29,48294,1,0,1
29,48298,1,0,1
29,48302,0,1,1
29,48306,0,1,1
29,48310,0,1,1
29,48318,0,0,0
29,48322,0,1,1
29,48326,0,0,0
29,48330,1,1,1
29,48334,0,0,0
29,48338,0,1,1
29,48342,1,1,1
29,48346,1,0,1
29,48350,0,1,1
29,48354,0,1,1
29,48358,1,0,1
29,48362,0,0,0
29,48366,0,1,1
29,48370,0,0,0
29,48374,0,0,0
29,48378,1,0,1
29,48382,0,1,1
29,48386,0,1,1
29,48390,0,0,0
29,48394,1,1,1
29,48398,0,1,1
29,48402,0,0,0
29,48406,1,0,1
29,48410,1,0,1
29,48414,0,1,1
29,48418,0,1,1
29,48422,0,0,0
29,48426,0,0,0
29,48434,0,0,0
29,48438,1,1,1
29,48442,1,1,1
29,48446,0,0,0
29,48450,0,1,1
29,48454,1,1,1
29,48458,1,0,1
29,48462,0,0,0
29,48466,0,0,0
29,48470,1,1,1
29,48474,1,1,1
29,48478,0,0,0
29,48482,0,1,1
29,48486,1,1,1
29,48490,0,1,1
29,48494,0,1,1
29,48498,0,1,1
29,48502,0,1,1
29,48506,1,0,1
29,48510,0,0,0
29,48514,0,0,0
29,48518,1,1,1
29,48522,0,1,1
29,48526,0,1,1
29,48530,0,1,1
29,48534,1,1,1
29,48538,1,1,1
29,48542,0,0,0
29,48550,1,0,1
29,48554,0,0,0
29,48558,0,0,0
29,48562,0,1,1
29,48566,0,0,0
29,48570,1,1,1
29,48574,0,0,0
29,48578,0,1,1
29,48582,1,1,1
29,48586,1,0,1
29,48590,0,0,0
29,48594,0,1,1
29,48598,0,1,1
29,48602,0,0,0
29,48606,0,0,0
29,48610,0,0,0
29,48614,1,0,1
29,48618,0,1,1
29,48622,0,0,0
29,48626,0,1,1
29,48630,0,0,0
29,48634,0,1,1
29,48638,0,1,1
29,48642,0,0,0
29,48646,0,0,0
29,48650,0,0,0
29,48654,0,0,0
29,48658,0,0,0
29,48666,1,0,1
29,48670,0,1,1
29,48674,0,0,0
29,48678,1,0,1
29,48682,0,1,1
29,48686,0,0,0
29,48690,0,1,1
29,48694,0,0,0
29,48698,0,1,1
29,48702,0,1,1
29,48706,0,0,0
29,48710,1,0,1
29,48714,0,0,0
29,48718,0,0,0
29,48722,0,1,1
29,48726,0,0,0
29,48730,1,1,1
29,48734,0,0,0
29,48738,0,0,0
29,48742,1,1,1
29,48746,0,0,0
29,48750,0,0,0
29,48754,0,0,0
29,48758,0,0,0
29,48762,0,0,0
29,48766,0,1,1
29,48770,0,0,0
29,48774,1,0,1
