p,trace,cubic,quadratic,combined
37,-101302,1,0,1
37,-101298,0,0,0
37,-101294,0,0,0
37,-101290,0,0,0
37,-101286,0,0,0
37,-101282,0,0,0
37,-101278,0,1,1
37,-101274,0,0,0
37,-101270,1,1,1
37,-101266,0,0,0
37,-101262,0,0,0
37,-101258,1,1,1
37,-101254,0,1,1
37,-101250,0,0,0
37,-101246,0,1,1
37,-101242,0,1,1
37,-101238,1,0,1
37,-101234,0,0,0
37,-101230,0,0,0
37,-101226,1,0,1
37,-101222,1,0,1
37,-101218,0,1,1
37,-101214,0,1,1
37,-101210,0,1,1
37,-101206,1,0,1
37,-101202,0,0,0
37,-101198,0,1,1
37,-101194,1,0,1
37,-101190,0,0,0
37,-101186,0,0,0
37,-101182,0,0,0
37,-101178,0,0,0
37,-101174,0,0,0
37,-101170,0,0,0
37,-101166,0,1,1
37,-101162,0,0,0
37,-101154,0,1,1
37,-101150,0,0,0
37,-101146,1,0,1
37,-101142,1,1,1
37,-101138,0,0,0
37,-101134,0,0,0
37,-101130,1,1,1
37,-101126,0,1,1
37,-101122,0,1,1
37,-101118,0,1,1
37,-101114,1,1,1
37,-101110,1,0,1
37,-101106,0,1,1
37,-101102,0,1,1
37,-101098,1,0,1
37,-101094,1,0,1
37,-101090,0,0,0
37,-101086,0,0,0
37,-101082,0,0,0
37,-101078,1,1,1
37,-101074,0,1,1
37,-101070,0,0,0
37,-101066,1,1,1
37,-101062,1,1,1
37,-101058,0,1,1
37,-101054,0,1,1
37,-101050,1,0,1
37,-101046,1,0,1
37,-101042,0,0,0
37,-101038,0,0,0
37,-101034,0,0,0
37,-101030,1,1,1
37,-101026,0,1,1
37,-101022,0,0,0
37,-101018,0,1,1
37,-101014,1,1,1
37,-101006,0,1,1
37,-101002,1,1,1
37,-100998,1,0,1
37,-100994,0,0,0
37,-100990,0,1,1
37,-100986,0,1,1
37,-100982,1,0,1
37,-100978,0,1,1
37,-100974,0,0,0
37,-100970,0,0,0
37,-100966,1,0,1
37,-100962,0,1,1
37,-100958,0,0,0
37,-100954,1,1,1
37,-100950,1,1,1
37,-100946,0,0,0
37,-100942,0,1,1
37,-100938,1,1,1
37,-100934,1,0,1
37,-100930,0,1,1
37,-100926,0,0,0
37,-100922,0,1,1
37,-100918,1,0,1
37,-100914,0,0,0
37,-100910,0,1,1
37,-100906,1,1,1
37,-100902,0,1,1
37,-100898,0,0,0
37,-100894,0,0,0
37,-100890,1,1,1
37,-100886,1,0,1
37,-100882,0,0,0
37,-100878,0,1,1
37,-100874,1,1,1
37,-100870,1,1,1
37,-100866,0,1,1
37,-100858,0,0,0
37,-100854,1,0,1
37,-100850,0,0,0
37,-100846,0,1,1
37,-100842,1,0,1
37,-100838,0,0,0
37,-100834,0,1,1
37,-100830,0,0,0
37,-100826,0,0,0
37,-100822,0,1,1
37,-100818,0,1,1
37,-100814,0,1,1
37,-100810,1,0,1
37,-100806,0,1,1
37,-100802,0,1,1
37,-100798,0,1,1
37,-100794,0,1,1
37,-100790,1,1,1
37,-100786,0,0,0
37,-100782,0,0,0
37,-100778,1,1,1
37,-100774,1,1,1
37,-100770,0,0,0
37,-100766,0,1,1
37,-100762,1,0,1
37,-100758,1,0,1
37,-100754,0,1,1
37,-100750,0,0,0
37,-100746,1,1,1
37,-100742,1,1,1
37,-100738,0,1,1
37,-100734,0,0,0
37,-100730,1,1,1
37,-100726,1,0,1
37,-100722,0,1,1
37,-100718,0,1,1
37,-100710,0,0,0
37,-100706,0,1,1
37,-100702,0,0,0
37,-100698,1,0,1
37,-100694,1,1,1
37,-100690,0,1,1
37,-100686,0,0,0
37,-100682,1,0,1
37,-100678,1,1,1
37,-100674,0,0,0
37,-100670,0,0,0
37,-100666,1,1,1
37,-100662,1,1,1
37,-100658,0,0,0
37,-100654,0,1,1
37,-100650,1,0,1
37,-100646,1,1,1
37,-100642,0,1,1
37,-100638,0,0,0
37,-100634,1,0,1
37,-100630,1,1,1
37,-100626,0,0,0
37,-100622,0,0,0
37,-100618,1,1,1
37,-100614,1,0,1
37,-100610,0,1,1
37,-100606,0,1,1
37,-100602,0,0,0
37,-100598,1,1,1
37,-100594,0,1,1
37,-100590,0,0,0
37,-100586,1,1,1
37,-100582,1,1,1
37,-100578,0,1,1
37,-100574,0,1,1
37,-100570,1,1,1
37,-100562,0,1,1
37,-100558,0,1,1
37,-100554,1,0,1
37,-100550,1,1,1
37,-100546,0,1,1
37,-100542,0,0,0
37,-100538,1,0,1
37,-100534,1,1,1
37,-100530,0,1,1
37,-100526,0,0,0
37,-100522,1,1,1
37,-100518,1,1,1
37,-100514,0,1,1
37,-100510,0,1,1
37,-100506,0,0,0
37,-100502,1,1,1
37,-100498,0,0,0
37,-100494,0,1,1
37,-100490,1,1,1
37,-100486,0,1,1
37,-100482,0,0,0
37,-100478,0,0,0
37,-100474,0,0,0
37,-100470,1,0,1
37,-100466,0,1,1
37,-100462,0,1,1
37,-100458,1,1,1
37,-100454,0,0,0
37,-100450,0,0,0
37,-100446,0,0,0
37,-100442,0,0,0
37,-100438,0,1,1
37,-100434,0,1,1
37,-100430,0,0,0
37,-100426,1,1,1
37,-100422,0,1,1
37,-100414,0,0,0
37,-100410,1,0,1
37,-100406,1,1,1
37,-100402,0,1,1
37,-100398,0,0,0
37,-100394,1,1,1
37,-100390,1,1,1
37,-100386,0,0,0
37,-100382,0,0,0
37,-100378,0,1,1
37,-100374,1,1,1
37,-100370,0,1,1
37,-100366,0,1,1
37,-100362,1,0,1
37,-100358,1,1,1
37,-100354,0,0,0
37,-100350,0,1,1
37,-100346,0,1,1
37,-100342,1,0,1
37,-100338,0,1,1
37,-100334,0,1,1
37,-100330,1,1,1
37,-100326,1,1,1
37,-100322,0,0,0
37,-100318,0,1,1
37,-100314,0,1,1
37,-100310,1,1,1
37,-100306,0,1,1
37,-100302,0,1,1
37,-100298,1,1,1
37,-100294,1,1,1
37,-100290,0,1,1
37,-100286,0,1,1
37,-100282,1,0,1
37,-100278,1,1,1
37,-100274,0,0,0
37,-100266,1,1,1
37,-100262,1,1,1
37,-100258,0,1,1
37,-100254,0,1,1
37,-100250,1,1,1
37,-100246,1,1,1
37,-100242,0,0,0
37,-100238,0,1,1
37,-100234,1,1,1
37,-100230,1,1,1
37,-100226,0,0,0
37,-100222,0,1,1
37,-100218,0,0,0
37,-100214,1,1,1
37,-100210,0,1,1
37,-100206,0,1,1
37,-100202,1,0,1
37,-100198,1,0,1
37,-100194,0,0,0
37,-100190,0,1,1
37,-100186,1,1,1
37,-100182,1,1,1
37,-100178,0,1,1
37,-100174,0,0,0
37,-100170,1,0,1
37,-100166,1,1,1
37,-100162,0,1,1
37,-100158,0,0,0
37,-100154,1,1,1
37,-100150,1,1,1
37,-100146,0,0,0
37,-100142,0,0,0
37,-100138,1,1,1
37,-100134,0,1,1
37,-100130,0,1,1
37,-100126,0,1,1
37,-100118,1,1,1
37,-100114,0,1,1
37,-100110,0,0,0
37,-100106,1,1,1
37,-100102,0,1,1
37,-100098,0,0,0
37,-100094,0,0,0
37,-100090,0,0,0
37,-100086,1,1,1
37,-100082,0,0,0
37,-100078,0,1,1
37,-100074,1,1,1
37,-100070,1,1,1
37,-100066,0,1,1
37,-100062,0,1,1
37,-100058,0,1,1
37,-100054,1,0,1
37,-100050,0,1,1
37,-100046,0,1,1
37,-100042,1,1,1
37,-100038,0,1,1
37,-100034,0,1,1
37,-100030,0,0,0
37,-100026,1,1,1
37,-100022,1,0,1
37,-100018,0,1,1
37,-100014,0,1,1
37,-100010,1,1,1
37,-100006,1,1,1
37,-100002,0,1,1
37,-99998,0,1,1
37,-99994,1,1,1
37,-99990,1,1,1
37,-99986,0,0,0
37,-99982,0,1,1
37,-99978,1,0,1
37,-99970,0,0,0
37,-99966,0,1,1
37,-99962,1,1,1
37,-99958,1,1,1
37,-99954,0,1,1
37,-99950,0,1,1
37,-99946,1,1,1
37,-99942,0,0,0
37,-99938,0,1,1
37,-99934,0,1,1
37,-99930,0,1,1
37,-99926,0,1,1
37,-99922,0,0,0
37,-99918,0,1,1
37,-99914,1,1,1
37,-99910,1,1,1
37,-99906,0,0,0
37,-99902,0,1,1
37,-99898,1,1,1
37,-99894,1,1,1
37,-99890,0,1,1
37,-99886,0,1,1
37,-99882,1,1,1
37,-99878,0,1,1
37,-99874,0,1,1
37,-99870,0,0,0
37,-99866,1,1,1
37,-99862,1,0,1
37,-99858,0,0,0
37,-99854,0,1,1
37,-99850,1,1,1
37,-99846,1,0,1
37,-99842,0,1,1
37,-99838,0,1,1
37,-99834,1,1,1
37,-99830,1,1,1
37,-99822,0,1,1
37,-99818,1,0,1
37,-99814,1,1,1
37,-99810,0,0,0
37,-99806,0,0,0
37,-99802,0,1,1
37,-99798,1,0,1
37,-99794,0,1,1
37,-99790,0,1,1
37,-99786,1,1,1
37,-99782,1,1,1
37,-99778,0,1,1
37,-99774,0,1,1
37,-99770,1,1,1
37,-99766,1,1,1
37,-99762,0,1,1
37,-99758,0,1,1
37,-99754,1,0,1
37,-99750,1,0,1
37,-99746,0,0,0
37,-99742,0,1,1
37,-99738,1,0,1
37,-99734,1,1,1
37,-99730,0,1,1
37,-99726,0,0,0
37,-99722,1,0,1
37,-99718,1,1,1
37,-99714,0,1,1
37,-99710,0,1,1
37,-99706,1,1,1
37,-99702,1,1,1
37,-99698,0,0,0
37,-99694,0,1,1
37,-99690,1,1,1
37,-99686,1,1,1
37,-99682,0,0,0
37,-99674,1,1,1
37,-99670,1,1,1
37,-99666,0,1,1
37,-99662,0,0,0
37,-99658,1,0,1
37,-99654,1,1,1
37,-99650,0,1,1
37,-99646,0,1,1
37,-99642,1,0,1
37,-99638,1,0,1
37,-99634,0,1,1
37,-99630,0,1,1
37,-99626,1,1,1
37,-99622,1,1,1
37,-99618,0,1,1
37,-99614,0,1,1
37,-99610,1,0,1
37,-99606,0,1,1
37,-99602,0,0,0
37,-99598,0,0,0
37,-99594,1,0,1
37,-99590,0,1,1
37,-99586,0,1,1
37,-99582,0,0,0
37,-99578,1,1,1
37,-99574,1,1,1
37,-99570,0,1,1
37,-99566,0,1,1
37,-99562,1,1,1
37,-99558,1,1,1
37,-99554,0,0,0
37,-99550,0,1,1
37,-99546,1,1,1
37,-99542,1,1,1
37,-99538,0,1,1
37,-99534,0,0,0
37,-99526,1,1,1
37,-99522,0,1,1
37,-99518,0,1,1
37,-99514,1,1,1
37,-99510,1,1,1
37,-99506,0,1,1
37,-99502,0,1,1
37,-99498,1,1,1
37,-99494,1,0,1
37,-99490,0,0,0
37,-99486,0,1,1
37,-99482,0,1,1
37,-99478,1,1,1
37,-99474,0,0,0
37,-99470,0,1,1
37,-99466,1,0,1
37,-99462,0,1,1
37,-99458,0,0,0
37,-99454,0,0,0
37,-99450,1,0,1
37,-99446,1,0,1
37,-99442,0,0,0
37,-99438,0,0,0
37,-99434,1,1,1
37,-99430,1,1,1
37,-99426,0,0,0
37,-99422,0,1,1
37,-99418,1,1,1
37,-99414,1,0,1
37,-99410,0,1,1
37,-99406,0,1,1
37,-99402,1,0,1
37,-99398,1,1,1
37,-99394,0,1,1
37,-99390,0,1,1
37,-99386,1,1,1
37,-99378,0,1,1
37,-99374,0,1,1
37,-99370,1,1,1
37,-99366,1,1,1
37,-99362,0,1,1
37,-99358,0,1,1
37,-99354,1,1,1
37,-99350,1,1,1
37,-99346,0,1,1
37,-99342,0,1,1
37,-99338,1,1,1
37,-99334,1,1,1
37,-99330,0,0,0
37,-99326,0,1,1
37,-99322,1,1,1
37,-99318,1,1,1
37,-99314,0,1,1
37,-99310,0,1,1
37,-99306,1,1,1
37,-99302,1,0,1
37,-99298,0,1,1
37,-99294,0,1,1
37,-99290,1,1,1
37,-99286,1,1,1
37,-99282,0,0,0
37,-99278,0,0,0
37,-99274,1,1,1
37,-99270,1,1,1
37,-99266,0,0,0
37,-99262,0,1,1
37,-99258,0,0,0
37,-99254,1,1,1
37,-99250,0,1,1
37,-99246,0,1,1
37,-99242,1,0,1
37,-99238,1,1,1
37,-99230,0,1,1
37,-99226,1,0,1
37,-99222,0,1,1
37,-99218,0,1,1
37,-99214,0,1,1
37,-99210,1,0,1
37,-99206,1,1,1
37,-99202,0,1,1
37,-99198,0,1,1
37,-99194,0,1,1
37,-99190,1,1,1
37,-99186,0,0,0
37,-99182,0,1,1
37,-99178,1,1,1
37,-99174,0,1,1
37,-99170,0,1,1
37,-99166,0,0,0
37,-99162,0,1,1
37,-99158,1,1,1
37,-99154,0,1,1
37,-99150,0,1,1
37,-99146,1,0,1
37,-99142,1,1,1
37,-99138,0,1,1
37,-99134,0,1,1
37,-99130,1,1,1
37,-99126,1,1,1
37,-99122,0,1,1
37,-99118,0,1,1
37,-99114,1,1,1
37,-99110,1,0,1
37,-99106,0,1,1
37,-99102,0,1,1
37,-99098,1,1,1
37,-99094,1,1,1
37,-99090,0,0,0
37,-99082,1,1,1
37,-99078,1,1,1
37,-99074,0,1,1
37,-99070,0,1,1
37,-99066,1,0,1
37,-99062,1,1,1
37,-99058,0,1,1
37,-99054,0,1,1
37,-99050,1,1,1
37,-99046,0,1,1
37,-99042,0,0,0
37,-99038,0,1,1
37,-99034,0,1,1
37,-99030,1,0,1
37,-99026,0,0,0
37,-99022,0,1,1
37,-99018,1,1,1
37,-99014,0,1,1
37,-99010,0,1,1
37,-99006,0,0,0
37,-99002,1,0,1
37,-98998,1,1,1
37,-98994,0,1,1
37,-98990,0,1,1
37,-98986,1,1,1
37,-98982,1,1,1
37,-98978,0,1,1
37,-98974,0,0,0
37,-98970,1,1,1
37,-98966,1,1,1
37,-98962,0,1,1
37,-98958,0,1,1
37,-98954,1,0,1
37,-98950,1,1,1
37,-98946,0,1,1
37,-98942,0,1,1
37,-98934,1,0,1
37,-98930,0,1,1
37,-98926,0,1,1
37,-98922,1,1,1
37,-98918,0,1,1
37,-98914,0,1,1
37,-98910,0,1,1
37,-98906,1,1,1
37,-98902,1,1,1
37,-98898,0,1,1
37,-98894,0,1,1
37,-98890,1,1,1
37,-98886,1,1,1
37,-98882,0,1,1
37,-98878,0,0,0
37,-98874,1,1,1
37,-98870,1,1,1
37,-98866,0,1,1
37,-98862,0,1,1
37,-98858,1,0,1
37,-98854,1,1,1
37,-98850,0,1,1
37,-98846,0,1,1
37,-98842,1,1,1
37,-98838,1,1,1
37,-98834,0,1,1
37,-98830,0,1,1
37,-98826,1,1,1
37,-98822,1,0,1
37,-98818,0,0,0
37,-98814,0,1,1
37,-98810,1,1,1
37,-98806,1,1,1
37,-98802,0,1,1
37,-98798,0,1,1
37,-98794,1,1,1
37,-98786,0,1,1
37,-98782,0,1,1
37,-98778,0,0,0
37,-98774,1,1,1
37,-98770,0,0,0
37,-98766,0,0,0
37,-98762,1,0,1
37,-98758,1,1,1
37,-98754,0,1,1
37,-98750,0,1,1
37,-98746,1,1,1
37,-98742,1,0,1
37,-98738,0,1,1
37,-98734,0,1,1
37,-98730,1,1,1
37,-98726,1,1,1
37,-98722,0,1,1
37,-98718,0,0,0
37,-98714,1,1,1
37,-98710,1,1,1
37,-98706,0,1,1
37,-98702,0,1,1
37,-98698,1,1,1
37,-98694,1,0,1
37,-98690,0,1,1
37,-98686,0,1,1
37,-98682,1,0,1
37,-98678,1,1,1
37,-98674,0,1,1
37,-98670,0,1,1
37,-98666,1,1,1
37,-98662,1,1,1
37,-98658,0,0,0
37,-98654,0,1,1
37,-98650,1,1,1
37,-98646,1,0,1
37,-98638,0,1,1
37,-98634,1,1,1
37,-98630,1,1,1
37,-98626,0,1,1
37,-98622,0,1,1
37,-98618,1,1,1
37,-98614,1,0,1
37,-98610,0,1,1
37,-98606,0,1,1
37,-98602,1,1,1
37,-98598,1,1,1
37,-98594,0,1,1
37,-98590,0,1,1
37,-98586,1,1,1
37,-98582,1,1,1
37,-98578,0,1,1
37,-98574,0,0,0
37,-98570,1,0,1
37,-98566,1,1,1
37,-98562,0,0,0
37,-98558,0,1,1
37,-98554,1,1,1
37,-98550,1,1,1
37,-98546,0,1,1
37,-98542,0,1,1
37,-98538,1,0,1
37,-98534,1,0,1
37,-98530,0,1,1
37,-98526,0,1,1
37,-98522,1,1,1
37,-98518,1,0,1
37,-98514,0,1,1
37,-98510,0,1,1
37,-98506,1,1,1
37,-98502,0,0,0
37,-98498,0,1,1
37,-98490,1,1,1
37,-98486,1,1,1
37,-98482,0,1,1
37,-98478,0,1,1
37,-98474,1,1,1
37,-98470,1,1,1
37,-98466,0,0,0
37,-98462,0,1,1
37,-98458,1,1,1
37,-98454,0,0,0
37,-98450,0,0,0
37,-98446,0,1,1
37,-98442,1,1,1
37,-98438,1,1,1
37,-98434,0,1,1
37,-98430,0,1,1
37,-98426,1,1,1
37,-98422,1,1,1
37,-98418,0,1,1
37,-98414,0,1,1
37,-98410,1,1,1
37,-98406,0,0,0
37,-98402,0,1,1
37,-98398,0,1,1
37,-98394,1,0,1
37,-98390,1,1,1
37,-98386,0,1,1
37,-98382,0,1,1
37,-98378,1,1,1
37,-98374,1,1,1
37,-98370,0,1,1
37,-98366,0,1,1
37,-98362,1,1,1
37,-98358,1,1,1
37,-98354,0,1,1
37,-98350,0,1,1
37,-98342,1,0,1
37,-98338,0,1,1
37,-98334,0,1,1
37,-98330,1,1,1
37,-98326,1,1,1
37,-98322,0,0,0
37,-98318,0,0,0
37,-98314,1,1,1
37,-98310,1,1,1
37,-98306,0,1,1
37,-98302,0,1,1
37,-98298,0,0,0
37,-98294,1,1,1
37,-98290,0,1,1
37,-98286,0,1,1
37,-98282,1,1,1
37,-98278,1,1,1
37,-98274,0,1,1
37,-98270,0,1,1
37,-98266,1,1,1
37,-98262,1,0,1
37,-98258,0,1,1
37,-98254,0,1,1
37,-98250,1,1,1
37,-98246,1,1,1
37,-98242,0,1,1
37,-98238,0,0,0
37,-98234,1,1,1
37,-98230,1,1,1
37,-98226,0,1,1
37,-98222,0,0,0
37,-98218,1,0,1
37,-98214,0,1,1
37,-98210,0,1,1
37,-98206,0,1,1
37,-98202,1,1,1
37,-98194,0,1,1
37,-98190,0,1,1
37,-98186,1,0,1
37,-98182,1,1,1
37,-98178,0,0,0
37,-98174,0,1,1
37,-98170,1,1,1
37,-98166,1,1,1
37,-98162,0,1,1
37,-98158,0,1,1
37,-98154,1,1,1
37,-98150,1,1,1
37,-98146,0,1,1
37,-98142,0,1,1
37,-98138,1,1,1
37,-98134,1,1,1
37,-98130,0,1,1
37,-98126,0,0,0
37,-98122,1,1,1
37,-98118,1,0,1
37,-98114,0,0,0
37,-98110,0,1,1
37,-98106,1,1,1
37,-98102,1,1,1
37,-98098,0,1,1
37,-98094,0,1,1
37,-98090,1,1,1
37,-98086,1,1,1
37,-98082,0,1,1
37,-98078,0,1,1
37,-98074,1,0,1
37,-98070,1,1,1
37,-98066,0,1,1
37,-98062,0,1,1
37,-98058,1,1,1
37,-98054,1,1,1
37,-98046,0,1,1
37,-98042,1,0,1
37,-98038,1,1,1
37,-98034,0,1,1
37,-98030,0,1,1
37,-98026,1,1,1
37,-98022,1,1,1
37,-98018,0,1,1
37,-98014,0,1,1
37,-98010,0,0,0
37,-98006,1,0,1
37,-98002,0,1,1
37,-97998,0,1,1
37,-97994,1,1,1
37,-97990,1,0,1
37,-97986,0,0,0
37,-97982,0,1,1
37,-97978,0,1,1
37,-97974,1,1,1
37,-97970,0,1,1
37,-97966,0,1,1
37,-97962,1,0,1
37,-97958,1,1,1
37,-97954,0,0,0
37,-97950,0,1,1
37,-97946,1,0,1
37,-97942,1,0,1
37,-97938,0,0,0
37,-97934,0,1,1
37,-97930,1,1,1
37,-97926,1,1,1
37,-97922,0,1,1
37,-97918,0,1,1
37,-97914,0,1,1
37,-97910,1,1,1
37,-97906,0,1,1
37,-97898,1,1,1
37,-97894,1,1,1
37,-97890,0,1,1
37,-97886,0,1,1
37,-97882,1,0,1
37,-97878,1,1,1
37,-97874,0,1,1
37,-97870,0,1,1
37,-97866,1,1,1
37,-97862,1,1,1
37,-97858,0,1,1
37,-97854,0,1,1
37,-97850,1,1,1
37,-97846,1,1,1
37,-97842,0,0,0
37,-97838,0,1,1
37,-97834,1,1,1
37,-97830,1,1,1
37,-97826,0,0,0
37,-97822,0,0,0
37,-97818,1,0,1
37,-97814,1,1,1
37,-97810,0,1,1
37,-97806,0,1,1
37,-97802,1,0,1
37,-97798,1,1,1
37,-97794,0,0,0
37,-97790,0,1,1
37,-97786,1,1,1
37,-97782,1,1,1
37,-97778,0,1,1
37,-97774,0,1,1
37,-97770,1,1,1
37,-97766,1,1,1
37,-97762,0,1,1
37,-97758,0,0,0
37,-97750,1,1,1
37,-97746,0,1,1
37,-97742,0,1,1
37,-97738,1,1,1
37,-97734,0,0,0
37,-97730,0,1,1
37,-97726,0,1,1
37,-97722,1,0,1
37,-97718,1,1,1
37,-97714,0,0,0
37,-97710,0,1,1
37,-97706,1,1,1
37,-97702,1,1,1
37,-97698,0,1,1
37,-97694,0,1,1
37,-97690,0,1,1
37,-97686,1,0,1
37,-97682,0,1,1
37,-97678,0,1,1
37,-97674,1,1,1
37,-97670,1,1,1
37,-97666,0,1,1
37,-97662,0,1,1
37,-97658,1,0,1
37,-97654,1,1,1
37,-97650,0,0,0
37,-97646,0,1,1
37,-97642,1,1,1
37,-97638,1,1,1
37,-97634,0,1,1
37,-97630,0,1,1
37,-97626,1,1,1
37,-97622,1,0,1
37,-97618,0,0,0
37,-97614,0,1,1
37,-97610,1,1,1
37,-97602,0,0,0
37,-97598,0,1,1
37,-97594,1,1,1
37,-97590,1,1,1
37,-97586,0,0,0
37,-97582,0,1,1
37,-97578,1,1,1
37,-97574,1,1,1
37,-97570,0,1,1
37,-97566,0,0,0
37,-97562,1,1,1
37,-97558,1,1,1
37,-97554,0,1,1
37,-97550,0,1,1
37,-97546,1,1,1
37,-97542,0,0,0
37,-97538,0,1,1
37,-97534,0,1,1
37,-97530,1,0,1
37,-97526,1,1,1
37,-97522,0,1,1
37,-97518,0,1,1
37,-97514,1,1,1
37,-97510,1,1,1
37,-97506,0,1,1
37,-97502,0,1,1
37,-97498,1,1,1
37,-97494,1,0,1
37,-97490,0,1,1
37,-97486,0,1,1
37,-97482,1,1,1
37,-97478,0,1,1
37,-97474,0,1,1
37,-97470,0,1,1
37,-97466,1,1,1
37,-97462,1,1,1
37,-97454,0,1,1
37,-97450,1,1,1
37,-97446,1,1,1
37,-97442,0,0,0
37,-97438,0,1,1
37,-97434,1,1,1
37,-97430,1,1,1
37,-97426,0,0,0
37,-97422,0,1,1
37,-97418,1,1,1
37,-97414,1,1,1
37,-97410,0,1,1
37,-97406,0,1,1
37,-97402,0,1,1
37,-97398,1,1,1
37,-97394,0,1,1
37,-97390,0,1,1
37,-97386,1,0,1
37,-97382,1,0,1
37,-97378,0,1,1
37,-97374,0,1,1
37,-97370,0,1,1
37,-97366,1,1,1
37,-97362,0,1,1
37,-97358,0,1,1
37,-97354,1,1,1
37,-97350,0,1,1
37,-97346,0,1,1
37,-97342,0,1,1
37,-97338,1,1,1
37,-97334,1,1,1
37,-97330,0,1,1
37,-97326,0,1,1
37,-97322,1,1,1
37,-97318,1,1,1
37,-97314,0,1,1
37,-97306,1,1,1
37,-97302,1,1,1
37,-97298,0,1,1
37,-97294,0,1,1
37,-97290,1,1,1
37,-97286,1,1,1
37,-97282,0,1,1
37,-97278,0,1,1
37,-97274,1,1,1
37,-97270,1,1,1
37,-97266,0,1,1
37,-97262,0,0,0
37,-97258,1,1,1
37,-97254,1,1,1
37,-97250,0,1,1
37,-97246,0,0,0
37,-97242,1,1,1
37,-97238,1,0,1
37,-97234,0,1,1
37,-97230,0,1,1
37,-97226,1,1,1
37,-97222,1,1,1
37,-97218,0,1,1
37,-97214,0,1,1
37,-97210,1,1,1
37,-97206,1,1,1
37,-97202,0,1,1
37,-97198,0,0,0
37,-97194,1,1,1
37,-97190,1,1,1
37,-97186,0,1,1
37,-97182,0,1,1
37,-97178,1,1,1
37,-97174,1,1,1
37,-97170,0,1,1
37,-97166,0,1,1
37,-97158,1,1,1
37,-97154,0,1,1
37,-97150,0,1,1
37,-97146,1,1,1
37,-97142,1,1,1
37,-97138,0,1,1
37,-97134,0,1,1
37,-97130,1,1,1
37,-97126,1,1,1
37,-97122,0,1,1
37,-97118,0,1,1
37,-97114,1,1,1
37,-97110,1,1,1
37,-97106,0,1,1
37,-97102,0,1,1
37,-97098,1,1,1
37,-97094,1,1,1
37,-97090,0,1,1
37,-97086,0,1,1
37,-97082,1,1,1
37,-97078,1,1,1
37,-97074,0,1,1
37,-97070,0,1,1
37,-97066,1,1,1
37,-97062,0,1,1
37,-97058,0,1,1
37,-97054,0,1,1
37,-97050,1,1,1
37,-97046,1,1,1
37,-97042,0,1,1
37,-97038,0,1,1
37,-97034,1,1,1
37,-97030,1,1,1
37,-97026,0,1,1
37,-97022,0,1,1
37,-97018,1,1,1
37,-97010,0,1,1
37,-97006,0,0,0
37,-97002,1,0,1
37,-96998,0,1,1
37,-96994,0,1,1
37,-96990,0,1,1
37,-96986,1,1,1
37,-96982,1,1,1
37,-96978,0,1,1
37,-96974,0,1,1
37,-96970,1,1,1
37,-96966,1,1,1
37,-96962,0,1,1
37,-96958,0,1,1
37,-96954,1,0,1
37,-96950,1,1,1
37,-96946,0,1,1
37,-96942,0,0,0
37,-96938,1,1,1
37,-96934,1,1,1
37,-96930,0,1,1
37,-96926,0,1,1
37,-96922,1,1,1
37,-96918,1,0,1
37,-96914,0,1,1
37,-96910,0,1,1
37,-96906,1,0,1
37,-96902,1,1,1
37,-96898,0,1,1
37,-96894,0,1,1
37,-96890,1,0,1
37,-96886,1,1,1
37,-96882,0,0,0
37,-96878,0,1,1
37,-96874,1,1,1
37,-96870,1,1,1
37,-96862,0,0,0
37,-96858,1,1,1
37,-96854,1,1,1
37,-96850,0,1,1
37,-96846,0,1,1
37,-96842,1,0,1
37,-96838,1,1,1
37,-96834,0,0,0
37,-96830,0,1,1
37,-96826,0,0,0
37,-96822,1,1,1
37,-96818,0,1,1
37,-96814,0,1,1
37,-96810,1,1,1
37,-96806,1,1,1
37,-96802,0,1,1
37,-96798,0,1,1
37,-96794,1,1,1
37,-96790,1,1,1
37,-96786,0,1,1
37,-96782,0,1,1
37,-96778,1,0,1
37,-96774,1,0,1
37,-96770,0,1,1
37,-96766,0,1,1
37,-96762,1,1,1
37,-96758,1,1,1
37,-96754,0,1,1
37,-96750,0,1,1
37,-96746,1,1,1
37,-96742,1,1,1
37,-96738,0,1,1
37,-96734,0,1,1
37,-96730,1,1,1
37,-96726,1,1,1
37,-96722,0,0,0
37,-96714,1,1,1
37,-96710,1,1,1
37,-96706,0,1,1
37,-96702,0,1,1
37,-96698,1,1,1
37,-96694,1,1,1
37,-96690,0,1,1
37,-96686,0,1,1
37,-96682,1,1,1
37,-96678,1,1,1
37,-96674,0,1,1
37,-96670,0,1,1
37,-96666,1,0,1
37,-96662,1,1,1
37,-96658,0,1,1
37,-96654,0,1,1
37,-96650,1,1,1
37,-96646,1,0,1
37,-96642,0,1,1
37,-96638,0,1,1
37,-96634,1,1,1
37,-96630,1,1,1
37,-96626,0,1,1
37,-96622,0,1,1
37,-96618,1,1,1
37,-96614,1,1,1
37,-96610,0,1,1
37,-96606,0,1,1
37,-96602,1,1,1
37,-96598,1,1,1
37,-96594,0,1,1
37,-96590,0,1,1
37,-96586,1,1,1
37,-96582,1,1,1
37,-96578,0,0,0
37,-96574,0,0,0
37,-96566,1,1,1
37,-96562,0,1,1
37,-96558,0,1,1
37,-96554,1,1,1
37,-96550,1,1,1
37,-96546,0,1,1
37,-96542,0,1,1
37,-96538,1,1,1
37,-96534,1,0,1
37,-96530,0,1,1
37,-96526,0,1,1
37,-96522,1,1,1
37,-96518,1,1,1
37,-96514,0,1,1
37,-96510,0,1,1
37,-96506,1,1,1
37,-96502,1,1,1
37,-96498,0,1,1
37,-96494,0,1,1
37,-96490,1,1,1
37,-96486,1,1,1
37,-96482,0,1,1
37,-96478,0,1,1
37,-96474,1,1,1
37,-96470,1,1,1
37,-96466,0,1,1
37,-96462,0,1,1
37,-96458,1,1,1
37,-96454,1,1,1
37,-96450,0,1,1
37,-96446,0,1,1
37,-96442,1,1,1
37,-96438,1,1,1
37,-96434,0,1,1
37,-96430,0,1,1
37,-96426,1,1,1
37,-96418,0,1,1
37,-96414,0,1,1
37,-96410,1,1,1
37,-96406,1,1,1
37,-96402,0,1,1
37,-96398,0,1,1
37,-96394,1,1,1
37,-96390,1,1,1
37,-96386,0,1,1
37,-96382,0,1,1
37,-96378,1,1,1
37,-96374,1,1,1
37,-96370,0,1,1
37,-96366,0,1,1
37,-96362,1,1,1
37,-96358,1,1,1
37,-96354,0,1,1
37,-96350,0,1,1
37,-96346,1,1,1
37,-96342,1,1,1
37,-96338,0,1,1
37,-96334,0,1,1
37,-96330,1,1,1
37,-96326,1,1,1
37,-96322,0,1,1
37,-96318,0,1,1
37,-96314,1,1,1
37,-96310,1,1,1
37,-96306,0,1,1
37,-96302,0,0,0
37,-96298,1,1,1
37,-96294,1,1,1
37,-96290,0,1,1
37,-96286,0,1,1
37,-96282,1,1,1
37,-96278,1,1,1
37,-96270,0,1,1
37,-96266,1,1,1
37,-96262,1,1,1
37,-96258,0,1,1
37,-96254,0,1,1
37,-96250,1,0,1
37,-96246,1,1,1
37,-96242,0,1,1
37,-96238,0,0,0
37,-96234,1,1,1
37,-96230,1,1,1
37,-96226,0,1,1
37,-96222,0,1,1
37,-96218,1,1,1
37,-96214,1,1,1
37,-96210,0,1,1
37,-96206,0,1,1
37,-96202,1,1,1
37,-96198,1,0,1
37,-96194,0,1,1
37,-96190,0,1,1
37,-96186,1,1,1
37,-96182,1,1,1
37,-96178,0,1,1
37,-96174,0,1,1
37,-96170,1,1,1
37,-96166,1,1,1
37,-96162,0,1,1
37,-96158,0,1,1
37,-96154,1,1,1
37,-96150,1,1,1
37,-96146,0,1,1
37,-96142,0,0,0
37,-96138,1,0,1
37,-96134,1,0,1
37,-96130,0,0,0
37,-96122,1,1,1
37,-96118,1,1,1
37,-96114,0,0,0
37,-96110,0,1,1
37,-96106,1,1,1
37,-96102,1,1,1
37,-96098,0,1,1
37,-96094,0,1,1
37,-96090,1,1,1
37,-96086,1,1,1
37,-96082,0,1,1
37,-96078,0,1,1
37,-96074,1,1,1
37,-96070,1,1,1
37,-96066,0,0,0
37,-96062,0,1,1
37,-96058,0,0,0
37,-96054,1,1,1
37,-96050,0,1,1
37,-96046,0,1,1
37,-96042,1,1,1
37,-96038,1,1,1
37,-96034,0,1,1
37,-96030,0,1,1
37,-96026,1,1,1
37,-96022,1,1,1
37,-96018,0,0,0
37,-96014,0,1,1
37,-96010,1,1,1
37,-96006,1,1,1
37,-96002,0,0,0
37,-95998,0,1,1
37,-95994,1,1,1
37,-95990,1,1,1
37,-95986,0,1,1
37,-95982,0,1,1
37,-95974,1,1,1
37,-95970,0,1,1
37,-95966,0,0,0
37,-95962,1,1,1
37,-95958,1,1,1
37,-95954,0,1,1
37,-95950,0,1,1
37,-95946,1,1,1
37,-95942,1,1,1
37,-95938,0,1,1
37,-95934,0,1,1
37,-95930,1,0,1
37,-95926,1,1,1
37,-95922,0,1,1
37,-95918,0,0,0
37,-95914,1,1,1
37,-95910,1,1,1
37,-95906,0,1,1
37,-95902,0,1,1
37,-95898,1,1,1
37,-95894,1,1,1
37,-95890,0,1,1
37,-95886,0,1,1
37,-95882,1,1,1
37,-95878,1,1,1
37,-95874,0,1,1
37,-95870,0,1,1
37,-95866,1,1,1
37,-95862,1,1,1
37,-95858,0,1,1
37,-95854,0,1,1
37,-95850,1,1,1
37,-95846,1,1,1
37,-95842,0,1,1
37,-95838,0,1,1
37,-95834,1,1,1
37,-95826,0,1,1
37,-95822,0,1,1
37,-95818,1,1,1
37,-95814,1,1,1
37,-95810,0,1,1
37,-95806,0,1,1
37,-95802,0,0,0
37,-95798,1,1,1
37,-95794,0,1,1
37,-95790,0,1,1
37,-95786,1,1,1
37,-95782,1,1,1
37,-95778,0,1,1
37,-95774,0,1,1
37,-95770,1,1,1
37,-95766,1,1,1
37,-95762,0,1,1
37,-95758,0,1,1
37,-95754,1,1,1
37,-95750,1,1,1
37,-95746,0,1,1
37,-95742,0,1,1
37,-95738,1,1,1
37,-95734,1,1,1
37,-95730,0,1,1
37,-95726,0,1,1
37,-95722,1,1,1
37,-95718,0,1,1
37,-95714,0,1,1
37,-95710,0,1,1
37,-95706,1,1,1
37,-95702,1,1,1
37,-95698,0,1,1
37,-95694,0,1,1
37,-95690,1,1,1
37,-95686,1,1,1
37,-95678,0,0,0
37,-95674,0,1,1
37,-95670,1,1,1
37,-95666,0,1,1
37,-95662,0,1,1
37,-95658,1,1,1
37,-95654,1,1,1
37,-95650,0,1,1
37,-95646,0,1,1
37,-95642,1,1,1
37,-95638,1,1,1
37,-95634,0,1,1
37,-95630,0,1,1
37,-95626,1,1,1
37,-95622,1,1,1
37,-95618,0,1,1
37,-95614,0,1,1
37,-95610,1,1,1
37,-95606,1,1,1
37,-95602,0,1,1
37,-95598,0,1,1
37,-95594,1,1,1
37,-95590,1,1,1
37,-95586,0,1,1
37,-95582,0,1,1
37,-95578,1,0,1
37,-95574,1,0,1
37,-95570,0,1,1
37,-95566,0,1,1
37,-95562,1,1,1
37,-95558,1,1,1
37,-95554,0,1,1
37,-95550,0,1,1
37,-95546,1,1,1
37,-95542,1,1,1
37,-95538,0,1,1
37,-95530,1,1,1
37,-95526,0,1,1
37,-95522,0,0,0
37,-95518,0,1,1
37,-95514,1,1,1
37,-95510,1,1,1
37,-95506,0,1,1
37,-95502,0,1,1
37,-95498,1,1,1
37,-95494,1,1,1
37,-95490,0,1,1
37,-95486,0,1,1
37,-95482,1,1,1
37,-95478,1,1,1
37,-95474,0,1,1
37,-95470,0,1,1
37,-95466,1,1,1
37,-95462,1,1,1
37,-95458,0,1,1
37,-95454,0,1,1
37,-95450,1,1,1
37,-95446,1,1,1
37,-95442,0,1,1
37,-95438,0,0,0
37,-95434,1,1,1
37,-95430,1,1,1
37,-95426,0,1,1
37,-95422,0,1,1
37,-95418,0,1,1
37,-95414,1,1,1
37,-95410,0,1,1
37,-95406,0,1,1
37,-95402,1,1,1
37,-95398,1,1,1
37,-95394,0,1,1
37,-95390,0,1,1
37,-95382,1,0,1
37,-95378,0,1,1
37,-95374,0,0,0
37,-95370,1,1,1
37,-95366,1,1,1
37,-95362,0,1,1
37,-95358,0,1,1
37,-95354,1,1,1
37,-95350,1,1,1
37,-95346,0,1,1
37,-95342,0,1,1
37,-95338,1,1,1
37,-95334,1,1,1
37,-95330,0,1,1
37,-95326,0,1,1
37,-95322,1,0,1
37,-95318,1,1,1
37,-95314,0,0,0
37,-95310,0,1,1
37,-95306,1,1,1
37,-95302,1,0,1
37,-95298,0,1,1
37,-95294,0,1,1
37,-95290,1,1,1
37,-95286,1,1,1
37,-95282,0,1,1
37,-95278,0,1,1
37,-95274,1,1,1
37,-95270,1,1,1
37,-95266,0,1,1
37,-95262,0,0,0
37,-95258,1,1,1
37,-95254,1,1,1
37,-95250,0,1,1
37,-95246,0,1,1
37,-95242,1,1,1
37,-95234,0,1,1
37,-95230,0,1,1
37,-95226,0,1,1
37,-95222,1,1,1
37,-95218,0,1,1
37,-95214,0,1,1
37,-95210,1,1,1
37,-95206,1,1,1
37,-95202,0,1,1
37,-95198,0,1,1
37,-95194,1,1,1
37,-95190,1,1,1
37,-95186,0,1,1
37,-95182,0,1,1
37,-95178,1,1,1
37,-95174,1,1,1
37,-95170,0,1,1
37,-95166,0,1,1
37,-95162,1,1,1
37,-95158,1,0,1
37,-95154,0,1,1
37,-95150,0,1,1
37,-95146,1,1,1
37,-95142,1,1,1
37,-95138,0,1,1
37,-95134,0,1,1
37,-95130,1,1,1
37,-95126,1,1,1
37,-95122,0,1,1
37,-95118,0,1,1
37,-95114,1,1,1
37,-95110,1,1,1
37,-95106,0,1,1
37,-95102,0,1,1
37,-95098,1,1,1
37,-95094,1,1,1
37,-95086,0,1,1
37,-95082,1,1,1
37,-95078,1,1,1
37,-95074,0,1,1
37,-95070,0,1,1
37,-95066,1,1,1
37,-95062,1,1,1
37,-95058,0,1,1
37,-95054,0,1,1
37,-95050,1,1,1
37,-95046,1,1,1
37,-95042,0,1,1
37,-95038,0,1,1
37,-95034,1,1,1
37,-95030,1,1,1
37,-95026,0,1,1
37,-95022,0,0,0
37,-95018,1,1,1
37,-95014,1,1,1
37,-95010,0,1,1
37,-95006,0,0,0
37,-95002,1,1,1
37,-94998,1,0,1
37,-94994,0,1,1
37,-94990,0,1,1
37,-94986,1,0,1
37,-94982,1,1,1
37,-94978,0,1,1
37,-94974,0,1,1
37,-94970,1,1,1
37,-94966,1,1,1
37,-94962,0,1,1
37,-94958,0,1,1
37,-94954,1,1,1
37,-94950,1,1,1
37,-94946,0,1,1
37,-94938,1,1,1
37,-94934,1,1,1
37,-94930,0,1,1
37,-94926,0,1,1
37,-94922,1,1,1
37,-94918,1,1,1
37,-94914,0,1,1
37,-94910,0,1,1
37,-94906,1,1,1
37,-94902,1,1,1
37,-94898,0,1,1
37,-94894,0,1,1
37,-94890,1,1,1
37,-94886,1,1,1
37,-94882,0,1,1
37,-94878,0,1,1
37,-94874,1,1,1
37,-94870,1,1,1
37,-94866,0,1,1
37,-94862,0,1,1
37,-94858,1,1,1
37,-94854,0,1,1
37,-94850,0,0,0
37,-94846,0,1,1
37,-94842,1,0,1
37,-94838,1,1,1
37,-94834,0,1,1
37,-94830,0,1,1
37,-94826,1,1,1
37,-94822,1,1,1
37,-94818,0,1,1
37,-94814,0,1,1
37,-94810,1,1,1
37,-94806,1,1,1
37,-94802,0,1,1
37,-94798,0,1,1
37,-94790,1,1,1
37,-94786,0,1,1
37,-94782,0,1,1
37,-94778,1,1,1
37,-94774,1,1,1
37,-94770,0,0,0
37,-94766,0,1,1
37,-94762,1,1,1
37,-94758,1,1,1
37,-94754,0,1,1
37,-94750,0,1,1
37,-94746,1,1,1
37,-94742,1,1,1
37,-94738,0,1,1
37,-94734,0,1,1
37,-94730,1,1,1
37,-94726,1,1,1
37,-94722,0,0,0
37,-94718,0,1,1
37,-94714,1,1,1
37,-94710,1,1,1
37,-94706,0,1,1
37,-94702,0,1,1
37,-94698,1,1,1
37,-94694,1,1,1
37,-94690,0,1,1
37,-94686,0,0,0
37,-94682,1,1,1
37,-94678,1,1,1
37,-94674,0,1,1
37,-94670,0,1,1
37,-94666,1,1,1
37,-94662,1,1,1
37,-94658,0,1,1
37,-94654,0,1,1
37,-94650,1,1,1
37,-94642,0,1,1
37,-94638,0,1,1
37,-94634,1,1,1
37,-94630,1,1,1
37,-94626,0,0,0
37,-94622,0,1,1
37,-94618,1,1,1
37,-94614,1,1,1
37,-94610,0,1,1
37,-94606,0,1,1
37,-94602,1,0,1
37,-94598,1,1,1
37,-94594,0,1,1
37,-94590,0,1,1
37,-94586,1,1,1
37,-94582,1,1,1
37,-94578,0,0,0
37,-94574,0,1,1
37,-94570,1,1,1
37,-94566,1,1,1
37,-94562,0,1,1
37,-94558,0,1,1
37,-94554,1,1,1
37,-94550,1,1,1
37,-94546,0,1,1
37,-94542,0,0,0
37,-94538,1,1,1
37,-94534,1,1,1
37,-94530,0,1,1
37,-94526,0,1,1
37,-94522,1,1,1
37,-94518,1,1,1
37,-94514,0,1,1
37,-94510,0,1,1
37,-94506,1,0,1
37,-94502,1,1,1
37,-94494,0,1,1
37,-94490,1,1,1
37,-94486,1,1,1
37,-94482,0,1,1
37,-94478,0,1,1
37,-94474,1,1,1
37,-94470,1,1,1
37,-94466,0,1,1
37,-94462,0,1,1
37,-94458,1,1,1
37,-94454,1,1,1
37,-94450,0,1,1
37,-94446,0,0,0
37,-94442,1,1,1
37,-94438,1,1,1
37,-94434,0,1,1
37,-94430,0,1,1
37,-94426,1,1,1
37,-94422,1,1,1
37,-94418,0,1,1
37,-94414,0,1,1
37,-94410,1,1,1
37,-94406,1,1,1
37,-94402,0,1,1
37,-94398,0,0,0
37,-94394,1,1,1
37,-94390,1,1,1
37,-94386,0,1,1
37,-94382,0,1,1
37,-94378,1,1,1
37,-94374,1,1,1
37,-94370,0,1,1
37,-94366,0,1,1
37,-94362,1,1,1
37,-94358,1,1,1
37,-94354,0,1,1
37,-94346,1,1,1
37,-94342,0,1,1
37,-94338,0,0,0
37,-94334,0,1,1
37,-94330,1,1,1
37,-94326,1,1,1
37,-94322,0,1,1
37,-94318,0,1,1
37,-94314,1,1,1
37,-94310,0,1,1
37,-94306,0,1,1
37,-94302,0,1,1
37,-94298,1,1,1
37,-94294,1,1,1
37,-94290,0,1,1
37,-94286,0,1,1
37,-94282,1,1,1
37,-94278,1,1,1
37,-94274,0,1,1
37,-94270,0,1,1
37,-94266,1,0,1
37,-94262,1,1,1
37,-94258,0,0,0
37,-94254,0,1,1
37,-94250,1,1,1
37,-94246,1,1,1
37,-94242,0,1,1
37,-94238,0,1,1
37,-94234,1,1,1
37,-94230,1,0,1
37,-94226,0,1,1
37,-94222,0,1,1
37,-94218,1,1,1
37,-94214,1,1,1
37,-94210,0,1,1
37,-94206,0,1,1
37,-94198,1,1,1
37,-94194,0,1,1
37,-94190,0,1,1
37,-94186,1,1,1
37,-94182,0,1,1
37,-94178,0,1,1
37,-94174,0,1,1
37,-94170,1,1,1
37,-94166,1,1,1
37,-94162,0,1,1
37,-94158,0,1,1
37,-94154,1,1,1
37,-94150,1,1,1
37,-94146,0,1,1
37,-94142,0,1,1
37,-94138,1,1,1
37,-94134,1,1,1
37,-94130,0,1,1
37,-94126,0,1,1
37,-94122,1,1,1
37,-94118,1,1,1
37,-94114,0,1,1
37,-94110,0,1,1
37,-94106,1,1,1
37,-94102,1,1,1
37,-94098,0,1,1
37,-94094,0,1,1
37,-94090,1,1,1
37,-94086,1,1,1
37,-94082,0,1,1
37,-94078,0,1,1
37,-94074,1,1,1
37,-94070,1,1,1
37,-94066,0,1,1
37,-94062,0,1,1
37,-94058,1,1,1
37,-94050,0,1,1
37,-94046,0,1,1
37,-94042,1,1,1
37,-94038,1,1,1
37,-94034,0,1,1
37,-94030,0,1,1
37,-94026,1,1,1
37,-94022,1,1,1
37,-94018,0,1,1
37,-94014,0,1,1
37,-94010,1,1,1
37,-94006,1,1,1
37,-94002,0,1,1
37,-93998,0,1,1
37,-93994,1,1,1
37,-93990,1,1,1
37,-93986,0,1,1
37,-93982,0,1,1
37,-93978,1,1,1
37,-93974,1,1,1
37,-93970,0,1,1
37,-93966,0,1,1
37,-93962,1,1,1
37,-93958,1,1,1
37,-93954,0,1,1
37,-93950,0,1,1
37,-93946,1,1,1
37,-93942,1,0,1
37,-93938,0,1,1
37,-93934,0,1,1
37,-93930,1,1,1
37,-93926,1,1,1
37,-93922,0,1,1
37,-93918,0,1,1
37,-93914,0,1,1
37,-93910,1,1,1
37,-93902,0,1,1
37,-93898,1,1,1
37,-93894,1,1,1
37,-93890,0,1,1
37,-93886,0,1,1
37,-93882,1,0,1
37,-93878,1,1,1
37,-93874,0,1,1
37,-93870,0,1,1
37,-93866,1,1,1
37,-93862,1,0,1
37,-93858,0,1,1
37,-93854,0,1,1
37,-93850,1,1,1
37,-93846,1,1,1
37,-93842,0,1,1
37,-93838,0,1,1
37,-93834,1,1,1
37,-93830,1,1,1
37,-93826,0,1,1
37,-93822,0,1,1
37,-93818,1,1,1
37,-93814,1,1,1
37,-93810,0,1,1
37,-93806,0,1,1
37,-93802,1,1,1
37,-93798,1,1,1
37,-93794,0,1,1
37,-93790,0,1,1
37,-93786,0,0,0
37,-93782,1,1,1
37,-93778,0,1,1
37,-93774,0,1,1
37,-93770,1,1,1
37,-93766,1,1,1
37,-93762,0,0,0
37,-93754,1,1,1
37,-93750,1,1,1
37,-93746,0,1,1
37,-93742,0,1,1
37,-93738,1,1,1
37,-93734,1,1,1
37,-93730,0,1,1
37,-93726,0,1,1
37,-93722,1,1,1
37,-93718,1,1,1
37,-93714,0,1,1
37,-93710,0,1,1
37,-93706,1,1,1
37,-93702,1,1,1
37,-93698,0,1,1
37,-93694,0,1,1
37,-93690,1,1,1
37,-93686,1,1,1
37,-93682,0,1,1
37,-93678,0,1,1
37,-93674,1,1,1
37,-93670,1,1,1
37,-93666,0,1,1
37,-93662,0,1,1
37,-93658,1,1,1
37,-93654,1,1,1
37,-93650,0,1,1
37,-93646,0,1,1
37,-93642,1,1,1
37,-93638,1,1,1
37,-93634,0,1,1
37,-93630,0,0,0
37,-93626,1,1,1
37,-93622,1,1,1
37,-93618,0,1,1
37,-93614,0,1,1
37,-93606,1,1,1
37,-93602,0,1,1
37,-93598,0,1,1
37,-93594,1,1,1
37,-93590,1,1,1
37,-93586,0,1,1
37,-93582,0,1,1
37,-93578,1,1,1
37,-93574,1,1,1
37,-93570,0,1,1
37,-93566,0,1,1
37,-93562,1,1,1
37,-93558,1,0,1
37,-93554,0,1,1
37,-93550,0,1,1
37,-93546,1,1,1
37,-93542,1,1,1
37,-93538,0,1,1
37,-93534,0,0,0
37,-93530,1,1,1
37,-93526,1,1,1
37,-93522,0,1,1
37,-93518,0,0,0
37,-93514,1,1,1
37,-93510,1,1,1
37,-93506,0,1,1
37,-93502,0,1,1
37,-93498,1,0,1
37,-93494,1,1,1
37,-93490,0,1,1
37,-93486,0,1,1
37,-93482,1,1,1
37,-93478,1,1,1
37,-93474,0,1,1
37,-93470,0,1,1
37,-93466,1,1,1
37,-93458,0,0,0
37,-93454,0,1,1
37,-93450,1,1,1
37,-93446,0,1,1
37,-93442,0,1,1
37,-93438,0,1,1
37,-93434,1,1,1
37,-93430,1,1,1
37,-93426,0,1,1
37,-93422,0,1,1
37,-93418,1,0,1
37,-93414,1,1,1
37,-93410,0,1,1
37,-93406,0,1,1
37,-93402,1,1,1
37,-93398,1,1,1
37,-93394,0,1,1
37,-93390,0,1,1
37,-93386,1,1,1
37,-93382,1,1,1
37,-93378,0,1,1
37,-93374,0,1,1
37,-93370,1,1,1
37,-93366,1,1,1
37,-93362,0,1,1
37,-93358,0,1,1
37,-93354,1,1,1
37,-93350,1,1,1
37,-93346,0,1,1
37,-93342,0,1,1
37,-93338,1,1,1
37,-93334,1,1,1
37,-93330,0,1,1
37,-93326,0,1,1
37,-93322,1,1,1
37,-93318,1,1,1
37,-93310,0,1,1
37,-93306,1,1,1
37,-93302,1,1,1
37,-93298,0,1,1
37,-93294,0,1,1
37,-93290,1,1,1
37,-93286,1,1,1
37,-93282,0,1,1
37,-93278,0,1,1
37,-93274,1,1,1
37,-93270,1,1,1
37,-93266,0,0,0
37,-93262,0,1,1
37,-93258,1,1,1
37,-93254,1,1,1
37,-93250,0,1,1
37,-93246,0,1,1
37,-93242,1,1,1
37,-93238,1,1,1
37,-93234,0,1,1
37,-93230,0,1,1
37,-93226,1,1,1
37,-93222,1,1,1
37,-93218,0,1,1
37,-93214,0,1,1
37,-93210,1,1,1
37,-93206,1,1,1
37,-93202,0,1,1
37,-93198,0,1,1
37,-93194,1,1,1
37,-93190,1,1,1
37,-93186,0,1,1
37,-93182,0,0,0
37,-93178,1,1,1
37,-93174,1,1,1
37,-93170,0,1,1
37,-93162,1,1,1
37,-93158,1,1,1
37,-93154,0,1,1
37,-93150,0,1,1
37,-93146,0,1,1
37,-93142,1,1,1
37,-93138,0,0,0
37,-93134,0,1,1
37,-93130,1,1,1
37,-93126,1,1,1
37,-93122,0,1,1
37,-93118,0,1,1
37,-93114,1,1,1
37,-93110,1,1,1
37,-93106,0,1,1
37,-93102,0,1,1
37,-93098,1,1,1
37,-93094,1,1,1
37,-93090,0,1,1
37,-93086,0,1,1
37,-93082,1,1,1
37,-93078,1,1,1
37,-93074,0,1,1
37,-93070,0,1,1
37,-93066,1,1,1
37,-93062,1,1,1
37,-93058,0,1,1
37,-93054,0,1,1
37,-93050,1,1,1
37,-93046,1,1,1
37,-93042,0,0,0
37,-93038,0,1,1
37,-93034,1,1,1
37,-93030,1,1,1
37,-93026,0,1,1
37,-93022,0,0,0
37,-93014,1,1,1
37,-93010,0,1,1
37,-93006,0,1,1
37,-93002,1,1,1
37,-92998,1,1,1
37,-92994,0,1,1
37,-92990,0,1,1
37,-92986,1,1,1
37,-92982,1,1,1
37,-92978,0,1,1
37,-92974,0,1,1
37,-92970,1,1,1
37,-92966,1,0,1
37,-92962,0,1,1
37,-92958,0,1,1
37,-92954,1,1,1
37,-92950,1,1,1
37,-92946,0,1,1
37,-92942,0,1,1
37,-92938,1,1,1
37,-92934,1,1,1
37,-92930,0,1,1
37,-92926,0,1,1
37,-92922,1,1,1
37,-92918,1,1,1
37,-92914,0,1,1
37,-92910,0,1,1
37,-92906,1,1,1
37,-92902,1,1,1
37,-92898,0,1,1
37,-92894,0,1,1
37,-92890,1,1,1
37,-92886,1,1,1
37,-92882,0,1,1
37,-92878,0,1,1
37,-92874,1,1,1
37,-92866,0,1,1
37,-92862,0,1,1
37,-92858,1,0,1
37,-92854,1,1,1
37,-92850,0,1,1
37,-92846,0,1,1
37,-92842,1,1,1
37,-92838,1,1,1
37,-92834,0,1,1
37,-92830,0,0,0
37,-92826,1,1,1
37,-92822,1,1,1
37,-92818,0,1,1
37,-92814,0,1,1
37,-92810,1,1,1
37,-92806,1,1,1
37,-92802,0,1,1
37,-92798,0,1,1
37,-92794,1,1,1
37,-92790,1,1,1
37,-92786,0,1,1
37,-92782,0,1,1
37,-92778,1,1,1
37,-92774,1,1,1
37,-92770,0,1,1
37,-92766,0,1,1
37,-92762,1,1,1
37,-92758,1,1,1
37,-92754,0,1,1
37,-92750,0,1,1
37,-92746,1,1,1
37,-92742,1,1,1
37,-92738,0,1,1
37,-92734,0,1,1
37,-92730,1,1,1
37,-92726,1,1,1
37,-92718,0,1,1
37,-92714,1,0,1
37,-92710,1,1,1
37,-92706,0,1,1
37,-92702,0,1,1
37,-92698,1,1,1
37,-92694,1,1,1
37,-92690,0,1,1
37,-92686,0,1,1
37,-92682,1,1,1
37,-92678,1,1,1
37,-92674,0,1,1
37,-92670,0,1,1
37,-92666,1,1,1
37,-92662,1,1,1
37,-92658,0,0,0
37,-92654,0,1,1
37,-92650,1,1,1
37,-92646,1,1,1
37,-92642,0,1,1
37,-92638,0,1,1
37,-92634,1,1,1
37,-92630,1,1,1
37,-92626,0,1,1
37,-92622,0,1,1
37,-92618,1,0,1
37,-92614,1,1,1
37,-92610,0,1,1
37,-92606,0,1,1
37,-92602,1,1,1
37,-92598,1,1,1
37,-92594,0,1,1
37,-92590,0,1,1
37,-92586,1,1,1
37,-92582,1,1,1
37,-92578,0,1,1
37,-92570,1,1,1
37,-92566,1,1,1
37,-92562,0,1,1
37,-92558,0,1,1
37,-92554,1,1,1
37,-92550,1,1,1
37,-92546,0,1,1
37,-92542,0,1,1
37,-92538,1,1,1
37,-92534,1,1,1
37,-92530,0,1,1
37,-92526,0,1,1
37,-92522,1,1,1
37,-92518,1,1,1
37,-92514,0,1,1
37,-92510,0,1,1
37,-92506,1,1,1
37,-92502,1,1,1
37,-92498,0,1,1
37,-92494,0,1,1
37,-92490,1,1,1
37,-92486,1,1,1
37,-92482,0,1,1
37,-92478,0,0,0
37,-92474,1,1,1
37,-92470,1,1,1
37,-92466,0,1,1
37,-92462,0,1,1
37,-92458,1,1,1
37,-92454,1,1,1
37,-92450,0,1,1
37,-92446,0,1,1
37,-92442,1,1,1
37,-92438,1,1,1
37,-92434,0,1,1
37,-92430,0,1,1
37,-92422,1,1,1
37,-92418,0,0,0
37,-92414,0,1,1
37,-92410,1,1,1
37,-92406,1,1,1
37,-92402,0,0,0
37,-92398,0,1,1
37,-92394,1,1,1
37,-92390,1,1,1
37,-92386,0,1,1
37,-92382,0,1,1
37,-92378,1,1,1
37,-92374,1,1,1
37,-92370,0,1,1
37,-92366,0,1,1
37,-92362,1,1,1
37,-92358,0,0,0
37,-92354,0,1,1
37,-92350,0,1,1
37,-92346,1,1,1
37,-92342,1,1,1
37,-92338,0,1,1
37,-92334,0,1,1
37,-92330,1,1,1
37,-92326,1,1,1
37,-92322,0,1,1
37,-92318,0,1,1
37,-92314,1,1,1
37,-92310,1,1,1
37,-92306,0,1,1
37,-92302,0,1,1
37,-92298,1,0,1
37,-92294,1,1,1
37,-92290,0,1,1
37,-92286,0,1,1
37,-92282,1,1,1
37,-92274,0,1,1
37,-92270,0,0,0
37,-92266,1,1,1
37,-92262,1,1,1
37,-92258,0,1,1
37,-92254,0,1,1
37,-92250,1,1,1
37,-92246,1,1,1
37,-92242,0,1,1
37,-92238,0,1,1
37,-92234,1,1,1
37,-92230,1,1,1
37,-92226,0,1,1
37,-92222,0,1,1
37,-92218,0,0,0
37,-92214,1,1,1
37,-92210,0,1,1
37,-92206,0,1,1
37,-92202,1,1,1
37,-92198,1,1,1
37,-92194,0,1,1
37,-92190,0,1,1
37,-92186,1,1,1
37,-92182,1,1,1
37,-92178,0,1,1
37,-92174,0,1,1
37,-92170,1,1,1
37,-92166,1,1,1
37,-92162,0,1,1
37,-92158,0,1,1
37,-92154,0,1,1
37,-92150,1,1,1
37,-92146,0,1,1
37,-92142,0,1,1
37,-92138,1,1,1
37,-92134,1,1,1
37,-92126,0,1,1
37,-92122,1,1,1
37,-92118,1,1,1
37,-92114,0,1,1
37,-92110,0,1,1
37,-92106,1,1,1
37,-92102,1,1,1
37,-92098,0,1,1
37,-92094,0,1,1
37,-92090,1,1,1
37,-92086,1,1,1
37,-92082,0,1,1
37,-92078,0,1,1
37,-92074,1,1,1
37,-92070,1,1,1
37,-92066,0,1,1
37,-92062,0,1,1
37,-92058,1,1,1
37,-92054,1,1,1
37,-92050,0,1,1
37,-92046,0,0,0
37,-92042,1,1,1
37,-92038,1,1,1
37,-92034,0,1,1
37,-92030,0,1,1
37,-92026,1,1,1
37,-92022,1,1,1
37,-92018,0,1,1
37,-92014,0,1,1
37,-92010,1,1,1
37,-92006,1,1,1
37,-92002,0,0,0
37,-91998,0,1,1
37,-91994,1,1,1
37,-91990,1,1,1
37,-91986,0,1,1
37,-91978,1,1,1
37,-91974,1,1,1
37,-91970,0,1,1
37,-91966,0,1,1
37,-91962,1,0,1
37,-91958,1,1,1
37,-91954,0,1,1
37,-91950,0,1,1
37,-91946,1,1,1
37,-91942,1,1,1
37,-91938,0,1,1
37,-91934,0,1,1
37,-91930,1,1,1
37,-91926,1,1,1
37,-91922,0,1,1
37,-91918,0,1,1
37,-91914,1,1,1
37,-91910,1,1,1
37,-91906,0,1,1
37,-91902,0,1,1
37,-91898,1,1,1
37,-91894,1,1,1
37,-91890,0,1,1
37,-91886,0,1,1
37,-91882,1,1,1
37,-91878,1,1,1
37,-91874,0,1,1
37,-91870,0,1,1
37,-91866,1,1,1
37,-91862,1,1,1
37,-91858,0,1,1
37,-91854,0,1,1
37,-91850,1,1,1
37,-91846,1,1,1
37,-91842,0,1,1
37,-91838,0,1,1
37,-91830,1,1,1
37,-91826,0,1,1
37,-91822,0,1,1
37,-91818,1,1,1
37,-91814,1,1,1
37,-91810,0,1,1
37,-91806,0,1,1
37,-91802,1,1,1
37,-91798,1,1,1
37,-91794,0,1,1
37,-91790,0,1,1
37,-91786,1,1,1
37,-91782,1,1,1
37,-91778,0,1,1
37,-91774,0,1,1
37,-91770,1,1,1
37,-91766,1,1,1
37,-91762,0,1,1
37,-91758,0,1,1
37,-91754,1,1,1
37,-91750,1,1,1
37,-91746,0,1,1
37,-91742,0,1,1
37,-91738,1,1,1
37,-91734,1,0,1
37,-91730,0,1,1
37,-91726,0,1,1
37,-91722,1,1,1
37,-91718,0,1,1
37,-91714,0,1,1
37,-91710,0,1,1
37,-91706,1,1,1
37,-91702,1,1,1
37,-91698,0,0,0
37,-91694,0,1,1
37,-91690,1,1,1
37,-91682,0,1,1
37,-91678,0,1,1
37,-91674,1,1,1
37,-91670,1,1,1
37,-91666,0,1,1
37,-91662,0,1,1
37,-91658,1,1,1
37,-91654,1,1,1
37,-91650,0,1,1
37,-91646,0,1,1
37,-91642,1,1,1
37,-91638,1,1,1
37,-91634,0,1,1
37,-91630,0,1,1
37,-91626,1,0,1
37,-91622,1,1,1
37,-91618,0,1,1
37,-91614,0,0,0
37,-91610,1,1,1
37,-91606,1,1,1
37,-91602,0,1,1
37,-91598,0,1,1
37,-91594,1,1,1
37,-91590,1,1,1
37,-91586,0,1,1
37,-91582,0,1,1
37,-91578,1,1,1
37,-91574,1,1,1
37,-91570,0,1,1
37,-91566,0,1,1
37,-91562,1,1,1
37,-91558,1,1,1
37,-91554,0,1,1
37,-91550,0,1,1
37,-91546,1,1,1
37,-91542,1,1,1
37,-91534,0,1,1
37,-91530,1,1,1
37,-91526,1,0,1
37,-91522,0,1,1
37,-91518,0,1,1
37,-91514,1,1,1
37,-91510,1,1,1
37,-91506,0,1,1
37,-91502,0,1,1
37,-91498,1,1,1
37,-91494,1,1,1
37,-91490,0,1,1
37,-91486,0,1,1
37,-91482,1,1,1
37,-91478,1,1,1
37,-91474,0,1,1
37,-91470,0,1,1
37,-91466,1,1,1
37,-91462,1,1,1
37,-91458,0,1,1
37,-91454,0,1,1
37,-91450,1,1,1
37,-91446,1,1,1
37,-91442,0,1,1
37,-91438,0,1,1
37,-91434,1,1,1
37,-91430,1,1,1
37,-91426,0,1,1
37,-91422,0,1,1
37,-91418,1,1,1
37,-91414,1,0,1
37,-91410,0,1,1
37,-91406,0,1,1
37,-91402,1,1,1
37,-91398,1,0,1
37,-91394,0,1,1
37,-91386,1,1,1
37,-91382,1,0,1
37,-91378,0,1,1
37,-91374,0,1,1
37,-91370,1,1,1
37,-91366,1,1,1
37,-91362,0,1,1
37,-91358,0,1,1
37,-91354,1,1,1
37,-91350,1,1,1
37,-91346,0,1,1
37,-91342,0,1,1
37,-91338,1,1,1
37,-91334,1,1,1
37,-91330,0,1,1
37,-91326,0,0,0
37,-91322,1,1,1
37,-91318,1,1,1
37,-91314,0,1,1
37,-91310,0,1,1
37,-91306,1,1,1
37,-91302,1,1,1
37,-91298,0,1,1
37,-91294,0,1,1
37,-91290,1,1,1
37,-91286,1,1,1
37,-91282,0,0,0
37,-91278,0,1,1
37,-91274,1,1,1
37,-91270,1,1,1
37,-91266,0,1,1
37,-91262,0,1,1
37,-91258,1,0,1
37,-91254,1,1,1
37,-91250,0,1,1
37,-91246,0,1,1
37,-91238,1,1,1
37,-91234,0,1,1
37,-91230,0,1,1
37,-91226,1,1,1
37,-91222,1,1,1
37,-91218,0,1,1
37,-91214,0,1,1
37,-91210,1,1,1
37,-91206,1,1,1
37,-91202,0,1,1
37,-91198,0,1,1
37,-91194,1,1,1
37,-91190,1,1,1
37,-91186,0,1,1
37,-91182,0,1,1
37,-91178,1,1,1
37,-91174,1,1,1
37,-91170,0,1,1
37,-91166,0,1,1
37,-91162,1,1,1
37,-91158,1,1,1
37,-91154,0,1,1
37,-91150,0,1,1
37,-91146,1,1,1
37,-91142,1,0,1
37,-91138,0,1,1
37,-91134,0,1,1
37,-91130,1,1,1
37,-91126,1,1,1
37,-91122,0,1,1
37,-91118,0,1,1
37,-91114,1,1,1
37,-91110,1,1,1
37,-91106,0,1,1
37,-91102,0,1,1
37,-91098,1,1,1
37,-91090,0,1,1
37,-91086,0,1,1
37,-91082,1,1,1
37,-91078,1,1,1
37,-91074,0,1,1
37,-91070,0,1,1
37,-91066,1,1,1
37,-91062,1,1,1
37,-91058,0,1,1
37,-91054,0,1,1
37,-91050,1,1,1
37,-91046,1,1,1
37,-91042,0,1,1
37,-91038,0,1,1
37,-91034,1,1,1
37,-91030,1,1,1
37,-91026,0,1,1
37,-91022,0,1,1
37,-91018,1,1,1
37,-91014,1,1,1
37,-91010,0,1,1
37,-91006,0,1,1
37,-91002,1,1,1
37,-90998,1,1,1
37,-90994,0,1,1
37,-90990,0,0,0
37,-90986,1,1,1
37,-90982,1,1,1
37,-90978,0,1,1
37,-90974,0,1,1
37,-90970,1,1,1
37,-90966,1,1,1
37,-90962,0,1,1
37,-90958,0,0,0
37,-90954,1,1,1
37,-90950,1,1,1
37,-90942,0,1,1
37,-90938,1,1,1
37,-90934,1,1,1
37,-90930,0,1,1
37,-90926,0,1,1
37,-90922,1,1,1
37,-90918,1,1,1
37,-90914,0,1,1
37,-90910,0,1,1
37,-90906,1,1,1
37,-90902,1,1,1
37,-90898,0,1,1
37,-90894,0,1,1
37,-90890,1,1,1
37,-90886,1,1,1
37,-90882,0,1,1
37,-90878,0,1,1
37,-90874,1,1,1
37,-90870,1,1,1
37,-90866,0,1,1
37,-90862,0,1,1
37,-90858,1,0,1
37,-90854,1,1,1
37,-90850,0,1,1
37,-90846,0,1,1
37,-90842,1,1,1
37,-90838,1,1,1
37,-90834,0,1,1
37,-90830,0,1,1
37,-90826,1,1,1
37,-90822,1,1,1
37,-90818,0,1,1
37,-90814,0,1,1
37,-90810,1,1,1
37,-90806,1,1,1
37,-90802,0,1,1
37,-90794,1,1,1
37,-90790,1,1,1
37,-90786,0,1,1
37,-90782,0,1,1
37,-90778,1,1,1
37,-90774,1,1,1
37,-90770,0,1,1
37,-90766,0,1,1
37,-90762,1,1,1
37,-90758,1,1,1
37,-90754,0,1,1
37,-90750,0,1,1
37,-90746,1,1,1
37,-90742,1,1,1
37,-90738,0,1,1
37,-90734,0,1,1
37,-90730,1,1,1
37,-90726,0,1,1
37,-90722,0,1,1
37,-90718,0,1,1
37,-90714,1,1,1
37,-90710,1,1,1
37,-90706,0,1,1
37,-90702,0,1,1
37,-90698,1,1,1
37,-90694,1,1,1
37,-90690,0,1,1
37,-90686,0,1,1
37,-90682,1,1,1
37,-90678,1,1,1
37,-90674,0,1,1
37,-90670,0,1,1
37,-90666,1,1,1
37,-90662,1,1,1
37,-90658,0,1,1
37,-90654,0,0,0
37,-90646,1,1,1
37,-90642,0,1,1
37,-90638,0,1,1
37,-90634,1,1,1
37,-90630,1,1,1
37,-90626,0,1,1
37,-90622,0,1,1
37,-90618,1,0,1
37,-90614,1,1,1
37,-90610,0,1,1
37,-90606,0,1,1
37,-90602,1,1,1
37,-90598,1,1,1
37,-90594,0,1,1
37,-90590,0,1,1
37,-90586,1,1,1
37,-90582,1,0,1
37,-90578,0,1,1
37,-90574,0,1,1
37,-90570,1,1,1
37,-90566,1,1,1
37,-90562,0,1,1
37,-90558,0,1,1
37,-90554,1,1,1
37,-90550,1,1,1
37,-90546,0,1,1
37,-90542,0,0,0
37,-90538,1,1,1
37,-90534,1,1,1
37,-90530,0,1,1
37,-90526,0,1,1
37,-90522,1,1,1
37,-90518,1,1,1
37,-90514,0,1,1
37,-90510,0,1,1
37,-90506,1,1,1
37,-90498,0,1,1
37,-90494,0,1,1
37,-90490,1,1,1
37,-90486,1,1,1
37,-90482,0,1,1
37,-90478,0,1,1
37,-90474,1,1,1
37,-90470,1,1,1
37,-90466,0,1,1
37,-90462,0,0,0
37,-90458,1,1,1
37,-90454,1,1,1
37,-90450,0,1,1
37,-90446,0,1,1
37,-90442,1,1,1
37,-90438,1,1,1
37,-90434,0,1,1
37,-90430,0,1,1
37,-90426,1,1,1
37,-90422,1,0,1
37,-90418,0,1,1
37,-90414,0,1,1
37,-90410,1,1,1
37,-90406,1,1,1
37,-90402,0,1,1
37,-90398,0,1,1
37,-90394,1,1,1
37,-90390,1,1,1
37,-90386,0,1,1
37,-90382,0,1,1
37,-90378,1,1,1
37,-90374,1,1,1
37,-90370,0,1,1
37,-90366,0,1,1
37,-90362,1,1,1
37,-90358,1,1,1
37,-90350,0,1,1
37,-90346,1,1,1
37,-90342,1,1,1
37,-90338,0,1,1
37,-90334,0,1,1
37,-90330,1,1,1
37,-90326,1,1,1
37,-90322,0,1,1
37,-90318,0,1,1
37,-90314,1,1,1
37,-90310,1,1,1
37,-90306,0,1,1
37,-90302,0,1,1
37,-90298,1,1,1
37,-90294,1,1,1
37,-90290,0,1,1
37,-90286,0,1,1
37,-90282,1,1,1
37,-90278,1,1,1
37,-90274,0,1,1
37,-90270,0,1,1
37,-90266,1,1,1
37,-90262,1,1,1
37,-90258,0,1,1
37,-90254,0,0,0
37,-90250,1,1,1
37,-90246,0,1,1
37,-90242,0,1,1
37,-90238,0,1,1
37,-90234,1,1,1
37,-90230,1,1,1
37,-90226,0,1,1
37,-90222,0,1,1
37,-90218,1,1,1
37,-90214,1,1,1
37,-90210,0,1,1
37,-90202,1,1,1
37,-90198,1,1,1
37,-90194,0,1,1
37,-90190,0,1,1
37,-90186,1,1,1
37,-90182,1,1,1
37,-90178,0,1,1
37,-90174,0,1,1
37,-90170,1,1,1
37,-90166,1,1,1
37,-90162,0,1,1
37,-90158,0,0,0
37,-90154,1,1,1
37,-90150,1,1,1
37,-90146,0,1,1
37,-90142,0,1,1
37,-90138,0,1,1
37,-90134,1,1,1
37,-90130,0,1,1
37,-90126,0,1,1
37,-90122,1,1,1
37,-90118,1,1,1
37,-90114,0,0,0
37,-90110,0,1,1
37,-90106,1,1,1
37,-90102,1,1,1
37,-90098,0,1,1
37,-90094,0,1,1
37,-90090,1,1,1
37,-90086,1,1,1
37,-90082,0,1,1
37,-90078,0,1,1
37,-90074,1,1,1
37,-90070,1,1,1
37,-90066,0,0,0
37,-90062,0,1,1
37,-90054,1,1,1
37,-90050,0,1,1
37,-90046,0,1,1
37,-90042,1,1,1
37,-90038,1,1,1
37,-90034,0,1,1
37,-90030,0,1,1
37,-90026,1,1,1
37,-90022,1,1,1
37,-90018,0,1,1
37,-90014,0,1,1
37,-90010,1,1,1
37,-90006,1,1,1
37,-90002,0,1,1
37,-89998,0,1,1
37,-89994,1,1,1
37,-89990,1,1,1
37,-89986,0,1,1
37,-89982,0,0,0
37,-89978,1,1,1
37,-89974,1,1,1
37,-89970,0,1,1
37,-89966,0,1,1
37,-89962,1,1,1
37,-89958,1,1,1
37,-89954,0,1,1
37,-89950,0,1,1
37,-89946,1,1,1
37,-89942,1,1,1
37,-89938,0,1,1
37,-89934,0,1,1
37,-89930,1,1,1
37,-89926,0,1,1
37,-89922,0,1,1
37,-89918,0,1,1
37,-89914,1,1,1
37,-89906,0,1,1
37,-89902,0,1,1
37,-89898,1,1,1
37,-89894,1,1,1
37,-89890,0,1,1
37,-89886,0,1,1
37,-89882,1,1,1
37,-89878,1,1,1
37,-89874,0,1,1
37,-89870,0,1,1
37,-89866,1,1,1
37,-89862,1,1,1
37,-89858,0,1,1
37,-89854,0,1,1
37,-89850,1,1,1
37,-89846,1,1,1
37,-89842,0,1,1
37,-89838,0,1,1
37,-89834,1,1,1
37,-89830,1,1,1
37,-89826,0,1,1
37,-89822,0,1,1
37,-89818,1,1,1
37,-89814,1,1,1
37,-89810,0,1,1
37,-89806,0,1,1
37,-89802,1,1,1
37,-89798,1,1,1
37,-89794,0,1,1
37,-89790,0,1,1
37,-89786,1,1,1
37,-89782,1,1,1
37,-89778,0,1,1
37,-89774,0,1,1
37,-89770,1,1,1
37,-89766,1,0,1
37,-89758,0,1,1
37,-89754,1,1,1
37,-89750,1,1,1
37,-89746,0,1,1
37,-89742,0,1,1
37,-89738,1,1,1
37,-89734,1,1,1
37,-89730,0,1,1
37,-89726,0,1,1
37,-89722,1,0,1
37,-89718,1,1,1
37,-89714,0,1,1
37,-89710,0,1,1
37,-89706,1,1,1
37,-89702,0,1,1
37,-89698,0,0,0
37,-89694,0,1,1
37,-89690,1,1,1
37,-89686,1,1,1
37,-89682,0,1,1
37,-89678,0,1,1
37,-89674,1,1,1
37,-89670,0,1,1
37,-89666,0,1,1
37,-89662,0,1,1
37,-89658,1,1,1
37,-89654,1,1,1
37,-89650,0,1,1
37,-89646,0,1,1
37,-89642,1,1,1
37,-89638,1,1,1
37,-89634,0,1,1
37,-89630,0,1,1
37,-89626,1,1,1
37,-89622,1,1,1
37,-89618,0,1,1
37,-89610,1,1,1
37,-89606,1,1,1
37,-89602,0,1,1
37,-89598,0,1,1
37,-89594,1,1,1
37,-89590,1,1,1
37,-89586,0,1,1
37,-89582,0,1,1
37,-89578,1,1,1
37,-89574,1,1,1
37,-89570,0,1,1
37,-89566,0,1,1
37,-89562,0,1,1
37,-89558,1,1,1
37,-89554,0,1,1
37,-89550,0,1,1
37,-89546,1,1,1
37,-89542,1,1,1
37,-89538,0,1,1
37,-89534,0,1,1
37,-89530,1,1,1
37,-89526,1,1,1
37,-89522,0,1,1
37,-89518,0,1,1
37,-89514,1,1,1
37,-89510,1,1,1
37,-89506,0,1,1
37,-89502,0,1,1
37,-89498,1,1,1
37,-89494,1,1,1
37,-89490,0,1,1
37,-89486,0,1,1
37,-89482,1,1,1
37,-89478,1,1,1
37,-89474,0,1,1
37,-89470,0,1,1
37,-89462,1,1,1
37,-89458,0,1,1
37,-89454,0,1,1
37,-89450,1,1,1
37,-89446,1,1,1
37,-89442,0,1,1
37,-89438,0,1,1
37,-89434,1,1,1
37,-89430,1,1,1
37,-89426,0,1,1
37,-89422,0,1,1
37,-89418,1,0,1
37,-89414,1,1,1
37,-89410,0,1,1
37,-89406,0,1,1
37,-89402,1,1,1
37,-89398,1,1,1
37,-89394,0,1,1
37,-89390,0,1,1
37,-89386,1,1,1
37,-89382,1,1,1
37,-89378,0,1,1
37,-89374,0,1,1
37,-89370,1,1,1
37,-89366,1,1,1
37,-89362,0,1,1
37,-89358,0,1,1
37,-89354,1,1,1
37,-89350,1,1,1
37,-89346,0,1,1
37,-89342,0,1,1
37,-89338,1,1,1
37,-89334,1,1,1
37,-89330,0,1,1
37,-89326,0,1,1
37,-89322,1,1,1
37,-89314,0,1,1
37,-89310,0,1,1
37,-89306,1,1,1
37,-89302,1,1,1
37,-89298,0,1,1
37,-89294,0,1,1
37,-89290,1,1,1
37,-89286,1,1,1
37,-89282,0,1,1
37,-89278,0,1,1
37,-89274,1,1,1
37,-89270,1,1,1
37,-89266,0,1,1
37,-89262,0,1,1
37,-89258,1,1,1
37,-89254,1,1,1
37,-89250,0,1,1
37,-89246,0,1,1
37,-89242,1,1,1
37,-89238,1,1,1
37,-89234,0,1,1
37,-89230,0,1,1
37,-89226,1,1,1
37,-89222,0,1,1
37,-89218,0,1,1
37,-89214,0,1,1
37,-89210,1,1,1
37,-89206,1,1,1
37,-89202,0,1,1
37,-89198,0,1,1
37,-89194,1,1,1
37,-89190,1,1,1
37,-89186,0,1,1
37,-89182,0,0,0
37,-89178,0,1,1
37,-89174,1,1,1
37,-89166,0,1,1
37,-89162,1,1,1
37,-89158,1,1,1
37,-89154,0,1,1
37,-89150,0,1,1
37,-89146,1,1,1
37,-89142,1,1,1
37,-89138,0,1,1
37,-89134,0,1,1
37,-89130,1,1,1
37,-89126,1,1,1
37,-89122,0,1,1
37,-89118,0,1,1
37,-89114,1,1,1
37,-89110,1,1,1
37,-89106,0,1,1
37,-89102,0,1,1
37,-89098,1,1,1
37,-89094,1,0,1
37,-89090,0,1,1
37,-89086,0,1,1
37,-89082,1,1,1
37,-89078,1,1,1
37,-89074,0,1,1
37,-89070,0,1,1
37,-89066,1,1,1
37,-89062,1,1,1
37,-89058,0,1,1
37,-89054,0,1,1
37,-89050,1,1,1
37,-89046,1,1,1
37,-89042,0,1,1
37,-89038,0,1,1
37,-89034,1,1,1
37,-89030,1,1,1
37,-89026,0,1,1
37,-89018,1,1,1
37,-89014,1,1,1
37,-89010,0,1,1
37,-89006,0,1,1
37,-89002,1,1,1
37,-88998,1,1,1
37,-88994,0,1,1
37,-88990,0,1,1
37,-88986,1,1,1
37,-88982,1,1,1
37,-88978,0,1,1
37,-88974,0,0,0
37,-88970,1,1,1
37,-88966,1,1,1
37,-88962,0,1,1
37,-88958,0,1,1
37,-88954,1,1,1
37,-88950,1,0,1
37,-88946,0,1,1
37,-88942,0,1,1
37,-88938,1,1,1
37,-88934,1,1,1
37,-88930,0,1,1
37,-88926,0,0,0
37,-88922,1,1,1
37,-88918,1,1,1
37,-88914,0,1,1
37,-88910,0,1,1
37,-88906,1,1,1
37,-88902,1,1,1
37,-88898,0,1,1
37,-88894,0,1,1
37,-88890,0,1,1
37,-88886,1,1,1
37,-88882,0,1,1
37,-88878,0,1,1
37,-88870,1,1,1
37,-88866,0,1,1
37,-88862,0,1,1
37,-88858,1,1,1
37,-88854,1,1,1
37,-88850,0,1,1
37,-88846,0,1,1
37,-88842,1,1,1
37,-88838,1,1,1
37,-88834,0,1,1
37,-88830,0,1,1
37,-88826,1,0,1
37,-88822,1,1,1
37,-88818,0,1,1
37,-88814,0,1,1
37,-88810,1,1,1
37,-88806,1,0,1
37,-88802,0,1,1
37,-88798,0,1,1
37,-88794,1,1,1
37,-88790,1,1,1
37,-88786,0,1,1
37,-88782,0,1,1
37,-88778,1,1,1
37,-88774,1,1,1
37,-88770,0,1,1
37,-88766,0,1,1
37,-88762,1,1,1
37,-88758,1,1,1
37,-88754,0,1,1
37,-88750,0,1,1
37,-88746,1,1,1
37,-88742,1,1,1
37,-88738,0,1,1
37,-88734,0,1,1
37,-88730,1,1,1
37,-88722,0,0,0
37,-88718,0,1,1
37,-88714,1,1,1
37,-88710,1,1,1
37,-88706,0,1,1
37,-88702,0,1,1
37,-88698,1,1,1
37,-88694,1,1,1
37,-88690,0,1,1
37,-88686,0,1,1
37,-88682,1,1,1
37,-88678,1,1,1
37,-88674,0,1,1
37,-88670,0,1,1
37,-88666,1,1,1
37,-88662,1,0,1
37,-88658,0,1,1
37,-88654,0,1,1
37,-88650,1,1,1
37,-88646,1,1,1
37,-88642,0,1,1
37,-88638,0,1,1
37,-88634,1,1,1
37,-88630,1,1,1
37,-88626,0,1,1
37,-88622,0,1,1
37,-88618,1,1,1
37,-88614,1,1,1
37,-88610,0,1,1
37,-88606,0,1,1
37,-88602,1,1,1
37,-88598,1,1,1
37,-88594,0,1,1
37,-88590,0,1,1
37,-88586,1,1,1
37,-88582,1,1,1
37,-88574,0,1,1
37,-88570,1,1,1
37,-88566,1,1,1
37,-88562,0,1,1
37,-88558,0,1,1
37,-88554,1,1,1
37,-88550,1,1,1
37,-88546,0,1,1
37,-88542,0,1,1
37,-88538,1,1,1
37,-88534,1,1,1
37,-88530,0,1,1
37,-88526,0,1,1
37,-88522,1,1,1
37,-88518,1,1,1
37,-88514,0,1,1
37,-88510,0,1,1
37,-88506,1,1,1
37,-88502,1,1,1
37,-88498,0,1,1
37,-88494,0,1,1
37,-88490,1,1,1
37,-88486,1,1,1
37,-88482,0,1,1
37,-88478,0,1,1
37,-88474,1,1,1
37,-88470,1,1,1
37,-88466,0,1,1
37,-88462,0,1,1
37,-88458,1,1,1
37,-88454,1,1,1
37,-88450,0,1,1
37,-88446,0,1,1
37,-88442,0,1,1
37,-88438,1,1,1
37,-88434,0,1,1
37,-88426,1,1,1
37,-88422,1,1,1
37,-88418,0,1,1
37,-88414,0,1,1
37,-88410,1,1,1
37,-88406,1,1,1
37,-88402,0,1,1
37,-88398,0,1,1
37,-88394,1,1,1
37,-88390,1,1,1
37,-88386,0,1,1
37,-88382,0,1,1
37,-88378,1,1,1
37,-88374,1,1,1
37,-88370,0,1,1
37,-88366,0,1,1
37,-88362,1,1,1
37,-88358,1,1,1
37,-88354,0,1,1
37,-88350,0,1,1
37,-88346,1,1,1
37,-88342,1,1,1
37,-88338,0,1,1
37,-88334,0,1,1
37,-88330,1,1,1
37,-88326,1,0,1
37,-88322,0,1,1
37,-88318,0,1,1
37,-88314,1,1,1
37,-88310,1,1,1
37,-88306,0,1,1
37,-88302,0,1,1
37,-88298,1,1,1
37,-88294,1,1,1
37,-88290,0,1,1
37,-88286,0,1,1
37,-88278,1,1,1
37,-88274,0,1,1
37,-88270,0,1,1
37,-88266,1,1,1
37,-88262,1,1,1
37,-88258,0,1,1
37,-88254,0,1,1
37,-88250,1,1,1
37,-88246,1,1,1
37,-88242,0,1,1
37,-88238,0,1,1
37,-88234,1,1,1
37,-88230,1,1,1
37,-88226,0,1,1
37,-88222,0,1,1
37,-88218,1,1,1
37,-88214,1,1,1
37,-88210,0,1,1
37,-88206,0,1,1
37,-88202,1,1,1
37,-88198,1,1,1
37,-88194,0,1,1
37,-88190,0,1,1
37,-88186,1,1,1
37,-88182,1,1,1
37,-88178,0,1,1
37,-88174,0,1,1
37,-88170,1,1,1
37,-88166,1,1,1
37,-88162,0,1,1
37,-88158,0,1,1
37,-88154,1,1,1
37,-88150,1,1,1
37,-88146,0,1,1
37,-88142,0,1,1
37,-88138,1,1,1
37,-88130,0,1,1
37,-88126,0,1,1
37,-88122,1,1,1
37,-88118,1,1,1
37,-88114,0,1,1
37,-88110,0,1,1
37,-88106,1,1,1
37,-88102,1,1,1
37,-88098,0,1,1
37,-88094,0,1,1
37,-88090,1,1,1
37,-88086,1,1,1
37,-88082,0,1,1
37,-88078,0,0,0
37,-88074,1,1,1
37,-88070,1,1,1
37,-88066,0,1,1
37,-88062,0,1,1
37,-88058,1,1,1
37,-88054,1,1,1
37,-88050,0,1,1
37,-88046,0,1,1
37,-88042,1,1,1
37,-88038,1,1,1
37,-88034,0,1,1
37,-88030,0,1,1
37,-88026,1,1,1
37,-88022,1,1,1
37,-88018,0,1,1
37,-88014,0,1,1
37,-88010,1,1,1
37,-88006,1,1,1
37,-88002,0,1,1
37,-87998,0,1,1
37,-87994,1,1,1
37,-87990,1,1,1
37,-87982,0,1,1
37,-87978,1,1,1
37,-87974,1,1,1
37,-87970,0,1,1
37,-87966,0,1,1
37,-87962,1,0,1
37,-87958,1,1,1
37,-87954,0,1,1
37,-87950,0,1,1
37,-87946,1,1,1
37,-87942,1,1,1
37,-87938,0,1,1
37,-87934,0,0,0
37,-87930,1,1,1
37,-87926,1,1,1
37,-87922,0,0,0
37,-87918,0,1,1
37,-87914,1,1,1
37,-87910,1,1,1
37,-87906,0,1,1
37,-87902,0,1,1
37,-87898,1,1,1
37,-87894,1,1,1
37,-87890,0,1,1
37,-87886,0,1,1
37,-87882,1,1,1
37,-87878,1,1,1
37,-87874,0,1,1
37,-87870,0,1,1
37,-87866,1,1,1
37,-87862,1,0,1
37,-87858,0,1,1
37,-87854,0,1,1
37,-87850,1,1,1
37,-87846,1,1,1
37,-87842,0,1,1
37,-87834,1,1,1
37,-87830,1,1,1
37,-87826,0,1,1
37,-87822,0,1,1
37,-87818,1,1,1
37,-87814,1,1,1
37,-87810,0,1,1
37,-87806,0,1,1
37,-87802,1,1,1
37,-87798,1,1,1
37,-87794,0,1,1
37,-87790,0,1,1
37,-87786,1,1,1
37,-87782,1,1,1
37,-87778,0,1,1
37,-87774,0,1,1
37,-87770,1,1,1
37,-87766,1,1,1
37,-87762,0,1,1
37,-87758,0,1,1
37,-87754,1,1,1
37,-87750,1,1,1
37,-87746,0,1,1
37,-87742,0,1,1
37,-87738,1,1,1
37,-87734,1,1,1
37,-87730,0,1,1
37,-87726,0,1,1
37,-87722,1,1,1
37,-87718,1,1,1
37,-87714,0,1,1
37,-87710,0,1,1
37,-87706,1,1,1
37,-87702,1,1,1
37,-87698,0,1,1
37,-87694,0,1,1
37,-87686,1,1,1
37,-87682,0,1,1
37,-87678,0,1,1
37,-87674,1,1,1
37,-87670,1,1,1
37,-87666,0,1,1
37,-87662,0,1,1
37,-87658,1,1,1
37,-87654,1,1,1
37,-87650,0,1,1
37,-87646,0,1,1
37,-87642,1,1,1
37,-87638,1,1,1
37,-87634,0,1,1
37,-87630,0,1,1
37,-87626,1,1,1
37,-87622,1,1,1
37,-87618,0,1,1
37,-87614,0,1,1
37,-87610,1,1,1
37,-87606,1,1,1
37,-87602,0,1,1
37,-87598,0,1,1
37,-87594,1,1,1
37,-87590,1,1,1
37,-87586,0,1,1
37,-87582,0,1,1
37,-87578,1,1,1
37,-87574,1,1,1
37,-87570,0,1,1
37,-87566,0,1,1
37,-87562,1,1,1
37,-87558,1,1,1
37,-87554,0,1,1
37,-87550,0,1,1
37,-87546,1,1,1
37,-87538,0,1,1
37,-87534,0,1,1
37,-87530,1,1,1
37,-87526,1,1,1
37,-87522,0,1,1
37,-87518,0,1,1
37,-87514,1,1,1
37,-87510,1,1,1
37,-87506,0,1,1
37,-87502,0,1,1
37,-87498,1,1,1
37,-87494,1,1,1
37,-87490,0,1,1
37,-87486,0,1,1
37,-87482,1,1,1
37,-87478,1,1,1
37,-87474,0,1,1
37,-87470,0,1,1
37,-87466,1,1,1
37,-87462,0,0,0
37,-87458,0,1,1
37,-87454,0,1,1
37,-87450,1,1,1
37,-87446,1,1,1
37,-87442,0,1,1
37,-87438,0,1,1
37,-87434,1,1,1
37,-87430,1,1,1
37,-87426,0,1,1
37,-87422,0,0,0
37,-87418,1,1,1
37,-87414,1,1,1
37,-87410,0,1,1
37,-87406,0,1,1
37,-87402,1,1,1
37,-87398,1,0,1
37,-87390,0,1,1
37,-87386,1,0,1
37,-87382,1,1,1
37,-87378,0,1,1
37,-87374,0,0,0
37,-87370,1,1,1
37,-87366,1,1,1
37,-87362,0,1,1
37,-87358,0,1,1
37,-87354,1,1,1
37,-87350,1,1,1
37,-87346,0,1,1
37,-87342,0,1,1
37,-87338,1,1,1
37,-87334,1,1,1
37,-87330,0,1,1
37,-87326,0,1,1
37,-87322,1,1,1
37,-87318,1,0,1
37,-87314,0,1,1
37,-87310,0,1,1
37,-87306,1,1,1
37,-87302,1,1,1
37,-87298,0,1,1
37,-87294,0,0,0
37,-87290,1,1,1
37,-87286,1,1,1
37,-87282,0,1,1
37,-87278,0,1,1
37,-87274,1,1,1
37,-87270,1,1,1
37,-87266,0,1,1
37,-87262,0,1,1
37,-87258,1,1,1
37,-87254,1,1,1
37,-87250,0,1,1
37,-87242,1,1,1
37,-87238,1,1,1
37,-87234,0,1,1
37,-87230,0,1,1
37,-87226,1,1,1
37,-87222,1,1,1
37,-87218,0,1,1
37,-87214,0,1,1
37,-87210,1,1,1
37,-87206,1,1,1
37,-87202,0,1,1
37,-87198,0,1,1
37,-87194,1,1,1
37,-87190,1,1,1
37,-87186,0,1,1
37,-87182,0,1,1
37,-87178,1,1,1
37,-87174,1,1,1
37,-87170,0,1,1
37,-87166,0,1,1
37,-87162,1,1,1
37,-87158,1,1,1
37,-87154,0,1,1
37,-87150,0,1,1
37,-87146,1,1,1
37,-87142,1,1,1
37,-87138,0,1,1
37,-87134,0,1,1
37,-87130,1,1,1
37,-87126,1,1,1
37,-87122,0,1,1
37,-87118,0,1,1
37,-87114,1,1,1
37,-87110,1,1,1
37,-87106,0,1,1
37,-87102,0,0,0
37,-87094,1,1,1
37,-87090,0,1,1
37,-87086,0,1,1
37,-87082,1,1,1
37,-87078,1,1,1
37,-87074,0,1,1
37,-87070,0,1,1
37,-87066,1,1,1
37,-87062,1,1,1
37,-87058,0,1,1
37,-87054,0,1,1
37,-87050,1,1,1
37,-87046,1,1,1
37,-87042,0,1,1
37,-87038,0,0,0
37,-87034,1,1,1
37,-87030,1,1,1
37,-87026,0,1,1
37,-87022,0,1,1
37,-87018,1,1,1
37,-87014,1,1,1
37,-87010,0,1,1
37,-87006,0,1,1
37,-87002,1,1,1
37,-86998,1,1,1
37,-86994,0,1,1
37,-86990,0,1,1
37,-86986,1,1,1
37,-86982,1,1,1
37,-86978,0,1,1
37,-86974,0,1,1
37,-86970,1,1,1
37,-86966,1,1,1
37,-86962,0,1,1
37,-86958,0,1,1
37,-86954,1,1,1
37,-86946,0,1,1
37,-86942,0,1,1
37,-86938,1,1,1
37,-86934,1,1,1
37,-86930,0,1,1
37,-86926,0,1,1
37,-86922,1,1,1
37,-86918,1,1,1
37,-86914,0,1,1
37,-86910,0,1,1
37,-86906,1,1,1
37,-86902,1,1,1
37,-86898,0,1,1
37,-86894,0,1,1
37,-86890,1,1,1
37,-86886,1,1,1
37,-86882,0,1,1
37,-86878,0,1,1
37,-86874,1,1,1
37,-86870,1,1,1
37,-86866,0,1,1
37,-86862,0,1,1
37,-86858,1,1,1
37,-86854,1,1,1
37,-86850,0,1,1
37,-86846,0,1,1
37,-86842,1,1,1
37,-86838,1,1,1
37,-86834,0,1,1
37,-86830,0,1,1
37,-86826,1,1,1
37,-86822,1,1,1
37,-86818,0,1,1
37,-86814,0,1,1
37,-86810,1,1,1
37,-86806,1,1,1
37,-86798,0,1,1
37,-86794,1,1,1
37,-86790,1,1,1
37,-86786,0,1,1
37,-86782,0,1,1
37,-86778,1,1,1
37,-86774,1,1,1
37,-86770,0,1,1
37,-86766,0,1,1
37,-86762,1,1,1
37,-86758,1,1,1
37,-86754,0,1,1
37,-86750,0,1,1
37,-86746,1,1,1
37,-86742,1,1,1
37,-86738,0,1,1
37,-86734,0,1,1
37,-86730,1,1,1
37,-86726,1,0,1
37,-86722,0,1,1
37,-86718,0,1,1
37,-86714,1,1,1
37,-86710,1,1,1
37,-86706,0,1,1
37,-86702,0,1,1
37,-86698,1,1,1
37,-86694,1,1,1
37,-86690,0,1,1
37,-86686,0,1,1
37,-86682,1,1,1
37,-86678,1,1,1
37,-86674,0,1,1
37,-86670,0,1,1
37,-86666,1,1,1
37,-86662,1,1,1
37,-86658,0,1,1
37,-86650,1,1,1
37,-86646,1,1,1
37,-86642,0,1,1
37,-86638,0,1,1
37,-86634,1,1,1
37,-86630,1,1,1
37,-86626,0,1,1
37,-86622,0,1,1
37,-86618,1,1,1
37,-86614,1,1,1
37,-86610,0,1,1
37,-86606,0,1,1
37,-86602,1,1,1
37,-86598,1,1,1
37,-86594,0,1,1
37,-86590,0,1,1
37,-86586,1,1,1
37,-86582,1,1,1
37,-86578,0,1,1
37,-86574,0,1,1
37,-86570,1,1,1
37,-86566,1,1,1
37,-86562,0,1,1
37,-86558,0,1,1
37,-86554,1,1,1
37,-86550,1,1,1
37,-86546,0,1,1
37,-86542,0,1,1
37,-86538,1,1,1
37,-86534,1,1,1
37,-86530,0,1,1
37,-86526,0,1,1
37,-86522,1,1,1
37,-86518,1,1,1
37,-86514,0,1,1
37,-86510,0,1,1
37,-86502,1,1,1
37,-86498,0,1,1
37,-86494,0,1,1
37,-86490,1,1,1
37,-86486,1,1,1
37,-86482,0,1,1
37,-86478,0,1,1
37,-86474,1,1,1
37,-86470,1,1,1
37,-86466,0,1,1
37,-86462,0,1,1
37,-86458,1,1,1
37,-86454,1,1,1
37,-86450,0,1,1
37,-86446,0,0,0
37,-86442,1,1,1
37,-86438,1,1,1
37,-86434,0,1,1
37,-86430,0,1,1
37,-86426,1,1,1
37,-86422,1,1,1
37,-86418,0,1,1
37,-86414,0,1,1
37,-86410,1,1,1
37,-86406,1,1,1
37,-86402,0,1,1
37,-86398,0,1,1
37,-86394,1,1,1
37,-86390,1,1,1
37,-86386,0,1,1
37,-86382,0,1,1
37,-86378,1,1,1
37,-86374,1,1,1
37,-86370,0,1,1
37,-86366,0,1,1
37,-86362,1,1,1
37,-86354,0,1,1
37,-86350,0,1,1
37,-86346,1,1,1
37,-86342,1,1,1
37,-86338,0,1,1
37,-86334,0,1,1
37,-86330,1,1,1
37,-86326,1,1,1
37,-86322,0,1,1
37,-86318,0,1,1
37,-86314,1,1,1
37,-86310,1,1,1
37,-86306,0,1,1
37,-86302,0,1,1
37,-86298,1,0,1
37,-86294,1,1,1
37,-86290,0,1,1
37,-86286,0,1,1
37,-86282,1,1,1
37,-86278,1,1,1
37,-86274,0,1,1
37,-86270,0,1,1
37,-86266,1,1,1
37,-86262,1,1,1
37,-86258,0,1,1
37,-86254,0,1,1
37,-86250,1,1,1
37,-86246,1,1,1
37,-86242,0,1,1
37,-86238,0,1,1
37,-86234,1,1,1
37,-86230,1,1,1
37,-86226,0,1,1
37,-86222,0,1,1
37,-86218,1,1,1
37,-86214,1,1,1
37,-86206,0,1,1
37,-86202,1,1,1
37,-86198,1,1,1
37,-86194,0,1,1
37,-86190,0,1,1
37,-86186,1,1,1
37,-86182,1,1,1
37,-86178,0,1,1
37,-86174,0,1,1
37,-86170,1,1,1
37,-86166,1,1,1
37,-86162,0,1,1
37,-86158,0,1,1
37,-86154,1,1,1
37,-86150,1,1,1
37,-86146,0,1,1
37,-86142,0,1,1
37,-86138,1,1,1
37,-86134,1,1,1
37,-86130,0,1,1
37,-86126,0,1,1
37,-86122,1,1,1
37,-86118,0,1,1
37,-86114,0,1,1
37,-86110,0,1,1
37,-86106,1,1,1
37,-86102,1,1,1
37,-86098,0,1,1
37,-86094,0,1,1
37,-86090,1,1,1
37,-86086,1,1,1
37,-86082,0,0,0
37,-86078,0,1,1
37,-86074,1,1,1
37,-86070,1,1,1
37,-86066,0,1,1
37,-86058,1,1,1
37,-86054,1,1,1
37,-86050,0,1,1
37,-86046,0,1,1
37,-86042,1,1,1
37,-86038,1,1,1
37,-86034,0,1,1
37,-86030,0,1,1
37,-86026,1,1,1
37,-86022,1,1,1
37,-86018,0,1,1
37,-86014,0,1,1
37,-86010,1,1,1
37,-86006,1,1,1
37,-86002,0,1,1
37,-85998,0,1,1
37,-85994,1,1,1
37,-85990,1,1,1
37,-85986,0,1,1
37,-85982,0,1,1
37,-85978,1,1,1
37,-85974,1,1,1
37,-85970,0,1,1
37,-85966,0,1,1
37,-85962,1,1,1
37,-85958,1,1,1
37,-85954,0,1,1
37,-85950,0,1,1
37,-85946,1,1,1
37,-85942,1,1,1
37,-85938,0,1,1
37,-85934,0,1,1
37,-85930,1,1,1
37,-85926,1,1,1
37,-85922,0,1,1
37,-85918,0,1,1
37,-85910,1,1,1
37,-85906,0,1,1
37,-85902,0,1,1
37,-85898,1,1,1
37,-85894,1,1,1
37,-85890,0,1,1
37,-85886,0,1,1
37,-85882,1,1,1
37,-85878,1,1,1
37,-85874,0,1,1
37,-85870,0,1,1
37,-85866,1,1,1
37,-85862,1,1,1
37,-85858,0,1,1
37,-85854,0,1,1
37,-85850,1,1,1
37,-85846,1,1,1
37,-85842,0,1,1
37,-85838,0,1,1
37,-85834,1,1,1
37,-85830,1,1,1
37,-85826,0,1,1
37,-85822,0,1,1
37,-85818,1,1,1
37,-85814,1,1,1
37,-85810,0,1,1
37,-85806,0,1,1
37,-85802,1,1,1
37,-85798,1,1,1
37,-85794,0,1,1
37,-85790,0,1,1
37,-85786,1,1,1
37,-85782,1,1,1
37,-85778,0,1,1
37,-85774,0,1,1
37,-85770,1,1,1
37,-85762,0,1,1
37,-85758,0,1,1
37,-85754,1,1,1
37,-85750,1,1,1
37,-85746,0,1,1
37,-85742,0,1,1
37,-85738,1,1,1
37,-85734,0,1,1
37,-85730,0,1,1
37,-85726,0,1,1
37,-85722,1,1,1
37,-85718,1,1,1
37,-85714,0,1,1
37,-85710,0,1,1
37,-85706,1,1,1
37,-85702,1,1,1
37,-85698,0,1,1
37,-85694,0,1,1
37,-85690,1,1,1
37,-85686,1,1,1
37,-85682,0,1,1
37,-85678,0,1,1
37,-85674,1,1,1
37,-85670,1,1,1
37,-85666,0,1,1
37,-85662,0,1,1
37,-85658,1,1,1
37,-85654,1,1,1
37,-85650,0,1,1
37,-85646,0,1,1
37,-85642,1,1,1
37,-85638,1,1,1
37,-85634,0,1,1
37,-85630,0,1,1
37,-85626,1,1,1
37,-85622,1,1,1
37,-85614,0,1,1
37,-85610,1,1,1
37,-85606,1,1,1
37,-85602,0,0,0
37,-85598,0,1,1
37,-85594,1,1,1
37,-85590,1,1,1
37,-85586,0,1,1
37,-85582,0,1,1
37,-85578,1,1,1
37,-85574,1,1,1
37,-85570,0,1,1
37,-85566,0,1,1
37,-85562,1,1,1
37,-85558,1,1,1
37,-85554,0,1,1
37,-85550,0,1,1
37,-85546,1,1,1
37,-85542,1,1,1
37,-85538,0,1,1
37,-85534,0,1,1
37,-85530,1,1,1
37,-85526,1,1,1
37,-85522,0,1,1
37,-85518,0,1,1
37,-85514,1,1,1
37,-85510,1,1,1
37,-85506,0,1,1
37,-85502,0,1,1
37,-85498,1,1,1
37,-85494,1,1,1
37,-85490,0,1,1
37,-85486,0,1,1
37,-85482,1,1,1
37,-85478,1,1,1
37,-85474,0,1,1
37,-85466,1,1,1
37,-85462,1,1,1
37,-85458,0,1,1
37,-85454,0,1,1
37,-85450,1,1,1
37,-85446,1,1,1
37,-85442,0,1,1
37,-85438,0,0,0
37,-85434,1,1,1
37,-85430,1,1,1
37,-85426,0,1,1
37,-85422,0,1,1
37,-85418,1,1,1
37,-85414,1,1,1
37,-85410,0,1,1
37,-85406,0,1,1
37,-85402,1,1,1
37,-85398,1,1,1
37,-85394,0,1,1
37,-85390,0,1,1
37,-85386,1,1,1
37,-85382,1,1,1
37,-85378,0,1,1
37,-85374,0,1,1
37,-85370,1,1,1
37,-85366,1,1,1
37,-85362,0,1,1
37,-85358,0,1,1
37,-85354,1,1,1
37,-85350,1,1,1
37,-85346,0,1,1
37,-85342,0,1,1
37,-85338,0,1,1
37,-85334,1,1,1
37,-85330,0,1,1
37,-85326,0,1,1
37,-85318,1,1,1
37,-85314,0,1,1
37,-85310,0,1,1
37,-85306,1,1,1
37,-85302,1,1,1
37,-85298,0,0,0
37,-85294,0,1,1
37,-85290,1,1,1
37,-85286,1,1,1
37,-85282,0,1,1
37,-85278,0,1,1
37,-85274,1,1,1
37,-85270,1,1,1
37,-85266,0,1,1
37,-85262,0,1,1
37,-85258,1,1,1
37,-85254,1,1,1
37,-85250,0,1,1
37,-85246,0,1,1
37,-85242,0,1,1
37,-85238,1,1,1
37,-85234,0,1,1
37,-85230,0,1,1
37,-85226,1,1,1
37,-85222,1,1,1
37,-85218,0,1,1
37,-85214,0,1,1
37,-85210,1,1,1
37,-85206,1,1,1
37,-85202,0,1,1
37,-85198,0,1,1
37,-85194,1,1,1
37,-85190,1,1,1
37,-85186,0,1,1
37,-85182,0,1,1
37,-85178,1,1,1
37,-85170,0,1,1
37,-85166,0,1,1
37,-85162,1,1,1
37,-85158,1,1,1
37,-85154,0,1,1
37,-85150,0,1,1
37,-85146,1,1,1
37,-85142,1,1,1
37,-85138,0,1,1
37,-85134,0,1,1
37,-85130,1,1,1
37,-85126,1,1,1
37,-85122,0,1,1
37,-85118,0,1,1
37,-85114,1,1,1
37,-85110,1,1,1
37,-85106,0,1,1
37,-85102,0,1,1
37,-85098,1,1,1
37,-85094,1,1,1
37,-85090,0,1,1
37,-85086,0,1,1
37,-85082,1,1,1
37,-85078,1,1,1
37,-85074,0,1,1
37,-85070,0,1,1
37,-85066,1,1,1
37,-85062,1,1,1
37,-85058,0,1,1
37,-85054,0,0,0
37,-85050,1,1,1
37,-85046,1,1,1
37,-85042,0,1,1
37,-85038,0,1,1
37,-85034,1,1,1
37,-85030,1,1,1
37,-85022,0,1,1
37,-85018,1,1,1
37,-85014,1,1,1
37,-85010,0,1,1
37,-85006,0,1,1
37,-85002,1,1,1
37,-84998,1,1,1
37,-84994,0,1,1
37,-84990,0,1,1
37,-84986,1,1,1
37,-84982,1,1,1
37,-84978,0,1,1
37,-84974,0,1,1
37,-84970,1,1,1
37,-84966,1,1,1
37,-84962,0,1,1
37,-84958,0,1,1
37,-84954,1,1,1
37,-84950,1,1,1
37,-84946,0,1,1
37,-84942,0,1,1
37,-84938,1,1,1
37,-84934,1,1,1
37,-84930,0,1,1
37,-84926,0,1,1
37,-84922,1,1,1
37,-84918,1,1,1
37,-84914,0,1,1
37,-84910,0,1,1
37,-84906,1,1,1
37,-84902,1,1,1
37,-84898,0,1,1
37,-84894,0,1,1
37,-84890,1,1,1
37,-84886,1,1,1
37,-84882,0,1,1
37,-84874,1,1,1
37,-84870,1,1,1
37,-84866,0,1,1
37,-84862,0,1,1
37,-84858,1,0,1
37,-84854,1,1,1
37,-84850,0,1,1
37,-84846,0,1,1
37,-84842,1,1,1
37,-84838,1,1,1
37,-84834,0,1,1
37,-84830,0,0,0
37,-84826,1,1,1
37,-84822,1,1,1
37,-84818,0,1,1
37,-84814,0,1,1
37,-84810,1,1,1
37,-84806,1,1,1
37,-84802,0,1,1
37,-84798,0,1,1
37,-84794,1,1,1
37,-84790,1,1,1
37,-84786,0,1,1
37,-84782,0,1,1
37,-84778,1,1,1
37,-84774,1,1,1
37,-84770,0,1,1
37,-84766,0,1,1
37,-84762,1,1,1
37,-84758,1,1,1
37,-84754,0,1,1
37,-84750,0,1,1
37,-84746,1,1,1
37,-84742,1,1,1
37,-84738,0,1,1
37,-84734,0,1,1
37,-84726,1,1,1
37,-84722,0,1,1
37,-84718,0,1,1
37,-84714,1,1,1
37,-84710,1,1,1
37,-84706,0,1,1
37,-84702,0,1,1
37,-84698,1,1,1
37,-84694,1,1,1
37,-84690,0,1,1
37,-84686,0,1,1
37,-84682,1,1,1
37,-84678,1,1,1
37,-84674,0,1,1
37,-84670,0,1,1
37,-84666,1,1,1
37,-84662,1,0,1
37,-84658,0,1,1
37,-84654,0,1,1
37,-84650,1,1,1
37,-84646,1,1,1
37,-84642,0,1,1
37,-84638,0,1,1
37,-84634,1,1,1
37,-84630,1,1,1
37,-84626,0,1,1
37,-84622,0,1,1
37,-84618,1,1,1
37,-84614,1,1,1
37,-84610,0,1,1
37,-84606,0,1,1
37,-84602,1,1,1
37,-84598,1,1,1
37,-84594,0,1,1
37,-84590,0,1,1
37,-84586,1,1,1
37,-84578,0,1,1
37,-84574,0,1,1
37,-84570,1,1,1
37,-84566,1,1,1
37,-84562,0,1,1
37,-84558,0,1,1
37,-84554,1,1,1
37,-84550,1,1,1
37,-84546,0,1,1
37,-84542,0,1,1
37,-84538,1,1,1
37,-84534,1,1,1
37,-84530,0,1,1
37,-84526,0,1,1
37,-84522,1,1,1
37,-84518,1,1,1
37,-84514,0,1,1
37,-84510,0,1,1
37,-84506,1,1,1
37,-84502,1,1,1
37,-84498,0,1,1
37,-84494,0,1,1
37,-84490,1,1,1
37,-84486,1,1,1
37,-84482,0,1,1
37,-84478,0,1,1
37,-84474,1,1,1
37,-84470,1,1,1
37,-84466,0,1,1
37,-84462,0,1,1
37,-84458,1,1,1
37,-84454,1,1,1
37,-84450,0,1,1
37,-84446,0,1,1
37,-84442,1,1,1
37,-84438,1,1,1
37,-84430,0,1,1
37,-84426,1,1,1
37,-84422,1,1,1
37,-84418,0,1,1
37,-84414,0,1,1
37,-84410,1,1,1
37,-84406,1,1,1
37,-84402,0,1,1
37,-84398,0,1,1
37,-84394,1,1,1
37,-84390,1,1,1
37,-84386,0,1,1
37,-84382,0,1,1
37,-84378,1,1,1
37,-84374,1,1,1
37,-84370,0,1,1
37,-84366,0,1,1
37,-84362,1,1,1
37,-84358,1,1,1
37,-84354,0,1,1
37,-84350,0,1,1
37,-84346,1,1,1
37,-84342,1,1,1
37,-84338,0,0,0
37,-84334,0,1,1
37,-84330,1,1,1
37,-84326,1,1,1
37,-84322,0,1,1
37,-84318,0,1,1
37,-84314,1,1,1
37,-84310,1,1,1
37,-84306,0,1,1
37,-84302,0,1,1
37,-84298,1,1,1
37,-84294,1,1,1
37,-84290,0,1,1
37,-84282,1,1,1
37,-84278,1,1,1
37,-84274,0,1,1
37,-84270,0,0,0
37,-84266,1,1,1
37,-84262,1,1,1
37,-84258,0,1,1
37,-84254,0,1,1
37,-84250,1,1,1
37,-84246,1,1,1
37,-84242,0,1,1
37,-84238,0,1,1
37,-84234,1,1,1
37,-84230,1,1,1
37,-84226,0,1,1
37,-84222,0,1,1
37,-84218,1,1,1
37,-84214,1,1,1
37,-84210,0,1,1
37,-84206,0,1,1
37,-84202,1,1,1
37,-84198,1,1,1
37,-84194,0,1,1
37,-84190,0,1,1
37,-84186,1,1,1
37,-84182,1,1,1
37,-84178,0,1,1
37,-84174,0,1,1
37,-84170,1,1,1
37,-84166,1,1,1
37,-84162,0,1,1
37,-84158,0,1,1
37,-84154,1,1,1
37,-84150,1,1,1
37,-84146,0,1,1
37,-84142,0,1,1
37,-84134,1,1,1
37,-84130,0,1,1
37,-84126,0,1,1
37,-84122,1,1,1
37,-84118,1,1,1
37,-84114,0,1,1
37,-84110,0,1,1
37,-84106,1,1,1
37,-84102,1,1,1
37,-84098,0,1,1
37,-84094,0,1,1
37,-84090,1,1,1
37,-84086,1,1,1
37,-84082,0,1,1
37,-84078,0,1,1
37,-84074,1,1,1
37,-84070,1,1,1
37,-84066,0,1,1
37,-84062,0,1,1
37,-84058,1,1,1
37,-84054,1,1,1
37,-84050,0,1,1
37,-84046,0,1,1
37,-84042,1,1,1
37,-84038,1,1,1
37,-84034,0,1,1
37,-84030,0,1,1
37,-84026,1,1,1
37,-84022,1,1,1
37,-84018,0,1,1
37,-84014,0,1,1
37,-84010,1,1,1
37,-84006,1,1,1
37,-84002,0,1,1
37,-83998,0,1,1
37,-83994,1,1,1
37,-83986,0,1,1
37,-83982,0,1,1
37,-83978,1,1,1
37,-83974,1,1,1
37,-83970,0,1,1
37,-83966,0,1,1
37,-83962,1,1,1
37,-83958,1,1,1
37,-83954,0,1,1
37,-83950,0,1,1
37,-83946,1,1,1
37,-83942,1,1,1
37,-83938,0,1,1
37,-83934,0,1,1
37,-83930,1,1,1
37,-83926,1,1,1
37,-83922,0,1,1
37,-83918,0,1,1
37,-83914,1,1,1
37,-83910,1,1,1
37,-83906,0,1,1
37,-83902,0,1,1
37,-83898,1,1,1
37,-83894,1,1,1
37,-83890,0,1,1
37,-83886,0,1,1
37,-83882,1,1,1
37,-83878,1,1,1
37,-83874,0,1,1
37,-83870,0,1,1
37,-83866,1,1,1
37,-83862,1,1,1
37,-83858,0,1,1
37,-83854,0,1,1
37,-83850,1,1,1
37,-83846,1,1,1
37,-83838,0,1,1
37,-83834,1,1,1
37,-83830,1,1,1
37,-83826,0,1,1
37,-83822,0,1,1
37,-83818,1,1,1
37,-83814,1,1,1
37,-83810,0,1,1
37,-83806,0,1,1
37,-83802,1,1,1
37,-83798,1,1,1
37,-83794,0,1,1
37,-83790,0,1,1
37,-83786,1,1,1
37,-83782,1,0,1
37,-83778,0,1,1
37,-83774,0,1,1
37,-83770,1,1,1
37,-83766,1,1,1
37,-83762,0,1,1
37,-83758,0,1,1
37,-83754,1,1,1
37,-83750,1,1,1
37,-83746,0,0,0
37,-83742,0,1,1
37,-83738,1,1,1
37,-83734,1,1,1
37,-83730,0,1,1
37,-83726,0,1,1
37,-83722,1,1,1
37,-83718,1,1,1
37,-83714,0,1,1
37,-83710,0,1,1
37,-83706,1,1,1
37,-83702,1,1,1
37,-83698,0,1,1
37,-83690,1,1,1
37,-83686,1,0,1
37,-83682,0,1,1
37,-83678,0,1,1
37,-83674,1,1,1
37,-83670,1,1,1
37,-83666,0,1,1
37,-83662,0,1,1
37,-83658,1,1,1
37,-83654,1,1,1
37,-83650,0,1,1
37,-83646,0,1,1
37,-83642,1,1,1
37,-83638,1,1,1
37,-83634,0,1,1
37,-83630,0,1,1
37,-83626,1,1,1
37,-83622,1,1,1
37,-83618,0,1,1
37,-83614,0,1,1
37,-83610,1,1,1
37,-83606,1,1,1
37,-83602,0,1,1
37,-83598,0,1,1
37,-83594,1,1,1
37,-83590,1,1,1
37,-83586,0,1,1
37,-83582,0,1,1
37,-83578,1,1,1
37,-83574,1,1,1
37,-83570,0,1,1
37,-83566,0,1,1
37,-83562,1,1,1
37,-83558,1,1,1
37,-83554,0,1,1
37,-83550,0,1,1
37,-83542,1,1,1
37,-83538,0,1,1
37,-83534,0,1,1
37,-83530,1,1,1
37,-83526,1,1,1
37,-83522,0,1,1
37,-83518,0,1,1
37,-83514,1,1,1
37,-83510,1,1,1
37,-83506,0,1,1
37,-83502,0,1,1
37,-83498,1,1,1
37,-83494,1,1,1
37,-83490,0,1,1
37,-83486,0,1,1
37,-83482,1,1,1
37,-83478,1,1,1
37,-83474,0,1,1
37,-83470,0,1,1
37,-83466,1,1,1
37,-83462,1,1,1
37,-83458,0,1,1
37,-83454,0,1,1
37,-83450,1,1,1
37,-83446,1,1,1
37,-83442,0,0,0
37,-83438,0,1,1
37,-83434,1,1,1
37,-83430,1,1,1
37,-83426,0,1,1
37,-83422,0,1,1
37,-83418,1,1,1
37,-83414,1,1,1
37,-83410,0,1,1
37,-83406,0,1,1
37,-83402,1,1,1
37,-83394,0,1,1
37,-83390,0,1,1
37,-83386,1,1,1
37,-83382,1,1,1
37,-83378,0,1,1
37,-83374,0,1,1
37,-83370,1,1,1
37,-83366,1,1,1
37,-83362,0,1,1
37,-83358,0,1,1
37,-83354,1,1,1
37,-83350,1,1,1
37,-83346,0,1,1
37,-83342,0,1,1
37,-83338,1,1,1
37,-83334,1,1,1
37,-83330,0,1,1
37,-83326,0,1,1
37,-83322,1,1,1
37,-83318,1,1,1
37,-83314,0,1,1
37,-83310,0,1,1
37,-83306,1,1,1
37,-83302,1,1,1
37,-83298,0,1,1
37,-83294,0,1,1
37,-83290,1,1,1
37,-83286,1,1,1
37,-83282,0,1,1
37,-83278,0,1,1
37,-83274,1,1,1
37,-83270,1,1,1
37,-83266,0,1,1
37,-83262,0,1,1
37,-83258,1,1,1
37,-83254,1,1,1
37,-83246,0,1,1
37,-83242,1,1,1
37,-83238,1,1,1
37,-83234,0,1,1
37,-83230,0,1,1
37,-83226,1,1,1
37,-83222,1,1,1
37,-83218,0,1,1
37,-83214,0,1,1
37,-83210,1,1,1
37,-83206,1,1,1
37,-83202,0,1,1
37,-83198,0,1,1
37,-83194,1,1,1
37,-83190,1,1,1
37,-83186,0,1,1
37,-83182,0,1,1
37,-83178,1,1,1
37,-83174,1,1,1
37,-83170,0,1,1
37,-83166,0,1,1
37,-83162,1,1,1
37,-83158,1,1,1
37,-83154,0,1,1
37,-83150,0,1,1
37,-83146,1,1,1
37,-83142,1,1,1
37,-83138,0,1,1
37,-83134,0,1,1
37,-83130,1,1,1
37,-83126,1,1,1
37,-83122,0,1,1
37,-83118,0,1,1
37,-83114,1,1,1
37,-83110,1,1,1
37,-83106,0,1,1
37,-83098,1,1,1
37,-83094,1,1,1
37,-83090,0,1,1
37,-83086,0,1,1
37,-83082,1,1,1
37,-83078,1,1,1
37,-83074,0,1,1
37,-83070,0,1,1
37,-83066,1,1,1
37,-83062,1,1,1
37,-83058,0,1,1
37,-83054,0,1,1
37,-83050,1,1,1
37,-83046,1,1,1
37,-83042,0,1,1
37,-83038,0,1,1
37,-83034,1,1,1
37,-83030,1,1,1
37,-83026,0,1,1
37,-83022,0,1,1
37,-83018,1,1,1
37,-83014,1,1,1
37,-83010,0,1,1
37,-83006,0,1,1
37,-83002,1,1,1
37,-82998,1,1,1
37,-82994,0,1,1
37,-82990,0,1,1
37,-82986,1,1,1
37,-82982,1,1,1
37,-82978,0,1,1
37,-82974,0,1,1
37,-82970,1,1,1
37,-82966,1,1,1
37,-82962,0,1,1
37,-82958,0,1,1
37,-82950,1,1,1
37,-82946,0,1,1
37,-82942,0,1,1
37,-82938,1,1,1
37,-82934,1,1,1
37,-82930,0,1,1
37,-82926,0,1,1
37,-82922,1,1,1
37,-82918,1,1,1
37,-82914,0,1,1
37,-82910,0,1,1
37,-82906,1,1,1
37,-82902,1,1,1
37,-82898,0,1,1
37,-82894,0,1,1
37,-82890,1,1,1
37,-82886,1,1,1
37,-82882,0,1,1
37,-82878,0,1,1
37,-82874,1,1,1
37,-82870,1,1,1
37,-82866,0,1,1
37,-82862,0,1,1
37,-82858,1,1,1
37,-82854,1,1,1
37,-82850,0,1,1
37,-82846,0,1,1
37,-82842,1,1,1
37,-82838,1,1,1
37,-82834,0,1,1
37,-82830,0,1,1
37,-82826,1,1,1
37,-82822,1,1,1
37,-82818,0,1,1
37,-82814,0,1,1
37,-82810,1,1,1
37,-82802,0,1,1
37,-82798,0,1,1
37,-82794,1,1,1
37,-82790,1,1,1
37,-82786,0,1,1
37,-82782,0,1,1
37,-82778,1,1,1
37,-82774,1,1,1
37,-82770,0,1,1
37,-82766,0,1,1
37,-82762,1,1,1
37,-82758,1,1,1
37,-82754,0,1,1
37,-82750,0,1,1
37,-82746,1,1,1
37,-82742,1,1,1
37,-82738,0,1,1
37,-82734,0,1,1
37,-82730,1,1,1
37,-82726,1,1,1
37,-82722,0,0,0
37,-82718,0,1,1
37,-82714,1,1,1
37,-82710,1,1,1
37,-82706,0,1,1
37,-82702,0,1,1
37,-82698,1,1,1
37,-82694,1,1,1
37,-82690,0,1,1
37,-82686,0,1,1
37,-82682,1,1,1
37,-82678,1,1,1
37,-82674,0,1,1
37,-82670,0,1,1
37,-82666,1,1,1
37,-82662,1,1,1
37,-82654,0,1,1
37,-82650,1,1,1
37,-82646,1,1,1
37,-82642,0,1,1
37,-82638,0,1,1
37,-82634,1,1,1
37,-82630,1,1,1
37,-82626,0,1,1
37,-82622,0,1,1
37,-82618,1,1,1
37,-82614,1,1,1
37,-82610,0,1,1
37,-82606,0,1,1
37,-82602,1,1,1
37,-82598,1,1,1
37,-82594,0,1,1
37,-82590,0,1,1
37,-82586,1,1,1
37,-82582,1,1,1
37,-82578,0,1,1
37,-82574,0,1,1
37,-82570,1,1,1
37,-82566,0,1,1
37,-82562,0,1,1
37,-82558,0,1,1
37,-82554,1,1,1
37,-82550,1,1,1
37,-82546,0,1,1
37,-82542,0,1,1
37,-82538,1,1,1
37,-82534,1,1,1
37,-82530,0,1,1
37,-82526,0,1,1
37,-82522,1,1,1
37,-82518,1,1,1
37,-82514,0,1,1
37,-82506,1,1,1
37,-82502,1,1,1
37,-82498,0,1,1
37,-82494,0,1,1
37,-82490,1,1,1
37,-82486,1,1,1
37,-82482,0,1,1
37,-82478,0,1,1
37,-82474,1,1,1
37,-82470,1,1,1
37,-82466,0,1,1
37,-82462,0,1,1
37,-82458,1,1,1
37,-82454,1,1,1
37,-82450,0,1,1
37,-82446,0,1,1
37,-82442,1,1,1
37,-82438,1,1,1
37,-82434,0,1,1
37,-82430,0,1,1
37,-82426,1,1,1
37,-82422,1,1,1
37,-82418,0,1,1
37,-82414,0,1,1
37,-82410,1,1,1
37,-82406,1,1,1
37,-82402,0,1,1
37,-82398,0,1,1
37,-82394,1,1,1
37,-82390,1,1,1
37,-82386,0,1,1
37,-82382,0,1,1
37,-82378,1,1,1
37,-82374,1,1,1
37,-82370,0,0,0
37,-82366,0,1,1
37,-82358,1,1,1
37,-82354,0,1,1
37,-82350,0,1,1
37,-82346,1,1,1
37,-82342,1,1,1
37,-82338,0,1,1
37,-82334,0,1,1
37,-82330,1,1,1
37,-82326,1,1,1
37,-82322,0,0,0
37,-82318,0,1,1
37,-82314,1,1,1
37,-82310,1,1,1
37,-82306,0,1,1
37,-82302,0,1,1
37,-82298,1,1,1
37,-82294,1,1,1
37,-82290,0,1,1
37,-82286,0,1,1
37,-82282,1,1,1
37,-82278,1,1,1
37,-82274,0,1,1
37,-82270,0,1,1
37,-82266,1,1,1
37,-82262,1,1,1
37,-82258,0,1,1
37,-82254,0,1,1
37,-82250,1,1,1
37,-82246,0,1,1
37,-82242,0,1,1
37,-82238,0,1,1
37,-82234,1,1,1
37,-82230,1,1,1
37,-82226,0,1,1
37,-82222,0,1,1
37,-82218,1,1,1
37,-82210,0,1,1
37,-82206,0,1,1
37,-82202,1,1,1
37,-82198,1,1,1
37,-82194,0,1,1
37,-82190,0,1,1
37,-82186,1,1,1
37,-82182,1,1,1
37,-82178,0,1,1
37,-82174,0,1,1
37,-82170,1,1,1
37,-82166,1,1,1
37,-82162,0,1,1
37,-82158,0,1,1
37,-82154,1,1,1
37,-82150,1,1,1
37,-82146,0,1,1
37,-82142,0,1,1
37,-82138,1,1,1
37,-82134,1,1,1
37,-82130,0,1,1
37,-82126,0,1,1
37,-82122,1,0,1
37,-82118,1,1,1
37,-82114,0,1,1
37,-82110,0,1,1
37,-82106,1,1,1
37,-82102,1,1,1
37,-82098,0,1,1
37,-82094,0,1,1
37,-82090,1,1,1
37,-82086,1,1,1
37,-82082,0,1,1
37,-82078,0,1,1
37,-82074,1,1,1
37,-82070,1,1,1
37,-82062,0,1,1
37,-82058,1,1,1
37,-82054,1,1,1
37,-82050,0,1,1
37,-82046,0,1,1
37,-82042,1,1,1
37,-82038,1,0,1
37,-82034,0,1,1
37,-82030,0,1,1
37,-82026,1,1,1
37,-82022,1,1,1
37,-82018,0,1,1
37,-82014,0,1,1
37,-82010,1,1,1
37,-82006,1,1,1
37,-82002,0,1,1
37,-81998,0,1,1
37,-81994,1,1,1
37,-81990,1,1,1
37,-81986,0,1,1
37,-81982,0,1,1
37,-81978,1,1,1
37,-81974,1,1,1
37,-81970,0,1,1
37,-81966,0,1,1
37,-81962,1,1,1
37,-81958,1,1,1
37,-81954,0,1,1
37,-81950,0,1,1
37,-81946,1,1,1
37,-81942,1,1,1
37,-81938,0,1,1
37,-81934,0,1,1
37,-81930,1,1,1
37,-81926,1,1,1
37,-81922,0,1,1
37,-81914,1,1,1
37,-81910,1,1,1
37,-81906,0,1,1
37,-81902,0,1,1
37,-81898,1,1,1
37,-81894,1,1,1
37,-81890,0,1,1
37,-81886,0,1,1
37,-81882,1,1,1
37,-81878,1,1,1
37,-81874,0,1,1
37,-81870,0,1,1
37,-81866,1,1,1
37,-81862,1,1,1
37,-81858,0,1,1
37,-81854,0,1,1
37,-81850,1,1,1
37,-81846,1,1,1
37,-81842,0,1,1
37,-81838,0,1,1
37,-81834,1,1,1
37,-81830,1,1,1
37,-81826,0,1,1
37,-81822,0,1,1
37,-81818,1,1,1
37,-81814,1,1,1
37,-81810,0,1,1
37,-81806,0,1,1
37,-81802,1,1,1
37,-81798,1,1,1
37,-81794,0,1,1
37,-81790,0,1,1
37,-81786,1,1,1
37,-81782,1,1,1
37,-81778,0,1,1
37,-81774,0,1,1
37,-81766,1,1,1
37,-81762,0,0,0
37,-81758,0,1,1
37,-81754,1,1,1
37,-81750,1,1,1
37,-81746,0,1,1
37,-81742,0,1,1
37,-81738,1,1,1
37,-81734,1,1,1
37,-81730,0,1,1
37,-81726,0,1,1
37,-81722,1,1,1
37,-81718,1,1,1
37,-81714,0,1,1
37,-81710,0,1,1
37,-81706,1,1,1
37,-81702,1,1,1
37,-81698,0,1,1
37,-81694,0,1,1
37,-81690,1,1,1
37,-81686,1,1,1
37,-81682,0,1,1
37,-81678,0,1,1
37,-81674,1,1,1
37,-81670,1,1,1
37,-81666,0,1,1
37,-81662,0,1,1
37,-81658,1,1,1
37,-81654,1,1,1
37,-81650,0,1,1
37,-81646,0,1,1
37,-81642,1,1,1
37,-81638,1,1,1
37,-81634,0,1,1
37,-81630,0,1,1
37,-81626,1,1,1
37,-81618,0,0,0
37,-81614,0,1,1
37,-81610,1,1,1
37,-81606,1,1,1
37,-81602,0,1,1
37,-81598,0,1,1
37,-81594,1,1,1
37,-81590,1,1,1
37,-81586,0,1,1
37,-81582,0,1,1
37,-81578,1,1,1
37,-81574,1,1,1
37,-81570,0,1,1
37,-81566,0,1,1
37,-81562,1,1,1
37,-81558,1,1,1
37,-81554,0,1,1
37,-81550,0,1,1
37,-81546,1,1,1
37,-81542,1,1,1
37,-81538,0,1,1
37,-81534,0,1,1
37,-81530,1,1,1
37,-81526,1,1,1
37,-81522,0,1,1
37,-81518,0,1,1
37,-81514,1,1,1
37,-81510,1,1,1
37,-81506,0,1,1
37,-81502,0,1,1
37,-81498,1,1,1
37,-81494,1,1,1
37,-81490,0,1,1
37,-81486,0,0,0
37,-81482,1,1,1
37,-81478,1,0,1
37,-81470,0,1,1
37,-81466,1,1,1
37,-81462,1,1,1
37,-81458,0,1,1
37,-81454,0,1,1
37,-81450,1,1,1
37,-81446,1,1,1
37,-81442,0,1,1
37,-81438,0,1,1
37,-81434,1,1,1
37,-81430,1,1,1
37,-81426,0,1,1
37,-81422,0,1,1
37,-81418,1,1,1
37,-81414,1,1,1
37,-81410,0,1,1
37,-81406,0,1,1
37,-81402,1,1,1
37,-81398,1,1,1
37,-81394,0,1,1
37,-81390,0,1,1
37,-81386,1,1,1
37,-81382,1,1,1
37,-81378,0,1,1
37,-81374,0,1,1
37,-81370,1,1,1
37,-81366,1,1,1
37,-81362,0,1,1
37,-81358,0,1,1
37,-81354,1,1,1
37,-81350,1,1,1
37,-81346,0,1,1
37,-81342,0,1,1
37,-81338,0,1,1
37,-81334,1,1,1
37,-81330,0,1,1
37,-81322,1,1,1
37,-81318,1,1,1
37,-81314,0,1,1
37,-81310,0,1,1
37,-81306,1,1,1
37,-81302,1,1,1
37,-81298,0,1,1
37,-81294,0,1,1
37,-81290,1,1,1
37,-81286,1,1,1
37,-81282,0,1,1
37,-81278,0,1,1
37,-81274,1,1,1
37,-81270,1,1,1
37,-81266,0,1,1
37,-81262,0,1,1
37,-81258,1,1,1
37,-81254,1,1,1
37,-81250,0,1,1
37,-81246,0,1,1
37,-81242,1,1,1
37,-81238,1,1,1
37,-81234,0,1,1
37,-81230,0,1,1
37,-81226,1,1,1
37,-81222,1,1,1
37,-81218,0,1,1
37,-81214,0,1,1
37,-81210,1,1,1
37,-81206,1,1,1
37,-81202,0,1,1
37,-81198,0,1,1
37,-81194,1,1,1
37,-81190,1,1,1
37,-81186,0,1,1
37,-81182,0,1,1
37,-81174,1,1,1
37,-81170,0,1,1
37,-81166,0,1,1
37,-81162,1,1,1
37,-81158,1,1,1
37,-81154,0,1,1
37,-81150,0,1,1
37,-81146,1,1,1
37,-81142,1,1,1
37,-81138,0,1,1
37,-81134,0,1,1
37,-81130,1,1,1
37,-81126,1,1,1
37,-81122,0,1,1
37,-81118,0,1,1
37,-81114,1,1,1
37,-81110,1,1,1
37,-81106,0,1,1
37,-81102,0,1,1
37,-81098,1,1,1
37,-81094,1,1,1
37,-81090,0,1,1
37,-81086,0,1,1
37,-81082,1,1,1
37,-81078,1,1,1
37,-81074,0,1,1
37,-81070,0,1,1
37,-81066,1,1,1
37,-81062,1,1,1
37,-81058,0,1,1
37,-81054,0,1,1
37,-81050,1,1,1
37,-81046,1,1,1
37,-81042,0,1,1
37,-81038,0,1,1
37,-81034,1,1,1
37,-81026,0,1,1
37,-81022,0,1,1
37,-81018,1,1,1
37,-81014,1,1,1
37,-81010,0,1,1
37,-81006,0,1,1
37,-81002,1,1,1
37,-80998,1,1,1
37,-80994,0,1,1
37,-80990,0,1,1
37,-80986,1,1,1
37,-80982,1,1,1
37,-80978,0,1,1
37,-80974,0,1,1
37,-80970,1,1,1
37,-80966,1,1,1
37,-80962,0,1,1
37,-80958,0,1,1
37,-80954,1,1,1
37,-80950,1,1,1
37,-80946,0,1,1
37,-80942,0,1,1
37,-80938,1,1,1
37,-80934,1,1,1
37,-80930,0,1,1
37,-80926,0,1,1
37,-80922,1,1,1
37,-80918,1,1,1
37,-80914,0,1,1
37,-80910,0,1,1
37,-80906,1,1,1
37,-80902,1,1,1
37,-80898,0,1,1
37,-80894,0,1,1
37,-80890,1,1,1
37,-80886,1,1,1
37,-80878,0,1,1
37,-80874,1,1,1
37,-80870,1,1,1
37,-80866,0,1,1
37,-80862,0,1,1
37,-80858,1,1,1
37,-80854,1,1,1
37,-80850,0,1,1
37,-80846,0,1,1
37,-80842,1,1,1
37,-80838,1,1,1
37,-80834,0,1,1
37,-80830,0,1,1
37,-80826,1,1,1
37,-80822,1,1,1
37,-80818,0,1,1
37,-80814,0,1,1
37,-80810,1,1,1
37,-80806,1,1,1
37,-80802,0,1,1
37,-80798,0,1,1
37,-80794,1,1,1
37,-80790,1,1,1
37,-80786,0,1,1
37,-80782,0,1,1
37,-80778,1,1,1
37,-80774,1,1,1
37,-80770,0,1,1
37,-80766,0,1,1
37,-80762,1,1,1
37,-80758,1,1,1
37,-80754,0,1,1
37,-80750,0,1,1
37,-80746,1,1,1
37,-80742,0,1,1
37,-80738,0,1,1
37,-80730,1,1,1
37,-80726,1,1,1
37,-80722,0,1,1
37,-80718,0,1,1
37,-80714,1,1,1
37,-80710,1,1,1
37,-80706,0,1,1
37,-80702,0,1,1
37,-80698,1,1,1
37,-80694,1,1,1
37,-80690,0,1,1
37,-80686,0,1,1
37,-80682,1,1,1
37,-80678,1,1,1
37,-80674,0,1,1
37,-80670,0,1,1
37,-80666,1,1,1
37,-80662,1,1,1
37,-80658,0,1,1
37,-80654,0,1,1
37,-80650,1,1,1
37,-80646,1,1,1
37,-80642,0,1,1
37,-80638,0,1,1
37,-80634,1,1,1
37,-80630,1,1,1
37,-80626,0,1,1
37,-80622,0,1,1
37,-80618,1,1,1
37,-80614,1,1,1
37,-80610,0,1,1
37,-80606,0,1,1
37,-80602,1,1,1
37,-80598,1,1,1
37,-80594,0,1,1
37,-80590,0,1,1
37,-80582,1,1,1
37,-80578,0,1,1
37,-80574,0,1,1
37,-80570,1,1,1
37,-80566,1,1,1
37,-80562,0,1,1
37,-80558,0,1,1
37,-80554,1,1,1
37,-80550,1,1,1
37,-80546,0,1,1
37,-80542,0,1,1
37,-80538,1,1,1
37,-80534,1,1,1
37,-80530,0,1,1
37,-80526,0,1,1
37,-80522,1,1,1
37,-80518,1,1,1
37,-80514,0,1,1
37,-80510,0,1,1
37,-80506,1,1,1
37,-80502,1,1,1
37,-80498,0,1,1
37,-80494,0,1,1
37,-80490,1,1,1
37,-80486,1,1,1
37,-80482,0,1,1
37,-80478,0,1,1
37,-80474,1,1,1
37,-80470,1,1,1
37,-80466,0,1,1
37,-80462,0,1,1
37,-80458,1,1,1
37,-80454,1,1,1
37,-80450,0,1,1
37,-80446,0,1,1
37,-80442,1,1,1
37,-80434,0,1,1
37,-80430,0,1,1
37,-80426,1,1,1
37,-80422,1,1,1
37,-80418,0,1,1
37,-80414,0,1,1
37,-80410,1,1,1
37,-80406,1,1,1
37,-80402,0,1,1
37,-80398,0,1,1
37,-80394,1,1,1
37,-80390,1,1,1
37,-80386,0,1,1
37,-80382,0,1,1
37,-80378,1,0,1
37,-80374,1,1,1
37,-80370,0,1,1
37,-80366,0,1,1
37,-80362,1,1,1
37,-80358,1,1,1
37,-80354,0,1,1
37,-80350,0,1,1
37,-80346,1,1,1
37,-80342,1,1,1
37,-80338,0,1,1
37,-80334,0,1,1
37,-80330,1,1,1
37,-80326,1,1,1
37,-80322,0,1,1
37,-80318,0,1,1
37,-80314,1,1,1
37,-80310,1,1,1
37,-80306,0,1,1
37,-80302,0,1,1
37,-80298,1,1,1
37,-80294,1,1,1
37,-80286,0,1,1
37,-80282,1,1,1
37,-80278,1,1,1
37,-80274,0,1,1
37,-80270,0,1,1
37,-80266,1,1,1
37,-80262,1,1,1
37,-80258,0,1,1
37,-80254,0,1,1
37,-80250,1,1,1
37,-80246,1,1,1
37,-80242,0,1,1
37,-80238,0,1,1
37,-80234,1,1,1
37,-80230,1,1,1
37,-80226,0,1,1
37,-80222,0,1,1
37,-80218,1,1,1
37,-80214,1,1,1
37,-80210,0,1,1
37,-80206,0,1,1
37,-80202,1,1,1
37,-80198,1,1,1
37,-80194,0,1,1
37,-80190,0,1,1
37,-80186,1,1,1
37,-80182,1,1,1
37,-80178,0,1,1
37,-80174,0,1,1
37,-80170,1,1,1
37,-80166,1,0,1
37,-80162,0,1,1
37,-80158,0,1,1
37,-80154,1,1,1
37,-80150,1,1,1
37,-80146,0,1,1
37,-80138,1,1,1
37,-80134,1,1,1
37,-80130,0,1,1
37,-80126,0,1,1
37,-80122,1,1,1
37,-80118,1,1,1
37,-80114,0,1,1
37,-80110,0,1,1
37,-80106,1,1,1
37,-80102,1,1,1
37,-80098,0,1,1
37,-80094,0,1,1
37,-80090,1,1,1
37,-80086,1,1,1
37,-80082,0,1,1
37,-80078,0,1,1
37,-80074,1,1,1
37,-80070,1,1,1
37,-80066,0,1,1
37,-80062,0,1,1
37,-80058,1,1,1
37,-80054,1,1,1
37,-80050,0,1,1
37,-80046,0,1,1
37,-80042,1,1,1
37,-80038,1,1,1
37,-80034,0,1,1
37,-80030,0,1,1
37,-80026,1,1,1
37,-80022,1,1,1
37,-80018,0,1,1
37,-80014,0,1,1
37,-80010,1,1,1
37,-80006,1,1,1
37,-80002,0,1,1
37,-79998,0,1,1
37,-79990,1,1,1
37,-79986,0,1,1
37,-79982,0,1,1
37,-79978,1,1,1
37,-79974,1,1,1
37,-79970,0,1,1
37,-79966,0,1,1
37,-79962,1,1,1
37,-79958,1,1,1
37,-79954,0,1,1
37,-79950,0,1,1
37,-79946,1,1,1
37,-79942,1,1,1
37,-79938,0,1,1
37,-79934,0,1,1
37,-79930,1,1,1
37,-79926,1,1,1
37,-79922,0,1,1
37,-79918,0,1,1
37,-79914,1,1,1
37,-79910,1,1,1
37,-79906,0,1,1
37,-79902,0,1,1
37,-79898,1,1,1
37,-79894,1,1,1
37,-79890,0,1,1
37,-79886,0,1,1
37,-79882,1,1,1
37,-79878,1,1,1
37,-79874,0,1,1
37,-79870,0,1,1
37,-79866,1,1,1
37,-79862,1,1,1
37,-79858,0,1,1
37,-79854,0,1,1
37,-79850,1,1,1
37,-79842,0,1,1
37,-79838,0,1,1
37,-79834,1,1,1
37,-79830,1,1,1
37,-79826,0,1,1
37,-79822,0,1,1
37,-79818,1,1,1
37,-79814,1,1,1
37,-79810,0,1,1
37,-79806,0,1,1
37,-79802,1,1,1
37,-79798,1,1,1
37,-79794,0,1,1
37,-79790,0,1,1
37,-79786,1,1,1
37,-79782,1,1,1
37,-79778,0,1,1
37,-79774,0,1,1
37,-79770,1,1,1
37,-79766,1,1,1
37,-79762,0,1,1
37,-79758,0,1,1
37,-79754,1,1,1
37,-79750,1,1,1
37,-79746,0,1,1
37,-79742,0,1,1
37,-79738,1,1,1
37,-79734,1,1,1
37,-79730,0,1,1
37,-79726,0,1,1
37,-79722,1,1,1
37,-79718,1,1,1
37,-79714,0,1,1
37,-79710,0,1,1
37,-79706,1,1,1
37,-79702,1,1,1
37,-79694,0,1,1
37,-79690,1,1,1
37,-79686,1,1,1
37,-79682,0,1,1
37,-79678,0,0,0
37,-79674,1,1,1
37,-79670,1,1,1
37,-79666,0,1,1
37,-79662,0,1,1
37,-79658,1,1,1
37,-79654,1,1,1
37,-79650,0,1,1
37,-79646,0,1,1
37,-79642,1,1,1
37,-79638,1,1,1
37,-79634,0,1,1
37,-79630,0,1,1
37,-79626,1,1,1
37,-79622,1,1,1
37,-79618,0,1,1
37,-79614,0,1,1
37,-79610,1,1,1
37,-79606,1,1,1
37,-79602,0,1,1
37,-79598,0,1,1
37,-79594,1,1,1
37,-79590,1,1,1
37,-79586,0,1,1
37,-79582,0,1,1
37,-79578,0,1,1
37,-79574,1,1,1
37,-79570,0,1,1
37,-79566,0,1,1
37,-79562,1,1,1
37,-79558,1,1,1
37,-79554,0,1,1
37,-79546,1,1,1
37,-79542,1,1,1
37,-79538,0,0,0
37,-79534,0,1,1
37,-79530,1,1,1
37,-79526,1,1,1
37,-79522,0,1,1
37,-79518,0,1,1
37,-79514,1,1,1
37,-79510,1,1,1
37,-79506,0,1,1
37,-79502,0,1,1
37,-79498,1,1,1
37,-79494,1,1,1
37,-79490,0,1,1
37,-79486,0,1,1
37,-79482,1,1,1
37,-79478,1,1,1
37,-79474,0,1,1
37,-79470,0,1,1
37,-79466,1,1,1
37,-79462,1,1,1
37,-79458,0,1,1
37,-79454,0,1,1
37,-79450,1,1,1
37,-79446,1,1,1
37,-79442,0,1,1
37,-79438,0,1,1
37,-79434,1,0,1
37,-79430,1,1,1
37,-79426,0,1,1
37,-79422,0,1,1
37,-79418,1,1,1
37,-79414,1,1,1
37,-79410,0,1,1
37,-79406,0,1,1
37,-79398,1,1,1
37,-79394,0,1,1
37,-79390,0,1,1
37,-79386,1,1,1
37,-79382,1,1,1
37,-79378,0,1,1
37,-79374,0,1,1
37,-79370,1,1,1
37,-79366,1,1,1
37,-79362,0,1,1
37,-79358,0,1,1
37,-79354,1,1,1
37,-79350,1,1,1
37,-79346,0,1,1
37,-79342,0,1,1
37,-79338,1,1,1
37,-79334,1,1,1
37,-79330,0,1,1
37,-79326,0,1,1
37,-79322,1,1,1
37,-79318,1,1,1
37,-79314,0,1,1
37,-79310,0,1,1
37,-79306,1,1,1
37,-79302,1,1,1
37,-79298,0,0,0
37,-79294,0,1,1
37,-79290,1,1,1
37,-79286,1,1,1
37,-79282,0,1,1
37,-79278,0,1,1
37,-79274,1,1,1
37,-79270,1,1,1
37,-79266,0,1,1
37,-79262,0,1,1
37,-79258,1,1,1
37,-79250,0,1,1
37,-79246,0,1,1
37,-79242,1,1,1
37,-79238,1,1,1
37,-79234,0,1,1
37,-79230,0,1,1
37,-79226,1,1,1
37,-79222,1,1,1
37,-79218,0,1,1
37,-79214,0,1,1
37,-79210,1,1,1
37,-79206,1,1,1
37,-79202,0,1,1
37,-79198,0,1,1
37,-79194,1,1,1
37,-79190,1,1,1
37,-79186,0,1,1
37,-79182,0,1,1
37,-79178,1,1,1
37,-79174,1,1,1
37,-79170,0,1,1
37,-79166,0,1,1
37,-79162,1,1,1
37,-79158,1,1,1
37,-79154,0,1,1
37,-79150,0,1,1
37,-79146,1,0,1
37,-79142,1,1,1
37,-79138,0,1,1
37,-79134,0,1,1
37,-79130,1,1,1
37,-79126,1,1,1
37,-79122,0,1,1
37,-79118,0,1,1
37,-79114,1,1,1
37,-79110,1,1,1
37,-79102,0,1,1
37,-79098,1,1,1
37,-79094,1,1,1
37,-79090,0,1,1
37,-79086,0,1,1
37,-79082,1,0,1
37,-79078,1,1,1
37,-79074,0,1,1
37,-79070,0,1,1
37,-79066,1,1,1
37,-79062,1,1,1
37,-79058,0,1,1
37,-79054,0,1,1
37,-79050,1,1,1
37,-79046,1,1,1
37,-79042,0,1,1
37,-79038,0,1,1
37,-79034,1,1,1
37,-79030,1,1,1
37,-79026,0,1,1
37,-79022,0,1,1
37,-79018,1,1,1
37,-79014,1,1,1
37,-79010,0,1,1
37,-79006,0,1,1
37,-79002,1,1,1
37,-78998,1,1,1
37,-78994,0,1,1
37,-78990,0,1,1
37,-78986,1,1,1
37,-78982,1,1,1
37,-78978,0,1,1
37,-78974,0,1,1
37,-78970,1,1,1
37,-78966,1,1,1
37,-78962,0,1,1
37,-78954,1,1,1
37,-78950,1,1,1
37,-78946,0,1,1
37,-78942,0,1,1
37,-78938,1,1,1
37,-78934,1,1,1
37,-78930,0,1,1
37,-78926,0,1,1
37,-78922,1,1,1
37,-78918,1,1,1
37,-78914,0,1,1
37,-78910,0,1,1
37,-78906,1,1,1
37,-78902,1,1,1
37,-78898,0,1,1
37,-78894,0,1,1
37,-78890,1,1,1
37,-78886,1,1,1
37,-78882,0,1,1
37,-78878,0,1,1
37,-78874,1,1,1
37,-78870,1,1,1
37,-78866,0,1,1
37,-78862,0,1,1
37,-78858,1,1,1
37,-78854,1,1,1
37,-78850,0,1,1
37,-78846,0,1,1
37,-78842,1,1,1
37,-78838,1,1,1
37,-78834,0,1,1
37,-78830,0,1,1
37,-78826,1,1,1
37,-78822,1,1,1
37,-78818,0,1,1
37,-78814,0,1,1
37,-78806,1,1,1
37,-78802,0,1,1
37,-78798,0,1,1
37,-78794,1,1,1
37,-78790,1,1,1
37,-78786,0,1,1
37,-78782,0,1,1
37,-78778,1,1,1
37,-78774,1,1,1
37,-78770,0,1,1
37,-78766,0,1,1
37,-78762,1,1,1
37,-78758,1,1,1
37,-78754,0,1,1
37,-78750,0,1,1
37,-78746,1,1,1
37,-78742,1,1,1
37,-78738,0,1,1
37,-78734,0,1,1
37,-78730,1,1,1
37,-78726,1,1,1
37,-78722,0,1,1
37,-78718,0,1,1
37,-78714,1,1,1
37,-78710,1,1,1
37,-78706,0,1,1
37,-78702,0,1,1
37,-78698,1,1,1
37,-78694,1,1,1
37,-78690,0,1,1
37,-78686,0,1,1
37,-78682,1,1,1
37,-78678,1,1,1
37,-78674,0,1,1
37,-78670,0,1,1
37,-78666,1,1,1
37,-78658,0,1,1
37,-78654,0,1,1
37,-78650,1,1,1
37,-78646,1,1,1
37,-78642,0,1,1
37,-78638,0,1,1
37,-78634,1,1,1
37,-78630,1,1,1
37,-78626,0,1,1
37,-78622,0,1,1
37,-78618,1,1,1
37,-78614,1,1,1
37,-78610,0,1,1
37,-78606,0,1,1
37,-78602,1,1,1
37,-78598,1,1,1
37,-78594,0,1,1
37,-78590,0,1,1
37,-78586,1,1,1
37,-78582,1,1,1
37,-78578,0,1,1
37,-78574,0,1,1
37,-78570,1,1,1
37,-78566,1,1,1
37,-78562,0,1,1
37,-78558,0,1,1
37,-78554,1,1,1
37,-78550,1,1,1
37,-78546,0,1,1
37,-78542,0,1,1
37,-78538,1,1,1
37,-78534,1,1,1
37,-78530,0,1,1
37,-78526,0,1,1
37,-78522,1,1,1
37,-78518,1,1,1
37,-78510,0,1,1
37,-78506,1,1,1
37,-78502,1,1,1
37,-78498,0,1,1
37,-78494,0,1,1
37,-78490,1,1,1
37,-78486,1,1,1
37,-78482,0,1,1
37,-78478,0,1,1
37,-78474,1,1,1
37,-78470,1,1,1
37,-78466,0,1,1
37,-78462,0,1,1
37,-78458,1,1,1
37,-78454,1,1,1
37,-78450,0,1,1
37,-78446,0,1,1
37,-78442,1,1,1
37,-78438,1,1,1
37,-78434,0,1,1
37,-78430,0,1,1
37,-78426,1,1,1
37,-78422,1,1,1
37,-78418,0,1,1
37,-78414,0,1,1
37,-78410,1,1,1
37,-78406,1,1,1
37,-78402,0,1,1
37,-78398,0,1,1
37,-78394,1,1,1
37,-78390,1,1,1
37,-78386,0,1,1
37,-78382,0,1,1
37,-78378,1,1,1
37,-78374,1,1,1
37,-78370,0,1,1
37,-78362,1,1,1
37,-78358,1,1,1
37,-78354,0,1,1
37,-78350,0,1,1
37,-78346,1,1,1
37,-78342,1,0,1
37,-78338,0,1,1
37,-78334,0,1,1
37,-78330,1,1,1
37,-78326,1,1,1
37,-78322,0,1,1
37,-78318,0,1,1
37,-78314,1,1,1
37,-78310,1,1,1
37,-78306,0,1,1
37,-78302,0,1,1
37,-78298,1,1,1
37,-78294,1,1,1
37,-78290,0,1,1
37,-78286,0,1,1
37,-78282,1,1,1
37,-78278,1,0,1
37,-78274,0,1,1
37,-78270,0,1,1
37,-78266,1,1,1
37,-78262,1,1,1
37,-78258,0,1,1
37,-78254,0,1,1
37,-78250,1,1,1
37,-78246,1,1,1
37,-78242,0,1,1
37,-78238,0,1,1
37,-78234,1,1,1
37,-78230,1,1,1
37,-78226,0,1,1
37,-78222,0,0,0
37,-78214,1,1,1
37,-78210,0,1,1
37,-78206,0,1,1
37,-78202,1,1,1
37,-78198,1,1,1
37,-78194,0,1,1
37,-78190,0,1,1
37,-78186,1,0,1
37,-78182,1,1,1
37,-78178,0,1,1
37,-78174,0,1,1
37,-78170,1,1,1
37,-78166,1,1,1
37,-78162,0,1,1
37,-78158,0,1,1
37,-78154,1,1,1
37,-78150,1,1,1
37,-78146,0,1,1
37,-78142,0,1,1
37,-78138,1,0,1
37,-78134,1,1,1
37,-78130,0,1,1
37,-78126,0,1,1
37,-78122,1,1,1
37,-78118,1,1,1
37,-78114,0,1,1
37,-78110,0,1,1
37,-78106,1,1,1
37,-78102,1,1,1
37,-78098,0,1,1
37,-78094,0,1,1
37,-78090,1,1,1
37,-78086,1,1,1
37,-78082,0,0,0
37,-78078,0,1,1
37,-78074,1,1,1
37,-78066,0,1,1
37,-78062,0,1,1
37,-78058,1,1,1
37,-78054,1,1,1
37,-78050,0,1,1
37,-78046,0,1,1
37,-78042,1,1,1
37,-78038,1,1,1
37,-78034,0,1,1
37,-78030,0,1,1
37,-78026,1,1,1
37,-78022,1,1,1
37,-78018,0,1,1
37,-78014,0,1,1
37,-78010,1,1,1
37,-78006,1,1,1
37,-78002,0,1,1
37,-77998,0,1,1
37,-77994,1,1,1
37,-77990,1,1,1
37,-77986,0,1,1
37,-77982,0,1,1
37,-77978,1,1,1
37,-77974,1,1,1
37,-77970,0,1,1
37,-77966,0,1,1
37,-77962,1,0,1
37,-77958,1,1,1
37,-77954,0,1,1
37,-77950,0,1,1
37,-77946,1,1,1
37,-77942,1,1,1
37,-77938,0,1,1
37,-77934,0,1,1
37,-77930,1,1,1
37,-77926,1,1,1
37,-77918,0,1,1
37,-77914,1,1,1
37,-77910,1,1,1
37,-77906,0,1,1
37,-77902,0,1,1
37,-77898,1,0,1
37,-77894,1,1,1
37,-77890,0,1,1
37,-77886,0,1,1
37,-77882,1,1,1
37,-77878,1,1,1
37,-77874,0,1,1
37,-77870,0,1,1
37,-77866,1,1,1
37,-77862,1,1,1
37,-77858,0,1,1
37,-77854,0,1,1
37,-77850,1,1,1
37,-77846,1,1,1
37,-77842,0,1,1
37,-77838,0,1,1
37,-77834,1,1,1
37,-77830,1,1,1
37,-77826,0,1,1
37,-77822,0,1,1
37,-77818,1,1,1
37,-77814,1,1,1
37,-77810,0,1,1
37,-77806,0,1,1
37,-77802,1,1,1
37,-77798,1,1,1
37,-77794,0,1,1
37,-77790,0,1,1
37,-77786,1,1,1
37,-77782,1,1,1
37,-77778,0,1,1
37,-77770,1,1,1
37,-77766,1,1,1
37,-77762,0,1,1
37,-77758,0,1,1
37,-77754,1,1,1
37,-77750,1,1,1
37,-77746,0,1,1
37,-77742,0,1,1
37,-77738,1,1,1
37,-77734,1,1,1
37,-77730,0,1,1
37,-77726,0,1,1
37,-77722,1,1,1
37,-77718,1,1,1
37,-77714,0,1,1
37,-77710,0,1,1
37,-77706,1,1,1
37,-77702,1,1,1
37,-77698,0,1,1
37,-77694,0,1,1
37,-77690,1,1,1
37,-77686,1,1,1
37,-77682,0,1,1
37,-77678,0,1,1
37,-77674,1,1,1
37,-77670,1,1,1
37,-77666,0,1,1
37,-77662,0,1,1
37,-77658,0,1,1
37,-77654,1,1,1
37,-77650,0,1,1
37,-77646,0,1,1
37,-77642,1,1,1
37,-77638,1,1,1
37,-77634,0,1,1
37,-77630,0,1,1
37,-77622,1,1,1
37,-77618,0,1,1
37,-77614,0,1,1
37,-77610,1,1,1
37,-77606,1,1,1
37,-77602,0,1,1
37,-77598,0,1,1
37,-77594,1,1,1
37,-77590,1,1,1
37,-77586,0,1,1
37,-77582,0,1,1
37,-77578,1,1,1
37,-77574,1,1,1
37,-77570,0,1,1
37,-77566,0,1,1
37,-77562,1,1,1
37,-77558,1,1,1
37,-77554,0,1,1
37,-77550,0,1,1
37,-77546,1,1,1
37,-77542,1,1,1
37,-77538,0,1,1
37,-77534,0,1,1
37,-77530,1,1,1
37,-77526,1,1,1
37,-77522,0,1,1
37,-77518,0,1,1
37,-77514,1,1,1
37,-77510,1,1,1
37,-77506,0,1,1
37,-77502,0,1,1
37,-77498,1,1,1
37,-77494,1,1,1
37,-77490,0,1,1
37,-77486,0,1,1
37,-77482,1,1,1
37,-77474,0,1,1
37,-77470,0,1,1
37,-77466,1,1,1
37,-77462,1,1,1
37,-77458,0,1,1
37,-77454,0,1,1
37,-77450,1,1,1
37,-77446,1,1,1
37,-77442,0,1,1
37,-77438,0,1,1
37,-77434,1,1,1
37,-77430,1,1,1
37,-77426,0,1,1
37,-77422,0,1,1
37,-77418,1,1,1
37,-77414,1,1,1
37,-77410,0,1,1
37,-77406,0,1,1
37,-77402,1,1,1
37,-77398,1,1,1
37,-77394,0,1,1
37,-77390,0,1,1
37,-77386,1,1,1
37,-77382,1,1,1
37,-77378,0,1,1
37,-77374,0,1,1
37,-77370,1,1,1
37,-77366,1,1,1
37,-77362,0,1,1
37,-77358,0,1,1
37,-77354,1,1,1
37,-77350,1,1,1
37,-77346,0,1,1
37,-77342,0,1,1
37,-77338,1,1,1
37,-77334,1,1,1
37,-77326,0,1,1
37,-77322,1,1,1
37,-77318,1,1,1
37,-77314,0,1,1
37,-77310,0,1,1
37,-77306,1,1,1
37,-77302,1,1,1
37,-77298,0,1,1
37,-77294,0,1,1
37,-77290,1,1,1
37,-77286,1,1,1
37,-77282,0,1,1
37,-77278,0,1,1
37,-77274,1,1,1
37,-77270,1,1,1
37,-77266,0,1,1
37,-77262,0,1,1
37,-77258,1,1,1
37,-77254,1,1,1
37,-77250,0,1,1
37,-77246,0,1,1
37,-77242,1,1,1
37,-77238,1,1,1
37,-77234,0,1,1
37,-77230,0,1,1
37,-77226,1,1,1
37,-77222,1,1,1
37,-77218,0,1,1
37,-77214,0,1,1
37,-77210,1,1,1
37,-77206,1,1,1
37,-77202,0,1,1
37,-77198,0,1,1
37,-77194,1,1,1
37,-77190,1,1,1
37,-77186,0,1,1
37,-77178,1,1,1
37,-77174,1,1,1
37,-77170,0,1,1
37,-77166,0,1,1
37,-77162,1,1,1
37,-77158,1,1,1
37,-77154,0,1,1
37,-77150,0,1,1
37,-77146,1,1,1
37,-77142,1,0,1
37,-77138,0,1,1
37,-77134,0,1,1
37,-77130,1,1,1
37,-77126,1,1,1
37,-77122,0,1,1
37,-77118,0,1,1
37,-77114,1,1,1
37,-77110,1,1,1
37,-77106,0,1,1
37,-77102,0,1,1
37,-77098,1,1,1
37,-77094,1,1,1
37,-77090,0,1,1
37,-77086,0,1,1
37,-77082,1,1,1
37,-77078,1,1,1
37,-77074,0,1,1
37,-77070,0,1,1
37,-77066,1,1,1
37,-77062,1,1,1
37,-77058,0,1,1
37,-77054,0,1,1
37,-77050,1,1,1
37,-77046,1,1,1
37,-77042,0,1,1
37,-77038,0,1,1
37,-77030,1,1,1
37,-77026,0,1,1
37,-77022,0,1,1
37,-77018,1,1,1
37,-77014,1,1,1
37,-77010,0,1,1
37,-77006,0,1,1
37,-77002,1,1,1
37,-76998,1,1,1
37,-76994,0,1,1
37,-76990,0,1,1
37,-76986,1,1,1
37,-76982,1,1,1
37,-76978,0,1,1
37,-76974,0,1,1
37,-76970,1,1,1
37,-76966,1,1,1
37,-76962,0,1,1
37,-76958,0,1,1
37,-76954,1,1,1
37,-76950,1,1,1
37,-76946,0,1,1
37,-76942,0,1,1
37,-76938,1,1,1
37,-76934,1,1,1
37,-76930,0,1,1
37,-76926,0,1,1
37,-76922,1,1,1
37,-76918,1,1,1
37,-76914,0,1,1
37,-76910,0,1,1
37,-76906,1,1,1
37,-76902,0,1,1
37,-76898,0,1,1
37,-76894,0,1,1
37,-76890,1,1,1
37,-76882,0,1,1
37,-76878,0,1,1
37,-76874,1,1,1
37,-76870,1,1,1
37,-76866,0,1,1
37,-76862,0,1,1
37,-76858,1,1,1
37,-76854,1,1,1
37,-76850,0,1,1
37,-76846,0,1,1
37,-76842,1,1,1
37,-76838,1,1,1
37,-76834,0,1,1
37,-76830,0,1,1
37,-76826,1,1,1
37,-76822,1,1,1
37,-76818,0,1,1
37,-76814,0,1,1
37,-76810,1,1,1
37,-76806,1,1,1
37,-76802,0,1,1
37,-76798,0,1,1
37,-76794,1,1,1
37,-76790,1,1,1
37,-76786,0,1,1
37,-76782,0,1,1
37,-76778,1,1,1
37,-76774,1,1,1
37,-76770,0,1,1
37,-76766,0,1,1
37,-76762,1,1,1
37,-76758,1,1,1
37,-76754,0,1,1
37,-76750,0,1,1
37,-76746,1,1,1
37,-76742,1,1,1
37,-76734,0,1,1
37,-76730,1,1,1
37,-76726,1,1,1
37,-76722,0,1,1
37,-76718,0,1,1
37,-76714,1,1,1
37,-76710,1,1,1
37,-76706,0,1,1
37,-76702,0,1,1
37,-76698,1,1,1
37,-76694,1,1,1
37,-76690,0,1,1
37,-76686,0,1,1
37,-76682,1,1,1
37,-76678,1,1,1
37,-76674,0,1,1
37,-76670,0,1,1
37,-76666,1,1,1
37,-76662,1,1,1
37,-76658,0,1,1
37,-76654,0,1,1
37,-76650,1,1,1
37,-76646,1,1,1
37,-76642,0,1,1
37,-76638,0,1,1
37,-76634,1,1,1
37,-76630,1,1,1
37,-76626,0,1,1
37,-76622,0,1,1
37,-76618,1,1,1
37,-76614,1,1,1
37,-76610,0,1,1
37,-76606,0,1,1
37,-76602,1,1,1
37,-76598,1,1,1
37,-76594,0,1,1
37,-76586,1,1,1
37,-76582,1,1,1
37,-76578,0,1,1
37,-76574,0,1,1
37,-76570,1,1,1
37,-76566,1,1,1
37,-76562,0,1,1
37,-76558,0,1,1
37,-76554,1,1,1
37,-76550,1,1,1
37,-76546,0,1,1
37,-76542,0,1,1
37,-76538,1,1,1
37,-76534,1,1,1
37,-76530,0,1,1
37,-76526,0,1,1
37,-76522,1,1,1
37,-76518,1,1,1
37,-76514,0,1,1
37,-76510,0,1,1
37,-76506,1,1,1
37,-76502,1,1,1
37,-76498,0,1,1
37,-76494,0,1,1
37,-76490,1,1,1
37,-76486,1,1,1
37,-76482,0,1,1
37,-76478,0,1,1
37,-76474,1,1,1
37,-76470,1,1,1
37,-76466,0,1,1
37,-76462,0,1,1
37,-76458,1,1,1
37,-76454,0,1,1
37,-76450,0,1,1
37,-76446,0,1,1
37,-76438,1,1,1
37,-76434,0,1,1
37,-76430,0,1,1
37,-76426,1,1,1
37,-76422,1,1,1
37,-76418,0,1,1
37,-76414,0,1,1
37,-76410,1,1,1
37,-76406,1,1,1
37,-76402,0,1,1
37,-76398,0,1,1
37,-76394,1,1,1
37,-76390,1,1,1
37,-76386,0,1,1
37,-76382,0,1,1
37,-76378,1,1,1
37,-76374,1,1,1
37,-76370,0,1,1
37,-76366,0,1,1
37,-76362,1,1,1
37,-76358,1,1,1
37,-76354,0,1,1
37,-76350,0,1,1
37,-76346,1,1,1
37,-76342,1,1,1
37,-76338,0,1,1
37,-76334,0,1,1
37,-76330,1,1,1
37,-76326,1,1,1
37,-76322,0,1,1
37,-76318,0,1,1
37,-76314,1,1,1
37,-76310,1,1,1
37,-76306,0,1,1
37,-76302,0,1,1
37,-76298,1,1,1
37,-76290,0,1,1
37,-76286,0,1,1
37,-76282,0,1,1
37,-76278,1,1,1
37,-76274,0,1,1
37,-76270,0,1,1
37,-76266,1,1,1
37,-76262,1,1,1
37,-76258,0,1,1
37,-76254,0,1,1
37,-76250,1,1,1
37,-76246,1,1,1
37,-76242,0,1,1
37,-76238,0,1,1
37,-76234,1,1,1
37,-76230,1,1,1
37,-76226,0,1,1
37,-76222,0,1,1
37,-76218,1,1,1
37,-76214,1,1,1
37,-76210,0,1,1
37,-76206,0,1,1
37,-76202,1,1,1
37,-76198,1,1,1
37,-76194,0,1,1
37,-76190,0,1,1
37,-76186,1,1,1
37,-76182,1,1,1
37,-76178,0,1,1
37,-76174,0,1,1
37,-76170,1,1,1
37,-76166,1,1,1
37,-76162,0,1,1
37,-76158,0,1,1
37,-76154,1,1,1
37,-76150,1,1,1
37,-76142,0,1,1
37,-76138,1,1,1
37,-76134,1,1,1
37,-76130,0,1,1
37,-76126,0,1,1
37,-76122,1,1,1
37,-76118,1,1,1
37,-76114,0,1,1
37,-76110,0,1,1
37,-76106,1,1,1
37,-76102,1,1,1
37,-76098,0,1,1
37,-76094,0,1,1
37,-76090,1,1,1
37,-76086,1,1,1
37,-76082,0,1,1
37,-76078,0,1,1
37,-76074,1,1,1
37,-76070,1,1,1
37,-76066,0,1,1
37,-76062,0,1,1
37,-76058,1,1,1
37,-76054,1,1,1
37,-76050,0,1,1
37,-76046,0,1,1
37,-76042,1,1,1
37,-76038,1,1,1
37,-76034,0,1,1
37,-76030,0,1,1
37,-76026,1,1,1
37,-76022,1,1,1
37,-76018,0,1,1
37,-76014,0,1,1
37,-76010,1,1,1
37,-76006,1,1,1
37,-76002,0,1,1
37,-75994,1,1,1
37,-75990,1,1,1
37,-75986,0,1,1
37,-75982,0,1,1
37,-75978,1,0,1
37,-75974,1,1,1
37,-75970,0,1,1
37,-75966,0,1,1
37,-75962,1,1,1
37,-75958,1,1,1
37,-75954,0,1,1
37,-75950,0,1,1
37,-75946,1,1,1
37,-75942,1,1,1
37,-75938,0,1,1
37,-75934,0,1,1
37,-75930,1,1,1
37,-75926,1,1,1
37,-75922,0,1,1
37,-75918,0,1,1
37,-75914,1,1,1
37,-75910,1,1,1
37,-75906,0,1,1
37,-75902,0,1,1
37,-75898,1,1,1
37,-75894,1,1,1
37,-75890,0,1,1
37,-75886,0,1,1
37,-75882,1,1,1
37,-75878,1,1,1
37,-75874,0,1,1
37,-75870,0,1,1
37,-75866,1,1,1
37,-75862,1,1,1
37,-75858,0,1,1
37,-75854,0,1,1
37,-75846,1,1,1
37,-75842,0,1,1
37,-75838,0,1,1
37,-75834,1,1,1
37,-75830,1,1,1
37,-75826,0,1,1
37,-75822,0,1,1
37,-75818,1,1,1
37,-75814,1,1,1
37,-75810,0,1,1
37,-75806,0,1,1
37,-75802,1,1,1
37,-75798,1,1,1
37,-75794,0,1,1
37,-75790,0,1,1
37,-75786,1,1,1
37,-75782,1,1,1
37,-75778,0,1,1
37,-75774,0,1,1
37,-75770,1,1,1
37,-75766,1,1,1
37,-75762,0,1,1
37,-75758,0,1,1
37,-75754,1,1,1
37,-75750,1,1,1
37,-75746,0,1,1
37,-75742,0,1,1
37,-75738,1,1,1
37,-75734,1,1,1
37,-75730,0,1,1
37,-75726,0,1,1
37,-75722,1,1,1
37,-75718,1,1,1
37,-75714,0,1,1
37,-75710,0,1,1
37,-75706,1,1,1
37,-75698,0,1,1
37,-75694,0,1,1
37,-75690,1,1,1
37,-75686,1,1,1
37,-75682,0,0,0
37,-75678,0,1,1
37,-75674,1,1,1
37,-75670,1,1,1
37,-75666,0,1,1
37,-75662,0,1,1
37,-75658,1,1,1
37,-75654,1,1,1
37,-75650,0,1,1
37,-75646,0,1,1
37,-75642,1,1,1
37,-75638,1,1,1
37,-75634,0,1,1
37,-75630,0,1,1
37,-75626,1,1,1
37,-75622,1,1,1
37,-75618,0,1,1
37,-75614,0,1,1
37,-75610,1,1,1
37,-75606,1,1,1
37,-75602,0,1,1
37,-75598,0,1,1
37,-75594,1,1,1
37,-75590,1,1,1
37,-75586,0,1,1
37,-75582,0,1,1
37,-75578,1,1,1
37,-75574,1,1,1
37,-75570,0,1,1
37,-75566,0,1,1
37,-75562,1,1,1
37,-75558,1,1,1
37,-75550,0,1,1
37,-75546,1,1,1
37,-75542,1,1,1
37,-75538,0,1,1
37,-75534,0,1,1
37,-75530,1,1,1
37,-75526,1,1,1
37,-75522,0,1,1
37,-75518,0,1,1
37,-75514,1,1,1
37,-75510,1,1,1
37,-75506,0,1,1
37,-75502,0,1,1
37,-75498,1,1,1
37,-75494,1,1,1
37,-75490,0,1,1
37,-75486,0,1,1
37,-75482,1,1,1
37,-75478,1,1,1
37,-75474,0,1,1
37,-75470,0,1,1
37,-75466,1,1,1
37,-75462,1,1,1
37,-75458,0,1,1
37,-75454,0,1,1
37,-75450,1,1,1
37,-75446,1,1,1
37,-75442,0,1,1
37,-75438,0,1,1
37,-75434,1,1,1
37,-75430,1,1,1
37,-75426,0,1,1
37,-75422,0,1,1
37,-75418,1,1,1
37,-75414,1,1,1
37,-75410,0,1,1
37,-75402,1,1,1
37,-75398,1,1,1
37,-75394,0,1,1
37,-75390,0,1,1
37,-75386,1,1,1
37,-75382,1,1,1
37,-75378,0,1,1
37,-75374,0,1,1
37,-75370,1,1,1
37,-75366,1,1,1
37,-75362,0,1,1
37,-75358,0,1,1
37,-75354,1,1,1
37,-75350,1,1,1
37,-75346,0,1,1
37,-75342,0,1,1
37,-75338,1,1,1
37,-75334,1,1,1
37,-75330,0,1,1
37,-75326,0,1,1
37,-75322,1,1,1
37,-75318,1,1,1
37,-75314,0,1,1
37,-75310,0,1,1
37,-75306,1,1,1
37,-75302,1,1,1
37,-75298,0,1,1
37,-75294,0,1,1
37,-75290,1,1,1
37,-75286,1,1,1
37,-75282,0,1,1
37,-75278,0,1,1
37,-75274,1,1,1
37,-75270,0,1,1
37,-75266,0,1,1
37,-75262,0,1,1
37,-75254,1,1,1
37,-75250,0,1,1
37,-75246,0,1,1
37,-75242,1,1,1
37,-75238,1,1,1
37,-75234,0,1,1
37,-75230,0,1,1
37,-75226,1,1,1
37,-75222,1,1,1
37,-75218,0,1,1
37,-75214,0,1,1
37,-75210,1,1,1
37,-75206,1,1,1
37,-75202,0,1,1
37,-75198,0,1,1
37,-75194,1,1,1
37,-75190,1,1,1
37,-75186,0,1,1
37,-75182,0,1,1
37,-75178,1,1,1
37,-75174,1,1,1
37,-75170,0,1,1
37,-75166,0,1,1
37,-75162,1,1,1
37,-75158,1,1,1
37,-75154,0,1,1
37,-75150,0,1,1
37,-75146,1,1,1
37,-75142,1,1,1
37,-75138,0,1,1
37,-75134,0,1,1
37,-75130,1,1,1
37,-75126,1,1,1
37,-75122,0,1,1
37,-75118,0,1,1
37,-75114,1,1,1
37,-75106,0,1,1
37,-75102,0,1,1
37,-75098,1,1,1
37,-75094,1,1,1
37,-75090,0,1,1
37,-75086,0,1,1
37,-75082,1,1,1
37,-75078,1,1,1
37,-75074,0,1,1
37,-75070,0,1,1
37,-75066,1,1,1
37,-75062,1,1,1
37,-75058,0,1,1
37,-75054,0,1,1
37,-75050,1,1,1
37,-75046,1,1,1
37,-75042,0,0,0
37,-75038,0,1,1
37,-75034,1,1,1
37,-75030,1,1,1
37,-75026,0,1,1
37,-75022,0,1,1
37,-75018,1,1,1
37,-75014,1,1,1
37,-75010,0,1,1
37,-75006,0,1,1
37,-75002,1,1,1
37,-74998,1,1,1
37,-74994,0,1,1
37,-74990,0,1,1
37,-74986,1,1,1
37,-74982,1,1,1
37,-74978,0,1,1
37,-74974,0,1,1
37,-74970,1,1,1
37,-74966,1,1,1
37,-74958,0,1,1
37,-74954,1,1,1
37,-74950,1,1,1
37,-74946,0,1,1
37,-74942,0,1,1
37,-74938,1,1,1
37,-74934,1,1,1
37,-74930,0,1,1
37,-74926,0,1,1
37,-74922,1,1,1
37,-74918,1,1,1
37,-74914,0,1,1
37,-74910,0,1,1
37,-74906,1,1,1
37,-74902,1,1,1
37,-74898,0,1,1
37,-74894,0,1,1
37,-74890,1,1,1
37,-74886,1,1,1
37,-74882,0,1,1
37,-74878,0,1,1
37,-74874,1,1,1
37,-74870,1,1,1
37,-74866,0,1,1
37,-74862,0,1,1
37,-74858,1,1,1
37,-74854,1,1,1
37,-74850,0,1,1
37,-74846,0,1,1
37,-74842,1,1,1
37,-74838,1,1,1
37,-74834,0,1,1
37,-74830,0,1,1
37,-74826,1,1,1
37,-74822,1,1,1
37,-74818,0,1,1
37,-74810,1,1,1
37,-74806,1,1,1
37,-74802,0,1,1
37,-74798,0,1,1
37,-74794,1,1,1
37,-74790,1,1,1
37,-74786,0,1,1
37,-74782,0,1,1
37,-74778,1,1,1
37,-74774,1,1,1
37,-74770,0,1,1
37,-74766,0,1,1
37,-74762,1,1,1
37,-74758,1,1,1
37,-74754,0,1,1
37,-74750,0,1,1
37,-74746,1,1,1
37,-74742,1,1,1
37,-74738,0,1,1
37,-74734,0,1,1
37,-74730,1,1,1
37,-74726,1,1,1
37,-74722,0,1,1
37,-74718,0,1,1
37,-74714,1,1,1
37,-74710,1,1,1
37,-74706,0,1,1
37,-74702,0,1,1
37,-74698,1,1,1
37,-74694,1,1,1
37,-74690,0,1,1
37,-74686,0,1,1
37,-74682,1,1,1
37,-74678,1,1,1
37,-74674,0,1,1
37,-74670,0,1,1
37,-74662,1,1,1
37,-74658,0,1,1
37,-74654,0,1,1
37,-74650,1,1,1
37,-74646,1,1,1
37,-74642,0,1,1
37,-74638,0,1,1
37,-74634,1,1,1
37,-74630,1,1,1
37,-74626,0,1,1
37,-74622,0,1,1
37,-74618,1,1,1
37,-74614,1,1,1
37,-74610,0,1,1
37,-74606,0,1,1
37,-74602,1,1,1
37,-74598,1,1,1
37,-74594,0,1,1
37,-74590,0,1,1
37,-74586,1,1,1
37,-74582,1,1,1
37,-74578,0,1,1
37,-74574,0,1,1
37,-74570,1,1,1
37,-74566,1,1,1
37,-74562,0,1,1
37,-74558,0,1,1
37,-74554,1,1,1
37,-74550,1,1,1
37,-74546,0,1,1
37,-74542,0,1,1
37,-74538,1,1,1
37,-74534,1,1,1
37,-74530,0,1,1
37,-74526,0,1,1
37,-74522,1,1,1
37,-74514,0,1,1
37,-74510,0,1,1
37,-74506,1,1,1
37,-74502,1,1,1
37,-74498,0,1,1
37,-74494,0,1,1
37,-74490,1,1,1
37,-74486,1,1,1
37,-74482,0,1,1
37,-74478,0,1,1
37,-74474,1,1,1
37,-74470,1,1,1
37,-74466,0,1,1
37,-74462,0,0,0
37,-74458,1,1,1
37,-74454,1,1,1
37,-74450,0,1,1
37,-74446,0,1,1
37,-74442,1,1,1
37,-74438,1,1,1
37,-74434,0,1,1
37,-74430,0,1,1
37,-74426,1,1,1
37,-74422,1,1,1
37,-74418,0,1,1
37,-74414,0,1,1
37,-74410,1,1,1
37,-74406,1,1,1
37,-74402,0,1,1
37,-74398,0,1,1
37,-74394,1,1,1
37,-74390,1,1,1
37,-74386,0,1,1
37,-74382,0,1,1
37,-74378,1,1,1
37,-74374,1,1,1
37,-74366,0,1,1
37,-74362,1,1,1
37,-74358,1,1,1
37,-74354,0,1,1
37,-74350,0,1,1
37,-74346,1,1,1
37,-74342,1,1,1
37,-74338,0,1,1
37,-74334,0,1,1
37,-74330,1,1,1
37,-74326,1,1,1
37,-74322,0,1,1
37,-74318,0,1,1
37,-74314,1,1,1
37,-74310,1,1,1
37,-74306,0,1,1
37,-74302,0,1,1
37,-74298,1,1,1
37,-74294,1,1,1
37,-74290,0,1,1
37,-74286,0,1,1
37,-74282,1,1,1
37,-74278,1,1,1
37,-74274,0,1,1
37,-74270,0,1,1
37,-74266,1,1,1
37,-74262,1,1,1
37,-74258,0,1,1
37,-74254,0,1,1
37,-74250,1,1,1
37,-74246,1,1,1
37,-74242,0,1,1
37,-74238,0,1,1
37,-74234,1,1,1
37,-74230,1,1,1
37,-74226,0,1,1
37,-74218,1,0,1
37,-74214,1,1,1
37,-74210,0,1,1
37,-74206,0,1,1
37,-74202,1,1,1
37,-74198,1,1,1
37,-74194,0,1,1
37,-74190,0,1,1
37,-74186,1,1,1
37,-74182,1,1,1
37,-74178,0,1,1
37,-74174,0,1,1
37,-74170,1,1,1
37,-74166,1,1,1
37,-74162,0,1,1
37,-74158,0,1,1
37,-74154,1,1,1
37,-74150,1,1,1
37,-74146,0,1,1
37,-74142,0,1,1
37,-74138,1,1,1
37,-74134,1,1,1
37,-74130,0,1,1
37,-74126,0,1,1
37,-74122,1,1,1
37,-74118,0,1,1
37,-74114,0,1,1
37,-74110,0,1,1
37,-74106,0,1,1
37,-74102,1,1,1
37,-74098,0,1,1
37,-74094,0,1,1
37,-74090,1,1,1
37,-74086,1,1,1
37,-74082,0,1,1
37,-74078,0,1,1
37,-74070,1,0,1
37,-74066,0,1,1
37,-74062,0,1,1
37,-74058,1,1,1
37,-74054,1,1,1
37,-74050,0,1,1
37,-74046,0,1,1
37,-74042,1,1,1
37,-74038,1,1,1
37,-74034,0,1,1
37,-74030,0,1,1
37,-74026,1,1,1
37,-74022,1,1,1
37,-74018,0,1,1
37,-74014,0,1,1
37,-74010,1,1,1
37,-74006,1,1,1
37,-74002,0,1,1
37,-73998,0,1,1
37,-73994,1,1,1
37,-73990,1,1,1
37,-73986,0,0,0
37,-73982,0,1,1
37,-73978,1,1,1
37,-73974,1,1,1
37,-73970,0,1,1
37,-73966,0,1,1
37,-73962,1,1,1
37,-73958,1,1,1
37,-73954,0,1,1
37,-73950,0,1,1
37,-73946,1,1,1
37,-73942,1,1,1
37,-73938,0,1,1
37,-73934,0,1,1
37,-73930,1,1,1
37,-73922,0,1,1
37,-73918,0,1,1
37,-73914,1,1,1
37,-73910,1,1,1
37,-73906,0,1,1
37,-73902,0,1,1
37,-73898,1,1,1
37,-73894,1,1,1
37,-73890,0,1,1
37,-73886,0,1,1
37,-73882,1,1,1
37,-73878,1,1,1
37,-73874,0,1,1
37,-73870,0,1,1
37,-73866,1,1,1
37,-73862,1,1,1
37,-73858,0,1,1
37,-73854,0,1,1
37,-73850,1,1,1
37,-73846,1,1,1
37,-73842,0,1,1
37,-73838,0,1,1
37,-73834,1,1,1
37,-73830,1,1,1
37,-73826,0,1,1
37,-73822,0,1,1
37,-73818,1,1,1
37,-73814,1,1,1
37,-73810,0,1,1
37,-73806,0,1,1
37,-73802,1,1,1
37,-73798,1,1,1
37,-73794,0,1,1
37,-73790,0,1,1
37,-73786,1,1,1
37,-73782,1,1,1
37,-73774,0,1,1
37,-73770,1,1,1
37,-73766,1,1,1
37,-73762,0,1,1
37,-73758,0,1,1
37,-73754,1,1,1
37,-73750,1,1,1
37,-73746,0,1,1
37,-73742,0,1,1
37,-73738,1,1,1
37,-73734,1,1,1
37,-73730,0,1,1
37,-73726,0,1,1
37,-73722,1,1,1
37,-73718,1,1,1
37,-73714,0,1,1
37,-73710,0,1,1
37,-73706,1,1,1
37,-73702,1,1,1
37,-73698,0,1,1
37,-73694,0,1,1
37,-73690,1,1,1
37,-73686,1,1,1
37,-73682,0,1,1
37,-73678,0,1,1
37,-73674,1,1,1
37,-73670,1,1,1
37,-73666,0,1,1
37,-73662,0,1,1
37,-73658,1,1,1
37,-73654,1,1,1
37,-73650,0,1,1
37,-73646,0,1,1
37,-73642,1,1,1
37,-73638,1,1,1
37,-73634,0,1,1
37,-73626,1,1,1
37,-73622,1,1,1
37,-73618,0,1,1
37,-73614,0,1,1
37,-73610,1,1,1
37,-73606,1,1,1
37,-73602,0,1,1
37,-73598,0,1,1
37,-73594,1,1,1
37,-73590,1,1,1
37,-73586,0,1,1
37,-73582,0,1,1
37,-73578,1,1,1
37,-73574,1,1,1
37,-73570,0,1,1
37,-73566,0,1,1
37,-73562,1,1,1
37,-73558,1,1,1
37,-73554,0,1,1
37,-73550,0,1,1
37,-73546,1,1,1
37,-73542,1,1,1
37,-73538,0,1,1
37,-73534,0,1,1
37,-73530,1,1,1
37,-73526,1,1,1
37,-73522,0,1,1
37,-73518,0,1,1
37,-73514,1,1,1
37,-73510,1,1,1
37,-73506,0,1,1
37,-73502,0,1,1
37,-73498,1,1,1
37,-73494,1,1,1
37,-73490,0,1,1
37,-73486,0,1,1
37,-73478,1,1,1
37,-73474,0,1,1
37,-73470,0,1,1
37,-73466,1,1,1
37,-73462,1,1,1
37,-73458,0,1,1
37,-73454,0,1,1
37,-73450,1,1,1
37,-73446,1,1,1
37,-73442,0,1,1
37,-73438,0,1,1
37,-73434,1,1,1
37,-73430,1,1,1
37,-73426,0,1,1
37,-73422,0,1,1
37,-73418,1,1,1
37,-73414,1,1,1
37,-73410,0,1,1
37,-73406,0,1,1
37,-73402,1,1,1
37,-73398,1,1,1
37,-73394,0,1,1
37,-73390,0,1,1
37,-73386,1,1,1
37,-73382,1,1,1
37,-73378,0,1,1
37,-73374,0,1,1
37,-73370,1,1,1
37,-73366,1,1,1
37,-73362,0,1,1
37,-73358,0,1,1
37,-73354,1,1,1
37,-73350,1,1,1
37,-73346,0,1,1
37,-73342,0,1,1
37,-73338,1,1,1
37,-73330,0,1,1
37,-73326,0,1,1
37,-73322,1,1,1
37,-73318,1,1,1
37,-73314,0,1,1
37,-73310,0,1,1
37,-73306,1,1,1
37,-73302,1,1,1
37,-73298,0,1,1
37,-73294,0,1,1
37,-73290,1,1,1
37,-73286,1,1,1
37,-73282,0,1,1
37,-73278,0,1,1
37,-73274,1,1,1
37,-73270,1,1,1
37,-73266,0,1,1
37,-73262,0,1,1
37,-73258,1,0,1
37,-73254,1,1,1
37,-73250,0,1,1
37,-73246,0,1,1
37,-73242,1,1,1
37,-73238,1,1,1
37,-73234,0,1,1
37,-73230,0,1,1
37,-73226,1,1,1
37,-73222,1,1,1
37,-73218,0,1,1
37,-73214,0,1,1
37,-73210,1,1,1
37,-73206,1,1,1
37,-73202,0,1,1
37,-73198,0,1,1
37,-73194,1,1,1
37,-73190,1,1,1
37,-73182,0,1,1
37,-73178,1,1,1
37,-73174,1,1,1
37,-73170,0,1,1
37,-73166,0,1,1
37,-73162,1,1,1
37,-73158,1,1,1
37,-73154,0,1,1
37,-73150,0,1,1
37,-73146,1,1,1
37,-73142,1,1,1
37,-73138,0,1,1
37,-73134,0,1,1
37,-73130,1,1,1
37,-73126,1,1,1
37,-73122,0,1,1
37,-73118,0,1,1
37,-73114,1,1,1
37,-73110,1,1,1
37,-73106,0,1,1
37,-73102,0,1,1
37,-73098,1,1,1
37,-73094,1,1,1
37,-73090,0,1,1
37,-73086,0,1,1
37,-73082,1,1,1
37,-73078,1,1,1
37,-73074,0,1,1
37,-73070,0,1,1
37,-73066,1,1,1
37,-73062,1,1,1
37,-73058,0,1,1
37,-73054,0,1,1
37,-73050,1,1,1
37,-73046,1,1,1
37,-73042,0,1,1
37,-73034,1,1,1
37,-73030,1,1,1
37,-73026,0,1,1
37,-73022,0,1,1
37,-73018,1,1,1
37,-73014,1,1,1
37,-73010,0,1,1
37,-73006,0,1,1
37,-73002,1,1,1
37,-72998,1,1,1
37,-72994,0,1,1
37,-72990,0,1,1
37,-72986,1,1,1
37,-72982,1,1,1
37,-72978,0,1,1
37,-72974,0,1,1
37,-72970,1,1,1
37,-72966,1,1,1
37,-72962,0,1,1
37,-72958,0,1,1
37,-72954,1,0,1
37,-72950,1,1,1
37,-72946,0,1,1
37,-72942,0,1,1
37,-72938,1,1,1
37,-72934,1,1,1
37,-72930,0,1,1
37,-72926,0,1,1
37,-72922,1,1,1
37,-72918,1,1,1
37,-72914,0,1,1
37,-72910,0,1,1
37,-72906,1,1,1
37,-72902,1,1,1
37,-72898,0,1,1
37,-72894,0,1,1
37,-72886,1,1,1
37,-72882,0,1,1
37,-72878,0,1,1
37,-72874,1,1,1
37,-72870,1,1,1
37,-72866,0,1,1
37,-72862,0,1,1
37,-72858,1,1,1
37,-72854,1,1,1
37,-72850,0,1,1
37,-72846,0,1,1
37,-72842,1,1,1
37,-72838,1,1,1
37,-72834,0,1,1
37,-72830,0,1,1
37,-72826,1,1,1
37,-72822,1,1,1
37,-72818,0,1,1
37,-72814,0,1,1
37,-72810,1,1,1
37,-72806,1,1,1
37,-72802,0,1,1
37,-72798,0,1,1
37,-72794,1,1,1
37,-72790,1,1,1
37,-72786,0,1,1
37,-72782,0,1,1
37,-72778,1,1,1
37,-72774,1,1,1
37,-72770,0,1,1
37,-72766,0,1,1
37,-72762,1,1,1
37,-72758,1,1,1
37,-72754,0,1,1
37,-72750,0,1,1
37,-72746,1,1,1
37,-72738,0,1,1
37,-72734,0,1,1
37,-72730,1,1,1
37,-72726,1,1,1
37,-72722,0,1,1
37,-72718,0,1,1
37,-72714,1,0,1
37,-72710,1,1,1
37,-72706,0,1,1
37,-72702,0,1,1
37,-72698,1,1,1
37,-72694,1,1,1
37,-72690,0,1,1
37,-72686,0,1,1
37,-72682,1,1,1
37,-72678,1,1,1
37,-72674,0,1,1
37,-72670,0,1,1
37,-72666,1,1,1
37,-72662,1,1,1
37,-72658,0,1,1
37,-72654,0,1,1
37,-72650,1,1,1
37,-72646,1,1,1
37,-72642,0,1,1
37,-72638,0,1,1
37,-72634,1,1,1
37,-72630,1,1,1
37,-72626,0,1,1
37,-72622,0,1,1
37,-72618,1,1,1
37,-72614,1,1,1
37,-72610,0,1,1
37,-72606,0,1,1
37,-72602,1,1,1
37,-72598,1,1,1
37,-72590,0,1,1
37,-72586,1,1,1
37,-72582,1,1,1
37,-72578,0,1,1
37,-72574,0,1,1
37,-72570,1,1,1
37,-72566,1,1,1
37,-72562,0,1,1
37,-72558,0,1,1
37,-72554,1,1,1
37,-72550,1,1,1
37,-72546,0,1,1
37,-72542,0,1,1
37,-72538,1,1,1
37,-72534,1,1,1
37,-72530,0,1,1
37,-72526,0,1,1
37,-72522,1,1,1
37,-72518,1,1,1
37,-72514,0,1,1
37,-72510,0,1,1
37,-72506,1,1,1
37,-72502,1,1,1
37,-72498,0,1,1
37,-72494,0,1,1
37,-72490,1,1,1
37,-72486,1,1,1
37,-72482,0,1,1
37,-72478,0,1,1
37,-72474,1,1,1
37,-72470,1,1,1
37,-72466,0,1,1
37,-72462,0,1,1
37,-72458,1,1,1
37,-72454,1,1,1
37,-72450,0,1,1
37,-72442,1,1,1
37,-72438,1,1,1
37,-72434,0,1,1
37,-72430,0,1,1
37,-72426,1,1,1
37,-72422,1,1,1
37,-72418,0,1,1
37,-72414,0,1,1
37,-72410,1,1,1
37,-72406,1,1,1
37,-72402,0,1,1
37,-72398,0,1,1
37,-72394,1,1,1
37,-72390,1,1,1
37,-72386,0,1,1
37,-72382,0,1,1
37,-72378,1,1,1
37,-72374,1,1,1
37,-72370,0,1,1
37,-72366,0,1,1
37,-72362,1,1,1
37,-72358,1,1,1
37,-72354,0,1,1
37,-72350,0,1,1
37,-72346,1,1,1
37,-72342,1,1,1
37,-72338,0,1,1
37,-72334,0,1,1
37,-72330,1,1,1
37,-72326,1,1,1
37,-72322,0,1,1
37,-72318,0,1,1
37,-72314,1,1,1
37,-72310,1,1,1
37,-72306,0,1,1
37,-72302,0,1,1
37,-72294,1,0,1
37,-72290,0,1,1
37,-72286,0,1,1
37,-72282,1,1,1
37,-72278,1,1,1
37,-72274,0,1,1
37,-72270,0,1,1
37,-72266,1,1,1
37,-72262,1,1,1
37,-72258,0,1,1
37,-72254,0,1,1
37,-72250,1,1,1
37,-72246,1,1,1
37,-72242,0,1,1
37,-72238,0,1,1
37,-72234,1,1,1
37,-72230,1,1,1
37,-72226,0,1,1
37,-72222,0,1,1
37,-72218,1,1,1
37,-72214,1,1,1
37,-72210,0,1,1
37,-72206,0,1,1
37,-72202,1,1,1
37,-72198,1,1,1
37,-72194,0,1,1
37,-72190,0,1,1
37,-72186,1,1,1
37,-72182,1,1,1
37,-72178,0,1,1
37,-72174,0,1,1
37,-72170,1,1,1
37,-72166,1,1,1
37,-72162,0,1,1
37,-72158,0,1,1
37,-72154,1,1,1
37,-72146,0,1,1
37,-72142,0,1,1
37,-72138,1,1,1
37,-72134,1,1,1
37,-72130,0,1,1
37,-72126,0,1,1
37,-72122,1,1,1
37,-72118,1,1,1
37,-72114,0,1,1
37,-72110,0,1,1
37,-72106,1,1,1
37,-72102,1,1,1
37,-72098,0,1,1
37,-72094,0,1,1
37,-72090,1,1,1
37,-72086,1,1,1
37,-72082,0,1,1
37,-72078,0,1,1
37,-72074,1,1,1
37,-72070,1,1,1
37,-72066,0,1,1
37,-72062,0,1,1
37,-72058,1,1,1
37,-72054,1,1,1
37,-72050,0,1,1
37,-72046,0,1,1
37,-72042,1,1,1
37,-72038,1,1,1
37,-72034,0,1,1
37,-72030,0,1,1
37,-72026,1,1,1
37,-72022,1,1,1
37,-72018,0,1,1
37,-72014,0,1,1
37,-72010,1,1,1
37,-72006,1,1,1
37,-71998,0,1,1
37,-71994,1,1,1
37,-71990,1,1,1
37,-71986,0,1,1
37,-71982,0,1,1
37,-71978,1,1,1
37,-71974,1,1,1
37,-71970,0,1,1
37,-71966,0,1,1
37,-71962,1,1,1
37,-71958,1,1,1
37,-71954,0,1,1
37,-71950,0,1,1
37,-71946,1,1,1
37,-71942,1,1,1
37,-71938,0,1,1
37,-71934,0,1,1
37,-71930,1,1,1
37,-71926,1,1,1
37,-71922,0,1,1
37,-71918,0,1,1
37,-71914,1,1,1
37,-71910,1,1,1
37,-71906,0,1,1
37,-71902,0,1,1
37,-71898,1,1,1
37,-71894,1,1,1
37,-71890,0,1,1
37,-71886,0,1,1
37,-71882,1,1,1
37,-71878,1,1,1
37,-71874,0,1,1
37,-71870,0,1,1
37,-71866,1,1,1
37,-71862,1,1,1
37,-71858,0,1,1
37,-71850,1,1,1
37,-71846,1,1,1
37,-71842,0,1,1
37,-71838,0,0,0
37,-71834,1,1,1
37,-71830,1,1,1
37,-71826,0,1,1
37,-71822,0,1,1
37,-71818,1,1,1
37,-71814,1,1,1
37,-71810,0,1,1
37,-71806,0,1,1
37,-71802,0,1,1
37,-71798,1,1,1
37,-71794,0,1,1
37,-71790,0,1,1
37,-71786,1,1,1
37,-71782,1,1,1
37,-71778,0,1,1
37,-71774,0,1,1
37,-71770,1,1,1
37,-71766,1,1,1
37,-71762,0,1,1
37,-71758,0,1,1
37,-71754,1,1,1
37,-71750,1,1,1
37,-71746,0,1,1
37,-71742,0,1,1
37,-71738,1,1,1
37,-71734,1,1,1
37,-71730,0,1,1
37,-71726,0,1,1
37,-71722,1,1,1
37,-71718,1,1,1
37,-71714,0,1,1
37,-71710,0,1,1
37,-71702,1,1,1
37,-71698,0,1,1
37,-71694,0,1,1
37,-71690,1,1,1
37,-71686,1,1,1
37,-71682,0,1,1
37,-71678,0,1,1
37,-71674,1,1,1
37,-71670,1,1,1
37,-71666,0,1,1
37,-71662,0,1,1
37,-71658,1,1,1
37,-71654,1,1,1
37,-71650,0,1,1
37,-71646,0,1,1
37,-71642,1,1,1
37,-71638,1,1,1
37,-71634,0,1,1
37,-71630,0,1,1
37,-71626,1,1,1
37,-71622,1,1,1
37,-71618,0,1,1
37,-71614,0,1,1
37,-71610,1,1,1
37,-71606,1,1,1
37,-71602,0,1,1
37,-71598,0,1,1
37,-71594,1,1,1
37,-71590,1,1,1
37,-71586,0,1,1
37,-71582,0,1,1
37,-71578,1,1,1
37,-71574,1,1,1
37,-71570,0,1,1
37,-71566,0,1,1
37,-71562,1,1,1
37,-71554,0,1,1
37,-71550,0,1,1
37,-71546,1,1,1
37,-71542,1,1,1
37,-71538,0,1,1
37,-71534,0,1,1
37,-71530,1,1,1
37,-71526,1,1,1
37,-71522,0,1,1
37,-71518,0,1,1
37,-71514,1,1,1
37,-71510,1,1,1
37,-71506,0,1,1
37,-71502,0,1,1
37,-71498,1,1,1
37,-71494,1,1,1
37,-71490,0,1,1
37,-71486,0,1,1
37,-71482,1,1,1
37,-71478,1,1,1
37,-71474,0,1,1
37,-71470,0,1,1
37,-71466,1,1,1
37,-71462,1,1,1
37,-71458,0,1,1
37,-71454,0,1,1
37,-71450,1,1,1
37,-71446,1,1,1
37,-71442,0,1,1
37,-71438,0,1,1
37,-71434,1,1,1
37,-71430,1,1,1
37,-71426,0,1,1
37,-71422,0,1,1
37,-71418,1,1,1
37,-71414,1,1,1
37,-71406,0,1,1
37,-71402,1,1,1
37,-71398,1,1,1
37,-71394,0,1,1
37,-71390,0,1,1
37,-71386,1,1,1
37,-71382,1,1,1
37,-71378,0,1,1
37,-71374,0,1,1
37,-71370,1,1,1
37,-71366,1,1,1
37,-71362,0,1,1
37,-71358,0,1,1
37,-71354,1,1,1
37,-71350,1,1,1
37,-71346,0,1,1
37,-71342,0,1,1
37,-71338,1,1,1
37,-71334,1,1,1
37,-71330,0,1,1
37,-71326,0,1,1
37,-71322,1,1,1
37,-71318,1,1,1
37,-71314,0,1,1
37,-71310,0,1,1
37,-71306,1,1,1
37,-71302,1,1,1
37,-71298,0,1,1
37,-71294,0,1,1
37,-71290,1,1,1
37,-71286,1,1,1
37,-71282,0,1,1
37,-71278,0,1,1
37,-71274,1,1,1
37,-71270,1,1,1
37,-71266,0,1,1
37,-71258,1,1,1
37,-71254,1,1,1
37,-71250,0,1,1
37,-71246,0,1,1
37,-71242,1,1,1
37,-71238,1,1,1
37,-71234,0,1,1
37,-71230,0,1,1
37,-71226,1,1,1
37,-71222,1,1,1
37,-71218,0,1,1
37,-71214,0,1,1
37,-71210,1,1,1
37,-71206,1,1,1
37,-71202,0,1,1
37,-71198,0,1,1
37,-71194,1,1,1
37,-71190,1,1,1
37,-71186,0,1,1
37,-71182,0,1,1
37,-71178,1,1,1
37,-71174,1,1,1
37,-71170,0,1,1
37,-71166,0,1,1
37,-71162,1,1,1
37,-71158,1,1,1
37,-71154,0,1,1
37,-71150,0,1,1
37,-71146,1,1,1
37,-71142,1,1,1
37,-71138,0,1,1
37,-71134,0,1,1
37,-71130,1,1,1
37,-71126,1,1,1
37,-71122,0,1,1
37,-71118,0,1,1
37,-71110,1,1,1
37,-71106,0,1,1
37,-71102,0,1,1
37,-71098,1,1,1
37,-71094,1,1,1
37,-71090,0,1,1
37,-71086,0,1,1
37,-71082,1,1,1
37,-71078,1,1,1
37,-71074,0,1,1
37,-71070,0,1,1
37,-71066,1,1,1
37,-71062,1,1,1
37,-71058,0,1,1
37,-71054,0,1,1
37,-71050,1,1,1
37,-71046,1,1,1
37,-71042,0,1,1
37,-71038,0,1,1
37,-71034,1,1,1
37,-71030,1,1,1
37,-71026,0,1,1
37,-71022,0,1,1
37,-71018,1,1,1
37,-71014,1,1,1
37,-71010,0,1,1
37,-71006,0,1,1
37,-71002,1,1,1
37,-70998,1,1,1
37,-70994,0,1,1
37,-70990,0,1,1
37,-70986,1,1,1
37,-70982,1,1,1
37,-70978,0,1,1
37,-70974,0,1,1
37,-70970,1,1,1
37,-70962,0,1,1
37,-70958,0,1,1
37,-70954,1,1,1
37,-70950,1,1,1
37,-70946,0,1,1
37,-70942,0,1,1
37,-70938,1,1,1
37,-70934,1,1,1
37,-70930,0,1,1
37,-70926,0,1,1
37,-70922,1,1,1
37,-70918,1,1,1
37,-70914,0,1,1
37,-70910,0,1,1
37,-70906,1,1,1
37,-70902,1,1,1
37,-70898,0,1,1
37,-70894,0,1,1
37,-70890,1,1,1
37,-70886,1,1,1
37,-70882,0,1,1
37,-70878,0,1,1
37,-70874,1,1,1
37,-70870,1,1,1
37,-70866,0,1,1
37,-70862,0,1,1
37,-70858,1,1,1
37,-70854,1,1,1
37,-70850,0,1,1
37,-70846,0,1,1
37,-70842,1,1,1
37,-70838,1,1,1
37,-70834,0,1,1
37,-70830,0,0,0
37,-70826,1,1,1
37,-70822,1,1,1
37,-70814,0,1,1
37,-70810,1,1,1
37,-70806,1,1,1
37,-70802,0,1,1
37,-70798,0,1,1
37,-70794,1,1,1
37,-70790,1,1,1
37,-70786,0,1,1
37,-70782,0,1,1
37,-70778,1,1,1
37,-70774,1,1,1
37,-70770,0,1,1
37,-70766,0,1,1
37,-70762,1,1,1
37,-70758,1,1,1
37,-70754,0,1,1
37,-70750,0,1,1
37,-70746,1,1,1
37,-70742,1,1,1
37,-70738,0,1,1
37,-70734,0,1,1
37,-70730,1,1,1
37,-70726,1,1,1
37,-70722,0,1,1
37,-70718,0,1,1
37,-70714,1,1,1
37,-70710,1,1,1
37,-70706,0,1,1
37,-70702,0,1,1
37,-70698,1,1,1
37,-70694,1,1,1
37,-70690,0,1,1
37,-70686,0,1,1
37,-70682,1,1,1
37,-70678,1,1,1
37,-70674,0,1,1
37,-70666,1,1,1
37,-70662,1,1,1
37,-70658,0,1,1
37,-70654,0,1,1
37,-70650,1,1,1
37,-70646,1,1,1
37,-70642,0,1,1
37,-70638,0,1,1
37,-70634,1,1,1
37,-70630,1,1,1
37,-70626,0,1,1
37,-70622,0,1,1
37,-70618,1,1,1
37,-70614,1,1,1
37,-70610,0,1,1
37,-70606,0,1,1
37,-70602,1,1,1
37,-70598,1,1,1
37,-70594,0,1,1
37,-70590,0,1,1
37,-70586,1,1,1
37,-70582,1,1,1
37,-70578,0,1,1
37,-70574,0,1,1
37,-70570,1,1,1
37,-70566,1,1,1
37,-70562,0,1,1
37,-70558,0,1,1
37,-70554,1,1,1
37,-70550,1,1,1
37,-70546,0,1,1
37,-70542,0,0,0
37,-70538,1,1,1
37,-70534,1,1,1
37,-70530,0,1,1
37,-70526,0,1,1
37,-70518,1,1,1
37,-70514,0,1,1
37,-70510,0,1,1
37,-70506,1,1,1
37,-70502,1,1,1
37,-70498,0,1,1
37,-70494,0,1,1
37,-70490,1,1,1
37,-70486,1,1,1
37,-70482,0,1,1
37,-70478,0,1,1
37,-70474,1,1,1
37,-70470,1,1,1
37,-70466,0,1,1
37,-70462,0,1,1
37,-70458,1,1,1
37,-70454,1,1,1
37,-70450,0,1,1
37,-70446,0,1,1
37,-70442,1,1,1
37,-70438,1,1,1
37,-70434,0,1,1
37,-70430,0,1,1
37,-70426,1,1,1
37,-70422,1,1,1
37,-70418,0,1,1
37,-70414,0,1,1
37,-70410,1,1,1
37,-70406,1,1,1
37,-70402,0,1,1
37,-70398,0,1,1
37,-70394,1,1,1
37,-70390,1,1,1
37,-70386,0,1,1
37,-70382,0,1,1
37,-70378,1,1,1
37,-70370,0,1,1
37,-70366,0,1,1
37,-70362,1,1,1
37,-70358,1,1,1
37,-70354,0,1,1
37,-70350,0,1,1
37,-70346,1,1,1
37,-70342,1,1,1
37,-70338,0,1,1
37,-70334,0,1,1
37,-70330,1,1,1
37,-70326,1,1,1
37,-70322,0,1,1
37,-70318,0,1,1
37,-70314,1,1,1
37,-70310,1,1,1
37,-70306,0,1,1
37,-70302,0,1,1
37,-70298,1,1,1
37,-70294,1,1,1
37,-70290,0,1,1
37,-70286,0,1,1
37,-70282,1,1,1
37,-70278,1,1,1
37,-70274,0,1,1
37,-70270,0,1,1
37,-70266,1,1,1
37,-70262,1,1,1
37,-70258,0,1,1
37,-70254,0,1,1
37,-70250,1,1,1
37,-70246,1,1,1
37,-70242,0,1,1
37,-70238,0,1,1
37,-70234,1,1,1
37,-70230,1,1,1
37,-70222,0,1,1
37,-70218,1,1,1
37,-70214,1,1,1
37,-70210,0,1,1
37,-70206,0,1,1
37,-70202,1,1,1
37,-70198,1,1,1
37,-70194,0,1,1
37,-70190,0,1,1
37,-70186,1,1,1
37,-70182,1,1,1
37,-70178,0,1,1
37,-70174,0,1,1
37,-70170,1,1,1
37,-70166,1,1,1
37,-70162,0,1,1
37,-70158,0,1,1
37,-70154,1,1,1
37,-70150,1,1,1
37,-70146,0,1,1
37,-70142,0,1,1
37,-70138,1,1,1
37,-70134,1,1,1
37,-70130,0,1,1
37,-70126,0,1,1
37,-70122,1,1,1
37,-70118,1,1,1
37,-70114,0,1,1
37,-70110,0,1,1
37,-70106,1,1,1
37,-70102,1,1,1
37,-70098,0,1,1
37,-70094,0,1,1
37,-70090,1,1,1
37,-70086,1,1,1
37,-70082,0,1,1
37,-70074,1,1,1
37,-70070,1,1,1
37,-70066,0,1,1
37,-70062,0,1,1
37,-70058,1,1,1
37,-70054,1,1,1
37,-70050,0,1,1
37,-70046,0,1,1
37,-70042,1,1,1
37,-70038,1,1,1
37,-70034,0,1,1
37,-70030,0,1,1
37,-70026,1,1,1
37,-70022,1,1,1
37,-70018,0,1,1
37,-70014,0,1,1
37,-70010,1,1,1
37,-70006,1,1,1
37,-70002,0,1,1
37,-69998,0,1,1
37,-69994,1,1,1
37,-69990,1,1,1
37,-69986,0,1,1
37,-69982,0,1,1
37,-69978,1,1,1
37,-69974,1,1,1
37,-69970,0,1,1
37,-69966,0,1,1
37,-69962,1,1,1
37,-69958,1,1,1
37,-69954,0,1,1
37,-69950,0,1,1
37,-69946,1,1,1
37,-69942,1,1,1
37,-69938,0,1,1
37,-69934,0,1,1
37,-69926,1,1,1
37,-69922,0,1,1
37,-69918,0,1,1
37,-69914,1,1,1
37,-69910,1,1,1
37,-69906,0,1,1
37,-69902,0,1,1
37,-69898,1,1,1
37,-69894,1,1,1
37,-69890,0,1,1
37,-69886,0,1,1
37,-69882,1,1,1
37,-69878,1,1,1
37,-69874,0,1,1
37,-69870,0,1,1
37,-69866,1,1,1
37,-69862,1,1,1
37,-69858,0,1,1
37,-69854,0,1,1
37,-69850,1,1,1
37,-69846,1,1,1
37,-69842,0,1,1
37,-69838,0,1,1
37,-69834,1,1,1
37,-69830,1,1,1
37,-69826,0,1,1
37,-69822,0,1,1
37,-69818,1,1,1
37,-69814,1,1,1
37,-69810,0,1,1
37,-69806,0,1,1
37,-69802,1,1,1
37,-69798,1,1,1
37,-69794,0,1,1
37,-69790,0,1,1
37,-69786,1,1,1
37,-69778,0,1,1
37,-69774,0,1,1
37,-69770,1,1,1
37,-69766,1,1,1
37,-69762,0,1,1
37,-69758,0,1,1
37,-69754,1,1,1
37,-69750,1,1,1
37,-69746,0,1,1
37,-69742,0,1,1
37,-69738,1,1,1
37,-69734,1,1,1
37,-69730,0,1,1
37,-69726,0,1,1
37,-69722,1,1,1
37,-69718,1,1,1
37,-69714,0,1,1
37,-69710,0,1,1
37,-69706,1,1,1
37,-69702,1,1,1
37,-69698,0,1,1
37,-69694,0,1,1
37,-69690,1,1,1
37,-69686,1,1,1
37,-69682,0,1,1
37,-69678,0,0,0
37,-69674,1,1,1
37,-69670,1,1,1
37,-69666,0,1,1
37,-69662,0,1,1
37,-69658,1,1,1
37,-69654,1,1,1
37,-69650,0,1,1
37,-69646,0,1,1
37,-69642,1,1,1
37,-69638,1,1,1
37,-69630,0,1,1
37,-69626,1,1,1
37,-69622,1,1,1
37,-69618,0,1,1
37,-69614,0,1,1
37,-69610,1,1,1
37,-69606,1,1,1
37,-69602,0,1,1
37,-69598,0,1,1
37,-69594,1,1,1
37,-69590,1,1,1
37,-69586,0,1,1
37,-69582,0,1,1
37,-69578,1,1,1
37,-69574,1,1,1
37,-69570,0,1,1
37,-69566,0,1,1
37,-69562,1,1,1
37,-69558,1,1,1
37,-69554,0,1,1
37,-69550,0,1,1
37,-69546,1,1,1
37,-69542,1,1,1
37,-69538,0,1,1
37,-69534,0,0,0
37,-69530,1,1,1
37,-69526,1,1,1
37,-69522,0,1,1
37,-69518,0,1,1
37,-69514,1,1,1
37,-69510,1,1,1
37,-69506,0,1,1
37,-69502,0,1,1
37,-69498,0,1,1
37,-69494,1,1,1
37,-69490,0,1,1
37,-69482,1,1,1
37,-69478,1,1,1
37,-69474,0,1,1
37,-69470,0,1,1
37,-69466,1,1,1
37,-69462,1,1,1
37,-69458,0,1,1
37,-69454,0,1,1
37,-69450,1,1,1
37,-69446,1,1,1
37,-69442,0,1,1
37,-69438,0,1,1
37,-69434,1,1,1
37,-69430,1,1,1
37,-69426,0,1,1
37,-69422,0,1,1
37,-69418,1,1,1
37,-69414,1,1,1
37,-69410,0,1,1
37,-69406,0,1,1
37,-69402,1,1,1
37,-69398,1,1,1
37,-69394,0,1,1
37,-69390,0,1,1
37,-69386,1,1,1
37,-69382,1,1,1
37,-69378,0,1,1
37,-69374,0,1,1
37,-69370,1,1,1
37,-69366,1,1,1
37,-69362,0,1,1
37,-69358,0,1,1
37,-69354,1,1,1
37,-69350,1,1,1
37,-69346,0,1,1
37,-69342,0,1,1
37,-69334,1,1,1
37,-69330,0,1,1
37,-69326,0,1,1
37,-69322,1,1,1
37,-69318,1,1,1
37,-69314,0,1,1
37,-69310,0,1,1
37,-69306,1,1,1
37,-69302,1,1,1
37,-69298,0,1,1
37,-69294,0,1,1
37,-69290,1,1,1
37,-69286,1,1,1
37,-69282,0,1,1
37,-69278,0,1,1
37,-69274,1,1,1
37,-69270,1,1,1
37,-69266,0,1,1
37,-69262,0,1,1
37,-69258,1,1,1
37,-69254,1,1,1
37,-69250,0,1,1
37,-69246,0,1,1
37,-69242,1,1,1
37,-69238,1,1,1
37,-69234,0,1,1
37,-69230,0,1,1
37,-69226,1,1,1
37,-69222,1,1,1
37,-69218,0,1,1
37,-69214,0,1,1
37,-69210,1,1,1
37,-69206,1,1,1
37,-69202,0,1,1
37,-69198,0,1,1
37,-69194,1,1,1
37,-69186,0,1,1
37,-69182,0,1,1
37,-69178,1,1,1
37,-69174,1,1,1
37,-69170,0,1,1
37,-69166,0,1,1
37,-69162,1,1,1
37,-69158,1,1,1
37,-69154,0,1,1
37,-69150,0,1,1
37,-69146,1,1,1
37,-69142,1,1,1
37,-69138,0,1,1
37,-69134,0,1,1
37,-69130,1,1,1
37,-69126,1,1,1
37,-69122,0,1,1
37,-69118,0,1,1
37,-69114,1,1,1
37,-69110,1,1,1
37,-69106,0,1,1
37,-69102,0,1,1
37,-69098,1,1,1
37,-69094,1,1,1
37,-69090,0,1,1
37,-69086,0,1,1
37,-69082,1,1,1
37,-69078,1,1,1
37,-69074,0,1,1
37,-69070,0,1,1
37,-69066,1,1,1
37,-69062,1,1,1
37,-69058,0,1,1
37,-69054,0,1,1
37,-69050,1,1,1
37,-69046,1,1,1
37,-69038,0,1,1
37,-69034,1,1,1
37,-69030,1,1,1
37,-69026,0,1,1
37,-69022,0,1,1
37,-69018,1,0,1
37,-69014,1,1,1
37,-69010,0,1,1
37,-69006,0,1,1
37,-69002,1,1,1
37,-68998,1,1,1
37,-68994,0,1,1
37,-68990,0,1,1
37,-68986,1,1,1
37,-68982,1,1,1
37,-68978,0,1,1
37,-68974,0,1,1
37,-68970,1,1,1
37,-68966,1,1,1
37,-68962,0,1,1
37,-68958,0,1,1
37,-68954,1,1,1
37,-68950,1,1,1
37,-68946,0,1,1
37,-68942,0,1,1
37,-68938,1,1,1
37,-68934,1,1,1
37,-68930,0,1,1
37,-68926,0,1,1
37,-68922,1,1,1
37,-68918,1,1,1
37,-68914,0,1,1
37,-68910,0,1,1
37,-68906,1,1,1
37,-68902,1,1,1
37,-68898,0,1,1
37,-68890,1,1,1
37,-68886,1,1,1
37,-68882,0,1,1
37,-68878,0,1,1
37,-68874,1,1,1
37,-68870,1,1,1
37,-68866,0,1,1
37,-68862,0,0,0
37,-68858,1,1,1
37,-68854,1,1,1
37,-68850,0,1,1
37,-68846,0,1,1
37,-68842,1,1,1
37,-68838,1,1,1
37,-68834,0,1,1
37,-68830,0,1,1
37,-68826,1,1,1
37,-68822,1,1,1
37,-68818,0,1,1
37,-68814,0,1,1
37,-68810,1,1,1
37,-68806,1,1,1
37,-68802,0,1,1
37,-68798,0,1,1
37,-68794,1,1,1
37,-68790,1,1,1
37,-68786,0,1,1
37,-68782,0,1,1
37,-68778,1,1,1
37,-68774,1,1,1
37,-68770,0,1,1
37,-68766,0,1,1
37,-68762,1,1,1
37,-68758,1,1,1
37,-68754,0,1,1
37,-68750,0,1,1
37,-68742,1,1,1
37,-68738,0,1,1
37,-68734,0,1,1
37,-68730,1,1,1
37,-68726,1,1,1
37,-68722,0,1,1
37,-68718,0,1,1
37,-68714,1,1,1
37,-68710,1,1,1
37,-68706,0,1,1
37,-68702,0,1,1
37,-68698,1,0,1
37,-68694,1,1,1
37,-68690,0,1,1
37,-68686,0,1,1
37,-68682,1,1,1
37,-68678,1,1,1
37,-68674,0,1,1
37,-68670,0,1,1
37,-68666,1,1,1
37,-68662,1,1,1
37,-68658,0,1,1
37,-68654,0,1,1
37,-68650,1,1,1
37,-68646,1,1,1
37,-68642,0,1,1
37,-68638,0,1,1
37,-68634,1,1,1
37,-68630,1,1,1
37,-68626,0,1,1
37,-68622,0,1,1
37,-68618,1,1,1
37,-68614,1,1,1
37,-68610,0,1,1
37,-68606,0,1,1
37,-68602,1,1,1
37,-68594,0,1,1
37,-68590,0,1,1
37,-68586,1,1,1
37,-68582,1,1,1
37,-68578,0,1,1
37,-68574,0,1,1
37,-68570,1,1,1
37,-68566,1,1,1
37,-68562,0,1,1
37,-68558,0,1,1
37,-68554,1,1,1
37,-68550,1,1,1
37,-68546,0,1,1
37,-68542,0,1,1
37,-68538,1,1,1
37,-68534,1,1,1
37,-68530,0,1,1
37,-68526,0,1,1
37,-68522,1,1,1
37,-68518,1,1,1
37,-68514,0,1,1
37,-68510,0,1,1
37,-68506,1,1,1
37,-68502,1,1,1
37,-68498,0,1,1
37,-68494,0,1,1
37,-68490,1,1,1
37,-68486,1,1,1
37,-68482,0,1,1
37,-68478,0,1,1
37,-68474,1,1,1
37,-68470,1,1,1
37,-68466,0,1,1
37,-68462,0,1,1
37,-68458,1,1,1
37,-68454,1,1,1
37,-68446,0,1,1
37,-68442,1,1,1
37,-68438,1,1,1
37,-68434,0,1,1
37,-68430,0,1,1
37,-68426,1,1,1
37,-68422,1,1,1
37,-68418,0,1,1
37,-68414,0,1,1
37,-68410,1,1,1
37,-68406,1,1,1
37,-68402,0,1,1
37,-68398,0,1,1
37,-68394,1,1,1
37,-68390,1,1,1
37,-68386,0,1,1
37,-68382,0,1,1
37,-68378,1,1,1
37,-68374,1,1,1
37,-68370,0,1,1
37,-68366,0,1,1
37,-68362,1,1,1
37,-68358,1,0,1
37,-68354,0,1,1
37,-68350,0,1,1
37,-68346,1,1,1
37,-68342,1,1,1
37,-68338,0,1,1
37,-68334,0,1,1
37,-68330,1,1,1
37,-68326,1,1,1
37,-68322,0,1,1
37,-68318,0,1,1
37,-68314,1,1,1
37,-68310,1,1,1
37,-68306,0,1,1
37,-68298,1,1,1
37,-68294,1,1,1
37,-68290,0,1,1
37,-68286,0,1,1
37,-68282,1,1,1
37,-68278,1,1,1
37,-68274,0,1,1
37,-68270,0,1,1
37,-68266,1,1,1
37,-68262,1,1,1
37,-68258,0,1,1
37,-68254,0,1,1
37,-68250,1,1,1
37,-68246,1,1,1
37,-68242,0,1,1
37,-68238,0,1,1
37,-68234,1,1,1
37,-68230,1,1,1
37,-68226,0,1,1
37,-68222,0,1,1
37,-68218,1,1,1
37,-68214,1,1,1
37,-68210,0,1,1
37,-68206,0,1,1
37,-68202,1,1,1
37,-68198,1,1,1
37,-68194,0,1,1
37,-68190,0,1,1
37,-68186,1,1,1
37,-68182,1,1,1
37,-68178,0,1,1
37,-68174,0,1,1
37,-68170,1,1,1
37,-68166,1,1,1
37,-68162,0,1,1
37,-68158,0,1,1
37,-68150,1,1,1
37,-68146,0,1,1
37,-68142,0,1,1
37,-68138,1,1,1
37,-68134,1,1,1
37,-68130,0,1,1
37,-68126,0,1,1
37,-68122,1,1,1
37,-68118,1,1,1
37,-68114,0,1,1
37,-68110,0,1,1
37,-68106,1,1,1
37,-68102,1,1,1
37,-68098,0,1,1
37,-68094,0,1,1
37,-68090,1,1,1
37,-68086,1,1,1
37,-68082,0,1,1
37,-68078,0,1,1
37,-68074,1,1,1
37,-68070,1,1,1
37,-68066,0,1,1
37,-68062,0,1,1
37,-68058,1,1,1
37,-68054,1,1,1
37,-68050,0,1,1
37,-68046,0,1,1
37,-68042,1,1,1
37,-68038,1,1,1
37,-68034,0,1,1
37,-68030,0,1,1
37,-68026,1,1,1
37,-68022,1,1,1
37,-68018,0,1,1
37,-68014,0,1,1
37,-68010,1,1,1
37,-68002,0,1,1
37,-67998,0,1,1
37,-67994,1,1,1
37,-67990,1,1,1
37,-67986,0,1,1
37,-67982,0,1,1
37,-67978,1,1,1
37,-67974,1,1,1
37,-67970,0,1,1
37,-67966,0,1,1
37,-67962,1,1,1
37,-67958,1,1,1
37,-67954,0,1,1
37,-67950,0,1,1
37,-67946,1,1,1
37,-67942,1,1,1
37,-67938,0,1,1
37,-67934,0,1,1
37,-67930,1,1,1
37,-67926,1,1,1
37,-67922,0,1,1
37,-67918,0,1,1
37,-67914,1,1,1
37,-67910,1,1,1
37,-67906,0,1,1
37,-67902,0,1,1
37,-67898,1,1,1
37,-67894,1,1,1
37,-67890,0,1,1
37,-67886,0,1,1
37,-67882,1,1,1
37,-67878,1,1,1
37,-67874,0,1,1
37,-67870,0,1,1
37,-67866,1,1,1
37,-67862,1,1,1
37,-67854,0,1,1
37,-67850,1,1,1
37,-67846,1,1,1
37,-67842,0,1,1
37,-67838,0,1,1
37,-67834,1,1,1
37,-67830,1,1,1
37,-67826,0,1,1
37,-67822,0,1,1
37,-67818,1,1,1
37,-67814,1,1,1
37,-67810,0,1,1
37,-67806,0,0,0
37,-67802,1,1,1
37,-67798,1,1,1
37,-67794,0,1,1
37,-67790,0,1,1
37,-67786,1,1,1
37,-67782,1,1,1
37,-67778,0,1,1
37,-67774,0,1,1
37,-67770,1,1,1
37,-67766,1,1,1
37,-67762,0,1,1
37,-67758,0,1,1
37,-67754,1,1,1
37,-67750,1,1,1
37,-67746,0,1,1
37,-67742,0,0,0
37,-67738,1,1,1
37,-67734,1,1,1
37,-67730,0,1,1
37,-67726,0,1,1
37,-67722,1,1,1
37,-67718,1,1,1
37,-67714,0,1,1
37,-67706,1,1,1
37,-67702,1,1,1
37,-67698,0,1,1
37,-67694,0,1,1
37,-67690,1,1,1
37,-67686,1,1,1
37,-67682,0,1,1
37,-67678,0,1,1
37,-67674,1,1,1
37,-67670,1,1,1
37,-67666,0,1,1
37,-67662,0,1,1
37,-67658,1,1,1
37,-67654,1,1,1
37,-67650,0,1,1
37,-67646,0,1,1
37,-67642,1,1,1
37,-67638,1,1,1
37,-67634,0,1,1
37,-67630,0,1,1
37,-67626,1,1,1
37,-67622,1,1,1
37,-67618,0,1,1
37,-67614,0,1,1
37,-67610,1,1,1
37,-67606,1,1,1
37,-67602,0,1,1
37,-67598,0,1,1
37,-67594,1,1,1
37,-67590,1,1,1
37,-67586,0,1,1
37,-67582,0,0,0
37,-67578,1,1,1
37,-67574,1,1,1
37,-67570,0,1,1
37,-67566,0,1,1
37,-67558,1,1,1
37,-67554,0,1,1
37,-67550,0,1,1
37,-67546,1,1,1
37,-67542,1,1,1
37,-67538,0,1,1
37,-67534,0,1,1
37,-67530,1,1,1
37,-67526,1,1,1
37,-67522,0,1,1
37,-67518,0,1,1
37,-67514,1,1,1
37,-67510,1,1,1
37,-67506,0,1,1
37,-67502,0,1,1
37,-67498,1,1,1
37,-67494,1,1,1
37,-67490,0,1,1
37,-67486,0,1,1
37,-67482,1,1,1
37,-67478,1,1,1
37,-67474,0,1,1
37,-67470,0,1,1
37,-67466,1,1,1
37,-67462,1,1,1
37,-67458,0,1,1
37,-67454,0,1,1
37,-67450,1,1,1
37,-67446,1,1,1
37,-67442,0,1,1
37,-67438,0,1,1
37,-67434,1,1,1
37,-67430,1,1,1
37,-67426,0,1,1
37,-67422,0,1,1
37,-67418,1,1,1
37,-67410,0,1,1
37,-67406,0,1,1
37,-67402,1,1,1
37,-67398,1,1,1
37,-67394,0,1,1
37,-67390,0,1,1
37,-67386,1,1,1
37,-67382,1,1,1
37,-67378,0,1,1
37,-67374,0,1,1
37,-67370,1,1,1
37,-67366,1,1,1
37,-67362,0,1,1
37,-67358,0,1,1
37,-67354,1,1,1
37,-67350,1,1,1
37,-67346,0,1,1
37,-67342,0,0,0
37,-67338,1,1,1
37,-67334,1,1,1
37,-67330,0,1,1
37,-67326,0,1,1
37,-67322,1,1,1
37,-67318,1,1,1
37,-67314,0,1,1
37,-67310,0,1,1
37,-67306,1,1,1
37,-67302,1,1,1
37,-67298,0,1,1
37,-67294,0,1,1
37,-67290,1,1,1
37,-67286,1,1,1
37,-67282,0,1,1
37,-67278,0,1,1
37,-67274,1,1,1
37,-67270,1,1,1
37,-67262,0,1,1
37,-67258,1,1,1
37,-67254,1,1,1
37,-67250,0,1,1
37,-67246,0,1,1
37,-67242,1,1,1
37,-67238,1,1,1
37,-67234,0,1,1
37,-67230,0,1,1
37,-67226,1,1,1
37,-67222,1,1,1
37,-67218,0,1,1
37,-67214,0,1,1
37,-67210,1,1,1
37,-67206,1,1,1
37,-67202,0,1,1
37,-67198,0,1,1
37,-67194,1,1,1
37,-67190,1,1,1
37,-67186,0,1,1
37,-67182,0,1,1
37,-67178,1,1,1
37,-67174,1,1,1
37,-67170,0,1,1
37,-67166,0,1,1
37,-67162,1,1,1
37,-67158,1,1,1
37,-67154,0,1,1
37,-67150,0,1,1
37,-67146,1,1,1
37,-67142,1,1,1
37,-67138,0,1,1
37,-67134,0,1,1
37,-67130,1,1,1
37,-67126,1,1,1
37,-67122,0,1,1
37,-67114,1,1,1
37,-67110,1,1,1
37,-67106,0,1,1
37,-67102,0,1,1
37,-67098,1,1,1
37,-67094,1,1,1
37,-67090,0,1,1
37,-67086,0,1,1
37,-67082,1,1,1
37,-67078,1,1,1
37,-67074,0,1,1
37,-67070,0,1,1
37,-67066,1,1,1
37,-67062,1,1,1
37,-67058,0,1,1
37,-67054,0,1,1
37,-67050,1,1,1
37,-67046,1,1,1
37,-67042,0,1,1
37,-67038,0,1,1
37,-67034,1,1,1
37,-67030,1,1,1
37,-67026,0,1,1
37,-67022,0,1,1
37,-67018,1,1,1
37,-67014,1,1,1
37,-67010,0,1,1
37,-67006,0,1,1
37,-67002,1,1,1
37,-66998,1,1,1
37,-66994,0,1,1
37,-66990,0,1,1
37,-66986,1,1,1
37,-66982,1,1,1
37,-66978,0,1,1
37,-66974,0,1,1
37,-66966,1,1,1
37,-66962,0,1,1
37,-66958,0,1,1
37,-66954,1,1,1
37,-66950,1,1,1
37,-66946,0,1,1
37,-66942,0,1,1
37,-66938,1,1,1
37,-66934,1,1,1
37,-66930,0,1,1
37,-66926,0,1,1
37,-66922,1,1,1
37,-66918,1,1,1
37,-66914,0,1,1
37,-66910,0,1,1
37,-66906,1,1,1
37,-66902,1,1,1
37,-66898,0,1,1
37,-66894,0,1,1
37,-66890,1,1,1
37,-66886,1,1,1
37,-66882,0,1,1
37,-66878,0,1,1
37,-66874,1,1,1
37,-66870,1,1,1
37,-66866,0,1,1
37,-66862,0,1,1
37,-66858,1,1,1
37,-66854,1,1,1
37,-66850,0,1,1
37,-66846,0,1,1
37,-66842,1,1,1
37,-66838,1,1,1
37,-66834,0,1,1
37,-66830,0,1,1
37,-66826,1,1,1
37,-66818,0,1,1
37,-66814,0,1,1
37,-66810,1,1,1
37,-66806,1,1,1
37,-66802,0,1,1
37,-66798,0,1,1
37,-66794,1,1,1
37,-66790,1,1,1
37,-66786,0,1,1
37,-66782,0,1,1
37,-66778,1,1,1
37,-66774,1,1,1
37,-66770,0,1,1
37,-66766,0,1,1
37,-66762,1,1,1
37,-66758,1,1,1
37,-66754,0,1,1
37,-66750,0,1,1
37,-66746,1,1,1
37,-66742,1,1,1
37,-66738,0,1,1
37,-66734,0,1,1
37,-66730,1,1,1
37,-66726,1,1,1
37,-66722,0,1,1
37,-66718,0,1,1
37,-66714,1,1,1
37,-66710,1,1,1
37,-66706,0,1,1
37,-66702,0,1,1
37,-66698,1,1,1
37,-66694,1,1,1
37,-66690,0,1,1
37,-66686,0,1,1
37,-66682,1,1,1
37,-66678,1,0,1
37,-66670,0,1,1
37,-66666,1,1,1
37,-66662,1,1,1
37,-66658,0,1,1
37,-66654,0,1,1
37,-66650,1,1,1
37,-66646,1,1,1
37,-66642,0,1,1
37,-66638,0,1,1
37,-66634,1,1,1
37,-66630,1,1,1
37,-66626,0,1,1
37,-66622,0,1,1
37,-66618,1,1,1
37,-66614,1,1,1
37,-66610,0,1,1
37,-66606,0,1,1
37,-66602,1,1,1
37,-66598,1,1,1
37,-66594,0,1,1
37,-66590,0,1,1
37,-66586,1,1,1
37,-66582,1,1,1
37,-66578,0,1,1
37,-66574,0,1,1
37,-66570,1,1,1
37,-66566,1,1,1
37,-66562,0,1,1
37,-66558,0,1,1
37,-66554,1,1,1
37,-66550,1,1,1
37,-66546,0,1,1
37,-66542,0,1,1
37,-66538,1,1,1
37,-66534,1,1,1
37,-66530,0,1,1
37,-66522,1,1,1
37,-66518,1,1,1
37,-66514,0,1,1
37,-66510,0,1,1
37,-66506,1,1,1
37,-66502,1,1,1
37,-66498,0,1,1
37,-66494,0,1,1
37,-66490,1,1,1
37,-66486,1,0,1
37,-66482,0,1,1
37,-66478,0,1,1
37,-66474,1,1,1
37,-66470,1,1,1
37,-66466,0,1,1
37,-66462,0,1,1
37,-66458,1,1,1
37,-66454,1,1,1
37,-66450,0,1,1
37,-66446,0,1,1
37,-66442,1,1,1
37,-66438,1,1,1
37,-66434,0,1,1
37,-66430,0,1,1
37,-66426,1,1,1
37,-66422,1,1,1
37,-66418,0,1,1
37,-66414,0,1,1
37,-66410,1,1,1
37,-66406,1,1,1
37,-66402,0,1,1
37,-66398,0,1,1
37,-66394,1,1,1
37,-66390,1,1,1
37,-66386,0,1,1
37,-66382,0,1,1
37,-66374,1,1,1
37,-66370,0,1,1
37,-66366,0,1,1
37,-66362,1,1,1
37,-66358,1,1,1
37,-66354,0,1,1
37,-66350,0,1,1
37,-66346,1,1,1
37,-66342,1,1,1
37,-66338,0,1,1
37,-66334,0,1,1
37,-66330,1,1,1
37,-66326,1,1,1
37,-66322,0,1,1
37,-66318,0,1,1
37,-66314,1,1,1
37,-66310,1,1,1
37,-66306,0,1,1
37,-66302,0,1,1
37,-66298,1,1,1
37,-66294,1,1,1
37,-66290,0,1,1
37,-66286,0,1,1
37,-66282,1,1,1
37,-66278,1,1,1
37,-66274,0,1,1
37,-66270,0,1,1
37,-66266,1,1,1
37,-66262,1,1,1
37,-66258,0,1,1
37,-66254,0,1,1
37,-66250,1,1,1
37,-66246,1,1,1
37,-66242,0,1,1
37,-66238,0,1,1
37,-66234,1,1,1
37,-66226,0,1,1
37,-66222,0,1,1
37,-66218,1,1,1
37,-66214,1,1,1
37,-66210,0,1,1
37,-66206,0,1,1
37,-66202,1,1,1
37,-66198,1,1,1
37,-66194,0,1,1
37,-66190,0,1,1
37,-66186,1,1,1
37,-66182,1,1,1
37,-66178,0,1,1
37,-66174,0,1,1
37,-66170,1,1,1
37,-66166,1,1,1
37,-66162,0,1,1
37,-66158,0,1,1
37,-66154,1,1,1
37,-66150,1,1,1
37,-66146,0,1,1
37,-66142,0,1,1
37,-66138,1,1,1
37,-66134,1,1,1
37,-66130,0,1,1
37,-66126,0,1,1
37,-66122,1,1,1
37,-66118,1,1,1
37,-66114,0,1,1
37,-66110,0,1,1
37,-66106,1,1,1
37,-66102,1,1,1
37,-66098,0,1,1
37,-66094,0,1,1
37,-66090,1,1,1
37,-66086,1,1,1
37,-66078,0,1,1
37,-66074,1,1,1
37,-66070,1,1,1
37,-66066,0,1,1
37,-66062,0,1,1
37,-66058,1,1,1
37,-66054,1,0,1
37,-66050,0,1,1
37,-66046,0,1,1
37,-66042,1,1,1
37,-66038,1,1,1
37,-66034,0,1,1
37,-66030,0,1,1
37,-66026,1,1,1
37,-66022,1,1,1
37,-66018,0,1,1
37,-66014,0,1,1
37,-66010,1,1,1
37,-66006,1,1,1
37,-66002,0,1,1
37,-65998,0,1,1
37,-65994,1,1,1
37,-65990,1,1,1
37,-65986,0,1,1
37,-65982,0,1,1
37,-65978,1,1,1
37,-65974,1,1,1
37,-65970,0,1,1
37,-65966,0,1,1
37,-65962,1,1,1
37,-65958,1,1,1
37,-65954,0,1,1
37,-65950,0,1,1
37,-65946,1,1,1
37,-65942,1,1,1
37,-65938,0,1,1
37,-65930,1,1,1
37,-65926,1,1,1
37,-65922,0,1,1
37,-65918,0,1,1
37,-65914,1,1,1
37,-65910,1,1,1
37,-65906,0,1,1
37,-65902,0,1,1
37,-65898,1,1,1
37,-65894,1,1,1
37,-65890,0,1,1
37,-65886,0,1,1
37,-65882,1,1,1
37,-65878,1,1,1
37,-65874,0,1,1
37,-65870,0,1,1
37,-65866,1,1,1
37,-65862,1,1,1
37,-65858,0,1,1
37,-65854,0,1,1
37,-65850,1,1,1
37,-65846,1,1,1
37,-65842,0,1,1
37,-65838,0,1,1
37,-65834,1,1,1
37,-65830,1,1,1
37,-65826,0,1,1
37,-65822,0,0,0
37,-65818,1,1,1
37,-65814,1,1,1
37,-65810,0,1,1
37,-65806,0,1,1
37,-65802,1,1,1
37,-65798,1,1,1
37,-65794,0,1,1
37,-65790,0,1,1
37,-65782,1,1,1
37,-65778,0,1,1
37,-65774,0,1,1
37,-65770,1,1,1
37,-65766,1,1,1
37,-65762,0,1,1
37,-65758,0,1,1
37,-65754,1,1,1
37,-65750,1,1,1
37,-65746,0,1,1
37,-65742,0,1,1
37,-65738,1,1,1
37,-65734,1,1,1
37,-65730,0,1,1
37,-65726,0,1,1
37,-65722,1,1,1
37,-65718,1,1,1
37,-65714,0,1,1
37,-65710,0,1,1
37,-65706,1,1,1
37,-65702,1,1,1
37,-65698,0,1,1
37,-65694,0,1,1
37,-65690,1,1,1
37,-65686,1,1,1
37,-65682,0,1,1
37,-65678,0,1,1
37,-65674,1,1,1
37,-65670,1,1,1
37,-65666,0,1,1
37,-65662,0,1,1
37,-65658,1,1,1
37,-65654,1,1,1
37,-65650,0,1,1
37,-65646,0,1,1
37,-65642,1,1,1
37,-65634,0,1,1
37,-65630,0,1,1
37,-65626,1,1,1
37,-65622,1,1,1
37,-65618,0,1,1
37,-65614,0,1,1
37,-65610,1,1,1
37,-65606,1,1,1
37,-65602,0,1,1
37,-65598,0,1,1
37,-65594,1,1,1
37,-65590,1,1,1
37,-65586,0,1,1
37,-65582,0,1,1
37,-65578,1,1,1
37,-65574,1,1,1
37,-65570,0,1,1
37,-65566,0,1,1
37,-65562,1,1,1
37,-65558,1,1,1
37,-65554,0,1,1
37,-65550,0,1,1
37,-65546,1,1,1
37,-65542,1,1,1
37,-65538,0,1,1
37,-65534,0,1,1
37,-65530,1,1,1
37,-65526,1,1,1
37,-65522,0,1,1
37,-65518,0,1,1
37,-65514,1,1,1
37,-65510,1,1,1
37,-65506,0,1,1
37,-65502,0,1,1
37,-65498,1,1,1
37,-65494,1,1,1
37,-65486,0,1,1
37,-65482,1,1,1
37,-65478,1,1,1
37,-65474,0,1,1
37,-65470,0,1,1
37,-65466,1,1,1
37,-65462,1,1,1
37,-65458,0,1,1
37,-65454,0,1,1
37,-65450,1,1,1
37,-65446,1,1,1
37,-65442,0,1,1
37,-65438,0,1,1
37,-65434,1,1,1
37,-65430,1,1,1
37,-65426,0,1,1
37,-65422,0,1,1
37,-65418,1,1,1
37,-65414,1,1,1
37,-65410,0,1,1
37,-65406,0,1,1
37,-65402,1,1,1
37,-65398,1,1,1
37,-65394,0,1,1
37,-65390,0,1,1
37,-65386,1,1,1
37,-65382,1,1,1
37,-65378,0,1,1
37,-65374,0,1,1
37,-65370,1,1,1
37,-65366,1,1,1
37,-65362,0,1,1
37,-65358,0,1,1
37,-65354,1,1,1
37,-65350,1,1,1
37,-65346,0,1,1
37,-65338,1,1,1
37,-65334,1,1,1
37,-65330,0,1,1
37,-65326,0,1,1
37,-65322,1,1,1
37,-65318,1,1,1
37,-65314,0,1,1
37,-65310,0,1,1
37,-65306,1,1,1
37,-65302,1,1,1
37,-65298,0,1,1
37,-65294,0,1,1
37,-65290,1,1,1
37,-65286,1,1,1
37,-65282,0,1,1
37,-65278,0,1,1
37,-65274,1,1,1
37,-65270,1,1,1
37,-65266,0,1,1
37,-65262,0,1,1
37,-65258,1,1,1
37,-65254,1,1,1
37,-65250,0,1,1
37,-65246,0,1,1
37,-65242,1,1,1
37,-65238,1,1,1
37,-65234,0,1,1
37,-65230,0,1,1
37,-65226,1,1,1
37,-65222,1,1,1
37,-65218,0,1,1
37,-65214,0,1,1
37,-65210,1,1,1
37,-65206,1,1,1
37,-65202,0,1,1
37,-65198,0,1,1
37,-65190,1,1,1
37,-65186,0,1,1
37,-65182,0,1,1
37,-65178,1,1,1
37,-65174,1,1,1
37,-65170,0,1,1
37,-65166,0,1,1
37,-65162,1,1,1
37,-65158,1,1,1
37,-65154,0,1,1
37,-65150,0,1,1
37,-65146,1,1,1
37,-65142,1,1,1
37,-65138,0,1,1
37,-65134,0,1,1
37,-65130,1,1,1
37,-65126,1,1,1
37,-65122,0,1,1
37,-65118,0,1,1
37,-65114,1,1,1
37,-65110,1,1,1
37,-65106,0,1,1
37,-65102,0,1,1
37,-65098,1,1,1
37,-65094,1,1,1
37,-65090,0,1,1
37,-65086,0,1,1
37,-65082,1,1,1
37,-65078,1,1,1
37,-65074,0,1,1
37,-65070,0,1,1
37,-65066,1,1,1
37,-65062,1,1,1
37,-65058,0,1,1
37,-65054,0,1,1
37,-65050,1,1,1
37,-65042,0,1,1
37,-65038,0,1,1
37,-65034,1,1,1
37,-65030,1,1,1
37,-65026,0,1,1
37,-65022,0,1,1
37,-65018,1,1,1
37,-65014,1,1,1
37,-65010,0,1,1
37,-65006,0,1,1
37,-65002,1,1,1
37,-64998,1,1,1
37,-64994,0,1,1
37,-64990,0,1,1
37,-64986,1,1,1
37,-64982,1,1,1
37,-64978,0,1,1
37,-64974,0,1,1
37,-64970,1,1,1
37,-64966,1,1,1
37,-64962,0,1,1
37,-64958,0,1,1
37,-64954,1,1,1
37,-64950,1,1,1
37,-64946,0,1,1
37,-64942,0,1,1
37,-64938,1,1,1
37,-64934,1,1,1
37,-64930,0,1,1
37,-64926,0,1,1
37,-64922,1,1,1
37,-64918,1,1,1
37,-64914,0,1,1
37,-64910,0,1,1
37,-64906,1,1,1
37,-64902,1,1,1
37,-64894,0,1,1
37,-64890,1,1,1
37,-64886,1,1,1
37,-64882,0,1,1
37,-64878,0,1,1
37,-64874,1,1,1
37,-64870,1,1,1
37,-64866,0,1,1
37,-64862,0,1,1
37,-64858,1,1,1
37,-64854,1,1,1
37,-64850,0,1,1
37,-64846,0,1,1
37,-64842,1,1,1
37,-64838,1,1,1
37,-64834,0,1,1
37,-64830,0,1,1
37,-64826,1,1,1
37,-64822,1,1,1
37,-64818,0,1,1
37,-64814,0,1,1
37,-64810,1,1,1
37,-64806,1,1,1
37,-64802,0,1,1
37,-64798,0,1,1
37,-64794,1,1,1
37,-64790,1,1,1
37,-64786,0,1,1
37,-64782,0,1,1
37,-64778,1,1,1
37,-64774,1,1,1
37,-64770,0,1,1
37,-64766,0,1,1
37,-64762,1,1,1
37,-64758,1,1,1
37,-64754,0,1,1
37,-64746,1,1,1
37,-64742,1,1,1
37,-64738,0,1,1
37,-64734,0,1,1
37,-64730,1,1,1
37,-64726,1,1,1
37,-64722,0,1,1
37,-64718,0,1,1
37,-64714,1,1,1
37,-64710,1,1,1
37,-64706,0,1,1
37,-64702,0,1,1
37,-64698,1,1,1
37,-64694,1,1,1
37,-64690,0,1,1
37,-64686,0,1,1
37,-64682,1,1,1
37,-64678,1,1,1
37,-64674,0,1,1
37,-64670,0,1,1
37,-64666,1,1,1
37,-64662,1,1,1
37,-64658,0,1,1
37,-64654,0,1,1
37,-64650,1,1,1
37,-64646,1,1,1
37,-64642,0,1,1
37,-64638,0,1,1
37,-64634,1,1,1
37,-64630,1,1,1
37,-64626,0,1,1
37,-64622,0,1,1
37,-64618,1,1,1
37,-64614,1,1,1
37,-64610,0,1,1
37,-64606,0,1,1
37,-64598,1,1,1
37,-64594,0,1,1
37,-64590,0,1,1
37,-64586,1,1,1
37,-64582,1,1,1
37,-64578,0,1,1
37,-64574,0,1,1
37,-64570,1,1,1
37,-64566,1,1,1
37,-64562,0,1,1
37,-64558,0,1,1
37,-64554,1,1,1
37,-64550,1,1,1
37,-64546,0,1,1
37,-64542,0,1,1
37,-64538,1,1,1
37,-64534,1,1,1
37,-64530,0,1,1
37,-64526,0,1,1
37,-64522,1,1,1
37,-64518,1,1,1
37,-64514,0,1,1
37,-64510,0,1,1
37,-64506,1,1,1
37,-64502,1,1,1
37,-64498,0,1,1
37,-64494,0,1,1
37,-64490,1,1,1
37,-64486,1,1,1
37,-64482,0,1,1
37,-64478,0,1,1
37,-64474,1,1,1
37,-64470,1,1,1
37,-64466,0,1,1
37,-64462,0,1,1
37,-64458,1,1,1
37,-64450,0,1,1
37,-64446,0,1,1
37,-64442,1,1,1
37,-64438,1,1,1
37,-64434,0,1,1
37,-64430,0,1,1
37,-64426,1,1,1
37,-64422,1,1,1
37,-64418,0,1,1
37,-64414,0,1,1
37,-64410,1,1,1
37,-64406,1,1,1
37,-64402,0,1,1
37,-64398,0,1,1
37,-64394,1,1,1
37,-64390,1,1,1
37,-64386,0,1,1
37,-64382,0,1,1
37,-64378,1,1,1
37,-64374,1,1,1
37,-64370,0,1,1
37,-64366,0,1,1
37,-64362,1,1,1
37,-64358,1,1,1
37,-64354,0,1,1
37,-64350,0,1,1
37,-64346,1,1,1
37,-64342,1,1,1
37,-64338,0,1,1
37,-64334,0,1,1
37,-64330,1,1,1
37,-64326,1,1,1
37,-64322,0,1,1
37,-64318,0,1,1
37,-64314,1,1,1
37,-64310,1,1,1
37,-64302,0,1,1
37,-64298,1,1,1
37,-64294,1,1,1
37,-64290,0,1,1
37,-64286,0,1,1
37,-64282,1,1,1
37,-64278,1,1,1
37,-64274,0,1,1
37,-64270,0,1,1
37,-64266,1,1,1
37,-64262,1,1,1
37,-64258,0,1,1
37,-64254,0,1,1
37,-64250,1,1,1
37,-64246,1,1,1
37,-64242,0,1,1
37,-64238,0,1,1
37,-64234,1,1,1
37,-64230,1,1,1
37,-64226,0,1,1
37,-64222,0,1,1
37,-64218,1,1,1
37,-64214,1,1,1
37,-64210,0,1,1
37,-64206,0,1,1
37,-64202,1,1,1
37,-64198,1,1,1
37,-64194,0,1,1
37,-64190,0,1,1
37,-64186,1,1,1
37,-64182,1,1,1
37,-64178,0,1,1
37,-64174,0,1,1
37,-64170,1,1,1
37,-64166,1,1,1
37,-64162,0,1,1
37,-64154,1,1,1
37,-64150,1,1,1
37,-64146,0,1,1
37,-64142,0,1,1
37,-64138,1,1,1
37,-64134,1,1,1
37,-64130,0,1,1
37,-64126,0,1,1
37,-64122,1,1,1
37,-64118,1,1,1
37,-64114,0,1,1
37,-64110,0,1,1
37,-64106,1,1,1
37,-64102,1,1,1
37,-64098,0,1,1
37,-64094,0,1,1
37,-64090,1,1,1
37,-64086,1,1,1
37,-64082,0,1,1
37,-64078,0,1,1
37,-64074,1,1,1
37,-64070,1,1,1
37,-64066,0,1,1
37,-64062,0,1,1
37,-64058,1,1,1
37,-64054,1,1,1
37,-64050,0,1,1
37,-64046,0,1,1
37,-64042,1,1,1
37,-64038,1,1,1
37,-64034,0,1,1
37,-64030,0,1,1
37,-64026,1,1,1
37,-64022,1,1,1
37,-64018,0,1,1
37,-64014,0,1,1
37,-64006,1,1,1
37,-64002,0,1,1
37,-63998,0,1,1
37,-63994,1,1,1
37,-63990,1,1,1
37,-63986,0,1,1
37,-63982,0,0,0
37,-63978,1,1,1
37,-63974,1,1,1
37,-63970,0,1,1
37,-63966,0,1,1
37,-63962,1,1,1
37,-63958,1,1,1
37,-63954,0,1,1
37,-63950,0,1,1
37,-63946,1,1,1
37,-63942,1,1,1
37,-63938,0,1,1
37,-63934,0,1,1
37,-63930,1,1,1
37,-63926,1,1,1
37,-63922,0,1,1
37,-63918,0,1,1
37,-63914,1,1,1
37,-63910,1,1,1
37,-63906,0,1,1
37,-63902,0,1,1
37,-63898,1,1,1
37,-63894,1,1,1
37,-63890,0,1,1
37,-63886,0,1,1
37,-63882,1,1,1
37,-63878,1,1,1
37,-63874,0,1,1
37,-63870,0,1,1
37,-63866,1,1,1
37,-63858,0,1,1
37,-63854,0,1,1
37,-63850,1,1,1
37,-63846,1,0,1
37,-63842,0,1,1
37,-63838,0,1,1
37,-63834,1,1,1
37,-63830,1,1,1
37,-63826,0,1,1
37,-63822,0,1,1
37,-63818,1,1,1
37,-63814,1,1,1
37,-63810,0,1,1
37,-63806,0,1,1
37,-63802,1,1,1
37,-63798,1,1,1
37,-63794,0,1,1
37,-63790,0,1,1
37,-63786,1,1,1
37,-63782,1,1,1
37,-63778,0,1,1
37,-63774,0,1,1
37,-63770,1,1,1
37,-63766,1,1,1
37,-63762,0,1,1
37,-63758,0,1,1
37,-63754,1,1,1
37,-63750,1,1,1
37,-63746,0,1,1
37,-63742,0,1,1
37,-63738,1,1,1
37,-63734,1,1,1
37,-63730,0,1,1
37,-63726,0,1,1
37,-63722,1,1,1
37,-63718,1,1,1
37,-63710,0,1,1
37,-63706,1,1,1
37,-63702,1,1,1
37,-63698,0,1,1
37,-63694,0,1,1
37,-63690,1,1,1
37,-63686,1,1,1
37,-63682,0,1,1
37,-63678,0,0,0
37,-63674,1,1,1
37,-63670,1,1,1
37,-63666,0,1,1
37,-63662,0,1,1
37,-63658,1,1,1
37,-63654,1,1,1
37,-63650,0,1,1
37,-63646,0,1,1
37,-63642,1,1,1
37,-63638,1,1,1
37,-63634,0,1,1
37,-63630,0,1,1
37,-63626,1,1,1
37,-63622,1,1,1
37,-63618,0,1,1
37,-63614,0,1,1
37,-63610,1,1,1
37,-63606,1,1,1
37,-63602,0,1,1
37,-63598,0,1,1
37,-63594,1,1,1
37,-63590,1,1,1
37,-63586,0,1,1
37,-63582,0,1,1
37,-63578,1,1,1
37,-63574,1,1,1
37,-63570,0,1,1
37,-63562,1,1,1
37,-63558,1,1,1
37,-63554,0,1,1
37,-63550,0,1,1
37,-63546,0,1,1
37,-63542,1,1,1
37,-63538,0,1,1
37,-63534,0,1,1
37,-63530,1,1,1
37,-63526,1,1,1
37,-63522,0,1,1
37,-63518,0,1,1
37,-63514,1,1,1
37,-63510,1,1,1
37,-63506,0,1,1
37,-63502,0,1,1
37,-63498,1,1,1
37,-63494,1,1,1
37,-63490,0,1,1
37,-63486,0,1,1
37,-63482,1,1,1
37,-63478,1,1,1
37,-63474,0,1,1
37,-63470,0,1,1
37,-63466,1,1,1
37,-63462,1,1,1
37,-63458,0,1,1
37,-63454,0,1,1
37,-63450,1,1,1
37,-63446,1,1,1
37,-63442,0,1,1
37,-63438,0,1,1
37,-63434,1,1,1
37,-63430,1,1,1
37,-63426,0,1,1
37,-63422,0,1,1
37,-63414,1,1,1
37,-63410,0,1,1
37,-63406,0,1,1
37,-63402,1,1,1
37,-63398,1,1,1
37,-63394,0,1,1
37,-63390,0,1,1
37,-63386,1,1,1
37,-63382,1,1,1
37,-63378,0,1,1
37,-63374,0,1,1
37,-63370,1,1,1
37,-63366,1,1,1
37,-63362,0,1,1
37,-63358,0,1,1
37,-63354,1,1,1
37,-63350,1,1,1
37,-63346,0,1,1
37,-63342,0,1,1
37,-63338,1,1,1
37,-63334,1,1,1
37,-63330,0,1,1
37,-63326,0,1,1
37,-63322,1,1,1
37,-63318,1,1,1
37,-63314,0,1,1
37,-63310,0,1,1
37,-63306,1,1,1
37,-63302,1,1,1
37,-63298,0,1,1
37,-63294,0,1,1
37,-63290,1,1,1
37,-63286,1,1,1
37,-63282,0,1,1
37,-63278,0,1,1
37,-63274,1,1,1
37,-63266,0,1,1
37,-63262,0,1,1
37,-63258,1,1,1
37,-63254,1,1,1
37,-63250,0,1,1
37,-63246,0,1,1
37,-63242,1,1,1
37,-63238,1,1,1
37,-63234,0,1,1
37,-63230,0,1,1
37,-63226,1,1,1
37,-63222,1,1,1
37,-63218,0,1,1
37,-63214,0,1,1
37,-63210,1,1,1
37,-63206,1,1,1
37,-63202,0,1,1
37,-63198,0,1,1
37,-63194,1,1,1
37,-63190,1,1,1
37,-63186,0,1,1
37,-63182,0,1,1
37,-63178,1,1,1
37,-63174,1,1,1
37,-63170,0,1,1
37,-63166,0,1,1
37,-63162,1,1,1
37,-63158,1,1,1
37,-63154,0,1,1
37,-63150,0,1,1
37,-63146,1,1,1
37,-63142,1,1,1
37,-63138,0,1,1
37,-63134,0,1,1
37,-63130,1,1,1
37,-63126,1,1,1
37,-63118,0,1,1
37,-63114,1,1,1
37,-63110,1,1,1
37,-63106,0,1,1
37,-63102,0,1,1
37,-63098,1,1,1
37,-63094,1,1,1
37,-63090,0,1,1
37,-63086,0,1,1
37,-63082,1,1,1
37,-63078,1,1,1
37,-63074,0,1,1
37,-63070,0,1,1
37,-63066,1,1,1
37,-63062,1,1,1
37,-63058,0,1,1
37,-63054,0,1,1
37,-63050,1,1,1
37,-63046,1,1,1
37,-63042,0,1,1
37,-63038,0,1,1
37,-63034,1,1,1
37,-63030,1,1,1
37,-63026,0,1,1
37,-63022,0,1,1
37,-63018,1,1,1
37,-63014,1,1,1
37,-63010,0,1,1
37,-63006,0,1,1
37,-63002,1,1,1
37,-62998,1,1,1
37,-62994,0,1,1
37,-62990,0,1,1
37,-62986,1,1,1
37,-62982,1,0,1
37,-62978,0,1,1
37,-62970,1,1,1
37,-62966,1,1,1
37,-62962,0,1,1
37,-62958,0,1,1
37,-62954,1,1,1
37,-62950,1,1,1
37,-62946,0,1,1
37,-62942,0,1,1
37,-62938,1,1,1
37,-62934,1,1,1
37,-62930,0,1,1
37,-62926,0,1,1
37,-62922,1,1,1
37,-62918,1,1,1
37,-62914,0,1,1
37,-62910,0,1,1
37,-62906,1,1,1
37,-62902,1,1,1
37,-62898,0,1,1
37,-62894,0,1,1
37,-62890,1,1,1
37,-62886,1,1,1
37,-62882,0,1,1
37,-62878,0,1,1
37,-62874,1,1,1
37,-62870,1,1,1
37,-62866,0,1,1
37,-62862,0,1,1
37,-62858,1,1,1
37,-62854,1,1,1
37,-62850,0,1,1
37,-62846,0,1,1
37,-62842,1,1,1
37,-62838,1,1,1
37,-62834,0,1,1
37,-62830,0,1,1
37,-62822,1,1,1
37,-62818,0,1,1
37,-62814,0,1,1
37,-62810,1,1,1
37,-62806,1,1,1
37,-62802,0,1,1
37,-62798,0,1,1
37,-62794,1,1,1
37,-62790,1,1,1
37,-62786,0,1,1
37,-62782,0,1,1
37,-62778,1,1,1
37,-62774,1,1,1
37,-62770,0,1,1
37,-62766,0,1,1
37,-62762,1,1,1
37,-62758,1,1,1
37,-62754,0,1,1
37,-62750,0,1,1
37,-62746,1,1,1
37,-62742,1,1,1
37,-62738,0,1,1
37,-62734,0,1,1
37,-62730,1,1,1
37,-62726,1,1,1
37,-62722,0,1,1
37,-62718,0,1,1
37,-62714,1,1,1
37,-62710,1,1,1
37,-62706,0,1,1
37,-62702,0,1,1
37,-62698,1,1,1
37,-62694,1,1,1
37,-62690,0,1,1
37,-62686,0,1,1
37,-62682,1,1,1
37,-62674,0,1,1
37,-62670,0,1,1
37,-62666,1,1,1
37,-62662,1,1,1
37,-62658,0,1,1
37,-62654,0,1,1
37,-62650,1,0,1
37,-62646,1,1,1
37,-62642,0,1,1
37,-62638,0,1,1
37,-62634,1,1,1
37,-62630,1,1,1
37,-62626,0,1,1
37,-62622,0,0,0
37,-62618,1,1,1
37,-62614,1,1,1
37,-62610,0,1,1
37,-62606,0,1,1
37,-62602,1,1,1
37,-62598,1,1,1
37,-62594,0,1,1
37,-62590,0,1,1
37,-62586,1,1,1
37,-62582,1,1,1
37,-62578,0,1,1
37,-62574,0,1,1
37,-62570,1,1,1
37,-62566,1,1,1
37,-62562,0,1,1
37,-62558,0,1,1
37,-62554,1,1,1
37,-62550,1,1,1
37,-62546,0,1,1
37,-62542,0,1,1
37,-62538,1,1,1
37,-62534,1,1,1
37,-62526,0,1,1
37,-62522,1,1,1
37,-62518,1,1,1
37,-62514,0,1,1
37,-62510,0,1,1
37,-62506,1,1,1
37,-62502,1,1,1
37,-62498,0,1,1
37,-62494,0,1,1
37,-62490,1,1,1
37,-62486,1,1,1
37,-62482,0,1,1
37,-62478,0,1,1
37,-62474,1,1,1
37,-62470,1,1,1
37,-62466,0,1,1
37,-62462,0,1,1
37,-62458,1,1,1
37,-62454,1,1,1
37,-62450,0,1,1
37,-62446,0,1,1
37,-62442,1,1,1
37,-62438,1,1,1
37,-62434,0,1,1
37,-62430,0,1,1
37,-62426,1,1,1
37,-62422,1,1,1
37,-62418,0,1,1
37,-62414,0,1,1
37,-62410,1,1,1
37,-62406,1,1,1
37,-62402,0,1,1
37,-62398,0,1,1
37,-62394,1,1,1
37,-62390,1,1,1
37,-62386,0,1,1
37,-62378,1,1,1
37,-62374,1,1,1
37,-62370,0,1,1
37,-62366,0,1,1
37,-62362,1,1,1
37,-62358,1,1,1
37,-62354,0,1,1
37,-62350,0,1,1
37,-62346,1,1,1
37,-62342,1,1,1
37,-62338,0,1,1
37,-62334,0,1,1
37,-62330,1,1,1
37,-62326,1,1,1
37,-62322,0,1,1
37,-62318,0,1,1
37,-62314,1,1,1
37,-62310,1,1,1
37,-62306,0,1,1
37,-62302,0,1,1
37,-62298,1,1,1
37,-62294,1,1,1
37,-62290,0,1,1
37,-62286,0,1,1
37,-62282,1,1,1
37,-62278,1,1,1
37,-62274,0,1,1
37,-62270,0,1,1
37,-62266,1,1,1
37,-62262,1,1,1
37,-62258,0,1,1
37,-62254,0,1,1
37,-62250,1,1,1
37,-62246,1,1,1
37,-62242,0,1,1
37,-62238,0,1,1
37,-62230,1,1,1
37,-62226,0,1,1
37,-62222,0,1,1
37,-62218,1,1,1
37,-62214,0,1,1
37,-62210,0,1,1
37,-62206,0,1,1
37,-62202,1,1,1
37,-62198,1,1,1
37,-62194,0,1,1
37,-62190,0,1,1
37,-62186,1,1,1
37,-62182,1,1,1
37,-62178,0,1,1
37,-62174,0,1,1
37,-62170,1,1,1
37,-62166,1,1,1
37,-62162,0,1,1
37,-62158,0,1,1
37,-62154,1,1,1
37,-62150,1,1,1
37,-62146,0,1,1
37,-62142,0,1,1
37,-62138,1,1,1
37,-62134,1,1,1
37,-62130,0,1,1
37,-62126,0,1,1
37,-62122,1,1,1
37,-62118,1,0,1
37,-62114,0,1,1
37,-62110,0,1,1
37,-62106,1,1,1
37,-62102,1,1,1
37,-62098,0,1,1
37,-62094,0,1,1
37,-62090,1,1,1
37,-62082,0,1,1
37,-62078,0,1,1
37,-62074,1,1,1
37,-62070,1,1,1
37,-62066,0,1,1
37,-62062,0,1,1
37,-62058,1,1,1
37,-62054,1,1,1
37,-62050,0,1,1
37,-62046,0,1,1
37,-62042,1,1,1
37,-62038,1,1,1
37,-62034,0,1,1
37,-62030,0,1,1
37,-62026,1,1,1
37,-62022,1,1,1
37,-62018,0,1,1
37,-62014,0,1,1
37,-62010,1,1,1
37,-62006,1,1,1
37,-62002,0,1,1
37,-61998,0,1,1
37,-61994,1,1,1
37,-61990,1,1,1
37,-61986,0,1,1
37,-61982,0,1,1
37,-61978,1,1,1
37,-61974,1,1,1
37,-61970,0,1,1
37,-61966,0,1,1
37,-61962,1,1,1
37,-61958,1,1,1
37,-61954,0,1,1
37,-61950,0,1,1
37,-61946,1,1,1
37,-61942,1,1,1
37,-61934,0,1,1
37,-61930,1,1,1
37,-61926,1,1,1
37,-61922,0,1,1
37,-61918,0,1,1
37,-61914,1,1,1
37,-61910,1,1,1
37,-61906,0,1,1
37,-61902,0,1,1
37,-61898,1,1,1
37,-61894,1,1,1
37,-61890,0,1,1
37,-61886,0,1,1
37,-61882,1,1,1
37,-61878,1,1,1
37,-61874,0,1,1
37,-61870,0,1,1
37,-61866,1,1,1
37,-61862,1,1,1
37,-61858,0,1,1
37,-61854,0,1,1
37,-61850,1,1,1
37,-61846,1,1,1
37,-61842,0,1,1
37,-61838,0,1,1
37,-61834,1,1,1
37,-61830,1,1,1
37,-61826,0,1,1
37,-61822,0,1,1
37,-61818,1,1,1
37,-61814,1,1,1
37,-61810,0,1,1
37,-61806,0,1,1
37,-61802,1,1,1
37,-61798,1,1,1
37,-61794,0,1,1
37,-61786,1,1,1
37,-61782,1,1,1
37,-61778,0,1,1
37,-61774,0,1,1
37,-61770,1,1,1
37,-61766,1,1,1
37,-61762,0,1,1
37,-61758,0,1,1
37,-61754,1,1,1
37,-61750,1,1,1
37,-61746,0,1,1
37,-61742,0,1,1
37,-61738,1,1,1
37,-61734,1,1,1
37,-61730,0,1,1
37,-61726,0,1,1
37,-61722,1,1,1
37,-61718,1,1,1
37,-61714,0,1,1
37,-61710,0,1,1
37,-61706,1,1,1
37,-61702,1,1,1
37,-61698,0,1,1
37,-61694,0,1,1
37,-61690,1,1,1
37,-61686,1,1,1
37,-61682,0,1,1
37,-61678,0,1,1
37,-61674,1,1,1
37,-61670,1,1,1
37,-61666,0,1,1
37,-61662,0,1,1
37,-61658,1,1,1
37,-61654,1,1,1
37,-61650,0,1,1
37,-61646,0,1,1
37,-61638,1,1,1
37,-61634,0,1,1
37,-61630,0,1,1
37,-61626,1,1,1
37,-61622,1,1,1
37,-61618,0,1,1
37,-61614,0,1,1
37,-61610,1,1,1
37,-61606,1,1,1
37,-61602,0,1,1
37,-61598,0,1,1
37,-61594,1,1,1
37,-61590,1,0,1
37,-61586,0,1,1
37,-61582,0,1,1
37,-61578,1,1,1
37,-61574,1,1,1
37,-61570,0,1,1
37,-61566,0,1,1
37,-61562,1,1,1
37,-61558,1,1,1
37,-61554,0,1,1
37,-61550,0,1,1
37,-61546,1,1,1
37,-61542,1,1,1
37,-61538,0,1,1
37,-61534,0,1,1
37,-61530,1,1,1
37,-61526,1,1,1
37,-61522,0,1,1
37,-61518,0,1,1
37,-61514,1,1,1
37,-61510,1,1,1
37,-61506,0,1,1
37,-61502,0,1,1
37,-61498,1,1,1
37,-61490,0,1,1
37,-61486,0,1,1
37,-61482,1,1,1
37,-61478,1,1,1
37,-61474,0,1,1
37,-61470,0,1,1
37,-61466,1,1,1
37,-61462,1,1,1
37,-61458,0,1,1
37,-61454,0,1,1
37,-61450,1,1,1
37,-61446,1,1,1
37,-61442,0,1,1
37,-61438,0,1,1
37,-61434,1,1,1
37,-61430,1,1,1
37,-61426,0,1,1
37,-61422,0,1,1
37,-61418,1,1,1
37,-61414,1,1,1
37,-61410,0,1,1
37,-61406,0,1,1
37,-61402,1,1,1
37,-61398,1,1,1
37,-61394,0,1,1
37,-61390,0,1,1
37,-61386,1,1,1
37,-61382,1,1,1
37,-61378,0,1,1
37,-61374,0,1,1
37,-61370,1,1,1
37,-61366,1,1,1
37,-61362,0,1,1
37,-61358,0,1,1
37,-61354,1,1,1
37,-61350,1,1,1
37,-61342,0,1,1
37,-61338,1,1,1
37,-61334,1,1,1
37,-61330,0,1,1
37,-61326,0,1,1
37,-61322,1,1,1
37,-61318,1,1,1
37,-61314,0,1,1
37,-61310,0,1,1
37,-61306,1,1,1
37,-61302,1,1,1
37,-61298,0,1,1
37,-61294,0,1,1
37,-61290,1,1,1
37,-61286,1,1,1
37,-61282,0,1,1
37,-61278,0,1,1
37,-61274,1,1,1
37,-61270,1,1,1
37,-61266,0,1,1
37,-61262,0,1,1
37,-61258,1,1,1
37,-61254,1,1,1
37,-61250,0,1,1
37,-61246,0,1,1
37,-61242,1,1,1
37,-61238,1,1,1
37,-61234,0,1,1
37,-61230,0,1,1
37,-61226,1,1,1
37,-61222,1,1,1
37,-61218,0,1,1
37,-61214,0,1,1
37,-61210,1,1,1
37,-61206,1,1,1
37,-61202,0,1,1
37,-61194,1,1,1
37,-61190,1,1,1
37,-61186,0,1,1
37,-61182,0,1,1
37,-61178,1,1,1
37,-61174,1,1,1
37,-61170,0,1,1
37,-61166,0,1,1
37,-61162,1,1,1
37,-61158,1,1,1
37,-61154,0,1,1
37,-61150,0,1,1
37,-61146,1,1,1
37,-61142,1,1,1
37,-61138,0,1,1
37,-61134,0,1,1
37,-61130,1,1,1
37,-61126,1,1,1
37,-61122,0,1,1
37,-61118,0,1,1
37,-61114,1,1,1
37,-61110,1,1,1
37,-61106,0,1,1
37,-61102,0,1,1
37,-61098,1,1,1
37,-61094,1,1,1
37,-61090,0,1,1
37,-61086,0,1,1
37,-61082,1,1,1
37,-61078,1,1,1
37,-61074,0,1,1
37,-61070,0,1,1
37,-61066,1,1,1
37,-61062,1,1,1
37,-61058,0,1,1
37,-61054,0,1,1
37,-61046,1,1,1
37,-61042,0,1,1
37,-61038,0,1,1
37,-61034,1,1,1
37,-61030,1,1,1
37,-61026,0,1,1
37,-61022,0,1,1
37,-61018,1,1,1
37,-61014,1,1,1
37,-61010,0,1,1
37,-61006,0,1,1
37,-61002,1,1,1
37,-60998,0,1,1
37,-60994,0,1,1
37,-60990,0,1,1
37,-60986,1,1,1
37,-60982,1,1,1
37,-60978,0,1,1
37,-60974,0,1,1
37,-60970,1,1,1
37,-60966,1,1,1
37,-60962,0,1,1
37,-60958,0,1,1
37,-60954,1,1,1
37,-60950,1,1,1
37,-60946,0,1,1
37,-60942,0,1,1
37,-60938,1,1,1
37,-60934,1,1,1
37,-60930,0,1,1
37,-60926,0,1,1
37,-60922,1,1,1
37,-60918,1,1,1
37,-60914,0,1,1
37,-60910,0,1,1
37,-60906,1,1,1
37,-60898,0,1,1
37,-60894,0,1,1
37,-60890,1,1,1
37,-60886,1,1,1
37,-60882,0,1,1
37,-60878,0,1,1
37,-60874,1,1,1
37,-60870,1,1,1
37,-60866,0,1,1
37,-60862,0,1,1
37,-60858,1,1,1
37,-60854,1,1,1
37,-60850,0,1,1
37,-60846,0,1,1
37,-60842,1,1,1
37,-60838,1,1,1
37,-60834,0,1,1
37,-60830,0,1,1
37,-60826,1,1,1
37,-60822,1,1,1
37,-60818,0,1,1
37,-60814,0,1,1
37,-60810,1,1,1
37,-60806,1,1,1
37,-60802,0,1,1
37,-60798,0,1,1
37,-60794,1,1,1
37,-60790,1,1,1
37,-60786,0,1,1
37,-60782,0,1,1
37,-60778,1,1,1
37,-60774,1,1,1
37,-60770,0,1,1
37,-60766,0,1,1
37,-60762,1,1,1
37,-60758,1,1,1
37,-60750,0,1,1
37,-60746,1,1,1
37,-60742,1,1,1
37,-60738,0,1,1
37,-60734,0,1,1
37,-60730,1,1,1
37,-60726,1,1,1
37,-60722,0,1,1
37,-60718,0,1,1
37,-60714,1,1,1
37,-60710,1,1,1
37,-60706,0,1,1
37,-60702,0,1,1
37,-60698,1,1,1
37,-60694,1,1,1
37,-60690,0,1,1
37,-60686,0,1,1
37,-60682,1,1,1
37,-60678,1,1,1
37,-60674,0,1,1
37,-60670,0,1,1
37,-60666,1,1,1
37,-60662,1,1,1
37,-60658,0,1,1
37,-60654,0,1,1
37,-60650,1,1,1
37,-60646,1,1,1
37,-60642,0,1,1
37,-60638,0,1,1
37,-60634,1,1,1
37,-60630,1,1,1
37,-60626,0,1,1
37,-60622,0,1,1
37,-60618,1,1,1
37,-60614,1,1,1
37,-60610,0,1,1
37,-60602,1,1,1
37,-60598,1,1,1
37,-60594,0,1,1
37,-60590,0,1,1
37,-60586,1,1,1
37,-60582,1,1,1
37,-60578,0,1,1
37,-60574,0,1,1
37,-60570,1,1,1
37,-60566,1,1,1
37,-60562,0,1,1
37,-60558,0,1,1
37,-60554,1,1,1
37,-60550,1,1,1
37,-60546,0,1,1
37,-60542,0,1,1
37,-60538,1,1,1
37,-60534,1,1,1
37,-60530,0,1,1
37,-60526,0,1,1
37,-60522,1,1,1
37,-60518,1,1,1
37,-60514,0,1,1
37,-60510,0,1,1
37,-60506,1,1,1
37,-60502,1,1,1
37,-60498,0,1,1
37,-60494,0,1,1
37,-60490,1,1,1
37,-60486,1,1,1
37,-60482,0,1,1
37,-60478,0,1,1
37,-60474,1,1,1
37,-60470,1,1,1
37,-60466,0,1,1
37,-60462,0,1,1
37,-60454,1,1,1
37,-60450,0,0,0
37,-60446,0,1,1
37,-60442,1,1,1
37,-60438,1,1,1
37,-60434,0,1,1
37,-60430,0,1,1
37,-60426,1,1,1
37,-60422,1,1,1
37,-60418,0,1,1
37,-60414,0,1,1
37,-60410,1,1,1
37,-60406,1,1,1
37,-60402,0,1,1
37,-60398,0,1,1
37,-60394,1,1,1
37,-60390,1,1,1
37,-60386,0,1,1
37,-60382,0,1,1
37,-60378,1,1,1
37,-60374,1,1,1
37,-60370,0,1,1
37,-60366,0,1,1
37,-60362,1,1,1
37,-60358,1,1,1
37,-60354,0,1,1
37,-60350,0,1,1
37,-60346,1,1,1
37,-60342,1,1,1
37,-60338,0,1,1
37,-60334,0,1,1
37,-60330,1,1,1
37,-60326,1,1,1
37,-60322,0,1,1
37,-60318,0,1,1
37,-60314,1,1,1
37,-60306,0,1,1
37,-60302,0,1,1
37,-60298,1,1,1
37,-60294,1,1,1
37,-60290,0,1,1
37,-60286,0,1,1
37,-60282,1,1,1
37,-60278,1,1,1
37,-60274,0,1,1
37,-60270,0,1,1
37,-60266,1,1,1
37,-60262,1,1,1
37,-60258,0,1,1
37,-60254,0,1,1
37,-60250,1,1,1
37,-60246,1,1,1
37,-60242,0,1,1
37,-60238,0,1,1
37,-60234,1,1,1
37,-60230,1,1,1
37,-60226,0,1,1
37,-60222,0,1,1
37,-60218,1,1,1
37,-60214,1,1,1
37,-60210,0,1,1
37,-60206,0,1,1
37,-60202,1,1,1
37,-60198,1,1,1
37,-60194,0,1,1
37,-60190,0,1,1
37,-60186,1,1,1
37,-60182,1,1,1
37,-60178,0,1,1
37,-60174,0,1,1
37,-60170,1,1,1
37,-60166,1,1,1
37,-60158,0,1,1
37,-60154,1,1,1
37,-60150,1,1,1
37,-60146,0,1,1
37,-60142,0,1,1
37,-60138,1,1,1
37,-60134,1,1,1
37,-60130,0,1,1
37,-60126,0,1,1
37,-60122,1,1,1
37,-60118,1,1,1
37,-60114,0,1,1
37,-60110,0,1,1
37,-60106,1,1,1
37,-60102,1,1,1
37,-60098,0,1,1
37,-60094,0,1,1
37,-60090,1,1,1
37,-60086,1,1,1
37,-60082,0,1,1
37,-60078,0,1,1
37,-60074,1,1,1
37,-60070,1,1,1
37,-60066,0,1,1
37,-60062,0,1,1
37,-60058,1,1,1
37,-60054,1,1,1
37,-60050,0,1,1
37,-60046,0,1,1
37,-60042,1,1,1
37,-60038,1,1,1
37,-60034,0,1,1
37,-60030,0,1,1
37,-60026,1,1,1
37,-60022,1,1,1
37,-60018,0,1,1
37,-60010,1,1,1
37,-60006,1,1,1
37,-60002,0,1,1
37,-59998,0,1,1
37,-59994,1,1,1
37,-59990,1,1,1
37,-59986,0,1,1
37,-59982,0,1,1
37,-59978,1,1,1
37,-59974,1,1,1
37,-59970,0,1,1
37,-59966,0,1,1
37,-59962,1,1,1
37,-59958,1,1,1
37,-59954,0,1,1
37,-59950,0,1,1
37,-59946,1,1,1
37,-59942,1,1,1
37,-59938,0,1,1
37,-59934,0,1,1
37,-59930,1,1,1
37,-59926,1,1,1
37,-59922,0,1,1
37,-59918,0,1,1
37,-59914,1,1,1
37,-59910,1,1,1
37,-59906,0,1,1
37,-59902,0,1,1
37,-59898,1,1,1
37,-59894,1,1,1
37,-59890,0,1,1
37,-59886,0,1,1
37,-59882,1,1,1
37,-59878,1,1,1
37,-59874,0,1,1
37,-59870,0,1,1
37,-59862,1,1,1
37,-59858,0,1,1
37,-59854,0,1,1
37,-59850,1,1,1
37,-59846,1,1,1
37,-59842,0,1,1
37,-59838,0,1,1
37,-59834,1,1,1
37,-59830,1,1,1
37,-59826,0,1,1
37,-59822,0,1,1
37,-59818,1,1,1
37,-59814,1,1,1
37,-59810,0,1,1
37,-59806,0,1,1
37,-59802,1,1,1
37,-59798,1,1,1
37,-59794,0,1,1
37,-59790,0,1,1
37,-59786,1,1,1
37,-59782,1,1,1
37,-59778,0,1,1
37,-59774,0,1,1
37,-59770,1,1,1
37,-59766,1,1,1
37,-59762,0,1,1
37,-59758,0,1,1
37,-59754,1,1,1
37,-59750,0,1,1
37,-59746,0,1,1
37,-59742,0,1,1
37,-59738,1,1,1
37,-59734,1,1,1
37,-59730,0,1,1
37,-59726,0,1,1
37,-59722,1,1,1
37,-59714,0,1,1
37,-59710,0,1,1
37,-59706,1,1,1
37,-59702,1,1,1
37,-59698,0,1,1
37,-59694,0,1,1
37,-59690,1,1,1
37,-59686,1,1,1
37,-59682,0,1,1
37,-59678,0,1,1
37,-59674,1,1,1
37,-59670,1,1,1
37,-59666,0,1,1
37,-59662,0,1,1
37,-59658,1,1,1
37,-59654,1,1,1
37,-59650,0,1,1
37,-59646,0,1,1
37,-59642,1,1,1
37,-59638,1,1,1
37,-59634,0,1,1
37,-59630,0,1,1
37,-59626,1,1,1
37,-59622,1,1,1
37,-59618,0,1,1
37,-59614,0,1,1
37,-59610,1,1,1
37,-59606,1,1,1
37,-59602,0,1,1
37,-59598,0,1,1
37,-59594,1,1,1
37,-59590,1,1,1
37,-59586,0,1,1
37,-59582,0,1,1
37,-59578,1,1,1
37,-59574,1,1,1
37,-59566,0,1,1
37,-59562,1,1,1
37,-59558,1,1,1
37,-59554,0,1,1
37,-59550,0,1,1
37,-59546,1,1,1
37,-59542,1,1,1
37,-59538,0,1,1
37,-59534,0,1,1
37,-59530,1,1,1
37,-59526,1,1,1
37,-59522,0,1,1
37,-59518,0,1,1
37,-59514,1,1,1
37,-59510,1,1,1
37,-59506,0,1,1
37,-59502,0,1,1
37,-59498,1,1,1
37,-59494,1,1,1
37,-59490,0,1,1
37,-59486,0,1,1
37,-59482,1,1,1
37,-59478,1,1,1
37,-59474,0,1,1
37,-59470,0,1,1
37,-59466,1,1,1
37,-59462,1,1,1
37,-59458,0,1,1
37,-59454,0,1,1
37,-59450,1,1,1
37,-59446,1,1,1
37,-59442,0,0,0
37,-59438,0,1,1
37,-59434,1,1,1
37,-59430,1,1,1
37,-59426,0,1,1
37,-59418,1,1,1
37,-59414,1,1,1
37,-59410,0,1,1
37,-59406,0,1,1
37,-59402,1,1,1
37,-59398,1,1,1
37,-59394,0,1,1
37,-59390,0,1,1
37,-59386,1,1,1
37,-59382,1,1,1
37,-59378,0,1,1
37,-59374,0,1,1
37,-59370,1,1,1
37,-59366,1,1,1
37,-59362,0,1,1
37,-59358,0,1,1
37,-59354,1,1,1
37,-59350,1,1,1
37,-59346,0,1,1
37,-59342,0,1,1
37,-59338,1,1,1
37,-59334,1,1,1
37,-59330,0,1,1
37,-59326,0,1,1
37,-59322,1,1,1
37,-59318,1,1,1
37,-59314,0,1,1
37,-59310,0,1,1
37,-59306,1,1,1
37,-59302,1,1,1
37,-59298,0,1,1
37,-59294,0,1,1
37,-59290,1,1,1
37,-59286,1,1,1
37,-59282,0,1,1
37,-59278,0,1,1
37,-59270,1,1,1
37,-59266,0,0,0
37,-59262,0,1,1
37,-59258,1,1,1
37,-59254,1,1,1
37,-59250,0,1,1
37,-59246,0,1,1
37,-59242,1,1,1
37,-59238,1,1,1
37,-59234,0,1,1
37,-59230,0,1,1
37,-59226,1,1,1
37,-59222,1,1,1
37,-59218,0,1,1
37,-59214,0,1,1
37,-59210,1,1,1
37,-59206,1,1,1
37,-59202,0,1,1
37,-59198,0,1,1
37,-59194,1,1,1
37,-59190,1,1,1
37,-59186,0,1,1
37,-59182,0,1,1
37,-59178,1,1,1
37,-59174,1,1,1
37,-59170,0,1,1
37,-59166,0,1,1
37,-59162,1,1,1
37,-59158,1,1,1
37,-59154,0,1,1
37,-59150,0,1,1
37,-59146,1,1,1
37,-59142,1,1,1
37,-59138,0,1,1
37,-59134,0,1,1
37,-59130,1,1,1
37,-59122,0,1,1
37,-59118,0,1,1
37,-59114,1,1,1
37,-59110,1,1,1
37,-59106,0,1,1
37,-59102,0,1,1
37,-59098,1,1,1
37,-59094,1,1,1
37,-59090,0,1,1
37,-59086,0,1,1
37,-59082,1,1,1
37,-59078,1,1,1
37,-59074,0,1,1
37,-59070,0,1,1
37,-59066,1,1,1
37,-59062,1,1,1
37,-59058,0,1,1
37,-59054,0,1,1
37,-59050,1,1,1
37,-59046,1,1,1
37,-59042,0,1,1
37,-59038,0,1,1
37,-59034,1,1,1
37,-59030,1,1,1
37,-59026,0,1,1
37,-59022,0,1,1
37,-59018,1,1,1
37,-59014,1,1,1
37,-59010,0,1,1
37,-59006,0,1,1
37,-59002,1,1,1
37,-58998,1,1,1
37,-58994,0,1,1
37,-58990,0,1,1
37,-58986,1,1,1
37,-58982,1,1,1
37,-58974,0,1,1
37,-58970,1,1,1
37,-58966,1,1,1
37,-58962,0,0,0
37,-58958,0,1,1
37,-58954,1,1,1
37,-58950,1,1,1
37,-58946,0,1,1
37,-58942,0,1,1
37,-58938,1,1,1
37,-58934,1,1,1
37,-58930,0,1,1
37,-58926,0,1,1
37,-58922,1,1,1
37,-58918,1,1,1
37,-58914,0,1,1
37,-58910,0,1,1
37,-58906,1,1,1
37,-58902,1,1,1
37,-58898,0,1,1
37,-58894,0,1,1
37,-58890,1,1,1
37,-58886,1,1,1
37,-58882,0,1,1
37,-58878,0,1,1
37,-58874,1,1,1
37,-58870,1,1,1
37,-58866,0,1,1
37,-58862,0,1,1
37,-58858,1,1,1
37,-58854,1,1,1
37,-58850,0,1,1
37,-58846,0,1,1
37,-58842,1,1,1
37,-58838,1,1,1
37,-58834,0,1,1
37,-58826,1,1,1
37,-58822,1,1,1
37,-58818,0,1,1
37,-58814,0,1,1
37,-58810,1,1,1
37,-58806,1,1,1
37,-58802,0,1,1
37,-58798,0,1,1
37,-58794,1,1,1
37,-58790,1,1,1
37,-58786,0,1,1
37,-58782,0,1,1
37,-58778,1,1,1
37,-58774,1,1,1
37,-58770,0,1,1
37,-58766,0,1,1
37,-58762,1,1,1
37,-58758,1,1,1
37,-58754,0,1,1
37,-58750,0,1,1
37,-58746,1,1,1
37,-58742,1,1,1
37,-58738,0,1,1
37,-58734,0,1,1
37,-58730,1,1,1
37,-58726,1,1,1
37,-58722,0,1,1
37,-58718,0,1,1
37,-58714,1,1,1
37,-58710,1,1,1
37,-58706,0,1,1
37,-58702,0,1,1
37,-58698,1,1,1
37,-58694,1,1,1
37,-58690,0,1,1
37,-58686,0,1,1
37,-58678,1,1,1
37,-58674,0,1,1
37,-58670,0,1,1
37,-58666,1,1,1
37,-58662,1,1,1
37,-58658,0,1,1
37,-58654,0,1,1
37,-58650,1,1,1
37,-58646,1,1,1
37,-58642,0,1,1
37,-58638,0,1,1
37,-58634,1,1,1
37,-58630,1,1,1
37,-58626,0,1,1
37,-58622,0,1,1
37,-58618,1,1,1
37,-58614,1,1,1
37,-58610,0,1,1
37,-58606,0,1,1
37,-58602,1,1,1
37,-58598,1,1,1
37,-58594,0,1,1
37,-58590,0,1,1
37,-58586,1,1,1
37,-58582,1,1,1
37,-58578,0,1,1
37,-58574,0,1,1
37,-58570,1,1,1
37,-58566,1,1,1
37,-58562,0,1,1
37,-58558,0,1,1
37,-58554,1,1,1
37,-58550,1,1,1
37,-58546,0,1,1
37,-58542,0,1,1
37,-58538,1,1,1
37,-58530,0,1,1
37,-58526,0,1,1
37,-58522,1,1,1
37,-58518,1,1,1
37,-58514,0,1,1
37,-58510,0,1,1
37,-58506,1,1,1
37,-58502,1,1,1
37,-58498,0,1,1
37,-58494,0,1,1
37,-58490,1,1,1
37,-58486,1,1,1
37,-58482,0,1,1
37,-58478,0,1,1
37,-58474,1,1,1
37,-58470,1,1,1
37,-58466,0,1,1
37,-58462,0,1,1
37,-58458,1,1,1
37,-58454,1,1,1
37,-58450,0,1,1
37,-58446,0,1,1
37,-58442,1,1,1
37,-58438,1,1,1
37,-58434,0,1,1
37,-58430,0,1,1
37,-58426,1,1,1
37,-58422,1,1,1
37,-58418,0,1,1
37,-58414,0,1,1
37,-58410,1,1,1
37,-58406,1,1,1
37,-58402,0,1,1
37,-58398,0,0,0
37,-58394,1,1,1
37,-58390,1,1,1
37,-58382,0,1,1
37,-58378,1,1,1
37,-58374,1,1,1
37,-58370,0,1,1
37,-58366,0,1,1
37,-58362,1,1,1
37,-58358,1,1,1
37,-58354,0,1,1
37,-58350,0,1,1
37,-58346,1,1,1
37,-58342,1,1,1
37,-58338,0,1,1
37,-58334,0,1,1
37,-58330,1,1,1
37,-58326,1,1,1
37,-58322,0,1,1
37,-58318,0,1,1
37,-58314,1,1,1
37,-58310,1,1,1
37,-58306,0,1,1
37,-58302,0,1,1
37,-58298,1,1,1
37,-58294,1,1,1
37,-58290,0,1,1
37,-58286,0,1,1
37,-58282,1,1,1
37,-58278,1,1,1
37,-58274,0,1,1
37,-58270,0,1,1
37,-58266,1,1,1
37,-58262,1,1,1
37,-58258,0,1,1
37,-58254,0,1,1
37,-58250,1,1,1
37,-58246,1,1,1
37,-58242,0,1,1
37,-58234,1,1,1
37,-58230,1,1,1
37,-58226,0,1,1
37,-58222,0,1,1
37,-58218,1,1,1
37,-58214,1,1,1
37,-58210,0,1,1
37,-58206,0,1,1
37,-58202,1,1,1
37,-58198,1,1,1
37,-58194,0,1,1
37,-58190,0,1,1
37,-58186,1,1,1
37,-58182,1,1,1
37,-58178,0,1,1
37,-58174,0,1,1
37,-58170,1,1,1
37,-58166,1,1,1
37,-58162,0,1,1
37,-58158,0,1,1
37,-58154,1,1,1
37,-58150,1,1,1
37,-58146,0,1,1
37,-58142,0,1,1
37,-58138,1,1,1
37,-58134,1,1,1
37,-58130,0,1,1
37,-58126,0,1,1
37,-58122,1,1,1
37,-58118,1,1,1
37,-58114,0,1,1
37,-58110,0,1,1
37,-58106,1,1,1
37,-58102,1,1,1
37,-58098,0,1,1
37,-58094,0,1,1
37,-58086,1,1,1
37,-58082,0,1,1
37,-58078,0,1,1
37,-58074,1,0,1
37,-58070,1,1,1
37,-58066,0,1,1
37,-58062,0,1,1
37,-58058,1,1,1
37,-58054,1,1,1
37,-58050,0,1,1
37,-58046,0,1,1
37,-58042,1,1,1
37,-58038,1,1,1
37,-58034,0,1,1
37,-58030,0,1,1
37,-58026,1,1,1
37,-58022,1,1,1
37,-58018,0,1,1
37,-58014,0,1,1
37,-58010,1,1,1
37,-58006,1,1,1
37,-58002,0,1,1
37,-57998,0,1,1
37,-57994,1,1,1
37,-57990,1,1,1
37,-57986,0,1,1
37,-57982,0,1,1
37,-57978,1,1,1
37,-57974,1,1,1
37,-57970,0,1,1
37,-57966,0,1,1
37,-57962,1,1,1
37,-57958,1,1,1
37,-57954,0,1,1
37,-57950,0,1,1
37,-57946,1,1,1
37,-57938,0,1,1
37,-57934,0,1,1
37,-57930,1,1,1
37,-57926,1,1,1
37,-57922,0,1,1
37,-57918,0,1,1
37,-57914,1,1,1
37,-57910,1,1,1
37,-57906,0,1,1
37,-57902,0,1,1
37,-57898,1,1,1
37,-57894,1,1,1
37,-57890,0,1,1
37,-57886,0,1,1
37,-57882,1,1,1
37,-57878,1,1,1
37,-57874,0,1,1
37,-57870,0,1,1
37,-57866,1,1,1
37,-57862,1,1,1
37,-57858,0,1,1
37,-57854,0,1,1
37,-57850,1,1,1
37,-57846,1,1,1
37,-57842,0,1,1
37,-57838,0,1,1
37,-57834,1,1,1
37,-57830,1,1,1
37,-57826,0,1,1
37,-57822,0,1,1
37,-57818,1,1,1
37,-57814,1,1,1
37,-57810,0,1,1
37,-57806,0,1,1
37,-57802,1,1,1
37,-57798,1,1,1
37,-57790,0,1,1
37,-57786,1,1,1
37,-57782,1,1,1
37,-57778,0,1,1
37,-57774,0,1,1
37,-57770,1,1,1
37,-57766,1,1,1
37,-57762,0,1,1
37,-57758,0,1,1
37,-57754,1,1,1
37,-57750,1,1,1
37,-57746,0,1,1
37,-57742,0,1,1
37,-57738,1,1,1
37,-57734,1,1,1
37,-57730,0,1,1
37,-57726,0,1,1
37,-57722,1,1,1
37,-57718,1,1,1
37,-57714,0,1,1
37,-57710,0,1,1
37,-57706,1,1,1
37,-57702,1,1,1
37,-57698,0,1,1
37,-57694,0,1,1
37,-57690,1,1,1
37,-57686,1,1,1
37,-57682,0,1,1
37,-57678,0,1,1
37,-57674,1,1,1
37,-57670,1,1,1
37,-57666,0,1,1
37,-57662,0,1,1
37,-57658,1,1,1
37,-57654,1,0,1
37,-57650,0,1,1
37,-57642,1,1,1
37,-57638,1,1,1
37,-57634,0,1,1
37,-57630,0,1,1
37,-57626,1,1,1
37,-57622,1,1,1
37,-57618,0,1,1
37,-57614,0,1,1
37,-57610,1,1,1
37,-57606,1,1,1
37,-57602,0,1,1
37,-57598,0,1,1
37,-57594,1,1,1
37,-57590,1,1,1
37,-57586,0,1,1
37,-57582,0,1,1
37,-57578,1,1,1
37,-57574,1,1,1
37,-57570,0,1,1
37,-57566,0,1,1
37,-57562,1,1,1
37,-57558,1,1,1
37,-57554,0,1,1
37,-57550,0,1,1
37,-57546,1,1,1
37,-57542,1,1,1
37,-57538,0,1,1
37,-57534,0,1,1
37,-57530,1,1,1
37,-57526,1,1,1
37,-57522,0,1,1
37,-57518,0,1,1
37,-57514,1,1,1
37,-57510,1,1,1
37,-57506,0,1,1
37,-57502,0,1,1
37,-57494,1,1,1
37,-57490,0,1,1
37,-57486,0,1,1
37,-57482,1,1,1
37,-57478,1,1,1
37,-57474,0,1,1
37,-57470,0,1,1
37,-57466,1,1,1
37,-57462,1,1,1
37,-57458,0,1,1
37,-57454,0,1,1
37,-57450,1,1,1
37,-57446,1,1,1
37,-57442,0,1,1
37,-57438,0,1,1
37,-57434,1,1,1
37,-57430,1,1,1
37,-57426,0,1,1
37,-57422,0,1,1
37,-57418,1,1,1
37,-57414,1,1,1
37,-57410,0,1,1
37,-57406,0,1,1
37,-57402,1,1,1
37,-57398,1,1,1
37,-57394,0,1,1
37,-57390,0,1,1
37,-57386,1,1,1
37,-57382,1,1,1
37,-57378,0,1,1
37,-57374,0,1,1
37,-57370,1,1,1
37,-57366,1,1,1
37,-57362,0,1,1
37,-57358,0,1,1
37,-57354,1,1,1
37,-57346,0,1,1
37,-57342,0,1,1
37,-57338,1,1,1
37,-57334,1,1,1
37,-57330,0,1,1
37,-57326,0,1,1
37,-57322,1,1,1
37,-57318,1,1,1
37,-57314,0,1,1
37,-57310,0,1,1
37,-57306,1,1,1
37,-57302,1,1,1
37,-57298,0,1,1
37,-57294,0,1,1
37,-57290,1,1,1
37,-57286,1,1,1
37,-57282,0,1,1
37,-57278,0,1,1
37,-57274,1,1,1
37,-57270,1,1,1
37,-57266,0,1,1
37,-57262,0,1,1
37,-57258,1,1,1
37,-57254,1,1,1
37,-57250,0,1,1
37,-57246,0,1,1
37,-57242,1,1,1
37,-57238,1,1,1
37,-57234,0,1,1
37,-57230,0,1,1
37,-57226,1,1,1
37,-57222,1,1,1
37,-57218,0,1,1
37,-57214,0,1,1
37,-57210,1,1,1
37,-57206,1,1,1
37,-57198,0,1,1
37,-57194,1,1,1
37,-57190,1,1,1
37,-57186,0,1,1
37,-57182,0,1,1
37,-57178,1,1,1
37,-57174,1,1,1
37,-57170,0,1,1
37,-57166,0,1,1
37,-57162,1,1,1
37,-57158,1,1,1
37,-57154,0,1,1
37,-57150,0,1,1
37,-57146,1,1,1
37,-57142,1,1,1
37,-57138,0,1,1
37,-57134,0,1,1
37,-57130,1,1,1
37,-57126,1,1,1
37,-57122,0,1,1
37,-57118,0,1,1
37,-57114,1,1,1
37,-57110,1,1,1
37,-57106,0,1,1
37,-57102,0,1,1
37,-57098,1,1,1
37,-57094,1,1,1
37,-57090,0,1,1
37,-57086,0,1,1
37,-57082,1,1,1
37,-57078,1,1,1
37,-57074,0,1,1
37,-57070,0,1,1
37,-57066,1,1,1
37,-57062,1,1,1
37,-57058,0,1,1
37,-57050,1,1,1
37,-57046,1,1,1
37,-57042,0,1,1
37,-57038,0,1,1
37,-57034,1,1,1
37,-57030,1,1,1
37,-57026,0,1,1
37,-57022,0,1,1
37,-57018,1,1,1
37,-57014,1,1,1
37,-57010,0,1,1
37,-57006,0,1,1
37,-57002,1,1,1
37,-56998,1,1,1
37,-56994,0,1,1
37,-56990,0,1,1
37,-56986,1,1,1
37,-56982,1,1,1
37,-56978,0,1,1
37,-56974,0,1,1
37,-56970,1,1,1
37,-56966,1,1,1
37,-56962,0,1,1
37,-56958,0,1,1
37,-56954,1,1,1
37,-56950,1,1,1
37,-56946,0,1,1
37,-56942,0,1,1
37,-56938,1,1,1
37,-56934,1,1,1
37,-56930,0,1,1
37,-56926,0,1,1
37,-56922,1,1,1
37,-56918,1,1,1
37,-56914,0,1,1
37,-56910,0,1,1
37,-56902,1,1,1
37,-56898,0,1,1
37,-56894,0,1,1
37,-56890,1,1,1
37,-56886,1,1,1
37,-56882,0,1,1
37,-56878,0,1,1
37,-56874,1,1,1
37,-56870,1,1,1
37,-56866,0,1,1
37,-56862,0,1,1
37,-56858,1,1,1
37,-56854,1,1,1
37,-56850,0,1,1
37,-56846,0,1,1
37,-56842,1,1,1
37,-56838,1,1,1
37,-56834,0,1,1
37,-56830,0,1,1
37,-56826,1,1,1
37,-56822,1,1,1
37,-56818,0,1,1
37,-56814,0,1,1
37,-56810,1,1,1
37,-56806,1,1,1
37,-56802,0,1,1
37,-56798,0,1,1
37,-56794,1,1,1
37,-56790,1,1,1
37,-56786,0,1,1
37,-56782,0,1,1
37,-56778,1,1,1
37,-56774,1,1,1
37,-56770,0,1,1
37,-56766,0,1,1
37,-56762,1,1,1
37,-56754,0,1,1
37,-56750,0,1,1
37,-56746,1,1,1
37,-56742,0,1,1
37,-56738,0,1,1
37,-56734,0,1,1
37,-56730,1,1,1
37,-56726,1,1,1
37,-56722,0,1,1
37,-56718,0,1,1
37,-56714,1,1,1
37,-56710,1,1,1
37,-56706,0,1,1
37,-56702,0,1,1
37,-56698,1,1,1
37,-56694,1,1,1
37,-56690,0,1,1
37,-56686,0,1,1
37,-56682,1,1,1
37,-56678,1,1,1
37,-56674,0,1,1
37,-56670,0,1,1
37,-56666,1,1,1
37,-56662,1,1,1
37,-56658,0,1,1
37,-56654,0,1,1
37,-56650,1,1,1
37,-56646,1,1,1
37,-56642,0,1,1
37,-56638,0,1,1
37,-56634,1,1,1
37,-56630,1,1,1
37,-56626,0,1,1
37,-56622,0,1,1
37,-56618,1,1,1
37,-56614,1,1,1
37,-56606,0,1,1
37,-56602,1,1,1
37,-56598,1,1,1
37,-56594,0,1,1
37,-56590,0,1,1
37,-56586,1,1,1
37,-56582,1,1,1
37,-56578,0,1,1
37,-56574,0,1,1
37,-56570,1,1,1
37,-56566,1,1,1
37,-56562,0,1,1
37,-56558,0,1,1
37,-56554,1,1,1
37,-56550,1,1,1
37,-56546,0,1,1
37,-56542,0,1,1
37,-56538,1,1,1
37,-56534,1,1,1
37,-56530,0,1,1
37,-56526,0,1,1
37,-56522,1,1,1
37,-56518,1,1,1
37,-56514,0,1,1
37,-56510,0,1,1
37,-56506,1,1,1
37,-56502,1,1,1
37,-56498,0,1,1
37,-56494,0,1,1
37,-56490,1,1,1
37,-56486,1,1,1
37,-56482,0,1,1
37,-56478,0,1,1
37,-56474,1,1,1
37,-56470,1,1,1
37,-56466,0,1,1
37,-56458,1,1,1
37,-56454,1,1,1
37,-56450,0,1,1
37,-56446,0,1,1
37,-56442,1,1,1
37,-56438,1,1,1
37,-56434,0,1,1
37,-56430,0,1,1
37,-56426,1,1,1
37,-56422,1,1,1
37,-56418,0,1,1
37,-56414,0,1,1
37,-56410,1,1,1
37,-56406,1,1,1
37,-56402,0,1,1
37,-56398,0,1,1
37,-56394,1,1,1
37,-56390,1,1,1
37,-56386,0,1,1
37,-56382,0,1,1
37,-56378,1,1,1
37,-56374,1,1,1
37,-56370,0,1,1
37,-56366,0,1,1
37,-56362,1,1,1
37,-56358,1,1,1
37,-56354,0,1,1
37,-56350,0,1,1
37,-56346,1,1,1
37,-56342,1,1,1
37,-56338,0,1,1
37,-56334,0,1,1
37,-56330,1,1,1
37,-56326,1,1,1
37,-56322,0,1,1
37,-56318,0,1,1
37,-56310,1,1,1
37,-56306,0,1,1
37,-56302,0,1,1
37,-56298,1,1,1
37,-56294,1,1,1
37,-56290,0,1,1
37,-56286,0,1,1
37,-56282,1,1,1
37,-56278,1,1,1
37,-56274,0,1,1
37,-56270,0,1,1
37,-56266,1,1,1
37,-56262,1,1,1
37,-56258,0,1,1
37,-56254,0,1,1
37,-56250,1,1,1
37,-56246,1,1,1
37,-56242,0,1,1
37,-56238,0,1,1
37,-56234,1,1,1
37,-56230,1,1,1
37,-56226,0,0,0
37,-56222,0,1,1
37,-56218,1,1,1
37,-56214,1,1,1
37,-56210,0,1,1
37,-56206,0,1,1
37,-56202,1,1,1
37,-56198,1,1,1
37,-56194,0,1,1
37,-56190,0,1,1
37,-56186,1,1,1
37,-56182,1,1,1
37,-56178,0,1,1
37,-56174,0,1,1
37,-56170,1,1,1
37,-56162,0,1,1
37,-56158,0,1,1
37,-56154,1,1,1
37,-56150,1,1,1
37,-56146,0,1,1
37,-56142,0,1,1
37,-56138,1,1,1
37,-56134,1,1,1
37,-56130,0,1,1
37,-56126,0,1,1
37,-56122,1,1,1
37,-56118,1,1,1
37,-56114,0,1,1
37,-56110,0,1,1
37,-56106,1,1,1
37,-56102,1,1,1
37,-56098,0,1,1
37,-56094,0,1,1
37,-56090,1,1,1
37,-56086,1,1,1
37,-56082,0,1,1
37,-56078,0,1,1
37,-56074,1,1,1
37,-56070,1,1,1
37,-56066,0,1,1
37,-56062,0,1,1
37,-56058,1,1,1
37,-56054,1,1,1
37,-56050,0,1,1
37,-56046,0,1,1
37,-56042,1,1,1
37,-56038,1,1,1
37,-56034,0,1,1
37,-56030,0,1,1
37,-56026,1,1,1
37,-56022,1,1,1
37,-56014,0,1,1
37,-56010,1,1,1
37,-56006,1,1,1
37,-56002,0,1,1
37,-55998,0,1,1
37,-55994,1,1,1
37,-55990,1,1,1
37,-55986,0,1,1
37,-55982,0,1,1
37,-55978,1,1,1
37,-55974,1,1,1
37,-55970,0,1,1
37,-55966,0,1,1
37,-55962,1,1,1
37,-55958,1,1,1
37,-55954,0,1,1
37,-55950,0,1,1
37,-55946,1,1,1
37,-55942,1,1,1
37,-55938,0,1,1
37,-55934,0,1,1
37,-55930,1,1,1
37,-55926,1,1,1
37,-55922,0,1,1
37,-55918,0,1,1
37,-55914,1,1,1
37,-55910,1,1,1
37,-55906,0,1,1
37,-55902,0,1,1
37,-55898,1,1,1
37,-55894,1,1,1
37,-55890,0,1,1
37,-55886,0,1,1
37,-55882,1,1,1
37,-55878,1,1,1
37,-55874,0,1,1
37,-55866,1,1,1
37,-55862,1,1,1
37,-55858,0,1,1
37,-55854,0,1,1
37,-55850,1,1,1
37,-55846,1,1,1
37,-55842,0,1,1
37,-55838,0,1,1
37,-55834,1,1,1
37,-55830,1,1,1
37,-55826,0,1,1
37,-55822,0,1,1
37,-55818,1,1,1
37,-55814,1,1,1
37,-55810,0,1,1
37,-55806,0,1,1
37,-55802,1,1,1
37,-55798,1,1,1
37,-55794,0,1,1
37,-55790,0,1,1
37,-55786,1,1,1
37,-55782,1,1,1
37,-55778,0,1,1
37,-55774,0,1,1
37,-55770,1,1,1
37,-55766,1,1,1
37,-55762,0,1,1
37,-55758,0,1,1
37,-55754,1,1,1
37,-55750,1,1,1
37,-55746,0,1,1
37,-55742,0,1,1
37,-55738,1,1,1
37,-55734,1,1,1
37,-55730,0,1,1
37,-55726,0,1,1
37,-55718,1,1,1
37,-55714,0,1,1
37,-55710,0,1,1
37,-55706,1,1,1
37,-55702,1,1,1
37,-55698,0,1,1
37,-55694,0,1,1
37,-55690,1,1,1
37,-55686,1,1,1
37,-55682,0,1,1
37,-55678,0,1,1
37,-55674,1,1,1
37,-55670,1,1,1
37,-55666,0,1,1
37,-55662,0,1,1
37,-55658,1,1,1
37,-55654,1,1,1
37,-55650,0,1,1
37,-55646,0,1,1
37,-55642,1,1,1
37,-55638,1,1,1
37,-55634,0,1,1
37,-55630,0,1,1
37,-55626,1,1,1
37,-55622,1,1,1
37,-55618,0,1,1
37,-55614,0,1,1
37,-55610,1,1,1
37,-55606,1,1,1
37,-55602,0,1,1
37,-55598,0,1,1
37,-55594,1,1,1
37,-55590,1,1,1
37,-55586,0,1,1
37,-55582,0,1,1
37,-55578,1,1,1
37,-55570,0,1,1
37,-55566,0,1,1
37,-55562,1,1,1
37,-55558,1,1,1
37,-55554,0,1,1
37,-55550,0,1,1
37,-55546,1,1,1
37,-55542,1,1,1
37,-55538,0,1,1
37,-55534,0,1,1
37,-55530,1,1,1
37,-55526,1,1,1
37,-55522,0,1,1
37,-55518,0,1,1
37,-55514,1,1,1
37,-55510,1,1,1
37,-55506,0,1,1
37,-55502,0,1,1
37,-55498,1,1,1
37,-55494,1,1,1
37,-55490,0,1,1
37,-55486,0,1,1
37,-55482,1,1,1
37,-55478,1,1,1
37,-55474,0,1,1
37,-55470,0,1,1
37,-55466,1,1,1
37,-55462,1,1,1
37,-55458,0,1,1
37,-55454,0,1,1
37,-55450,1,1,1
37,-55446,1,1,1
37,-55442,0,1,1
37,-55438,0,1,1
37,-55434,1,1,1
37,-55430,1,1,1
37,-55422,0,1,1
37,-55418,1,1,1
37,-55414,1,1,1
37,-55410,0,1,1
37,-55406,0,1,1
37,-55402,1,1,1
37,-55398,1,1,1
37,-55394,0,1,1
37,-55390,0,1,1
37,-55386,1,1,1
37,-55382,1,1,1
37,-55378,0,1,1
37,-55374,0,1,1
37,-55370,1,1,1
37,-55366,1,1,1
37,-55362,0,1,1
37,-55358,0,1,1
37,-55354,1,1,1
37,-55350,1,1,1
37,-55346,0,1,1
37,-55342,0,1,1
37,-55338,1,1,1
37,-55334,1,1,1
37,-55330,0,1,1
37,-55326,0,1,1
37,-55322,1,1,1
37,-55318,1,1,1
37,-55314,0,1,1
37,-55310,0,1,1
37,-55306,1,1,1
37,-55302,1,1,1
37,-55298,0,1,1
37,-55294,0,1,1
37,-55290,1,1,1
37,-55286,1,1,1
37,-55282,0,1,1
37,-55274,1,1,1
37,-55270,1,1,1
37,-55266,0,1,1
37,-55262,0,1,1
37,-55258,1,1,1
37,-55254,1,1,1
37,-55250,0,1,1
37,-55246,0,1,1
37,-55242,1,1,1
37,-55238,1,1,1
37,-55234,0,1,1
37,-55230,0,1,1
37,-55226,1,1,1
37,-55222,1,1,1
37,-55218,0,1,1
37,-55214,0,1,1
37,-55210,1,1,1
37,-55206,1,1,1
37,-55202,0,1,1
37,-55198,0,1,1
37,-55194,1,1,1
37,-55190,1,1,1
37,-55186,0,1,1
37,-55182,0,1,1
37,-55178,1,1,1
37,-55174,1,1,1
37,-55170,0,1,1
37,-55166,0,1,1
37,-55162,1,1,1
37,-55158,1,1,1
37,-55154,0,1,1
37,-55150,0,1,1
37,-55146,1,1,1
37,-55142,1,1,1
37,-55138,0,1,1
37,-55134,0,1,1
37,-55126,1,1,1
37,-55122,0,1,1
37,-55118,0,1,1
37,-55114,1,1,1
37,-55110,1,1,1
37,-55106,0,1,1
37,-55102,0,1,1
37,-55098,1,1,1
37,-55094,1,1,1
37,-55090,0,1,1
37,-55086,0,1,1
37,-55082,1,1,1
37,-55078,1,1,1
37,-55074,0,1,1
37,-55070,0,1,1
37,-55066,1,1,1
37,-55062,1,1,1
37,-55058,0,1,1
37,-55054,0,1,1
37,-55050,1,1,1
37,-55046,1,1,1
37,-55042,0,1,1
37,-55038,0,1,1
37,-55034,1,1,1
37,-55030,1,1,1
37,-55026,0,1,1
37,-55022,0,1,1
37,-55018,1,1,1
37,-55014,1,1,1
37,-55010,0,1,1
37,-55006,0,1,1
37,-55002,1,1,1
37,-54998,1,1,1
37,-54994,0,1,1
37,-54990,0,1,1
37,-54986,1,1,1
37,-54978,0,1,1
37,-54974,0,1,1
37,-54970,1,1,1
37,-54966,1,1,1
37,-54962,0,1,1
37,-54958,0,1,1
37,-54954,1,1,1
37,-54950,1,1,1
37,-54946,0,1,1
37,-54942,0,1,1
37,-54938,1,1,1
37,-54934,1,1,1
37,-54930,0,1,1
37,-54926,0,1,1
37,-54922,1,1,1
37,-54918,1,1,1
37,-54914,0,1,1
37,-54910,0,1,1
37,-54906,1,1,1
37,-54902,1,1,1
37,-54898,0,1,1
37,-54894,0,1,1
37,-54890,1,1,1
37,-54886,1,1,1
37,-54882,0,1,1
37,-54878,0,1,1
37,-54874,1,1,1
37,-54870,1,1,1
37,-54866,0,1,1
37,-54862,0,1,1
37,-54858,1,1,1
37,-54854,1,1,1
37,-54850,0,1,1
37,-54846,0,1,1
37,-54842,1,1,1
37,-54838,1,1,1
37,-54830,0,1,1
37,-54826,1,1,1
37,-54822,1,1,1
37,-54818,0,1,1
37,-54814,0,1,1
37,-54810,1,1,1
37,-54806,1,1,1
37,-54802,0,1,1
37,-54798,0,1,1
37,-54794,1,1,1
37,-54790,1,1,1
37,-54786,0,1,1
37,-54782,0,1,1
37,-54778,1,1,1
37,-54774,1,1,1
37,-54770,0,1,1
37,-54766,0,1,1
37,-54762,1,1,1
37,-54758,1,1,1
37,-54754,0,1,1
37,-54750,0,1,1
37,-54746,1,1,1
37,-54742,1,1,1
37,-54738,0,1,1
37,-54734,0,1,1
37,-54730,1,1,1
37,-54726,1,1,1
37,-54722,0,1,1
37,-54718,0,1,1
37,-54714,1,1,1
37,-54710,1,1,1
37,-54706,0,1,1
37,-54702,0,1,1
37,-54698,1,1,1
37,-54694,1,1,1
37,-54690,0,1,1
37,-54682,1,1,1
37,-54678,1,1,1
37,-54674,0,1,1
37,-54670,0,1,1
37,-54666,1,1,1
37,-54662,1,1,1
37,-54658,0,1,1
37,-54654,0,1,1
37,-54650,1,1,1
37,-54646,1,1,1
37,-54642,0,1,1
37,-54638,0,1,1
37,-54634,1,1,1
37,-54630,1,1,1
37,-54626,0,1,1
37,-54622,0,1,1
37,-54618,1,1,1
37,-54614,1,1,1
37,-54610,0,1,1
37,-54606,0,1,1
37,-54602,1,1,1
37,-54598,1,1,1
37,-54594,0,1,1
37,-54590,0,1,1
37,-54586,1,1,1
37,-54582,1,1,1
37,-54578,0,1,1
37,-54574,0,1,1
37,-54570,1,1,1
37,-54566,1,1,1
37,-54562,0,1,1
37,-54558,0,1,1
37,-54554,1,1,1
37,-54550,1,1,1
37,-54546,0,1,1
37,-54542,0,1,1
37,-54534,1,1,1
37,-54530,0,1,1
37,-54526,0,1,1
37,-54522,1,1,1
37,-54518,1,1,1
37,-54514,0,1,1
37,-54510,0,1,1
37,-54506,1,1,1
37,-54502,1,1,1
37,-54498,0,1,1
37,-54494,0,1,1
37,-54490,1,1,1
37,-54486,1,1,1
37,-54482,0,1,1
37,-54478,0,1,1
37,-54474,1,1,1
37,-54470,1,1,1
37,-54466,0,1,1
37,-54462,0,1,1
37,-54458,1,1,1
37,-54454,1,1,1
37,-54450,0,1,1
37,-54446,0,1,1
37,-54442,1,1,1
37,-54438,1,1,1
37,-54434,0,1,1
37,-54430,0,1,1
37,-54426,1,1,1
37,-54422,1,1,1
37,-54418,0,1,1
37,-54414,0,1,1
37,-54410,1,1,1
37,-54406,1,1,1
37,-54402,0,1,1
37,-54398,0,1,1
37,-54394,1,1,1
37,-54386,0,1,1
37,-54382,0,1,1
37,-54378,1,1,1
37,-54374,1,1,1
37,-54370,0,1,1
37,-54366,0,1,1
37,-54362,1,1,1
37,-54358,1,1,1
37,-54354,0,1,1
37,-54350,0,1,1
37,-54346,1,1,1
37,-54342,1,1,1
37,-54338,0,1,1
37,-54334,0,1,1
37,-54330,1,1,1
37,-54326,1,1,1
37,-54322,0,1,1
37,-54318,0,1,1
37,-54314,1,1,1
37,-54310,1,1,1
37,-54306,0,1,1
37,-54302,0,1,1
37,-54298,1,1,1
37,-54294,1,1,1
37,-54290,0,1,1
37,-54286,0,1,1
37,-54282,1,1,1
37,-54278,1,1,1
37,-54274,0,1,1
37,-54270,0,1,1
37,-54266,1,1,1
37,-54262,1,1,1
37,-54258,0,1,1
37,-54254,0,1,1
37,-54250,1,1,1
37,-54246,1,1,1
37,-54238,0,1,1
37,-54234,1,1,1
37,-54230,1,1,1
37,-54226,0,1,1
37,-54222,0,1,1
37,-54218,1,1,1
37,-54214,1,1,1
37,-54210,0,1,1
37,-54206,0,1,1
37,-54202,1,1,1
37,-54198,1,0,1
37,-54194,0,1,1
37,-54190,0,1,1
37,-54186,1,1,1
37,-54182,1,1,1
37,-54178,0,1,1
37,-54174,0,1,1
37,-54170,1,1,1
37,-54166,1,1,1
37,-54162,0,1,1
37,-54158,0,1,1
37,-54154,1,1,1
37,-54150,1,1,1
37,-54146,0,1,1
37,-54142,0,1,1
37,-54138,1,1,1
37,-54134,1,1,1
37,-54130,0,1,1
37,-54126,0,1,1
37,-54122,1,1,1
37,-54118,1,1,1
37,-54114,0,1,1
37,-54110,0,1,1
37,-54106,1,1,1
37,-54102,1,1,1
37,-54098,0,1,1
37,-54090,1,1,1
37,-54086,1,1,1
37,-54082,0,1,1
37,-54078,0,1,1
37,-54074,1,1,1
37,-54070,1,1,1
37,-54066,0,1,1
37,-54062,0,1,1
37,-54058,1,1,1
37,-54054,1,1,1
37,-54050,0,1,1
37,-54046,0,1,1
37,-54042,1,1,1
37,-54038,1,1,1
37,-54034,0,1,1
37,-54030,0,1,1
37,-54026,1,1,1
37,-54022,1,1,1
37,-54018,0,1,1
37,-54014,0,1,1
37,-54010,1,1,1
37,-54006,1,1,1
37,-54002,0,1,1
37,-53998,0,1,1
37,-53994,1,1,1
37,-53990,1,1,1
37,-53986,0,1,1
37,-53982,0,1,1
37,-53978,1,1,1
37,-53974,1,1,1
37,-53970,0,1,1
37,-53966,0,1,1
37,-53962,1,1,1
37,-53958,1,1,1
37,-53954,0,1,1
37,-53950,0,1,1
37,-53942,1,1,1
37,-53938,0,1,1
37,-53934,0,1,1
37,-53930,1,1,1
37,-53926,1,1,1
37,-53922,0,1,1
37,-53918,0,1,1
37,-53914,1,1,1
37,-53910,1,1,1
37,-53906,0,1,1
37,-53902,0,1,1
37,-53898,1,1,1
37,-53894,1,1,1
37,-53890,0,1,1
37,-53886,0,1,1
37,-53882,1,1,1
37,-53878,1,1,1
37,-53874,0,1,1
37,-53870,0,1,1
37,-53866,1,1,1
37,-53862,1,1,1
37,-53858,0,1,1
37,-53854,0,1,1
37,-53850,1,1,1
37,-53846,1,1,1
37,-53842,0,1,1
37,-53838,0,1,1
37,-53834,1,1,1
37,-53830,1,1,1
37,-53826,0,1,1
37,-53822,0,1,1
37,-53818,1,1,1
37,-53814,1,1,1
37,-53810,0,1,1
37,-53806,0,1,1
37,-53802,1,1,1
37,-53794,0,1,1
37,-53790,0,1,1
37,-53786,1,1,1
37,-53782,1,1,1
37,-53778,0,1,1
37,-53774,0,1,1
37,-53770,1,1,1
37,-53766,1,1,1
37,-53762,0,1,1
37,-53758,0,1,1
37,-53754,1,1,1
37,-53750,1,1,1
37,-53746,0,1,1
37,-53742,0,1,1
37,-53738,1,1,1
37,-53734,1,1,1
37,-53730,0,1,1
37,-53726,0,1,1
37,-53722,1,1,1
37,-53718,1,0,1
37,-53714,0,1,1
37,-53710,0,1,1
37,-53706,1,1,1
37,-53702,1,1,1
37,-53698,0,1,1
37,-53694,0,1,1
37,-53690,1,1,1
37,-53686,1,1,1
37,-53682,0,1,1
37,-53678,0,1,1
37,-53674,1,1,1
37,-53670,1,1,1
37,-53666,0,1,1
37,-53662,0,1,1
37,-53658,1,1,1
37,-53654,1,1,1
37,-53646,0,1,1
37,-53642,1,1,1
37,-53638,1,1,1
37,-53634,0,1,1
37,-53630,0,1,1
37,-53626,1,1,1
37,-53622,1,1,1
37,-53618,0,1,1
37,-53614,0,1,1
37,-53610,1,1,1
37,-53606,1,1,1
37,-53602,0,1,1
37,-53598,0,1,1
37,-53594,1,1,1
37,-53590,1,1,1
37,-53586,0,1,1
37,-53582,0,1,1
37,-53578,1,1,1
37,-53574,1,1,1
37,-53570,0,1,1
37,-53566,0,1,1
37,-53562,1,1,1
37,-53558,1,1,1
37,-53554,0,1,1
37,-53550,0,1,1
37,-53546,1,1,1
37,-53542,1,1,1
37,-53538,0,1,1
37,-53534,0,1,1
37,-53530,1,1,1
37,-53526,1,1,1
37,-53522,0,1,1
37,-53518,0,1,1
37,-53514,1,1,1
37,-53510,1,1,1
37,-53506,0,1,1
37,-53498,1,1,1
37,-53494,1,1,1
37,-53490,0,1,1
37,-53486,0,1,1
37,-53482,1,1,1
37,-53478,1,0,1
37,-53474,0,1,1
37,-53470,0,1,1
37,-53466,1,1,1
37,-53462,1,1,1
37,-53458,0,1,1
37,-53454,0,1,1
37,-53450,1,1,1
37,-53446,1,1,1
37,-53442,0,1,1
37,-53438,0,1,1
37,-53434,1,1,1
37,-53430,1,1,1
37,-53426,0,1,1
37,-53422,0,1,1
37,-53418,1,1,1
37,-53414,1,1,1
37,-53410,0,1,1
37,-53406,0,1,1
37,-53402,1,1,1
37,-53398,1,1,1
37,-53394,0,1,1
37,-53390,0,1,1
37,-53386,1,1,1
37,-53382,0,1,1
37,-53378,0,1,1
37,-53374,0,1,1
37,-53370,1,1,1
37,-53366,1,1,1
37,-53362,0,1,1
37,-53358,0,1,1
37,-53350,1,1,1
37,-53346,0,1,1
37,-53342,0,1,1
37,-53338,1,1,1
37,-53334,1,1,1
37,-53330,0,1,1
37,-53326,0,1,1
37,-53322,1,0,1
37,-53318,1,1,1
37,-53314,0,1,1
37,-53310,0,1,1
37,-53306,1,1,1
37,-53302,1,1,1
37,-53298,0,1,1
37,-53294,0,1,1
37,-53290,1,1,1
37,-53286,1,1,1
37,-53282,0,1,1
37,-53278,0,1,1
37,-53274,1,1,1
37,-53270,1,1,1
37,-53266,0,1,1
37,-53262,0,1,1
37,-53258,1,1,1
37,-53254,1,1,1
37,-53250,0,1,1
37,-53246,0,1,1
37,-53242,1,1,1
37,-53238,1,1,1
37,-53234,0,1,1
37,-53230,0,1,1
37,-53226,1,1,1
37,-53222,1,1,1
37,-53218,0,1,1
37,-53214,0,1,1
37,-53210,1,1,1
37,-53202,0,1,1
37,-53198,0,1,1
37,-53194,1,1,1
37,-53190,1,1,1
37,-53186,0,1,1
37,-53182,0,1,1
37,-53178,1,1,1
37,-53174,1,1,1
37,-53170,0,1,1
37,-53166,0,1,1
37,-53162,1,1,1
37,-53158,1,1,1
37,-53154,0,1,1
37,-53150,0,1,1
37,-53146,1,1,1
37,-53142,1,1,1
37,-53138,0,1,1
37,-53134,0,1,1
37,-53130,1,1,1
37,-53126,1,1,1
37,-53122,0,1,1
37,-53118,0,1,1
37,-53114,1,1,1
37,-53110,1,1,1
37,-53106,0,1,1
37,-53102,0,1,1
37,-53098,1,1,1
37,-53094,1,1,1
37,-53090,0,1,1
37,-53086,0,1,1
37,-53082,1,1,1
37,-53078,1,1,1
37,-53074,0,1,1
37,-53070,0,1,1
37,-53066,1,1,1
37,-53062,1,1,1
37,-53054,0,1,1
37,-53050,1,1,1
37,-53046,1,1,1
37,-53042,0,1,1
37,-53038,0,1,1
37,-53034,1,1,1
37,-53030,1,1,1
37,-53026,0,1,1
37,-53022,0,1,1
37,-53018,1,1,1
37,-53014,1,1,1
37,-53010,0,1,1
37,-53006,0,1,1
37,-53002,1,1,1
37,-52998,1,1,1
37,-52994,0,1,1
37,-52990,0,1,1
37,-52986,1,1,1
37,-52982,1,1,1
37,-52978,0,1,1
37,-52974,0,1,1
37,-52970,1,1,1
37,-52966,1,1,1
37,-52962,0,1,1
37,-52958,0,1,1
37,-52954,1,1,1
37,-52950,1,1,1
37,-52946,0,1,1
37,-52942,0,1,1
37,-52938,1,1,1
37,-52934,1,1,1
37,-52930,0,1,1
37,-52926,0,1,1
37,-52922,1,1,1
37,-52918,1,1,1
37,-52914,0,1,1
37,-52906,1,1,1
37,-52902,1,1,1
37,-52898,0,1,1
37,-52894,0,1,1
37,-52890,1,1,1
37,-52886,1,1,1
37,-52882,0,1,1
37,-52878,0,1,1
37,-52874,1,1,1
37,-52870,1,1,1
37,-52866,0,1,1
37,-52862,0,1,1
37,-52858,1,1,1
37,-52854,1,1,1
37,-52850,0,1,1
37,-52846,0,1,1
37,-52842,1,1,1
37,-52838,1,1,1
37,-52834,0,1,1
37,-52830,0,1,1
37,-52826,1,1,1
37,-52822,1,1,1
37,-52818,0,1,1
37,-52814,0,1,1
37,-52810,1,1,1
37,-52806,1,1,1
37,-52802,0,1,1
37,-52798,0,1,1
37,-52794,1,1,1
37,-52790,1,1,1
37,-52786,0,1,1
37,-52782,0,1,1
37,-52778,1,1,1
37,-52774,1,1,1
37,-52770,0,1,1
37,-52766,0,1,1
37,-52758,1,1,1
37,-52754,0,1,1
37,-52750,0,1,1
37,-52746,1,1,1
37,-52742,1,1,1
37,-52738,0,1,1
37,-52734,0,1,1
37,-52730,1,1,1
37,-52726,1,1,1
37,-52722,0,1,1
37,-52718,0,1,1
37,-52714,1,1,1
37,-52710,1,1,1
37,-52706,0,1,1
37,-52702,0,1,1
37,-52698,1,1,1
37,-52694,1,1,1
37,-52690,0,1,1
37,-52686,0,1,1
37,-52682,1,1,1
37,-52678,1,1,1
37,-52674,0,1,1
37,-52670,0,1,1
37,-52666,1,1,1
37,-52662,1,1,1
37,-52658,0,1,1
37,-52654,0,1,1
37,-52650,1,1,1
37,-52646,1,1,1
37,-52642,0,1,1
37,-52638,0,1,1
37,-52634,1,1,1
37,-52630,1,1,1
37,-52626,0,1,1
37,-52622,0,1,1
37,-52618,1,1,1
37,-52610,0,1,1
37,-52606,0,1,1
37,-52602,1,1,1
37,-52598,1,1,1
37,-52594,0,1,1
37,-52590,0,1,1
37,-52586,1,1,1
37,-52582,1,1,1
37,-52578,0,1,1
37,-52574,0,1,1
37,-52570,1,1,1
37,-52566,1,1,1
37,-52562,0,1,1
37,-52558,0,1,1
37,-52554,1,1,1
37,-52550,1,1,1
37,-52546,0,1,1
37,-52542,0,1,1
37,-52538,1,1,1
37,-52534,1,1,1
37,-52530,0,1,1
37,-52526,0,1,1
37,-52522,1,1,1
37,-52518,1,1,1
37,-52514,0,1,1
37,-52510,0,1,1
37,-52506,1,1,1
37,-52502,1,1,1
37,-52498,0,1,1
37,-52494,0,1,1
37,-52490,1,1,1
37,-52486,1,1,1
37,-52482,0,1,1
37,-52478,0,1,1
37,-52474,1,1,1
37,-52470,1,1,1
37,-52462,0,1,1
37,-52458,1,1,1
37,-52454,1,1,1
37,-52450,0,1,1
37,-52446,0,1,1
37,-52442,1,1,1
37,-52438,1,1,1
37,-52434,0,1,1
37,-52430,0,1,1
37,-52426,1,1,1
37,-52422,1,1,1
37,-52418,0,1,1
37,-52414,0,1,1
37,-52410,1,1,1
37,-52406,1,1,1
37,-52402,0,1,1
37,-52398,0,1,1
37,-52394,1,1,1
37,-52390,1,1,1
37,-52386,0,1,1
37,-52382,0,1,1
37,-52378,1,1,1
37,-52374,1,1,1
37,-52370,0,1,1
37,-52366,0,1,1
37,-52362,1,1,1
37,-52358,1,1,1
37,-52354,0,1,1
37,-52350,0,1,1
37,-52346,1,1,1
37,-52342,1,1,1
37,-52338,0,1,1
37,-52334,0,1,1
37,-52330,1,1,1
37,-52326,1,1,1
37,-52322,0,1,1
37,-52314,1,1,1
37,-52310,1,1,1
37,-52306,0,1,1
37,-52302,0,1,1
37,-52298,1,1,1
37,-52294,1,1,1
37,-52290,0,1,1
37,-52286,0,1,1
37,-52282,1,1,1
37,-52278,1,1,1
37,-52274,0,1,1
37,-52270,0,1,1
37,-52266,1,1,1
37,-52262,1,1,1
37,-52258,0,1,1
37,-52254,0,1,1
37,-52250,1,1,1
37,-52246,1,1,1
37,-52242,0,1,1
37,-52238,0,1,1
37,-52234,1,1,1
37,-52230,1,1,1
37,-52226,0,1,1
37,-52222,0,1,1
37,-52218,1,1,1
37,-52214,1,1,1
37,-52210,0,1,1
37,-52206,0,1,1
37,-52202,1,1,1
37,-52198,1,1,1
37,-52194,0,1,1
37,-52190,0,1,1
37,-52186,1,1,1
37,-52182,1,1,1
37,-52178,0,1,1
37,-52174,0,1,1
37,-52166,1,1,1
37,-52162,0,1,1
37,-52158,0,1,1
37,-52154,1,1,1
37,-52150,1,1,1
37,-52146,0,1,1
37,-52142,0,1,1
37,-52138,1,1,1
37,-52134,1,1,1
37,-52130,0,1,1
37,-52126,0,1,1
37,-52122,1,1,1
37,-52118,1,1,1
37,-52114,0,1,1
37,-52110,0,1,1
37,-52106,1,1,1
37,-52102,1,1,1
37,-52098,0,1,1
37,-52094,0,1,1
37,-52090,1,1,1
37,-52086,1,1,1
37,-52082,0,1,1
37,-52078,0,1,1
37,-52074,1,1,1
37,-52070,1,1,1
37,-52066,0,1,1
37,-52062,0,1,1
37,-52058,1,1,1
37,-52054,1,1,1
37,-52050,0,1,1
37,-52046,0,1,1
37,-52042,1,1,1
37,-52038,1,1,1
37,-52034,0,1,1
37,-52030,0,1,1
37,-52026,1,1,1
37,-52018,0,1,1
37,-52014,0,1,1
37,-52010,1,1,1
37,-52006,1,1,1
37,-52002,0,1,1
37,-51998,0,1,1
37,-51994,1,1,1
37,-51990,1,1,1
37,-51986,0,1,1
37,-51982,0,1,1
37,-51978,1,1,1
37,-51974,1,1,1
37,-51970,0,1,1
37,-51966,0,1,1
37,-51962,1,1,1
37,-51958,1,1,1
37,-51954,0,1,1
37,-51950,0,1,1
37,-51946,1,1,1
37,-51942,1,1,1
37,-51938,0,1,1
37,-51934,0,1,1
37,-51930,1,1,1
37,-51926,1,1,1
37,-51922,0,1,1
37,-51918,0,1,1
37,-51914,1,1,1
37,-51910,1,1,1
37,-51906,0,1,1
37,-51902,0,1,1
37,-51898,1,1,1
37,-51894,1,1,1
37,-51890,0,1,1
37,-51886,0,1,1
37,-51882,1,1,1
37,-51878,1,1,1
37,-51870,0,1,1
37,-51866,1,1,1
37,-51862,1,1,1
37,-51858,0,1,1
37,-51854,0,1,1
37,-51850,1,1,1
37,-51846,1,1,1
37,-51842,0,1,1
37,-51838,0,1,1
37,-51834,1,1,1
37,-51830,1,1,1
37,-51826,0,1,1
37,-51822,0,1,1
37,-51818,1,1,1
37,-51814,1,1,1
37,-51810,0,1,1
37,-51806,0,1,1
37,-51802,1,1,1
37,-51798,1,1,1
37,-51794,0,1,1
37,-51790,0,1,1
37,-51786,1,1,1
37,-51782,1,1,1
37,-51778,0,1,1
37,-51774,0,1,1
37,-51770,1,1,1
37,-51766,1,1,1
37,-51762,0,1,1
37,-51758,0,1,1
37,-51754,1,1,1
37,-51750,1,1,1
37,-51746,0,1,1
37,-51742,0,1,1
37,-51738,1,1,1
37,-51734,1,1,1
37,-51730,0,1,1
37,-51722,1,1,1
37,-51718,1,1,1
37,-51714,0,1,1
37,-51710,0,1,1
37,-51706,1,1,1
37,-51702,1,1,1
37,-51698,0,1,1
37,-51694,0,1,1
37,-51690,1,1,1
37,-51686,1,1,1
37,-51682,0,1,1
37,-51678,0,1,1
37,-51674,1,1,1
37,-51670,1,1,1
37,-51666,0,1,1
37,-51662,0,1,1
37,-51658,1,1,1
37,-51654,1,1,1
37,-51650,0,1,1
37,-51646,0,1,1
37,-51642,1,1,1
37,-51638,1,1,1
37,-51634,0,1,1
37,-51630,0,1,1
37,-51626,1,1,1
37,-51622,1,1,1
37,-51618,0,1,1
37,-51614,0,1,1
37,-51610,1,1,1
37,-51606,1,1,1
37,-51602,0,1,1
37,-51598,0,1,1
37,-51594,1,1,1
37,-51590,1,1,1
37,-51586,0,1,1
37,-51582,0,1,1
37,-51574,1,1,1
37,-51570,0,1,1
37,-51566,0,1,1
37,-51562,1,1,1
37,-51558,1,1,1
37,-51554,0,1,1
37,-51550,0,1,1
37,-51546,1,1,1
37,-51542,1,1,1
37,-51538,0,1,1
37,-51534,0,1,1
37,-51530,1,1,1
37,-51526,1,1,1
37,-51522,0,1,1
37,-51518,0,1,1
37,-51514,1,1,1
37,-51510,1,1,1
37,-51506,0,1,1
37,-51502,0,1,1
37,-51498,1,1,1
37,-51494,1,1,1
37,-51490,0,1,1
37,-51486,0,1,1
37,-51482,1,1,1
37,-51478,1,1,1
37,-51474,0,1,1
37,-51470,0,1,1
37,-51466,1,1,1
37,-51462,1,1,1
37,-51458,0,1,1
37,-51454,0,1,1
37,-51450,1,1,1
37,-51446,1,1,1
37,-51442,0,1,1
37,-51438,0,1,1
37,-51434,1,1,1
37,-51426,0,1,1
37,-51422,0,1,1
37,-51418,1,1,1
37,-51414,1,1,1
37,-51410,0,1,1
37,-51406,0,1,1
37,-51402,1,1,1
37,-51398,1,1,1
37,-51394,0,1,1
37,-51390,0,1,1
37,-51386,1,1,1
37,-51382,1,1,1
37,-51378,0,1,1
37,-51374,0,1,1
37,-51370,1,1,1
37,-51366,1,1,1
37,-51362,0,1,1
37,-51358,0,1,1
37,-51354,1,1,1
37,-51350,1,1,1
37,-51346,0,1,1
37,-51342,0,1,1
37,-51338,1,1,1
37,-51334,1,1,1
37,-51330,0,1,1
37,-51326,0,1,1
37,-51322,1,1,1
37,-51318,1,1,1
37,-51314,0,1,1
37,-51310,0,1,1
37,-51306,1,1,1
37,-51302,1,1,1
37,-51298,0,1,1
37,-51294,0,1,1
37,-51290,1,1,1
37,-51286,1,1,1
37,-51278,0,1,1
37,-51274,1,1,1
37,-51270,1,1,1
37,-51266,0,1,1
37,-51262,0,1,1
37,-51258,1,1,1
37,-51254,1,1,1
37,-51250,0,1,1
37,-51246,0,1,1
37,-51242,1,1,1
37,-51238,1,1,1
37,-51234,0,1,1
37,-51230,0,1,1
37,-51226,1,1,1
37,-51222,1,1,1
37,-51218,0,1,1
37,-51214,0,1,1
37,-51210,1,1,1
37,-51206,1,1,1
37,-51202,0,0,0
37,-51198,0,1,1
37,-51194,1,1,1
37,-51190,1,1,1
37,-51186,0,1,1
37,-51182,0,1,1
37,-51178,1,1,1
37,-51174,1,1,1
37,-51170,0,1,1
37,-51166,0,1,1
37,-51162,1,1,1
37,-51158,1,1,1
37,-51154,0,1,1
37,-51150,0,1,1
37,-51146,1,1,1
37,-51142,1,1,1
37,-51138,0,1,1
37,-51130,1,1,1
37,-51126,1,1,1
37,-51122,0,1,1
37,-51118,0,1,1
37,-51114,1,1,1
37,-51110,1,1,1
37,-51106,0,1,1
37,-51102,0,1,1
37,-51098,1,1,1
37,-51094,1,1,1
37,-51090,0,1,1
37,-51086,0,1,1
37,-51082,1,1,1
37,-51078,1,1,1
37,-51074,0,1,1
37,-51070,0,1,1
37,-51066,1,1,1
37,-51062,1,1,1
37,-51058,0,1,1
37,-51054,0,1,1
37,-51050,1,1,1
37,-51046,1,1,1
37,-51042,0,1,1
37,-51038,0,1,1
37,-51034,1,1,1
37,-51030,1,1,1
37,-51026,0,1,1
37,-51022,0,1,1
37,-51018,1,1,1
37,-51014,1,1,1
37,-51010,0,1,1
37,-51006,0,1,1
37,-51002,1,1,1
37,-50998,1,1,1
37,-50994,0,1,1
37,-50990,0,1,1
37,-50982,1,1,1
37,-50978,0,1,1
37,-50974,0,1,1
37,-50970,1,1,1
37,-50966,1,1,1
37,-50962,0,1,1
37,-50958,0,1,1
37,-50954,1,1,1
37,-50950,1,1,1
37,-50946,0,1,1
37,-50942,0,1,1
37,-50938,1,1,1
37,-50934,1,1,1
37,-50930,0,1,1
37,-50926,0,1,1
37,-50922,1,1,1
37,-50918,1,1,1
37,-50914,0,1,1
37,-50910,0,1,1
37,-50906,1,1,1
37,-50902,1,1,1
37,-50898,0,1,1
37,-50894,0,1,1
37,-50890,1,1,1
37,-50886,1,1,1
37,-50882,0,1,1
37,-50878,0,1,1
37,-50874,1,1,1
37,-50870,1,1,1
37,-50866,0,1,1
37,-50862,0,1,1
37,-50858,1,1,1
37,-50854,1,1,1
37,-50850,0,1,1
37,-50846,0,1,1
37,-50842,1,1,1
37,-50834,0,1,1
37,-50830,0,1,1
37,-50826,1,1,1
37,-50822,1,1,1
37,-50818,0,1,1
37,-50814,0,1,1
37,-50810,1,1,1
37,-50806,1,1,1
37,-50802,0,1,1
37,-50798,0,1,1
37,-50794,1,1,1
37,-50790,1,1,1
37,-50786,0,1,1
37,-50782,0,1,1
37,-50778,0,1,1
37,-50774,1,1,1
37,-50770,0,1,1
37,-50766,0,1,1
37,-50762,1,1,1
37,-50758,1,1,1
37,-50754,0,1,1
37,-50750,0,1,1
37,-50746,1,1,1
37,-50742,1,1,1
37,-50738,0,1,1
37,-50734,0,1,1
37,-50730,1,1,1
37,-50726,1,1,1
37,-50722,0,1,1
37,-50718,0,1,1
37,-50714,1,1,1
37,-50710,1,1,1
37,-50706,0,1,1
37,-50702,0,1,1
37,-50698,1,1,1
37,-50694,1,1,1
37,-50686,0,1,1
37,-50682,1,1,1
37,-50678,1,1,1
37,-50674,0,1,1
37,-50670,0,1,1
37,-50666,1,1,1
37,-50662,1,1,1
37,-50658,0,1,1
37,-50654,0,1,1
37,-50650,1,1,1
37,-50646,1,1,1
37,-50642,0,1,1
37,-50638,0,1,1
37,-50634,1,1,1
37,-50630,1,1,1
37,-50626,0,1,1
37,-50622,0,1,1
37,-50618,1,1,1
37,-50614,1,1,1
37,-50610,0,1,1
37,-50606,0,1,1
37,-50602,1,1,1
37,-50598,1,1,1
37,-50594,0,1,1
37,-50590,0,1,1
37,-50586,1,1,1
37,-50582,1,1,1
37,-50578,0,1,1
37,-50574,0,1,1
37,-50570,1,1,1
37,-50566,1,1,1
37,-50562,0,1,1
37,-50558,0,1,1
37,-50554,1,1,1
37,-50550,1,1,1
37,-50546,0,1,1
37,-50538,1,1,1
37,-50534,1,1,1
37,-50530,0,1,1
37,-50526,0,1,1
37,-50522,1,1,1
37,-50518,1,1,1
37,-50514,0,1,1
37,-50510,0,1,1
37,-50506,1,1,1
37,-50502,1,1,1
37,-50498,0,1,1
37,-50494,0,1,1
37,-50490,1,1,1
37,-50486,1,1,1
37,-50482,0,1,1
37,-50478,0,1,1
37,-50474,1,1,1
37,-50470,1,1,1
37,-50466,0,1,1
37,-50462,0,1,1
37,-50458,1,1,1
37,-50454,1,1,1
37,-50450,0,1,1
37,-50446,0,1,1
37,-50442,1,1,1
37,-50438,1,1,1
37,-50434,0,1,1
37,-50430,0,1,1
37,-50426,1,1,1
37,-50422,1,1,1
37,-50418,0,1,1
37,-50414,0,1,1
37,-50410,1,1,1
37,-50406,1,1,1
37,-50402,0,1,1
37,-50398,0,1,1
37,-50390,1,1,1
37,-50386,0,1,1
37,-50382,0,1,1
37,-50378,1,1,1
37,-50374,1,1,1
37,-50370,0,1,1
37,-50366,0,1,1
37,-50362,1,1,1
37,-50358,1,1,1
37,-50354,0,1,1
37,-50350,0,1,1
37,-50346,1,1,1
37,-50342,1,1,1
37,-50338,0,1,1
37,-50334,0,1,1
37,-50330,1,1,1
37,-50326,1,1,1
37,-50322,0,1,1
37,-50318,0,1,1
37,-50314,1,1,1
37,-50310,1,1,1
37,-50306,0,1,1
37,-50302,0,1,1
37,-50298,1,1,1
37,-50294,1,1,1
37,-50290,0,1,1
37,-50286,0,1,1
37,-50282,1,1,1
37,-50278,1,1,1
37,-50274,0,1,1
37,-50270,0,1,1
37,-50266,1,1,1
37,-50262,1,1,1
37,-50258,0,1,1
37,-50254,0,1,1
37,-50250,1,1,1
37,-50242,0,1,1
37,-50238,0,1,1
37,-50234,1,1,1
37,-50230,1,1,1
37,-50226,0,1,1
37,-50222,0,1,1
37,-50218,1,1,1
37,-50214,1,1,1
37,-50210,0,1,1
37,-50206,0,1,1
37,-50202,1,1,1
37,-50198,1,1,1
37,-50194,0,1,1
37,-50190,0,1,1
37,-50186,1,1,1
37,-50182,1,1,1
37,-50178,0,1,1
37,-50174,0,1,1
37,-50170,1,1,1
37,-50166,1,1,1
37,-50162,0,1,1
37,-50158,0,1,1
37,-50154,1,1,1
37,-50150,1,1,1
37,-50146,0,1,1
37,-50142,0,1,1
37,-50138,1,1,1
37,-50134,1,1,1
37,-50130,0,1,1
37,-50126,0,1,1
37,-50122,1,1,1
37,-50118,1,1,1
37,-50114,0,1,1
37,-50110,0,1,1
37,-50106,1,1,1
37,-50102,1,1,1
37,-50094,0,1,1
37,-50090,1,1,1
37,-50086,1,1,1
37,-50082,0,1,1
37,-50078,0,1,1
37,-50074,1,1,1
37,-50070,1,1,1
37,-50066,0,1,1
37,-50062,0,1,1
37,-50058,1,1,1
37,-50054,1,1,1
37,-50050,0,1,1
37,-50046,0,0,0
37,-50042,1,1,1
37,-50038,1,1,1
37,-50034,0,1,1
37,-50030,0,1,1
37,-50026,1,1,1
37,-50022,1,1,1
37,-50018,0,1,1
37,-50014,0,1,1
37,-50010,1,1,1
37,-50006,1,1,1
37,-50002,0,1,1
37,-49998,0,1,1
37,-49994,1,1,1
37,-49990,1,1,1
37,-49986,0,1,1
37,-49982,0,1,1
37,-49978,1,1,1
37,-49974,1,1,1
37,-49970,0,1,1
37,-49966,0,1,1
37,-49962,1,1,1
37,-49958,1,1,1
37,-49954,0,1,1
37,-49946,1,1,1
37,-49942,1,1,1
37,-49938,0,1,1
37,-49934,0,1,1
37,-49930,1,1,1
37,-49926,1,1,1
37,-49922,0,1,1
37,-49918,0,1,1
37,-49914,1,1,1
37,-49910,1,1,1
37,-49906,0,1,1
37,-49902,0,1,1
37,-49898,1,1,1
37,-49894,1,1,1
37,-49890,0,1,1
37,-49886,0,1,1
37,-49882,1,1,1
37,-49878,1,1,1
37,-49874,0,1,1
37,-49870,0,1,1
37,-49866,1,1,1
37,-49862,1,1,1
37,-49858,0,1,1
37,-49854,0,1,1
37,-49850,1,1,1
37,-49846,1,1,1
37,-49842,0,1,1
37,-49838,0,1,1
37,-49834,1,1,1
37,-49830,1,1,1
37,-49826,0,1,1
37,-49822,0,1,1
37,-49818,1,1,1
37,-49814,1,1,1
37,-49810,0,1,1
37,-49806,0,1,1
37,-49798,1,1,1
37,-49794,0,1,1
37,-49790,0,1,1
37,-49786,1,1,1
37,-49782,1,1,1
37,-49778,0,1,1
37,-49774,0,1,1
37,-49770,1,1,1
37,-49766,1,1,1
37,-49762,0,1,1
37,-49758,0,1,1
37,-49754,1,1,1
37,-49750,1,1,1
37,-49746,0,1,1
37,-49742,0,1,1
37,-49738,1,1,1
37,-49734,1,1,1
37,-49730,0,1,1
37,-49726,0,1,1
37,-49722,1,1,1
37,-49718,1,1,1
37,-49714,0,1,1
37,-49710,0,1,1
37,-49706,1,1,1
37,-49702,1,1,1
37,-49698,0,1,1
37,-49694,0,1,1
37,-49690,1,1,1
37,-49686,1,1,1
37,-49682,0,1,1
37,-49678,0,1,1
37,-49674,1,1,1
37,-49670,1,1,1
37,-49666,0,1,1
37,-49662,0,1,1
37,-49658,1,1,1
37,-49650,0,1,1
37,-49646,0,1,1
37,-49642,1,1,1
37,-49638,1,1,1
37,-49634,0,1,1
37,-49630,0,1,1
37,-49626,1,1,1
37,-49622,1,1,1
37,-49618,0,1,1
37,-49614,0,1,1
37,-49610,1,1,1
37,-49606,1,1,1
37,-49602,0,1,1
37,-49598,0,1,1
37,-49594,1,1,1
37,-49590,1,1,1
37,-49586,0,1,1
37,-49582,0,1,1
37,-49578,1,1,1
37,-49574,1,1,1
37,-49570,0,1,1
37,-49566,0,1,1
37,-49562,1,1,1
37,-49558,1,1,1
37,-49554,0,1,1
37,-49550,0,1,1
37,-49546,1,1,1
37,-49542,1,1,1
37,-49538,0,1,1
37,-49534,0,1,1
37,-49530,1,1,1
37,-49526,1,1,1
37,-49522,0,1,1
37,-49518,0,1,1
37,-49514,1,1,1
37,-49510,1,1,1
37,-49502,0,1,1
37,-49498,1,1,1
37,-49494,1,1,1
37,-49490,0,1,1
37,-49486,0,1,1
37,-49482,1,1,1
37,-49478,1,1,1
37,-49474,0,1,1
37,-49470,0,1,1
37,-49466,1,1,1
37,-49462,1,1,1
37,-49458,0,1,1
37,-49454,0,1,1
37,-49450,1,1,1
37,-49446,1,1,1
37,-49442,0,1,1
37,-49438,0,1,1
37,-49434,1,1,1
37,-49430,1,1,1
37,-49426,0,1,1
37,-49422,0,1,1
37,-49418,1,1,1
37,-49414,1,1,1
37,-49410,0,1,1
37,-49406,0,1,1
37,-49402,1,1,1
37,-49398,1,1,1
37,-49394,0,1,1
37,-49390,0,1,1
37,-49386,1,1,1
37,-49382,1,1,1
37,-49378,0,1,1
37,-49374,0,1,1
37,-49370,1,1,1
37,-49366,1,1,1
37,-49362,0,1,1
37,-49354,1,1,1
37,-49350,1,1,1
37,-49346,0,1,1
37,-49342,0,1,1
37,-49338,1,1,1
37,-49334,1,1,1
37,-49330,0,1,1
37,-49326,0,1,1
37,-49322,1,1,1
37,-49318,1,1,1
37,-49314,0,1,1
37,-49310,0,1,1
37,-49306,1,1,1
37,-49302,1,1,1
37,-49298,0,1,1
37,-49294,0,1,1
37,-49290,1,1,1
37,-49286,1,1,1
37,-49282,0,1,1
37,-49278,0,1,1
37,-49274,1,1,1
37,-49270,1,1,1
37,-49266,0,1,1
37,-49262,0,1,1
37,-49258,1,1,1
37,-49254,1,1,1
37,-49250,0,1,1
37,-49246,0,1,1
37,-49242,1,1,1
37,-49238,1,1,1
37,-49234,0,1,1
37,-49230,0,1,1
37,-49226,1,1,1
37,-49222,1,1,1
37,-49218,0,1,1
37,-49214,0,1,1
37,-49206,1,1,1
37,-49202,0,1,1
37,-49198,0,1,1
37,-49194,1,1,1
37,-49190,1,1,1
37,-49186,0,1,1
37,-49182,0,1,1
37,-49178,1,1,1
37,-49174,1,1,1
37,-49170,0,1,1
37,-49166,0,1,1
37,-49162,1,1,1
37,-49158,1,1,1
37,-49154,0,1,1
37,-49150,0,1,1
37,-49146,1,1,1
37,-49142,1,1,1
37,-49138,0,1,1
37,-49134,0,1,1
37,-49130,1,1,1
37,-49126,1,1,1
37,-49122,0,1,1
37,-49118,0,1,1
37,-49114,1,1,1
37,-49110,1,1,1
37,-49106,0,1,1
37,-49102,0,1,1
37,-49098,1,1,1
37,-49094,1,1,1
37,-49090,0,1,1
37,-49086,0,1,1
37,-49082,1,1,1
37,-49078,1,1,1
37,-49074,0,1,1
37,-49070,0,1,1
37,-49066,1,1,1
37,-49058,0,1,1
37,-49054,0,1,1
37,-49050,1,1,1
37,-49046,1,1,1
37,-49042,0,1,1
37,-49038,0,1,1
37,-49034,1,1,1
37,-49030,1,1,1
37,-49026,0,1,1
37,-49022,0,1,1
37,-49018,1,1,1
37,-49014,1,1,1
37,-49010,0,1,1
37,-49006,0,1,1
37,-49002,1,1,1
37,-48998,1,1,1
37,-48994,0,1,1
37,-48990,0,1,1
37,-48986,1,1,1
37,-48982,1,1,1
37,-48978,0,1,1
37,-48974,0,1,1
37,-48970,1,1,1
37,-48966,1,1,1
37,-48962,0,1,1
37,-48958,0,1,1
37,-48954,1,1,1
37,-48950,1,1,1
37,-48946,0,1,1
37,-48942,0,0,0
37,-48938,1,1,1
37,-48934,1,1,1
37,-48930,0,1,1
37,-48926,0,1,1
37,-48922,1,1,1
37,-48918,1,1,1
37,-48910,0,1,1
37,-48906,1,1,1
37,-48902,1,1,1
37,-48898,0,1,1
37,-48894,0,1,1
37,-48890,1,1,1
37,-48886,1,1,1
37,-48882,0,1,1
37,-48878,0,1,1
37,-48874,1,1,1
37,-48870,1,1,1
37,-48866,0,1,1
37,-48862,0,1,1
37,-48858,1,1,1
37,-48854,1,1,1
37,-48850,0,1,1
37,-48846,0,1,1
37,-48842,1,1,1
37,-48838,1,1,1
37,-48834,0,1,1
37,-48830,0,1,1
37,-48826,1,1,1
37,-48822,1,1,1
37,-48818,0,1,1
37,-48814,0,1,1
37,-48810,1,1,1
37,-48806,1,1,1
37,-48802,0,1,1
37,-48798,0,1,1
37,-48794,1,1,1
37,-48790,1,1,1
37,-48786,0,1,1
37,-48782,0,1,1
37,-48778,1,1,1
37,-48774,1,1,1
37,-48770,0,1,1
37,-48762,1,1,1
37,-48758,1,1,1
37,-48754,0,1,1
37,-48750,0,1,1
37,-48746,1,1,1
37,-48742,1,1,1
37,-48738,0,1,1
37,-48734,0,1,1
37,-48730,1,1,1
37,-48726,1,1,1
37,-48722,0,1,1
37,-48718,0,1,1
37,-48714,1,1,1
37,-48710,1,1,1
37,-48706,0,1,1
37,-48702,0,1,1
37,-48698,1,1,1
37,-48694,1,1,1
37,-48690,0,1,1
37,-48686,0,1,1
37,-48682,1,1,1
37,-48678,1,1,1
37,-48674,0,1,1
37,-48670,0,1,1
37,-48666,1,1,1
37,-48662,1,1,1
37,-48658,0,1,1
37,-48654,0,1,1
37,-48650,1,1,1
37,-48646,1,1,1
37,-48642,0,1,1
37,-48638,0,1,1
37,-48634,1,1,1
37,-48630,1,1,1
37,-48626,0,1,1
37,-48622,0,1,1
37,-48614,1,1,1
37,-48610,0,1,1
37,-48606,0,1,1
37,-48602,1,1,1
37,-48598,1,1,1
37,-48594,0,1,1
37,-48590,0,1,1
37,-48586,1,1,1
37,-48582,1,1,1
37,-48578,0,1,1
37,-48574,0,1,1
37,-48570,1,1,1
37,-48566,1,1,1
37,-48562,0,1,1
37,-48558,0,1,1
37,-48554,1,1,1
37,-48550,1,1,1
37,-48546,0,1,1
37,-48542,0,1,1
37,-48538,1,1,1
37,-48534,1,1,1
37,-48530,0,1,1
37,-48526,0,1,1
37,-48522,1,1,1
37,-48518,1,1,1
37,-48514,0,1,1
37,-48510,0,1,1
37,-48506,1,1,1
37,-48502,1,1,1
37,-48498,0,0,0
37,-48494,0,1,1
37,-48490,1,1,1
37,-48486,1,1,1
37,-48482,0,1,1
37,-48478,0,1,1
37,-48474,1,1,1
37,-48466,0,1,1
37,-48462,0,1,1
37,-48458,1,1,1
37,-48454,1,1,1
37,-48450,0,1,1
37,-48446,0,1,1
37,-48442,1,1,1
37,-48438,1,1,1
37,-48434,0,1,1
37,-48430,0,1,1
37,-48426,1,1,1
37,-48422,1,1,1
37,-48418,0,1,1
37,-48414,0,1,1
37,-48410,1,1,1
37,-48406,1,1,1
37,-48402,0,1,1
37,-48398,0,1,1
37,-48394,1,1,1
37,-48390,1,1,1
37,-48386,0,1,1
37,-48382,0,1,1
37,-48378,0,1,1
37,-48374,1,1,1
37,-48370,0,1,1
37,-48366,0,1,1
37,-48362,1,1,1
37,-48358,1,1,1
37,-48354,0,1,1
37,-48350,0,1,1
37,-48346,1,1,1
37,-48342,1,1,1
37,-48338,0,1,1
37,-48334,0,1,1
37,-48330,1,1,1
37,-48326,1,1,1
37,-48318,0,1,1
37,-48314,1,1,1
37,-48310,1,1,1
37,-48306,0,1,1
37,-48302,0,1,1
37,-48298,1,1,1
37,-48294,1,1,1
37,-48290,0,1,1
37,-48286,0,1,1
37,-48282,1,1,1
37,-48278,1,1,1
37,-48274,0,1,1
37,-48270,0,1,1
37,-48266,1,1,1
37,-48262,1,1,1
37,-48258,0,1,1
37,-48254,0,1,1
37,-48250,1,1,1
37,-48246,1,1,1
37,-48242,0,1,1
37,-48238,0,1,1
37,-48234,1,1,1
37,-48230,1,1,1
37,-48226,0,1,1
37,-48222,0,1,1
37,-48218,1,1,1
37,-48214,1,1,1
37,-48210,0,1,1
37,-48206,0,1,1
37,-48202,1,1,1
37,-48198,1,1,1
37,-48194,0,1,1
37,-48190,0,1,1
37,-48186,1,1,1
37,-48182,1,1,1
37,-48178,0,1,1
37,-48170,1,1,1
37,-48166,1,1,1
37,-48162,0,1,1
37,-48158,0,1,1
37,-48154,1,1,1
37,-48150,1,1,1
37,-48146,0,1,1
37,-48142,0,1,1
37,-48138,1,1,1
37,-48134,1,1,1
37,-48130,0,1,1
37,-48126,0,1,1
37,-48122,1,1,1
37,-48118,1,1,1
37,-48114,0,1,1
37,-48110,0,1,1
37,-48106,1,1,1
37,-48102,1,1,1
37,-48098,0,1,1
37,-48094,0,1,1
37,-48090,1,1,1
37,-48086,1,1,1
37,-48082,0,1,1
37,-48078,0,1,1
37,-48074,1,1,1
37,-48070,1,1,1
37,-48066,0,1,1
37,-48062,0,1,1
37,-48058,1,1,1
37,-48054,1,1,1
37,-48050,0,1,1
37,-48046,0,1,1
37,-48042,1,1,1
37,-48038,1,1,1
37,-48034,0,1,1
37,-48030,0,1,1
37,-48022,1,1,1
37,-48018,0,1,1
37,-48014,0,1,1
37,-48010,1,1,1
37,-48006,1,1,1
37,-48002,0,1,1
37,-47998,0,1,1
37,-47994,1,1,1
37,-47990,1,1,1
37,-47986,0,1,1
37,-47982,0,1,1
37,-47978,1,1,1
37,-47974,1,1,1
37,-47970,0,1,1
37,-47966,0,1,1
37,-47962,1,1,1
37,-47958,1,1,1
37,-47954,0,1,1
37,-47950,0,1,1
37,-47946,1,1,1
37,-47942,1,1,1
37,-47938,0,1,1
37,-47934,0,1,1
37,-47930,1,1,1
37,-47926,1,1,1
37,-47922,0,1,1
37,-47918,0,1,1
37,-47914,1,1,1
37,-47910,1,1,1
37,-47906,0,1,1
37,-47902,0,1,1
37,-47898,1,1,1
37,-47894,1,1,1
37,-47890,0,1,1
37,-47886,0,1,1
37,-47882,1,1,1
37,-47874,0,1,1
37,-47870,0,1,1
37,-47866,1,1,1
37,-47862,1,1,1
37,-47858,0,1,1
37,-47854,0,1,1
37,-47850,1,1,1
37,-47846,1,1,1
37,-47842,0,1,1
37,-47838,0,1,1
37,-47834,1,1,1
37,-47830,1,1,1
37,-47826,0,1,1
37,-47822,0,1,1
37,-47818,1,1,1
37,-47814,1,1,1
37,-47810,0,1,1
37,-47806,0,1,1
37,-47802,1,1,1
37,-47798,1,1,1
37,-47794,0,1,1
37,-47790,0,1,1
37,-47786,1,1,1
37,-47782,1,1,1
37,-47778,0,1,1
37,-47774,0,1,1
37,-47770,1,1,1
37,-47766,1,1,1
37,-47762,0,1,1
37,-47758,0,1,1
37,-47754,1,1,1
37,-47750,1,1,1
37,-47746,0,1,1
37,-47742,0,1,1
37,-47738,1,1,1
37,-47734,1,1,1
37,-47726,0,1,1
37,-47722,1,1,1
37,-47718,1,1,1
37,-47714,0,1,1
37,-47710,0,1,1
37,-47706,1,1,1
37,-47702,1,1,1
37,-47698,0,1,1
37,-47694,0,1,1
37,-47690,1,1,1
37,-47686,1,1,1
37,-47682,0,1,1
37,-47678,0,1,1
37,-47674,1,1,1
37,-47670,1,1,1
37,-47666,0,1,1
37,-47662,0,1,1
37,-47658,1,1,1
37,-47654,1,1,1
37,-47650,0,1,1
37,-47646,0,1,1
37,-47642,1,1,1
37,-47638,1,1,1
37,-47634,0,1,1
37,-47630,0,1,1
37,-47626,1,1,1
37,-47622,1,1,1
37,-47618,0,1,1
37,-47614,0,1,1
37,-47610,1,1,1
37,-47606,1,1,1
37,-47602,0,1,1
37,-47598,0,1,1
37,-47594,1,1,1
37,-47590,1,1,1
37,-47586,0,1,1
37,-47578,1,1,1
37,-47574,1,1,1
37,-47570,0,1,1
37,-47566,0,1,1
37,-47562,1,1,1
37,-47558,1,1,1
37,-47554,0,1,1
37,-47550,0,1,1
37,-47546,1,1,1
37,-47542,1,1,1
37,-47538,0,1,1
37,-47534,0,1,1
37,-47530,1,1,1
37,-47526,1,1,1
37,-47522,0,1,1
37,-47518,0,1,1
37,-47514,1,1,1
37,-47510,1,1,1
37,-47506,0,1,1
37,-47502,0,1,1
37,-47498,1,1,1
37,-47494,1,1,1
37,-47490,0,1,1
37,-47486,0,1,1
37,-47482,1,1,1
37,-47478,1,0,1
37,-47474,0,1,1
37,-47470,0,1,1
37,-47466,1,1,1
37,-47462,1,1,1
37,-47458,0,1,1
37,-47454,0,1,1
37,-47450,1,1,1
37,-47446,1,1,1
37,-47442,0,1,1
37,-47438,0,1,1
37,-47430,1,1,1
37,-47426,0,1,1
37,-47422,0,1,1
37,-47418,1,1,1
37,-47414,1,1,1
37,-47410,0,1,1
37,-47406,0,1,1
37,-47402,1,1,1
37,-47398,1,1,1
37,-47394,0,1,1
37,-47390,0,1,1
37,-47386,1,1,1
37,-47382,1,1,1
37,-47378,0,1,1
37,-47374,0,1,1
37,-47370,1,1,1
37,-47366,1,1,1
37,-47362,0,1,1
37,-47358,0,1,1
37,-47354,1,1,1
37,-47350,1,1,1
37,-47346,0,1,1
37,-47342,0,1,1
37,-47338,1,1,1
37,-47334,1,1,1
37,-47330,0,1,1
37,-47326,0,1,1
37,-47322,1,1,1
37,-47318,1,1,1
37,-47314,0,1,1
37,-47310,0,1,1
37,-47306,1,1,1
37,-47302,1,1,1
37,-47298,0,1,1
37,-47294,0,1,1
37,-47290,1,1,1
37,-47282,0,1,1
37,-47278,0,1,1
37,-47274,1,1,1
37,-47270,1,1,1
37,-47266,0,1,1
37,-47262,0,1,1
37,-47258,1,1,1
37,-47254,1,1,1
37,-47250,0,1,1
37,-47246,0,1,1
37,-47242,1,1,1
37,-47238,1,1,1
37,-47234,0,1,1
37,-47230,0,1,1
37,-47226,1,1,1
37,-47222,1,1,1
37,-47218,0,1,1
37,-47214,0,1,1
37,-47210,1,1,1
37,-47206,1,1,1
37,-47202,0,1,1
37,-47198,0,1,1
37,-47194,1,1,1
37,-47190,1,1,1
37,-47186,0,1,1
37,-47182,0,1,1
37,-47178,1,1,1
37,-47174,1,1,1
37,-47170,0,1,1
37,-47166,0,1,1
37,-47162,1,1,1
37,-47158,1,1,1
37,-47154,0,1,1
37,-47150,0,1,1
37,-47146,1,1,1
37,-47142,1,1,1
37,-47134,0,1,1
37,-47130,1,1,1
37,-47126,1,1,1
37,-47122,0,1,1
37,-47118,0,1,1
37,-47114,1,1,1
37,-47110,1,1,1
37,-47106,0,1,1
37,-47102,0,1,1
37,-47098,1,1,1
37,-47094,1,1,1
37,-47090,0,1,1
37,-47086,0,1,1
37,-47082,1,1,1
37,-47078,1,1,1
37,-47074,0,1,1
37,-47070,0,1,1
37,-47066,1,1,1
37,-47062,1,1,1
37,-47058,0,1,1
37,-47054,0,1,1
37,-47050,1,1,1
37,-47046,1,1,1
37,-47042,0,1,1
37,-47038,0,1,1
37,-47034,1,1,1
37,-47030,1,1,1
37,-47026,0,1,1
37,-47022,0,1,1
37,-47018,1,1,1
37,-47014,1,1,1
37,-47010,0,1,1
37,-47006,0,1,1
37,-47002,1,1,1
37,-46998,1,1,1
37,-46994,0,1,1
37,-46986,1,1,1
37,-46982,1,1,1
37,-46978,0,1,1
37,-46974,0,1,1
37,-46970,1,1,1
37,-46966,1,1,1
37,-46962,0,1,1
37,-46958,0,1,1
37,-46954,1,1,1
37,-46950,1,1,1
37,-46946,0,1,1
37,-46942,0,1,1
37,-46938,1,1,1
37,-46934,1,1,1
37,-46930,0,1,1
37,-46926,0,1,1
37,-46922,1,1,1
37,-46918,1,1,1
37,-46914,0,1,1
37,-46910,0,1,1
37,-46906,1,1,1
37,-46902,1,1,1
37,-46898,0,1,1
37,-46894,0,1,1
37,-46890,1,1,1
37,-46886,1,1,1
37,-46882,0,1,1
37,-46878,0,1,1
37,-46874,1,1,1
37,-46870,1,1,1
37,-46866,0,1,1
37,-46862,0,1,1
37,-46858,1,1,1
37,-46854,1,1,1
37,-46850,0,1,1
37,-46846,0,1,1
37,-46838,1,1,1
37,-46834,0,1,1
37,-46830,0,1,1
37,-46826,1,1,1
37,-46822,1,1,1
37,-46818,0,1,1
37,-46814,0,1,1
37,-46810,1,1,1
37,-46806,1,1,1
37,-46802,0,1,1
37,-46798,0,1,1
37,-46794,1,1,1
37,-46790,1,1,1
37,-46786,0,1,1
37,-46782,0,1,1
37,-46778,1,1,1
37,-46774,1,1,1
37,-46770,0,0,0
37,-46766,0,1,1
37,-46762,1,1,1
37,-46758,1,1,1
37,-46754,0,1,1
37,-46750,0,1,1
37,-46746,1,1,1
37,-46742,1,1,1
37,-46738,0,1,1
37,-46734,0,1,1
37,-46730,1,1,1
37,-46726,1,1,1
37,-46722,0,1,1
37,-46718,0,1,1
37,-46714,1,1,1
37,-46710,1,1,1
37,-46706,0,1,1
37,-46702,0,1,1
37,-46698,1,1,1
37,-46690,0,1,1
37,-46686,0,1,1
37,-46682,1,1,1
37,-46678,1,1,1
37,-46674,0,1,1
37,-46670,0,1,1
37,-46666,1,1,1
37,-46662,1,1,1
37,-46658,0,1,1
37,-46654,0,1,1
37,-46650,1,1,1
37,-46646,1,1,1
37,-46642,0,1,1
37,-46638,0,1,1
37,-46634,1,1,1
37,-46630,1,1,1
37,-46626,0,1,1
37,-46622,0,1,1
37,-46618,1,1,1
37,-46614,1,1,1
37,-46610,0,1,1
37,-46606,0,1,1
37,-46602,1,1,1
37,-46598,1,1,1
37,-46594,0,1,1
37,-46590,0,1,1
37,-46586,1,1,1
37,-46582,1,1,1
37,-46578,0,1,1
37,-46574,0,1,1
37,-46570,1,1,1
37,-46566,1,1,1
37,-46562,0,1,1
37,-46558,0,1,1
37,-46554,1,1,1
37,-46550,1,1,1
37,-46542,0,1,1
37,-46538,1,1,1
37,-46534,1,1,1
37,-46530,0,1,1
37,-46526,0,1,1
37,-46522,1,1,1
37,-46518,1,1,1
37,-46514,0,1,1
37,-46510,0,1,1
37,-46506,1,1,1
37,-46502,1,1,1
37,-46498,0,1,1
37,-46494,0,1,1
37,-46490,1,1,1
37,-46486,1,1,1
37,-46482,0,1,1
37,-46478,0,1,1
37,-46474,1,1,1
37,-46470,1,1,1
37,-46466,0,1,1
37,-46462,0,1,1
37,-46458,1,1,1
37,-46454,1,1,1
37,-46450,0,1,1
37,-46446,0,1,1
37,-46442,1,1,1
37,-46438,1,1,1
37,-46434,0,1,1
37,-46430,0,1,1
37,-46426,1,1,1
37,-46422,1,1,1
37,-46418,0,1,1
37,-46414,0,1,1
37,-46410,1,1,1
37,-46406,1,1,1
37,-46402,0,1,1
37,-46394,1,1,1
37,-46390,1,1,1
37,-46386,0,1,1
37,-46382,0,1,1
37,-46378,1,1,1
37,-46374,1,1,1
37,-46370,0,1,1
37,-46366,0,1,1
37,-46362,1,1,1
37,-46358,1,1,1
37,-46354,0,1,1
37,-46350,0,1,1
37,-46346,1,1,1
37,-46342,1,1,1
37,-46338,0,1,1
37,-46334,0,1,1
37,-46330,1,1,1
37,-46326,1,1,1
37,-46322,0,1,1
37,-46318,0,1,1
37,-46314,1,1,1
37,-46310,1,1,1
37,-46306,0,1,1
37,-46302,0,1,1
37,-46298,1,1,1
37,-46294,1,1,1
37,-46290,0,1,1
37,-46286,0,1,1
37,-46282,1,1,1
37,-46278,1,1,1
37,-46274,0,1,1
37,-46270,0,1,1
37,-46266,1,1,1
37,-46262,1,1,1
37,-46258,0,1,1
37,-46254,0,1,1
37,-46246,1,1,1
37,-46242,0,1,1
37,-46238,0,1,1
37,-46234,1,1,1
37,-46230,1,1,1
37,-46226,0,1,1
37,-46222,0,1,1
37,-46218,1,1,1
37,-46214,1,1,1
37,-46210,0,1,1
37,-46206,0,1,1
37,-46202,1,1,1
37,-46198,1,1,1
37,-46194,0,1,1
37,-46190,0,1,1
37,-46186,1,1,1
37,-46182,1,1,1
37,-46178,0,1,1
37,-46174,0,1,1
37,-46170,1,1,1
37,-46166,1,1,1
37,-46162,0,1,1
37,-46158,0,1,1
37,-46154,1,1,1
37,-46150,1,1,1
37,-46146,0,1,1
37,-46142,0,1,1
37,-46138,1,1,1
37,-46134,1,1,1
37,-46130,0,1,1
37,-46126,0,1,1
37,-46122,1,1,1
37,-46118,1,1,1
37,-46114,0,1,1
37,-46110,0,1,1
37,-46106,1,1,1
37,-46098,0,1,1
37,-46094,0,1,1
37,-46090,1,1,1
37,-46086,1,1,1
37,-46082,0,1,1
37,-46078,0,1,1
37,-46074,1,1,1
37,-46070,1,1,1
37,-46066,0,1,1
37,-46062,0,1,1
37,-46058,1,1,1
37,-46054,1,1,1
37,-46050,0,1,1
37,-46046,0,1,1
37,-46042,1,1,1
37,-46038,1,1,1
37,-46034,0,1,1
37,-46030,0,1,1
37,-46026,1,1,1
37,-46022,1,1,1
37,-46018,0,1,1
37,-46014,0,1,1
37,-46010,1,1,1
37,-46006,1,1,1
37,-46002,0,1,1
37,-45998,0,1,1
37,-45994,1,1,1
37,-45990,1,1,1
37,-45986,0,1,1
37,-45982,0,1,1
37,-45978,1,1,1
37,-45974,1,1,1
37,-45970,0,1,1
37,-45966,0,1,1
37,-45962,1,1,1
37,-45958,1,1,1
37,-45950,0,1,1
37,-45946,1,1,1
37,-45942,1,1,1
37,-45938,0,1,1
37,-45934,0,1,1
37,-45930,1,1,1
37,-45926,1,1,1
37,-45922,0,1,1
37,-45918,0,1,1
37,-45914,1,1,1
37,-45910,1,1,1
37,-45906,0,1,1
37,-45902,0,1,1
37,-45898,1,1,1
37,-45894,1,1,1
37,-45890,0,1,1
37,-45886,0,1,1
37,-45882,1,1,1
37,-45878,1,1,1
37,-45874,0,1,1
37,-45870,0,1,1
37,-45866,1,1,1
37,-45862,1,1,1
37,-45858,0,1,1
37,-45854,0,1,1
37,-45850,1,1,1
37,-45846,1,1,1
37,-45842,0,1,1
37,-45838,0,1,1
37,-45834,1,1,1
37,-45830,1,1,1
37,-45826,0,1,1
37,-45822,0,1,1
37,-45818,1,1,1
37,-45814,1,1,1
37,-45810,0,1,1
37,-45802,1,1,1
37,-45798,1,1,1
37,-45794,0,1,1
37,-45790,0,1,1
37,-45786,1,1,1
37,-45782,1,1,1
37,-45778,0,1,1
37,-45774,0,1,1
37,-45770,1,1,1
37,-45766,1,1,1
37,-45762,0,1,1
37,-45758,0,1,1
37,-45754,1,1,1
37,-45750,1,1,1
37,-45746,0,1,1
37,-45742,0,1,1
37,-45738,1,1,1
37,-45734,1,1,1
37,-45730,0,1,1
37,-45726,0,1,1
37,-45722,1,1,1
37,-45718,1,1,1
37,-45714,0,1,1
37,-45710,0,1,1
37,-45706,1,1,1
37,-45702,1,1,1
37,-45698,0,1,1
37,-45694,0,1,1
37,-45690,1,1,1
37,-45686,1,1,1
37,-45682,0,1,1
37,-45678,0,1,1
37,-45674,1,1,1
37,-45670,1,1,1
37,-45666,0,1,1
37,-45662,0,1,1
37,-45654,1,1,1
37,-45650,0,1,1
37,-45646,0,1,1
37,-45642,1,1,1
37,-45638,1,1,1
37,-45634,0,1,1
37,-45630,0,1,1
37,-45626,1,1,1
37,-45622,1,1,1
37,-45618,0,1,1
37,-45614,0,1,1
37,-45610,1,1,1
37,-45606,1,1,1
37,-45602,0,1,1
37,-45598,0,1,1
37,-45594,1,1,1
37,-45590,1,1,1
37,-45586,0,1,1
37,-45582,0,1,1
37,-45578,1,1,1
37,-45574,1,1,1
37,-45570,0,1,1
37,-45566,0,1,1
37,-45562,1,1,1
37,-45558,1,1,1
37,-45554,0,1,1
37,-45550,0,1,1
37,-45546,1,1,1
37,-45542,1,1,1
37,-45538,0,1,1
37,-45534,0,1,1
37,-45530,1,1,1
37,-45526,1,1,1
37,-45522,0,1,1
37,-45518,0,1,1
37,-45514,1,1,1
37,-45506,0,1,1
37,-45502,0,1,1
37,-45498,1,1,1
37,-45494,1,1,1
37,-45490,0,1,1
37,-45486,0,1,1
37,-45482,1,1,1
37,-45478,1,1,1
37,-45474,0,1,1
37,-45470,0,1,1
37,-45466,1,1,1
37,-45462,1,1,1
37,-45458,0,1,1
37,-45454,0,1,1
37,-45450,1,1,1
37,-45446,1,1,1
37,-45442,0,1,1
37,-45438,0,1,1
37,-45434,1,1,1
37,-45430,1,1,1
37,-45426,0,1,1
37,-45422,0,1,1
37,-45418,1,1,1
37,-45414,1,1,1
37,-45410,0,1,1
37,-45406,0,1,1
37,-45402,1,1,1
37,-45398,1,1,1
37,-45394,0,1,1
37,-45390,0,1,1
37,-45386,1,1,1
37,-45382,1,1,1
37,-45378,0,1,1
37,-45374,0,1,1
37,-45370,1,1,1
37,-45366,1,1,1
37,-45358,0,1,1
37,-45354,1,1,1
37,-45350,1,1,1
37,-45346,0,1,1
37,-45342,0,1,1
37,-45338,1,1,1
37,-45334,1,1,1
37,-45330,0,1,1
37,-45326,0,1,1
37,-45322,1,1,1
37,-45318,1,1,1
37,-45314,0,1,1
37,-45310,0,1,1
37,-45306,1,1,1
37,-45302,1,1,1
37,-45298,0,1,1
37,-45294,0,1,1
37,-45290,1,1,1
37,-45286,1,1,1
37,-45282,0,1,1
37,-45278,0,1,1
37,-45274,1,1,1
37,-45270,1,1,1
37,-45266,0,1,1
37,-45262,0,1,1
37,-45258,1,1,1
37,-45254,1,1,1
37,-45250,0,1,1
37,-45246,0,1,1
37,-45242,1,1,1
37,-45238,1,1,1
37,-45234,0,1,1
37,-45230,0,1,1
37,-45226,1,1,1
37,-45222,1,1,1
37,-45218,0,1,1
37,-45210,1,1,1
37,-45206,1,1,1
37,-45202,0,1,1
37,-45198,0,1,1
37,-45194,1,1,1
37,-45190,1,1,1
37,-45186,0,1,1
37,-45182,0,1,1
37,-45178,1,1,1
37,-45174,1,1,1
37,-45170,0,1,1
37,-45166,0,1,1
37,-45162,1,1,1
37,-45158,1,1,1
37,-45154,0,1,1
37,-45150,0,1,1
37,-45146,1,1,1
37,-45142,1,1,1
37,-45138,0,1,1
37,-45134,0,1,1
37,-45130,1,1,1
37,-45126,1,1,1
37,-45122,0,1,1
37,-45118,0,1,1
37,-45114,1,1,1
37,-45110,1,1,1
37,-45106,0,1,1
37,-45102,0,1,1
37,-45098,1,1,1
37,-45094,1,1,1
37,-45090,0,1,1
37,-45086,0,1,1
37,-45082,1,1,1
37,-45078,1,1,1
37,-45074,0,1,1
37,-45070,0,1,1
37,-45062,1,1,1
37,-45058,0,1,1
37,-45054,0,0,0
37,-45050,1,1,1
37,-45046,1,1,1
37,-45042,0,1,1
37,-45038,0,1,1
37,-45034,1,1,1
37,-45030,1,1,1
37,-45026,0,1,1
37,-45022,0,1,1
37,-45018,1,1,1
37,-45014,1,1,1
37,-45010,0,1,1
37,-45006,0,1,1
37,-45002,1,1,1
37,-44998,1,1,1
37,-44994,0,1,1
37,-44990,0,1,1
37,-44986,1,1,1
37,-44982,1,1,1
37,-44978,0,1,1
37,-44974,0,1,1
37,-44970,1,1,1
37,-44966,1,1,1
37,-44962,0,1,1
37,-44958,0,1,1
37,-44954,1,1,1
37,-44950,1,1,1
37,-44946,0,1,1
37,-44942,0,1,1
37,-44938,1,1,1
37,-44934,1,1,1
37,-44930,0,1,1
37,-44926,0,1,1
37,-44922,1,1,1
37,-44914,0,1,1
37,-44910,0,1,1
37,-44906,1,1,1
37,-44902,1,1,1
37,-44898,0,1,1
37,-44894,0,1,1
37,-44890,1,1,1
37,-44886,1,1,1
37,-44882,0,1,1
37,-44878,0,1,1
37,-44874,1,1,1
37,-44870,1,1,1
37,-44866,0,1,1
37,-44862,0,1,1
37,-44858,1,1,1
37,-44854,1,1,1
37,-44850,0,1,1
37,-44846,0,1,1
37,-44842,1,1,1
37,-44838,0,1,1
37,-44834,0,1,1
37,-44830,0,1,1
37,-44826,1,1,1
37,-44822,1,1,1
37,-44818,0,1,1
37,-44814,0,1,1
37,-44810,1,1,1
37,-44806,1,1,1
37,-44802,0,1,1
37,-44798,0,1,1
37,-44794,1,1,1
37,-44790,1,1,1
37,-44786,0,1,1
37,-44782,0,1,1
37,-44778,1,1,1
37,-44774,1,1,1
37,-44766,0,1,1
37,-44762,1,1,1
37,-44758,1,1,1
37,-44754,0,1,1
37,-44750,0,1,1
37,-44746,1,1,1
37,-44742,1,1,1
37,-44738,0,1,1
37,-44734,0,1,1
37,-44730,1,1,1
37,-44726,1,1,1
37,-44722,0,1,1
37,-44718,0,1,1
37,-44714,1,1,1
37,-44710,1,1,1
37,-44706,0,1,1
37,-44702,0,1,1
37,-44698,1,1,1
37,-44694,1,1,1
37,-44690,0,1,1
37,-44686,0,1,1
37,-44682,1,1,1
37,-44678,1,1,1
37,-44674,0,1,1
37,-44670,0,1,1
37,-44666,1,1,1
37,-44662,1,1,1
37,-44658,0,1,1
37,-44654,0,1,1
37,-44650,1,1,1
37,-44646,1,1,1
37,-44642,0,1,1
37,-44638,0,1,1
37,-44634,1,1,1
37,-44630,1,1,1
37,-44626,0,1,1
37,-44618,1,1,1
37,-44614,1,1,1
37,-44610,0,1,1
37,-44606,0,1,1
37,-44602,1,1,1
37,-44598,1,1,1
37,-44594,0,1,1
37,-44590,0,1,1
37,-44586,1,1,1
37,-44582,1,1,1
37,-44578,0,1,1
37,-44574,0,1,1
37,-44570,1,1,1
37,-44566,1,1,1
37,-44562,0,1,1
37,-44558,0,1,1
37,-44554,1,1,1
37,-44550,1,1,1
37,-44546,0,1,1
37,-44542,0,1,1
37,-44538,1,1,1
37,-44534,1,1,1
37,-44530,0,1,1
37,-44526,0,1,1
37,-44522,1,1,1
37,-44518,1,1,1
37,-44514,0,1,1
37,-44510,0,1,1
37,-44506,1,1,1
37,-44502,1,1,1
37,-44498,0,1,1
37,-44494,0,1,1
37,-44490,1,1,1
37,-44486,1,1,1
37,-44482,0,1,1
37,-44478,0,1,1
37,-44470,1,1,1
37,-44466,0,1,1
37,-44462,0,1,1
37,-44458,1,1,1
37,-44454,1,1,1
37,-44450,0,1,1
37,-44446,0,1,1
37,-44442,1,1,1
37,-44438,1,1,1
37,-44434,0,1,1
37,-44430,0,1,1
37,-44426,1,1,1
37,-44422,1,1,1
37,-44418,0,1,1
37,-44414,0,1,1
37,-44410,1,1,1
37,-44406,1,1,1
37,-44402,0,1,1
37,-44398,0,1,1
37,-44394,1,1,1
37,-44390,1,1,1
37,-44386,0,1,1
37,-44382,0,1,1
37,-44378,1,1,1
37,-44374,1,1,1
37,-44370,0,1,1
37,-44366,0,1,1
37,-44362,1,1,1
37,-44358,1,1,1
37,-44354,0,1,1
37,-44350,0,1,1
37,-44346,1,1,1
37,-44342,1,1,1
37,-44338,0,1,1
37,-44334,0,1,1
37,-44330,1,1,1
37,-44322,0,1,1
37,-44318,0,1,1
37,-44314,1,1,1
37,-44310,1,1,1
37,-44306,0,1,1
37,-44302,0,1,1
37,-44298,1,1,1
37,-44294,1,1,1
37,-44290,0,1,1
37,-44286,0,1,1
37,-44282,1,1,1
37,-44278,1,1,1
37,-44274,0,1,1
37,-44270,0,1,1
37,-44266,1,1,1
37,-44262,1,1,1
37,-44258,0,1,1
37,-44254,0,1,1
37,-44250,1,1,1
37,-44246,1,1,1
37,-44242,0,1,1
37,-44238,0,1,1
37,-44234,1,1,1
37,-44230,1,1,1
37,-44226,0,1,1
37,-44222,0,1,1
37,-44218,1,1,1
37,-44214,1,1,1
37,-44210,0,1,1
37,-44206,0,1,1
37,-44202,1,1,1
37,-44198,1,1,1
37,-44194,0,1,1
37,-44190,0,1,1
37,-44186,1,1,1
37,-44182,1,1,1
37,-44174,0,1,1
37,-44170,1,1,1
37,-44166,1,1,1
37,-44162,0,1,1
37,-44158,0,1,1
37,-44154,1,1,1
37,-44150,1,1,1
37,-44146,0,1,1
37,-44142,0,1,1
37,-44138,1,1,1
37,-44134,1,1,1
37,-44130,0,1,1
37,-44126,0,1,1
37,-44122,1,1,1
37,-44118,1,1,1
37,-44114,0,1,1
37,-44110,0,1,1
37,-44106,1,1,1
37,-44102,1,1,1
37,-44098,0,1,1
37,-44094,0,1,1
37,-44090,1,1,1
37,-44086,1,1,1
37,-44082,0,1,1
37,-44078,0,1,1
37,-44074,1,1,1
37,-44070,1,1,1
37,-44066,0,1,1
37,-44062,0,1,1
37,-44058,1,1,1
37,-44054,1,1,1
37,-44050,0,1,1
37,-44046,0,1,1
37,-44042,1,1,1
37,-44038,1,1,1
37,-44034,0,1,1
37,-44026,1,1,1
37,-44022,1,1,1
37,-44018,0,1,1
37,-44014,0,1,1
37,-44010,1,1,1
37,-44006,1,1,1
37,-44002,0,1,1
37,-43998,0,1,1
37,-43994,1,1,1
37,-43990,1,1,1
37,-43986,0,1,1
37,-43982,0,1,1
37,-43978,1,1,1
37,-43974,1,1,1
37,-43970,0,1,1
37,-43966,0,1,1
37,-43962,1,1,1
37,-43958,1,1,1
37,-43954,0,1,1
37,-43950,0,1,1
37,-43946,1,1,1
37,-43942,1,1,1
37,-43938,0,1,1
37,-43934,0,1,1
37,-43930,1,1,1
37,-43926,1,1,1
37,-43922,0,1,1
37,-43918,0,1,1
37,-43914,1,1,1
37,-43910,1,1,1
37,-43906,0,1,1
37,-43902,0,1,1
37,-43898,1,1,1
37,-43894,1,1,1
37,-43890,0,1,1
37,-43886,0,1,1
37,-43878,1,1,1
37,-43874,0,1,1
37,-43870,0,1,1
37,-43866,1,1,1
37,-43862,1,1,1
37,-43858,0,1,1
37,-43854,0,1,1
37,-43850,1,1,1
37,-43846,1,1,1
37,-43842,0,1,1
37,-43838,0,1,1
37,-43834,1,1,1
37,-43830,1,1,1
37,-43826,0,1,1
37,-43822,0,1,1
37,-43818,1,1,1
37,-43814,1,1,1
37,-43810,0,1,1
37,-43806,0,1,1
37,-43802,1,1,1
37,-43798,1,1,1
37,-43794,0,1,1
37,-43790,0,1,1
37,-43786,1,1,1
37,-43782,0,1,1
37,-43778,0,1,1
37,-43774,0,1,1
37,-43770,1,1,1
37,-43766,1,1,1
37,-43762,0,1,1
37,-43758,0,1,1
37,-43754,1,1,1
37,-43750,1,1,1
37,-43746,0,1,1
37,-43742,0,1,1
37,-43738,1,1,1
37,-43730,0,1,1
37,-43726,0,1,1
37,-43722,1,1,1
37,-43718,1,1,1
37,-43714,0,1,1
37,-43710,0,1,1
37,-43706,1,1,1
37,-43702,1,1,1
37,-43698,0,1,1
37,-43694,0,1,1
37,-43690,1,1,1
37,-43686,1,1,1
37,-43682,0,1,1
37,-43678,0,1,1
37,-43674,1,1,1
37,-43670,1,1,1
37,-43666,0,1,1
37,-43662,0,1,1
37,-43658,1,1,1
37,-43654,1,1,1
37,-43650,0,1,1
37,-43646,0,1,1
37,-43642,1,1,1
37,-43638,1,1,1
37,-43634,0,1,1
37,-43630,0,1,1
37,-43626,1,1,1
37,-43622,1,1,1
37,-43618,0,1,1
37,-43614,0,1,1
37,-43610,1,1,1
37,-43606,1,1,1
37,-43602,0,1,1
37,-43598,0,1,1
37,-43594,1,1,1
37,-43590,1,1,1
37,-43582,0,1,1
37,-43578,1,1,1
37,-43574,1,1,1
37,-43570,0,1,1
37,-43566,0,1,1
37,-43562,1,1,1
37,-43558,1,1,1
37,-43554,0,1,1
37,-43550,0,1,1
37,-43546,1,1,1
37,-43542,1,1,1
37,-43538,0,1,1
37,-43534,0,1,1
37,-43530,1,1,1
37,-43526,1,1,1
37,-43522,0,1,1
37,-43518,0,1,1
37,-43514,1,1,1
37,-43510,1,1,1
37,-43506,0,1,1
37,-43502,0,1,1
37,-43498,1,1,1
37,-43494,1,1,1
37,-43490,0,1,1
37,-43486,0,1,1
37,-43482,1,1,1
37,-43478,1,1,1
37,-43474,0,1,1
37,-43470,0,1,1
37,-43466,1,1,1
37,-43462,1,1,1
37,-43458,0,1,1
37,-43454,0,1,1
37,-43450,1,1,1
37,-43446,1,1,1
37,-43442,0,1,1
37,-43434,1,1,1
37,-43430,1,1,1
37,-43426,0,1,1
37,-43422,0,1,1
37,-43418,1,1,1
37,-43414,1,1,1
37,-43410,0,1,1
37,-43406,0,1,1
37,-43402,1,1,1
37,-43398,1,1,1
37,-43394,0,1,1
37,-43390,0,1,1
37,-43386,1,1,1
37,-43382,1,1,1
37,-43378,0,1,1
37,-43374,0,1,1
37,-43370,1,1,1
37,-43366,1,1,1
37,-43362,0,1,1
37,-43358,0,1,1
37,-43354,1,1,1
37,-43350,1,1,1
37,-43346,0,1,1
37,-43342,0,1,1
37,-43338,1,1,1
37,-43334,1,1,1
37,-43330,0,1,1
37,-43326,0,1,1
37,-43322,1,1,1
37,-43318,1,1,1
37,-43314,0,1,1
37,-43310,0,1,1
37,-43306,1,1,1
37,-43302,1,1,1
37,-43298,0,1,1
37,-43294,0,1,1
37,-43286,1,1,1
37,-43282,0,1,1
37,-43278,0,1,1
37,-43274,1,1,1
37,-43270,1,1,1
37,-43266,0,1,1
37,-43262,0,1,1
37,-43258,1,1,1
37,-43254,1,1,1
37,-43250,0,1,1
37,-43246,0,1,1
37,-43242,1,1,1
37,-43238,1,1,1
37,-43234,0,1,1
37,-43230,0,1,1
37,-43226,1,1,1
37,-43222,1,1,1
37,-43218,0,1,1
37,-43214,0,1,1
37,-43210,1,1,1
37,-43206,1,1,1
37,-43202,0,1,1
37,-43198,0,1,1
37,-43194,0,1,1
37,-43190,1,1,1
37,-43186,0,1,1
37,-43182,0,1,1
37,-43178,1,1,1
37,-43174,1,1,1
37,-43170,0,1,1
37,-43166,0,1,1
37,-43162,1,1,1
37,-43158,1,1,1
37,-43154,0,1,1
37,-43150,0,1,1
37,-43146,1,1,1
37,-43138,0,1,1
37,-43134,0,1,1
37,-43130,1,1,1
37,-43126,1,1,1
37,-43122,0,1,1
37,-43118,0,1,1
37,-43114,1,1,1
37,-43110,1,1,1
37,-43106,0,1,1
37,-43102,0,1,1
37,-43098,1,1,1
37,-43094,1,1,1
37,-43090,0,1,1
37,-43086,0,1,1
37,-43082,1,1,1
37,-43078,1,1,1
37,-43074,0,1,1
37,-43070,0,1,1
37,-43066,1,1,1
37,-43062,1,1,1
37,-43058,0,1,1
37,-43054,0,1,1
37,-43050,1,1,1
37,-43046,0,1,1
37,-43042,0,1,1
37,-43038,0,1,1
37,-43034,1,1,1
37,-43030,1,1,1
37,-43026,0,1,1
37,-43022,0,1,1
37,-43018,1,1,1
37,-43014,1,1,1
37,-43010,0,1,1
37,-43006,0,1,1
37,-43002,1,1,1
37,-42998,1,1,1
37,-42990,0,1,1
37,-42986,1,1,1
37,-42982,1,1,1
37,-42978,0,1,1
37,-42974,0,1,1
37,-42970,1,1,1
37,-42966,1,1,1
37,-42962,0,1,1
37,-42958,0,1,1
37,-42954,1,1,1
37,-42950,1,1,1
37,-42946,0,1,1
37,-42942,0,1,1
37,-42938,1,1,1
37,-42934,1,1,1
37,-42930,0,1,1
37,-42926,0,1,1
37,-42922,1,1,1
37,-42918,1,1,1
37,-42914,0,1,1
37,-42910,0,1,1
37,-42906,1,1,1
37,-42902,1,1,1
37,-42898,0,1,1
37,-42894,0,1,1
37,-42890,1,1,1
37,-42886,1,1,1
37,-42882,0,1,1
37,-42878,0,1,1
37,-42874,1,1,1
37,-42870,1,1,1
37,-42866,0,1,1
37,-42862,0,1,1
37,-42858,1,1,1
37,-42854,1,1,1
37,-42850,0,1,1
37,-42842,1,1,1
37,-42838,1,1,1
37,-42834,0,1,1
37,-42830,0,1,1
37,-42826,1,1,1
37,-42822,0,1,1
37,-42818,0,1,1
37,-42814,0,1,1
37,-42810,1,1,1
37,-42806,1,1,1
37,-42802,0,1,1
37,-42798,0,1,1
37,-42794,1,1,1
37,-42790,1,1,1
37,-42786,0,1,1
37,-42782,0,1,1
37,-42778,1,1,1
37,-42774,1,1,1
37,-42770,0,1,1
37,-42766,0,1,1
37,-42762,1,1,1
37,-42758,1,1,1
37,-42754,0,1,1
37,-42750,0,1,1
37,-42746,1,1,1
37,-42742,1,1,1
37,-42738,0,1,1
37,-42734,0,1,1
37,-42730,1,1,1
37,-42726,1,1,1
37,-42722,0,1,1
37,-42718,0,1,1
37,-42714,1,1,1
37,-42710,1,1,1
37,-42706,0,1,1
37,-42702,0,1,1
37,-42694,1,1,1
37,-42690,0,1,1
37,-42686,0,1,1
37,-42682,1,1,1
37,-42678,1,1,1
37,-42674,0,1,1
37,-42670,0,1,1
37,-42666,1,1,1
37,-42662,1,1,1
37,-42658,0,1,1
37,-42654,0,1,1
37,-42650,1,1,1
37,-42646,1,1,1
37,-42642,0,1,1
37,-42638,0,1,1
37,-42634,1,1,1
37,-42630,1,1,1
37,-42626,0,1,1
37,-42622,0,1,1
37,-42618,1,1,1
37,-42614,1,1,1
37,-42610,0,1,1
37,-42606,0,1,1
37,-42602,1,1,1
37,-42598,1,1,1
37,-42594,0,1,1
37,-42590,0,1,1
37,-42586,1,1,1
37,-42582,1,1,1
37,-42578,0,1,1
37,-42574,0,1,1
37,-42570,1,1,1
37,-42566,1,1,1
37,-42562,0,1,1
37,-42558,0,1,1
37,-42554,1,1,1
37,-42546,0,1,1
37,-42542,0,1,1
37,-42538,1,1,1
37,-42534,1,1,1
37,-42530,0,1,1
37,-42526,0,1,1
37,-42522,1,1,1
37,-42518,1,1,1
37,-42514,0,1,1
37,-42510,0,1,1
37,-42506,1,1,1
37,-42502,1,1,1
37,-42498,0,1,1
37,-42494,0,1,1
37,-42490,1,1,1
37,-42486,1,1,1
37,-42482,0,1,1
37,-42478,0,1,1
37,-42474,1,1,1
37,-42470,1,1,1
37,-42466,0,1,1
37,-42462,0,1,1
37,-42458,1,1,1
37,-42454,1,1,1
37,-42450,0,1,1
37,-42446,0,1,1
37,-42442,1,1,1
37,-42438,1,1,1
37,-42434,0,1,1
37,-42430,0,1,1
37,-42426,1,1,1
37,-42422,1,0,1
37,-42418,0,1,1
37,-42414,0,1,1
37,-42410,1,1,1
37,-42406,1,1,1
37,-42398,0,1,1
37,-42394,1,1,1
37,-42390,1,1,1
37,-42386,0,1,1
37,-42382,0,1,1
37,-42378,1,1,1
37,-42374,1,1,1
37,-42370,0,1,1
37,-42366,0,1,1
37,-42362,1,1,1
37,-42358,1,1,1
37,-42354,0,1,1
37,-42350,0,1,1
37,-42346,1,1,1
37,-42342,1,1,1
37,-42338,0,1,1
37,-42334,0,1,1
37,-42330,1,1,1
37,-42326,1,1,1
37,-42322,0,1,1
37,-42318,0,1,1
37,-42314,1,1,1
37,-42310,1,1,1
37,-42306,0,1,1
37,-42302,0,1,1
37,-42298,1,1,1
37,-42294,1,1,1
37,-42290,0,1,1
37,-42286,0,1,1
37,-42282,1,1,1
37,-42278,1,1,1
37,-42274,0,1,1
37,-42270,0,1,1
37,-42266,1,1,1
37,-42262,1,1,1
37,-42258,0,1,1
37,-42250,1,1,1
37,-42246,1,1,1
37,-42242,0,1,1
37,-42238,0,1,1
37,-42234,1,1,1
37,-42230,1,1,1
37,-42226,0,1,1
37,-42222,0,1,1
37,-42218,1,1,1
37,-42214,1,1,1
37,-42210,0,1,1
37,-42206,0,1,1
37,-42202,1,1,1
37,-42198,1,1,1
37,-42194,0,1,1
37,-42190,0,1,1
37,-42186,1,1,1
37,-42182,1,1,1
37,-42178,0,1,1
37,-42174,0,1,1
37,-42170,1,1,1
37,-42166,1,1,1
37,-42162,0,1,1
37,-42158,0,1,1
37,-42154,1,1,1
37,-42150,1,1,1
37,-42146,0,1,1
37,-42142,0,1,1
37,-42138,1,1,1
37,-42134,1,1,1
37,-42130,0,1,1
37,-42126,0,1,1
37,-42122,1,1,1
37,-42118,1,1,1
37,-42114,0,1,1
37,-42110,0,1,1
37,-42102,1,1,1
37,-42098,0,1,1
37,-42094,0,1,1
37,-42090,1,1,1
37,-42086,1,1,1
37,-42082,0,1,1
37,-42078,0,1,1
37,-42074,1,1,1
37,-42070,1,1,1
37,-42066,0,1,1
37,-42062,0,1,1
37,-42058,1,1,1
37,-42054,1,1,1
37,-42050,0,1,1
37,-42046,0,1,1
37,-42042,1,1,1
37,-42038,1,1,1
37,-42034,0,1,1
37,-42030,0,1,1
37,-42026,1,1,1
37,-42022,1,1,1
37,-42018,0,1,1
37,-42014,0,1,1
37,-42010,1,1,1
37,-42006,1,1,1
37,-42002,0,1,1
37,-41998,0,1,1
37,-41994,1,1,1
37,-41990,1,1,1
37,-41986,0,1,1
37,-41982,0,1,1
37,-41978,1,1,1
37,-41974,1,1,1
37,-41970,0,1,1
37,-41966,0,1,1
37,-41962,1,1,1
37,-41954,0,1,1
37,-41950,0,1,1
37,-41946,1,1,1
37,-41942,1,1,1
37,-41938,0,1,1
37,-41934,0,1,1
37,-41930,1,1,1
37,-41926,1,1,1
37,-41922,0,1,1
37,-41918,0,1,1
37,-41914,1,1,1
37,-41910,1,1,1
37,-41906,0,1,1
37,-41902,0,1,1
37,-41898,1,1,1
37,-41894,1,1,1
37,-41890,0,1,1
37,-41886,0,1,1
37,-41882,1,1,1
37,-41878,1,1,1
37,-41874,0,1,1
37,-41870,0,1,1
37,-41866,1,1,1
37,-41862,1,1,1
37,-41858,0,1,1
37,-41854,0,1,1
37,-41850,1,1,1
37,-41846,1,1,1
37,-41842,0,1,1
37,-41838,0,1,1
37,-41834,1,1,1
37,-41830,1,1,1
37,-41826,0,1,1
37,-41822,0,1,1
37,-41818,1,1,1
37,-41814,1,1,1
37,-41806,0,1,1
37,-41802,1,1,1
37,-41798,1,1,1
37,-41794,0,1,1
37,-41790,0,1,1
37,-41786,1,1,1
37,-41782,1,1,1
37,-41778,0,1,1
37,-41774,0,1,1
37,-41770,1,1,1
37,-41766,1,1,1
37,-41762,0,1,1
37,-41758,0,1,1
37,-41754,1,1,1
37,-41750,1,1,1
37,-41746,0,1,1
37,-41742,0,1,1
37,-41738,1,1,1
37,-41734,1,1,1
37,-41730,0,1,1
37,-41726,0,1,1
37,-41722,1,1,1
37,-41718,1,1,1
37,-41714,0,1,1
37,-41710,0,1,1
37,-41706,1,1,1
37,-41702,1,1,1
37,-41698,0,1,1
37,-41694,0,1,1
37,-41690,1,1,1
37,-41686,1,1,1
37,-41682,0,1,1
37,-41678,0,1,1
37,-41674,1,1,1
37,-41670,1,1,1
37,-41666,0,1,1
37,-41658,1,1,1
37,-41654,1,1,1
37,-41650,0,1,1
37,-41646,0,1,1
37,-41642,1,1,1
37,-41638,1,1,1
37,-41634,0,1,1
37,-41630,0,1,1
37,-41626,1,1,1
37,-41622,1,1,1
37,-41618,0,1,1
37,-41614,0,1,1
37,-41610,1,1,1
37,-41606,1,1,1
37,-41602,0,1,1
37,-41598,0,1,1
37,-41594,1,1,1
37,-41590,1,1,1
37,-41586,0,1,1
37,-41582,0,1,1
37,-41578,1,1,1
37,-41574,1,1,1
37,-41570,0,1,1
37,-41566,0,1,1
37,-41562,1,1,1
37,-41558,1,1,1
37,-41554,0,1,1
37,-41550,0,1,1
37,-41546,1,1,1
37,-41542,1,1,1
37,-41538,0,1,1
37,-41534,0,1,1
37,-41530,1,1,1
37,-41526,1,1,1
37,-41522,0,1,1
37,-41518,0,1,1
37,-41510,1,1,1
37,-41506,0,1,1
37,-41502,0,1,1
37,-41498,1,1,1
37,-41494,1,1,1
37,-41490,0,1,1
37,-41486,0,1,1
37,-41482,1,1,1
37,-41478,1,1,1
37,-41474,0,1,1
37,-41470,0,1,1
37,-41466,1,1,1
37,-41462,1,1,1
37,-41458,0,1,1
37,-41454,0,1,1
37,-41450,1,1,1
37,-41446,1,1,1
37,-41442,0,1,1
37,-41438,0,1,1
37,-41434,1,1,1
37,-41430,1,1,1
37,-41426,0,1,1
37,-41422,0,1,1
37,-41418,1,1,1
37,-41414,1,1,1
37,-41410,0,1,1
37,-41406,0,1,1
37,-41402,1,1,1
37,-41398,1,1,1
37,-41394,0,1,1
37,-41390,0,1,1
37,-41386,1,1,1
37,-41382,1,1,1
37,-41378,0,1,1
37,-41374,0,1,1
37,-41370,1,1,1
37,-41362,0,1,1
37,-41358,0,1,1
37,-41354,1,1,1
37,-41350,1,1,1
37,-41346,0,1,1
37,-41342,0,1,1
37,-41338,1,1,1
37,-41334,1,1,1
37,-41330,0,1,1
37,-41326,0,1,1
37,-41322,1,1,1
37,-41318,1,1,1
37,-41314,0,1,1
37,-41310,0,1,1
37,-41306,1,1,1
37,-41302,1,1,1
37,-41298,0,1,1
37,-41294,0,1,1
37,-41290,1,1,1
37,-41286,1,1,1
37,-41282,0,1,1
37,-41278,0,1,1
37,-41274,1,1,1
37,-41270,1,1,1
37,-41266,0,1,1
37,-41262,0,1,1
37,-41258,1,1,1
37,-41254,1,1,1
37,-41250,0,1,1
37,-41246,0,1,1
37,-41242,1,1,1
37,-41238,1,1,1
37,-41234,0,1,1
37,-41230,0,1,1
37,-41226,1,1,1
37,-41222,1,1,1
37,-41214,0,1,1
37,-41210,1,1,1
37,-41206,1,1,1
37,-41202,0,1,1
37,-41198,0,1,1
37,-41194,1,1,1
37,-41190,1,1,1
37,-41186,0,1,1
37,-41182,0,1,1
37,-41178,1,1,1
37,-41174,1,1,1
37,-41170,0,1,1
37,-41166,0,1,1
37,-41162,1,1,1
37,-41158,1,1,1
37,-41154,0,1,1
37,-41150,0,1,1
37,-41146,1,1,1
37,-41142,1,1,1
37,-41138,0,1,1
37,-41134,0,1,1
37,-41130,1,1,1
37,-41126,1,1,1
37,-41122,0,1,1
37,-41118,0,1,1
37,-41114,1,1,1
37,-41110,1,1,1
37,-41106,0,1,1
37,-41102,0,1,1
37,-41098,1,1,1
37,-41094,1,1,1
37,-41090,0,1,1
37,-41086,0,1,1
37,-41082,1,1,1
37,-41078,1,1,1
37,-41074,0,1,1
37,-41066,1,1,1
37,-41062,1,1,1
37,-41058,0,1,1
37,-41054,0,1,1
37,-41050,1,1,1
37,-41046,1,1,1
37,-41042,0,1,1
37,-41038,0,1,1
37,-41034,1,1,1
37,-41030,1,1,1
37,-41026,0,1,1
37,-41022,0,1,1
37,-41018,1,1,1
37,-41014,1,1,1
37,-41010,0,1,1
37,-41006,0,1,1
37,-41002,1,1,1
37,-40998,1,1,1
37,-40994,0,1,1
37,-40990,0,1,1
37,-40986,1,1,1
37,-40982,1,1,1
37,-40978,0,1,1
37,-40974,0,1,1
37,-40970,1,1,1
37,-40966,1,1,1
37,-40962,0,1,1
37,-40958,0,1,1
37,-40954,1,1,1
37,-40950,1,1,1
37,-40946,0,1,1
37,-40942,0,1,1
37,-40938,1,1,1
37,-40934,1,1,1
37,-40930,0,1,1
37,-40926,0,1,1
37,-40918,1,1,1
37,-40914,0,1,1
37,-40910,0,1,1
37,-40906,1,1,1
37,-40902,1,1,1
37,-40898,0,1,1
37,-40894,0,1,1
37,-40890,1,1,1
37,-40886,1,1,1
37,-40882,0,1,1
37,-40878,0,1,1
37,-40874,1,1,1
37,-40870,1,1,1
37,-40866,0,1,1
37,-40862,0,1,1
37,-40858,1,1,1
37,-40854,1,1,1
37,-40850,0,1,1
37,-40846,0,1,1
37,-40842,1,0,1
37,-40838,1,1,1
37,-40834,0,1,1
37,-40830,0,1,1
37,-40826,1,1,1
37,-40822,1,1,1
37,-40818,0,1,1
37,-40814,0,1,1
37,-40810,1,1,1
37,-40806,1,1,1
37,-40802,0,1,1
37,-40798,0,1,1
37,-40794,1,1,1
37,-40790,1,1,1
37,-40786,0,1,1
37,-40782,0,1,1
37,-40778,1,1,1
37,-40770,0,1,1
37,-40766,0,1,1
37,-40762,1,1,1
37,-40758,1,1,1
37,-40754,0,1,1
37,-40750,0,1,1
37,-40746,1,1,1
37,-40742,1,1,1
37,-40738,0,1,1
37,-40734,0,1,1
37,-40730,1,1,1
37,-40726,1,1,1
37,-40722,0,1,1
37,-40718,0,1,1
37,-40714,1,1,1
37,-40710,1,1,1
37,-40706,0,1,1
37,-40702,0,1,1
37,-40698,1,1,1
37,-40694,1,1,1
37,-40690,0,1,1
37,-40686,0,1,1
37,-40682,1,1,1
37,-40678,1,1,1
37,-40674,0,1,1
37,-40670,0,1,1
37,-40666,1,1,1
37,-40662,1,1,1
37,-40658,0,1,1
37,-40654,0,1,1
37,-40650,1,1,1
37,-40646,1,1,1
37,-40642,0,1,1
37,-40638,0,1,1
37,-40634,1,1,1
37,-40630,1,1,1
37,-40622,0,1,1
37,-40618,1,1,1
37,-40614,1,1,1
37,-40610,0,1,1
37,-40606,0,1,1
37,-40602,1,1,1
37,-40598,1,1,1
37,-40594,0,1,1
37,-40590,0,1,1
37,-40586,1,1,1
37,-40582,1,1,1
37,-40578,0,1,1
37,-40574,0,1,1
37,-40570,1,1,1
37,-40566,1,1,1
37,-40562,0,1,1
37,-40558,0,1,1
37,-40554,1,1,1
37,-40550,1,1,1
37,-40546,0,1,1
37,-40542,0,1,1
37,-40538,1,1,1
37,-40534,1,1,1
37,-40530,0,1,1
37,-40526,0,1,1
37,-40522,1,1,1
37,-40518,1,1,1
37,-40514,0,1,1
37,-40510,0,1,1
37,-40506,1,1,1
37,-40502,1,1,1
37,-40498,0,1,1
37,-40494,0,1,1
37,-40490,1,1,1
37,-40486,1,1,1
37,-40482,0,1,1
37,-40474,1,1,1
37,-40470,1,1,1
37,-40466,0,1,1
37,-40462,0,1,1
37,-40458,1,1,1
37,-40454,1,1,1
37,-40450,0,1,1
37,-40446,0,1,1
37,-40442,1,1,1
37,-40438,1,1,1
37,-40434,0,1,1
37,-40430,0,1,1
37,-40426,1,1,1
37,-40422,1,1,1
37,-40418,0,1,1
37,-40414,0,1,1
37,-40410,1,1,1
37,-40406,1,1,1
37,-40402,0,1,1
37,-40398,0,1,1
37,-40394,1,1,1
37,-40390,1,1,1
37,-40386,0,1,1
37,-40382,0,1,1
37,-40378,1,1,1
37,-40374,1,1,1
37,-40370,0,1,1
37,-40366,0,1,1
37,-40362,1,1,1
37,-40358,1,1,1
37,-40354,0,1,1
37,-40350,0,1,1
37,-40346,1,1,1
37,-40342,1,1,1
37,-40338,0,1,1
37,-40334,0,1,1
37,-40326,1,1,1
37,-40322,0,1,1
37,-40318,0,1,1
37,-40314,1,1,1
37,-40310,1,1,1
37,-40306,0,1,1
37,-40302,0,1,1
37,-40298,1,1,1
37,-40294,1,1,1
37,-40290,0,1,1
37,-40286,0,1,1
37,-40282,1,1,1
37,-40278,1,1,1
37,-40274,0,1,1
37,-40270,0,1,1
37,-40266,1,1,1
37,-40262,1,1,1
37,-40258,0,1,1
37,-40254,0,1,1
37,-40250,1,1,1
37,-40246,1,1,1
37,-40242,0,1,1
37,-40238,0,1,1
37,-40234,1,1,1
37,-40230,1,1,1
37,-40226,0,1,1
37,-40222,0,1,1
37,-40218,1,1,1
37,-40214,1,1,1
37,-40210,0,1,1
37,-40206,0,1,1
37,-40202,1,1,1
37,-40198,1,1,1
37,-40194,0,1,1
37,-40190,0,1,1
37,-40186,1,1,1
37,-40178,0,1,1
37,-40174,0,1,1
37,-40170,1,1,1
37,-40166,1,1,1
37,-40162,0,1,1
37,-40158,0,1,1
37,-40154,1,1,1
37,-40150,1,1,1
37,-40146,0,1,1
37,-40142,0,1,1
37,-40138,1,1,1
37,-40134,1,1,1
37,-40130,0,1,1
37,-40126,0,1,1
37,-40122,1,1,1
37,-40118,1,1,1
37,-40114,0,1,1
37,-40110,0,1,1
37,-40106,1,1,1
37,-40102,1,1,1
37,-40098,0,1,1
37,-40094,0,1,1
37,-40090,1,1,1
37,-40086,1,1,1
37,-40082,0,1,1
37,-40078,0,1,1
37,-40074,1,1,1
37,-40070,1,1,1
37,-40066,0,1,1
37,-40062,0,1,1
37,-40058,1,1,1
37,-40054,1,1,1
37,-40050,0,1,1
37,-40046,0,1,1
37,-40042,1,1,1
37,-40038,1,1,1
37,-40030,0,1,1
37,-40026,1,1,1
37,-40022,1,1,1
37,-40018,0,1,1
37,-40014,0,1,1
37,-40010,1,1,1
37,-40006,1,1,1
37,-40002,0,1,1
37,-39998,0,1,1
37,-39994,1,1,1
37,-39990,1,1,1
37,-39986,0,1,1
37,-39982,0,1,1
37,-39978,1,1,1
37,-39974,1,1,1
37,-39970,0,1,1
37,-39966,0,1,1
37,-39962,1,1,1
37,-39958,1,1,1
37,-39954,0,1,1
37,-39950,0,1,1
37,-39946,1,1,1
37,-39942,1,1,1
37,-39938,0,1,1
37,-39934,0,1,1
37,-39930,1,1,1
37,-39926,1,1,1
37,-39922,0,1,1
37,-39918,0,0,0
37,-39914,1,1,1
37,-39910,1,1,1
37,-39906,0,1,1
37,-39902,0,1,1
37,-39898,1,1,1
37,-39894,1,1,1
37,-39890,0,1,1
37,-39882,1,1,1
37,-39878,1,1,1
37,-39874,0,1,1
37,-39870,0,1,1
37,-39866,1,1,1
37,-39862,1,1,1
37,-39858,0,1,1
37,-39854,0,1,1
37,-39850,1,1,1
37,-39846,1,1,1
37,-39842,0,1,1
37,-39838,0,1,1
37,-39834,1,1,1
37,-39830,1,1,1
37,-39826,0,1,1
37,-39822,0,1,1
37,-39818,1,1,1
37,-39814,1,1,1
37,-39810,0,1,1
37,-39806,0,1,1
37,-39802,1,1,1
37,-39798,1,1,1
37,-39794,0,1,1
37,-39790,0,1,1
37,-39786,1,1,1
37,-39782,1,1,1
37,-39778,0,1,1
37,-39774,0,1,1
37,-39770,1,1,1
37,-39766,1,1,1
37,-39762,0,1,1
37,-39758,0,1,1
37,-39754,1,1,1
37,-39750,1,1,1
37,-39746,0,1,1
37,-39742,0,1,1
37,-39734,1,1,1
37,-39730,0,1,1
37,-39726,0,1,1
37,-39722,1,1,1
37,-39718,1,1,1
37,-39714,0,1,1
37,-39710,0,1,1
37,-39706,1,1,1
37,-39702,1,1,1
37,-39698,0,1,1
37,-39694,0,1,1
37,-39690,1,1,1
37,-39686,1,1,1
37,-39682,0,1,1
37,-39678,0,1,1
37,-39674,1,1,1
37,-39670,1,1,1
37,-39666,0,1,1
37,-39662,0,1,1
37,-39658,1,1,1
37,-39654,1,1,1
37,-39650,0,1,1
37,-39646,0,1,1
37,-39642,1,1,1
37,-39638,1,1,1
37,-39634,0,1,1
37,-39630,0,1,1
37,-39626,1,1,1
37,-39622,1,1,1
37,-39618,0,1,1
37,-39614,0,1,1
37,-39610,1,1,1
37,-39606,1,1,1
37,-39602,0,1,1
37,-39598,0,1,1
37,-39594,1,1,1
37,-39586,0,1,1
37,-39582,0,1,1
37,-39578,1,1,1
37,-39574,1,1,1
37,-39570,0,1,1
37,-39566,0,1,1
37,-39562,1,1,1
37,-39558,1,1,1
37,-39554,0,1,1
37,-39550,0,1,1
37,-39546,1,1,1
37,-39542,1,1,1
37,-39538,0,1,1
37,-39534,0,1,1
37,-39530,1,1,1
37,-39526,1,1,1
37,-39522,0,1,1
37,-39518,0,1,1
37,-39514,1,1,1
37,-39510,1,1,1
37,-39506,0,1,1
37,-39502,0,1,1
37,-39498,1,1,1
37,-39494,1,1,1
37,-39490,0,1,1
37,-39486,0,1,1
37,-39482,1,1,1
37,-39478,1,1,1
37,-39474,0,1,1
37,-39470,0,1,1
37,-39466,1,1,1
37,-39462,1,1,1
37,-39458,0,1,1
37,-39454,0,1,1
37,-39450,1,1,1
37,-39446,1,1,1
37,-39438,0,1,1
37,-39434,1,1,1
37,-39430,1,1,1
37,-39426,0,1,1
37,-39422,0,1,1
37,-39418,1,1,1
37,-39414,1,1,1
37,-39410,0,1,1
37,-39406,0,1,1
37,-39402,1,1,1
37,-39398,1,1,1
37,-39394,0,1,1
37,-39390,0,1,1
37,-39386,1,1,1
37,-39382,1,1,1
37,-39378,0,1,1
37,-39374,0,1,1
37,-39370,1,1,1
37,-39366,1,1,1
37,-39362,0,1,1
37,-39358,0,1,1
37,-39354,1,1,1
37,-39350,1,1,1
37,-39346,0,1,1
37,-39342,0,1,1
37,-39338,1,1,1
37,-39334,1,1,1
37,-39330,0,1,1
37,-39326,0,1,1
37,-39322,1,1,1
37,-39318,1,1,1
37,-39314,0,1,1
37,-39310,0,1,1
37,-39306,1,1,1
37,-39302,1,1,1
37,-39298,0,1,1
37,-39290,1,1,1
37,-39286,1,1,1
37,-39282,0,1,1
37,-39278,0,1,1
37,-39274,1,1,1
37,-39270,1,1,1
37,-39266,0,1,1
37,-39262,0,1,1
37,-39258,1,1,1
37,-39254,1,1,1
37,-39250,0,1,1
37,-39246,0,1,1
37,-39242,1,1,1
37,-39238,1,1,1
37,-39234,0,1,1
37,-39230,0,1,1
37,-39226,1,1,1
37,-39222,1,1,1
37,-39218,0,1,1
37,-39214,0,1,1
37,-39210,1,1,1
37,-39206,1,1,1
37,-39202,0,1,1
37,-39198,0,1,1
37,-39194,1,1,1
37,-39190,1,1,1
37,-39186,0,1,1
37,-39182,0,1,1
37,-39178,1,1,1
37,-39174,1,1,1
37,-39170,0,1,1
37,-39166,0,1,1
37,-39162,1,1,1
37,-39158,1,1,1
37,-39154,0,1,1
37,-39150,0,1,1
37,-39142,1,1,1
37,-39138,0,1,1
37,-39134,0,1,1
37,-39130,1,1,1
37,-39126,1,1,1
37,-39122,0,1,1
37,-39118,0,1,1
37,-39114,1,1,1
37,-39110,1,1,1
37,-39106,0,1,1
37,-39102,0,1,1
37,-39098,1,1,1
37,-39094,1,1,1
37,-39090,0,1,1
37,-39086,0,1,1
37,-39082,1,1,1
37,-39078,1,1,1
37,-39074,0,1,1
37,-39070,0,1,1
37,-39066,1,1,1
37,-39062,1,1,1
37,-39058,0,1,1
37,-39054,0,1,1
37,-39050,1,1,1
37,-39046,1,1,1
37,-39042,0,1,1
37,-39038,0,1,1
37,-39034,1,1,1
37,-39030,1,1,1
37,-39026,0,1,1
37,-39022,0,1,1
37,-39018,1,1,1
37,-39014,1,1,1
37,-39010,0,1,1
37,-39006,0,1,1
37,-39002,1,1,1
37,-38994,0,1,1
37,-38990,0,1,1
37,-38986,1,1,1
37,-38982,1,1,1
37,-38978,0,1,1
37,-38974,0,1,1
37,-38970,1,1,1
37,-38966,1,1,1
37,-38962,0,1,1
37,-38958,0,1,1
37,-38954,1,1,1
37,-38950,1,1,1
37,-38946,0,1,1
37,-38942,0,1,1
37,-38938,1,1,1
37,-38934,1,1,1
37,-38930,0,1,1
37,-38926,0,1,1
37,-38922,1,1,1
37,-38918,1,1,1
37,-38914,0,1,1
37,-38910,0,1,1
37,-38906,1,1,1
37,-38902,1,1,1
37,-38898,0,1,1
37,-38894,0,1,1
37,-38890,1,1,1
37,-38886,1,1,1
37,-38882,0,1,1
37,-38878,0,1,1
37,-38874,1,1,1
37,-38870,1,1,1
37,-38866,0,1,1
37,-38862,0,1,1
37,-38858,1,1,1
37,-38854,1,1,1
37,-38846,0,1,1
37,-38842,1,1,1
37,-38838,1,1,1
37,-38834,0,1,1
37,-38830,0,1,1
37,-38826,1,1,1
37,-38822,1,1,1
37,-38818,0,1,1
37,-38814,0,1,1
37,-38810,1,1,1
37,-38806,1,1,1
37,-38802,0,1,1
37,-38798,0,1,1
37,-38794,1,1,1
37,-38790,1,1,1
37,-38786,0,1,1
37,-38782,0,1,1
37,-38778,1,1,1
37,-38774,1,1,1
37,-38770,0,1,1
37,-38766,0,1,1
37,-38762,1,1,1
37,-38758,1,1,1
37,-38754,0,1,1
37,-38750,0,1,1
37,-38746,1,1,1
37,-38742,1,0,1
37,-38738,0,1,1
37,-38734,0,1,1
37,-38730,1,1,1
37,-38726,1,1,1
37,-38722,0,1,1
37,-38718,0,1,1
37,-38714,1,1,1
37,-38710,1,1,1
37,-38706,0,1,1
37,-38698,1,1,1
37,-38694,1,1,1
37,-38690,0,1,1
37,-38686,0,1,1
37,-38682,1,1,1
37,-38678,1,1,1
37,-38674,0,1,1
37,-38670,0,1,1
37,-38666,1,1,1
37,-38662,1,1,1
37,-38658,0,1,1
37,-38654,0,1,1
37,-38650,1,1,1
37,-38646,1,1,1
37,-38642,0,1,1
37,-38638,0,1,1
37,-38634,1,1,1
37,-38630,1,1,1
37,-38626,0,1,1
37,-38622,0,1,1
37,-38618,1,1,1
37,-38614,1,1,1
37,-38610,0,1,1
37,-38606,0,1,1
37,-38602,1,1,1
37,-38598,1,1,1
37,-38594,0,1,1
37,-38590,0,1,1
37,-38586,1,1,1
37,-38582,1,1,1
37,-38578,0,1,1
37,-38574,0,1,1
37,-38570,1,1,1
37,-38566,1,1,1
37,-38562,0,1,1
37,-38558,0,1,1
37,-38550,1,1,1
37,-38546,0,1,1
37,-38542,0,1,1
37,-38538,1,1,1
37,-38534,1,1,1
37,-38530,0,1,1
37,-38526,0,1,1
37,-38522,1,1,1
37,-38518,1,1,1
37,-38514,0,1,1
37,-38510,0,1,1
37,-38506,1,1,1
37,-38502,1,1,1
37,-38498,0,1,1
37,-38494,0,1,1
37,-38490,1,1,1
37,-38486,1,1,1
37,-38482,0,1,1
37,-38478,0,1,1
37,-38474,1,1,1
37,-38470,1,1,1
37,-38466,0,1,1
37,-38462,0,1,1
37,-38458,1,1,1
37,-38454,1,1,1
37,-38450,0,1,1
37,-38446,0,1,1
37,-38442,1,1,1
37,-38438,1,1,1
37,-38434,0,1,1
37,-38430,0,1,1
37,-38426,0,1,1
37,-38422,1,1,1
37,-38418,0,1,1
37,-38414,0,1,1
37,-38410,1,1,1
37,-38402,0,1,1
37,-38398,0,1,1
37,-38394,1,1,1
37,-38390,1,1,1
37,-38386,0,1,1
37,-38382,0,1,1
37,-38378,1,1,1
37,-38374,1,1,1
37,-38370,0,1,1
37,-38366,0,1,1
37,-38362,1,1,1
37,-38358,1,1,1
37,-38354,0,1,1
37,-38350,0,1,1
37,-38346,1,1,1
37,-38342,1,1,1
37,-38338,0,1,1
37,-38334,0,1,1
37,-38330,1,1,1
37,-38326,1,1,1
37,-38322,0,1,1
37,-38318,0,1,1
37,-38314,1,1,1
37,-38310,1,1,1
37,-38306,0,1,1
37,-38302,0,1,1
37,-38298,1,0,1
37,-38294,1,1,1
37,-38290,0,1,1
37,-38286,0,1,1
37,-38282,1,1,1
37,-38278,1,1,1
37,-38274,0,1,1
37,-38270,0,1,1
37,-38266,1,1,1
37,-38262,1,1,1
37,-38254,0,1,1
37,-38250,1,1,1
37,-38246,1,1,1
37,-38242,0,1,1
37,-38238,0,1,1
37,-38234,1,1,1
37,-38230,1,1,1
37,-38226,0,1,1
37,-38222,0,1,1
37,-38218,1,1,1
37,-38214,1,1,1
37,-38210,0,1,1
37,-38206,0,1,1
37,-38202,1,1,1
37,-38198,1,1,1
37,-38194,0,1,1
37,-38190,0,1,1
37,-38186,1,1,1
37,-38182,1,1,1
37,-38178,0,1,1
37,-38174,0,1,1
37,-38170,1,1,1
37,-38166,1,1,1
37,-38162,0,1,1
37,-38158,0,1,1
37,-38154,1,1,1
37,-38150,1,1,1
37,-38146,0,1,1
37,-38142,0,1,1
37,-38138,1,1,1
37,-38134,1,1,1
37,-38130,0,1,1
37,-38126,0,1,1
37,-38122,1,1,1
37,-38118,1,1,1
37,-38114,0,1,1
37,-38106,1,1,1
37,-38102,1,1,1
37,-38098,0,1,1
37,-38094,0,1,1
37,-38090,1,1,1
37,-38086,1,1,1
37,-38082,0,1,1
37,-38078,0,1,1
37,-38074,1,1,1
37,-38070,1,1,1
37,-38066,0,1,1
37,-38062,0,1,1
37,-38058,1,1,1
37,-38054,1,1,1
37,-38050,0,1,1
37,-38046,0,1,1
37,-38042,1,1,1
37,-38038,1,1,1
37,-38034,0,1,1
37,-38030,0,1,1
37,-38026,1,1,1
37,-38022,1,1,1
37,-38018,0,1,1
37,-38014,0,1,1
37,-38010,1,1,1
37,-38006,1,1,1
37,-38002,0,1,1
37,-37998,0,1,1
37,-37994,1,1,1
37,-37990,1,1,1
37,-37986,0,1,1
37,-37982,0,1,1
37,-37978,1,1,1
37,-37974,1,1,1
37,-37970,0,1,1
37,-37966,0,1,1
37,-37958,1,1,1
37,-37954,0,1,1
37,-37950,0,1,1
37,-37946,1,1,1
37,-37942,1,1,1
37,-37938,0,1,1
37,-37934,0,1,1
37,-37930,1,1,1
37,-37926,1,1,1
37,-37922,0,1,1
37,-37918,0,1,1
37,-37914,1,1,1
37,-37910,1,1,1
37,-37906,0,1,1
37,-37902,0,1,1
37,-37898,1,1,1
37,-37894,1,1,1
37,-37890,0,1,1
37,-37886,0,1,1
37,-37882,1,1,1
37,-37878,1,1,1
37,-37874,0,1,1
37,-37870,0,1,1
37,-37866,1,1,1
37,-37862,1,1,1
37,-37858,0,1,1
37,-37854,0,1,1
37,-37850,1,1,1
37,-37846,1,1,1
37,-37842,0,1,1
37,-37838,0,1,1
37,-37834,1,1,1
37,-37830,1,1,1
37,-37826,0,1,1
37,-37822,0,1,1
37,-37818,1,1,1
37,-37810,0,1,1
37,-37806,0,1,1
37,-37802,1,1,1
37,-37798,1,1,1
37,-37794,0,1,1
37,-37790,0,1,1
37,-37786,1,1,1
37,-37782,1,1,1
37,-37778,0,1,1
37,-37774,0,1,1
37,-37770,1,1,1
37,-37766,1,1,1
37,-37762,0,1,1
37,-37758,0,1,1
37,-37754,1,1,1
37,-37750,1,1,1
37,-37746,0,1,1
37,-37742,0,1,1
37,-37738,1,1,1
37,-37734,1,1,1
37,-37730,0,1,1
37,-37726,0,1,1
37,-37722,1,1,1
37,-37718,1,1,1
37,-37714,0,1,1
37,-37710,0,1,1
37,-37706,1,1,1
37,-37702,1,1,1
37,-37698,0,1,1
37,-37694,0,1,1
37,-37690,1,1,1
37,-37686,1,1,1
37,-37682,0,1,1
37,-37678,0,1,1
37,-37674,1,1,1
37,-37670,1,1,1
37,-37662,0,1,1
37,-37658,1,1,1
37,-37654,1,1,1
37,-37650,0,1,1
37,-37646,0,1,1
37,-37642,1,1,1
37,-37638,1,1,1
37,-37634,0,1,1
37,-37630,0,1,1
37,-37626,1,1,1
37,-37622,1,1,1
37,-37618,0,1,1
37,-37614,0,1,1
37,-37610,1,1,1
37,-37606,1,1,1
37,-37602,0,1,1
37,-37598,0,1,1
37,-37594,1,1,1
37,-37590,1,1,1
37,-37586,0,1,1
37,-37582,0,1,1
37,-37578,1,1,1
37,-37574,1,1,1
37,-37570,0,1,1
37,-37566,0,1,1
37,-37562,1,1,1
37,-37558,1,1,1
37,-37554,0,1,1
37,-37550,0,1,1
37,-37546,1,1,1
37,-37542,1,1,1
37,-37538,0,1,1
37,-37534,0,1,1
37,-37530,1,1,1
37,-37526,1,1,1
37,-37522,0,1,1
37,-37514,1,1,1
37,-37510,1,1,1
37,-37506,0,1,1
37,-37502,0,1,1
37,-37498,1,1,1
37,-37494,1,1,1
37,-37490,0,1,1
37,-37486,0,1,1
37,-37482,1,1,1
37,-37478,1,1,1
37,-37474,0,1,1
37,-37470,0,1,1
37,-37466,1,1,1
37,-37462,1,1,1
37,-37458,0,1,1
37,-37454,0,1,1
37,-37450,1,1,1
37,-37446,1,1,1
37,-37442,0,1,1
37,-37438,0,1,1
37,-37434,1,1,1
37,-37430,1,1,1
37,-37426,0,1,1
37,-37422,0,1,1
37,-37418,1,1,1
37,-37414,1,1,1
37,-37410,0,1,1
37,-37406,0,1,1
37,-37402,1,1,1
37,-37398,1,1,1
37,-37394,0,1,1
37,-37390,0,1,1
37,-37386,1,1,1
37,-37382,1,1,1
37,-37378,0,1,1
37,-37374,0,1,1
37,-37366,1,1,1
37,-37362,0,1,1
37,-37358,0,1,1
37,-37354,1,1,1
37,-37350,1,1,1
37,-37346,0,1,1
37,-37342,0,1,1
37,-37338,1,0,1
37,-37334,1,1,1
37,-37330,0,1,1
37,-37326,0,1,1
37,-37322,1,1,1
37,-37318,1,1,1
37,-37314,0,1,1
37,-37310,0,1,1
37,-37306,1,1,1
37,-37302,1,1,1
37,-37298,0,1,1
37,-37294,0,1,1
37,-37290,1,1,1
37,-37286,1,1,1
37,-37282,0,1,1
37,-37278,0,1,1
37,-37274,1,1,1
37,-37270,1,1,1
37,-37266,0,1,1
37,-37262,0,1,1
37,-37258,1,1,1
37,-37254,1,1,1
37,-37250,0,1,1
37,-37246,0,1,1
37,-37242,1,1,1
37,-37238,1,1,1
37,-37234,0,1,1
37,-37230,0,1,1
37,-37226,1,1,1
37,-37218,0,1,1
37,-37214,0,1,1
37,-37210,1,1,1
37,-37206,1,1,1
37,-37202,0,1,1
37,-37198,0,1,1
37,-37194,1,1,1
37,-37190,1,1,1
37,-37186,0,1,1
37,-37182,0,1,1
37,-37178,1,1,1
37,-37174,1,1,1
37,-37170,0,1,1
37,-37166,0,1,1
37,-37162,1,1,1
37,-37158,1,1,1
37,-37154,0,1,1
37,-37150,0,1,1
37,-37146,1,1,1
37,-37142,1,1,1
37,-37138,0,1,1
37,-37134,0,1,1
37,-37130,1,1,1
37,-37126,1,1,1
37,-37122,0,1,1
37,-37118,0,1,1
37,-37114,1,1,1
37,-37110,1,1,1
37,-37106,0,1,1
37,-37102,0,0,0
37,-37098,1,1,1
37,-37094,1,1,1
37,-37090,0,1,1
37,-37086,0,1,1
37,-37082,1,1,1
37,-37078,1,1,1
37,-37070,0,1,1
37,-37066,1,1,1
37,-37062,1,1,1
37,-37058,0,1,1
37,-37054,0,1,1
37,-37050,1,1,1
37,-37046,1,1,1
37,-37042,0,1,1
37,-37038,0,1,1
37,-37034,1,1,1
37,-37030,1,1,1
37,-37026,0,1,1
37,-37022,0,1,1
37,-37018,1,1,1
37,-37014,1,1,1
37,-37010,0,1,1
37,-37006,0,1,1
37,-37002,1,1,1
37,-36998,1,1,1
37,-36994,0,1,1
37,-36990,0,1,1
37,-36986,1,1,1
37,-36982,1,1,1
37,-36978,0,1,1
37,-36974,0,1,1
37,-36970,1,1,1
37,-36966,1,1,1
37,-36962,0,1,1
37,-36958,0,1,1
37,-36954,1,1,1
37,-36950,1,1,1
37,-36946,0,1,1
37,-36942,0,1,1
37,-36938,1,1,1
37,-36934,1,1,1
37,-36930,0,1,1
37,-36922,1,1,1
37,-36918,1,1,1
37,-36914,0,1,1
37,-36910,0,1,1
37,-36906,1,1,1
37,-36902,1,1,1
37,-36898,0,1,1
37,-36894,0,1,1
37,-36890,1,1,1
37,-36886,1,1,1
37,-36882,0,1,1
37,-36878,0,1,1
37,-36874,1,1,1
37,-36870,1,1,1
37,-36866,0,1,1
37,-36862,0,1,1
37,-36858,1,1,1
37,-36854,1,1,1
37,-36850,0,1,1
37,-36846,0,1,1
37,-36842,1,1,1
37,-36838,1,1,1
37,-36834,0,1,1
37,-36830,0,1,1
37,-36826,1,1,1
37,-36822,1,1,1
37,-36818,0,1,1
37,-36814,0,1,1
37,-36810,1,1,1
37,-36806,1,1,1
37,-36802,0,1,1
37,-36798,0,1,1
37,-36794,1,1,1
37,-36790,1,1,1
37,-36786,0,1,1
37,-36782,0,1,1
37,-36774,1,1,1
37,-36770,0,1,1
37,-36766,0,1,1
37,-36762,1,1,1
37,-36758,1,1,1
37,-36754,0,1,1
37,-36750,0,1,1
37,-36746,1,1,1
37,-36742,1,1,1
37,-36738,0,1,1
37,-36734,0,1,1
37,-36730,1,1,1
37,-36726,1,1,1
37,-36722,0,1,1
37,-36718,0,1,1
37,-36714,1,1,1
37,-36710,1,1,1
37,-36706,0,1,1
37,-36702,0,1,1
37,-36698,1,1,1
37,-36694,1,1,1
37,-36690,0,1,1
37,-36686,0,1,1
37,-36682,1,1,1
37,-36678,1,1,1
37,-36674,0,1,1
37,-36670,0,1,1
37,-36666,1,1,1
37,-36662,1,1,1
37,-36658,0,1,1
37,-36654,0,1,1
37,-36650,1,1,1
37,-36646,1,1,1
37,-36642,0,1,1
37,-36638,0,1,1
37,-36634,1,1,1
37,-36626,0,1,1
37,-36622,0,1,1
37,-36618,1,1,1
37,-36614,1,1,1
37,-36610,0,1,1
37,-36606,0,1,1
37,-36602,1,1,1
37,-36598,1,1,1
37,-36594,0,1,1
37,-36590,0,1,1
37,-36586,1,1,1
37,-36582,1,1,1
37,-36578,0,1,1
37,-36574,0,1,1
37,-36570,1,1,1
37,-36566,1,1,1
37,-36562,0,1,1
37,-36558,0,1,1
37,-36554,1,1,1
37,-36550,1,1,1
37,-36546,0,1,1
37,-36542,0,1,1
37,-36538,1,1,1
37,-36534,1,1,1
37,-36530,0,1,1
37,-36526,0,1,1
37,-36522,1,1,1
37,-36518,1,1,1
37,-36514,0,1,1
37,-36510,0,1,1
37,-36506,1,1,1
37,-36502,1,1,1
37,-36498,0,1,1
37,-36494,0,1,1
37,-36490,1,1,1
37,-36486,1,1,1
37,-36478,0,1,1
37,-36474,1,1,1
37,-36470,1,1,1
37,-36466,0,1,1
37,-36462,0,1,1
37,-36458,1,1,1
37,-36454,1,1,1
37,-36450,0,1,1
37,-36446,0,1,1
37,-36442,1,1,1
37,-36438,1,1,1
37,-36434,0,1,1
37,-36430,0,1,1
37,-36426,1,1,1
37,-36422,1,1,1
37,-36418,0,1,1
37,-36414,0,1,1
37,-36410,1,1,1
37,-36406,1,1,1
37,-36402,0,1,1
37,-36398,0,1,1
37,-36394,1,1,1
37,-36390,1,1,1
37,-36386,0,1,1
37,-36382,0,1,1
37,-36378,1,1,1
37,-36374,1,1,1
37,-36370,0,1,1
37,-36366,0,1,1
37,-36362,1,1,1
37,-36358,1,1,1
37,-36354,0,1,1
37,-36350,0,1,1
37,-36346,1,1,1
37,-36342,1,1,1
37,-36338,0,1,1
37,-36330,1,1,1
37,-36326,1,1,1
37,-36322,0,1,1
37,-36318,0,1,1
37,-36314,1,1,1
37,-36310,1,1,1
37,-36306,0,1,1
37,-36302,0,1,1
37,-36298,1,1,1
37,-36294,1,1,1
37,-36290,0,1,1
37,-36286,0,1,1
37,-36282,1,1,1
37,-36278,1,1,1
37,-36274,0,1,1
37,-36270,0,1,1
37,-36266,1,1,1
37,-36262,1,1,1
37,-36258,0,1,1
37,-36254,0,1,1
37,-36250,1,1,1
37,-36246,1,1,1
37,-36242,0,1,1
37,-36238,0,1,1
37,-36234,1,1,1
37,-36230,1,1,1
37,-36226,0,1,1
37,-36222,0,1,1
37,-36218,1,1,1
37,-36214,1,1,1
37,-36210,0,1,1
37,-36206,0,1,1
37,-36202,1,1,1
37,-36198,1,1,1
37,-36194,0,1,1
37,-36190,0,1,1
37,-36182,1,1,1
37,-36178,0,1,1
37,-36174,0,1,1
37,-36170,1,1,1
37,-36166,1,1,1
37,-36162,0,1,1
37,-36158,0,1,1
37,-36154,1,1,1
37,-36150,1,1,1
37,-36146,0,1,1
37,-36142,0,1,1
37,-36138,1,1,1
37,-36134,1,1,1
37,-36130,0,1,1
37,-36126,0,1,1
37,-36122,1,1,1
37,-36118,1,1,1
37,-36114,0,1,1
37,-36110,0,1,1
37,-36106,1,1,1
37,-36102,1,1,1
37,-36098,0,1,1
37,-36094,0,1,1
37,-36090,1,1,1
37,-36086,1,1,1
37,-36082,0,1,1
37,-36078,0,1,1
37,-36074,1,1,1
37,-36070,1,1,1
37,-36066,0,1,1
37,-36062,0,1,1
37,-36058,1,1,1
37,-36054,1,1,1
37,-36050,0,1,1
37,-36046,0,1,1
37,-36042,1,1,1
37,-36034,0,1,1
37,-36030,0,1,1
37,-36026,1,1,1
37,-36022,1,1,1
37,-36018,0,1,1
37,-36014,0,1,1
37,-36010,1,1,1
37,-36006,1,1,1
37,-36002,0,1,1
37,-35998,0,1,1
37,-35994,1,1,1
37,-35990,1,1,1
37,-35986,0,1,1
37,-35982,0,1,1
37,-35978,1,1,1
37,-35974,1,1,1
37,-35970,0,1,1
37,-35966,0,1,1
37,-35962,1,1,1
37,-35958,1,1,1
37,-35954,0,1,1
37,-35950,0,1,1
37,-35946,1,1,1
37,-35942,1,1,1
37,-35938,0,1,1
37,-35934,0,1,1
37,-35930,1,1,1
37,-35926,1,1,1
37,-35922,0,1,1
37,-35918,0,1,1
37,-35914,1,1,1
37,-35910,1,1,1
37,-35906,0,1,1
37,-35902,0,1,1
37,-35898,1,1,1
37,-35894,1,1,1
37,-35886,0,1,1
37,-35882,1,1,1
37,-35878,1,1,1
37,-35874,0,1,1
37,-35870,0,1,1
37,-35866,1,1,1
37,-35862,1,1,1
37,-35858,0,1,1
37,-35854,0,1,1
37,-35850,1,1,1
37,-35846,1,1,1
37,-35842,0,1,1
37,-35838,0,1,1
37,-35834,1,1,1
37,-35830,1,1,1
37,-35826,0,1,1
37,-35822,0,1,1
37,-35818,1,1,1
37,-35814,1,1,1
37,-35810,0,1,1
37,-35806,0,1,1
37,-35802,1,1,1
37,-35798,1,1,1
37,-35794,0,1,1
37,-35790,0,1,1
37,-35786,1,1,1
37,-35782,1,1,1
37,-35778,0,1,1
37,-35774,0,1,1
37,-35770,1,1,1
37,-35766,1,1,1
37,-35762,0,1,1
37,-35758,0,1,1
37,-35754,1,1,1
37,-35750,1,1,1
37,-35746,0,1,1
37,-35738,1,1,1
37,-35734,1,1,1
37,-35730,0,1,1
37,-35726,0,1,1
37,-35722,1,1,1
37,-35718,1,1,1
37,-35714,0,1,1
37,-35710,0,1,1
37,-35706,1,1,1
37,-35702,1,1,1
37,-35698,0,1,1
37,-35694,0,1,1
37,-35690,1,1,1
37,-35686,1,1,1
37,-35682,0,1,1
37,-35678,0,1,1
37,-35674,1,1,1
37,-35670,1,1,1
37,-35666,0,1,1
37,-35662,0,1,1
37,-35658,1,1,1
37,-35654,1,1,1
37,-35650,0,1,1
37,-35646,0,1,1
37,-35642,1,1,1
37,-35638,1,1,1
37,-35634,0,1,1
37,-35630,0,1,1
37,-35626,1,1,1
37,-35622,1,1,1
37,-35618,0,1,1
37,-35614,0,1,1
37,-35610,1,1,1
37,-35606,1,1,1
37,-35602,0,1,1
37,-35598,0,1,1
37,-35590,1,1,1
37,-35586,0,1,1
37,-35582,0,1,1
37,-35578,1,1,1
37,-35574,1,1,1
37,-35570,0,1,1
37,-35566,0,1,1
37,-35562,1,1,1
37,-35558,1,1,1
37,-35554,0,1,1
37,-35550,0,1,1
37,-35546,1,1,1
37,-35542,1,1,1
37,-35538,0,1,1
37,-35534,0,1,1
37,-35530,1,1,1
37,-35526,1,1,1
37,-35522,0,1,1
37,-35518,0,1,1
37,-35514,1,1,1
37,-35510,1,1,1
37,-35506,0,1,1
37,-35502,0,1,1
37,-35498,1,1,1
37,-35494,1,1,1
37,-35490,0,1,1
37,-35486,0,1,1
37,-35482,1,1,1
37,-35478,1,1,1
37,-35474,0,1,1
37,-35470,0,1,1
37,-35466,1,1,1
37,-35462,1,1,1
37,-35458,0,1,1
37,-35454,0,1,1
37,-35450,1,1,1
37,-35442,0,1,1
37,-35438,0,1,1
37,-35434,1,1,1
37,-35430,1,1,1
37,-35426,0,1,1
37,-35422,0,1,1
37,-35418,1,1,1
37,-35414,1,1,1
37,-35410,0,1,1
37,-35406,0,1,1
37,-35402,1,1,1
37,-35398,1,1,1
37,-35394,0,1,1
37,-35390,0,1,1
37,-35386,1,1,1
37,-35382,1,1,1
37,-35378,0,1,1
37,-35374,0,1,1
37,-35370,1,1,1
37,-35366,1,1,1
37,-35362,0,1,1
37,-35358,0,1,1
37,-35354,1,1,1
37,-35350,1,1,1
37,-35346,0,1,1
37,-35342,0,1,1
37,-35338,1,1,1
37,-35334,1,1,1
37,-35330,0,1,1
37,-35326,0,1,1
37,-35322,1,1,1
37,-35318,1,1,1
37,-35314,0,1,1
37,-35310,0,1,1
37,-35306,1,1,1
37,-35302,1,1,1
37,-35294,0,1,1
37,-35290,1,1,1
37,-35286,1,1,1
37,-35282,0,1,1
37,-35278,0,1,1
37,-35274,1,1,1
37,-35270,1,1,1
37,-35266,0,1,1
37,-35262,0,1,1
37,-35258,1,1,1
37,-35254,1,1,1
37,-35250,0,1,1
37,-35246,0,1,1
37,-35242,1,1,1
37,-35238,1,1,1
37,-35234,0,1,1
37,-35230,0,1,1
37,-35226,1,1,1
37,-35222,1,1,1
37,-35218,0,1,1
37,-35214,0,1,1
37,-35210,1,1,1
37,-35206,1,1,1
37,-35202,0,1,1
37,-35198,0,1,1
37,-35194,1,1,1
37,-35190,1,1,1
37,-35186,0,1,1
37,-35182,0,1,1
37,-35178,1,1,1
37,-35174,1,1,1
37,-35170,0,1,1
37,-35166,0,1,1
37,-35162,1,1,1
37,-35158,1,1,1
37,-35154,0,1,1
37,-35146,1,1,1
37,-35142,1,1,1
37,-35138,0,1,1
37,-35134,0,1,1
37,-35130,1,1,1
37,-35126,1,1,1
37,-35122,0,1,1
37,-35118,0,1,1
37,-35114,1,1,1
37,-35110,1,1,1
37,-35106,0,1,1
37,-35102,0,1,1
37,-35098,1,1,1
37,-35094,1,1,1
37,-35090,0,1,1
37,-35086,0,1,1
37,-35082,1,1,1
37,-35078,1,1,1
37,-35074,0,1,1
37,-35070,0,1,1
37,-35066,1,1,1
37,-35062,1,1,1
37,-35058,0,1,1
37,-35054,0,1,1
37,-35050,1,1,1
37,-35046,1,1,1
37,-35042,0,1,1
37,-35038,0,1,1
37,-35034,1,1,1
37,-35030,1,1,1
37,-35026,0,1,1
37,-35022,0,1,1
37,-35018,1,1,1
37,-35014,1,1,1
37,-35010,0,1,1
37,-35006,0,1,1
37,-34998,1,1,1
37,-34994,0,1,1
37,-34990,0,1,1
37,-34986,1,1,1
37,-34982,1,1,1
37,-34978,0,1,1
37,-34974,0,1,1
37,-34970,1,1,1
37,-34966,1,1,1
37,-34962,0,1,1
37,-34958,0,1,1
37,-34954,1,1,1
37,-34950,1,1,1
37,-34946,0,1,1
37,-34942,0,1,1
37,-34938,1,1,1
37,-34934,1,1,1
37,-34930,0,1,1
37,-34926,0,1,1
37,-34922,1,1,1
37,-34918,1,1,1
37,-34914,0,1,1
37,-34910,0,1,1
37,-34906,1,1,1
37,-34902,1,1,1
37,-34898,0,1,1
37,-34894,0,1,1
37,-34890,1,1,1
37,-34886,1,1,1
37,-34882,0,1,1
37,-34878,0,1,1
37,-34874,1,1,1
37,-34870,1,1,1
37,-34866,0,1,1
37,-34862,0,1,1
37,-34858,1,1,1
37,-34850,0,1,1
37,-34846,0,1,1
37,-34842,1,1,1
37,-34838,1,1,1
37,-34834,0,1,1
37,-34830,0,1,1
37,-34826,1,1,1
37,-34822,1,1,1
37,-34818,0,1,1
37,-34814,0,1,1
37,-34810,1,1,1
37,-34806,1,1,1
37,-34802,0,1,1
37,-34798,0,1,1
37,-34794,1,1,1
37,-34790,1,1,1
37,-34786,0,1,1
37,-34782,0,1,1
37,-34778,1,1,1
37,-34774,1,1,1
37,-34770,0,1,1
37,-34766,0,1,1
37,-34762,1,1,1
37,-34758,1,1,1
37,-34754,0,1,1
37,-34750,0,1,1
37,-34746,1,1,1
37,-34742,1,1,1
37,-34738,0,1,1
37,-34734,0,1,1
37,-34730,1,1,1
37,-34726,1,1,1
37,-34722,0,1,1
37,-34718,0,1,1
37,-34714,1,1,1
37,-34710,1,1,1
37,-34702,0,1,1
37,-34698,1,1,1
37,-34694,1,1,1
37,-34690,0,1,1
37,-34686,0,1,1
37,-34682,1,1,1
37,-34678,1,1,1
37,-34674,0,1,1
37,-34670,0,1,1
37,-34666,1,1,1
37,-34662,1,0,1
37,-34658,0,1,1
37,-34654,0,1,1
37,-34650,1,1,1
37,-34646,1,1,1
37,-34642,0,1,1
37,-34638,0,1,1
37,-34634,1,1,1
37,-34630,1,1,1
37,-34626,0,1,1
37,-34622,0,1,1
37,-34618,1,1,1
37,-34614,1,1,1
37,-34610,0,1,1
37,-34606,0,1,1
37,-34602,1,1,1
37,-34598,1,1,1
37,-34594,0,1,1
37,-34590,0,1,1
37,-34586,1,1,1
37,-34582,1,1,1
37,-34578,0,1,1
37,-34574,0,1,1
37,-34570,1,1,1
37,-34566,1,1,1
37,-34562,0,1,1
37,-34554,1,1,1
37,-34550,1,1,1
37,-34546,0,1,1
37,-34542,0,1,1
37,-34538,1,1,1
37,-34534,1,1,1
37,-34530,0,1,1
37,-34526,0,1,1
37,-34522,1,1,1
37,-34518,1,1,1
37,-34514,0,1,1
37,-34510,0,1,1
37,-34506,1,1,1
37,-34502,1,1,1
37,-34498,0,1,1
37,-34494,0,1,1
37,-34490,1,1,1
37,-34486,1,1,1
37,-34482,0,1,1
37,-34478,0,1,1
37,-34474,1,1,1
37,-34470,1,1,1
37,-34466,0,1,1
37,-34462,0,1,1
37,-34458,1,0,1
37,-34454,1,1,1
37,-34450,0,1,1
37,-34446,0,1,1
37,-34442,1,1,1
37,-34438,1,1,1
37,-34434,0,1,1
37,-34430,0,1,1
37,-34426,1,1,1
37,-34422,1,1,1
37,-34418,0,1,1
37,-34414,0,1,1
37,-34406,1,1,1
37,-34402,0,1,1
37,-34398,0,1,1
37,-34394,1,1,1
37,-34390,1,1,1
37,-34386,0,1,1
37,-34382,0,1,1
37,-34378,1,1,1
37,-34374,1,1,1
37,-34370,0,1,1
37,-34366,0,1,1
37,-34362,1,1,1
37,-34358,1,1,1
37,-34354,0,1,1
37,-34350,0,1,1
37,-34346,1,1,1
37,-34342,1,1,1
37,-34338,0,1,1
37,-34334,0,1,1
37,-34330,1,1,1
37,-34326,1,1,1
37,-34322,0,1,1
37,-34318,0,1,1
37,-34314,1,1,1
37,-34310,1,1,1
37,-34306,0,1,1
37,-34302,0,1,1
37,-34298,1,1,1
37,-34294,1,1,1
37,-34290,0,1,1
37,-34286,0,1,1
37,-34282,1,1,1
37,-34278,1,1,1
37,-34274,0,1,1
37,-34270,0,1,1
37,-34266,1,1,1
37,-34258,0,1,1
37,-34254,0,1,1
37,-34250,1,1,1
37,-34246,1,1,1
37,-34242,0,1,1
37,-34238,0,1,1
37,-34234,1,1,1
37,-34230,1,1,1
37,-34226,0,1,1
37,-34222,0,1,1
37,-34218,1,1,1
37,-34214,1,1,1
37,-34210,0,1,1
37,-34206,0,1,1
37,-34202,1,1,1
37,-34198,1,1,1
37,-34194,0,1,1
37,-34190,0,1,1
37,-34186,1,1,1
37,-34182,1,1,1
37,-34178,0,1,1
37,-34174,0,1,1
37,-34170,1,1,1
37,-34166,1,1,1
37,-34162,0,1,1
37,-34158,0,1,1
37,-34154,1,1,1
37,-34150,1,1,1
37,-34146,0,1,1
37,-34142,0,1,1
37,-34138,1,1,1
37,-34134,1,1,1
37,-34130,0,1,1
37,-34126,0,1,1
37,-34122,1,1,1
37,-34118,1,1,1
37,-34110,0,1,1
37,-34106,1,1,1
37,-34102,1,1,1
37,-34098,0,1,1
37,-34094,0,1,1
37,-34090,1,1,1
37,-34086,1,1,1
37,-34082,0,1,1
37,-34078,0,1,1
37,-34074,1,1,1
37,-34070,1,1,1
37,-34066,0,1,1
37,-34062,0,1,1
37,-34058,1,1,1
37,-34054,1,1,1
37,-34050,0,1,1
37,-34046,0,1,1
37,-34042,1,1,1
37,-34038,1,1,1
37,-34034,0,1,1
37,-34030,0,1,1
37,-34026,1,1,1
37,-34022,1,1,1
37,-34018,0,1,1
37,-34014,0,1,1
37,-34010,1,1,1
37,-34006,1,1,1
37,-34002,0,1,1
37,-33998,0,1,1
37,-33994,1,1,1
37,-33990,1,1,1
37,-33986,0,1,1
37,-33982,0,1,1
37,-33978,1,1,1
37,-33974,1,1,1
37,-33970,0,1,1
37,-33962,1,1,1
37,-33958,1,1,1
37,-33954,0,1,1
37,-33950,0,1,1
37,-33946,1,1,1
37,-33942,1,1,1
37,-33938,0,1,1
37,-33934,0,1,1
37,-33930,1,1,1
37,-33926,1,1,1
37,-33922,0,1,1
37,-33918,0,1,1
37,-33914,1,1,1
37,-33910,1,1,1
37,-33906,0,1,1
37,-33902,0,1,1
37,-33898,1,1,1
37,-33894,1,1,1
37,-33890,0,1,1
37,-33886,0,1,1
37,-33882,1,1,1
37,-33878,1,1,1
37,-33874,0,1,1
37,-33870,0,1,1
37,-33866,1,1,1
37,-33862,1,1,1
37,-33858,0,1,1
37,-33854,0,1,1
37,-33850,1,1,1
37,-33846,1,1,1
37,-33842,0,1,1
37,-33838,0,1,1
37,-33834,1,1,1
37,-33830,1,1,1
37,-33826,0,1,1
37,-33822,0,1,1
37,-33814,1,1,1
37,-33810,0,1,1
37,-33806,0,1,1
37,-33802,1,1,1
37,-33798,1,1,1
37,-33794,0,1,1
37,-33790,0,1,1
37,-33786,1,1,1
37,-33782,1,1,1
37,-33778,0,1,1
37,-33774,0,1,1
37,-33770,1,1,1
37,-33766,1,1,1
37,-33762,0,1,1
37,-33758,0,1,1
37,-33754,1,1,1
37,-33750,1,1,1
37,-33746,0,1,1
37,-33742,0,1,1
37,-33738,1,1,1
37,-33734,1,1,1
37,-33730,0,1,1
37,-33726,0,1,1
37,-33722,1,1,1
37,-33718,1,1,1
37,-33714,0,1,1
37,-33710,0,1,1
37,-33706,1,1,1
37,-33702,1,1,1
37,-33698,0,1,1
37,-33694,0,1,1
37,-33690,1,1,1
37,-33686,1,1,1
37,-33682,0,1,1
37,-33678,0,1,1
37,-33674,1,1,1
37,-33666,0,1,1
37,-33662,0,1,1
37,-33658,1,1,1
37,-33654,1,1,1
37,-33650,0,1,1
37,-33646,0,1,1
37,-33642,1,1,1
37,-33638,1,1,1
37,-33634,0,1,1
37,-33630,0,1,1
37,-33626,1,1,1
37,-33622,1,1,1
37,-33618,0,1,1
37,-33614,0,1,1
37,-33610,1,1,1
37,-33606,1,1,1
37,-33602,0,1,1
37,-33598,0,1,1
37,-33594,1,1,1
37,-33590,1,1,1
37,-33586,0,1,1
37,-33582,0,1,1
37,-33578,1,1,1
37,-33574,1,1,1
37,-33570,0,1,1
37,-33566,0,1,1
37,-33562,1,1,1
37,-33558,1,1,1
37,-33554,0,1,1
37,-33550,0,1,1
37,-33546,1,1,1
37,-33542,1,1,1
37,-33538,0,1,1
37,-33534,0,1,1
37,-33530,1,1,1
37,-33526,1,1,1
37,-33518,0,1,1
37,-33514,1,1,1
37,-33510,1,1,1
37,-33506,0,1,1
37,-33502,0,1,1
37,-33498,1,1,1
37,-33494,1,1,1
37,-33490,0,1,1
37,-33486,0,1,1
37,-33482,1,1,1
37,-33478,1,1,1
37,-33474,0,1,1
37,-33470,0,1,1
37,-33466,1,1,1
37,-33462,1,1,1
37,-33458,0,1,1
37,-33454,0,1,1
37,-33450,1,1,1
37,-33446,1,1,1
37,-33442,0,1,1
37,-33438,0,1,1
37,-33434,1,1,1
37,-33430,1,1,1
37,-33426,0,1,1
37,-33422,0,1,1
37,-33418,1,1,1
37,-33414,1,1,1
37,-33410,0,1,1
37,-33406,0,1,1
37,-33402,1,1,1
37,-33398,1,1,1
37,-33394,0,1,1
37,-33390,0,1,1
37,-33386,1,1,1
37,-33382,1,1,1
37,-33378,0,1,1
37,-33370,1,1,1
37,-33366,1,1,1
37,-33362,0,1,1
37,-33358,0,1,1
37,-33354,1,1,1
37,-33350,1,1,1
37,-33346,0,1,1
37,-33342,0,1,1
37,-33338,1,1,1
37,-33334,1,1,1
37,-33330,0,1,1
37,-33326,0,1,1
37,-33322,1,1,1
37,-33318,1,1,1
37,-33314,0,1,1
37,-33310,0,1,1
37,-33306,1,1,1
37,-33302,1,1,1
37,-33298,0,1,1
37,-33294,0,1,1
37,-33290,1,1,1
37,-33286,1,1,1
37,-33282,0,1,1
37,-33278,0,1,1
37,-33274,1,1,1
37,-33270,1,1,1
37,-33266,0,1,1
37,-33262,0,1,1
37,-33258,1,1,1
37,-33254,1,1,1
37,-33250,0,1,1
37,-33246,0,1,1
37,-33242,1,1,1
37,-33238,1,1,1
37,-33234,0,1,1
37,-33230,0,1,1
37,-33222,1,1,1
37,-33218,0,1,1
37,-33214,0,1,1
37,-33210,1,1,1
37,-33206,1,1,1
37,-33202,0,1,1
37,-33198,0,1,1
37,-33194,1,1,1
37,-33190,1,1,1
37,-33186,0,1,1
37,-33182,0,1,1
37,-33178,1,1,1
37,-33174,1,1,1
37,-33170,0,1,1
37,-33166,0,1,1
37,-33162,1,1,1
37,-33158,1,1,1
37,-33154,0,1,1
37,-33150,0,1,1
37,-33146,1,1,1
37,-33142,1,1,1
37,-33138,0,1,1
37,-33134,0,1,1
37,-33130,1,1,1
37,-33126,1,1,1
37,-33122,0,1,1
37,-33118,0,1,1
37,-33114,1,1,1
37,-33110,1,1,1
37,-33106,0,1,1
37,-33102,0,1,1
37,-33098,1,1,1
37,-33094,1,1,1
37,-33090,0,1,1
37,-33086,0,1,1
37,-33082,1,1,1
37,-33074,0,1,1
37,-33070,0,1,1
37,-33066,1,1,1
37,-33062,1,1,1
37,-33058,0,1,1
37,-33054,0,1,1
37,-33050,1,1,1
37,-33046,1,1,1
37,-33042,0,1,1
37,-33038,0,1,1
37,-33034,1,1,1
37,-33030,1,1,1
37,-33026,0,1,1
37,-33022,0,1,1
37,-33018,1,1,1
37,-33014,1,1,1
37,-33010,0,1,1
37,-33006,0,1,1
37,-33002,1,1,1
37,-32998,1,1,1
37,-32994,0,1,1
37,-32990,0,1,1
37,-32986,1,1,1
37,-32982,1,1,1
37,-32978,0,1,1
37,-32974,0,1,1
37,-32970,1,1,1
37,-32966,1,1,1
37,-32962,0,1,1
37,-32958,0,1,1
37,-32954,1,1,1
37,-32950,1,1,1
37,-32946,0,1,1
37,-32942,0,1,1
37,-32938,1,1,1
37,-32934,1,1,1
37,-32926,0,1,1
37,-32922,1,1,1
37,-32918,1,1,1
37,-32914,0,1,1
37,-32910,0,1,1
37,-32906,1,1,1
37,-32902,1,1,1
37,-32898,0,1,1
37,-32894,0,1,1
37,-32890,1,1,1
37,-32886,1,1,1
37,-32882,0,1,1
37,-32878,0,1,1
37,-32874,1,1,1
37,-32870,1,1,1
37,-32866,0,1,1
37,-32862,0,1,1
37,-32858,1,1,1
37,-32854,1,1,1
37,-32850,0,1,1
37,-32846,0,1,1
37,-32842,1,1,1
37,-32838,1,1,1
37,-32834,0,1,1
37,-32830,0,1,1
37,-32826,1,1,1
37,-32822,1,1,1
37,-32818,0,1,1
37,-32814,0,1,1
37,-32810,1,1,1
37,-32806,1,1,1
37,-32802,0,1,1
37,-32798,0,1,1
37,-32794,1,1,1
37,-32790,1,1,1
37,-32786,0,1,1
37,-32778,1,1,1
37,-32774,1,1,1
37,-32770,0,1,1
37,-32766,0,1,1
37,-32762,1,1,1
37,-32758,1,1,1
37,-32754,0,1,1
37,-32750,0,1,1
37,-32746,1,1,1
37,-32742,1,1,1
37,-32738,0,1,1
37,-32734,0,1,1
37,-32730,1,1,1
37,-32726,1,1,1
37,-32722,0,1,1
37,-32718,0,1,1
37,-32714,1,1,1
37,-32710,1,1,1
37,-32706,0,1,1
37,-32702,0,1,1
37,-32698,1,1,1
37,-32694,1,1,1
37,-32690,0,1,1
37,-32686,0,1,1
37,-32682,1,1,1
37,-32678,1,1,1
37,-32674,0,1,1
37,-32670,0,1,1
37,-32666,1,1,1
37,-32662,1,1,1
37,-32658,0,1,1
37,-32654,0,1,1
37,-32650,1,1,1
37,-32646,1,1,1
37,-32642,0,1,1
37,-32638,0,1,1
37,-32630,1,1,1
37,-32626,0,1,1
37,-32622,0,1,1
37,-32618,1,1,1
37,-32614,1,1,1
37,-32610,0,1,1
37,-32606,0,1,1
37,-32602,1,1,1
37,-32598,1,1,1
37,-32594,0,1,1
37,-32590,0,1,1
37,-32586,1,1,1
37,-32582,1,1,1
37,-32578,0,1,1
37,-32574,0,1,1
37,-32570,1,1,1
37,-32566,1,1,1
37,-32562,0,1,1
37,-32558,0,1,1
37,-32554,1,1,1
37,-32550,1,1,1
37,-32546,0,1,1
37,-32542,0,1,1
37,-32538,1,1,1
37,-32534,1,1,1
37,-32530,0,1,1
37,-32526,0,1,1
37,-32522,1,1,1
37,-32518,1,1,1
37,-32514,0,1,1
37,-32510,0,1,1
37,-32506,1,1,1
37,-32502,1,1,1
37,-32498,0,1,1
37,-32494,0,1,1
37,-32490,1,1,1
37,-32482,0,1,1
37,-32478,0,1,1
37,-32474,1,1,1
37,-32470,1,1,1
37,-32466,0,1,1
37,-32462,0,1,1
37,-32458,1,1,1
37,-32454,1,1,1
37,-32450,0,1,1
37,-32446,0,1,1
37,-32442,1,1,1
37,-32438,1,1,1
37,-32434,0,1,1
37,-32430,0,1,1
37,-32426,1,1,1
37,-32422,1,1,1
37,-32418,0,1,1
37,-32414,0,1,1
37,-32410,1,1,1
37,-32406,1,1,1
37,-32402,0,1,1
37,-32398,0,1,1
37,-32394,1,1,1
37,-32390,1,1,1
37,-32386,0,1,1
37,-32382,0,1,1
37,-32378,1,1,1
37,-32374,1,1,1
37,-32370,0,1,1
37,-32366,0,1,1
37,-32362,1,1,1
37,-32358,1,1,1
37,-32354,0,1,1
37,-32350,0,1,1
37,-32346,1,1,1
37,-32342,1,1,1
37,-32334,0,1,1
37,-32330,1,1,1
37,-32326,1,1,1
37,-32322,0,1,1
37,-32318,0,1,1
37,-32314,1,1,1
37,-32310,1,1,1
37,-32306,0,1,1
37,-32302,0,1,1
37,-32298,1,1,1
37,-32294,1,1,1
37,-32290,0,1,1
37,-32286,0,1,1
37,-32282,1,1,1
37,-32278,1,1,1
37,-32274,0,1,1
37,-32270,0,1,1
37,-32266,1,1,1
37,-32262,1,1,1
37,-32258,0,1,1
37,-32254,0,1,1
37,-32250,1,1,1
37,-32246,1,1,1
37,-32242,0,1,1
37,-32238,0,1,1
37,-32234,1,1,1
37,-32230,1,1,1
37,-32226,0,1,1
37,-32222,0,1,1
37,-32218,1,1,1
37,-32214,1,1,1
37,-32210,0,1,1
37,-32206,0,1,1
37,-32202,1,1,1
37,-32198,1,1,1
37,-32194,0,1,1
37,-32186,1,1,1
37,-32182,1,1,1
37,-32178,0,1,1
37,-32174,0,1,1
37,-32170,1,1,1
37,-32166,1,1,1
37,-32162,0,1,1
37,-32158,0,1,1
37,-32154,1,1,1
37,-32150,1,1,1
37,-32146,0,1,1
37,-32142,0,1,1
37,-32138,1,1,1
37,-32134,1,1,1
37,-32130,0,1,1
37,-32126,0,1,1
37,-32122,1,1,1
37,-32118,1,1,1
37,-32114,0,1,1
37,-32110,0,1,1
37,-32106,1,1,1
37,-32102,1,1,1
37,-32098,0,1,1
37,-32094,0,1,1
37,-32090,1,1,1
37,-32086,1,1,1
37,-32082,0,1,1
37,-32078,0,1,1
37,-32074,1,1,1
37,-32070,1,1,1
37,-32066,0,1,1
37,-32062,0,1,1
37,-32058,1,1,1
37,-32054,1,1,1
37,-32050,0,1,1
37,-32046,0,1,1
37,-32038,1,1,1
37,-32034,0,1,1
37,-32030,0,1,1
37,-32026,1,1,1
37,-32022,1,1,1
37,-32018,0,1,1
37,-32014,0,1,1
37,-32010,1,1,1
37,-32006,1,1,1
37,-32002,0,1,1
37,-31998,0,1,1
37,-31994,1,1,1
37,-31990,1,1,1
37,-31986,0,1,1
37,-31982,0,1,1
37,-31978,1,1,1
37,-31974,1,1,1
37,-31970,0,1,1
37,-31966,0,1,1
37,-31962,1,1,1
37,-31958,1,1,1
37,-31954,0,1,1
37,-31950,0,1,1
37,-31946,1,1,1
37,-31942,1,1,1
37,-31938,0,1,1
37,-31934,0,1,1
37,-31930,1,1,1
37,-31926,1,1,1
37,-31922,0,1,1
37,-31918,0,1,1
37,-31914,1,1,1
37,-31910,1,1,1
37,-31906,0,1,1
37,-31902,0,1,1
37,-31898,1,1,1
37,-31890,0,1,1
37,-31886,0,1,1
37,-31882,1,1,1
37,-31878,1,1,1
37,-31874,0,1,1
37,-31870,0,1,1
37,-31866,1,1,1
37,-31862,1,1,1
37,-31858,0,1,1
37,-31854,0,1,1
37,-31850,1,1,1
37,-31846,1,1,1
37,-31842,0,1,1
37,-31838,0,1,1
37,-31834,1,1,1
37,-31830,1,1,1
37,-31826,0,1,1
37,-31822,0,1,1
37,-31818,1,1,1
37,-31814,1,1,1
37,-31810,0,1,1
37,-31806,0,1,1
37,-31802,1,1,1
37,-31798,1,1,1
37,-31794,0,1,1
37,-31790,0,1,1
37,-31786,1,1,1
37,-31782,1,1,1
37,-31778,0,1,1
37,-31774,0,1,1
37,-31770,1,1,1
37,-31766,1,1,1
37,-31762,0,1,1
37,-31758,0,1,1
37,-31754,1,1,1
37,-31750,1,1,1
37,-31742,0,1,1
37,-31738,1,1,1
37,-31734,1,1,1
37,-31730,0,1,1
37,-31726,0,1,1
37,-31722,1,1,1
37,-31718,1,1,1
37,-31714,0,1,1
37,-31710,0,1,1
37,-31706,1,1,1
37,-31702,1,1,1
37,-31698,0,1,1
37,-31694,0,1,1
37,-31690,1,1,1
37,-31686,1,1,1
37,-31682,0,1,1
37,-31678,0,1,1
37,-31674,1,1,1
37,-31670,1,1,1
37,-31666,0,1,1
37,-31662,0,1,1
37,-31658,1,1,1
37,-31654,1,1,1
37,-31650,0,1,1
37,-31646,0,1,1
37,-31642,1,1,1
37,-31638,1,1,1
37,-31634,0,1,1
37,-31630,0,1,1
37,-31626,1,1,1
37,-31622,1,1,1
37,-31618,0,1,1
37,-31614,0,1,1
37,-31610,1,1,1
37,-31606,1,1,1
37,-31602,0,1,1
37,-31594,1,1,1
37,-31590,1,1,1
37,-31586,0,1,1
37,-31582,0,1,1
37,-31578,1,1,1
37,-31574,1,1,1
37,-31570,0,1,1
37,-31566,0,1,1
37,-31562,1,1,1
37,-31558,1,1,1
37,-31554,0,1,1
37,-31550,0,1,1
37,-31546,1,1,1
37,-31542,1,1,1
37,-31538,0,1,1
37,-31534,0,1,1
37,-31530,1,1,1
37,-31526,1,1,1
37,-31522,0,1,1
37,-31518,0,1,1
37,-31514,1,1,1
37,-31510,1,1,1
37,-31506,0,1,1
37,-31502,0,1,1
37,-31498,1,1,1
37,-31494,1,1,1
37,-31490,0,1,1
37,-31486,0,1,1
37,-31482,1,1,1
37,-31478,1,1,1
37,-31474,0,1,1
37,-31470,0,1,1
37,-31466,1,1,1
37,-31462,1,1,1
37,-31458,0,1,1
37,-31454,0,1,1
37,-31446,1,1,1
37,-31442,0,1,1
37,-31438,0,1,1
37,-31434,1,1,1
37,-31430,1,1,1
37,-31426,0,1,1
37,-31422,0,1,1
37,-31418,1,1,1
37,-31414,1,1,1
37,-31410,0,1,1
37,-31406,0,1,1
37,-31402,1,1,1
37,-31398,1,1,1
37,-31394,0,1,1
37,-31390,0,1,1
37,-31386,1,1,1
37,-31382,1,1,1
37,-31378,0,1,1
37,-31374,0,1,1
37,-31370,1,1,1
37,-31366,1,1,1
37,-31362,0,1,1
37,-31358,0,1,1
37,-31354,1,1,1
37,-31350,1,1,1
37,-31346,0,1,1
37,-31342,0,1,1
37,-31338,1,1,1
37,-31334,1,1,1
37,-31330,0,1,1
37,-31326,0,1,1
37,-31322,1,1,1
37,-31318,1,1,1
37,-31314,0,1,1
37,-31310,0,1,1
37,-31306,1,1,1
37,-31298,0,1,1
37,-31294,0,1,1
37,-31290,1,1,1
37,-31286,1,1,1
37,-31282,0,1,1
37,-31278,0,1,1
37,-31274,1,1,1
37,-31270,1,1,1
37,-31266,0,1,1
37,-31262,0,1,1
37,-31258,1,1,1
37,-31254,1,1,1
37,-31250,0,1,1
37,-31246,0,1,1
37,-31242,1,1,1
37,-31238,1,1,1
37,-31234,0,1,1
37,-31230,0,1,1
37,-31226,1,1,1
37,-31222,1,1,1
37,-31218,0,1,1
37,-31214,0,1,1
37,-31210,1,1,1
37,-31206,1,1,1
37,-31202,0,1,1
37,-31198,0,1,1
37,-31194,1,1,1
37,-31190,1,1,1
37,-31186,0,1,1
37,-31182,0,1,1
37,-31178,1,1,1
37,-31174,1,1,1
37,-31170,0,1,1
37,-31166,0,1,1
37,-31162,1,1,1
37,-31158,1,1,1
37,-31150,0,1,1
37,-31146,1,1,1
37,-31142,1,1,1
37,-31138,0,1,1
37,-31134,0,1,1
37,-31130,1,1,1
37,-31126,1,1,1
37,-31122,0,1,1
37,-31118,0,1,1
37,-31114,1,1,1
37,-31110,1,1,1
37,-31106,0,1,1
37,-31102,0,1,1
37,-31098,1,1,1
37,-31094,1,1,1
37,-31090,0,1,1
37,-31086,0,1,1
37,-31082,1,1,1
37,-31078,1,1,1
37,-31074,0,1,1
37,-31070,0,1,1
37,-31066,1,1,1
37,-31062,1,1,1
37,-31058,0,1,1
37,-31054,0,1,1
37,-31050,1,1,1
37,-31046,1,1,1
37,-31042,0,1,1
37,-31038,0,1,1
37,-31034,1,1,1
37,-31030,1,1,1
37,-31026,0,1,1
37,-31022,0,1,1
37,-31018,1,1,1
37,-31014,1,1,1
37,-31010,0,1,1
37,-31002,1,1,1
37,-30998,1,1,1
37,-30994,0,1,1
37,-30990,0,1,1
37,-30986,1,1,1
37,-30982,1,1,1
37,-30978,0,1,1
37,-30974,0,1,1
37,-30970,1,1,1
37,-30966,1,1,1
37,-30962,0,1,1
37,-30958,0,1,1
37,-30954,1,1,1
37,-30950,1,1,1
37,-30946,0,1,1
37,-30942,0,1,1
37,-30938,1,1,1
37,-30934,1,1,1
37,-30930,0,1,1
37,-30926,0,1,1
37,-30922,1,1,1
37,-30918,1,1,1
37,-30914,0,1,1
37,-30910,0,1,1
37,-30906,1,1,1
37,-30902,1,1,1
37,-30898,0,1,1
37,-30894,0,1,1
37,-30890,1,1,1
37,-30886,1,1,1
37,-30882,0,1,1
37,-30878,0,1,1
37,-30874,1,1,1
37,-30870,1,1,1
37,-30866,0,1,1
37,-30862,0,1,1
37,-30854,1,1,1
37,-30850,0,1,1
37,-30846,0,1,1
37,-30842,1,1,1
37,-30838,1,1,1
37,-30834,0,1,1
37,-30830,0,1,1
37,-30826,1,1,1
37,-30822,1,1,1
37,-30818,0,1,1
37,-30814,0,1,1
37,-30810,1,1,1
37,-30806,1,1,1
37,-30802,0,1,1
37,-30798,0,1,1
37,-30794,1,1,1
37,-30790,1,1,1
37,-30786,0,1,1
37,-30782,0,1,1
37,-30778,1,1,1
37,-30774,1,1,1
37,-30770,0,1,1
37,-30766,0,1,1
37,-30762,1,1,1
37,-30758,1,1,1
37,-30754,0,1,1
37,-30750,0,1,1
37,-30746,1,1,1
37,-30742,1,1,1
37,-30738,0,1,1
37,-30734,0,1,1
37,-30730,1,1,1
37,-30726,1,1,1
37,-30722,0,1,1
37,-30718,0,1,1
37,-30714,1,1,1
37,-30706,0,1,1
37,-30702,0,1,1
37,-30698,1,1,1
37,-30694,1,1,1
37,-30690,0,1,1
37,-30686,0,1,1
37,-30682,1,1,1
37,-30678,1,1,1
37,-30674,0,1,1
37,-30670,0,1,1
37,-30666,1,1,1
37,-30662,1,1,1
37,-30658,0,1,1
37,-30654,0,1,1
37,-30650,1,1,1
37,-30646,1,1,1
37,-30642,0,1,1
37,-30638,0,1,1
37,-30634,1,1,1
37,-30630,1,1,1
37,-30626,0,1,1
37,-30622,0,1,1
37,-30618,1,1,1
37,-30614,1,1,1
37,-30610,0,1,1
37,-30606,0,1,1
37,-30602,1,1,1
37,-30598,1,1,1
37,-30594,0,1,1
37,-30590,0,1,1
37,-30586,1,1,1
37,-30582,1,1,1
37,-30578,0,1,1
37,-30574,0,1,1
37,-30570,1,1,1
37,-30566,1,1,1
37,-30558,0,1,1
37,-30554,1,1,1
37,-30550,1,1,1
37,-30546,0,1,1
37,-30542,0,1,1
37,-30538,1,1,1
37,-30534,1,1,1
37,-30530,0,1,1
37,-30526,0,1,1
37,-30522,1,1,1
37,-30518,1,1,1
37,-30514,0,1,1
37,-30510,0,1,1
37,-30506,1,1,1
37,-30502,1,1,1
37,-30498,0,1,1
37,-30494,0,1,1
37,-30490,1,1,1
37,-30486,1,1,1
37,-30482,0,1,1
37,-30478,0,1,1
37,-30474,1,1,1
37,-30470,1,1,1
37,-30466,0,1,1
37,-30462,0,1,1
37,-30458,1,1,1
37,-30454,1,1,1
37,-30450,0,1,1
37,-30446,0,1,1
37,-30442,1,1,1
37,-30438,1,1,1
37,-30434,0,1,1
37,-30430,0,1,1
37,-30426,1,0,1
37,-30422,1,1,1
37,-30418,0,1,1
37,-30410,1,1,1
37,-30406,1,1,1
37,-30402,0,1,1
37,-30398,0,1,1
37,-30394,1,1,1
37,-30390,1,1,1
37,-30386,0,1,1
37,-30382,0,1,1
37,-30378,1,1,1
37,-30374,1,1,1
37,-30370,0,1,1
37,-30366,0,1,1
37,-30362,1,1,1
37,-30358,1,1,1
37,-30354,0,1,1
37,-30350,0,1,1
37,-30346,1,1,1
37,-30342,1,1,1
37,-30338,0,1,1
37,-30334,0,1,1
37,-30330,1,1,1
37,-30326,1,1,1
37,-30322,0,1,1
37,-30318,0,1,1
37,-30314,1,1,1
37,-30310,1,1,1
37,-30306,0,1,1
37,-30302,0,1,1
37,-30298,1,1,1
37,-30294,1,1,1
37,-30290,0,1,1
37,-30286,0,1,1
37,-30282,1,1,1
37,-30278,1,1,1
37,-30274,0,1,1
37,-30270,0,1,1
37,-30262,1,1,1
37,-30258,0,1,1
37,-30254,0,1,1
37,-30250,1,1,1
37,-30246,1,1,1
37,-30242,0,1,1
37,-30238,0,1,1
37,-30234,1,1,1
37,-30230,1,1,1
37,-30226,0,1,1
37,-30222,0,1,1
37,-30218,1,1,1
37,-30214,1,1,1
37,-30210,0,1,1
37,-30206,0,1,1
37,-30202,1,1,1
37,-30198,1,1,1
37,-30194,0,1,1
37,-30190,0,1,1
37,-30186,1,1,1
37,-30182,1,1,1
37,-30178,0,1,1
37,-30174,0,1,1
37,-30170,1,1,1
37,-30166,1,1,1
37,-30162,0,1,1
37,-30158,0,1,1
37,-30154,1,1,1
37,-30150,1,1,1
37,-30146,0,1,1
37,-30142,0,1,1
37,-30138,1,1,1
37,-30134,1,1,1
37,-30130,0,1,1
37,-30126,0,1,1
37,-30122,1,1,1
37,-30114,0,1,1
37,-30110,0,1,1
37,-30106,1,1,1
37,-30102,1,1,1
37,-30098,0,1,1
37,-30094,0,1,1
37,-30090,1,1,1
37,-30086,1,1,1
37,-30082,0,1,1
37,-30078,0,1,1
37,-30074,1,1,1
37,-30070,1,1,1
37,-30066,0,1,1
37,-30062,0,1,1
37,-30058,1,1,1
37,-30054,1,1,1
37,-30050,0,1,1
37,-30046,0,1,1
37,-30042,1,1,1
37,-30038,1,1,1
37,-30034,0,1,1
37,-30030,0,1,1
37,-30026,1,1,1
37,-30022,1,1,1
37,-30018,0,1,1
37,-30014,0,1,1
37,-30010,1,1,1
37,-30006,1,1,1
37,-30002,0,1,1
37,-29998,0,1,1
37,-29994,1,1,1
37,-29990,1,1,1
37,-29986,0,1,1
37,-29982,0,1,1
37,-29978,1,1,1
37,-29974,1,1,1
37,-29966,0,1,1
37,-29962,1,1,1
37,-29958,1,1,1
37,-29954,0,1,1
37,-29950,0,1,1
37,-29946,1,1,1
37,-29942,1,1,1
37,-29938,0,1,1
37,-29934,0,1,1
37,-29930,1,1,1
37,-29926,1,1,1
37,-29922,0,1,1
37,-29918,0,1,1
37,-29914,1,1,1
37,-29910,1,1,1
37,-29906,0,1,1
37,-29902,0,1,1
37,-29898,1,1,1
37,-29894,1,1,1
37,-29890,0,1,1
37,-29886,0,1,1
37,-29882,1,1,1
37,-29878,1,1,1
37,-29874,0,1,1
37,-29870,0,1,1
37,-29866,1,1,1
37,-29862,1,1,1
37,-29858,0,1,1
37,-29854,0,1,1
37,-29850,1,1,1
37,-29846,1,1,1
37,-29842,0,1,1
37,-29838,0,1,1
37,-29834,1,1,1
37,-29830,1,1,1
37,-29826,0,1,1
37,-29818,1,1,1
37,-29814,1,1,1
37,-29810,0,1,1
37,-29806,0,1,1
37,-29802,1,1,1
37,-29798,1,1,1
37,-29794,0,1,1
37,-29790,0,1,1
37,-29786,1,1,1
37,-29782,1,1,1
37,-29778,0,1,1
37,-29774,0,1,1
37,-29770,1,1,1
37,-29766,1,1,1
37,-29762,0,1,1
37,-29758,0,1,1
37,-29754,1,1,1
37,-29750,1,1,1
37,-29746,0,1,1
37,-29742,0,1,1
37,-29738,1,1,1
37,-29734,1,1,1
37,-29730,0,1,1
37,-29726,0,1,1
37,-29722,1,1,1
37,-29718,1,1,1
37,-29714,0,1,1
37,-29710,0,1,1
37,-29706,1,1,1
37,-29702,1,1,1
37,-29698,0,1,1
37,-29694,0,1,1
37,-29690,1,1,1
37,-29686,1,1,1
37,-29682,0,1,1
37,-29678,0,1,1
37,-29670,1,1,1
37,-29666,0,1,1
37,-29662,0,1,1
37,-29658,1,1,1
37,-29654,1,1,1
37,-29650,0,1,1
37,-29646,0,1,1
37,-29642,1,1,1
37,-29638,1,1,1
37,-29634,0,1,1
37,-29630,0,1,1
37,-29626,1,1,1
37,-29622,1,1,1
37,-29618,0,1,1
37,-29614,0,1,1
37,-29610,1,1,1
37,-29606,1,1,1
37,-29602,0,1,1
37,-29598,0,1,1
37,-29594,1,1,1
37,-29590,1,1,1
37,-29586,0,1,1
37,-29582,0,1,1
37,-29578,1,1,1
37,-29574,1,1,1
37,-29570,0,1,1
37,-29566,0,1,1
37,-29562,1,1,1
37,-29558,1,1,1
37,-29554,0,1,1
37,-29550,0,1,1
37,-29546,1,1,1
37,-29542,1,1,1
37,-29538,0,1,1
37,-29534,0,1,1
37,-29530,1,1,1
37,-29522,0,1,1
37,-29518,0,1,1
37,-29514,1,1,1
37,-29510,1,1,1
37,-29506,0,1,1
37,-29502,0,1,1
37,-29498,1,1,1
37,-29494,1,1,1
37,-29490,0,1,1
37,-29486,0,1,1
37,-29482,1,1,1
37,-29478,1,1,1
37,-29474,0,1,1
37,-29470,0,1,1
37,-29466,1,1,1
37,-29462,1,1,1
37,-29458,0,1,1
37,-29454,0,1,1
37,-29450,1,1,1
37,-29446,1,1,1
37,-29442,0,0,0
37,-29438,0,1,1
37,-29434,1,1,1
37,-29430,1,1,1
37,-29426,0,1,1
37,-29422,0,1,1
37,-29418,1,1,1
37,-29414,1,1,1
37,-29410,0,1,1
37,-29406,0,1,1
37,-29402,1,1,1
37,-29398,1,1,1
37,-29394,0,1,1
37,-29390,0,1,1
37,-29386,1,1,1
37,-29382,1,1,1
37,-29374,0,1,1
37,-29370,1,1,1
37,-29366,1,1,1
37,-29362,0,1,1
37,-29358,0,1,1
37,-29354,1,1,1
37,-29350,1,1,1
37,-29346,0,1,1
37,-29342,0,1,1
37,-29338,1,1,1
37,-29334,1,1,1
37,-29330,0,1,1
37,-29326,0,1,1
37,-29322,1,1,1
37,-29318,1,1,1
37,-29314,0,1,1
37,-29310,0,1,1
37,-29306,1,1,1
37,-29302,1,1,1
37,-29298,0,1,1
37,-29294,0,1,1
37,-29290,1,1,1
37,-29286,1,1,1
37,-29282,0,1,1
37,-29278,0,1,1
37,-29274,1,1,1
37,-29270,1,1,1
37,-29266,0,1,1
37,-29262,0,1,1
37,-29258,1,1,1
37,-29254,1,1,1
37,-29250,0,1,1
37,-29246,0,1,1
37,-29242,1,1,1
37,-29238,1,1,1
37,-29234,0,1,1
37,-29226,1,1,1
37,-29222,1,1,1
37,-29218,0,1,1
37,-29214,0,1,1
37,-29210,1,1,1
37,-29206,1,1,1
37,-29202,0,1,1
37,-29198,0,1,1
37,-29194,1,1,1
37,-29190,1,1,1
37,-29186,0,1,1
37,-29182,0,1,1
37,-29178,1,1,1
37,-29174,1,1,1
37,-29170,0,1,1
37,-29166,0,1,1
37,-29162,1,1,1
37,-29158,1,1,1
37,-29154,0,1,1
37,-29150,0,1,1
37,-29146,1,1,1
37,-29142,1,1,1
37,-29138,0,1,1
37,-29134,0,1,1
37,-29130,1,1,1
37,-29126,1,1,1
37,-29122,0,1,1
37,-29118,0,1,1
37,-29114,1,1,1
37,-29110,1,1,1
37,-29106,0,1,1
37,-29102,0,1,1
37,-29098,1,1,1
37,-29094,1,1,1
37,-29090,0,1,1
37,-29086,0,1,1
37,-29078,1,1,1
37,-29074,0,1,1
37,-29070,0,1,1
37,-29066,1,1,1
37,-29062,1,1,1
37,-29058,0,1,1
37,-29054,0,1,1
37,-29050,1,1,1
37,-29046,1,1,1
37,-29042,0,1,1
37,-29038,0,1,1
37,-29034,1,1,1
37,-29030,1,1,1
37,-29026,0,1,1
37,-29022,0,1,1
37,-29018,1,1,1
37,-29014,1,1,1
37,-29010,0,1,1
37,-29006,0,1,1
37,-29002,1,1,1
37,-28998,1,1,1
37,-28994,0,1,1
37,-28990,0,1,1
37,-28986,1,1,1
37,-28982,1,1,1
37,-28978,0,1,1
37,-28974,0,1,1
37,-28970,1,1,1
37,-28966,1,1,1
37,-28962,0,1,1
37,-28958,0,1,1
37,-28954,1,1,1
37,-28950,1,1,1
37,-28946,0,1,1
37,-28942,0,1,1
37,-28938,1,1,1
37,-28930,0,1,1
37,-28926,0,1,1
37,-28922,1,1,1
37,-28918,1,1,1
37,-28914,0,1,1
37,-28910,0,1,1
37,-28906,1,1,1
37,-28902,1,1,1
37,-28898,0,1,1
37,-28894,0,1,1
37,-28890,1,1,1
37,-28886,1,1,1
37,-28882,0,1,1
37,-28878,0,1,1
37,-28874,1,1,1
37,-28870,1,1,1
37,-28866,0,1,1
37,-28862,0,1,1
37,-28858,1,1,1
37,-28854,1,1,1
37,-28850,0,1,1
37,-28846,0,1,1
37,-28842,1,1,1
37,-28838,1,1,1
37,-28834,0,1,1
37,-28830,0,1,1
37,-28826,1,1,1
37,-28822,1,1,1
37,-28818,0,1,1
37,-28814,0,1,1
37,-28810,1,1,1
37,-28806,1,1,1
37,-28802,0,1,1
37,-28798,0,1,1
37,-28794,1,1,1
37,-28790,1,1,1
37,-28782,0,1,1
37,-28778,1,1,1
37,-28774,1,1,1
37,-28770,0,1,1
37,-28766,0,1,1
37,-28762,1,1,1
37,-28758,1,1,1
37,-28754,0,1,1
37,-28750,0,1,1
37,-28746,1,1,1
37,-28742,1,1,1
37,-28738,0,1,1
37,-28734,0,1,1
37,-28730,1,1,1
37,-28726,1,1,1
37,-28722,0,1,1
37,-28718,0,1,1
37,-28714,1,1,1
37,-28710,1,1,1
37,-28706,0,1,1
37,-28702,0,1,1
37,-28698,1,1,1
37,-28694,1,1,1
37,-28690,0,1,1
37,-28686,0,1,1
37,-28682,1,1,1
37,-28678,1,1,1
37,-28674,0,1,1
37,-28670,0,1,1
37,-28666,1,1,1
37,-28662,1,1,1
37,-28658,0,1,1
37,-28654,0,1,1
37,-28650,1,1,1
37,-28646,1,1,1
37,-28642,0,1,1
37,-28634,1,1,1
37,-28630,1,1,1
37,-28626,0,1,1
37,-28622,0,1,1
37,-28618,1,1,1
37,-28614,1,1,1
37,-28610,0,1,1
37,-28606,0,1,1
37,-28602,1,1,1
37,-28598,1,1,1
37,-28594,0,1,1
37,-28590,0,1,1
37,-28586,1,1,1
37,-28582,1,1,1
37,-28578,0,0,0
37,-28574,0,1,1
37,-28570,1,1,1
37,-28566,1,1,1
37,-28562,0,1,1
37,-28558,0,1,1
37,-28554,1,1,1
37,-28550,1,1,1
37,-28546,0,1,1
37,-28542,0,1,1
37,-28538,1,1,1
37,-28534,1,1,1
37,-28530,0,1,1
37,-28526,0,1,1
37,-28522,1,1,1
37,-28518,1,1,1
37,-28514,0,1,1
37,-28510,0,1,1
37,-28506,1,1,1
37,-28502,1,1,1
37,-28498,0,1,1
37,-28494,0,1,1
37,-28486,1,1,1
37,-28482,0,1,1
37,-28478,0,1,1
37,-28474,1,1,1
37,-28470,1,1,1
37,-28466,0,1,1
37,-28462,0,1,1
37,-28458,1,1,1
37,-28454,1,1,1
37,-28450,0,1,1
37,-28446,0,1,1
37,-28442,1,1,1
37,-28438,1,1,1
37,-28434,0,1,1
37,-28430,0,1,1
37,-28426,1,1,1
37,-28422,1,1,1
37,-28418,0,1,1
37,-28414,0,1,1
37,-28410,1,1,1
37,-28406,1,1,1
37,-28402,0,1,1
37,-28398,0,1,1
37,-28394,1,1,1
37,-28390,1,1,1
37,-28386,0,1,1
37,-28382,0,1,1
37,-28378,1,1,1
37,-28374,1,1,1
37,-28370,0,1,1
37,-28366,0,1,1
37,-28362,1,1,1
37,-28358,1,1,1
37,-28354,0,1,1
37,-28350,0,1,1
37,-28346,1,1,1
37,-28338,0,1,1
37,-28334,0,1,1
37,-28330,1,1,1
37,-28326,1,1,1
37,-28322,0,1,1
37,-28318,0,1,1
37,-28314,1,1,1
37,-28310,1,1,1
37,-28306,0,1,1
37,-28302,0,1,1
37,-28298,1,1,1
37,-28294,1,1,1
37,-28290,0,1,1
37,-28286,0,1,1
37,-28282,1,1,1
37,-28278,1,1,1
37,-28274,0,1,1
37,-28270,0,1,1
37,-28266,1,1,1
37,-28262,1,1,1
37,-28258,0,1,1
37,-28254,0,1,1
37,-28250,1,1,1
37,-28246,1,1,1
37,-28242,0,1,1
37,-28238,0,1,1
37,-28234,1,1,1
37,-28230,1,1,1
37,-28226,0,1,1
37,-28222,0,1,1
37,-28218,1,1,1
37,-28214,1,1,1
37,-28210,0,1,1
37,-28206,0,1,1
37,-28202,1,1,1
37,-28198,1,1,1
37,-28190,0,1,1
37,-28186,1,1,1
37,-28182,1,1,1
37,-28178,0,1,1
37,-28174,0,1,1
37,-28170,1,1,1
37,-28166,1,1,1
37,-28162,0,1,1
37,-28158,0,1,1
37,-28154,1,1,1
37,-28150,1,1,1
37,-28146,0,1,1
37,-28142,0,1,1
37,-28138,1,1,1
37,-28134,1,1,1
37,-28130,0,1,1
37,-28126,0,1,1
37,-28122,1,1,1
37,-28118,1,1,1
37,-28114,0,1,1
37,-28110,0,1,1
37,-28106,1,1,1
37,-28102,1,1,1
37,-28098,0,1,1
37,-28094,0,1,1
37,-28090,1,1,1
37,-28086,1,1,1
37,-28082,0,1,1
37,-28078,0,1,1
37,-28074,1,1,1
37,-28070,1,1,1
37,-28066,0,1,1
37,-28062,0,1,1
37,-28058,1,1,1
37,-28054,1,1,1
37,-28050,0,1,1
37,-28042,1,1,1
37,-28038,1,1,1
37,-28034,0,1,1
37,-28030,0,1,1
37,-28026,1,1,1
37,-28022,1,1,1
37,-28018,0,1,1
37,-28014,0,1,1
37,-28010,1,1,1
37,-28006,1,1,1
37,-28002,0,1,1
37,-27998,0,1,1
37,-27994,1,1,1
37,-27990,1,1,1
37,-27986,0,1,1
37,-27982,0,1,1
37,-27978,1,1,1
37,-27974,1,1,1
37,-27970,0,1,1
37,-27966,0,1,1
37,-27962,1,1,1
37,-27958,1,1,1
37,-27954,0,1,1
37,-27950,0,1,1
37,-27946,1,1,1
37,-27942,1,1,1
37,-27938,0,1,1
37,-27934,0,1,1
37,-27930,1,1,1
37,-27926,1,1,1
37,-27922,0,1,1
37,-27918,0,1,1
37,-27914,1,1,1
37,-27910,1,1,1
37,-27906,0,1,1
37,-27902,0,1,1
37,-27894,1,1,1
37,-27890,0,1,1
37,-27886,0,1,1
37,-27882,1,1,1
37,-27878,1,1,1
37,-27874,0,1,1
37,-27870,0,1,1
37,-27866,1,1,1
37,-27862,1,1,1
37,-27858,0,1,1
37,-27854,0,1,1
37,-27850,1,1,1
37,-27846,1,1,1
37,-27842,0,1,1
37,-27838,0,1,1
37,-27834,1,1,1
37,-27830,1,1,1
37,-27826,0,1,1
37,-27822,0,1,1
37,-27818,1,1,1
37,-27814,1,1,1
37,-27810,0,1,1
37,-27806,0,1,1
37,-27802,1,1,1
37,-27798,1,1,1
37,-27794,0,1,1
37,-27790,0,1,1
37,-27786,1,1,1
37,-27782,1,1,1
37,-27778,0,1,1
37,-27774,0,1,1
37,-27770,1,1,1
37,-27766,1,1,1
37,-27762,0,1,1
37,-27758,0,1,1
37,-27754,1,1,1
37,-27746,0,1,1
37,-27742,0,1,1
37,-27738,1,1,1
37,-27734,1,1,1
37,-27730,0,1,1
37,-27726,0,1,1
37,-27722,1,1,1
37,-27718,1,1,1
37,-27714,0,1,1
37,-27710,0,1,1
37,-27706,1,1,1
37,-27702,1,1,1
37,-27698,0,1,1
37,-27694,0,1,1
37,-27690,1,1,1
37,-27686,1,1,1
37,-27682,0,1,1
37,-27678,0,1,1
37,-27674,1,1,1
37,-27670,1,1,1
37,-27666,0,1,1
37,-27662,0,1,1
37,-27658,1,1,1
37,-27654,1,1,1
37,-27650,0,1,1
37,-27646,0,1,1
37,-27642,1,1,1
37,-27638,1,1,1
37,-27634,0,1,1
37,-27630,0,1,1
37,-27626,1,1,1
37,-27622,1,1,1
37,-27618,0,1,1
37,-27614,0,1,1
37,-27610,1,1,1
37,-27606,1,1,1
37,-27598,0,1,1
37,-27594,1,1,1
37,-27590,1,1,1
37,-27586,0,1,1
37,-27582,0,1,1
37,-27578,1,1,1
37,-27574,1,1,1
37,-27570,0,1,1
37,-27566,0,1,1
37,-27562,1,1,1
37,-27558,1,1,1
37,-27554,0,1,1
37,-27550,0,1,1
37,-27546,1,1,1
37,-27542,1,1,1
37,-27538,0,1,1
37,-27534,0,1,1
37,-27530,1,1,1
37,-27526,1,1,1
37,-27522,0,1,1
37,-27518,0,1,1
37,-27514,1,1,1
37,-27510,1,1,1
37,-27506,0,1,1
37,-27502,0,1,1
37,-27498,1,1,1
37,-27494,1,1,1
37,-27490,0,1,1
37,-27486,0,1,1
37,-27482,1,1,1
37,-27478,1,1,1
37,-27474,0,1,1
37,-27470,0,1,1
37,-27466,1,1,1
37,-27462,1,1,1
37,-27458,0,1,1
37,-27450,1,1,1
37,-27446,1,1,1
37,-27442,0,1,1
37,-27438,0,1,1
37,-27434,1,1,1
37,-27430,1,1,1
37,-27426,0,1,1
37,-27422,0,1,1
37,-27418,1,1,1
37,-27414,1,1,1
37,-27410,0,1,1
37,-27406,0,1,1
37,-27402,1,1,1
37,-27398,1,1,1
37,-27394,0,1,1
37,-27390,0,1,1
37,-27386,1,1,1
37,-27382,1,1,1
37,-27378,0,1,1
37,-27374,0,1,1
37,-27370,1,1,1
37,-27366,1,1,1
37,-27362,0,1,1
37,-27358,0,1,1
37,-27354,1,1,1
37,-27350,1,1,1
37,-27346,0,1,1
37,-27342,0,1,1
37,-27338,1,1,1
37,-27334,1,1,1
37,-27330,0,1,1
37,-27326,0,1,1
37,-27322,1,1,1
37,-27318,1,1,1
37,-27314,0,1,1
37,-27310,0,1,1
37,-27302,1,1,1
37,-27298,0,1,1
37,-27294,0,1,1
37,-27290,1,1,1
37,-27286,1,1,1
37,-27282,0,1,1
37,-27278,0,1,1
37,-27274,1,1,1
37,-27270,1,1,1
37,-27266,0,1,1
37,-27262,0,1,1
37,-27258,1,1,1
37,-27254,1,1,1
37,-27250,0,1,1
37,-27246,0,1,1
37,-27242,1,1,1
37,-27238,1,1,1
37,-27234,0,1,1
37,-27230,0,1,1
37,-27226,1,1,1
37,-27222,1,1,1
37,-27218,0,1,1
37,-27214,0,1,1
37,-27210,1,1,1
37,-27206,1,1,1
37,-27202,0,1,1
37,-27198,0,1,1
37,-27194,1,1,1
37,-27190,1,1,1
37,-27186,0,1,1
37,-27182,0,1,1
37,-27178,1,1,1
37,-27174,1,1,1
37,-27170,0,1,1
37,-27166,0,1,1
37,-27162,1,1,1
37,-27154,0,1,1
37,-27150,0,1,1
37,-27146,1,1,1
37,-27142,1,1,1
37,-27138,0,1,1
37,-27134,0,1,1
37,-27130,1,1,1
37,-27126,1,1,1
37,-27122,0,1,1
37,-27118,0,1,1
37,-27114,1,1,1
37,-27110,1,1,1
37,-27106,0,1,1
37,-27102,0,1,1
37,-27098,1,1,1
37,-27094,1,1,1
37,-27090,0,1,1
37,-27086,0,1,1
37,-27082,1,1,1
37,-27078,1,1,1
37,-27074,0,1,1
37,-27070,0,1,1
37,-27066,1,1,1
37,-27062,1,1,1
37,-27058,0,1,1
37,-27054,0,1,1
37,-27050,1,1,1
37,-27046,1,1,1
37,-27042,0,1,1
37,-27038,0,1,1
37,-27034,1,1,1
37,-27030,1,1,1
37,-27026,0,1,1
37,-27022,0,1,1
37,-27018,1,1,1
37,-27014,1,1,1
37,-27006,0,1,1
37,-27002,1,1,1
37,-26998,1,1,1
37,-26994,0,1,1
37,-26990,0,1,1
37,-26986,1,1,1
37,-26982,1,1,1
37,-26978,0,1,1
37,-26974,0,1,1
37,-26970,1,1,1
37,-26966,1,1,1
37,-26962,0,1,1
37,-26958,0,1,1
37,-26954,1,1,1
37,-26950,1,1,1
37,-26946,0,1,1
37,-26942,0,1,1
37,-26938,1,1,1
37,-26934,1,1,1
37,-26930,0,1,1
37,-26926,0,1,1
37,-26922,1,1,1
37,-26918,1,1,1
37,-26914,0,1,1
37,-26910,0,1,1
37,-26906,1,1,1
37,-26902,1,1,1
37,-26898,0,1,1
37,-26894,0,1,1
37,-26890,1,1,1
37,-26886,1,1,1
37,-26882,0,1,1
37,-26878,0,1,1
37,-26874,1,1,1
37,-26870,1,1,1
37,-26866,0,1,1
37,-26858,1,1,1
37,-26854,1,1,1
37,-26850,0,1,1
37,-26846,0,1,1
37,-26842,1,1,1
37,-26838,1,1,1
37,-26834,0,1,1
37,-26830,0,1,1
37,-26826,1,1,1
37,-26822,1,1,1
37,-26818,0,1,1
37,-26814,0,1,1
37,-26810,1,1,1
37,-26806,1,1,1
37,-26802,0,1,1
37,-26798,0,1,1
37,-26794,1,1,1
37,-26790,1,1,1
37,-26786,0,1,1
37,-26782,0,1,1
37,-26778,1,1,1
37,-26774,1,1,1
37,-26770,0,1,1
37,-26766,0,1,1
37,-26762,1,1,1
37,-26758,1,1,1
37,-26754,0,1,1
37,-26750,0,1,1
37,-26746,1,1,1
37,-26742,1,1,1
37,-26738,0,1,1
37,-26734,0,1,1
37,-26730,1,1,1
37,-26726,1,1,1
37,-26722,0,1,1
37,-26718,0,1,1
37,-26710,1,1,1
37,-26706,0,1,1
37,-26702,0,1,1
37,-26698,1,1,1
37,-26694,1,1,1
37,-26690,0,1,1
37,-26686,0,1,1
37,-26682,1,1,1
37,-26678,1,1,1
37,-26674,0,1,1
37,-26670,0,1,1
37,-26666,1,1,1
37,-26662,1,1,1
37,-26658,0,1,1
37,-26654,0,1,1
37,-26650,1,1,1
37,-26646,1,1,1
37,-26642,0,1,1
37,-26638,0,1,1
37,-26634,1,1,1
37,-26630,1,1,1
37,-26626,0,1,1
37,-26622,0,1,1
37,-26618,1,1,1
37,-26614,1,1,1
37,-26610,0,1,1
37,-26606,0,1,1
37,-26602,1,1,1
37,-26598,1,1,1
37,-26594,0,1,1
37,-26590,0,1,1
37,-26586,1,1,1
37,-26582,1,1,1
37,-26578,0,1,1
37,-26574,0,1,1
37,-26570,1,1,1
37,-26562,0,1,1
37,-26558,0,1,1
37,-26554,1,1,1
37,-26550,1,1,1
37,-26546,0,1,1
37,-26542,0,1,1
37,-26538,1,1,1
37,-26534,1,1,1
37,-26530,0,1,1
37,-26526,0,1,1
37,-26522,1,1,1
37,-26518,1,1,1
37,-26514,0,1,1
37,-26510,0,1,1
37,-26506,1,1,1
37,-26502,1,1,1
37,-26498,0,1,1
37,-26494,0,1,1
37,-26490,1,1,1
37,-26486,1,1,1
37,-26482,0,1,1
37,-26478,0,1,1
37,-26474,1,1,1
37,-26470,1,1,1
37,-26466,0,1,1
37,-26462,0,1,1
37,-26458,1,1,1
37,-26454,1,1,1
37,-26450,0,1,1
37,-26446,0,1,1
37,-26442,1,1,1
37,-26438,1,1,1
37,-26434,0,1,1
37,-26430,0,1,1
37,-26426,1,1,1
37,-26422,1,1,1
37,-26414,0,1,1
37,-26410,1,1,1
37,-26406,1,1,1
37,-26402,0,1,1
37,-26398,0,1,1
37,-26394,1,1,1
37,-26390,1,1,1
37,-26386,0,1,1
37,-26382,0,1,1
37,-26378,1,1,1
37,-26374,1,1,1
37,-26370,0,1,1
37,-26366,0,1,1
37,-26362,1,1,1
37,-26358,1,1,1
37,-26354,0,1,1
37,-26350,0,1,1
37,-26346,1,1,1
37,-26342,1,1,1
37,-26338,0,1,1
37,-26334,0,1,1
37,-26330,1,1,1
37,-26326,1,1,1
37,-26322,0,1,1
37,-26318,0,1,1
37,-26314,1,1,1
37,-26310,1,1,1
37,-26306,0,1,1
37,-26302,0,1,1
37,-26298,1,1,1
37,-26294,1,1,1
37,-26290,0,1,1
37,-26286,0,1,1
37,-26282,1,1,1
37,-26278,1,1,1
37,-26274,0,1,1
37,-26266,1,1,1
37,-26262,1,1,1
37,-26258,0,1,1
37,-26254,0,1,1
37,-26250,1,1,1
37,-26246,1,1,1
37,-26242,0,1,1
37,-26238,0,1,1
37,-26234,1,1,1
37,-26230,1,1,1
37,-26226,0,1,1
37,-26222,0,1,1
37,-26218,1,1,1
37,-26214,1,1,1
37,-26210,0,1,1
37,-26206,0,1,1
37,-26202,1,1,1
37,-26198,1,1,1
37,-26194,0,1,1
37,-26190,0,1,1
37,-26186,1,1,1
37,-26182,1,1,1
37,-26178,0,1,1
37,-26174,0,1,1
37,-26170,1,1,1
37,-26166,1,1,1
37,-26162,0,1,1
37,-26158,0,1,1
37,-26154,1,1,1
37,-26150,1,1,1
37,-26146,0,1,1
37,-26142,0,1,1
37,-26138,1,1,1
37,-26134,1,1,1
37,-26130,0,1,1
37,-26126,0,1,1
37,-26118,1,1,1
37,-26114,0,1,1
37,-26110,0,1,1
37,-26106,1,1,1
37,-26102,1,1,1
37,-26098,0,1,1
37,-26094,0,1,1
37,-26090,1,1,1
37,-26086,1,1,1
37,-26082,0,1,1
37,-26078,0,1,1
37,-26074,1,1,1
37,-26070,1,1,1
37,-26066,0,1,1
37,-26062,0,1,1
37,-26058,1,1,1
37,-26054,1,1,1
37,-26050,0,1,1
37,-26046,0,1,1
37,-26042,1,1,1
37,-26038,1,1,1
37,-26034,0,1,1
37,-26030,0,1,1
37,-26026,1,1,1
37,-26022,1,1,1
37,-26018,0,1,1
37,-26014,0,1,1
37,-26010,1,1,1
37,-26006,1,1,1
37,-26002,0,1,1
37,-25998,0,1,1
37,-25994,1,1,1
37,-25990,1,1,1
37,-25986,0,1,1
37,-25982,0,1,1
37,-25978,1,1,1
37,-25970,0,1,1
37,-25966,0,1,1
37,-25962,1,1,1
37,-25958,1,1,1
37,-25954,0,1,1
37,-25950,0,1,1
37,-25946,1,1,1
37,-25942,1,1,1
37,-25938,0,1,1
37,-25934,0,1,1
37,-25930,1,1,1
37,-25926,1,1,1
37,-25922,0,1,1
37,-25918,0,1,1
37,-25914,1,1,1
37,-25910,1,1,1
37,-25906,0,1,1
37,-25902,0,1,1
37,-25898,1,1,1
37,-25894,1,1,1
37,-25890,0,1,1
37,-25886,0,1,1
37,-25882,1,1,1
37,-25878,1,1,1
37,-25874,0,1,1
37,-25870,0,1,1
37,-25866,1,1,1
37,-25862,1,1,1
37,-25858,0,1,1
37,-25854,0,1,1
37,-25850,1,1,1
37,-25846,1,1,1
37,-25842,0,1,1
37,-25838,0,1,1
37,-25834,1,1,1
37,-25830,1,1,1
37,-25822,0,1,1
37,-25818,1,1,1
37,-25814,1,1,1
37,-25810,0,1,1
37,-25806,0,1,1
37,-25802,1,1,1
37,-25798,1,1,1
37,-25794,0,1,1
37,-25790,0,1,1
37,-25786,1,1,1
37,-25782,1,1,1
37,-25778,0,1,1
37,-25774,0,1,1
37,-25770,1,1,1
37,-25766,1,1,1
37,-25762,0,1,1
37,-25758,0,1,1
37,-25754,1,1,1
37,-25750,1,1,1
37,-25746,0,1,1
37,-25742,0,1,1
37,-25738,1,1,1
37,-25734,1,1,1
37,-25730,0,1,1
37,-25726,0,1,1
37,-25722,1,1,1
37,-25718,1,1,1
37,-25714,0,1,1
37,-25710,0,1,1
37,-25706,1,1,1
37,-25702,1,1,1
37,-25698,0,1,1
37,-25694,0,1,1
37,-25690,1,1,1
37,-25686,1,1,1
37,-25682,0,1,1
37,-25674,1,1,1
37,-25670,1,1,1
37,-25666,0,1,1
37,-25662,0,1,1
37,-25658,1,1,1
37,-25654,1,1,1
37,-25650,0,1,1
37,-25646,0,1,1
37,-25642,1,1,1
37,-25638,1,1,1
37,-25634,0,1,1
37,-25630,0,1,1
37,-25626,1,1,1
37,-25622,1,1,1
37,-25618,0,1,1
37,-25614,0,1,1
37,-25610,1,1,1
37,-25606,1,1,1
37,-25602,0,1,1
37,-25598,0,1,1
37,-25594,1,1,1
37,-25590,1,1,1
37,-25586,0,1,1
37,-25582,0,1,1
37,-25578,1,1,1
37,-25574,1,1,1
37,-25570,0,1,1
37,-25566,0,1,1
37,-25562,1,1,1
37,-25558,1,1,1
37,-25554,0,1,1
37,-25550,0,1,1
37,-25546,1,1,1
37,-25542,1,1,1
37,-25538,0,1,1
37,-25534,0,1,1
37,-25526,1,1,1
37,-25522,0,1,1
37,-25518,0,1,1
37,-25514,1,1,1
37,-25510,1,1,1
37,-25506,0,1,1
37,-25502,0,1,1
37,-25498,1,1,1
37,-25494,1,1,1
37,-25490,0,1,1
37,-25486,0,1,1
37,-25482,1,1,1
37,-25478,1,1,1
37,-25474,0,1,1
37,-25470,0,1,1
37,-25466,1,1,1
37,-25462,1,1,1
37,-25458,0,1,1
37,-25454,0,1,1
37,-25450,1,1,1
37,-25446,1,1,1
37,-25442,0,1,1
37,-25438,0,1,1
37,-25434,1,1,1
37,-25430,1,1,1
37,-25426,0,1,1
37,-25422,0,1,1
37,-25418,1,1,1
37,-25414,1,1,1
37,-25410,0,1,1
37,-25406,0,1,1
37,-25402,1,1,1
37,-25398,1,1,1
37,-25394,0,1,1
37,-25390,0,1,1
37,-25386,1,1,1
37,-25378,0,1,1
37,-25374,0,1,1
37,-25370,1,1,1
37,-25366,1,1,1
37,-25362,0,1,1
37,-25358,0,1,1
37,-25354,1,1,1
37,-25350,1,1,1
37,-25346,0,1,1
37,-25342,0,1,1
37,-25338,1,1,1
37,-25334,1,1,1
37,-25330,0,1,1
37,-25326,0,1,1
37,-25322,1,1,1
37,-25318,1,1,1
37,-25314,0,1,1
37,-25310,0,1,1
37,-25306,1,1,1
37,-25302,1,1,1
37,-25298,0,1,1
37,-25294,0,1,1
37,-25290,1,1,1
37,-25286,1,1,1
37,-25282,0,1,1
37,-25278,0,1,1
37,-25274,1,1,1
37,-25270,1,1,1
37,-25266,0,1,1
37,-25262,0,1,1
37,-25258,1,1,1
37,-25254,1,1,1
37,-25250,0,1,1
37,-25246,0,1,1
37,-25242,1,1,1
37,-25238,1,1,1
37,-25230,0,1,1
37,-25226,1,1,1
37,-25222,1,1,1
37,-25218,0,1,1
37,-25214,0,1,1
37,-25210,1,1,1
37,-25206,1,1,1
37,-25202,0,1,1
37,-25198,0,1,1
37,-25194,1,1,1
37,-25190,1,1,1
37,-25186,0,1,1
37,-25182,0,1,1
37,-25178,1,1,1
37,-25174,1,1,1
37,-25170,0,1,1
37,-25166,0,1,1
37,-25162,1,1,1
37,-25158,1,1,1
37,-25154,0,1,1
37,-25150,0,1,1
37,-25146,1,1,1
37,-25142,1,1,1
37,-25138,0,1,1
37,-25134,0,1,1
37,-25130,1,1,1
37,-25126,1,1,1
37,-25122,0,1,1
37,-25118,0,1,1
37,-25114,1,1,1
37,-25110,1,1,1
37,-25106,0,1,1
37,-25102,0,1,1
37,-25098,1,1,1
37,-25094,1,1,1
37,-25090,0,1,1
37,-25082,1,1,1
37,-25078,1,1,1
37,-25074,0,1,1
37,-25070,0,1,1
37,-25066,1,1,1
37,-25062,1,1,1
37,-25058,0,1,1
37,-25054,0,1,1
37,-25050,1,1,1
37,-25046,1,1,1
37,-25042,0,1,1
37,-25038,0,1,1
37,-25034,1,1,1
37,-25030,1,1,1
37,-25026,0,1,1
37,-25022,0,1,1
37,-25018,1,1,1
37,-25014,1,1,1
37,-25010,0,1,1
37,-25006,0,1,1
37,-25002,1,1,1
37,-24998,1,1,1
37,-24994,0,1,1
37,-24990,0,1,1
37,-24986,1,1,1
37,-24982,1,1,1
37,-24978,0,1,1
37,-24974,0,1,1
37,-24970,1,1,1
37,-24966,1,1,1
37,-24962,0,1,1
37,-24958,0,1,1
37,-24954,1,1,1
37,-24950,1,1,1
37,-24946,0,1,1
37,-24942,0,1,1
37,-24934,1,1,1
37,-24930,0,1,1
37,-24926,0,1,1
37,-24922,1,1,1
37,-24918,1,1,1
37,-24914,0,1,1
37,-24910,0,1,1
37,-24906,1,1,1
37,-24902,1,1,1
37,-24898,0,1,1
37,-24894,0,1,1
37,-24890,1,1,1
37,-24886,1,1,1
37,-24882,0,1,1
37,-24878,0,1,1
37,-24874,1,1,1
37,-24870,1,1,1
37,-24866,0,1,1
37,-24862,0,1,1
37,-24858,1,1,1
37,-24854,1,1,1
37,-24850,0,1,1
37,-24846,0,1,1
37,-24842,1,1,1
37,-24838,1,1,1
37,-24834,0,1,1
37,-24830,0,1,1
37,-24826,1,1,1
37,-24822,1,1,1
37,-24818,0,1,1
37,-24814,0,1,1
37,-24810,1,1,1
37,-24806,1,1,1
37,-24802,0,1,1
37,-24798,0,1,1
37,-24794,1,1,1
37,-24786,0,1,1
37,-24782,0,1,1
37,-24778,1,1,1
37,-24774,1,1,1
37,-24770,0,1,1
37,-24766,0,1,1
37,-24762,1,1,1
37,-24758,1,1,1
37,-24754,0,1,1
37,-24750,0,1,1
37,-24746,1,1,1
37,-24742,1,1,1
37,-24738,0,1,1
37,-24734,0,1,1
37,-24730,1,1,1
37,-24726,1,1,1
37,-24722,0,1,1
37,-24718,0,1,1
37,-24714,1,1,1
37,-24710,1,1,1
37,-24706,0,1,1
37,-24702,0,1,1
37,-24698,1,1,1
37,-24694,1,1,1
37,-24690,0,1,1
37,-24686,0,1,1
37,-24682,1,1,1
37,-24678,1,1,1
37,-24674,0,1,1
37,-24670,0,1,1
37,-24666,1,1,1
37,-24662,1,1,1
37,-24658,0,1,1
37,-24654,0,1,1
37,-24650,1,1,1
37,-24646,1,1,1
37,-24638,0,1,1
37,-24634,1,1,1
37,-24630,1,1,1
37,-24626,0,1,1
37,-24622,0,1,1
37,-24618,1,1,1
37,-24614,1,1,1
37,-24610,0,1,1
37,-24606,0,1,1
37,-24602,1,1,1
37,-24598,1,1,1
37,-24594,0,1,1
37,-24590,0,1,1
37,-24586,1,1,1
37,-24582,1,1,1
37,-24578,0,1,1
37,-24574,0,1,1
37,-24570,1,1,1
37,-24566,1,1,1
37,-24562,0,1,1
37,-24558,0,1,1
37,-24554,1,1,1
37,-24550,1,1,1
37,-24546,0,1,1
37,-24542,0,1,1
37,-24538,1,1,1
37,-24534,1,1,1
37,-24530,0,1,1
37,-24526,0,1,1
37,-24522,1,1,1
37,-24518,1,1,1
37,-24514,0,1,1
37,-24510,0,1,1
37,-24506,1,1,1
37,-24502,1,1,1
37,-24498,0,1,1
37,-24490,1,1,1
37,-24486,1,1,1
37,-24482,0,1,1
37,-24478,0,1,1
37,-24474,1,1,1
37,-24470,1,1,1
37,-24466,0,1,1
37,-24462,0,1,1
37,-24458,1,1,1
37,-24454,1,1,1
37,-24450,0,1,1
37,-24446,0,1,1
37,-24442,1,1,1
37,-24438,1,1,1
37,-24434,0,1,1
37,-24430,0,1,1
37,-24426,1,1,1
37,-24422,1,1,1
37,-24418,0,1,1
37,-24414,0,1,1
37,-24410,1,1,1
37,-24406,1,1,1
37,-24402,0,1,1
37,-24398,0,1,1
37,-24394,1,1,1
37,-24390,1,1,1
37,-24386,0,1,1
37,-24382,0,1,1
37,-24378,1,1,1
37,-24374,1,1,1
37,-24370,0,1,1
37,-24366,0,1,1
37,-24362,1,1,1
37,-24358,1,1,1
37,-24354,0,1,1
37,-24350,0,1,1
37,-24342,1,1,1
37,-24338,0,1,1
37,-24334,0,1,1
37,-24330,1,1,1
37,-24326,1,1,1
37,-24322,0,1,1
37,-24318,0,1,1
37,-24314,1,1,1
37,-24310,1,1,1
37,-24306,0,1,1
37,-24302,0,1,1
37,-24298,1,1,1
37,-24294,1,1,1
37,-24290,0,1,1
37,-24286,0,1,1
37,-24282,1,1,1
37,-24278,1,1,1
37,-24274,0,1,1
37,-24270,0,1,1
37,-24266,1,1,1
37,-24262,1,1,1
37,-24258,0,1,1
37,-24254,0,1,1
37,-24250,1,1,1
37,-24246,1,1,1
37,-24242,0,1,1
37,-24238,0,1,1
37,-24234,1,1,1
37,-24230,1,1,1
37,-24226,0,1,1
37,-24222,0,1,1
37,-24218,1,1,1
37,-24214,1,1,1
37,-24210,0,1,1
37,-24206,0,1,1
37,-24202,1,1,1
37,-24194,0,1,1
37,-24190,0,1,1
37,-24186,1,1,1
37,-24182,1,1,1
37,-24178,0,1,1
37,-24174,0,1,1
37,-24170,1,1,1
37,-24166,1,1,1
37,-24162,0,1,1
37,-24158,0,1,1
37,-24154,1,1,1
37,-24150,1,1,1
37,-24146,0,1,1
37,-24142,0,1,1
37,-24138,1,1,1
37,-24134,1,1,1
37,-24130,0,1,1
37,-24126,0,1,1
37,-24122,1,1,1
37,-24118,1,1,1
37,-24114,0,1,1
37,-24110,0,1,1
37,-24106,1,1,1
37,-24102,1,1,1
37,-24098,0,1,1
37,-24094,0,1,1
37,-24090,1,1,1
37,-24086,1,1,1
37,-24082,0,1,1
37,-24078,0,1,1
37,-24074,1,1,1
37,-24070,1,1,1
37,-24066,0,1,1
37,-24062,0,1,1
37,-24058,1,1,1
37,-24054,1,1,1
37,-24046,0,1,1
37,-24042,1,1,1
37,-24038,1,1,1
37,-24034,0,1,1
37,-24030,0,1,1
37,-24026,1,1,1
37,-24022,1,1,1
37,-24018,0,1,1
37,-24014,0,1,1
37,-24010,1,1,1
37,-24006,1,1,1
37,-24002,0,1,1
37,-23998,0,1,1
37,-23994,1,1,1
37,-23990,1,1,1
37,-23986,0,1,1
37,-23982,0,1,1
37,-23978,1,1,1
37,-23974,1,1,1
37,-23970,0,1,1
37,-23966,0,1,1
37,-23962,1,1,1
37,-23958,1,1,1
37,-23954,0,1,1
37,-23950,0,1,1
37,-23946,1,1,1
37,-23942,1,1,1
37,-23938,0,1,1
37,-23934,0,1,1
37,-23930,1,1,1
37,-23926,1,1,1
37,-23922,0,1,1
37,-23918,0,1,1
37,-23914,1,1,1
37,-23910,1,1,1
37,-23906,0,1,1
37,-23898,1,1,1
37,-23894,1,1,1
37,-23890,0,1,1
37,-23886,0,1,1
37,-23882,1,1,1
37,-23878,1,1,1
37,-23874,0,1,1
37,-23870,0,1,1
37,-23866,1,1,1
37,-23862,1,1,1
37,-23858,0,1,1
37,-23854,0,1,1
37,-23850,1,1,1
37,-23846,1,1,1
37,-23842,0,1,1
37,-23838,0,1,1
37,-23834,1,1,1
37,-23830,1,1,1
37,-23826,0,1,1
37,-23822,0,1,1
37,-23818,1,1,1
37,-23814,1,1,1
37,-23810,0,1,1
37,-23806,0,1,1
37,-23802,1,1,1
37,-23798,1,1,1
37,-23794,0,1,1
37,-23790,0,1,1
37,-23786,1,1,1
37,-23782,1,1,1
37,-23778,0,1,1
37,-23774,0,1,1
37,-23770,1,1,1
37,-23766,1,1,1
37,-23762,0,1,1
37,-23758,0,1,1
37,-23750,1,1,1
37,-23746,0,1,1
37,-23742,0,1,1
37,-23738,1,1,1
37,-23734,1,1,1
37,-23730,0,1,1
37,-23726,0,1,1
37,-23722,1,1,1
37,-23718,1,1,1
37,-23714,0,1,1
37,-23710,0,1,1
37,-23706,1,1,1
37,-23702,1,1,1
37,-23698,0,1,1
37,-23694,0,1,1
37,-23690,1,1,1
37,-23686,1,1,1
37,-23682,0,1,1
37,-23678,0,1,1
37,-23674,1,1,1
37,-23670,1,1,1
37,-23666,0,1,1
37,-23662,0,1,1
37,-23658,1,1,1
37,-23654,1,1,1
37,-23650,0,1,1
37,-23646,0,1,1
37,-23642,1,1,1
37,-23638,1,1,1
37,-23634,0,1,1
37,-23630,0,1,1
37,-23626,1,1,1
37,-23622,1,1,1
37,-23618,0,1,1
37,-23614,0,1,1
37,-23610,1,1,1
37,-23602,0,1,1
37,-23598,0,1,1
37,-23594,1,1,1
37,-23590,1,1,1
37,-23586,0,1,1
37,-23582,0,1,1
37,-23578,1,1,1
37,-23574,1,1,1
37,-23570,0,1,1
37,-23566,0,1,1
37,-23562,1,1,1
37,-23558,1,1,1
37,-23554,0,1,1
37,-23550,0,1,1
37,-23546,1,1,1
37,-23542,1,1,1
37,-23538,0,1,1
37,-23534,0,1,1
37,-23530,1,1,1
37,-23526,1,1,1
37,-23522,0,1,1
37,-23518,0,1,1
37,-23514,1,1,1
37,-23510,1,1,1
37,-23506,0,1,1
37,-23502,0,1,1
37,-23498,1,1,1
37,-23494,1,1,1
37,-23490,0,1,1
37,-23486,0,1,1
37,-23482,1,1,1
37,-23478,1,1,1
37,-23474,0,1,1
37,-23470,0,1,1
37,-23466,1,1,1
37,-23462,1,1,1
37,-23454,0,1,1
37,-23450,1,1,1
37,-23446,1,1,1
37,-23442,0,1,1
37,-23438,0,1,1
37,-23434,1,1,1
37,-23430,1,1,1
37,-23426,0,1,1
37,-23422,0,1,1
37,-23418,1,1,1
37,-23414,1,1,1
37,-23410,0,1,1
37,-23406,0,1,1
37,-23402,1,1,1
37,-23398,1,1,1
37,-23394,0,1,1
37,-23390,0,1,1
37,-23386,1,1,1
37,-23382,1,1,1
37,-23378,0,1,1
37,-23374,0,1,1
37,-23370,1,1,1
37,-23366,1,1,1
37,-23362,0,1,1
37,-23358,0,1,1
37,-23354,1,1,1
37,-23350,1,1,1
37,-23346,0,1,1
37,-23342,0,1,1
37,-23338,1,1,1
37,-23334,1,1,1
37,-23330,0,1,1
37,-23326,0,1,1
37,-23322,1,1,1
37,-23318,1,1,1
37,-23314,0,1,1
37,-23306,1,1,1
37,-23302,1,1,1
37,-23298,0,1,1
37,-23294,0,1,1
37,-23290,1,1,1
37,-23286,1,1,1
37,-23282,0,1,1
37,-23278,0,1,1
37,-23274,1,1,1
37,-23270,1,1,1
37,-23266,0,1,1
37,-23262,0,1,1
37,-23258,1,1,1
37,-23254,1,1,1
37,-23250,0,1,1
37,-23246,0,1,1
37,-23242,1,1,1
37,-23238,1,1,1
37,-23234,0,1,1
37,-23230,0,1,1
37,-23226,1,1,1
37,-23222,1,1,1
37,-23218,0,1,1
37,-23214,0,1,1
37,-23210,1,1,1
37,-23206,1,1,1
37,-23202,0,1,1
37,-23198,0,1,1
37,-23194,1,1,1
37,-23190,1,1,1
37,-23186,0,1,1
37,-23182,0,1,1
37,-23178,1,1,1
37,-23174,1,1,1
37,-23170,0,1,1
37,-23166,0,1,1
37,-23158,1,1,1
37,-23154,0,1,1
37,-23150,0,1,1
37,-23146,1,1,1
37,-23142,1,1,1
37,-23138,0,1,1
37,-23134,0,1,1
37,-23130,1,1,1
37,-23126,1,1,1
37,-23122,0,1,1
37,-23118,0,1,1
37,-23114,1,1,1
37,-23110,1,1,1
37,-23106,0,1,1
37,-23102,0,1,1
37,-23098,1,1,1
37,-23094,1,1,1
37,-23090,0,1,1
37,-23086,0,1,1
37,-23082,1,1,1
37,-23078,1,1,1
37,-23074,0,1,1
37,-23070,0,1,1
37,-23066,1,1,1
37,-23062,1,1,1
37,-23058,0,1,1
37,-23054,0,1,1
37,-23050,1,1,1
37,-23046,1,1,1
37,-23042,0,1,1
37,-23038,0,1,1
37,-23034,1,1,1
37,-23030,1,1,1
37,-23026,0,1,1
37,-23022,0,1,1
37,-23018,1,1,1
37,-23010,0,1,1
37,-23006,0,1,1
37,-23002,1,1,1
37,-22998,1,1,1
37,-22994,0,1,1
37,-22990,0,1,1
37,-22986,1,1,1
37,-22982,1,1,1
37,-22978,0,1,1
37,-22974,0,1,1
37,-22970,1,1,1
37,-22966,1,1,1
37,-22962,0,1,1
37,-22958,0,1,1
37,-22954,1,1,1
37,-22950,1,1,1
37,-22946,0,1,1
37,-22942,0,1,1
37,-22938,1,1,1
37,-22934,1,1,1
37,-22930,0,1,1
37,-22926,0,1,1
37,-22922,1,1,1
37,-22918,1,1,1
37,-22914,0,1,1
37,-22910,0,1,1
37,-22906,1,1,1
37,-22902,1,1,1
37,-22898,0,1,1
37,-22894,0,1,1
37,-22890,1,1,1
37,-22886,1,1,1
37,-22882,0,1,1
37,-22878,0,1,1
37,-22874,1,1,1
37,-22870,1,1,1
37,-22862,0,1,1
37,-22858,1,1,1
37,-22854,1,1,1
37,-22850,0,1,1
37,-22846,0,1,1
37,-22842,1,1,1
37,-22838,1,1,1
37,-22834,0,1,1
37,-22830,0,1,1
37,-22826,1,1,1
37,-22822,1,1,1
37,-22818,0,1,1
37,-22814,0,1,1
37,-22810,1,1,1
37,-22806,1,1,1
37,-22802,0,1,1
37,-22798,0,1,1
37,-22794,1,1,1
37,-22790,1,1,1
37,-22786,0,1,1
37,-22782,0,1,1
37,-22778,1,1,1
37,-22774,1,1,1
37,-22770,0,1,1
37,-22766,0,1,1
37,-22762,1,1,1
37,-22758,1,1,1
37,-22754,0,1,1
37,-22750,0,1,1
37,-22746,1,1,1
37,-22742,1,1,1
37,-22738,0,1,1
37,-22734,0,1,1
37,-22730,1,1,1
37,-22726,1,1,1
37,-22722,0,1,1
37,-22714,1,1,1
37,-22710,1,1,1
37,-22706,0,1,1
37,-22702,0,1,1
37,-22698,1,1,1
37,-22694,1,1,1
37,-22690,0,1,1
37,-22686,0,1,1
37,-22682,1,1,1
37,-22678,1,1,1
37,-22674,0,1,1
37,-22670,0,1,1
37,-22666,1,1,1
37,-22662,1,1,1
37,-22658,0,1,1
37,-22654,0,1,1
37,-22650,1,1,1
37,-22646,1,1,1
37,-22642,0,1,1
37,-22638,0,1,1
37,-22634,1,1,1
37,-22630,1,1,1
37,-22626,0,1,1
37,-22622,0,1,1
37,-22618,1,1,1
37,-22614,1,1,1
37,-22610,0,1,1
37,-22606,0,1,1
37,-22602,1,1,1
37,-22598,1,1,1
37,-22594,0,1,1
37,-22590,0,1,1
37,-22586,1,1,1
37,-22582,1,1,1
37,-22578,0,1,1
37,-22574,0,1,1
37,-22566,1,1,1
37,-22562,0,1,1
37,-22558,0,1,1
37,-22554,1,1,1
37,-22550,1,1,1
37,-22546,0,1,1
37,-22542,0,1,1
37,-22538,1,1,1
37,-22534,1,1,1
37,-22530,0,1,1
37,-22526,0,1,1
37,-22522,1,1,1
37,-22518,1,1,1
37,-22514,0,1,1
37,-22510,0,1,1
37,-22506,1,1,1
37,-22502,1,1,1
37,-22498,0,1,1
37,-22494,0,1,1
37,-22490,1,1,1
37,-22486,1,1,1
37,-22482,0,1,1
37,-22478,0,1,1
37,-22474,1,1,1
37,-22470,1,1,1
37,-22466,0,1,1
37,-22462,0,1,1
37,-22458,1,1,1
37,-22454,1,1,1
37,-22450,0,1,1
37,-22446,0,1,1
37,-22442,1,1,1
37,-22438,1,1,1
37,-22434,0,1,1
37,-22430,0,1,1
37,-22426,1,1,1
37,-22418,0,1,1
37,-22414,0,1,1
37,-22410,1,1,1
37,-22406,1,1,1
37,-22402,0,1,1
37,-22398,0,1,1
37,-22394,1,1,1
37,-22390,1,1,1
37,-22386,0,1,1
37,-22382,0,1,1
37,-22378,1,1,1
37,-22374,1,1,1
37,-22370,0,1,1
37,-22366,0,1,1
37,-22362,1,1,1
37,-22358,1,1,1
37,-22354,0,1,1
37,-22350,0,1,1
37,-22346,1,1,1
37,-22342,1,1,1
37,-22338,0,1,1
37,-22334,0,1,1
37,-22330,1,1,1
37,-22326,1,1,1
37,-22322,0,1,1
37,-22318,0,1,1
37,-22314,1,1,1
37,-22310,1,1,1
37,-22306,0,1,1
37,-22302,0,1,1
37,-22298,1,1,1
37,-22294,1,1,1
37,-22290,0,1,1
37,-22286,0,1,1
37,-22282,1,1,1
37,-22278,1,1,1
37,-22270,0,1,1
37,-22266,1,1,1
37,-22262,1,1,1
37,-22258,0,1,1
37,-22254,0,1,1
37,-22250,1,1,1
37,-22246,1,1,1
37,-22242,0,1,1
37,-22238,0,1,1
37,-22234,1,1,1
37,-22230,1,1,1
37,-22226,0,1,1
37,-22222,0,1,1
37,-22218,1,1,1
37,-22214,1,1,1
37,-22210,0,1,1
37,-22206,0,1,1
37,-22202,1,1,1
37,-22198,1,1,1
37,-22194,0,1,1
37,-22190,0,1,1
37,-22186,1,1,1
37,-22182,1,1,1
37,-22178,0,1,1
37,-22174,0,1,1
37,-22170,1,1,1
37,-22166,1,1,1
37,-22162,0,1,1
37,-22158,0,1,1
37,-22154,1,1,1
37,-22150,1,1,1
37,-22146,0,1,1
37,-22142,0,1,1
37,-22138,1,1,1
37,-22134,1,1,1
37,-22130,0,1,1
37,-22122,1,1,1
37,-22118,1,1,1
37,-22114,0,1,1
37,-22110,0,1,1
37,-22106,1,1,1
37,-22102,1,1,1
37,-22098,0,1,1
37,-22094,0,1,1
37,-22090,1,1,1
37,-22086,1,1,1
37,-22082,0,1,1
37,-22078,0,1,1
37,-22074,1,1,1
37,-22070,1,1,1
37,-22066,0,1,1
37,-22062,0,1,1
37,-22058,1,1,1
37,-22054,1,1,1
37,-22050,0,1,1
37,-22046,0,1,1
37,-22042,1,1,1
37,-22038,1,1,1
37,-22034,0,1,1
37,-22030,0,1,1
37,-22026,1,1,1
37,-22022,1,1,1
37,-22018,0,1,1
37,-22014,0,1,1
37,-22010,1,1,1
37,-22006,1,1,1
37,-22002,0,1,1
37,-21998,0,1,1
37,-21994,1,1,1
37,-21990,1,1,1
37,-21986,0,1,1
37,-21982,0,1,1
37,-21974,1,1,1
37,-21970,0,1,1
37,-21966,0,1,1
37,-21962,1,1,1
37,-21958,1,1,1
37,-21954,0,1,1
37,-21950,0,1,1
37,-21946,1,1,1
37,-21942,1,1,1
37,-21938,0,1,1
37,-21934,0,1,1
37,-21930,1,1,1
37,-21926,1,1,1
37,-21922,0,1,1
37,-21918,0,1,1
37,-21914,1,1,1
37,-21910,1,1,1
37,-21906,0,1,1
37,-21902,0,1,1
37,-21898,1,1,1
37,-21894,1,1,1
37,-21890,0,1,1
37,-21886,0,1,1
37,-21882,1,1,1
37,-21878,1,1,1
37,-21874,0,1,1
37,-21870,0,1,1
37,-21866,1,0,1
37,-21862,1,1,1
37,-21858,0,1,1
37,-21854,0,1,1
37,-21850,1,1,1
37,-21846,1,1,1
37,-21842,0,1,1
37,-21838,0,1,1
37,-21834,1,1,1
37,-21826,0,1,1
37,-21822,0,1,1
37,-21818,1,1,1
37,-21814,1,1,1
37,-21810,0,1,1
37,-21806,0,1,1
37,-21802,1,1,1
37,-21798,1,1,1
37,-21794,0,1,1
37,-21790,0,1,1
37,-21786,1,1,1
37,-21782,1,1,1
37,-21778,0,1,1
37,-21774,0,1,1
37,-21770,1,1,1
37,-21766,1,1,1
37,-21762,0,1,1
37,-21758,0,1,1
37,-21754,1,1,1
37,-21750,1,1,1
37,-21746,0,1,1
37,-21742,0,1,1
37,-21738,1,1,1
37,-21734,1,1,1
37,-21730,0,1,1
37,-21726,0,1,1
37,-21722,1,1,1
37,-21718,1,1,1
37,-21714,0,1,1
37,-21710,0,1,1
37,-21706,1,1,1
37,-21702,1,1,1
37,-21698,0,1,1
37,-21694,0,1,1
37,-21690,1,1,1
37,-21686,1,1,1
37,-21678,0,1,1
37,-21674,1,1,1
37,-21670,1,1,1
37,-21666,0,1,1
37,-21662,0,1,1
37,-21658,1,1,1
37,-21654,1,1,1
37,-21650,0,1,1
37,-21646,0,1,1
37,-21642,1,1,1
37,-21638,1,1,1
37,-21634,0,1,1
37,-21630,0,1,1
37,-21626,1,1,1
37,-21622,1,1,1
37,-21618,0,1,1
37,-21614,0,1,1
37,-21610,1,1,1
37,-21606,1,1,1
37,-21602,0,1,1
37,-21598,0,1,1
37,-21594,1,1,1
37,-21590,1,1,1
37,-21586,0,1,1
37,-21582,0,1,1
37,-21578,1,1,1
37,-21574,1,1,1
37,-21570,0,1,1
37,-21566,0,1,1
37,-21562,1,1,1
37,-21558,1,1,1
37,-21554,0,1,1
37,-21550,0,1,1
37,-21546,1,1,1
37,-21542,1,1,1
37,-21538,0,1,1
37,-21530,1,1,1
37,-21526,1,1,1
37,-21522,0,1,1
37,-21518,0,1,1
37,-21514,1,1,1
37,-21510,1,1,1
37,-21506,0,1,1
37,-21502,0,1,1
37,-21498,1,1,1
37,-21494,1,1,1
37,-21490,0,1,1
37,-21486,0,1,1
37,-21482,1,1,1
37,-21478,1,1,1
37,-21474,0,1,1
37,-21470,0,1,1
37,-21466,1,1,1
37,-21462,1,1,1
37,-21458,0,1,1
37,-21454,0,1,1
37,-21450,1,1,1
37,-21446,1,1,1
37,-21442,0,1,1
37,-21438,0,1,1
37,-21434,1,1,1
37,-21430,1,1,1
37,-21426,0,1,1
37,-21422,0,1,1
37,-21418,1,1,1
37,-21414,1,1,1
37,-21410,0,1,1
37,-21406,0,1,1
37,-21402,1,1,1
37,-21398,1,1,1
37,-21394,0,1,1
37,-21390,0,1,1
37,-21382,1,1,1
37,-21378,0,1,1
37,-21374,0,1,1
37,-21370,1,1,1
37,-21366,1,1,1
37,-21362,0,1,1
37,-21358,0,1,1
37,-21354,1,1,1
37,-21350,1,1,1
37,-21346,0,1,1
37,-21342,0,1,1
37,-21338,1,1,1
37,-21334,1,1,1
37,-21330,0,1,1
37,-21326,0,1,1
37,-21322,1,1,1
37,-21318,1,1,1
37,-21314,0,1,1
37,-21310,0,1,1
37,-21306,1,1,1
37,-21302,1,1,1
37,-21298,0,1,1
37,-21294,0,1,1
37,-21290,1,1,1
37,-21286,1,1,1
37,-21282,0,1,1
37,-21278,0,1,1
37,-21274,1,1,1
37,-21270,1,1,1
37,-21266,0,1,1
37,-21262,0,1,1
37,-21258,1,1,1
37,-21254,1,1,1
37,-21250,0,1,1
37,-21246,0,1,1
37,-21242,1,1,1
37,-21234,0,1,1
37,-21230,0,1,1
37,-21226,1,1,1
37,-21222,1,1,1
37,-21218,0,1,1
37,-21214,0,1,1
37,-21210,1,1,1
37,-21206,1,1,1
37,-21202,0,1,1
37,-21198,0,1,1
37,-21194,1,1,1
37,-21190,1,1,1
37,-21186,0,1,1
37,-21182,0,1,1
37,-21178,1,1,1
37,-21174,1,1,1
37,-21170,0,1,1
37,-21166,0,1,1
37,-21162,1,1,1
37,-21158,1,1,1
37,-21154,0,1,1
37,-21150,0,1,1
37,-21146,1,1,1
37,-21142,1,1,1
37,-21138,0,1,1
37,-21134,0,1,1
37,-21130,1,1,1
37,-21126,1,1,1
37,-21122,0,1,1
37,-21118,0,1,1
37,-21114,1,1,1
37,-21110,1,1,1
37,-21106,0,1,1
37,-21102,0,1,1
37,-21098,1,1,1
37,-21094,1,1,1
37,-21086,0,1,1
37,-21082,1,1,1
37,-21078,1,1,1
37,-21074,0,1,1
37,-21070,0,1,1
37,-21066,1,1,1
37,-21062,1,1,1
37,-21058,0,1,1
37,-21054,0,1,1
37,-21050,1,1,1
37,-21046,1,1,1
37,-21042,0,1,1
37,-21038,0,1,1
37,-21034,1,1,1
37,-21030,1,1,1
37,-21026,0,1,1
37,-21022,0,1,1
37,-21018,1,1,1
37,-21014,1,1,1
37,-21010,0,1,1
37,-21006,0,1,1
37,-21002,1,1,1
37,-20998,1,1,1
37,-20994,0,1,1
37,-20990,0,1,1
37,-20986,1,1,1
37,-20982,1,1,1
37,-20978,0,1,1
37,-20974,0,1,1
37,-20970,1,1,1
37,-20966,1,1,1
37,-20962,0,1,1
37,-20958,0,1,1
37,-20954,1,1,1
37,-20950,1,1,1
37,-20946,0,1,1
37,-20938,1,1,1
37,-20934,1,1,1
37,-20930,0,1,1
37,-20926,0,1,1
37,-20922,1,1,1
37,-20918,1,1,1
37,-20914,0,1,1
37,-20910,0,1,1
37,-20906,1,1,1
37,-20902,1,1,1
37,-20898,0,1,1
37,-20894,0,1,1
37,-20890,1,1,1
37,-20886,1,1,1
37,-20882,0,1,1
37,-20878,0,1,1
37,-20874,1,1,1
37,-20870,1,1,1
37,-20866,0,1,1
37,-20862,0,1,1
37,-20858,1,1,1
37,-20854,1,1,1
37,-20850,0,1,1
37,-20846,0,1,1
37,-20842,1,1,1
37,-20838,1,1,1
37,-20834,0,1,1
37,-20830,0,1,1
37,-20826,1,1,1
37,-20822,1,1,1
37,-20818,0,1,1
37,-20814,0,1,1
37,-20810,1,1,1
37,-20806,1,1,1
37,-20802,0,1,1
37,-20798,0,1,1
37,-20790,1,1,1
37,-20786,0,1,1
37,-20782,0,1,1
37,-20778,1,1,1
37,-20774,1,1,1
37,-20770,0,1,1
37,-20766,0,1,1
37,-20762,1,1,1
37,-20758,1,1,1
37,-20754,0,1,1
37,-20750,0,1,1
37,-20746,1,1,1
37,-20742,1,1,1
37,-20738,0,1,1
37,-20734,0,1,1
37,-20730,1,1,1
37,-20726,1,1,1
37,-20722,0,1,1
37,-20718,0,1,1
37,-20714,1,1,1
37,-20710,1,1,1
37,-20706,0,1,1
37,-20702,0,1,1
37,-20698,1,1,1
37,-20694,1,1,1
37,-20690,0,1,1
37,-20686,0,1,1
37,-20682,1,1,1
37,-20678,1,1,1
37,-20674,0,1,1
37,-20670,0,1,1
37,-20666,1,1,1
37,-20662,1,1,1
37,-20658,0,1,1
37,-20654,0,1,1
37,-20650,1,1,1
37,-20642,0,1,1
37,-20638,0,1,1
37,-20634,1,1,1
37,-20630,1,1,1
37,-20626,0,1,1
37,-20622,0,1,1
37,-20618,1,1,1
37,-20614,1,1,1
37,-20610,0,1,1
37,-20606,0,1,1
37,-20602,1,1,1
37,-20598,1,1,1
37,-20594,0,1,1
37,-20590,0,1,1
37,-20586,1,1,1
37,-20582,1,1,1
37,-20578,0,1,1
37,-20574,0,1,1
37,-20570,1,1,1
37,-20566,1,1,1
37,-20562,0,1,1
37,-20558,0,1,1
37,-20554,1,1,1
37,-20550,1,1,1
37,-20546,0,1,1
37,-20542,0,1,1
37,-20538,1,1,1
37,-20534,1,1,1
37,-20530,0,1,1
37,-20526,0,1,1
37,-20522,1,1,1
37,-20518,1,1,1
37,-20514,0,1,1
37,-20510,0,1,1
37,-20506,1,1,1
37,-20502,1,1,1
37,-20494,0,1,1
37,-20490,1,1,1
37,-20486,1,1,1
37,-20482,0,1,1
37,-20478,0,1,1
37,-20474,1,1,1
37,-20470,1,1,1
37,-20466,0,1,1
37,-20462,0,1,1
37,-20458,1,1,1
37,-20454,1,1,1
37,-20450,0,1,1
37,-20446,0,1,1
37,-20442,1,1,1
37,-20438,1,1,1
37,-20434,0,1,1
37,-20430,0,1,1
37,-20426,1,1,1
37,-20422,1,1,1
37,-20418,0,1,1
37,-20414,0,1,1
37,-20410,1,1,1
37,-20406,1,1,1
37,-20402,0,1,1
37,-20398,0,1,1
37,-20394,1,1,1
37,-20390,1,1,1
37,-20386,0,1,1
37,-20382,0,1,1
37,-20378,1,1,1
37,-20374,1,1,1
37,-20370,0,1,1
37,-20366,0,1,1
37,-20362,1,1,1
37,-20358,1,1,1
37,-20354,0,1,1
37,-20346,1,1,1
37,-20342,1,1,1
37,-20338,0,1,1
37,-20334,0,1,1
37,-20330,1,1,1
37,-20326,1,1,1
37,-20322,0,1,1
37,-20318,0,1,1
37,-20314,1,1,1
37,-20310,1,1,1
37,-20306,0,1,1
37,-20302,0,1,1
37,-20298,1,1,1
37,-20294,1,1,1
37,-20290,0,1,1
37,-20286,0,1,1
37,-20282,1,1,1
37,-20278,1,1,1
37,-20274,0,1,1
37,-20270,0,1,1
37,-20266,1,1,1
37,-20262,1,1,1
37,-20258,0,1,1
37,-20254,0,1,1
37,-20250,1,1,1
37,-20246,1,1,1
37,-20242,0,1,1
37,-20238,0,1,1
37,-20234,1,1,1
37,-20230,1,1,1
37,-20226,0,1,1
37,-20222,0,1,1
37,-20218,1,1,1
37,-20214,1,1,1
37,-20210,0,1,1
37,-20206,0,1,1
37,-20198,1,1,1
37,-20194,0,1,1
37,-20190,0,1,1
37,-20186,1,1,1
37,-20182,1,1,1
37,-20178,0,1,1
37,-20174,0,1,1
37,-20170,1,1,1
37,-20166,1,1,1
37,-20162,0,1,1
37,-20158,0,1,1
37,-20154,1,1,1
37,-20150,1,1,1
37,-20146,0,1,1
37,-20142,0,1,1
37,-20138,1,1,1
37,-20134,1,1,1
37,-20130,0,1,1
37,-20126,0,1,1
37,-20122,1,1,1
37,-20118,1,1,1
37,-20114,0,1,1
37,-20110,0,1,1
37,-20106,1,1,1
37,-20102,1,1,1
37,-20098,0,1,1
37,-20094,0,1,1
37,-20090,1,1,1
37,-20086,1,1,1
37,-20082,0,1,1
37,-20078,0,1,1
37,-20074,1,1,1
37,-20070,1,1,1
37,-20066,0,1,1
37,-20062,0,1,1
37,-20058,1,1,1
37,-20050,0,1,1
37,-20046,0,1,1
37,-20042,1,1,1
37,-20038,1,1,1
37,-20034,0,1,1
37,-20030,0,1,1
37,-20026,1,1,1
37,-20022,1,1,1
37,-20018,0,1,1
37,-20014,0,1,1
37,-20010,1,1,1
37,-20006,1,1,1
37,-20002,0,1,1
37,-19998,0,1,1
37,-19994,1,1,1
37,-19990,1,1,1
37,-19986,0,1,1
37,-19982,0,1,1
37,-19978,1,1,1
37,-19974,1,1,1
37,-19970,0,1,1
37,-19966,0,1,1
37,-19962,1,1,1
37,-19958,1,1,1
37,-19954,0,1,1
37,-19950,0,1,1
37,-19946,1,1,1
37,-19942,1,1,1
37,-19938,0,1,1
37,-19934,0,1,1
37,-19930,1,1,1
37,-19926,1,1,1
37,-19922,0,1,1
37,-19918,0,1,1
37,-19914,1,1,1
37,-19910,1,1,1
37,-19902,0,1,1
37,-19898,1,1,1
37,-19894,1,1,1
37,-19890,0,1,1
37,-19886,0,1,1
37,-19882,1,1,1
37,-19878,1,1,1
37,-19874,0,1,1
37,-19870,0,1,1
37,-19866,1,1,1
37,-19862,1,1,1
37,-19858,0,1,1
37,-19854,0,1,1
37,-19850,1,1,1
37,-19846,1,1,1
37,-19842,0,1,1
37,-19838,0,1,1
37,-19834,1,1,1
37,-19830,1,1,1
37,-19826,0,1,1
37,-19822,0,1,1
37,-19818,1,1,1
37,-19814,1,1,1
37,-19810,0,1,1
37,-19806,0,1,1
37,-19802,1,1,1
37,-19798,1,1,1
37,-19794,0,1,1
37,-19790,0,1,1
37,-19786,1,1,1
37,-19782,1,1,1
37,-19778,0,1,1
37,-19774,0,1,1
37,-19770,1,1,1
37,-19766,1,1,1
37,-19762,0,1,1
37,-19754,1,1,1
37,-19750,1,1,1
37,-19746,0,1,1
37,-19742,0,1,1
37,-19738,1,1,1
37,-19734,1,1,1
37,-19730,0,1,1
37,-19726,0,1,1
37,-19722,1,1,1
37,-19718,1,1,1
37,-19714,0,1,1
37,-19710,0,1,1
37,-19706,1,1,1
37,-19702,1,1,1
37,-19698,0,1,1
37,-19694,0,1,1
37,-19690,1,1,1
37,-19686,1,1,1
37,-19682,0,1,1
37,-19678,0,1,1
37,-19674,1,1,1
37,-19670,1,1,1
37,-19666,0,1,1
37,-19662,0,1,1
37,-19658,1,1,1
37,-19654,1,1,1
37,-19650,0,1,1
37,-19646,0,1,1
37,-19642,1,1,1
37,-19638,1,1,1
37,-19634,0,1,1
37,-19630,0,1,1
37,-19626,1,1,1
37,-19622,1,1,1
37,-19618,0,1,1
37,-19614,0,1,1
37,-19606,1,1,1
37,-19602,0,1,1
37,-19598,0,1,1
37,-19594,1,1,1
37,-19590,1,1,1
37,-19586,0,1,1
37,-19582,0,1,1
37,-19578,1,1,1
37,-19574,1,1,1
37,-19570,0,1,1
37,-19566,0,1,1
37,-19562,1,1,1
37,-19558,1,1,1
37,-19554,0,1,1
37,-19550,0,1,1
37,-19546,1,1,1
37,-19542,1,1,1
37,-19538,0,1,1
37,-19534,0,1,1
37,-19530,1,1,1
37,-19526,1,1,1
37,-19522,0,1,1
37,-19518,0,1,1
37,-19514,1,1,1
37,-19510,1,1,1
37,-19506,0,1,1
37,-19502,0,1,1
37,-19498,1,1,1
37,-19494,1,1,1
37,-19490,0,1,1
37,-19486,0,1,1
37,-19482,1,1,1
37,-19478,1,1,1
37,-19474,0,1,1
37,-19470,0,1,1
37,-19466,1,1,1
37,-19458,0,1,1
37,-19454,0,1,1
37,-19450,1,1,1
37,-19446,1,1,1
37,-19442,0,1,1
37,-19438,0,1,1
37,-19434,1,1,1
37,-19430,1,1,1
37,-19426,0,1,1
37,-19422,0,1,1
37,-19418,1,1,1
37,-19414,1,0,1
37,-19410,0,1,1
37,-19406,0,1,1
37,-19402,1,1,1
37,-19398,1,1,1
37,-19394,0,1,1
37,-19390,0,1,1
37,-19386,1,1,1
37,-19382,1,1,1
37,-19378,0,1,1
37,-19374,0,1,1
37,-19370,1,1,1
37,-19366,1,1,1
37,-19362,0,1,1
37,-19358,0,1,1
37,-19354,1,1,1
37,-19350,1,1,1
37,-19346,0,1,1
37,-19342,0,1,1
37,-19338,1,1,1
37,-19334,1,1,1
37,-19330,0,1,1
37,-19326,0,1,1
37,-19322,1,1,1
37,-19318,1,1,1
37,-19310,0,1,1
37,-19306,1,1,1
37,-19302,1,1,1
37,-19298,0,1,1
37,-19294,0,1,1
37,-19290,1,1,1
37,-19286,1,1,1
37,-19282,0,1,1
37,-19278,0,1,1
37,-19274,1,1,1
37,-19270,1,1,1
37,-19266,0,1,1
37,-19262,0,1,1
37,-19258,1,1,1
37,-19254,1,1,1
37,-19250,0,1,1
37,-19246,0,1,1
37,-19242,1,1,1
37,-19238,1,1,1
37,-19234,0,1,1
37,-19230,0,1,1
37,-19226,1,1,1
37,-19222,1,1,1
37,-19218,0,0,0
37,-19214,0,1,1
37,-19210,1,1,1
37,-19206,1,1,1
37,-19202,0,1,1
37,-19198,0,1,1
37,-19194,1,1,1
37,-19190,1,1,1
37,-19186,0,1,1
37,-19182,0,1,1
37,-19178,1,1,1
37,-19174,1,1,1
37,-19170,0,1,1
37,-19162,1,1,1
37,-19158,1,1,1
37,-19154,0,1,1
37,-19150,0,1,1
37,-19146,1,1,1
37,-19142,1,1,1
37,-19138,0,1,1
37,-19134,0,1,1
37,-19130,1,1,1
37,-19126,1,1,1
37,-19122,0,1,1
37,-19118,0,1,1
37,-19114,1,1,1
37,-19110,1,1,1
37,-19106,0,1,1
37,-19102,0,1,1
37,-19098,1,1,1
37,-19094,1,1,1
37,-19090,0,1,1
37,-19086,0,1,1
37,-19082,1,1,1
37,-19078,1,1,1
37,-19074,0,1,1
37,-19070,0,1,1
37,-19066,1,1,1
37,-19062,1,1,1
37,-19058,0,1,1
37,-19054,0,1,1
37,-19050,1,1,1
37,-19046,1,1,1
37,-19042,0,1,1
37,-19038,0,1,1
37,-19034,1,1,1
37,-19030,1,1,1
37,-19026,0,1,1
37,-19022,0,1,1
37,-19014,1,1,1
37,-19010,0,1,1
37,-19006,0,1,1
37,-19002,1,1,1
37,-18998,1,1,1
37,-18994,0,1,1
37,-18990,0,1,1
37,-18986,1,1,1
37,-18982,1,1,1
37,-18978,0,1,1
37,-18974,0,1,1
37,-18970,1,1,1
37,-18966,1,1,1
37,-18962,0,1,1
37,-18958,0,1,1
37,-18954,1,1,1
37,-18950,1,1,1
37,-18946,0,1,1
37,-18942,0,1,1
37,-18938,1,1,1
37,-18934,1,1,1
37,-18930,0,1,1
37,-18926,0,1,1
37,-18922,1,1,1
37,-18918,1,1,1
37,-18914,0,1,1
37,-18910,0,1,1
37,-18906,1,1,1
37,-18902,1,1,1
37,-18898,0,1,1
37,-18894,0,1,1
37,-18890,1,1,1
37,-18886,1,1,1
37,-18882,0,1,1
37,-18878,0,1,1
37,-18874,1,1,1
37,-18866,0,1,1
37,-18862,0,1,1
37,-18858,1,1,1
37,-18854,1,1,1
37,-18850,0,1,1
37,-18846,0,1,1
37,-18842,1,1,1
37,-18838,1,1,1
37,-18834,0,1,1
37,-18830,0,1,1
37,-18826,1,1,1
37,-18822,1,1,1
37,-18818,0,1,1
37,-18814,0,1,1
37,-18810,1,1,1
37,-18806,1,1,1
37,-18802,0,1,1
37,-18798,0,1,1
37,-18794,1,1,1
37,-18790,1,1,1
37,-18786,0,1,1
37,-18782,0,1,1
37,-18778,1,1,1
37,-18774,1,1,1
37,-18770,0,1,1
37,-18766,0,1,1
37,-18762,1,1,1
37,-18758,1,1,1
37,-18754,0,1,1
37,-18750,0,1,1
37,-18746,1,1,1
37,-18742,1,1,1
37,-18738,0,1,1
37,-18734,0,1,1
37,-18730,1,1,1
37,-18726,1,1,1
37,-18718,0,1,1
37,-18714,1,1,1
37,-18710,1,1,1
37,-18706,0,1,1
37,-18702,0,1,1
37,-18698,1,1,1
37,-18694,1,1,1
37,-18690,0,1,1
37,-18686,0,1,1
37,-18682,1,1,1
37,-18678,1,1,1
37,-18674,0,1,1
37,-18670,0,1,1
37,-18666,1,1,1
37,-18662,1,1,1
37,-18658,0,1,1
37,-18654,0,1,1
37,-18650,1,1,1
37,-18646,1,1,1
37,-18642,0,1,1
37,-18638,0,1,1
37,-18634,1,1,1
37,-18630,1,1,1
37,-18626,0,1,1
37,-18622,0,1,1
37,-18618,1,1,1
37,-18614,1,1,1
37,-18610,0,1,1
37,-18606,0,1,1
37,-18602,1,1,1
37,-18598,1,1,1
37,-18594,0,1,1
37,-18590,0,1,1
37,-18586,1,1,1
37,-18582,1,1,1
37,-18578,0,1,1
37,-18570,1,1,1
37,-18566,1,1,1
37,-18562,0,1,1
37,-18558,0,1,1
37,-18554,1,1,1
37,-18550,1,1,1
37,-18546,0,1,1
37,-18542,0,1,1
37,-18538,1,1,1
37,-18534,1,1,1
37,-18530,0,1,1
37,-18526,0,1,1
37,-18522,1,1,1
37,-18518,1,1,1
37,-18514,0,1,1
37,-18510,0,1,1
37,-18506,1,1,1
37,-18502,1,1,1
37,-18498,0,1,1
37,-18494,0,1,1
37,-18490,1,1,1
37,-18486,1,1,1
37,-18482,0,1,1
37,-18478,0,1,1
37,-18474,1,1,1
37,-18470,1,1,1
37,-18466,0,1,1
37,-18462,0,1,1
37,-18458,1,1,1
37,-18454,1,1,1
37,-18450,0,1,1
37,-18446,0,1,1
37,-18442,1,1,1
37,-18438,1,1,1
37,-18434,0,1,1
37,-18430,0,1,1
37,-18422,1,1,1
37,-18418,0,1,1
37,-18414,0,1,1
37,-18410,1,1,1
37,-18406,1,1,1
37,-18402,0,1,1
37,-18398,0,1,1
37,-18394,1,1,1
37,-18390,1,1,1
37,-18386,0,1,1
37,-18382,0,1,1
37,-18378,1,1,1
37,-18374,1,1,1
37,-18370,0,1,1
37,-18366,0,1,1
37,-18362,1,1,1
37,-18358,1,1,1
37,-18354,0,1,1
37,-18350,0,1,1
37,-18346,1,1,1
37,-18342,1,1,1
37,-18338,0,1,1
37,-18334,0,1,1
37,-18330,1,1,1
37,-18326,1,1,1
37,-18322,0,1,1
37,-18318,0,1,1
37,-18314,1,1,1
37,-18310,1,1,1
37,-18306,0,1,1
37,-18302,0,1,1
37,-18298,1,1,1
37,-18294,1,1,1
37,-18290,0,1,1
37,-18286,0,1,1
37,-18282,1,1,1
37,-18274,0,1,1
37,-18270,0,1,1
37,-18266,1,1,1
37,-18262,1,1,1
37,-18258,0,1,1
37,-18254,0,1,1
37,-18250,1,1,1
37,-18246,1,1,1
37,-18242,0,1,1
37,-18238,0,1,1
37,-18234,1,1,1
37,-18230,1,1,1
37,-18226,0,1,1
37,-18222,0,1,1
37,-18218,1,1,1
37,-18214,1,1,1
37,-18210,0,1,1
37,-18206,0,1,1
37,-18202,1,1,1
37,-18198,1,1,1
37,-18194,0,1,1
37,-18190,0,1,1
37,-18186,1,1,1
37,-18182,1,1,1
37,-18178,0,1,1
37,-18174,0,1,1
37,-18170,1,1,1
37,-18166,1,1,1
37,-18162,0,0,0
37,-18158,0,1,1
37,-18154,1,1,1
37,-18150,1,1,1
37,-18146,0,1,1
37,-18142,0,1,1
37,-18138,1,1,1
37,-18134,1,1,1
37,-18126,0,1,1
37,-18122,1,1,1
37,-18118,1,1,1
37,-18114,0,1,1
37,-18110,0,1,1
37,-18106,1,1,1
37,-18102,1,1,1
37,-18098,0,1,1
37,-18094,0,1,1
37,-18090,1,1,1
37,-18086,1,1,1
37,-18082,0,1,1
37,-18078,0,1,1
37,-18074,1,1,1
37,-18070,1,1,1
37,-18066,0,1,1
37,-18062,0,1,1
37,-18058,1,1,1
37,-18054,1,1,1
37,-18050,0,1,1
37,-18046,0,1,1
37,-18042,1,1,1
37,-18038,1,1,1
37,-18034,0,1,1
37,-18030,0,1,1
37,-18026,1,1,1
37,-18022,1,1,1
37,-18018,0,1,1
37,-18014,0,1,1
37,-18010,1,1,1
37,-18006,1,1,1
37,-18002,0,1,1
37,-17998,0,1,1
37,-17994,1,1,1
37,-17990,1,1,1
37,-17986,0,1,1
37,-17978,1,1,1
37,-17974,1,1,1
37,-17970,0,1,1
37,-17966,0,1,1
37,-17962,1,1,1
37,-17958,1,1,1
37,-17954,0,1,1
37,-17950,0,1,1
37,-17946,1,1,1
37,-17942,1,1,1
37,-17938,0,1,1
37,-17934,0,1,1
37,-17930,1,1,1
37,-17926,1,1,1
37,-17922,0,1,1
37,-17918,0,1,1
37,-17914,1,1,1
37,-17910,1,1,1
37,-17906,0,1,1
37,-17902,0,1,1
37,-17898,1,1,1
37,-17894,1,1,1
37,-17890,0,1,1
37,-17886,0,1,1
37,-17882,1,1,1
37,-17878,1,1,1
37,-17874,0,1,1
37,-17870,0,1,1
37,-17866,1,1,1
37,-17862,1,1,1
37,-17858,0,1,1
37,-17854,0,1,1
37,-17850,1,1,1
37,-17846,1,1,1
37,-17842,0,1,1
37,-17838,0,1,1
37,-17830,1,1,1
37,-17826,0,1,1
37,-17822,0,1,1
37,-17818,1,1,1
37,-17814,1,1,1
37,-17810,0,1,1
37,-17806,0,1,1
37,-17802,1,1,1
37,-17798,0,1,1
37,-17794,0,1,1
37,-17790,0,1,1
37,-17786,1,1,1
37,-17782,1,1,1
37,-17778,0,1,1
37,-17774,0,1,1
37,-17770,1,1,1
37,-17766,1,1,1
37,-17762,0,1,1
37,-17758,0,1,1
37,-17754,1,1,1
37,-17750,1,1,1
37,-17746,0,1,1
37,-17742,0,1,1
37,-17738,1,1,1
37,-17734,1,1,1
37,-17730,0,1,1
37,-17726,0,1,1
37,-17722,1,1,1
37,-17718,1,1,1
37,-17714,0,1,1
37,-17710,0,1,1
37,-17706,1,1,1
37,-17702,1,1,1
37,-17698,0,1,1
37,-17694,0,1,1
37,-17690,1,1,1
37,-17682,0,1,1
37,-17678,0,1,1
37,-17674,1,1,1
37,-17670,1,1,1
37,-17666,0,1,1
37,-17662,0,1,1
37,-17658,1,1,1
37,-17654,1,1,1
37,-17650,0,1,1
37,-17646,0,1,1
37,-17642,1,1,1
37,-17638,1,1,1
37,-17634,0,1,1
37,-17630,0,1,1
37,-17626,1,1,1
37,-17622,1,1,1
37,-17618,0,1,1
37,-17614,0,1,1
37,-17610,1,1,1
37,-17606,1,1,1
37,-17602,0,1,1
37,-17598,0,1,1
37,-17594,1,1,1
37,-17590,1,1,1
37,-17586,0,1,1
37,-17582,0,1,1
37,-17578,1,1,1
37,-17574,1,1,1
37,-17570,0,1,1
37,-17566,0,1,1
37,-17562,1,1,1
37,-17558,1,1,1
37,-17554,0,1,1
37,-17550,0,1,1
37,-17546,1,1,1
37,-17542,1,1,1
37,-17534,0,1,1
37,-17530,1,1,1
37,-17526,1,1,1
37,-17522,0,1,1
37,-17518,0,1,1
37,-17514,1,0,1
37,-17510,1,1,1
37,-17506,0,1,1
37,-17502,0,1,1
37,-17498,1,1,1
37,-17494,1,1,1
37,-17490,0,1,1
37,-17486,0,1,1
37,-17482,1,1,1
37,-17478,1,1,1
37,-17474,0,1,1
37,-17470,0,1,1
37,-17466,1,1,1
37,-17462,1,1,1
37,-17458,0,1,1
37,-17454,0,1,1
37,-17450,1,1,1
37,-17446,1,1,1
37,-17442,0,1,1
37,-17438,0,1,1
37,-17434,1,1,1
37,-17430,1,1,1
37,-17426,0,1,1
37,-17422,0,1,1
37,-17418,1,1,1
37,-17414,1,1,1
37,-17410,0,1,1
37,-17406,0,1,1
37,-17402,1,1,1
37,-17398,1,1,1
37,-17394,0,1,1
37,-17386,1,1,1
37,-17382,1,1,1
37,-17378,0,1,1
37,-17374,0,1,1
37,-17370,1,1,1
37,-17366,1,1,1
37,-17362,0,1,1
37,-17358,0,1,1
37,-17354,1,1,1
37,-17350,1,1,1
37,-17346,0,1,1
37,-17342,0,1,1
37,-17338,1,1,1
37,-17334,1,1,1
37,-17330,0,1,1
37,-17326,0,1,1
37,-17322,1,1,1
37,-17318,1,1,1
37,-17314,0,1,1
37,-17310,0,1,1
37,-17306,1,1,1
37,-17302,1,1,1
37,-17298,0,1,1
37,-17294,0,1,1
37,-17290,1,1,1
37,-17286,1,1,1
37,-17282,0,1,1
37,-17278,0,1,1
37,-17274,1,1,1
37,-17270,1,1,1
37,-17266,0,1,1
37,-17262,0,1,1
37,-17258,1,1,1
37,-17254,1,1,1
37,-17250,0,1,1
37,-17246,0,1,1
37,-17238,1,1,1
37,-17234,0,1,1
37,-17230,0,1,1
37,-17226,1,1,1
37,-17222,1,1,1
37,-17218,0,1,1
37,-17214,0,1,1
37,-17210,1,1,1
37,-17206,1,1,1
37,-17202,0,1,1
37,-17198,0,1,1
37,-17194,1,1,1
37,-17190,1,1,1
37,-17186,0,1,1
37,-17182,0,1,1
37,-17178,1,1,1
37,-17174,1,1,1
37,-17170,0,1,1
37,-17166,0,1,1
37,-17162,1,1,1
37,-17158,1,1,1
37,-17154,0,1,1
37,-17150,0,1,1
37,-17146,1,1,1
37,-17142,1,1,1
37,-17138,0,1,1
37,-17134,0,1,1
37,-17130,1,1,1
37,-17126,1,1,1
37,-17122,0,1,1
37,-17118,0,1,1
37,-17114,1,1,1
37,-17110,1,1,1
37,-17106,0,1,1
37,-17102,0,1,1
37,-17098,1,1,1
37,-17090,0,1,1
37,-17086,0,1,1
37,-17082,1,1,1
37,-17078,1,1,1
37,-17074,0,1,1
37,-17070,0,1,1
37,-17066,1,1,1
37,-17062,1,1,1
37,-17058,0,1,1
37,-17054,0,1,1
37,-17050,1,1,1
37,-17046,1,1,1
37,-17042,0,1,1
37,-17038,0,1,1
37,-17034,1,1,1
37,-17030,1,1,1
37,-17026,0,1,1
37,-17022,0,1,1
37,-17018,1,1,1
37,-17014,1,1,1
37,-17010,0,1,1
37,-17006,0,1,1
37,-17002,1,1,1
37,-16998,1,1,1
37,-16994,0,1,1
37,-16990,0,1,1
37,-16986,1,1,1
37,-16982,1,1,1
37,-16978,0,1,1
37,-16974,0,1,1
37,-16970,1,1,1
37,-16966,1,1,1
37,-16962,0,1,1
37,-16958,0,1,1
37,-16954,1,1,1
37,-16950,1,1,1
37,-16942,0,1,1
37,-16938,1,1,1
37,-16934,1,1,1
37,-16930,0,1,1
37,-16926,0,1,1
37,-16922,1,1,1
37,-16918,1,1,1
37,-16914,0,1,1
37,-16910,0,1,1
37,-16906,1,1,1
37,-16902,1,1,1
37,-16898,0,1,1
37,-16894,0,1,1
37,-16890,1,1,1
37,-16886,1,1,1
37,-16882,0,1,1
37,-16878,0,1,1
37,-16874,1,1,1
37,-16870,1,1,1
37,-16866,0,1,1
37,-16862,0,1,1
37,-16858,1,1,1
37,-16854,1,1,1
37,-16850,0,1,1
37,-16846,0,1,1
37,-16842,1,1,1
37,-16838,1,1,1
37,-16834,0,1,1
37,-16830,0,1,1
37,-16826,1,1,1
37,-16822,1,1,1
37,-16818,0,1,1
37,-16814,0,1,1
37,-16810,1,1,1
37,-16806,1,1,1
37,-16802,0,1,1
37,-16794,1,1,1
37,-16790,1,1,1
37,-16786,0,1,1
37,-16782,0,1,1
37,-16778,1,1,1
37,-16774,1,1,1
37,-16770,0,1,1
37,-16766,0,1,1
37,-16762,1,1,1
37,-16758,1,1,1
37,-16754,0,1,1
37,-16750,0,1,1
37,-16746,1,1,1
37,-16742,1,1,1
37,-16738,0,1,1
37,-16734,0,1,1
37,-16730,1,1,1
37,-16726,1,1,1
37,-16722,0,1,1
37,-16718,0,1,1
37,-16714,1,1,1
37,-16710,1,1,1
37,-16706,0,1,1
37,-16702,0,1,1
37,-16698,1,1,1
37,-16694,1,1,1
37,-16690,0,1,1
37,-16686,0,1,1
37,-16682,1,1,1
37,-16678,1,1,1
37,-16674,0,1,1
37,-16670,0,1,1
37,-16666,1,1,1
37,-16662,1,1,1
37,-16658,0,1,1
37,-16654,0,1,1
37,-16646,1,1,1
37,-16642,0,1,1
37,-16638,0,1,1
37,-16634,1,1,1
37,-16630,1,1,1
37,-16626,0,1,1
37,-16622,0,1,1
37,-16618,1,1,1
37,-16614,1,1,1
37,-16610,0,1,1
37,-16606,0,1,1
37,-16602,1,1,1
37,-16598,1,1,1
37,-16594,0,1,1
37,-16590,0,1,1
37,-16586,1,1,1
37,-16582,1,1,1
37,-16578,0,1,1
37,-16574,0,1,1
37,-16570,1,1,1
37,-16566,1,1,1
37,-16562,0,1,1
37,-16558,0,1,1
37,-16554,1,1,1
37,-16550,1,1,1
37,-16546,0,1,1
37,-16542,0,1,1
37,-16538,1,1,1
37,-16534,1,1,1
37,-16530,0,1,1
37,-16526,0,1,1
37,-16522,1,1,1
37,-16518,1,1,1
37,-16514,0,1,1
37,-16510,0,1,1
37,-16506,1,1,1
37,-16498,0,1,1
37,-16494,0,1,1
37,-16490,1,1,1
37,-16486,1,1,1
37,-16482,0,1,1
37,-16478,0,1,1
37,-16474,1,1,1
37,-16470,1,1,1
37,-16466,0,1,1
37,-16462,0,1,1
37,-16458,1,1,1
37,-16454,1,1,1
37,-16450,0,1,1
37,-16446,0,1,1
37,-16442,1,1,1
37,-16438,1,1,1
37,-16434,0,1,1
37,-16430,0,1,1
37,-16426,1,1,1
37,-16422,1,1,1
37,-16418,0,1,1
37,-16414,0,1,1
37,-16410,1,1,1
37,-16406,1,1,1
37,-16402,0,1,1
37,-16398,0,1,1
37,-16394,1,1,1
37,-16390,1,1,1
37,-16386,0,1,1
37,-16382,0,1,1
37,-16378,1,1,1
37,-16374,1,1,1
37,-16370,0,1,1
37,-16366,0,1,1
37,-16362,1,1,1
37,-16358,1,1,1
37,-16350,0,1,1
37,-16346,1,1,1
37,-16342,1,1,1
37,-16338,0,1,1
37,-16334,0,1,1
37,-16330,1,1,1
37,-16326,1,1,1
37,-16322,0,1,1
37,-16318,0,1,1
37,-16314,1,1,1
37,-16310,1,1,1
37,-16306,0,1,1
37,-16302,0,1,1
37,-16298,1,1,1
37,-16294,1,1,1
37,-16290,0,1,1
37,-16286,0,1,1
37,-16282,1,1,1
37,-16278,1,1,1
37,-16274,0,1,1
37,-16270,0,1,1
37,-16266,1,1,1
37,-16262,1,1,1
37,-16258,0,1,1
37,-16254,0,1,1
37,-16250,1,1,1
37,-16246,1,1,1
37,-16242,0,1,1
37,-16238,0,1,1
37,-16234,1,1,1
37,-16230,1,1,1
37,-16226,0,1,1
37,-16222,0,1,1
37,-16218,1,1,1
37,-16214,1,1,1
37,-16210,0,1,1
37,-16202,1,1,1
37,-16198,1,1,1
37,-16194,0,1,1
37,-16190,0,1,1
37,-16186,1,1,1
37,-16182,1,1,1
37,-16178,0,1,1
37,-16174,0,1,1
37,-16170,1,1,1
37,-16166,1,1,1
37,-16162,0,1,1
37,-16158,0,1,1
37,-16154,1,1,1
37,-16150,1,1,1
37,-16146,0,1,1
37,-16142,0,1,1
37,-16138,1,1,1
37,-16134,1,1,1
37,-16130,0,1,1
37,-16126,0,1,1
37,-16122,1,1,1
37,-16118,1,1,1
37,-16114,0,1,1
37,-16110,0,1,1
37,-16106,1,1,1
37,-16102,1,1,1
37,-16098,0,1,1
37,-16094,0,1,1
37,-16090,1,1,1
37,-16086,1,1,1
37,-16082,0,1,1
37,-16078,0,1,1
37,-16074,1,1,1
37,-16070,1,1,1
37,-16066,0,1,1
37,-16062,0,1,1
37,-16054,1,1,1
37,-16050,0,1,1
37,-16046,0,1,1
37,-16042,1,1,1
37,-16038,1,1,1
37,-16034,0,1,1
37,-16030,0,1,1
37,-16026,1,1,1
37,-16022,1,1,1
37,-16018,0,1,1
37,-16014,0,1,1
37,-16010,1,1,1
37,-16006,1,1,1
37,-16002,0,1,1
37,-15998,0,1,1
37,-15994,1,1,1
37,-15990,1,1,1
37,-15986,0,1,1
37,-15982,0,1,1
37,-15978,1,1,1
37,-15974,1,1,1
37,-15970,0,1,1
37,-15966,0,1,1
37,-15962,1,1,1
37,-15958,1,1,1
37,-15954,0,1,1
37,-15950,0,1,1
37,-15946,1,1,1
37,-15942,1,1,1
37,-15938,0,1,1
37,-15934,0,1,1
37,-15930,1,1,1
37,-15926,1,1,1
37,-15922,0,1,1
37,-15918,0,1,1
37,-15914,1,1,1
37,-15906,0,1,1
37,-15902,0,1,1
37,-15898,1,1,1
37,-15894,1,1,1
37,-15890,0,1,1
37,-15886,0,1,1
37,-15882,1,1,1
37,-15878,1,1,1
37,-15874,0,1,1
37,-15870,0,1,1
37,-15866,1,1,1
37,-15862,1,1,1
37,-15858,0,1,1
37,-15854,0,1,1
37,-15850,1,1,1
37,-15846,1,1,1
37,-15842,0,1,1
37,-15838,0,1,1
37,-15834,1,1,1
37,-15830,1,1,1
37,-15826,0,1,1
37,-15822,0,1,1
37,-15818,1,1,1
37,-15814,1,1,1
37,-15810,0,1,1
37,-15806,0,1,1
37,-15802,1,1,1
37,-15798,1,1,1
37,-15794,0,1,1
37,-15790,0,1,1
37,-15786,1,1,1
37,-15782,1,1,1
37,-15778,0,1,1
37,-15774,0,1,1
37,-15770,1,1,1
37,-15766,1,1,1
37,-15758,0,1,1
37,-15754,1,1,1
37,-15750,1,1,1
37,-15746,0,1,1
37,-15742,0,1,1
37,-15738,1,1,1
37,-15734,1,1,1
37,-15730,0,1,1
37,-15726,0,1,1
37,-15722,1,1,1
37,-15718,1,1,1
37,-15714,0,1,1
37,-15710,0,1,1
37,-15706,1,1,1
37,-15702,1,1,1
37,-15698,0,1,1
37,-15694,0,1,1
37,-15690,1,1,1
37,-15686,1,1,1
37,-15682,0,1,1
37,-15678,0,1,1
37,-15674,1,1,1
37,-15670,1,1,1
37,-15666,0,1,1
37,-15662,0,1,1
37,-15658,1,1,1
37,-15654,1,1,1
37,-15650,0,1,1
37,-15646,0,1,1
37,-15642,1,1,1
37,-15638,1,1,1
37,-15634,0,1,1
37,-15630,0,1,1
37,-15626,1,1,1
37,-15622,1,1,1
37,-15618,0,1,1
37,-15610,1,1,1
37,-15606,1,1,1
37,-15602,0,1,1
37,-15598,0,1,1
37,-15594,1,1,1
37,-15590,1,1,1
37,-15586,0,1,1
37,-15582,0,1,1
37,-15578,1,1,1
37,-15574,1,1,1
37,-15570,0,1,1
37,-15566,0,1,1
37,-15562,1,1,1
37,-15558,1,1,1
37,-15554,0,1,1
37,-15550,0,1,1
37,-15546,1,1,1
37,-15542,1,1,1
37,-15538,0,1,1
37,-15534,0,1,1
37,-15530,1,1,1
37,-15526,1,1,1
37,-15522,0,1,1
37,-15518,0,1,1
37,-15514,1,1,1
37,-15510,1,1,1
37,-15506,0,1,1
37,-15502,0,1,1
37,-15498,1,1,1
37,-15494,1,1,1
37,-15490,0,1,1
37,-15486,0,1,1
37,-15482,1,1,1
37,-15478,1,1,1
37,-15474,0,1,1
37,-15470,0,1,1
37,-15462,1,1,1
37,-15458,0,1,1
37,-15454,0,1,1
37,-15450,1,1,1
37,-15446,1,1,1
37,-15442,0,1,1
37,-15438,0,1,1
37,-15434,1,1,1
37,-15430,1,1,1
37,-15426,0,1,1
37,-15422,0,1,1
37,-15418,1,1,1
37,-15414,1,1,1
37,-15410,0,1,1
37,-15406,0,1,1
37,-15402,1,1,1
37,-15398,1,1,1
37,-15394,0,1,1
37,-15390,0,1,1
37,-15386,1,1,1
37,-15382,1,1,1
37,-15378,0,1,1
37,-15374,0,1,1
37,-15370,1,1,1
37,-15366,1,1,1
37,-15362,0,1,1
37,-15358,0,1,1
37,-15354,1,1,1
37,-15350,1,1,1
37,-15346,0,1,1
37,-15342,0,1,1
37,-15338,1,1,1
37,-15334,1,1,1
37,-15330,0,1,1
37,-15326,0,1,1
37,-15322,1,1,1
37,-15314,0,1,1
37,-15310,0,1,1
37,-15306,1,1,1
37,-15302,1,1,1
37,-15298,0,1,1
37,-15294,0,1,1
37,-15290,1,1,1
37,-15286,1,1,1
37,-15282,0,1,1
37,-15278,0,1,1
37,-15274,1,1,1
37,-15270,1,1,1
37,-15266,0,1,1
37,-15262,0,1,1
37,-15258,1,1,1
37,-15254,1,1,1
37,-15250,0,1,1
37,-15246,0,1,1
37,-15242,1,1,1
37,-15238,1,1,1
37,-15234,0,1,1
37,-15230,0,1,1
37,-15226,1,1,1
37,-15222,1,1,1
37,-15218,0,1,1
37,-15214,0,1,1
37,-15210,1,1,1
37,-15206,1,1,1
37,-15202,0,1,1
37,-15198,0,1,1
37,-15194,1,1,1
37,-15190,1,1,1
37,-15186,0,1,1
37,-15182,0,1,1
37,-15178,1,1,1
37,-15174,1,1,1
37,-15166,0,1,1
37,-15162,1,1,1
37,-15158,1,1,1
37,-15154,0,1,1
37,-15150,0,1,1
37,-15146,1,1,1
37,-15142,1,1,1
37,-15138,0,1,1
37,-15134,0,1,1
37,-15130,1,1,1
37,-15126,1,1,1
37,-15122,0,1,1
37,-15118,0,1,1
37,-15114,1,1,1
37,-15110,1,1,1
37,-15106,0,1,1
37,-15102,0,1,1
37,-15098,1,1,1
37,-15094,1,1,1
37,-15090,0,1,1
37,-15086,0,1,1
37,-15082,1,1,1
37,-15078,1,1,1
37,-15074,0,1,1
37,-15070,0,1,1
37,-15066,1,1,1
37,-15062,1,1,1
37,-15058,0,1,1
37,-15054,0,1,1
37,-15050,1,1,1
37,-15046,1,1,1
37,-15042,0,1,1
37,-15038,0,1,1
37,-15034,1,1,1
37,-15030,1,1,1
37,-15026,0,1,1
37,-15018,1,1,1
37,-15014,1,1,1
37,-15010,0,1,1
37,-15006,0,1,1
37,-15002,1,1,1
37,-14998,1,1,1
37,-14994,0,1,1
37,-14990,0,1,1
37,-14986,1,1,1
37,-14982,1,1,1
37,-14978,0,1,1
37,-14974,0,1,1
37,-14970,1,1,1
37,-14966,1,1,1
37,-14962,0,1,1
37,-14958,0,1,1
37,-14954,1,1,1
37,-14950,1,1,1
37,-14946,0,1,1
37,-14942,0,1,1
37,-14938,1,1,1
37,-14934,1,1,1
37,-14930,0,1,1
37,-14926,0,1,1
37,-14922,1,1,1
37,-14918,1,1,1
37,-14914,0,1,1
37,-14910,0,1,1
37,-14906,1,1,1
37,-14902,1,1,1
37,-14898,0,1,1
37,-14894,0,1,1
37,-14890,1,1,1
37,-14886,1,1,1
37,-14882,0,1,1
37,-14878,0,1,1
37,-14870,1,1,1
37,-14866,0,1,1
37,-14862,0,1,1
37,-14858,1,1,1
37,-14854,1,1,1
37,-14850,0,1,1
37,-14846,0,1,1
37,-14842,1,1,1
37,-14838,1,1,1
37,-14834,0,1,1
37,-14830,0,1,1
37,-14826,1,1,1
37,-14822,1,1,1
37,-14818,0,1,1
37,-14814,0,1,1
37,-14810,1,1,1
37,-14806,1,1,1
37,-14802,0,1,1
37,-14798,0,1,1
37,-14794,1,1,1
37,-14790,1,1,1
37,-14786,0,1,1
37,-14782,0,1,1
37,-14778,1,1,1
37,-14774,1,1,1
37,-14770,0,1,1
37,-14766,0,1,1
37,-14762,1,1,1
37,-14758,1,1,1
37,-14754,0,1,1
37,-14750,0,1,1
37,-14746,1,1,1
37,-14742,1,1,1
37,-14738,0,1,1
37,-14734,0,1,1
37,-14730,1,1,1
37,-14722,0,1,1
37,-14718,0,1,1
37,-14714,1,1,1
37,-14710,1,1,1
37,-14706,0,1,1
37,-14702,0,1,1
37,-14698,1,1,1
37,-14694,1,1,1
37,-14690,0,1,1
37,-14686,0,1,1
37,-14682,1,1,1
37,-14678,1,1,1
37,-14674,0,1,1
37,-14670,0,1,1
37,-14666,1,1,1
37,-14662,1,1,1
37,-14658,0,1,1
37,-14654,0,1,1
37,-14650,1,1,1
37,-14646,1,1,1
37,-14642,0,1,1
37,-14638,0,1,1
37,-14634,1,1,1
37,-14630,1,1,1
37,-14626,0,1,1
37,-14622,0,1,1
37,-14618,1,1,1
37,-14614,1,1,1
37,-14610,0,1,1
37,-14606,0,1,1
37,-14602,1,1,1
37,-14598,1,1,1
37,-14594,0,1,1
37,-14590,0,1,1
37,-14586,1,1,1
37,-14582,1,1,1
37,-14574,0,1,1
37,-14570,1,1,1
37,-14566,1,1,1
37,-14562,0,1,1
37,-14558,0,1,1
37,-14554,1,1,1
37,-14550,1,1,1
37,-14546,0,1,1
37,-14542,0,1,1
37,-14538,1,1,1
37,-14534,1,1,1
37,-14530,0,1,1
37,-14526,0,1,1
37,-14522,1,1,1
37,-14518,1,1,1
37,-14514,0,1,1
37,-14510,0,1,1
37,-14506,1,1,1
37,-14502,1,1,1
37,-14498,0,1,1
37,-14494,0,1,1
37,-14490,1,1,1
37,-14486,1,1,1
37,-14482,0,1,1
37,-14478,0,1,1
37,-14474,1,1,1
37,-14470,1,1,1
37,-14466,0,1,1
37,-14462,0,1,1
37,-14458,1,1,1
37,-14454,1,1,1
37,-14450,0,1,1
37,-14446,0,1,1
37,-14442,1,1,1
37,-14438,1,1,1
37,-14434,0,1,1
37,-14426,1,1,1
37,-14422,1,1,1
37,-14418,0,1,1
37,-14414,0,1,1
37,-14410,1,1,1
37,-14406,1,1,1
37,-14402,0,1,1
37,-14398,0,1,1
37,-14394,1,1,1
37,-14390,1,1,1
37,-14386,0,1,1
37,-14382,0,1,1
37,-14378,1,1,1
37,-14374,1,1,1
37,-14370,0,1,1
37,-14366,0,1,1
37,-14362,1,1,1
37,-14358,1,1,1
37,-14354,0,1,1
37,-14350,0,1,1
37,-14346,1,1,1
37,-14342,1,1,1
37,-14338,0,1,1
37,-14334,0,1,1
37,-14330,1,1,1
37,-14326,1,1,1
37,-14322,0,1,1
37,-14318,0,1,1
37,-14314,1,1,1
37,-14310,1,1,1
37,-14306,0,1,1
37,-14302,0,1,1
37,-14298,1,1,1
37,-14294,1,1,1
37,-14290,0,1,1
37,-14286,0,1,1
37,-14278,1,1,1
37,-14274,0,1,1
37,-14270,0,1,1
37,-14266,1,1,1
37,-14262,1,1,1
37,-14258,0,1,1
37,-14254,0,1,1
37,-14250,1,1,1
37,-14246,1,1,1
37,-14242,0,1,1
37,-14238,0,1,1
37,-14234,1,1,1
37,-14230,1,1,1
37,-14226,0,1,1
37,-14222,0,1,1
37,-14218,1,1,1
37,-14214,1,1,1
37,-14210,0,1,1
37,-14206,0,1,1
37,-14202,1,1,1
37,-14198,1,1,1
37,-14194,0,1,1
37,-14190,0,1,1
37,-14186,1,1,1
37,-14182,1,1,1
37,-14178,0,1,1
37,-14174,0,1,1
37,-14170,1,1,1
37,-14166,1,1,1
37,-14162,0,1,1
37,-14158,0,1,1
37,-14154,1,1,1
37,-14150,1,1,1
37,-14146,0,1,1
37,-14142,0,1,1
37,-14138,1,1,1
37,-14130,0,1,1
37,-14126,0,1,1
37,-14122,1,1,1
37,-14118,1,1,1
37,-14114,0,1,1
37,-14110,0,1,1
37,-14106,1,1,1
37,-14102,1,1,1
37,-14098,0,1,1
37,-14094,0,1,1
37,-14090,1,1,1
37,-14086,1,1,1
37,-14082,0,1,1
37,-14078,0,1,1
37,-14074,1,1,1
37,-14070,1,1,1
37,-14066,0,1,1
37,-14062,0,1,1
37,-14058,1,1,1
37,-14054,1,1,1
37,-14050,0,1,1
37,-14046,0,1,1
37,-14042,1,1,1
37,-14038,1,1,1
37,-14034,0,1,1
37,-14030,0,1,1
37,-14026,1,1,1
37,-14022,1,1,1
37,-14018,0,1,1
37,-14014,0,1,1
37,-14010,1,1,1
37,-14006,1,1,1
37,-14002,0,1,1
37,-13998,0,1,1
37,-13994,1,1,1
37,-13990,1,1,1
37,-13982,0,1,1
37,-13978,1,1,1
37,-13974,1,1,1
37,-13970,0,1,1
37,-13966,0,1,1
37,-13962,1,1,1
37,-13958,1,1,1
37,-13954,0,1,1
37,-13950,0,1,1
37,-13946,1,1,1
37,-13942,1,1,1
37,-13938,0,1,1
37,-13934,0,1,1
37,-13930,1,1,1
37,-13926,1,1,1
37,-13922,0,1,1
37,-13918,0,1,1
37,-13914,1,1,1
37,-13910,1,1,1
37,-13906,0,1,1
37,-13902,0,1,1
37,-13898,1,1,1
37,-13894,1,1,1
37,-13890,0,1,1
37,-13886,0,1,1
37,-13882,1,1,1
37,-13878,1,1,1
37,-13874,0,1,1
37,-13870,0,1,1
37,-13866,1,1,1
37,-13862,1,1,1
37,-13858,0,1,1
37,-13854,0,1,1
37,-13850,1,1,1
37,-13846,1,1,1
37,-13842,0,1,1
37,-13834,1,1,1
37,-13830,1,1,1
37,-13826,0,1,1
37,-13822,0,1,1
37,-13818,1,1,1
37,-13814,1,1,1
37,-13810,0,1,1
37,-13806,0,1,1
37,-13802,1,1,1
37,-13798,1,1,1
37,-13794,0,1,1
37,-13790,0,1,1
37,-13786,1,1,1
37,-13782,1,1,1
37,-13778,0,1,1
37,-13774,0,1,1
37,-13770,1,1,1
37,-13766,1,1,1
37,-13762,0,1,1
37,-13758,0,1,1
37,-13754,1,1,1
37,-13750,1,1,1
37,-13746,0,1,1
37,-13742,0,1,1
37,-13738,1,1,1
37,-13734,1,1,1
37,-13730,0,1,1
37,-13726,0,1,1
37,-13722,1,1,1
37,-13718,1,1,1
37,-13714,0,1,1
37,-13710,0,1,1
37,-13706,1,1,1
37,-13702,1,1,1
37,-13698,0,1,1
37,-13694,0,1,1
37,-13686,1,1,1
37,-13682,0,1,1
37,-13678,0,1,1
37,-13674,1,1,1
37,-13670,1,1,1
37,-13666,0,1,1
37,-13662,0,1,1
37,-13658,1,1,1
37,-13654,1,1,1
37,-13650,0,1,1
37,-13646,0,1,1
37,-13642,1,1,1
37,-13638,1,1,1
37,-13634,0,1,1
37,-13630,0,1,1
37,-13626,1,1,1
37,-13622,1,1,1
37,-13618,0,1,1
37,-13614,0,1,1
37,-13610,1,1,1
37,-13606,1,1,1
37,-13602,0,1,1
37,-13598,0,1,1
37,-13594,1,1,1
37,-13590,1,1,1
37,-13586,0,1,1
37,-13582,0,1,1
37,-13578,1,1,1
37,-13574,1,1,1
37,-13570,0,1,1
37,-13566,0,1,1
37,-13562,1,1,1
37,-13558,1,1,1
37,-13554,0,1,1
37,-13550,0,1,1
37,-13546,1,1,1
37,-13538,0,1,1
37,-13534,0,1,1
37,-13530,1,1,1
37,-13526,1,1,1
37,-13522,0,1,1
37,-13518,0,1,1
37,-13514,1,1,1
37,-13510,1,1,1
37,-13506,0,1,1
37,-13502,0,1,1
37,-13498,1,1,1
37,-13494,1,1,1
37,-13490,0,1,1
37,-13486,0,1,1
37,-13482,1,1,1
37,-13478,1,1,1
37,-13474,0,1,1
37,-13470,0,1,1
37,-13466,1,1,1
37,-13462,1,1,1
37,-13458,0,1,1
37,-13454,0,1,1
37,-13450,1,1,1
37,-13446,1,1,1
37,-13442,0,1,1
37,-13438,0,1,1
37,-13434,1,1,1
37,-13430,1,1,1
37,-13426,0,1,1
37,-13422,0,1,1
37,-13418,1,1,1
37,-13414,1,1,1
37,-13410,0,1,1
37,-13406,0,1,1
37,-13402,1,1,1
37,-13398,1,1,1
37,-13390,0,1,1
37,-13386,1,1,1
37,-13382,1,1,1
37,-13378,0,1,1
37,-13374,0,1,1
37,-13370,1,1,1
37,-13366,1,1,1
37,-13362,0,1,1
37,-13358,0,1,1
37,-13354,1,1,1
37,-13350,1,1,1
37,-13346,0,1,1
37,-13342,0,1,1
37,-13338,1,1,1
37,-13334,1,1,1
37,-13330,0,1,1
37,-13326,0,1,1
37,-13322,1,1,1
37,-13318,1,1,1
37,-13314,0,1,1
37,-13310,0,1,1
37,-13306,1,1,1
37,-13302,1,1,1
37,-13298,0,1,1
37,-13294,0,1,1
37,-13290,1,1,1
37,-13286,1,1,1
37,-13282,0,1,1
37,-13278,0,1,1
37,-13274,1,1,1
37,-13270,1,1,1
37,-13266,0,1,1
37,-13262,0,1,1
37,-13258,1,1,1
37,-13254,1,1,1
37,-13250,0,1,1
37,-13242,1,1,1
37,-13238,1,1,1
37,-13234,0,1,1
37,-13230,0,1,1
37,-13226,1,1,1
37,-13222,1,1,1
37,-13218,0,1,1
37,-13214,0,1,1
37,-13210,1,1,1
37,-13206,1,1,1
37,-13202,0,1,1
37,-13198,0,1,1
37,-13194,1,1,1
37,-13190,1,1,1
37,-13186,0,1,1
37,-13182,0,1,1
37,-13178,1,1,1
37,-13174,1,1,1
37,-13170,0,1,1
37,-13166,0,1,1
37,-13162,1,1,1
37,-13158,1,1,1
37,-13154,0,1,1
37,-13150,0,1,1
37,-13146,1,1,1
37,-13142,1,1,1
37,-13138,0,1,1
37,-13134,0,1,1
37,-13130,1,1,1
37,-13126,1,1,1
37,-13122,0,1,1
37,-13118,0,1,1
37,-13114,1,1,1
37,-13110,1,1,1
37,-13106,0,1,1
37,-13102,0,1,1
37,-13094,1,1,1
37,-13090,0,1,1
37,-13086,0,1,1
37,-13082,1,1,1
37,-13078,1,1,1
37,-13074,0,1,1
37,-13070,0,1,1
37,-13066,1,1,1
37,-13062,1,1,1
37,-13058,0,1,1
37,-13054,0,1,1
37,-13050,1,1,1
37,-13046,1,1,1
37,-13042,0,1,1
37,-13038,0,1,1
37,-13034,1,1,1
37,-13030,1,1,1
37,-13026,0,1,1
37,-13022,0,1,1
37,-13018,1,1,1
37,-13014,1,1,1
37,-13010,0,1,1
37,-13006,0,1,1
37,-13002,1,1,1
37,-12998,1,1,1
37,-12994,0,1,1
37,-12990,0,1,1
37,-12986,1,1,1
37,-12982,1,1,1
37,-12978,0,1,1
37,-12974,0,1,1
37,-12970,1,1,1
37,-12966,1,1,1
37,-12962,0,1,1
37,-12958,0,1,1
37,-12954,1,1,1
37,-12946,0,1,1
37,-12942,0,1,1
37,-12938,1,1,1
37,-12934,1,1,1
37,-12930,0,1,1
37,-12926,0,1,1
37,-12922,1,1,1
37,-12918,1,1,1
37,-12914,0,1,1
37,-12910,0,1,1
37,-12906,1,1,1
37,-12902,1,1,1
37,-12898,0,1,1
37,-12894,0,1,1
37,-12890,1,1,1
37,-12886,1,1,1
37,-12882,0,1,1
37,-12878,0,1,1
37,-12874,1,1,1
37,-12870,1,1,1
37,-12866,0,1,1
37,-12862,0,1,1
37,-12858,1,1,1
37,-12854,1,1,1
37,-12850,0,1,1
37,-12846,0,1,1
37,-12842,1,1,1
37,-12838,1,1,1
37,-12834,0,1,1
37,-12830,0,1,1
37,-12826,1,1,1
37,-12822,1,1,1
37,-12818,0,1,1
37,-12814,0,1,1
37,-12810,1,1,1
37,-12806,1,1,1
37,-12798,0,1,1
37,-12794,1,1,1
37,-12790,1,1,1
37,-12786,0,1,1
37,-12782,0,1,1
37,-12778,1,1,1
37,-12774,1,1,1
37,-12770,0,1,1
37,-12766,0,1,1
37,-12762,1,1,1
37,-12758,1,1,1
37,-12754,0,1,1
37,-12750,0,1,1
37,-12746,1,1,1
37,-12742,1,1,1
37,-12738,0,1,1
37,-12734,0,1,1
37,-12730,1,1,1
37,-12726,1,1,1
37,-12722,0,1,1
37,-12718,0,1,1
37,-12714,1,1,1
37,-12710,1,1,1
37,-12706,0,1,1
37,-12702,0,1,1
37,-12698,1,1,1
37,-12694,1,1,1
37,-12690,0,1,1
37,-12686,0,1,1
37,-12682,1,1,1
37,-12678,1,1,1
37,-12674,0,1,1
37,-12670,0,1,1
37,-12666,1,1,1
37,-12662,1,1,1
37,-12658,0,1,1
37,-12650,1,1,1
37,-12646,1,1,1
37,-12642,0,1,1
37,-12638,0,1,1
37,-12634,1,1,1
37,-12630,1,1,1
37,-12626,0,1,1
37,-12622,0,1,1
37,-12618,1,1,1
37,-12614,1,1,1
37,-12610,0,1,1
37,-12606,0,1,1
37,-12602,1,1,1
37,-12598,1,1,1
37,-12594,0,1,1
37,-12590,0,1,1
37,-12586,1,1,1
37,-12582,1,1,1
37,-12578,0,1,1
37,-12574,0,1,1
37,-12570,1,1,1
37,-12566,1,1,1
37,-12562,0,1,1
37,-12558,0,1,1
37,-12554,1,1,1
37,-12550,1,1,1
37,-12546,0,1,1
37,-12542,0,1,1
37,-12538,1,1,1
37,-12534,1,1,1
37,-12530,0,1,1
37,-12526,0,1,1
37,-12522,1,1,1
37,-12518,1,1,1
37,-12514,0,1,1
37,-12510,0,1,1
37,-12502,1,1,1
37,-12498,0,1,1
37,-12494,0,1,1
37,-12490,1,1,1
37,-12486,1,1,1
37,-12482,0,1,1
37,-12478,0,1,1
37,-12474,1,1,1
37,-12470,1,1,1
37,-12466,0,1,1
37,-12462,0,1,1
37,-12458,1,1,1
37,-12454,1,1,1
37,-12450,0,1,1
37,-12446,0,1,1
37,-12442,1,1,1
37,-12438,1,1,1
37,-12434,0,1,1
37,-12430,0,1,1
37,-12426,1,1,1
37,-12422,1,1,1
37,-12418,0,1,1
37,-12414,0,1,1
37,-12410,1,1,1
37,-12406,1,1,1
37,-12402,0,1,1
37,-12398,0,1,1
37,-12394,1,1,1
37,-12390,1,1,1
37,-12386,0,1,1
37,-12382,0,1,1
37,-12378,1,1,1
37,-12374,1,1,1
37,-12370,0,1,1
37,-12366,0,1,1
37,-12362,1,1,1
37,-12354,0,1,1
37,-12350,0,1,1
37,-12346,1,1,1
37,-12342,1,1,1
37,-12338,0,1,1
37,-12334,0,1,1
37,-12330,1,1,1
37,-12326,1,1,1
37,-12322,0,1,1
37,-12318,0,1,1
37,-12314,1,1,1
37,-12310,1,1,1
37,-12306,0,1,1
37,-12302,0,1,1
37,-12298,1,1,1
37,-12294,1,1,1
37,-12290,0,1,1
37,-12286,0,1,1
37,-12282,1,1,1
37,-12278,1,1,1
37,-12274,0,1,1
37,-12270,0,1,1
37,-12266,1,1,1
37,-12262,1,1,1
37,-12258,0,1,1
37,-12254,0,1,1
37,-12250,1,1,1
37,-12246,1,1,1
37,-12242,0,1,1
37,-12238,0,1,1
37,-12234,1,1,1
37,-12230,1,1,1
37,-12226,0,1,1
37,-12222,0,0,0
37,-12218,1,1,1
37,-12214,1,1,1
37,-12206,0,1,1
37,-12202,1,1,1
37,-12198,1,1,1
37,-12194,0,1,1
37,-12190,0,1,1
37,-12186,1,1,1
37,-12182,1,1,1
37,-12178,0,1,1
37,-12174,0,1,1
37,-12170,1,1,1
37,-12166,1,1,1
37,-12162,0,1,1
37,-12158,0,1,1
37,-12154,1,1,1
37,-12150,1,1,1
37,-12146,0,1,1
37,-12142,0,1,1
37,-12138,1,1,1
37,-12134,1,1,1
37,-12130,0,1,1
37,-12126,0,1,1
37,-12122,1,1,1
37,-12118,1,1,1
37,-12114,0,1,1
37,-12110,0,1,1
37,-12106,1,1,1
37,-12102,1,1,1
37,-12098,0,1,1
37,-12094,0,1,1
37,-12090,1,1,1
37,-12086,1,1,1
37,-12082,0,1,1
37,-12078,0,1,1
37,-12074,1,1,1
37,-12070,1,1,1
37,-12066,0,1,1
37,-12058,1,1,1
37,-12054,1,1,1
37,-12050,0,1,1
37,-12046,0,1,1
37,-12042,1,1,1
37,-12038,1,1,1
37,-12034,0,1,1
37,-12030,0,1,1
37,-12026,1,1,1
37,-12022,1,1,1
37,-12018,0,1,1
37,-12014,0,1,1
37,-12010,1,1,1
37,-12006,1,1,1
37,-12002,0,1,1
37,-11998,0,1,1
37,-11994,1,1,1
37,-11990,1,1,1
37,-11986,0,1,1
37,-11982,0,1,1
37,-11978,1,1,1
37,-11974,1,1,1
37,-11970,0,1,1
37,-11966,0,1,1
37,-11962,1,1,1
37,-11958,1,1,1
37,-11954,0,1,1
37,-11950,0,1,1
37,-11946,1,1,1
37,-11942,1,1,1
37,-11938,0,1,1
37,-11934,0,1,1
37,-11930,1,1,1
37,-11926,1,1,1
37,-11922,0,1,1
37,-11918,0,1,1
37,-11910,1,1,1
37,-11906,0,1,1
37,-11902,0,1,1
37,-11898,1,1,1
37,-11894,1,1,1
37,-11890,0,1,1
37,-11886,0,1,1
37,-11882,1,1,1
37,-11878,1,1,1
37,-11874,0,1,1
37,-11870,0,1,1
37,-11866,1,1,1
37,-11862,1,1,1
37,-11858,0,1,1
37,-11854,0,1,1
37,-11850,1,1,1
37,-11846,1,1,1
37,-11842,0,1,1
37,-11838,0,1,1
37,-11834,1,1,1
37,-11830,1,1,1
37,-11826,0,1,1
37,-11822,0,1,1
37,-11818,1,1,1
37,-11814,1,1,1
37,-11810,0,1,1
37,-11806,0,1,1
37,-11802,1,1,1
37,-11798,1,1,1
37,-11794,0,1,1
37,-11790,0,1,1
37,-11786,1,1,1
37,-11782,1,1,1
37,-11778,0,1,1
37,-11774,0,1,1
37,-11770,1,1,1
37,-11762,0,1,1
37,-11758,0,1,1
37,-11754,1,1,1
37,-11750,1,1,1
37,-11746,0,1,1
37,-11742,0,1,1
37,-11738,1,1,1
37,-11734,1,1,1
37,-11730,0,1,1
37,-11726,0,1,1
37,-11722,1,1,1
37,-11718,1,1,1
37,-11714,0,1,1
37,-11710,0,1,1
37,-11706,1,1,1
37,-11702,1,1,1
37,-11698,0,1,1
37,-11694,0,1,1
37,-11690,1,1,1
37,-11686,1,1,1
37,-11682,0,1,1
37,-11678,0,1,1
37,-11674,1,1,1
37,-11670,1,1,1
37,-11666,0,1,1
37,-11662,0,1,1
37,-11658,1,1,1
37,-11654,1,1,1
37,-11650,0,1,1
37,-11646,0,1,1
37,-11642,1,1,1
37,-11638,1,1,1
37,-11634,0,1,1
37,-11630,0,1,1
37,-11626,1,1,1
37,-11622,1,1,1
37,-11614,0,1,1
37,-11610,1,1,1
37,-11606,1,1,1
37,-11602,0,1,1
37,-11598,0,1,1
37,-11594,1,1,1
37,-11590,1,1,1
37,-11586,0,1,1
37,-11582,0,1,1
37,-11578,1,1,1
37,-11574,1,1,1
37,-11570,0,1,1
37,-11566,0,1,1
37,-11562,1,1,1
37,-11558,1,1,1
37,-11554,0,1,1
37,-11550,0,1,1
37,-11546,1,1,1
37,-11542,1,1,1
37,-11538,0,1,1
37,-11534,0,1,1
37,-11530,1,1,1
37,-11526,1,1,1
37,-11522,0,1,1
37,-11518,0,1,1
37,-11514,1,1,1
37,-11510,1,1,1
37,-11506,0,1,1
37,-11502,0,1,1
37,-11498,1,1,1
37,-11494,1,1,1
37,-11490,0,1,1
37,-11486,0,1,1
37,-11482,1,1,1
37,-11478,1,1,1
37,-11474,0,1,1
37,-11466,1,1,1
37,-11462,1,1,1
37,-11458,0,1,1
37,-11454,0,1,1
37,-11450,1,1,1
37,-11446,1,1,1
37,-11442,0,1,1
37,-11438,0,1,1
37,-11434,1,1,1
37,-11430,1,1,1
37,-11426,0,1,1
37,-11422,0,1,1
37,-11418,1,1,1
37,-11414,1,1,1
37,-11410,0,1,1
37,-11406,0,1,1
37,-11402,1,1,1
37,-11398,1,1,1
37,-11394,0,1,1
37,-11390,0,1,1
37,-11386,1,1,1
37,-11382,1,1,1
37,-11378,0,1,1
37,-11374,0,1,1
37,-11370,1,1,1
37,-11366,1,1,1
37,-11362,0,1,1
37,-11358,0,1,1
37,-11354,1,1,1
37,-11350,1,1,1
37,-11346,0,1,1
37,-11342,0,1,1
37,-11338,1,1,1
37,-11334,1,1,1
37,-11330,0,1,1
37,-11326,0,1,1
37,-11318,1,1,1
37,-11314,0,1,1
37,-11310,0,1,1
37,-11306,1,1,1
37,-11302,1,1,1
37,-11298,0,1,1
37,-11294,0,1,1
37,-11290,1,1,1
37,-11286,1,1,1
37,-11282,0,1,1
37,-11278,0,1,1
37,-11274,1,1,1
37,-11270,1,1,1
37,-11266,0,1,1
37,-11262,0,1,1
37,-11258,1,1,1
37,-11254,1,1,1
37,-11250,0,1,1
37,-11246,0,1,1
37,-11242,1,1,1
37,-11238,1,1,1
37,-11234,0,1,1
37,-11230,0,1,1
37,-11226,1,1,1
37,-11222,1,1,1
37,-11218,0,1,1
37,-11214,0,1,1
37,-11210,1,1,1
37,-11206,1,1,1
37,-11202,0,1,1
37,-11198,0,1,1
37,-11194,1,1,1
37,-11190,1,1,1
37,-11186,0,1,1
37,-11182,0,1,1
37,-11178,1,1,1
37,-11170,0,1,1
37,-11166,0,1,1
37,-11162,1,1,1
37,-11158,1,1,1
37,-11154,0,1,1
37,-11150,0,1,1
37,-11146,1,1,1
37,-11142,1,1,1
37,-11138,0,1,1
37,-11134,0,1,1
37,-11130,1,1,1
37,-11126,1,1,1
37,-11122,0,1,1
37,-11118,0,1,1
37,-11114,1,1,1
37,-11110,1,1,1
37,-11106,0,1,1
37,-11102,0,1,1
37,-11098,1,1,1
37,-11094,1,1,1
37,-11090,0,1,1
37,-11086,0,1,1
37,-11082,1,1,1
37,-11078,1,1,1
37,-11074,0,1,1
37,-11070,0,1,1
37,-11066,1,1,1
37,-11062,1,1,1
37,-11058,0,1,1
37,-11054,0,1,1
37,-11050,1,1,1
37,-11046,1,1,1
37,-11042,0,1,1
37,-11038,0,1,1
37,-11034,1,1,1
37,-11030,1,1,1
37,-11022,0,1,1
37,-11018,1,1,1
37,-11014,1,1,1
37,-11010,0,1,1
37,-11006,0,1,1
37,-11002,1,1,1
37,-10998,1,1,1
37,-10994,0,1,1
37,-10990,0,1,1
37,-10986,1,1,1
37,-10982,1,1,1
37,-10978,0,1,1
37,-10974,0,1,1
37,-10970,1,1,1
37,-10966,1,1,1
37,-10962,0,1,1
37,-10958,0,1,1
37,-10954,1,1,1
37,-10950,1,1,1
37,-10946,0,1,1
37,-10942,0,1,1
37,-10938,1,1,1
37,-10934,1,1,1
37,-10930,0,1,1
37,-10926,0,1,1
37,-10922,1,1,1
37,-10918,1,1,1
37,-10914,0,1,1
37,-10910,0,1,1
37,-10906,1,1,1
37,-10902,1,1,1
37,-10898,0,1,1
37,-10894,0,1,1
37,-10890,1,1,1
37,-10886,1,1,1
37,-10882,0,1,1
37,-10874,1,1,1
37,-10870,1,1,1
37,-10866,0,1,1
37,-10862,0,1,1
37,-10858,1,1,1
37,-10854,1,1,1
37,-10850,0,1,1
37,-10846,0,1,1
37,-10842,1,1,1
37,-10838,1,1,1
37,-10834,0,1,1
37,-10830,0,1,1
37,-10826,1,1,1
37,-10822,1,1,1
37,-10818,0,1,1
37,-10814,0,1,1
37,-10810,1,1,1
37,-10806,1,1,1
37,-10802,0,1,1
37,-10798,0,1,1
37,-10794,1,1,1
37,-10790,1,1,1
37,-10786,0,1,1
37,-10782,0,1,1
37,-10778,1,1,1
37,-10774,1,1,1
37,-10770,0,1,1
37,-10766,0,1,1
37,-10762,1,1,1
37,-10758,1,1,1
37,-10754,0,1,1
37,-10750,0,1,1
37,-10746,1,1,1
37,-10742,1,1,1
37,-10738,0,1,1
37,-10734,0,1,1
37,-10726,1,1,1
37,-10722,0,1,1
37,-10718,0,1,1
37,-10714,1,1,1
37,-10710,1,1,1
37,-10706,0,1,1
37,-10702,0,1,1
37,-10698,1,1,1
37,-10694,1,1,1
37,-10690,0,1,1
37,-10686,0,1,1
37,-10682,1,1,1
37,-10678,1,1,1
37,-10674,0,1,1
37,-10670,0,1,1
37,-10666,1,1,1
37,-10662,1,1,1
37,-10658,0,1,1
37,-10654,0,1,1
37,-10650,1,1,1
37,-10646,1,1,1
37,-10642,0,1,1
37,-10638,0,1,1
37,-10634,1,1,1
37,-10630,1,1,1
37,-10626,0,1,1
37,-10622,0,1,1
37,-10618,1,1,1
37,-10614,1,1,1
37,-10610,0,1,1
37,-10606,0,1,1
37,-10602,1,1,1
37,-10598,1,1,1
37,-10594,0,1,1
37,-10590,0,1,1
37,-10586,1,1,1
37,-10578,0,1,1
37,-10574,0,1,1
37,-10570,1,1,1
37,-10566,1,1,1
37,-10562,0,1,1
37,-10558,0,1,1
37,-10554,1,1,1
37,-10550,1,1,1
37,-10546,0,1,1
37,-10542,0,1,1
37,-10538,1,1,1
37,-10534,1,1,1
37,-10530,0,1,1
37,-10526,0,1,1
37,-10522,1,1,1
37,-10518,1,1,1
37,-10514,0,1,1
37,-10510,0,1,1
37,-10506,1,1,1
37,-10502,1,1,1
37,-10498,0,1,1
37,-10494,0,1,1
37,-10490,1,1,1
37,-10486,1,1,1
37,-10482,0,1,1
37,-10478,0,1,1
37,-10474,1,1,1
37,-10470,1,1,1
37,-10466,0,1,1
37,-10462,0,1,1
37,-10458,1,1,1
37,-10454,1,1,1
37,-10450,0,1,1
37,-10446,0,1,1
37,-10442,1,1,1
37,-10438,1,1,1
37,-10430,0,1,1
37,-10426,1,1,1
37,-10422,1,1,1
37,-10418,0,1,1
37,-10414,0,1,1
37,-10410,1,1,1
37,-10406,1,1,1
37,-10402,0,1,1
37,-10398,0,1,1
37,-10394,1,1,1
37,-10390,1,1,1
37,-10386,0,1,1
37,-10382,0,1,1
37,-10378,1,1,1
37,-10374,1,1,1
37,-10370,0,1,1
37,-10366,0,1,1
37,-10362,1,1,1
37,-10358,1,1,1
37,-10354,0,1,1
37,-10350,0,1,1
37,-10346,1,1,1
37,-10342,1,1,1
37,-10338,0,1,1
37,-10334,0,1,1
37,-10330,1,1,1
37,-10326,1,1,1
37,-10322,0,1,1
37,-10318,0,1,1
37,-10314,1,1,1
37,-10310,1,1,1
37,-10306,0,1,1
37,-10302,0,1,1
37,-10298,1,1,1
37,-10294,1,1,1
37,-10290,0,1,1
37,-10282,1,1,1
37,-10278,1,1,1
37,-10274,0,1,1
37,-10270,0,1,1
37,-10266,1,1,1
37,-10262,1,1,1
37,-10258,0,1,1
37,-10254,0,1,1
37,-10250,1,1,1
37,-10246,1,1,1
37,-10242,0,1,1
37,-10238,0,1,1
37,-10234,1,1,1
37,-10230,1,1,1
37,-10226,0,1,1
37,-10222,0,1,1
37,-10218,1,1,1
37,-10214,1,1,1
37,-10210,0,1,1
37,-10206,0,1,1
37,-10202,1,1,1
37,-10198,1,1,1
37,-10194,0,1,1
37,-10190,0,1,1
37,-10186,1,1,1
37,-10182,1,1,1
37,-10178,0,1,1
37,-10174,0,1,1
37,-10170,1,1,1
37,-10166,1,1,1
37,-10162,0,1,1
37,-10158,0,1,1
37,-10154,1,1,1
37,-10150,1,1,1
37,-10146,0,1,1
37,-10142,0,1,1
37,-10134,1,1,1
37,-10130,0,1,1
37,-10126,0,1,1
37,-10122,1,1,1
37,-10118,1,1,1
37,-10114,0,1,1
37,-10110,0,1,1
37,-10106,1,1,1
37,-10102,1,1,1
37,-10098,0,1,1
37,-10094,0,1,1
37,-10090,1,1,1
37,-10086,1,1,1
37,-10082,0,1,1
37,-10078,0,1,1
37,-10074,1,1,1
37,-10070,1,1,1
37,-10066,0,1,1
37,-10062,0,1,1
37,-10058,1,1,1
37,-10054,1,1,1
37,-10050,0,1,1
37,-10046,0,1,1
37,-10042,1,1,1
37,-10038,1,1,1
37,-10034,0,1,1
37,-10030,0,1,1
37,-10026,1,1,1
37,-10022,1,1,1
37,-10018,0,1,1
37,-10014,0,1,1
37,-10010,1,1,1
37,-10006,1,1,1
37,-10002,0,1,1
37,-9998,0,1,1
37,-9994,1,1,1
37,-9986,0,1,1
37,-9982,0,1,1
37,-9978,1,1,1
37,-9974,1,1,1
37,-9970,0,1,1
37,-9966,0,1,1
37,-9962,1,1,1
37,-9958,1,1,1
37,-9954,0,1,1
37,-9950,0,1,1
37,-9946,1,1,1
37,-9942,1,1,1
37,-9938,0,1,1
37,-9934,0,1,1
37,-9930,1,1,1
37,-9926,1,1,1
37,-9922,0,1,1
37,-9918,0,1,1
37,-9914,1,1,1
37,-9910,1,1,1
37,-9906,0,1,1
37,-9902,0,1,1
37,-9898,1,1,1
37,-9894,1,1,1
37,-9890,0,1,1
37,-9886,0,1,1
37,-9882,1,1,1
37,-9878,1,1,1
37,-9874,0,1,1
37,-9870,0,1,1
37,-9866,1,1,1
37,-9862,1,1,1
37,-9858,0,1,1
37,-9854,0,1,1
37,-9850,1,1,1
37,-9846,1,1,1
37,-9838,0,1,1
37,-9834,1,1,1
37,-9830,1,1,1
37,-9826,0,1,1
37,-9822,0,1,1
37,-9818,1,1,1
37,-9814,1,1,1
37,-9810,0,1,1
37,-9806,0,1,1
37,-9802,1,1,1
37,-9798,1,1,1
37,-9794,0,1,1
37,-9790,0,1,1
37,-9786,1,1,1
37,-9782,1,1,1
37,-9778,0,1,1
37,-9774,0,1,1
37,-9770,1,1,1
37,-9766,1,1,1
37,-9762,0,1,1
37,-9758,0,1,1
37,-9754,1,1,1
37,-9750,1,1,1
37,-9746,0,1,1
37,-9742,0,1,1
37,-9738,1,1,1
37,-9734,1,1,1
37,-9730,0,1,1
37,-9726,0,1,1
37,-9722,1,1,1
37,-9718,1,1,1
37,-9714,0,1,1
37,-9710,0,1,1
37,-9706,1,1,1
37,-9702,1,1,1
37,-9698,0,1,1
37,-9690,1,1,1
37,-9686,1,1,1
37,-9682,0,1,1
37,-9678,0,1,1
37,-9674,1,1,1
37,-9670,1,1,1
37,-9666,0,1,1
37,-9662,0,1,1
37,-9658,1,1,1
37,-9654,1,1,1
37,-9650,0,1,1
37,-9646,0,1,1
37,-9642,1,1,1
37,-9638,1,1,1
37,-9634,0,1,1
37,-9630,0,1,1
37,-9626,1,1,1
37,-9622,1,1,1
37,-9618,0,1,1
37,-9614,0,1,1
37,-9610,1,1,1
37,-9606,1,1,1
37,-9602,0,1,1
37,-9598,0,1,1
37,-9594,1,1,1
37,-9590,1,1,1
37,-9586,0,1,1
37,-9582,0,1,1
37,-9578,1,1,1
37,-9574,1,1,1
37,-9570,0,1,1
37,-9566,0,1,1
37,-9562,1,1,1
37,-9558,1,1,1
37,-9554,0,1,1
37,-9550,0,1,1
37,-9542,1,1,1
37,-9538,0,1,1
37,-9534,0,1,1
37,-9530,1,1,1
37,-9526,1,1,1
37,-9522,0,1,1
37,-9518,0,1,1
37,-9514,1,1,1
37,-9510,1,1,1
37,-9506,0,1,1
37,-9502,0,1,1
37,-9498,1,1,1
37,-9494,1,1,1
37,-9490,0,1,1
37,-9486,0,1,1
37,-9482,1,1,1
37,-9478,1,1,1
37,-9474,0,1,1
37,-9470,0,1,1
37,-9466,1,1,1
37,-9462,1,1,1
37,-9458,0,1,1
37,-9454,0,1,1
37,-9450,1,1,1
37,-9446,1,1,1
37,-9442,0,1,1
37,-9438,0,1,1
37,-9434,1,1,1
37,-9430,1,1,1
37,-9426,0,1,1
37,-9422,0,1,1
37,-9418,1,1,1
37,-9414,1,1,1
37,-9410,0,1,1
37,-9406,0,1,1
37,-9402,1,1,1
37,-9394,0,1,1
37,-9390,0,1,1
37,-9386,1,1,1
37,-9382,1,1,1
37,-9378,0,1,1
37,-9374,0,1,1
37,-9370,1,1,1
37,-9366,1,1,1
37,-9362,0,1,1
37,-9358,0,1,1
37,-9354,1,1,1
37,-9350,1,1,1
37,-9346,0,1,1
37,-9342,0,1,1
37,-9338,1,1,1
37,-9334,1,1,1
37,-9330,0,1,1
37,-9326,0,1,1
37,-9322,1,1,1
37,-9318,1,1,1
37,-9314,0,1,1
37,-9310,0,1,1
37,-9306,1,1,1
37,-9302,1,1,1
37,-9298,0,1,1
37,-9294,0,1,1
37,-9290,1,1,1
37,-9286,1,1,1
37,-9282,0,1,1
37,-9278,0,1,1
37,-9274,1,1,1
37,-9270,1,1,1
37,-9266,0,1,1
37,-9262,0,1,1
37,-9258,1,1,1
37,-9254,1,1,1
37,-9246,0,1,1
37,-9242,1,1,1
37,-9238,1,1,1
37,-9234,0,1,1
37,-9230,0,1,1
37,-9226,1,1,1
37,-9222,1,1,1
37,-9218,0,1,1
37,-9214,0,1,1
37,-9210,1,1,1
37,-9206,1,1,1
37,-9202,0,1,1
37,-9198,0,1,1
37,-9194,1,1,1
37,-9190,1,1,1
37,-9186,0,1,1
37,-9182,0,1,1
37,-9178,1,1,1
37,-9174,1,1,1
37,-9170,0,1,1
37,-9166,0,1,1
37,-9162,1,1,1
37,-9158,1,1,1
37,-9154,0,1,1
37,-9150,0,1,1
37,-9146,1,1,1
37,-9142,1,1,1
37,-9138,0,1,1
37,-9134,0,1,1
37,-9130,1,1,1
37,-9126,1,1,1
37,-9122,0,1,1
37,-9118,0,1,1
37,-9114,1,1,1
37,-9110,1,1,1
37,-9106,0,1,1
37,-9098,1,1,1
37,-9094,1,1,1
37,-9090,0,1,1
37,-9086,0,1,1
37,-9082,1,1,1
37,-9078,1,1,1
37,-9074,0,1,1
37,-9070,0,1,1
37,-9066,1,1,1
37,-9062,1,1,1
37,-9058,0,1,1
37,-9054,0,1,1
37,-9050,1,1,1
37,-9046,1,1,1
37,-9042,0,1,1
37,-9038,0,1,1
37,-9034,1,1,1
37,-9030,1,1,1
37,-9026,0,1,1
37,-9022,0,1,1
37,-9018,1,1,1
37,-9014,1,1,1
37,-9010,0,1,1
37,-9006,0,1,1
37,-9002,1,1,1
37,-8998,1,1,1
37,-8994,0,1,1
37,-8990,0,1,1
37,-8986,1,1,1
37,-8982,1,1,1
37,-8978,0,1,1
37,-8974,0,1,1
37,-8970,1,1,1
37,-8966,1,1,1
37,-8962,0,1,1
37,-8958,0,1,1
37,-8950,1,1,1
37,-8946,0,1,1
37,-8942,0,1,1
37,-8938,1,1,1
37,-8934,1,1,1
37,-8930,0,1,1
37,-8926,0,1,1
37,-8922,1,1,1
37,-8918,1,1,1
37,-8914,0,1,1
37,-8910,0,1,1
37,-8906,1,1,1
37,-8902,1,1,1
37,-8898,0,1,1
37,-8894,0,1,1
37,-8890,1,1,1
37,-8886,1,1,1
37,-8882,0,1,1
37,-8878,0,1,1
37,-8874,1,1,1
37,-8870,1,1,1
37,-8866,0,1,1
37,-8862,0,1,1
37,-8858,1,1,1
37,-8854,1,1,1
37,-8850,0,1,1
37,-8846,0,1,1
37,-8842,1,1,1
37,-8838,1,1,1
37,-8834,0,1,1
37,-8830,0,1,1
37,-8826,1,1,1
37,-8822,1,1,1
37,-8818,0,1,1
37,-8814,0,1,1
37,-8810,1,1,1
37,-8802,0,1,1
37,-8798,0,1,1
37,-8794,1,1,1
37,-8790,1,1,1
37,-8786,0,1,1
37,-8782,0,1,1
37,-8778,1,1,1
37,-8774,1,1,1
37,-8770,0,1,1
37,-8766,0,1,1
37,-8762,1,1,1
37,-8758,1,1,1
37,-8754,0,1,1
37,-8750,0,1,1
37,-8746,1,1,1
37,-8742,1,1,1
37,-8738,0,1,1
37,-8734,0,1,1
37,-8730,1,1,1
37,-8726,1,1,1
37,-8722,0,1,1
37,-8718,0,1,1
37,-8714,1,1,1
37,-8710,1,1,1
37,-8706,0,1,1
37,-8702,0,1,1
37,-8698,1,1,1
37,-8694,1,1,1
37,-8690,0,1,1
37,-8686,0,1,1
37,-8682,1,1,1
37,-8678,1,1,1
37,-8674,0,1,1
37,-8670,0,1,1
37,-8666,1,1,1
37,-8662,1,1,1
37,-8654,0,1,1
37,-8650,1,1,1
37,-8646,1,1,1
37,-8642,0,1,1
37,-8638,0,1,1
37,-8634,1,1,1
37,-8630,1,1,1
37,-8626,0,1,1
37,-8622,0,1,1
37,-8618,1,1,1
37,-8614,1,1,1
37,-8610,0,1,1
37,-8606,0,1,1
37,-8602,1,1,1
37,-8598,1,1,1
37,-8594,0,1,1
37,-8590,0,1,1
37,-8586,1,1,1
37,-8582,1,1,1
37,-8578,0,1,1
37,-8574,0,1,1
37,-8570,1,1,1
37,-8566,1,1,1
37,-8562,0,1,1
37,-8558,0,1,1
37,-8554,1,1,1
37,-8550,1,1,1
37,-8546,0,1,1
37,-8542,0,1,1
37,-8538,1,1,1
37,-8534,1,1,1
37,-8530,0,1,1
37,-8526,0,1,1
37,-8522,1,1,1
37,-8518,1,1,1
37,-8514,0,1,1
37,-8506,1,1,1
37,-8502,1,1,1
37,-8498,0,1,1
37,-8494,0,1,1
37,-8490,1,1,1
37,-8486,1,1,1
37,-8482,0,1,1
37,-8478,0,1,1
37,-8474,1,1,1
37,-8470,1,1,1
37,-8466,0,1,1
37,-8462,0,1,1
37,-8458,1,1,1
37,-8454,1,1,1
37,-8450,0,1,1
37,-8446,0,1,1
37,-8442,1,1,1
37,-8438,1,1,1
37,-8434,0,1,1
37,-8430,0,1,1
37,-8426,1,1,1
37,-8422,1,1,1
37,-8418,0,1,1
37,-8414,0,1,1
37,-8410,1,1,1
37,-8406,1,1,1
37,-8402,0,1,1
37,-8398,0,1,1
37,-8394,1,1,1
37,-8390,1,1,1
37,-8386,0,1,1
37,-8382,0,1,1
37,-8378,1,1,1
37,-8374,1,1,1
37,-8370,0,1,1
37,-8366,0,1,1
37,-8358,1,1,1
37,-8354,0,1,1
37,-8350,0,1,1
37,-8346,1,1,1
37,-8342,1,1,1
37,-8338,0,1,1
37,-8334,0,1,1
37,-8330,1,1,1
37,-8326,1,1,1
37,-8322,0,1,1
37,-8318,0,1,1
37,-8314,1,1,1
37,-8310,1,1,1
37,-8306,0,1,1
37,-8302,0,1,1
37,-8298,1,1,1
37,-8294,1,1,1
37,-8290,0,1,1
37,-8286,0,1,1
37,-8282,1,1,1
37,-8278,1,1,1
37,-8274,0,1,1
37,-8270,0,1,1
37,-8266,1,1,1
37,-8262,1,1,1
37,-8258,0,1,1
37,-8254,0,1,1
37,-8250,1,1,1
37,-8246,1,1,1
37,-8242,0,1,1
37,-8238,0,1,1
37,-8234,1,1,1
37,-8230,1,1,1
37,-8226,0,1,1
37,-8222,0,1,1
37,-8218,1,1,1
37,-8210,0,1,1
37,-8206,0,1,1
37,-8202,1,1,1
37,-8198,1,1,1
37,-8194,0,1,1
37,-8190,0,1,1
37,-8186,1,1,1
37,-8182,1,1,1
37,-8178,0,1,1
37,-8174,0,1,1
37,-8170,1,1,1
37,-8166,1,1,1
37,-8162,0,1,1
37,-8158,0,1,1
37,-8154,1,1,1
37,-8150,1,1,1
37,-8146,0,1,1
37,-8142,0,1,1
37,-8138,1,1,1
37,-8134,1,1,1
37,-8130,0,1,1
37,-8126,0,1,1
37,-8122,1,1,1
37,-8118,1,1,1
37,-8114,0,1,1
37,-8110,0,1,1
37,-8106,1,1,1
37,-8102,1,1,1
37,-8098,0,1,1
37,-8094,0,1,1
37,-8090,1,1,1
37,-8086,1,1,1
37,-8082,0,1,1
37,-8078,0,1,1
37,-8074,1,1,1
37,-8070,1,1,1
37,-8062,0,1,1
37,-8058,1,1,1
37,-8054,1,1,1
37,-8050,0,1,1
37,-8046,0,1,1
37,-8042,1,1,1
37,-8038,1,1,1
37,-8034,0,1,1
37,-8030,0,1,1
37,-8026,1,1,1
37,-8022,1,1,1
37,-8018,0,1,1
37,-8014,0,1,1
37,-8010,1,1,1
37,-8006,1,1,1
37,-8002,0,1,1
37,-7998,0,1,1
37,-7994,1,1,1
37,-7990,1,1,1
37,-7986,0,1,1
37,-7982,0,1,1
37,-7978,1,1,1
37,-7974,1,1,1
37,-7970,0,1,1
37,-7966,0,1,1
37,-7962,1,1,1
37,-7958,1,1,1
37,-7954,0,1,1
37,-7950,0,1,1
37,-7946,1,1,1
37,-7942,1,1,1
37,-7938,0,1,1
37,-7934,0,1,1
37,-7930,1,1,1
37,-7926,1,1,1
37,-7922,0,1,1
37,-7914,1,1,1
37,-7910,1,1,1
37,-7906,0,1,1
37,-7902,0,1,1
37,-7898,0,1,1
37,-7894,1,1,1
37,-7890,0,1,1
37,-7886,0,1,1
37,-7882,1,1,1
37,-7878,1,1,1
37,-7874,0,1,1
37,-7870,0,1,1
37,-7866,1,1,1
37,-7862,1,1,1
37,-7858,0,1,1
37,-7854,0,1,1
37,-7850,1,1,1
37,-7846,1,1,1
37,-7842,0,1,1
37,-7838,0,1,1
37,-7834,1,1,1
37,-7830,1,1,1
37,-7826,0,1,1
37,-7822,0,1,1
37,-7818,1,1,1
37,-7814,1,1,1
37,-7810,0,1,1
37,-7806,0,1,1
37,-7802,1,1,1
37,-7798,1,1,1
37,-7794,0,1,1
37,-7790,0,1,1
37,-7786,1,1,1
37,-7782,1,1,1
37,-7778,0,1,1
37,-7774,0,1,1
37,-7766,1,1,1
37,-7762,0,1,1
37,-7758,0,1,1
37,-7754,1,1,1
37,-7750,1,1,1
37,-7746,0,1,1
37,-7742,0,1,1
37,-7738,1,1,1
37,-7734,1,1,1
37,-7730,0,1,1
37,-7726,0,1,1
37,-7722,1,1,1
37,-7718,1,1,1
37,-7714,0,1,1
37,-7710,0,1,1
37,-7706,1,1,1
37,-7702,1,1,1
37,-7698,0,1,1
37,-7694,0,1,1
37,-7690,1,1,1
37,-7686,1,1,1
37,-7682,0,1,1
37,-7678,0,1,1
37,-7674,1,1,1
37,-7670,1,1,1
37,-7666,0,1,1
37,-7662,0,1,1
37,-7658,1,1,1
37,-7654,1,1,1
37,-7650,0,1,1
37,-7646,0,1,1
37,-7642,1,1,1
37,-7638,1,1,1
37,-7634,0,1,1
37,-7630,0,1,1
37,-7626,1,1,1
37,-7618,0,1,1
37,-7614,0,1,1
37,-7610,1,1,1
37,-7606,1,1,1
37,-7602,0,1,1
37,-7598,0,1,1
37,-7594,1,1,1
37,-7590,1,1,1
37,-7586,0,1,1
37,-7582,0,1,1
37,-7578,1,1,1
37,-7574,1,1,1
37,-7570,0,1,1
37,-7566,0,1,1
37,-7562,1,1,1
37,-7558,1,1,1
37,-7554,0,1,1
37,-7550,0,1,1
37,-7546,1,1,1
37,-7542,1,1,1
37,-7538,0,1,1
37,-7534,0,1,1
37,-7530,1,1,1
37,-7526,1,1,1
37,-7522,0,1,1
37,-7518,0,1,1
37,-7514,1,1,1
37,-7510,1,1,1
37,-7506,0,1,1
37,-7502,0,1,1
37,-7498,1,1,1
37,-7494,1,1,1
37,-7490,0,1,1
37,-7486,0,1,1
37,-7482,1,1,1
37,-7478,1,1,1
37,-7470,0,1,1
37,-7466,1,1,1
37,-7462,1,1,1
37,-7458,0,1,1
37,-7454,0,1,1
37,-7450,1,1,1
37,-7446,1,1,1
37,-7442,0,1,1
37,-7438,0,1,1
37,-7434,1,1,1
37,-7430,1,1,1
37,-7426,0,1,1
37,-7422,0,1,1
37,-7418,1,1,1
37,-7414,1,1,1
37,-7410,0,1,1
37,-7406,0,1,1
37,-7402,1,1,1
37,-7398,1,1,1
37,-7394,0,1,1
37,-7390,0,1,1
37,-7386,1,1,1
37,-7382,1,1,1
37,-7378,0,1,1
37,-7374,0,1,1
37,-7370,1,1,1
37,-7366,1,1,1
37,-7362,0,1,1
37,-7358,0,1,1
37,-7354,1,1,1
37,-7350,1,1,1
37,-7346,0,1,1
37,-7342,0,1,1
37,-7338,1,1,1
37,-7334,1,1,1
37,-7330,0,1,1
37,-7322,1,1,1
37,-7318,1,1,1
37,-7314,0,1,1
37,-7310,0,1,1
37,-7306,1,1,1
37,-7302,1,1,1
37,-7298,0,1,1
37,-7294,0,1,1
37,-7290,1,1,1
37,-7286,1,1,1
37,-7282,0,1,1
37,-7278,0,1,1
37,-7274,1,1,1
37,-7270,1,1,1
37,-7266,0,1,1
37,-7262,0,1,1
37,-7258,1,1,1
37,-7254,1,1,1
37,-7250,0,1,1
37,-7246,0,1,1
37,-7242,1,1,1
37,-7238,1,1,1
37,-7234,0,1,1
37,-7230,0,1,1
37,-7226,1,1,1
37,-7222,1,1,1
37,-7218,0,1,1
37,-7214,0,1,1
37,-7210,1,1,1
37,-7206,1,1,1
37,-7202,0,1,1
37,-7198,0,1,1
37,-7194,1,1,1
37,-7190,1,1,1
37,-7186,0,1,1
37,-7182,0,1,1
37,-7174,1,1,1
37,-7170,0,1,1
37,-7166,0,1,1
37,-7162,1,1,1
37,-7158,1,1,1
37,-7154,0,1,1
37,-7150,0,1,1
37,-7146,1,1,1
37,-7142,1,1,1
37,-7138,0,1,1
37,-7134,0,1,1
37,-7130,1,1,1
37,-7126,1,1,1
37,-7122,0,1,1
37,-7118,0,1,1
37,-7114,1,1,1
37,-7110,1,1,1
37,-7106,0,1,1
37,-7102,0,1,1
37,-7098,1,1,1
37,-7094,1,1,1
37,-7090,0,1,1
37,-7086,0,1,1
37,-7082,1,1,1
37,-7078,1,1,1
37,-7074,0,1,1
37,-7070,0,1,1
37,-7066,1,1,1
37,-7062,1,1,1
37,-7058,0,1,1
37,-7054,0,1,1
37,-7050,1,1,1
37,-7046,1,1,1
37,-7042,0,1,1
37,-7038,0,1,1
37,-7034,1,1,1
37,-7026,0,1,1
37,-7022,0,1,1
37,-7018,1,1,1
37,-7014,1,1,1
37,-7010,0,1,1
37,-7006,0,1,1
37,-7002,1,1,1
37,-6998,1,1,1
37,-6994,0,1,1
37,-6990,0,1,1
37,-6986,1,1,1
37,-6982,1,1,1
37,-6978,0,1,1
37,-6974,0,1,1
37,-6970,1,1,1
37,-6966,1,1,1
37,-6962,0,1,1
37,-6958,0,1,1
37,-6954,1,1,1
37,-6950,1,1,1
37,-6946,0,1,1
37,-6942,0,1,1
37,-6938,1,1,1
37,-6934,1,1,1
37,-6930,0,1,1
37,-6926,0,1,1
37,-6922,1,1,1
37,-6918,1,1,1
37,-6914,0,1,1
37,-6910,0,1,1
37,-6906,1,1,1
37,-6902,1,1,1
37,-6898,0,1,1
37,-6894,0,1,1
37,-6890,1,1,1
37,-6886,1,1,1
37,-6878,0,1,1
37,-6874,1,1,1
37,-6870,1,1,1
37,-6866,0,1,1
37,-6862,0,1,1
37,-6858,1,1,1
37,-6854,1,1,1
37,-6850,0,1,1
37,-6846,0,1,1
37,-6842,1,1,1
37,-6838,1,1,1
37,-6834,0,1,1
37,-6830,0,1,1
37,-6826,1,1,1
37,-6822,1,1,1
37,-6818,0,1,1
37,-6814,0,1,1
37,-6810,1,1,1
37,-6806,1,1,1
37,-6802,0,1,1
37,-6798,0,1,1
37,-6794,1,1,1
37,-6790,1,1,1
37,-6786,0,1,1
37,-6782,0,1,1
37,-6778,1,1,1
37,-6774,1,1,1
37,-6770,0,1,1
37,-6766,0,1,1
37,-6762,1,1,1
37,-6758,1,1,1
37,-6754,0,1,1
37,-6750,0,1,1
37,-6746,1,1,1
37,-6742,1,1,1
37,-6738,0,1,1
37,-6730,1,1,1
37,-6726,1,1,1
37,-6722,0,1,1
37,-6718,0,1,1
37,-6714,1,1,1
37,-6710,1,1,1
37,-6706,0,1,1
37,-6702,0,1,1
37,-6698,1,1,1
37,-6694,1,1,1
37,-6690,0,1,1
37,-6686,0,1,1
37,-6682,1,1,1
37,-6678,1,1,1
37,-6674,0,1,1
37,-6670,0,1,1
37,-6666,1,1,1
37,-6662,1,1,1
37,-6658,0,1,1
37,-6654,0,1,1
37,-6650,1,1,1
37,-6646,1,1,1
37,-6642,0,1,1
37,-6638,0,1,1
37,-6634,1,1,1
37,-6630,1,1,1
37,-6626,0,1,1
37,-6622,0,1,1
37,-6618,0,1,1
37,-6614,1,1,1
37,-6610,0,1,1
37,-6606,0,1,1
37,-6602,1,1,1
37,-6598,1,1,1
37,-6594,0,1,1
37,-6590,0,1,1
37,-6582,1,1,1
37,-6578,0,1,1
37,-6574,0,1,1
37,-6570,1,1,1
37,-6566,1,1,1
37,-6562,0,1,1
37,-6558,0,1,1
37,-6554,1,1,1
37,-6550,1,1,1
37,-6546,0,1,1
37,-6542,0,1,1
37,-6538,1,1,1
37,-6534,1,1,1
37,-6530,0,1,1
37,-6526,0,1,1
37,-6522,1,1,1
37,-6518,1,1,1
37,-6514,0,1,1
37,-6510,0,1,1
37,-6506,1,1,1
37,-6502,1,1,1
37,-6498,0,1,1
37,-6494,0,1,1
37,-6490,1,1,1
37,-6486,1,1,1
37,-6482,0,1,1
37,-6478,0,1,1
37,-6474,1,1,1
37,-6470,1,1,1
37,-6466,0,1,1
37,-6462,0,1,1
37,-6458,1,1,1
37,-6454,1,1,1
37,-6450,0,1,1
37,-6446,0,1,1
37,-6442,1,1,1
37,-6434,0,1,1
37,-6430,0,1,1
37,-6426,1,1,1
37,-6422,1,1,1
37,-6418,0,1,1
37,-6414,0,1,1
37,-6410,1,1,1
37,-6406,1,1,1
37,-6402,0,1,1
37,-6398,0,1,1
37,-6394,1,1,1
37,-6390,1,1,1
37,-6386,0,1,1
37,-6382,0,1,1
37,-6378,1,1,1
37,-6374,1,1,1
37,-6370,0,1,1
37,-6366,0,1,1
37,-6362,1,1,1
37,-6358,1,1,1
37,-6354,0,1,1
37,-6350,0,1,1
37,-6346,1,1,1
37,-6342,1,1,1
37,-6338,0,1,1
37,-6334,0,1,1
37,-6330,1,1,1
37,-6326,1,1,1
37,-6322,0,1,1
37,-6318,0,1,1
37,-6314,1,1,1
37,-6310,1,1,1
37,-6306,0,1,1
37,-6302,0,1,1
37,-6298,1,1,1
37,-6294,1,1,1
37,-6286,0,1,1
37,-6282,1,1,1
37,-6278,1,1,1
37,-6274,0,1,1
37,-6270,0,1,1
37,-6266,1,1,1
37,-6262,1,1,1
37,-6258,0,1,1
37,-6254,0,1,1
37,-6250,1,1,1
37,-6246,1,1,1
37,-6242,0,1,1
37,-6238,0,1,1
37,-6234,1,1,1
37,-6230,1,1,1
37,-6226,0,1,1
37,-6222,0,1,1
37,-6218,1,1,1
37,-6214,1,1,1
37,-6210,0,1,1
37,-6206,0,1,1
37,-6202,1,1,1
37,-6198,1,1,1
37,-6194,0,1,1
37,-6190,0,1,1
37,-6186,1,1,1
37,-6182,1,1,1
37,-6178,0,1,1
37,-6174,0,1,1
37,-6170,1,1,1
37,-6166,1,1,1
37,-6162,0,1,1
37,-6158,0,1,1
37,-6154,1,1,1
37,-6150,1,1,1
37,-6146,0,1,1
37,-6138,1,1,1
37,-6134,1,1,1
37,-6130,0,1,1
37,-6126,0,1,1
37,-6122,1,1,1
37,-6118,1,1,1
37,-6114,0,1,1
37,-6110,0,1,1
37,-6106,1,1,1
37,-6102,1,1,1
37,-6098,0,1,1
37,-6094,0,1,1
37,-6090,1,1,1
37,-6086,1,1,1
37,-6082,0,1,1
37,-6078,0,1,1
37,-6074,1,1,1
37,-6070,1,1,1
37,-6066,0,1,1
37,-6062,0,1,1
37,-6058,1,1,1
37,-6054,1,1,1
37,-6050,0,1,1
37,-6046,0,1,1
37,-6042,1,1,1
37,-6038,1,1,1
37,-6034,0,1,1
37,-6030,0,1,1
37,-6026,1,1,1
37,-6022,1,1,1
37,-6018,0,1,1
37,-6014,0,1,1
37,-6010,1,1,1
37,-6006,1,1,1
37,-6002,0,1,1
37,-5998,0,1,1
37,-5990,1,1,1
37,-5986,0,1,1
37,-5982,0,1,1
37,-5978,1,1,1
37,-5974,1,1,1
37,-5970,0,1,1
37,-5966,0,1,1
37,-5962,1,1,1
37,-5958,1,1,1
37,-5954,0,1,1
37,-5950,0,1,1
37,-5946,1,1,1
37,-5942,1,1,1
37,-5938,0,1,1
37,-5934,0,1,1
37,-5930,1,1,1
37,-5926,1,1,1
37,-5922,0,1,1
37,-5918,0,1,1
37,-5914,1,1,1
37,-5910,1,1,1
37,-5906,0,1,1
37,-5902,0,1,1
37,-5898,1,1,1
37,-5894,1,1,1
37,-5890,0,1,1
37,-5886,0,1,1
37,-5882,1,1,1
37,-5878,1,1,1
37,-5874,0,1,1
37,-5870,0,1,1
37,-5866,1,1,1
37,-5862,1,1,1
37,-5858,0,1,1
37,-5854,0,1,1
37,-5850,1,1,1
37,-5842,0,1,1
37,-5838,0,1,1
37,-5834,1,1,1
37,-5830,1,1,1
37,-5826,0,1,1
37,-5822,0,1,1
37,-5818,1,1,1
37,-5814,1,1,1
37,-5810,0,1,1
37,-5806,0,1,1
37,-5802,1,1,1
37,-5798,1,1,1
37,-5794,0,1,1
37,-5790,0,1,1
37,-5786,1,1,1
37,-5782,1,1,1
37,-5778,0,1,1
37,-5774,0,1,1
37,-5770,1,1,1
37,-5766,1,1,1
37,-5762,0,1,1
37,-5758,0,1,1
37,-5754,1,1,1
37,-5750,1,1,1
37,-5746,0,1,1
37,-5742,0,1,1
37,-5738,1,1,1
37,-5734,1,1,1
37,-5730,0,1,1
37,-5726,0,1,1
37,-5722,1,1,1
37,-5718,1,1,1
37,-5714,0,1,1
37,-5710,0,1,1
37,-5706,1,1,1
37,-5702,1,1,1
37,-5694,0,1,1
37,-5690,1,1,1
37,-5686,1,1,1
37,-5682,0,1,1
37,-5678,0,1,1
37,-5674,1,1,1
37,-5670,1,1,1
37,-5666,0,1,1
37,-5662,0,1,1
37,-5658,1,1,1
37,-5654,1,1,1
37,-5650,0,1,1
37,-5646,0,1,1
37,-5642,1,1,1
37,-5638,1,1,1
37,-5634,0,1,1
37,-5630,0,1,1
37,-5626,1,1,1
37,-5622,1,1,1
37,-5618,0,1,1
37,-5614,0,1,1
37,-5610,1,1,1
37,-5606,1,1,1
37,-5602,0,1,1
37,-5598,0,1,1
37,-5594,1,1,1
37,-5590,1,1,1
37,-5586,0,1,1
37,-5582,0,1,1
37,-5578,1,1,1
37,-5574,1,1,1
37,-5570,0,1,1
37,-5566,0,1,1
37,-5562,1,1,1
37,-5558,1,1,1
37,-5554,0,1,1
37,-5546,1,1,1
37,-5542,1,1,1
37,-5538,0,1,1
37,-5534,0,1,1
37,-5530,1,1,1
37,-5526,1,1,1
37,-5522,0,1,1
37,-5518,0,1,1
37,-5514,1,1,1
37,-5510,1,1,1
37,-5506,0,1,1
37,-5502,0,1,1
37,-5498,1,1,1
37,-5494,1,1,1
37,-5490,0,1,1
37,-5486,0,1,1
37,-5482,1,1,1
37,-5478,1,1,1
37,-5474,0,1,1
37,-5470,0,1,1
37,-5466,1,1,1
37,-5462,1,1,1
37,-5458,0,1,1
37,-5454,0,1,1
37,-5450,1,1,1
37,-5446,1,1,1
37,-5442,0,1,1
37,-5438,0,1,1
37,-5434,1,1,1
37,-5430,1,1,1
37,-5426,0,1,1
37,-5422,0,1,1
37,-5418,1,1,1
37,-5414,1,1,1
37,-5410,0,1,1
37,-5406,0,1,1
37,-5398,1,1,1
37,-5394,0,1,1
37,-5390,0,1,1
37,-5386,1,1,1
37,-5382,1,1,1
37,-5378,0,1,1
37,-5374,0,1,1
37,-5370,1,1,1
37,-5366,1,1,1
37,-5362,0,1,1
37,-5358,0,1,1
37,-5354,1,1,1
37,-5350,1,1,1
37,-5346,0,1,1
37,-5342,0,1,1
37,-5338,1,1,1
37,-5334,1,1,1
37,-5330,0,1,1
37,-5326,0,1,1
37,-5322,1,1,1
37,-5318,1,1,1
37,-5314,0,1,1
37,-5310,0,1,1
37,-5306,1,1,1
37,-5302,1,1,1
37,-5298,0,1,1
37,-5294,0,1,1
37,-5290,1,1,1
37,-5286,1,1,1
37,-5282,0,1,1
37,-5278,0,1,1
37,-5274,1,1,1
37,-5270,1,1,1
37,-5266,0,1,1
37,-5262,0,1,1
37,-5258,1,1,1
37,-5250,0,1,1
37,-5246,0,1,1
37,-5242,1,1,1
37,-5238,1,1,1
37,-5234,0,1,1
37,-5230,0,1,1
37,-5226,1,1,1
37,-5222,1,1,1
37,-5218,0,1,1
37,-5214,0,1,1
37,-5210,1,1,1
37,-5206,1,1,1
37,-5202,0,1,1
37,-5198,0,1,1
37,-5194,1,1,1
37,-5190,1,1,1
37,-5186,0,1,1
37,-5182,0,1,1
37,-5178,1,1,1
37,-5174,1,1,1
37,-5170,0,1,1
37,-5166,0,1,1
37,-5162,1,1,1
37,-5158,1,1,1
37,-5154,0,1,1
37,-5150,0,1,1
37,-5146,1,1,1
37,-5142,1,1,1
37,-5138,0,1,1
37,-5134,0,1,1
37,-5130,1,1,1
37,-5126,1,1,1
37,-5122,0,1,1
37,-5118,0,1,1
37,-5114,1,1,1
37,-5110,1,1,1
37,-5102,0,1,1
37,-5098,1,1,1
37,-5094,1,1,1
37,-5090,0,1,1
37,-5086,0,1,1
37,-5082,1,1,1
37,-5078,1,1,1
37,-5074,0,1,1
37,-5070,0,1,1
37,-5066,1,1,1
37,-5062,1,1,1
37,-5058,0,1,1
37,-5054,0,1,1
37,-5050,1,1,1
37,-5046,1,1,1
37,-5042,0,1,1
37,-5038,0,1,1
37,-5034,1,1,1
37,-5030,1,1,1
37,-5026,0,1,1
37,-5022,0,1,1
37,-5018,1,1,1
37,-5014,1,1,1
37,-5010,0,1,1
37,-5006,0,1,1
37,-5002,1,1,1
37,-4998,1,1,1
37,-4994,0,1,1
37,-4990,0,1,1
37,-4986,1,1,1
37,-4982,1,1,1
37,-4978,0,1,1
37,-4974,0,1,1
37,-4970,1,1,1
37,-4966,1,1,1
37,-4962,0,1,1
37,-4954,1,1,1
37,-4950,1,1,1
37,-4946,0,1,1
37,-4942,0,1,1
37,-4938,1,1,1
37,-4934,1,1,1
37,-4930,0,1,1
37,-4926,0,1,1
37,-4922,1,1,1
37,-4918,1,1,1
37,-4914,0,1,1
37,-4910,0,1,1
37,-4906,1,1,1
37,-4902,1,1,1
37,-4898,0,1,1
37,-4894,0,1,1
37,-4890,1,1,1
37,-4886,1,1,1
37,-4882,0,1,1
37,-4878,0,1,1
37,-4874,1,1,1
37,-4870,1,1,1
37,-4866,0,1,1
37,-4862,0,1,1
37,-4858,1,1,1
37,-4854,1,1,1
37,-4850,0,1,1
37,-4846,0,1,1
37,-4842,1,1,1
37,-4838,1,1,1
37,-4834,0,1,1
37,-4830,0,1,1
37,-4826,1,1,1
37,-4822,1,1,1
37,-4818,0,1,1
37,-4814,0,1,1
37,-4806,1,1,1
37,-4802,0,1,1
37,-4798,0,1,1
37,-4794,1,1,1
37,-4790,1,1,1
37,-4786,0,1,1
37,-4782,0,1,1
37,-4778,1,1,1
37,-4774,1,1,1
37,-4770,0,1,1
37,-4766,0,1,1
37,-4762,1,1,1
37,-4758,1,1,1
37,-4754,0,1,1
37,-4750,0,1,1
37,-4746,1,1,1
37,-4742,1,1,1
37,-4738,0,1,1
37,-4734,0,1,1
37,-4730,1,1,1
37,-4726,1,1,1
37,-4722,0,1,1
37,-4718,0,1,1
37,-4714,1,1,1
37,-4710,1,1,1
37,-4706,0,1,1
37,-4702,0,1,1
37,-4698,1,1,1
37,-4694,1,1,1
37,-4690,0,1,1
37,-4686,0,1,1
37,-4682,1,1,1
37,-4678,1,1,1
37,-4674,0,1,1
37,-4670,0,1,1
37,-4666,1,1,1
37,-4658,0,1,1
37,-4654,0,1,1
37,-4650,1,1,1
37,-4646,1,1,1
37,-4642,0,1,1
37,-4638,0,1,1
37,-4634,1,1,1
37,-4630,1,1,1
37,-4626,0,1,1
37,-4622,0,1,1
37,-4618,1,1,1
37,-4614,1,1,1
37,-4610,0,1,1
37,-4606,0,1,1
37,-4602,1,1,1
37,-4598,1,1,1
37,-4594,0,1,1
37,-4590,0,1,1
37,-4586,1,1,1
37,-4582,1,1,1
37,-4578,0,1,1
37,-4574,0,1,1
37,-4570,1,1,1
37,-4566,1,1,1
37,-4562,0,1,1
37,-4558,0,1,1
37,-4554,1,1,1
37,-4550,1,1,1
37,-4546,0,1,1
37,-4542,0,1,1
37,-4538,1,1,1
37,-4534,1,1,1
37,-4530,0,1,1
37,-4526,0,1,1
37,-4522,1,1,1
37,-4518,1,1,1
37,-4510,0,1,1
37,-4506,1,1,1
37,-4502,1,1,1
37,-4498,0,1,1
37,-4494,0,1,1
37,-4490,1,1,1
37,-4486,1,1,1
37,-4482,0,1,1
37,-4478,0,1,1
37,-4474,1,1,1
37,-4470,1,1,1
37,-4466,0,1,1
37,-4462,0,1,1
37,-4458,1,1,1
37,-4454,1,1,1
37,-4450,0,1,1
37,-4446,0,1,1
37,-4442,1,1,1
37,-4438,1,1,1
37,-4434,0,1,1
37,-4430,0,1,1
37,-4426,1,1,1
37,-4422,1,1,1
37,-4418,0,1,1
37,-4414,0,1,1
37,-4410,1,1,1
37,-4406,1,1,1
37,-4402,0,1,1
37,-4398,0,1,1
37,-4394,1,1,1
37,-4390,1,1,1
37,-4386,0,1,1
37,-4382,0,1,1
37,-4378,1,1,1
37,-4374,1,1,1
37,-4370,0,1,1
37,-4362,1,1,1
37,-4358,1,1,1
37,-4354,0,1,1
37,-4350,0,1,1
37,-4346,1,1,1
37,-4342,1,1,1
37,-4338,0,1,1
37,-4334,0,1,1
37,-4330,1,1,1
37,-4326,1,1,1
37,-4322,0,1,1
37,-4318,0,1,1
37,-4314,1,1,1
37,-4310,1,1,1
37,-4306,0,1,1
37,-4302,0,1,1
37,-4298,1,1,1
37,-4294,1,1,1
37,-4290,0,1,1
37,-4286,0,1,1
37,-4282,1,1,1
37,-4278,1,1,1
37,-4274,0,1,1
37,-4270,0,1,1
37,-4266,1,1,1
37,-4262,1,1,1
37,-4258,0,1,1
37,-4254,0,1,1
37,-4250,1,1,1
37,-4246,1,1,1
37,-4242,0,1,1
37,-4238,0,1,1
37,-4234,1,1,1
37,-4230,1,1,1
37,-4226,0,1,1
37,-4222,0,1,1
37,-4214,1,1,1
37,-4210,0,1,1
37,-4206,0,1,1
37,-4202,1,1,1
37,-4198,1,1,1
37,-4194,0,1,1
37,-4190,0,1,1
37,-4186,1,1,1
37,-4182,1,1,1
37,-4178,0,1,1
37,-4174,0,1,1
37,-4170,1,1,1
37,-4166,1,1,1
37,-4162,0,1,1
37,-4158,0,1,1
37,-4154,1,1,1
37,-4150,1,1,1
37,-4146,0,1,1
37,-4142,0,1,1
37,-4138,1,1,1
37,-4134,1,1,1
37,-4130,0,1,1
37,-4126,0,1,1
37,-4122,1,1,1
37,-4118,1,1,1
37,-4114,0,1,1
37,-4110,0,1,1
37,-4106,1,1,1
37,-4102,1,1,1
37,-4098,0,1,1
37,-4094,0,1,1
37,-4090,1,1,1
37,-4086,1,1,1
37,-4082,0,1,1
37,-4078,0,1,1
37,-4074,1,1,1
37,-4066,0,1,1
37,-4062,0,1,1
37,-4058,1,1,1
37,-4054,1,1,1
37,-4050,0,1,1
37,-4046,0,1,1
37,-4042,1,1,1
37,-4038,1,1,1
37,-4034,0,1,1
37,-4030,0,1,1
37,-4026,1,1,1
37,-4022,1,1,1
37,-4018,0,1,1
37,-4014,0,1,1
37,-4010,1,1,1
37,-4006,1,1,1
37,-4002,0,1,1
37,-3998,0,1,1
37,-3994,1,1,1
37,-3990,1,1,1
37,-3986,0,1,1
37,-3982,0,1,1
37,-3978,1,1,1
37,-3974,1,1,1
37,-3970,0,1,1
37,-3966,0,1,1
37,-3962,1,1,1
37,-3958,1,1,1
37,-3954,0,1,1
37,-3950,0,1,1
37,-3946,1,1,1
37,-3942,1,1,1
37,-3938,0,1,1
37,-3934,0,1,1
37,-3930,1,1,1
37,-3926,1,1,1
37,-3918,0,1,1
37,-3914,1,1,1
37,-3910,1,1,1
37,-3906,0,1,1
37,-3902,0,1,1
37,-3898,1,1,1
37,-3894,1,1,1
37,-3890,0,1,1
37,-3886,0,1,1
37,-3882,1,1,1
37,-3878,1,1,1
37,-3874,0,1,1
37,-3870,0,1,1
37,-3866,1,1,1
37,-3862,1,1,1
37,-3858,0,1,1
37,-3854,0,1,1
37,-3850,1,1,1
37,-3846,1,1,1
37,-3842,0,1,1
37,-3838,0,1,1
37,-3834,1,1,1
37,-3830,1,1,1
37,-3826,0,1,1
37,-3822,0,1,1
37,-3818,1,1,1
37,-3814,1,1,1
37,-3810,0,1,1
37,-3806,0,1,1
37,-3802,1,1,1
37,-3798,1,1,1
37,-3794,0,1,1
37,-3790,0,1,1
37,-3786,1,1,1
37,-3782,1,1,1
37,-3778,0,1,1
37,-3770,1,1,1
37,-3766,1,1,1
37,-3762,0,1,1
37,-3758,0,1,1
37,-3754,1,1,1
37,-3750,1,1,1
37,-3746,0,1,1
37,-3742,0,1,1
37,-3738,1,1,1
37,-3734,1,1,1
37,-3730,0,1,1
37,-3726,0,1,1
37,-3722,1,1,1
37,-3718,1,1,1
37,-3714,0,1,1
37,-3710,0,1,1
37,-3706,1,1,1
37,-3702,1,1,1
37,-3698,0,1,1
37,-3694,0,1,1
37,-3690,1,1,1
37,-3686,1,1,1
37,-3682,0,1,1
37,-3678,0,1,1
37,-3674,1,1,1
37,-3670,1,1,1
37,-3666,0,1,1
37,-3662,0,1,1
37,-3658,1,1,1
37,-3654,1,1,1
37,-3650,0,1,1
37,-3646,0,1,1
37,-3642,1,1,1
37,-3638,1,1,1
37,-3634,0,1,1
37,-3630,0,1,1
37,-3622,1,1,1
37,-3618,0,1,1
37,-3614,0,1,1
37,-3610,1,1,1
37,-3606,1,1,1
37,-3602,0,1,1
37,-3598,0,1,1
37,-3594,1,1,1
37,-3590,1,1,1
37,-3586,0,1,1
37,-3582,0,1,1
37,-3578,1,1,1
37,-3574,1,1,1
37,-3570,0,1,1
37,-3566,0,1,1
37,-3562,1,1,1
37,-3558,1,1,1
37,-3554,0,1,1
37,-3550,0,1,1
37,-3546,1,1,1
37,-3542,1,1,1
37,-3538,0,0,0
37,-3534,0,1,1
37,-3530,1,1,1
37,-3526,1,1,1
37,-3522,0,1,1
37,-3518,0,1,1
37,-3514,1,1,1
37,-3510,1,1,1
37,-3506,0,1,1
37,-3502,0,1,1
37,-3498,1,1,1
37,-3494,1,1,1
37,-3490,0,1,1
37,-3486,0,1,1
37,-3482,1,1,1
37,-3474,0,1,1
37,-3470,0,1,1
37,-3466,1,1,1
37,-3462,1,1,1
37,-3458,0,1,1
37,-3454,0,1,1
37,-3450,1,1,1
37,-3446,1,1,1
37,-3442,0,1,1
37,-3438,0,1,1
37,-3434,1,1,1
37,-3430,1,1,1
37,-3426,0,1,1
37,-3422,0,1,1
37,-3418,1,1,1
37,-3414,1,1,1
37,-3410,0,1,1
37,-3406,0,1,1
37,-3402,1,1,1
37,-3398,1,1,1
37,-3394,0,1,1
37,-3390,0,1,1
37,-3386,1,1,1
37,-3382,1,1,1
37,-3378,0,1,1
37,-3374,0,1,1
37,-3370,1,1,1
37,-3366,1,1,1
37,-3362,0,1,1
37,-3358,0,1,1
37,-3354,1,1,1
37,-3350,1,1,1
37,-3346,0,1,1
37,-3342,0,1,1
37,-3338,1,1,1
37,-3334,1,1,1
37,-3326,0,1,1
37,-3322,1,1,1
37,-3318,1,1,1
37,-3314,0,1,1
37,-3310,0,1,1
37,-3306,1,1,1
37,-3302,1,1,1
37,-3298,0,1,1
37,-3294,0,1,1
37,-3290,1,1,1
37,-3286,1,1,1
37,-3282,0,1,1
37,-3278,0,1,1
37,-3274,1,1,1
37,-3270,1,1,1
37,-3266,0,1,1
37,-3262,0,1,1
37,-3258,1,1,1
37,-3254,1,1,1
37,-3250,0,1,1
37,-3246,0,1,1
37,-3242,1,1,1
37,-3238,1,1,1
37,-3234,0,1,1
37,-3230,0,1,1
37,-3226,1,1,1
37,-3222,1,1,1
37,-3218,0,1,1
37,-3214,0,1,1
37,-3210,1,1,1
37,-3206,1,1,1
37,-3202,0,1,1
37,-3198,0,1,1
37,-3194,1,1,1
37,-3190,1,1,1
37,-3186,0,1,1
37,-3178,1,1,1
37,-3174,1,1,1
37,-3170,0,1,1
37,-3166,0,1,1
37,-3162,1,1,1
37,-3158,1,1,1
37,-3154,0,1,1
37,-3150,0,1,1
37,-3146,1,1,1
37,-3142,1,1,1
37,-3138,0,1,1
37,-3134,0,1,1
37,-3130,1,1,1
37,-3126,1,1,1
37,-3122,0,0,0
37,-3118,0,1,1
37,-3114,1,1,1
37,-3110,1,1,1
37,-3106,0,1,1
37,-3102,0,1,1
37,-3098,1,1,1
37,-3094,1,1,1
37,-3090,0,1,1
37,-3086,0,1,1
37,-3082,1,1,1
37,-3078,1,1,1
37,-3074,0,1,1
37,-3070,0,1,1
37,-3066,1,1,1
37,-3062,1,1,1
37,-3058,0,1,1
37,-3054,0,1,1
37,-3050,1,1,1
37,-3046,1,1,1
37,-3042,0,1,1
37,-3038,0,1,1
37,-3030,1,1,1
37,-3026,0,1,1
37,-3022,0,1,1
37,-3018,1,1,1
37,-3014,1,1,1
37,-3010,0,1,1
37,-3006,0,1,1
37,-3002,1,1,1
37,-2998,1,1,1
37,-2994,0,1,1
37,-2990,0,1,1
37,-2986,1,1,1
37,-2982,1,1,1
37,-2978,0,1,1
37,-2974,0,1,1
37,-2970,1,1,1
37,-2966,1,1,1
37,-2962,0,1,1
37,-2958,0,1,1
37,-2954,1,1,1
37,-2950,1,1,1
37,-2946,0,1,1
37,-2942,0,1,1
37,-2938,1,1,1
37,-2934,1,1,1
37,-2930,0,1,1
37,-2926,0,1,1
37,-2922,1,1,1
37,-2918,1,1,1
37,-2914,0,1,1
37,-2910,0,1,1
37,-2906,1,1,1
37,-2902,1,1,1
37,-2898,0,1,1
37,-2894,0,1,1
37,-2890,1,1,1
37,-2882,0,1,1
37,-2878,0,1,1
37,-2874,1,1,1
37,-2870,1,1,1
37,-2866,0,1,1
37,-2862,0,1,1
37,-2858,1,1,1
37,-2854,1,1,1
37,-2850,0,1,1
37,-2846,0,1,1
37,-2842,1,1,1
37,-2838,1,1,1
37,-2834,0,1,1
37,-2830,0,1,1
37,-2826,1,1,1
37,-2822,1,1,1
37,-2818,0,1,1
37,-2814,0,1,1
37,-2810,1,1,1
37,-2806,1,1,1
37,-2802,0,1,1
37,-2798,0,1,1
37,-2794,1,1,1
37,-2790,1,1,1
37,-2786,0,1,1
37,-2782,0,1,1
37,-2778,1,1,1
37,-2774,1,1,1
37,-2770,0,1,1
37,-2766,0,1,1
37,-2762,1,1,1
37,-2758,1,1,1
37,-2754,0,1,1
37,-2750,0,1,1
37,-2746,1,1,1
37,-2742,1,1,1
37,-2734,0,1,1
37,-2730,1,1,1
37,-2726,1,1,1
37,-2722,0,1,1
37,-2718,0,1,1
37,-2714,1,1,1
37,-2710,1,1,1
37,-2706,0,1,1
37,-2702,0,1,1
37,-2698,1,1,1
37,-2694,1,1,1
37,-2690,0,1,1
37,-2686,0,1,1
37,-2682,1,1,1
37,-2678,1,1,1
37,-2674,0,1,1
37,-2670,0,1,1
37,-2666,1,1,1
37,-2662,1,1,1
37,-2658,0,1,1
37,-2654,0,1,1
37,-2650,1,1,1
37,-2646,1,1,1
37,-2642,0,1,1
37,-2638,0,1,1
37,-2634,1,1,1
37,-2630,1,1,1
37,-2626,0,1,1
37,-2622,0,1,1
37,-2618,1,1,1
37,-2614,1,1,1
37,-2610,0,1,1
37,-2606,0,1,1
37,-2602,1,1,1
37,-2598,1,1,1
37,-2594,0,1,1
37,-2586,1,1,1
37,-2582,1,1,1
37,-2578,0,1,1
37,-2574,0,1,1
37,-2570,1,1,1
37,-2566,1,1,1
37,-2562,0,1,1
37,-2558,0,1,1
37,-2554,1,1,1
37,-2550,1,1,1
37,-2546,0,1,1
37,-2542,0,1,1
37,-2538,1,1,1
37,-2534,1,1,1
37,-2530,0,1,1
37,-2526,0,1,1
37,-2522,1,1,1
37,-2518,1,1,1
37,-2514,0,1,1
37,-2510,0,1,1
37,-2506,1,1,1
37,-2502,1,1,1
37,-2498,0,1,1
37,-2494,0,1,1
37,-2490,1,1,1
37,-2486,1,1,1
37,-2482,0,1,1
37,-2478,0,1,1
37,-2474,1,1,1
37,-2470,1,1,1
37,-2466,0,1,1
37,-2462,0,1,1
37,-2458,1,1,1
37,-2454,1,1,1
37,-2450,0,1,1
37,-2446,0,1,1
37,-2438,1,1,1
37,-2434,0,1,1
37,-2430,0,1,1
37,-2426,1,1,1
37,-2422,1,1,1
37,-2418,0,1,1
37,-2414,0,1,1
37,-2410,1,1,1
37,-2406,1,1,1
37,-2402,0,1,1
37,-2398,0,1,1
37,-2394,1,1,1
37,-2390,1,1,1
37,-2386,0,1,1
37,-2382,0,1,1
37,-2378,1,1,1
37,-2374,1,1,1
37,-2370,0,1,1
37,-2366,0,1,1
37,-2362,1,1,1
37,-2358,1,1,1
37,-2354,0,1,1
37,-2350,0,1,1
37,-2346,1,1,1
37,-2342,1,1,1
37,-2338,0,1,1
37,-2334,0,1,1
37,-2330,1,1,1
37,-2326,1,1,1
37,-2322,0,1,1
37,-2318,0,1,1
37,-2314,1,1,1
37,-2310,1,1,1
37,-2306,0,1,1
37,-2302,0,1,1
37,-2298,1,1,1
37,-2290,0,1,1
37,-2286,0,1,1
37,-2282,1,1,1
37,-2278,1,1,1
37,-2274,0,1,1
37,-2270,0,1,1
37,-2266,1,1,1
37,-2262,1,1,1
37,-2258,0,1,1
37,-2254,0,1,1
37,-2250,1,1,1
37,-2246,1,1,1
37,-2242,0,1,1
37,-2238,0,1,1
37,-2234,1,1,1
37,-2230,1,1,1
37,-2226,0,1,1
37,-2222,0,1,1
37,-2218,1,1,1
37,-2214,1,1,1
37,-2210,0,1,1
37,-2206,0,1,1
37,-2202,1,1,1
37,-2198,1,1,1
37,-2194,0,1,1
37,-2190,0,1,1
37,-2186,1,1,1
37,-2182,1,1,1
37,-2178,0,1,1
37,-2174,0,1,1
37,-2170,1,1,1
37,-2166,1,1,1
37,-2162,0,1,1
37,-2158,0,1,1
37,-2154,1,1,1
37,-2150,1,1,1
37,-2142,0,1,1
37,-2138,1,1,1
37,-2134,1,1,1
37,-2130,0,0,0
37,-2126,0,1,1
37,-2122,1,1,1
37,-2118,1,1,1
37,-2114,0,1,1
37,-2110,0,1,1
37,-2106,1,1,1
37,-2102,1,1,1
37,-2098,0,1,1
37,-2094,0,1,1
37,-2090,1,1,1
37,-2086,1,1,1
37,-2082,0,1,1
37,-2078,0,1,1
37,-2074,1,1,1
37,-2070,1,1,1
37,-2066,0,1,1
37,-2062,0,1,1
37,-2058,1,1,1
37,-2054,1,1,1
37,-2050,0,1,1
37,-2046,0,1,1
37,-2042,1,1,1
37,-2038,1,1,1
37,-2034,0,1,1
37,-2030,0,1,1
37,-2026,1,1,1
37,-2022,1,1,1
37,-2018,0,1,1
37,-2014,0,1,1
37,-2010,1,1,1
37,-2006,1,1,1
37,-2002,0,1,1
37,-1994,1,1,1
37,-1990,1,1,1
37,-1986,0,1,1
37,-1982,0,1,1
37,-1978,1,1,1
37,-1974,1,1,1
37,-1970,0,1,1
37,-1966,0,1,1
37,-1962,1,1,1
37,-1958,1,1,1
37,-1954,0,1,1
37,-1950,0,1,1
37,-1946,1,1,1
37,-1942,1,1,1
37,-1938,0,1,1
37,-1934,0,1,1
37,-1930,1,1,1
37,-1926,1,1,1
37,-1922,0,1,1
37,-1918,0,1,1
37,-1914,1,1,1
37,-1910,1,1,1
37,-1906,0,1,1
37,-1902,0,1,1
37,-1898,1,1,1
37,-1894,1,1,1
37,-1890,0,1,1
37,-1886,0,1,1
37,-1882,1,1,1
37,-1878,1,1,1
37,-1874,0,1,1
37,-1870,0,1,1
37,-1866,1,1,1
37,-1862,1,1,1
37,-1858,0,1,1
37,-1854,0,1,1
37,-1846,1,1,1
37,-1842,0,1,1
37,-1838,0,1,1
37,-1834,1,1,1
37,-1830,1,1,1
37,-1826,0,1,1
37,-1822,0,1,1
37,-1818,1,1,1
37,-1814,1,1,1
37,-1810,0,1,1
37,-1806,0,1,1
37,-1802,1,1,1
37,-1798,1,1,1
37,-1794,0,1,1
37,-1790,0,1,1
37,-1786,1,1,1
37,-1782,1,1,1
37,-1778,0,1,1
37,-1774,0,1,1
37,-1770,1,1,1
37,-1766,1,1,1
37,-1762,0,1,1
37,-1758,0,1,1
37,-1754,1,1,1
37,-1750,1,1,1
37,-1746,0,1,1
37,-1742,0,1,1
37,-1738,1,1,1
37,-1734,1,1,1
37,-1730,0,1,1
37,-1726,0,1,1
37,-1722,1,1,1
37,-1718,1,1,1
37,-1714,0,1,1
37,-1710,0,1,1
37,-1706,1,1,1
37,-1698,0,1,1
37,-1694,0,1,1
37,-1690,1,1,1
37,-1686,1,1,1
37,-1682,0,1,1
37,-1678,0,1,1
37,-1674,1,1,1
37,-1670,1,1,1
37,-1666,0,1,1
37,-1662,0,1,1
37,-1658,1,1,1
37,-1654,1,1,1
37,-1650,0,1,1
37,-1646,0,1,1
37,-1642,1,1,1
37,-1638,1,1,1
37,-1634,0,1,1
37,-1630,0,1,1
37,-1626,1,1,1
37,-1622,1,1,1
37,-1618,0,1,1
37,-1614,0,1,1
37,-1610,1,1,1
37,-1606,1,1,1
37,-1602,0,1,1
37,-1598,0,1,1
37,-1594,1,1,1
37,-1590,1,1,1
37,-1586,0,1,1
37,-1582,0,1,1
37,-1578,1,1,1
37,-1574,1,1,1
37,-1570,0,1,1
37,-1566,0,1,1
37,-1562,1,1,1
37,-1558,1,1,1
37,-1550,0,1,1
37,-1546,1,1,1
37,-1542,1,1,1
37,-1538,0,1,1
37,-1534,0,1,1
37,-1530,1,1,1
37,-1526,1,1,1
37,-1522,0,1,1
37,-1518,0,1,1
37,-1514,1,1,1
37,-1510,1,1,1
37,-1506,0,1,1
37,-1502,0,1,1
37,-1498,1,1,1
37,-1494,1,1,1
37,-1490,0,1,1
37,-1486,0,1,1
37,-1482,1,1,1
37,-1478,1,1,1
37,-1474,0,1,1
37,-1470,0,1,1
37,-1466,1,1,1
37,-1462,1,1,1
37,-1458,0,1,1
37,-1454,0,1,1
37,-1450,1,1,1
37,-1446,1,1,1
37,-1442,0,1,1
37,-1438,0,1,1
37,-1434,1,1,1
37,-1430,1,1,1
37,-1426,0,1,1
37,-1422,0,1,1
37,-1418,1,1,1
37,-1414,1,1,1
37,-1410,0,1,1
37,-1402,1,1,1
37,-1398,1,1,1
37,-1394,0,1,1
37,-1390,0,1,1
37,-1386,1,1,1
37,-1382,1,1,1
37,-1378,0,1,1
37,-1374,0,1,1
37,-1370,1,1,1
37,-1366,1,1,1
37,-1362,0,1,1
37,-1358,0,1,1
37,-1354,1,1,1
37,-1350,1,1,1
37,-1346,0,1,1
37,-1342,0,1,1
37,-1338,1,1,1
37,-1334,1,1,1
37,-1330,0,1,1
37,-1326,0,1,1
37,-1322,1,1,1
37,-1318,1,1,1
37,-1314,0,1,1
37,-1310,0,1,1
37,-1306,1,1,1
37,-1302,1,1,1
37,-1298,0,1,1
37,-1294,0,1,1
37,-1290,1,1,1
37,-1286,1,1,1
37,-1282,0,1,1
37,-1278,0,1,1
37,-1274,1,1,1
37,-1270,1,1,1
37,-1266,0,1,1
37,-1262,0,1,1
37,-1254,1,1,1
37,-1250,0,1,1
37,-1246,0,1,1
37,-1242,1,1,1
37,-1238,1,1,1
37,-1234,0,1,1
37,-1230,0,1,1
37,-1226,1,1,1
37,-1222,1,1,1
37,-1218,0,1,1
37,-1214,0,1,1
37,-1210,1,1,1
37,-1206,1,1,1
37,-1202,0,1,1
37,-1198,0,1,1
37,-1194,1,1,1
37,-1190,1,1,1
37,-1186,0,1,1
37,-1182,0,1,1
37,-1178,1,1,1
37,-1174,1,1,1
37,-1170,0,1,1
37,-1166,0,1,1
37,-1162,1,1,1
37,-1158,1,1,1
37,-1154,0,1,1
37,-1150,0,1,1
37,-1146,1,1,1
37,-1142,1,1,1
37,-1138,0,1,1
37,-1134,0,1,1
37,-1130,1,1,1
37,-1126,1,1,1
37,-1122,0,1,1
37,-1118,0,1,1
37,-1114,1,1,1
37,-1106,0,1,1
37,-1102,0,1,1
37,-1098,1,1,1
37,-1094,1,1,1
37,-1090,0,1,1
37,-1086,0,1,1
37,-1082,1,1,1
37,-1078,1,1,1
37,-1074,0,1,1
37,-1070,0,1,1
37,-1066,1,1,1
37,-1062,1,1,1
37,-1058,0,1,1
37,-1054,0,1,1
37,-1050,1,1,1
37,-1046,1,1,1
37,-1042,0,1,1
37,-1038,0,1,1
37,-1034,1,1,1
37,-1030,1,1,1
37,-1026,0,1,1
37,-1022,0,1,1
37,-1018,1,1,1
37,-1014,1,1,1
37,-1010,0,1,1
37,-1006,0,1,1
37,-1002,1,1,1
37,-998,1,1,1
37,-994,0,1,1
37,-990,0,1,1
37,-986,1,1,1
37,-982,1,1,1
37,-978,0,1,1
37,-974,0,1,1
37,-970,1,1,1
37,-966,1,1,1
37,-958,0,1,1
37,-954,1,1,1
37,-950,1,1,1
37,-946,0,1,1
37,-942,0,1,1
37,-938,1,1,1
37,-934,1,1,1
37,-930,0,1,1
37,-926,0,1,1
37,-922,1,1,1
37,-918,1,1,1
37,-914,0,1,1
37,-910,0,1,1
37,-906,1,1,1
37,-902,1,1,1
37,-898,0,1,1
37,-894,0,1,1
37,-890,1,1,1
37,-886,1,1,1
37,-882,0,1,1
37,-878,0,1,1
37,-874,1,1,1
37,-870,1,1,1
37,-866,0,1,1
37,-862,0,1,1
37,-858,1,1,1
37,-854,1,1,1
37,-850,0,1,1
37,-846,0,1,1
37,-842,1,1,1
37,-838,1,1,1
37,-834,0,1,1
37,-830,0,1,1
37,-826,1,1,1
37,-822,1,1,1
37,-818,0,1,1
37,-810,1,1,1
37,-806,1,1,1
37,-802,0,1,1
37,-798,0,1,1
37,-794,1,1,1
37,-790,1,1,1
37,-786,0,1,1
37,-782,0,1,1
37,-778,1,1,1
37,-774,1,1,1
37,-770,0,1,1
37,-766,0,1,1
37,-762,1,1,1
37,-758,1,1,1
37,-754,0,1,1
37,-750,0,1,1
37,-746,1,1,1
37,-742,1,1,1
37,-738,0,1,1
37,-734,0,1,1
37,-730,1,1,1
37,-726,1,1,1
37,-722,0,1,1
37,-718,0,1,1
37,-714,1,1,1
37,-710,1,1,1
37,-706,0,1,1
37,-702,0,1,1
37,-698,1,1,1
37,-694,1,1,1
37,-690,0,1,1
37,-686,0,1,1
37,-682,1,1,1
37,-678,1,1,1
37,-674,0,1,1
37,-670,0,1,1
37,-662,1,1,1
37,-658,0,1,1
37,-654,0,1,1
37,-650,1,1,1
37,-646,1,1,1
37,-642,0,1,1
37,-638,0,1,1
37,-634,1,1,1
37,-630,1,1,1
37,-626,0,1,1
37,-622,0,1,1
37,-618,1,1,1
37,-614,1,1,1
37,-610,0,1,1
37,-606,0,1,1
37,-602,1,1,1
37,-598,1,1,1
37,-594,0,1,1
37,-590,0,1,1
37,-586,1,1,1
37,-582,1,1,1
37,-578,0,1,1
37,-574,0,1,1
37,-570,1,1,1
37,-566,1,1,1
37,-562,0,1,1
37,-558,0,1,1
37,-554,1,1,1
37,-550,1,1,1
37,-546,0,1,1
37,-542,0,1,1
37,-538,1,1,1
37,-534,1,1,1
37,-530,0,1,1
37,-526,0,1,1
37,-522,1,1,1
37,-514,0,1,1
37,-510,0,1,1
37,-506,1,1,1
37,-502,1,1,1
37,-498,0,1,1
37,-494,0,1,1
37,-490,1,1,1
37,-486,1,1,1
37,-482,0,1,1
37,-478,0,1,1
37,-474,1,1,1
37,-470,1,1,1
37,-466,0,1,1
37,-462,0,1,1
37,-458,1,1,1
37,-454,1,1,1
37,-450,0,1,1
37,-446,0,1,1
37,-442,1,1,1
37,-438,1,1,1
37,-434,0,1,1
37,-430,0,1,1
37,-426,1,1,1
37,-422,1,1,1
37,-418,0,1,1
37,-414,0,1,1
37,-410,1,1,1
37,-406,1,1,1
37,-402,0,1,1
37,-398,0,1,1
37,-394,1,1,1
37,-390,1,1,1
37,-386,0,1,1
37,-382,0,1,1
37,-378,1,1,1
37,-374,1,1,1
37,-366,0,1,1
37,-362,1,1,1
37,-358,1,1,1
37,-354,0,1,1
37,-350,0,1,1
37,-346,1,1,1
37,-342,1,1,1
37,-338,0,1,1
37,-334,0,1,1
37,-330,1,1,1
37,-326,1,1,1
37,-322,0,1,1
37,-318,0,1,1
37,-314,1,1,1
37,-310,1,1,1
37,-306,0,1,1
37,-302,0,1,1
37,-298,1,1,1
37,-294,1,1,1
37,-290,0,1,1
37,-286,0,1,1
37,-282,1,1,1
37,-278,1,1,1
37,-274,0,1,1
37,-270,0,1,1
37,-266,1,1,1
37,-262,1,1,1
37,-258,0,1,1
37,-254,0,1,1
37,-250,1,1,1
37,-246,1,1,1
37,-242,0,1,1
37,-238,0,1,1
37,-234,1,1,1
37,-230,1,1,1
37,-226,0,1,1
37,-218,1,1,1
37,-214,1,1,1
37,-210,0,1,1
37,-206,0,1,1
37,-202,1,1,1
37,-198,1,1,1
37,-194,0,1,1
37,-190,0,1,1
37,-186,1,1,1
37,-182,1,1,1
37,-178,0,1,1
37,-174,0,1,1
37,-170,1,1,1
37,-166,1,1,1
37,-162,0,1,1
37,-158,0,1,1
37,-154,1,1,1
37,-150,1,1,1
37,-146,0,1,1
37,-142,0,1,1
37,-138,1,1,1
37,-134,1,1,1
37,-130,0,1,1
37,-126,0,1,1
37,-122,1,1,1
37,-118,1,1,1
37,-114,0,1,1
37,-110,0,1,1
37,-106,1,1,1
37,-102,1,1,1
37,-98,0,1,1
37,-94,0,1,1
37,-90,1,1,1
37,-86,1,1,1
37,-82,0,1,1
37,-78,0,1,1
37,-70,1,1,1
37,-66,0,1,1
37,-62,0,1,1
37,-58,1,1,1
37,-54,1,1,1
37,-50,0,1,1
37,-46,0,1,1
37,-42,1,1,1
37,-38,1,1,1
37,-34,0,1,1
37,-30,0,1,1
37,-26,1,1,1
37,-22,1,1,1
37,-18,0,1,1
37,-14,0,1,1
37,-10,1,1,1
37,-6,1,1,1
37,-2,0,1,1
37,2,0,1,1
37,6,1,1,1
37,10,1,1,1
37,14,0,1,1
37,18,0,1,1
37,22,1,1,1
37,26,1,1,1
37,30,0,1,1
37,34,0,1,1
37,38,1,1,1
37,42,1,1,1
37,46,0,1,1
37,50,0,1,1
37,54,1,1,1
37,58,1,1,1
37,62,0,1,1
37,66,0,1,1
37,70,1,1,1
37,78,0,1,1
37,82,0,1,1
37,86,1,1,1
37,90,1,1,1
37,94,0,1,1
37,98,0,1,1
37,102,1,1,1
37,106,1,1,1
37,110,0,1,1
37,114,0,1,1
37,118,1,1,1
37,122,1,1,1
37,126,0,1,1
37,130,0,1,1
37,134,1,1,1
37,138,1,1,1
37,142,0,1,1
37,146,0,1,1
37,150,1,1,1
37,154,1,1,1
37,158,0,1,1
37,162,0,1,1
37,166,1,1,1
37,170,1,1,1
37,174,0,1,1
37,178,0,1,1
37,182,1,1,1
37,186,1,1,1
37,190,0,1,1
37,194,0,1,1
37,198,1,1,1
37,202,1,1,1
37,206,0,1,1
37,210,0,1,1
37,214,1,1,1
37,218,1,1,1
37,226,0,1,1
37,230,1,1,1
37,234,1,1,1
37,238,0,1,1
37,242,0,1,1
37,246,1,1,1
37,250,1,1,1
37,254,0,1,1
37,258,0,1,1
37,262,1,1,1
37,266,1,1,1
37,270,0,1,1
37,274,0,1,1
37,278,1,1,1
37,282,1,1,1
37,286,0,1,1
37,290,0,1,1
37,294,1,1,1
37,298,1,1,1
37,302,0,1,1
37,306,0,1,1
37,310,1,1,1
37,314,1,1,1
37,318,0,1,1
37,322,0,1,1
37,326,1,1,1
37,330,1,1,1
37,334,0,1,1
37,338,0,1,1
37,342,1,1,1
37,346,1,1,1
37,350,0,1,1
37,354,0,1,1
37,358,1,1,1
37,362,1,1,1
37,366,0,1,1
37,374,1,1,1
37,378,1,1,1
37,382,0,1,1
37,386,0,1,1
37,390,1,1,1
37,394,1,1,1
37,398,0,1,1
37,402,0,1,1
37,406,1,1,1
37,410,1,1,1
37,414,0,1,1
37,418,0,1,1
37,422,1,1,1
37,426,1,1,1
37,430,0,1,1
37,434,0,1,1
37,438,1,1,1
37,442,1,1,1
37,446,0,1,1
37,450,0,1,1
37,454,1,1,1
37,458,1,1,1
37,462,0,1,1
37,466,0,1,1
37,470,1,1,1
37,474,1,1,1
37,478,0,1,1
37,482,0,1,1
37,486,1,1,1
37,490,1,1,1
37,494,0,1,1
37,498,0,1,1
37,502,1,1,1
37,506,1,1,1
37,510,0,1,1
37,514,0,1,1
37,522,1,1,1
37,526,0,1,1
37,530,0,1,1
37,534,1,1,1
37,538,1,1,1
37,542,0,1,1
37,546,0,1,1
37,550,1,1,1
37,554,1,1,1
37,558,0,1,1
37,562,0,1,1
37,566,1,1,1
37,570,1,1,1
37,574,0,1,1
37,578,0,1,1
37,582,1,1,1
37,586,1,1,1
37,590,0,1,1
37,594,0,1,1
37,598,1,1,1
37,602,1,1,1
37,606,0,1,1
37,610,0,1,1
37,614,1,1,1
37,618,1,1,1
37,622,0,1,1
37,626,0,1,1
37,630,1,1,1
37,634,1,1,1
37,638,0,1,1
37,642,0,1,1
37,646,1,1,1
37,650,1,1,1
37,654,0,1,1
37,658,0,1,1
37,662,1,1,1
37,670,0,1,1
37,674,0,1,1
37,678,1,1,1
37,682,1,1,1
37,686,0,1,1
37,690,0,1,1
37,694,1,1,1
37,698,1,1,1
37,702,0,1,1
37,706,0,1,1
37,710,1,1,1
37,714,1,1,1
37,718,0,1,1
37,722,0,1,1
37,726,1,1,1
37,730,1,1,1
37,734,0,1,1
37,738,0,1,1
37,742,1,1,1
37,746,1,1,1
37,750,0,1,1
37,754,0,1,1
37,758,1,1,1
37,762,1,1,1
37,766,0,1,1
37,770,0,1,1
37,774,1,1,1
37,778,1,1,1
37,782,0,1,1
37,786,0,1,1
37,790,1,1,1
37,794,1,1,1
37,798,0,1,1
37,802,0,1,1
37,806,1,1,1
37,810,1,1,1
37,818,0,1,1
37,822,1,1,1
37,826,1,1,1
37,830,0,1,1
37,834,0,1,1
37,838,1,1,1
37,842,1,1,1
37,846,0,1,1
37,850,0,1,1
37,854,1,1,1
37,858,1,1,1
37,862,0,1,1
37,866,0,1,1
37,870,1,1,1
37,874,1,1,1
37,878,0,1,1
37,882,0,1,1
37,886,1,1,1
37,890,1,1,1
37,894,0,1,1
37,898,0,1,1
37,902,1,1,1
37,906,1,1,1
37,910,0,1,1
37,914,0,1,1
37,918,1,1,1
37,922,1,1,1
37,926,0,1,1
37,930,0,1,1
37,934,1,1,1
37,938,1,1,1
37,942,0,1,1
37,946,0,1,1
37,950,1,1,1
37,954,1,1,1
37,958,0,1,1
37,966,1,1,1
37,970,1,1,1
37,974,0,1,1
37,978,0,1,1
37,982,1,1,1
37,986,1,1,1
37,990,0,1,1
37,994,0,1,1
37,998,1,1,1
37,1002,1,1,1
37,1006,0,1,1
37,1010,0,1,1
37,1014,1,1,1
37,1018,1,1,1
37,1022,0,1,1
37,1026,0,1,1
37,1030,1,1,1
37,1034,1,1,1
37,1038,0,1,1
37,1042,0,1,1
37,1046,1,1,1
37,1050,1,1,1
37,1054,0,1,1
37,1058,0,1,1
37,1062,1,1,1
37,1066,1,1,1
37,1070,0,1,1
37,1074,0,1,1
37,1078,1,1,1
37,1082,1,1,1
37,1086,0,1,1
37,1090,0,1,1
37,1094,1,1,1
37,1098,1,1,1
37,1102,0,1,1
37,1106,0,1,1
37,1114,1,1,1
37,1118,0,1,1
37,1122,0,1,1
37,1126,1,1,1
37,1130,1,1,1
37,1134,0,1,1
37,1138,0,1,1
37,1142,1,1,1
37,1146,1,1,1
37,1150,0,1,1
37,1154,0,1,1
37,1158,1,1,1
37,1162,1,1,1
37,1166,0,1,1
37,1170,0,1,1
37,1174,1,1,1
37,1178,1,1,1
37,1182,0,1,1
37,1186,0,1,1
37,1190,1,1,1
37,1194,1,1,1
37,1198,0,1,1
37,1202,0,1,1
37,1206,1,1,1
37,1210,1,1,1
37,1214,0,1,1
37,1218,0,1,1
37,1222,1,1,1
37,1226,1,1,1
37,1230,0,1,1
37,1234,0,1,1
37,1238,1,1,1
37,1242,1,1,1
37,1246,0,1,1
37,1250,0,1,1
37,1254,1,1,1
37,1262,0,1,1
37,1266,0,1,1
37,1270,1,1,1
37,1274,1,1,1
37,1278,0,1,1
37,1282,0,1,1
37,1286,1,1,1
37,1290,1,1,1
37,1294,0,1,1
37,1298,0,1,1
37,1302,1,1,1
37,1306,1,1,1
37,1310,0,1,1
37,1314,0,1,1
37,1318,1,1,1
37,1322,1,1,1
37,1326,0,1,1
37,1330,0,1,1
37,1334,1,1,1
37,1338,1,1,1
37,1342,0,1,1
37,1346,0,1,1
37,1350,1,1,1
37,1354,1,1,1
37,1358,0,1,1
37,1362,0,1,1
37,1366,1,1,1
37,1370,1,1,1
37,1374,0,1,1
37,1378,0,1,1
37,1382,1,1,1
37,1386,1,1,1
37,1390,0,1,1
37,1394,0,1,1
37,1398,1,1,1
37,1402,1,1,1
37,1410,0,1,1
37,1414,1,1,1
37,1418,1,1,1
37,1422,0,1,1
37,1426,0,1,1
37,1430,1,1,1
37,1434,1,1,1
37,1438,0,1,1
37,1442,0,1,1
37,1446,1,1,1
37,1450,1,1,1
37,1454,0,1,1
37,1458,0,1,1
37,1462,1,1,1
37,1466,1,1,1
37,1470,0,1,1
37,1474,0,1,1
37,1478,1,1,1
37,1482,1,1,1
37,1486,0,1,1
37,1490,0,1,1
37,1494,1,1,1
37,1498,1,1,1
37,1502,0,1,1
37,1506,0,1,1
37,1510,1,1,1
37,1514,1,1,1
37,1518,0,1,1
37,1522,0,1,1
37,1526,1,1,1
37,1530,1,1,1
37,1534,0,1,1
37,1538,0,1,1
37,1542,1,1,1
37,1546,1,1,1
37,1550,0,1,1
37,1558,1,1,1
37,1562,1,1,1
37,1566,0,1,1
37,1570,0,1,1
37,1574,1,1,1
37,1578,1,1,1
37,1582,0,1,1
37,1586,0,1,1
37,1590,1,1,1
37,1594,1,1,1
37,1598,0,1,1
37,1602,0,1,1
37,1606,1,1,1
37,1610,1,1,1
37,1614,0,1,1
37,1618,0,1,1
37,1622,1,1,1
37,1626,1,1,1
37,1630,0,1,1
37,1634,0,1,1
37,1638,1,1,1
37,1642,1,1,1
37,1646,0,1,1
37,1650,0,1,1
37,1654,1,1,1
37,1658,1,1,1
37,1662,0,1,1
37,1666,0,1,1
37,1670,1,1,1
37,1674,1,1,1
37,1678,0,1,1
37,1682,0,1,1
37,1686,1,1,1
37,1690,1,1,1
37,1694,0,1,1
37,1698,0,1,1
37,1706,1,1,1
37,1710,0,1,1
37,1714,0,1,1
37,1718,1,1,1
37,1722,1,1,1
37,1726,0,1,1
37,1730,0,1,1
37,1734,1,1,1
37,1738,1,1,1
37,1742,0,1,1
37,1746,0,1,1
37,1750,1,1,1
37,1754,1,1,1
37,1758,0,1,1
37,1762,0,1,1
37,1766,1,1,1
37,1770,1,1,1
37,1774,0,1,1
37,1778,0,1,1
37,1782,1,1,1
37,1786,1,1,1
37,1790,0,1,1
37,1794,0,1,1
37,1798,1,1,1
37,1802,1,1,1
37,1806,0,1,1
37,1810,0,1,1
37,1814,1,1,1
37,1818,1,1,1
37,1822,0,1,1
37,1826,0,1,1
37,1830,1,1,1
37,1834,1,1,1
37,1838,0,1,1
37,1842,0,1,1
37,1846,1,1,1
37,1854,0,1,1
37,1858,0,1,1
37,1862,1,1,1
37,1866,1,1,1
37,1870,0,1,1
37,1874,0,1,1
37,1878,1,1,1
37,1882,1,1,1
37,1886,0,1,1
37,1890,0,1,1
37,1894,1,1,1
37,1898,1,1,1
37,1902,0,1,1
37,1906,0,1,1
37,1910,1,1,1
37,1914,1,1,1
37,1918,0,1,1
37,1922,0,1,1
37,1926,1,1,1
37,1930,1,1,1
37,1934,0,1,1
37,1938,0,1,1
37,1942,1,1,1
37,1946,1,1,1
37,1950,0,1,1
37,1954,0,1,1
37,1958,1,1,1
37,1962,1,1,1
37,1966,0,1,1
37,1970,0,1,1
37,1974,1,1,1
37,1978,1,1,1
37,1982,0,1,1
37,1986,0,1,1
37,1990,1,1,1
37,1994,1,1,1
37,2002,0,1,1
37,2006,1,1,1
37,2010,1,1,1
37,2014,0,1,1
37,2018,0,1,1
37,2022,1,1,1
37,2026,1,1,1
37,2030,0,1,1
37,2034,0,1,1
37,2038,1,1,1
37,2042,1,1,1
37,2046,0,1,1
37,2050,0,1,1
37,2054,1,1,1
37,2058,1,1,1
37,2062,0,1,1
37,2066,0,1,1
37,2070,1,1,1
37,2074,1,1,1
37,2078,0,1,1
37,2082,0,1,1
37,2086,1,1,1
37,2090,1,1,1
37,2094,0,1,1
37,2098,0,1,1
37,2102,1,1,1
37,2106,1,1,1
37,2110,0,1,1
37,2114,0,1,1
37,2118,1,1,1
37,2122,1,1,1
37,2126,0,1,1
37,2130,0,0,0
37,2134,1,1,1
37,2138,1,1,1
37,2142,0,1,1
37,2150,1,1,1
37,2154,1,1,1
37,2158,0,1,1
37,2162,0,1,1
37,2166,1,1,1
37,2170,1,1,1
37,2174,0,1,1
37,2178,0,1,1
37,2182,1,1,1
37,2186,1,1,1
37,2190,0,1,1
37,2194,0,1,1
37,2198,1,1,1
37,2202,1,1,1
37,2206,0,1,1
37,2210,0,1,1
37,2214,1,1,1
37,2218,1,1,1
37,2222,0,1,1
37,2226,0,1,1
37,2230,1,1,1
37,2234,1,1,1
37,2238,0,1,1
37,2242,0,1,1
37,2246,1,1,1
37,2250,1,1,1
37,2254,0,1,1
37,2258,0,1,1
37,2262,1,1,1
37,2266,1,1,1
37,2270,0,1,1
37,2274,0,1,1
37,2278,1,1,1
37,2282,1,1,1
37,2286,0,1,1
37,2290,0,1,1
37,2298,1,1,1
37,2302,0,1,1
37,2306,0,1,1
37,2310,1,1,1
37,2314,1,1,1
37,2318,0,1,1
37,2322,0,1,1
37,2326,1,1,1
37,2330,1,1,1
37,2334,0,1,1
37,2338,0,1,1
37,2342,1,1,1
37,2346,1,1,1
37,2350,0,1,1
37,2354,0,1,1
37,2358,1,1,1
37,2362,1,1,1
37,2366,0,1,1
37,2370,0,1,1
37,2374,1,1,1
37,2378,1,1,1
37,2382,0,1,1
37,2386,0,1,1
37,2390,1,1,1
37,2394,1,1,1
37,2398,0,1,1
37,2402,0,1,1
37,2406,1,1,1
37,2410,1,1,1
37,2414,0,1,1
37,2418,0,1,1
37,2422,1,1,1
37,2426,1,1,1
37,2430,0,1,1
37,2434,0,1,1
37,2438,1,1,1
37,2446,0,1,1
37,2450,0,1,1
37,2454,1,1,1
37,2458,1,1,1
37,2462,0,1,1
37,2466,0,1,1
37,2470,1,1,1
37,2474,1,1,1
37,2478,0,1,1
37,2482,0,1,1
37,2486,1,1,1
37,2490,1,1,1
37,2494,0,1,1
37,2498,0,1,1
37,2502,1,1,1
37,2506,1,1,1
37,2510,0,1,1
37,2514,0,1,1
37,2518,1,1,1
37,2522,1,1,1
37,2526,0,1,1
37,2530,0,1,1
37,2534,1,1,1
37,2538,1,1,1
37,2542,0,1,1
37,2546,0,1,1
37,2550,1,1,1
37,2554,1,1,1
37,2558,0,1,1
37,2562,0,1,1
37,2566,1,1,1
37,2570,1,1,1
37,2574,0,1,1
37,2578,0,1,1
37,2582,1,1,1
37,2586,1,1,1
37,2594,0,1,1
37,2598,1,1,1
37,2602,1,1,1
37,2606,0,1,1
37,2610,0,1,1
37,2614,1,1,1
37,2618,1,1,1
37,2622,0,1,1
37,2626,0,1,1
37,2630,1,1,1
37,2634,1,1,1
37,2638,0,1,1
37,2642,0,1,1
37,2646,1,1,1
37,2650,1,1,1
37,2654,0,1,1
37,2658,0,1,1
37,2662,1,1,1
37,2666,1,1,1
37,2670,0,1,1
37,2674,0,1,1
37,2678,1,1,1
37,2682,1,1,1
37,2686,0,1,1
37,2690,0,1,1
37,2694,1,1,1
37,2698,1,1,1
37,2702,0,1,1
37,2706,0,1,1
37,2710,1,1,1
37,2714,1,1,1
37,2718,0,1,1
37,2722,0,1,1
37,2726,1,1,1
37,2730,1,1,1
37,2734,0,1,1
37,2742,1,1,1
37,2746,1,1,1
37,2750,0,1,1
37,2754,0,1,1
37,2758,1,1,1
37,2762,1,1,1
37,2766,0,1,1
37,2770,0,1,1
37,2774,1,1,1
37,2778,1,1,1
37,2782,0,1,1
37,2786,0,1,1
37,2790,1,1,1
37,2794,1,1,1
37,2798,0,1,1
37,2802,0,1,1
37,2806,1,1,1
37,2810,1,1,1
37,2814,0,1,1
37,2818,0,1,1
37,2822,1,1,1
37,2826,1,1,1
37,2830,0,1,1
37,2834,0,1,1
37,2838,1,1,1
37,2842,1,1,1
37,2846,0,1,1
37,2850,0,1,1
37,2854,1,1,1
37,2858,1,1,1
37,2862,0,1,1
37,2866,0,1,1
37,2870,1,1,1
37,2874,1,1,1
37,2878,0,1,1
37,2882,0,1,1
37,2890,1,1,1
37,2894,0,1,1
37,2898,0,1,1
37,2902,1,1,1
37,2906,1,1,1
37,2910,0,1,1
37,2914,0,1,1
37,2918,1,1,1
37,2922,1,1,1
37,2926,0,1,1
37,2930,0,1,1
37,2934,1,1,1
37,2938,1,1,1
37,2942,0,1,1
37,2946,0,1,1
37,2950,1,1,1
37,2954,1,1,1
37,2958,0,1,1
37,2962,0,1,1
37,2966,1,1,1
37,2970,1,1,1
37,2974,0,1,1
37,2978,0,1,1
37,2982,1,1,1
37,2986,1,1,1
37,2990,0,1,1
37,2994,0,1,1
37,2998,1,1,1
37,3002,1,1,1
37,3006,0,1,1
37,3010,0,1,1
37,3014,1,1,1
37,3018,1,1,1
37,3022,0,1,1
37,3026,0,1,1
37,3030,1,1,1
37,3038,0,1,1
37,3042,0,1,1
37,3046,1,1,1
37,3050,1,1,1
37,3054,0,1,1
37,3058,0,1,1
37,3062,1,1,1
37,3066,1,1,1
37,3070,0,1,1
37,3074,0,1,1
37,3078,1,1,1
37,3082,1,1,1
37,3086,0,1,1
37,3090,0,1,1
37,3094,1,1,1
37,3098,1,1,1
37,3102,0,1,1
37,3106,0,1,1
37,3110,1,1,1
37,3114,1,1,1
37,3118,0,1,1
37,3122,0,0,0
37,3126,1,1,1
37,3130,1,1,1
37,3134,0,1,1
37,3138,0,1,1
37,3142,1,1,1
37,3146,1,1,1
37,3150,0,1,1
37,3154,0,1,1
37,3158,1,1,1
37,3162,1,1,1
37,3166,0,1,1
37,3170,0,1,1
37,3174,1,1,1
37,3178,1,1,1
37,3186,0,1,1
37,3190,1,1,1
37,3194,1,1,1
37,3198,0,1,1
37,3202,0,1,1
37,3206,1,1,1
37,3210,1,1,1
37,3214,0,1,1
37,3218,0,1,1
37,3222,1,1,1
37,3226,1,1,1
37,3230,0,1,1
37,3234,0,1,1
37,3238,1,1,1
37,3242,1,1,1
37,3246,0,1,1
37,3250,0,1,1
37,3254,1,1,1
37,3258,1,1,1
37,3262,0,1,1
37,3266,0,1,1
37,3270,1,1,1
37,3274,1,1,1
37,3278,0,1,1
37,3282,0,1,1
37,3286,1,1,1
37,3290,1,1,1
37,3294,0,1,1
37,3298,0,1,1
37,3302,1,1,1
37,3306,1,1,1
37,3310,0,1,1
37,3314,0,1,1
37,3318,1,1,1
37,3322,1,1,1
37,3326,0,1,1
37,3334,1,1,1
37,3338,1,1,1
37,3342,0,1,1
37,3346,0,1,1
37,3350,1,1,1
37,3354,1,1,1
37,3358,0,1,1
37,3362,0,1,1
37,3366,1,1,1
37,3370,1,1,1
37,3374,0,1,1
37,3378,0,1,1
37,3382,1,1,1
37,3386,1,1,1
37,3390,0,1,1
37,3394,0,1,1
37,3398,1,1,1
37,3402,1,1,1
37,3406,0,1,1
37,3410,0,1,1
37,3414,1,1,1
37,3418,1,1,1
37,3422,0,1,1
37,3426,0,1,1
37,3430,1,1,1
37,3434,1,1,1
37,3438,0,1,1
37,3442,0,1,1
37,3446,1,1,1
37,3450,1,1,1
37,3454,0,1,1
37,3458,0,1,1
37,3462,1,1,1
37,3466,1,1,1
37,3470,0,1,1
37,3474,0,1,1
37,3482,1,1,1
37,3486,0,1,1
37,3490,0,1,1
37,3494,1,1,1
37,3498,1,1,1
37,3502,0,1,1
37,3506,0,1,1
37,3510,1,1,1
37,3514,1,1,1
37,3518,0,1,1
37,3522,0,1,1
37,3526,1,1,1
37,3530,1,1,1
37,3534,0,1,1
37,3538,0,0,0
37,3542,1,1,1
37,3546,1,1,1
37,3550,0,1,1
37,3554,0,1,1
37,3558,1,1,1
37,3562,1,1,1
37,3566,0,1,1
37,3570,0,1,1
37,3574,1,1,1
37,3578,1,1,1
37,3582,0,1,1
37,3586,0,1,1
37,3590,1,1,1
37,3594,1,1,1
37,3598,0,1,1
37,3602,0,1,1
37,3606,1,1,1
37,3610,1,1,1
37,3614,0,1,1
37,3618,0,1,1
37,3622,1,1,1
37,3630,0,1,1
37,3634,0,1,1
37,3638,1,1,1
37,3642,1,1,1
37,3646,0,1,1
37,3650,0,1,1
37,3654,1,1,1
37,3658,1,1,1
37,3662,0,1,1
37,3666,0,1,1
37,3670,1,1,1
37,3674,1,1,1
37,3678,0,1,1
37,3682,0,1,1
37,3686,1,1,1
37,3690,1,1,1
37,3694,0,1,1
37,3698,0,1,1
37,3702,1,1,1
37,3706,1,1,1
37,3710,0,1,1
37,3714,0,1,1
37,3718,1,1,1
37,3722,1,1,1
37,3726,0,1,1
37,3730,0,1,1
37,3734,1,1,1
37,3738,1,1,1
37,3742,0,1,1
37,3746,0,1,1
37,3750,1,1,1
37,3754,1,1,1
37,3758,0,1,1
37,3762,0,1,1
37,3766,1,1,1
37,3770,1,1,1
37,3778,0,1,1
37,3782,1,1,1
37,3786,1,1,1
37,3790,0,1,1
37,3794,0,1,1
37,3798,1,1,1
37,3802,1,1,1
37,3806,0,1,1
37,3810,0,1,1
37,3814,1,1,1
37,3818,1,1,1
37,3822,0,1,1
37,3826,0,1,1
37,3830,1,1,1
37,3834,1,1,1
37,3838,0,1,1
37,3842,0,1,1
37,3846,1,1,1
37,3850,1,1,1
37,3854,0,1,1
37,3858,0,1,1
37,3862,1,1,1
37,3866,1,1,1
37,3870,0,1,1
37,3874,0,1,1
37,3878,1,1,1
37,3882,1,1,1
37,3886,0,1,1
37,3890,0,1,1
37,3894,1,1,1
37,3898,1,1,1
37,3902,0,1,1
37,3906,0,1,1
37,3910,1,1,1
37,3914,1,1,1
37,3918,0,1,1
37,3926,1,1,1
37,3930,1,1,1
37,3934,0,1,1
37,3938,0,1,1
37,3942,1,1,1
37,3946,1,1,1
37,3950,0,1,1
37,3954,0,1,1
37,3958,1,1,1
37,3962,1,1,1
37,3966,0,1,1
37,3970,0,1,1
37,3974,1,1,1
37,3978,1,1,1
37,3982,0,1,1
37,3986,0,1,1
37,3990,1,1,1
37,3994,1,1,1
37,3998,0,1,1
37,4002,0,1,1
37,4006,1,1,1
37,4010,1,1,1
37,4014,0,1,1
37,4018,0,1,1
37,4022,1,1,1
37,4026,1,1,1
37,4030,0,1,1
37,4034,0,1,1
37,4038,1,1,1
37,4042,1,1,1
37,4046,0,1,1
37,4050,0,1,1
37,4054,1,1,1
37,4058,1,1,1
37,4062,0,1,1
37,4066,0,1,1
37,4074,1,1,1
37,4078,0,1,1
37,4082,0,1,1
37,4086,1,1,1
37,4090,1,1,1
37,4094,0,1,1
37,4098,0,1,1
37,4102,1,1,1
37,4106,1,1,1
37,4110,0,1,1
37,4114,0,1,1
37,4118,1,1,1
37,4122,1,1,1
37,4126,0,1,1
37,4130,0,1,1
37,4134,1,1,1
37,4138,1,1,1
37,4142,0,1,1
37,4146,0,1,1
37,4150,1,1,1
37,4154,1,1,1
37,4158,0,1,1
37,4162,0,1,1
37,4166,1,1,1
37,4170,1,1,1
37,4174,0,1,1
37,4178,0,1,1
37,4182,1,1,1
37,4186,1,1,1
37,4190,0,1,1
37,4194,0,1,1
37,4198,1,1,1
37,4202,1,1,1
37,4206,0,1,1
37,4210,0,1,1
37,4214,1,1,1
37,4222,0,1,1
37,4226,0,1,1
37,4230,1,1,1
37,4234,1,1,1
37,4238,0,1,1
37,4242,0,1,1
37,4246,1,1,1
37,4250,1,1,1
37,4254,0,1,1
37,4258,0,1,1
37,4262,1,1,1
37,4266,1,1,1
37,4270,0,1,1
37,4274,0,1,1
37,4278,1,1,1
37,4282,1,1,1
37,4286,0,1,1
37,4290,0,1,1
37,4294,1,1,1
37,4298,1,1,1
37,4302,0,1,1
37,4306,0,1,1
37,4310,1,1,1
37,4314,1,1,1
37,4318,0,1,1
37,4322,0,1,1
37,4326,1,1,1
37,4330,1,1,1
37,4334,0,1,1
37,4338,0,1,1
37,4342,1,1,1
37,4346,1,1,1
37,4350,0,1,1
37,4354,0,1,1
37,4358,1,1,1
37,4362,1,1,1
37,4370,0,1,1
37,4374,1,1,1
37,4378,1,1,1
37,4382,0,1,1
37,4386,0,1,1
37,4390,1,1,1
37,4394,1,1,1
37,4398,0,1,1
37,4402,0,1,1
37,4406,1,1,1
37,4410,1,1,1
37,4414,0,1,1
37,4418,0,1,1
37,4422,1,1,1
37,4426,1,1,1
37,4430,0,1,1
37,4434,0,1,1
37,4438,1,1,1
37,4442,1,1,1
37,4446,0,1,1
37,4450,0,1,1
37,4454,1,1,1
37,4458,1,1,1
37,4462,0,1,1
37,4466,0,1,1
37,4470,1,1,1
37,4474,1,1,1
37,4478,0,1,1
37,4482,0,1,1
37,4486,1,1,1
37,4490,1,1,1
37,4494,0,1,1
37,4498,0,1,1
37,4502,1,1,1
37,4506,1,1,1
37,4510,0,1,1
37,4518,1,1,1
37,4522,1,1,1
37,4526,0,1,1
37,4530,0,1,1
37,4534,1,1,1
37,4538,1,1,1
37,4542,0,1,1
37,4546,0,1,1
37,4550,1,1,1
37,4554,1,1,1
37,4558,0,1,1
37,4562,0,1,1
37,4566,1,1,1
37,4570,1,1,1
37,4574,0,1,1
37,4578,0,1,1
37,4582,1,1,1
37,4586,1,1,1
37,4590,0,1,1
37,4594,0,1,1
37,4598,1,1,1
37,4602,1,1,1
37,4606,0,1,1
37,4610,0,1,1
37,4614,1,1,1
37,4618,1,1,1
37,4622,0,1,1
37,4626,0,1,1
37,4630,1,1,1
37,4634,1,1,1
37,4638,0,1,1
37,4642,0,1,1
37,4646,1,1,1
37,4650,1,1,1
37,4654,0,1,1
37,4658,0,1,1
37,4666,1,1,1
37,4670,0,1,1
37,4674,0,1,1
37,4678,1,1,1
37,4682,1,1,1
37,4686,0,1,1
37,4690,0,1,1
37,4694,1,1,1
37,4698,1,1,1
37,4702,0,1,1
37,4706,0,1,1
37,4710,1,1,1
37,4714,1,1,1
37,4718,0,1,1
37,4722,0,1,1
37,4726,1,1,1
37,4730,1,1,1
37,4734,0,1,1
37,4738,0,1,1
37,4742,1,1,1
37,4746,1,1,1
37,4750,0,1,1
37,4754,0,1,1
37,4758,1,1,1
37,4762,1,1,1
37,4766,0,1,1
37,4770,0,1,1
37,4774,1,1,1
37,4778,1,1,1
37,4782,0,1,1
37,4786,0,1,1
37,4790,1,1,1
37,4794,1,1,1
37,4798,0,1,1
37,4802,0,1,1
37,4806,1,1,1
37,4814,0,1,1
37,4818,0,1,1
37,4822,1,1,1
37,4826,1,1,1
37,4830,0,1,1
37,4834,0,1,1
37,4838,1,1,1
37,4842,1,1,1
37,4846,0,1,1
37,4850,0,1,1
37,4854,1,1,1
37,4858,1,1,1
37,4862,0,1,1
37,4866,0,1,1
37,4870,1,1,1
37,4874,1,1,1
37,4878,0,1,1
37,4882,0,1,1
37,4886,1,1,1
37,4890,1,1,1
37,4894,0,1,1
37,4898,0,1,1
37,4902,1,1,1
37,4906,1,1,1
37,4910,0,1,1
37,4914,0,1,1
37,4918,1,1,1
37,4922,1,1,1
37,4926,0,1,1
37,4930,0,1,1
37,4934,1,1,1
37,4938,1,1,1
37,4942,0,1,1
37,4946,0,1,1
37,4950,1,1,1
37,4954,1,1,1
37,4962,0,1,1
37,4966,1,1,1
37,4970,1,1,1
37,4974,0,1,1
37,4978,0,1,1
37,4982,1,1,1
37,4986,1,1,1
37,4990,0,1,1
37,4994,0,1,1
37,4998,1,1,1
37,5002,1,1,1
37,5006,0,1,1
37,5010,0,1,1
37,5014,1,1,1
37,5018,1,1,1
37,5022,0,1,1
37,5026,0,1,1
37,5030,1,1,1
37,5034,1,1,1
37,5038,0,1,1
37,5042,0,1,1
37,5046,1,1,1
37,5050,1,1,1
37,5054,0,1,1
37,5058,0,1,1
37,5062,1,1,1
37,5066,1,1,1
37,5070,0,1,1
37,5074,0,1,1
37,5078,1,1,1
37,5082,1,1,1
37,5086,0,1,1
37,5090,0,1,1
37,5094,1,1,1
37,5098,1,1,1
37,5102,0,1,1
37,5110,1,1,1
37,5114,1,1,1
37,5118,0,1,1
37,5122,0,1,1
37,5126,1,1,1
37,5130,1,1,1
37,5134,0,1,1
37,5138,0,1,1
37,5142,1,1,1
37,5146,1,1,1
37,5150,0,1,1
37,5154,0,1,1
37,5158,1,1,1
37,5162,1,1,1
37,5166,0,1,1
37,5170,0,1,1
37,5174,1,1,1
37,5178,1,1,1
37,5182,0,1,1
37,5186,0,1,1
37,5190,1,1,1
37,5194,1,1,1
37,5198,0,1,1
37,5202,0,1,1
37,5206,1,1,1
37,5210,1,1,1
37,5214,0,1,1
37,5218,0,1,1
37,5222,1,1,1
37,5226,1,1,1
37,5230,0,1,1
37,5234,0,1,1
37,5238,1,1,1
37,5242,1,1,1
37,5246,0,1,1
37,5250,0,1,1
37,5258,1,1,1
37,5262,0,1,1
37,5266,0,1,1
37,5270,1,1,1
37,5274,1,1,1
37,5278,0,1,1
37,5282,0,1,1
37,5286,1,1,1
37,5290,1,1,1
37,5294,0,1,1
37,5298,0,1,1
37,5302,1,1,1
37,5306,1,1,1
37,5310,0,1,1
37,5314,0,1,1
37,5318,1,1,1
37,5322,1,1,1
37,5326,0,1,1
37,5330,0,1,1
37,5334,1,1,1
37,5338,1,1,1
37,5342,0,1,1
37,5346,0,1,1
37,5350,1,1,1
37,5354,1,1,1
37,5358,0,1,1
37,5362,0,1,1
37,5366,1,1,1
37,5370,1,1,1
37,5374,0,1,1
37,5378,0,1,1
37,5382,1,1,1
37,5386,1,1,1
37,5390,0,1,1
37,5394,0,1,1
37,5398,1,1,1
37,5406,0,1,1
37,5410,0,1,1
37,5414,1,1,1
37,5418,1,1,1
37,5422,0,1,1
37,5426,0,1,1
37,5430,1,1,1
37,5434,1,1,1
37,5438,0,1,1
37,5442,0,1,1
37,5446,1,1,1
37,5450,1,1,1
37,5454,0,1,1
37,5458,0,1,1
37,5462,1,1,1
37,5466,1,1,1
37,5470,0,1,1
37,5474,0,1,1
37,5478,1,1,1
37,5482,1,1,1
37,5486,0,1,1
37,5490,0,1,1
37,5494,1,1,1
37,5498,1,1,1
37,5502,0,1,1
37,5506,0,1,1
37,5510,1,1,1
37,5514,1,1,1
37,5518,0,1,1
37,5522,0,1,1
37,5526,1,1,1
37,5530,1,1,1
37,5534,0,1,1
37,5538,0,1,1
37,5542,1,1,1
37,5546,1,1,1
37,5554,0,1,1
37,5558,1,1,1
37,5562,1,1,1
37,5566,0,1,1
37,5570,0,1,1
37,5574,1,1,1
37,5578,1,1,1
37,5582,0,1,1
37,5586,0,1,1
37,5590,1,1,1
37,5594,1,1,1
37,5598,0,1,1
37,5602,0,1,1
37,5606,1,1,1
37,5610,1,1,1
37,5614,0,1,1
37,5618,0,1,1
37,5622,1,1,1
37,5626,1,1,1
37,5630,0,1,1
37,5634,0,1,1
37,5638,1,1,1
37,5642,1,1,1
37,5646,0,1,1
37,5650,0,1,1
37,5654,1,1,1
37,5658,1,1,1
37,5662,0,1,1
37,5666,0,1,1
37,5670,1,1,1
37,5674,1,1,1
37,5678,0,1,1
37,5682,0,1,1
37,5686,1,1,1
37,5690,1,1,1
37,5694,0,1,1
37,5702,1,1,1
37,5706,1,1,1
37,5710,0,1,1
37,5714,0,1,1
37,5718,1,1,1
37,5722,1,1,1
37,5726,0,1,1
37,5730,0,1,1
37,5734,1,1,1
37,5738,1,1,1
37,5742,0,1,1
37,5746,0,1,1
37,5750,1,1,1
37,5754,1,1,1
37,5758,0,1,1
37,5762,0,1,1
37,5766,1,1,1
37,5770,1,1,1
37,5774,0,1,1
37,5778,0,1,1
37,5782,1,1,1
37,5786,1,1,1
37,5790,0,1,1
37,5794,0,1,1
37,5798,1,1,1
37,5802,1,1,1
37,5806,0,1,1
37,5810,0,1,1
37,5814,1,1,1
37,5818,1,1,1
37,5822,0,1,1
37,5826,0,1,1
37,5830,1,1,1
37,5834,1,1,1
37,5838,0,1,1
37,5842,0,1,1
37,5850,1,1,1
37,5854,0,1,1
37,5858,0,1,1
37,5862,1,1,1
37,5866,1,1,1
37,5870,0,1,1
37,5874,0,1,1
37,5878,1,1,1
37,5882,1,1,1
37,5886,0,1,1
37,5890,0,1,1
37,5894,1,1,1
37,5898,1,1,1
37,5902,0,1,1
37,5906,0,1,1
37,5910,1,1,1
37,5914,1,1,1
37,5918,0,1,1
37,5922,0,1,1
37,5926,1,1,1
37,5930,1,1,1
37,5934,0,1,1
37,5938,0,1,1
37,5942,1,1,1
37,5946,1,1,1
37,5950,0,1,1
37,5954,0,1,1
37,5958,1,1,1
37,5962,1,1,1
37,5966,0,1,1
37,5970,0,1,1
37,5974,1,1,1
37,5978,1,1,1
37,5982,0,1,1
37,5986,0,1,1
37,5990,1,1,1
37,5998,0,1,1
37,6002,0,1,1
37,6006,1,1,1
37,6010,1,1,1
37,6014,0,1,1
37,6018,0,1,1
37,6022,1,1,1
37,6026,1,1,1
37,6030,0,1,1
37,6034,0,1,1
37,6038,1,1,1
37,6042,1,1,1
37,6046,0,1,1
37,6050,0,1,1
37,6054,1,1,1
37,6058,1,1,1
37,6062,0,1,1
37,6066,0,1,1
37,6070,1,1,1
37,6074,1,1,1
37,6078,0,1,1
37,6082,0,1,1
37,6086,1,1,1
37,6090,1,1,1
37,6094,0,1,1
37,6098,0,1,1
37,6102,1,1,1
37,6106,1,1,1
37,6110,0,1,1
37,6114,0,1,1
37,6118,1,1,1
37,6122,1,1,1
37,6126,0,1,1
37,6130,0,1,1
37,6134,1,1,1
37,6138,1,1,1
37,6146,0,1,1
37,6150,1,1,1
37,6154,1,1,1
37,6158,0,1,1
37,6162,0,1,1
37,6166,1,1,1
37,6170,1,1,1
37,6174,0,1,1
37,6178,0,1,1
37,6182,1,1,1
37,6186,1,1,1
37,6190,0,1,1
37,6194,0,1,1
37,6198,1,1,1
37,6202,1,1,1
37,6206,0,1,1
37,6210,0,1,1
37,6214,1,1,1
37,6218,1,1,1
37,6222,0,1,1
37,6226,0,1,1
37,6230,1,1,1
37,6234,1,1,1
37,6238,0,1,1
37,6242,0,1,1
37,6246,1,1,1
37,6250,1,1,1
37,6254,0,1,1
37,6258,0,1,1
37,6262,1,1,1
37,6266,1,1,1
37,6270,0,1,1
37,6274,0,1,1
37,6278,1,1,1
37,6282,1,1,1
37,6286,0,1,1
37,6294,1,1,1
37,6298,1,1,1
37,6302,0,1,1
37,6306,0,1,1
37,6310,1,1,1
37,6314,1,1,1
37,6318,0,1,1
37,6322,0,1,1
37,6326,1,1,1
37,6330,1,1,1
37,6334,0,1,1
37,6338,0,1,1
37,6342,1,1,1
37,6346,1,1,1
37,6350,0,1,1
37,6354,0,1,1
37,6358,1,1,1
37,6362,1,1,1
37,6366,0,1,1
37,6370,0,1,1
37,6374,1,1,1
37,6378,1,1,1
37,6382,0,1,1
37,6386,0,1,1
37,6390,1,1,1
37,6394,1,1,1
37,6398,0,1,1
37,6402,0,1,1
37,6406,1,1,1
37,6410,1,1,1
37,6414,0,1,1
37,6418,0,1,1
37,6422,1,1,1
37,6426,1,1,1
37,6430,0,1,1
37,6434,0,1,1
37,6442,1,1,1
37,6446,0,1,1
37,6450,0,1,1
37,6454,1,1,1
37,6458,1,1,1
37,6462,0,1,1
37,6466,0,1,1
37,6470,1,1,1
37,6474,1,1,1
37,6478,0,1,1
37,6482,0,1,1
37,6486,1,1,1
37,6490,1,1,1
37,6494,0,1,1
37,6498,0,1,1
37,6502,1,1,1
37,6506,1,1,1
37,6510,0,1,1
37,6514,0,1,1
37,6518,1,1,1
37,6522,1,1,1
37,6526,0,1,1
37,6530,0,1,1
37,6534,1,1,1
37,6538,1,1,1
37,6542,0,1,1
37,6546,0,1,1
37,6550,1,1,1
37,6554,1,1,1
37,6558,0,1,1
37,6562,0,1,1
37,6566,1,1,1
37,6570,1,1,1
37,6574,0,1,1
37,6578,0,1,1
37,6582,1,1,1
37,6590,0,1,1
37,6594,0,1,1
37,6598,1,1,1
37,6602,1,1,1
37,6606,0,1,1
37,6610,0,1,1
37,6614,1,1,1
37,6618,0,1,1
37,6622,0,1,1
37,6626,0,1,1
37,6630,1,1,1
37,6634,1,1,1
37,6638,0,1,1
37,6642,0,1,1
37,6646,1,1,1
37,6650,1,1,1
37,6654,0,1,1
37,6658,0,1,1
37,6662,1,1,1
37,6666,1,1,1
37,6670,0,1,1
37,6674,0,1,1
37,6678,1,1,1
37,6682,1,1,1
37,6686,0,1,1
37,6690,0,1,1
37,6694,1,1,1
37,6698,1,1,1
37,6702,0,1,1
37,6706,0,1,1
37,6710,1,1,1
37,6714,1,1,1
37,6718,0,1,1
37,6722,0,1,1
37,6726,1,1,1
37,6730,1,1,1
37,6738,0,1,1
37,6742,1,1,1
37,6746,1,1,1
37,6750,0,1,1
37,6754,0,1,1
37,6758,1,1,1
37,6762,1,1,1
37,6766,0,1,1
37,6770,0,1,1
37,6774,1,1,1
37,6778,1,1,1
37,6782,0,1,1
37,6786,0,1,1
37,6790,1,1,1
37,6794,1,1,1
37,6798,0,1,1
37,6802,0,1,1
37,6806,1,1,1
37,6810,1,1,1
37,6814,0,1,1
37,6818,0,1,1
37,6822,1,1,1
37,6826,1,1,1
37,6830,0,1,1
37,6834,0,1,1
37,6838,1,1,1
37,6842,1,1,1
37,6846,0,1,1
37,6850,0,1,1
37,6854,1,1,1
37,6858,1,1,1
37,6862,0,1,1
37,6866,0,1,1
37,6870,1,1,1
37,6874,1,1,1
37,6878,0,1,1
37,6886,1,1,1
37,6890,1,1,1
37,6894,0,1,1
37,6898,0,1,1
37,6902,1,1,1
37,6906,1,1,1
37,6910,0,1,1
37,6914,0,1,1
37,6918,1,1,1
37,6922,1,1,1
37,6926,0,1,1
37,6930,0,1,1
37,6934,1,1,1
37,6938,1,1,1
37,6942,0,1,1
37,6946,0,1,1
37,6950,1,1,1
37,6954,1,1,1
37,6958,0,1,1
37,6962,0,1,1
37,6966,1,1,1
37,6970,1,1,1
37,6974,0,1,1
37,6978,0,1,1
37,6982,1,1,1
37,6986,1,1,1
37,6990,0,1,1
37,6994,0,1,1
37,6998,1,1,1
37,7002,1,1,1
37,7006,0,1,1
37,7010,0,1,1
37,7014,1,1,1
37,7018,1,1,1
37,7022,0,1,1
37,7026,0,1,1
37,7034,1,1,1
37,7038,0,1,1
37,7042,0,1,1
37,7046,1,1,1
37,7050,1,1,1
37,7054,0,1,1
37,7058,0,1,1
37,7062,1,1,1
37,7066,1,1,1
37,7070,0,1,1
37,7074,0,1,1
37,7078,1,1,1
37,7082,1,1,1
37,7086,0,1,1
37,7090,0,1,1
37,7094,1,1,1
37,7098,1,1,1
37,7102,0,1,1
37,7106,0,1,1
37,7110,1,1,1
37,7114,1,1,1
37,7118,0,1,1
37,7122,0,1,1
37,7126,1,1,1
37,7130,1,1,1
37,7134,0,1,1
37,7138,0,1,1
37,7142,1,1,1
37,7146,1,1,1
37,7150,0,1,1
37,7154,0,1,1
37,7158,1,1,1
37,7162,1,1,1
37,7166,0,1,1
37,7170,0,1,1
37,7174,1,1,1
37,7182,0,1,1
37,7186,0,1,1
37,7190,1,1,1
37,7194,1,1,1
37,7198,0,1,1
37,7202,0,1,1
37,7206,1,1,1
37,7210,1,1,1
37,7214,0,1,1
37,7218,0,1,1
37,7222,1,1,1
37,7226,1,1,1
37,7230,0,1,1
37,7234,0,1,1
37,7238,1,1,1
37,7242,1,1,1
37,7246,0,1,1
37,7250,0,1,1
37,7254,1,1,1
37,7258,1,1,1
37,7262,0,1,1
37,7266,0,1,1
37,7270,1,1,1
37,7274,1,1,1
37,7278,0,1,1
37,7282,0,1,1
37,7286,1,1,1
37,7290,1,1,1
37,7294,0,1,1
37,7298,0,1,1
37,7302,1,1,1
37,7306,1,1,1
37,7310,0,1,1
37,7314,0,1,1
37,7318,1,1,1
37,7322,1,1,1
37,7330,0,1,1
37,7334,1,1,1
37,7338,1,1,1
37,7342,0,1,1
37,7346,0,1,1
37,7350,1,1,1
37,7354,1,1,1
37,7358,0,1,1
37,7362,0,1,1
37,7366,1,1,1
37,7370,1,1,1
37,7374,0,1,1
37,7378,0,1,1
37,7382,1,1,1
37,7386,1,1,1
37,7390,0,1,1
37,7394,0,1,1
37,7398,1,1,1
37,7402,1,1,1
37,7406,0,1,1
37,7410,0,1,1
37,7414,1,1,1
37,7418,1,1,1
37,7422,0,1,1
37,7426,0,1,1
37,7430,1,1,1
37,7434,1,1,1
37,7438,0,1,1
37,7442,0,1,1
37,7446,1,1,1
37,7450,1,1,1
37,7454,0,1,1
37,7458,0,1,1
37,7462,1,1,1
37,7466,1,1,1
37,7470,0,1,1
37,7478,1,1,1
37,7482,1,1,1
37,7486,0,1,1
37,7490,0,1,1
37,7494,1,1,1
37,7498,1,1,1
37,7502,0,1,1
37,7506,0,1,1
37,7510,1,1,1
37,7514,1,1,1
37,7518,0,1,1
37,7522,0,1,1
37,7526,1,1,1
37,7530,1,1,1
37,7534,0,1,1
37,7538,0,1,1
37,7542,1,1,1
37,7546,1,1,1
37,7550,0,1,1
37,7554,0,1,1
37,7558,1,1,1
37,7562,1,1,1
37,7566,0,1,1
37,7570,0,1,1
37,7574,1,1,1
37,7578,1,1,1
37,7582,0,1,1
37,7586,0,1,1
37,7590,1,1,1
37,7594,1,1,1
37,7598,0,1,1
37,7602,0,1,1
37,7606,1,1,1
37,7610,1,1,1
37,7614,0,1,1
37,7618,0,1,1
37,7626,1,1,1
37,7630,0,1,1
37,7634,0,1,1
37,7638,1,1,1
37,7642,1,1,1
37,7646,0,1,1
37,7650,0,1,1
37,7654,1,1,1
37,7658,1,1,1
37,7662,0,1,1
37,7666,0,1,1
37,7670,1,1,1
37,7674,1,1,1
37,7678,0,1,1
37,7682,0,1,1
37,7686,1,1,1
37,7690,1,1,1
37,7694,0,1,1
37,7698,0,1,1
37,7702,1,1,1
37,7706,1,1,1
37,7710,0,1,1
37,7714,0,1,1
37,7718,1,1,1
37,7722,1,1,1
37,7726,0,1,1
37,7730,0,1,1
37,7734,1,1,1
37,7738,1,1,1
37,7742,0,1,1
37,7746,0,1,1
37,7750,1,1,1
37,7754,1,1,1
37,7758,0,1,1
37,7762,0,1,1
37,7766,1,1,1
37,7774,0,1,1
37,7778,0,1,1
37,7782,1,1,1
37,7786,1,1,1
37,7790,0,1,1
37,7794,0,1,1
37,7798,1,1,1
37,7802,1,1,1
37,7806,0,1,1
37,7810,0,1,1
37,7814,1,1,1
37,7818,1,1,1
37,7822,0,1,1
37,7826,0,1,1
37,7830,1,1,1
37,7834,1,1,1
37,7838,0,1,1
37,7842,0,1,1
37,7846,1,1,1
37,7850,1,1,1
37,7854,0,1,1
37,7858,0,1,1
37,7862,1,1,1
37,7866,1,1,1
37,7870,0,1,1
37,7874,0,1,1
37,7878,1,1,1
37,7882,1,1,1
37,7886,0,1,1
37,7890,0,1,1
37,7894,1,1,1
37,7898,0,1,1
37,7902,0,1,1
37,7906,0,1,1
37,7910,1,1,1
37,7914,1,1,1
37,7922,0,1,1
37,7926,1,1,1
37,7930,1,1,1
37,7934,0,1,1
37,7938,0,1,1
37,7942,1,1,1
37,7946,1,1,1
37,7950,0,1,1
37,7954,0,1,1
37,7958,1,1,1
37,7962,1,1,1
37,7966,0,1,1
37,7970,0,1,1
37,7974,1,1,1
37,7978,1,1,1
37,7982,0,1,1
37,7986,0,1,1
37,7990,1,1,1
37,7994,1,1,1
37,7998,0,1,1
37,8002,0,1,1
37,8006,1,1,1
37,8010,1,1,1
37,8014,0,1,1
37,8018,0,1,1
37,8022,1,1,1
37,8026,1,1,1
37,8030,0,1,1
37,8034,0,1,1
37,8038,1,1,1
37,8042,1,1,1
37,8046,0,1,1
37,8050,0,1,1
37,8054,1,1,1
37,8058,1,1,1
37,8062,0,1,1
37,8070,1,1,1
37,8074,1,1,1
37,8078,0,1,1
37,8082,0,1,1
37,8086,1,1,1
37,8090,1,1,1
37,8094,0,1,1
37,8098,0,1,1
37,8102,1,1,1
37,8106,1,1,1
37,8110,0,1,1
37,8114,0,1,1
37,8118,1,1,1
37,8122,1,1,1
37,8126,0,1,1
37,8130,0,1,1
37,8134,1,1,1
37,8138,1,1,1
37,8142,0,1,1
37,8146,0,1,1
37,8150,1,1,1
37,8154,1,1,1
37,8158,0,1,1
37,8162,0,1,1
37,8166,1,1,1
37,8170,1,1,1
37,8174,0,1,1
37,8178,0,1,1
37,8182,1,1,1
37,8186,1,1,1
37,8190,0,1,1
37,8194,0,1,1
37,8198,1,1,1
37,8202,1,1,1
37,8206,0,1,1
37,8210,0,1,1
37,8218,1,1,1
37,8222,0,1,1
37,8226,0,1,1
37,8230,1,1,1
37,8234,1,1,1
37,8238,0,1,1
37,8242,0,1,1
37,8246,1,1,1
37,8250,1,1,1
37,8254,0,1,1
37,8258,0,1,1
37,8262,1,1,1
37,8266,1,1,1
37,8270,0,1,1
37,8274,0,1,1
37,8278,1,1,1
37,8282,1,1,1
37,8286,0,1,1
37,8290,0,1,1
37,8294,1,1,1
37,8298,1,1,1
37,8302,0,1,1
37,8306,0,1,1
37,8310,1,1,1
37,8314,1,1,1
37,8318,0,1,1
37,8322,0,1,1
37,8326,1,1,1
37,8330,1,1,1
37,8334,0,1,1
37,8338,0,1,1
37,8342,1,1,1
37,8346,1,1,1
37,8350,0,1,1
37,8354,0,1,1
37,8358,1,1,1
37,8366,0,1,1
37,8370,0,1,1
37,8374,1,1,1
37,8378,1,1,1
37,8382,0,1,1
37,8386,0,1,1
37,8390,1,1,1
37,8394,1,1,1
37,8398,0,1,1
37,8402,0,1,1
37,8406,1,1,1
37,8410,1,1,1
37,8414,0,1,1
37,8418,0,1,1
37,8422,1,1,1
37,8426,1,1,1
37,8430,0,1,1
37,8434,0,1,1
37,8438,1,1,1
37,8442,1,1,1
37,8446,0,1,1
37,8450,0,1,1
37,8454,1,1,1
37,8458,1,1,1
37,8462,0,1,1
37,8466,0,1,1
37,8470,1,1,1
37,8474,1,1,1
37,8478,0,1,1
37,8482,0,1,1
37,8486,1,1,1
37,8490,1,1,1
37,8494,0,1,1
37,8498,0,1,1
37,8502,1,1,1
37,8506,1,1,1
37,8514,0,1,1
37,8518,1,1,1
37,8522,1,1,1
37,8526,0,1,1
37,8530,0,1,1
37,8534,1,1,1
37,8538,1,1,1
37,8542,0,1,1
37,8546,0,1,1
37,8550,1,1,1
37,8554,1,1,1
37,8558,0,1,1
37,8562,0,1,1
37,8566,1,1,1
37,8570,1,1,1
37,8574,0,1,1
37,8578,0,1,1
37,8582,1,1,1
37,8586,1,1,1
37,8590,0,1,1
37,8594,0,1,1
37,8598,1,1,1
37,8602,1,1,1
37,8606,0,1,1
37,8610,0,1,1
37,8614,1,1,1
37,8618,1,1,1
37,8622,0,1,1
37,8626,0,1,1
37,8630,1,1,1
37,8634,1,1,1
37,8638,0,1,1
37,8642,0,1,1
37,8646,1,1,1
37,8650,1,1,1
37,8654,0,1,1
37,8662,1,1,1
37,8666,1,1,1
37,8670,0,1,1
37,8674,0,1,1
37,8678,1,1,1
37,8682,1,1,1
37,8686,0,1,1
37,8690,0,1,1
37,8694,1,1,1
37,8698,1,1,1
37,8702,0,1,1
37,8706,0,1,1
37,8710,1,1,1
37,8714,1,1,1
37,8718,0,1,1
37,8722,0,1,1
37,8726,1,1,1
37,8730,1,1,1
37,8734,0,1,1
37,8738,0,1,1
37,8742,1,1,1
37,8746,1,1,1
37,8750,0,1,1
37,8754,0,1,1
37,8758,1,1,1
37,8762,1,1,1
37,8766,0,1,1
37,8770,0,1,1
37,8774,1,1,1
37,8778,1,1,1
37,8782,0,1,1
37,8786,0,1,1
37,8790,1,1,1
37,8794,1,1,1
37,8798,0,1,1
37,8802,0,1,1
37,8810,1,1,1
37,8814,0,1,1
37,8818,0,1,1
37,8822,1,1,1
37,8826,1,1,1
37,8830,0,1,1
37,8834,0,1,1
37,8838,1,1,1
37,8842,1,1,1
37,8846,0,1,1
37,8850,0,1,1
37,8854,1,1,1
37,8858,1,1,1
37,8862,0,1,1
37,8866,0,1,1
37,8870,1,1,1
37,8874,1,1,1
37,8878,0,1,1
37,8882,0,1,1
37,8886,1,1,1
37,8890,1,1,1
37,8894,0,1,1
37,8898,0,1,1
37,8902,1,1,1
37,8906,1,1,1
37,8910,0,1,1
37,8914,0,1,1
37,8918,1,1,1
37,8922,1,1,1
37,8926,0,1,1
37,8930,0,1,1
37,8934,1,1,1
37,8938,1,1,1
37,8942,0,1,1
37,8946,0,1,1
37,8950,1,1,1
37,8958,0,1,1
37,8962,0,1,1
37,8966,1,1,1
37,8970,1,1,1
37,8974,0,1,1
37,8978,0,1,1
37,8982,1,1,1
37,8986,1,1,1
37,8990,0,1,1
37,8994,0,1,1
37,8998,1,1,1
37,9002,1,1,1
37,9006,0,1,1
37,9010,0,1,1
37,9014,1,1,1
37,9018,1,1,1
37,9022,0,1,1
37,9026,0,1,1
37,9030,1,1,1
37,9034,1,1,1
37,9038,0,1,1
37,9042,0,1,1
37,9046,1,1,1
37,9050,1,1,1
37,9054,0,1,1
37,9058,0,1,1
37,9062,1,1,1
37,9066,1,1,1
37,9070,0,1,1
37,9074,0,1,1
37,9078,1,1,1
37,9082,1,1,1
37,9086,0,1,1
37,9090,0,1,1
37,9094,1,1,1
37,9098,1,1,1
37,9106,0,1,1
37,9110,1,1,1
37,9114,1,1,1
37,9118,0,1,1
37,9122,0,1,1
37,9126,1,1,1
37,9130,1,1,1
37,9134,0,1,1
37,9138,0,1,1
37,9142,1,1,1
37,9146,1,1,1
37,9150,0,1,1
37,9154,0,1,1
37,9158,1,1,1
37,9162,1,1,1
37,9166,0,1,1
37,9170,0,1,1
37,9174,1,1,1
37,9178,1,1,1
37,9182,0,1,1
37,9186,0,1,1
37,9190,1,1,1
37,9194,1,1,1
37,9198,0,1,1
37,9202,0,1,1
37,9206,1,1,1
37,9210,1,1,1
37,9214,0,1,1
37,9218,0,1,1
37,9222,1,1,1
37,9226,1,1,1
37,9230,0,1,1
37,9234,0,1,1
37,9238,1,1,1
37,9242,1,1,1
37,9246,0,1,1
37,9254,1,1,1
37,9258,1,1,1
37,9262,0,1,1
37,9266,0,1,1
37,9270,1,1,1
37,9274,1,1,1
37,9278,0,1,1
37,9282,0,1,1
37,9286,1,1,1
37,9290,1,1,1
37,9294,0,1,1
37,9298,0,1,1
37,9302,1,1,1
37,9306,1,1,1
37,9310,0,1,1
37,9314,0,1,1
37,9318,1,1,1
37,9322,1,1,1
37,9326,0,1,1
37,9330,0,1,1
37,9334,1,1,1
37,9338,1,1,1
37,9342,0,1,1
37,9346,0,1,1
37,9350,1,1,1
37,9354,1,1,1
37,9358,0,1,1
37,9362,0,1,1
37,9366,1,1,1
37,9370,1,1,1
37,9374,0,1,1
37,9378,0,1,1
37,9382,1,1,1
37,9386,1,1,1
37,9390,0,1,1
37,9394,0,1,1
37,9402,1,1,1
37,9406,0,1,1
37,9410,0,1,1
37,9414,1,1,1
37,9418,1,1,1
37,9422,0,1,1
37,9426,0,1,1
37,9430,1,1,1
37,9434,1,1,1
37,9438,0,1,1
37,9442,0,1,1
37,9446,1,1,1
37,9450,1,1,1
37,9454,0,1,1
37,9458,0,1,1
37,9462,1,1,1
37,9466,1,1,1
37,9470,0,1,1
37,9474,0,1,1
37,9478,1,1,1
37,9482,1,1,1
37,9486,0,1,1
37,9490,0,1,1
37,9494,1,1,1
37,9498,1,1,1
37,9502,0,1,1
37,9506,0,1,1
37,9510,1,1,1
37,9514,1,1,1
37,9518,0,1,1
37,9522,0,1,1
37,9526,1,1,1
37,9530,1,1,1
37,9534,0,1,1
37,9538,0,1,1
37,9542,1,1,1
37,9550,0,1,1
37,9554,0,1,1
37,9558,1,1,1
37,9562,1,1,1
37,9566,0,1,1
37,9570,0,1,1
37,9574,1,1,1
37,9578,1,1,1
37,9582,0,1,1
37,9586,0,1,1
37,9590,1,1,1
37,9594,1,1,1
37,9598,0,1,1
37,9602,0,1,1
37,9606,1,1,1
37,9610,1,1,1
37,9614,0,1,1
37,9618,0,1,1
37,9622,1,1,1
37,9626,1,1,1
37,9630,0,1,1
37,9634,0,1,1
37,9638,1,1,1
37,9642,1,1,1
37,9646,0,1,1
37,9650,0,1,1
37,9654,1,1,1
37,9658,1,1,1
37,9662,0,1,1
37,9666,0,1,1
37,9670,1,1,1
37,9674,1,1,1
37,9678,0,1,1
37,9682,0,1,1
37,9686,1,1,1
37,9690,1,1,1
37,9698,0,1,1
37,9702,1,1,1
37,9706,1,1,1
37,9710,0,1,1
37,9714,0,1,1
37,9718,1,1,1
37,9722,1,1,1
37,9726,0,1,1
37,9730,0,1,1
37,9734,1,1,1
37,9738,1,1,1
37,9742,0,1,1
37,9746,0,1,1
37,9750,1,1,1
37,9754,1,1,1
37,9758,0,1,1
37,9762,0,1,1
37,9766,1,1,1
37,9770,1,1,1
37,9774,0,1,1
37,9778,0,1,1
37,9782,1,1,1
37,9786,1,1,1
37,9790,0,1,1
37,9794,0,1,1
37,9798,1,1,1
37,9802,1,1,1
37,9806,0,1,1
37,9810,0,1,1
37,9814,1,1,1
37,9818,1,1,1
37,9822,0,1,1
37,9826,0,1,1
37,9830,1,1,1
37,9834,1,1,1
37,9838,0,1,1
37,9846,1,1,1
37,9850,1,1,1
37,9854,0,1,1
37,9858,0,1,1
37,9862,1,1,1
37,9866,1,1,1
37,9870,0,1,1
37,9874,0,1,1
37,9878,1,1,1
37,9882,1,1,1
37,9886,0,1,1
37,9890,0,1,1
37,9894,1,1,1
37,9898,1,1,1
37,9902,0,1,1
37,9906,0,1,1
37,9910,1,1,1
37,9914,1,1,1
37,9918,0,1,1
37,9922,0,1,1
37,9926,1,1,1
37,9930,1,1,1
37,9934,0,1,1
37,9938,0,1,1
37,9942,1,1,1
37,9946,1,1,1
37,9950,0,1,1
37,9954,0,1,1
37,9958,1,1,1
37,9962,1,1,1
37,9966,0,1,1
37,9970,0,1,1
37,9974,1,1,1
37,9978,1,1,1
37,9982,0,1,1
37,9986,0,1,1
37,9994,1,1,1
37,9998,0,1,1
37,10002,0,1,1
37,10006,1,1,1
37,10010,1,1,1
37,10014,0,1,1
37,10018,0,1,1
37,10022,1,1,1
37,10026,1,1,1
37,10030,0,1,1
37,10034,0,1,1
37,10038,1,1,1
37,10042,1,1,1
37,10046,0,1,1
37,10050,0,1,1
37,10054,1,1,1
37,10058,1,1,1
37,10062,0,1,1
37,10066,0,1,1
37,10070,1,1,1
37,10074,1,1,1
37,10078,0,1,1
37,10082,0,1,1
37,10086,1,1,1
37,10090,1,1,1
37,10094,0,1,1
37,10098,0,1,1
37,10102,1,1,1
37,10106,1,1,1
37,10110,0,1,1
37,10114,0,1,1
37,10118,1,1,1
37,10122,1,1,1
37,10126,0,1,1
37,10130,0,1,1
37,10134,1,1,1
37,10142,0,1,1
37,10146,0,1,1
37,10150,1,1,1
37,10154,1,1,1
37,10158,0,1,1
37,10162,0,1,1
37,10166,1,1,1
37,10170,1,1,1
37,10174,0,1,1
37,10178,0,1,1
37,10182,1,1,1
37,10186,1,1,1
37,10190,0,1,1
37,10194,0,1,1
37,10198,1,1,1
37,10202,1,1,1
37,10206,0,1,1
37,10210,0,1,1
37,10214,1,1,1
37,10218,1,1,1
37,10222,0,1,1
37,10226,0,1,1
37,10230,1,1,1
37,10234,1,1,1
37,10238,0,1,1
37,10242,0,1,1
37,10246,1,1,1
37,10250,1,1,1
37,10254,0,1,1
37,10258,0,1,1
37,10262,1,1,1
37,10266,1,1,1
37,10270,0,1,1
37,10274,0,1,1
37,10278,1,1,1
37,10282,1,1,1
37,10290,0,1,1
37,10294,1,1,1
37,10298,1,1,1
37,10302,0,1,1
37,10306,0,1,1
37,10310,1,1,1
37,10314,1,1,1
37,10318,0,1,1
37,10322,0,1,1
37,10326,1,1,1
37,10330,1,1,1
37,10334,0,1,1
37,10338,0,1,1
37,10342,1,1,1
37,10346,1,1,1
37,10350,0,1,1
37,10354,0,1,1
37,10358,1,1,1
37,10362,1,1,1
37,10366,0,1,1
37,10370,0,1,1
37,10374,1,1,1
37,10378,1,1,1
37,10382,0,1,1
37,10386,0,1,1
37,10390,1,1,1
37,10394,1,1,1
37,10398,0,1,1
37,10402,0,1,1
37,10406,1,1,1
37,10410,1,1,1
37,10414,0,1,1
37,10418,0,1,1
37,10422,1,1,1
37,10426,1,1,1
37,10430,0,1,1
37,10438,1,1,1
37,10442,1,1,1
37,10446,0,1,1
37,10450,0,1,1
37,10454,1,1,1
37,10458,1,1,1
37,10462,0,1,1
37,10466,0,1,1
37,10470,1,1,1
37,10474,1,1,1
37,10478,0,1,1
37,10482,0,1,1
37,10486,1,1,1
37,10490,1,1,1
37,10494,0,1,1
37,10498,0,1,1
37,10502,1,1,1
37,10506,1,1,1
37,10510,0,1,1
37,10514,0,1,1
37,10518,1,1,1
37,10522,1,1,1
37,10526,0,1,1
37,10530,0,1,1
37,10534,1,1,1
37,10538,1,1,1
37,10542,0,1,1
37,10546,0,1,1
37,10550,1,1,1
37,10554,1,1,1
37,10558,0,1,1
37,10562,0,1,1
37,10566,1,1,1
37,10570,1,1,1
37,10574,0,1,1
37,10578,0,1,1
37,10586,1,1,1
37,10590,0,1,1
37,10594,0,1,1
37,10598,1,1,1
37,10602,1,1,1
37,10606,0,1,1
37,10610,0,1,1
37,10614,1,1,1
37,10618,1,1,1
37,10622,0,1,1
37,10626,0,1,1
37,10630,1,1,1
37,10634,1,1,1
37,10638,0,1,1
37,10642,0,1,1
37,10646,1,1,1
37,10650,1,1,1
37,10654,0,1,1
37,10658,0,1,1
37,10662,1,1,1
37,10666,1,1,1
37,10670,0,1,1
37,10674,0,1,1
37,10678,1,1,1
37,10682,1,1,1
37,10686,0,1,1
37,10690,0,1,1
37,10694,1,1,1
37,10698,1,1,1
37,10702,0,1,1
37,10706,0,1,1
37,10710,1,1,1
37,10714,1,1,1
37,10718,0,1,1
37,10722,0,1,1
37,10726,1,1,1
37,10734,0,1,1
37,10738,0,1,1
37,10742,1,1,1
37,10746,1,1,1
37,10750,0,1,1
37,10754,0,1,1
37,10758,1,1,1
37,10762,1,1,1
37,10766,0,1,1
37,10770,0,1,1
37,10774,1,1,1
37,10778,1,1,1
37,10782,0,1,1
37,10786,0,1,1
37,10790,1,1,1
37,10794,1,1,1
37,10798,0,1,1
37,10802,0,1,1
37,10806,1,1,1
37,10810,1,1,1
37,10814,0,1,1
37,10818,0,1,1
37,10822,1,1,1
37,10826,1,1,1
37,10830,0,1,1
37,10834,0,1,1
37,10838,1,1,1
37,10842,1,1,1
37,10846,0,1,1
37,10850,0,1,1
37,10854,1,1,1
37,10858,1,1,1
37,10862,0,1,1
37,10866,0,1,1
37,10870,1,1,1
37,10874,1,1,1
37,10882,0,1,1
37,10886,1,1,1
37,10890,1,1,1
37,10894,0,1,1
37,10898,0,1,1
37,10902,1,1,1
37,10906,1,1,1
37,10910,0,1,1
37,10914,0,1,1
37,10918,1,1,1
37,10922,1,1,1
37,10926,0,1,1
37,10930,0,1,1
37,10934,1,1,1
37,10938,1,1,1
37,10942,0,1,1
37,10946,0,1,1
37,10950,1,1,1
37,10954,1,1,1
37,10958,0,1,1
37,10962,0,1,1
37,10966,1,1,1
37,10970,1,1,1
37,10974,0,1,1
37,10978,0,1,1
37,10982,1,1,1
37,10986,1,1,1
37,10990,0,1,1
37,10994,0,1,1
37,10998,1,1,1
37,11002,1,1,1
37,11006,0,1,1
37,11010,0,1,1
37,11014,1,1,1
37,11018,1,1,1
37,11022,0,1,1
37,11030,1,1,1
37,11034,1,1,1
37,11038,0,1,1
37,11042,0,1,1
37,11046,1,1,1
37,11050,1,1,1
37,11054,0,1,1
37,11058,0,1,1
37,11062,1,1,1
37,11066,1,1,1
37,11070,0,1,1
37,11074,0,1,1
37,11078,1,1,1
37,11082,1,1,1
37,11086,0,1,1
37,11090,0,1,1
37,11094,1,1,1
37,11098,1,1,1
37,11102,0,1,1
37,11106,0,1,1
37,11110,1,1,1
37,11114,1,1,1
37,11118,0,1,1
37,11122,0,1,1
37,11126,1,1,1
37,11130,1,1,1
37,11134,0,1,1
37,11138,0,1,1
37,11142,1,1,1
37,11146,1,1,1
37,11150,0,1,1
37,11154,0,1,1
37,11158,1,1,1
37,11162,1,1,1
37,11166,0,1,1
37,11170,0,1,1
37,11178,1,1,1
37,11182,0,1,1
37,11186,0,1,1
37,11190,1,1,1
37,11194,1,1,1
37,11198,0,1,1
37,11202,0,1,1
37,11206,1,1,1
37,11210,1,1,1
37,11214,0,1,1
37,11218,0,1,1
37,11222,1,1,1
37,11226,1,1,1
37,11230,0,1,1
37,11234,0,1,1
37,11238,1,1,1
37,11242,1,1,1
37,11246,0,1,1
37,11250,0,1,1
37,11254,1,1,1
37,11258,1,1,1
37,11262,0,1,1
37,11266,0,1,1
37,11270,1,1,1
37,11274,1,1,1
37,11278,0,1,1
37,11282,0,1,1
37,11286,1,1,1
37,11290,1,1,1
37,11294,0,1,1
37,11298,0,1,1
37,11302,1,1,1
37,11306,1,1,1
37,11310,0,1,1
37,11314,0,1,1
37,11318,1,1,1
37,11326,0,1,1
37,11330,0,1,1
37,11334,1,1,1
37,11338,1,1,1
37,11342,0,1,1
37,11346,0,1,1
37,11350,1,1,1
37,11354,1,1,1
37,11358,0,1,1
37,11362,0,1,1
37,11366,1,1,1
37,11370,1,1,1
37,11374,0,1,1
37,11378,0,1,1
37,11382,1,1,1
37,11386,1,1,1
37,11390,0,1,1
37,11394,0,1,1
37,11398,1,1,1
37,11402,1,1,1
37,11406,0,1,1
37,11410,0,1,1
37,11414,1,1,1
37,11418,1,1,1
37,11422,0,1,1
37,11426,0,1,1
37,11430,1,1,1
37,11434,1,1,1
37,11438,0,1,1
37,11442,0,1,1
37,11446,1,1,1
37,11450,1,1,1
37,11454,0,1,1
37,11458,0,1,1
37,11462,1,1,1
37,11466,1,1,1
37,11474,0,1,1
37,11478,1,1,1
37,11482,1,1,1
37,11486,0,1,1
37,11490,0,1,1
37,11494,1,1,1
37,11498,1,1,1
37,11502,0,1,1
37,11506,0,1,1
37,11510,1,1,1
37,11514,1,1,1
37,11518,0,1,1
37,11522,0,1,1
37,11526,1,1,1
37,11530,1,1,1
37,11534,0,1,1
37,11538,0,1,1
37,11542,1,1,1
37,11546,1,1,1
37,11550,0,1,1
37,11554,0,1,1
37,11558,1,1,1
37,11562,1,1,1
37,11566,0,1,1
37,11570,0,1,1
37,11574,1,1,1
37,11578,1,1,1
37,11582,0,1,1
37,11586,0,1,1
37,11590,1,1,1
37,11594,1,1,1
37,11598,0,1,1
37,11602,0,1,1
37,11606,1,1,1
37,11610,1,1,1
37,11614,0,1,1
37,11622,1,1,1
37,11626,1,1,1
37,11630,0,1,1
37,11634,0,1,1
37,11638,1,1,1
37,11642,1,1,1
37,11646,0,1,1
37,11650,0,1,1
37,11654,1,1,1
37,11658,1,1,1
37,11662,0,1,1
37,11666,0,1,1
37,11670,1,1,1
37,11674,1,1,1
37,11678,0,1,1
37,11682,0,1,1
37,11686,1,1,1
37,11690,1,1,1
37,11694,0,1,1
37,11698,0,1,1
37,11702,1,1,1
37,11706,1,1,1
37,11710,0,1,1
37,11714,0,1,1
37,11718,1,1,1
37,11722,1,1,1
37,11726,0,1,1
37,11730,0,1,1
37,11734,1,1,1
37,11738,1,1,1
37,11742,0,1,1
37,11746,0,1,1
37,11750,1,1,1
37,11754,1,1,1
37,11758,0,1,1
37,11762,0,1,1
37,11770,1,1,1
37,11774,0,1,1
37,11778,0,1,1
37,11782,1,1,1
37,11786,1,1,1
37,11790,0,1,1
37,11794,0,1,1
37,11798,1,1,1
37,11802,1,1,1
37,11806,0,1,1
37,11810,0,1,1
37,11814,1,1,1
37,11818,1,1,1
37,11822,0,1,1
37,11826,0,1,1
37,11830,1,1,1
37,11834,1,1,1
37,11838,0,1,1
37,11842,0,1,1
37,11846,1,1,1
37,11850,1,1,1
37,11854,0,1,1
37,11858,0,1,1
37,11862,1,1,1
37,11866,1,1,1
37,11870,0,1,1
37,11874,0,1,1
37,11878,1,1,1
37,11882,1,1,1
37,11886,0,1,1
37,11890,0,1,1
37,11894,1,1,1
37,11898,1,1,1
37,11902,0,1,1
37,11906,0,1,1
37,11910,1,1,1
37,11918,0,1,1
37,11922,0,1,1
37,11926,1,1,1
37,11930,1,1,1
37,11934,0,1,1
37,11938,0,1,1
37,11942,1,1,1
37,11946,1,1,1
37,11950,0,1,1
37,11954,0,1,1
37,11958,1,1,1
37,11962,1,1,1
37,11966,0,1,1
37,11970,0,1,1
37,11974,1,1,1
37,11978,1,1,1
37,11982,0,1,1
37,11986,0,1,1
37,11990,1,1,1
37,11994,1,1,1
37,11998,0,1,1
37,12002,0,1,1
37,12006,1,1,1
37,12010,1,1,1
37,12014,0,1,1
37,12018,0,1,1
37,12022,1,1,1
37,12026,1,1,1
37,12030,0,1,1
37,12034,0,1,1
37,12038,1,1,1
37,12042,1,1,1
37,12046,0,1,1
37,12050,0,1,1
37,12054,1,1,1
37,12058,1,1,1
37,12066,0,1,1
37,12070,1,1,1
37,12074,1,1,1
37,12078,0,1,1
37,12082,0,1,1
37,12086,1,1,1
37,12090,1,1,1
37,12094,0,1,1
37,12098,0,1,1
37,12102,1,1,1
37,12106,1,1,1
37,12110,0,1,1
37,12114,0,1,1
37,12118,1,1,1
37,12122,1,1,1
37,12126,0,1,1
37,12130,0,1,1
37,12134,1,1,1
37,12138,1,1,1
37,12142,0,1,1
37,12146,0,1,1
37,12150,1,1,1
37,12154,1,1,1
37,12158,0,1,1
37,12162,0,1,1
37,12166,1,1,1
37,12170,1,1,1
37,12174,0,1,1
37,12178,0,1,1
37,12182,1,1,1
37,12186,1,1,1
37,12190,0,1,1
37,12194,0,1,1
37,12198,1,1,1
37,12202,1,1,1
37,12206,0,1,1
37,12214,1,1,1
37,12218,1,1,1
37,12222,0,0,0
37,12226,0,1,1
37,12230,1,1,1
37,12234,1,1,1
37,12238,0,1,1
37,12242,0,1,1
37,12246,1,1,1
37,12250,1,1,1
37,12254,0,1,1
37,12258,0,1,1
37,12262,1,1,1
37,12266,1,1,1
37,12270,0,1,1
37,12274,0,1,1
37,12278,1,1,1
37,12282,1,1,1
37,12286,0,1,1
37,12290,0,1,1
37,12294,1,1,1
37,12298,1,1,1
37,12302,0,1,1
37,12306,0,1,1
37,12310,1,1,1
37,12314,1,1,1
37,12318,0,1,1
37,12322,0,1,1
37,12326,1,1,1
37,12330,1,1,1
37,12334,0,1,1
37,12338,0,1,1
37,12342,1,1,1
37,12346,1,1,1
37,12350,0,1,1
37,12354,0,1,1
37,12362,1,1,1
37,12366,0,1,1
37,12370,0,1,1
37,12374,1,1,1
37,12378,1,1,1
37,12382,0,1,1
37,12386,0,1,1
37,12390,1,1,1
37,12394,1,1,1
37,12398,0,1,1
37,12402,0,1,1
37,12406,1,1,1
37,12410,1,1,1
37,12414,0,1,1
37,12418,0,1,1
37,12422,1,1,1
37,12426,1,1,1
37,12430,0,1,1
37,12434,0,1,1
37,12438,1,1,1
37,12442,1,1,1
37,12446,0,1,1
37,12450,0,1,1
37,12454,1,1,1
37,12458,1,1,1
37,12462,0,1,1
37,12466,0,1,1
37,12470,1,1,1
37,12474,1,1,1
37,12478,0,1,1
37,12482,0,1,1
37,12486,1,1,1
37,12490,1,1,1
37,12494,0,1,1
37,12498,0,1,1
37,12502,1,1,1
37,12510,0,1,1
37,12514,0,1,1
37,12518,1,1,1
37,12522,1,1,1
37,12526,0,1,1
37,12530,0,1,1
37,12534,1,1,1
37,12538,1,1,1
37,12542,0,1,1
37,12546,0,1,1
37,12550,1,1,1
37,12554,1,1,1
37,12558,0,1,1
37,12562,0,1,1
37,12566,1,1,1
37,12570,1,1,1
37,12574,0,1,1
37,12578,0,1,1
37,12582,1,1,1
37,12586,1,1,1
37,12590,0,1,1
37,12594,0,1,1
37,12598,1,1,1
37,12602,1,1,1
37,12606,0,1,1
37,12610,0,1,1
37,12614,1,1,1
37,12618,1,1,1
37,12622,0,1,1
37,12626,0,1,1
37,12630,1,1,1
37,12634,1,1,1
37,12638,0,1,1
37,12642,0,1,1
37,12646,1,1,1
37,12650,1,1,1
37,12658,0,1,1
37,12662,1,1,1
37,12666,1,1,1
37,12670,0,1,1
37,12674,0,1,1
37,12678,1,1,1
37,12682,1,1,1
37,12686,0,1,1
37,12690,0,1,1
37,12694,1,1,1
37,12698,1,1,1
37,12702,0,1,1
37,12706,0,1,1
37,12710,1,1,1
37,12714,1,1,1
37,12718,0,1,1
37,12722,0,1,1
37,12726,1,1,1
37,12730,1,1,1
37,12734,0,1,1
37,12738,0,1,1
37,12742,1,1,1
37,12746,1,1,1
37,12750,0,1,1
37,12754,0,1,1
37,12758,1,1,1
37,12762,1,1,1
37,12766,0,1,1
37,12770,0,1,1
37,12774,1,1,1
37,12778,1,1,1
37,12782,0,1,1
37,12786,0,1,1
37,12790,1,1,1
37,12794,1,1,1
37,12798,0,1,1
37,12806,1,1,1
37,12810,1,1,1
37,12814,0,1,1
37,12818,0,1,1
37,12822,1,1,1
37,12826,1,1,1
37,12830,0,1,1
37,12834,0,1,1
37,12838,1,1,1
37,12842,1,1,1
37,12846,0,1,1
37,12850,0,1,1
37,12854,1,1,1
37,12858,1,1,1
37,12862,0,1,1
37,12866,0,1,1
37,12870,1,1,1
37,12874,1,1,1
37,12878,0,1,1
37,12882,0,1,1
37,12886,1,1,1
37,12890,1,1,1
37,12894,0,1,1
37,12898,0,1,1
37,12902,1,1,1
37,12906,1,1,1
37,12910,0,1,1
37,12914,0,1,1
37,12918,1,1,1
37,12922,1,1,1
37,12926,0,1,1
37,12930,0,1,1
37,12934,1,1,1
37,12938,1,1,1
37,12942,0,1,1
37,12946,0,1,1
37,12954,1,1,1
37,12958,0,1,1
37,12962,0,1,1
37,12966,1,1,1
37,12970,1,1,1
37,12974,0,1,1
37,12978,0,1,1
37,12982,1,1,1
37,12986,1,1,1
37,12990,0,1,1
37,12994,0,1,1
37,12998,1,1,1
37,13002,1,1,1
37,13006,0,1,1
37,13010,0,1,1
37,13014,1,1,1
37,13018,1,1,1
37,13022,0,1,1
37,13026,0,1,1
37,13030,1,1,1
37,13034,1,1,1
37,13038,0,1,1
37,13042,0,1,1
37,13046,1,1,1
37,13050,1,1,1
37,13054,0,1,1
37,13058,0,1,1
37,13062,1,1,1
37,13066,1,1,1
37,13070,0,1,1
37,13074,0,1,1
37,13078,1,1,1
37,13082,1,1,1
37,13086,0,1,1
37,13090,0,1,1
37,13094,1,1,1
37,13102,0,1,1
37,13106,0,1,1
37,13110,1,1,1
37,13114,1,1,1
37,13118,0,1,1
37,13122,0,1,1
37,13126,1,1,1
37,13130,1,1,1
37,13134,0,1,1
37,13138,0,1,1
37,13142,1,1,1
37,13146,1,1,1
37,13150,0,1,1
37,13154,0,1,1
37,13158,1,1,1
37,13162,1,1,1
37,13166,0,1,1
37,13170,0,1,1
37,13174,1,1,1
37,13178,1,1,1
37,13182,0,1,1
37,13186,0,1,1
37,13190,1,1,1
37,13194,1,1,1
37,13198,0,1,1
37,13202,0,1,1
37,13206,1,1,1
37,13210,1,1,1
37,13214,0,1,1
37,13218,0,1,1
37,13222,1,1,1
37,13226,1,1,1
37,13230,0,1,1
37,13234,0,1,1
37,13238,1,1,1
37,13242,1,1,1
37,13250,0,1,1
37,13254,1,1,1
37,13258,1,1,1
37,13262,0,1,1
37,13266,0,1,1
37,13270,1,1,1
37,13274,1,1,1
37,13278,0,1,1
37,13282,0,1,1
37,13286,1,1,1
37,13290,1,1,1
37,13294,0,1,1
37,13298,0,1,1
37,13302,1,1,1
37,13306,1,1,1
37,13310,0,1,1
37,13314,0,1,1
37,13318,1,1,1
37,13322,1,1,1
37,13326,0,1,1
37,13330,0,1,1
37,13334,1,1,1
37,13338,1,1,1
37,13342,0,1,1
37,13346,0,1,1
37,13350,1,1,1
37,13354,1,1,1
37,13358,0,1,1
37,13362,0,1,1
37,13366,1,1,1
37,13370,1,1,1
37,13374,0,1,1
37,13378,0,1,1
37,13382,1,1,1
37,13386,1,1,1
37,13390,0,1,1
37,13398,1,1,1
37,13402,1,1,1
37,13406,0,1,1
37,13410,0,1,1
37,13414,1,1,1
37,13418,1,1,1
37,13422,0,1,1
37,13426,0,1,1
37,13430,1,1,1
37,13434,1,1,1
37,13438,0,1,1
37,13442,0,1,1
37,13446,1,1,1
37,13450,1,1,1
37,13454,0,1,1
37,13458,0,1,1
37,13462,1,1,1
37,13466,1,1,1
37,13470,0,1,1
37,13474,0,1,1
37,13478,1,1,1
37,13482,1,1,1
37,13486,0,1,1
37,13490,0,1,1
37,13494,1,1,1
37,13498,1,1,1
37,13502,0,1,1
37,13506,0,1,1
37,13510,1,1,1
37,13514,1,1,1
37,13518,0,1,1
37,13522,0,1,1
37,13526,1,1,1
37,13530,1,1,1
37,13534,0,1,1
37,13538,0,1,1
37,13546,1,1,1
37,13550,0,1,1
37,13554,0,1,1
37,13558,1,1,1
37,13562,1,1,1
37,13566,0,1,1
37,13570,0,1,1
37,13574,1,1,1
37,13578,1,1,1
37,13582,0,1,1
37,13586,0,1,1
37,13590,1,1,1
37,13594,1,1,1
37,13598,0,1,1
37,13602,0,1,1
37,13606,1,1,1
37,13610,1,1,1
37,13614,0,1,1
37,13618,0,1,1
37,13622,1,1,1
37,13626,1,1,1
37,13630,0,1,1
37,13634,0,1,1
37,13638,1,1,1
37,13642,1,1,1
37,13646,0,1,1
37,13650,0,1,1
37,13654,1,1,1
37,13658,1,1,1
37,13662,0,1,1
37,13666,0,1,1
37,13670,1,1,1
37,13674,1,1,1
37,13678,0,1,1
37,13682,0,1,1
37,13686,1,1,1
37,13694,0,1,1
37,13698,0,1,1
37,13702,1,1,1
37,13706,1,1,1
37,13710,0,1,1
37,13714,0,1,1
37,13718,1,1,1
37,13722,1,1,1
37,13726,0,1,1
37,13730,0,1,1
37,13734,1,1,1
37,13738,1,1,1
37,13742,0,1,1
37,13746,0,1,1
37,13750,1,1,1
37,13754,1,1,1
37,13758,0,1,1
37,13762,0,1,1
37,13766,1,1,1
37,13770,1,1,1
37,13774,0,1,1
37,13778,0,1,1
37,13782,1,1,1
37,13786,1,1,1
37,13790,0,1,1
37,13794,0,1,1
37,13798,1,1,1
37,13802,1,1,1
37,13806,0,1,1
37,13810,0,1,1
37,13814,1,1,1
37,13818,1,1,1
37,13822,0,1,1
37,13826,0,1,1
37,13830,1,1,1
37,13834,1,1,1
37,13842,0,1,1
37,13846,1,1,1
37,13850,1,1,1
37,13854,0,1,1
37,13858,0,1,1
37,13862,1,1,1
37,13866,1,1,1
37,13870,0,1,1
37,13874,0,1,1
37,13878,1,1,1
37,13882,1,1,1
37,13886,0,1,1
37,13890,0,1,1
37,13894,1,1,1
37,13898,1,1,1
37,13902,0,1,1
37,13906,0,1,1
37,13910,1,1,1
37,13914,1,1,1
37,13918,0,1,1
37,13922,0,1,1
37,13926,1,1,1
37,13930,1,1,1
37,13934,0,1,1
37,13938,0,1,1
37,13942,1,1,1
37,13946,1,1,1
37,13950,0,1,1
37,13954,0,1,1
37,13958,1,1,1
37,13962,1,1,1
37,13966,0,1,1
37,13970,0,1,1
37,13974,1,1,1
37,13978,1,1,1
37,13982,0,1,1
37,13990,1,1,1
37,13994,1,1,1
37,13998,0,1,1
37,14002,0,1,1
37,14006,1,1,1
37,14010,1,1,1
37,14014,0,1,1
37,14018,0,1,1
37,14022,1,1,1
37,14026,1,1,1
37,14030,0,1,1
37,14034,0,1,1
37,14038,1,1,1
37,14042,1,1,1
37,14046,0,1,1
37,14050,0,1,1
37,14054,1,1,1
37,14058,1,1,1
37,14062,0,1,1
37,14066,0,1,1
37,14070,1,1,1
37,14074,1,1,1
37,14078,0,1,1
37,14082,0,1,1
37,14086,1,1,1
37,14090,1,1,1
37,14094,0,1,1
37,14098,0,1,1
37,14102,1,1,1
37,14106,1,1,1
37,14110,0,1,1
37,14114,0,1,1
37,14118,1,1,1
37,14122,1,1,1
37,14126,0,1,1
37,14130,0,1,1
37,14138,1,1,1
37,14142,0,1,1
37,14146,0,1,1
37,14150,1,1,1
37,14154,1,1,1
37,14158,0,1,1
37,14162,0,1,1
37,14166,1,1,1
37,14170,1,1,1
37,14174,0,1,1
37,14178,0,1,1
37,14182,1,1,1
37,14186,1,1,1
37,14190,0,1,1
37,14194,0,1,1
37,14198,1,1,1
37,14202,1,1,1
37,14206,0,1,1
37,14210,0,1,1
37,14214,1,1,1
37,14218,1,1,1
37,14222,0,1,1
37,14226,0,1,1
37,14230,1,1,1
37,14234,1,1,1
37,14238,0,1,1
37,14242,0,1,1
37,14246,1,1,1
37,14250,1,1,1
37,14254,0,1,1
37,14258,0,1,1
37,14262,1,1,1
37,14266,1,1,1
37,14270,0,1,1
37,14274,0,1,1
37,14278,1,1,1
37,14286,0,1,1
37,14290,0,1,1
37,14294,1,1,1
37,14298,1,1,1
37,14302,0,1,1
37,14306,0,1,1
37,14310,1,1,1
37,14314,1,1,1
37,14318,0,1,1
37,14322,0,1,1
37,14326,1,1,1
37,14330,1,1,1
37,14334,0,1,1
37,14338,0,1,1
37,14342,1,1,1
37,14346,1,1,1
37,14350,0,1,1
37,14354,0,1,1
37,14358,1,1,1
37,14362,1,1,1
37,14366,0,1,1
37,14370,0,1,1
37,14374,1,1,1
37,14378,1,1,1
37,14382,0,1,1
37,14386,0,1,1
37,14390,1,1,1
37,14394,1,1,1
37,14398,0,1,1
37,14402,0,1,1
37,14406,1,1,1
37,14410,1,1,1
37,14414,0,1,1
37,14418,0,1,1
37,14422,1,1,1
37,14426,1,1,1
37,14434,0,1,1
37,14438,1,1,1
37,14442,1,1,1
37,14446,0,1,1
37,14450,0,1,1
37,14454,1,1,1
37,14458,1,1,1
37,14462,0,1,1
37,14466,0,1,1
37,14470,1,1,1
37,14474,1,1,1
37,14478,0,1,1
37,14482,0,1,1
37,14486,1,1,1
37,14490,1,1,1
37,14494,0,1,1
37,14498,0,1,1
37,14502,1,1,1
37,14506,1,1,1
37,14510,0,1,1
37,14514,0,1,1
37,14518,1,1,1
37,14522,1,1,1
37,14526,0,1,1
37,14530,0,1,1
37,14534,1,1,1
37,14538,1,1,1
37,14542,0,1,1
37,14546,0,1,1
37,14550,1,1,1
37,14554,1,1,1
37,14558,0,1,1
37,14562,0,1,1
37,14566,1,1,1
37,14570,1,1,1
37,14574,0,1,1
37,14582,1,1,1
37,14586,1,1,1
37,14590,0,1,1
37,14594,0,1,1
37,14598,1,1,1
37,14602,1,1,1
37,14606,0,1,1
37,14610,0,1,1
37,14614,1,1,1
37,14618,1,1,1
37,14622,0,1,1
37,14626,0,1,1
37,14630,1,1,1
37,14634,1,1,1
37,14638,0,1,1
37,14642,0,1,1
37,14646,1,1,1
37,14650,1,1,1
37,14654,0,1,1
37,14658,0,1,1
37,14662,1,1,1
37,14666,1,1,1
37,14670,0,1,1
37,14674,0,1,1
37,14678,1,1,1
37,14682,1,1,1
37,14686,0,1,1
37,14690,0,1,1
37,14694,1,1,1
37,14698,1,1,1
37,14702,0,1,1
37,14706,0,1,1
37,14710,1,1,1
37,14714,1,1,1
37,14718,0,1,1
37,14722,0,1,1
37,14730,1,1,1
37,14734,0,1,1
37,14738,0,1,1
37,14742,1,1,1
37,14746,1,1,1
37,14750,0,1,1
37,14754,0,1,1
37,14758,1,1,1
37,14762,1,1,1
37,14766,0,1,1
37,14770,0,1,1
37,14774,1,1,1
37,14778,1,1,1
37,14782,0,1,1
37,14786,0,1,1
37,14790,1,1,1
37,14794,1,1,1
37,14798,0,1,1
37,14802,0,1,1
37,14806,1,1,1
37,14810,1,1,1
37,14814,0,1,1
37,14818,0,1,1
37,14822,1,1,1
37,14826,1,1,1
37,14830,0,1,1
37,14834,0,1,1
37,14838,1,1,1
37,14842,1,1,1
37,14846,0,1,1
37,14850,0,1,1
37,14854,1,1,1
37,14858,1,1,1
37,14862,0,1,1
37,14866,0,1,1
37,14870,1,1,1
37,14878,0,1,1
37,14882,0,1,1
37,14886,1,1,1
37,14890,1,1,1
37,14894,0,1,1
37,14898,0,1,1
37,14902,1,1,1
37,14906,1,1,1
37,14910,0,1,1
37,14914,0,1,1
37,14918,1,1,1
37,14922,1,1,1
37,14926,0,1,1
37,14930,0,1,1
37,14934,1,1,1
37,14938,1,1,1
37,14942,0,1,1
37,14946,0,1,1
37,14950,1,1,1
37,14954,1,1,1
37,14958,0,1,1
37,14962,0,1,1
37,14966,1,1,1
37,14970,1,1,1
37,14974,0,1,1
37,14978,0,1,1
37,14982,1,1,1
37,14986,1,1,1
37,14990,0,1,1
37,14994,0,1,1
37,14998,1,1,1
37,15002,1,1,1
37,15006,0,1,1
37,15010,0,1,1
37,15014,1,1,1
37,15018,1,1,1
37,15026,0,1,1
37,15030,1,1,1
37,15034,1,1,1
37,15038,0,1,1
37,15042,0,1,1
37,15046,1,1,1
37,15050,1,1,1
37,15054,0,1,1
37,15058,0,1,1
37,15062,1,1,1
37,15066,1,1,1
37,15070,0,1,1
37,15074,0,1,1
37,15078,1,1,1
37,15082,1,1,1
37,15086,0,1,1
37,15090,0,1,1
37,15094,1,1,1
37,15098,1,1,1
37,15102,0,1,1
37,15106,0,1,1
37,15110,1,1,1
37,15114,1,1,1
37,15118,0,1,1
37,15122,0,1,1
37,15126,1,1,1
37,15130,1,1,1
37,15134,0,1,1
37,15138,0,1,1
37,15142,1,1,1
37,15146,1,1,1
37,15150,0,1,1
37,15154,0,1,1
37,15158,1,1,1
37,15162,1,1,1
37,15166,0,1,1
37,15174,1,1,1
37,15178,1,1,1
37,15182,0,1,1
37,15186,0,1,1
37,15190,1,1,1
37,15194,1,1,1
37,15198,0,1,1
37,15202,0,1,1
37,15206,1,1,1
37,15210,1,1,1
37,15214,0,1,1
37,15218,0,1,1
37,15222,1,1,1
37,15226,1,1,1
37,15230,0,1,1
37,15234,0,1,1
37,15238,1,1,1
37,15242,1,1,1
37,15246,0,1,1
37,15250,0,1,1
37,15254,1,1,1
37,15258,1,1,1
37,15262,0,1,1
37,15266,0,1,1
37,15270,1,1,1
37,15274,1,1,1
37,15278,0,1,1
37,15282,0,1,1
37,15286,1,1,1
37,15290,1,1,1
37,15294,0,1,1
37,15298,0,1,1
37,15302,1,1,1
37,15306,1,1,1
37,15310,0,1,1
37,15314,0,1,1
37,15322,1,1,1
37,15326,0,1,1
37,15330,0,1,1
37,15334,1,1,1
37,15338,1,1,1
37,15342,0,1,1
37,15346,0,1,1
37,15350,1,1,1
37,15354,1,1,1
37,15358,0,1,1
37,15362,0,1,1
37,15366,1,1,1
37,15370,1,1,1
37,15374,0,1,1
37,15378,0,1,1
37,15382,1,1,1
37,15386,1,1,1
37,15390,0,1,1
37,15394,0,1,1
37,15398,1,1,1
37,15402,1,1,1
37,15406,0,1,1
37,15410,0,1,1
37,15414,1,1,1
37,15418,1,1,1
37,15422,0,1,1
37,15426,0,1,1
37,15430,1,1,1
37,15434,1,1,1
37,15438,0,1,1
37,15442,0,1,1
37,15446,1,1,1
37,15450,1,1,1
37,15454,0,1,1
37,15458,0,1,1
37,15462,1,1,1
37,15470,0,1,1
37,15474,0,1,1
37,15478,1,1,1
37,15482,1,1,1
37,15486,0,1,1
37,15490,0,1,1
37,15494,1,1,1
37,15498,1,1,1
37,15502,0,1,1
37,15506,0,1,1
37,15510,1,1,1
37,15514,1,1,1
37,15518,0,1,1
37,15522,0,1,1
37,15526,1,1,1
37,15530,1,1,1
37,15534,0,1,1
37,15538,0,1,1
37,15542,1,1,1
37,15546,1,1,1
37,15550,0,1,1
37,15554,0,1,1
37,15558,1,1,1
37,15562,1,1,1
37,15566,0,1,1
37,15570,0,1,1
37,15574,1,1,1
37,15578,1,1,1
37,15582,0,1,1
37,15586,0,1,1
37,15590,1,1,1
37,15594,1,1,1
37,15598,0,1,1
37,15602,0,1,1
37,15606,1,1,1
37,15610,1,1,1
37,15618,0,1,1
37,15622,1,1,1
37,15626,1,1,1
37,15630,0,1,1
37,15634,0,1,1
37,15638,1,1,1
37,15642,1,1,1
37,15646,0,1,1
37,15650,0,1,1
37,15654,1,1,1
37,15658,1,1,1
37,15662,0,1,1
37,15666,0,1,1
37,15670,1,1,1
37,15674,1,1,1
37,15678,0,1,1
37,15682,0,1,1
37,15686,1,1,1
37,15690,1,1,1
37,15694,0,1,1
37,15698,0,1,1
37,15702,1,1,1
37,15706,1,1,1
37,15710,0,1,1
37,15714,0,1,1
37,15718,1,1,1
37,15722,1,1,1
37,15726,0,1,1
37,15730,0,1,1
37,15734,1,1,1
37,15738,1,1,1
37,15742,0,1,1
37,15746,0,1,1
37,15750,1,1,1
37,15754,1,1,1
37,15758,0,1,1
37,15766,1,1,1
37,15770,1,1,1
37,15774,0,1,1
37,15778,0,1,1
37,15782,1,1,1
37,15786,1,1,1
37,15790,0,1,1
37,15794,0,1,1
37,15798,1,1,1
37,15802,1,1,1
37,15806,0,1,1
37,15810,0,1,1
37,15814,1,1,1
37,15818,1,1,1
37,15822,0,1,1
37,15826,0,1,1
37,15830,1,1,1
37,15834,1,1,1
37,15838,0,1,1
37,15842,0,1,1
37,15846,1,1,1
37,15850,1,1,1
37,15854,0,1,1
37,15858,0,1,1
37,15862,1,1,1
37,15866,1,1,1
37,15870,0,1,1
37,15874,0,1,1
37,15878,1,1,1
37,15882,1,1,1
37,15886,0,1,1
37,15890,0,1,1
37,15894,1,1,1
37,15898,1,1,1
37,15902,0,1,1
37,15906,0,1,1
37,15914,1,1,1
37,15918,0,1,1
37,15922,0,1,1
37,15926,1,1,1
37,15930,1,1,1
37,15934,0,1,1
37,15938,0,1,1
37,15942,1,1,1
37,15946,1,1,1
37,15950,0,1,1
37,15954,0,1,1
37,15958,1,1,1
37,15962,1,1,1
37,15966,0,1,1
37,15970,0,1,1
37,15974,1,1,1
37,15978,1,1,1
37,15982,0,1,1
37,15986,0,1,1
37,15990,1,1,1
37,15994,1,1,1
37,15998,0,1,1
37,16002,0,1,1
37,16006,1,1,1
37,16010,1,1,1
37,16014,0,1,1
37,16018,0,1,1
37,16022,1,1,1
37,16026,1,1,1
37,16030,0,1,1
37,16034,0,1,1
37,16038,1,1,1
37,16042,1,1,1
37,16046,0,1,1
37,16050,0,1,1
37,16054,1,1,1
37,16062,0,1,1
37,16066,0,1,1
37,16070,1,1,1
37,16074,1,1,1
37,16078,0,1,1
37,16082,0,1,1
37,16086,1,1,1
37,16090,1,1,1
37,16094,0,1,1
37,16098,0,1,1
37,16102,1,1,1
37,16106,1,1,1
37,16110,0,1,1
37,16114,0,1,1
37,16118,1,1,1
37,16122,1,1,1
37,16126,0,1,1
37,16130,0,1,1
37,16134,1,1,1
37,16138,1,1,1
37,16142,0,1,1
37,16146,0,1,1
37,16150,1,1,1
37,16154,1,1,1
37,16158,0,1,1
37,16162,0,1,1
37,16166,1,1,1
37,16170,1,1,1
37,16174,0,1,1
37,16178,0,1,1
37,16182,1,1,1
37,16186,1,1,1
37,16190,0,1,1
37,16194,0,1,1
37,16198,1,1,1
37,16202,1,1,1
37,16210,0,1,1
37,16214,1,1,1
37,16218,1,1,1
37,16222,0,1,1
37,16226,0,1,1
37,16230,1,1,1
37,16234,1,1,1
37,16238,0,1,1
37,16242,0,1,1
37,16246,1,1,1
37,16250,1,1,1
37,16254,0,1,1
37,16258,0,1,1
37,16262,1,1,1
37,16266,1,1,1
37,16270,0,1,1
37,16274,0,1,1
37,16278,1,1,1
37,16282,1,1,1
37,16286,0,1,1
37,16290,0,1,1
37,16294,1,1,1
37,16298,1,1,1
37,16302,0,1,1
37,16306,0,1,1
37,16310,1,1,1
37,16314,1,1,1
37,16318,0,1,1
37,16322,0,1,1
37,16326,1,1,1
37,16330,1,1,1
37,16334,0,1,1
37,16338,0,1,1
37,16342,1,1,1
37,16346,1,1,1
37,16350,0,1,1
37,16358,1,1,1
37,16362,1,1,1
37,16366,0,1,1
37,16370,0,1,1
37,16374,1,1,1
37,16378,1,1,1
37,16382,0,1,1
37,16386,0,1,1
37,16390,1,1,1
37,16394,1,1,1
37,16398,0,1,1
37,16402,0,1,1
37,16406,1,1,1
37,16410,1,1,1
37,16414,0,1,1
37,16418,0,1,1
37,16422,1,1,1
37,16426,1,1,1
37,16430,0,1,1
37,16434,0,1,1
37,16438,1,1,1
37,16442,1,1,1
37,16446,0,1,1
37,16450,0,1,1
37,16454,1,1,1
37,16458,1,1,1
37,16462,0,1,1
37,16466,0,1,1
37,16470,1,1,1
37,16474,1,1,1
37,16478,0,1,1
37,16482,0,1,1
37,16486,1,1,1
37,16490,1,1,1
37,16494,0,1,1
37,16498,0,1,1
37,16506,1,1,1
37,16510,0,1,1
37,16514,0,1,1
37,16518,1,1,1
37,16522,1,1,1
37,16526,0,1,1
37,16530,0,1,1
37,16534,1,1,1
37,16538,1,1,1
37,16542,0,1,1
37,16546,0,1,1
37,16550,1,1,1
37,16554,1,1,1
37,16558,0,1,1
37,16562,0,1,1
37,16566,1,1,1
37,16570,1,1,1
37,16574,0,1,1
37,16578,0,1,1
37,16582,1,1,1
37,16586,1,1,1
37,16590,0,1,1
37,16594,0,1,1
37,16598,1,1,1
37,16602,1,1,1
37,16606,0,1,1
37,16610,0,1,1
37,16614,1,1,1
37,16618,1,1,1
37,16622,0,1,1
37,16626,0,1,1
37,16630,1,1,1
37,16634,1,1,1
37,16638,0,1,1
37,16642,0,1,1
37,16646,1,1,1
37,16654,0,1,1
37,16658,0,1,1
37,16662,1,1,1
37,16666,1,1,1
37,16670,0,1,1
37,16674,0,1,1
37,16678,1,1,1
37,16682,1,1,1
37,16686,0,1,1
37,16690,0,1,1
37,16694,1,1,1
37,16698,1,1,1
37,16702,0,1,1
37,16706,0,1,1
37,16710,1,1,1
37,16714,1,1,1
37,16718,0,1,1
37,16722,0,1,1
37,16726,1,1,1
37,16730,1,1,1
37,16734,0,1,1
37,16738,0,1,1
37,16742,1,1,1
37,16746,1,1,1
37,16750,0,1,1
37,16754,0,1,1
37,16758,1,1,1
37,16762,1,1,1
37,16766,0,1,1
37,16770,0,1,1
37,16774,1,1,1
37,16778,1,1,1
37,16782,0,1,1
37,16786,0,1,1
37,16790,1,1,1
37,16794,1,1,1
37,16802,0,1,1
37,16806,1,1,1
37,16810,1,1,1
37,16814,0,1,1
37,16818,0,1,1
37,16822,1,1,1
37,16826,1,1,1
37,16830,0,1,1
37,16834,0,1,1
37,16838,1,1,1
37,16842,1,1,1
37,16846,0,1,1
37,16850,0,1,1
37,16854,1,1,1
37,16858,1,1,1
37,16862,0,1,1
37,16866,0,1,1
37,16870,1,1,1
37,16874,1,1,1
37,16878,0,1,1
37,16882,0,1,1
37,16886,1,1,1
37,16890,1,1,1
37,16894,0,1,1
37,16898,0,1,1
37,16902,1,1,1
37,16906,1,1,1
37,16910,0,1,1
37,16914,0,1,1
37,16918,1,1,1
37,16922,1,1,1
37,16926,0,1,1
37,16930,0,1,1
37,16934,1,1,1
37,16938,1,1,1
37,16942,0,1,1
37,16950,1,1,1
37,16954,1,1,1
37,16958,0,1,1
37,16962,0,1,1
37,16966,1,1,1
37,16970,1,1,1
37,16974,0,1,1
37,16978,0,1,1
37,16982,1,1,1
37,16986,1,1,1
37,16990,0,1,1
37,16994,0,1,1
37,16998,1,1,1
37,17002,1,1,1
37,17006,0,1,1
37,17010,0,1,1
37,17014,1,1,1
37,17018,1,1,1
37,17022,0,1,1
37,17026,0,1,1
37,17030,1,1,1
37,17034,1,1,1
37,17038,0,1,1
37,17042,0,1,1
37,17046,1,1,1
37,17050,1,1,1
37,17054,0,1,1
37,17058,0,1,1
37,17062,1,1,1
37,17066,1,1,1
37,17070,0,1,1
37,17074,0,1,1
37,17078,1,1,1
37,17082,1,1,1
37,17086,0,1,1
37,17090,0,1,1
37,17098,1,1,1
37,17102,0,1,1
37,17106,0,1,1
37,17110,1,1,1
37,17114,1,1,1
37,17118,0,1,1
37,17122,0,1,1
37,17126,1,1,1
37,17130,1,1,1
37,17134,0,1,1
37,17138,0,1,1
37,17142,1,1,1
37,17146,1,1,1
37,17150,0,1,1
37,17154,0,1,1
37,17158,1,1,1
37,17162,1,1,1
37,17166,0,1,1
37,17170,0,1,1
37,17174,1,1,1
37,17178,1,1,1
37,17182,0,1,1
37,17186,0,1,1
37,17190,1,1,1
37,17194,1,1,1
37,17198,0,1,1
37,17202,0,1,1
37,17206,1,1,1
37,17210,1,1,1
37,17214,0,1,1
37,17218,0,1,1
37,17222,1,1,1
37,17226,1,1,1
37,17230,0,1,1
37,17234,0,1,1
37,17238,1,1,1
37,17246,0,1,1
37,17250,0,1,1
37,17254,1,1,1
37,17258,1,1,1
37,17262,0,1,1
37,17266,0,1,1
37,17270,1,1,1
37,17274,1,1,1
37,17278,0,1,1
37,17282,0,1,1
37,17286,1,1,1
37,17290,1,1,1
37,17294,0,1,1
37,17298,0,1,1
37,17302,1,1,1
37,17306,1,1,1
37,17310,0,1,1
37,17314,0,1,1
37,17318,1,1,1
37,17322,1,1,1
37,17326,0,1,1
37,17330,0,1,1
37,17334,1,1,1
37,17338,1,1,1
37,17342,0,1,1
37,17346,0,1,1
37,17350,1,1,1
37,17354,1,1,1
37,17358,0,1,1
37,17362,0,1,1
37,17366,1,1,1
37,17370,1,1,1
37,17374,0,1,1
37,17378,0,1,1
37,17382,1,1,1
37,17386,1,1,1
37,17394,0,1,1
37,17398,1,1,1
37,17402,1,1,1
37,17406,0,1,1
37,17410,0,1,1
37,17414,1,1,1
37,17418,1,1,1
37,17422,0,1,1
37,17426,0,1,1
37,17430,1,1,1
37,17434,1,1,1
37,17438,0,1,1
37,17442,0,1,1
37,17446,1,1,1
37,17450,1,1,1
37,17454,0,1,1
37,17458,0,1,1
37,17462,1,1,1
37,17466,1,1,1
37,17470,0,1,1
37,17474,0,1,1
37,17478,1,1,1
37,17482,1,1,1
37,17486,0,1,1
37,17490,0,1,1
37,17494,1,1,1
37,17498,1,1,1
37,17502,0,1,1
37,17506,0,1,1
37,17510,1,1,1
37,17514,1,0,1
37,17518,0,1,1
37,17522,0,1,1
37,17526,1,1,1
37,17530,1,1,1
37,17534,0,1,1
37,17542,1,1,1
37,17546,1,1,1
37,17550,0,1,1
37,17554,0,1,1
37,17558,1,1,1
37,17562,1,1,1
37,17566,0,1,1
37,17570,0,1,1
37,17574,1,1,1
37,17578,1,1,1
37,17582,0,1,1
37,17586,0,1,1
37,17590,1,1,1
37,17594,1,1,1
37,17598,0,1,1
37,17602,0,1,1
37,17606,1,1,1
37,17610,1,1,1
37,17614,0,1,1
37,17618,0,1,1
37,17622,1,1,1
37,17626,1,1,1
37,17630,0,1,1
37,17634,0,1,1
37,17638,1,1,1
37,17642,1,1,1
37,17646,0,1,1
37,17650,0,1,1
37,17654,1,1,1
37,17658,1,1,1
37,17662,0,1,1
37,17666,0,1,1
37,17670,1,1,1
37,17674,1,1,1
37,17678,0,1,1
37,17682,0,1,1
37,17690,1,1,1
37,17694,0,1,1
37,17698,0,1,1
37,17702,1,1,1
37,17706,1,1,1
37,17710,0,1,1
37,17714,0,1,1
37,17718,1,1,1
37,17722,1,1,1
37,17726,0,1,1
37,17730,0,1,1
37,17734,1,1,1
37,17738,1,1,1
37,17742,0,1,1
37,17746,0,1,1
37,17750,1,1,1
37,17754,1,1,1
37,17758,0,1,1
37,17762,0,1,1
37,17766,1,1,1
37,17770,1,1,1
37,17774,0,1,1
37,17778,0,1,1
37,17782,1,1,1
37,17786,1,1,1
37,17790,0,1,1
37,17794,0,1,1
37,17798,0,1,1
37,17802,1,1,1
37,17806,0,1,1
37,17810,0,1,1
37,17814,1,1,1
37,17818,1,1,1
37,17822,0,1,1
37,17826,0,1,1
37,17830,1,1,1
37,17838,0,1,1
37,17842,0,1,1
37,17846,1,1,1
37,17850,1,1,1
37,17854,0,1,1
37,17858,0,1,1
37,17862,1,1,1
37,17866,1,1,1
37,17870,0,1,1
37,17874,0,1,1
37,17878,1,1,1
37,17882,1,1,1
37,17886,0,1,1
37,17890,0,1,1
37,17894,1,1,1
37,17898,1,1,1
37,17902,0,1,1
37,17906,0,1,1
37,17910,1,1,1
37,17914,1,1,1
37,17918,0,1,1
37,17922,0,1,1
37,17926,1,1,1
37,17930,1,1,1
37,17934,0,1,1
37,17938,0,1,1
37,17942,1,1,1
37,17946,1,1,1
37,17950,0,1,1
37,17954,0,1,1
37,17958,1,1,1
37,17962,1,1,1
37,17966,0,1,1
37,17970,0,1,1
37,17974,1,1,1
37,17978,1,1,1
37,17986,0,1,1
37,17990,1,1,1
37,17994,1,1,1
37,17998,0,1,1
37,18002,0,1,1
37,18006,1,1,1
37,18010,1,1,1
37,18014,0,1,1
37,18018,0,1,1
37,18022,1,1,1
37,18026,1,1,1
37,18030,0,1,1
37,18034,0,1,1
37,18038,1,1,1
37,18042,1,1,1
37,18046,0,1,1
37,18050,0,1,1
37,18054,1,1,1
37,18058,1,1,1
37,18062,0,1,1
37,18066,0,1,1
37,18070,1,1,1
37,18074,1,1,1
37,18078,0,1,1
37,18082,0,1,1
37,18086,1,1,1
37,18090,1,1,1
37,18094,0,1,1
37,18098,0,1,1
37,18102,1,1,1
37,18106,1,1,1
37,18110,0,1,1
37,18114,0,1,1
37,18118,1,1,1
37,18122,1,1,1
37,18126,0,1,1
37,18134,1,1,1
37,18138,1,1,1
37,18142,0,1,1
37,18146,0,1,1
37,18150,1,1,1
37,18154,1,1,1
37,18158,0,1,1
37,18162,0,0,0
37,18166,1,1,1
37,18170,1,1,1
37,18174,0,1,1
37,18178,0,1,1
37,18182,1,1,1
37,18186,1,1,1
37,18190,0,1,1
37,18194,0,1,1
37,18198,1,1,1
37,18202,1,1,1
37,18206,0,1,1
37,18210,0,1,1
37,18214,1,1,1
37,18218,1,1,1
37,18222,0,1,1
37,18226,0,1,1
37,18230,1,1,1
37,18234,1,1,1
37,18238,0,1,1
37,18242,0,1,1
37,18246,1,1,1
37,18250,1,1,1
37,18254,0,1,1
37,18258,0,1,1
37,18262,1,1,1
37,18266,1,1,1
37,18270,0,1,1
37,18274,0,1,1
37,18282,1,1,1
37,18286,0,1,1
37,18290,0,1,1
37,18294,1,1,1
37,18298,1,1,1
37,18302,0,1,1
37,18306,0,1,1
37,18310,1,1,1
37,18314,1,1,1
37,18318,0,1,1
37,18322,0,1,1
37,18326,1,1,1
37,18330,1,1,1
37,18334,0,1,1
37,18338,0,1,1
37,18342,1,1,1
37,18346,1,1,1
37,18350,0,1,1
37,18354,0,1,1
37,18358,1,1,1
37,18362,1,1,1
37,18366,0,1,1
37,18370,0,1,1
37,18374,1,1,1
37,18378,1,1,1
37,18382,0,1,1
37,18386,0,1,1
37,18390,1,1,1
37,18394,1,1,1
37,18398,0,1,1
37,18402,0,1,1
37,18406,1,1,1
37,18410,1,1,1
37,18414,0,1,1
37,18418,0,1,1
37,18422,1,1,1
37,18430,0,1,1
37,18434,0,1,1
37,18438,1,1,1
37,18442,1,1,1
37,18446,0,1,1
37,18450,0,1,1
37,18454,1,1,1
37,18458,1,1,1
37,18462,0,1,1
37,18466,0,1,1
37,18470,1,1,1
37,18474,1,1,1
37,18478,0,1,1
37,18482,0,1,1
37,18486,1,1,1
37,18490,1,1,1
37,18494,0,1,1
37,18498,0,1,1
37,18502,1,1,1
37,18506,1,1,1
37,18510,0,1,1
37,18514,0,1,1
37,18518,1,1,1
37,18522,1,1,1
37,18526,0,1,1
37,18530,0,1,1
37,18534,1,1,1
37,18538,1,1,1
37,18542,0,1,1
37,18546,0,1,1
37,18550,1,1,1
37,18554,1,1,1
37,18558,0,1,1
37,18562,0,1,1
37,18566,1,1,1
37,18570,1,1,1
37,18578,0,1,1
37,18582,1,1,1
37,18586,1,1,1
37,18590,0,1,1
37,18594,0,1,1
37,18598,1,1,1
37,18602,1,1,1
37,18606,0,1,1
37,18610,0,1,1
37,18614,1,1,1
37,18618,1,1,1
37,18622,0,1,1
37,18626,0,1,1
37,18630,1,1,1
37,18634,1,1,1
37,18638,0,1,1
37,18642,0,1,1
37,18646,1,1,1
37,18650,1,1,1
37,18654,0,1,1
37,18658,0,1,1
37,18662,1,1,1
37,18666,1,1,1
37,18670,0,1,1
37,18674,0,1,1
37,18678,1,1,1
37,18682,1,1,1
37,18686,0,1,1
37,18690,0,1,1
37,18694,1,1,1
37,18698,1,1,1
37,18702,0,1,1
37,18706,0,1,1
37,18710,1,1,1
37,18714,1,1,1
37,18718,0,1,1
37,18726,1,1,1
37,18730,1,1,1
37,18734,0,1,1
37,18738,0,1,1
37,18742,1,1,1
37,18746,1,1,1
37,18750,0,1,1
37,18754,0,1,1
37,18758,1,1,1
37,18762,1,1,1
37,18766,0,1,1
37,18770,0,1,1
37,18774,1,1,1
37,18778,1,1,1
37,18782,0,1,1
37,18786,0,1,1
37,18790,1,1,1
37,18794,1,1,1
37,18798,0,1,1
37,18802,0,1,1
37,18806,1,1,1
37,18810,1,1,1
37,18814,0,1,1
37,18818,0,1,1
37,18822,1,1,1
37,18826,1,1,1
37,18830,0,1,1
37,18834,0,1,1
37,18838,1,1,1
37,18842,1,1,1
37,18846,0,1,1
37,18850,0,1,1
37,18854,1,1,1
37,18858,1,1,1
37,18862,0,1,1
37,18866,0,1,1
37,18874,1,1,1
37,18878,0,1,1
37,18882,0,1,1
37,18886,1,1,1
37,18890,1,1,1
37,18894,0,1,1
37,18898,0,1,1
37,18902,1,1,1
37,18906,1,1,1
37,18910,0,1,1
37,18914,0,1,1
37,18918,1,1,1
37,18922,1,1,1
37,18926,0,1,1
37,18930,0,1,1
37,18934,1,1,1
37,18938,1,1,1
37,18942,0,1,1
37,18946,0,1,1
37,18950,1,1,1
37,18954,1,1,1
37,18958,0,1,1
37,18962,0,1,1
37,18966,1,1,1
37,18970,1,1,1
37,18974,0,1,1
37,18978,0,1,1
37,18982,1,1,1
37,18986,1,1,1
37,18990,0,1,1
37,18994,0,1,1
37,18998,1,1,1
37,19002,1,1,1
37,19006,0,1,1
37,19010,0,1,1
37,19014,1,1,1
37,19022,0,1,1
37,19026,0,1,1
37,19030,1,1,1
37,19034,1,1,1
37,19038,0,1,1
37,19042,0,1,1
37,19046,1,1,1
37,19050,1,1,1
37,19054,0,1,1
37,19058,0,1,1
37,19062,1,1,1
37,19066,1,1,1
37,19070,0,1,1
37,19074,0,1,1
37,19078,1,1,1
37,19082,1,1,1
37,19086,0,1,1
37,19090,0,1,1
37,19094,1,1,1
37,19098,1,1,1
37,19102,0,1,1
37,19106,0,1,1
37,19110,1,1,1
37,19114,1,1,1
37,19118,0,1,1
37,19122,0,1,1
37,19126,1,1,1
37,19130,1,1,1
37,19134,0,1,1
37,19138,0,1,1
37,19142,1,1,1
37,19146,1,1,1
37,19150,0,1,1
37,19154,0,1,1
37,19158,1,1,1
37,19162,1,1,1
37,19170,0,1,1
37,19174,1,1,1
37,19178,1,1,1
37,19182,0,1,1
37,19186,0,1,1
37,19190,1,1,1
37,19194,1,1,1
37,19198,0,1,1
37,19202,0,1,1
37,19206,1,1,1
37,19210,1,1,1
37,19214,0,1,1
37,19218,0,0,0
37,19222,1,1,1
37,19226,1,1,1
37,19230,0,1,1
37,19234,0,1,1
37,19238,1,1,1
37,19242,1,1,1
37,19246,0,1,1
37,19250,0,1,1
37,19254,1,1,1
37,19258,1,1,1
37,19262,0,1,1
37,19266,0,1,1
37,19270,1,1,1
37,19274,1,1,1
37,19278,0,1,1
37,19282,0,1,1
37,19286,1,1,1
37,19290,1,1,1
37,19294,0,1,1
37,19298,0,1,1
37,19302,1,1,1
37,19306,1,1,1
37,19310,0,1,1
37,19318,1,1,1
37,19322,1,1,1
37,19326,0,1,1
37,19330,0,1,1
37,19334,1,1,1
37,19338,1,1,1
37,19342,0,1,1
37,19346,0,1,1
37,19350,1,1,1
37,19354,1,1,1
37,19358,0,1,1
37,19362,0,1,1
37,19366,1,1,1
37,19370,1,1,1
37,19374,0,1,1
37,19378,0,1,1
37,19382,1,1,1
37,19386,1,1,1
37,19390,0,1,1
37,19394,0,1,1
37,19398,1,1,1
37,19402,1,1,1
37,19406,0,1,1
37,19410,0,1,1
37,19414,1,0,1
37,19418,1,1,1
37,19422,0,1,1
37,19426,0,1,1
37,19430,1,1,1
37,19434,1,1,1
37,19438,0,1,1
37,19442,0,1,1
37,19446,1,1,1
37,19450,1,1,1
37,19454,0,1,1
37,19458,0,1,1
37,19466,1,1,1
37,19470,0,1,1
37,19474,0,1,1
37,19478,1,1,1
37,19482,1,1,1
37,19486,0,1,1
37,19490,0,1,1
37,19494,1,1,1
37,19498,1,1,1
37,19502,0,1,1
37,19506,0,1,1
37,19510,1,1,1
37,19514,1,1,1
37,19518,0,1,1
37,19522,0,1,1
37,19526,1,1,1
37,19530,1,1,1
37,19534,0,1,1
37,19538,0,1,1
37,19542,1,1,1
37,19546,1,1,1
37,19550,0,1,1
37,19554,0,1,1
37,19558,1,1,1
37,19562,1,1,1
37,19566,0,1,1
37,19570,0,1,1
37,19574,1,1,1
37,19578,1,1,1
37,19582,0,1,1
37,19586,0,1,1
37,19590,1,1,1
37,19594,1,1,1
37,19598,0,1,1
37,19602,0,1,1
37,19606,1,1,1
37,19614,0,1,1
37,19618,0,1,1
37,19622,1,1,1
37,19626,1,1,1
37,19630,0,1,1
37,19634,0,1,1
37,19638,1,1,1
37,19642,1,1,1
37,19646,0,1,1
37,19650,0,1,1
37,19654,1,1,1
37,19658,1,1,1
37,19662,0,1,1
37,19666,0,1,1
37,19670,1,1,1
37,19674,1,1,1
37,19678,0,1,1
37,19682,0,1,1
37,19686,1,1,1
37,19690,1,1,1
37,19694,0,1,1
37,19698,0,1,1
37,19702,1,1,1
37,19706,1,1,1
37,19710,0,1,1
37,19714,0,1,1
37,19718,1,1,1
37,19722,1,1,1
37,19726,0,1,1
37,19730,0,1,1
37,19734,1,1,1
37,19738,1,1,1
37,19742,0,1,1
37,19746,0,1,1
37,19750,1,1,1
37,19754,1,1,1
37,19762,0,1,1
37,19766,1,1,1
37,19770,1,1,1
37,19774,0,1,1
37,19778,0,1,1
37,19782,1,1,1
37,19786,1,1,1
37,19790,0,1,1
37,19794,0,1,1
37,19798,1,1,1
37,19802,1,1,1
37,19806,0,1,1
37,19810,0,1,1
37,19814,1,1,1
37,19818,1,1,1
37,19822,0,1,1
37,19826,0,1,1
37,19830,1,1,1
37,19834,1,1,1
37,19838,0,1,1
37,19842,0,1,1
37,19846,1,1,1
37,19850,1,1,1
37,19854,0,1,1
37,19858,0,1,1
37,19862,1,1,1
37,19866,1,1,1
37,19870,0,1,1
37,19874,0,1,1
37,19878,1,1,1
37,19882,1,1,1
37,19886,0,1,1
37,19890,0,1,1
37,19894,1,1,1
37,19898,1,1,1
37,19902,0,1,1
37,19910,1,1,1
37,19914,1,1,1
37,19918,0,1,1
37,19922,0,1,1
37,19926,1,1,1
37,19930,1,1,1
37,19934,0,1,1
37,19938,0,1,1
37,19942,1,1,1
37,19946,1,1,1
37,19950,0,1,1
37,19954,0,1,1
37,19958,1,1,1
37,19962,1,1,1
37,19966,0,1,1
37,19970,0,1,1
37,19974,1,1,1
37,19978,1,1,1
37,19982,0,1,1
37,19986,0,1,1
37,19990,1,1,1
37,19994,1,1,1
37,19998,0,1,1
37,20002,0,1,1
37,20006,1,1,1
37,20010,1,1,1
37,20014,0,1,1
37,20018,0,1,1
37,20022,1,1,1
37,20026,1,1,1
37,20030,0,1,1
37,20034,0,1,1
37,20038,1,1,1
37,20042,1,1,1
37,20046,0,1,1
37,20050,0,1,1
37,20058,1,1,1
37,20062,0,1,1
37,20066,0,1,1
37,20070,1,1,1
37,20074,1,1,1
37,20078,0,1,1
37,20082,0,1,1
37,20086,1,1,1
37,20090,1,1,1
37,20094,0,1,1
37,20098,0,1,1
37,20102,1,1,1
37,20106,1,1,1
37,20110,0,1,1
37,20114,0,1,1
37,20118,1,1,1
37,20122,1,1,1
37,20126,0,1,1
37,20130,0,1,1
37,20134,1,1,1
37,20138,1,1,1
37,20142,0,1,1
37,20146,0,1,1
37,20150,1,1,1
37,20154,1,1,1
37,20158,0,1,1
37,20162,0,1,1
37,20166,1,1,1
37,20170,1,1,1
37,20174,0,1,1
37,20178,0,1,1
37,20182,1,1,1
37,20186,1,1,1
37,20190,0,1,1
37,20194,0,1,1
37,20198,1,1,1
37,20206,0,1,1
37,20210,0,1,1
37,20214,1,1,1
37,20218,1,1,1
37,20222,0,1,1
37,20226,0,1,1
37,20230,1,1,1
37,20234,1,1,1
37,20238,0,1,1
37,20242,0,1,1
37,20246,1,1,1
37,20250,1,1,1
37,20254,0,1,1
37,20258,0,1,1
37,20262,1,1,1
37,20266,1,1,1
37,20270,0,1,1
37,20274,0,1,1
37,20278,1,1,1
37,20282,1,1,1
37,20286,0,1,1
37,20290,0,1,1
37,20294,1,1,1
37,20298,1,1,1
37,20302,0,1,1
37,20306,0,1,1
37,20310,1,1,1
37,20314,1,1,1
37,20318,0,1,1
37,20322,0,1,1
37,20326,1,1,1
37,20330,1,1,1
37,20334,0,1,1
37,20338,0,1,1
37,20342,1,1,1
37,20346,1,1,1
37,20354,0,1,1
37,20358,1,1,1
37,20362,1,1,1
37,20366,0,1,1
37,20370,0,1,1
37,20374,1,1,1
37,20378,1,1,1
37,20382,0,1,1
37,20386,0,1,1
37,20390,1,1,1
37,20394,1,1,1
37,20398,0,1,1
37,20402,0,1,1
37,20406,1,1,1
37,20410,1,1,1
37,20414,0,1,1
37,20418,0,1,1
37,20422,1,1,1
37,20426,1,1,1
37,20430,0,1,1
37,20434,0,1,1
37,20438,1,1,1
37,20442,1,1,1
37,20446,0,1,1
37,20450,0,1,1
37,20454,1,1,1
37,20458,1,1,1
37,20462,0,1,1
37,20466,0,1,1
37,20470,1,1,1
37,20474,1,1,1
37,20478,0,1,1
37,20482,0,1,1
37,20486,1,1,1
37,20490,1,1,1
37,20494,0,1,1
37,20502,1,1,1
37,20506,1,1,1
37,20510,0,1,1
37,20514,0,1,1
37,20518,1,1,1
37,20522,1,1,1
37,20526,0,1,1
37,20530,0,1,1
37,20534,1,1,1
37,20538,1,1,1
37,20542,0,1,1
37,20546,0,1,1
37,20550,1,1,1
37,20554,1,1,1
37,20558,0,1,1
37,20562,0,1,1
37,20566,1,1,1
37,20570,1,1,1
37,20574,0,1,1
37,20578,0,1,1
37,20582,1,1,1
37,20586,1,1,1
37,20590,0,1,1
37,20594,0,1,1
37,20598,1,1,1
37,20602,1,1,1
37,20606,0,1,1
37,20610,0,1,1
37,20614,1,1,1
37,20618,1,1,1
37,20622,0,1,1
37,20626,0,1,1
37,20630,1,1,1
37,20634,1,1,1
37,20638,0,1,1
37,20642,0,1,1
37,20650,1,1,1
37,20654,0,1,1
37,20658,0,1,1
37,20662,1,1,1
37,20666,1,1,1
37,20670,0,1,1
37,20674,0,1,1
37,20678,1,1,1
37,20682,1,1,1
37,20686,0,1,1
37,20690,0,1,1
37,20694,1,1,1
37,20698,1,1,1
37,20702,0,1,1
37,20706,0,1,1
37,20710,1,1,1
37,20714,1,1,1
37,20718,0,1,1
37,20722,0,1,1
37,20726,1,1,1
37,20730,1,1,1
37,20734,0,1,1
37,20738,0,1,1
37,20742,1,1,1
37,20746,1,1,1
37,20750,0,1,1
37,20754,0,1,1
37,20758,1,1,1
37,20762,1,1,1
37,20766,0,1,1
37,20770,0,1,1
37,20774,1,1,1
37,20778,1,1,1
37,20782,0,1,1
37,20786,0,1,1
37,20790,1,1,1
37,20798,0,1,1
37,20802,0,1,1
37,20806,1,1,1
37,20810,1,1,1
37,20814,0,1,1
37,20818,0,1,1
37,20822,1,1,1
37,20826,1,1,1
37,20830,0,1,1
37,20834,0,1,1
37,20838,1,1,1
37,20842,1,1,1
37,20846,0,1,1
37,20850,0,1,1
37,20854,1,1,1
37,20858,1,1,1
37,20862,0,1,1
37,20866,0,1,1
37,20870,1,1,1
37,20874,1,1,1
37,20878,0,1,1
37,20882,0,1,1
37,20886,1,1,1
37,20890,1,1,1
37,20894,0,1,1
37,20898,0,1,1
37,20902,1,1,1
37,20906,1,1,1
37,20910,0,1,1
37,20914,0,1,1
37,20918,1,1,1
37,20922,1,1,1
37,20926,0,1,1
37,20930,0,1,1
37,20934,1,1,1
37,20938,1,1,1
37,20946,0,1,1
37,20950,1,1,1
37,20954,1,1,1
37,20958,0,1,1
37,20962,0,1,1
37,20966,1,1,1
37,20970,1,1,1
37,20974,0,1,1
37,20978,0,1,1
37,20982,1,1,1
37,20986,1,1,1
37,20990,0,1,1
37,20994,0,1,1
37,20998,1,1,1
37,21002,1,1,1
37,21006,0,1,1
37,21010,0,1,1
37,21014,1,1,1
37,21018,1,1,1
37,21022,0,1,1
37,21026,0,1,1
37,21030,1,1,1
37,21034,1,1,1
37,21038,0,1,1
37,21042,0,1,1
37,21046,1,1,1
37,21050,1,1,1
37,21054,0,1,1
37,21058,0,1,1
37,21062,1,1,1
37,21066,1,1,1
37,21070,0,1,1
37,21074,0,1,1
37,21078,1,1,1
37,21082,1,1,1
37,21086,0,1,1
37,21094,1,1,1
37,21098,1,1,1
37,21102,0,1,1
37,21106,0,1,1
37,21110,1,1,1
37,21114,1,1,1
37,21118,0,1,1
37,21122,0,1,1
37,21126,1,1,1
37,21130,1,1,1
37,21134,0,1,1
37,21138,0,1,1
37,21142,1,1,1
37,21146,1,1,1
37,21150,0,1,1
37,21154,0,1,1
37,21158,1,1,1
37,21162,1,1,1
37,21166,0,1,1
37,21170,0,1,1
37,21174,1,1,1
37,21178,1,1,1
37,21182,0,1,1
37,21186,0,1,1
37,21190,1,1,1
37,21194,1,1,1
37,21198,0,1,1
37,21202,0,1,1
37,21206,1,1,1
37,21210,1,1,1
37,21214,0,1,1
37,21218,0,1,1
37,21222,1,1,1
37,21226,1,1,1
37,21230,0,1,1
37,21234,0,1,1
37,21242,1,1,1
37,21246,0,1,1
37,21250,0,1,1
37,21254,1,1,1
37,21258,1,1,1
37,21262,0,1,1
37,21266,0,1,1
37,21270,1,1,1
37,21274,1,1,1
37,21278,0,1,1
37,21282,0,1,1
37,21286,1,1,1
37,21290,1,1,1
37,21294,0,1,1
37,21298,0,1,1
37,21302,1,1,1
37,21306,1,1,1
37,21310,0,1,1
37,21314,0,1,1
37,21318,1,1,1
37,21322,1,1,1
37,21326,0,1,1
37,21330,0,1,1
37,21334,1,1,1
37,21338,1,1,1
37,21342,0,1,1
37,21346,0,1,1
37,21350,1,1,1
37,21354,1,1,1
37,21358,0,1,1
37,21362,0,1,1
37,21366,1,1,1
37,21370,1,1,1
37,21374,0,1,1
37,21378,0,1,1
37,21382,1,1,1
37,21390,0,1,1
37,21394,0,1,1
37,21398,1,1,1
37,21402,1,1,1
37,21406,0,1,1
37,21410,0,1,1
37,21414,1,1,1
37,21418,1,1,1
37,21422,0,1,1
37,21426,0,1,1
37,21430,1,1,1
37,21434,1,1,1
37,21438,0,1,1
37,21442,0,1,1
37,21446,1,1,1
37,21450,1,1,1
37,21454,0,1,1
37,21458,0,1,1
37,21462,1,1,1
37,21466,1,1,1
37,21470,0,1,1
37,21474,0,1,1
37,21478,1,1,1
37,21482,1,1,1
37,21486,0,1,1
37,21490,0,1,1
37,21494,1,1,1
37,21498,1,1,1
37,21502,0,1,1
37,21506,0,1,1
37,21510,1,1,1
37,21514,1,1,1
37,21518,0,1,1
37,21522,0,1,1
37,21526,1,1,1
37,21530,1,1,1
37,21538,0,1,1
37,21542,1,1,1
37,21546,1,1,1
37,21550,0,1,1
37,21554,0,1,1
37,21558,1,1,1
37,21562,1,1,1
37,21566,0,1,1
37,21570,0,1,1
37,21574,1,1,1
37,21578,1,1,1
37,21582,0,1,1
37,21586,0,1,1
37,21590,1,1,1
37,21594,1,1,1
37,21598,0,1,1
37,21602,0,1,1
37,21606,1,1,1
37,21610,1,1,1
37,21614,0,1,1
37,21618,0,1,1
37,21622,1,1,1
37,21626,1,1,1
37,21630,0,1,1
37,21634,0,1,1
37,21638,1,1,1
37,21642,1,1,1
37,21646,0,1,1
37,21650,0,1,1
37,21654,1,1,1
37,21658,1,1,1
37,21662,0,1,1
37,21666,0,1,1
37,21670,1,1,1
37,21674,1,1,1
37,21678,0,1,1
37,21686,1,1,1
37,21690,1,1,1
37,21694,0,1,1
37,21698,0,1,1
37,21702,1,1,1
37,21706,1,1,1
37,21710,0,1,1
37,21714,0,1,1
37,21718,1,1,1
37,21722,1,1,1
37,21726,0,1,1
37,21730,0,1,1
37,21734,1,1,1
37,21738,1,1,1
37,21742,0,1,1
37,21746,0,1,1
37,21750,1,1,1
37,21754,1,1,1
37,21758,0,1,1
37,21762,0,1,1
37,21766,1,1,1
37,21770,1,1,1
37,21774,0,1,1
37,21778,0,1,1
37,21782,1,1,1
37,21786,1,1,1
37,21790,0,1,1
37,21794,0,1,1
37,21798,1,1,1
37,21802,1,1,1
37,21806,0,1,1
37,21810,0,1,1
37,21814,1,1,1
37,21818,1,1,1
37,21822,0,1,1
37,21826,0,1,1
37,21834,1,1,1
37,21838,0,1,1
37,21842,0,1,1
37,21846,1,1,1
37,21850,1,1,1
37,21854,0,1,1
37,21858,0,1,1
37,21862,1,1,1
37,21866,1,0,1
37,21870,0,1,1
37,21874,0,1,1
37,21878,1,1,1
37,21882,1,1,1
37,21886,0,1,1
37,21890,0,1,1
37,21894,1,1,1
37,21898,1,1,1
37,21902,0,1,1
37,21906,0,1,1
37,21910,1,1,1
37,21914,1,1,1
37,21918,0,1,1
37,21922,0,1,1
37,21926,1,1,1
37,21930,1,1,1
37,21934,0,1,1
37,21938,0,1,1
37,21942,1,1,1
37,21946,1,1,1
37,21950,0,1,1
37,21954,0,1,1
37,21958,1,1,1
37,21962,1,1,1
37,21966,0,1,1
37,21970,0,1,1
37,21974,1,1,1
37,21982,0,1,1
37,21986,0,1,1
37,21990,1,1,1
37,21994,1,1,1
37,21998,0,1,1
37,22002,0,1,1
37,22006,1,1,1
37,22010,1,1,1
37,22014,0,1,1
37,22018,0,1,1
37,22022,1,1,1
37,22026,1,1,1
37,22030,0,1,1
37,22034,0,1,1
37,22038,1,1,1
37,22042,1,1,1
37,22046,0,1,1
37,22050,0,1,1
37,22054,1,1,1
37,22058,1,1,1
37,22062,0,1,1
37,22066,0,1,1
37,22070,1,1,1
37,22074,1,1,1
37,22078,0,1,1
37,22082,0,1,1
37,22086,1,1,1
37,22090,1,1,1
37,22094,0,1,1
37,22098,0,1,1
37,22102,1,1,1
37,22106,1,1,1
37,22110,0,1,1
37,22114,0,1,1
37,22118,1,1,1
37,22122,1,1,1
37,22130,0,1,1
37,22134,1,1,1
37,22138,1,1,1
37,22142,0,1,1
37,22146,0,1,1
37,22150,1,1,1
37,22154,1,1,1
37,22158,0,1,1
37,22162,0,1,1
37,22166,1,1,1
37,22170,1,1,1
37,22174,0,1,1
37,22178,0,1,1
37,22182,1,1,1
37,22186,1,1,1
37,22190,0,1,1
37,22194,0,1,1
37,22198,1,1,1
37,22202,1,1,1
37,22206,0,1,1
37,22210,0,1,1
37,22214,1,1,1
37,22218,1,1,1
37,22222,0,1,1
37,22226,0,1,1
37,22230,1,1,1
37,22234,1,1,1
37,22238,0,1,1
37,22242,0,1,1
37,22246,1,1,1
37,22250,1,1,1
37,22254,0,1,1
37,22258,0,1,1
37,22262,1,1,1
37,22266,1,1,1
37,22270,0,1,1
37,22278,1,1,1
37,22282,1,1,1
37,22286,0,1,1
37,22290,0,1,1
37,22294,1,1,1
37,22298,1,1,1
37,22302,0,1,1
37,22306,0,1,1
37,22310,1,1,1
37,22314,1,1,1
37,22318,0,1,1
37,22322,0,1,1
37,22326,1,1,1
37,22330,1,1,1
37,22334,0,1,1
37,22338,0,1,1
37,22342,1,1,1
37,22346,1,1,1
37,22350,0,1,1
37,22354,0,1,1
37,22358,1,1,1
37,22362,1,1,1
37,22366,0,1,1
37,22370,0,1,1
37,22374,1,1,1
37,22378,1,1,1
37,22382,0,1,1
37,22386,0,1,1
37,22390,1,1,1
37,22394,1,1,1
37,22398,0,1,1
37,22402,0,1,1
37,22406,1,1,1
37,22410,1,1,1
37,22414,0,1,1
37,22418,0,1,1
37,22426,1,1,1
37,22430,0,1,1
37,22434,0,1,1
37,22438,1,1,1
37,22442,1,1,1
37,22446,0,1,1
37,22450,0,1,1
37,22454,1,1,1
37,22458,1,1,1
37,22462,0,1,1
37,22466,0,1,1
37,22470,1,1,1
37,22474,1,1,1
37,22478,0,1,1
37,22482,0,1,1
37,22486,1,1,1
37,22490,1,1,1
37,22494,0,1,1
37,22498,0,1,1
37,22502,1,1,1
37,22506,1,1,1
37,22510,0,1,1
37,22514,0,1,1
37,22518,1,1,1
37,22522,1,1,1
37,22526,0,1,1
37,22530,0,1,1
37,22534,1,1,1
37,22538,1,1,1
37,22542,0,1,1
37,22546,0,1,1
37,22550,1,1,1
37,22554,1,1,1
37,22558,0,1,1
37,22562,0,1,1
37,22566,1,1,1
37,22574,0,1,1
37,22578,0,1,1
37,22582,1,1,1
37,22586,1,1,1
37,22590,0,1,1
37,22594,0,1,1
37,22598,1,1,1
37,22602,1,1,1
37,22606,0,1,1
37,22610,0,1,1
37,22614,1,1,1
37,22618,1,1,1
37,22622,0,1,1
37,22626,0,1,1
37,22630,1,1,1
37,22634,1,1,1
37,22638,0,1,1
37,22642,0,1,1
37,22646,1,1,1
37,22650,1,1,1
37,22654,0,1,1
37,22658,0,1,1
37,22662,1,1,1
37,22666,1,1,1
37,22670,0,1,1
37,22674,0,1,1
37,22678,1,1,1
37,22682,1,1,1
37,22686,0,1,1
37,22690,0,1,1
37,22694,1,1,1
37,22698,1,1,1
37,22702,0,1,1
37,22706,0,1,1
37,22710,1,1,1
37,22714,1,1,1
37,22722,0,1,1
37,22726,1,1,1
37,22730,1,1,1
37,22734,0,1,1
37,22738,0,1,1
37,22742,1,1,1
37,22746,1,1,1
37,22750,0,1,1
37,22754,0,1,1
37,22758,1,1,1
37,22762,1,1,1
37,22766,0,1,1
37,22770,0,1,1
37,22774,1,1,1
37,22778,1,1,1
37,22782,0,1,1
37,22786,0,1,1
37,22790,1,1,1
37,22794,1,1,1
37,22798,0,1,1
37,22802,0,1,1
37,22806,1,1,1
37,22810,1,1,1
37,22814,0,1,1
37,22818,0,1,1
37,22822,1,1,1
37,22826,1,1,1
37,22830,0,1,1
37,22834,0,1,1
37,22838,1,1,1
37,22842,1,1,1
37,22846,0,1,1
37,22850,0,1,1
37,22854,1,1,1
37,22858,1,1,1
37,22862,0,1,1
37,22870,1,1,1
37,22874,1,1,1
37,22878,0,1,1
37,22882,0,1,1
37,22886,1,1,1
37,22890,1,1,1
37,22894,0,1,1
37,22898,0,1,1
37,22902,1,1,1
37,22906,1,1,1
37,22910,0,1,1
37,22914,0,1,1
37,22918,1,1,1
37,22922,1,1,1
37,22926,0,1,1
37,22930,0,1,1
37,22934,1,1,1
37,22938,1,1,1
37,22942,0,1,1
37,22946,0,1,1
37,22950,1,1,1
37,22954,1,1,1
37,22958,0,1,1
37,22962,0,1,1
37,22966,1,1,1
37,22970,1,1,1
37,22974,0,1,1
37,22978,0,1,1
37,22982,1,1,1
37,22986,1,1,1
37,22990,0,1,1
37,22994,0,1,1
37,22998,1,1,1
37,23002,1,1,1
37,23006,0,1,1
37,23010,0,1,1
37,23018,1,1,1
37,23022,0,1,1
37,23026,0,1,1
37,23030,1,1,1
37,23034,1,1,1
37,23038,0,1,1
37,23042,0,1,1
37,23046,1,1,1
37,23050,1,1,1
37,23054,0,1,1
37,23058,0,1,1
37,23062,1,1,1
37,23066,1,1,1
37,23070,0,1,1
37,23074,0,1,1
37,23078,1,1,1
37,23082,1,1,1
37,23086,0,1,1
37,23090,0,1,1
37,23094,1,1,1
37,23098,1,1,1
37,23102,0,1,1
37,23106,0,1,1
37,23110,1,1,1
37,23114,1,1,1
37,23118,0,1,1
37,23122,0,1,1
37,23126,1,1,1
37,23130,1,1,1
37,23134,0,1,1
37,23138,0,1,1
37,23142,1,1,1
37,23146,1,1,1
37,23150,0,1,1
37,23154,0,1,1
37,23158,1,1,1
37,23166,0,1,1
37,23170,0,1,1
37,23174,1,1,1
37,23178,1,1,1
37,23182,0,1,1
37,23186,0,1,1
37,23190,1,1,1
37,23194,1,1,1
37,23198,0,1,1
37,23202,0,1,1
37,23206,1,1,1
37,23210,1,1,1
37,23214,0,1,1
37,23218,0,1,1
37,23222,1,1,1
37,23226,1,1,1
37,23230,0,1,1
37,23234,0,1,1
37,23238,1,1,1
37,23242,1,1,1
37,23246,0,1,1
37,23250,0,1,1
37,23254,1,1,1
37,23258,1,1,1
37,23262,0,1,1
37,23266,0,1,1
37,23270,1,1,1
37,23274,1,1,1
37,23278,0,1,1
37,23282,0,1,1
37,23286,1,1,1
37,23290,1,1,1
37,23294,0,1,1
37,23298,0,1,1
37,23302,1,1,1
37,23306,1,1,1
37,23314,0,1,1
37,23318,1,1,1
37,23322,1,1,1
37,23326,0,1,1
37,23330,0,1,1
37,23334,1,1,1
37,23338,1,1,1
37,23342,0,1,1
37,23346,0,1,1
37,23350,1,1,1
37,23354,1,1,1
37,23358,0,1,1
37,23362,0,1,1
37,23366,1,1,1
37,23370,1,1,1
37,23374,0,1,1
37,23378,0,1,1
37,23382,1,1,1
37,23386,1,1,1
37,23390,0,1,1
37,23394,0,1,1
37,23398,1,1,1
37,23402,1,1,1
37,23406,0,1,1
37,23410,0,1,1
37,23414,1,1,1
37,23418,1,1,1
37,23422,0,1,1
37,23426,0,1,1
37,23430,1,1,1
37,23434,1,1,1
37,23438,0,1,1
37,23442,0,1,1
37,23446,1,1,1
37,23450,1,1,1
37,23454,0,1,1
37,23462,1,1,1
37,23466,1,1,1
37,23470,0,1,1
37,23474,0,1,1
37,23478,1,1,1
37,23482,1,1,1
37,23486,0,1,1
37,23490,0,1,1
37,23494,1,1,1
37,23498,1,1,1
37,23502,0,1,1
37,23506,0,1,1
37,23510,1,1,1
37,23514,1,1,1
37,23518,0,1,1
37,23522,0,1,1
37,23526,1,1,1
37,23530,1,1,1
37,23534,0,1,1
37,23538,0,1,1
37,23542,1,1,1
37,23546,1,1,1
37,23550,0,1,1
37,23554,0,1,1
37,23558,1,1,1
37,23562,1,1,1
37,23566,0,1,1
37,23570,0,1,1
37,23574,1,1,1
37,23578,1,1,1
37,23582,0,1,1
37,23586,0,1,1
37,23590,1,1,1
37,23594,1,1,1
37,23598,0,1,1
37,23602,0,1,1
37,23610,1,1,1
37,23614,0,1,1
37,23618,0,1,1
37,23622,1,1,1
37,23626,1,1,1
37,23630,0,1,1
37,23634,0,1,1
37,23638,1,1,1
37,23642,1,1,1
37,23646,0,1,1
37,23650,0,1,1
37,23654,1,1,1
37,23658,1,1,1
37,23662,0,1,1
37,23666,0,1,1
37,23670,1,1,1
37,23674,1,1,1
37,23678,0,1,1
37,23682,0,1,1
37,23686,1,1,1
37,23690,1,1,1
37,23694,0,1,1
37,23698,0,1,1
37,23702,1,1,1
37,23706,1,1,1
37,23710,0,1,1
37,23714,0,1,1
37,23718,1,1,1
37,23722,1,1,1
37,23726,0,1,1
37,23730,0,1,1
37,23734,1,1,1
37,23738,1,1,1
37,23742,0,1,1
37,23746,0,1,1
37,23750,1,1,1
37,23758,0,1,1
37,23762,0,1,1
37,23766,1,1,1
37,23770,1,1,1
37,23774,0,1,1
37,23778,0,1,1
37,23782,1,1,1
37,23786,1,1,1
37,23790,0,1,1
37,23794,0,1,1
37,23798,1,1,1
37,23802,1,1,1
37,23806,0,1,1
37,23810,0,1,1
37,23814,1,1,1
37,23818,1,1,1
37,23822,0,1,1
37,23826,0,1,1
37,23830,1,1,1
37,23834,1,1,1
37,23838,0,1,1
37,23842,0,1,1
37,23846,1,1,1
37,23850,1,1,1
37,23854,0,1,1
37,23858,0,1,1
37,23862,1,1,1
37,23866,1,1,1
37,23870,0,1,1
37,23874,0,1,1
37,23878,1,1,1
37,23882,1,1,1
37,23886,0,1,1
37,23890,0,1,1
37,23894,1,1,1
37,23898,1,1,1
37,23906,0,1,1
37,23910,1,1,1
37,23914,1,1,1
37,23918,0,1,1
37,23922,0,1,1
37,23926,1,1,1
37,23930,1,1,1
37,23934,0,1,1
37,23938,0,1,1
37,23942,1,1,1
37,23946,1,1,1
37,23950,0,1,1
37,23954,0,1,1
37,23958,1,1,1
37,23962,1,1,1
37,23966,0,1,1
37,23970,0,1,1
37,23974,1,1,1
37,23978,1,1,1
37,23982,0,1,1
37,23986,0,1,1
37,23990,1,1,1
37,23994,1,1,1
37,23998,0,1,1
37,24002,0,1,1
37,24006,1,1,1
37,24010,1,1,1
37,24014,0,1,1
37,24018,0,1,1
37,24022,1,1,1
37,24026,1,1,1
37,24030,0,1,1
37,24034,0,1,1
37,24038,1,1,1
37,24042,1,1,1
37,24046,0,1,1
37,24054,1,1,1
37,24058,1,1,1
37,24062,0,1,1
37,24066,0,1,1
37,24070,1,1,1
37,24074,1,1,1
37,24078,0,1,1
37,24082,0,1,1
37,24086,1,1,1
37,24090,1,1,1
37,24094,0,1,1
37,24098,0,1,1
37,24102,1,1,1
37,24106,1,1,1
37,24110,0,1,1
37,24114,0,1,1
37,24118,1,1,1
37,24122,1,1,1
37,24126,0,1,1
37,24130,0,1,1
37,24134,1,1,1
37,24138,1,1,1
37,24142,0,1,1
37,24146,0,1,1
37,24150,1,1,1
37,24154,1,1,1
37,24158,0,1,1
37,24162,0,1,1
37,24166,1,1,1
37,24170,1,1,1
37,24174,0,1,1
37,24178,0,1,1
37,24182,1,1,1
37,24186,1,1,1
37,24190,0,1,1
37,24194,0,1,1
37,24202,1,1,1
37,24206,0,1,1
37,24210,0,1,1
37,24214,1,1,1
37,24218,1,1,1
37,24222,0,1,1
37,24226,0,1,1
37,24230,1,1,1
37,24234,1,1,1
37,24238,0,1,1
37,24242,0,1,1
37,24246,1,1,1
37,24250,1,1,1
37,24254,0,1,1
37,24258,0,1,1
37,24262,1,1,1
37,24266,1,1,1
37,24270,0,1,1
37,24274,0,1,1
37,24278,1,1,1
37,24282,1,1,1
37,24286,0,1,1
37,24290,0,1,1
37,24294,1,1,1
37,24298,1,1,1
37,24302,0,1,1
37,24306,0,1,1
37,24310,1,1,1
37,24314,1,1,1
37,24318,0,1,1
37,24322,0,1,1
37,24326,1,1,1
37,24330,1,1,1
37,24334,0,1,1
37,24338,0,1,1
37,24342,1,1,1
37,24350,0,1,1
37,24354,0,1,1
37,24358,1,1,1
37,24362,1,1,1
37,24366,0,1,1
37,24370,0,1,1
37,24374,1,1,1
37,24378,1,1,1
37,24382,0,1,1
37,24386,0,1,1
37,24390,1,1,1
37,24394,1,1,1
37,24398,0,1,1
37,24402,0,1,1
37,24406,1,1,1
37,24410,1,1,1
37,24414,0,1,1
37,24418,0,1,1
37,24422,1,1,1
37,24426,1,1,1
37,24430,0,1,1
37,24434,0,1,1
37,24438,1,1,1
37,24442,1,1,1
37,24446,0,1,1
37,24450,0,1,1
37,24454,1,1,1
37,24458,1,1,1
37,24462,0,1,1
37,24466,0,1,1
37,24470,1,1,1
37,24474,1,1,1
37,24478,0,1,1
37,24482,0,1,1
37,24486,1,1,1
37,24490,1,1,1
37,24498,0,1,1
37,24502,1,1,1
37,24506,1,1,1
37,24510,0,1,1
37,24514,0,1,1
37,24518,1,1,1
37,24522,1,1,1
37,24526,0,1,1
37,24530,0,1,1
37,24534,1,1,1
37,24538,1,1,1
37,24542,0,1,1
37,24546,0,1,1
37,24550,1,1,1
37,24554,1,1,1
37,24558,0,1,1
37,24562,0,1,1
37,24566,1,1,1
37,24570,1,1,1
37,24574,0,1,1
37,24578,0,1,1
37,24582,1,1,1
37,24586,1,1,1
37,24590,0,1,1
37,24594,0,1,1
37,24598,1,1,1
37,24602,1,1,1
37,24606,0,1,1
37,24610,0,1,1
37,24614,1,1,1
37,24618,1,1,1
37,24622,0,1,1
37,24626,0,1,1
37,24630,1,1,1
37,24634,1,1,1
37,24638,0,1,1
37,24646,1,1,1
37,24650,1,1,1
37,24654,0,1,1
37,24658,0,1,1
37,24662,1,1,1
37,24666,1,1,1
37,24670,0,1,1
37,24674,0,1,1
37,24678,1,1,1
37,24682,1,1,1
37,24686,0,1,1
37,24690,0,1,1
37,24694,1,1,1
37,24698,1,1,1
37,24702,0,1,1
37,24706,0,1,1
37,24710,1,1,1
37,24714,1,1,1
37,24718,0,1,1
37,24722,0,1,1
37,24726,1,1,1
37,24730,1,1,1
37,24734,0,1,1
37,24738,0,1,1
37,24742,1,1,1
37,24746,1,1,1
37,24750,0,1,1
37,24754,0,1,1
37,24758,1,1,1
37,24762,1,1,1
37,24766,0,1,1
37,24770,0,1,1
37,24774,1,1,1
37,24778,1,1,1
37,24782,0,1,1
37,24786,0,1,1
37,24794,1,1,1
37,24798,0,1,1
37,24802,0,1,1
37,24806,1,1,1
37,24810,1,1,1
37,24814,0,1,1
37,24818,0,1,1
37,24822,1,1,1
37,24826,1,1,1
37,24830,0,1,1
37,24834,0,1,1
37,24838,1,1,1
37,24842,1,1,1
37,24846,0,1,1
37,24850,0,1,1
37,24854,1,1,1
37,24858,1,1,1
37,24862,0,1,1
37,24866,0,1,1
37,24870,1,1,1
37,24874,1,1,1
37,24878,0,1,1
37,24882,0,1,1
37,24886,1,1,1
37,24890,1,1,1
37,24894,0,1,1
37,24898,0,1,1
37,24902,1,1,1
37,24906,1,1,1
37,24910,0,1,1
37,24914,0,1,1
37,24918,1,1,1
37,24922,1,1,1
37,24926,0,1,1
37,24930,0,1,1
37,24934,1,1,1
37,24942,0,1,1
37,24946,0,1,1
37,24950,1,1,1
37,24954,1,1,1
37,24958,0,1,1
37,24962,0,1,1
37,24966,1,1,1
37,24970,1,1,1
37,24974,0,1,1
37,24978,0,1,1
37,24982,1,1,1
37,24986,1,1,1
37,24990,0,1,1
37,24994,0,1,1
37,24998,1,1,1
37,25002,1,1,1
37,25006,0,1,1
37,25010,0,1,1
37,25014,1,1,1
37,25018,1,1,1
37,25022,0,1,1
37,25026,0,1,1
37,25030,1,1,1
37,25034,1,1,1
37,25038,0,1,1
37,25042,0,1,1
37,25046,1,1,1
37,25050,1,1,1
37,25054,0,1,1
37,25058,0,1,1
37,25062,1,1,1
37,25066,1,1,1
37,25070,0,1,1
37,25074,0,1,1
37,25078,1,1,1
37,25082,1,1,1
37,25090,0,1,1
37,25094,1,1,1
37,25098,1,1,1
37,25102,0,1,1
37,25106,0,1,1
37,25110,1,1,1
37,25114,1,1,1
37,25118,0,1,1
37,25122,0,1,1
37,25126,1,1,1
37,25130,1,1,1
37,25134,0,1,1
37,25138,0,1,1
37,25142,1,1,1
37,25146,1,1,1
37,25150,0,1,1
37,25154,0,1,1
37,25158,1,1,1
37,25162,1,1,1
37,25166,0,1,1
37,25170,0,1,1
37,25174,1,1,1
37,25178,1,1,1
37,25182,0,1,1
37,25186,0,1,1
37,25190,1,1,1
37,25194,1,1,1
37,25198,0,1,1
37,25202,0,1,1
37,25206,1,1,1
37,25210,1,1,1
37,25214,0,1,1
37,25218,0,1,1
37,25222,1,1,1
37,25226,1,1,1
37,25230,0,1,1
37,25238,1,1,1
37,25242,1,1,1
37,25246,0,1,1
37,25250,0,1,1
37,25254,1,1,1
37,25258,1,1,1
37,25262,0,1,1
37,25266,0,1,1
37,25270,1,1,1
37,25274,1,1,1
37,25278,0,1,1
37,25282,0,1,1
37,25286,1,1,1
37,25290,1,1,1
37,25294,0,1,1
37,25298,0,1,1
37,25302,1,1,1
37,25306,1,1,1
37,25310,0,1,1
37,25314,0,1,1
37,25318,1,1,1
37,25322,1,1,1
37,25326,0,1,1
37,25330,0,1,1
37,25334,1,1,1
37,25338,1,1,1
37,25342,0,1,1
37,25346,0,1,1
37,25350,1,1,1
37,25354,1,1,1
37,25358,0,1,1
37,25362,0,1,1
37,25366,1,1,1
37,25370,1,1,1
37,25374,0,1,1
37,25378,0,1,1
37,25386,1,1,1
37,25390,0,1,1
37,25394,0,1,1
37,25398,1,1,1
37,25402,1,1,1
37,25406,0,1,1
37,25410,0,1,1
37,25414,1,1,1
37,25418,1,1,1
37,25422,0,1,1
37,25426,0,1,1
37,25430,1,1,1
37,25434,1,1,1
37,25438,0,1,1
37,25442,0,1,1
37,25446,1,1,1
37,25450,1,1,1
37,25454,0,1,1
37,25458,0,1,1
37,25462,1,1,1
37,25466,1,1,1
37,25470,0,1,1
37,25474,0,1,1
37,25478,1,1,1
37,25482,1,1,1
37,25486,0,1,1
37,25490,0,1,1
37,25494,1,1,1
37,25498,1,1,1
37,25502,0,1,1
37,25506,0,1,1
37,25510,1,1,1
37,25514,1,1,1
37,25518,0,1,1
37,25522,0,1,1
37,25526,1,1,1
37,25534,0,1,1
37,25538,0,1,1
37,25542,1,1,1
37,25546,1,1,1
37,25550,0,1,1
37,25554,0,1,1
37,25558,1,1,1
37,25562,1,1,1
37,25566,0,1,1
37,25570,0,1,1
37,25574,1,1,1
37,25578,1,1,1
37,25582,0,1,1
37,25586,0,1,1
37,25590,1,1,1
37,25594,1,1,1
37,25598,0,1,1
37,25602,0,1,1
37,25606,1,1,1
37,25610,1,1,1
37,25614,0,1,1
37,25618,0,1,1
37,25622,1,1,1
37,25626,1,1,1
37,25630,0,1,1
37,25634,0,1,1
37,25638,1,1,1
37,25642,1,1,1
37,25646,0,1,1
37,25650,0,1,1
37,25654,1,1,1
37,25658,1,1,1
37,25662,0,1,1
37,25666,0,1,1
37,25670,1,1,1
37,25674,1,1,1
37,25682,0,1,1
37,25686,1,1,1
37,25690,1,1,1
37,25694,0,1,1
37,25698,0,1,1
37,25702,1,1,1
37,25706,1,1,1
37,25710,0,1,1
37,25714,0,1,1
37,25718,1,1,1
37,25722,1,1,1
37,25726,0,1,1
37,25730,0,1,1
37,25734,1,1,1
37,25738,1,1,1
37,25742,0,1,1
37,25746,0,1,1
37,25750,1,1,1
37,25754,1,1,1
37,25758,0,1,1
37,25762,0,1,1
37,25766,1,1,1
37,25770,1,1,1
37,25774,0,1,1
37,25778,0,1,1
37,25782,1,1,1
37,25786,1,1,1
37,25790,0,1,1
37,25794,0,1,1
37,25798,1,1,1
37,25802,1,1,1
37,25806,0,1,1
37,25810,0,1,1
37,25814,1,1,1
37,25818,1,1,1
37,25822,0,1,1
37,25830,1,1,1
37,25834,1,1,1
37,25838,0,1,1
37,25842,0,1,1
37,25846,1,1,1
37,25850,1,1,1
37,25854,0,1,1
37,25858,0,1,1
37,25862,1,1,1
37,25866,1,1,1
37,25870,0,1,1
37,25874,0,1,1
37,25878,1,1,1
37,25882,1,1,1
37,25886,0,1,1
37,25890,0,1,1
37,25894,1,1,1
37,25898,1,1,1
37,25902,0,1,1
37,25906,0,1,1
37,25910,1,1,1
37,25914,1,1,1
37,25918,0,1,1
37,25922,0,1,1
37,25926,1,1,1
37,25930,1,1,1
37,25934,0,1,1
37,25938,0,1,1
37,25942,1,1,1
37,25946,1,1,1
37,25950,0,1,1
37,25954,0,1,1
37,25958,1,1,1
37,25962,1,1,1
37,25966,0,1,1
37,25970,0,1,1
37,25978,1,1,1
37,25982,0,1,1
37,25986,0,1,1
37,25990,1,1,1
37,25994,1,1,1
37,25998,0,1,1
37,26002,0,1,1
37,26006,1,1,1
37,26010,1,1,1
37,26014,0,1,1
37,26018,0,1,1
37,26022,1,1,1
37,26026,1,1,1
37,26030,0,1,1
37,26034,0,1,1
37,26038,1,1,1
37,26042,1,1,1
37,26046,0,1,1
37,26050,0,1,1
37,26054,1,1,1
37,26058,1,1,1
37,26062,0,1,1
37,26066,0,1,1
37,26070,1,1,1
37,26074,1,1,1
37,26078,0,1,1
37,26082,0,1,1
37,26086,1,1,1
37,26090,1,1,1
37,26094,0,1,1
37,26098,0,1,1
37,26102,1,1,1
37,26106,1,1,1
37,26110,0,1,1
37,26114,0,1,1
37,26118,1,1,1
37,26126,0,1,1
37,26130,0,1,1
37,26134,1,1,1
37,26138,1,1,1
37,26142,0,1,1
37,26146,0,1,1
37,26150,1,1,1
37,26154,1,1,1
37,26158,0,1,1
37,26162,0,1,1
37,26166,1,1,1
37,26170,1,1,1
37,26174,0,1,1
37,26178,0,1,1
37,26182,1,1,1
37,26186,1,1,1
37,26190,0,1,1
37,26194,0,1,1
37,26198,1,1,1
37,26202,1,1,1
37,26206,0,1,1
37,26210,0,1,1
37,26214,1,1,1
37,26218,1,1,1
37,26222,0,1,1
37,26226,0,1,1
37,26230,1,1,1
37,26234,1,1,1
37,26238,0,1,1
37,26242,0,1,1
37,26246,1,1,1
37,26250,1,1,1
37,26254,0,1,1
37,26258,0,1,1
37,26262,1,1,1
37,26266,1,1,1
37,26274,0,1,1
37,26278,1,1,1
37,26282,1,1,1
37,26286,0,1,1
37,26290,0,1,1
37,26294,1,1,1
37,26298,1,1,1
37,26302,0,1,1
37,26306,0,1,1
37,26310,1,1,1
37,26314,1,1,1
37,26318,0,1,1
37,26322,0,1,1
37,26326,1,1,1
37,26330,1,1,1
37,26334,0,1,1
37,26338,0,1,1
37,26342,1,1,1
37,26346,1,1,1
37,26350,0,1,1
37,26354,0,1,1
37,26358,1,1,1
37,26362,1,1,1
37,26366,0,1,1
37,26370,0,1,1
37,26374,1,1,1
37,26378,1,1,1
37,26382,0,1,1
37,26386,0,1,1
37,26390,1,1,1
37,26394,1,1,1
37,26398,0,1,1
37,26402,0,1,1
37,26406,1,1,1
37,26410,1,1,1
37,26414,0,1,1
37,26422,1,1,1
37,26426,1,1,1
37,26430,0,1,1
37,26434,0,1,1
37,26438,1,1,1
37,26442,1,1,1
37,26446,0,1,1
37,26450,0,1,1
37,26454,1,1,1
37,26458,1,1,1
37,26462,0,1,1
37,26466,0,1,1
37,26470,1,1,1
37,26474,1,1,1
37,26478,0,1,1
37,26482,0,1,1
37,26486,1,1,1
37,26490,1,1,1
37,26494,0,1,1
37,26498,0,1,1
37,26502,1,1,1
37,26506,1,1,1
37,26510,0,1,1
37,26514,0,1,1
37,26518,1,1,1
37,26522,1,1,1
37,26526,0,1,1
37,26530,0,1,1
37,26534,1,1,1
37,26538,1,1,1
37,26542,0,1,1
37,26546,0,1,1
37,26550,1,1,1
37,26554,1,1,1
37,26558,0,1,1
37,26562,0,1,1
37,26570,1,1,1
37,26574,0,1,1
37,26578,0,1,1
37,26582,1,1,1
37,26586,1,1,1
37,26590,0,1,1
37,26594,0,1,1
37,26598,1,1,1
37,26602,1,1,1
37,26606,0,1,1
37,26610,0,1,1
37,26614,1,1,1
37,26618,1,1,1
37,26622,0,1,1
37,26626,0,1,1
37,26630,1,1,1
37,26634,1,1,1
37,26638,0,1,1
37,26642,0,1,1
37,26646,1,1,1
37,26650,1,1,1
37,26654,0,1,1
37,26658,0,1,1
37,26662,1,1,1
37,26666,1,1,1
37,26670,0,1,1
37,26674,0,1,1
37,26678,1,1,1
37,26682,1,1,1
37,26686,0,1,1
37,26690,0,1,1
37,26694,1,1,1
37,26698,1,1,1
37,26702,0,1,1
37,26706,0,1,1
37,26710,1,1,1
37,26718,0,1,1
37,26722,0,1,1
37,26726,1,1,1
37,26730,1,1,1
37,26734,0,1,1
37,26738,0,1,1
37,26742,1,1,1
37,26746,1,1,1
37,26750,0,1,1
37,26754,0,1,1
37,26758,1,1,1
37,26762,1,1,1
37,26766,0,1,1
37,26770,0,1,1
37,26774,1,1,1
37,26778,1,1,1
37,26782,0,1,1
37,26786,0,1,1
37,26790,1,1,1
37,26794,1,1,1
37,26798,0,1,1
37,26802,0,1,1
37,26806,1,1,1
37,26810,1,1,1
37,26814,0,1,1
37,26818,0,1,1
37,26822,1,1,1
37,26826,1,1,1
37,26830,0,1,1
37,26834,0,1,1
37,26838,1,1,1
37,26842,1,1,1
37,26846,0,1,1
37,26850,0,1,1
37,26854,1,1,1
37,26858,1,1,1
37,26866,0,1,1
37,26870,1,1,1
37,26874,1,1,1
37,26878,0,1,1
37,26882,0,1,1
37,26886,1,1,1
37,26890,1,1,1
37,26894,0,1,1
37,26898,0,1,1
37,26902,1,1,1
37,26906,1,1,1
37,26910,0,1,1
37,26914,0,1,1
37,26918,1,1,1
37,26922,1,1,1
37,26926,0,1,1
37,26930,0,1,1
37,26934,1,1,1
37,26938,1,1,1
37,26942,0,1,1
37,26946,0,1,1
37,26950,1,1,1
37,26954,1,1,1
37,26958,0,1,1
37,26962,0,1,1
37,26966,1,1,1
37,26970,1,1,1
37,26974,0,1,1
37,26978,0,1,1
37,26982,1,1,1
37,26986,1,1,1
37,26990,0,1,1
37,26994,0,1,1
37,26998,1,1,1
37,27002,1,1,1
37,27006,0,1,1
37,27014,1,1,1
37,27018,1,1,1
37,27022,0,1,1
37,27026,0,1,1
37,27030,1,1,1
37,27034,1,1,1
37,27038,0,1,1
37,27042,0,1,1
37,27046,1,1,1
37,27050,1,1,1
37,27054,0,1,1
37,27058,0,1,1
37,27062,1,1,1
37,27066,1,1,1
37,27070,0,1,1
37,27074,0,1,1
37,27078,1,1,1
37,27082,1,1,1
37,27086,0,1,1
37,27090,0,1,1
37,27094,1,1,1
37,27098,1,1,1
37,27102,0,1,1
37,27106,0,1,1
37,27110,1,1,1
37,27114,1,1,1
37,27118,0,1,1
37,27122,0,1,1
37,27126,1,1,1
37,27130,1,1,1
37,27134,0,1,1
37,27138,0,1,1
37,27142,1,1,1
37,27146,1,1,1
37,27150,0,1,1
37,27154,0,1,1
37,27162,1,1,1
37,27166,0,1,1
37,27170,0,1,1
37,27174,1,1,1
37,27178,1,1,1
37,27182,0,1,1
37,27186,0,1,1
37,27190,1,1,1
37,27194,1,1,1
37,27198,0,1,1
37,27202,0,1,1
37,27206,1,1,1
37,27210,1,1,1
37,27214,0,1,1
37,27218,0,1,1
37,27222,1,1,1
37,27226,1,1,1
37,27230,0,1,1
37,27234,0,1,1
37,27238,1,1,1
37,27242,1,1,1
37,27246,0,1,1
37,27250,0,1,1
37,27254,1,1,1
37,27258,1,1,1
37,27262,0,1,1
37,27266,0,1,1
37,27270,1,1,1
37,27274,1,1,1
37,27278,0,1,1
37,27282,0,1,1
37,27286,1,1,1
37,27290,1,1,1
37,27294,0,1,1
37,27298,0,1,1
37,27302,1,1,1
37,27310,0,1,1
37,27314,0,1,1
37,27318,1,1,1
37,27322,1,1,1
37,27326,0,1,1
37,27330,0,1,1
37,27334,1,1,1
37,27338,1,1,1
37,27342,0,1,1
37,27346,0,1,1
37,27350,1,1,1
37,27354,1,1,1
37,27358,0,1,1
37,27362,0,1,1
37,27366,1,1,1
37,27370,1,1,1
37,27374,0,1,1
37,27378,0,1,1
37,27382,1,1,1
37,27386,1,1,1
37,27390,0,1,1
37,27394,0,1,1
37,27398,1,1,1
37,27402,1,1,1
37,27406,0,1,1
37,27410,0,1,1
37,27414,1,1,1
37,27418,1,1,1
37,27422,0,1,1
37,27426,0,1,1
37,27430,1,1,1
37,27434,1,1,1
37,27438,0,1,1
37,27442,0,1,1
37,27446,1,1,1
37,27450,1,1,1
37,27458,0,1,1
37,27462,1,1,1
37,27466,1,1,1
37,27470,0,1,1
37,27474,0,1,1
37,27478,1,1,1
37,27482,1,1,1
37,27486,0,1,1
37,27490,0,1,1
37,27494,1,1,1
37,27498,1,1,1
37,27502,0,1,1
37,27506,0,1,1
37,27510,1,1,1
37,27514,1,1,1
37,27518,0,1,1
37,27522,0,1,1
37,27526,1,1,1
37,27530,1,1,1
37,27534,0,1,1
37,27538,0,1,1
37,27542,1,1,1
37,27546,1,1,1
37,27550,0,1,1
37,27554,0,1,1
37,27558,1,1,1
37,27562,1,1,1
37,27566,0,1,1
37,27570,0,1,1
37,27574,1,1,1
37,27578,1,1,1
37,27582,0,1,1
37,27586,0,1,1
37,27590,1,1,1
37,27594,1,1,1
37,27598,0,1,1
37,27606,1,1,1
37,27610,1,1,1
37,27614,0,1,1
37,27618,0,1,1
37,27622,1,1,1
37,27626,1,1,1
37,27630,0,1,1
37,27634,0,1,1
37,27638,1,1,1
37,27642,1,1,1
37,27646,0,1,1
37,27650,0,1,1
37,27654,1,1,1
37,27658,1,1,1
37,27662,0,1,1
37,27666,0,1,1
37,27670,1,1,1
37,27674,1,1,1
37,27678,0,1,1
37,27682,0,1,1
37,27686,1,1,1
37,27690,1,1,1
37,27694,0,1,1
37,27698,0,1,1
37,27702,1,1,1
37,27706,1,1,1
37,27710,0,1,1
37,27714,0,1,1
37,27718,1,1,1
37,27722,1,1,1
37,27726,0,1,1
37,27730,0,1,1
37,27734,1,1,1
37,27738,1,1,1
37,27742,0,1,1
37,27746,0,1,1
37,27754,1,1,1
37,27758,0,1,1
37,27762,0,1,1
37,27766,1,1,1
37,27770,1,1,1
37,27774,0,1,1
37,27778,0,1,1
37,27782,1,1,1
37,27786,1,1,1
37,27790,0,1,1
37,27794,0,1,1
37,27798,1,1,1
37,27802,1,1,1
37,27806,0,1,1
37,27810,0,1,1
37,27814,1,1,1
37,27818,1,1,1
37,27822,0,1,1
37,27826,0,1,1
37,27830,1,1,1
37,27834,1,1,1
37,27838,0,1,1
37,27842,0,1,1
37,27846,1,1,1
37,27850,1,1,1
37,27854,0,1,1
37,27858,0,1,1
37,27862,1,1,1
37,27866,1,1,1
37,27870,0,1,1
37,27874,0,1,1
37,27878,1,1,1
37,27882,1,1,1
37,27886,0,1,1
37,27890,0,1,1
37,27894,1,1,1
37,27902,0,1,1
37,27906,0,1,1
37,27910,1,1,1
37,27914,1,1,1
37,27918,0,1,1
37,27922,0,1,1
37,27926,1,1,1
37,27930,1,1,1
37,27934,0,1,1
37,27938,0,1,1
37,27942,1,1,1
37,27946,1,1,1
37,27950,0,1,1
37,27954,0,1,1
37,27958,1,1,1
37,27962,1,1,1
37,27966,0,1,1
37,27970,0,1,1
37,27974,1,1,1
37,27978,1,1,1
37,27982,0,1,1
37,27986,0,1,1
37,27990,1,1,1
37,27994,1,1,1
37,27998,0,1,1
37,28002,0,1,1
37,28006,1,1,1
37,28010,1,1,1
37,28014,0,1,1
37,28018,0,1,1
37,28022,1,1,1
37,28026,1,1,1
37,28030,0,1,1
37,28034,0,1,1
37,28038,1,1,1
37,28042,1,1,1
37,28050,0,1,1
37,28054,1,1,1
37,28058,1,1,1
37,28062,0,1,1
37,28066,0,1,1
37,28070,1,1,1
37,28074,1,1,1
37,28078,0,1,1
37,28082,0,1,1
37,28086,1,1,1
37,28090,1,1,1
37,28094,0,1,1
37,28098,0,1,1
37,28102,1,1,1
37,28106,1,1,1
37,28110,0,1,1
37,28114,0,1,1
37,28118,1,1,1
37,28122,1,1,1
37,28126,0,1,1
37,28130,0,1,1
37,28134,1,1,1
37,28138,1,1,1
37,28142,0,1,1
37,28146,0,1,1
37,28150,1,1,1
37,28154,1,1,1
37,28158,0,1,1
37,28162,0,1,1
37,28166,1,1,1
37,28170,1,1,1
37,28174,0,1,1
37,28178,0,1,1
37,28182,1,1,1
37,28186,1,1,1
37,28190,0,1,1
37,28198,1,1,1
37,28202,1,1,1
37,28206,0,1,1
37,28210,0,1,1
37,28214,1,1,1
37,28218,1,1,1
37,28222,0,1,1
37,28226,0,1,1
37,28230,1,1,1
37,28234,1,1,1
37,28238,0,1,1
37,28242,0,1,1
37,28246,1,1,1
37,28250,1,1,1
37,28254,0,1,1
37,28258,0,1,1
37,28262,1,1,1
37,28266,1,1,1
37,28270,0,1,1
37,28274,0,1,1
37,28278,1,1,1
37,28282,1,1,1
37,28286,0,1,1
37,28290,0,1,1
37,28294,1,1,1
37,28298,1,1,1
37,28302,0,1,1
37,28306,0,1,1
37,28310,1,1,1
37,28314,1,1,1
37,28318,0,1,1
37,28322,0,1,1
37,28326,1,1,1
37,28330,1,1,1
37,28334,0,1,1
37,28338,0,1,1
37,28346,1,1,1
37,28350,0,1,1
37,28354,0,1,1
37,28358,1,1,1
37,28362,1,1,1
37,28366,0,1,1
37,28370,0,1,1
37,28374,1,1,1
37,28378,1,1,1
37,28382,0,1,1
37,28386,0,1,1
37,28390,1,1,1
37,28394,1,1,1
37,28398,0,1,1
37,28402,0,1,1
37,28406,1,1,1
37,28410,1,1,1
37,28414,0,1,1
37,28418,0,1,1
37,28422,1,1,1
37,28426,1,1,1
37,28430,0,1,1
37,28434,0,1,1
37,28438,1,1,1
37,28442,1,1,1
37,28446,0,1,1
37,28450,0,1,1
37,28454,1,1,1
37,28458,1,1,1
37,28462,0,1,1
37,28466,0,1,1
37,28470,1,1,1
37,28474,1,1,1
37,28478,0,1,1
37,28482,0,1,1
37,28486,1,1,1
37,28494,0,1,1
37,28498,0,1,1
37,28502,1,1,1
37,28506,1,1,1
37,28510,0,1,1
37,28514,0,1,1
37,28518,1,1,1
37,28522,1,1,1
37,28526,0,1,1
37,28530,0,1,1
37,28534,1,1,1
37,28538,1,1,1
37,28542,0,1,1
37,28546,0,1,1
37,28550,1,1,1
37,28554,1,1,1
37,28558,0,1,1
37,28562,0,1,1
37,28566,1,1,1
37,28570,1,1,1
37,28574,0,1,1
37,28578,0,0,0
37,28582,1,1,1
37,28586,1,1,1
37,28590,0,1,1
37,28594,0,1,1
37,28598,1,1,1
37,28602,1,1,1
37,28606,0,1,1
37,28610,0,1,1
37,28614,1,1,1
37,28618,1,1,1
37,28622,0,1,1
37,28626,0,1,1
37,28630,1,1,1
37,28634,1,1,1
37,28642,0,1,1
37,28646,1,1,1
37,28650,1,1,1
37,28654,0,1,1
37,28658,0,1,1
37,28662,1,1,1
37,28666,1,1,1
37,28670,0,1,1
37,28674,0,1,1
37,28678,1,1,1
37,28682,1,1,1
37,28686,0,1,1
37,28690,0,1,1
37,28694,1,1,1
37,28698,1,1,1
37,28702,0,1,1
37,28706,0,1,1
37,28710,1,1,1
37,28714,1,1,1
37,28718,0,1,1
37,28722,0,1,1
37,28726,1,1,1
37,28730,1,1,1
37,28734,0,1,1
37,28738,0,1,1
37,28742,1,1,1
37,28746,1,1,1
37,28750,0,1,1
37,28754,0,1,1
37,28758,1,1,1
37,28762,1,1,1
37,28766,0,1,1
37,28770,0,1,1
37,28774,1,1,1
37,28778,1,1,1
37,28782,0,1,1
37,28790,1,1,1
37,28794,1,1,1
37,28798,0,1,1
37,28802,0,1,1
37,28806,1,1,1
37,28810,1,1,1
37,28814,0,1,1
37,28818,0,1,1
37,28822,1,1,1
37,28826,1,1,1
37,28830,0,1,1
37,28834,0,1,1
37,28838,1,1,1
37,28842,1,1,1
37,28846,0,1,1
37,28850,0,1,1
37,28854,1,1,1
37,28858,1,1,1
37,28862,0,1,1
37,28866,0,1,1
37,28870,1,1,1
37,28874,1,1,1
37,28878,0,1,1
37,28882,0,1,1
37,28886,1,1,1
37,28890,1,1,1
37,28894,0,1,1
37,28898,0,1,1
37,28902,1,1,1
37,28906,1,1,1
37,28910,0,1,1
37,28914,0,1,1
37,28918,1,1,1
37,28922,1,1,1
37,28926,0,1,1
37,28930,0,1,1
37,28938,1,1,1
37,28942,0,1,1
37,28946,0,1,1
37,28950,1,1,1
37,28954,1,1,1
37,28958,0,1,1
37,28962,0,1,1
37,28966,1,1,1
37,28970,1,1,1
37,28974,0,1,1
37,28978,0,1,1
37,28982,1,1,1
37,28986,1,1,1
37,28990,0,1,1
37,28994,0,1,1
37,28998,1,1,1
37,29002,1,1,1
37,29006,0,1,1
37,29010,0,1,1
37,29014,1,1,1
37,29018,1,1,1
37,29022,0,1,1
37,29026,0,1,1
37,29030,1,1,1
37,29034,1,1,1
37,29038,0,1,1
37,29042,0,1,1
37,29046,1,1,1
37,29050,1,1,1
37,29054,0,1,1
37,29058,0,1,1
37,29062,1,1,1
37,29066,1,1,1
37,29070,0,1,1
37,29074,0,1,1
37,29078,1,1,1
37,29086,0,1,1
37,29090,0,1,1
37,29094,1,1,1
37,29098,1,1,1
37,29102,0,1,1
37,29106,0,1,1
37,29110,1,1,1
37,29114,1,1,1
37,29118,0,1,1
37,29122,0,1,1
37,29126,1,1,1
37,29130,1,1,1
37,29134,0,1,1
37,29138,0,1,1
37,29142,1,1,1
37,29146,1,1,1
37,29150,0,1,1
37,29154,0,1,1
37,29158,1,1,1
37,29162,1,1,1
37,29166,0,1,1
37,29170,0,1,1
37,29174,1,1,1
37,29178,1,1,1
37,29182,0,1,1
37,29186,0,1,1
37,29190,1,1,1
37,29194,1,1,1
37,29198,0,1,1
37,29202,0,1,1
37,29206,1,1,1
37,29210,1,1,1
37,29214,0,1,1
37,29218,0,1,1
37,29222,1,1,1
37,29226,1,1,1
37,29234,0,1,1
37,29238,1,1,1
37,29242,1,1,1
37,29246,0,1,1
37,29250,0,1,1
37,29254,1,1,1
37,29258,1,1,1
37,29262,0,1,1
37,29266,0,1,1
37,29270,1,1,1
37,29274,1,1,1
37,29278,0,1,1
37,29282,0,1,1
37,29286,1,1,1
37,29290,1,1,1
37,29294,0,1,1
37,29298,0,1,1
37,29302,1,1,1
37,29306,1,1,1
37,29310,0,1,1
37,29314,0,1,1
37,29318,1,1,1
37,29322,1,1,1
37,29326,0,1,1
37,29330,0,1,1
37,29334,1,1,1
37,29338,1,1,1
37,29342,0,1,1
37,29346,0,1,1
37,29350,1,1,1
37,29354,1,1,1
37,29358,0,1,1
37,29362,0,1,1
37,29366,1,1,1
37,29370,1,1,1
37,29374,0,1,1
37,29382,1,1,1
37,29386,1,1,1
37,29390,0,1,1
37,29394,0,1,1
37,29398,1,1,1
37,29402,1,1,1
37,29406,0,1,1
37,29410,0,1,1
37,29414,1,1,1
37,29418,1,1,1
37,29422,0,1,1
37,29426,0,1,1
37,29430,1,1,1
37,29434,1,1,1
37,29438,0,1,1
37,29442,0,0,0
37,29446,1,1,1
37,29450,1,1,1
37,29454,0,1,1
37,29458,0,1,1
37,29462,1,1,1
37,29466,1,1,1
37,29470,0,1,1
37,29474,0,1,1
37,29478,1,1,1
37,29482,1,1,1
37,29486,0,1,1
37,29490,0,1,1
37,29494,1,1,1
37,29498,1,1,1
37,29502,0,1,1
37,29506,0,1,1
37,29510,1,1,1
37,29514,1,1,1
37,29518,0,1,1
37,29522,0,1,1
37,29530,1,1,1
37,29534,0,1,1
37,29538,0,1,1
37,29542,1,1,1
37,29546,1,1,1
37,29550,0,1,1
37,29554,0,1,1
37,29558,1,1,1
37,29562,1,1,1
37,29566,0,1,1
37,29570,0,1,1
37,29574,1,1,1
37,29578,1,1,1
37,29582,0,1,1
37,29586,0,1,1
37,29590,1,1,1
37,29594,1,1,1
37,29598,0,1,1
37,29602,0,1,1
37,29606,1,1,1
37,29610,1,1,1
37,29614,0,1,1
37,29618,0,1,1
37,29622,1,1,1
37,29626,1,1,1
37,29630,0,1,1
37,29634,0,1,1
37,29638,1,1,1
37,29642,1,1,1
37,29646,0,1,1
37,29650,0,1,1
37,29654,1,1,1
37,29658,1,1,1
37,29662,0,1,1
37,29666,0,1,1
37,29670,1,1,1
37,29678,0,1,1
37,29682,0,1,1
37,29686,1,1,1
37,29690,1,1,1
37,29694,0,1,1
37,29698,0,1,1
37,29702,1,1,1
37,29706,1,1,1
37,29710,0,1,1
37,29714,0,1,1
37,29718,1,1,1
37,29722,1,1,1
37,29726,0,1,1
37,29730,0,1,1
37,29734,1,1,1
37,29738,1,1,1
37,29742,0,1,1
37,29746,0,1,1
37,29750,1,1,1
37,29754,1,1,1
37,29758,0,1,1
37,29762,0,1,1
37,29766,1,1,1
37,29770,1,1,1
37,29774,0,1,1
37,29778,0,1,1
37,29782,1,1,1
37,29786,1,1,1
37,29790,0,1,1
37,29794,0,1,1
37,29798,1,1,1
37,29802,1,1,1
37,29806,0,1,1
37,29810,0,1,1
37,29814,1,1,1
37,29818,1,1,1
37,29826,0,1,1
37,29830,1,1,1
37,29834,1,1,1
37,29838,0,1,1
37,29842,0,1,1
37,29846,1,1,1
37,29850,1,1,1
37,29854,0,1,1
37,29858,0,1,1
37,29862,1,1,1
37,29866,1,1,1
37,29870,0,1,1
37,29874,0,1,1
37,29878,1,1,1
37,29882,1,1,1
37,29886,0,1,1
37,29890,0,1,1
37,29894,1,1,1
37,29898,1,1,1
37,29902,0,1,1
37,29906,0,1,1
37,29910,1,1,1
37,29914,1,1,1
37,29918,0,1,1
37,29922,0,1,1
37,29926,1,1,1
37,29930,1,1,1
37,29934,0,1,1
37,29938,0,1,1
37,29942,1,1,1
37,29946,1,1,1
37,29950,0,1,1
37,29954,0,1,1
37,29958,1,1,1
37,29962,1,1,1
37,29966,0,1,1
37,29974,1,1,1
37,29978,1,1,1
37,29982,0,1,1
37,29986,0,1,1
37,29990,1,1,1
37,29994,1,1,1
37,29998,0,1,1
37,30002,0,1,1
37,30006,1,1,1
37,30010,1,1,1
37,30014,0,1,1
37,30018,0,1,1
37,30022,1,1,1
37,30026,1,1,1
37,30030,0,1,1
37,30034,0,1,1
37,30038,1,1,1
37,30042,1,1,1
37,30046,0,1,1
37,30050,0,1,1
37,30054,1,1,1
37,30058,1,1,1
37,30062,0,1,1
37,30066,0,1,1
37,30070,1,1,1
37,30074,1,1,1
37,30078,0,1,1
37,30082,0,1,1
37,30086,1,1,1
37,30090,1,1,1
37,30094,0,1,1
37,30098,0,1,1
37,30102,1,1,1
37,30106,1,1,1
37,30110,0,1,1
37,30114,0,1,1
37,30122,1,1,1
37,30126,0,1,1
37,30130,0,1,1
37,30134,1,1,1
37,30138,1,1,1
37,30142,0,1,1
37,30146,0,1,1
37,30150,1,1,1
37,30154,1,1,1
37,30158,0,1,1
37,30162,0,1,1
37,30166,1,1,1
37,30170,1,1,1
37,30174,0,1,1
37,30178,0,1,1
37,30182,1,1,1
37,30186,1,1,1
37,30190,0,1,1
37,30194,0,1,1
37,30198,1,1,1
37,30202,1,1,1
37,30206,0,1,1
37,30210,0,1,1
37,30214,1,1,1
37,30218,1,1,1
37,30222,0,1,1
37,30226,0,1,1
37,30230,1,1,1
37,30234,1,1,1
37,30238,0,1,1
37,30242,0,1,1
37,30246,1,1,1
37,30250,1,1,1
37,30254,0,1,1
37,30258,0,1,1
37,30262,1,1,1
37,30270,0,1,1
37,30274,0,1,1
37,30278,1,1,1
37,30282,1,1,1
37,30286,0,1,1
37,30290,0,1,1
37,30294,1,1,1
37,30298,1,1,1
37,30302,0,1,1
37,30306,0,1,1
37,30310,1,1,1
37,30314,1,1,1
37,30318,0,1,1
37,30322,0,1,1
37,30326,1,1,1
37,30330,1,1,1
37,30334,0,1,1
37,30338,0,1,1
37,30342,1,1,1
37,30346,1,1,1
37,30350,0,1,1
37,30354,0,1,1
37,30358,1,1,1
37,30362,1,1,1
37,30366,0,1,1
37,30370,0,1,1
37,30374,1,1,1
37,30378,1,1,1
37,30382,0,1,1
37,30386,0,1,1
37,30390,1,1,1
37,30394,1,1,1
37,30398,0,1,1
37,30402,0,1,1
37,30406,1,1,1
37,30410,1,1,1
37,30418,0,1,1
37,30422,1,1,1
37,30426,1,0,1
37,30430,0,1,1
37,30434,0,1,1
37,30438,1,1,1
37,30442,1,1,1
37,30446,0,1,1
37,30450,0,1,1
37,30454,1,1,1
37,30458,1,1,1
37,30462,0,1,1
37,30466,0,1,1
37,30470,1,1,1
37,30474,1,1,1
37,30478,0,1,1
37,30482,0,1,1
37,30486,1,1,1
37,30490,1,1,1
37,30494,0,1,1
37,30498,0,1,1
37,30502,1,1,1
37,30506,1,1,1
37,30510,0,1,1
37,30514,0,1,1
37,30518,1,1,1
37,30522,1,1,1
37,30526,0,1,1
37,30530,0,1,1
37,30534,1,1,1
37,30538,1,1,1
37,30542,0,1,1
37,30546,0,1,1
37,30550,1,1,1
37,30554,1,1,1
37,30558,0,1,1
37,30566,1,1,1
37,30570,1,1,1
37,30574,0,1,1
37,30578,0,1,1
37,30582,1,1,1
37,30586,1,1,1
37,30590,0,1,1
37,30594,0,1,1
37,30598,1,1,1
37,30602,1,1,1
37,30606,0,1,1
37,30610,0,1,1
37,30614,1,1,1
37,30618,1,1,1
37,30622,0,1,1
37,30626,0,1,1
37,30630,1,1,1
37,30634,1,1,1
37,30638,0,1,1
37,30642,0,1,1
37,30646,1,1,1
37,30650,1,1,1
37,30654,0,1,1
37,30658,0,1,1
37,30662,1,1,1
37,30666,1,1,1
37,30670,0,1,1
37,30674,0,1,1
37,30678,1,1,1
37,30682,1,1,1
37,30686,0,1,1
37,30690,0,1,1
37,30694,1,1,1
37,30698,1,1,1
37,30702,0,1,1
37,30706,0,1,1
37,30714,1,1,1
37,30718,0,1,1
37,30722,0,1,1
37,30726,1,1,1
37,30730,1,1,1
37,30734,0,1,1
37,30738,0,1,1
37,30742,1,1,1
37,30746,1,1,1
37,30750,0,1,1
37,30754,0,1,1
37,30758,1,1,1
37,30762,1,1,1
37,30766,0,1,1
37,30770,0,1,1
37,30774,1,1,1
37,30778,1,1,1
37,30782,0,1,1
37,30786,0,1,1
37,30790,1,1,1
37,30794,1,1,1
37,30798,0,1,1
37,30802,0,1,1
37,30806,1,1,1
37,30810,1,1,1
37,30814,0,1,1
37,30818,0,1,1
37,30822,1,1,1
37,30826,1,1,1
37,30830,0,1,1
37,30834,0,1,1
37,30838,1,1,1
37,30842,1,1,1
37,30846,0,1,1
37,30850,0,1,1
37,30854,1,1,1
37,30862,0,1,1
37,30866,0,1,1
37,30870,1,1,1
37,30874,1,1,1
37,30878,0,1,1
37,30882,0,1,1
37,30886,1,1,1
37,30890,1,1,1
37,30894,0,1,1
37,30898,0,1,1
37,30902,1,1,1
37,30906,1,1,1
37,30910,0,1,1
37,30914,0,1,1
37,30918,1,1,1
37,30922,1,1,1
37,30926,0,1,1
37,30930,0,1,1
37,30934,1,1,1
37,30938,1,1,1
37,30942,0,1,1
37,30946,0,1,1
37,30950,1,1,1
37,30954,1,1,1
37,30958,0,1,1
37,30962,0,1,1
37,30966,1,1,1
37,30970,1,1,1
37,30974,0,1,1
37,30978,0,1,1
37,30982,1,1,1
37,30986,1,1,1
37,30990,0,1,1
37,30994,0,1,1
37,30998,1,1,1
37,31002,1,1,1
37,31010,0,1,1
37,31014,1,1,1
37,31018,1,1,1
37,31022,0,1,1
37,31026,0,1,1
37,31030,1,1,1
37,31034,1,1,1
37,31038,0,1,1
37,31042,0,1,1
37,31046,1,1,1
37,31050,1,1,1
37,31054,0,1,1
37,31058,0,1,1
37,31062,1,1,1
37,31066,1,1,1
37,31070,0,1,1
37,31074,0,1,1
37,31078,1,1,1
37,31082,1,1,1
37,31086,0,1,1
37,31090,0,1,1
37,31094,1,1,1
37,31098,1,1,1
37,31102,0,1,1
37,31106,0,1,1
37,31110,1,1,1
37,31114,1,1,1
37,31118,0,1,1
37,31122,0,1,1
37,31126,1,1,1
37,31130,1,1,1
37,31134,0,1,1
37,31138,0,1,1
37,31142,1,1,1
37,31146,1,1,1
37,31150,0,1,1
37,31158,1,1,1
37,31162,1,1,1
37,31166,0,1,1
37,31170,0,1,1
37,31174,1,1,1
37,31178,1,1,1
37,31182,0,1,1
37,31186,0,1,1
37,31190,1,1,1
37,31194,1,1,1
37,31198,0,1,1
37,31202,0,1,1
37,31206,1,1,1
37,31210,1,1,1
37,31214,0,1,1
37,31218,0,1,1
37,31222,1,1,1
37,31226,1,1,1
37,31230,0,1,1
37,31234,0,1,1
37,31238,1,1,1
37,31242,1,1,1
37,31246,0,1,1
37,31250,0,1,1
37,31254,1,1,1
37,31258,1,1,1
37,31262,0,1,1
37,31266,0,1,1
37,31270,1,1,1
37,31274,1,1,1
37,31278,0,1,1
37,31282,0,1,1
37,31286,1,1,1
37,31290,1,1,1
37,31294,0,1,1
37,31298,0,1,1
37,31306,1,1,1
37,31310,0,1,1
37,31314,0,1,1
37,31318,1,1,1
37,31322,1,1,1
37,31326,0,1,1
37,31330,0,1,1
37,31334,1,1,1
37,31338,1,1,1
37,31342,0,1,1
37,31346,0,1,1
37,31350,1,1,1
37,31354,1,1,1
37,31358,0,1,1
37,31362,0,1,1
37,31366,1,1,1
37,31370,1,1,1
37,31374,0,1,1
37,31378,0,1,1
37,31382,1,1,1
37,31386,1,1,1
37,31390,0,1,1
37,31394,0,1,1
37,31398,1,1,1
37,31402,1,1,1
37,31406,0,1,1
37,31410,0,1,1
37,31414,1,1,1
37,31418,1,1,1
37,31422,0,1,1
37,31426,0,1,1
37,31430,1,1,1
37,31434,1,1,1
37,31438,0,1,1
37,31442,0,1,1
37,31446,1,1,1
37,31454,0,1,1
37,31458,0,1,1
37,31462,1,1,1
37,31466,1,1,1
37,31470,0,1,1
37,31474,0,1,1
37,31478,1,1,1
37,31482,1,1,1
37,31486,0,1,1
37,31490,0,1,1
37,31494,1,1,1
37,31498,1,1,1
37,31502,0,1,1
37,31506,0,1,1
37,31510,1,1,1
37,31514,1,1,1
37,31518,0,1,1
37,31522,0,1,1
37,31526,1,1,1
37,31530,1,1,1
37,31534,0,1,1
37,31538,0,1,1
37,31542,1,1,1
37,31546,1,1,1
37,31550,0,1,1
37,31554,0,1,1
37,31558,1,1,1
37,31562,1,1,1
37,31566,0,1,1
37,31570,0,1,1
37,31574,1,1,1
37,31578,1,1,1
37,31582,0,1,1
37,31586,0,1,1
37,31590,1,1,1
37,31594,1,1,1
37,31602,0,1,1
37,31606,1,1,1
37,31610,1,1,1
37,31614,0,1,1
37,31618,0,1,1
37,31622,1,1,1
37,31626,1,1,1
37,31630,0,1,1
37,31634,0,1,1
37,31638,1,1,1
37,31642,1,1,1
37,31646,0,1,1
37,31650,0,1,1
37,31654,1,1,1
37,31658,1,1,1
37,31662,0,1,1
37,31666,0,1,1
37,31670,1,1,1
37,31674,1,1,1
37,31678,0,1,1
37,31682,0,1,1
37,31686,1,1,1
37,31690,1,1,1
37,31694,0,1,1
37,31698,0,1,1
37,31702,1,1,1
37,31706,1,1,1
37,31710,0,1,1
37,31714,0,1,1
37,31718,1,1,1
37,31722,1,1,1
37,31726,0,1,1
37,31730,0,1,1
37,31734,1,1,1
37,31738,1,1,1
37,31742,0,1,1
37,31750,1,1,1
37,31754,1,1,1
37,31758,0,1,1
37,31762,0,1,1
37,31766,1,1,1
37,31770,1,1,1
37,31774,0,1,1
37,31778,0,1,1
37,31782,1,1,1
37,31786,1,1,1
37,31790,0,1,1
37,31794,0,1,1
37,31798,1,1,1
37,31802,1,1,1
37,31806,0,1,1
37,31810,0,1,1
37,31814,1,1,1
37,31818,1,1,1
37,31822,0,1,1
37,31826,0,1,1
37,31830,1,1,1
37,31834,1,1,1
37,31838,0,1,1
37,31842,0,1,1
37,31846,1,1,1
37,31850,1,1,1
37,31854,0,1,1
37,31858,0,1,1
37,31862,1,1,1
37,31866,1,1,1
37,31870,0,1,1
37,31874,0,1,1
37,31878,1,1,1
37,31882,1,1,1
37,31886,0,1,1
37,31890,0,1,1
37,31898,1,1,1
37,31902,0,1,1
37,31906,0,1,1
37,31910,1,1,1
37,31914,1,1,1
37,31918,0,1,1
37,31922,0,1,1
37,31926,1,1,1
37,31930,1,1,1
37,31934,0,1,1
37,31938,0,1,1
37,31942,1,1,1
37,31946,1,1,1
37,31950,0,1,1
37,31954,0,1,1
37,31958,1,1,1
37,31962,1,1,1
37,31966,0,1,1
37,31970,0,1,1
37,31974,1,1,1
37,31978,1,1,1
37,31982,0,1,1
37,31986,0,1,1
37,31990,1,1,1
37,31994,1,1,1
37,31998,0,1,1
37,32002,0,1,1
37,32006,1,1,1
37,32010,1,1,1
37,32014,0,1,1
37,32018,0,1,1
37,32022,1,1,1
37,32026,1,1,1
37,32030,0,1,1
37,32034,0,1,1
37,32038,1,1,1
37,32046,0,1,1
37,32050,0,1,1
37,32054,1,1,1
37,32058,1,1,1
37,32062,0,1,1
37,32066,0,1,1
37,32070,1,1,1
37,32074,1,1,1
37,32078,0,1,1
37,32082,0,1,1
37,32086,1,1,1
37,32090,1,1,1
37,32094,0,1,1
37,32098,0,1,1
37,32102,1,1,1
37,32106,1,1,1
37,32110,0,1,1
37,32114,0,1,1
37,32118,1,1,1
37,32122,1,1,1
37,32126,0,1,1
37,32130,0,1,1
37,32134,1,1,1
37,32138,1,1,1
37,32142,0,1,1
37,32146,0,1,1
37,32150,1,1,1
37,32154,1,1,1
37,32158,0,1,1
37,32162,0,1,1
37,32166,1,1,1
37,32170,1,1,1
37,32174,0,1,1
37,32178,0,1,1
37,32182,1,1,1
37,32186,1,1,1
37,32194,0,1,1
37,32198,1,1,1
37,32202,1,1,1
37,32206,0,1,1
37,32210,0,1,1
37,32214,1,1,1
37,32218,1,1,1
37,32222,0,1,1
37,32226,0,1,1
37,32230,1,1,1
37,32234,1,1,1
37,32238,0,1,1
37,32242,0,1,1
37,32246,1,1,1
37,32250,1,1,1
37,32254,0,1,1
37,32258,0,1,1
37,32262,1,1,1
37,32266,1,1,1
37,32270,0,1,1
37,32274,0,1,1
37,32278,1,1,1
37,32282,1,1,1
37,32286,0,1,1
37,32290,0,1,1
37,32294,1,1,1
37,32298,1,1,1
37,32302,0,1,1
37,32306,0,1,1
37,32310,1,1,1
37,32314,1,1,1
37,32318,0,1,1
37,32322,0,1,1
37,32326,1,1,1
37,32330,1,1,1
37,32334,0,1,1
37,32342,1,1,1
37,32346,1,1,1
37,32350,0,1,1
37,32354,0,1,1
37,32358,1,1,1
37,32362,1,1,1
37,32366,0,1,1
37,32370,0,1,1
37,32374,1,1,1
37,32378,1,1,1
37,32382,0,1,1
37,32386,0,1,1
37,32390,1,1,1
37,32394,1,1,1
37,32398,0,1,1
37,32402,0,1,1
37,32406,1,1,1
37,32410,1,1,1
37,32414,0,1,1
37,32418,0,1,1
37,32422,1,1,1
37,32426,1,1,1
37,32430,0,1,1
37,32434,0,1,1
37,32438,1,1,1
37,32442,1,1,1
37,32446,0,1,1
37,32450,0,1,1
37,32454,1,1,1
37,32458,1,1,1
37,32462,0,1,1
37,32466,0,1,1
37,32470,1,1,1
37,32474,1,1,1
37,32478,0,1,1
37,32482,0,1,1
37,32490,1,1,1
37,32494,0,1,1
37,32498,0,1,1
37,32502,1,1,1
37,32506,1,1,1
37,32510,0,1,1
37,32514,0,1,1
37,32518,1,1,1
37,32522,1,1,1
37,32526,0,1,1
37,32530,0,1,1
37,32534,1,1,1
37,32538,1,1,1
37,32542,0,1,1
37,32546,0,1,1
37,32550,1,1,1
37,32554,1,1,1
37,32558,0,1,1
37,32562,0,1,1
37,32566,1,1,1
37,32570,1,1,1
37,32574,0,1,1
37,32578,0,1,1
37,32582,1,1,1
37,32586,1,1,1
37,32590,0,1,1
37,32594,0,1,1
37,32598,1,1,1
37,32602,1,1,1
37,32606,0,1,1
37,32610,0,1,1
37,32614,1,1,1
37,32618,1,1,1
37,32622,0,1,1
37,32626,0,1,1
37,32630,1,1,1
37,32638,0,1,1
37,32642,0,1,1
37,32646,1,1,1
37,32650,1,1,1
37,32654,0,1,1
37,32658,0,1,1
37,32662,1,1,1
37,32666,1,1,1
37,32670,0,1,1
37,32674,0,1,1
37,32678,1,1,1
37,32682,1,1,1
37,32686,0,1,1
37,32690,0,1,1
37,32694,1,1,1
37,32698,1,1,1
37,32702,0,1,1
37,32706,0,1,1
37,32710,1,1,1
37,32714,1,1,1
37,32718,0,1,1
37,32722,0,1,1
37,32726,1,1,1
37,32730,1,1,1
37,32734,0,1,1
37,32738,0,1,1
37,32742,1,1,1
37,32746,1,1,1
37,32750,0,1,1
37,32754,0,1,1
37,32758,1,1,1
37,32762,1,1,1
37,32766,0,1,1
37,32770,0,1,1
37,32774,1,1,1
37,32778,1,1,1
37,32786,0,1,1
37,32790,1,1,1
37,32794,1,1,1
37,32798,0,1,1
37,32802,0,1,1
37,32806,1,1,1
37,32810,1,1,1
37,32814,0,1,1
37,32818,0,1,1
37,32822,1,1,1
37,32826,1,1,1
37,32830,0,1,1
37,32834,0,1,1
37,32838,1,1,1
37,32842,1,1,1
37,32846,0,1,1
37,32850,0,1,1
37,32854,1,1,1
37,32858,1,1,1
37,32862,0,1,1
37,32866,0,1,1
37,32870,1,1,1
37,32874,1,1,1
37,32878,0,1,1
37,32882,0,1,1
37,32886,1,1,1
37,32890,1,1,1
37,32894,0,1,1
37,32898,0,1,1
37,32902,1,1,1
37,32906,1,1,1
37,32910,0,1,1
37,32914,0,1,1
37,32918,1,1,1
37,32922,1,1,1
37,32926,0,1,1
37,32934,1,1,1
37,32938,1,1,1
37,32942,0,1,1
37,32946,0,1,1
37,32950,1,1,1
37,32954,1,1,1
37,32958,0,1,1
37,32962,0,1,1
37,32966,1,1,1
37,32970,1,1,1
37,32974,0,1,1
37,32978,0,1,1
37,32982,1,1,1
37,32986,1,1,1
37,32990,0,1,1
37,32994,0,1,1
37,32998,1,1,1
37,33002,1,1,1
37,33006,0,1,1
37,33010,0,1,1
37,33014,1,1,1
37,33018,1,1,1
37,33022,0,1,1
37,33026,0,1,1
37,33030,1,1,1
37,33034,1,1,1
37,33038,0,1,1
37,33042,0,1,1
37,33046,1,1,1
37,33050,1,1,1
37,33054,0,1,1
37,33058,0,1,1
37,33062,1,1,1
37,33066,1,1,1
37,33070,0,1,1
37,33074,0,1,1
37,33082,1,1,1
37,33086,0,1,1
37,33090,0,1,1
37,33094,1,1,1
37,33098,1,1,1
37,33102,0,1,1
37,33106,0,1,1
37,33110,1,1,1
37,33114,1,1,1
37,33118,0,1,1
37,33122,0,1,1
37,33126,1,1,1
37,33130,1,1,1
37,33134,0,1,1
37,33138,0,1,1
37,33142,1,1,1
37,33146,1,1,1
37,33150,0,1,1
37,33154,0,1,1
37,33158,1,1,1
37,33162,1,1,1
37,33166,0,1,1
37,33170,0,1,1
37,33174,1,1,1
37,33178,1,1,1
37,33182,0,1,1
37,33186,0,1,1
37,33190,1,1,1
37,33194,1,1,1
37,33198,0,1,1
37,33202,0,1,1
37,33206,1,1,1
37,33210,1,1,1
37,33214,0,1,1
37,33218,0,1,1
37,33222,1,1,1
37,33230,0,1,1
37,33234,0,1,1
37,33238,1,1,1
37,33242,1,1,1
37,33246,0,1,1
37,33250,0,1,1
37,33254,1,1,1
37,33258,1,1,1
37,33262,0,1,1
37,33266,0,1,1
37,33270,1,1,1
37,33274,1,1,1
37,33278,0,1,1
37,33282,0,1,1
37,33286,1,1,1
37,33290,1,1,1
37,33294,0,1,1
37,33298,0,1,1
37,33302,1,1,1
37,33306,1,1,1
37,33310,0,1,1
37,33314,0,1,1
37,33318,1,1,1
37,33322,1,1,1
37,33326,0,1,1
37,33330,0,1,1
37,33334,1,1,1
37,33338,1,1,1
37,33342,0,1,1
37,33346,0,1,1
37,33350,1,1,1
37,33354,1,1,1
37,33358,0,1,1
37,33362,0,1,1
37,33366,1,1,1
37,33370,1,1,1
37,33378,0,1,1
37,33382,1,1,1
37,33386,1,1,1
37,33390,0,1,1
37,33394,0,1,1
37,33398,1,1,1
37,33402,1,1,1
37,33406,0,1,1
37,33410,0,1,1
37,33414,1,1,1
37,33418,1,1,1
37,33422,0,1,1
37,33426,0,1,1
37,33430,1,1,1
37,33434,1,1,1
37,33438,0,1,1
37,33442,0,1,1
37,33446,1,1,1
37,33450,1,1,1
37,33454,0,1,1
37,33458,0,1,1
37,33462,1,1,1
37,33466,1,1,1
37,33470,0,1,1
37,33474,0,1,1
37,33478,1,1,1
37,33482,1,1,1
37,33486,0,1,1
37,33490,0,1,1
37,33494,1,1,1
37,33498,1,1,1
37,33502,0,1,1
37,33506,0,1,1
37,33510,1,1,1
37,33514,1,1,1
37,33518,0,1,1
37,33526,1,1,1
37,33530,1,1,1
37,33534,0,1,1
37,33538,0,1,1
37,33542,1,1,1
37,33546,1,1,1
37,33550,0,1,1
37,33554,0,1,1
37,33558,1,1,1
37,33562,1,1,1
37,33566,0,1,1
37,33570,0,1,1
37,33574,1,1,1
37,33578,1,1,1
37,33582,0,1,1
37,33586,0,1,1
37,33590,1,1,1
37,33594,1,1,1
37,33598,0,1,1
37,33602,0,1,1
37,33606,1,1,1
37,33610,1,1,1
37,33614,0,1,1
37,33618,0,1,1
37,33622,1,1,1
37,33626,1,1,1
37,33630,0,1,1
37,33634,0,1,1
37,33638,1,1,1
37,33642,1,1,1
37,33646,0,1,1
37,33650,0,1,1
37,33654,1,1,1
37,33658,1,1,1
37,33662,0,1,1
37,33666,0,1,1
37,33674,1,1,1
37,33678,0,1,1
37,33682,0,1,1
37,33686,1,1,1
37,33690,1,1,1
37,33694,0,1,1
37,33698,0,1,1
37,33702,1,1,1
37,33706,1,1,1
37,33710,0,1,1
37,33714,0,1,1
37,33718,1,1,1
37,33722,1,1,1
37,33726,0,1,1
37,33730,0,1,1
37,33734,1,1,1
37,33738,1,1,1
37,33742,0,1,1
37,33746,0,1,1
37,33750,1,1,1
37,33754,1,1,1
37,33758,0,1,1
37,33762,0,1,1
37,33766,1,1,1
37,33770,1,1,1
37,33774,0,1,1
37,33778,0,1,1
37,33782,1,1,1
37,33786,1,1,1
37,33790,0,1,1
37,33794,0,1,1
37,33798,1,1,1
37,33802,1,1,1
37,33806,0,1,1
37,33810,0,1,1
37,33814,1,1,1
37,33822,0,1,1
37,33826,0,1,1
37,33830,1,1,1
37,33834,1,1,1
37,33838,0,1,1
37,33842,0,1,1
37,33846,1,1,1
37,33850,1,1,1
37,33854,0,1,1
37,33858,0,1,1
37,33862,1,1,1
37,33866,1,1,1
37,33870,0,1,1
37,33874,0,1,1
37,33878,1,1,1
37,33882,1,1,1
37,33886,0,1,1
37,33890,0,1,1
37,33894,1,1,1
37,33898,1,1,1
37,33902,0,1,1
37,33906,0,1,1
37,33910,1,1,1
37,33914,1,1,1
37,33918,0,1,1
37,33922,0,1,1
37,33926,1,1,1
37,33930,1,1,1
37,33934,0,1,1
37,33938,0,1,1
37,33942,1,1,1
37,33946,1,1,1
37,33950,0,1,1
37,33954,0,1,1
37,33958,1,1,1
37,33962,1,1,1
37,33970,0,1,1
37,33974,1,1,1
37,33978,1,1,1
37,33982,0,1,1
37,33986,0,1,1
37,33990,1,1,1
37,33994,1,1,1
37,33998,0,1,1
37,34002,0,1,1
37,34006,1,1,1
37,34010,1,1,1
37,34014,0,1,1
37,34018,0,1,1
37,34022,1,1,1
37,34026,1,1,1
37,34030,0,1,1
37,34034,0,1,1
37,34038,1,1,1
37,34042,1,1,1
37,34046,0,1,1
37,34050,0,1,1
37,34054,1,1,1
37,34058,1,1,1
37,34062,0,1,1
37,34066,0,1,1
37,34070,1,1,1
37,34074,1,1,1
37,34078,0,1,1
37,34082,0,1,1
37,34086,1,1,1
37,34090,1,1,1
37,34094,0,1,1
37,34098,0,1,1
37,34102,1,1,1
37,34106,1,1,1
37,34110,0,1,1
37,34118,1,1,1
37,34122,1,1,1
37,34126,0,1,1
37,34130,0,1,1
37,34134,1,1,1
37,34138,1,1,1
37,34142,0,1,1
37,34146,0,1,1
37,34150,1,1,1
37,34154,1,1,1
37,34158,0,1,1
37,34162,0,1,1
37,34166,1,1,1
37,34170,1,1,1
37,34174,0,1,1
37,34178,0,1,1
37,34182,1,1,1
37,34186,1,1,1
37,34190,0,1,1
37,34194,0,1,1
37,34198,1,1,1
37,34202,1,1,1
37,34206,0,1,1
37,34210,0,1,1
37,34214,1,1,1
37,34218,1,1,1
37,34222,0,1,1
37,34226,0,1,1
37,34230,1,1,1
37,34234,1,1,1
37,34238,0,1,1
37,34242,0,1,1
37,34246,1,1,1
37,34250,1,1,1
37,34254,0,1,1
37,34258,0,1,1
37,34266,1,1,1
37,34270,0,1,1
37,34274,0,1,1
37,34278,1,1,1
37,34282,1,1,1
37,34286,0,1,1
37,34290,0,1,1
37,34294,1,1,1
37,34298,1,1,1
37,34302,0,1,1
37,34306,0,1,1
37,34310,1,1,1
37,34314,1,1,1
37,34318,0,1,1
37,34322,0,1,1
37,34326,1,1,1
37,34330,1,1,1
37,34334,0,1,1
37,34338,0,1,1
37,34342,1,1,1
37,34346,1,1,1
37,34350,0,1,1
37,34354,0,1,1
37,34358,1,1,1
37,34362,1,1,1
37,34366,0,1,1
37,34370,0,1,1
37,34374,1,1,1
37,34378,1,1,1
37,34382,0,1,1
37,34386,0,1,1
37,34390,1,1,1
37,34394,1,1,1
37,34398,0,1,1
37,34402,0,1,1
37,34406,1,1,1
37,34414,0,1,1
37,34418,0,1,1
37,34422,1,1,1
37,34426,1,1,1
37,34430,0,1,1
37,34434,0,1,1
37,34438,1,1,1
37,34442,1,1,1
37,34446,0,1,1
37,34450,0,1,1
37,34454,1,1,1
37,34458,1,0,1
37,34462,0,1,1
37,34466,0,1,1
37,34470,1,1,1
37,34474,1,1,1
37,34478,0,1,1
37,34482,0,1,1
37,34486,1,1,1
37,34490,1,1,1
37,34494,0,1,1
37,34498,0,1,1
37,34502,1,1,1
37,34506,1,1,1
37,34510,0,1,1
37,34514,0,1,1
37,34518,1,1,1
37,34522,1,1,1
37,34526,0,1,1
37,34530,0,1,1
37,34534,1,1,1
37,34538,1,1,1
37,34542,0,1,1
37,34546,0,1,1
37,34550,1,1,1
37,34554,1,1,1
37,34562,0,1,1
37,34566,1,1,1
37,34570,1,1,1
37,34574,0,1,1
37,34578,0,1,1
37,34582,1,1,1
37,34586,1,1,1
37,34590,0,1,1
37,34594,0,1,1
37,34598,1,1,1
37,34602,1,1,1
37,34606,0,1,1
37,34610,0,1,1
37,34614,1,1,1
37,34618,1,1,1
37,34622,0,1,1
37,34626,0,1,1
37,34630,1,1,1
37,34634,1,1,1
37,34638,0,1,1
37,34642,0,1,1
37,34646,1,1,1
37,34650,1,1,1
37,34654,0,1,1
37,34658,0,1,1
37,34662,1,0,1
37,34666,1,1,1
37,34670,0,1,1
37,34674,0,1,1
37,34678,1,1,1
37,34682,1,1,1
37,34686,0,1,1
37,34690,0,1,1
37,34694,1,1,1
37,34698,1,1,1
37,34702,0,1,1
37,34710,1,1,1
37,34714,1,1,1
37,34718,0,1,1
37,34722,0,1,1
37,34726,1,1,1
37,34730,1,1,1
37,34734,0,1,1
37,34738,0,1,1
37,34742,1,1,1
37,34746,1,1,1
37,34750,0,1,1
37,34754,0,1,1
37,34758,1,1,1
37,34762,1,1,1
37,34766,0,1,1
37,34770,0,1,1
37,34774,1,1,1
37,34778,1,1,1
37,34782,0,1,1
37,34786,0,1,1
37,34790,1,1,1
37,34794,1,1,1
37,34798,0,1,1
37,34802,0,1,1
37,34806,1,1,1
37,34810,1,1,1
37,34814,0,1,1
37,34818,0,1,1
37,34822,1,1,1
37,34826,1,1,1
37,34830,0,1,1
37,34834,0,1,1
37,34838,1,1,1
37,34842,1,1,1
37,34846,0,1,1
37,34850,0,1,1
37,34858,1,1,1
37,34862,0,1,1
37,34866,0,1,1
37,34870,1,1,1
37,34874,1,1,1
37,34878,0,1,1
37,34882,0,1,1
37,34886,1,1,1
37,34890,1,1,1
37,34894,0,1,1
37,34898,0,1,1
37,34902,1,1,1
37,34906,1,1,1
37,34910,0,1,1
37,34914,0,1,1
37,34918,1,1,1
37,34922,1,1,1
37,34926,0,1,1
37,34930,0,1,1
37,34934,1,1,1
37,34938,1,1,1
37,34942,0,1,1
37,34946,0,1,1
37,34950,1,1,1
37,34954,1,1,1
37,34958,0,1,1
37,34962,0,1,1
37,34966,1,1,1
37,34970,1,1,1
37,34974,0,1,1
37,34978,0,1,1
37,34982,1,1,1
37,34986,1,1,1
37,34990,0,1,1
37,34994,0,1,1
37,34998,1,1,1
37,35006,0,1,1
37,35010,0,1,1
37,35014,1,1,1
37,35018,1,1,1
37,35022,0,1,1
37,35026,0,1,1
37,35030,1,1,1
37,35034,1,1,1
37,35038,0,1,1
37,35042,0,1,1
37,35046,1,1,1
37,35050,1,1,1
37,35054,0,1,1
37,35058,0,1,1
37,35062,1,1,1
37,35066,1,1,1
37,35070,0,1,1
37,35074,0,1,1
37,35078,1,1,1
37,35082,1,1,1
37,35086,0,1,1
37,35090,0,1,1
37,35094,1,1,1
37,35098,1,1,1
37,35102,0,1,1
37,35106,0,1,1
37,35110,1,1,1
37,35114,1,1,1
37,35118,0,1,1
37,35122,0,1,1
37,35126,1,1,1
37,35130,1,1,1
37,35134,0,1,1
37,35138,0,1,1
37,35142,1,1,1
37,35146,1,1,1
37,35154,0,1,1
37,35158,1,1,1
37,35162,1,1,1
37,35166,0,1,1
37,35170,0,1,1
37,35174,1,1,1
37,35178,1,1,1
37,35182,0,1,1
37,35186,0,1,1
37,35190,1,1,1
37,35194,1,1,1
37,35198,0,1,1
37,35202,0,1,1
37,35206,1,1,1
37,35210,1,1,1
37,35214,0,1,1
37,35218,0,1,1
37,35222,1,1,1
37,35226,1,1,1
37,35230,0,1,1
37,35234,0,1,1
37,35238,1,1,1
37,35242,1,1,1
37,35246,0,1,1
37,35250,0,1,1
37,35254,1,1,1
37,35258,1,1,1
37,35262,0,1,1
37,35266,0,1,1
37,35270,1,1,1
37,35274,1,1,1
37,35278,0,1,1
37,35282,0,1,1
37,35286,1,1,1
37,35290,1,1,1
37,35294,0,1,1
37,35302,1,1,1
37,35306,1,1,1
37,35310,0,1,1
37,35314,0,1,1
37,35318,1,1,1
37,35322,1,1,1
37,35326,0,1,1
37,35330,0,1,1
37,35334,1,1,1
37,35338,1,1,1
37,35342,0,1,1
37,35346,0,1,1
37,35350,1,1,1
37,35354,1,1,1
37,35358,0,1,1
37,35362,0,1,1
37,35366,1,1,1
37,35370,1,1,1
37,35374,0,1,1
37,35378,0,1,1
37,35382,1,1,1
37,35386,1,1,1
37,35390,0,1,1
37,35394,0,1,1
37,35398,1,1,1
37,35402,1,1,1
37,35406,0,1,1
37,35410,0,1,1
37,35414,1,1,1
37,35418,1,1,1
37,35422,0,1,1
37,35426,0,1,1
37,35430,1,1,1
37,35434,1,1,1
37,35438,0,1,1
37,35442,0,1,1
37,35450,1,1,1
37,35454,0,1,1
37,35458,0,1,1
37,35462,1,1,1
37,35466,1,1,1
37,35470,0,1,1
37,35474,0,1,1
37,35478,1,1,1
37,35482,1,1,1
37,35486,0,1,1
37,35490,0,1,1
37,35494,1,1,1
37,35498,1,1,1
37,35502,0,1,1
37,35506,0,1,1
37,35510,1,1,1
37,35514,1,1,1
37,35518,0,1,1
37,35522,0,1,1
37,35526,1,1,1
37,35530,1,1,1
37,35534,0,1,1
37,35538,0,1,1
37,35542,1,1,1
37,35546,1,1,1
37,35550,0,1,1
37,35554,0,1,1
37,35558,1,1,1
37,35562,1,1,1
37,35566,0,1,1
37,35570,0,1,1
37,35574,1,1,1
37,35578,1,1,1
37,35582,0,1,1
37,35586,0,1,1
37,35590,1,1,1
37,35598,0,1,1
37,35602,0,1,1
37,35606,1,1,1
37,35610,1,1,1
37,35614,0,1,1
37,35618,0,1,1
37,35622,1,1,1
37,35626,1,1,1
37,35630,0,1,1
37,35634,0,1,1
37,35638,1,1,1
37,35642,1,1,1
37,35646,0,1,1
37,35650,0,1,1
37,35654,1,1,1
37,35658,1,1,1
37,35662,0,1,1
37,35666,0,1,1
37,35670,1,1,1
37,35674,1,1,1
37,35678,0,1,1
37,35682,0,1,1
37,35686,1,1,1
37,35690,1,1,1
37,35694,0,1,1
37,35698,0,1,1
37,35702,1,1,1
37,35706,1,1,1
37,35710,0,1,1
37,35714,0,1,1
37,35718,1,1,1
37,35722,1,1,1
37,35726,0,1,1
37,35730,0,1,1
37,35734,1,1,1
37,35738,1,1,1
37,35746,0,1,1
37,35750,1,1,1
37,35754,1,1,1
37,35758,0,1,1
37,35762,0,1,1
37,35766,1,1,1
37,35770,1,1,1
37,35774,0,1,1
37,35778,0,1,1
37,35782,1,1,1
37,35786,1,1,1
37,35790,0,1,1
37,35794,0,1,1
37,35798,1,1,1
37,35802,1,1,1
37,35806,0,1,1
37,35810,0,1,1
37,35814,1,1,1
37,35818,1,1,1
37,35822,0,1,1
37,35826,0,1,1
37,35830,1,1,1
37,35834,1,1,1
37,35838,0,1,1
37,35842,0,1,1
37,35846,1,1,1
37,35850,1,1,1
37,35854,0,1,1
37,35858,0,1,1
37,35862,1,1,1
37,35866,1,1,1
37,35870,0,1,1
37,35874,0,1,1
37,35878,1,1,1
37,35882,1,1,1
37,35886,0,1,1
37,35894,1,1,1
37,35898,1,1,1
37,35902,0,1,1
37,35906,0,1,1
37,35910,1,1,1
37,35914,1,1,1
37,35918,0,1,1
37,35922,0,1,1
37,35926,1,1,1
37,35930,1,1,1
37,35934,0,1,1
37,35938,0,1,1
37,35942,1,1,1
37,35946,1,1,1
37,35950,0,1,1
37,35954,0,1,1
37,35958,1,1,1
37,35962,1,1,1
37,35966,0,1,1
37,35970,0,1,1
37,35974,1,1,1
37,35978,1,1,1
37,35982,0,1,1
37,35986,0,1,1
37,35990,1,1,1
37,35994,1,1,1
37,35998,0,1,1
37,36002,0,1,1
37,36006,1,1,1
37,36010,1,1,1
37,36014,0,1,1
37,36018,0,1,1
37,36022,1,1,1
37,36026,1,1,1
37,36030,0,1,1
37,36034,0,1,1
37,36042,1,1,1
37,36046,0,1,1
37,36050,0,1,1
37,36054,1,1,1
37,36058,1,1,1
37,36062,0,1,1
37,36066,0,1,1
37,36070,1,1,1
37,36074,1,1,1
37,36078,0,1,1
37,36082,0,1,1
37,36086,1,1,1
37,36090,1,1,1
37,36094,0,1,1
37,36098,0,1,1
37,36102,1,1,1
37,36106,1,1,1
37,36110,0,1,1
37,36114,0,1,1
37,36118,1,1,1
37,36122,1,1,1
37,36126,0,1,1
37,36130,0,1,1
37,36134,1,1,1
37,36138,1,1,1
37,36142,0,1,1
37,36146,0,1,1
37,36150,1,1,1
37,36154,1,1,1
37,36158,0,1,1
37,36162,0,1,1
37,36166,1,1,1
37,36170,1,1,1
37,36174,0,1,1
37,36178,0,1,1
37,36182,1,1,1
37,36190,0,1,1
37,36194,0,1,1
37,36198,1,1,1
37,36202,1,1,1
37,36206,0,1,1
37,36210,0,1,1
37,36214,1,1,1
37,36218,1,1,1
37,36222,0,1,1
37,36226,0,1,1
37,36230,1,1,1
37,36234,1,1,1
37,36238,0,1,1
37,36242,0,1,1
37,36246,1,1,1
37,36250,1,1,1
37,36254,0,1,1
37,36258,0,1,1
37,36262,1,1,1
37,36266,1,1,1
37,36270,0,1,1
37,36274,0,1,1
37,36278,1,1,1
37,36282,1,1,1
37,36286,0,1,1
37,36290,0,1,1
37,36294,1,1,1
37,36298,1,1,1
37,36302,0,1,1
37,36306,0,1,1
37,36310,1,1,1
37,36314,1,1,1
37,36318,0,1,1
37,36322,0,1,1
37,36326,1,1,1
37,36330,1,1,1
37,36338,0,1,1
37,36342,1,1,1
37,36346,1,1,1
37,36350,0,1,1
37,36354,0,1,1
37,36358,1,1,1
37,36362,1,1,1
37,36366,0,1,1
37,36370,0,1,1
37,36374,1,1,1
37,36378,1,1,1
37,36382,0,1,1
37,36386,0,1,1
37,36390,1,1,1
37,36394,1,1,1
37,36398,0,1,1
37,36402,0,1,1
37,36406,1,1,1
37,36410,1,1,1
37,36414,0,1,1
37,36418,0,1,1
37,36422,1,1,1
37,36426,1,1,1
37,36430,0,1,1
37,36434,0,1,1
37,36438,1,1,1
37,36442,1,1,1
37,36446,0,1,1
37,36450,0,1,1
37,36454,1,1,1
37,36458,1,1,1
37,36462,0,1,1
37,36466,0,1,1
37,36470,1,1,1
37,36474,1,1,1
37,36478,0,1,1
37,36486,1,1,1
37,36490,1,1,1
37,36494,0,1,1
37,36498,0,1,1
37,36502,1,1,1
37,36506,1,1,1
37,36510,0,1,1
37,36514,0,1,1
37,36518,1,1,1
37,36522,1,1,1
37,36526,0,1,1
37,36530,0,1,1
37,36534,1,1,1
37,36538,1,1,1
37,36542,0,1,1
37,36546,0,1,1
37,36550,1,1,1
37,36554,1,1,1
37,36558,0,1,1
37,36562,0,1,1
37,36566,1,1,1
37,36570,1,1,1
37,36574,0,1,1
37,36578,0,1,1
37,36582,1,1,1
37,36586,1,1,1
37,36590,0,1,1
37,36594,0,1,1
37,36598,1,1,1
37,36602,1,1,1
37,36606,0,1,1
37,36610,0,1,1
37,36614,1,1,1
37,36618,1,1,1
37,36622,0,1,1
37,36626,0,1,1
37,36634,1,1,1
37,36638,0,1,1
37,36642,0,1,1
37,36646,1,1,1
37,36650,1,1,1
37,36654,0,1,1
37,36658,0,1,1
37,36662,1,1,1
37,36666,1,1,1
37,36670,0,1,1
37,36674,0,1,1
37,36678,1,1,1
37,36682,1,1,1
37,36686,0,1,1
37,36690,0,1,1
37,36694,1,1,1
37,36698,1,1,1
37,36702,0,1,1
37,36706,0,1,1
37,36710,1,1,1
37,36714,1,1,1
37,36718,0,1,1
37,36722,0,1,1
37,36726,1,1,1
37,36730,1,1,1
37,36734,0,1,1
37,36738,0,1,1
37,36742,1,1,1
37,36746,1,1,1
37,36750,0,1,1
37,36754,0,1,1
37,36758,1,1,1
37,36762,1,1,1
37,36766,0,1,1
37,36770,0,1,1
37,36774,1,1,1
37,36782,0,1,1
37,36786,0,1,1
37,36790,1,1,1
37,36794,1,1,1
37,36798,0,1,1
37,36802,0,1,1
37,36806,1,1,1
37,36810,1,1,1
37,36814,0,1,1
37,36818,0,1,1
37,36822,1,1,1
37,36826,1,1,1
37,36830,0,1,1
37,36834,0,1,1
37,36838,1,1,1
37,36842,1,1,1
37,36846,0,1,1
37,36850,0,1,1
37,36854,1,1,1
37,36858,1,1,1
37,36862,0,1,1
37,36866,0,1,1
37,36870,1,1,1
37,36874,1,1,1
37,36878,0,1,1
37,36882,0,1,1
37,36886,1,1,1
37,36890,1,1,1
37,36894,0,1,1
37,36898,0,1,1
37,36902,1,1,1
37,36906,1,1,1
37,36910,0,1,1
37,36914,0,1,1
37,36918,1,1,1
37,36922,1,1,1
37,36930,0,1,1
37,36934,1,1,1
37,36938,1,1,1
37,36942,0,1,1
37,36946,0,1,1
37,36950,1,1,1
37,36954,1,1,1
37,36958,0,1,1
37,36962,0,1,1
37,36966,1,1,1
37,36970,1,1,1
37,36974,0,1,1
37,36978,0,1,1
37,36982,1,1,1
37,36986,1,1,1
37,36990,0,1,1
37,36994,0,1,1
37,36998,1,1,1
37,37002,1,1,1
37,37006,0,1,1
37,37010,0,1,1
37,37014,1,1,1
37,37018,1,1,1
37,37022,0,1,1
37,37026,0,1,1
37,37030,1,1,1
37,37034,1,1,1
37,37038,0,1,1
37,37042,0,1,1
37,37046,1,1,1
37,37050,1,1,1
37,37054,0,1,1
37,37058,0,1,1
37,37062,1,1,1
37,37066,1,1,1
37,37070,0,1,1
37,37078,1,1,1
37,37082,1,1,1
37,37086,0,1,1
37,37090,0,1,1
37,37094,1,1,1
37,37098,1,1,1
37,37102,0,0,0
37,37106,0,1,1
37,37110,1,1,1
37,37114,1,1,1
37,37118,0,1,1
37,37122,0,1,1
37,37126,1,1,1
37,37130,1,1,1
37,37134,0,1,1
37,37138,0,1,1
37,37142,1,1,1
37,37146,1,1,1
37,37150,0,1,1
37,37154,0,1,1
37,37158,1,1,1
37,37162,1,1,1
37,37166,0,1,1
37,37170,0,1,1
37,37174,1,1,1
37,37178,1,1,1
37,37182,0,1,1
37,37186,0,1,1
37,37190,1,1,1
37,37194,1,1,1
37,37198,0,1,1
37,37202,0,1,1
37,37206,1,1,1
37,37210,1,1,1
37,37214,0,1,1
37,37218,0,1,1
37,37226,1,1,1
37,37230,0,1,1
37,37234,0,1,1
37,37238,1,1,1
37,37242,1,1,1
37,37246,0,1,1
37,37250,0,1,1
37,37254,1,1,1
37,37258,1,1,1
37,37262,0,1,1
37,37266,0,1,1
37,37270,1,1,1
37,37274,1,1,1
37,37278,0,1,1
37,37282,0,1,1
37,37286,1,1,1
37,37290,1,1,1
37,37294,0,1,1
37,37298,0,1,1
37,37302,1,1,1
37,37306,1,1,1
37,37310,0,1,1
37,37314,0,1,1
37,37318,1,1,1
37,37322,1,1,1
37,37326,0,1,1
37,37330,0,1,1
37,37334,1,1,1
37,37338,1,0,1
37,37342,0,1,1
37,37346,0,1,1
37,37350,1,1,1
37,37354,1,1,1
37,37358,0,1,1
37,37362,0,1,1
37,37366,1,1,1
37,37374,0,1,1
37,37378,0,1,1
37,37382,1,1,1
37,37386,1,1,1
37,37390,0,1,1
37,37394,0,1,1
37,37398,1,1,1
37,37402,1,1,1
37,37406,0,1,1
37,37410,0,1,1
37,37414,1,1,1
37,37418,1,1,1
37,37422,0,1,1
37,37426,0,1,1
37,37430,1,1,1
37,37434,1,1,1
37,37438,0,1,1
37,37442,0,1,1
37,37446,1,1,1
37,37450,1,1,1
37,37454,0,1,1
37,37458,0,1,1
37,37462,1,1,1
37,37466,1,1,1
37,37470,0,1,1
37,37474,0,1,1
37,37478,1,1,1
37,37482,1,1,1
37,37486,0,1,1
37,37490,0,1,1
37,37494,1,1,1
37,37498,1,1,1
37,37502,0,1,1
37,37506,0,1,1
37,37510,1,1,1
37,37514,1,1,1
37,37522,0,1,1
37,37526,1,1,1
37,37530,1,1,1
37,37534,0,1,1
37,37538,0,1,1
37,37542,1,1,1
37,37546,1,1,1
37,37550,0,1,1
37,37554,0,1,1
37,37558,1,1,1
37,37562,1,1,1
37,37566,0,1,1
37,37570,0,1,1
37,37574,1,1,1
37,37578,1,1,1
37,37582,0,1,1
37,37586,0,1,1
37,37590,1,1,1
37,37594,1,1,1
37,37598,0,1,1
37,37602,0,1,1
37,37606,1,1,1
37,37610,1,1,1
37,37614,0,1,1
37,37618,0,1,1
37,37622,1,1,1
37,37626,1,1,1
37,37630,0,1,1
37,37634,0,1,1
37,37638,1,1,1
37,37642,1,1,1
37,37646,0,1,1
37,37650,0,1,1
37,37654,1,1,1
37,37658,1,1,1
37,37662,0,1,1
37,37670,1,1,1
37,37674,1,1,1
37,37678,0,1,1
37,37682,0,1,1
37,37686,1,1,1
37,37690,1,1,1
37,37694,0,1,1
37,37698,0,1,1
37,37702,1,1,1
37,37706,1,1,1
37,37710,0,1,1
37,37714,0,1,1
37,37718,1,1,1
37,37722,1,1,1
37,37726,0,1,1
37,37730,0,1,1
37,37734,1,1,1
37,37738,1,1,1
37,37742,0,1,1
37,37746,0,1,1
37,37750,1,1,1
37,37754,1,1,1
37,37758,0,1,1
37,37762,0,1,1
37,37766,1,1,1
37,37770,1,1,1
37,37774,0,1,1
37,37778,0,1,1
37,37782,1,1,1
37,37786,1,1,1
37,37790,0,1,1
37,37794,0,1,1
37,37798,1,1,1
37,37802,1,1,1
37,37806,0,1,1
37,37810,0,1,1
37,37818,1,1,1
37,37822,0,1,1
37,37826,0,1,1
37,37830,1,1,1
37,37834,1,1,1
37,37838,0,1,1
37,37842,0,1,1
37,37846,1,1,1
37,37850,1,1,1
37,37854,0,1,1
37,37858,0,1,1
37,37862,1,1,1
37,37866,1,1,1
37,37870,0,1,1
37,37874,0,1,1
37,37878,1,1,1
37,37882,1,1,1
37,37886,0,1,1
37,37890,0,1,1
37,37894,1,1,1
37,37898,1,1,1
37,37902,0,1,1
37,37906,0,1,1
37,37910,1,1,1
37,37914,1,1,1
37,37918,0,1,1
37,37922,0,1,1
37,37926,1,1,1
37,37930,1,1,1
37,37934,0,1,1
37,37938,0,1,1
37,37942,1,1,1
37,37946,1,1,1
37,37950,0,1,1
37,37954,0,1,1
37,37958,1,1,1
37,37966,0,1,1
37,37970,0,1,1
37,37974,1,1,1
37,37978,1,1,1
37,37982,0,1,1
37,37986,0,1,1
37,37990,1,1,1
37,37994,1,1,1
37,37998,0,1,1
37,38002,0,1,1
37,38006,1,1,1
37,38010,1,1,1
37,38014,0,1,1
37,38018,0,1,1
37,38022,1,1,1
37,38026,1,1,1
37,38030,0,1,1
37,38034,0,1,1
37,38038,1,1,1
37,38042,1,1,1
37,38046,0,1,1
37,38050,0,1,1
37,38054,1,1,1
37,38058,1,1,1
37,38062,0,1,1
37,38066,0,1,1
37,38070,1,1,1
37,38074,1,1,1
37,38078,0,1,1
37,38082,0,1,1
37,38086,1,1,1
37,38090,1,1,1
37,38094,0,1,1
37,38098,0,1,1
37,38102,1,1,1
37,38106,1,1,1
37,38114,0,1,1
37,38118,1,1,1
37,38122,1,1,1
37,38126,0,1,1
37,38130,0,1,1
37,38134,1,1,1
37,38138,1,1,1
37,38142,0,1,1
37,38146,0,1,1
37,38150,1,1,1
37,38154,1,1,1
37,38158,0,1,1
37,38162,0,1,1
37,38166,1,1,1
37,38170,1,1,1
37,38174,0,1,1
37,38178,0,1,1
37,38182,1,1,1
37,38186,1,1,1
37,38190,0,1,1
37,38194,0,1,1
37,38198,1,1,1
37,38202,1,1,1
37,38206,0,1,1
37,38210,0,1,1
37,38214,1,1,1
37,38218,1,1,1
37,38222,0,1,1
37,38226,0,1,1
37,38230,1,1,1
37,38234,1,1,1
37,38238,0,1,1
37,38242,0,1,1
37,38246,1,1,1
37,38250,1,1,1
37,38254,0,1,1
37,38262,1,1,1
37,38266,1,1,1
37,38270,0,1,1
37,38274,0,1,1
37,38278,1,1,1
37,38282,1,1,1
37,38286,0,1,1
37,38290,0,1,1
37,38294,1,1,1
37,38298,1,0,1
37,38302,0,1,1
37,38306,0,1,1
37,38310,1,1,1
37,38314,1,1,1
37,38318,0,1,1
37,38322,0,1,1
37,38326,1,1,1
37,38330,1,1,1
37,38334,0,1,1
37,38338,0,1,1
37,38342,1,1,1
37,38346,1,1,1
37,38350,0,1,1
37,38354,0,1,1
37,38358,1,1,1
37,38362,1,1,1
37,38366,0,1,1
37,38370,0,1,1
37,38374,1,1,1
37,38378,1,1,1
37,38382,0,1,1
37,38386,0,1,1
37,38390,1,1,1
37,38394,1,1,1
37,38398,0,1,1
37,38402,0,1,1
37,38410,1,1,1
37,38414,0,1,1
37,38418,0,1,1
37,38422,1,1,1
37,38426,0,1,1
37,38430,0,1,1
37,38434,0,1,1
37,38438,1,1,1
37,38442,1,1,1
37,38446,0,1,1
37,38450,0,1,1
37,38454,1,1,1
37,38458,1,1,1
37,38462,0,1,1
37,38466,0,1,1
37,38470,1,1,1
37,38474,1,1,1
37,38478,0,1,1
37,38482,0,1,1
37,38486,1,1,1
37,38490,1,1,1
37,38494,0,1,1
37,38498,0,1,1
37,38502,1,1,1
37,38506,1,1,1
37,38510,0,1,1
37,38514,0,1,1
37,38518,1,1,1
37,38522,1,1,1
37,38526,0,1,1
37,38530,0,1,1
37,38534,1,1,1
37,38538,1,1,1
37,38542,0,1,1
37,38546,0,1,1
37,38550,1,1,1
37,38558,0,1,1
37,38562,0,1,1
37,38566,1,1,1
37,38570,1,1,1
37,38574,0,1,1
37,38578,0,1,1
37,38582,1,1,1
37,38586,1,1,1
37,38590,0,1,1
37,38594,0,1,1
37,38598,1,1,1
37,38602,1,1,1
37,38606,0,1,1
37,38610,0,1,1
37,38614,1,1,1
37,38618,1,1,1
37,38622,0,1,1
37,38626,0,1,1
37,38630,1,1,1
37,38634,1,1,1
37,38638,0,1,1
37,38642,0,1,1
37,38646,1,1,1
37,38650,1,1,1
37,38654,0,1,1
37,38658,0,1,1
37,38662,1,1,1
37,38666,1,1,1
37,38670,0,1,1
37,38674,0,1,1
37,38678,1,1,1
37,38682,1,1,1
37,38686,0,1,1
37,38690,0,1,1
37,38694,1,1,1
37,38698,1,1,1
37,38706,0,1,1
37,38710,1,1,1
37,38714,1,1,1
37,38718,0,1,1
37,38722,0,1,1
37,38726,1,1,1
37,38730,1,1,1
37,38734,0,1,1
37,38738,0,1,1
37,38742,1,0,1
37,38746,1,1,1
37,38750,0,1,1
37,38754,0,1,1
37,38758,1,1,1
37,38762,1,1,1
37,38766,0,1,1
37,38770,0,1,1
37,38774,1,1,1
37,38778,1,1,1
37,38782,0,1,1
37,38786,0,1,1
37,38790,1,1,1
37,38794,1,1,1
37,38798,0,1,1
37,38802,0,1,1
37,38806,1,1,1
37,38810,1,1,1
37,38814,0,1,1
37,38818,0,1,1
37,38822,1,1,1
37,38826,1,1,1
37,38830,0,1,1
37,38834,0,1,1
37,38838,1,1,1
37,38842,1,1,1
37,38846,0,1,1
37,38854,1,1,1
37,38858,1,1,1
37,38862,0,1,1
37,38866,0,1,1
37,38870,1,1,1
37,38874,1,1,1
37,38878,0,1,1
37,38882,0,1,1
37,38886,1,1,1
37,38890,1,1,1
37,38894,0,1,1
37,38898,0,1,1
37,38902,1,1,1
37,38906,1,1,1
37,38910,0,1,1
37,38914,0,1,1
37,38918,1,1,1
37,38922,1,1,1
37,38926,0,1,1
37,38930,0,1,1
37,38934,1,1,1
37,38938,1,1,1
37,38942,0,1,1
37,38946,0,1,1
37,38950,1,1,1
37,38954,1,1,1
37,38958,0,1,1
37,38962,0,1,1
37,38966,1,1,1
37,38970,1,1,1
37,38974,0,1,1
37,38978,0,1,1
37,38982,1,1,1
37,38986,1,1,1
37,38990,0,1,1
37,38994,0,1,1
37,39002,1,1,1
37,39006,0,1,1
37,39010,0,1,1
37,39014,1,1,1
37,39018,1,1,1
37,39022,0,1,1
37,39026,0,1,1
37,39030,1,1,1
37,39034,1,1,1
37,39038,0,1,1
37,39042,0,1,1
37,39046,1,1,1
37,39050,1,1,1
37,39054,0,1,1
37,39058,0,1,1
37,39062,1,1,1
37,39066,1,1,1
37,39070,0,1,1
37,39074,0,1,1
37,39078,1,1,1
37,39082,1,1,1
37,39086,0,1,1
37,39090,0,1,1
37,39094,1,1,1
37,39098,1,1,1
37,39102,0,1,1
37,39106,0,1,1
37,39110,1,1,1
37,39114,1,1,1
37,39118,0,1,1
37,39122,0,1,1
37,39126,1,1,1
37,39130,1,1,1
37,39134,0,1,1
37,39138,0,1,1
37,39142,1,1,1
37,39150,0,1,1
37,39154,0,1,1
37,39158,1,1,1
37,39162,1,1,1
37,39166,0,1,1
37,39170,0,1,1
37,39174,1,1,1
37,39178,1,1,1
37,39182,0,1,1
37,39186,0,1,1
37,39190,1,1,1
37,39194,1,1,1
37,39198,0,1,1
37,39202,0,1,1
37,39206,1,1,1
37,39210,1,1,1
37,39214,0,1,1
37,39218,0,1,1
37,39222,1,1,1
37,39226,1,1,1
37,39230,0,1,1
37,39234,0,1,1
37,39238,1,1,1
37,39242,1,1,1
37,39246,0,1,1
37,39250,0,1,1
37,39254,1,1,1
37,39258,1,1,1
37,39262,0,1,1
37,39266,0,1,1
37,39270,1,1,1
37,39274,1,1,1
37,39278,0,1,1
37,39282,0,1,1
37,39286,1,1,1
37,39290,1,1,1
37,39298,0,1,1
37,39302,1,1,1
37,39306,1,1,1
37,39310,0,1,1
37,39314,0,1,1
37,39318,1,1,1
37,39322,1,1,1
37,39326,0,1,1
37,39330,0,1,1
37,39334,1,1,1
37,39338,1,1,1
37,39342,0,1,1
37,39346,0,1,1
37,39350,1,1,1
37,39354,1,1,1
37,39358,0,1,1
37,39362,0,1,1
37,39366,1,1,1
37,39370,1,1,1
37,39374,0,1,1
37,39378,0,1,1
37,39382,1,1,1
37,39386,1,1,1
37,39390,0,1,1
37,39394,0,1,1
37,39398,1,1,1
37,39402,1,1,1
37,39406,0,1,1
37,39410,0,1,1
37,39414,1,1,1
37,39418,1,1,1
37,39422,0,1,1
37,39426,0,1,1
37,39430,1,1,1
37,39434,1,1,1
37,39438,0,1,1
37,39446,1,1,1
37,39450,1,1,1
37,39454,0,1,1
37,39458,0,1,1
37,39462,1,1,1
37,39466,1,1,1
37,39470,0,1,1
37,39474,0,1,1
37,39478,1,1,1
37,39482,1,1,1
37,39486,0,1,1
37,39490,0,1,1
37,39494,1,1,1
37,39498,1,1,1
37,39502,0,1,1
37,39506,0,1,1
37,39510,1,1,1
37,39514,1,1,1
37,39518,0,1,1
37,39522,0,1,1
37,39526,1,1,1
37,39530,1,1,1
37,39534,0,1,1
37,39538,0,1,1
37,39542,1,1,1
37,39546,1,1,1
37,39550,0,1,1
37,39554,0,1,1
37,39558,1,1,1
37,39562,1,1,1
37,39566,0,1,1
37,39570,0,1,1
37,39574,1,1,1
37,39578,1,1,1
37,39582,0,1,1
37,39586,0,1,1
37,39594,1,1,1
37,39598,0,1,1
37,39602,0,1,1
37,39606,1,1,1
37,39610,1,1,1
37,39614,0,1,1
37,39618,0,1,1
37,39622,1,1,1
37,39626,1,1,1
37,39630,0,1,1
37,39634,0,1,1
37,39638,1,1,1
37,39642,1,1,1
37,39646,0,1,1
37,39650,0,1,1
37,39654,1,1,1
37,39658,1,1,1
37,39662,0,1,1
37,39666,0,1,1
37,39670,1,1,1
37,39674,1,1,1
37,39678,0,1,1
37,39682,0,1,1
37,39686,1,1,1
37,39690,1,1,1
37,39694,0,1,1
37,39698,0,1,1
37,39702,1,1,1
37,39706,1,1,1
37,39710,0,1,1
37,39714,0,1,1
37,39718,1,1,1
37,39722,1,1,1
37,39726,0,1,1
37,39730,0,1,1
37,39734,1,1,1
37,39742,0,1,1
37,39746,0,1,1
37,39750,1,1,1
37,39754,1,1,1
37,39758,0,1,1
37,39762,0,1,1
37,39766,1,1,1
37,39770,1,1,1
37,39774,0,1,1
37,39778,0,1,1
37,39782,1,1,1
37,39786,1,1,1
37,39790,0,1,1
37,39794,0,1,1
37,39798,1,1,1
37,39802,1,1,1
37,39806,0,1,1
37,39810,0,1,1
37,39814,1,1,1
37,39818,1,1,1
37,39822,0,1,1
37,39826,0,1,1
37,39830,1,1,1
37,39834,1,1,1
37,39838,0,1,1
37,39842,0,1,1
37,39846,1,1,1
37,39850,1,1,1
37,39854,0,1,1
37,39858,0,1,1
37,39862,1,1,1
37,39866,1,1,1
37,39870,0,1,1
37,39874,0,1,1
37,39878,1,1,1
37,39882,1,1,1
37,39890,0,1,1
37,39894,1,1,1
37,39898,1,1,1
37,39902,0,1,1
37,39906,0,1,1
37,39910,1,1,1
37,39914,1,1,1
37,39918,0,0,0
37,39922,0,1,1
37,39926,1,1,1
37,39930,1,1,1
37,39934,0,1,1
37,39938,0,1,1
37,39942,1,1,1
37,39946,1,1,1
37,39950,0,1,1
37,39954,0,1,1
37,39958,1,1,1
37,39962,1,1,1
37,39966,0,1,1
37,39970,0,1,1
37,39974,1,1,1
37,39978,1,1,1
37,39982,0,1,1
37,39986,0,1,1
37,39990,1,1,1
37,39994,1,1,1
37,39998,0,1,1
37,40002,0,1,1
37,40006,1,1,1
37,40010,1,1,1
37,40014,0,1,1
37,40018,0,1,1
37,40022,1,1,1
37,40026,1,1,1
37,40030,0,1,1
37,40038,1,1,1
37,40042,1,1,1
37,40046,0,1,1
37,40050,0,1,1
37,40054,1,1,1
37,40058,1,1,1
37,40062,0,1,1
37,40066,0,1,1
37,40070,1,1,1
37,40074,1,1,1
37,40078,0,1,1
37,40082,0,1,1
37,40086,1,1,1
37,40090,1,1,1
37,40094,0,1,1
37,40098,0,1,1
37,40102,1,1,1
37,40106,1,1,1
37,40110,0,1,1
37,40114,0,1,1
37,40118,1,1,1
37,40122,1,1,1
37,40126,0,1,1
37,40130,0,1,1
37,40134,1,1,1
37,40138,1,1,1
37,40142,0,1,1
37,40146,0,1,1
37,40150,1,1,1
37,40154,1,1,1
37,40158,0,1,1
37,40162,0,1,1
37,40166,1,1,1
37,40170,1,1,1
37,40174,0,1,1
37,40178,0,1,1
37,40186,1,1,1
37,40190,0,1,1
37,40194,0,1,1
37,40198,1,1,1
37,40202,1,1,1
37,40206,0,1,1
37,40210,0,1,1
37,40214,1,1,1
37,40218,1,1,1
37,40222,0,1,1
37,40226,0,1,1
37,40230,1,1,1
37,40234,1,1,1
37,40238,0,1,1
37,40242,0,1,1
37,40246,1,1,1
37,40250,1,1,1
37,40254,0,1,1
37,40258,0,1,1
37,40262,1,1,1
37,40266,1,1,1
37,40270,0,1,1
37,40274,0,1,1
37,40278,1,1,1
37,40282,1,1,1
37,40286,0,1,1
37,40290,0,1,1
37,40294,1,1,1
37,40298,1,1,1
37,40302,0,1,1
37,40306,0,1,1
37,40310,1,1,1
37,40314,1,1,1
37,40318,0,1,1
37,40322,0,1,1
37,40326,1,1,1
37,40334,0,1,1
37,40338,0,1,1
37,40342,1,1,1
37,40346,1,1,1
37,40350,0,1,1
37,40354,0,1,1
37,40358,1,1,1
37,40362,1,1,1
37,40366,0,1,1
37,40370,0,1,1
37,40374,1,1,1
37,40378,1,1,1
37,40382,0,1,1
37,40386,0,1,1
37,40390,1,1,1
37,40394,1,1,1
37,40398,0,1,1
37,40402,0,1,1
37,40406,1,1,1
37,40410,1,1,1
37,40414,0,1,1
37,40418,0,1,1
37,40422,1,1,1
37,40426,1,1,1
37,40430,0,1,1
37,40434,0,1,1
37,40438,1,1,1
37,40442,1,1,1
37,40446,0,1,1
37,40450,0,1,1
37,40454,1,1,1
37,40458,1,1,1
37,40462,0,1,1
37,40466,0,1,1
37,40470,1,1,1
37,40474,1,1,1
37,40482,0,1,1
37,40486,1,1,1
37,40490,1,1,1
37,40494,0,1,1
37,40498,0,1,1
37,40502,1,1,1
37,40506,1,1,1
37,40510,0,1,1
37,40514,0,1,1
37,40518,1,1,1
37,40522,1,1,1
37,40526,0,1,1
37,40530,0,1,1
37,40534,1,1,1
37,40538,1,1,1
37,40542,0,1,1
37,40546,0,1,1
37,40550,1,1,1
37,40554,1,1,1
37,40558,0,1,1
37,40562,0,1,1
37,40566,1,1,1
37,40570,1,1,1
37,40574,0,1,1
37,40578,0,1,1
37,40582,1,1,1
37,40586,1,1,1
37,40590,0,1,1
37,40594,0,1,1
37,40598,1,1,1
37,40602,1,1,1
37,40606,0,1,1
37,40610,0,1,1
37,40614,1,1,1
37,40618,1,1,1
37,40622,0,1,1
37,40630,1,1,1
37,40634,1,1,1
37,40638,0,1,1
37,40642,0,1,1
37,40646,1,1,1
37,40650,1,1,1
37,40654,0,1,1
37,40658,0,1,1
37,40662,1,1,1
37,40666,1,1,1
37,40670,0,1,1
37,40674,0,1,1
37,40678,1,1,1
37,40682,1,1,1
37,40686,0,1,1
37,40690,0,1,1
37,40694,1,1,1
37,40698,1,1,1
37,40702,0,1,1
37,40706,0,1,1
37,40710,1,1,1
37,40714,1,1,1
37,40718,0,1,1
37,40722,0,1,1
37,40726,1,1,1
37,40730,1,1,1
37,40734,0,1,1
37,40738,0,1,1
37,40742,1,1,1
37,40746,1,1,1
37,40750,0,1,1
37,40754,0,1,1
37,40758,1,1,1
37,40762,1,1,1
37,40766,0,1,1
37,40770,0,1,1
37,40778,1,1,1
37,40782,0,1,1
37,40786,0,1,1
37,40790,1,1,1
37,40794,1,1,1
37,40798,0,1,1
37,40802,0,1,1
37,40806,1,1,1
37,40810,1,1,1
37,40814,0,1,1
37,40818,0,1,1
37,40822,1,1,1
37,40826,1,1,1
37,40830,0,1,1
37,40834,0,1,1
37,40838,1,1,1
37,40842,1,0,1
37,40846,0,1,1
37,40850,0,1,1
37,40854,1,1,1
37,40858,1,1,1
37,40862,0,1,1
37,40866,0,1,1
37,40870,1,1,1
37,40874,1,1,1
37,40878,0,1,1
37,40882,0,1,1
37,40886,1,1,1
37,40890,1,1,1
37,40894,0,1,1
37,40898,0,1,1
37,40902,1,1,1
37,40906,1,1,1
37,40910,0,1,1
37,40914,0,1,1
37,40918,1,1,1
37,40926,0,1,1
37,40930,0,1,1
37,40934,1,1,1
37,40938,1,1,1
37,40942,0,1,1
37,40946,0,1,1
37,40950,1,1,1
37,40954,1,1,1
37,40958,0,1,1
37,40962,0,1,1
37,40966,1,1,1
37,40970,1,1,1
37,40974,0,1,1
37,40978,0,1,1
37,40982,1,1,1
37,40986,1,1,1
37,40990,0,1,1
37,40994,0,1,1
37,40998,1,1,1
37,41002,1,1,1
37,41006,0,1,1
37,41010,0,1,1
37,41014,1,1,1
37,41018,1,1,1
37,41022,0,1,1
37,41026,0,1,1
37,41030,1,1,1
37,41034,1,1,1
37,41038,0,1,1
37,41042,0,1,1
37,41046,1,1,1
37,41050,1,1,1
37,41054,0,1,1
37,41058,0,1,1
37,41062,1,1,1
37,41066,1,1,1
37,41074,0,1,1
37,41078,1,1,1
37,41082,1,1,1
37,41086,0,1,1
37,41090,0,1,1
37,41094,1,1,1
37,41098,1,1,1
37,41102,0,1,1
37,41106,0,1,1
37,41110,1,1,1
37,41114,1,1,1
37,41118,0,1,1
37,41122,0,1,1
37,41126,1,1,1
37,41130,1,1,1
37,41134,0,1,1
37,41138,0,1,1
37,41142,1,1,1
37,41146,1,1,1
37,41150,0,1,1
37,41154,0,1,1
37,41158,1,1,1
37,41162,1,1,1
37,41166,0,1,1
37,41170,0,1,1
37,41174,1,1,1
37,41178,1,1,1
37,41182,0,1,1
37,41186,0,1,1
37,41190,1,1,1
37,41194,1,1,1
37,41198,0,1,1
37,41202,0,1,1
37,41206,1,1,1
37,41210,1,1,1
37,41214,0,1,1
37,41222,1,1,1
37,41226,1,1,1
37,41230,0,1,1
37,41234,0,1,1
37,41238,1,1,1
37,41242,1,1,1
37,41246,0,1,1
37,41250,0,1,1
37,41254,1,1,1
37,41258,1,1,1
37,41262,0,1,1
37,41266,0,1,1
37,41270,1,1,1
37,41274,1,1,1
37,41278,0,1,1
37,41282,0,1,1
37,41286,1,1,1
37,41290,1,1,1
37,41294,0,1,1
37,41298,0,1,1
37,41302,1,1,1
37,41306,1,1,1
37,41310,0,1,1
37,41314,0,1,1
37,41318,1,1,1
37,41322,1,1,1
37,41326,0,1,1
37,41330,0,1,1
37,41334,1,1,1
37,41338,1,1,1
37,41342,0,1,1
37,41346,0,1,1
37,41350,1,1,1
37,41354,1,1,1
37,41358,0,1,1
37,41362,0,1,1
37,41370,1,1,1
37,41374,0,1,1
37,41378,0,1,1
37,41382,1,1,1
37,41386,1,1,1
37,41390,0,1,1
37,41394,0,1,1
37,41398,1,1,1
37,41402,1,1,1
37,41406,0,1,1
37,41410,0,1,1
37,41414,1,1,1
37,41418,1,1,1
37,41422,0,1,1
37,41426,0,1,1
37,41430,1,1,1
37,41434,1,1,1
37,41438,0,1,1
37,41442,0,1,1
37,41446,1,1,1
37,41450,1,1,1
37,41454,0,1,1
37,41458,0,1,1
37,41462,1,1,1
37,41466,1,1,1
37,41470,0,1,1
37,41474,0,1,1
37,41478,1,1,1
37,41482,1,1,1
37,41486,0,1,1
37,41490,0,1,1
37,41494,1,1,1
37,41498,1,1,1
37,41502,0,1,1
37,41506,0,1,1
37,41510,1,1,1
37,41518,0,1,1
37,41522,0,1,1
37,41526,1,1,1
37,41530,1,1,1
37,41534,0,1,1
37,41538,0,1,1
37,41542,1,1,1
37,41546,1,1,1
37,41550,0,1,1
37,41554,0,1,1
37,41558,1,1,1
37,41562,1,1,1
37,41566,0,1,1
37,41570,0,1,1
37,41574,1,1,1
37,41578,1,1,1
37,41582,0,1,1
37,41586,0,1,1
37,41590,1,1,1
37,41594,1,1,1
37,41598,0,1,1
37,41602,0,1,1
37,41606,1,1,1
37,41610,1,1,1
37,41614,0,1,1
37,41618,0,1,1
37,41622,1,1,1
37,41626,1,1,1
37,41630,0,1,1
37,41634,0,1,1
37,41638,1,1,1
37,41642,1,1,1
37,41646,0,1,1
37,41650,0,1,1
37,41654,1,1,1
37,41658,1,1,1
37,41666,0,1,1
37,41670,1,1,1
37,41674,1,1,1
37,41678,0,1,1
37,41682,0,1,1
37,41686,1,1,1
37,41690,1,1,1
37,41694,0,1,1
37,41698,0,1,1
37,41702,1,1,1
37,41706,1,1,1
37,41710,0,1,1
37,41714,0,1,1
37,41718,1,1,1
37,41722,1,1,1
37,41726,0,1,1
37,41730,0,1,1
37,41734,1,1,1
37,41738,1,1,1
37,41742,0,1,1
37,41746,0,1,1
37,41750,1,1,1
37,41754,1,1,1
37,41758,0,1,1
37,41762,0,1,1
37,41766,1,1,1
37,41770,1,1,1
37,41774,0,1,1
37,41778,0,1,1
37,41782,1,1,1
37,41786,1,1,1
37,41790,0,1,1
37,41794,0,1,1
37,41798,1,1,1
37,41802,1,1,1
37,41806,0,1,1
37,41814,1,1,1
37,41818,1,1,1
37,41822,0,1,1
37,41826,0,1,1
37,41830,1,1,1
37,41834,1,1,1
37,41838,0,1,1
37,41842,0,1,1
37,41846,1,1,1
37,41850,1,1,1
37,41854,0,1,1
37,41858,0,1,1
37,41862,1,1,1
37,41866,1,1,1
37,41870,0,1,1
37,41874,0,1,1
37,41878,1,1,1
37,41882,1,1,1
37,41886,0,1,1
37,41890,0,1,1
37,41894,1,1,1
37,41898,1,1,1
37,41902,0,1,1
37,41906,0,1,1
37,41910,1,1,1
37,41914,1,1,1
37,41918,0,1,1
37,41922,0,1,1
37,41926,1,1,1
37,41930,1,1,1
37,41934,0,1,1
37,41938,0,1,1
37,41942,1,1,1
37,41946,1,1,1
37,41950,0,1,1
37,41954,0,1,1
37,41962,1,1,1
37,41966,0,1,1
37,41970,0,1,1
37,41974,1,1,1
37,41978,1,1,1
37,41982,0,1,1
37,41986,0,1,1
37,41990,1,1,1
37,41994,1,1,1
37,41998,0,1,1
37,42002,0,1,1
37,42006,1,1,1
37,42010,1,1,1
37,42014,0,1,1
37,42018,0,1,1
37,42022,1,1,1
37,42026,1,1,1
37,42030,0,1,1
37,42034,0,1,1
37,42038,1,1,1
37,42042,1,1,1
37,42046,0,1,1
37,42050,0,1,1
37,42054,1,1,1
37,42058,1,1,1
37,42062,0,1,1
37,42066,0,1,1
37,42070,1,1,1
37,42074,1,1,1
37,42078,0,1,1
37,42082,0,1,1
37,42086,1,1,1
37,42090,1,1,1
37,42094,0,1,1
37,42098,0,1,1
37,42102,1,1,1
37,42110,0,1,1
37,42114,0,1,1
37,42118,1,1,1
37,42122,1,1,1
37,42126,0,1,1
37,42130,0,1,1
37,42134,1,1,1
37,42138,1,1,1
37,42142,0,1,1
37,42146,0,1,1
37,42150,1,1,1
37,42154,1,1,1
37,42158,0,1,1
37,42162,0,1,1
37,42166,1,1,1
37,42170,1,1,1
37,42174,0,1,1
37,42178,0,1,1
37,42182,1,1,1
37,42186,1,1,1
37,42190,0,1,1
37,42194,0,1,1
37,42198,1,1,1
37,42202,1,1,1
37,42206,0,1,1
37,42210,0,1,1
37,42214,1,1,1
37,42218,1,1,1
37,42222,0,1,1
37,42226,0,1,1
37,42230,1,1,1
37,42234,1,1,1
37,42238,0,1,1
37,42242,0,1,1
37,42246,1,1,1
37,42250,1,1,1
37,42258,0,1,1
37,42262,1,1,1
37,42266,1,1,1
37,42270,0,1,1
37,42274,0,1,1
37,42278,1,1,1
37,42282,1,1,1
37,42286,0,1,1
37,42290,0,1,1
37,42294,1,1,1
37,42298,1,1,1
37,42302,0,1,1
37,42306,0,1,1
37,42310,1,1,1
37,42314,1,1,1
37,42318,0,1,1
37,42322,0,1,1
37,42326,1,1,1
37,42330,1,1,1
37,42334,0,1,1
37,42338,0,1,1
37,42342,1,1,1
37,42346,1,1,1
37,42350,0,1,1
37,42354,0,1,1
37,42358,1,1,1
37,42362,1,1,1
37,42366,0,1,1
37,42370,0,1,1
37,42374,1,1,1
37,42378,1,1,1
37,42382,0,1,1
37,42386,0,1,1
37,42390,1,1,1
37,42394,1,1,1
37,42398,0,1,1
37,42406,1,1,1
37,42410,1,1,1
37,42414,0,1,1
37,42418,0,1,1
37,42422,1,0,1
37,42426,1,1,1
37,42430,0,1,1
37,42434,0,1,1
37,42438,1,1,1
37,42442,1,1,1
37,42446,0,1,1
37,42450,0,1,1
37,42454,1,1,1
37,42458,1,1,1
37,42462,0,1,1
37,42466,0,1,1
37,42470,1,1,1
37,42474,1,1,1
37,42478,0,1,1
37,42482,0,1,1
37,42486,1,1,1
37,42490,1,1,1
37,42494,0,1,1
37,42498,0,1,1
37,42502,1,1,1
37,42506,1,1,1
37,42510,0,1,1
37,42514,0,1,1
37,42518,1,1,1
37,42522,1,1,1
37,42526,0,1,1
37,42530,0,1,1
37,42534,1,1,1
37,42538,1,1,1
37,42542,0,1,1
37,42546,0,1,1
37,42554,1,1,1
37,42558,0,1,1
37,42562,0,1,1
37,42566,1,1,1
37,42570,1,1,1
37,42574,0,1,1
37,42578,0,1,1
37,42582,1,1,1
37,42586,1,1,1
37,42590,0,1,1
37,42594,0,1,1
37,42598,1,1,1
37,42602,1,1,1
37,42606,0,1,1
37,42610,0,1,1
37,42614,1,1,1
37,42618,1,1,1
37,42622,0,1,1
37,42626,0,1,1
37,42630,1,1,1
37,42634,1,1,1
37,42638,0,1,1
37,42642,0,1,1
37,42646,1,1,1
37,42650,1,1,1
37,42654,0,1,1
37,42658,0,1,1
37,42662,1,1,1
37,42666,1,1,1
37,42670,0,1,1
37,42674,0,1,1
37,42678,1,1,1
37,42682,1,1,1
37,42686,0,1,1
37,42690,0,1,1
37,42694,1,1,1
37,42702,0,1,1
37,42706,0,1,1
37,42710,1,1,1
37,42714,1,1,1
37,42718,0,1,1
37,42722,0,1,1
37,42726,1,1,1
37,42730,1,1,1
37,42734,0,1,1
37,42738,0,1,1
37,42742,1,1,1
37,42746,1,1,1
37,42750,0,1,1
37,42754,0,1,1
37,42758,1,1,1
37,42762,1,1,1
37,42766,0,1,1
37,42770,0,1,1
37,42774,1,1,1
37,42778,1,1,1
37,42782,0,1,1
37,42786,0,1,1
37,42790,1,1,1
37,42794,1,1,1
37,42798,0,1,1
37,42802,0,1,1
37,42806,1,1,1
37,42810,1,1,1
37,42814,0,1,1
37,42818,0,1,1
37,42822,0,1,1
37,42826,1,1,1
37,42830,0,1,1
37,42834,0,1,1
37,42838,1,1,1
37,42842,1,1,1
37,42850,0,1,1
37,42854,1,1,1
37,42858,1,1,1
37,42862,0,1,1
37,42866,0,1,1
37,42870,1,1,1
37,42874,1,1,1
37,42878,0,1,1
37,42882,0,1,1
37,42886,1,1,1
37,42890,1,1,1
37,42894,0,1,1
37,42898,0,1,1
37,42902,1,1,1
37,42906,1,1,1
37,42910,0,1,1
37,42914,0,1,1
37,42918,1,1,1
37,42922,1,1,1
37,42926,0,1,1
37,42930,0,1,1
37,42934,1,1,1
37,42938,1,1,1
37,42942,0,1,1
37,42946,0,1,1
37,42950,1,1,1
37,42954,1,1,1
37,42958,0,1,1
37,42962,0,1,1
37,42966,1,1,1
37,42970,1,1,1
37,42974,0,1,1
37,42978,0,1,1
37,42982,1,1,1
37,42986,1,1,1
37,42990,0,1,1
37,42998,1,1,1
37,43002,1,1,1
37,43006,0,1,1
37,43010,0,1,1
37,43014,1,1,1
37,43018,1,1,1
37,43022,0,1,1
37,43026,0,1,1
37,43030,1,1,1
37,43034,1,1,1
37,43038,0,1,1
37,43042,0,1,1
37,43046,0,1,1
37,43050,1,1,1
37,43054,0,1,1
37,43058,0,1,1
37,43062,1,1,1
37,43066,1,1,1
37,43070,0,1,1
37,43074,0,1,1
37,43078,1,1,1
37,43082,1,1,1
37,43086,0,1,1
37,43090,0,1,1
37,43094,1,1,1
37,43098,1,1,1
37,43102,0,1,1
37,43106,0,1,1
37,43110,1,1,1
37,43114,1,1,1
37,43118,0,1,1
37,43122,0,1,1
37,43126,1,1,1
37,43130,1,1,1
37,43134,0,1,1
37,43138,0,1,1
37,43146,1,1,1
37,43150,0,1,1
37,43154,0,1,1
37,43158,1,1,1
37,43162,1,1,1
37,43166,0,1,1
37,43170,0,1,1
37,43174,1,1,1
37,43178,1,1,1
37,43182,0,1,1
37,43186,0,1,1
37,43190,1,1,1
37,43194,0,1,1
37,43198,0,1,1
37,43202,0,1,1
37,43206,1,1,1
37,43210,1,1,1
37,43214,0,1,1
37,43218,0,1,1
37,43222,1,1,1
37,43226,1,1,1
37,43230,0,1,1
37,43234,0,1,1
37,43238,1,1,1
37,43242,1,1,1
37,43246,0,1,1
37,43250,0,1,1
37,43254,1,1,1
37,43258,1,1,1
37,43262,0,1,1
37,43266,0,1,1
37,43270,1,1,1
37,43274,1,1,1
37,43278,0,1,1
37,43282,0,1,1
37,43286,1,1,1
37,43294,0,1,1
37,43298,0,1,1
37,43302,1,1,1
37,43306,1,1,1
37,43310,0,1,1
37,43314,0,1,1
37,43318,1,1,1
37,43322,1,1,1
37,43326,0,1,1
37,43330,0,1,1
37,43334,1,1,1
37,43338,1,1,1
37,43342,0,1,1
37,43346,0,1,1
37,43350,1,1,1
37,43354,1,1,1
37,43358,0,1,1
37,43362,0,1,1
37,43366,1,1,1
37,43370,1,1,1
37,43374,0,1,1
37,43378,0,1,1
37,43382,1,1,1
37,43386,1,1,1
37,43390,0,1,1
37,43394,0,1,1
37,43398,1,1,1
37,43402,1,1,1
37,43406,0,1,1
37,43410,0,1,1
37,43414,1,1,1
37,43418,1,1,1
37,43422,0,1,1
37,43426,0,1,1
37,43430,1,1,1
37,43434,1,1,1
37,43442,0,1,1
37,43446,1,1,1
37,43450,1,1,1
37,43454,0,1,1
37,43458,0,1,1
37,43462,1,1,1
37,43466,1,1,1
37,43470,0,1,1
37,43474,0,1,1
37,43478,1,1,1
37,43482,1,1,1
37,43486,0,1,1
37,43490,0,1,1
37,43494,1,1,1
37,43498,1,1,1
37,43502,0,1,1
37,43506,0,1,1
37,43510,1,1,1
37,43514,1,1,1
37,43518,0,1,1
37,43522,0,1,1
37,43526,1,1,1
37,43530,1,1,1
37,43534,0,1,1
37,43538,0,1,1
37,43542,1,1,1
37,43546,1,1,1
37,43550,0,1,1
37,43554,0,1,1
37,43558,1,1,1
37,43562,1,1,1
37,43566,0,1,1
37,43570,0,1,1
37,43574,1,1,1
37,43578,1,1,1
37,43582,0,1,1
37,43590,1,1,1
37,43594,1,1,1
37,43598,0,1,1
37,43602,0,1,1
37,43606,1,1,1
37,43610,1,1,1
37,43614,0,1,1
37,43618,0,1,1
37,43622,1,1,1
37,43626,1,1,1
37,43630,0,1,1
37,43634,0,1,1
37,43638,1,1,1
37,43642,1,1,1
37,43646,0,1,1
37,43650,0,1,1
37,43654,1,1,1
37,43658,1,1,1
37,43662,0,1,1
37,43666,0,1,1
37,43670,1,1,1
37,43674,1,1,1
37,43678,0,1,1
37,43682,0,1,1
37,43686,1,1,1
37,43690,1,1,1
37,43694,0,1,1
37,43698,0,1,1
37,43702,1,1,1
37,43706,1,1,1
37,43710,0,1,1
37,43714,0,1,1
37,43718,1,1,1
37,43722,1,1,1
37,43726,0,1,1
37,43730,0,1,1
37,43738,1,1,1
37,43742,0,1,1
37,43746,0,1,1
37,43750,1,1,1
37,43754,1,1,1
37,43758,0,1,1
37,43762,0,1,1
37,43766,1,1,1
37,43770,1,1,1
37,43774,0,1,1
37,43778,0,1,1
37,43782,0,1,1
37,43786,1,1,1
37,43790,0,1,1
37,43794,0,1,1
37,43798,1,1,1
37,43802,1,1,1
37,43806,0,1,1
37,43810,0,1,1
37,43814,1,1,1
37,43818,1,1,1
37,43822,0,1,1
37,43826,0,1,1
37,43830,1,1,1
37,43834,1,1,1
37,43838,0,1,1
37,43842,0,1,1
37,43846,1,1,1
37,43850,1,1,1
37,43854,0,1,1
37,43858,0,1,1
37,43862,1,1,1
37,43866,1,1,1
37,43870,0,1,1
37,43874,0,1,1
37,43878,1,1,1
37,43886,0,1,1
37,43890,0,1,1
37,43894,1,1,1
37,43898,1,1,1
37,43902,0,1,1
37,43906,0,1,1
37,43910,1,1,1
37,43914,1,1,1
37,43918,0,1,1
37,43922,0,1,1
37,43926,1,1,1
37,43930,1,1,1
37,43934,0,1,1
37,43938,0,1,1
37,43942,1,1,1
37,43946,1,1,1
37,43950,0,1,1
37,43954,0,1,1
37,43958,1,1,1
37,43962,1,1,1
37,43966,0,1,1
37,43970,0,1,1
37,43974,1,1,1
37,43978,1,1,1
37,43982,0,1,1
37,43986,0,1,1
37,43990,1,1,1
37,43994,1,1,1
37,43998,0,1,1
37,44002,0,1,1
37,44006,1,1,1
37,44010,1,1,1
37,44014,0,1,1
37,44018,0,1,1
37,44022,1,1,1
37,44026,1,1,1
37,44034,0,1,1
37,44038,1,1,1
37,44042,1,1,1
37,44046,0,1,1
37,44050,0,1,1
37,44054,1,1,1
37,44058,1,1,1
37,44062,0,1,1
37,44066,0,1,1
37,44070,1,1,1
37,44074,1,1,1
37,44078,0,1,1
37,44082,0,1,1
37,44086,1,1,1
37,44090,1,1,1
37,44094,0,1,1
37,44098,0,1,1
37,44102,1,1,1
37,44106,1,1,1
37,44110,0,1,1
37,44114,0,1,1
37,44118,1,1,1
37,44122,1,1,1
37,44126,0,1,1
37,44130,0,1,1
37,44134,1,1,1
37,44138,1,1,1
37,44142,0,1,1
37,44146,0,1,1
37,44150,1,1,1
37,44154,1,1,1
37,44158,0,1,1
37,44162,0,1,1
37,44166,1,1,1
37,44170,1,1,1
37,44174,0,1,1
37,44182,1,1,1
37,44186,1,1,1
37,44190,0,1,1
37,44194,0,1,1
37,44198,1,1,1
37,44202,1,1,1
37,44206,0,1,1
37,44210,0,1,1
37,44214,1,1,1
37,44218,1,1,1
37,44222,0,1,1
37,44226,0,1,1
37,44230,1,1,1
37,44234,1,1,1
37,44238,0,1,1
37,44242,0,1,1
37,44246,1,1,1
37,44250,1,1,1
37,44254,0,1,1
37,44258,0,1,1
37,44262,1,1,1
37,44266,1,1,1
37,44270,0,1,1
37,44274,0,1,1
37,44278,1,1,1
37,44282,1,1,1
37,44286,0,1,1
37,44290,0,1,1
37,44294,1,1,1
37,44298,1,1,1
37,44302,0,1,1
37,44306,0,1,1
37,44310,1,1,1
37,44314,1,1,1
37,44318,0,1,1
37,44322,0,1,1
37,44330,1,1,1
37,44334,0,1,1
37,44338,0,1,1
37,44342,1,1,1
37,44346,1,1,1
37,44350,0,1,1
37,44354,0,1,1
37,44358,1,1,1
37,44362,1,1,1
37,44366,0,1,1
37,44370,0,1,1
37,44374,1,1,1
37,44378,1,1,1
37,44382,0,1,1
37,44386,0,1,1
37,44390,1,1,1
37,44394,1,1,1
37,44398,0,1,1
37,44402,0,1,1
37,44406,1,1,1
37,44410,1,1,1
37,44414,0,1,1
37,44418,0,1,1
37,44422,1,1,1
37,44426,1,1,1
37,44430,0,1,1
37,44434,0,1,1
37,44438,1,1,1
37,44442,1,1,1
37,44446,0,1,1
37,44450,0,1,1
37,44454,1,1,1
37,44458,1,1,1
37,44462,0,1,1
37,44466,0,1,1
37,44470,1,1,1
37,44478,0,1,1
37,44482,0,1,1
37,44486,1,1,1
37,44490,1,1,1
37,44494,0,1,1
37,44498,0,1,1
37,44502,1,1,1
37,44506,1,1,1
37,44510,0,1,1
37,44514,0,1,1
37,44518,1,1,1
37,44522,1,1,1
37,44526,0,1,1
37,44530,0,1,1
37,44534,1,1,1
37,44538,1,1,1
37,44542,0,1,1
37,44546,0,1,1
37,44550,1,1,1
37,44554,1,1,1
37,44558,0,1,1
37,44562,0,1,1
37,44566,1,1,1
37,44570,1,1,1
37,44574,0,1,1
37,44578,0,1,1
37,44582,1,1,1
37,44586,1,1,1
37,44590,0,1,1
37,44594,0,1,1
37,44598,1,1,1
37,44602,1,1,1
37,44606,0,1,1
37,44610,0,1,1
37,44614,1,1,1
37,44618,1,1,1
37,44626,0,1,1
37,44630,1,1,1
37,44634,1,1,1
37,44638,0,1,1
37,44642,0,1,1
37,44646,1,1,1
37,44650,1,1,1
37,44654,0,1,1
37,44658,0,1,1
37,44662,1,1,1
37,44666,1,1,1
37,44670,0,1,1
37,44674,0,1,1
37,44678,1,1,1
37,44682,1,1,1
37,44686,0,1,1
37,44690,0,1,1
37,44694,1,1,1
37,44698,1,1,1
37,44702,0,1,1
37,44706,0,1,1
37,44710,1,1,1
37,44714,1,1,1
37,44718,0,1,1
37,44722,0,1,1
37,44726,1,1,1
37,44730,1,1,1
37,44734,0,1,1
37,44738,0,1,1
37,44742,1,1,1
37,44746,1,1,1
37,44750,0,1,1
37,44754,0,1,1
37,44758,1,1,1
37,44762,1,1,1
37,44766,0,1,1
37,44774,1,1,1
37,44778,1,1,1
37,44782,0,1,1
37,44786,0,1,1
37,44790,1,1,1
37,44794,1,1,1
37,44798,0,1,1
37,44802,0,1,1
37,44806,1,1,1
37,44810,1,1,1
37,44814,0,1,1
37,44818,0,1,1
37,44822,1,1,1
37,44826,1,1,1
37,44830,0,1,1
37,44834,0,1,1
37,44838,0,1,1
37,44842,1,1,1
37,44846,0,1,1
37,44850,0,1,1
37,44854,1,1,1
37,44858,1,1,1
37,44862,0,1,1
37,44866,0,1,1
37,44870,1,1,1
37,44874,1,1,1
37,44878,0,1,1
37,44882,0,1,1
37,44886,1,1,1
37,44890,1,1,1
37,44894,0,1,1
37,44898,0,1,1
37,44902,1,1,1
37,44906,1,1,1
37,44910,0,1,1
37,44914,0,1,1
37,44922,1,1,1
37,44926,0,1,1
37,44930,0,1,1
37,44934,1,1,1
37,44938,1,1,1
37,44942,0,1,1
37,44946,0,1,1
37,44950,1,1,1
37,44954,1,1,1
37,44958,0,1,1
37,44962,0,1,1
37,44966,1,1,1
37,44970,1,1,1
37,44974,0,1,1
37,44978,0,1,1
37,44982,1,1,1
37,44986,1,1,1
37,44990,0,1,1
37,44994,0,1,1
37,44998,1,1,1
37,45002,1,1,1
37,45006,0,1,1
37,45010,0,1,1
37,45014,1,1,1
37,45018,1,1,1
37,45022,0,1,1
37,45026,0,1,1
37,45030,1,1,1
37,45034,1,1,1
37,45038,0,1,1
37,45042,0,1,1
37,45046,1,1,1
37,45050,1,1,1
37,45054,0,0,0
37,45058,0,1,1
37,45062,1,1,1
37,45070,0,1,1
37,45074,0,1,1
37,45078,1,1,1
37,45082,1,1,1
37,45086,0,1,1
37,45090,0,1,1
37,45094,1,1,1
37,45098,1,1,1
37,45102,0,1,1
37,45106,0,1,1
37,45110,1,1,1
37,45114,1,1,1
37,45118,0,1,1
37,45122,0,1,1
37,45126,1,1,1
37,45130,1,1,1
37,45134,0,1,1
37,45138,0,1,1
37,45142,1,1,1
37,45146,1,1,1
37,45150,0,1,1
37,45154,0,1,1
37,45158,1,1,1
37,45162,1,1,1
37,45166,0,1,1
37,45170,0,1,1
37,45174,1,1,1
37,45178,1,1,1
37,45182,0,1,1
37,45186,0,1,1
37,45190,1,1,1
37,45194,1,1,1
37,45198,0,1,1
37,45202,0,1,1
37,45206,1,1,1
37,45210,1,1,1
37,45218,0,1,1
37,45222,1,1,1
37,45226,1,1,1
37,45230,0,1,1
37,45234,0,1,1
37,45238,1,1,1
37,45242,1,1,1
37,45246,0,1,1
37,45250,0,1,1
37,45254,1,1,1
37,45258,1,1,1
37,45262,0,1,1
37,45266,0,1,1
37,45270,1,1,1
37,45274,1,1,1
37,45278,0,1,1
37,45282,0,1,1
37,45286,1,1,1
37,45290,1,1,1
37,45294,0,1,1
37,45298,0,1,1
37,45302,1,1,1
37,45306,1,1,1
37,45310,0,1,1
37,45314,0,1,1
37,45318,1,1,1
37,45322,1,1,1
37,45326,0,1,1
37,45330,0,1,1
37,45334,1,1,1
37,45338,1,1,1
37,45342,0,1,1
37,45346,0,1,1
37,45350,1,1,1
37,45354,1,1,1
37,45358,0,1,1
37,45366,1,1,1
37,45370,1,1,1
37,45374,0,1,1
37,45378,0,1,1
37,45382,1,1,1
37,45386,1,1,1
37,45390,0,1,1
37,45394,0,1,1
37,45398,1,1,1
37,45402,1,1,1
37,45406,0,1,1
37,45410,0,1,1
37,45414,1,1,1
37,45418,1,1,1
37,45422,0,1,1
37,45426,0,1,1
37,45430,1,1,1
37,45434,1,1,1
37,45438,0,1,1
37,45442,0,1,1
37,45446,1,1,1
37,45450,1,1,1
37,45454,0,1,1
37,45458,0,1,1
37,45462,1,1,1
37,45466,1,1,1
37,45470,0,1,1
37,45474,0,1,1
37,45478,1,1,1
37,45482,1,1,1
37,45486,0,1,1
37,45490,0,1,1
37,45494,1,1,1
37,45498,1,1,1
37,45502,0,1,1
37,45506,0,1,1
37,45514,1,1,1
37,45518,0,1,1
37,45522,0,1,1
37,45526,1,1,1
37,45530,1,1,1
37,45534,0,1,1
37,45538,0,1,1
37,45542,1,1,1
37,45546,1,1,1
37,45550,0,1,1
37,45554,0,1,1
37,45558,1,1,1
37,45562,1,1,1
37,45566,0,1,1
37,45570,0,1,1
37,45574,1,1,1
37,45578,1,1,1
37,45582,0,1,1
37,45586,0,1,1
37,45590,1,1,1
37,45594,1,1,1
37,45598,0,1,1
37,45602,0,1,1
37,45606,1,1,1
37,45610,1,1,1
37,45614,0,1,1
37,45618,0,1,1
37,45622,1,1,1
37,45626,1,1,1
37,45630,0,1,1
37,45634,0,1,1
37,45638,1,1,1
37,45642,1,1,1
37,45646,0,1,1
37,45650,0,1,1
37,45654,1,1,1
37,45662,0,1,1
37,45666,0,1,1
37,45670,1,1,1
37,45674,1,1,1
37,45678,0,1,1
37,45682,0,1,1
37,45686,1,1,1
37,45690,1,1,1
37,45694,0,1,1
37,45698,0,1,1
37,45702,1,1,1
37,45706,1,1,1
37,45710,0,1,1
37,45714,0,1,1
37,45718,1,1,1
37,45722,1,1,1
37,45726,0,1,1
37,45730,0,1,1
37,45734,1,1,1
37,45738,1,1,1
37,45742,0,1,1
37,45746,0,1,1
37,45750,1,1,1
37,45754,1,1,1
37,45758,0,1,1
37,45762,0,1,1
37,45766,1,1,1
37,45770,1,1,1
37,45774,0,1,1
37,45778,0,1,1
37,45782,1,1,1
37,45786,1,1,1
37,45790,0,1,1
37,45794,0,1,1
37,45798,1,1,1
37,45802,1,1,1
37,45810,0,1,1
37,45814,1,1,1
37,45818,1,1,1
37,45822,0,1,1
37,45826,0,1,1
37,45830,1,1,1
37,45834,1,1,1
37,45838,0,1,1
37,45842,0,1,1
37,45846,1,1,1
37,45850,1,1,1
37,45854,0,1,1
37,45858,0,1,1
37,45862,1,1,1
37,45866,1,1,1
37,45870,0,1,1
37,45874,0,1,1
37,45878,1,1,1
37,45882,1,1,1
37,45886,0,1,1
37,45890,0,1,1
37,45894,1,1,1
37,45898,1,1,1
37,45902,0,1,1
37,45906,0,1,1
37,45910,1,1,1
37,45914,1,1,1
37,45918,0,1,1
37,45922,0,1,1
37,45926,1,1,1
37,45930,1,1,1
37,45934,0,1,1
37,45938,0,1,1
37,45942,1,1,1
37,45946,1,1,1
37,45950,0,1,1
37,45958,1,1,1
37,45962,1,1,1
37,45966,0,1,1
37,45970,0,1,1
37,45974,1,1,1
37,45978,1,1,1
37,45982,0,1,1
37,45986,0,1,1
37,45990,1,1,1
37,45994,1,1,1
37,45998,0,1,1
37,46002,0,1,1
37,46006,1,1,1
37,46010,1,1,1
37,46014,0,1,1
37,46018,0,1,1
37,46022,1,1,1
37,46026,1,1,1
37,46030,0,1,1
37,46034,0,1,1
37,46038,1,1,1
37,46042,1,1,1
37,46046,0,1,1
37,46050,0,1,1
37,46054,1,1,1
37,46058,1,1,1
37,46062,0,1,1
37,46066,0,1,1
37,46070,1,1,1
37,46074,1,1,1
37,46078,0,1,1
37,46082,0,1,1
37,46086,1,1,1
37,46090,1,1,1
37,46094,0,1,1
37,46098,0,1,1
37,46106,1,1,1
37,46110,0,1,1
37,46114,0,1,1
37,46118,1,1,1
37,46122,1,1,1
37,46126,0,1,1
37,46130,0,1,1
37,46134,1,1,1
37,46138,1,1,1
37,46142,0,1,1
37,46146,0,1,1
37,46150,1,1,1
37,46154,1,1,1
37,46158,0,1,1
37,46162,0,1,1
37,46166,1,1,1
37,46170,1,1,1
37,46174,0,1,1
37,46178,0,1,1
37,46182,1,1,1
37,46186,1,1,1
37,46190,0,1,1
37,46194,0,1,1
37,46198,1,1,1
37,46202,1,1,1
37,46206,0,1,1
37,46210,0,1,1
37,46214,1,1,1
37,46218,1,1,1
37,46222,0,1,1
37,46226,0,1,1
37,46230,1,1,1
37,46234,1,1,1
37,46238,0,1,1
37,46242,0,1,1
37,46246,1,1,1
37,46254,0,1,1
37,46258,0,1,1
37,46262,1,1,1
37,46266,1,1,1
37,46270,0,1,1
37,46274,0,1,1
37,46278,1,1,1
37,46282,1,1,1
37,46286,0,1,1
37,46290,0,1,1
37,46294,1,1,1
37,46298,1,1,1
37,46302,0,1,1
37,46306,0,1,1
37,46310,1,1,1
37,46314,1,1,1
37,46318,0,1,1
37,46322,0,1,1
37,46326,1,1,1
37,46330,1,1,1
37,46334,0,1,1
37,46338,0,1,1
37,46342,1,1,1
37,46346,1,1,1
37,46350,0,1,1
37,46354,0,1,1
37,46358,1,1,1
37,46362,1,1,1
37,46366,0,1,1
37,46370,0,1,1
37,46374,1,1,1
37,46378,1,1,1
37,46382,0,1,1
37,46386,0,1,1
37,46390,1,1,1
37,46394,1,1,1
37,46402,0,1,1
37,46406,1,1,1
37,46410,1,1,1
37,46414,0,1,1
37,46418,0,1,1
37,46422,1,1,1
37,46426,1,1,1
37,46430,0,1,1
37,46434,0,1,1
37,46438,1,1,1
37,46442,1,1,1
37,46446,0,1,1
37,46450,0,1,1
37,46454,1,1,1
37,46458,1,1,1
37,46462,0,1,1
37,46466,0,1,1
37,46470,1,1,1
37,46474,1,1,1
37,46478,0,1,1
37,46482,0,1,1
37,46486,1,1,1
37,46490,1,1,1
37,46494,0,1,1
37,46498,0,1,1
37,46502,1,1,1
37,46506,1,1,1
37,46510,0,1,1
37,46514,0,1,1
37,46518,1,1,1
37,46522,1,1,1
37,46526,0,1,1
37,46530,0,1,1
37,46534,1,1,1
37,46538,1,1,1
37,46542,0,1,1
37,46550,1,1,1
37,46554,1,1,1
37,46558,0,1,1
37,46562,0,1,1
37,46566,1,1,1
37,46570,1,1,1
37,46574,0,1,1
37,46578,0,1,1
37,46582,1,1,1
37,46586,1,1,1
37,46590,0,1,1
37,46594,0,1,1
37,46598,1,1,1
37,46602,1,1,1
37,46606,0,1,1
37,46610,0,1,1
37,46614,1,1,1
37,46618,1,1,1
37,46622,0,1,1
37,46626,0,1,1
37,46630,1,1,1
37,46634,1,1,1
37,46638,0,1,1
37,46642,0,1,1
37,46646,1,1,1
37,46650,1,1,1
37,46654,0,1,1
37,46658,0,1,1
37,46662,1,1,1
37,46666,1,1,1
37,46670,0,1,1
37,46674,0,1,1
37,46678,1,1,1
37,46682,1,1,1
37,46686,0,1,1
37,46690,0,1,1
37,46698,1,1,1
37,46702,0,1,1
37,46706,0,1,1
37,46710,1,1,1
37,46714,1,1,1
37,46718,0,1,1
37,46722,0,1,1
37,46726,1,1,1
37,46730,1,1,1
37,46734,0,1,1
37,46738,0,1,1
37,46742,1,1,1
37,46746,1,1,1
37,46750,0,1,1
37,46754,0,1,1
37,46758,1,1,1
37,46762,1,1,1
37,46766,0,1,1
37,46770,0,0,0
37,46774,1,1,1
37,46778,1,1,1
37,46782,0,1,1
37,46786,0,1,1
37,46790,1,1,1
37,46794,1,1,1
37,46798,0,1,1
37,46802,0,1,1
37,46806,1,1,1
37,46810,1,1,1
37,46814,0,1,1
37,46818,0,1,1
37,46822,1,1,1
37,46826,1,1,1
37,46830,0,1,1
37,46834,0,1,1
37,46838,1,1,1
37,46846,0,1,1
37,46850,0,1,1
37,46854,1,1,1
37,46858,1,1,1
37,46862,0,1,1
37,46866,0,1,1
37,46870,1,1,1
37,46874,1,1,1
37,46878,0,1,1
37,46882,0,1,1
37,46886,1,1,1
37,46890,1,1,1
37,46894,0,1,1
37,46898,0,1,1
37,46902,1,1,1
37,46906,1,1,1
37,46910,0,1,1
37,46914,0,1,1
37,46918,1,1,1
37,46922,1,1,1
37,46926,0,1,1
37,46930,0,1,1
37,46934,1,1,1
37,46938,1,1,1
37,46942,0,1,1
37,46946,0,1,1
37,46950,1,1,1
37,46954,1,1,1
37,46958,0,1,1
37,46962,0,1,1
37,46966,1,1,1
37,46970,1,1,1
37,46974,0,1,1
37,46978,0,1,1
37,46982,1,1,1
37,46986,1,1,1
37,46994,0,1,1
37,46998,1,1,1
37,47002,1,1,1
37,47006,0,1,1
37,47010,0,1,1
37,47014,1,1,1
37,47018,1,1,1
37,47022,0,1,1
37,47026,0,1,1
37,47030,1,1,1
37,47034,1,1,1
37,47038,0,1,1
37,47042,0,1,1
37,47046,1,1,1
37,47050,1,1,1
37,47054,0,1,1
37,47058,0,1,1
37,47062,1,1,1
37,47066,1,1,1
37,47070,0,1,1
37,47074,0,1,1
37,47078,1,1,1
37,47082,1,1,1
37,47086,0,1,1
37,47090,0,1,1
37,47094,1,1,1
37,47098,1,1,1
37,47102,0,1,1
37,47106,0,1,1
37,47110,1,1,1
37,47114,1,1,1
37,47118,0,1,1
37,47122,0,1,1
37,47126,1,1,1
37,47130,1,1,1
37,47134,0,1,1
37,47142,1,1,1
37,47146,1,1,1
37,47150,0,1,1
37,47154,0,1,1
37,47158,1,1,1
37,47162,1,1,1
37,47166,0,1,1
37,47170,0,1,1
37,47174,1,1,1
37,47178,1,1,1
37,47182,0,1,1
37,47186,0,1,1
37,47190,1,1,1
37,47194,1,1,1
37,47198,0,1,1
37,47202,0,1,1
37,47206,1,1,1
37,47210,1,1,1
37,47214,0,1,1
37,47218,0,1,1
37,47222,1,1,1
37,47226,1,1,1
37,47230,0,1,1
37,47234,0,1,1
37,47238,1,1,1
37,47242,1,1,1
37,47246,0,1,1
37,47250,0,1,1
37,47254,1,1,1
37,47258,1,1,1
37,47262,0,1,1
37,47266,0,1,1
37,47270,1,1,1
37,47274,1,1,1
37,47278,0,1,1
37,47282,0,1,1
37,47290,1,1,1
37,47294,0,1,1
37,47298,0,1,1
37,47302,1,1,1
37,47306,1,1,1
37,47310,0,1,1
37,47314,0,1,1
37,47318,1,1,1
37,47322,1,1,1
37,47326,0,1,1
37,47330,0,1,1
37,47334,1,1,1
37,47338,1,1,1
37,47342,0,1,1
37,47346,0,1,1
37,47350,1,1,1
37,47354,1,1,1
37,47358,0,1,1
37,47362,0,1,1
37,47366,1,1,1
37,47370,1,1,1
37,47374,0,1,1
37,47378,0,1,1
37,47382,1,1,1
37,47386,1,1,1
37,47390,0,1,1
37,47394,0,1,1
37,47398,1,1,1
37,47402,1,1,1
37,47406,0,1,1
37,47410,0,1,1
37,47414,1,1,1
37,47418,1,1,1
37,47422,0,1,1
37,47426,0,1,1
37,47430,1,1,1
37,47438,0,1,1
37,47442,0,1,1
37,47446,1,1,1
37,47450,1,1,1
37,47454,0,1,1
37,47458,0,1,1
37,47462,1,1,1
37,47466,1,1,1
37,47470,0,1,1
37,47474,0,1,1
37,47478,1,0,1
37,47482,1,1,1
37,47486,0,1,1
37,47490,0,1,1
37,47494,1,1,1
37,47498,1,1,1
37,47502,0,1,1
37,47506,0,1,1
37,47510,1,1,1
37,47514,1,1,1
37,47518,0,1,1
37,47522,0,1,1
37,47526,1,1,1
37,47530,1,1,1
37,47534,0,1,1
37,47538,0,1,1
37,47542,1,1,1
37,47546,1,1,1
37,47550,0,1,1
37,47554,0,1,1
37,47558,1,1,1
37,47562,1,1,1
37,47566,0,1,1
37,47570,0,1,1
37,47574,1,1,1
37,47578,1,1,1
37,47586,0,1,1
37,47590,1,1,1
37,47594,1,1,1
37,47598,0,1,1
37,47602,0,1,1
37,47606,1,1,1
37,47610,1,1,1
37,47614,0,1,1
37,47618,0,1,1
37,47622,1,1,1
37,47626,1,1,1
37,47630,0,1,1
37,47634,0,1,1
37,47638,1,1,1
37,47642,1,1,1
37,47646,0,1,1
37,47650,0,1,1
37,47654,1,1,1
37,47658,1,1,1
37,47662,0,1,1
37,47666,0,1,1
37,47670,1,1,1
37,47674,1,1,1
37,47678,0,1,1
37,47682,0,1,1
37,47686,1,1,1
37,47690,1,1,1
37,47694,0,1,1
37,47698,0,1,1
37,47702,1,1,1
37,47706,1,1,1
37,47710,0,1,1
37,47714,0,1,1
37,47718,1,1,1
37,47722,1,1,1
37,47726,0,1,1
37,47734,1,1,1
37,47738,1,1,1
37,47742,0,1,1
37,47746,0,1,1
37,47750,1,1,1
37,47754,1,1,1
37,47758,0,1,1
37,47762,0,1,1
37,47766,1,1,1
37,47770,1,1,1
37,47774,0,1,1
37,47778,0,1,1
37,47782,1,1,1
37,47786,1,1,1
37,47790,0,1,1
37,47794,0,1,1
37,47798,1,1,1
37,47802,1,1,1
37,47806,0,1,1
37,47810,0,1,1
37,47814,1,1,1
37,47818,1,1,1
37,47822,0,1,1
37,47826,0,1,1
37,47830,1,1,1
37,47834,1,1,1
37,47838,0,1,1
37,47842,0,1,1
37,47846,1,1,1
37,47850,1,1,1
37,47854,0,1,1
37,47858,0,1,1
37,47862,1,1,1
37,47866,1,1,1
37,47870,0,1,1
37,47874,0,1,1
37,47882,1,1,1
37,47886,0,1,1
37,47890,0,1,1
37,47894,1,1,1
37,47898,1,1,1
37,47902,0,1,1
37,47906,0,1,1
37,47910,1,1,1
37,47914,1,1,1
37,47918,0,1,1
37,47922,0,1,1
37,47926,1,1,1
37,47930,1,1,1
37,47934,0,1,1
37,47938,0,1,1
37,47942,1,1,1
37,47946,1,1,1
37,47950,0,1,1
37,47954,0,1,1
37,47958,1,1,1
37,47962,1,1,1
37,47966,0,1,1
37,47970,0,1,1
37,47974,1,1,1
37,47978,1,1,1
37,47982,0,1,1
37,47986,0,1,1
37,47990,1,1,1
37,47994,1,1,1
37,47998,0,1,1
37,48002,0,1,1
37,48006,1,1,1
37,48010,1,1,1
37,48014,0,1,1
37,48018,0,1,1
37,48022,1,1,1
37,48030,0,1,1
37,48034,0,1,1
37,48038,1,1,1
37,48042,1,1,1
37,48046,0,1,1
37,48050,0,1,1
37,48054,1,1,1
37,48058,1,1,1
37,48062,0,1,1
37,48066,0,1,1
37,48070,1,1,1
37,48074,1,1,1
37,48078,0,1,1
37,48082,0,1,1
37,48086,1,1,1
37,48090,1,1,1
37,48094,0,1,1
37,48098,0,1,1
37,48102,1,1,1
37,48106,1,1,1
37,48110,0,1,1
37,48114,0,1,1
37,48118,1,1,1
37,48122,1,1,1
37,48126,0,1,1
37,48130,0,1,1
37,48134,1,1,1
37,48138,1,1,1
37,48142,0,1,1
37,48146,0,1,1
37,48150,1,1,1
37,48154,1,1,1
37,48158,0,1,1
37,48162,0,1,1
37,48166,1,1,1
37,48170,1,1,1
37,48178,0,1,1
37,48182,1,1,1
37,48186,1,1,1
37,48190,0,1,1
37,48194,0,1,1
37,48198,1,1,1
37,48202,1,1,1
37,48206,0,1,1
37,48210,0,1,1
37,48214,1,1,1
37,48218,1,1,1
37,48222,0,1,1
37,48226,0,1,1
37,48230,1,1,1
37,48234,1,1,1
37,48238,0,1,1
37,48242,0,1,1
37,48246,1,1,1
37,48250,1,1,1
37,48254,0,1,1
37,48258,0,1,1
37,48262,1,1,1
37,48266,1,1,1
37,48270,0,1,1
37,48274,0,1,1
37,48278,1,1,1
37,48282,1,1,1
37,48286,0,1,1
37,48290,0,1,1
37,48294,1,1,1
37,48298,1,1,1
37,48302,0,1,1
37,48306,0,1,1
37,48310,1,1,1
37,48314,1,1,1
37,48318,0,1,1
37,48326,1,1,1
37,48330,1,1,1
37,48334,0,1,1
37,48338,0,1,1
37,48342,1,1,1
37,48346,1,1,1
37,48350,0,1,1
37,48354,0,1,1
37,48358,1,1,1
37,48362,1,1,1
37,48366,0,1,1
37,48370,0,1,1
37,48374,1,1,1
37,48378,0,1,1
37,48382,0,1,1
37,48386,0,1,1
37,48390,1,1,1
37,48394,1,1,1
37,48398,0,1,1
37,48402,0,1,1
37,48406,1,1,1
37,48410,1,1,1
37,48414,0,1,1
37,48418,0,1,1
37,48422,1,1,1
37,48426,1,1,1
37,48430,0,1,1
37,48434,0,1,1
37,48438,1,1,1
37,48442,1,1,1
37,48446,0,1,1
37,48450,0,1,1
37,48454,1,1,1
37,48458,1,1,1
37,48462,0,1,1
37,48466,0,1,1
37,48474,1,1,1
37,48478,0,1,1
37,48482,0,1,1
37,48486,1,1,1
37,48490,1,1,1
37,48494,0,1,1
37,48498,0,0,0
37,48502,1,1,1
37,48506,1,1,1
37,48510,0,1,1
37,48514,0,1,1
37,48518,1,1,1
37,48522,1,1,1
37,48526,0,1,1
37,48530,0,1,1
37,48534,1,1,1
37,48538,1,1,1
37,48542,0,1,1
37,48546,0,1,1
37,48550,1,1,1
37,48554,1,1,1
37,48558,0,1,1
37,48562,0,1,1
37,48566,1,1,1
37,48570,1,1,1
37,48574,0,1,1
37,48578,0,1,1
37,48582,1,1,1
37,48586,1,1,1
37,48590,0,1,1
37,48594,0,1,1
37,48598,1,1,1
37,48602,1,1,1
37,48606,0,1,1
37,48610,0,1,1
37,48614,1,1,1
37,48622,0,1,1
37,48626,0,1,1
37,48630,1,1,1
37,48634,1,1,1
37,48638,0,1,1
37,48642,0,1,1
37,48646,1,1,1
37,48650,1,1,1
37,48654,0,1,1
37,48658,0,1,1
37,48662,1,1,1
37,48666,1,1,1
37,48670,0,1,1
37,48674,0,1,1
37,48678,1,1,1
37,48682,1,1,1
37,48686,0,1,1
37,48690,0,1,1
37,48694,1,1,1
37,48698,1,1,1
37,48702,0,1,1
37,48706,0,1,1
37,48710,1,1,1
37,48714,1,1,1
37,48718,0,1,1
37,48722,0,1,1
37,48726,1,1,1
37,48730,1,1,1
37,48734,0,1,1
37,48738,0,1,1
37,48742,1,1,1
37,48746,1,1,1
37,48750,0,1,1
37,48754,0,1,1
37,48758,1,1,1
37,48762,1,1,1
37,48770,0,1,1
37,48774,1,1,1
37,48778,1,1,1
37,48782,0,1,1
37,48786,0,1,1
37,48790,1,1,1
37,48794,1,1,1
37,48798,0,1,1
37,48802,0,1,1
37,48806,1,1,1
37,48810,1,1,1
37,48814,0,1,1
37,48818,0,1,1
37,48822,1,1,1
37,48826,1,1,1
37,48830,0,1,1
37,48834,0,1,1
37,48838,1,1,1
37,48842,1,1,1
37,48846,0,1,1
37,48850,0,1,1
37,48854,1,1,1
37,48858,1,1,1
37,48862,0,1,1
37,48866,0,1,1
37,48870,1,1,1
37,48874,1,1,1
37,48878,0,1,1
37,48882,0,1,1
37,48886,1,1,1
37,48890,1,1,1
37,48894,0,1,1
37,48898,0,1,1
37,48902,1,1,1
37,48906,1,1,1
37,48910,0,1,1
37,48918,1,1,1
37,48922,1,1,1
37,48926,0,1,1
37,48930,0,1,1
37,48934,1,1,1
37,48938,1,1,1
37,48942,0,0,0
37,48946,0,1,1
37,48950,1,1,1
37,48954,1,1,1
37,48958,0,1,1
37,48962,0,1,1
37,48966,1,1,1
37,48970,1,1,1
37,48974,0,1,1
37,48978,0,1,1
37,48982,1,1,1
37,48986,1,1,1
37,48990,0,1,1
37,48994,0,1,1
37,48998,1,1,1
37,49002,1,1,1
37,49006,0,1,1
37,49010,0,1,1
37,49014,1,1,1
37,49018,1,1,1
37,49022,0,1,1
37,49026,0,1,1
37,49030,1,1,1
37,49034,1,1,1
37,49038,0,1,1
37,49042,0,1,1
37,49046,1,1,1
37,49050,1,1,1
37,49054,0,1,1
37,49058,0,1,1
37,49066,1,1,1
37,49070,0,1,1
37,49074,0,1,1
37,49078,1,1,1
37,49082,1,1,1
37,49086,0,1,1
37,49090,0,1,1
37,49094,1,1,1
37,49098,1,1,1
37,49102,0,1,1
37,49106,0,1,1
37,49110,1,1,1
37,49114,1,1,1
37,49118,0,1,1
37,49122,0,1,1
37,49126,1,1,1
37,49130,1,1,1
37,49134,0,1,1
37,49138,0,1,1
37,49142,1,1,1
37,49146,1,1,1
37,49150,0,1,1
37,49154,0,1,1
37,49158,1,1,1
37,49162,1,1,1
37,49166,0,1,1
37,49170,0,1,1
37,49174,1,1,1
37,49178,1,1,1
37,49182,0,1,1
37,49186,0,1,1
37,49190,1,1,1
37,49194,1,1,1
37,49198,0,1,1
37,49202,0,1,1
37,49206,1,1,1
37,49214,0,1,1
37,49218,0,1,1
37,49222,1,1,1
37,49226,1,1,1
37,49230,0,1,1
37,49234,0,1,1
37,49238,1,1,1
37,49242,1,1,1
37,49246,0,1,1
37,49250,0,1,1
37,49254,1,1,1
37,49258,1,1,1
37,49262,0,1,1
37,49266,0,1,1
37,49270,1,1,1
37,49274,1,1,1
37,49278,0,1,1
37,49282,0,1,1
37,49286,1,1,1
37,49290,1,1,1
37,49294,0,1,1
37,49298,0,1,1
37,49302,1,1,1
37,49306,1,1,1
37,49310,0,1,1
37,49314,0,1,1
37,49318,1,1,1
37,49322,1,1,1
37,49326,0,1,1
37,49330,0,1,1
37,49334,1,1,1
37,49338,1,1,1
37,49342,0,1,1
37,49346,0,1,1
37,49350,1,1,1
37,49354,1,1,1
37,49362,0,1,1
37,49366,1,1,1
37,49370,1,1,1
37,49374,0,1,1
37,49378,0,1,1
37,49382,1,1,1
37,49386,1,1,1
37,49390,0,1,1
37,49394,0,1,1
37,49398,1,1,1
37,49402,1,1,1
37,49406,0,1,1
37,49410,0,1,1
37,49414,1,1,1
37,49418,1,1,1
37,49422,0,1,1
37,49426,0,1,1
37,49430,1,1,1
37,49434,1,1,1
37,49438,0,1,1
37,49442,0,1,1
37,49446,1,1,1
37,49450,1,1,1
37,49454,0,1,1
37,49458,0,1,1
37,49462,1,1,1
37,49466,1,1,1
37,49470,0,1,1
37,49474,0,1,1
37,49478,1,1,1
37,49482,1,1,1
37,49486,0,1,1
37,49490,0,1,1
37,49494,1,1,1
37,49498,1,1,1
37,49502,0,1,1
37,49510,1,1,1
37,49514,1,1,1
37,49518,0,1,1
37,49522,0,1,1
37,49526,1,1,1
37,49530,1,1,1
37,49534,0,1,1
37,49538,0,1,1
37,49542,1,1,1
37,49546,1,1,1
37,49550,0,1,1
37,49554,0,1,1
37,49558,1,1,1
37,49562,1,1,1
37,49566,0,1,1
37,49570,0,1,1
37,49574,1,1,1
37,49578,1,1,1
37,49582,0,1,1
37,49586,0,1,1
37,49590,1,1,1
37,49594,1,1,1
37,49598,0,1,1
37,49602,0,1,1
37,49606,1,1,1
37,49610,1,1,1
37,49614,0,1,1
37,49618,0,1,1
37,49622,1,1,1
37,49626,1,1,1
37,49630,0,1,1
37,49634,0,1,1
37,49638,1,1,1
37,49642,1,1,1
37,49646,0,1,1
37,49650,0,1,1
37,49658,1,1,1
37,49662,0,1,1
37,49666,0,1,1
37,49670,1,1,1
37,49674,1,1,1
37,49678,0,1,1
37,49682,0,1,1
37,49686,1,1,1
37,49690,1,1,1
37,49694,0,1,1
37,49698,0,1,1
37,49702,1,1,1
37,49706,1,1,1
37,49710,0,1,1
37,49714,0,1,1
37,49718,1,1,1
37,49722,1,1,1
37,49726,0,1,1
37,49730,0,1,1
37,49734,1,1,1
37,49738,1,1,1
37,49742,0,1,1
37,49746,0,1,1
37,49750,1,1,1
37,49754,1,1,1
37,49758,0,1,1
37,49762,0,1,1
37,49766,1,1,1
37,49770,1,1,1
37,49774,0,1,1
37,49778,0,1,1
37,49782,1,1,1
37,49786,1,1,1
37,49790,0,1,1
37,49794,0,1,1
37,49798,1,1,1
37,49806,0,1,1
37,49810,0,1,1
37,49814,1,1,1
37,49818,1,1,1
37,49822,0,1,1
37,49826,0,1,1
37,49830,1,1,1
37,49834,1,1,1
37,49838,0,1,1
37,49842,0,1,1
37,49846,1,1,1
37,49850,1,1,1
37,49854,0,1,1
37,49858,0,1,1
37,49862,1,1,1
37,49866,1,1,1
37,49870,0,1,1
37,49874,0,1,1
37,49878,1,1,1
37,49882,1,1,1
37,49886,0,1,1
37,49890,0,1,1
37,49894,1,1,1
37,49898,1,1,1
37,49902,0,1,1
37,49906,0,1,1
37,49910,1,1,1
37,49914,1,1,1
37,49918,0,1,1
37,49922,0,1,1
37,49926,1,1,1
37,49930,1,1,1
37,49934,0,1,1
37,49938,0,1,1
37,49942,1,1,1
37,49946,1,1,1
37,49954,0,1,1
37,49958,1,1,1
37,49962,1,1,1
37,49966,0,1,1
37,49970,0,1,1
37,49974,1,1,1
37,49978,1,1,1
37,49982,0,1,1
37,49986,0,1,1
37,49990,1,1,1
37,49994,1,1,1
37,49998,0,1,1
37,50002,0,1,1
37,50006,1,1,1
37,50010,1,1,1
37,50014,0,1,1
37,50018,0,1,1
37,50022,1,1,1
37,50026,1,1,1
37,50030,0,1,1
37,50034,0,1,1
37,50038,1,1,1
37,50042,1,1,1
37,50046,0,0,0
37,50050,0,1,1
37,50054,1,1,1
37,50058,1,1,1
37,50062,0,1,1
37,50066,0,1,1
37,50070,1,1,1
37,50074,1,1,1
37,50078,0,1,1
37,50082,0,1,1
37,50086,1,1,1
37,50090,1,1,1
37,50094,0,1,1
37,50102,1,1,1
37,50106,1,1,1
37,50110,0,1,1
37,50114,0,1,1
37,50118,1,1,1
37,50122,1,1,1
37,50126,0,1,1
37,50130,0,1,1
37,50134,1,1,1
37,50138,1,1,1
37,50142,0,1,1
37,50146,0,1,1
37,50150,1,1,1
37,50154,1,1,1
37,50158,0,1,1
37,50162,0,1,1
37,50166,1,1,1
37,50170,1,1,1
37,50174,0,1,1
37,50178,0,1,1
37,50182,1,1,1
37,50186,1,1,1
37,50190,0,1,1
37,50194,0,1,1
37,50198,1,1,1
37,50202,1,1,1
37,50206,0,1,1
37,50210,0,1,1
37,50214,1,1,1
37,50218,1,1,1
37,50222,0,1,1
37,50226,0,1,1
37,50230,1,1,1
37,50234,1,1,1
37,50238,0,1,1
37,50242,0,1,1
37,50250,1,1,1
37,50254,0,1,1
37,50258,0,1,1
37,50262,1,1,1
37,50266,1,1,1
37,50270,0,1,1
37,50274,0,1,1
37,50278,1,1,1
37,50282,1,1,1
37,50286,0,1,1
37,50290,0,1,1
37,50294,1,1,1
37,50298,1,1,1
37,50302,0,1,1
37,50306,0,1,1
37,50310,1,1,1
37,50314,1,1,1
37,50318,0,1,1
37,50322,0,1,1
37,50326,1,1,1
37,50330,1,1,1
37,50334,0,1,1
37,50338,0,1,1
37,50342,1,1,1
37,50346,1,1,1
37,50350,0,1,1
37,50354,0,1,1
37,50358,1,1,1
37,50362,1,1,1
37,50366,0,1,1
37,50370,0,1,1
37,50374,1,1,1
37,50378,1,1,1
37,50382,0,1,1
37,50386,0,1,1
37,50390,1,1,1
37,50398,0,1,1
37,50402,0,1,1
37,50406,1,1,1
37,50410,1,1,1
37,50414,0,1,1
37,50418,0,1,1
37,50422,1,1,1
37,50426,1,1,1
37,50430,0,1,1
37,50434,0,1,1
37,50438,1,1,1
37,50442,1,1,1
37,50446,0,1,1
37,50450,0,1,1
37,50454,1,1,1
37,50458,1,1,1
37,50462,0,1,1
37,50466,0,1,1
37,50470,1,1,1
37,50474,1,1,1
37,50478,0,1,1
37,50482,0,1,1
37,50486,1,1,1
37,50490,1,1,1
37,50494,0,1,1
37,50498,0,1,1
37,50502,1,1,1
37,50506,1,1,1
37,50510,0,1,1
37,50514,0,1,1
37,50518,1,1,1
37,50522,1,1,1
37,50526,0,1,1
37,50530,0,1,1
37,50534,1,1,1
37,50538,1,1,1
37,50546,0,1,1
37,50550,1,1,1
37,50554,1,1,1
37,50558,0,1,1
37,50562,0,1,1
37,50566,1,1,1
37,50570,1,1,1
37,50574,0,1,1
37,50578,0,1,1
37,50582,1,1,1
37,50586,1,1,1
37,50590,0,1,1
37,50594,0,1,1
37,50598,1,1,1
37,50602,1,1,1
37,50606,0,1,1
37,50610,0,1,1
37,50614,1,1,1
37,50618,1,1,1
37,50622,0,1,1
37,50626,0,1,1
37,50630,1,1,1
37,50634,1,1,1
37,50638,0,1,1
37,50642,0,1,1
37,50646,1,1,1
37,50650,1,1,1
37,50654,0,1,1
37,50658,0,1,1
37,50662,1,1,1
37,50666,1,1,1
37,50670,0,1,1
37,50674,0,1,1
37,50678,1,1,1
37,50682,1,1,1
37,50686,0,1,1
37,50694,1,1,1
37,50698,1,1,1
37,50702,0,1,1
37,50706,0,1,1
37,50710,1,1,1
37,50714,1,1,1
37,50718,0,1,1
37,50722,0,1,1
37,50726,1,1,1
37,50730,1,1,1
37,50734,0,1,1
37,50738,0,1,1
37,50742,1,1,1
37,50746,1,1,1
37,50750,0,1,1
37,50754,0,1,1
37,50758,1,1,1
37,50762,1,1,1
37,50766,0,1,1
37,50770,0,1,1
37,50774,1,1,1
37,50778,0,1,1
37,50782,0,1,1
37,50786,0,1,1
37,50790,1,1,1
37,50794,1,1,1
37,50798,0,1,1
37,50802,0,1,1
37,50806,1,1,1
37,50810,1,1,1
37,50814,0,1,1
37,50818,0,1,1
37,50822,1,1,1
37,50826,1,1,1
37,50830,0,1,1
37,50834,0,1,1
37,50842,1,1,1
37,50846,0,1,1
37,50850,0,1,1
37,50854,1,1,1
37,50858,1,1,1
37,50862,0,1,1
37,50866,0,1,1
37,50870,1,1,1
37,50874,1,1,1
37,50878,0,1,1
37,50882,0,1,1
37,50886,1,1,1
37,50890,1,1,1
37,50894,0,1,1
37,50898,0,1,1
37,50902,1,1,1
37,50906,1,1,1
37,50910,0,1,1
37,50914,0,1,1
37,50918,1,1,1
37,50922,1,1,1
37,50926,0,1,1
37,50930,0,1,1
37,50934,1,1,1
37,50938,1,1,1
37,50942,0,1,1
37,50946,0,1,1
37,50950,1,1,1
37,50954,1,1,1
37,50958,0,1,1
37,50962,0,1,1
37,50966,1,1,1
37,50970,1,1,1
37,50974,0,1,1
37,50978,0,1,1
37,50982,1,1,1
37,50990,0,1,1
37,50994,0,1,1
37,50998,1,1,1
37,51002,1,1,1
37,51006,0,1,1
37,51010,0,1,1
37,51014,1,1,1
37,51018,1,1,1
37,51022,0,1,1
37,51026,0,1,1
37,51030,1,1,1
37,51034,1,1,1
37,51038,0,1,1
37,51042,0,1,1
37,51046,1,1,1
37,51050,1,1,1
37,51054,0,1,1
37,51058,0,1,1
37,51062,1,1,1
37,51066,1,1,1
37,51070,0,1,1
37,51074,0,1,1
37,51078,1,1,1
37,51082,1,1,1
37,51086,0,1,1
37,51090,0,1,1
37,51094,1,1,1
37,51098,1,1,1
37,51102,0,1,1
37,51106,0,1,1
37,51110,1,1,1
37,51114,1,1,1
37,51118,0,1,1
37,51122,0,1,1
37,51126,1,1,1
37,51130,1,1,1
37,51138,0,1,1
37,51142,1,1,1
37,51146,1,1,1
37,51150,0,1,1
37,51154,0,1,1
37,51158,1,1,1
37,51162,1,1,1
37,51166,0,1,1
37,51170,0,1,1
37,51174,1,1,1
37,51178,1,1,1
37,51182,0,1,1
37,51186,0,1,1
37,51190,1,1,1
37,51194,1,1,1
37,51198,0,1,1
37,51202,0,0,0
37,51206,1,1,1
37,51210,1,1,1
37,51214,0,1,1
37,51218,0,1,1
37,51222,1,1,1
37,51226,1,1,1
37,51230,0,1,1
37,51234,0,1,1
37,51238,1,1,1
37,51242,1,1,1
37,51246,0,1,1
37,51250,0,1,1
37,51254,1,1,1
37,51258,1,1,1
37,51262,0,1,1
37,51266,0,1,1
37,51270,1,1,1
37,51274,1,1,1
37,51278,0,1,1
37,51286,1,1,1
37,51290,1,1,1
37,51294,0,1,1
37,51298,0,1,1
37,51302,1,1,1
37,51306,1,1,1
37,51310,0,1,1
37,51314,0,1,1
37,51318,1,1,1
37,51322,1,1,1
37,51326,0,1,1
37,51330,0,1,1
37,51334,1,1,1
37,51338,1,1,1
37,51342,0,1,1
37,51346,0,1,1
37,51350,1,1,1
37,51354,1,1,1
37,51358,0,1,1
37,51362,0,1,1
37,51366,1,1,1
37,51370,1,1,1
37,51374,0,1,1
37,51378,0,1,1
37,51382,1,1,1
37,51386,1,1,1
37,51390,0,1,1
37,51394,0,1,1
37,51398,1,1,1
37,51402,1,1,1
37,51406,0,1,1
37,51410,0,1,1
37,51414,1,1,1
37,51418,1,1,1
37,51422,0,1,1
37,51426,0,1,1
37,51434,1,1,1
37,51438,0,1,1
37,51442,0,1,1
37,51446,1,1,1
37,51450,1,1,1
37,51454,0,1,1
37,51458,0,1,1
37,51462,1,1,1
37,51466,1,1,1
37,51470,0,1,1
37,51474,0,1,1
37,51478,1,1,1
37,51482,1,1,1
37,51486,0,1,1
37,51490,0,1,1
37,51494,1,1,1
37,51498,1,1,1
37,51502,0,1,1
37,51506,0,1,1
37,51510,1,1,1
37,51514,1,1,1
37,51518,0,1,1
37,51522,0,1,1
37,51526,1,1,1
37,51530,1,1,1
37,51534,0,1,1
37,51538,0,1,1
37,51542,1,1,1
37,51546,1,1,1
37,51550,0,1,1
37,51554,0,1,1
37,51558,1,1,1
37,51562,1,1,1
37,51566,0,1,1
37,51570,0,1,1
37,51574,1,1,1
37,51582,0,1,1
37,51586,0,1,1
37,51590,1,1,1
37,51594,1,1,1
37,51598,0,1,1
37,51602,0,1,1
37,51606,1,1,1
37,51610,1,1,1
37,51614,0,1,1
37,51618,0,1,1
37,51622,1,1,1
37,51626,1,1,1
37,51630,0,1,1
37,51634,0,1,1
37,51638,1,1,1
37,51642,1,1,1
37,51646,0,1,1
37,51650,0,1,1
37,51654,1,1,1
37,51658,1,1,1
37,51662,0,1,1
37,51666,0,1,1
37,51670,1,1,1
37,51674,1,1,1
37,51678,0,1,1
37,51682,0,1,1
37,51686,1,1,1
37,51690,1,1,1
37,51694,0,1,1
37,51698,0,1,1
37,51702,1,1,1
37,51706,1,1,1
37,51710,0,1,1
37,51714,0,1,1
37,51718,1,1,1
37,51722,1,1,1
37,51730,0,1,1
37,51734,1,1,1
37,51738,1,1,1
37,51742,0,1,1
37,51746,0,1,1
37,51750,1,1,1
37,51754,1,1,1
37,51758,0,1,1
37,51762,0,1,1
37,51766,1,1,1
37,51770,1,1,1
37,51774,0,1,1
37,51778,0,1,1
37,51782,1,1,1
37,51786,1,1,1
37,51790,0,1,1
37,51794,0,1,1
37,51798,1,1,1
37,51802,1,1,1
37,51806,0,1,1
37,51810,0,1,1
37,51814,1,1,1
37,51818,1,1,1
37,51822,0,1,1
37,51826,0,1,1
37,51830,1,1,1
37,51834,1,1,1
37,51838,0,1,1
37,51842,0,1,1
37,51846,1,1,1
37,51850,1,1,1
37,51854,0,1,1
37,51858,0,1,1
37,51862,1,1,1
37,51866,1,1,1
37,51870,0,1,1
37,51878,1,1,1
37,51882,1,1,1
37,51886,0,1,1
37,51890,0,1,1
37,51894,1,1,1
37,51898,1,1,1
37,51902,0,1,1
37,51906,0,1,1
37,51910,1,1,1
37,51914,1,1,1
37,51918,0,1,1
37,51922,0,1,1
37,51926,1,1,1
37,51930,1,1,1
37,51934,0,1,1
37,51938,0,1,1
37,51942,1,1,1
37,51946,1,1,1
37,51950,0,1,1
37,51954,0,1,1
37,51958,1,1,1
37,51962,1,1,1
37,51966,0,1,1
37,51970,0,1,1
37,51974,1,1,1
37,51978,1,1,1
37,51982,0,1,1
37,51986,0,1,1
37,51990,1,1,1
37,51994,1,1,1
37,51998,0,1,1
37,52002,0,1,1
37,52006,1,1,1
37,52010,1,1,1
37,52014,0,1,1
37,52018,0,1,1
37,52026,1,1,1
37,52030,0,1,1
37,52034,0,1,1
37,52038,1,1,1
37,52042,1,1,1
37,52046,0,1,1
37,52050,0,1,1
37,52054,1,1,1
37,52058,1,1,1
37,52062,0,1,1
37,52066,0,1,1
37,52070,1,1,1
37,52074,1,1,1
37,52078,0,1,1
37,52082,0,1,1
37,52086,1,1,1
37,52090,1,1,1
37,52094,0,1,1
37,52098,0,1,1
37,52102,1,1,1
37,52106,1,1,1
37,52110,0,1,1
37,52114,0,1,1
37,52118,1,1,1
37,52122,1,1,1
37,52126,0,1,1
37,52130,0,1,1
37,52134,1,1,1
37,52138,1,1,1
37,52142,0,1,1
37,52146,0,1,1
37,52150,1,1,1
37,52154,1,1,1
37,52158,0,1,1
37,52162,0,1,1
37,52166,1,1,1
37,52174,0,1,1
37,52178,0,1,1
37,52182,1,1,1
37,52186,1,1,1
37,52190,0,1,1
37,52194,0,1,1
37,52198,1,1,1
37,52202,1,1,1
37,52206,0,1,1
37,52210,0,1,1
37,52214,1,1,1
37,52218,1,1,1
37,52222,0,1,1
37,52226,0,1,1
37,52230,1,1,1
37,52234,1,1,1
37,52238,0,1,1
37,52242,0,1,1
37,52246,1,1,1
37,52250,1,1,1
37,52254,0,1,1
37,52258,0,1,1
37,52262,1,1,1
37,52266,1,1,1
37,52270,0,1,1
37,52274,0,1,1
37,52278,1,1,1
37,52282,1,1,1
37,52286,0,1,1
37,52290,0,1,1
37,52294,1,1,1
37,52298,1,1,1
37,52302,0,1,1
37,52306,0,1,1
37,52310,1,1,1
37,52314,1,1,1
37,52322,0,1,1
37,52326,1,1,1
37,52330,1,1,1
37,52334,0,1,1
37,52338,0,1,1
37,52342,1,1,1
37,52346,1,1,1
37,52350,0,1,1
37,52354,0,1,1
37,52358,1,1,1
37,52362,1,1,1
37,52366,0,1,1
37,52370,0,1,1
37,52374,1,1,1
37,52378,1,1,1
37,52382,0,1,1
37,52386,0,1,1
37,52390,1,1,1
37,52394,1,1,1
37,52398,0,1,1
37,52402,0,1,1
37,52406,1,1,1
37,52410,1,1,1
37,52414,0,1,1
37,52418,0,1,1
37,52422,1,1,1
37,52426,1,1,1
37,52430,0,1,1
37,52434,0,1,1
37,52438,1,1,1
37,52442,1,1,1
37,52446,0,1,1
37,52450,0,1,1
37,52454,1,1,1
37,52458,1,1,1
37,52462,0,1,1
37,52470,1,1,1
37,52474,1,1,1
37,52478,0,1,1
37,52482,0,1,1
37,52486,1,1,1
37,52490,1,1,1
37,52494,0,1,1
37,52498,0,1,1
37,52502,1,1,1
37,52506,1,1,1
37,52510,0,1,1
37,52514,0,1,1
37,52518,1,1,1
37,52522,1,1,1
37,52526,0,1,1
37,52530,0,1,1
37,52534,1,1,1
37,52538,1,1,1
37,52542,0,1,1
37,52546,0,1,1
37,52550,1,1,1
37,52554,1,1,1
37,52558,0,1,1
37,52562,0,1,1
37,52566,1,1,1
37,52570,1,1,1
37,52574,0,1,1
37,52578,0,1,1
37,52582,1,1,1
37,52586,1,1,1
37,52590,0,1,1
37,52594,0,1,1
37,52598,1,1,1
37,52602,1,1,1
37,52606,0,1,1
37,52610,0,1,1
37,52618,1,1,1
37,52622,0,1,1
37,52626,0,1,1
37,52630,1,1,1
37,52634,1,1,1
37,52638,0,1,1
37,52642,0,1,1
37,52646,1,1,1
37,52650,1,1,1
37,52654,0,1,1
37,52658,0,1,1
37,52662,1,1,1
37,52666,1,1,1
37,52670,0,1,1
37,52674,0,1,1
37,52678,1,1,1
37,52682,1,1,1
37,52686,0,1,1
37,52690,0,1,1
37,52694,1,1,1
37,52698,1,1,1
37,52702,0,1,1
37,52706,0,1,1
37,52710,1,1,1
37,52714,1,1,1
37,52718,0,1,1
37,52722,0,1,1
37,52726,1,1,1
37,52730,1,1,1
37,52734,0,1,1
37,52738,0,1,1
37,52742,1,1,1
37,52746,1,1,1
37,52750,0,1,1
37,52754,0,1,1
37,52758,1,1,1
37,52766,0,1,1
37,52770,0,1,1
37,52774,1,1,1
37,52778,1,1,1
37,52782,0,1,1
37,52786,0,1,1
37,52790,1,1,1
37,52794,1,1,1
37,52798,0,1,1
37,52802,0,1,1
37,52806,1,1,1
37,52810,1,1,1
37,52814,0,1,1
37,52818,0,1,1
37,52822,1,1,1
37,52826,1,1,1
37,52830,0,1,1
37,52834,0,1,1
37,52838,1,1,1
37,52842,1,1,1
37,52846,0,1,1
37,52850,0,1,1
37,52854,1,1,1
37,52858,1,1,1
37,52862,0,1,1
37,52866,0,1,1
37,52870,1,1,1
37,52874,1,1,1
37,52878,0,1,1
37,52882,0,1,1
37,52886,1,1,1
37,52890,1,1,1
37,52894,0,1,1
37,52898,0,1,1
37,52902,1,1,1
37,52906,1,1,1
37,52914,0,1,1
37,52918,1,1,1
37,52922,1,1,1
37,52926,0,1,1
37,52930,0,1,1
37,52934,1,1,1
37,52938,1,1,1
37,52942,0,1,1
37,52946,0,1,1
37,52950,1,1,1
37,52954,1,1,1
37,52958,0,1,1
37,52962,0,1,1
37,52966,1,1,1
37,52970,1,1,1
37,52974,0,1,1
37,52978,0,1,1
37,52982,1,1,1
37,52986,1,1,1
37,52990,0,1,1
37,52994,0,1,1
37,52998,1,1,1
37,53002,1,1,1
37,53006,0,1,1
37,53010,0,1,1
37,53014,1,1,1
37,53018,1,1,1
37,53022,0,1,1
37,53026,0,1,1
37,53030,1,1,1
37,53034,1,1,1
37,53038,0,1,1
37,53042,0,1,1
37,53046,1,1,1
37,53050,1,1,1
37,53054,0,1,1
37,53062,1,1,1
37,53066,1,1,1
37,53070,0,1,1
37,53074,0,1,1
37,53078,1,1,1
37,53082,1,1,1
37,53086,0,1,1
37,53090,0,1,1
37,53094,1,1,1
37,53098,1,1,1
37,53102,0,1,1
37,53106,0,1,1
37,53110,1,1,1
37,53114,1,1,1
37,53118,0,1,1
37,53122,0,1,1
37,53126,1,1,1
37,53130,1,1,1
37,53134,0,1,1
37,53138,0,1,1
37,53142,1,1,1
37,53146,1,1,1
37,53150,0,1,1
37,53154,0,1,1
37,53158,1,1,1
37,53162,1,1,1
37,53166,0,1,1
37,53170,0,1,1
37,53174,1,1,1
37,53178,1,1,1
37,53182,0,1,1
37,53186,0,1,1
37,53190,1,1,1
37,53194,1,1,1
37,53198,0,1,1
37,53202,0,1,1
37,53210,1,1,1
37,53214,0,1,1
37,53218,0,1,1
37,53222,1,1,1
37,53226,1,1,1
37,53230,0,1,1
37,53234,0,1,1
37,53238,1,1,1
37,53242,1,1,1
37,53246,0,1,1
37,53250,0,1,1
37,53254,1,1,1
37,53258,1,1,1
37,53262,0,1,1
37,53266,0,1,1
37,53270,1,1,1
37,53274,1,1,1
37,53278,0,1,1
37,53282,0,1,1
37,53286,1,1,1
37,53290,1,1,1
37,53294,0,1,1
37,53298,0,1,1
37,53302,1,1,1
37,53306,1,1,1
37,53310,0,1,1
37,53314,0,1,1
37,53318,1,1,1
37,53322,1,0,1
37,53326,0,1,1
37,53330,0,1,1
37,53334,1,1,1
37,53338,1,1,1
37,53342,0,1,1
37,53346,0,1,1
37,53350,1,1,1
37,53358,0,1,1
37,53362,0,1,1
37,53366,1,1,1
37,53370,1,1,1
37,53374,0,1,1
37,53378,0,1,1
37,53382,0,1,1
37,53386,1,1,1
37,53390,0,1,1
37,53394,0,1,1
37,53398,1,1,1
37,53402,1,1,1
37,53406,0,1,1
37,53410,0,1,1
37,53414,1,1,1
37,53418,1,1,1
37,53422,0,1,1
37,53426,0,1,1
37,53430,1,1,1
37,53434,1,1,1
37,53438,0,1,1
37,53442,0,1,1
37,53446,1,1,1
37,53450,1,1,1
37,53454,0,1,1
37,53458,0,1,1
37,53462,1,1,1
37,53466,1,1,1
37,53470,0,1,1
37,53474,0,1,1
37,53478,1,0,1
37,53482,1,1,1
37,53486,0,1,1
37,53490,0,1,1
37,53494,1,1,1
37,53498,1,1,1
37,53506,0,1,1
37,53510,1,1,1
37,53514,1,1,1
37,53518,0,1,1
37,53522,0,1,1
37,53526,1,1,1
37,53530,1,1,1
37,53534,0,1,1
37,53538,0,1,1
37,53542,1,1,1
37,53546,1,1,1
37,53550,0,1,1
37,53554,0,1,1
37,53558,1,1,1
37,53562,1,1,1
37,53566,0,1,1
37,53570,0,1,1
37,53574,1,1,1
37,53578,1,1,1
37,53582,0,1,1
37,53586,0,1,1
37,53590,1,1,1
37,53594,1,1,1
37,53598,0,1,1
37,53602,0,1,1
37,53606,1,1,1
37,53610,1,1,1
37,53614,0,1,1
37,53618,0,1,1
37,53622,1,1,1
37,53626,1,1,1
37,53630,0,1,1
37,53634,0,1,1
37,53638,1,1,1
37,53642,1,1,1
37,53646,0,1,1
37,53654,1,1,1
37,53658,1,1,1
37,53662,0,1,1
37,53666,0,1,1
37,53670,1,1,1
37,53674,1,1,1
37,53678,0,1,1
37,53682,0,1,1
37,53686,1,1,1
37,53690,1,1,1
37,53694,0,1,1
37,53698,0,1,1
37,53702,1,1,1
37,53706,1,1,1
37,53710,0,1,1
37,53714,0,1,1
37,53718,1,0,1
37,53722,1,1,1
37,53726,0,1,1
37,53730,0,1,1
37,53734,1,1,1
37,53738,1,1,1
37,53742,0,1,1
37,53746,0,1,1
37,53750,1,1,1
37,53754,1,1,1
37,53758,0,1,1
37,53762,0,1,1
37,53766,1,1,1
37,53770,1,1,1
37,53774,0,1,1
37,53778,0,1,1
37,53782,1,1,1
37,53786,1,1,1
37,53790,0,1,1
37,53794,0,1,1
37,53802,1,1,1
37,53806,0,1,1
37,53810,0,1,1
37,53814,1,1,1
37,53818,1,1,1
37,53822,0,1,1
37,53826,0,1,1
37,53830,1,1,1
37,53834,1,1,1
37,53838,0,1,1
37,53842,0,1,1
37,53846,1,1,1
37,53850,1,1,1
37,53854,0,1,1
37,53858,0,1,1
37,53862,1,1,1
37,53866,1,1,1
37,53870,0,1,1
37,53874,0,1,1
37,53878,1,1,1
37,53882,1,1,1
37,53886,0,1,1
37,53890,0,1,1
37,53894,1,1,1
37,53898,1,1,1
37,53902,0,1,1
37,53906,0,1,1
37,53910,1,1,1
37,53914,1,1,1
37,53918,0,1,1
37,53922,0,1,1
37,53926,1,1,1
37,53930,1,1,1
37,53934,0,1,1
37,53938,0,1,1
37,53942,1,1,1
37,53950,0,1,1
37,53954,0,1,1
37,53958,1,1,1
37,53962,1,1,1
37,53966,0,1,1
37,53970,0,1,1
37,53974,1,1,1
37,53978,1,1,1
37,53982,0,1,1
37,53986,0,1,1
37,53990,1,1,1
37,53994,1,1,1
37,53998,0,1,1
37,54002,0,1,1
37,54006,1,1,1
37,54010,1,1,1
37,54014,0,1,1
37,54018,0,1,1
37,54022,1,1,1
37,54026,1,1,1
37,54030,0,1,1
37,54034,0,1,1
37,54038,1,1,1
37,54042,1,1,1
37,54046,0,1,1
37,54050,0,1,1
37,54054,1,1,1
37,54058,1,1,1
37,54062,0,1,1
37,54066,0,1,1
37,54070,1,1,1
37,54074,1,1,1
37,54078,0,1,1
37,54082,0,1,1
37,54086,1,1,1
37,54090,1,1,1
37,54098,0,1,1
37,54102,1,1,1
37,54106,1,1,1
37,54110,0,1,1
37,54114,0,1,1
37,54118,1,1,1
37,54122,1,1,1
37,54126,0,1,1
37,54130,0,1,1
37,54134,1,1,1
37,54138,1,1,1
37,54142,0,1,1
37,54146,0,1,1
37,54150,1,1,1
37,54154,1,1,1
37,54158,0,1,1
37,54162,0,1,1
37,54166,1,1,1
37,54170,1,1,1
37,54174,0,1,1
37,54178,0,1,1
37,54182,1,1,1
37,54186,1,1,1
37,54190,0,1,1
37,54194,0,1,1
37,54198,1,0,1
37,54202,1,1,1
37,54206,0,1,1
37,54210,0,1,1
37,54214,1,1,1
37,54218,1,1,1
37,54222,0,1,1
37,54226,0,1,1
37,54230,1,1,1
37,54234,1,1,1
37,54238,0,1,1
37,54246,1,1,1
37,54250,1,1,1
37,54254,0,1,1
37,54258,0,1,1
37,54262,1,1,1
37,54266,1,1,1
37,54270,0,1,1
37,54274,0,1,1
37,54278,1,1,1
37,54282,1,1,1
37,54286,0,1,1
37,54290,0,1,1
37,54294,1,1,1
37,54298,1,1,1
37,54302,0,1,1
37,54306,0,1,1
37,54310,1,1,1
37,54314,1,1,1
37,54318,0,1,1
37,54322,0,1,1
37,54326,1,1,1
37,54330,1,1,1
37,54334,0,1,1
37,54338,0,1,1
37,54342,1,1,1
37,54346,1,1,1
37,54350,0,1,1
37,54354,0,1,1
37,54358,1,1,1
37,54362,1,1,1
37,54366,0,1,1
37,54370,0,1,1
37,54374,1,1,1
37,54378,1,1,1
37,54382,0,1,1
37,54386,0,1,1
37,54394,1,1,1
37,54398,0,1,1
37,54402,0,1,1
37,54406,1,1,1
37,54410,1,1,1
37,54414,0,1,1
37,54418,0,1,1
37,54422,1,1,1
37,54426,1,1,1
37,54430,0,1,1
37,54434,0,1,1
37,54438,1,1,1
37,54442,1,1,1
37,54446,0,1,1
37,54450,0,1,1
37,54454,1,1,1
37,54458,1,1,1
37,54462,0,1,1
37,54466,0,1,1
37,54470,1,1,1
37,54474,1,1,1
37,54478,0,1,1
37,54482,0,1,1
37,54486,1,1,1
37,54490,1,1,1
37,54494,0,1,1
37,54498,0,1,1
37,54502,1,1,1
37,54506,1,1,1
37,54510,0,1,1
37,54514,0,1,1
37,54518,1,1,1
37,54522,1,1,1
37,54526,0,1,1
37,54530,0,1,1
37,54534,1,1,1
37,54542,0,1,1
37,54546,0,1,1
37,54550,1,1,1
37,54554,1,1,1
37,54558,0,1,1
37,54562,0,1,1
37,54566,1,1,1
37,54570,1,1,1
37,54574,0,1,1
37,54578,0,1,1
37,54582,1,1,1
37,54586,1,1,1
37,54590,0,1,1
37,54594,0,1,1
37,54598,1,1,1
37,54602,1,1,1
37,54606,0,1,1
37,54610,0,1,1
37,54614,1,1,1
37,54618,1,1,1
37,54622,0,1,1
37,54626,0,1,1
37,54630,1,1,1
37,54634,1,1,1
37,54638,0,1,1
37,54642,0,1,1
37,54646,1,1,1
37,54650,1,1,1
37,54654,0,1,1
37,54658,0,1,1
37,54662,1,1,1
37,54666,1,1,1
37,54670,0,1,1
37,54674,0,1,1
37,54678,1,1,1
37,54682,1,1,1
37,54690,0,1,1
37,54694,1,1,1
37,54698,1,1,1
37,54702,0,1,1
37,54706,0,1,1
37,54710,1,1,1
37,54714,1,1,1
37,54718,0,1,1
37,54722,0,1,1
37,54726,1,1,1
37,54730,1,1,1
37,54734,0,1,1
37,54738,0,1,1
37,54742,1,1,1
37,54746,1,1,1
37,54750,0,1,1
37,54754,0,1,1
37,54758,1,1,1
37,54762,1,1,1
37,54766,0,1,1
37,54770,0,1,1
37,54774,1,1,1
37,54778,1,1,1
37,54782,0,1,1
37,54786,0,1,1
37,54790,1,1,1
37,54794,1,1,1
37,54798,0,1,1
37,54802,0,1,1
37,54806,1,1,1
37,54810,1,1,1
37,54814,0,1,1
37,54818,0,1,1
37,54822,1,1,1
37,54826,1,1,1
37,54830,0,1,1
37,54838,1,1,1
37,54842,1,1,1
37,54846,0,1,1
37,54850,0,1,1
37,54854,1,1,1
37,54858,1,1,1
37,54862,0,1,1
37,54866,0,1,1
37,54870,1,1,1
37,54874,1,1,1
37,54878,0,1,1
37,54882,0,1,1
37,54886,1,1,1
37,54890,1,1,1
37,54894,0,1,1
37,54898,0,1,1
37,54902,1,1,1
37,54906,1,1,1
37,54910,0,1,1
37,54914,0,1,1
37,54918,1,1,1
37,54922,1,1,1
37,54926,0,1,1
37,54930,0,1,1
37,54934,1,1,1
37,54938,1,1,1
37,54942,0,1,1
37,54946,0,1,1
37,54950,1,1,1
37,54954,1,1,1
37,54958,0,1,1
37,54962,0,1,1
37,54966,1,1,1
37,54970,1,1,1
37,54974,0,1,1
37,54978,0,1,1
37,54986,1,1,1
37,54990,0,1,1
37,54994,0,1,1
37,54998,1,1,1
37,55002,1,1,1
37,55006,0,1,1
37,55010,0,1,1
37,55014,1,1,1
37,55018,1,1,1
37,55022,0,1,1
37,55026,0,1,1
37,55030,1,1,1
37,55034,1,1,1
37,55038,0,1,1
37,55042,0,1,1
37,55046,1,1,1
37,55050,1,1,1
37,55054,0,1,1
37,55058,0,1,1
37,55062,1,1,1
37,55066,1,1,1
37,55070,0,1,1
37,55074,0,1,1
37,55078,1,1,1
37,55082,1,1,1
37,55086,0,1,1
37,55090,0,1,1
37,55094,1,1,1
37,55098,1,1,1
37,55102,0,1,1
37,55106,0,1,1
37,55110,1,1,1
37,55114,1,1,1
37,55118,0,1,1
37,55122,0,1,1
37,55126,1,1,1
37,55134,0,1,1
37,55138,0,1,1
37,55142,1,1,1
37,55146,1,1,1
37,55150,0,1,1
37,55154,0,1,1
37,55158,1,1,1
37,55162,1,1,1
37,55166,0,1,1
37,55170,0,1,1
37,55174,1,1,1
37,55178,1,1,1
37,55182,0,1,1
37,55186,0,1,1
37,55190,1,1,1
37,55194,1,1,1
37,55198,0,1,1
37,55202,0,1,1
37,55206,1,1,1
37,55210,1,1,1
37,55214,0,1,1
37,55218,0,1,1
37,55222,1,1,1
37,55226,1,1,1
37,55230,0,1,1
37,55234,0,1,1
37,55238,1,1,1
37,55242,1,1,1
37,55246,0,1,1
37,55250,0,1,1
37,55254,1,1,1
37,55258,1,1,1
37,55262,0,1,1
37,55266,0,1,1
37,55270,1,1,1
37,55274,1,1,1
37,55282,0,1,1
37,55286,1,1,1
37,55290,1,1,1
37,55294,0,1,1
37,55298,0,1,1
37,55302,1,1,1
37,55306,1,1,1
37,55310,0,1,1
37,55314,0,1,1
37,55318,1,1,1
37,55322,1,1,1
37,55326,0,1,1
37,55330,0,1,1
37,55334,1,1,1
37,55338,1,1,1
37,55342,0,1,1
37,55346,0,1,1
37,55350,1,1,1
37,55354,1,1,1
37,55358,0,1,1
37,55362,0,1,1
37,55366,1,1,1
37,55370,1,1,1
37,55374,0,1,1
37,55378,0,1,1
37,55382,1,1,1
37,55386,1,1,1
37,55390,0,1,1
37,55394,0,1,1
37,55398,1,1,1
37,55402,1,1,1
37,55406,0,1,1
37,55410,0,1,1
37,55414,1,1,1
37,55418,1,1,1
37,55422,0,1,1
37,55430,1,1,1
37,55434,1,1,1
37,55438,0,1,1
37,55442,0,1,1
37,55446,1,1,1
37,55450,1,1,1
37,55454,0,1,1
37,55458,0,1,1
37,55462,1,1,1
37,55466,1,1,1
37,55470,0,1,1
37,55474,0,1,1
37,55478,1,1,1
37,55482,1,1,1
37,55486,0,1,1
37,55490,0,1,1
37,55494,1,1,1
37,55498,1,1,1
37,55502,0,1,1
37,55506,0,1,1
37,55510,1,1,1
37,55514,1,1,1
37,55518,0,1,1
37,55522,0,1,1
37,55526,1,1,1
37,55530,1,1,1
37,55534,0,1,1
37,55538,0,1,1
37,55542,1,1,1
37,55546,1,1,1
37,55550,0,1,1
37,55554,0,1,1
37,55558,1,1,1
37,55562,1,1,1
37,55566,0,1,1
37,55570,0,1,1
37,55578,1,1,1
37,55582,0,1,1
37,55586,0,1,1
37,55590,1,1,1
37,55594,1,1,1
37,55598,0,1,1
37,55602,0,1,1
37,55606,1,1,1
37,55610,1,1,1
37,55614,0,1,1
37,55618,0,1,1
37,55622,1,1,1
37,55626,1,1,1
37,55630,0,1,1
37,55634,0,1,1
37,55638,1,1,1
37,55642,1,1,1
37,55646,0,1,1
37,55650,0,1,1
37,55654,1,1,1
37,55658,1,1,1
37,55662,0,1,1
37,55666,0,1,1
37,55670,1,1,1
37,55674,1,1,1
37,55678,0,1,1
37,55682,0,1,1
37,55686,1,1,1
37,55690,1,1,1
37,55694,0,1,1
37,55698,0,1,1
37,55702,1,1,1
37,55706,1,1,1
37,55710,0,1,1
37,55714,0,1,1
37,55718,1,1,1
37,55726,0,1,1
37,55730,0,1,1
37,55734,1,1,1
37,55738,1,1,1
37,55742,0,1,1
37,55746,0,1,1
37,55750,1,1,1
37,55754,1,1,1
37,55758,0,1,1
37,55762,0,1,1
37,55766,1,1,1
37,55770,1,1,1
37,55774,0,1,1
37,55778,0,1,1
37,55782,1,1,1
37,55786,1,1,1
37,55790,0,1,1
37,55794,0,1,1
37,55798,1,1,1
37,55802,1,1,1
37,55806,0,1,1
37,55810,0,1,1
37,55814,1,1,1
37,55818,1,1,1
37,55822,0,1,1
37,55826,0,1,1
37,55830,1,1,1
37,55834,1,1,1
37,55838,0,1,1
37,55842,0,1,1
37,55846,1,1,1
37,55850,1,1,1
37,55854,0,1,1
37,55858,0,1,1
37,55862,1,1,1
37,55866,1,1,1
37,55874,0,1,1
37,55878,1,1,1
37,55882,1,1,1
37,55886,0,1,1
37,55890,0,1,1
37,55894,1,1,1
37,55898,1,1,1
37,55902,0,1,1
37,55906,0,1,1
37,55910,1,1,1
37,55914,1,1,1
37,55918,0,1,1
37,55922,0,1,1
37,55926,1,1,1
37,55930,1,1,1
37,55934,0,1,1
37,55938,0,1,1
37,55942,1,1,1
37,55946,1,1,1
37,55950,0,1,1
37,55954,0,1,1
37,55958,1,1,1
37,55962,1,1,1
37,55966,0,1,1
37,55970,0,1,1
37,55974,1,1,1
37,55978,1,1,1
37,55982,0,1,1
37,55986,0,1,1
37,55990,1,1,1
37,55994,1,1,1
37,55998,0,1,1
37,56002,0,1,1
37,56006,1,1,1
37,56010,1,1,1
37,56014,0,1,1
37,56022,1,1,1
37,56026,1,1,1
37,56030,0,1,1
37,56034,0,1,1
37,56038,1,1,1
37,56042,1,1,1
37,56046,0,1,1
37,56050,0,1,1
37,56054,1,1,1
37,56058,1,1,1
37,56062,0,1,1
37,56066,0,1,1
37,56070,1,1,1
37,56074,1,1,1
37,56078,0,1,1
37,56082,0,1,1
37,56086,1,1,1
37,56090,1,1,1
37,56094,0,1,1
37,56098,0,1,1
37,56102,1,1,1
37,56106,1,1,1
37,56110,0,1,1
37,56114,0,1,1
37,56118,1,1,1
37,56122,1,1,1
37,56126,0,1,1
37,56130,0,1,1
37,56134,1,1,1
37,56138,1,1,1
37,56142,0,1,1
37,56146,0,1,1
37,56150,1,1,1
37,56154,1,1,1
37,56158,0,1,1
37,56162,0,1,1
37,56170,1,1,1
37,56174,0,1,1
37,56178,0,1,1
37,56182,1,1,1
37,56186,1,1,1
37,56190,0,1,1
37,56194,0,1,1
37,56198,1,1,1
37,56202,1,1,1
37,56206,0,1,1
37,56210,0,1,1
37,56214,1,1,1
37,56218,1,1,1
37,56222,0,1,1
37,56226,0,0,0
37,56230,1,1,1
37,56234,1,1,1
37,56238,0,1,1
37,56242,0,1,1
37,56246,1,1,1
37,56250,1,1,1
37,56254,0,1,1
37,56258,0,1,1
37,56262,1,1,1
37,56266,1,1,1
37,56270,0,1,1
37,56274,0,1,1
37,56278,1,1,1
37,56282,1,1,1
37,56286,0,1,1
37,56290,0,1,1
37,56294,1,1,1
37,56298,1,1,1
37,56302,0,1,1
37,56306,0,1,1
37,56310,1,1,1
37,56318,0,1,1
37,56322,0,1,1
37,56326,1,1,1
37,56330,1,1,1
37,56334,0,1,1
37,56338,0,1,1
37,56342,1,1,1
37,56346,1,1,1
37,56350,0,1,1
37,56354,0,1,1
37,56358,1,1,1
37,56362,1,1,1
37,56366,0,1,1
37,56370,0,1,1
37,56374,1,1,1
37,56378,1,1,1
37,56382,0,1,1
37,56386,0,1,1
37,56390,1,1,1
37,56394,1,1,1
37,56398,0,1,1
37,56402,0,1,1
37,56406,1,1,1
37,56410,1,1,1
37,56414,0,1,1
37,56418,0,1,1
37,56422,1,1,1
37,56426,1,1,1
37,56430,0,1,1
37,56434,0,1,1
37,56438,1,1,1
37,56442,1,1,1
37,56446,0,1,1
37,56450,0,1,1
37,56454,1,1,1
37,56458,1,1,1
37,56466,0,1,1
37,56470,1,1,1
37,56474,1,1,1
37,56478,0,1,1
37,56482,0,1,1
37,56486,1,1,1
37,56490,1,1,1
37,56494,0,1,1
37,56498,0,1,1
37,56502,1,1,1
37,56506,1,1,1
37,56510,0,1,1
37,56514,0,1,1
37,56518,1,1,1
37,56522,1,1,1
37,56526,0,1,1
37,56530,0,1,1
37,56534,1,1,1
37,56538,1,1,1
37,56542,0,1,1
37,56546,0,1,1
37,56550,1,1,1
37,56554,1,1,1
37,56558,0,1,1
37,56562,0,1,1
37,56566,1,1,1
37,56570,1,1,1
37,56574,0,1,1
37,56578,0,1,1
37,56582,1,1,1
37,56586,1,1,1
37,56590,0,1,1
37,56594,0,1,1
37,56598,1,1,1
37,56602,1,1,1
37,56606,0,1,1
37,56614,1,1,1
37,56618,1,1,1
37,56622,0,1,1
37,56626,0,1,1
37,56630,1,1,1
37,56634,1,1,1
37,56638,0,1,1
37,56642,0,1,1
37,56646,1,1,1
37,56650,1,1,1
37,56654,0,1,1
37,56658,0,1,1
37,56662,1,1,1
37,56666,1,1,1
37,56670,0,1,1
37,56674,0,1,1
37,56678,1,1,1
37,56682,1,1,1
37,56686,0,1,1
37,56690,0,1,1
37,56694,1,1,1
37,56698,1,1,1
37,56702,0,1,1
37,56706,0,1,1
37,56710,1,1,1
37,56714,1,1,1
37,56718,0,1,1
37,56722,0,1,1
37,56726,1,1,1
37,56730,1,1,1
37,56734,0,1,1
37,56738,0,1,1
37,56742,0,1,1
37,56746,1,1,1
37,56750,0,1,1
37,56754,0,1,1
37,56762,1,1,1
37,56766,0,1,1
37,56770,0,1,1
37,56774,1,1,1
37,56778,1,1,1
37,56782,0,1,1
37,56786,0,1,1
37,56790,1,1,1
37,56794,1,1,1
37,56798,0,1,1
37,56802,0,1,1
37,56806,1,1,1
37,56810,1,1,1
37,56814,0,1,1
37,56818,0,1,1
37,56822,1,1,1
37,56826,1,1,1
37,56830,0,1,1
37,56834,0,1,1
37,56838,1,1,1
37,56842,1,1,1
37,56846,0,1,1
37,56850,0,1,1
37,56854,1,1,1
37,56858,1,1,1
37,56862,0,1,1
37,56866,0,1,1
37,56870,1,1,1
37,56874,1,1,1
37,56878,0,1,1
37,56882,0,1,1
37,56886,1,1,1
37,56890,1,1,1
37,56894,0,1,1
37,56898,0,1,1
37,56902,1,1,1
37,56910,0,1,1
37,56914,0,1,1
37,56918,1,1,1
37,56922,1,1,1
37,56926,0,1,1
37,56930,0,1,1
37,56934,1,1,1
37,56938,1,1,1
37,56942,0,1,1
37,56946,0,1,1
37,56950,1,1,1
37,56954,1,1,1
37,56958,0,1,1
37,56962,0,1,1
37,56966,1,1,1
37,56970,1,1,1
37,56974,0,1,1
37,56978,0,1,1
37,56982,1,1,1
37,56986,1,1,1
37,56990,0,1,1
37,56994,0,1,1
37,56998,1,1,1
37,57002,1,1,1
37,57006,0,1,1
37,57010,0,1,1
37,57014,1,1,1
37,57018,1,1,1
37,57022,0,1,1
37,57026,0,1,1
37,57030,1,1,1
37,57034,1,1,1
37,57038,0,1,1
37,57042,0,1,1
37,57046,1,1,1
37,57050,1,1,1
37,57058,0,1,1
37,57062,1,1,1
37,57066,1,1,1
37,57070,0,1,1
37,57074,0,1,1
37,57078,1,1,1
37,57082,1,1,1
37,57086,0,1,1
37,57090,0,1,1
37,57094,1,1,1
37,57098,1,1,1
37,57102,0,1,1
37,57106,0,1,1
37,57110,1,1,1
37,57114,1,1,1
37,57118,0,1,1
37,57122,0,1,1
37,57126,1,1,1
37,57130,1,1,1
37,57134,0,1,1
37,57138,0,1,1
37,57142,1,1,1
37,57146,1,1,1
37,57150,0,1,1
37,57154,0,1,1
37,57158,1,1,1
37,57162,1,1,1
37,57166,0,1,1
37,57170,0,1,1
37,57174,1,1,1
37,57178,1,1,1
37,57182,0,1,1
37,57186,0,1,1
37,57190,1,1,1
37,57194,1,1,1
37,57198,0,1,1
37,57206,1,1,1
37,57210,1,1,1
37,57214,0,1,1
37,57218,0,1,1
37,57222,1,1,1
37,57226,1,1,1
37,57230,0,1,1
37,57234,0,1,1
37,57238,1,1,1
37,57242,1,1,1
37,57246,0,1,1
37,57250,0,1,1
37,57254,1,1,1
37,57258,1,1,1
37,57262,0,1,1
37,57266,0,1,1
37,57270,1,1,1
37,57274,1,1,1
37,57278,0,1,1
37,57282,0,1,1
37,57286,1,1,1
37,57290,1,1,1
37,57294,0,1,1
37,57298,0,1,1
37,57302,1,1,1
37,57306,1,1,1
37,57310,0,1,1
37,57314,0,1,1
37,57318,1,1,1
37,57322,1,1,1
37,57326,0,1,1
37,57330,0,1,1
37,57334,1,1,1
37,57338,1,1,1
37,57342,0,1,1
37,57346,0,1,1
37,57354,1,1,1
37,57358,0,1,1
37,57362,0,1,1
37,57366,1,1,1
37,57370,1,1,1
37,57374,0,1,1
37,57378,0,1,1
37,57382,1,1,1
37,57386,1,1,1
37,57390,0,1,1
37,57394,0,1,1
37,57398,1,1,1
37,57402,1,1,1
37,57406,0,1,1
37,57410,0,1,1
37,57414,1,1,1
37,57418,1,1,1
37,57422,0,1,1
37,57426,0,1,1
37,57430,1,1,1
37,57434,1,1,1
37,57438,0,1,1
37,57442,0,1,1
37,57446,1,1,1
37,57450,1,1,1
37,57454,0,1,1
37,57458,0,1,1
37,57462,1,1,1
37,57466,1,1,1
37,57470,0,1,1
37,57474,0,1,1
37,57478,1,1,1
37,57482,1,1,1
37,57486,0,1,1
37,57490,0,1,1
37,57494,1,1,1
37,57502,0,1,1
37,57506,0,1,1
37,57510,1,1,1
37,57514,1,1,1
37,57518,0,1,1
37,57522,0,1,1
37,57526,1,1,1
37,57530,1,1,1
37,57534,0,1,1
37,57538,0,1,1
37,57542,1,1,1
37,57546,1,1,1
37,57550,0,1,1
37,57554,0,1,1
37,57558,1,1,1
37,57562,1,1,1
37,57566,0,1,1
37,57570,0,1,1
37,57574,1,1,1
37,57578,1,1,1
37,57582,0,1,1
37,57586,0,1,1
37,57590,1,1,1
37,57594,1,1,1
37,57598,0,1,1
37,57602,0,1,1
37,57606,1,1,1
37,57610,1,1,1
37,57614,0,1,1
37,57618,0,1,1
37,57622,1,1,1
37,57626,1,1,1
37,57630,0,1,1
37,57634,0,1,1
37,57638,1,1,1
37,57642,1,1,1
37,57650,0,1,1
37,57654,1,0,1
37,57658,1,1,1
37,57662,0,1,1
37,57666,0,1,1
37,57670,1,1,1
37,57674,1,1,1
37,57678,0,1,1
37,57682,0,1,1
37,57686,1,1,1
37,57690,1,1,1
37,57694,0,1,1
37,57698,0,1,1
37,57702,1,1,1
37,57706,1,1,1
37,57710,0,1,1
37,57714,0,1,1
37,57718,1,1,1
37,57722,1,1,1
37,57726,0,1,1
37,57730,0,1,1
37,57734,1,1,1
37,57738,1,1,1
37,57742,0,1,1
37,57746,0,1,1
37,57750,1,1,1
37,57754,1,1,1
37,57758,0,1,1
37,57762,0,1,1
37,57766,1,1,1
37,57770,1,1,1
37,57774,0,1,1
37,57778,0,1,1
37,57782,1,1,1
37,57786,1,1,1
37,57790,0,1,1
37,57798,1,1,1
37,57802,1,1,1
37,57806,0,1,1
37,57810,0,1,1
37,57814,1,1,1
37,57818,1,1,1
37,57822,0,1,1
37,57826,0,1,1
37,57830,1,1,1
37,57834,1,1,1
37,57838,0,1,1
37,57842,0,1,1
37,57846,1,1,1
37,57850,1,1,1
37,57854,0,1,1
37,57858,0,1,1
37,57862,1,1,1
37,57866,1,1,1
37,57870,0,1,1
37,57874,0,1,1
37,57878,1,1,1
37,57882,1,1,1
37,57886,0,1,1
37,57890,0,1,1
37,57894,1,1,1
37,57898,1,1,1
37,57902,0,1,1
37,57906,0,1,1
37,57910,1,1,1
37,57914,1,1,1
37,57918,0,1,1
37,57922,0,1,1
37,57926,1,1,1
37,57930,1,1,1
37,57934,0,1,1
37,57938,0,1,1
37,57946,1,1,1
37,57950,0,1,1
37,57954,0,1,1
37,57958,1,1,1
37,57962,1,1,1
37,57966,0,1,1
37,57970,0,1,1
37,57974,1,1,1
37,57978,1,1,1
37,57982,0,1,1
37,57986,0,1,1
37,57990,1,1,1
37,57994,1,1,1
37,57998,0,1,1
37,58002,0,1,1
37,58006,1,1,1
37,58010,1,1,1
37,58014,0,1,1
37,58018,0,1,1
37,58022,1,1,1
37,58026,1,1,1
37,58030,0,1,1
37,58034,0,1,1
37,58038,1,1,1
37,58042,1,1,1
37,58046,0,1,1
37,58050,0,1,1
37,58054,1,1,1
37,58058,1,1,1
37,58062,0,1,1
37,58066,0,1,1
37,58070,1,1,1
37,58074,1,0,1
37,58078,0,1,1
37,58082,0,1,1
37,58086,1,1,1
37,58094,0,1,1
37,58098,0,1,1
37,58102,1,1,1
37,58106,1,1,1
37,58110,0,1,1
37,58114,0,1,1
37,58118,1,1,1
37,58122,1,1,1
37,58126,0,1,1
37,58130,0,1,1
37,58134,1,1,1
37,58138,1,1,1
37,58142,0,1,1
37,58146,0,1,1
37,58150,1,1,1
37,58154,1,1,1
37,58158,0,1,1
37,58162,0,1,1
37,58166,1,1,1
37,58170,1,1,1
37,58174,0,1,1
37,58178,0,1,1
37,58182,1,1,1
37,58186,1,1,1
37,58190,0,1,1
37,58194,0,1,1
37,58198,1,1,1
37,58202,1,1,1
37,58206,0,1,1
37,58210,0,1,1
37,58214,1,1,1
37,58218,1,1,1
37,58222,0,1,1
37,58226,0,1,1
37,58230,1,1,1
37,58234,1,1,1
37,58242,0,1,1
37,58246,1,1,1
37,58250,1,1,1
37,58254,0,1,1
37,58258,0,1,1
37,58262,1,1,1
37,58266,1,1,1
37,58270,0,1,1
37,58274,0,1,1
37,58278,1,1,1
37,58282,1,1,1
37,58286,0,1,1
37,58290,0,1,1
37,58294,1,1,1
37,58298,1,1,1
37,58302,0,1,1
37,58306,0,1,1
37,58310,1,1,1
37,58314,1,1,1
37,58318,0,1,1
37,58322,0,1,1
37,58326,1,1,1
37,58330,1,1,1
37,58334,0,1,1
37,58338,0,1,1
37,58342,1,1,1
37,58346,1,1,1
37,58350,0,1,1
37,58354,0,1,1
37,58358,1,1,1
37,58362,1,1,1
37,58366,0,1,1
37,58370,0,1,1
37,58374,1,1,1
37,58378,1,1,1
37,58382,0,1,1
37,58390,1,1,1
37,58394,1,1,1
37,58398,0,0,0
37,58402,0,1,1
37,58406,1,1,1
37,58410,1,1,1
37,58414,0,1,1
37,58418,0,1,1
37,58422,1,1,1
37,58426,1,1,1
37,58430,0,1,1
37,58434,0,1,1
37,58438,1,1,1
37,58442,1,1,1
37,58446,0,1,1
37,58450,0,1,1
37,58454,1,1,1
37,58458,1,1,1
37,58462,0,1,1
37,58466,0,1,1
37,58470,1,1,1
37,58474,1,1,1
37,58478,0,1,1
37,58482,0,1,1
37,58486,1,1,1
37,58490,1,1,1
37,58494,0,1,1
37,58498,0,1,1
37,58502,1,1,1
37,58506,1,1,1
37,58510,0,1,1
37,58514,0,1,1
37,58518,1,1,1
37,58522,1,1,1
37,58526,0,1,1
37,58530,0,1,1
37,58538,1,1,1
37,58542,0,1,1
37,58546,0,1,1
37,58550,1,1,1
37,58554,1,1,1
37,58558,0,1,1
37,58562,0,1,1
37,58566,1,1,1
37,58570,1,1,1
37,58574,0,1,1
37,58578,0,1,1
37,58582,1,1,1
37,58586,1,1,1
37,58590,0,1,1
37,58594,0,1,1
37,58598,1,1,1
37,58602,1,1,1
37,58606,0,1,1
37,58610,0,1,1
37,58614,1,1,1
37,58618,1,1,1
37,58622,0,1,1
37,58626,0,1,1
37,58630,1,1,1
37,58634,1,1,1
37,58638,0,1,1
37,58642,0,1,1
37,58646,1,1,1
37,58650,1,1,1
37,58654,0,1,1
37,58658,0,1,1
37,58662,1,1,1
37,58666,1,1,1
37,58670,0,1,1
37,58674,0,1,1
37,58678,1,1,1
37,58686,0,1,1
37,58690,0,1,1
37,58694,1,1,1
37,58698,1,1,1
37,58702,0,1,1
37,58706,0,1,1
37,58710,1,1,1
37,58714,1,1,1
37,58718,0,1,1
37,58722,0,1,1
37,58726,1,1,1
37,58730,1,1,1
37,58734,0,1,1
37,58738,0,1,1
37,58742,1,1,1
37,58746,1,1,1
37,58750,0,1,1
37,58754,0,1,1
37,58758,1,1,1
37,58762,1,1,1
37,58766,0,1,1
37,58770,0,1,1
37,58774,1,1,1
37,58778,1,1,1
37,58782,0,1,1
37,58786,0,1,1
37,58790,1,1,1
37,58794,1,1,1
37,58798,0,1,1
37,58802,0,1,1
37,58806,1,1,1
37,58810,1,1,1
37,58814,0,1,1
37,58818,0,1,1
37,58822,1,1,1
37,58826,1,1,1
37,58834,0,1,1
37,58838,1,1,1
37,58842,1,1,1
37,58846,0,1,1
37,58850,0,1,1
37,58854,1,1,1
37,58858,1,1,1
37,58862,0,1,1
37,58866,0,1,1
37,58870,1,1,1
37,58874,1,1,1
37,58878,0,1,1
37,58882,0,1,1
37,58886,1,1,1
37,58890,1,1,1
37,58894,0,1,1
37,58898,0,1,1
37,58902,1,1,1
37,58906,1,1,1
37,58910,0,1,1
37,58914,0,1,1
37,58918,1,1,1
37,58922,1,1,1
37,58926,0,1,1
37,58930,0,1,1
37,58934,1,1,1
37,58938,1,1,1
37,58942,0,1,1
37,58946,0,1,1
37,58950,1,1,1
37,58954,1,1,1
37,58958,0,1,1
37,58962,0,0,0
37,58966,1,1,1
37,58970,1,1,1
37,58974,0,1,1
37,58982,1,1,1
37,58986,1,1,1
37,58990,0,1,1
37,58994,0,1,1
37,58998,1,1,1
37,59002,1,1,1
37,59006,0,1,1
37,59010,0,1,1
37,59014,1,1,1
37,59018,1,1,1
37,59022,0,1,1
37,59026,0,1,1
37,59030,1,1,1
37,59034,1,1,1
37,59038,0,1,1
37,59042,0,1,1
37,59046,1,1,1
37,59050,1,1,1
37,59054,0,1,1
37,59058,0,1,1
37,59062,1,1,1
37,59066,1,1,1
37,59070,0,1,1
37,59074,0,1,1
37,59078,1,1,1
37,59082,1,1,1
37,59086,0,1,1
37,59090,0,1,1
37,59094,1,1,1
37,59098,1,1,1
37,59102,0,1,1
37,59106,0,1,1
37,59110,1,1,1
37,59114,1,1,1
37,59118,0,1,1
37,59122,0,1,1
37,59130,1,1,1
37,59134,0,1,1
37,59138,0,1,1
37,59142,1,1,1
37,59146,1,1,1
37,59150,0,1,1
37,59154,0,1,1
37,59158,1,1,1
37,59162,1,1,1
37,59166,0,1,1
37,59170,0,1,1
37,59174,1,1,1
37,59178,1,1,1
37,59182,0,1,1
37,59186,0,1,1
37,59190,1,1,1
37,59194,1,1,1
37,59198,0,1,1
37,59202,0,1,1
37,59206,1,1,1
37,59210,1,1,1
37,59214,0,1,1
37,59218,0,1,1
37,59222,1,1,1
37,59226,1,1,1
37,59230,0,1,1
37,59234,0,1,1
37,59238,1,1,1
37,59242,1,1,1
37,59246,0,1,1
37,59250,0,1,1
37,59254,1,1,1
37,59258,1,1,1
37,59262,0,1,1
37,59266,0,0,0
37,59270,1,1,1
37,59278,0,1,1
37,59282,0,1,1
37,59286,1,1,1
37,59290,1,1,1
37,59294,0,1,1
37,59298,0,1,1
37,59302,1,1,1
37,59306,1,1,1
37,59310,0,1,1
37,59314,0,1,1
37,59318,1,1,1
37,59322,1,1,1
37,59326,0,1,1
37,59330,0,1,1
37,59334,1,1,1
37,59338,1,1,1
37,59342,0,1,1
37,59346,0,1,1
37,59350,1,1,1
37,59354,1,1,1
37,59358,0,1,1
37,59362,0,1,1
37,59366,1,1,1
37,59370,1,1,1
37,59374,0,1,1
37,59378,0,1,1
37,59382,1,1,1
37,59386,1,1,1
37,59390,0,1,1
37,59394,0,1,1
37,59398,1,1,1
37,59402,1,1,1
37,59406,0,1,1
37,59410,0,1,1
37,59414,1,1,1
37,59418,1,1,1
37,59426,0,1,1
37,59430,1,1,1
37,59434,1,1,1
37,59438,0,1,1
37,59442,0,0,0
37,59446,1,1,1
37,59450,1,1,1
37,59454,0,1,1
37,59458,0,1,1
37,59462,1,1,1
37,59466,1,1,1
37,59470,0,1,1
37,59474,0,1,1
37,59478,1,1,1
37,59482,1,1,1
37,59486,0,1,1
37,59490,0,1,1
37,59494,1,1,1
37,59498,1,1,1
37,59502,0,1,1
37,59506,0,1,1
37,59510,1,1,1
37,59514,1,1,1
37,59518,0,1,1
37,59522,0,1,1
37,59526,1,1,1
37,59530,1,1,1
37,59534,0,1,1
37,59538,0,1,1
37,59542,1,1,1
37,59546,1,1,1
37,59550,0,1,1
37,59554,0,1,1
37,59558,1,1,1
37,59562,1,1,1
37,59566,0,1,1
37,59574,1,1,1
37,59578,1,1,1
37,59582,0,1,1
37,59586,0,1,1
37,59590,1,1,1
37,59594,1,1,1
37,59598,0,1,1
37,59602,0,1,1
37,59606,1,1,1
37,59610,1,1,1
37,59614,0,1,1
37,59618,0,1,1
37,59622,1,1,1
37,59626,1,1,1
37,59630,0,1,1
37,59634,0,1,1
37,59638,1,1,1
37,59642,1,1,1
37,59646,0,1,1
37,59650,0,1,1
37,59654,1,1,1
37,59658,1,1,1
37,59662,0,1,1
37,59666,0,1,1
37,59670,1,1,1
37,59674,1,1,1
37,59678,0,1,1
37,59682,0,1,1
37,59686,1,1,1
37,59690,1,1,1
37,59694,0,1,1
37,59698,0,1,1
37,59702,1,1,1
37,59706,1,1,1
37,59710,0,1,1
37,59714,0,1,1
37,59722,1,1,1
37,59726,0,1,1
37,59730,0,1,1
37,59734,1,1,1
37,59738,1,1,1
37,59742,0,1,1
37,59746,0,1,1
37,59750,0,1,1
37,59754,1,1,1
37,59758,0,1,1
37,59762,0,1,1
37,59766,1,1,1
37,59770,1,1,1
37,59774,0,1,1
37,59778,0,1,1
37,59782,1,1,1
37,59786,1,1,1
37,59790,0,1,1
37,59794,0,1,1
37,59798,1,1,1
37,59802,1,1,1
37,59806,0,1,1
37,59810,0,1,1
37,59814,1,1,1
37,59818,1,1,1
37,59822,0,1,1
37,59826,0,1,1
37,59830,1,1,1
37,59834,1,1,1
37,59838,0,1,1
37,59842,0,1,1
37,59846,1,1,1
37,59850,1,1,1
37,59854,0,1,1
37,59858,0,1,1
37,59862,1,1,1
37,59870,0,1,1
37,59874,0,1,1
37,59878,1,1,1
37,59882,1,1,1
37,59886,0,1,1
37,59890,0,1,1
37,59894,1,1,1
37,59898,1,1,1
37,59902,0,1,1
37,59906,0,1,1
37,59910,1,1,1
37,59914,1,1,1
37,59918,0,1,1
37,59922,0,1,1
37,59926,1,1,1
37,59930,1,1,1
37,59934,0,1,1
37,59938,0,1,1
37,59942,1,1,1
37,59946,1,1,1
37,59950,0,1,1
37,59954,0,1,1
37,59958,1,1,1
37,59962,1,1,1
37,59966,0,1,1
37,59970,0,1,1
37,59974,1,1,1
37,59978,1,1,1
37,59982,0,1,1
37,59986,0,1,1
37,59990,1,1,1
37,59994,1,1,1
37,59998,0,1,1
37,60002,0,1,1
37,60006,1,1,1
37,60010,1,1,1
37,60018,0,1,1
37,60022,1,1,1
37,60026,1,1,1
37,60030,0,1,1
37,60034,0,1,1
37,60038,1,1,1
37,60042,1,1,1
37,60046,0,1,1
37,60050,0,1,1
37,60054,1,1,1
37,60058,1,1,1
37,60062,0,1,1
37,60066,0,1,1
37,60070,1,1,1
37,60074,1,1,1
37,60078,0,1,1
37,60082,0,1,1
37,60086,1,1,1
37,60090,1,1,1
37,60094,0,1,1
37,60098,0,1,1
37,60102,1,1,1
37,60106,1,1,1
37,60110,0,1,1
37,60114,0,1,1
37,60118,1,1,1
37,60122,1,1,1
37,60126,0,1,1
37,60130,0,1,1
37,60134,1,1,1
37,60138,1,1,1
37,60142,0,1,1
37,60146,0,1,1
37,60150,1,1,1
37,60154,1,1,1
37,60158,0,1,1
37,60166,1,1,1
37,60170,1,1,1
37,60174,0,1,1
37,60178,0,1,1
37,60182,1,1,1
37,60186,1,1,1
37,60190,0,1,1
37,60194,0,1,1
37,60198,1,1,1
37,60202,1,1,1
37,60206,0,1,1
37,60210,0,1,1
37,60214,1,1,1
37,60218,1,1,1
37,60222,0,1,1
37,60226,0,1,1
37,60230,1,1,1
37,60234,1,1,1
37,60238,0,1,1
37,60242,0,1,1
37,60246,1,1,1
37,60250,1,1,1
37,60254,0,1,1
37,60258,0,1,1
37,60262,1,1,1
37,60266,1,1,1
37,60270,0,1,1
37,60274,0,1,1
37,60278,1,1,1
37,60282,1,1,1
37,60286,0,1,1
37,60290,0,1,1
37,60294,1,1,1
37,60298,1,1,1
37,60302,0,1,1
37,60306,0,1,1
37,60314,1,1,1
37,60318,0,1,1
37,60322,0,1,1
37,60326,1,1,1
37,60330,1,1,1
37,60334,0,1,1
37,60338,0,1,1
37,60342,1,1,1
37,60346,1,1,1
37,60350,0,1,1
37,60354,0,1,1
37,60358,1,1,1
37,60362,1,1,1
37,60366,0,1,1
37,60370,0,1,1
37,60374,1,1,1
37,60378,1,1,1
37,60382,0,1,1
37,60386,0,1,1
37,60390,1,1,1
37,60394,1,1,1
37,60398,0,1,1
37,60402,0,1,1
37,60406,1,1,1
37,60410,1,1,1
37,60414,0,1,1
37,60418,0,1,1
37,60422,1,1,1
37,60426,1,1,1
37,60430,0,1,1
37,60434,0,1,1
37,60438,1,1,1
37,60442,1,1,1
37,60446,0,1,1
37,60450,0,0,0
37,60454,1,1,1
37,60462,0,1,1
37,60466,0,1,1
37,60470,1,1,1
37,60474,1,1,1
37,60478,0,1,1
37,60482,0,1,1
37,60486,1,1,1
37,60490,1,1,1
37,60494,0,1,1
37,60498,0,1,1
37,60502,1,1,1
37,60506,1,1,1
37,60510,0,1,1
37,60514,0,1,1
37,60518,1,1,1
37,60522,1,1,1
37,60526,0,1,1
37,60530,0,1,1
37,60534,1,1,1
37,60538,1,1,1
37,60542,0,1,1
37,60546,0,1,1
37,60550,1,1,1
37,60554,1,1,1
37,60558,0,1,1
37,60562,0,1,1
37,60566,1,1,1
37,60570,1,1,1
37,60574,0,1,1
37,60578,0,1,1
37,60582,1,1,1
37,60586,1,1,1
37,60590,0,1,1
37,60594,0,1,1
37,60598,1,1,1
37,60602,1,1,1
37,60610,0,1,1
37,60614,1,1,1
37,60618,1,1,1
37,60622,0,1,1
37,60626,0,1,1
37,60630,1,1,1
37,60634,1,1,1
37,60638,0,1,1
37,60642,0,1,1
37,60646,1,1,1
37,60650,1,1,1
37,60654,0,1,1
37,60658,0,1,1
37,60662,1,1,1
37,60666,1,1,1
37,60670,0,1,1
37,60674,0,1,1
37,60678,1,1,1
37,60682,1,1,1
37,60686,0,1,1
37,60690,0,1,1
37,60694,1,1,1
37,60698,1,1,1
37,60702,0,1,1
37,60706,0,1,1
37,60710,1,1,1
37,60714,1,1,1
37,60718,0,1,1
37,60722,0,1,1
37,60726,1,1,1
37,60730,1,1,1
37,60734,0,1,1
37,60738,0,1,1
37,60742,1,1,1
37,60746,1,1,1
37,60750,0,1,1
37,60758,1,1,1
37,60762,1,1,1
37,60766,0,1,1
37,60770,0,1,1
37,60774,1,1,1
37,60778,1,1,1
37,60782,0,1,1
37,60786,0,1,1
37,60790,1,1,1
37,60794,1,1,1
37,60798,0,1,1
37,60802,0,1,1
37,60806,1,1,1
37,60810,1,1,1
37,60814,0,1,1
37,60818,0,1,1
37,60822,1,1,1
37,60826,1,1,1
37,60830,0,1,1
37,60834,0,1,1
37,60838,1,1,1
37,60842,1,1,1
37,60846,0,1,1
37,60850,0,1,1
37,60854,1,1,1
37,60858,1,1,1
37,60862,0,1,1
37,60866,0,1,1
37,60870,1,1,1
37,60874,1,1,1
37,60878,0,1,1
37,60882,0,1,1
37,60886,1,1,1
37,60890,1,1,1
37,60894,0,1,1
37,60898,0,1,1
37,60906,1,1,1
37,60910,0,1,1
37,60914,0,1,1
37,60918,1,1,1
37,60922,1,1,1
37,60926,0,1,1
37,60930,0,1,1
37,60934,1,1,1
37,60938,1,1,1
37,60942,0,1,1
37,60946,0,1,1
37,60950,1,1,1
37,60954,1,1,1
37,60958,0,1,1
37,60962,0,1,1
37,60966,1,1,1
37,60970,1,1,1
37,60974,0,1,1
37,60978,0,1,1
37,60982,1,1,1
37,60986,1,1,1
37,60990,0,1,1
37,60994,0,1,1
37,60998,0,1,1
37,61002,1,1,1
37,61006,0,1,1
37,61010,0,1,1
37,61014,1,1,1
37,61018,1,1,1
37,61022,0,1,1
37,61026,0,1,1
37,61030,1,1,1
37,61034,1,1,1
37,61038,0,1,1
37,61042,0,1,1
37,61046,1,1,1
37,61054,0,1,1
37,61058,0,1,1
37,61062,1,1,1
37,61066,1,1,1
37,61070,0,1,1
37,61074,0,1,1
37,61078,1,1,1
37,61082,1,1,1
37,61086,0,1,1
37,61090,0,1,1
37,61094,1,1,1
37,61098,1,1,1
37,61102,0,1,1
37,61106,0,1,1
37,61110,1,1,1
37,61114,1,1,1
37,61118,0,1,1
37,61122,0,1,1
37,61126,1,1,1
37,61130,1,1,1
37,61134,0,1,1
37,61138,0,1,1
37,61142,1,1,1
37,61146,1,1,1
37,61150,0,1,1
37,61154,0,1,1
37,61158,1,1,1
37,61162,1,1,1
37,61166,0,1,1
37,61170,0,1,1
37,61174,1,1,1
37,61178,1,1,1
37,61182,0,1,1
37,61186,0,1,1
37,61190,1,1,1
37,61194,1,1,1
37,61202,0,1,1
37,61206,1,1,1
37,61210,1,1,1
37,61214,0,1,1
37,61218,0,1,1
37,61222,1,1,1
37,61226,1,1,1
37,61230,0,1,1
37,61234,0,1,1
37,61238,1,1,1
37,61242,1,1,1
37,61246,0,1,1
37,61250,0,1,1
37,61254,1,1,1
37,61258,1,1,1
37,61262,0,1,1
37,61266,0,1,1
37,61270,1,1,1
37,61274,1,1,1
37,61278,0,1,1
37,61282,0,1,1
37,61286,1,1,1
37,61290,1,1,1
37,61294,0,1,1
37,61298,0,1,1
37,61302,1,1,1
37,61306,1,1,1
37,61310,0,1,1
37,61314,0,1,1
37,61318,1,1,1
37,61322,1,1,1
37,61326,0,1,1
37,61330,0,1,1
37,61334,1,1,1
37,61338,1,1,1
37,61342,0,1,1
37,61350,1,1,1
37,61354,1,1,1
37,61358,0,1,1
37,61362,0,1,1
37,61366,1,1,1
37,61370,1,1,1
37,61374,0,1,1
37,61378,0,1,1
37,61382,1,1,1
37,61386,1,1,1
37,61390,0,1,1
37,61394,0,1,1
37,61398,1,1,1
37,61402,1,1,1
37,61406,0,1,1
37,61410,0,1,1
37,61414,1,1,1
37,61418,1,1,1
37,61422,0,1,1
37,61426,0,1,1
37,61430,1,1,1
37,61434,1,1,1
37,61438,0,1,1
37,61442,0,1,1
37,61446,1,1,1
37,61450,1,1,1
37,61454,0,1,1
37,61458,0,1,1
37,61462,1,1,1
37,61466,1,1,1
37,61470,0,1,1
37,61474,0,1,1
37,61478,1,1,1
37,61482,1,1,1
37,61486,0,1,1
37,61490,0,1,1
37,61498,1,1,1
37,61502,0,1,1
37,61506,0,1,1
37,61510,1,1,1
37,61514,1,1,1
37,61518,0,1,1
37,61522,0,1,1
37,61526,1,1,1
37,61530,1,1,1
37,61534,0,1,1
37,61538,0,1,1
37,61542,1,1,1
37,61546,1,1,1
37,61550,0,1,1
37,61554,0,1,1
37,61558,1,1,1
37,61562,1,1,1
37,61566,0,1,1
37,61570,0,1,1
37,61574,1,1,1
37,61578,1,1,1
37,61582,0,1,1
37,61586,0,1,1
37,61590,1,0,1
37,61594,1,1,1
37,61598,0,1,1
37,61602,0,1,1
37,61606,1,1,1
37,61610,1,1,1
37,61614,0,1,1
37,61618,0,1,1
37,61622,1,1,1
37,61626,1,1,1
37,61630,0,1,1
37,61634,0,1,1
37,61638,1,1,1
37,61646,0,1,1
37,61650,0,1,1
37,61654,1,1,1
37,61658,1,1,1
37,61662,0,1,1
37,61666,0,1,1
37,61670,1,1,1
37,61674,1,1,1
37,61678,0,1,1
37,61682,0,1,1
37,61686,1,1,1
37,61690,1,1,1
37,61694,0,1,1
37,61698,0,1,1
37,61702,1,1,1
37,61706,1,1,1
37,61710,0,1,1
37,61714,0,1,1
37,61718,1,1,1
37,61722,1,1,1
37,61726,0,1,1
37,61730,0,1,1
37,61734,1,1,1
37,61738,1,1,1
37,61742,0,1,1
37,61746,0,1,1
37,61750,1,1,1
37,61754,1,1,1
37,61758,0,1,1
37,61762,0,1,1
37,61766,1,1,1
37,61770,1,1,1
37,61774,0,1,1
37,61778,0,1,1
37,61782,1,1,1
37,61786,1,1,1
37,61794,0,1,1
37,61798,1,1,1
37,61802,1,1,1
37,61806,0,1,1
37,61810,0,1,1
37,61814,1,1,1
37,61818,1,1,1
37,61822,0,1,1
37,61826,0,1,1
37,61830,1,1,1
37,61834,1,1,1
37,61838,0,1,1
37,61842,0,1,1
37,61846,1,1,1
37,61850,1,1,1
37,61854,0,1,1
37,61858,0,1,1
37,61862,1,1,1
37,61866,1,1,1
37,61870,0,1,1
37,61874,0,1,1
37,61878,1,1,1
37,61882,1,1,1
37,61886,0,1,1
37,61890,0,1,1
37,61894,1,1,1
37,61898,1,1,1
37,61902,0,1,1
37,61906,0,1,1
37,61910,1,1,1
37,61914,1,1,1
37,61918,0,1,1
37,61922,0,1,1
37,61926,1,1,1
37,61930,1,1,1
37,61934,0,1,1
37,61942,1,1,1
37,61946,1,1,1
37,61950,0,1,1
37,61954,0,1,1
37,61958,1,1,1
37,61962,1,1,1
37,61966,0,1,1
37,61970,0,1,1
37,61974,1,1,1
37,61978,1,1,1
37,61982,0,1,1
37,61986,0,1,1
37,61990,1,1,1
37,61994,1,1,1
37,61998,0,1,1
37,62002,0,1,1
37,62006,1,1,1
37,62010,1,1,1
37,62014,0,1,1
37,62018,0,1,1
37,62022,1,1,1
37,62026,1,1,1
37,62030,0,1,1
37,62034,0,1,1
37,62038,1,1,1
37,62042,1,1,1
37,62046,0,1,1
37,62050,0,1,1
37,62054,1,1,1
37,62058,1,1,1
37,62062,0,1,1
37,62066,0,1,1
37,62070,1,1,1
37,62074,1,1,1
37,62078,0,1,1
37,62082,0,1,1
37,62090,1,1,1
37,62094,0,1,1
37,62098,0,1,1
37,62102,1,1,1
37,62106,1,1,1
37,62110,0,1,1
37,62114,0,1,1
37,62118,1,0,1
37,62122,1,1,1
37,62126,0,1,1
37,62130,0,1,1
37,62134,1,1,1
37,62138,1,1,1
37,62142,0,1,1
37,62146,0,1,1
37,62150,1,1,1
37,62154,1,1,1
37,62158,0,1,1
37,62162,0,1,1
37,62166,1,1,1
37,62170,1,1,1
37,62174,0,1,1
37,62178,0,1,1
37,62182,1,1,1
37,62186,1,1,1
37,62190,0,1,1
37,62194,0,1,1
37,62198,1,1,1
37,62202,1,1,1
37,62206,0,1,1
37,62210,0,1,1
37,62214,0,1,1
37,62218,1,1,1
37,62222,0,1,1
37,62226,0,1,1
37,62230,1,1,1
37,62238,0,1,1
37,62242,0,1,1
37,62246,1,1,1
37,62250,1,1,1
37,62254,0,1,1
37,62258,0,1,1
37,62262,1,1,1
37,62266,1,1,1
37,62270,0,1,1
37,62274,0,1,1
37,62278,1,1,1
37,62282,1,1,1
37,62286,0,1,1
37,62290,0,1,1
37,62294,1,1,1
37,62298,1,1,1
37,62302,0,1,1
37,62306,0,1,1
37,62310,1,1,1
37,62314,1,1,1
37,62318,0,1,1
37,62322,0,1,1
37,62326,1,1,1
37,62330,1,1,1
37,62334,0,1,1
37,62338,0,1,1
37,62342,1,1,1
37,62346,1,1,1
37,62350,0,1,1
37,62354,0,1,1
37,62358,1,1,1
37,62362,1,1,1
37,62366,0,1,1
37,62370,0,1,1
37,62374,1,1,1
37,62378,1,1,1
37,62386,0,1,1
37,62390,1,1,1
37,62394,1,1,1
37,62398,0,1,1
37,62402,0,1,1
37,62406,1,1,1
37,62410,1,1,1
37,62414,0,1,1
37,62418,0,1,1
37,62422,1,1,1
37,62426,1,1,1
37,62430,0,1,1
37,62434,0,1,1
37,62438,1,1,1
37,62442,1,1,1
37,62446,0,1,1
37,62450,0,1,1
37,62454,1,1,1
37,62458,1,1,1
37,62462,0,1,1
37,62466,0,1,1
37,62470,1,1,1
37,62474,1,1,1
37,62478,0,1,1
37,62482,0,1,1
37,62486,1,1,1
37,62490,1,1,1
37,62494,0,1,1
37,62498,0,1,1
37,62502,1,1,1
37,62506,1,1,1
37,62510,0,1,1
37,62514,0,1,1
37,62518,1,1,1
37,62522,1,1,1
37,62526,0,1,1
37,62534,1,1,1
37,62538,1,1,1
37,62542,0,1,1
37,62546,0,1,1
37,62550,1,1,1
37,62554,1,1,1
37,62558,0,1,1
37,62562,0,1,1
37,62566,1,1,1
37,62570,1,1,1
37,62574,0,1,1
37,62578,0,1,1
37,62582,1,1,1
37,62586,1,1,1
37,62590,0,1,1
37,62594,0,1,1
37,62598,1,1,1
37,62602,1,1,1
37,62606,0,1,1
37,62610,0,1,1
37,62614,1,1,1
37,62618,1,1,1
37,62622,0,0,0
37,62626,0,1,1
37,62630,1,1,1
37,62634,1,1,1
37,62638,0,1,1
37,62642,0,1,1
37,62646,1,1,1
37,62650,1,0,1
37,62654,0,1,1
37,62658,0,1,1
37,62662,1,1,1
37,62666,1,1,1
37,62670,0,1,1
37,62674,0,1,1
37,62682,1,1,1
37,62686,0,1,1
37,62690,0,1,1
37,62694,1,1,1
37,62698,1,1,1
37,62702,0,1,1
37,62706,0,1,1
37,62710,1,1,1
37,62714,1,1,1
37,62718,0,1,1
37,62722,0,1,1
37,62726,1,1,1
37,62730,1,1,1
37,62734,0,1,1
37,62738,0,1,1
37,62742,1,1,1
37,62746,1,1,1
37,62750,0,1,1
37,62754,0,1,1
37,62758,1,1,1
37,62762,1,1,1
37,62766,0,1,1
37,62770,0,1,1
37,62774,1,1,1
37,62778,1,1,1
37,62782,0,1,1
37,62786,0,1,1
37,62790,1,1,1
37,62794,1,1,1
37,62798,0,1,1
37,62802,0,1,1
37,62806,1,1,1
37,62810,1,1,1
37,62814,0,1,1
37,62818,0,1,1
37,62822,1,1,1
37,62830,0,1,1
37,62834,0,1,1
37,62838,1,1,1
37,62842,1,1,1
37,62846,0,1,1
37,62850,0,1,1
37,62854,1,1,1
37,62858,1,1,1
37,62862,0,1,1
37,62866,0,1,1
37,62870,1,1,1
37,62874,1,1,1
37,62878,0,1,1
37,62882,0,1,1
37,62886,1,1,1
37,62890,1,1,1
37,62894,0,1,1
37,62898,0,1,1
37,62902,1,1,1
37,62906,1,1,1
37,62910,0,1,1
37,62914,0,1,1
37,62918,1,1,1
37,62922,1,1,1
37,62926,0,1,1
37,62930,0,1,1
37,62934,1,1,1
37,62938,1,1,1
37,62942,0,1,1
37,62946,0,1,1
37,62950,1,1,1
37,62954,1,1,1
37,62958,0,1,1
37,62962,0,1,1
37,62966,1,1,1
37,62970,1,1,1
37,62978,0,1,1
37,62982,1,0,1
37,62986,1,1,1
37,62990,0,1,1
37,62994,0,1,1
37,62998,1,1,1
37,63002,1,1,1
37,63006,0,1,1
37,63010,0,1,1
37,63014,1,1,1
37,63018,1,1,1
37,63022,0,1,1
37,63026,0,1,1
37,63030,1,1,1
37,63034,1,1,1
37,63038,0,1,1
37,63042,0,1,1
37,63046,1,1,1
37,63050,1,1,1
37,63054,0,1,1
37,63058,0,1,1
37,63062,1,1,1
37,63066,1,1,1
37,63070,0,1,1
37,63074,0,1,1
37,63078,1,1,1
37,63082,1,1,1
37,63086,0,1,1
37,63090,0,1,1
37,63094,1,1,1
37,63098,1,1,1
37,63102,0,1,1
37,63106,0,1,1
37,63110,1,1,1
37,63114,1,1,1
37,63118,0,1,1
37,63126,1,1,1
37,63130,1,1,1
37,63134,0,1,1
37,63138,0,1,1
37,63142,1,1,1
37,63146,1,1,1
37,63150,0,1,1
37,63154,0,1,1
37,63158,1,1,1
37,63162,1,1,1
37,63166,0,1,1
37,63170,0,1,1
37,63174,1,1,1
37,63178,1,1,1
37,63182,0,1,1
37,63186,0,1,1
37,63190,1,1,1
37,63194,1,1,1
37,63198,0,1,1
37,63202,0,1,1
37,63206,1,1,1
37,63210,1,1,1
37,63214,0,1,1
37,63218,0,1,1
37,63222,1,1,1
37,63226,1,1,1
37,63230,0,1,1
37,63234,0,1,1
37,63238,1,1,1
37,63242,1,1,1
37,63246,0,1,1
37,63250,0,1,1
37,63254,1,1,1
37,63258,1,1,1
37,63262,0,1,1
37,63266,0,1,1
37,63274,1,1,1
37,63278,0,1,1
37,63282,0,1,1
37,63286,1,1,1
37,63290,1,1,1
37,63294,0,1,1
37,63298,0,1,1
37,63302,1,1,1
37,63306,1,1,1
37,63310,0,1,1
37,63314,0,1,1
37,63318,1,1,1
37,63322,1,1,1
37,63326,0,1,1
37,63330,0,1,1
37,63334,1,1,1
37,63338,1,1,1
37,63342,0,1,1
37,63346,0,1,1
37,63350,1,1,1
37,63354,1,1,1
37,63358,0,1,1
37,63362,0,1,1
37,63366,1,1,1
37,63370,1,1,1
37,63374,0,1,1
37,63378,0,1,1
37,63382,1,1,1
37,63386,1,1,1
37,63390,0,1,1
37,63394,0,1,1
37,63398,1,1,1
37,63402,1,1,1
37,63406,0,1,1
37,63410,0,1,1
37,63414,1,1,1
37,63422,0,1,1
37,63426,0,1,1
37,63430,1,1,1
37,63434,1,1,1
37,63438,0,1,1
37,63442,0,1,1
37,63446,1,1,1
37,63450,1,1,1
37,63454,0,1,1
37,63458,0,1,1
37,63462,1,1,1
37,63466,1,1,1
37,63470,0,1,1
37,63474,0,1,1
37,63478,1,1,1
37,63482,1,1,1
37,63486,0,1,1
37,63490,0,1,1
37,63494,1,1,1
37,63498,1,1,1
37,63502,0,1,1
37,63506,0,1,1
37,63510,1,1,1
37,63514,1,1,1
37,63518,0,1,1
37,63522,0,1,1
37,63526,1,1,1
37,63530,1,1,1
37,63534,0,1,1
37,63538,0,1,1
37,63542,1,1,1
37,63546,0,1,1
37,63550,0,1,1
37,63554,0,1,1
37,63558,1,1,1
37,63562,1,1,1
37,63570,0,1,1
37,63574,1,1,1
37,63578,1,1,1
37,63582,0,1,1
37,63586,0,1,1
37,63590,1,1,1
37,63594,1,1,1
37,63598,0,1,1
37,63602,0,1,1
37,63606,1,1,1
37,63610,1,1,1
37,63614,0,1,1
37,63618,0,1,1
37,63622,1,1,1
37,63626,1,1,1
37,63630,0,1,1
37,63634,0,1,1
37,63638,1,1,1
37,63642,1,1,1
37,63646,0,1,1
37,63650,0,1,1
37,63654,1,1,1
37,63658,1,1,1
37,63662,0,1,1
37,63666,0,1,1
37,63670,1,1,1
37,63674,1,1,1
37,63678,0,0,0
37,63682,0,1,1
37,63686,1,1,1
37,63690,1,1,1
37,63694,0,1,1
37,63698,0,1,1
37,63702,1,1,1
37,63706,1,1,1
37,63710,0,1,1
37,63718,1,1,1
37,63722,1,1,1
37,63726,0,1,1
37,63730,0,1,1
37,63734,1,1,1
37,63738,1,1,1
37,63742,0,1,1
37,63746,0,1,1
37,63750,1,1,1
37,63754,1,1,1
37,63758,0,1,1
37,63762,0,1,1
37,63766,1,1,1
37,63770,1,1,1
37,63774,0,1,1
37,63778,0,1,1
37,63782,1,1,1
37,63786,1,1,1
37,63790,0,1,1
37,63794,0,1,1
37,63798,1,1,1
37,63802,1,1,1
37,63806,0,1,1
37,63810,0,1,1
37,63814,1,1,1
37,63818,1,1,1
37,63822,0,1,1
37,63826,0,1,1
37,63830,1,1,1
37,63834,1,1,1
37,63838,0,1,1
37,63842,0,1,1
37,63846,1,0,1
37,63850,1,1,1
37,63854,0,1,1
37,63858,0,1,1
37,63866,1,1,1
37,63870,0,1,1
37,63874,0,1,1
37,63878,1,1,1
37,63882,1,1,1
37,63886,0,1,1
37,63890,0,1,1
37,63894,1,1,1
37,63898,1,1,1
37,63902,0,1,1
37,63906,0,1,1
37,63910,1,1,1
37,63914,1,1,1
37,63918,0,1,1
37,63922,0,1,1
37,63926,1,1,1
37,63930,1,1,1
37,63934,0,1,1
37,63938,0,1,1
37,63942,1,1,1
37,63946,1,1,1
37,63950,0,1,1
37,63954,0,1,1
37,63958,1,1,1
37,63962,1,1,1
37,63966,0,1,1
37,63970,0,1,1
37,63974,1,1,1
37,63978,1,1,1
37,63982,0,0,0
37,63986,0,1,1
37,63990,1,1,1
37,63994,1,1,1
37,63998,0,1,1
37,64002,0,1,1
37,64006,1,1,1
37,64014,0,1,1
37,64018,0,1,1
37,64022,1,1,1
37,64026,1,1,1
37,64030,0,1,1
37,64034,0,1,1
37,64038,1,1,1
37,64042,1,1,1
37,64046,0,1,1
37,64050,0,1,1
37,64054,1,1,1
37,64058,1,1,1
37,64062,0,1,1
37,64066,0,1,1
37,64070,1,1,1
37,64074,1,1,1
37,64078,0,1,1
37,64082,0,1,1
37,64086,1,1,1
37,64090,1,1,1
37,64094,0,1,1
37,64098,0,1,1
37,64102,1,1,1
37,64106,1,1,1
37,64110,0,1,1
37,64114,0,1,1
37,64118,1,1,1
37,64122,1,1,1
37,64126,0,1,1
37,64130,0,1,1
37,64134,1,1,1
37,64138,1,1,1
37,64142,0,1,1
37,64146,0,1,1
37,64150,1,1,1
37,64154,1,1,1
37,64162,0,1,1
37,64166,1,1,1
37,64170,1,1,1
37,64174,0,1,1
37,64178,0,1,1
37,64182,1,1,1
37,64186,1,1,1
37,64190,0,1,1
37,64194,0,1,1
37,64198,1,1,1
37,64202,1,1,1
37,64206,0,1,1
37,64210,0,1,1
37,64214,1,1,1
37,64218,1,1,1
37,64222,0,1,1
37,64226,0,1,1
37,64230,1,1,1
37,64234,1,1,1
37,64238,0,1,1
37,64242,0,1,1
37,64246,1,1,1
37,64250,1,1,1
37,64254,0,1,1
37,64258,0,1,1
37,64262,1,1,1
37,64266,1,1,1
37,64270,0,1,1
37,64274,0,1,1
37,64278,1,1,1
37,64282,1,1,1
37,64286,0,1,1
37,64290,0,1,1
37,64294,1,1,1
37,64298,1,1,1
37,64302,0,1,1
37,64310,1,1,1
37,64314,1,1,1
37,64318,0,1,1
37,64322,0,1,1
37,64326,1,1,1
37,64330,1,1,1
37,64334,0,1,1
37,64338,0,1,1
37,64342,1,1,1
37,64346,1,1,1
37,64350,0,1,1
37,64354,0,1,1
37,64358,1,1,1
37,64362,1,1,1
37,64366,0,1,1
37,64370,0,1,1
37,64374,1,1,1
37,64378,1,1,1
37,64382,0,1,1
37,64386,0,1,1
37,64390,1,1,1
37,64394,1,1,1
37,64398,0,1,1
37,64402,0,1,1
37,64406,1,1,1
37,64410,1,1,1
37,64414,0,1,1
37,64418,0,1,1
37,64422,1,1,1
37,64426,1,1,1
37,64430,0,1,1
37,64434,0,1,1
37,64438,1,1,1
37,64442,1,1,1
37,64446,0,1,1
37,64450,0,1,1
37,64458,1,1,1
37,64462,0,1,1
37,64466,0,1,1
37,64470,1,1,1
37,64474,1,1,1
37,64478,0,1,1
37,64482,0,1,1
37,64486,1,1,1
37,64490,1,1,1
37,64494,0,1,1
37,64498,0,1,1
37,64502,1,1,1
37,64506,1,1,1
37,64510,0,1,1
37,64514,0,1,1
37,64518,1,1,1
37,64522,1,1,1
37,64526,0,1,1
37,64530,0,1,1
37,64534,1,1,1
37,64538,1,1,1
37,64542,0,1,1
37,64546,0,1,1
37,64550,1,1,1
37,64554,1,1,1
37,64558,0,1,1
37,64562,0,1,1
37,64566,1,1,1
37,64570,1,1,1
37,64574,0,1,1
37,64578,0,1,1
37,64582,1,1,1
37,64586,1,1,1
37,64590,0,1,1
37,64594,0,1,1
37,64598,1,1,1
37,64606,0,1,1
37,64610,0,1,1
37,64614,1,1,1
37,64618,1,1,1
37,64622,0,1,1
37,64626,0,1,1
37,64630,1,1,1
37,64634,1,1,1
37,64638,0,1,1
37,64642,0,1,1
37,64646,1,1,1
37,64650,1,1,1
37,64654,0,1,1
37,64658,0,1,1
37,64662,1,1,1
37,64666,1,1,1
37,64670,0,1,1
37,64674,0,1,1
37,64678,1,1,1
37,64682,1,1,1
37,64686,0,1,1
37,64690,0,1,1
37,64694,1,1,1
37,64698,1,1,1
37,64702,0,1,1
37,64706,0,1,1
37,64710,1,1,1
37,64714,1,1,1
37,64718,0,1,1
37,64722,0,1,1
37,64726,1,1,1
37,64730,1,1,1
37,64734,0,1,1
37,64738,0,1,1
37,64742,1,1,1
37,64746,1,1,1
37,64754,0,1,1
37,64758,1,1,1
37,64762,1,1,1
37,64766,0,1,1
37,64770,0,1,1
37,64774,1,1,1
37,64778,1,1,1
37,64782,0,1,1
37,64786,0,1,1
37,64790,1,1,1
37,64794,1,1,1
37,64798,0,1,1
37,64802,0,1,1
37,64806,1,1,1
37,64810,1,1,1
37,64814,0,1,1
37,64818,0,1,1
37,64822,1,1,1
37,64826,1,1,1
37,64830,0,1,1
37,64834,0,1,1
37,64838,1,1,1
37,64842,1,1,1
37,64846,0,1,1
37,64850,0,1,1
37,64854,1,1,1
37,64858,1,1,1
37,64862,0,1,1
37,64866,0,1,1
37,64870,1,1,1
37,64874,1,1,1
37,64878,0,1,1
37,64882,0,1,1
37,64886,1,1,1
37,64890,1,1,1
37,64894,0,1,1
37,64902,1,1,1
37,64906,1,1,1
37,64910,0,1,1
37,64914,0,1,1
37,64918,1,1,1
37,64922,1,1,1
37,64926,0,1,1
37,64930,0,1,1
37,64934,1,1,1
37,64938,1,1,1
37,64942,0,1,1
37,64946,0,1,1
37,64950,1,1,1
37,64954,1,1,1
37,64958,0,1,1
37,64962,0,1,1
37,64966,1,1,1
37,64970,1,1,1
37,64974,0,1,1
37,64978,0,1,1
37,64982,1,1,1
37,64986,1,1,1
37,64990,0,1,1
37,64994,0,1,1
37,64998,1,1,1
37,65002,1,1,1
37,65006,0,1,1
37,65010,0,1,1
37,65014,1,1,1
37,65018,1,1,1
37,65022,0,1,1
37,65026,0,1,1
37,65030,1,1,1
37,65034,1,1,1
37,65038,0,1,1
37,65042,0,1,1
37,65050,1,1,1
37,65054,0,1,1
37,65058,0,1,1
37,65062,1,1,1
37,65066,1,1,1
37,65070,0,1,1
37,65074,0,1,1
37,65078,1,1,1
37,65082,1,1,1
37,65086,0,1,1
37,65090,0,1,1
37,65094,1,1,1
37,65098,1,1,1
37,65102,0,1,1
37,65106,0,1,1
37,65110,1,1,1
37,65114,1,1,1
37,65118,0,1,1
37,65122,0,1,1
37,65126,1,1,1
37,65130,1,1,1
37,65134,0,1,1
37,65138,0,1,1
37,65142,1,1,1
37,65146,1,1,1
37,65150,0,1,1
37,65154,0,1,1
37,65158,1,1,1
37,65162,1,1,1
37,65166,0,1,1
37,65170,0,1,1
37,65174,1,1,1
37,65178,1,1,1
37,65182,0,1,1
37,65186,0,1,1
37,65190,1,1,1
37,65198,0,1,1
37,65202,0,1,1
37,65206,1,1,1
37,65210,1,1,1
37,65214,0,1,1
37,65218,0,1,1
37,65222,1,1,1
37,65226,1,1,1
37,65230,0,1,1
37,65234,0,1,1
37,65238,1,1,1
37,65242,1,1,1
37,65246,0,1,1
37,65250,0,1,1
37,65254,1,1,1
37,65258,1,1,1
37,65262,0,1,1
37,65266,0,1,1
37,65270,1,1,1
37,65274,1,1,1
37,65278,0,1,1
37,65282,0,1,1
37,65286,1,1,1
37,65290,1,1,1
37,65294,0,1,1
37,65298,0,1,1
37,65302,1,1,1
37,65306,1,1,1
37,65310,0,1,1
37,65314,0,1,1
37,65318,1,1,1
37,65322,1,1,1
37,65326,0,1,1
37,65330,0,1,1
37,65334,1,1,1
37,65338,1,1,1
37,65346,0,1,1
37,65350,1,1,1
37,65354,1,1,1
37,65358,0,1,1
37,65362,0,1,1
37,65366,1,1,1
37,65370,1,1,1
37,65374,0,1,1
37,65378,0,1,1
37,65382,1,1,1
37,65386,1,1,1
37,65390,0,1,1
37,65394,0,1,1
37,65398,1,1,1
37,65402,1,1,1
37,65406,0,1,1
37,65410,0,1,1
37,65414,1,1,1
37,65418,1,1,1
37,65422,0,1,1
37,65426,0,1,1
37,65430,1,1,1
37,65434,1,1,1
37,65438,0,1,1
37,65442,0,1,1
37,65446,1,1,1
37,65450,1,1,1
37,65454,0,1,1
37,65458,0,1,1
37,65462,1,1,1
37,65466,1,1,1
37,65470,0,1,1
37,65474,0,1,1
37,65478,1,1,1
37,65482,1,1,1
37,65486,0,1,1
37,65494,1,1,1
37,65498,1,1,1
37,65502,0,1,1
37,65506,0,1,1
37,65510,1,1,1
37,65514,1,1,1
37,65518,0,1,1
37,65522,0,1,1
37,65526,1,1,1
37,65530,1,1,1
37,65534,0,1,1
37,65538,0,1,1
37,65542,1,1,1
37,65546,1,1,1
37,65550,0,1,1
37,65554,0,1,1
37,65558,1,1,1
37,65562,1,1,1
37,65566,0,1,1
37,65570,0,1,1
37,65574,1,1,1
37,65578,1,1,1
37,65582,0,1,1
37,65586,0,1,1
37,65590,1,1,1
37,65594,1,1,1
37,65598,0,1,1
37,65602,0,1,1
37,65606,1,1,1
37,65610,1,1,1
37,65614,0,1,1
37,65618,0,1,1
37,65622,1,1,1
37,65626,1,1,1
37,65630,0,1,1
37,65634,0,1,1
37,65642,1,1,1
37,65646,0,1,1
37,65650,0,1,1
37,65654,1,1,1
37,65658,1,1,1
37,65662,0,1,1
37,65666,0,1,1
37,65670,1,1,1
37,65674,1,1,1
37,65678,0,1,1
37,65682,0,1,1
37,65686,1,1,1
37,65690,1,1,1
37,65694,0,1,1
37,65698,0,1,1
37,65702,1,1,1
37,65706,1,1,1
37,65710,0,1,1
37,65714,0,1,1
37,65718,1,1,1
37,65722,1,1,1
37,65726,0,1,1
37,65730,0,1,1
37,65734,1,1,1
37,65738,1,1,1
37,65742,0,1,1
37,65746,0,1,1
37,65750,1,1,1
37,65754,1,1,1
37,65758,0,1,1
37,65762,0,1,1
37,65766,1,1,1
37,65770,1,1,1
37,65774,0,1,1
37,65778,0,1,1
37,65782,1,1,1
37,65790,0,1,1
37,65794,0,1,1
37,65798,1,1,1
37,65802,1,1,1
37,65806,0,1,1
37,65810,0,1,1
37,65814,1,1,1
37,65818,1,1,1
37,65822,0,0,0
37,65826,0,1,1
37,65830,1,1,1
37,65834,1,1,1
37,65838,0,1,1
37,65842,0,1,1
37,65846,1,1,1
37,65850,1,1,1
37,65854,0,1,1
37,65858,0,1,1
37,65862,1,1,1
37,65866,1,1,1
37,65870,0,1,1
37,65874,0,1,1
37,65878,1,1,1
37,65882,1,1,1
37,65886,0,1,1
37,65890,0,1,1
37,65894,1,1,1
37,65898,1,1,1
37,65902,0,1,1
37,65906,0,1,1
37,65910,1,1,1
37,65914,1,1,1
37,65918,0,1,1
37,65922,0,1,1
37,65926,1,1,1
37,65930,1,1,1
37,65938,0,1,1
37,65942,1,1,1
37,65946,1,1,1
37,65950,0,1,1
37,65954,0,1,1
37,65958,1,1,1
37,65962,1,1,1
37,65966,0,1,1
37,65970,0,1,1
37,65974,1,1,1
37,65978,1,1,1
37,65982,0,1,1
37,65986,0,1,1
37,65990,1,1,1
37,65994,1,1,1
37,65998,0,1,1
37,66002,0,1,1
37,66006,1,1,1
37,66010,1,1,1
37,66014,0,1,1
37,66018,0,1,1
37,66022,1,1,1
37,66026,1,1,1
37,66030,0,1,1
37,66034,0,1,1
37,66038,1,1,1
37,66042,1,1,1
37,66046,0,1,1
37,66050,0,1,1
37,66054,1,0,1
37,66058,1,1,1
37,66062,0,1,1
37,66066,0,1,1
37,66070,1,1,1
37,66074,1,1,1
37,66078,0,1,1
37,66086,1,1,1
37,66090,1,1,1
37,66094,0,1,1
37,66098,0,1,1
37,66102,1,1,1
37,66106,1,1,1
37,66110,0,1,1
37,66114,0,1,1
37,66118,1,1,1
37,66122,1,1,1
37,66126,0,1,1
37,66130,0,1,1
37,66134,1,1,1
37,66138,1,1,1
37,66142,0,1,1
37,66146,0,1,1
37,66150,1,1,1
37,66154,1,1,1
37,66158,0,1,1
37,66162,0,1,1
37,66166,1,1,1
37,66170,1,1,1
37,66174,0,1,1
37,66178,0,1,1
37,66182,1,1,1
37,66186,1,1,1
37,66190,0,1,1
37,66194,0,1,1
37,66198,1,1,1
37,66202,1,1,1
37,66206,0,1,1
37,66210,0,1,1
37,66214,1,1,1
37,66218,1,1,1
37,66222,0,1,1
37,66226,0,1,1
37,66234,1,1,1
37,66238,0,1,1
37,66242,0,1,1
37,66246,1,1,1
37,66250,1,1,1
37,66254,0,1,1
37,66258,0,1,1
37,66262,1,1,1
37,66266,1,1,1
37,66270,0,1,1
37,66274,0,1,1
37,66278,1,1,1
37,66282,1,1,1
37,66286,0,1,1
37,66290,0,1,1
37,66294,1,1,1
37,66298,1,1,1
37,66302,0,1,1
37,66306,0,1,1
37,66310,1,1,1
37,66314,1,1,1
37,66318,0,1,1
37,66322,0,1,1
37,66326,1,1,1
37,66330,1,1,1
37,66334,0,1,1
37,66338,0,1,1
37,66342,1,1,1
37,66346,1,1,1
37,66350,0,1,1
37,66354,0,1,1
37,66358,1,1,1
37,66362,1,1,1
37,66366,0,1,1
37,66370,0,1,1
37,66374,1,1,1
37,66382,0,1,1
37,66386,0,1,1
37,66390,1,1,1
37,66394,1,1,1
37,66398,0,1,1
37,66402,0,1,1
37,66406,1,1,1
37,66410,1,1,1
37,66414,0,1,1
37,66418,0,1,1
37,66422,1,1,1
37,66426,1,1,1
37,66430,0,1,1
37,66434,0,1,1
37,66438,1,1,1
37,66442,1,1,1
37,66446,0,1,1
37,66450,0,1,1
37,66454,1,1,1
37,66458,1,1,1
37,66462,0,1,1
37,66466,0,1,1
37,66470,1,1,1
37,66474,1,1,1
37,66478,0,1,1
37,66482,0,1,1
37,66486,1,0,1
37,66490,1,1,1
37,66494,0,1,1
37,66498,0,1,1
37,66502,1,1,1
37,66506,1,1,1
37,66510,0,1,1
37,66514,0,1,1
37,66518,1,1,1
37,66522,1,1,1
37,66530,0,1,1
37,66534,1,1,1
37,66538,1,1,1
37,66542,0,1,1
37,66546,0,1,1
37,66550,1,1,1
37,66554,1,1,1
37,66558,0,1,1
37,66562,0,1,1
37,66566,1,1,1
37,66570,1,1,1
37,66574,0,1,1
37,66578,0,1,1
37,66582,1,1,1
37,66586,1,1,1
37,66590,0,1,1
37,66594,0,1,1
37,66598,1,1,1
37,66602,1,1,1
37,66606,0,1,1
37,66610,0,1,1
37,66614,1,1,1
37,66618,1,1,1
37,66622,0,1,1
37,66626,0,1,1
37,66630,1,1,1
37,66634,1,1,1
37,66638,0,1,1
37,66642,0,1,1
37,66646,1,1,1
37,66650,1,1,1
37,66654,0,1,1
37,66658,0,1,1
37,66662,1,1,1
37,66666,1,1,1
37,66670,0,1,1
37,66678,1,0,1
37,66682,1,1,1
37,66686,0,1,1
37,66690,0,1,1
37,66694,1,1,1
37,66698,1,1,1
37,66702,0,1,1
37,66706,0,1,1
37,66710,1,1,1
37,66714,1,1,1
37,66718,0,1,1
37,66722,0,1,1
37,66726,1,1,1
37,66730,1,1,1
37,66734,0,1,1
37,66738,0,1,1
37,66742,1,1,1
37,66746,1,1,1
37,66750,0,1,1
37,66754,0,1,1
37,66758,1,1,1
37,66762,1,1,1
37,66766,0,1,1
37,66770,0,1,1
37,66774,1,1,1
37,66778,1,1,1
37,66782,0,1,1
37,66786,0,1,1
37,66790,1,1,1
37,66794,1,1,1
37,66798,0,1,1
37,66802,0,1,1
37,66806,1,1,1
37,66810,1,1,1
37,66814,0,1,1
37,66818,0,1,1
37,66826,1,1,1
37,66830,0,1,1
37,66834,0,1,1
37,66838,1,1,1
37,66842,1,1,1
37,66846,0,1,1
37,66850,0,1,1
37,66854,1,1,1
37,66858,1,1,1
37,66862,0,1,1
37,66866,0,1,1
37,66870,1,1,1
37,66874,1,1,1
37,66878,0,1,1
37,66882,0,1,1
37,66886,1,1,1
37,66890,1,1,1
37,66894,0,1,1
37,66898,0,1,1
37,66902,1,1,1
37,66906,1,1,1
37,66910,0,1,1
37,66914,0,1,1
37,66918,1,1,1
37,66922,1,1,1
37,66926,0,1,1
37,66930,0,1,1
37,66934,1,1,1
37,66938,1,1,1
37,66942,0,1,1
37,66946,0,1,1
37,66950,1,1,1
37,66954,1,1,1
37,66958,0,1,1
37,66962,0,1,1
37,66966,1,1,1
37,66974,0,1,1
37,66978,0,1,1
37,66982,1,1,1
37,66986,1,1,1
37,66990,0,1,1
37,66994,0,1,1
37,66998,1,1,1
37,67002,1,1,1
37,67006,0,1,1
37,67010,0,1,1
37,67014,1,1,1
37,67018,1,1,1
37,67022,0,1,1
37,67026,0,1,1
37,67030,1,1,1
37,67034,1,1,1
37,67038,0,1,1
37,67042,0,1,1
37,67046,1,1,1
37,67050,1,1,1
37,67054,0,1,1
37,67058,0,1,1
37,67062,1,1,1
37,67066,1,1,1
37,67070,0,1,1
37,67074,0,1,1
37,67078,1,1,1
37,67082,1,1,1
37,67086,0,1,1
37,67090,0,1,1
37,67094,1,1,1
37,67098,1,1,1
37,67102,0,1,1
37,67106,0,1,1
37,67110,1,1,1
37,67114,1,1,1
37,67122,0,1,1
37,67126,1,1,1
37,67130,1,1,1
37,67134,0,1,1
37,67138,0,1,1
37,67142,1,1,1
37,67146,1,1,1
37,67150,0,1,1
37,67154,0,1,1
37,67158,1,1,1
37,67162,1,1,1
37,67166,0,1,1
37,67170,0,1,1
37,67174,1,1,1
37,67178,1,1,1
37,67182,0,1,1
37,67186,0,1,1
37,67190,1,1,1
37,67194,1,1,1
37,67198,0,1,1
37,67202,0,1,1
37,67206,1,1,1
37,67210,1,1,1
37,67214,0,1,1
37,67218,0,1,1
37,67222,1,1,1
37,67226,1,1,1
37,67230,0,1,1
37,67234,0,1,1
37,67238,1,1,1
37,67242,1,1,1
37,67246,0,1,1
37,67250,0,1,1
37,67254,1,1,1
37,67258,1,1,1
37,67262,0,1,1
37,67270,1,1,1
37,67274,1,1,1
37,67278,0,1,1
37,67282,0,1,1
37,67286,1,1,1
37,67290,1,1,1
37,67294,0,1,1
37,67298,0,1,1
37,67302,1,1,1
37,67306,1,1,1
37,67310,0,1,1
37,67314,0,1,1
37,67318,1,1,1
37,67322,1,1,1
37,67326,0,1,1
37,67330,0,1,1
37,67334,1,1,1
37,67338,1,1,1
37,67342,0,0,0
37,67346,0,1,1
37,67350,1,1,1
37,67354,1,1,1
37,67358,0,1,1
37,67362,0,1,1
37,67366,1,1,1
37,67370,1,1,1
37,67374,0,1,1
37,67378,0,1,1
37,67382,1,1,1
37,67386,1,1,1
37,67390,0,1,1
37,67394,0,1,1
37,67398,1,1,1
37,67402,1,1,1
37,67406,0,1,1
37,67410,0,1,1
37,67418,1,1,1
37,67422,0,1,1
37,67426,0,1,1
37,67430,1,1,1
37,67434,1,1,1
37,67438,0,1,1
37,67442,0,1,1
37,67446,1,1,1
37,67450,1,1,1
37,67454,0,1,1
37,67458,0,1,1
37,67462,1,1,1
37,67466,1,1,1
37,67470,0,1,1
37,67474,0,1,1
37,67478,1,1,1
37,67482,1,1,1
37,67486,0,1,1
37,67490,0,1,1
37,67494,1,1,1
37,67498,1,1,1
37,67502,0,1,1
37,67506,0,1,1
37,67510,1,1,1
37,67514,1,1,1
37,67518,0,1,1
37,67522,0,1,1
37,67526,1,1,1
37,67530,1,1,1
37,67534,0,1,1
37,67538,0,1,1
37,67542,1,1,1
37,67546,1,1,1
37,67550,0,1,1
37,67554,0,1,1
37,67558,1,1,1
37,67566,0,1,1
37,67570,0,1,1
37,67574,1,1,1
37,67578,1,1,1
37,67582,0,0,0
37,67586,0,1,1
37,67590,1,1,1
37,67594,1,1,1
37,67598,0,1,1
37,67602,0,1,1
37,67606,1,1,1
37,67610,1,1,1
37,67614,0,1,1
37,67618,0,1,1
37,67622,1,1,1
37,67626,1,1,1
37,67630,0,1,1
37,67634,0,1,1
37,67638,1,1,1
37,67642,1,1,1
37,67646,0,1,1
37,67650,0,1,1
37,67654,1,1,1
37,67658,1,1,1
37,67662,0,1,1
37,67666,0,1,1
37,67670,1,1,1
37,67674,1,1,1
37,67678,0,1,1
37,67682,0,1,1
37,67686,1,1,1
37,67690,1,1,1
37,67694,0,1,1
37,67698,0,1,1
37,67702,1,1,1
37,67706,1,1,1
37,67714,0,1,1
37,67718,1,1,1
37,67722,1,1,1
37,67726,0,1,1
37,67730,0,1,1
37,67734,1,1,1
37,67738,1,1,1
37,67742,0,0,0
37,67746,0,1,1
37,67750,1,1,1
37,67754,1,1,1
37,67758,0,1,1
37,67762,0,1,1
37,67766,1,1,1
37,67770,1,1,1
37,67774,0,1,1
37,67778,0,1,1
37,67782,1,1,1
37,67786,1,1,1
37,67790,0,1,1
37,67794,0,1,1
37,67798,1,1,1
37,67802,1,1,1
37,67806,0,0,0
37,67810,0,1,1
37,67814,1,1,1
37,67818,1,1,1
37,67822,0,1,1
37,67826,0,1,1
37,67830,1,1,1
37,67834,1,1,1
37,67838,0,1,1
37,67842,0,1,1
37,67846,1,1,1
37,67850,1,1,1
37,67854,0,1,1
37,67862,1,1,1
37,67866,1,1,1
37,67870,0,1,1
37,67874,0,1,1
37,67878,1,1,1
37,67882,1,1,1
37,67886,0,1,1
37,67890,0,1,1
37,67894,1,1,1
37,67898,1,1,1
37,67902,0,1,1
37,67906,0,1,1
37,67910,1,1,1
37,67914,1,1,1
37,67918,0,1,1
37,67922,0,1,1
37,67926,1,1,1
37,67930,1,1,1
37,67934,0,1,1
37,67938,0,1,1
37,67942,1,1,1
37,67946,1,1,1
37,67950,0,1,1
37,67954,0,1,1
37,67958,1,1,1
37,67962,1,1,1
37,67966,0,1,1
37,67970,0,1,1
37,67974,1,1,1
37,67978,1,1,1
37,67982,0,1,1
37,67986,0,1,1
37,67990,1,1,1
37,67994,1,1,1
37,67998,0,1,1
37,68002,0,1,1
37,68010,1,1,1
37,68014,0,1,1
37,68018,0,1,1
37,68022,1,1,1
37,68026,1,1,1
37,68030,0,1,1
37,68034,0,1,1
37,68038,1,1,1
37,68042,1,1,1
37,68046,0,1,1
37,68050,0,1,1
37,68054,1,1,1
37,68058,1,1,1
37,68062,0,1,1
37,68066,0,1,1
37,68070,1,1,1
37,68074,1,1,1
37,68078,0,1,1
37,68082,0,1,1
37,68086,1,1,1
37,68090,1,1,1
37,68094,0,1,1
37,68098,0,1,1
37,68102,1,1,1
37,68106,1,1,1
37,68110,0,1,1
37,68114,0,1,1
37,68118,1,1,1
37,68122,1,1,1
37,68126,0,1,1
37,68130,0,1,1
37,68134,1,1,1
37,68138,1,1,1
37,68142,0,1,1
37,68146,0,1,1
37,68150,1,1,1
37,68158,0,1,1
37,68162,0,1,1
37,68166,1,1,1
37,68170,1,1,1
37,68174,0,1,1
37,68178,0,1,1
37,68182,1,1,1
37,68186,1,1,1
37,68190,0,1,1
37,68194,0,1,1
37,68198,1,1,1
37,68202,1,1,1
37,68206,0,1,1
37,68210,0,1,1
37,68214,1,1,1
37,68218,1,1,1
37,68222,0,1,1
37,68226,0,1,1
37,68230,1,1,1
37,68234,1,1,1
37,68238,0,1,1
37,68242,0,1,1
37,68246,1,1,1
37,68250,1,1,1
37,68254,0,1,1
37,68258,0,1,1
37,68262,1,1,1
37,68266,1,1,1
37,68270,0,1,1
37,68274,0,1,1
37,68278,1,1,1
37,68282,1,1,1
37,68286,0,1,1
37,68290,0,1,1
37,68294,1,1,1
37,68298,1,1,1
37,68306,0,1,1
37,68310,1,1,1
37,68314,1,1,1
37,68318,0,1,1
37,68322,0,1,1
37,68326,1,1,1
37,68330,1,1,1
37,68334,0,1,1
37,68338,0,1,1
37,68342,1,1,1
37,68346,1,1,1
37,68350,0,1,1
37,68354,0,1,1
37,68358,1,0,1
37,68362,1,1,1
37,68366,0,1,1
37,68370,0,1,1
37,68374,1,1,1
37,68378,1,1,1
37,68382,0,1,1
37,68386,0,1,1
37,68390,1,1,1
37,68394,1,1,1
37,68398,0,1,1
37,68402,0,1,1
37,68406,1,1,1
37,68410,1,1,1
37,68414,0,1,1
37,68418,0,1,1
37,68422,1,1,1
37,68426,1,1,1
37,68430,0,1,1
37,68434,0,1,1
37,68438,1,1,1
37,68442,1,1,1
37,68446,0,1,1
37,68454,1,1,1
37,68458,1,1,1
37,68462,0,1,1
37,68466,0,1,1
37,68470,1,1,1
37,68474,1,1,1
37,68478,0,1,1
37,68482,0,1,1
37,68486,1,1,1
37,68490,1,1,1
37,68494,0,1,1
37,68498,0,1,1
37,68502,1,1,1
37,68506,1,1,1
37,68510,0,1,1
37,68514,0,1,1
37,68518,1,1,1
37,68522,1,1,1
37,68526,0,1,1
37,68530,0,1,1
37,68534,1,1,1
37,68538,1,1,1
37,68542,0,1,1
37,68546,0,1,1
37,68550,1,1,1
37,68554,1,1,1
37,68558,0,1,1
37,68562,0,1,1
37,68566,1,1,1
37,68570,1,1,1
37,68574,0,1,1
37,68578,0,1,1
37,68582,1,1,1
37,68586,1,1,1
37,68590,0,1,1
37,68594,0,1,1
37,68602,1,1,1
37,68606,0,1,1
37,68610,0,1,1
37,68614,1,1,1
37,68618,1,1,1
37,68622,0,1,1
37,68626,0,1,1
37,68630,1,1,1
37,68634,1,1,1
37,68638,0,1,1
37,68642,0,1,1
37,68646,1,1,1
37,68650,1,1,1
37,68654,0,1,1
37,68658,0,1,1
37,68662,1,1,1
37,68666,1,1,1
37,68670,0,1,1
37,68674,0,1,1
37,68678,1,1,1
37,68682,1,1,1
37,68686,0,1,1
37,68690,0,1,1
37,68694,1,1,1
37,68698,1,0,1
37,68702,0,1,1
37,68706,0,1,1
37,68710,1,1,1
37,68714,1,1,1
37,68718,0,1,1
37,68722,0,1,1
37,68726,1,1,1
37,68730,1,1,1
37,68734,0,1,1
37,68738,0,1,1
37,68742,1,1,1
37,68750,0,1,1
37,68754,0,1,1
37,68758,1,1,1
37,68762,1,1,1
37,68766,0,1,1
37,68770,0,1,1
37,68774,1,1,1
37,68778,1,1,1
37,68782,0,1,1
37,68786,0,1,1
37,68790,1,1,1
37,68794,1,1,1
37,68798,0,1,1
37,68802,0,1,1
37,68806,1,1,1
37,68810,1,1,1
37,68814,0,1,1
37,68818,0,1,1
37,68822,1,1,1
37,68826,1,1,1
37,68830,0,1,1
37,68834,0,1,1
37,68838,1,1,1
37,68842,1,1,1
37,68846,0,1,1
37,68850,0,1,1
37,68854,1,1,1
37,68858,1,1,1
37,68862,0,0,0
37,68866,0,1,1
37,68870,1,1,1
37,68874,1,1,1
37,68878,0,1,1
37,68882,0,1,1
37,68886,1,1,1
37,68890,1,1,1
37,68898,0,1,1
37,68902,1,1,1
37,68906,1,1,1
37,68910,0,1,1
37,68914,0,1,1
37,68918,1,1,1
37,68922,1,1,1
37,68926,0,1,1
37,68930,0,1,1
37,68934,1,1,1
37,68938,1,1,1
37,68942,0,1,1
37,68946,0,1,1
37,68950,1,1,1
37,68954,1,1,1
37,68958,0,1,1
37,68962,0,1,1
37,68966,1,1,1
37,68970,1,1,1
37,68974,0,1,1
37,68978,0,1,1
37,68982,1,1,1
37,68986,1,1,1
37,68990,0,1,1
37,68994,0,1,1
37,68998,1,1,1
37,69002,1,1,1
37,69006,0,1,1
37,69010,0,1,1
37,69014,1,1,1
37,69018,1,0,1
37,69022,0,1,1
37,69026,0,1,1
37,69030,1,1,1
37,69034,1,1,1
37,69038,0,1,1
37,69046,1,1,1
37,69050,1,1,1
37,69054,0,1,1
37,69058,0,1,1
37,69062,1,1,1
37,69066,1,1,1
37,69070,0,1,1
37,69074,0,1,1
37,69078,1,1,1
37,69082,1,1,1
37,69086,0,1,1
37,69090,0,1,1
37,69094,1,1,1
37,69098,1,1,1
37,69102,0,1,1
37,69106,0,1,1
37,69110,1,1,1
37,69114,1,1,1
37,69118,0,1,1
37,69122,0,1,1
37,69126,1,1,1
37,69130,1,1,1
37,69134,0,1,1
37,69138,0,1,1
37,69142,1,1,1
37,69146,1,1,1
37,69150,0,1,1
37,69154,0,1,1
37,69158,1,1,1
37,69162,1,1,1
37,69166,0,1,1
37,69170,0,1,1
37,69174,1,1,1
37,69178,1,1,1
37,69182,0,1,1
37,69186,0,1,1
37,69194,1,1,1
37,69198,0,1,1
37,69202,0,1,1
37,69206,1,1,1
37,69210,1,1,1
37,69214,0,1,1
37,69218,0,1,1
37,69222,1,1,1
37,69226,1,1,1
37,69230,0,1,1
37,69234,0,1,1
37,69238,1,1,1
37,69242,1,1,1
37,69246,0,1,1
37,69250,0,1,1
37,69254,1,1,1
37,69258,1,1,1
37,69262,0,1,1
37,69266,0,1,1
37,69270,1,1,1
37,69274,1,1,1
37,69278,0,1,1
37,69282,0,1,1
37,69286,1,1,1
37,69290,1,1,1
37,69294,0,1,1
37,69298,0,1,1
37,69302,1,1,1
37,69306,1,1,1
37,69310,0,1,1
37,69314,0,1,1
37,69318,1,1,1
37,69322,1,1,1
37,69326,0,1,1
37,69330,0,1,1
37,69334,1,1,1
37,69342,0,1,1
37,69346,0,1,1
37,69350,1,1,1
37,69354,1,1,1
37,69358,0,1,1
37,69362,0,1,1
37,69366,1,1,1
37,69370,1,1,1
37,69374,0,1,1
37,69378,0,1,1
37,69382,1,1,1
37,69386,1,1,1
37,69390,0,1,1
37,69394,0,1,1
37,69398,1,1,1
37,69402,1,1,1
37,69406,0,1,1
37,69410,0,1,1
37,69414,1,1,1
37,69418,1,1,1
37,69422,0,1,1
37,69426,0,1,1
37,69430,1,1,1
37,69434,1,1,1
37,69438,0,1,1
37,69442,0,1,1
37,69446,1,1,1
37,69450,1,1,1
37,69454,0,1,1
37,69458,0,1,1
37,69462,1,1,1
37,69466,1,1,1
37,69470,0,1,1
37,69474,0,1,1
37,69478,1,1,1
37,69482,1,1,1
37,69490,0,1,1
37,69494,1,1,1
37,69498,0,1,1
37,69502,0,1,1
37,69506,0,1,1
37,69510,1,1,1
37,69514,1,1,1
37,69518,0,1,1
37,69522,0,1,1
37,69526,1,1,1
37,69530,1,1,1
37,69534,0,0,0
37,69538,0,1,1
37,69542,1,1,1
37,69546,1,1,1
37,69550,0,1,1
37,69554,0,1,1
37,69558,1,1,1
37,69562,1,1,1
37,69566,0,1,1
37,69570,0,1,1
37,69574,1,1,1
37,69578,1,1,1
37,69582,0,1,1
37,69586,0,1,1
37,69590,1,1,1
37,69594,1,1,1
37,69598,0,1,1
37,69602,0,1,1
37,69606,1,1,1
37,69610,1,1,1
37,69614,0,1,1
37,69618,0,1,1
37,69622,1,1,1
37,69626,1,1,1
37,69630,0,1,1
37,69638,1,1,1
37,69642,1,1,1
37,69646,0,1,1
37,69650,0,1,1
37,69654,1,1,1
37,69658,1,1,1
37,69662,0,1,1
37,69666,0,1,1
37,69670,1,1,1
37,69674,1,1,1
37,69678,0,0,0
37,69682,0,1,1
37,69686,1,1,1
37,69690,1,1,1
37,69694,0,1,1
37,69698,0,1,1
37,69702,1,1,1
37,69706,1,1,1
37,69710,0,1,1
37,69714,0,1,1
37,69718,1,1,1
37,69722,1,1,1
37,69726,0,1,1
37,69730,0,1,1
37,69734,1,1,1
37,69738,1,1,1
37,69742,0,1,1
37,69746,0,1,1
37,69750,1,1,1
37,69754,1,1,1
37,69758,0,1,1
37,69762,0,1,1
37,69766,1,1,1
37,69770,1,1,1
37,69774,0,1,1
37,69778,0,1,1
37,69786,1,1,1
37,69790,0,1,1
37,69794,0,1,1
37,69798,1,1,1
37,69802,1,1,1
37,69806,0,1,1
37,69810,0,1,1
37,69814,1,1,1
37,69818,1,1,1
37,69822,0,1,1
37,69826,0,1,1
37,69830,1,1,1
37,69834,1,1,1
37,69838,0,1,1
37,69842,0,1,1
37,69846,1,1,1
37,69850,1,1,1
37,69854,0,1,1
37,69858,0,1,1
37,69862,1,1,1
37,69866,1,1,1
37,69870,0,1,1
37,69874,0,1,1
37,69878,1,1,1
37,69882,1,1,1
37,69886,0,1,1
37,69890,0,1,1
37,69894,1,1,1
37,69898,1,1,1
37,69902,0,1,1
37,69906,0,1,1
37,69910,1,1,1
37,69914,1,1,1
37,69918,0,1,1
37,69922,0,1,1
37,69926,1,1,1
37,69934,0,1,1
37,69938,0,1,1
37,69942,1,1,1
37,69946,1,1,1
37,69950,0,1,1
37,69954,0,1,1
37,69958,1,1,1
37,69962,1,1,1
37,69966,0,1,1
37,69970,0,1,1
37,69974,1,1,1
37,69978,1,1,1
37,69982,0,1,1
37,69986,0,1,1
37,69990,1,1,1
37,69994,1,1,1
37,69998,0,1,1
37,70002,0,1,1
37,70006,1,1,1
37,70010,1,1,1
37,70014,0,1,1
37,70018,0,1,1
37,70022,1,1,1
37,70026,1,1,1
37,70030,0,1,1
37,70034,0,1,1
37,70038,1,1,1
37,70042,1,1,1
37,70046,0,1,1
37,70050,0,1,1
37,70054,1,1,1
37,70058,1,1,1
37,70062,0,1,1
37,70066,0,1,1
37,70070,1,1,1
37,70074,1,1,1
37,70082,0,1,1
37,70086,1,1,1
37,70090,1,1,1
37,70094,0,1,1
37,70098,0,1,1
37,70102,1,1,1
37,70106,1,1,1
37,70110,0,1,1
37,70114,0,1,1
37,70118,1,1,1
37,70122,1,1,1
37,70126,0,1,1
37,70130,0,1,1
37,70134,1,1,1
37,70138,1,1,1
37,70142,0,1,1
37,70146,0,1,1
37,70150,1,1,1
37,70154,1,1,1
37,70158,0,1,1
37,70162,0,1,1
37,70166,1,1,1
37,70170,1,1,1
37,70174,0,1,1
37,70178,0,1,1
37,70182,1,1,1
37,70186,1,1,1
37,70190,0,1,1
37,70194,0,1,1
37,70198,1,1,1
37,70202,1,1,1
37,70206,0,1,1
37,70210,0,1,1
37,70214,1,1,1
37,70218,1,1,1
37,70222,0,1,1
37,70230,1,1,1
37,70234,1,1,1
37,70238,0,1,1
37,70242,0,1,1
37,70246,1,1,1
37,70250,1,1,1
37,70254,0,1,1
37,70258,0,1,1
37,70262,1,1,1
37,70266,1,1,1
37,70270,0,1,1
37,70274,0,1,1
37,70278,1,1,1
37,70282,1,1,1
37,70286,0,1,1
37,70290,0,1,1
37,70294,1,1,1
37,70298,1,1,1
37,70302,0,1,1
37,70306,0,1,1
37,70310,1,1,1
37,70314,1,1,1
37,70318,0,1,1
37,70322,0,1,1
37,70326,1,1,1
37,70330,1,1,1
37,70334,0,1,1
37,70338,0,1,1
37,70342,1,1,1
37,70346,1,1,1
37,70350,0,1,1
37,70354,0,1,1
37,70358,1,1,1
37,70362,1,1,1
37,70366,0,1,1
37,70370,0,1,1
37,70378,1,1,1
37,70382,0,1,1
37,70386,0,1,1
37,70390,1,1,1
37,70394,1,1,1
37,70398,0,1,1
37,70402,0,1,1
37,70406,1,1,1
37,70410,1,1,1
37,70414,0,1,1
37,70418,0,1,1
37,70422,1,1,1
37,70426,1,1,1
37,70430,0,1,1
37,70434,0,1,1
37,70438,1,1,1
37,70442,1,1,1
37,70446,0,1,1
37,70450,0,1,1
37,70454,1,1,1
37,70458,1,1,1
37,70462,0,1,1
37,70466,0,1,1
37,70470,1,1,1
37,70474,1,1,1
37,70478,0,1,1
37,70482,0,1,1
37,70486,1,1,1
37,70490,1,1,1
37,70494,0,1,1
37,70498,0,1,1
37,70502,1,1,1
37,70506,1,1,1
37,70510,0,1,1
37,70514,0,1,1
37,70518,1,1,1
37,70526,0,1,1
37,70530,0,1,1
37,70534,1,1,1
37,70538,1,1,1
37,70542,0,0,0
37,70546,0,1,1
37,70550,1,1,1
37,70554,1,1,1
37,70558,0,1,1
37,70562,0,1,1
37,70566,1,1,1
37,70570,1,1,1
37,70574,0,1,1
37,70578,0,1,1
37,70582,1,1,1
37,70586,1,1,1
37,70590,0,1,1
37,70594,0,1,1
37,70598,1,1,1
37,70602,1,1,1
37,70606,0,1,1
37,70610,0,1,1
37,70614,1,1,1
37,70618,1,1,1
37,70622,0,1,1
37,70626,0,1,1
37,70630,1,1,1
37,70634,1,1,1
37,70638,0,1,1
37,70642,0,1,1
37,70646,1,1,1
37,70650,1,1,1
37,70654,0,1,1
37,70658,0,1,1
37,70662,1,1,1
37,70666,1,1,1
37,70674,0,1,1
37,70678,1,1,1
37,70682,1,1,1
37,70686,0,1,1
37,70690,0,1,1
37,70694,1,1,1
37,70698,1,1,1
37,70702,0,1,1
37,70706,0,1,1
37,70710,1,1,1
37,70714,1,1,1
37,70718,0,1,1
37,70722,0,1,1
37,70726,1,1,1
37,70730,1,1,1
37,70734,0,1,1
37,70738,0,1,1
37,70742,1,1,1
37,70746,1,1,1
37,70750,0,1,1
37,70754,0,1,1
37,70758,1,1,1
37,70762,1,1,1
37,70766,0,1,1
37,70770,0,1,1
37,70774,1,1,1
37,70778,1,1,1
37,70782,0,1,1
37,70786,0,1,1
37,70790,1,1,1
37,70794,1,1,1
37,70798,0,1,1
37,70802,0,1,1
37,70806,1,1,1
37,70810,1,1,1
37,70814,0,1,1
37,70822,1,1,1
37,70826,1,1,1
37,70830,0,0,0
37,70834,0,1,1
37,70838,1,1,1
37,70842,1,1,1
37,70846,0,1,1
37,70850,0,1,1
37,70854,1,1,1
37,70858,1,1,1
37,70862,0,1,1
37,70866,0,1,1
37,70870,1,1,1
37,70874,1,1,1
37,70878,0,1,1
37,70882,0,1,1
37,70886,1,1,1
37,70890,1,1,1
37,70894,0,1,1
37,70898,0,1,1
37,70902,1,1,1
37,70906,1,1,1
37,70910,0,1,1
37,70914,0,1,1
37,70918,1,1,1
37,70922,1,1,1
37,70926,0,1,1
37,70930,0,1,1
37,70934,1,1,1
37,70938,1,1,1
37,70942,0,1,1
37,70946,0,1,1
37,70950,1,1,1
37,70954,1,1,1
37,70958,0,1,1
37,70962,0,1,1
37,70970,1,1,1
37,70974,0,1,1
37,70978,0,1,1
37,70982,1,1,1
37,70986,1,1,1
37,70990,0,1,1
37,70994,0,1,1
37,70998,1,1,1
37,71002,1,1,1
37,71006,0,1,1
37,71010,0,1,1
37,71014,1,1,1
37,71018,1,1,1
37,71022,0,1,1
37,71026,0,1,1
37,71030,1,1,1
37,71034,1,1,1
37,71038,0,1,1
37,71042,0,1,1
37,71046,1,1,1
37,71050,1,1,1
37,71054,0,1,1
37,71058,0,1,1
37,71062,1,1,1
37,71066,1,1,1
37,71070,0,1,1
37,71074,0,1,1
37,71078,1,1,1
37,71082,1,1,1
37,71086,0,1,1
37,71090,0,1,1
37,71094,1,1,1
37,71098,1,1,1
37,71102,0,1,1
37,71106,0,1,1
37,71110,1,1,1
37,71118,0,1,1
37,71122,0,1,1
37,71126,1,1,1
37,71130,1,1,1
37,71134,0,1,1
37,71138,0,1,1
37,71142,1,1,1
37,71146,1,1,1
37,71150,0,1,1
37,71154,0,1,1
37,71158,1,1,1
37,71162,1,1,1
37,71166,0,1,1
37,71170,0,1,1
37,71174,1,1,1
37,71178,1,1,1
37,71182,0,1,1
37,71186,0,1,1
37,71190,1,1,1
37,71194,1,1,1
37,71198,0,1,1
37,71202,0,1,1
37,71206,1,1,1
37,71210,1,1,1
37,71214,0,1,1
37,71218,0,1,1
37,71222,1,1,1
37,71226,1,1,1
37,71230,0,1,1
37,71234,0,1,1
37,71238,1,1,1
37,71242,1,1,1
37,71246,0,1,1
37,71250,0,1,1
37,71254,1,1,1
37,71258,1,1,1
37,71266,0,1,1
37,71270,1,1,1
37,71274,1,1,1
37,71278,0,1,1
37,71282,0,1,1
37,71286,1,1,1
37,71290,1,1,1
37,71294,0,1,1
37,71298,0,1,1
37,71302,1,1,1
37,71306,1,1,1
37,71310,0,1,1
37,71314,0,1,1
37,71318,1,1,1
37,71322,1,1,1
37,71326,0,1,1
37,71330,0,1,1
37,71334,1,1,1
37,71338,1,1,1
37,71342,0,1,1
37,71346,0,1,1
37,71350,1,1,1
37,71354,1,1,1
37,71358,0,1,1
37,71362,0,1,1
37,71366,1,1,1
37,71370,1,1,1
37,71374,0,1,1
37,71378,0,1,1
37,71382,1,1,1
37,71386,1,1,1
37,71390,0,1,1
37,71394,0,1,1
37,71398,1,1,1
37,71402,1,1,1
37,71406,0,1,1
37,71414,1,1,1
37,71418,1,1,1
37,71422,0,1,1
37,71426,0,1,1
37,71430,1,1,1
37,71434,1,1,1
37,71438,0,1,1
37,71442,0,1,1
37,71446,1,1,1
37,71450,1,1,1
37,71454,0,1,1
37,71458,0,1,1
37,71462,1,1,1
37,71466,1,1,1
37,71470,0,1,1
37,71474,0,1,1
37,71478,1,1,1
37,71482,1,1,1
37,71486,0,1,1
37,71490,0,1,1
37,71494,1,1,1
37,71498,1,1,1
37,71502,0,1,1
37,71506,0,1,1
37,71510,1,1,1
37,71514,1,1,1
37,71518,0,1,1
37,71522,0,1,1
37,71526,1,1,1
37,71530,1,1,1
37,71534,0,1,1
37,71538,0,1,1
37,71542,1,1,1
37,71546,1,1,1
37,71550,0,1,1
37,71554,0,1,1
37,71562,1,1,1
37,71566,0,1,1
37,71570,0,1,1
37,71574,1,1,1
37,71578,1,1,1
37,71582,0,1,1
37,71586,0,1,1
37,71590,1,1,1
37,71594,1,1,1
37,71598,0,1,1
37,71602,0,1,1
37,71606,1,1,1
37,71610,1,1,1
37,71614,0,1,1
37,71618,0,1,1
37,71622,1,1,1
37,71626,1,1,1
37,71630,0,1,1
37,71634,0,1,1
37,71638,1,1,1
37,71642,1,1,1
37,71646,0,1,1
37,71650,0,1,1
37,71654,1,1,1
37,71658,1,1,1
37,71662,0,1,1
37,71666,0,1,1
37,71670,1,1,1
37,71674,1,1,1
37,71678,0,1,1
37,71682,0,1,1
37,71686,1,1,1
37,71690,1,1,1
37,71694,0,1,1
37,71698,0,1,1
37,71702,1,1,1
37,71710,0,1,1
37,71714,0,1,1
37,71718,1,1,1
37,71722,1,1,1
37,71726,0,1,1
37,71730,0,1,1
37,71734,1,1,1
37,71738,1,1,1
37,71742,0,1,1
37,71746,0,1,1
37,71750,1,1,1
37,71754,1,1,1
37,71758,0,1,1
37,71762,0,1,1
37,71766,1,1,1
37,71770,1,1,1
37,71774,0,1,1
37,71778,0,1,1
37,71782,1,1,1
37,71786,1,1,1
37,71790,0,1,1
37,71794,0,1,1
37,71798,1,1,1
37,71802,0,1,1
37,71806,0,1,1
37,71810,0,1,1
37,71814,1,1,1
37,71818,1,1,1
37,71822,0,1,1
37,71826,0,1,1
37,71830,1,1,1
37,71834,1,1,1
37,71838,0,0,0
37,71842,0,1,1
37,71846,1,1,1
37,71850,1,1,1
37,71858,0,1,1
37,71862,1,1,1
37,71866,1,1,1
37,71870,0,1,1
37,71874,0,1,1
37,71878,1,1,1
37,71882,1,1,1
37,71886,0,1,1
37,71890,0,1,1
37,71894,1,1,1
37,71898,1,1,1
37,71902,0,1,1
37,71906,0,1,1
37,71910,1,1,1
37,71914,1,1,1
37,71918,0,1,1
37,71922,0,1,1
37,71926,1,1,1
37,71930,1,1,1
37,71934,0,1,1
37,71938,0,1,1
37,71942,1,1,1
37,71946,1,1,1
37,71950,0,1,1
37,71954,0,1,1
37,71958,1,1,1
37,71962,1,1,1
37,71966,0,1,1
37,71970,0,1,1
37,71974,1,1,1
37,71978,1,1,1
37,71982,0,1,1
37,71986,0,1,1
37,71990,1,1,1
37,71994,1,1,1
37,71998,0,1,1
37,72006,1,1,1
37,72010,1,1,1
37,72014,0,1,1
37,72018,0,1,1
37,72022,1,1,1
37,72026,1,1,1
37,72030,0,1,1
37,72034,0,1,1
37,72038,1,1,1
37,72042,1,1,1
37,72046,0,1,1
37,72050,0,1,1
37,72054,1,1,1
37,72058,1,1,1
37,72062,0,1,1
37,72066,0,1,1
37,72070,1,1,1
37,72074,1,1,1
37,72078,0,1,1
37,72082,0,1,1
37,72086,1,1,1
37,72090,1,1,1
37,72094,0,1,1
37,72098,0,1,1
37,72102,1,1,1
37,72106,1,1,1
37,72110,0,1,1
37,72114,0,1,1
37,72118,1,1,1
37,72122,1,1,1
37,72126,0,1,1
37,72130,0,1,1
37,72134,1,1,1
37,72138,1,1,1
37,72142,0,1,1
37,72146,0,1,1
37,72154,1,1,1
37,72158,0,1,1
37,72162,0,1,1
37,72166,1,1,1
37,72170,1,1,1
37,72174,0,1,1
37,72178,0,1,1
37,72182,1,1,1
37,72186,1,1,1
37,72190,0,1,1
37,72194,0,1,1
37,72198,1,1,1
37,72202,1,1,1
37,72206,0,1,1
37,72210,0,1,1
37,72214,1,1,1
37,72218,1,1,1
37,72222,0,1,1
37,72226,0,1,1
37,72230,1,1,1
37,72234,1,1,1
37,72238,0,1,1
37,72242,0,1,1
37,72246,1,1,1
37,72250,1,1,1
37,72254,0,1,1
37,72258,0,1,1
37,72262,1,1,1
37,72266,1,1,1
37,72270,0,1,1
37,72274,0,1,1
37,72278,1,1,1
37,72282,1,1,1
37,72286,0,1,1
37,72290,0,1,1
37,72294,1,0,1
37,72302,0,1,1
37,72306,0,1,1
37,72310,1,1,1
37,72314,1,1,1
37,72318,0,1,1
37,72322,0,1,1
37,72326,1,1,1
37,72330,1,1,1
37,72334,0,1,1
37,72338,0,1,1
37,72342,1,1,1
37,72346,1,1,1
37,72350,0,1,1
37,72354,0,1,1
37,72358,1,1,1
37,72362,1,1,1
37,72366,0,1,1
37,72370,0,1,1
37,72374,1,1,1
37,72378,1,1,1
37,72382,0,1,1
37,72386,0,1,1
37,72390,1,1,1
37,72394,1,1,1
37,72398,0,1,1
37,72402,0,1,1
37,72406,1,1,1
37,72410,1,1,1
37,72414,0,1,1
37,72418,0,1,1
37,72422,1,1,1
37,72426,1,1,1
37,72430,0,1,1
37,72434,0,1,1
37,72438,1,1,1
37,72442,1,1,1
37,72450,0,1,1
37,72454,1,1,1
37,72458,1,1,1
37,72462,0,1,1
37,72466,0,1,1
37,72470,1,1,1
37,72474,1,1,1
37,72478,0,1,1
37,72482,0,1,1
37,72486,1,1,1
37,72490,1,1,1
37,72494,0,1,1
37,72498,0,1,1
37,72502,1,1,1
37,72506,1,1,1
37,72510,0,1,1
37,72514,0,1,1
37,72518,1,1,1
37,72522,1,1,1
37,72526,0,1,1
37,72530,0,1,1
37,72534,1,1,1
37,72538,1,1,1
37,72542,0,1,1
37,72546,0,1,1
37,72550,1,1,1
37,72554,1,1,1
37,72558,0,1,1
37,72562,0,1,1
37,72566,1,1,1
37,72570,1,1,1
37,72574,0,1,1
37,72578,0,1,1
37,72582,1,1,1
37,72586,1,1,1
37,72590,0,1,1
37,72598,1,1,1
37,72602,1,1,1
37,72606,0,1,1
37,72610,0,1,1
37,72614,1,1,1
37,72618,1,1,1
37,72622,0,1,1
37,72626,0,1,1
37,72630,1,1,1
37,72634,1,1,1
37,72638,0,1,1
37,72642,0,1,1
37,72646,1,1,1
37,72650,1,1,1
37,72654,0,1,1
37,72658,0,1,1
37,72662,1,1,1
37,72666,1,1,1
37,72670,0,1,1
37,72674,0,1,1
37,72678,1,1,1
37,72682,1,1,1
37,72686,0,1,1
37,72690,0,1,1
37,72694,1,1,1
37,72698,1,1,1
37,72702,0,1,1
37,72706,0,1,1
37,72710,1,1,1
37,72714,1,0,1
37,72718,0,1,1
37,72722,0,1,1
37,72726,1,1,1
37,72730,1,1,1
37,72734,0,1,1
37,72738,0,1,1
37,72746,1,1,1
37,72750,0,1,1
37,72754,0,1,1
37,72758,1,1,1
37,72762,1,1,1
37,72766,0,1,1
37,72770,0,1,1
37,72774,1,1,1
37,72778,1,1,1
37,72782,0,1,1
37,72786,0,1,1
37,72790,1,1,1
37,72794,1,1,1
37,72798,0,1,1
37,72802,0,1,1
37,72806,1,1,1
37,72810,1,1,1
37,72814,0,1,1
37,72818,0,1,1
37,72822,1,1,1
37,72826,1,1,1
37,72830,0,1,1
37,72834,0,1,1
37,72838,1,1,1
37,72842,1,1,1
37,72846,0,1,1
37,72850,0,1,1
37,72854,1,1,1
37,72858,1,1,1
37,72862,0,1,1
37,72866,0,1,1
37,72870,1,1,1
37,72874,1,1,1
37,72878,0,1,1
37,72882,0,1,1
37,72886,1,1,1
37,72894,0,1,1
37,72898,0,1,1
37,72902,1,1,1
37,72906,1,1,1
37,72910,0,1,1
37,72914,0,1,1
37,72918,1,1,1
37,72922,1,1,1
37,72926,0,1,1
37,72930,0,1,1
37,72934,1,1,1
37,72938,1,1,1
37,72942,0,1,1
37,72946,0,1,1
37,72950,1,1,1
37,72954,1,0,1
37,72958,0,1,1
37,72962,0,1,1
37,72966,1,1,1
37,72970,1,1,1
37,72974,0,1,1
37,72978,0,1,1
37,72982,1,1,1
37,72986,1,1,1
37,72990,0,1,1
37,72994,0,1,1
37,72998,1,1,1
37,73002,1,1,1
37,73006,0,1,1
37,73010,0,1,1
37,73014,1,1,1
37,73018,1,1,1
37,73022,0,1,1
37,73026,0,1,1
37,73030,1,1,1
37,73034,1,1,1
37,73042,0,1,1
37,73046,1,1,1
37,73050,1,1,1
37,73054,0,1,1
37,73058,0,1,1
37,73062,1,1,1
37,73066,1,1,1
37,73070,0,1,1
37,73074,0,1,1
37,73078,1,1,1
37,73082,1,1,1
37,73086,0,1,1
37,73090,0,1,1
37,73094,1,1,1
37,73098,1,1,1
37,73102,0,1,1
37,73106,0,1,1
37,73110,1,1,1
37,73114,1,1,1
37,73118,0,1,1
37,73122,0,1,1
37,73126,1,1,1
37,73130,1,1,1
37,73134,0,1,1
37,73138,0,1,1
37,73142,1,1,1
37,73146,1,1,1
37,73150,0,1,1
37,73154,0,1,1
37,73158,1,1,1
37,73162,1,1,1
37,73166,0,1,1
37,73170,0,1,1
37,73174,1,1,1
37,73178,1,1,1
37,73182,0,1,1
37,73190,1,1,1
37,73194,1,1,1
37,73198,0,1,1
37,73202,0,1,1
37,73206,1,1,1
37,73210,1,1,1
37,73214,0,1,1
37,73218,0,1,1
37,73222,1,1,1
37,73226,1,1,1
37,73230,0,1,1
37,73234,0,1,1
37,73238,1,1,1
37,73242,1,1,1
37,73246,0,1,1
37,73250,0,1,1
37,73254,1,1,1
37,73258,1,0,1
37,73262,0,1,1
37,73266,0,1,1
37,73270,1,1,1
37,73274,1,1,1
37,73278,0,1,1
37,73282,0,1,1
37,73286,1,1,1
37,73290,1,1,1
37,73294,0,1,1
37,73298,0,1,1
37,73302,1,1,1
37,73306,1,1,1
37,73310,0,1,1
37,73314,0,1,1
37,73318,1,1,1
37,73322,1,1,1
37,73326,0,1,1
37,73330,0,1,1
37,73338,1,1,1
37,73342,0,1,1
37,73346,0,1,1
37,73350,1,1,1
37,73354,1,1,1
37,73358,0,1,1
37,73362,0,1,1
37,73366,1,1,1
37,73370,1,1,1
37,73374,0,1,1
37,73378,0,1,1
37,73382,1,1,1
37,73386,1,1,1
37,73390,0,1,1
37,73394,0,1,1
37,73398,1,1,1
37,73402,1,1,1
37,73406,0,1,1
37,73410,0,1,1
37,73414,1,1,1
37,73418,1,1,1
37,73422,0,1,1
37,73426,0,1,1
37,73430,1,1,1
37,73434,1,1,1
37,73438,0,1,1
37,73442,0,1,1
37,73446,1,1,1
37,73450,1,1,1
37,73454,0,1,1
37,73458,0,1,1
37,73462,1,1,1
37,73466,1,1,1
37,73470,0,1,1
37,73474,0,1,1
37,73478,1,1,1
37,73486,0,1,1
37,73490,0,1,1
37,73494,1,1,1
37,73498,1,1,1
37,73502,0,1,1
37,73506,0,1,1
37,73510,1,1,1
37,73514,1,1,1
37,73518,0,1,1
37,73522,0,1,1
37,73526,1,1,1
37,73530,1,1,1
37,73534,0,1,1
37,73538,0,1,1
37,73542,1,1,1
37,73546,1,1,1
37,73550,0,1,1
37,73554,0,1,1
37,73558,1,1,1
37,73562,1,1,1
37,73566,0,1,1
37,73570,0,1,1
37,73574,1,1,1
37,73578,1,1,1
37,73582,0,1,1
37,73586,0,1,1
37,73590,1,1,1
37,73594,1,1,1
37,73598,0,1,1
37,73602,0,1,1
37,73606,1,1,1
37,73610,1,1,1
37,73614,0,1,1
37,73618,0,1,1
37,73622,1,1,1
37,73626,1,1,1
37,73634,0,1,1
37,73638,1,1,1
37,73642,1,1,1
37,73646,0,1,1
37,73650,0,1,1
37,73654,1,1,1
37,73658,1,1,1
37,73662,0,1,1
37,73666,0,1,1
37,73670,1,1,1
37,73674,1,1,1
37,73678,0,1,1
37,73682,0,1,1
37,73686,1,1,1
37,73690,1,1,1
37,73694,0,1,1
37,73698,0,1,1
37,73702,1,1,1
37,73706,1,1,1
37,73710,0,1,1
37,73714,0,1,1
37,73718,1,1,1
37,73722,1,1,1
37,73726,0,1,1
37,73730,0,1,1
37,73734,1,1,1
37,73738,1,1,1
37,73742,0,1,1
37,73746,0,1,1
37,73750,1,1,1
37,73754,1,1,1
37,73758,0,1,1
37,73762,0,1,1
37,73766,1,1,1
37,73770,1,1,1
37,73774,0,1,1
37,73782,1,1,1
37,73786,1,1,1
37,73790,0,1,1
37,73794,0,1,1
37,73798,1,1,1
37,73802,1,1,1
37,73806,0,1,1
37,73810,0,1,1
37,73814,1,1,1
37,73818,1,1,1
37,73822,0,1,1
37,73826,0,1,1
37,73830,1,1,1
37,73834,1,1,1
37,73838,0,1,1
37,73842,0,1,1
37,73846,1,1,1
37,73850,1,1,1
37,73854,0,1,1
37,73858,0,1,1
37,73862,1,1,1
37,73866,1,1,1
37,73870,0,1,1
37,73874,0,1,1
37,73878,1,1,1
37,73882,1,1,1
37,73886,0,1,1
37,73890,0,1,1
37,73894,1,1,1
37,73898,1,1,1
37,73902,0,1,1
37,73906,0,1,1
37,73910,1,1,1
37,73914,1,1,1
37,73918,0,1,1
37,73922,0,1,1
37,73930,1,1,1
37,73934,0,1,1
37,73938,0,1,1
37,73942,1,1,1
37,73946,1,1,1
37,73950,0,1,1
37,73954,0,1,1
37,73958,1,1,1
37,73962,1,1,1
37,73966,0,1,1
37,73970,0,1,1
37,73974,1,1,1
37,73978,1,1,1
37,73982,0,1,1
37,73986,0,0,0
37,73990,1,1,1
37,73994,1,1,1
37,73998,0,1,1
37,74002,0,1,1
37,74006,1,1,1
37,74010,1,1,1
37,74014,0,1,1
37,74018,0,1,1
37,74022,1,1,1
37,74026,1,1,1
37,74030,0,1,1
37,74034,0,1,1
37,74038,1,1,1
37,74042,1,1,1
37,74046,0,1,1
37,74050,0,1,1
37,74054,1,1,1
37,74058,1,1,1
37,74062,0,1,1
37,74066,0,1,1
37,74070,1,0,1
37,74078,0,1,1
37,74082,0,1,1
37,74086,1,1,1
37,74090,1,1,1
37,74094,0,1,1
37,74098,0,1,1
37,74102,1,1,1
37,74106,0,1,1
37,74110,0,1,1
37,74114,0,1,1
37,74118,0,1,1
37,74122,1,1,1
37,74126,0,1,1
37,74130,0,1,1
37,74134,1,1,1
37,74138,1,1,1
37,74142,0,1,1
37,74146,0,1,1
37,74150,1,1,1
37,74154,1,1,1
37,74158,0,1,1
37,74162,0,1,1
37,74166,1,1,1
37,74170,1,1,1
37,74174,0,1,1
37,74178,0,1,1
37,74182,1,1,1
37,74186,1,1,1
37,74190,0,1,1
37,74194,0,1,1
37,74198,1,1,1
37,74202,1,1,1
37,74206,0,1,1
37,74210,0,1,1
37,74214,1,1,1
37,74218,1,0,1
37,74226,0,1,1
37,74230,1,1,1
37,74234,1,1,1
37,74238,0,1,1
37,74242,0,1,1
37,74246,1,1,1
37,74250,1,1,1
37,74254,0,1,1
37,74258,0,1,1
37,74262,1,1,1
37,74266,1,1,1
37,74270,0,1,1
37,74274,0,1,1
37,74278,1,1,1
37,74282,1,1,1
37,74286,0,1,1
37,74290,0,1,1
37,74294,1,1,1
37,74298,1,1,1
37,74302,0,1,1
37,74306,0,1,1
37,74310,1,1,1
37,74314,1,1,1
37,74318,0,1,1
37,74322,0,1,1
37,74326,1,1,1
37,74330,1,1,1
37,74334,0,1,1
37,74338,0,1,1
37,74342,1,1,1
37,74346,1,1,1
37,74350,0,1,1
37,74354,0,1,1
37,74358,1,1,1
37,74362,1,1,1
37,74366,0,1,1
37,74374,1,1,1
37,74378,1,1,1
37,74382,0,1,1
37,74386,0,1,1
37,74390,1,1,1
37,74394,1,1,1
37,74398,0,1,1
37,74402,0,1,1
37,74406,1,1,1
37,74410,1,1,1
37,74414,0,1,1
37,74418,0,1,1
37,74422,1,1,1
37,74426,1,1,1
37,74430,0,1,1
37,74434,0,1,1
37,74438,1,1,1
37,74442,1,1,1
37,74446,0,1,1
37,74450,0,1,1
37,74454,1,1,1
37,74458,1,1,1
37,74462,0,0,0
37,74466,0,1,1
37,74470,1,1,1
37,74474,1,1,1
37,74478,0,1,1
37,74482,0,1,1
37,74486,1,1,1
37,74490,1,1,1
37,74494,0,1,1
37,74498,0,1,1
37,74502,1,1,1
37,74506,1,1,1
37,74510,0,1,1
37,74514,0,1,1
37,74522,1,1,1
37,74526,0,1,1
37,74530,0,1,1
37,74534,1,1,1
37,74538,1,1,1
37,74542,0,1,1
37,74546,0,1,1
37,74550,1,1,1
37,74554,1,1,1
37,74558,0,1,1
37,74562,0,1,1
37,74566,1,1,1
37,74570,1,1,1
37,74574,0,1,1
37,74578,0,1,1
37,74582,1,1,1
37,74586,1,1,1
37,74590,0,1,1
37,74594,0,1,1
37,74598,1,1,1
37,74602,1,1,1
37,74606,0,1,1
37,74610,0,1,1
37,74614,1,1,1
37,74618,1,1,1
37,74622,0,1,1
37,74626,0,1,1
37,74630,1,1,1
37,74634,1,1,1
37,74638,0,1,1
37,74642,0,1,1
37,74646,1,1,1
37,74650,1,1,1
37,74654,0,1,1
37,74658,0,1,1
37,74662,1,1,1
37,74670,0,1,1
37,74674,0,1,1
37,74678,1,1,1
37,74682,1,1,1
37,74686,0,1,1
37,74690,0,1,1
37,74694,1,1,1
37,74698,1,1,1
37,74702,0,1,1
37,74706,0,1,1
37,74710,1,1,1
37,74714,1,1,1
37,74718,0,1,1
37,74722,0,1,1
37,74726,1,1,1
37,74730,1,1,1
37,74734,0,1,1
37,74738,0,1,1
37,74742,1,1,1
37,74746,1,1,1
37,74750,0,1,1
37,74754,0,1,1
37,74758,1,1,1
37,74762,1,1,1
37,74766,0,1,1
37,74770,0,1,1
37,74774,1,1,1
37,74778,1,1,1
37,74782,0,1,1
37,74786,0,1,1
37,74790,1,1,1
37,74794,1,1,1
37,74798,0,1,1
37,74802,0,1,1
37,74806,1,1,1
37,74810,1,1,1
37,74818,0,1,1
37,74822,1,1,1
37,74826,1,1,1
37,74830,0,1,1
37,74834,0,1,1
37,74838,1,1,1
37,74842,1,1,1
37,74846,0,1,1
37,74850,0,1,1
37,74854,1,1,1
37,74858,1,1,1
37,74862,0,1,1
37,74866,0,1,1
37,74870,1,1,1
37,74874,1,1,1
37,74878,0,1,1
37,74882,0,1,1
37,74886,1,1,1
37,74890,1,1,1
37,74894,0,1,1
37,74898,0,1,1
37,74902,1,1,1
37,74906,1,1,1
37,74910,0,1,1
37,74914,0,1,1
37,74918,1,1,1
37,74922,1,1,1
37,74926,0,1,1
37,74930,0,1,1
37,74934,1,1,1
37,74938,1,1,1
37,74942,0,1,1
37,74946,0,1,1
37,74950,1,1,1
37,74954,1,1,1
37,74958,0,1,1
37,74966,1,1,1
37,74970,1,1,1
37,74974,0,1,1
37,74978,0,1,1
37,74982,1,1,1
37,74986,1,1,1
37,74990,0,1,1
37,74994,0,1,1
37,74998,1,1,1
37,75002,1,1,1
37,75006,0,1,1
37,75010,0,1,1
37,75014,1,1,1
37,75018,1,1,1
37,75022,0,1,1
37,75026,0,1,1
37,75030,1,1,1
37,75034,1,1,1
37,75038,0,1,1
37,75042,0,0,0
37,75046,1,1,1
37,75050,1,1,1
37,75054,0,1,1
37,75058,0,1,1
37,75062,1,1,1
37,75066,1,1,1
37,75070,0,1,1
37,75074,0,1,1
37,75078,1,1,1
37,75082,1,1,1
37,75086,0,1,1
37,75090,0,1,1
37,75094,1,1,1
37,75098,1,1,1
37,75102,0,1,1
37,75106,0,1,1
37,75114,1,1,1
37,75118,0,1,1
37,75122,0,1,1
37,75126,1,1,1
37,75130,1,1,1
37,75134,0,1,1
37,75138,0,1,1
37,75142,1,1,1
37,75146,1,1,1
37,75150,0,1,1
37,75154,0,1,1
37,75158,1,1,1
37,75162,1,1,1
37,75166,0,1,1
37,75170,0,1,1
37,75174,1,1,1
37,75178,1,1,1
37,75182,0,1,1
37,75186,0,1,1
37,75190,1,1,1
37,75194,1,1,1
37,75198,0,1,1
37,75202,0,1,1
37,75206,1,1,1
37,75210,1,1,1
37,75214,0,1,1
37,75218,0,1,1
37,75222,1,1,1
37,75226,1,1,1
37,75230,0,1,1
37,75234,0,1,1
37,75238,1,1,1
37,75242,1,1,1
37,75246,0,1,1
37,75250,0,1,1
37,75254,1,1,1
37,75262,0,1,1
37,75266,0,1,1
37,75270,0,1,1
37,75274,1,1,1
37,75278,0,1,1
37,75282,0,1,1
37,75286,1,1,1
37,75290,1,1,1
37,75294,0,1,1
37,75298,0,1,1
37,75302,1,1,1
37,75306,1,1,1
37,75310,0,1,1
37,75314,0,1,1
37,75318,1,1,1
37,75322,1,1,1
37,75326,0,1,1
37,75330,0,1,1
37,75334,1,1,1
37,75338,1,1,1
37,75342,0,1,1
37,75346,0,1,1
37,75350,1,1,1
37,75354,1,1,1
37,75358,0,1,1
37,75362,0,1,1
37,75366,1,1,1
37,75370,1,1,1
37,75374,0,1,1
37,75378,0,1,1
37,75382,1,1,1
37,75386,1,1,1
37,75390,0,1,1
37,75394,0,1,1
37,75398,1,1,1
37,75402,1,1,1
37,75410,0,1,1
37,75414,1,1,1
37,75418,1,1,1
37,75422,0,1,1
37,75426,0,1,1
37,75430,1,1,1
37,75434,1,1,1
37,75438,0,1,1
37,75442,0,1,1
37,75446,1,1,1
37,75450,1,1,1
37,75454,0,1,1
37,75458,0,1,1
37,75462,1,1,1
37,75466,1,1,1
37,75470,0,1,1
37,75474,0,1,1
37,75478,1,1,1
37,75482,1,1,1
37,75486,0,1,1
37,75490,0,1,1
37,75494,1,1,1
37,75498,1,1,1
37,75502,0,1,1
37,75506,0,1,1
37,75510,1,1,1
37,75514,1,1,1
37,75518,0,1,1
37,75522,0,1,1
37,75526,1,1,1
37,75530,1,1,1
37,75534,0,1,1
37,75538,0,1,1
37,75542,1,1,1
37,75546,1,1,1
37,75550,0,1,1
37,75558,1,1,1
37,75562,1,1,1
37,75566,0,1,1
37,75570,0,1,1
37,75574,1,1,1
37,75578,1,1,1
37,75582,0,1,1
37,75586,0,1,1
37,75590,1,1,1
37,75594,1,1,1
37,75598,0,1,1
37,75602,0,1,1
37,75606,1,1,1
37,75610,1,1,1
37,75614,0,1,1
37,75618,0,1,1
37,75622,1,1,1
37,75626,1,1,1
37,75630,0,1,1
37,75634,0,1,1
37,75638,1,1,1
37,75642,1,1,1
37,75646,0,1,1
37,75650,0,1,1
37,75654,1,1,1
37,75658,1,1,1
37,75662,0,1,1
37,75666,0,1,1
37,75670,1,1,1
37,75674,1,1,1
37,75678,0,1,1
37,75682,0,0,0
37,75686,1,1,1
37,75690,1,1,1
37,75694,0,1,1
37,75698,0,1,1
37,75706,1,1,1
37,75710,0,1,1
37,75714,0,1,1
37,75718,1,1,1
37,75722,1,1,1
37,75726,0,1,1
37,75730,0,1,1
37,75734,1,1,1
37,75738,1,1,1
37,75742,0,1,1
37,75746,0,1,1
37,75750,1,1,1
37,75754,1,1,1
37,75758,0,1,1
37,75762,0,1,1
37,75766,1,1,1
37,75770,1,1,1
37,75774,0,1,1
37,75778,0,1,1
37,75782,1,1,1
37,75786,1,1,1
37,75790,0,1,1
37,75794,0,1,1
37,75798,1,1,1
37,75802,1,1,1
37,75806,0,1,1
37,75810,0,1,1
37,75814,1,1,1
37,75818,1,1,1
37,75822,0,1,1
37,75826,0,1,1
37,75830,1,1,1
37,75834,1,1,1
37,75838,0,1,1
37,75842,0,1,1
37,75846,1,1,1
37,75854,0,1,1
37,75858,0,1,1
37,75862,1,1,1
37,75866,1,1,1
37,75870,0,1,1
37,75874,0,1,1
37,75878,1,1,1
37,75882,1,1,1
37,75886,0,1,1
37,75890,0,1,1
37,75894,1,1,1
37,75898,1,1,1
37,75902,0,1,1
37,75906,0,1,1
37,75910,1,1,1
37,75914,1,1,1
37,75918,0,1,1
37,75922,0,1,1
37,75926,1,1,1
37,75930,1,1,1
37,75934,0,1,1
37,75938,0,1,1
37,75942,1,1,1
37,75946,1,1,1
37,75950,0,1,1
37,75954,0,1,1
37,75958,1,1,1
37,75962,1,1,1
37,75966,0,1,1
37,75970,0,1,1
37,75974,1,1,1
37,75978,1,0,1
37,75982,0,1,1
37,75986,0,1,1
37,75990,1,1,1
37,75994,1,1,1
37,76002,0,1,1
37,76006,1,1,1
37,76010,1,1,1
37,76014,0,1,1
37,76018,0,1,1
37,76022,1,1,1
37,76026,1,1,1
37,76030,0,1,1
37,76034,0,1,1
37,76038,1,1,1
37,76042,1,1,1
37,76046,0,1,1
37,76050,0,1,1
37,76054,1,1,1
37,76058,1,1,1
37,76062,0,1,1
37,76066,0,1,1
37,76070,1,1,1
37,76074,1,1,1
37,76078,0,1,1
37,76082,0,1,1
37,76086,1,1,1
37,76090,1,1,1
37,76094,0,1,1
37,76098,0,1,1
37,76102,1,1,1
37,76106,1,1,1
37,76110,0,1,1
37,76114,0,1,1
37,76118,1,1,1
37,76122,1,1,1
37,76126,0,1,1
37,76130,0,1,1
37,76134,1,1,1
37,76138,1,1,1
37,76142,0,1,1
37,76150,1,1,1
37,76154,1,1,1
37,76158,0,1,1
37,76162,0,1,1
37,76166,1,1,1
37,76170,1,1,1
37,76174,0,1,1
37,76178,0,1,1
37,76182,1,1,1
37,76186,1,1,1
37,76190,0,1,1
37,76194,0,1,1
37,76198,1,1,1
37,76202,1,1,1
37,76206,0,1,1
37,76210,0,1,1
37,76214,1,1,1
37,76218,1,1,1
37,76222,0,1,1
37,76226,0,1,1
37,76230,1,1,1
37,76234,1,1,1
37,76238,0,1,1
37,76242,0,1,1
37,76246,1,1,1
37,76250,1,1,1
37,76254,0,1,1
37,76258,0,1,1
37,76262,1,1,1
37,76266,1,1,1
37,76270,0,1,1
37,76274,0,1,1
37,76278,1,1,1
37,76282,0,1,1
37,76286,0,1,1
37,76290,0,1,1
37,76298,1,1,1
37,76302,0,1,1
37,76306,0,1,1
37,76310,1,1,1
37,76314,1,1,1
37,76318,0,1,1
37,76322,0,1,1
37,76326,1,1,1
37,76330,1,1,1
37,76334,0,1,1
37,76338,0,1,1
37,76342,1,1,1
37,76346,1,1,1
37,76350,0,1,1
37,76354,0,1,1
37,76358,1,1,1
37,76362,1,1,1
37,76366,0,1,1
37,76370,0,1,1
37,76374,1,1,1
37,76378,1,1,1
37,76382,0,1,1
37,76386,0,1,1
37,76390,1,1,1
37,76394,1,1,1
37,76398,0,1,1
37,76402,0,1,1
37,76406,1,1,1
37,76410,1,1,1
37,76414,0,1,1
37,76418,0,1,1
37,76422,1,1,1
37,76426,1,1,1
37,76430,0,1,1
37,76434,0,1,1
37,76438,1,1,1
37,76446,0,1,1
37,76450,0,1,1
37,76454,0,1,1
37,76458,1,1,1
37,76462,0,1,1
37,76466,0,1,1
37,76470,1,1,1
37,76474,1,1,1
37,76478,0,1,1
37,76482,0,1,1
37,76486,1,1,1
37,76490,1,1,1
37,76494,0,1,1
37,76498,0,1,1
37,76502,1,1,1
37,76506,1,1,1
37,76510,0,1,1
37,76514,0,1,1
37,76518,1,1,1
37,76522,1,1,1
37,76526,0,1,1
37,76530,0,1,1
37,76534,1,1,1
37,76538,1,1,1
37,76542,0,1,1
37,76546,0,1,1
37,76550,1,1,1
37,76554,1,1,1
37,76558,0,1,1
37,76562,0,1,1
37,76566,1,1,1
37,76570,1,1,1
37,76574,0,1,1
37,76578,0,1,1
37,76582,1,1,1
37,76586,1,1,1
37,76594,0,1,1
37,76598,1,1,1
37,76602,1,1,1
37,76606,0,1,1
37,76610,0,1,1
37,76614,1,1,1
37,76618,1,1,1
37,76622,0,1,1
37,76626,0,1,1
37,76630,1,1,1
37,76634,1,1,1
37,76638,0,1,1
37,76642,0,1,1
37,76646,1,1,1
37,76650,1,1,1
37,76654,0,1,1
37,76658,0,1,1
37,76662,1,1,1
37,76666,1,1,1
37,76670,0,1,1
37,76674,0,1,1
37,76678,1,1,1
37,76682,1,1,1
37,76686,0,1,1
37,76690,0,1,1
37,76694,1,1,1
37,76698,1,1,1
37,76702,0,1,1
37,76706,0,1,1
37,76710,1,1,1
37,76714,1,1,1
37,76718,0,1,1
37,76722,0,1,1
37,76726,1,1,1
37,76730,1,1,1
37,76734,0,1,1
37,76742,1,1,1
37,76746,1,1,1
37,76750,0,1,1
37,76754,0,1,1
37,76758,1,1,1
37,76762,1,1,1
37,76766,0,1,1
37,76770,0,1,1
37,76774,1,1,1
37,76778,1,1,1
37,76782,0,1,1
37,76786,0,1,1
37,76790,1,1,1
37,76794,1,1,1
37,76798,0,1,1
37,76802,0,1,1
37,76806,1,1,1
37,76810,1,1,1
37,76814,0,1,1
37,76818,0,1,1
37,76822,1,1,1
37,76826,1,1,1
37,76830,0,1,1
37,76834,0,1,1
37,76838,1,1,1
37,76842,1,1,1
37,76846,0,1,1
37,76850,0,1,1
37,76854,1,1,1
37,76858,1,1,1
37,76862,0,1,1
37,76866,0,1,1
37,76870,1,1,1
37,76874,1,1,1
37,76878,0,1,1
37,76882,0,1,1
37,76890,1,1,1
37,76894,0,1,1
37,76898,0,1,1
37,76902,0,1,1
37,76906,1,1,1
37,76910,0,1,1
37,76914,0,1,1
37,76918,1,1,1
37,76922,1,1,1
37,76926,0,1,1
37,76930,0,1,1
37,76934,1,1,1
37,76938,1,1,1
37,76942,0,1,1
37,76946,0,1,1
37,76950,1,1,1
37,76954,1,1,1
37,76958,0,1,1
37,76962,0,1,1
37,76966,1,1,1
37,76970,1,1,1
37,76974,0,1,1
37,76978,0,1,1
37,76982,1,1,1
37,76986,1,1,1
37,76990,0,1,1
37,76994,0,1,1
37,76998,1,1,1
37,77002,1,1,1
37,77006,0,1,1
37,77010,0,1,1
37,77014,1,1,1
37,77018,1,1,1
37,77022,0,1,1
37,77026,0,1,1
37,77030,1,1,1
37,77038,0,1,1
37,77042,0,1,1
37,77046,1,1,1
37,77050,1,1,1
37,77054,0,1,1
37,77058,0,1,1
37,77062,1,1,1
37,77066,1,1,1
37,77070,0,1,1
37,77074,0,1,1
37,77078,1,1,1
37,77082,1,1,1
37,77086,0,1,1
37,77090,0,1,1
37,77094,1,1,1
37,77098,1,1,1
37,77102,0,1,1
37,77106,0,1,1
37,77110,1,1,1
37,77114,1,1,1
37,77118,0,1,1
37,77122,0,1,1
37,77126,1,1,1
37,77130,1,1,1
37,77134,0,1,1
37,77138,0,1,1
37,77142,1,0,1
37,77146,1,1,1
37,77150,0,1,1
37,77154,0,1,1
37,77158,1,1,1
37,77162,1,1,1
37,77166,0,1,1
37,77170,0,1,1
37,77174,1,1,1
37,77178,1,1,1
37,77186,0,1,1
37,77190,1,1,1
37,77194,1,1,1
37,77198,0,1,1
37,77202,0,1,1
37,77206,1,1,1
37,77210,1,1,1
37,77214,0,1,1
37,77218,0,1,1
37,77222,1,1,1
37,77226,1,1,1
37,77230,0,1,1
37,77234,0,1,1
37,77238,1,1,1
37,77242,1,1,1
37,77246,0,1,1
37,77250,0,1,1
37,77254,1,1,1
37,77258,1,1,1
37,77262,0,1,1
37,77266,0,1,1
37,77270,1,1,1
37,77274,1,1,1
37,77278,0,1,1
37,77282,0,1,1
37,77286,1,1,1
37,77290,1,1,1
37,77294,0,1,1
37,77298,0,1,1
37,77302,1,1,1
37,77306,1,1,1
37,77310,0,1,1
37,77314,0,1,1
37,77318,1,1,1
37,77322,1,1,1
37,77326,0,1,1
37,77334,1,1,1
37,77338,1,1,1
37,77342,0,1,1
37,77346,0,1,1
37,77350,1,1,1
37,77354,1,1,1
37,77358,0,1,1
37,77362,0,1,1
37,77366,1,1,1
37,77370,1,1,1
37,77374,0,1,1
37,77378,0,1,1
37,77382,1,1,1
37,77386,1,1,1
37,77390,0,1,1
37,77394,0,1,1
37,77398,1,1,1
37,77402,1,1,1
37,77406,0,1,1
37,77410,0,1,1
37,77414,1,1,1
37,77418,1,1,1
37,77422,0,1,1
37,77426,0,1,1
37,77430,1,1,1
37,77434,1,1,1
37,77438,0,1,1
37,77442,0,1,1
37,77446,1,1,1
37,77450,1,1,1
37,77454,0,1,1
37,77458,0,1,1
37,77462,1,1,1
37,77466,1,1,1
37,77470,0,1,1
37,77474,0,1,1
37,77482,1,1,1
37,77486,0,1,1
37,77490,0,1,1
37,77494,1,1,1
37,77498,1,1,1
37,77502,0,1,1
37,77506,0,1,1
37,77510,1,1,1
37,77514,1,1,1
37,77518,0,1,1
37,77522,0,1,1
37,77526,1,1,1
37,77530,1,1,1
37,77534,0,1,1
37,77538,0,1,1
37,77542,1,1,1
37,77546,1,1,1
37,77550,0,1,1
37,77554,0,1,1
37,77558,1,1,1
37,77562,1,1,1
37,77566,0,1,1
37,77570,0,1,1
37,77574,1,1,1
37,77578,1,1,1
37,77582,0,1,1
37,77586,0,1,1
37,77590,1,1,1
37,77594,1,1,1
37,77598,0,1,1
37,77602,0,1,1
37,77606,1,1,1
37,77610,1,1,1
37,77614,0,1,1
37,77618,0,1,1
37,77622,1,1,1
37,77630,0,1,1
37,77634,0,1,1
37,77638,1,1,1
37,77642,1,1,1
37,77646,0,1,1
37,77650,0,1,1
37,77654,1,1,1
37,77658,0,1,1
37,77662,0,1,1
37,77666,0,1,1
37,77670,1,1,1
37,77674,1,1,1
37,77678,0,1,1
37,77682,0,1,1
37,77686,1,1,1
37,77690,1,1,1
37,77694,0,1,1
37,77698,0,1,1
37,77702,1,1,1
37,77706,1,1,1
37,77710,0,1,1
37,77714,0,1,1
37,77718,1,1,1
37,77722,1,1,1
37,77726,0,1,1
37,77730,0,1,1
37,77734,1,1,1
37,77738,1,1,1
37,77742,0,1,1
37,77746,0,1,1
37,77750,1,1,1
37,77754,1,1,1
37,77758,0,1,1
37,77762,0,1,1
37,77766,1,1,1
37,77770,1,1,1
37,77778,0,1,1
37,77782,1,1,1
37,77786,1,1,1
37,77790,0,1,1
37,77794,0,1,1
37,77798,1,1,1
37,77802,1,1,1
37,77806,0,1,1
37,77810,0,1,1
37,77814,1,1,1
37,77818,1,1,1
37,77822,0,1,1
37,77826,0,1,1
37,77830,1,1,1
37,77834,1,1,1
37,77838,0,1,1
37,77842,0,1,1
37,77846,1,1,1
37,77850,1,1,1
37,77854,0,1,1
37,77858,0,1,1
37,77862,1,1,1
37,77866,1,1,1
37,77870,0,1,1
37,77874,0,1,1
37,77878,1,1,1
37,77882,1,1,1
37,77886,0,1,1
37,77890,0,1,1
37,77894,1,1,1
37,77898,1,0,1
37,77902,0,1,1
37,77906,0,1,1
37,77910,1,1,1
37,77914,1,1,1
37,77918,0,1,1
37,77926,1,1,1
37,77930,1,1,1
37,77934,0,1,1
37,77938,0,1,1
37,77942,1,1,1
37,77946,1,1,1
37,77950,0,1,1
37,77954,0,1,1
37,77958,1,1,1
37,77962,1,0,1
37,77966,0,1,1
37,77970,0,1,1
37,77974,1,1,1
37,77978,1,1,1
37,77982,0,1,1
37,77986,0,1,1
37,77990,1,1,1
37,77994,1,1,1
37,77998,0,1,1
37,78002,0,1,1
37,78006,1,1,1
37,78010,1,1,1
37,78014,0,1,1
37,78018,0,1,1
37,78022,1,1,1
37,78026,1,1,1
37,78030,0,1,1
37,78034,0,1,1
37,78038,1,1,1
37,78042,1,1,1
37,78046,0,1,1
37,78050,0,1,1
37,78054,1,1,1
37,78058,1,1,1
37,78062,0,1,1
37,78066,0,1,1
37,78074,1,1,1
37,78078,0,1,1
37,78082,0,0,0
37,78086,1,1,1
37,78090,1,1,1
37,78094,0,1,1
37,78098,0,1,1
37,78102,1,1,1
37,78106,1,1,1
37,78110,0,1,1
37,78114,0,1,1
37,78118,1,1,1
37,78122,1,1,1
37,78126,0,1,1
37,78130,0,1,1
37,78134,1,1,1
37,78138,1,0,1
37,78142,0,1,1
37,78146,0,1,1
37,78150,1,1,1
37,78154,1,1,1
37,78158,0,1,1
37,78162,0,1,1
37,78166,1,1,1
37,78170,1,1,1
37,78174,0,1,1
37,78178,0,1,1
37,78182,1,1,1
37,78186,1,0,1
37,78190,0,1,1
37,78194,0,1,1
37,78198,1,1,1
37,78202,1,1,1
37,78206,0,1,1
37,78210,0,1,1
37,78214,1,1,1
37,78222,0,0,0
37,78226,0,1,1
37,78230,1,1,1
37,78234,1,1,1
37,78238,0,1,1
37,78242,0,1,1
37,78246,1,1,1
37,78250,1,1,1
37,78254,0,1,1
37,78258,0,1,1
37,78262,1,1,1
37,78266,1,1,1
37,78270,0,1,1
37,78274,0,1,1
37,78278,1,0,1
37,78282,1,1,1
37,78286,0,1,1
37,78290,0,1,1
37,78294,1,1,1
37,78298,1,1,1
37,78302,0,1,1
37,78306,0,1,1
37,78310,1,1,1
37,78314,1,1,1
37,78318,0,1,1
37,78322,0,1,1
37,78326,1,1,1
37,78330,1,1,1
37,78334,0,1,1
37,78338,0,1,1
37,78342,1,0,1
37,78346,1,1,1
37,78350,0,1,1
37,78354,0,1,1
37,78358,1,1,1
37,78362,1,1,1
37,78370,0,1,1
37,78374,1,1,1
37,78378,1,1,1
37,78382,0,1,1
37,78386,0,1,1
37,78390,1,1,1
37,78394,1,1,1
37,78398,0,1,1
37,78402,0,1,1
37,78406,1,1,1
37,78410,1,1,1
37,78414,0,1,1
37,78418,0,1,1
37,78422,1,1,1
37,78426,1,1,1
37,78430,0,1,1
37,78434,0,1,1
37,78438,1,1,1
37,78442,1,1,1
37,78446,0,1,1
37,78450,0,1,1
37,78454,1,1,1
37,78458,1,1,1
37,78462,0,1,1
37,78466,0,1,1
37,78470,1,1,1
37,78474,1,1,1
37,78478,0,1,1
37,78482,0,1,1
37,78486,1,1,1
37,78490,1,1,1
37,78494,0,1,1
37,78498,0,1,1
37,78502,1,1,1
37,78506,1,1,1
37,78510,0,1,1
37,78518,1,1,1
37,78522,1,1,1
37,78526,0,1,1
37,78530,0,1,1
37,78534,1,1,1
37,78538,1,1,1
37,78542,0,1,1
37,78546,0,1,1
37,78550,1,1,1
37,78554,1,1,1
37,78558,0,1,1
37,78562,0,1,1
37,78566,1,1,1
37,78570,1,1,1
37,78574,0,1,1
37,78578,0,1,1
37,78582,1,1,1
37,78586,1,1,1
37,78590,0,1,1
37,78594,0,1,1
37,78598,1,1,1
37,78602,1,1,1
37,78606,0,1,1
37,78610,0,1,1
37,78614,1,1,1
37,78618,1,1,1
37,78622,0,1,1
37,78626,0,1,1
37,78630,1,1,1
37,78634,1,1,1
37,78638,0,1,1
37,78642,0,1,1
37,78646,1,1,1
37,78650,1,1,1
37,78654,0,1,1
37,78658,0,1,1
37,78666,1,1,1
37,78670,0,1,1
37,78674,0,1,1
37,78678,1,1,1
37,78682,1,1,1
37,78686,0,1,1
37,78690,0,1,1
37,78694,1,1,1
37,78698,1,1,1
37,78702,0,1,1
37,78706,0,1,1
37,78710,1,1,1
37,78714,1,1,1
37,78718,0,1,1
37,78722,0,1,1
37,78726,1,1,1
37,78730,1,1,1
37,78734,0,1,1
37,78738,0,1,1
37,78742,1,1,1
37,78746,1,1,1
37,78750,0,1,1
37,78754,0,1,1
37,78758,1,1,1
37,78762,1,1,1
37,78766,0,1,1
37,78770,0,1,1
37,78774,1,1,1
37,78778,1,1,1
37,78782,0,1,1
37,78786,0,1,1
37,78790,1,1,1
37,78794,1,1,1
37,78798,0,1,1
37,78802,0,1,1
37,78806,1,1,1
37,78814,0,1,1
37,78818,0,1,1
37,78822,1,1,1
37,78826,1,1,1
37,78830,0,1,1
37,78834,0,1,1
37,78838,1,1,1
37,78842,1,1,1
37,78846,0,1,1
37,78850,0,1,1
37,78854,1,1,1
37,78858,1,1,1
37,78862,0,1,1
37,78866,0,1,1
37,78870,1,1,1
37,78874,1,1,1
37,78878,0,1,1
37,78882,0,1,1
37,78886,1,1,1
37,78890,1,1,1
37,78894,0,1,1
37,78898,0,1,1
37,78902,1,1,1
37,78906,1,1,1
37,78910,0,1,1
37,78914,0,1,1
37,78918,1,1,1
37,78922,1,1,1
37,78926,0,1,1
37,78930,0,1,1
37,78934,1,1,1
37,78938,1,1,1
37,78942,0,1,1
37,78946,0,1,1
37,78950,1,1,1
37,78954,1,1,1
37,78962,0,1,1
37,78966,1,1,1
37,78970,1,1,1
37,78974,0,1,1
37,78978,0,1,1
37,78982,1,1,1
37,78986,1,1,1
37,78990,0,1,1
37,78994,0,1,1
37,78998,1,1,1
37,79002,1,1,1
37,79006,0,1,1
37,79010,0,1,1
37,79014,1,1,1
37,79018,1,1,1
37,79022,0,1,1
37,79026,0,1,1
37,79030,1,1,1
37,79034,1,1,1
37,79038,0,1,1
37,79042,0,1,1
37,79046,1,1,1
37,79050,1,1,1
37,79054,0,1,1
37,79058,0,1,1
37,79062,1,1,1
37,79066,1,1,1
37,79070,0,1,1
37,79074,0,1,1
37,79078,1,1,1
37,79082,1,0,1
37,79086,0,1,1
37,79090,0,1,1
37,79094,1,1,1
37,79098,1,1,1
37,79102,0,1,1
37,79110,1,1,1
37,79114,1,1,1
37,79118,0,1,1
37,79122,0,1,1
37,79126,1,1,1
37,79130,1,1,1
37,79134,0,1,1
37,79138,0,1,1
37,79142,1,1,1
37,79146,1,0,1
37,79150,0,1,1
37,79154,0,1,1
37,79158,1,1,1
37,79162,1,1,1
37,79166,0,1,1
37,79170,0,1,1
37,79174,1,1,1
37,79178,1,1,1
37,79182,0,1,1
37,79186,0,1,1
37,79190,1,1,1
37,79194,1,1,1
37,79198,0,1,1
37,79202,0,1,1
37,79206,1,1,1
37,79210,1,1,1
37,79214,0,1,1
37,79218,0,1,1
37,79222,1,1,1
37,79226,1,1,1
37,79230,0,1,1
37,79234,0,1,1
37,79238,1,1,1
37,79242,1,1,1
37,79246,0,1,1
37,79250,0,1,1
37,79258,1,1,1
37,79262,0,1,1
37,79266,0,1,1
37,79270,1,1,1
37,79274,1,1,1
37,79278,0,1,1
37,79282,0,1,1
37,79286,1,1,1
37,79290,1,1,1
37,79294,0,1,1
37,79298,0,0,0
37,79302,1,1,1
37,79306,1,1,1
37,79310,0,1,1
37,79314,0,1,1
37,79318,1,1,1
37,79322,1,1,1
37,79326,0,1,1
37,79330,0,1,1
37,79334,1,1,1
37,79338,1,1,1
37,79342,0,1,1
37,79346,0,1,1
37,79350,1,1,1
37,79354,1,1,1
37,79358,0,1,1
37,79362,0,1,1
37,79366,1,1,1
37,79370,1,1,1
37,79374,0,1,1
37,79378,0,1,1
37,79382,1,1,1
37,79386,1,1,1
37,79390,0,1,1
37,79394,0,1,1
37,79398,1,1,1
37,79406,0,1,1
37,79410,0,1,1
37,79414,1,1,1
37,79418,1,1,1
37,79422,0,1,1
37,79426,0,1,1
37,79430,1,1,1
37,79434,1,0,1
37,79438,0,1,1
37,79442,0,1,1
37,79446,1,1,1
37,79450,1,1,1
37,79454,0,1,1
37,79458,0,1,1
37,79462,1,1,1
37,79466,1,1,1
37,79470,0,1,1
37,79474,0,1,1
37,79478,1,1,1
37,79482,1,1,1
37,79486,0,1,1
37,79490,0,1,1
37,79494,1,1,1
37,79498,1,1,1
37,79502,0,1,1
37,79506,0,1,1
37,79510,1,1,1
37,79514,1,1,1
37,79518,0,1,1
37,79522,0,1,1
37,79526,1,1,1
37,79530,1,1,1
37,79534,0,1,1
37,79538,0,0,0
37,79542,1,1,1
37,79546,1,1,1
37,79554,0,1,1
37,79558,1,1,1
37,79562,1,1,1
37,79566,0,1,1
37,79570,0,1,1
37,79574,1,1,1
37,79578,0,1,1
37,79582,0,1,1
37,79586,0,1,1
37,79590,1,1,1
37,79594,1,1,1
37,79598,0,1,1
37,79602,0,1,1
37,79606,1,1,1
37,79610,1,1,1
37,79614,0,1,1
37,79618,0,1,1
37,79622,1,1,1
37,79626,1,1,1
37,79630,0,1,1
37,79634,0,1,1
37,79638,1,1,1
37,79642,1,1,1
37,79646,0,1,1
37,79650,0,1,1
37,79654,1,1,1
37,79658,1,1,1
37,79662,0,1,1
37,79666,0,1,1
37,79670,1,1,1
37,79674,1,1,1
37,79678,0,0,0
37,79682,0,1,1
37,79686,1,1,1
37,79690,1,1,1
37,79694,0,1,1
37,79702,1,1,1
37,79706,1,1,1
37,79710,0,1,1
37,79714,0,1,1
37,79718,1,1,1
37,79722,1,1,1
37,79726,0,1,1
37,79730,0,1,1
37,79734,1,1,1
37,79738,1,1,1
37,79742,0,1,1
37,79746,0,1,1
37,79750,1,1,1
37,79754,1,1,1
37,79758,0,1,1
37,79762,0,1,1
37,79766,1,1,1
37,79770,1,1,1
37,79774,0,1,1
37,79778,0,1,1
37,79782,1,1,1
37,79786,1,1,1
37,79790,0,1,1
37,79794,0,1,1
37,79798,1,1,1
37,79802,1,1,1
37,79806,0,1,1
37,79810,0,1,1
37,79814,1,1,1
37,79818,1,1,1
37,79822,0,1,1
37,79826,0,1,1
37,79830,1,1,1
37,79834,1,1,1
37,79838,0,1,1
37,79842,0,1,1
37,79850,1,1,1
37,79854,0,1,1
37,79858,0,1,1
37,79862,1,1,1
37,79866,1,1,1
37,79870,0,1,1
37,79874,0,1,1
37,79878,1,1,1
37,79882,1,1,1
37,79886,0,1,1
37,79890,0,1,1
37,79894,1,1,1
37,79898,1,1,1
37,79902,0,1,1
37,79906,0,1,1
37,79910,1,1,1
37,79914,1,1,1
37,79918,0,1,1
37,79922,0,1,1
37,79926,1,1,1
37,79930,1,1,1
37,79934,0,1,1
37,79938,0,1,1
37,79942,1,1,1
37,79946,1,1,1
37,79950,0,1,1
37,79954,0,1,1
37,79958,1,1,1
37,79962,1,1,1
37,79966,0,1,1
37,79970,0,1,1
37,79974,1,1,1
37,79978,1,1,1
37,79982,0,1,1
37,79986,0,1,1
37,79990,1,1,1
37,79998,0,1,1
37,80002,0,1,1
37,80006,1,1,1
37,80010,1,1,1
37,80014,0,1,1
37,80018,0,1,1
37,80022,1,1,1
37,80026,1,1,1
37,80030,0,1,1
37,80034,0,1,1
37,80038,1,1,1
37,80042,1,1,1
37,80046,0,1,1
37,80050,0,1,1
37,80054,1,1,1
37,80058,1,1,1
37,80062,0,1,1
37,80066,0,1,1
37,80070,1,1,1
37,80074,1,1,1
37,80078,0,1,1
37,80082,0,1,1
37,80086,1,1,1
37,80090,1,1,1
37,80094,0,1,1
37,80098,0,1,1
37,80102,1,1,1
37,80106,1,1,1
37,80110,0,1,1
37,80114,0,1,1
37,80118,1,1,1
37,80122,1,1,1
37,80126,0,1,1
37,80130,0,1,1
37,80134,1,1,1
37,80138,1,1,1
37,80146,0,1,1
37,80150,1,1,1
37,80154,1,1,1
37,80158,0,1,1
37,80162,0,1,1
37,80166,1,0,1
37,80170,1,1,1
37,80174,0,1,1
37,80178,0,1,1
37,80182,1,1,1
37,80186,1,1,1
37,80190,0,1,1
37,80194,0,1,1
37,80198,1,1,1
37,80202,1,1,1
37,80206,0,1,1
37,80210,0,1,1
37,80214,1,1,1
37,80218,1,1,1
37,80222,0,1,1
37,80226,0,1,1
37,80230,1,1,1
37,80234,1,1,1
37,80238,0,1,1
37,80242,0,1,1
37,80246,1,1,1
37,80250,1,1,1
37,80254,0,1,1
37,80258,0,1,1
37,80262,1,1,1
37,80266,1,1,1
37,80270,0,1,1
37,80274,0,1,1
37,80278,1,1,1
37,80282,1,1,1
37,80286,0,1,1
37,80294,1,1,1
37,80298,1,1,1
37,80302,0,1,1
37,80306,0,1,1
37,80310,1,1,1
37,80314,1,1,1
37,80318,0,1,1
37,80322,0,1,1
37,80326,1,1,1
37,80330,1,1,1
37,80334,0,1,1
37,80338,0,1,1
37,80342,1,1,1
37,80346,1,1,1
37,80350,0,1,1
37,80354,0,1,1
37,80358,1,1,1
37,80362,1,1,1
37,80366,0,1,1
37,80370,0,1,1
37,80374,1,1,1
37,80378,1,0,1
37,80382,0,1,1
37,80386,0,1,1
37,80390,1,1,1
37,80394,1,1,1
37,80398,0,1,1
37,80402,0,1,1
37,80406,1,1,1
37,80410,1,1,1
37,80414,0,1,1
37,80418,0,1,1
37,80422,1,1,1
37,80426,1,1,1
37,80430,0,1,1
37,80434,0,1,1
37,80442,1,1,1
37,80446,0,1,1
37,80450,0,1,1
37,80454,1,1,1
37,80458,1,1,1
37,80462,0,1,1
37,80466,0,1,1
37,80470,1,1,1
37,80474,1,1,1
37,80478,0,1,1
37,80482,0,1,1
37,80486,1,1,1
37,80490,1,1,1
37,80494,0,1,1
37,80498,0,1,1
37,80502,1,1,1
37,80506,1,1,1
37,80510,0,1,1
37,80514,0,1,1
37,80518,1,1,1
37,80522,1,1,1
37,80526,0,1,1
37,80530,0,1,1
37,80534,1,1,1
37,80538,1,1,1
37,80542,0,1,1
37,80546,0,1,1
37,80550,1,1,1
37,80554,1,1,1
37,80558,0,1,1
37,80562,0,1,1
37,80566,1,1,1
37,80570,1,1,1
37,80574,0,1,1
37,80578,0,1,1
37,80582,1,1,1
37,80590,0,1,1
37,80594,0,1,1
37,80598,1,1,1
37,80602,1,1,1
37,80606,0,1,1
37,80610,0,1,1
37,80614,1,1,1
37,80618,1,1,1
37,80622,0,1,1
37,80626,0,1,1
37,80630,1,1,1
37,80634,1,1,1
37,80638,0,1,1
37,80642,0,1,1
37,80646,1,1,1
37,80650,1,1,1
37,80654,0,1,1
37,80658,0,1,1
37,80662,1,1,1
37,80666,1,1,1
37,80670,0,1,1
37,80674,0,1,1
37,80678,1,1,1
37,80682,1,1,1
37,80686,0,1,1
37,80690,0,1,1
37,80694,1,1,1
37,80698,1,1,1
37,80702,0,1,1
37,80706,0,1,1
37,80710,1,1,1
37,80714,1,1,1
37,80718,0,1,1
37,80722,0,1,1
37,80726,1,1,1
37,80730,1,1,1
37,80738,0,1,1
37,80742,0,1,1
37,80746,1,1,1
37,80750,0,1,1
37,80754,0,1,1
37,80758,1,1,1
37,80762,1,1,1
37,80766,0,1,1
37,80770,0,1,1
37,80774,1,1,1
37,80778,1,1,1
37,80782,0,1,1
37,80786,0,1,1
37,80790,1,1,1
37,80794,1,1,1
37,80798,0,1,1
37,80802,0,1,1
37,80806,1,1,1
37,80810,1,1,1
37,80814,0,1,1
37,80818,0,1,1
37,80822,1,1,1
37,80826,1,1,1
37,80830,0,1,1
37,80834,0,1,1
37,80838,1,1,1
37,80842,1,1,1
37,80846,0,1,1
37,80850,0,1,1
37,80854,1,1,1
37,80858,1,1,1
37,80862,0,1,1
37,80866,0,1,1
37,80870,1,1,1
37,80874,1,1,1
37,80878,0,1,1
37,80886,1,1,1
37,80890,1,1,1
37,80894,0,1,1
37,80898,0,1,1
37,80902,1,1,1
37,80906,1,1,1
37,80910,0,1,1
37,80914,0,1,1
37,80918,1,1,1
37,80922,1,1,1
37,80926,0,1,1
37,80930,0,1,1
37,80934,1,1,1
37,80938,1,1,1
37,80942,0,1,1
37,80946,0,1,1
37,80950,1,1,1
37,80954,1,1,1
37,80958,0,1,1
37,80962,0,1,1
37,80966,1,1,1
37,80970,1,1,1
37,80974,0,1,1
37,80978,0,1,1
37,80982,1,1,1
37,80986,1,1,1
37,80990,0,1,1
37,80994,0,1,1
37,80998,1,1,1
37,81002,1,1,1
37,81006,0,1,1
37,81010,0,1,1
37,81014,1,1,1
37,81018,1,1,1
37,81022,0,1,1
37,81026,0,1,1
37,81034,1,1,1
37,81038,0,1,1
37,81042,0,1,1
37,81046,1,1,1
37,81050,1,1,1
37,81054,0,1,1
37,81058,0,1,1
37,81062,1,1,1
37,81066,1,1,1
37,81070,0,1,1
37,81074,0,1,1
37,81078,1,1,1
37,81082,1,1,1
37,81086,0,1,1
37,81090,0,1,1
37,81094,1,1,1
37,81098,1,1,1
37,81102,0,1,1
37,81106,0,1,1
37,81110,1,1,1
37,81114,1,1,1
37,81118,0,1,1
37,81122,0,1,1
37,81126,1,1,1
37,81130,1,1,1
37,81134,0,1,1
37,81138,0,1,1
37,81142,1,1,1
37,81146,1,1,1
37,81150,0,1,1
37,81154,0,1,1
37,81158,1,1,1
37,81162,1,1,1
37,81166,0,1,1
37,81170,0,1,1
37,81174,1,1,1
37,81182,0,1,1
37,81186,0,1,1
37,81190,1,1,1
37,81194,1,1,1
37,81198,0,1,1
37,81202,0,1,1
37,81206,1,1,1
37,81210,1,1,1
37,81214,0,1,1
37,81218,0,1,1
37,81222,1,1,1
37,81226,1,1,1
37,81230,0,1,1
37,81234,0,1,1
37,81238,1,1,1
37,81242,1,1,1
37,81246,0,1,1
37,81250,0,1,1
37,81254,1,1,1
37,81258,1,1,1
37,81262,0,1,1
37,81266,0,1,1
37,81270,1,1,1
37,81274,1,1,1
37,81278,0,1,1
37,81282,0,1,1
37,81286,1,1,1
37,81290,1,1,1
37,81294,0,1,1
37,81298,0,1,1
37,81302,1,1,1
37,81306,1,1,1
37,81310,0,1,1
37,81314,0,1,1
37,81318,1,1,1
37,81322,1,1,1
37,81330,0,1,1
37,81334,1,1,1
37,81338,0,1,1
37,81342,0,1,1
37,81346,0,1,1
37,81350,1,1,1
37,81354,1,1,1
37,81358,0,1,1
37,81362,0,1,1
37,81366,1,1,1
37,81370,1,1,1
37,81374,0,1,1
37,81378,0,1,1
37,81382,1,1,1
37,81386,1,1,1
37,81390,0,1,1
37,81394,0,1,1
37,81398,1,1,1
37,81402,1,1,1
37,81406,0,1,1
37,81410,0,1,1
37,81414,1,1,1
37,81418,1,1,1
37,81422,0,1,1
37,81426,0,1,1
37,81430,1,1,1
37,81434,1,1,1
37,81438,0,1,1
37,81442,0,1,1
37,81446,1,1,1
37,81450,1,1,1
37,81454,0,1,1
37,81458,0,1,1
37,81462,1,1,1
37,81466,1,1,1
37,81470,0,1,1
37,81478,1,0,1
37,81482,1,1,1
37,81486,0,0,0
37,81490,0,1,1
37,81494,1,1,1
37,81498,1,1,1
37,81502,0,1,1
37,81506,0,1,1
37,81510,1,1,1
37,81514,1,1,1
37,81518,0,1,1
37,81522,0,1,1
37,81526,1,1,1
37,81530,1,1,1
37,81534,0,1,1
37,81538,0,1,1
37,81542,1,1,1
37,81546,1,1,1
37,81550,0,1,1
37,81554,0,1,1
37,81558,1,1,1
37,81562,1,1,1
37,81566,0,1,1
37,81570,0,1,1
37,81574,1,1,1
37,81578,1,1,1
37,81582,0,1,1
37,81586,0,1,1
37,81590,1,1,1
37,81594,1,1,1
37,81598,0,1,1
37,81602,0,1,1
37,81606,1,1,1
37,81610,1,1,1
37,81614,0,1,1
37,81618,0,0,0
37,81626,1,1,1
37,81630,0,1,1
37,81634,0,1,1
37,81638,1,1,1
37,81642,1,1,1
37,81646,0,1,1
37,81650,0,1,1
37,81654,1,1,1
37,81658,1,1,1
37,81662,0,1,1
37,81666,0,1,1
37,81670,1,1,1
37,81674,1,1,1
37,81678,0,1,1
37,81682,0,1,1
37,81686,1,1,1
37,81690,1,1,1
37,81694,0,1,1
37,81698,0,1,1
37,81702,1,1,1
37,81706,1,1,1
37,81710,0,1,1
37,81714,0,1,1
37,81718,1,1,1
37,81722,1,1,1
37,81726,0,1,1
37,81730,0,1,1
37,81734,1,1,1
37,81738,1,1,1
37,81742,0,1,1
37,81746,0,1,1
37,81750,1,1,1
37,81754,1,1,1
37,81758,0,1,1
37,81762,0,0,0
37,81766,1,1,1
37,81774,0,1,1
37,81778,0,1,1
37,81782,1,1,1
37,81786,1,1,1
37,81790,0,1,1
37,81794,0,1,1
37,81798,1,1,1
37,81802,1,1,1
37,81806,0,1,1
37,81810,0,1,1
37,81814,1,1,1
37,81818,1,1,1
37,81822,0,1,1
37,81826,0,1,1
37,81830,1,1,1
37,81834,1,1,1
37,81838,0,1,1
37,81842,0,1,1
37,81846,1,1,1
37,81850,1,1,1
37,81854,0,1,1
37,81858,0,1,1
37,81862,1,1,1
37,81866,1,1,1
37,81870,0,1,1
37,81874,0,1,1
37,81878,1,1,1
37,81882,1,1,1
37,81886,0,1,1
37,81890,0,1,1
37,81894,1,1,1
37,81898,1,1,1
37,81902,0,1,1
37,81906,0,1,1
37,81910,1,1,1
37,81914,1,1,1
37,81922,0,1,1
37,81926,1,1,1
37,81930,1,1,1
37,81934,0,1,1
37,81938,0,1,1
37,81942,1,1,1
37,81946,1,1,1
37,81950,0,1,1
37,81954,0,1,1
37,81958,1,1,1
37,81962,1,1,1
37,81966,0,1,1
37,81970,0,1,1
37,81974,1,1,1
37,81978,1,1,1
37,81982,0,1,1
37,81986,0,1,1
37,81990,1,1,1
37,81994,1,1,1
37,81998,0,1,1
37,82002,0,1,1
37,82006,1,1,1
37,82010,1,1,1
37,82014,0,1,1
37,82018,0,1,1
37,82022,1,1,1
37,82026,1,1,1
37,82030,0,1,1
37,82034,0,1,1
37,82038,1,0,1
37,82042,1,1,1
37,82046,0,1,1
37,82050,0,1,1
37,82054,1,1,1
37,82058,1,1,1
37,82062,0,1,1
37,82070,1,1,1
37,82074,1,1,1
37,82078,0,1,1
37,82082,0,1,1
37,82086,1,1,1
37,82090,1,1,1
37,82094,0,1,1
37,82098,0,1,1
37,82102,1,1,1
37,82106,1,1,1
37,82110,0,1,1
37,82114,0,1,1
37,82118,1,1,1
37,82122,1,0,1
37,82126,0,1,1
37,82130,0,1,1
37,82134,1,1,1
37,82138,1,1,1
37,82142,0,1,1
37,82146,0,1,1
37,82150,1,1,1
37,82154,1,1,1
37,82158,0,1,1
37,82162,0,1,1
37,82166,1,1,1
37,82170,1,1,1
37,82174,0,1,1
37,82178,0,1,1
37,82182,1,1,1
37,82186,1,1,1
37,82190,0,1,1
37,82194,0,1,1
37,82198,1,1,1
37,82202,1,1,1
37,82206,0,1,1
37,82210,0,1,1
37,82218,1,1,1
37,82222,0,1,1
37,82226,0,1,1
37,82230,1,1,1
37,82234,1,1,1
37,82238,0,1,1
37,82242,0,1,1
37,82246,0,1,1
37,82250,1,1,1
37,82254,0,1,1
37,82258,0,1,1
37,82262,1,1,1
37,82266,1,1,1
37,82270,0,1,1
37,82274,0,1,1
37,82278,1,1,1
37,82282,1,1,1
37,82286,0,1,1
37,82290,0,1,1
37,82294,1,1,1
37,82298,1,1,1
37,82302,0,1,1
37,82306,0,1,1
37,82310,1,1,1
37,82314,1,1,1
37,82318,0,1,1
37,82322,0,0,0
37,82326,1,1,1
37,82330,1,1,1
37,82334,0,1,1
37,82338,0,1,1
37,82342,1,1,1
37,82346,1,1,1
37,82350,0,1,1
37,82354,0,1,1
37,82358,1,1,1
37,82366,0,1,1
37,82370,0,0,0
37,82374,1,1,1
37,82378,1,1,1
37,82382,0,1,1
37,82386,0,1,1
37,82390,1,1,1
37,82394,1,1,1
37,82398,0,1,1
37,82402,0,1,1
37,82406,1,1,1
37,82410,1,1,1
37,82414,0,1,1
37,82418,0,1,1
37,82422,1,1,1
37,82426,1,1,1
37,82430,0,1,1
37,82434,0,1,1
37,82438,1,1,1
37,82442,1,1,1
37,82446,0,1,1
37,82450,0,1,1
37,82454,1,1,1
37,82458,1,1,1
37,82462,0,1,1
37,82466,0,1,1
37,82470,1,1,1
37,82474,1,1,1
37,82478,0,1,1
37,82482,0,1,1
37,82486,1,1,1
37,82490,1,1,1
37,82494,0,1,1
37,82498,0,1,1
37,82502,1,1,1
37,82506,1,1,1
37,82514,0,1,1
37,82518,1,1,1
37,82522,1,1,1
37,82526,0,1,1
37,82530,0,1,1
37,82534,1,1,1
37,82538,1,1,1
37,82542,0,1,1
37,82546,0,1,1
37,82550,1,1,1
37,82554,1,1,1
37,82558,0,1,1
37,82562,0,1,1
37,82566,0,1,1
37,82570,1,1,1
37,82574,0,1,1
37,82578,0,1,1
37,82582,1,1,1
37,82586,1,1,1
37,82590,0,1,1
37,82594,0,1,1
37,82598,1,1,1
37,82602,1,1,1
37,82606,0,1,1
37,82610,0,1,1
37,82614,1,1,1
37,82618,1,1,1
37,82622,0,1,1
37,82626,0,1,1
37,82630,1,1,1
37,82634,1,1,1
37,82638,0,1,1
37,82642,0,1,1
37,82646,1,1,1
37,82650,1,1,1
37,82654,0,1,1
37,82662,1,1,1
37,82666,1,1,1
37,82670,0,1,1
37,82674,0,1,1
37,82678,1,1,1
37,82682,1,1,1
37,82686,0,1,1
37,82690,0,1,1
37,82694,1,1,1
37,82698,1,1,1
37,82702,0,1,1
37,82706,0,1,1
37,82710,1,1,1
37,82714,1,1,1
37,82718,0,1,1
37,82722,0,0,0
37,82726,1,1,1
37,82730,1,1,1
37,82734,0,1,1
37,82738,0,1,1
37,82742,1,1,1
37,82746,1,1,1
37,82750,0,1,1
37,82754,0,1,1
37,82758,1,1,1
37,82762,1,1,1
37,82766,0,1,1
37,82770,0,1,1
37,82774,1,1,1
37,82778,1,1,1
37,82782,0,1,1
37,82786,0,1,1
37,82790,1,1,1
37,82794,1,1,1
37,82798,0,1,1
37,82802,0,1,1
37,82810,1,1,1
37,82814,0,1,1
37,82818,0,1,1
37,82822,1,1,1
37,82826,1,1,1
37,82830,0,1,1
37,82834,0,1,1
37,82838,1,1,1
37,82842,1,1,1
37,82846,0,1,1
37,82850,0,1,1
37,82854,1,1,1
37,82858,1,1,1
37,82862,0,1,1
37,82866,0,1,1
37,82870,1,1,1
37,82874,1,1,1
37,82878,0,1,1
37,82882,0,1,1
37,82886,1,1,1
37,82890,1,1,1
37,82894,0,1,1
37,82898,0,1,1
37,82902,1,1,1
37,82906,1,1,1
37,82910,0,1,1
37,82914,0,1,1
37,82918,1,1,1
37,82922,1,1,1
37,82926,0,1,1
37,82930,0,1,1
37,82934,1,1,1
37,82938,1,1,1
37,82942,0,1,1
37,82946,0,1,1
37,82950,1,1,1
37,82958,0,1,1
37,82962,0,1,1
37,82966,1,1,1
37,82970,1,1,1
37,82974,0,1,1
37,82978,0,1,1
37,82982,1,1,1
37,82986,1,1,1
37,82990,0,1,1
37,82994,0,1,1
37,82998,1,1,1
37,83002,1,1,1
37,83006,0,1,1
37,83010,0,1,1
37,83014,1,1,1
37,83018,1,1,1
37,83022,0,1,1
37,83026,0,1,1
37,83030,1,1,1
37,83034,1,1,1
37,83038,0,1,1
37,83042,0,1,1
37,83046,1,1,1
37,83050,1,1,1
37,83054,0,1,1
37,83058,0,1,1
37,83062,1,1,1
37,83066,1,1,1
37,83070,0,1,1
37,83074,0,1,1
37,83078,1,1,1
37,83082,1,1,1
37,83086,0,1,1
37,83090,0,1,1
37,83094,1,1,1
37,83098,1,1,1
37,83106,0,1,1
37,83110,1,1,1
37,83114,1,1,1
37,83118,0,1,1
37,83122,0,1,1
37,83126,1,1,1
37,83130,1,1,1
37,83134,0,1,1
37,83138,0,1,1
37,83142,1,1,1
37,83146,1,1,1
37,83150,0,1,1
37,83154,0,1,1
37,83158,1,1,1
37,83162,1,1,1
37,83166,0,1,1
37,83170,0,1,1
37,83174,1,1,1
37,83178,1,1,1
37,83182,0,1,1
37,83186,0,1,1
37,83190,1,1,1
37,83194,1,1,1
37,83198,0,1,1
37,83202,0,1,1
37,83206,1,1,1
37,83210,1,1,1
37,83214,0,1,1
37,83218,0,1,1
37,83222,1,1,1
37,83226,1,1,1
37,83230,0,1,1
37,83234,0,1,1
37,83238,1,1,1
37,83242,1,1,1
37,83246,0,1,1
37,83254,1,1,1
37,83258,1,1,1
37,83262,0,1,1
37,83266,0,1,1
37,83270,1,1,1
37,83274,1,1,1
37,83278,0,1,1
37,83282,0,1,1
37,83286,1,1,1
37,83290,1,1,1
37,83294,0,1,1
37,83298,0,1,1
37,83302,1,1,1
37,83306,1,1,1
37,83310,0,1,1
37,83314,0,1,1
37,83318,1,1,1
37,83322,1,1,1
37,83326,0,1,1
37,83330,0,1,1
37,83334,1,1,1
37,83338,1,1,1
37,83342,0,1,1
37,83346,0,1,1
37,83350,1,1,1
37,83354,1,1,1
37,83358,0,1,1
37,83362,0,1,1
37,83366,1,1,1
37,83370,1,1,1
37,83374,0,1,1
37,83378,0,1,1
37,83382,1,1,1
37,83386,1,1,1
37,83390,0,1,1
37,83394,0,1,1
37,83402,1,1,1
37,83406,0,1,1
37,83410,0,1,1
37,83414,1,1,1
37,83418,1,1,1
37,83422,0,1,1
37,83426,0,1,1
37,83430,1,1,1
37,83434,1,1,1
37,83438,0,1,1
37,83442,0,0,0
37,83446,1,1,1
37,83450,1,1,1
37,83454,0,1,1
37,83458,0,1,1
37,83462,1,1,1
37,83466,1,1,1
37,83470,0,1,1
37,83474,0,1,1
37,83478,1,1,1
37,83482,1,1,1
37,83486,0,1,1
37,83490,0,1,1
37,83494,1,1,1
37,83498,1,1,1
37,83502,0,1,1
37,83506,0,1,1
37,83510,1,1,1
37,83514,1,1,1
37,83518,0,1,1
37,83522,0,1,1
37,83526,1,1,1
37,83530,1,1,1
37,83534,0,1,1
37,83538,0,1,1
37,83542,1,1,1
37,83550,0,1,1
37,83554,0,1,1
37,83558,1,1,1
37,83562,1,1,1
37,83566,0,1,1
37,83570,0,1,1
37,83574,1,1,1
37,83578,1,1,1
37,83582,0,1,1
37,83586,0,1,1
37,83590,1,1,1
37,83594,1,1,1
37,83598,0,1,1
37,83602,0,1,1
37,83606,1,1,1
37,83610,1,1,1
37,83614,0,1,1
37,83618,0,1,1
37,83622,1,1,1
37,83626,1,1,1
37,83630,0,1,1
37,83634,0,1,1
37,83638,1,1,1
37,83642,1,1,1
37,83646,0,1,1
37,83650,0,1,1
37,83654,1,1,1
37,83658,1,1,1
37,83662,0,1,1
37,83666,0,1,1
37,83670,1,1,1
37,83674,1,1,1
37,83678,0,1,1
37,83682,0,1,1
37,83686,1,0,1
37,83690,1,1,1
37,83698,0,1,1
37,83702,1,1,1
37,83706,1,1,1
37,83710,0,1,1
37,83714,0,1,1
37,83718,1,1,1
37,83722,1,1,1
37,83726,0,1,1
37,83730,0,1,1
37,83734,1,1,1
37,83738,1,1,1
37,83742,0,1,1
37,83746,0,0,0
37,83750,1,1,1
37,83754,1,1,1
37,83758,0,1,1
37,83762,0,1,1
37,83766,1,1,1
37,83770,1,1,1
37,83774,0,1,1
37,83778,0,1,1
37,83782,1,0,1
37,83786,1,1,1
37,83790,0,1,1
37,83794,0,1,1
37,83798,1,1,1
37,83802,1,1,1
37,83806,0,1,1
37,83810,0,1,1
37,83814,1,1,1
37,83818,1,1,1
37,83822,0,1,1
37,83826,0,1,1
37,83830,1,1,1
37,83834,1,1,1
37,83838,0,1,1
37,83846,1,1,1
37,83850,1,1,1
37,83854,0,1,1
37,83858,0,1,1
37,83862,1,1,1
37,83866,1,1,1
37,83870,0,1,1
37,83874,0,1,1
37,83878,1,1,1
37,83882,1,1,1
37,83886,0,1,1
37,83890,0,1,1
37,83894,1,1,1
37,83898,1,1,1
37,83902,0,1,1
37,83906,0,1,1
37,83910,1,1,1
37,83914,1,1,1
37,83918,0,1,1
37,83922,0,1,1
37,83926,1,1,1
37,83930,1,1,1
37,83934,0,1,1
37,83938,0,1,1
37,83942,1,1,1
37,83946,1,1,1
37,83950,0,1,1
37,83954,0,1,1
37,83958,1,1,1
37,83962,1,1,1
37,83966,0,1,1
37,83970,0,1,1
37,83974,1,1,1
37,83978,1,1,1
37,83982,0,1,1
37,83986,0,1,1
37,83994,1,1,1
37,83998,0,1,1
37,84002,0,1,1
37,84006,1,1,1
37,84010,1,1,1
37,84014,0,1,1
37,84018,0,1,1
37,84022,1,1,1
37,84026,1,1,1
37,84030,0,1,1
37,84034,0,1,1
37,84038,1,1,1
37,84042,1,1,1
37,84046,0,1,1
37,84050,0,1,1
37,84054,1,1,1
37,84058,1,1,1
37,84062,0,1,1
37,84066,0,1,1
37,84070,1,1,1
37,84074,1,1,1
37,84078,0,1,1
37,84082,0,1,1
37,84086,1,1,1
37,84090,1,1,1
37,84094,0,1,1
37,84098,0,1,1
37,84102,1,1,1
37,84106,1,1,1
37,84110,0,1,1
37,84114,0,1,1
37,84118,1,1,1
37,84122,1,1,1
37,84126,0,1,1
37,84130,0,1,1
37,84134,1,1,1
37,84142,0,1,1
37,84146,0,1,1
37,84150,1,1,1
37,84154,1,1,1
37,84158,0,1,1
37,84162,0,1,1
37,84166,1,1,1
37,84170,1,1,1
37,84174,0,1,1
37,84178,0,1,1
37,84182,1,1,1
37,84186,1,1,1
37,84190,0,1,1
37,84194,0,1,1
37,84198,1,1,1
37,84202,1,1,1
37,84206,0,1,1
37,84210,0,1,1
37,84214,1,1,1
37,84218,1,1,1
37,84222,0,1,1
37,84226,0,1,1
37,84230,1,1,1
37,84234,1,1,1
37,84238,0,1,1
37,84242,0,1,1
37,84246,1,1,1
37,84250,1,1,1
37,84254,0,1,1
37,84258,0,1,1
37,84262,1,1,1
37,84266,1,1,1
37,84270,0,0,0
37,84274,0,1,1
37,84278,1,1,1
37,84282,1,1,1
37,84290,0,1,1
37,84294,1,1,1
37,84298,1,1,1
37,84302,0,1,1
37,84306,0,1,1
37,84310,1,1,1
37,84314,1,1,1
37,84318,0,1,1
37,84322,0,1,1
37,84326,1,1,1
37,84330,1,1,1
37,84334,0,1,1
37,84338,0,0,0
37,84342,1,1,1
37,84346,1,1,1
37,84350,0,1,1
37,84354,0,1,1
37,84358,1,1,1
37,84362,1,1,1
37,84366,0,1,1
37,84370,0,1,1
37,84374,1,1,1
37,84378,1,1,1
37,84382,0,1,1
37,84386,0,1,1
37,84390,1,1,1
37,84394,1,1,1
37,84398,0,1,1
37,84402,0,1,1
37,84406,1,1,1
37,84410,1,1,1
37,84414,0,1,1
37,84418,0,1,1
37,84422,1,1,1
37,84426,1,1,1
37,84430,0,1,1
37,84438,1,1,1
37,84442,1,1,1
37,84446,0,1,1
37,84450,0,1,1
37,84454,1,1,1
37,84458,1,1,1
37,84462,0,1,1
37,84466,0,1,1
37,84470,1,1,1
37,84474,1,1,1
37,84478,0,1,1
37,84482,0,1,1
37,84486,1,1,1
37,84490,1,1,1
37,84494,0,1,1
37,84498,0,1,1
37,84502,1,1,1
37,84506,1,1,1
37,84510,0,1,1
37,84514,0,1,1
37,84518,1,1,1
37,84522,1,1,1
37,84526,0,1,1
37,84530,0,1,1
37,84534,1,1,1
37,84538,1,1,1
37,84542,0,1,1
37,84546,0,1,1
37,84550,1,1,1
37,84554,1,1,1
37,84558,0,1,1
37,84562,0,1,1
37,84566,1,1,1
37,84570,1,1,1
37,84574,0,1,1
37,84578,0,1,1
37,84586,1,1,1
37,84590,0,1,1
37,84594,0,1,1
37,84598,1,1,1
37,84602,1,1,1
37,84606,0,1,1
37,84610,0,1,1
37,84614,1,1,1
37,84618,1,1,1
37,84622,0,1,1
37,84626,0,1,1
37,84630,1,1,1
37,84634,1,1,1
37,84638,0,1,1
37,84642,0,1,1
37,84646,1,1,1
37,84650,1,1,1
37,84654,0,1,1
37,84658,0,1,1
37,84662,1,0,1
37,84666,1,1,1
37,84670,0,1,1
37,84674,0,1,1
37,84678,1,1,1
37,84682,1,1,1
37,84686,0,1,1
37,84690,0,1,1
37,84694,1,1,1
37,84698,1,1,1
37,84702,0,1,1
37,84706,0,1,1
37,84710,1,1,1
37,84714,1,1,1
37,84718,0,1,1
37,84722,0,1,1
37,84726,1,1,1
37,84734,0,1,1
37,84738,0,1,1
37,84742,1,1,1
37,84746,1,1,1
37,84750,0,1,1
37,84754,0,1,1
37,84758,1,1,1
37,84762,1,1,1
37,84766,0,1,1
37,84770,0,1,1
37,84774,1,1,1
37,84778,1,1,1
37,84782,0,1,1
37,84786,0,1,1
37,84790,1,1,1
37,84794,1,1,1
37,84798,0,1,1
37,84802,0,1,1
37,84806,1,1,1
37,84810,1,1,1
37,84814,0,1,1
37,84818,0,1,1
37,84822,1,1,1
37,84826,1,1,1
37,84830,0,0,0
37,84834,0,1,1
37,84838,1,1,1
37,84842,1,1,1
37,84846,0,1,1
37,84850,0,1,1
37,84854,1,1,1
37,84858,1,0,1
37,84862,0,1,1
37,84866,0,1,1
37,84870,1,1,1
37,84874,1,1,1
37,84882,0,1,1
37,84886,1,1,1
37,84890,1,1,1
37,84894,0,1,1
37,84898,0,1,1
37,84902,1,1,1
37,84906,1,1,1
37,84910,0,1,1
37,84914,0,1,1
37,84918,1,1,1
37,84922,1,1,1
37,84926,0,1,1
37,84930,0,1,1
37,84934,1,1,1
37,84938,1,1,1
37,84942,0,1,1
37,84946,0,1,1
37,84950,1,1,1
37,84954,1,1,1
37,84958,0,1,1
37,84962,0,1,1
37,84966,1,1,1
37,84970,1,1,1
37,84974,0,1,1
37,84978,0,1,1
37,84982,1,1,1
37,84986,1,1,1
37,84990,0,1,1
37,84994,0,1,1
37,84998,1,1,1
37,85002,1,1,1
37,85006,0,1,1
37,85010,0,1,1
37,85014,1,1,1
37,85018,1,1,1
37,85022,0,1,1
37,85030,1,1,1
37,85034,1,1,1
37,85038,0,1,1
37,85042,0,1,1
37,85046,1,1,1
37,85050,1,1,1
37,85054,0,0,0
37,85058,0,1,1
37,85062,1,1,1
37,85066,1,1,1
37,85070,0,1,1
37,85074,0,1,1
37,85078,1,1,1
37,85082,1,1,1
37,85086,0,1,1
37,85090,0,1,1
37,85094,1,1,1
37,85098,1,1,1
37,85102,0,1,1
37,85106,0,1,1
37,85110,1,1,1
37,85114,1,1,1
37,85118,0,1,1
37,85122,0,1,1
37,85126,1,1,1
37,85130,1,1,1
37,85134,0,1,1
37,85138,0,1,1
37,85142,1,1,1
37,85146,1,1,1
37,85150,0,1,1
37,85154,0,1,1
37,85158,1,1,1
37,85162,1,1,1
37,85166,0,1,1
37,85170,0,1,1
37,85178,1,1,1
37,85182,0,1,1
37,85186,0,1,1
37,85190,1,1,1
37,85194,1,1,1
37,85198,0,1,1
37,85202,0,1,1
37,85206,1,1,1
37,85210,1,1,1
37,85214,0,1,1
37,85218,0,1,1
37,85222,1,1,1
37,85226,1,1,1
37,85230,0,1,1
37,85234,0,1,1
37,85238,1,1,1
37,85242,0,1,1
37,85246,0,1,1
37,85250,0,1,1
37,85254,1,1,1
37,85258,1,1,1
37,85262,0,1,1
37,85266,0,1,1
37,85270,1,1,1
37,85274,1,1,1
37,85278,0,1,1
37,85282,0,1,1
37,85286,1,1,1
37,85290,1,1,1
37,85294,0,1,1
37,85298,0,0,0
37,85302,1,1,1
37,85306,1,1,1
37,85310,0,1,1
37,85314,0,1,1
37,85318,1,1,1
37,85326,0,1,1
37,85330,0,1,1
37,85334,1,1,1
37,85338,0,1,1
37,85342,0,1,1
37,85346,0,1,1
37,85350,1,1,1
37,85354,1,1,1
37,85358,0,1,1
37,85362,0,1,1
37,85366,1,1,1
37,85370,1,1,1
37,85374,0,1,1
37,85378,0,1,1
37,85382,1,1,1
37,85386,1,1,1
37,85390,0,1,1
37,85394,0,1,1
37,85398,1,1,1
37,85402,1,1,1
37,85406,0,1,1
37,85410,0,1,1
37,85414,1,1,1
37,85418,1,1,1
37,85422,0,1,1
37,85426,0,1,1
37,85430,1,1,1
37,85434,1,1,1
37,85438,0,0,0
37,85442,0,1,1
37,85446,1,1,1
37,85450,1,1,1
37,85454,0,1,1
37,85458,0,1,1
37,85462,1,1,1
37,85466,1,1,1
37,85474,0,1,1
37,85478,1,1,1
37,85482,1,1,1
37,85486,0,1,1
37,85490,0,1,1
37,85494,1,1,1
37,85498,1,1,1
37,85502,0,1,1
37,85506,0,1,1
37,85510,1,1,1
37,85514,1,1,1
37,85518,0,1,1
37,85522,0,1,1
37,85526,1,1,1
37,85530,1,1,1
37,85534,0,1,1
37,85538,0,1,1
37,85542,1,1,1
37,85546,1,1,1
37,85550,0,1,1
37,85554,0,1,1
37,85558,1,1,1
37,85562,1,1,1
37,85566,0,1,1
37,85570,0,1,1
37,85574,1,1,1
37,85578,1,1,1
37,85582,0,1,1
37,85586,0,1,1
37,85590,1,1,1
37,85594,1,1,1
37,85598,0,1,1
37,85602,0,0,0
37,85606,1,1,1
37,85610,1,1,1
37,85614,0,1,1
37,85622,1,1,1
37,85626,1,1,1
37,85630,0,1,1
37,85634,0,1,1
37,85638,1,1,1
37,85642,1,1,1
37,85646,0,1,1
37,85650,0,1,1
37,85654,1,1,1
37,85658,1,1,1
37,85662,0,1,1
37,85666,0,1,1
37,85670,1,1,1
37,85674,1,1,1
37,85678,0,1,1
37,85682,0,1,1
37,85686,1,1,1
37,85690,1,1,1
37,85694,0,1,1
37,85698,0,1,1
37,85702,1,1,1
37,85706,1,1,1
37,85710,0,1,1
37,85714,0,1,1
37,85718,1,1,1
37,85722,1,1,1
37,85726,0,1,1
37,85730,0,1,1
37,85734,0,1,1
37,85738,1,1,1
37,85742,0,1,1
37,85746,0,1,1
37,85750,1,1,1
37,85754,1,1,1
37,85758,0,1,1
37,85762,0,1,1
37,85770,1,1,1
37,85774,0,1,1
37,85778,0,1,1
37,85782,1,1,1
37,85786,1,1,1
37,85790,0,1,1
37,85794,0,1,1
37,85798,1,1,1
37,85802,1,1,1
37,85806,0,1,1
37,85810,0,1,1
37,85814,1,1,1
37,85818,1,1,1
37,85822,0,1,1
37,85826,0,1,1
37,85830,1,1,1
37,85834,1,1,1
37,85838,0,1,1
37,85842,0,1,1
37,85846,1,1,1
37,85850,1,1,1
37,85854,0,1,1
37,85858,0,1,1
37,85862,1,1,1
37,85866,1,1,1
37,85870,0,1,1
37,85874,0,1,1
37,85878,1,1,1
37,85882,1,1,1
37,85886,0,1,1
37,85890,0,1,1
37,85894,1,1,1
37,85898,1,1,1
37,85902,0,1,1
37,85906,0,1,1
37,85910,1,1,1
37,85918,0,1,1
37,85922,0,1,1
37,85926,1,1,1
37,85930,1,1,1
37,85934,0,1,1
37,85938,0,1,1
37,85942,1,1,1
37,85946,1,1,1
37,85950,0,1,1
37,85954,0,1,1
37,85958,1,1,1
37,85962,1,1,1
37,85966,0,1,1
37,85970,0,1,1
37,85974,1,1,1
37,85978,1,1,1
37,85982,0,1,1
37,85986,0,1,1
37,85990,1,1,1
37,85994,1,1,1
37,85998,0,1,1
37,86002,0,1,1
37,86006,1,1,1
37,86010,1,1,1
37,86014,0,1,1
37,86018,0,1,1
37,86022,1,1,1
37,86026,1,1,1
37,86030,0,1,1
37,86034,0,1,1
37,86038,1,1,1
37,86042,1,1,1
37,86046,0,1,1
37,86050,0,1,1
37,86054,1,1,1
37,86058,1,1,1
37,86066,0,1,1
37,86070,1,1,1
37,86074,1,1,1
37,86078,0,1,1
37,86082,0,0,0
37,86086,1,1,1
37,86090,1,1,1
37,86094,0,1,1
37,86098,0,1,1
37,86102,1,1,1
37,86106,1,1,1
37,86110,0,1,1
37,86114,0,1,1
37,86118,0,1,1
37,86122,1,1,1
37,86126,0,1,1
37,86130,0,1,1
37,86134,1,1,1
37,86138,1,1,1
37,86142,0,1,1
37,86146,0,1,1
37,86150,1,1,1
37,86154,1,1,1
37,86158,0,1,1
37,86162,0,1,1
37,86166,1,1,1
37,86170,1,1,1
37,86174,0,1,1
37,86178,0,1,1
37,86182,1,1,1
37,86186,1,1,1
37,86190,0,1,1
37,86194,0,1,1
37,86198,1,1,1
37,86202,1,1,1
37,86206,0,1,1
37,86214,1,1,1
37,86218,1,1,1
37,86222,0,1,1
37,86226,0,1,1
37,86230,1,1,1
37,86234,1,1,1
37,86238,0,1,1
37,86242,0,1,1
37,86246,1,1,1
37,86250,1,1,1
37,86254,0,1,1
37,86258,0,1,1
37,86262,1,1,1
37,86266,1,1,1
37,86270,0,1,1
37,86274,0,1,1
37,86278,1,1,1
37,86282,1,1,1
37,86286,0,1,1
37,86290,0,1,1
37,86294,1,1,1
37,86298,1,0,1
37,86302,0,1,1
37,86306,0,1,1
37,86310,1,1,1
37,86314,1,1,1
37,86318,0,1,1
37,86322,0,1,1
37,86326,1,1,1
37,86330,1,1,1
37,86334,0,1,1
37,86338,0,1,1
37,86342,1,1,1
37,86346,1,1,1
37,86350,0,1,1
37,86354,0,1,1
37,86362,1,1,1
37,86366,0,1,1
37,86370,0,1,1
37,86374,1,1,1
37,86378,1,1,1
37,86382,0,1,1
37,86386,0,1,1
37,86390,1,1,1
37,86394,1,1,1
37,86398,0,1,1
37,86402,0,1,1
37,86406,1,1,1
37,86410,1,1,1
37,86414,0,1,1
37,86418,0,1,1
37,86422,1,1,1
37,86426,1,1,1
37,86430,0,1,1
37,86434,0,1,1
37,86438,1,1,1
37,86442,1,1,1
37,86446,0,0,0
37,86450,0,1,1
37,86454,1,1,1
37,86458,1,1,1
37,86462,0,1,1
37,86466,0,1,1
37,86470,1,1,1
37,86474,1,1,1
37,86478,0,1,1
37,86482,0,1,1
37,86486,1,1,1
37,86490,1,1,1
37,86494,0,1,1
37,86498,0,1,1
37,86502,1,1,1
37,86510,0,1,1
37,86514,0,1,1
37,86518,1,1,1
37,86522,1,1,1
37,86526,0,1,1
37,86530,0,1,1
37,86534,1,1,1
37,86538,1,1,1
37,86542,0,1,1
37,86546,0,1,1
37,86550,1,1,1
37,86554,1,1,1
37,86558,0,1,1
37,86562,0,1,1
37,86566,1,1,1
37,86570,1,1,1
37,86574,0,1,1
37,86578,0,1,1
37,86582,1,1,1
37,86586,1,1,1
37,86590,0,1,1
37,86594,0,1,1
37,86598,1,1,1
37,86602,1,1,1
37,86606,0,1,1
37,86610,0,1,1
37,86614,1,1,1
37,86618,1,1,1
37,86622,0,1,1
37,86626,0,1,1
37,86630,1,1,1
37,86634,1,1,1
37,86638,0,1,1
37,86642,0,1,1
37,86646,1,1,1
37,86650,1,1,1
37,86658,0,1,1
37,86662,1,1,1
37,86666,1,1,1
37,86670,0,1,1
37,86674,0,1,1
37,86678,1,1,1
37,86682,1,1,1
37,86686,0,1,1
37,86690,0,1,1
37,86694,1,1,1
37,86698,1,1,1
37,86702,0,1,1
37,86706,0,1,1
37,86710,1,1,1
37,86714,1,1,1
37,86718,0,1,1
37,86722,0,1,1
37,86726,1,0,1
37,86730,1,1,1
37,86734,0,1,1
37,86738,0,1,1
37,86742,1,1,1
37,86746,1,1,1
37,86750,0,1,1
37,86754,0,1,1
37,86758,1,1,1
37,86762,1,1,1
37,86766,0,1,1
37,86770,0,1,1
37,86774,1,1,1
37,86778,1,1,1
37,86782,0,1,1
37,86786,0,1,1
37,86790,1,1,1
37,86794,1,1,1
37,86798,0,1,1
37,86806,1,1,1
37,86810,1,1,1
37,86814,0,1,1
37,86818,0,1,1
37,86822,1,1,1
37,86826,1,1,1
37,86830,0,1,1
37,86834,0,1,1
37,86838,1,1,1
37,86842,1,1,1
37,86846,0,1,1
37,86850,0,1,1
37,86854,1,1,1
37,86858,1,1,1
37,86862,0,1,1
37,86866,0,1,1
37,86870,1,1,1
37,86874,1,1,1
37,86878,0,1,1
37,86882,0,1,1
37,86886,1,1,1
37,86890,1,1,1
37,86894,0,1,1
37,86898,0,1,1
37,86902,1,1,1
37,86906,1,1,1
37,86910,0,1,1
37,86914,0,1,1
37,86918,1,1,1
37,86922,1,1,1
37,86926,0,1,1
37,86930,0,1,1
37,86934,1,1,1
37,86938,1,1,1
37,86942,0,1,1
37,86946,0,1,1
37,86954,1,1,1
37,86958,0,1,1
37,86962,0,1,1
37,86966,1,1,1
37,86970,1,1,1
37,86974,0,1,1
37,86978,0,1,1
37,86982,1,1,1
37,86986,1,1,1
37,86990,0,1,1
37,86994,0,1,1
37,86998,1,1,1
37,87002,1,1,1
37,87006,0,1,1
37,87010,0,1,1
37,87014,1,1,1
37,87018,1,1,1
37,87022,0,1,1
37,87026,0,1,1
37,87030,1,1,1
37,87034,1,1,1
37,87038,0,0,0
37,87042,0,1,1
37,87046,1,1,1
37,87050,1,1,1
37,87054,0,1,1
37,87058,0,1,1
37,87062,1,1,1
37,87066,1,1,1
37,87070,0,1,1
37,87074,0,1,1
37,87078,1,1,1
37,87082,1,1,1
37,87086,0,1,1
37,87090,0,1,1
37,87094,1,1,1
37,87102,0,0,0
37,87106,0,1,1
37,87110,1,1,1
37,87114,1,1,1
37,87118,0,1,1
37,87122,0,1,1
37,87126,1,1,1
37,87130,1,1,1
37,87134,0,1,1
37,87138,0,1,1
37,87142,1,1,1
37,87146,1,1,1
37,87150,0,1,1
37,87154,0,1,1
37,87158,1,1,1
37,87162,1,1,1
37,87166,0,1,1
37,87170,0,1,1
37,87174,1,1,1
37,87178,1,1,1
37,87182,0,1,1
37,87186,0,1,1
37,87190,1,1,1
37,87194,1,1,1
37,87198,0,1,1
37,87202,0,1,1
37,87206,1,1,1
37,87210,1,1,1
37,87214,0,1,1
37,87218,0,1,1
37,87222,1,1,1
37,87226,1,1,1
37,87230,0,1,1
37,87234,0,1,1
37,87238,1,1,1
37,87242,1,1,1
37,87250,0,1,1
37,87254,1,1,1
37,87258,1,1,1
37,87262,0,1,1
37,87266,0,1,1
37,87270,1,1,1
37,87274,1,1,1
37,87278,0,1,1
37,87282,0,1,1
37,87286,1,1,1
37,87290,1,1,1
37,87294,0,0,0
37,87298,0,1,1
37,87302,1,1,1
37,87306,1,1,1
37,87310,0,1,1
37,87314,0,1,1
37,87318,1,0,1
37,87322,1,1,1
37,87326,0,1,1
37,87330,0,1,1
37,87334,1,1,1
37,87338,1,1,1
37,87342,0,1,1
37,87346,0,1,1
37,87350,1,1,1
37,87354,1,1,1
37,87358,0,1,1
37,87362,0,1,1
37,87366,1,1,1
37,87370,1,1,1
37,87374,0,0,0
37,87378,0,1,1
37,87382,1,1,1
37,87386,1,0,1
37,87390,0,1,1
37,87398,1,0,1
37,87402,1,1,1
37,87406,0,1,1
37,87410,0,1,1
37,87414,1,1,1
37,87418,1,1,1
37,87422,0,0,0
37,87426,0,1,1
37,87430,1,1,1
37,87434,1,1,1
37,87438,0,1,1
37,87442,0,1,1
37,87446,1,1,1
37,87450,1,1,1
37,87454,0,1,1
37,87458,0,1,1
37,87462,0,0,0
37,87466,1,1,1
37,87470,0,1,1
37,87474,0,1,1
37,87478,1,1,1
37,87482,1,1,1
37,87486,0,1,1
37,87490,0,1,1
37,87494,1,1,1
37,87498,1,1,1
37,87502,0,1,1
37,87506,0,1,1
37,87510,1,1,1
37,87514,1,1,1
37,87518,0,1,1
37,87522,0,1,1
37,87526,1,1,1
37,87530,1,1,1
37,87534,0,1,1
37,87538,0,1,1
37,87546,1,1,1
37,87550,0,1,1
37,87554,0,1,1
37,87558,1,1,1
37,87562,1,1,1
37,87566,0,1,1
37,87570,0,1,1
37,87574,1,1,1
37,87578,1,1,1
37,87582,0,1,1
37,87586,0,1,1
37,87590,1,1,1
37,87594,1,1,1
37,87598,0,1,1
37,87602,0,1,1
37,87606,1,1,1
37,87610,1,1,1
37,87614,0,1,1
37,87618,0,1,1
37,87622,1,1,1
37,87626,1,1,1
37,87630,0,1,1
37,87634,0,1,1
37,87638,1,1,1
37,87642,1,1,1
37,87646,0,1,1
37,87650,0,1,1
37,87654,1,1,1
37,87658,1,1,1
37,87662,0,1,1
37,87666,0,1,1
37,87670,1,1,1
37,87674,1,1,1
37,87678,0,1,1
37,87682,0,1,1
37,87686,1,1,1
37,87694,0,1,1
37,87698,0,1,1
37,87702,1,1,1
37,87706,1,1,1
37,87710,0,1,1
37,87714,0,1,1
37,87718,1,1,1
37,87722,1,1,1
37,87726,0,1,1
37,87730,0,1,1
37,87734,1,1,1
37,87738,1,1,1
37,87742,0,1,1
37,87746,0,1,1
37,87750,1,1,1
37,87754,1,1,1
37,87758,0,1,1
37,87762,0,1,1
37,87766,1,1,1
37,87770,1,1,1
37,87774,0,1,1
37,87778,0,1,1
37,87782,1,1,1
37,87786,1,1,1
37,87790,0,1,1
37,87794,0,1,1
37,87798,1,1,1
37,87802,1,1,1
37,87806,0,1,1
37,87810,0,1,1
37,87814,1,1,1
37,87818,1,1,1
37,87822,0,1,1
37,87826,0,1,1
37,87830,1,1,1
37,87834,1,1,1
37,87842,0,1,1
37,87846,1,1,1
37,87850,1,1,1
37,87854,0,1,1
37,87858,0,1,1
37,87862,1,0,1
37,87866,1,1,1
37,87870,0,1,1
37,87874,0,1,1
37,87878,1,1,1
37,87882,1,1,1
37,87886,0,1,1
37,87890,0,1,1
37,87894,1,1,1
37,87898,1,1,1
37,87902,0,1,1
37,87906,0,1,1
37,87910,1,1,1
37,87914,1,1,1
37,87918,0,1,1
37,87922,0,0,0
37,87926,1,1,1
37,87930,1,1,1
37,87934,0,0,0
37,87938,0,1,1
37,87942,1,1,1
37,87946,1,1,1
37,87950,0,1,1
37,87954,0,1,1
37,87958,1,1,1
37,87962,1,0,1
37,87966,0,1,1
37,87970,0,1,1
37,87974,1,1,1
37,87978,1,1,1
37,87982,0,1,1
37,87990,1,1,1
37,87994,1,1,1
37,87998,0,1,1
37,88002,0,1,1
37,88006,1,1,1
37,88010,1,1,1
37,88014,0,1,1
37,88018,0,1,1
37,88022,1,1,1
37,88026,1,1,1
37,88030,0,1,1
37,88034,0,1,1
37,88038,1,1,1
37,88042,1,1,1
37,88046,0,1,1
37,88050,0,1,1
37,88054,1,1,1
37,88058,1,1,1
37,88062,0,1,1
37,88066,0,1,1
37,88070,1,1,1
37,88074,1,1,1
37,88078,0,0,0
37,88082,0,1,1
37,88086,1,1,1
37,88090,1,1,1
37,88094,0,1,1
37,88098,0,1,1
37,88102,1,1,1
37,88106,1,1,1
37,88110,0,1,1
37,88114,0,1,1
37,88118,1,1,1
37,88122,1,1,1
37,88126,0,1,1
37,88130,0,1,1
37,88138,1,1,1
37,88142,0,1,1
37,88146,0,1,1
37,88150,1,1,1
37,88154,1,1,1
37,88158,0,1,1
37,88162,0,1,1
37,88166,1,1,1
37,88170,1,1,1
37,88174,0,1,1
37,88178,0,1,1
37,88182,1,1,1
37,88186,1,1,1
37,88190,0,1,1
37,88194,0,1,1
37,88198,1,1,1
37,88202,1,1,1
37,88206,0,1,1
37,88210,0,1,1
37,88214,1,1,1
37,88218,1,1,1
37,88222,0,1,1
37,88226,0,1,1
37,88230,1,1,1
37,88234,1,1,1
37,88238,0,1,1
37,88242,0,1,1
37,88246,1,1,1
37,88250,1,1,1
37,88254,0,1,1
37,88258,0,1,1
37,88262,1,1,1
37,88266,1,1,1
37,88270,0,1,1
37,88274,0,1,1
37,88278,1,1,1
37,88286,0,1,1
37,88290,0,1,1
37,88294,1,1,1
37,88298,1,1,1
37,88302,0,1,1
37,88306,0,1,1
37,88310,1,1,1
37,88314,1,1,1
37,88318,0,1,1
37,88322,0,1,1
37,88326,1,0,1
37,88330,1,1,1
37,88334,0,1,1
37,88338,0,1,1
37,88342,1,1,1
37,88346,1,1,1
37,88350,0,1,1
37,88354,0,1,1
37,88358,1,1,1
37,88362,1,1,1
37,88366,0,1,1
37,88370,0,1,1
37,88374,1,1,1
37,88378,1,1,1
37,88382,0,1,1
37,88386,0,1,1
37,88390,1,1,1
37,88394,1,1,1
37,88398,0,1,1
37,88402,0,1,1
37,88406,1,1,1
37,88410,1,1,1
37,88414,0,1,1
37,88418,0,1,1
37,88422,1,1,1
37,88426,1,1,1
37,88434,0,1,1
37,88438,1,1,1
37,88442,0,1,1
37,88446,0,1,1
37,88450,0,1,1
37,88454,1,1,1
37,88458,1,1,1
37,88462,0,1,1
37,88466,0,1,1
37,88470,1,1,1
37,88474,1,1,1
37,88478,0,1,1
37,88482,0,1,1
37,88486,1,1,1
37,88490,1,1,1
37,88494,0,1,1
37,88498,0,1,1
37,88502,1,1,1
37,88506,1,1,1
37,88510,0,1,1
37,88514,0,1,1
37,88518,1,1,1
37,88522,1,1,1
37,88526,0,1,1
37,88530,0,1,1
37,88534,1,1,1
37,88538,1,1,1
37,88542,0,1,1
37,88546,0,1,1
37,88550,1,1,1
37,88554,1,1,1
37,88558,0,1,1
37,88562,0,1,1
37,88566,1,1,1
37,88570,1,1,1
37,88574,0,1,1
37,88582,1,1,1
37,88586,1,1,1
37,88590,0,1,1
37,88594,0,1,1
37,88598,1,1,1
37,88602,1,1,1
37,88606,0,1,1
37,88610,0,1,1
37,88614,1,1,1
37,88618,1,1,1
37,88622,0,1,1
37,88626,0,1,1
37,88630,1,1,1
37,88634,1,1,1
37,88638,0,1,1
37,88642,0,1,1
37,88646,1,1,1
37,88650,1,1,1
37,88654,0,1,1
37,88658,0,1,1
37,88662,1,0,1
37,88666,1,1,1
37,88670,0,1,1
37,88674,0,1,1
37,88678,1,1,1
37,88682,1,1,1
37,88686,0,1,1
37,88690,0,1,1
37,88694,1,1,1
37,88698,1,1,1
37,88702,0,1,1
37,88706,0,1,1
37,88710,1,1,1
37,88714,1,1,1
37,88718,0,1,1
37,88722,0,0,0
37,88730,1,1,1
37,88734,0,1,1
37,88738,0,1,1
37,88742,1,1,1
37,88746,1,1,1
37,88750,0,1,1
37,88754,0,1,1
37,88758,1,1,1
37,88762,1,1,1
37,88766,0,1,1
37,88770,0,1,1
37,88774,1,1,1
37,88778,1,1,1
37,88782,0,1,1
37,88786,0,1,1
37,88790,1,1,1
37,88794,1,1,1
37,88798,0,1,1
37,88802,0,1,1
37,88806,1,0,1
37,88810,1,1,1
37,88814,0,1,1
37,88818,0,1,1
37,88822,1,1,1
37,88826,1,0,1
37,88830,0,1,1
37,88834,0,1,1
37,88838,1,1,1
37,88842,1,1,1
37,88846,0,1,1
37,88850,0,1,1
37,88854,1,1,1
37,88858,1,1,1
37,88862,0,1,1
37,88866,0,1,1
37,88870,1,1,1
37,88878,0,1,1
37,88882,0,1,1
37,88886,1,1,1
37,88890,0,1,1
37,88894,0,1,1
37,88898,0,1,1
37,88902,1,1,1
37,88906,1,1,1
37,88910,0,1,1
37,88914,0,1,1
37,88918,1,1,1
37,88922,1,1,1
37,88926,0,0,0
37,88930,0,1,1
37,88934,1,1,1
37,88938,1,1,1
37,88942,0,1,1
37,88946,0,1,1
37,88950,1,0,1
37,88954,1,1,1
37,88958,0,1,1
37,88962,0,1,1
37,88966,1,1,1
37,88970,1,1,1
37,88974,0,0,0
37,88978,0,1,1
37,88982,1,1,1
37,88986,1,1,1
37,88990,0,1,1
37,88994,0,1,1
37,88998,1,1,1
37,89002,1,1,1
37,89006,0,1,1
37,89010,0,1,1
37,89014,1,1,1
37,89018,1,1,1
37,89026,0,1,1
37,89030,1,1,1
37,89034,1,1,1
37,89038,0,1,1
37,89042,0,1,1
37,89046,1,1,1
37,89050,1,1,1
37,89054,0,1,1
37,89058,0,1,1
37,89062,1,1,1
37,89066,1,1,1
37,89070,0,1,1
37,89074,0,1,1
37,89078,1,1,1
37,89082,1,1,1
37,89086,0,1,1
37,89090,0,1,1
37,89094,1,0,1
37,89098,1,1,1
37,89102,0,1,1
37,89106,0,1,1
37,89110,1,1,1
37,89114,1,1,1
37,89118,0,1,1
37,89122,0,1,1
37,89126,1,1,1
37,89130,1,1,1
37,89134,0,1,1
37,89138,0,1,1
37,89142,1,1,1
37,89146,1,1,1
37,89150,0,1,1
37,89154,0,1,1
37,89158,1,1,1
37,89162,1,1,1
37,89166,0,1,1
37,89174,1,1,1
37,89178,0,1,1
37,89182,0,0,0
37,89186,0,1,1
37,89190,1,1,1
37,89194,1,1,1
37,89198,0,1,1
37,89202,0,1,1
37,89206,1,1,1
37,89210,1,1,1
37,89214,0,1,1
37,89218,0,1,1
37,89222,0,1,1
37,89226,1,1,1
37,89230,0,1,1
37,89234,0,1,1
37,89238,1,1,1
37,89242,1,1,1
37,89246,0,1,1
37,89250,0,1,1
37,89254,1,1,1
37,89258,1,1,1
37,89262,0,1,1
37,89266,0,1,1
37,89270,1,1,1
37,89274,1,1,1
37,89278,0,1,1
37,89282,0,1,1
37,89286,1,1,1
37,89290,1,1,1
37,89294,0,1,1
37,89298,0,1,1
37,89302,1,1,1
37,89306,1,1,1
37,89310,0,1,1
37,89314,0,1,1
37,89322,1,1,1
37,89326,0,1,1
37,89330,0,1,1
37,89334,1,1,1
37,89338,1,1,1
37,89342,0,1,1
37,89346,0,1,1
37,89350,1,1,1
37,89354,1,1,1
37,89358,0,1,1
37,89362,0,1,1
37,89366,1,1,1
37,89370,1,1,1
37,89374,0,1,1
37,89378,0,1,1
37,89382,1,1,1
37,89386,1,1,1
37,89390,0,1,1
37,89394,0,1,1
37,89398,1,1,1
37,89402,1,1,1
37,89406,0,1,1
37,89410,0,1,1
37,89414,1,1,1
37,89418,1,0,1
37,89422,0,1,1
37,89426,0,1,1
37,89430,1,1,1
37,89434,1,1,1
37,89438,0,1,1
37,89442,0,1,1
37,89446,1,1,1
37,89450,1,1,1
37,89454,0,1,1
37,89458,0,1,1
37,89462,1,1,1
37,89470,0,1,1
37,89474,0,1,1
37,89478,1,1,1
37,89482,1,1,1
37,89486,0,1,1
37,89490,0,1,1
37,89494,1,1,1
37,89498,1,1,1
37,89502,0,1,1
37,89506,0,1,1
37,89510,1,1,1
37,89514,1,1,1
37,89518,0,1,1
37,89522,0,1,1
37,89526,1,1,1
37,89530,1,1,1
37,89534,0,1,1
37,89538,0,1,1
37,89542,1,1,1
37,89546,1,1,1
37,89550,0,1,1
37,89554,0,1,1
37,89558,1,1,1
37,89562,0,1,1
37,89566,0,1,1
37,89570,0,1,1
37,89574,1,1,1
37,89578,1,1,1
37,89582,0,1,1
37,89586,0,1,1
37,89590,1,1,1
37,89594,1,1,1
37,89598,0,1,1
37,89602,0,1,1
37,89606,1,1,1
37,89610,1,1,1
37,89618,0,1,1
37,89622,1,1,1
37,89626,1,1,1
37,89630,0,1,1
37,89634,0,1,1
37,89638,1,1,1
37,89642,1,1,1
37,89646,0,1,1
37,89650,0,1,1
37,89654,1,1,1
37,89658,1,1,1
37,89662,0,1,1
37,89666,0,1,1
37,89670,0,1,1
37,89674,1,1,1
37,89678,0,1,1
37,89682,0,1,1
37,89686,1,1,1
37,89690,1,1,1
37,89694,0,1,1
37,89698,0,0,0
37,89702,0,1,1
37,89706,1,1,1
37,89710,0,1,1
37,89714,0,1,1
37,89718,1,1,1
37,89722,1,0,1
37,89726,0,1,1
37,89730,0,1,1
37,89734,1,1,1
37,89738,1,1,1
37,89742,0,1,1
37,89746,0,1,1
37,89750,1,1,1
37,89754,1,1,1
37,89758,0,1,1
37,89766,1,0,1
37,89770,1,1,1
37,89774,0,1,1
37,89778,0,1,1
37,89782,1,1,1
37,89786,1,1,1
37,89790,0,1,1
37,89794,0,1,1
37,89798,1,1,1
37,89802,1,1,1
37,89806,0,1,1
37,89810,0,1,1
37,89814,1,1,1
37,89818,1,1,1
37,89822,0,1,1
37,89826,0,1,1
37,89830,1,1,1
37,89834,1,1,1
37,89838,0,1,1
37,89842,0,1,1
37,89846,1,1,1
37,89850,1,1,1
37,89854,0,1,1
37,89858,0,1,1
37,89862,1,1,1
37,89866,1,1,1
37,89870,0,1,1
37,89874,0,1,1
37,89878,1,1,1
37,89882,1,1,1
37,89886,0,1,1
37,89890,0,1,1
37,89894,1,1,1
37,89898,1,1,1
37,89902,0,1,1
37,89906,0,1,1
37,89914,1,1,1
37,89918,0,1,1
37,89922,0,1,1
37,89926,0,1,1
37,89930,1,1,1
37,89934,0,1,1
37,89938,0,1,1
37,89942,1,1,1
37,89946,1,1,1
37,89950,0,1,1
37,89954,0,1,1
37,89958,1,1,1
37,89962,1,1,1
37,89966,0,1,1
37,89970,0,1,1
37,89974,1,1,1
37,89978,1,1,1
37,89982,0,0,0
37,89986,0,1,1
37,89990,1,1,1
37,89994,1,1,1
37,89998,0,1,1
37,90002,0,1,1
37,90006,1,1,1
37,90010,1,1,1
37,90014,0,1,1
37,90018,0,1,1
37,90022,1,1,1
37,90026,1,1,1
37,90030,0,1,1
37,90034,0,1,1
37,90038,1,1,1
37,90042,1,1,1
37,90046,0,1,1
37,90050,0,1,1
37,90054,1,1,1
37,90062,0,1,1
37,90066,0,0,0
37,90070,1,1,1
37,90074,1,1,1
37,90078,0,1,1
37,90082,0,1,1
37,90086,1,1,1
37,90090,1,1,1
37,90094,0,1,1
37,90098,0,1,1
37,90102,1,1,1
37,90106,1,1,1
37,90110,0,1,1
37,90114,0,0,0
37,90118,1,1,1
37,90122,1,1,1
37,90126,0,1,1
37,90130,0,1,1
37,90134,1,1,1
37,90138,0,1,1
37,90142,0,1,1
37,90146,0,1,1
37,90150,1,1,1
37,90154,1,1,1
37,90158,0,0,0
37,90162,0,1,1
37,90166,1,1,1
37,90170,1,1,1
37,90174,0,1,1
37,90178,0,1,1
37,90182,1,1,1
37,90186,1,1,1
37,90190,0,1,1
37,90194,0,1,1
37,90198,1,1,1
37,90202,1,1,1
37,90210,0,1,1
37,90214,1,1,1
37,90218,1,1,1
37,90222,0,1,1
37,90226,0,1,1
37,90230,1,1,1
37,90234,1,1,1
37,90238,0,1,1
37,90242,0,1,1
37,90246,0,1,1
37,90250,1,1,1
37,90254,0,0,0
37,90258,0,1,1
37,90262,1,1,1
37,90266,1,1,1
37,90270,0,1,1
37,90274,0,1,1
37,90278,1,1,1
37,90282,1,1,1
37,90286,0,1,1
37,90290,0,1,1
37,90294,1,1,1
37,90298,1,1,1
37,90302,0,1,1
37,90306,0,1,1
37,90310,1,1,1
37,90314,1,1,1
37,90318,0,1,1
37,90322,0,1,1
37,90326,1,1,1
37,90330,1,1,1
37,90334,0,1,1
37,90338,0,1,1
37,90342,1,1,1
37,90346,1,1,1
37,90350,0,1,1
37,90358,1,1,1
37,90362,1,1,1
37,90366,0,1,1
37,90370,0,1,1
37,90374,1,1,1
37,90378,1,1,1
37,90382,0,1,1
37,90386,0,1,1
37,90390,1,1,1
37,90394,1,1,1
37,90398,0,1,1
37,90402,0,1,1
37,90406,1,1,1
37,90410,1,1,1
37,90414,0,1,1
37,90418,0,1,1
37,90422,1,0,1
37,90426,1,1,1
37,90430,0,1,1
37,90434,0,1,1
37,90438,1,1,1
37,90442,1,1,1
37,90446,0,1,1
37,90450,0,1,1
37,90454,1,1,1
37,90458,1,1,1
37,90462,0,0,0
37,90466,0,1,1
37,90470,1,1,1
37,90474,1,1,1
37,90478,0,1,1
37,90482,0,1,1
37,90486,1,1,1
37,90490,1,1,1
37,90494,0,1,1
37,90498,0,1,1
37,90506,1,1,1
37,90510,0,1,1
37,90514,0,1,1
37,90518,1,1,1
37,90522,1,1,1
37,90526,0,1,1
37,90530,0,1,1
37,90534,1,1,1
37,90538,1,1,1
37,90542,0,0,0
37,90546,0,1,1
37,90550,1,1,1
37,90554,1,1,1
37,90558,0,1,1
37,90562,0,1,1
37,90566,1,1,1
37,90570,1,1,1
37,90574,0,1,1
37,90578,0,1,1
37,90582,1,0,1
37,90586,1,1,1
37,90590,0,1,1
37,90594,0,1,1
37,90598,1,1,1
37,90602,1,1,1
37,90606,0,1,1
37,90610,0,1,1
37,90614,1,1,1
37,90618,1,0,1
37,90622,0,1,1
37,90626,0,1,1
37,90630,1,1,1
37,90634,1,1,1
37,90638,0,1,1
37,90642,0,1,1
37,90646,1,1,1
37,90654,0,0,0
37,90658,0,1,1
37,90662,1,1,1
37,90666,1,1,1
37,90670,0,1,1
37,90674,0,1,1
37,90678,1,1,1
37,90682,1,1,1
37,90686,0,1,1
37,90690,0,1,1
37,90694,1,1,1
37,90698,1,1,1
37,90702,0,1,1
37,90706,0,1,1
37,90710,1,1,1
37,90714,1,1,1
37,90718,0,1,1
37,90722,0,1,1
37,90726,0,1,1
37,90730,1,1,1
37,90734,0,1,1
37,90738,0,1,1
37,90742,1,1,1
37,90746,1,1,1
37,90750,0,1,1
37,90754,0,1,1
37,90758,1,1,1
37,90762,1,1,1
37,90766,0,1,1
37,90770,0,1,1
37,90774,1,1,1
37,90778,1,1,1
37,90782,0,1,1
37,90786,0,1,1
37,90790,1,1,1
37,90794,1,1,1
37,90802,0,1,1
37,90806,1,1,1
37,90810,1,1,1
37,90814,0,1,1
37,90818,0,1,1
37,90822,1,1,1
37,90826,1,1,1
37,90830,0,1,1
37,90834,0,1,1
37,90838,1,1,1
37,90842,1,1,1
37,90846,0,1,1
37,90850,0,1,1
37,90854,1,1,1
37,90858,1,0,1
37,90862,0,1,1
37,90866,0,1,1
37,90870,1,1,1
37,90874,1,1,1
37,90878,0,1,1
37,90882,0,1,1
37,90886,1,1,1
37,90890,1,1,1
37,90894,0,1,1
37,90898,0,1,1
37,90902,1,1,1
37,90906,1,1,1
37,90910,0,1,1
37,90914,0,1,1
37,90918,1,1,1
37,90922,1,1,1
37,90926,0,1,1
37,90930,0,1,1
37,90934,1,1,1
37,90938,1,1,1
37,90942,0,1,1
37,90950,1,1,1
37,90954,1,1,1
37,90958,0,0,0
37,90962,0,1,1
37,90966,1,1,1
37,90970,1,1,1
37,90974,0,1,1
37,90978,0,1,1
37,90982,1,1,1
37,90986,1,1,1
37,90990,0,0,0
37,90994,0,1,1
37,90998,1,1,1
37,91002,1,1,1
37,91006,0,1,1
37,91010,0,1,1
37,91014,1,1,1
37,91018,1,1,1
37,91022,0,1,1
37,91026,0,1,1
37,91030,1,1,1
37,91034,1,1,1
37,91038,0,1,1
37,91042,0,1,1
37,91046,1,1,1
37,91050,1,1,1
37,91054,0,1,1
37,91058,0,1,1
37,91062,1,1,1
37,91066,1,1,1
37,91070,0,1,1
37,91074,0,1,1
37,91078,1,1,1
37,91082,1,1,1
37,91086,0,1,1
37,91090,0,1,1
37,91098,1,1,1
37,91102,0,1,1
37,91106,0,1,1
37,91110,1,1,1
37,91114,1,1,1
37,91118,0,1,1
37,91122,0,1,1
37,91126,1,1,1
37,91130,1,1,1
37,91134,0,1,1
37,91138,0,1,1
37,91142,1,0,1
37,91146,1,1,1
37,91150,0,1,1
37,91154,0,1,1
37,91158,1,1,1
37,91162,1,1,1
37,91166,0,1,1
37,91170,0,1,1
37,91174,1,1,1
37,91178,1,1,1
37,91182,0,1,1
37,91186,0,1,1
37,91190,1,1,1
37,91194,1,1,1
37,91198,0,1,1
37,91202,0,1,1
37,91206,1,1,1
37,91210,1,1,1
37,91214,0,1,1
37,91218,0,1,1
37,91222,1,1,1
37,91226,1,1,1
37,91230,0,1,1
37,91234,0,1,1
37,91238,1,1,1
37,91246,0,1,1
37,91250,0,1,1
37,91254,1,1,1
37,91258,1,0,1
37,91262,0,1,1
37,91266,0,1,1
37,91270,1,1,1
37,91274,1,1,1
37,91278,0,1,1
37,91282,0,0,0
37,91286,1,1,1
37,91290,1,1,1
37,91294,0,1,1
37,91298,0,1,1
37,91302,1,1,1
37,91306,1,1,1
37,91310,0,1,1
37,91314,0,1,1
37,91318,1,1,1
37,91322,1,1,1
37,91326,0,0,0
37,91330,0,1,1
37,91334,1,1,1
37,91338,1,1,1
37,91342,0,1,1
37,91346,0,1,1
37,91350,1,1,1
37,91354,1,1,1
37,91358,0,1,1
37,91362,0,1,1
37,91366,1,1,1
37,91370,1,1,1
37,91374,0,1,1
37,91378,0,1,1
37,91382,1,0,1
37,91386,1,1,1
37,91394,0,1,1
37,91398,1,0,1
37,91402,1,1,1
37,91406,0,1,1
37,91410,0,1,1
37,91414,1,0,1
37,91418,1,1,1
37,91422,0,1,1
37,91426,0,1,1
37,91430,1,1,1
37,91434,1,1,1
37,91438,0,1,1
37,91442,0,1,1
37,91446,1,1,1
37,91450,1,1,1
37,91454,0,1,1
37,91458,0,1,1
37,91462,1,1,1
37,91466,1,1,1
37,91470,0,1,1
37,91474,0,1,1
37,91478,1,1,1
37,91482,1,1,1
37,91486,0,1,1
37,91490,0,1,1
37,91494,1,1,1
37,91498,1,1,1
37,91502,0,1,1
37,91506,0,1,1
37,91510,1,1,1
37,91514,1,1,1
37,91518,0,1,1
37,91522,0,1,1
37,91526,1,0,1
37,91530,1,1,1
37,91534,0,1,1
37,91542,1,1,1
37,91546,1,1,1
37,91550,0,1,1
37,91554,0,1,1
37,91558,1,1,1
37,91562,1,1,1
37,91566,0,1,1
37,91570,0,1,1
37,91574,1,1,1
37,91578,1,1,1
37,91582,0,1,1
37,91586,0,1,1
37,91590,1,1,1
37,91594,1,1,1
37,91598,0,1,1
37,91602,0,1,1
37,91606,1,1,1
37,91610,1,1,1
37,91614,0,0,0
37,91618,0,1,1
37,91622,1,1,1
37,91626,1,0,1
37,91630,0,1,1
37,91634,0,1,1
37,91638,1,1,1
37,91642,1,1,1
37,91646,0,1,1
37,91650,0,1,1
37,91654,1,1,1
37,91658,1,1,1
37,91662,0,1,1
37,91666,0,1,1
37,91670,1,1,1
37,91674,1,1,1
37,91678,0,1,1
37,91682,0,1,1
37,91690,1,1,1
37,91694,0,1,1
37,91698,0,0,0
37,91702,1,1,1
37,91706,1,1,1
37,91710,0,1,1
37,91714,0,1,1
37,91718,0,1,1
37,91722,1,1,1
37,91726,0,1,1
37,91730,0,1,1
37,91734,1,0,1
37,91738,1,1,1
37,91742,0,1,1
37,91746,0,1,1
37,91750,1,1,1
37,91754,1,1,1
37,91758,0,1,1
37,91762,0,1,1
37,91766,1,1,1
37,91770,1,1,1
37,91774,0,1,1
37,91778,0,1,1
37,91782,1,1,1
37,91786,1,1,1
37,91790,0,1,1
37,91794,0,1,1
37,91798,1,1,1
37,91802,1,1,1
37,91806,0,1,1
37,91810,0,1,1
37,91814,1,1,1
37,91818,1,1,1
37,91822,0,1,1
37,91826,0,1,1
37,91830,1,1,1
37,91838,0,1,1
37,91842,0,1,1
37,91846,1,1,1
37,91850,1,1,1
37,91854,0,1,1
37,91858,0,1,1
37,91862,1,1,1
37,91866,1,1,1
37,91870,0,1,1
37,91874,0,1,1
37,91878,1,1,1
37,91882,1,1,1
37,91886,0,1,1
37,91890,0,1,1
37,91894,1,1,1
37,91898,1,1,1
37,91902,0,1,1
37,91906,0,1,1
37,91910,1,1,1
37,91914,1,1,1
37,91918,0,1,1
37,91922,0,1,1
37,91926,1,1,1
37,91930,1,1,1
37,91934,0,1,1
37,91938,0,1,1
37,91942,1,1,1
37,91946,1,1,1
37,91950,0,1,1
37,91954,0,1,1
37,91958,1,1,1
37,91962,1,0,1
37,91966,0,1,1
37,91970,0,1,1
37,91974,1,1,1
37,91978,1,1,1
37,91986,0,1,1
37,91990,1,1,1
37,91994,1,1,1
37,91998,0,1,1
37,92002,0,0,0
37,92006,1,1,1
37,92010,1,1,1
37,92014,0,1,1
37,92018,0,1,1
37,92022,1,1,1
37,92026,1,1,1
37,92030,0,1,1
37,92034,0,1,1
37,92038,1,1,1
37,92042,1,1,1
37,92046,0,0,0
37,92050,0,1,1
37,92054,1,1,1
37,92058,1,1,1
37,92062,0,1,1
37,92066,0,1,1
37,92070,1,1,1
37,92074,1,1,1
37,92078,0,1,1
37,92082,0,1,1
37,92086,1,1,1
37,92090,1,1,1
37,92094,0,1,1
37,92098,0,1,1
37,92102,1,1,1
37,92106,1,1,1
37,92110,0,1,1
37,92114,0,1,1
37,92118,1,1,1
37,92122,1,1,1
37,92126,0,1,1
37,92134,1,1,1
37,92138,1,1,1
37,92142,0,1,1
37,92146,0,1,1
37,92150,1,1,1
37,92154,0,1,1
37,92158,0,1,1
37,92162,0,1,1
37,92166,1,1,1
37,92170,1,1,1
37,92174,0,1,1
37,92178,0,1,1
37,92182,1,1,1
37,92186,1,1,1
37,92190,0,1,1
37,92194,0,1,1
37,92198,1,1,1
37,92202,1,1,1
37,92206,0,1,1
37,92210,0,1,1
37,92214,1,1,1
37,92218,0,0,0
37,92222,0,1,1
37,92226,0,1,1
37,92230,1,1,1
37,92234,1,1,1
37,92238,0,1,1
37,92242,0,1,1
37,92246,1,1,1
37,92250,1,1,1
37,92254,0,1,1
37,92258,0,1,1
37,92262,1,1,1
37,92266,1,1,1
37,92270,0,0,0
37,92274,0,1,1
37,92282,1,1,1
37,92286,0,1,1
37,92290,0,1,1
37,92294,1,1,1
37,92298,1,0,1
37,92302,0,1,1
37,92306,0,1,1
37,92310,1,1,1
37,92314,1,1,1
37,92318,0,1,1
37,92322,0,1,1
37,92326,1,1,1
37,92330,1,1,1
37,92334,0,1,1
37,92338,0,1,1
37,92342,1,1,1
37,92346,1,1,1
37,92350,0,1,1
37,92354,0,1,1
37,92358,0,0,0
37,92362,1,1,1
37,92366,0,1,1
37,92370,0,1,1
37,92374,1,1,1
37,92378,1,1,1
37,92382,0,1,1
37,92386,0,1,1
37,92390,1,1,1
37,92394,1,1,1
37,92398,0,1,1
37,92402,0,0,0
37,92406,1,1,1
37,92410,1,1,1
37,92414,0,1,1
37,92418,0,0,0
37,92422,1,1,1
37,92430,0,1,1
37,92434,0,1,1
37,92438,1,1,1
37,92442,1,1,1
37,92446,0,1,1
37,92450,0,1,1
37,92454,1,1,1
37,92458,1,1,1
37,92462,0,1,1
37,92466,0,1,1
37,92470,1,1,1
37,92474,1,1,1
37,92478,0,0,0
37,92482,0,1,1
37,92486,1,1,1
37,92490,1,1,1
37,92494,0,1,1
37,92498,0,1,1
37,92502,1,1,1
37,92506,1,1,1
37,92510,0,1,1
37,92514,0,1,1
37,92518,1,1,1
37,92522,1,1,1
37,92526,0,1,1
37,92530,0,1,1
37,92534,1,1,1
37,92538,1,1,1
37,92542,0,1,1
37,92546,0,1,1
37,92550,1,1,1
37,92554,1,1,1
37,92558,0,1,1
37,92562,0,1,1
37,92566,1,1,1
37,92570,1,1,1
37,92578,0,1,1
37,92582,1,1,1
37,92586,1,1,1
37,92590,0,1,1
37,92594,0,1,1
37,92598,1,1,1
37,92602,1,1,1
37,92606,0,1,1
37,92610,0,1,1
37,92614,1,1,1
37,92618,1,0,1
37,92622,0,1,1
37,92626,0,1,1
37,92630,1,1,1
37,92634,1,1,1
37,92638,0,1,1
37,92642,0,1,1
37,92646,1,1,1
37,92650,1,1,1
37,92654,0,1,1
37,92658,0,0,0
37,92662,1,1,1
37,92666,1,1,1
37,92670,0,1,1
37,92674,0,1,1
37,92678,1,1,1
37,92682,1,1,1
37,92686,0,1,1
37,92690,0,1,1
37,92694,1,1,1
37,92698,1,1,1
37,92702,0,1,1
37,92706,0,1,1
37,92710,1,1,1
37,92714,1,0,1
37,92718,0,1,1
37,92726,1,1,1
37,92730,1,1,1
37,92734,0,1,1
37,92738,0,1,1
37,92742,1,1,1
37,92746,1,1,1
37,92750,0,1,1
37,92754,0,1,1
37,92758,1,1,1
37,92762,1,1,1
37,92766,0,1,1
37,92770,0,1,1
37,92774,1,1,1
37,92778,1,1,1
37,92782,0,1,1
37,92786,0,1,1
37,92790,1,1,1
37,92794,1,1,1
37,92798,0,1,1
37,92802,0,1,1
37,92806,1,1,1
37,92810,1,1,1
37,92814,0,1,1
37,92818,0,1,1
37,92822,1,1,1
37,92826,1,1,1
37,92830,0,0,0
37,92834,0,1,1
37,92838,1,1,1
37,92842,1,1,1
37,92846,0,1,1
37,92850,0,1,1
37,92854,1,1,1
37,92858,1,0,1
37,92862,0,1,1
37,92866,0,1,1
37,92874,1,1,1
37,92878,0,1,1
37,92882,0,1,1
37,92886,1,1,1
37,92890,1,1,1
37,92894,0,1,1
37,92898,0,1,1
37,92902,1,1,1
37,92906,1,1,1
37,92910,0,1,1
37,92914,0,1,1
37,92918,1,1,1
37,92922,1,1,1
37,92926,0,1,1
37,92930,0,1,1
37,92934,1,1,1
37,92938,1,1,1
37,92942,0,1,1
37,92946,0,1,1
37,92950,1,1,1
37,92954,1,1,1
37,92958,0,1,1
37,92962,0,1,1
37,92966,1,0,1
37,92970,1,1,1
37,92974,0,1,1
37,92978,0,1,1
37,92982,1,1,1
37,92986,1,1,1
37,92990,0,1,1
37,92994,0,1,1
37,92998,1,1,1
37,93002,1,1,1
37,93006,0,1,1
37,93010,0,1,1
37,93014,1,1,1
37,93022,0,0,0
37,93026,0,1,1
37,93030,1,1,1
37,93034,1,1,1
37,93038,0,1,1
37,93042,0,0,0
37,93046,1,1,1
37,93050,1,1,1
37,93054,0,1,1
37,93058,0,1,1
37,93062,1,1,1
37,93066,1,1,1
37,93070,0,1,1
37,93074,0,1,1
37,93078,1,1,1
37,93082,1,1,1
37,93086,0,1,1
37,93090,0,1,1
37,93094,1,1,1
37,93098,1,1,1
37,93102,0,1,1
37,93106,0,1,1
37,93110,1,1,1
37,93114,1,1,1
37,93118,0,1,1
37,93122,0,1,1
37,93126,1,1,1
37,93130,1,1,1
37,93134,0,1,1
37,93138,0,0,0
37,93142,1,1,1
37,93146,0,1,1
37,93150,0,1,1
37,93154,0,1,1
37,93158,1,1,1
37,93162,1,1,1
37,93170,0,1,1
37,93174,1,1,1
37,93178,1,1,1
37,93182,0,0,0
37,93186,0,1,1
37,93190,1,1,1
37,93194,1,1,1
37,93198,0,1,1
37,93202,0,1,1
37,93206,1,1,1
37,93210,1,1,1
37,93214,0,1,1
37,93218,0,1,1
37,93222,1,1,1
37,93226,1,1,1
37,93230,0,1,1
37,93234,0,1,1
37,93238,1,1,1
37,93242,1,1,1
37,93246,0,1,1
37,93250,0,1,1
37,93254,1,1,1
37,93258,1,1,1
37,93262,0,1,1
37,93266,0,0,0
37,93270,1,1,1
37,93274,1,1,1
37,93278,0,1,1
37,93282,0,1,1
37,93286,1,1,1
37,93290,1,1,1
37,93294,0,1,1
37,93298,0,1,1
37,93302,1,1,1
37,93306,1,1,1
37,93310,0,1,1
37,93318,1,1,1
37,93322,1,1,1
37,93326,0,1,1
37,93330,0,1,1
37,93334,1,1,1
37,93338,1,1,1
37,93342,0,1,1
37,93346,0,1,1
37,93350,1,1,1
37,93354,1,1,1
37,93358,0,1,1
37,93362,0,1,1
37,93366,1,1,1
37,93370,1,1,1
37,93374,0,1,1
37,93378,0,1,1
37,93382,1,1,1
37,93386,1,1,1
37,93390,0,1,1
37,93394,0,1,1
37,93398,1,1,1
37,93402,1,1,1
37,93406,0,1,1
37,93410,0,1,1
37,93414,1,1,1
37,93418,1,0,1
37,93422,0,1,1
37,93426,0,1,1
37,93430,1,1,1
37,93434,1,1,1
37,93438,0,1,1
37,93442,0,1,1
37,93446,0,1,1
37,93450,1,1,1
37,93454,0,1,1
37,93458,0,0,0
37,93466,1,1,1
37,93470,0,1,1
37,93474,0,1,1
37,93478,1,1,1
37,93482,1,1,1
37,93486,0,1,1
37,93490,0,1,1
37,93494,1,1,1
37,93498,1,0,1
37,93502,0,1,1
37,93506,0,1,1
37,93510,1,1,1
37,93514,1,1,1
37,93518,0,0,0
37,93522,0,1,1
37,93526,1,1,1
37,93530,1,1,1
37,93534,0,0,0
37,93538,0,1,1
37,93542,1,1,1
37,93546,1,1,1
37,93550,0,1,1
37,93554,0,1,1
37,93558,1,0,1
37,93562,1,1,1
37,93566,0,1,1
37,93570,0,1,1
37,93574,1,1,1
37,93578,1,1,1
37,93582,0,1,1
37,93586,0,1,1
37,93590,1,1,1
37,93594,1,1,1
37,93598,0,1,1
37,93602,0,1,1
37,93606,1,1,1
37,93614,0,1,1
37,93618,0,1,1
37,93622,1,1,1
37,93626,1,1,1
37,93630,0,0,0
37,93634,0,1,1
37,93638,1,1,1
37,93642,1,1,1
37,93646,0,1,1
37,93650,0,1,1
37,93654,1,1,1
37,93658,1,1,1
37,93662,0,1,1
37,93666,0,1,1
37,93670,1,1,1
37,93674,1,1,1
37,93678,0,1,1
37,93682,0,1,1
37,93686,1,1,1
37,93690,1,1,1
37,93694,0,1,1
37,93698,0,1,1
37,93702,1,1,1
37,93706,1,1,1
37,93710,0,1,1
37,93714,0,1,1
37,93718,1,1,1
37,93722,1,1,1
37,93726,0,1,1
37,93730,0,1,1
37,93734,1,1,1
37,93738,1,1,1
37,93742,0,1,1
37,93746,0,1,1
37,93750,1,1,1
37,93754,1,1,1
37,93762,0,0,0
37,93766,1,1,1
37,93770,1,1,1
37,93774,0,1,1
37,93778,0,1,1
37,93782,1,1,1
37,93786,0,0,0
37,93790,0,1,1
37,93794,0,1,1
37,93798,1,1,1
37,93802,1,1,1
37,93806,0,1,1
37,93810,0,1,1
37,93814,1,1,1
37,93818,1,1,1
37,93822,0,1,1
37,93826,0,1,1
37,93830,1,1,1
37,93834,1,1,1
37,93838,0,1,1
37,93842,0,1,1
37,93846,1,1,1
37,93850,1,1,1
37,93854,0,1,1
37,93858,0,1,1
37,93862,1,0,1
37,93866,1,1,1
37,93870,0,1,1
37,93874,0,1,1
37,93878,1,1,1
37,93882,1,0,1
37,93886,0,1,1
37,93890,0,1,1
37,93894,1,1,1
37,93898,1,1,1
37,93902,0,1,1
37,93910,1,1,1
37,93914,0,1,1
37,93918,0,1,1
37,93922,0,1,1
37,93926,1,1,1
37,93930,1,1,1
37,93934,0,1,1
37,93938,0,1,1
37,93942,1,0,1
37,93946,1,1,1
37,93950,0,1,1
37,93954,0,1,1
37,93958,1,1,1
37,93962,1,1,1
37,93966,0,1,1
37,93970,0,1,1
37,93974,1,1,1
37,93978,1,1,1
37,93982,0,1,1
37,93986,0,1,1
37,93990,1,1,1
37,93994,1,1,1
37,93998,0,1,1
37,94002,0,1,1
37,94006,1,1,1
37,94010,1,1,1
37,94014,0,1,1
37,94018,0,1,1
37,94022,1,1,1
37,94026,1,1,1
37,94030,0,1,1
37,94034,0,1,1
37,94038,1,1,1
37,94042,1,1,1
37,94046,0,1,1
37,94050,0,1,1
37,94058,1,1,1
37,94062,0,1,1
37,94066,0,1,1
37,94070,1,1,1
37,94074,1,1,1
37,94078,0,1,1
37,94082,0,1,1
37,94086,1,1,1
37,94090,1,1,1
37,94094,0,1,1
37,94098,0,1,1
37,94102,1,1,1
37,94106,1,1,1
37,94110,0,1,1
37,94114,0,1,1
37,94118,1,1,1
37,94122,1,1,1
37,94126,0,1,1
37,94130,0,1,1
37,94134,1,1,1
37,94138,1,1,1
37,94142,0,1,1
37,94146,0,1,1
37,94150,1,1,1
37,94154,1,1,1
37,94158,0,1,1
37,94162,0,1,1
37,94166,1,1,1
37,94170,1,1,1
37,94174,0,1,1
37,94178,0,1,1
37,94182,0,1,1
37,94186,1,1,1
37,94190,0,1,1
37,94194,0,1,1
37,94198,1,1,1
37,94206,0,1,1
37,94210,0,1,1
37,94214,1,1,1
37,94218,1,1,1
37,94222,0,1,1
37,94226,0,1,1
37,94230,1,0,1
37,94234,1,1,1
37,94238,0,1,1
37,94242,0,1,1
37,94246,1,1,1
37,94250,1,1,1
37,94254,0,1,1
37,94258,0,0,0
37,94262,1,1,1
37,94266,1,0,1
37,94270,0,1,1
37,94274,0,1,1
37,94278,1,1,1
37,94282,1,1,1
37,94286,0,1,1
37,94290,0,1,1
37,94294,1,1,1
37,94298,1,1,1
37,94302,0,1,1
37,94306,0,1,1
37,94310,0,1,1
37,94314,1,1,1
37,94318,0,1,1
37,94322,0,1,1
37,94326,1,1,1
37,94330,1,1,1
37,94334,0,1,1
37,94338,0,0,0
37,94342,0,1,1
37,94346,1,1,1
37,94354,0,1,1
37,94358,1,1,1
37,94362,1,1,1
37,94366,0,1,1
37,94370,0,1,1
37,94374,1,1,1
37,94378,1,1,1
37,94382,0,1,1
37,94386,0,1,1
37,94390,1,1,1
37,94394,1,1,1
37,94398,0,0,0
37,94402,0,1,1
37,94406,1,1,1
37,94410,1,1,1
37,94414,0,1,1
37,94418,0,1,1
37,94422,1,1,1
37,94426,1,1,1
37,94430,0,1,1
37,94434,0,1,1
37,94438,1,1,1
37,94442,1,1,1
37,94446,0,0,0
37,94450,0,1,1
37,94454,1,1,1
37,94458,1,1,1
37,94462,0,1,1
37,94466,0,1,1
37,94470,1,1,1
37,94474,1,1,1
37,94478,0,1,1
37,94482,0,1,1
37,94486,1,1,1
37,94490,1,1,1
37,94494,0,1,1
37,94502,1,1,1
37,94506,1,0,1
37,94510,0,1,1
37,94514,0,1,1
37,94518,1,1,1
37,94522,1,1,1
37,94526,0,1,1
37,94530,0,1,1
37,94534,1,1,1
37,94538,1,1,1
37,94542,0,0,0
37,94546,0,1,1
37,94550,1,1,1
37,94554,1,1,1
37,94558,0,1,1
37,94562,0,1,1
37,94566,1,1,1
37,94570,1,1,1
37,94574,0,1,1
37,94578,0,0,0
37,94582,1,1,1
37,94586,1,1,1
37,94590,0,1,1
37,94594,0,1,1
37,94598,1,1,1
37,94602,1,0,1
37,94606,0,1,1
37,94610,0,1,1
37,94614,1,1,1
37,94618,1,1,1
37,94622,0,1,1
37,94626,0,0,0
37,94630,1,1,1
37,94634,1,1,1
37,94638,0,1,1
37,94642,0,1,1
37,94650,1,1,1
37,94654,0,1,1
37,94658,0,1,1
37,94662,1,1,1
37,94666,1,1,1
37,94670,0,1,1
37,94674,0,1,1
37,94678,1,1,1
37,94682,1,1,1
37,94686,0,0,0
37,94690,0,1,1
37,94694,1,1,1
37,94698,1,1,1
37,94702,0,1,1
37,94706,0,1,1
37,94710,1,1,1
37,94714,1,1,1
37,94718,0,1,1
37,94722,0,0,0
37,94726,1,1,1
37,94730,1,1,1
37,94734,0,1,1
37,94738,0,1,1
37,94742,1,1,1
37,94746,1,1,1
37,94750,0,1,1
37,94754,0,1,1
37,94758,1,1,1
37,94762,1,1,1
37,94766,0,1,1
37,94770,0,0,0
37,94774,1,1,1
37,94778,1,1,1
37,94782,0,1,1
37,94786,0,1,1
37,94790,1,1,1
37,94798,0,1,1
37,94802,0,1,1
37,94806,1,1,1
37,94810,1,1,1
37,94814,0,1,1
37,94818,0,1,1
37,94822,1,1,1
37,94826,1,1,1
37,94830,0,1,1
37,94834,0,1,1
37,94838,1,1,1
37,94842,1,0,1
37,94846,0,1,1
37,94850,0,0,0
37,94854,0,1,1
37,94858,1,1,1
37,94862,0,1,1
37,94866,0,1,1
37,94870,1,1,1
37,94874,1,1,1
37,94878,0,1,1
37,94882,0,1,1
37,94886,1,1,1
37,94890,1,1,1
37,94894,0,1,1
37,94898,0,1,1
37,94902,1,1,1
37,94906,1,1,1
37,94910,0,1,1
37,94914,0,1,1
37,94918,1,1,1
37,94922,1,1,1
37,94926,0,1,1
37,94930,0,1,1
37,94934,1,1,1
37,94938,1,1,1
37,94946,0,1,1
37,94950,1,1,1
37,94954,1,1,1
37,94958,0,1,1
37,94962,0,1,1
37,94966,1,1,1
37,94970,1,1,1
37,94974,0,1,1
37,94978,0,1,1
37,94982,1,1,1
37,94986,1,0,1
37,94990,0,1,1
37,94994,0,1,1
37,94998,1,0,1
37,95002,1,1,1
37,95006,0,0,0
37,95010,0,1,1
37,95014,1,1,1
37,95018,1,1,1
37,95022,0,0,0
37,95026,0,1,1
37,95030,1,1,1
37,95034,1,1,1
37,95038,0,1,1
37,95042,0,1,1
37,95046,1,1,1
37,95050,1,1,1
37,95054,0,1,1
37,95058,0,1,1
37,95062,1,1,1
37,95066,1,1,1
37,95070,0,1,1
37,95074,0,1,1
37,95078,1,1,1
37,95082,1,1,1
37,95086,0,1,1
37,95094,1,1,1
37,95098,1,1,1
37,95102,0,1,1
37,95106,0,1,1
37,95110,1,1,1
37,95114,1,1,1
37,95118,0,1,1
37,95122,0,1,1
37,95126,1,1,1
37,95130,1,1,1
37,95134,0,1,1
37,95138,0,1,1
37,95142,1,1,1
37,95146,1,1,1
37,95150,0,1,1
37,95154,0,1,1
37,95158,1,0,1
37,95162,1,1,1
37,95166,0,1,1
37,95170,0,1,1
37,95174,1,1,1
37,95178,1,1,1
37,95182,0,1,1
37,95186,0,1,1
37,95190,1,1,1
37,95194,1,1,1
37,95198,0,1,1
37,95202,0,1,1
37,95206,1,1,1
37,95210,1,1,1
37,95214,0,1,1
37,95218,0,1,1
37,95222,1,1,1
37,95226,0,1,1
37,95230,0,1,1
37,95234,0,1,1
37,95242,1,1,1
37,95246,0,1,1
37,95250,0,1,1
37,95254,1,1,1
37,95258,1,1,1
37,95262,0,0,0
37,95266,0,1,1
37,95270,1,1,1
37,95274,1,1,1
37,95278,0,1,1
37,95282,0,1,1
37,95286,1,1,1
37,95290,1,1,1
37,95294,0,1,1
37,95298,0,1,1
37,95302,1,0,1
37,95306,1,1,1
37,95310,0,1,1
37,95314,0,0,0
37,95318,1,1,1
37,95322,1,0,1
37,95326,0,1,1
37,95330,0,1,1
37,95334,1,1,1
37,95338,1,1,1
37,95342,0,1,1
37,95346,0,1,1
37,95350,1,1,1
37,95354,1,1,1
37,95358,0,1,1
37,95362,0,1,1
37,95366,1,1,1
37,95370,1,1,1
37,95374,0,0,0
37,95378,0,1,1
37,95382,1,0,1
37,95390,0,1,1
37,95394,0,1,1
37,95398,1,1,1
37,95402,1,1,1
37,95406,0,1,1
37,95410,0,1,1
37,95414,1,1,1
37,95418,0,1,1
37,95422,0,1,1
37,95426,0,1,1
37,95430,1,1,1
37,95434,1,1,1
37,95438,0,0,0
37,95442,0,1,1
37,95446,1,1,1
37,95450,1,1,1
37,95454,0,1,1
37,95458,0,1,1
37,95462,1,1,1
37,95466,1,1,1
37,95470,0,1,1
37,95474,0,1,1
37,95478,1,1,1
37,95482,1,1,1
37,95486,0,1,1
37,95490,0,1,1
37,95494,1,1,1
37,95498,1,1,1
37,95502,0,1,1
37,95506,0,1,1
37,95510,1,1,1
37,95514,1,1,1
37,95518,0,1,1
37,95522,0,0,0
37,95526,0,1,1
37,95530,1,1,1
37,95538,0,1,1
37,95542,1,1,1
37,95546,1,1,1
37,95550,0,1,1
37,95554,0,1,1
37,95558,1,1,1
37,95562,1,1,1
37,95566,0,1,1
37,95570,0,1,1
37,95574,1,0,1
37,95578,1,0,1
37,95582,0,1,1
37,95586,0,1,1
37,95590,1,1,1
37,95594,1,1,1
37,95598,0,1,1
37,95602,0,1,1
37,95606,1,1,1
37,95610,1,1,1
37,95614,0,1,1
37,95618,0,1,1
37,95622,1,1,1
37,95626,1,1,1
37,95630,0,1,1
37,95634,0,1,1
37,95638,1,1,1
37,95642,1,1,1
37,95646,0,1,1
37,95650,0,1,1
37,95654,1,1,1
37,95658,1,1,1
37,95662,0,1,1
37,95666,0,1,1
37,95670,1,1,1
37,95674,0,1,1
37,95678,0,0,0
37,95686,1,1,1
37,95690,1,1,1
37,95694,0,1,1
37,95698,0,1,1
37,95702,1,1,1
37,95706,1,1,1
37,95710,0,1,1
37,95714,0,1,1
37,95718,0,1,1
37,95722,1,1,1
37,95726,0,1,1
37,95730,0,1,1
37,95734,1,1,1
37,95738,1,1,1
37,95742,0,1,1
37,95746,0,1,1
37,95750,1,1,1
37,95754,1,1,1
37,95758,0,1,1
37,95762,0,1,1
37,95766,1,1,1
37,95770,1,1,1
37,95774,0,1,1
37,95778,0,1,1
37,95782,1,1,1
37,95786,1,1,1
37,95790,0,1,1
37,95794,0,1,1
37,95798,1,1,1
37,95802,0,0,0
37,95806,0,1,1
37,95810,0,1,1
37,95814,1,1,1
37,95818,1,1,1
37,95822,0,1,1
37,95826,0,1,1
37,95834,1,1,1
37,95838,0,1,1
37,95842,0,1,1
37,95846,1,1,1
37,95850,1,1,1
37,95854,0,1,1
37,95858,0,1,1
37,95862,1,1,1
37,95866,1,1,1
37,95870,0,1,1
37,95874,0,1,1
37,95878,1,1,1
37,95882,1,1,1
37,95886,0,1,1
37,95890,0,1,1
37,95894,1,1,1
37,95898,1,1,1
37,95902,0,1,1
37,95906,0,1,1
37,95910,1,1,1
37,95914,1,1,1
37,95918,0,0,0
37,95922,0,1,1
37,95926,1,1,1
37,95930,1,0,1
37,95934,0,1,1
37,95938,0,1,1
37,95942,1,1,1
37,95946,1,1,1
37,95950,0,1,1
37,95954,0,1,1
37,95958,1,1,1
37,95962,1,1,1
37,95966,0,0,0
37,95970,0,1,1
37,95974,1,1,1
37,95982,0,1,1
37,95986,0,1,1
37,95990,1,1,1
37,95994,1,1,1
37,95998,0,1,1
37,96002,0,0,0
37,96006,1,1,1
37,96010,1,1,1
37,96014,0,1,1
37,96018,0,0,0
37,96022,1,1,1
37,96026,1,1,1
37,96030,0,1,1
37,96034,0,1,1
37,96038,1,1,1
37,96042,1,1,1
37,96046,0,1,1
37,96050,0,1,1
37,96054,1,1,1
37,96058,0,0,0
37,96062,0,1,1
37,96066,0,0,0
37,96070,1,1,1
37,96074,1,1,1
37,96078,0,1,1
37,96082,0,1,1
37,96086,1,1,1
37,96090,1,1,1
37,96094,0,1,1
37,96098,0,1,1
37,96102,1,1,1
37,96106,1,1,1
37,96110,0,1,1
37,96114,0,0,0
37,96118,1,1,1
37,96122,1,1,1
37,96130,0,0,0
37,96134,1,0,1
37,96138,1,0,1
37,96142,0,0,0
37,96146,0,1,1
37,96150,1,1,1
37,96154,1,1,1
37,96158,0,1,1
37,96162,0,1,1
37,96166,1,1,1
37,96170,1,1,1
37,96174,0,1,1
37,96178,0,1,1
37,96182,1,1,1
37,96186,1,1,1
37,96190,0,1,1
37,96194,0,1,1
37,96198,1,0,1
37,96202,1,1,1
37,96206,0,1,1
37,96210,0,1,1
37,96214,1,1,1
37,96218,1,1,1
37,96222,0,1,1
37,96226,0,1,1
37,96230,1,1,1
37,96234,1,1,1
37,96238,0,0,0
37,96242,0,1,1
37,96246,1,1,1
37,96250,1,0,1
37,96254,0,1,1
37,96258,0,1,1
37,96262,1,1,1
37,96266,1,1,1
37,96270,0,1,1
37,96278,1,1,1
37,96282,1,1,1
37,96286,0,1,1
37,96290,0,1,1
37,96294,1,1,1
37,96298,1,1,1
37,96302,0,0,0
37,96306,0,1,1
37,96310,1,1,1
37,96314,1,1,1
37,96318,0,1,1
37,96322,0,1,1
37,96326,1,1,1
37,96330,1,1,1
37,96334,0,1,1
37,96338,0,1,1
37,96342,1,1,1
37,96346,1,1,1
37,96350,0,1,1
37,96354,0,1,1
37,96358,1,1,1
37,96362,1,1,1
37,96366,0,1,1
37,96370,0,1,1
37,96374,1,1,1
37,96378,1,1,1
37,96382,0,1,1
37,96386,0,1,1
37,96390,1,1,1
37,96394,1,1,1
37,96398,0,1,1
37,96402,0,1,1
37,96406,1,1,1
37,96410,1,1,1
37,96414,0,1,1
37,96418,0,1,1
37,96426,1,1,1
37,96430,0,1,1
37,96434,0,1,1
37,96438,1,1,1
37,96442,1,1,1
37,96446,0,1,1
37,96450,0,1,1
37,96454,1,1,1
37,96458,1,1,1
37,96462,0,1,1
37,96466,0,1,1
37,96470,1,1,1
37,96474,1,1,1
37,96478,0,1,1
37,96482,0,1,1
37,96486,1,1,1
37,96490,1,1,1
37,96494,0,1,1
37,96498,0,1,1
37,96502,1,1,1
37,96506,1,1,1
37,96510,0,1,1
37,96514,0,1,1
37,96518,1,1,1
37,96522,1,1,1
37,96526,0,1,1
37,96530,0,1,1
37,96534,1,0,1
37,96538,1,1,1
37,96542,0,1,1
37,96546,0,1,1
37,96550,1,1,1
37,96554,1,1,1
37,96558,0,1,1
37,96562,0,1,1
37,96566,1,1,1
37,96574,0,0,0
37,96578,0,0,0
37,96582,1,1,1
37,96586,1,1,1
37,96590,0,1,1
37,96594,0,1,1
37,96598,1,1,1
37,96602,1,1,1
37,96606,0,1,1
37,96610,0,1,1
37,96614,1,1,1
37,96618,1,1,1
37,96622,0,1,1
37,96626,0,1,1
37,96630,1,1,1
37,96634,1,1,1
37,96638,0,1,1
37,96642,0,1,1
37,96646,1,0,1
37,96650,1,1,1
37,96654,0,1,1
37,96658,0,1,1
37,96662,1,1,1
37,96666,1,0,1
37,96670,0,1,1
37,96674,0,1,1
37,96678,1,1,1
37,96682,1,1,1
37,96686,0,1,1
37,96690,0,1,1
37,96694,1,1,1
37,96698,1,1,1
37,96702,0,1,1
37,96706,0,1,1
37,96710,1,1,1
37,96714,1,1,1
37,96722,0,0,0
37,96726,1,1,1
37,96730,1,1,1
37,96734,0,1,1
37,96738,0,1,1
37,96742,1,1,1
37,96746,1,1,1
37,96750,0,1,1
37,96754,0,1,1
37,96758,1,1,1
37,96762,1,1,1
37,96766,0,1,1
37,96770,0,1,1
37,96774,1,0,1
37,96778,1,0,1
37,96782,0,1,1
37,96786,0,1,1
37,96790,1,1,1
37,96794,1,1,1
37,96798,0,1,1
37,96802,0,1,1
37,96806,1,1,1
37,96810,1,1,1
37,96814,0,1,1
37,96818,0,1,1
37,96822,1,1,1
37,96826,0,0,0
37,96830,0,1,1
37,96834,0,0,0
37,96838,1,1,1
37,96842,1,0,1
37,96846,0,1,1
37,96850,0,1,1
37,96854,1,1,1
37,96858,1,1,1
37,96862,0,0,0
37,96870,1,1,1
37,96874,1,1,1
37,96878,0,1,1
37,96882,0,0,0
37,96886,1,1,1
37,96890,1,0,1
37,96894,0,1,1
37,96898,0,1,1
37,96902,1,1,1
37,96906,1,0,1
37,96910,0,1,1
37,96914,0,1,1
37,96918,1,0,1
37,96922,1,1,1
37,96926,0,1,1
37,96930,0,1,1
37,96934,1,1,1
37,96938,1,1,1
37,96942,0,0,0
37,96946,0,1,1
37,96950,1,1,1
37,96954,1,0,1
37,96958,0,1,1
37,96962,0,1,1
37,96966,1,1,1
37,96970,1,1,1
37,96974,0,1,1
37,96978,0,1,1
37,96982,1,1,1
37,96986,1,1,1
37,96990,0,1,1
37,96994,0,1,1
37,96998,0,1,1
37,97002,1,0,1
37,97006,0,0,0
37,97010,0,1,1
37,97018,1,1,1
37,97022,0,1,1
37,97026,0,1,1
37,97030,1,1,1
37,97034,1,1,1
37,97038,0,1,1
37,97042,0,1,1
37,97046,1,1,1
37,97050,1,1,1
37,97054,0,1,1
37,97058,0,1,1
37,97062,0,1,1
37,97066,1,1,1
37,97070,0,1,1
37,97074,0,1,1
37,97078,1,1,1
37,97082,1,1,1
37,97086,0,1,1
37,97090,0,1,1
37,97094,1,1,1
37,97098,1,1,1
37,97102,0,1,1
37,97106,0,1,1
37,97110,1,1,1
37,97114,1,1,1
37,97118,0,1,1
37,97122,0,1,1
37,97126,1,1,1
37,97130,1,1,1
37,97134,0,1,1
37,97138,0,1,1
37,97142,1,1,1
37,97146,1,1,1
37,97150,0,1,1
37,97154,0,1,1
37,97158,1,1,1
37,97166,0,1,1
37,97170,0,1,1
37,97174,1,1,1
37,97178,1,1,1
37,97182,0,1,1
37,97186,0,1,1
37,97190,1,1,1
37,97194,1,1,1
37,97198,0,0,0
37,97202,0,1,1
37,97206,1,1,1
37,97210,1,1,1
37,97214,0,1,1
37,97218,0,1,1
37,97222,1,1,1
37,97226,1,1,1
37,97230,0,1,1
37,97234,0,1,1
37,97238,1,0,1
37,97242,1,1,1
37,97246,0,0,0
37,97250,0,1,1
37,97254,1,1,1
37,97258,1,1,1
37,97262,0,0,0
37,97266,0,1,1
37,97270,1,1,1
37,97274,1,1,1
37,97278,0,1,1
37,97282,0,1,1
37,97286,1,1,1
37,97290,1,1,1
37,97294,0,1,1
37,97298,0,1,1
37,97302,1,1,1
37,97306,1,1,1
37,97314,0,1,1
37,97318,1,1,1
37,97322,1,1,1
37,97326,0,1,1
37,97330,0,1,1
37,97334,1,1,1
37,97338,1,1,1
37,97342,0,1,1
37,97346,0,1,1
37,97350,0,1,1
37,97354,1,1,1
37,97358,0,1,1
37,97362,0,1,1
37,97366,1,1,1
37,97370,0,1,1
37,97374,0,1,1
37,97378,0,1,1
37,97382,1,0,1
37,97386,1,0,1
37,97390,0,1,1
37,97394,0,1,1
37,97398,1,1,1
37,97402,0,1,1
37,97406,0,1,1
37,97410,0,1,1
37,97414,1,1,1
37,97418,1,1,1
37,97422,0,1,1
37,97426,0,0,0
37,97430,1,1,1
37,97434,1,1,1
37,97438,0,1,1
37,97442,0,0,0
37,97446,1,1,1
37,97450,1,1,1
37,97454,0,1,1
37,97462,1,1,1
37,97466,1,1,1
37,97470,0,1,1
37,97474,0,1,1
37,97478,0,1,1
37,97482,1,1,1
37,97486,0,1,1
37,97490,0,1,1
37,97494,1,0,1
37,97498,1,1,1
37,97502,0,1,1
37,97506,0,1,1
37,97510,1,1,1
37,97514,1,1,1
37,97518,0,1,1
37,97522,0,1,1
37,97526,1,1,1
37,97530,1,0,1
37,97534,0,1,1
37,97538,0,1,1
37,97542,0,0,0
37,97546,1,1,1
37,97550,0,1,1
37,97554,0,1,1
37,97558,1,1,1
37,97562,1,1,1
37,97566,0,0,0
37,97570,0,1,1
37,97574,1,1,1
37,97578,1,1,1
37,97582,0,1,1
37,97586,0,0,0
37,97590,1,1,1
37,97594,1,1,1
37,97598,0,1,1
37,97602,0,0,0
37,97610,1,1,1
37,97614,0,1,1
37,97618,0,0,0
37,97622,1,0,1
37,97626,1,1,1
37,97630,0,1,1
37,97634,0,1,1
37,97638,1,1,1
37,97642,1,1,1
37,97646,0,1,1
37,97650,0,0,0
37,97654,1,1,1
37,97658,1,0,1
37,97662,0,1,1
37,97666,0,1,1
37,97670,1,1,1
37,97674,1,1,1
37,97678,0,1,1
37,97682,0,1,1
37,97686,1,0,1
37,97690,0,1,1
37,97694,0,1,1
37,97698,0,1,1
37,97702,1,1,1
37,97706,1,1,1
37,97710,0,1,1
37,97714,0,0,0
37,97718,1,1,1
37,97722,1,0,1
37,97726,0,1,1
37,97730,0,1,1
37,97734,0,0,0
37,97738,1,1,1
37,97742,0,1,1
37,97746,0,1,1
37,97750,1,1,1
37,97758,0,0,0
37,97762,0,1,1
37,97766,1,1,1
37,97770,1,1,1
37,97774,0,1,1
37,97778,0,1,1
37,97782,1,1,1
37,97786,1,1,1
37,97790,0,1,1
37,97794,0,0,0
37,97798,1,1,1
37,97802,1,0,1
37,97806,0,1,1
37,97810,0,1,1
37,97814,1,1,1
37,97818,1,0,1
37,97822,0,0,0
37,97826,0,0,0
37,97830,1,1,1
37,97834,1,1,1
37,97838,0,1,1
37,97842,0,0,0
37,97846,1,1,1
37,97850,1,1,1
37,97854,0,1,1
37,97858,0,1,1
37,97862,1,1,1
37,97866,1,1,1
37,97870,0,1,1
37,97874,0,1,1
37,97878,1,1,1
37,97882,1,0,1
37,97886,0,1,1
37,97890,0,1,1
37,97894,1,1,1
37,97898,1,1,1
37,97906,0,1,1
37,97910,1,1,1
37,97914,0,1,1
37,97918,0,1,1
37,97922,0,1,1
37,97926,1,1,1
37,97930,1,1,1
37,97934,0,1,1
37,97938,0,0,0
37,97942,1,0,1
37,97946,1,0,1
37,97950,0,1,1
37,97954,0,0,0
37,97958,1,1,1
37,97962,1,0,1
37,97966,0,1,1
37,97970,0,1,1
37,97974,1,1,1
37,97978,0,1,1
37,97982,0,1,1
37,97986,0,0,0
37,97990,1,0,1
37,97994,1,1,1
37,97998,0,1,1
37,98002,0,1,1
37,98006,1,0,1
37,98010,0,0,0
37,98014,0,1,1
37,98018,0,1,1
37,98022,1,1,1
37,98026,1,1,1
37,98030,0,1,1
37,98034,0,1,1
37,98038,1,1,1
37,98042,1,0,1
37,98046,0,1,1
37,98054,1,1,1
37,98058,1,1,1
37,98062,0,1,1
37,98066,0,1,1
37,98070,1,1,1
37,98074,1,0,1
37,98078,0,1,1
37,98082,0,1,1
37,98086,1,1,1
37,98090,1,1,1
37,98094,0,1,1
37,98098,0,1,1
37,98102,1,1,1
37,98106,1,1,1
37,98110,0,1,1
37,98114,0,0,0
37,98118,1,0,1
37,98122,1,1,1
37,98126,0,0,0
37,98130,0,1,1
37,98134,1,1,1
37,98138,1,1,1
37,98142,0,1,1
37,98146,0,1,1
37,98150,1,1,1
37,98154,1,1,1
37,98158,0,1,1
37,98162,0,1,1
37,98166,1,1,1
37,98170,1,1,1
37,98174,0,1,1
37,98178,0,0,0
37,98182,1,1,1
37,98186,1,0,1
37,98190,0,1,1
37,98194,0,1,1
37,98202,1,1,1
37,98206,0,1,1
37,98210,0,1,1
37,98214,0,1,1
37,98218,1,0,1
37,98222,0,0,0
37,98226,0,1,1
37,98230,1,1,1
37,98234,1,1,1
37,98238,0,0,0
37,98242,0,1,1
37,98246,1,1,1
37,98250,1,1,1
37,98254,0,1,1
37,98258,0,1,1
37,98262,1,0,1
37,98266,1,1,1
37,98270,0,1,1
37,98274,0,1,1
37,98278,1,1,1
37,98282,1,1,1
37,98286,0,1,1
37,98290,0,1,1
37,98294,1,1,1
37,98298,0,0,0
37,98302,0,1,1
37,98306,0,1,1
37,98310,1,1,1
37,98314,1,1,1
37,98318,0,0,0
37,98322,0,0,0
37,98326,1,1,1
37,98330,1,1,1
37,98334,0,1,1
37,98338,0,1,1
37,98342,1,0,1
37,98350,0,1,1
37,98354,0,1,1
37,98358,1,1,1
37,98362,1,1,1
37,98366,0,1,1
37,98370,0,1,1
37,98374,1,1,1
37,98378,1,1,1
37,98382,0,1,1
37,98386,0,1,1
37,98390,1,1,1
37,98394,1,0,1
37,98398,0,1,1
37,98402,0,1,1
37,98406,0,0,0
37,98410,1,1,1
37,98414,0,1,1
37,98418,0,1,1
37,98422,1,1,1
37,98426,1,1,1
37,98430,0,1,1
37,98434,0,1,1
37,98438,1,1,1
37,98442,1,1,1
37,98446,0,1,1
37,98450,0,0,0
37,98454,0,0,0
37,98458,1,1,1
37,98462,0,1,1
37,98466,0,0,0
37,98470,1,1,1
37,98474,1,1,1
37,98478,0,1,1
37,98482,0,1,1
37,98486,1,1,1
37,98490,1,1,1
37,98498,0,1,1
37,98502,0,0,0
37,98506,1,1,1
37,98510,0,1,1
37,98514,0,1,1
37,98518,1,0,1
37,98522,1,1,1
37,98526,0,1,1
37,98530,0,1,1
37,98534,1,0,1
37,98538,1,0,1
37,98542,0,1,1
37,98546,0,1,1
37,98550,1,1,1
37,98554,1,1,1
37,98558,0,1,1
37,98562,0,0,0
37,98566,1,1,1
37,98570,1,0,1
37,98574,0,0,0
37,98578,0,1,1
37,98582,1,1,1
37,98586,1,1,1
37,98590,0,1,1
37,98594,0,1,1
37,98598,1,1,1
37,98602,1,1,1
37,98606,0,1,1
37,98610,0,1,1
37,98614,1,0,1
37,98618,1,1,1
37,98622,0,1,1
37,98626,0,1,1
37,98630,1,1,1
37,98634,1,1,1
37,98638,0,1,1
37,98646,1,0,1
37,98650,1,1,1
37,98654,0,1,1
37,98658,0,0,0
37,98662,1,1,1
37,98666,1,1,1
37,98670,0,1,1
37,98674,0,1,1
37,98678,1,1,1
37,98682,1,0,1
37,98686,0,1,1
37,98690,0,1,1
37,98694,1,0,1
37,98698,1,1,1
37,98702,0,1,1
37,98706,0,1,1
37,98710,1,1,1
37,98714,1,1,1
37,98718,0,0,0
37,98722,0,1,1
37,98726,1,1,1
37,98730,1,1,1
37,98734,0,1,1
37,98738,0,1,1
37,98742,1,0,1
37,98746,1,1,1
37,98750,0,1,1
37,98754,0,1,1
37,98758,1,1,1
37,98762,1,0,1
37,98766,0,0,0
37,98770,0,0,0
37,98774,1,1,1
37,98778,0,0,0
37,98782,0,1,1
37,98786,0,1,1
37,98794,1,1,1
37,98798,0,1,1
37,98802,0,1,1
37,98806,1,1,1
37,98810,1,1,1
37,98814,0,1,1
37,98818,0,0,0
37,98822,1,0,1
37,98826,1,1,1
37,98830,0,1,1
37,98834,0,1,1
37,98838,1,1,1
37,98842,1,1,1
37,98846,0,1,1
37,98850,0,1,1
37,98854,1,1,1
37,98858,1,0,1
37,98862,0,1,1
37,98866,0,1,1
37,98870,1,1,1
37,98874,1,1,1
37,98878,0,0,0
37,98882,0,1,1
37,98886,1,1,1
37,98890,1,1,1
37,98894,0,1,1
37,98898,0,1,1
37,98902,1,1,1
37,98906,1,1,1
37,98910,0,1,1
37,98914,0,1,1
37,98918,0,1,1
37,98922,1,1,1
37,98926,0,1,1
37,98930,0,1,1
37,98934,1,0,1
37,98942,0,1,1
37,98946,0,1,1
37,98950,1,1,1
37,98954,1,0,1
37,98958,0,1,1
37,98962,0,1,1
37,98966,1,1,1
37,98970,1,1,1
37,98974,0,0,0
37,98978,0,1,1
37,98982,1,1,1
37,98986,1,1,1
37,98990,0,1,1
37,98994,0,1,1
37,98998,1,1,1
37,99002,1,0,1
37,99006,0,0,0
37,99010,0,1,1
37,99014,0,1,1
37,99018,1,1,1
37,99022,0,1,1
37,99026,0,0,0
37,99030,1,0,1
37,99034,0,1,1
37,99038,0,1,1
37,99042,0,0,0
37,99046,0,1,1
37,99050,1,1,1
37,99054,0,1,1
37,99058,0,1,1
37,99062,1,1,1
37,99066,1,0,1
37,99070,0,1,1
37,99074,0,1,1
37,99078,1,1,1
37,99082,1,1,1
37,99090,0,0,0
37,99094,1,1,1
37,99098,1,1,1
37,99102,0,1,1
37,99106,0,1,1
37,99110,1,0,1
37,99114,1,1,1
37,99118,0,1,1
37,99122,0,1,1
37,99126,1,1,1
37,99130,1,1,1
37,99134,0,1,1
37,99138,0,1,1
37,99142,1,1,1
37,99146,1,0,1
37,99150,0,1,1
37,99154,0,1,1
37,99158,1,1,1
37,99162,0,1,1
37,99166,0,0,0
37,99170,0,1,1
37,99174,0,1,1
37,99178,1,1,1
37,99182,0,1,1
37,99186,0,0,0
37,99190,1,1,1
37,99194,0,1,1
37,99198,0,1,1
37,99202,0,1,1
37,99206,1,1,1
37,99210,1,0,1
37,99214,0,1,1
37,99218,0,1,1
37,99222,0,1,1
37,99226,1,0,1
37,99230,0,1,1
37,99238,1,1,1
37,99242,1,0,1
37,99246,0,1,1
37,99250,0,1,1
37,99254,1,1,1
37,99258,0,0,0
37,99262,0,1,1
37,99266,0,0,0
37,99270,1,1,1
37,99274,1,1,1
37,99278,0,0,0
37,99282,0,0,0
37,99286,1,1,1
37,99290,1,1,1
37,99294,0,1,1
37,99298,0,1,1
37,99302,1,0,1
37,99306,1,1,1
37,99310,0,1,1
37,99314,0,1,1
37,99318,1,1,1
37,99322,1,1,1
37,99326,0,1,1
37,99330,0,0,0
37,99334,1,1,1
37,99338,1,1,1
37,99342,0,1,1
37,99346,0,1,1
37,99350,1,1,1
37,99354,1,1,1
37,99358,0,1,1
37,99362,0,1,1
37,99366,1,1,1
37,99370,1,1,1
37,99374,0,1,1
37,99378,0,1,1
37,99386,1,1,1
37,99390,0,1,1
37,99394,0,1,1
37,99398,1,1,1
37,99402,1,0,1
37,99406,0,1,1
37,99410,0,1,1
37,99414,1,0,1
37,99418,1,1,1
37,99422,0,1,1
37,99426,0,0,0
37,99430,1,1,1
37,99434,1,1,1
37,99438,0,0,0
37,99442,0,0,0
37,99446,1,0,1
37,99450,1,0,1
37,99454,0,0,0
37,99458,0,0,0
37,99462,0,1,1
37,99466,1,0,1
37,99470,0,1,1
37,99474,0,0,0
37,99478,1,1,1
37,99482,0,1,1
37,99486,0,1,1
37,99490,0,0,0
37,99494,1,0,1
37,99498,1,1,1
37,99502,0,1,1
37,99506,0,1,1
37,99510,1,1,1
37,99514,1,1,1
37,99518,0,1,1
37,99522,0,1,1
37,99526,1,1,1
37,99534,0,0,0
37,99538,0,1,1
37,99542,1,1,1
37,99546,1,1,1
37,99550,0,1,1
37,99554,0,0,0
37,99558,1,1,1
37,99562,1,1,1
37,99566,0,1,1
37,99570,0,1,1
37,99574,1,1,1
37,99578,1,1,1
37,99582,0,0,0
37,99586,0,1,1
37,99590,0,1,1
37,99594,1,0,1
37,99598,0,0,0
37,99602,0,0,0
37,99606,0,1,1
37,99610,1,0,1
37,99614,0,1,1
37,99618,0,1,1
37,99622,1,1,1
37,99626,1,1,1
37,99630,0,1,1
37,99634,0,1,1
37,99638,1,0,1
37,99642,1,0,1
37,99646,0,1,1
37,99650,0,1,1
37,99654,1,1,1
37,99658,1,0,1
37,99662,0,0,0
37,99666,0,1,1
37,99670,1,1,1
37,99674,1,1,1
37,99682,0,0,0
37,99686,1,1,1
37,99690,1,1,1
37,99694,0,1,1
37,99698,0,0,0
37,99702,1,1,1
37,99706,1,1,1
37,99710,0,1,1
37,99714,0,1,1
37,99718,1,1,1
37,99722,1,0,1
37,99726,0,0,0
37,99730,0,1,1
37,99734,1,1,1
37,99738,1,0,1
37,99742,0,1,1
37,99746,0,0,0
37,99750,1,0,1
37,99754,1,0,1
37,99758,0,1,1
37,99762,0,1,1
37,99766,1,1,1
37,99770,1,1,1
37,99774,0,1,1
37,99778,0,1,1
37,99782,1,1,1
37,99786,1,1,1
37,99790,0,1,1
37,99794,0,1,1
37,99798,1,0,1
37,99802,0,1,1
37,99806,0,0,0
37,99810,0,0,0
37,99814,1,1,1
37,99818,1,0,1
37,99822,0,1,1
37,99830,1,1,1
37,99834,1,1,1
37,99838,0,1,1
37,99842,0,1,1
37,99846,1,0,1
37,99850,1,1,1
37,99854,0,1,1
37,99858,0,0,0
37,99862,1,0,1
37,99866,1,1,1
37,99870,0,0,0
37,99874,0,1,1
37,99878,0,1,1
37,99882,1,1,1
37,99886,0,1,1
37,99890,0,1,1
37,99894,1,1,1
37,99898,1,1,1
37,99902,0,1,1
37,99906,0,0,0
37,99910,1,1,1
37,99914,1,1,1
37,99918,0,1,1
37,99922,0,0,0
37,99926,0,1,1
37,99930,0,1,1
37,99934,0,1,1
37,99938,0,1,1
37,99942,0,0,0
37,99946,1,1,1
37,99950,0,1,1
37,99954,0,1,1
37,99958,1,1,1
37,99962,1,1,1
37,99966,0,1,1
37,99970,0,0,0
37,99978,1,0,1
37,99982,0,1,1
37,99986,0,0,0
37,99990,1,1,1
37,99994,1,1,1
37,99998,0,1,1
37,100002,0,1,1
37,100006,1,1,1
37,100010,1,1,1
37,100014,0,1,1
37,100018,0,1,1
37,100022,1,0,1
37,100026,1,1,1
37,100030,0,0,0
37,100034,0,1,1
37,100038,0,1,1
37,100042,1,1,1
37,100046,0,1,1
37,100050,0,1,1
37,100054,1,0,1
37,100058,0,1,1
37,100062,0,1,1
37,100066,0,1,1
37,100070,1,1,1
37,100074,1,1,1
37,100078,0,1,1
37,100082,0,0,0
37,100086,1,1,1
37,100090,0,0,0
37,100094,0,0,0
37,100098,0,0,0
37,100102,0,1,1
37,100106,1,1,1
37,100110,0,0,0
37,100114,0,1,1
37,100118,1,1,1
37,100126,0,1,1
37,100130,0,1,1
37,100134,0,1,1
37,100138,1,1,1
37,100142,0,0,0
37,100146,0,0,0
37,100150,1,1,1
37,100154,1,1,1
37,100158,0,0,0
37,100162,0,1,1
37,100166,1,1,1
37,100170,1,0,1
37,100174,0,0,0
37,100178,0,1,1
37,100182,1,1,1
37,100186,1,1,1
37,100190,0,1,1
37,100194,0,0,0
37,100198,1,0,1
37,100202,1,0,1
37,100206,0,1,1
37,100210,0,1,1
37,100214,1,1,1
37,100218,0,0,0
37,100222,0,1,1
37,100226,0,0,0
37,100230,1,1,1
37,100234,1,1,1
37,100238,0,1,1
37,100242,0,0,0
37,100246,1,1,1
37,100250,1,1,1
37,100254,0,1,1
37,100258,0,1,1
37,100262,1,1,1
37,100266,1,1,1
37,100274,0,0,0
37,100278,1,1,1
37,100282,1,0,1
37,100286,0,1,1
37,100290,0,1,1
37,100294,1,1,1
37,100298,1,1,1
37,100302,0,1,1
37,100306,0,1,1
37,100310,1,1,1
37,100314,0,1,1
37,100318,0,1,1
37,100322,0,0,0
37,100326,1,1,1
37,100330,1,1,1
37,100334,0,1,1
37,100338,0,1,1
37,100342,1,0,1
37,100346,0,1,1
37,100350,0,1,1
37,100354,0,0,0
37,100358,1,1,1
37,100362,1,0,1
37,100366,0,1,1
37,100370,0,1,1
37,100374,1,1,1
37,100378,0,1,1
37,100382,0,0,0
37,100386,0,0,0
37,100390,1,1,1
37,100394,1,1,1
37,100398,0,0,0
37,100402,0,1,1
37,100406,1,1,1
37,100410,1,0,1
37,100414,0,0,0
37,100422,0,1,1
37,100426,1,1,1
37,100430,0,0,0
37,100434,0,1,1
37,100438,0,1,1
37,100442,0,0,0
37,100446,0,0,0
37,100450,0,0,0
37,100454,0,0,0
37,100458,1,1,1
37,100462,0,1,1
37,100466,0,1,1
37,100470,1,0,1
37,100474,0,0,0
37,100478,0,0,0
37,100482,0,0,0
37,100486,0,1,1
37,100490,1,1,1
37,100494,0,1,1
37,100498,0,0,0
37,100502,1,1,1
37,100506,0,0,0
37,100510,0,1,1
37,100514,0,1,1
37,100518,1,1,1
37,100522,1,1,1
37,100526,0,0,0
37,100530,0,1,1
37,100534,1,1,1
37,100538,1,0,1
37,100542,0,0,0
37,100546,0,1,1
37,100550,1,1,1
37,100554,1,0,1
37,100558,0,1,1
37,100562,0,1,1
37,100570,1,1,1
37,100574,0,1,1
37,100578,0,1,1
37,100582,1,1,1
37,100586,1,1,1
37,100590,0,0,0
37,100594,0,1,1
37,100598,1,1,1
37,100602,0,0,0
37,100606,0,1,1
37,100610,0,1,1
37,100614,1,0,1
37,100618,1,1,1
37,100622,0,0,0
37,100626,0,0,0
37,100630,1,1,1
37,100634,1,0,1
37,100638,0,0,0
37,100642,0,1,1
37,100646,1,1,1
37,100650,1,0,1
37,100654,0,1,1
37,100658,0,0,0
37,100662,1,1,1
37,100666,1,1,1
37,100670,0,0,0
37,100674,0,0,0
37,100678,1,1,1
37,100682,1,0,1
37,100686,0,0,0
37,100690,0,1,1
37,100694,1,1,1
37,100698,1,0,1
37,100702,0,0,0
37,100706,0,1,1
37,100710,0,0,0
37,100718,0,1,1
37,100722,0,1,1
37,100726,1,0,1
37,100730,1,1,1
37,100734,0,0,0
37,100738,0,1,1
37,100742,1,1,1
37,100746,1,1,1
37,100750,0,0,0
37,100754,0,1,1
37,100758,1,0,1
37,100762,1,0,1
37,100766,0,1,1
37,100770,0,0,0
37,100774,1,1,1
37,100778,1,1,1
37,100782,0,0,0
37,100786,0,0,0
37,100790,1,1,1
37,100794,0,1,1
37,100798,0,1,1
37,100802,0,1,1
37,100806,0,1,1
37,100810,1,0,1
37,100814,0,1,1
37,100818,0,1,1
37,100822,0,1,1
37,100826,0,0,0
37,100830,0,0,0
37,100834,0,1,1
37,100838,0,0,0
37,100842,1,0,1
37,100846,0,1,1
37,100850,0,0,0
37,100854,1,0,1
37,100858,0,0,0
37,100866,0,1,1
37,100870,1,1,1
37,100874,1,1,1
37,100878,0,1,1
37,100882,0,0,0
37,100886,1,0,1
37,100890,1,1,1
37,100894,0,0,0
37,100898,0,0,0
37,100902,0,1,1
37,100906,1,1,1
37,100910,0,1,1
37,100914,0,0,0
37,100918,1,0,1
37,100922,0,1,1
37,100926,0,0,0
37,100930,0,1,1
37,100934,1,0,1
37,100938,1,1,1
37,100942,0,1,1
37,100946,0,0,0
37,100950,1,1,1
37,100954,1,1,1
37,100958,0,0,0
37,100962,0,1,1
37,100966,1,0,1
37,100970,0,0,0
37,100974,0,0,0
37,100978,0,1,1
37,100982,1,0,1
37,100986,0,1,1
37,100990,0,1,1
37,100994,0,0,0
37,100998,1,0,1
37,101002,1,1,1
37,101006,0,1,1
37,101014,1,1,1
37,101018,0,1,1
37,101022,0,0,0
37,101026,0,1,1
37,101030,1,1,1
37,101034,0,0,0
37,101038,0,0,0
37,101042,0,0,0
37,101046,1,0,1
37,101050,1,0,1
37,101054,0,1,1
37,101058,0,1,1
37,101062,1,1,1
37,101066,1,1,1
37,101070,0,0,0
37,101074,0,1,1
37,101078,1,1,1
37,101082,0,0,0
37,101086,0,0,0
37,101090,0,0,0
37,101094,1,0,1
37,101098,1,0,1
37,101102,0,1,1
37,101106,0,1,1
37,101110,1,0,1
37,101114,1,1,1
37,101118,0,1,1
37,101122,0,1,1
37,101126,0,1,1
37,101130,1,1,1
37,101134,0,0,0
37,101138,0,0,0
37,101142,1,1,1
37,101146,1,0,1
37,101150,0,0,0
37,101154,0,1,1
37,101162,0,0,0
37,101166,0,1,1
37,101170,0,0,0
37,101174,0,0,0
37,101178,0,0,0
37,101182,0,0,0
37,101186,0,0,0
37,101190,0,0,0
37,101194,1,0,1
37,101198,0,1,1
37,101202,0,0,0
37,101206,1,0,1
37,101210,0,1,1
37,101214,0,1,1
37,101218,0,1,1
37,101222,1,0,1
37,101226,1,0,1
37,101230,0,0,0
37,101234,0,0,0
37,101238,1,0,1
37,101242,0,1,1
37,101246,0,1,1
37,101250,0,0,0
37,101254,0,1,1
37,101258,1,1,1
37,101262,0,0,0
37,101266,0,0,0
37,101270,1,1,1
37,101274,0,0,0
37,101278,0,1,1
37,101282,0,0,0
37,101286,0,0,0
37,101290,0,0,0
37,101294,0,0,0
37,101298,0,0,0
37,101302,1,0,1
