p,q,trace,weak_representatives,fundamental_discriminant,frobenius_2_depth,two_split,v2_delta_quarter,class_number_odd,trace_status
17,289,-9826,0,,,,,,nonordinary_or_unrealized
17,289,-9822,18,-307,4,-1,6,1,ordinary
17,289,-9818,0,-39288,1,0,3,0,ordinary
17,289,-9814,0,-58920,1,0,3,0,ordinary
17,289,-9810,0,-19636,2,0,4,0,ordinary
17,289,-9806,0,-6135,3,1,4,0,ordinary
17,289,-9802,0,-117768,1,0,3,0,ordinary
17,289,-9798,0,-137368,1,0,3,0,ordinary
17,289,-9794,0,-4360,2,0,5,0,ordinary
17,289,-9790,48,-4904,2,0,5,0,ordinary
17,289,-9786,0,-196120,1,0,3,0,ordinary
17,289,-9782,0,-215688,1,0,3,0,ordinary
17,289,-9778,0,-87,3,1,4,0,ordinary
17,289,-9774,24,-52,2,0,4,0,ordinary
17,289,-9770,0,-274344,1,0,3,0,ordinary
17,289,-9766,0,-293880,1,0,3,0,ordinary
17,289,-9762,12,-19588,3,0,6,0,ordinary
17,289,-9758,0,,,,,,nonordinary_or_unrealized
17,289,-9754,0,-39160,1,0,3,0,ordinary
17,289,-9750,0,-371944,1,0,3,0,ordinary
17,289,-9746,24,-97860,2,0,4,0,ordinary
17,289,-9742,0,-25683,3,-1,4,0,ordinary
17,289,-9738,0,-430408,1,0,3,0,ordinary
17,289,-9734,0,-449880,1,0,3,0,ordinary
17,289,-9730,24,-117336,2,0,5,0,ordinary
17,289,-9726,12,-4888,2,0,5,0,ordinary
17,289,-9722,0,-56472,1,0,3,0,ordinary
17,289,-9718,0,-58632,1,0,3,0,ordinary
17,289,-9714,0,-34195,3,-1,4,0,ordinary
17,289,-9710,0,-141636,2,0,4,0,ordinary
17,289,-9706,0,-585960,1,0,3,0,ordinary
17,289,-9702,0,-605368,1,0,3,0,ordinary
17,289,-9698,24,-39048,3,0,7,0,ordinary
17,289,-9694,36,-40260,3,0,6,0,ordinary
17,289,-9690,0,,,,,,nonordinary_or_unrealized
17,289,-9686,0,-75880,1,0,3,0,ordinary
17,289,-9682,12,-19508,2,0,4,0,ordinary
17,289,-9678,12,-45103,3,1,4,0,ordinary
17,289,-9674,0,-29640,1,0,3,0,ordinary
17,289,-9670,0,-760344,1,0,3,0,ordinary
17,289,-9666,0,-194920,2,0,5,0,ordinary
17,289,-9662,24,-199752,2,0,5,0,ordinary
17,289,-9658,0,-818328,1,0,3,0,ordinary
17,289,-9654,0,-837640,1,0,3,0,ordinary
17,289,-9650,12,-5951,3,1,4,0,ordinary
17,289,-9646,12,-24340,2,0,4,0,ordinary
17,289,-9642,0,-895528,1,0,3,0,ordinary
17,289,-9638,0,-914808,1,0,3,0,ordinary
17,289,-9634,12,-14595,4,-1,6,0,ordinary
17,289,-9630,132,-19,6,-1,10,1,ordinary
17,289,-9626,0,-38904,1,0,3,0,ordinary
17,289,-9622,0,,,,,,nonordinary_or_unrealized
17,289,-9618,0,-252772,2,0,4,0,ordinary
17,289,-9614,12,-795,3,-1,4,0,ordinary
17,289,-9610,0,-116616,1,0,3,0,ordinary
17,289,-9606,0,-1068760,1,0,3,0,ordinary
17,289,-9602,12,-271992,2,0,5,0,ordinary
17,289,-9598,48,-276792,2,0,5,0,ordinary
17,289,-9594,0,-1126360,1,0,3,0,ordinary
17,289,-9590,0,-1145544,1,0,3,0,ordinary
17,289,-9586,24,-72795,3,-1,4,0,ordinary
17,289,-9582,12,-295972,2,0,4,0,ordinary
17,289,-9578,0,-2728,1,0,3,0,ordinary
17,289,-9574,0,-5432,1,0,3,0,ordinary
17,289,-9570,12,-19396,4,0,8,0,ordinary
17,289,-9566,36,-19695,4,1,6,0,ordinary
17,289,-9562,0,-1279608,1,0,3,0,ordinary
17,289,-9558,0,-1298728,1,0,3,0,ordinary
17,289,-9554,0,,,,,,nonordinary_or_unrealized
17,289,-9550,12,-83559,3,1,4,0,ordinary
17,289,-9546,0,-1356040,1,0,3,0,ordinary
17,289,-9542,0,-152792,1,0,3,0,ordinary
17,289,-9538,48,-38728,2,0,5,0,ordinary
17,289,-9534,0,-2920,2,0,5,0,ordinary
17,289,-9530,0,-1432344,1,0,3,0,ordinary
17,289,-9526,0,-58056,1,0,3,0,ordinary
17,289,-9522,12,-91903,3,1,4,0,ordinary
17,289,-9518,0,-372372,2,0,4,0,ordinary
17,289,-9514,0,-1508520,1,0,3,0,ordinary
17,289,-9510,0,-1527544,1,0,3,0,ordinary
17,289,-9506,12,-10740,3,0,6,0,ordinary
17,289,-9502,90,-1208,3,0,7,0,ordinary
17,289,-9498,0,-1584568,1,0,3,0,ordinary
17,289,-9494,0,-1603560,1,0,3,0,ordinary
17,289,-9490,12,-405636,2,0,4,0,ordinary
17,289,-9486,0,,,,,,nonordinary_or_unrealized
17,289,-9482,0,-1660488,1,0,3,0,ordinary
17,289,-9478,0,-1679448,1,0,3,0,ordinary
17,289,-9474,12,-16984,2,0,5,0,ordinary
17,289,-9470,60,-47704,2,0,5,0,ordinary
17,289,-9466,0,-192920,1,0,3,0,ordinary
17,289,-9462,0,-1755208,1,0,3,0,ordinary
17,289,-9458,24,-110883,3,-1,4,0,ordinary
17,289,-9454,12,-448260,2,0,4,0,ordinary
17,289,-9450,0,-1811944,1,0,3,0,ordinary
17,289,-9446,0,-1830840,1,0,3,0,ordinary
17,289,-9442,36,-115608,3,0,7,0,ordinary
17,289,-9438,24,-116788,3,0,6,0,ordinary
17,289,-9434,0,-4280,1,0,3,0,ordinary
17,289,-9430,0,-211816,1,0,3,0,ordinary
17,289,-9426,48,-19252,2,0,4,0,ordinary
17,289,-9422,0,-121503,3,1,4,0,ordinary
17,289,-9418,0,,,,,,nonordinary_or_unrealized
17,289,-9414,0,-1981720,1,0,3,0,ordinary
17,289,-9410,60,-500136,2,0,5,0,ordinary
17,289,-9406,36,-504840,2,0,5,0,ordinary
17,289,-9402,0,-2038168,1,0,3,0,ordinary
17,289,-9398,0,-228552,1,0,3,0,ordinary
17,289,-9394,12,-15,3,1,4,0,ordinary
17,289,-9390,0,-523636,2,0,4,0,ordinary
17,289,-9386,0,-2113320,1,0,3,0,ordinary
17,289,-9382,0,-888,1,0,3,0,ordinary
17,289,-9378,36,-33607,4,1,6,0,ordinary
17,289,-9374,108,-339,5,-1,8,0,ordinary
17,289,-9370,0,-2188344,1,0,3,0,ordinary
17,289,-9366,0,-2207080,1,0,3,0,ordinary
17,289,-9362,0,-61828,2,0,4,0,ordinary
17,289,-9358,60,-15587,3,-1,4,0,ordinary
17,289,-9354,0,-2263240,1,0,3,0,ordinary
17,289,-9350,0,,,,,,nonordinary_or_unrealized
17,289,-9346,24,-575160,2,0,5,0,ordinary
17,289,-9342,12,-4792,2,0,5,0,ordinary
17,289,-9338,0,-2338008,1,0,3,0,ordinary
17,289,-9334,0,-2356680,1,0,3,0,ordinary
17,289,-9330,24,-148459,3,-1,4,0,ordinary
17,289,-9326,48,-2660,2,0,4,0,ordinary
17,289,-9322,0,-268072,1,0,3,0,ordinary
17,289,-9318,0,-2431288,1,0,3,0,ordinary
17,289,-9314,48,-38280,4,0,9,0,ordinary
17,289,-9310,96,-38571,4,-1,6,0,ordinary
17,289,-9306,0,-2487160,1,0,3,0,ordinary
17,289,-9302,0,-2505768,1,0,3,0,ordinary
17,289,-9298,24,-631092,2,0,4,0,ordinary
17,289,-9294,0,-158935,3,1,4,0,ordinary
17,289,-9290,0,-31624,1,0,3,0,ordinary
17,289,-9286,0,-286680,1,0,3,0,ordinary
17,289,-9282,0,,,,,,nonordinary_or_unrealized
17,289,-9278,24,-654312,2,0,5,0,ordinary
17,289,-9274,0,-105432,1,0,3,0,ordinary
17,289,-9270,0,-2654344,1,0,3,0,ordinary
17,289,-9266,24,-167055,3,1,4,0,ordinary
17,289,-9262,12,-672852,2,0,4,0,ordinary
17,289,-9258,0,-2709928,1,0,3,0,ordinary
17,289,-9254,0,-303160,1,0,3,0,ordinary
17,289,-9250,60,-19076,3,0,6,0,ordinary
17,289,-9246,60,-172840,3,0,7,0,ordinary
17,289,-9242,0,-2783928,1,0,3,0,ordinary
17,289,-9238,0,-57192,1,0,3,0,ordinary
17,289,-9234,24,-705220,2,0,4,0,ordinary
17,289,-9230,12,-177459,3,-1,4,0,ordinary
17,289,-9226,0,-114312,1,0,3,0,ordinary
17,289,-9222,0,-2876248,1,0,3,0,ordinary
17,289,-9218,42,-152,2,0,5,0,ordinary
17,289,-9214,0,,,,,,nonordinary_or_unrealized
17,289,-9210,0,-2931544,1,0,3,0,ordinary
17,289,-9206,0,-2949960,1,0,3,0,ordinary
17,289,-9202,36,-185523,3,-1,4,0,ordinary
17,289,-9198,12,-746692,2,0,4,0,ordinary
17,289,-9194,0,-3005160,1,0,3,0,ordinary
17,289,-9190,0,-3023544,1,0,3,0,ordinary
17,289,-9186,24,-3880,3,0,7,0,ordinary
17,289,-9182,120,-21252,3,0,6,0,ordinary
17,289,-9178,0,-38008,1,0,3,0,ordinary
17,289,-9174,0,-123880,1,0,3,0,ordinary
17,289,-9170,24,-778836,2,0,4,0,ordinary
17,289,-9166,0,-195855,3,1,4,0,ordinary
17,289,-9162,0,-3152008,1,0,3,0,ordinary
17,289,-9158,0,-3170328,1,0,3,0,ordinary
17,289,-9154,36,-797160,2,0,5,0,ordinary
17,289,-9150,48,-4744,2,0,5,0,ordinary
17,289,-9146,0,,,,,,nonordinary_or_unrealized
17,289,-9142,0,-360392,1,0,3,0,ordinary
17,289,-9138,24,-203863,3,1,4,0,ordinary
17,289,-9134,24,-820020,2,0,4,0,ordinary
17,289,-9130,0,-3298344,1,0,3,0,ordinary
17,289,-9126,0,-132664,1,0,3,0,ordinary
17,289,-9122,108,-52107,4,-1,6,0,ordinary
17,289,-9118,84,-52392,4,0,9,0,ordinary
17,289,-9114,0,-3371320,1,0,3,0,ordinary
17,289,-9110,0,-376616,1,0,3,0,ordinary
17,289,-9106,36,-94660,2,0,4,0,ordinary
17,289,-9102,12,-1267,3,-1,4,0,ordinary
17,289,-9098,0,-3444168,1,0,3,0,ordinary
17,289,-9094,0,-3462360,1,0,3,0,ordinary
17,289,-9090,12,-870136,2,0,5,0,ordinary
17,289,-9086,24,-874680,2,0,5,0,ordinary
17,289,-9082,0,-3516888,1,0,3,0,ordinary
17,289,-9078,0,,,,,,nonordinary_or_unrealized
17,289,-9074,24,-987,3,-1,4,0,ordinary
17,289,-9070,24,-99204,2,0,4,0,ordinary
17,289,-9066,0,-3589480,1,0,3,0,ordinary
17,289,-9062,0,-3607608,1,0,3,0,ordinary
17,289,-9058,84,-14163,5,-1,8,0,ordinary
17,289,-9054,60,-56935,4,1,6,0,ordinary
17,289,-9050,0,-30264,1,0,3,0,ordinary
17,289,-9046,0,-3680040,1,0,3,0,ordinary
17,289,-9042,24,-18868,2,0,4,0,ordinary
17,289,-9038,12,-25807,3,1,4,0,ordinary
17,289,-9034,0,-414920,1,0,3,0,ordinary
17,289,-9030,0,-3752344,1,0,3,0,ordinary
17,289,-9026,48,-37704,2,0,5,0,ordinary
17,289,-9022,12,-947112,2,0,5,0,ordinary
17,289,-9018,0,-3806488,1,0,3,0,ordinary
17,289,-9014,0,-3824520,1,0,3,0,ordinary
17,289,-9010,0,,,,,,nonordinary_or_unrealized
17,289,-9006,0,-965140,2,0,4,0,ordinary
17,289,-9002,0,-430952,1,0,3,0,ordinary
17,289,-8998,0,-432952,1,0,3,0,ordinary
17,289,-8994,60,-244660,3,0,6,0,ordinary
17,289,-8990,84,-5016,3,0,7,0,ordinary
17,289,-8986,0,-3950520,1,0,3,0,ordinary
17,289,-8982,0,-3968488,1,0,3,0,ordinary
17,289,-8978,24,-996612,2,0,4,0,ordinary
17,289,-8974,12,-10011,3,-1,4,0,ordinary
17,289,-8970,0,-4022344,1,0,3,0,ordinary
17,289,-8966,0,-49880,1,0,3,0,ordinary
17,289,-8962,60,-112728,2,0,5,0,ordinary
17,289,-8958,72,-1019032,2,0,5,0,ordinary
17,289,-8954,0,-4094040,1,0,3,0,ordinary
17,289,-8950,0,-4111944,1,0,3,0,ordinary
17,289,-8946,24,-715,3,-1,4,0,ordinary
17,289,-8942,0,,,,,,nonordinary_or_unrealized
17,289,-8938,0,-4165608,1,0,3,0,ordinary
17,289,-8934,0,-4183480,1,0,3,0,ordinary
17,289,-8930,84,-29176,3,0,7,0,ordinary
17,289,-8926,150,-1172,3,0,6,0,ordinary
17,289,-8922,0,-4237048,1,0,3,0,ordinary
17,289,-8918,0,-4254888,1,0,3,0,ordinary
17,289,-8914,24,-1068180,2,0,4,0,ordinary
17,289,-8910,36,-268159,3,1,4,0,ordinary
17,289,-8906,0,-4308360,1,0,3,0,ordinary
17,289,-8902,0,-4326168,1,0,3,0,ordinary
17,289,-8898,36,-1085992,2,0,5,0,ordinary
17,289,-8894,48,-121160,2,0,5,0,ordinary
17,289,-8890,0,-486616,1,0,3,0,ordinary
17,289,-8886,0,-4397320,1,0,3,0,ordinary
17,289,-8882,36,-275943,3,1,4,0,ordinary
17,289,-8878,48,-1108212,2,0,4,0,ordinary
17,289,-8874,0,,,,,,nonordinary_or_unrealized
17,289,-8870,0,-4468344,1,0,3,0,ordinary
17,289,-8866,24,-70095,4,1,6,0,ordinary
17,289,-8862,48,-70372,4,0,8,0,ordinary
17,289,-8858,0,-4152,1,0,3,0,ordinary
17,289,-8854,0,-56040,1,0,3,0,ordinary
17,289,-8850,12,-1139236,2,0,4,0,ordinary
17,289,-8846,12,-5835,3,-1,4,0,ordinary
17,289,-8842,0,-4592328,1,0,3,0,ordinary
17,289,-8838,0,-4610008,1,0,3,0,ordinary
17,289,-8834,48,-1156920,2,0,5,0,ordinary
17,289,-8830,12,-1161336,2,0,5,0,ordinary
17,289,-8826,0,-186520,1,0,3,0,ordinary
17,289,-8822,0,-520072,1,0,3,0,ordinary
17,289,-8818,12,-32627,3,-1,4,0,ordinary
17,289,-8814,12,-1178980,2,0,4,0,ordinary
17,289,-8810,0,-4733544,1,0,3,0,ordinary
17,289,-8806,0,,,,,,nonordinary_or_unrealized
17,289,-8802,12,-18628,5,0,10,0,ordinary
17,289,-8798,84,-74787,4,-1,6,0,ordinary
17,289,-8794,0,-98040,1,0,3,0,ordinary
17,289,-8790,0,-4821544,1,0,3,0,ordinary
17,289,-8786,36,-134420,2,0,4,0,ordinary
17,289,-8782,12,-33727,3,1,4,0,ordinary
17,289,-8778,0,-4874248,1,0,3,0,ordinary
17,289,-8774,0,-195672,1,0,3,0,ordinary
17,289,-8770,60,-1227336,2,0,5,0,ordinary
17,289,-8766,12,-1231720,2,0,5,0,ordinary
17,289,-8762,0,-4944408,1,0,3,0,ordinary
17,289,-8758,0,-4961928,1,0,3,0,ordinary
17,289,-8754,0,-311215,3,1,4,0,ordinary
17,289,-8750,24,-138804,2,0,4,0,ordinary
17,289,-8746,0,-557160,1,0,3,0,ordinary
17,289,-8742,0,-5031928,1,0,3,0,ordinary
17,289,-8738,0,,,,,,nonordinary_or_unrealized
17,289,-8734,36,-316680,3,0,7,0,ordinary
17,289,-8730,0,-5084344,1,0,3,0,ordinary
17,289,-8726,0,-204072,1,0,3,0,ordinary
17,289,-8722,36,-1279812,2,0,4,0,ordinary
17,289,-8718,0,-321043,3,-1,4,0,ordinary
17,289,-8714,0,-572680,1,0,3,0,ordinary
17,289,-8710,0,-574616,1,0,3,0,ordinary
17,289,-8706,60,-1297240,2,0,5,0,ordinary
17,289,-8702,24,-1301592,2,0,5,0,ordinary
17,289,-8698,0,-5223768,1,0,3,0,ordinary
17,289,-8694,0,-5241160,1,0,3,0,ordinary
17,289,-8690,12,-328659,3,-1,4,0,ordinary
17,289,-8686,12,-1318980,2,0,4,0,ordinary
17,289,-8682,0,-5293288,1,0,3,0,ordinary
17,289,-8678,0,-590072,1,0,3,0,ordinary
17,289,-8674,144,-1480,3,0,7,0,ordinary
17,289,-8670,0,,,,,,nonordinary_or_unrealized
17,289,-8666,0,-5362680,1,0,3,0,ordinary
17,289,-8662,0,-5380008,1,0,3,0,ordinary
17,289,-8658,36,-1349332,2,0,4,0,ordinary
17,289,-8654,36,-338415,3,1,4,0,ordinary
17,289,-8650,0,-110856,1,0,3,0,ordinary
17,289,-8646,0,-5449240,1,0,3,0,ordinary
17,289,-8642,60,-16872,2,0,5,0,ordinary
17,289,-8638,72,-152328,2,0,5,0,ordinary
17,289,-8634,0,-5501080,1,0,3,0,ordinary
17,289,-8630,0,-5518344,1,0,3,0,ordinary
17,289,-8626,24,-13839,3,1,4,0,ordinary
17,289,-8622,0,-1388212,2,0,4,0,ordinary
17,289,-8618,0,-5570088,1,0,3,0,ordinary
17,289,-8614,0,-5587320,1,0,3,0,ordinary
17,289,-8610,72,-87571,4,-1,6,0,ordinary
17,289,-8606,132,-2440,5,0,11,0,ordinary
17,289,-8602,0,,,,,,nonordinary_or_unrealized
17,289,-8598,0,-115432,1,0,3,0,ordinary
17,289,-8594,0,-1418340,2,0,4,0,ordinary
17,289,-8590,24,-355659,3,-1,4,0,ordinary
17,289,-8586,0,-5707720,1,0,3,0,ordinary
17,289,-8582,0,-5724888,1,0,3,0,ordinary
17,289,-8578,0,-1435512,2,0,5,0,ordinary
17,289,-8574,12,-57592,2,0,5,0,ordinary
17,289,-8570,0,-641816,1,0,3,0,ordinary
17,289,-8566,0,-5320,1,0,3,0,ordinary
17,289,-8562,0,-363163,3,-1,4,0,ordinary
17,289,-8558,0,-1456932,2,0,4,0,ordinary
17,289,-8554,0,-5844840,1,0,3,0,ordinary
17,289,-8550,0,-5861944,1,0,3,0,ordinary
17,289,-8546,108,-91860,4,0,8,0,ordinary
17,289,-8542,168,-92127,4,1,6,0,ordinary
17,289,-8538,0,-5913208,1,0,3,0,ordinary
17,289,-8534,0,,,,,,nonordinary_or_unrealized
17,289,-8530,36,-18356,2,0,4,0,ordinary
17,289,-8526,0,-14911,3,1,4,0,ordinary
17,289,-8522,0,-5981448,1,0,3,0,ordinary
17,289,-8518,0,-5998488,1,0,3,0,ordinary
17,289,-8514,12,-1503880,2,0,5,0,ordinary
17,289,-8510,48,-1508136,2,0,5,0,ordinary
17,289,-8506,0,-6049560,1,0,3,0,ordinary
17,289,-8502,0,-6066568,1,0,3,0,ordinary
17,289,-8498,24,-42247,3,1,4,0,ordinary
17,289,-8494,12,-169460,2,0,4,0,ordinary
17,289,-8490,0,-6117544,1,0,3,0,ordinary
17,289,-8486,0,-6134520,1,0,3,0,ordinary
17,289,-8482,84,-384468,3,0,6,0,ordinary
17,289,-8478,84,-385528,3,0,7,0,ordinary
17,289,-8474,0,-1464,1,0,3,0,ordinary
17,289,-8470,0,-6202344,1,0,3,0,ordinary
17,289,-8466,0,,,,,,nonordinary_or_unrealized
17,289,-8462,36,-43307,3,-1,4,0,ordinary
17,289,-8458,0,-694792,1,0,3,0,ordinary
17,289,-8454,0,-127960,1,0,3,0,ordinary
17,289,-8450,36,-1571736,2,0,5,0,ordinary
17,289,-8446,12,-1575960,2,0,5,0,ordinary
17,289,-8442,0,-6320728,1,0,3,0,ordinary
17,289,-8438,0,-6337608,1,0,3,0,ordinary
17,289,-8434,0,-397155,3,-1,4,0,ordinary
17,289,-8430,24,-1592836,2,0,4,0,ordinary
17,289,-8426,0,-168,1,0,3,0,ordinary
17,289,-8422,0,-711672,1,0,3,0,ordinary
17,289,-8418,24,-401368,3,0,7,0,ordinary
17,289,-8414,72,-402420,3,0,6,0,ordinary
17,289,-8410,0,-6455544,1,0,3,0,ordinary
17,289,-8406,0,-6472360,1,0,3,0,ordinary
17,289,-8402,36,-33108,2,0,4,0,ordinary
17,289,-8398,0,,,,,,nonordinary_or_unrealized
17,289,-8394,0,-6522760,1,0,3,0,ordinary
17,289,-8390,0,-726616,1,0,3,0,ordinary
17,289,-8386,36,-182120,2,0,5,0,ordinary
17,289,-8382,72,-4552,2,0,5,0,ordinary
17,289,-8378,0,-6589848,1,0,3,0,ordinary
17,289,-8374,0,-2184,1,0,3,0,ordinary
17,289,-8370,0,-413959,3,1,4,0,ordinary
17,289,-8366,24,-1660020,2,0,4,0,ordinary
17,289,-8362,0,-6656808,1,0,3,0,ordinary
17,289,-8358,0,-6673528,1,0,3,0,ordinary
17,289,-8354,192,-11615,4,1,6,0,ordinary
17,289,-8350,252,-2911,5,1,8,0,ordinary
17,289,-8346,0,-6723640,1,0,3,0,ordinary
17,289,-8342,0,-6740328,1,0,3,0,ordinary
17,289,-8338,24,-1689252,2,0,4,0,ordinary
17,289,-8334,12,-423355,3,-1,4,0,ordinary
17,289,-8330,0,,,,,,nonordinary_or_unrealized
17,289,-8326,0,-272280,1,0,3,0,ordinary
17,289,-8322,24,-1705912,2,0,5,0,ordinary
17,289,-8318,24,-21112,2,0,5,0,ordinary
17,289,-8314,0,-761880,1,0,3,0,ordinary
17,289,-8310,0,-6873544,1,0,3,0,ordinary
17,289,-8306,24,-430635,3,-1,4,0,ordinary
17,289,-8302,0,-1726692,2,0,4,0,ordinary
17,289,-8298,0,-6923368,1,0,3,0,ordinary
17,289,-8294,0,-6939960,1,0,3,0,ordinary
17,289,-8290,120,-108696,4,0,9,0,ordinary
17,289,-8286,132,-108955,4,-1,6,0,ordinary
17,289,-8282,0,-776632,1,0,3,0,ordinary
17,289,-8278,0,-778472,1,0,3,0,ordinary
17,289,-8274,12,-70228,2,0,4,0,ordinary
17,289,-8270,48,-439959,3,1,4,0,ordinary
17,289,-8266,0,-7055880,1,0,3,0,ordinary
17,289,-8262,0,,,,,,nonordinary_or_unrealized
17,289,-8258,36,-36168,2,0,5,0,ordinary
17,289,-8254,60,-1776360,2,0,5,0,ordinary
17,289,-8250,0,-7121944,1,0,3,0,ordinary
17,289,-8246,0,-793160,1,0,3,0,ordinary
17,289,-8242,24,-49687,3,1,4,0,ordinary
17,289,-8238,24,-1792852,2,0,4,0,ordinary
17,289,-8234,0,-7187880,1,0,3,0,ordinary
17,289,-8230,0,-7204344,1,0,3,0,ordinary
17,289,-8226,84,-18052,3,0,6,0,ordinary
17,289,-8222,12,-452328,3,0,7,0,ordinary
17,289,-8218,0,-7253688,1,0,3,0,ordinary
17,289,-8214,0,-7270120,1,0,3,0,ordinary
17,289,-8210,24,-202404,2,0,4,0,ordinary
17,289,-8206,72,-115,3,-1,4,0,ordinary
17,289,-8202,0,-7319368,1,0,3,0,ordinary
17,289,-8198,0,-7335768,1,0,3,0,ordinary
17,289,-8194,0,,,,,,nonordinary_or_unrealized
17,289,-8190,24,-1842136,2,0,5,0,ordinary
17,289,-8186,0,-7384920,1,0,3,0,ordinary
17,289,-8182,0,-7401288,1,0,3,0,ordinary
17,289,-8178,12,-463603,3,-1,4,0,ordinary
17,289,-8174,36,-8260,2,0,4,0,ordinary
17,289,-8170,0,-827816,1,0,3,0,ordinary
17,289,-8166,0,-7466680,1,0,3,0,ordinary
17,289,-8162,72,-467688,3,0,7,0,ordinary
17,289,-8158,36,-468708,3,0,6,0,ordinary
17,289,-8154,0,-7515640,1,0,3,0,ordinary
17,289,-8150,0,-7531944,1,0,3,0,ordinary
17,289,-8146,24,-1887060,2,0,4,0,ordinary
17,289,-8142,24,-472783,3,1,4,0,ordinary
17,289,-8138,0,-842312,1,0,3,0,ordinary
17,289,-8134,0,-844120,1,0,3,0,ordinary
17,289,-8130,24,-424,2,0,5,0,ordinary
17,289,-8126,0,,,,,,nonordinary_or_unrealized
17,289,-8122,0,-7645848,1,0,3,0,ordinary
17,289,-8118,0,-7662088,1,0,3,0,ordinary
17,289,-8114,12,-479895,3,1,4,0,ordinary
17,289,-8110,36,-1923636,2,0,4,0,ordinary
17,289,-8106,0,-7710760,1,0,3,0,ordinary
17,289,-8102,0,-858552,1,0,3,0,ordinary
17,289,-8098,144,-13443,4,-1,6,0,ordinary
17,289,-8094,48,-121240,4,0,9,0,ordinary
17,289,-8090,0,-7775544,1,0,3,0,ordinary
17,289,-8086,0,-7791720,1,0,3,0,ordinary
17,289,-8082,24,-16132,2,0,4,0,ordinary
17,289,-8078,24,-489003,3,-1,4,0,ordinary
17,289,-8074,0,-313608,1,0,3,0,ordinary
17,289,-8070,0,-7856344,1,0,3,0,ordinary
17,289,-8066,36,-218680,2,0,5,0,ordinary
17,289,-8062,120,-4472,2,0,5,0,ordinary
17,289,-8058,0,,,,,,nonordinary_or_unrealized
17,289,-8054,0,-7920840,1,0,3,0,ordinary
17,289,-8050,12,-496059,3,-1,4,0,ordinary
17,289,-8046,24,-1988260,2,0,4,0,ordinary
17,289,-8042,0,-7969128,1,0,3,0,ordinary
17,289,-8038,0,-7985208,1,0,3,0,ordinary
17,289,-8034,96,-31255,5,1,8,0,ordinary
17,289,-8030,192,-13919,4,1,6,0,ordinary
17,289,-8026,0,-35704,1,0,3,0,ordinary
17,289,-8022,0,-8049448,1,0,3,0,ordinary
17,289,-8018,36,-2016372,2,0,4,0,ordinary
17,289,-8014,24,-505095,3,1,4,0,ordinary
17,289,-8010,0,-165256,1,0,3,0,ordinary
17,289,-8006,0,-8113560,1,0,3,0,ordinary
17,289,-8002,60,-2032392,2,0,5,0,ordinary
17,289,-7998,36,-2036392,2,0,5,0,ordinary
17,289,-7994,0,-100760,1,0,3,0,ordinary
17,289,-7990,0,,,,,,nonordinary_or_unrealized
17,289,-7986,24,-512095,3,1,4,0,ordinary
17,289,-7982,36,-2052372,2,0,4,0,ordinary
17,289,-7978,0,-8225448,1,0,3,0,ordinary
17,289,-7974,0,-329656,1,0,3,0,ordinary
17,289,-7970,204,-516084,3,0,6,0,ordinary
17,289,-7966,108,-517080,3,0,7,0,ordinary
17,289,-7962,0,-8289208,1,0,3,0,ordinary
17,289,-7958,0,-922792,1,0,3,0,ordinary
17,289,-7954,48,-231140,2,0,4,0,ordinary
17,289,-7950,36,-521059,3,-1,4,0,ordinary
17,289,-7946,0,-8352840,1,0,3,0,ordinary
17,289,-7942,0,-8368728,1,0,3,0,ordinary
17,289,-7938,48,-2096152,2,0,5,0,ordinary
17,289,-7934,48,-2100120,2,0,5,0,ordinary
17,289,-7930,0,-8416344,1,0,3,0,ordinary
17,289,-7926,0,-337288,1,0,3,0,ordinary
17,289,-7922,0,,,,,,nonordinary_or_unrealized
17,289,-7918,48,-235108,2,0,4,0,ordinary
17,289,-7914,0,-8479720,1,0,3,0,ordinary
17,289,-7910,0,-8495544,1,0,3,0,ordinary
17,289,-7906,60,-531960,3,0,7,0,ordinary
17,289,-7902,60,-532948,3,0,6,0,ordinary
17,289,-7898,0,-8542968,1,0,3,0,ordinary
17,289,-7894,0,-8558760,1,0,3,0,ordinary
17,289,-7890,24,-17716,2,0,4,0,ordinary
17,289,-7886,36,-59655,3,1,4,0,ordinary
17,289,-7882,0,-106248,1,0,3,0,ordinary
17,289,-7878,0,-8621848,1,0,3,0,ordinary
17,289,-7874,60,-86376,2,0,5,0,ordinary
17,289,-7870,96,-2163336,2,0,5,0,ordinary
17,289,-7866,0,-176920,1,0,3,0,ordinary
17,289,-7862,0,-8684808,1,0,3,0,ordinary
17,289,-7858,12,-543783,3,1,4,0,ordinary
17,289,-7854,0,,,,,,nonordinary_or_unrealized
17,289,-7850,0,-970216,1,0,3,0,ordinary
17,289,-7846,0,-440,1,0,3,0,ordinary
17,289,-7842,72,-136927,4,1,6,0,ordinary
17,289,-7838,72,-137172,4,0,8,0,ordinary
17,289,-7834,0,-8794680,1,0,3,0,ordinary
17,289,-7830,0,-8810344,1,0,3,0,ordinary
17,289,-7826,72,-88260,2,0,4,0,ordinary
17,289,-7822,0,-552603,3,-1,4,0,ordinary
17,289,-7818,0,-8857288,1,0,3,0,ordinary
17,289,-7814,0,-20120,1,0,3,0,ordinary
17,289,-7810,60,-246904,2,0,5,0,ordinary
17,289,-7806,72,-2226040,2,0,5,0,ordinary
17,289,-7802,0,-8919768,1,0,3,0,ordinary
17,289,-7798,0,-52872,1,0,3,0,ordinary
17,289,-7794,24,-559435,3,-1,4,0,ordinary
17,289,-7790,84,-2241636,2,0,4,0,ordinary
17,289,-7786,0,,,,,,nonordinary_or_unrealized
17,289,-7782,0,-8997688,1,0,3,0,ordinary
17,289,-7778,168,-3912,5,0,11,0,ordinary
17,289,-7774,168,-627,4,-1,6,0,ordinary
17,289,-7770,0,-9044344,1,0,3,0,ordinary
17,289,-7766,0,-9059880,1,0,3,0,ordinary
17,289,-7762,0,-2268852,2,0,4,0,ordinary
17,289,-7758,24,-568183,3,1,4,0,ordinary
17,289,-7754,0,-9106440,1,0,3,0,ordinary
17,289,-7750,0,-53976,1,0,3,0,ordinary
17,289,-7746,60,-2284360,2,0,5,0,ordinary
17,289,-7742,24,-254248,2,0,5,0,ordinary
17,289,-7738,0,-1018712,1,0,3,0,ordinary
17,289,-7734,0,-9183880,1,0,3,0,ordinary
17,289,-7730,36,-574959,3,1,4,0,ordinary
17,289,-7726,48,-92148,2,0,4,0,ordinary
17,289,-7722,0,-9230248,1,0,3,0,ordinary
17,289,-7718,0,,,,,,nonordinary_or_unrealized
17,289,-7714,132,-578820,3,0,6,0,ordinary
17,289,-7710,108,-1096,3,0,7,0,ordinary
17,289,-7706,0,-1032440,1,0,3,0,ordinary
17,289,-7702,0,-1034152,1,0,3,0,ordinary
17,289,-7698,12,-2330692,2,0,4,0,ordinary
17,289,-7694,36,-583635,3,-1,4,0,ordinary
17,289,-7690,0,-9353544,1,0,3,0,ordinary
17,289,-7686,0,-9368920,1,0,3,0,ordinary
17,289,-7682,12,-2346072,2,0,5,0,ordinary
17,289,-7678,36,-2349912,2,0,5,0,ordinary
17,289,-7674,0,-15064,1,0,3,0,ordinary
17,289,-7670,0,-264,1,0,3,0,ordinary
17,289,-7666,36,-65595,3,-1,4,0,ordinary
17,289,-7662,12,-2365252,2,0,4,0,ordinary
17,289,-7658,0,-9476328,1,0,3,0,ordinary
17,289,-7654,0,-9491640,1,0,3,0,ordinary
17,289,-7650,0,,,,,,nonordinary_or_unrealized
17,289,-7646,156,-595140,3,0,6,0,ordinary
17,289,-7642,0,-9537528,1,0,3,0,ordinary
17,289,-7638,0,-9552808,1,0,3,0,ordinary
17,289,-7634,24,-265780,2,0,4,0,ordinary
17,289,-7630,60,-66551,3,1,4,0,ordinary
17,289,-7626,0,-383944,1,0,3,0,ordinary
17,289,-7622,0,-9613848,1,0,3,0,ordinary
17,289,-7618,60,-49128,2,0,5,0,ordinary
17,289,-7614,48,-2411080,2,0,5,0,ordinary
17,289,-7610,0,-9659544,1,0,3,0,ordinary
17,289,-7606,0,-9674760,1,0,3,0,ordinary
17,289,-7602,0,-605623,3,1,4,0,ordinary
17,289,-7598,36,-2228,2,0,4,0,ordinary
17,289,-7594,0,-1080040,1,0,3,0,ordinary
17,289,-7590,0,-9735544,1,0,3,0,ordinary
17,289,-7586,84,-152355,4,-1,6,0,ordinary
17,289,-7582,0,,,,,,nonordinary_or_unrealized
17,289,-7578,0,-9781048,1,0,3,0,ordinary
17,289,-7574,0,-391848,1,0,3,0,ordinary
17,289,-7570,36,-2452836,2,0,4,0,ordinary
17,289,-7566,12,-614155,3,-1,4,0,ordinary
17,289,-7562,0,-1093512,1,0,3,0,ordinary
17,289,-7558,0,-121688,1,0,3,0,ordinary
17,289,-7554,48,-2467960,2,0,5,0,ordinary
17,289,-7550,96,-2471736,2,0,5,0,ordinary
17,289,-7546,0,-9902040,1,0,3,0,ordinary
17,289,-7542,0,-9917128,1,0,3,0,ordinary
17,289,-7538,24,-620763,3,-1,4,0,ordinary
17,289,-7534,48,-2486820,2,0,4,0,ordinary
17,289,-7530,0,-9962344,1,0,3,0,ordinary
17,289,-7526,0,-44344,1,0,3,0,ordinary
17,289,-7522,108,-17348,4,0,8,0,ordinary
17,289,-7518,72,-156367,4,1,6,0,ordinary
17,289,-7514,0,,,,,,nonordinary_or_unrealized
17,289,-7510,0,-10037544,1,0,3,0,ordinary
17,289,-7506,0,-2513140,2,0,4,0,ordinary
17,289,-7502,12,-1743,3,1,4,0,ordinary
17,289,-7498,0,-10082568,1,0,3,0,ordinary
17,289,-7494,0,-10097560,1,0,3,0,ordinary
17,289,-7490,168,-280904,2,0,5,0,ordinary
17,289,-7486,36,-281320,2,0,5,0,ordinary
17,289,-7482,0,-10142488,1,0,3,0,ordinary
17,289,-7478,0,-10157448,1,0,3,0,ordinary
17,289,-7474,24,-519,3,1,4,0,ordinary
17,289,-7470,36,-2546836,2,0,4,0,ordinary
17,289,-7466,0,-10202280,1,0,3,0,ordinary
17,289,-7462,0,-10217208,1,0,3,0,ordinary
17,289,-7458,48,-639508,3,0,6,0,ordinary
17,289,-7454,108,-71160,3,0,7,0,ordinary
17,289,-7450,0,-1140216,1,0,3,0,ordinary
17,289,-7446,0,,,,,,nonordinary_or_unrealized
17,289,-7442,12,-2572932,2,0,4,0,ordinary
17,289,-7438,36,-644163,3,-1,4,0,ordinary
17,289,-7434,0,-10321480,1,0,3,0,ordinary
17,289,-7430,0,-10336344,1,0,3,0,ordinary
17,289,-7426,96,-103512,2,0,5,0,ordinary
17,289,-7422,72,-52888,2,0,5,0,ordinary
17,289,-7418,0,-1153432,1,0,3,0,ordinary
17,289,-7414,0,-1155080,1,0,3,0,ordinary
17,289,-7410,12,-650659,3,-1,4,0,ordinary
17,289,-7406,36,-21540,2,0,4,0,ordinary
17,289,-7402,0,-10440168,1,0,3,0,ordinary
17,289,-7398,0,-10454968,1,0,3,0,ordinary
17,289,-7394,132,-654360,3,0,7,0,ordinary
17,289,-7390,108,-655284,3,0,6,0,ordinary
17,289,-7386,0,-10499320,1,0,3,0,ordinary
17,289,-7382,0,-1168232,1,0,3,0,ordinary
17,289,-7378,0,,,,,,nonordinary_or_unrealized
17,289,-7374,12,-26359,3,1,4,0,ordinary
17,289,-7370,0,-10558344,1,0,3,0,ordinary
17,289,-7366,0,-10573080,1,0,3,0,ordinary
17,289,-7362,48,-2646952,2,0,5,0,ordinary
17,289,-7358,48,-2650632,2,0,5,0,ordinary
17,289,-7354,0,-10617240,1,0,3,0,ordinary
17,289,-7350,0,-10631944,1,0,3,0,ordinary
17,289,-7346,48,-8215,3,1,4,0,ordinary
17,289,-7342,24,-296148,2,0,4,0,ordinary
17,289,-7338,0,-10676008,1,0,3,0,ordinary
17,289,-7334,0,-10690680,1,0,3,0,ordinary
17,289,-7330,240,-167271,4,1,6,0,ordinary
17,289,-7326,132,-67,5,-1,8,1,ordinary
17,289,-7322,0,-10734648,1,0,3,0,ordinary
17,289,-7318,0,-10749288,1,0,3,0,ordinary
17,289,-7314,36,-2690980,2,0,4,0,ordinary
17,289,-7310,0,,,,,,nonordinary_or_unrealized
17,289,-7306,0,-1199240,1,0,3,0,ordinary
17,289,-7302,0,-10807768,1,0,3,0,ordinary
17,289,-7298,36,-2705592,2,0,5,0,ordinary
17,289,-7294,84,-2709240,2,0,5,0,ordinary
17,289,-7290,0,-10851544,1,0,3,0,ordinary
17,289,-7286,0,-10866120,1,0,3,0,ordinary
17,289,-7282,24,-680043,3,-1,4,0,ordinary
17,289,-7278,12,-55588,2,0,4,0,ordinary
17,289,-7274,0,-48488,1,0,3,0,ordinary
17,289,-7270,0,-1213816,1,0,3,0,ordinary
17,289,-7266,120,-170920,4,0,9,0,ordinary
17,289,-7262,84,-171147,4,-1,6,0,ordinary
17,289,-7258,0,-10967928,1,0,3,0,ordinary
17,289,-7254,0,-10982440,1,0,3,0,ordinary
17,289,-7250,60,-2749236,2,0,4,0,ordinary
17,289,-7246,36,-688215,3,1,4,0,ordinary
17,289,-7242,0,,,,,,nonordinary_or_unrealized
17,289,-7238,0,-1226712,1,0,3,0,ordinary
17,289,-7234,72,-34120,2,0,5,0,ordinary
17,289,-7230,72,-2767336,2,0,5,0,ordinary
17,289,-7226,0,-9048,1,0,3,0,ordinary
17,289,-7222,0,-11098248,1,0,3,0,ordinary
17,289,-7218,0,-694543,3,1,4,0,ordinary
17,289,-7214,12,-2781780,2,0,4,0,ordinary
17,289,-7210,0,-11141544,1,0,3,0,ordinary
17,289,-7206,0,-11155960,1,0,3,0,ordinary
17,289,-7202,120,-77572,3,0,6,0,ordinary
17,289,-7198,144,-77672,3,0,7,0,ordinary
17,289,-7194,0,-11199160,1,0,3,0,ordinary
17,289,-7190,0,-11213544,1,0,3,0,ordinary
17,289,-7186,48,-2806980,2,0,4,0,ordinary
17,289,-7182,12,-702643,3,-1,4,0,ordinary
17,289,-7178,0,-11256648,1,0,3,0,ordinary
17,289,-7174,0,,,,,,nonordinary_or_unrealized
17,289,-7170,96,-2821336,2,0,5,0,ordinary
17,289,-7166,144,-313880,2,0,5,0,ordinary
17,289,-7162,0,-1257112,1,0,3,0,ordinary
17,289,-7158,0,-11328328,1,0,3,0,ordinary
17,289,-7154,24,-708915,3,-1,4,0,ordinary
17,289,-7150,24,-2839236,2,0,4,0,ordinary
17,289,-7146,0,-11371240,1,0,3,0,ordinary
17,289,-7142,0,-11385528,1,0,3,0,ordinary
17,289,-7138,84,-712488,3,0,7,0,ordinary
17,289,-7134,60,-713380,3,0,6,0,ordinary
17,289,-7130,0,-1269816,1,0,3,0,ordinary
17,289,-7126,0,-50856,1,0,3,0,ordinary
17,289,-7122,12,-16948,2,0,4,0,ordinary
17,289,-7118,36,-716943,3,1,4,0,ordinary
17,289,-7114,0,-94920,1,0,3,0,ordinary
17,289,-7110,0,-11499544,1,0,3,0,ordinary
17,289,-7106,0,,,,,,nonordinary_or_unrealized
17,289,-7102,0,-5448,2,0,5,0,ordinary
17,289,-7098,0,-11542168,1,0,3,0,ordinary
17,289,-7094,0,-1284040,1,0,3,0,ordinary
17,289,-7090,60,-80351,3,1,4,0,ordinary
17,289,-7086,24,-2896180,2,0,4,0,ordinary
17,289,-7082,0,-236712,1,0,3,0,ordinary
17,289,-7078,0,-11613048,1,0,3,0,ordinary
17,289,-7074,126,-43,4,-1,6,1,ordinary
17,289,-7070,132,-181896,4,0,9,0,ordinary
17,289,-7066,0,-11655480,1,0,3,0,ordinary
17,289,-7062,0,-11669608,1,0,3,0,ordinary
17,289,-7058,48,-324548,2,0,4,0,ordinary
17,289,-7054,48,-81235,3,-1,4,0,ordinary
17,289,-7050,0,-11711944,1,0,3,0,ordinary
17,289,-7046,0,-11726040,1,0,3,0,ordinary
17,289,-7042,72,-2935032,2,0,5,0,ordinary
17,289,-7038,0,,,,,,nonordinary_or_unrealized
17,289,-7034,0,-11768280,1,0,3,0,ordinary
17,289,-7030,0,-240456,1,0,3,0,ordinary
17,289,-7026,24,-29491,3,-1,4,0,ordinary
17,289,-7022,72,-36452,2,0,4,0,ordinary
17,289,-7018,0,-1313832,1,0,3,0,ordinary
17,289,-7014,0,-11838520,1,0,3,0,ordinary
17,289,-7010,84,-46299,5,-1,8,0,ordinary
17,289,-7006,252,-185415,4,1,6,0,ordinary
17,289,-7002,0,-11880568,1,0,3,0,ordinary
17,289,-6998,0,-11894568,1,0,3,0,ordinary
17,289,-6994,12,-3540,2,0,4,0,ordinary
17,289,-6990,12,-745159,3,1,4,0,ordinary
17,289,-6986,0,-1326280,1,0,3,0,ordinary
17,289,-6982,0,-1327832,1,0,3,0,ordinary
17,289,-6978,36,-2991112,2,0,5,0,ordinary
17,289,-6974,108,-119784,2,0,5,0,ordinary
17,289,-6970,0,,,,,,nonordinary_or_unrealized
17,289,-6966,0,-12006280,1,0,3,0,ordinary
17,289,-6962,24,-751263,3,1,4,0,ordinary
17,289,-6958,36,-3008532,2,0,4,0,ordinary
17,289,-6954,0,-12048040,1,0,3,0,ordinary
17,289,-6950,0,-1340216,1,0,3,0,ordinary
17,289,-6946,144,-83860,3,0,6,0,ordinary
17,289,-6942,36,-755608,3,0,7,0,ordinary
17,289,-6938,0,-33528,1,0,3,0,ordinary
17,289,-6934,0,-12117480,1,0,3,0,ordinary
17,289,-6930,0,-3032836,2,0,4,0,ordinary
17,289,-6926,12,-30363,3,-1,4,0,ordinary
17,289,-6922,0,-100488,1,0,3,0,ordinary
17,289,-6918,0,-12172888,1,0,3,0,ordinary
17,289,-6914,72,-338520,2,0,5,0,ordinary
17,289,-6910,114,-4184,2,0,5,0,ordinary
17,289,-6906,0,-12214360,1,0,3,0,ordinary
17,289,-6902,0,,,,,,nonordinary_or_unrealized
17,289,-6898,36,-765123,3,-1,4,0,ordinary
17,289,-6894,36,-3063940,2,0,4,0,ordinary
17,289,-6890,0,-12269544,1,0,3,0,ordinary
17,289,-6886,0,-250680,1,0,3,0,ordinary
17,289,-6882,108,-768568,3,0,7,0,ordinary
17,289,-6878,72,-85492,3,0,6,0,ordinary
17,289,-6874,0,-54776,1,0,3,0,ordinary
17,289,-6870,0,-12338344,1,0,3,0,ordinary
17,289,-6866,48,-3088020,2,0,4,0,ordinary
17,289,-6862,36,-772863,3,1,4,0,ordinary
17,289,-6858,0,-12379528,1,0,3,0,ordinary
17,289,-6854,0,-12393240,1,0,3,0,ordinary
17,289,-6850,48,-3101736,2,0,5,0,ordinary
17,289,-6846,48,-3105160,2,0,5,0,ordinary
17,289,-6842,0,-1381592,1,0,3,0,ordinary
17,289,-6838,0,-1383112,1,0,3,0,ordinary
17,289,-6834,0,,,,,,nonordinary_or_unrealized
17,289,-6830,24,-3118836,2,0,4,0,ordinary
17,289,-6826,0,-499560,1,0,3,0,ordinary
17,289,-6822,0,-12502648,1,0,3,0,ordinary
17,289,-6818,156,-195567,4,1,6,0,ordinary
17,289,-6814,168,-195780,4,0,8,0,ordinary
17,289,-6810,0,-12543544,1,0,3,0,ordinary
17,289,-6806,0,-1395240,1,0,3,0,ordinary
17,289,-6802,0,-349188,2,0,4,0,ordinary
17,289,-6798,24,-786523,3,-1,4,0,ordinary
17,289,-6794,0,-12597960,1,0,3,0,ordinary
17,289,-6790,0,-12611544,1,0,3,0,ordinary
17,289,-6786,48,-3156280,2,0,5,0,ordinary
17,289,-6782,60,-3159672,2,0,5,0,ordinary
17,289,-6778,0,-12652248,1,0,3,0,ordinary
17,289,-6774,0,-506632,1,0,3,0,ordinary
17,289,-6770,36,-88051,3,-1,4,0,ordinary
17,289,-6766,0,,,,,,nonordinary_or_unrealized
17,289,-6762,0,-12706408,1,0,3,0,ordinary
17,289,-6758,0,-12719928,1,0,3,0,ordinary
17,289,-6754,156,-12435,6,-1,10,0,ordinary
17,289,-6750,120,-199171,4,-1,6,0,ordinary
17,289,-6746,0,-12760440,1,0,3,0,ordinary
17,289,-6742,0,-12773928,1,0,3,0,ordinary
17,289,-6738,12,-3196852,2,0,4,0,ordinary
17,289,-6734,48,-88895,3,1,4,0,ordinary
17,289,-6730,0,-1423816,1,0,3,0,ordinary
17,289,-6726,0,-513112,1,0,3,0,ordinary
17,289,-6722,84,-3210312,2,0,5,0,ordinary
17,289,-6718,24,-3213672,2,0,5,0,ordinary
17,289,-6714,0,-12868120,1,0,3,0,ordinary
17,289,-6710,0,-12881544,1,0,3,0,ordinary
17,289,-6706,60,-805935,3,1,4,0,ordinary
17,289,-6702,24,-3227092,2,0,4,0,ordinary
17,289,-6698,0,,,,,,nonordinary_or_unrealized
17,289,-6694,0,-1437240,1,0,3,0,ordinary
17,289,-6690,72,-16516,3,0,6,0,ordinary
17,289,-6686,84,-810120,3,0,7,0,ordinary
17,289,-6682,0,-12975288,1,0,3,0,ordinary
17,289,-6678,0,-12988648,1,0,3,0,ordinary
17,289,-6674,24,-130020,2,0,4,0,ordinary
17,289,-6670,36,-813459,3,-1,4,0,ordinary
17,289,-6666,0,-13028680,1,0,3,0,ordinary
17,289,-6662,0,-1449112,1,0,3,0,ordinary
17,289,-6658,108,-362648,2,0,5,0,ordinary
17,289,-6654,60,-3267160,2,0,5,0,ordinary
17,289,-6650,0,-13081944,1,0,3,0,ordinary
17,289,-6646,0,-13095240,1,0,3,0,ordinary
17,289,-6642,48,-819283,3,-1,4,0,ordinary
17,289,-6638,36,-66948,2,0,4,0,ordinary
17,289,-6634,0,-13135080,1,0,3,0,ordinary
17,289,-6630,0,,,,,,nonordinary_or_unrealized
17,289,-6626,204,-3656,3,0,7,0,ordinary
17,289,-6622,48,-91492,3,0,6,0,ordinary
17,289,-6618,0,-13188088,1,0,3,0,ordinary
17,289,-6614,0,-13201320,1,0,3,0,ordinary
17,289,-6610,0,-3303636,2,0,4,0,ordinary
17,289,-6606,36,-826735,3,1,4,0,ordinary
17,289,-6602,0,-9672,1,0,3,0,ordinary
17,289,-6598,0,-13254168,1,0,3,0,ordinary
17,289,-6594,36,-3316840,2,0,5,0,ordinary
17,289,-6590,96,-368904,2,0,5,0,ordinary
17,289,-6586,0,-164120,1,0,3,0,ordinary
17,289,-6582,0,-13306888,1,0,3,0,ordinary
17,289,-6578,0,-832503,3,1,4,0,ordinary
17,289,-6574,60,-133332,2,0,4,0,ordinary
17,289,-6570,0,-13346344,1,0,3,0,ordinary
17,289,-6566,0,-13359480,1,0,3,0,ordinary
17,289,-6562,0,,,,,,nonordinary_or_unrealized
17,289,-6558,96,-3268,7,0,14,0,ordinary
17,289,-6554,0,-1488760,1,0,3,0,ordinary
17,289,-6550,0,-1490216,1,0,3,0,ordinary
17,289,-6546,0,-3356260,2,0,4,0,ordinary
17,289,-6542,12,-839883,3,-1,4,0,ordinary
17,289,-6538,0,-13451208,1,0,3,0,ordinary
17,289,-6534,0,-13464280,1,0,3,0,ordinary
17,289,-6530,96,-3369336,2,0,5,0,ordinary
17,289,-6526,144,-134904,2,0,5,0,ordinary
17,289,-6522,0,-13503448,1,0,3,0,ordinary
17,289,-6518,0,-1501832,1,0,3,0,ordinary
17,289,-6514,48,-93955,3,-1,4,0,ordinary
17,289,-6510,36,-3385636,2,0,4,0,ordinary
17,289,-6506,0,-13555560,1,0,3,0,ordinary
17,289,-6502,0,-13568568,1,0,3,0,ordinary
17,289,-6498,108,-212212,4,0,8,0,ordinary
17,289,-6494,0,,,,,,nonordinary_or_unrealized
17,289,-6490,0,-13607544,1,0,3,0,ordinary
17,289,-6486,0,-13620520,1,0,3,0,ordinary
17,289,-6482,24,-378708,2,0,4,0,ordinary
17,289,-6478,36,-94767,3,1,4,0,ordinary
17,289,-6474,0,-546376,1,0,3,0,ordinary
17,289,-6470,0,-13672344,1,0,3,0,ordinary
17,289,-6466,72,-3421320,2,0,5,0,ordinary
17,289,-6462,24,-4072,2,0,5,0,ordinary
17,289,-6458,0,-13711128,1,0,3,0,ordinary
17,289,-6454,0,-13724040,1,0,3,0,ordinary
17,289,-6450,36,-858559,3,1,4,0,ordinary
17,289,-6446,36,-2260,2,0,4,0,ordinary
17,289,-6442,0,-31208,1,0,3,0,ordinary
17,289,-6438,0,-113848,1,0,3,0,ordinary
17,289,-6434,240,-861780,3,0,6,0,ordinary
17,289,-6430,180,-862584,3,0,7,0,ordinary
17,289,-6426,0,,,,,,nonordinary_or_unrealized
17,289,-6422,0,-13827048,1,0,3,0,ordinary
17,289,-6418,36,-3459972,2,0,4,0,ordinary
17,289,-6414,12,-865795,3,-1,4,0,ordinary
17,289,-6410,0,-1540616,1,0,3,0,ordinary
17,289,-6406,0,-1542040,1,0,3,0,ordinary
17,289,-6402,12,-3472792,2,0,5,0,ordinary
17,289,-6398,60,-20568,2,0,5,0,ordinary
17,289,-6394,0,-13916760,1,0,3,0,ordinary
17,289,-6390,0,-13929544,1,0,3,0,ordinary
17,289,-6386,48,-871395,3,-1,4,0,ordinary
17,289,-6382,36,-3488772,2,0,4,0,ordinary
17,289,-6378,0,-13967848,1,0,3,0,ordinary
17,289,-6374,0,-6904,1,0,3,0,ordinary
17,289,-6370,180,-97176,3,0,7,0,ordinary
17,289,-6366,132,-875380,3,0,6,0,ordinary
17,289,-6362,0,-14018808,1,0,3,0,ordinary
17,289,-6358,0,,,,,,nonordinary_or_unrealized
17,289,-6354,24,-3511060,2,0,4,0,ordinary
17,289,-6350,48,-878559,3,1,4,0,ordinary
17,289,-6346,0,-14069640,1,0,3,0,ordinary
17,289,-6342,0,-14082328,1,0,3,0,ordinary
17,289,-6338,60,-391528,2,0,5,0,ordinary
17,289,-6334,84,-391880,2,0,5,0,ordinary
17,289,-6330,0,-14120344,1,0,3,0,ordinary
17,289,-6326,0,-565320,1,0,3,0,ordinary
17,289,-6322,36,-884103,3,1,4,0,ordinary
17,289,-6318,48,-3539572,2,0,4,0,ordinary
17,289,-6314,0,-14170920,1,0,3,0,ordinary
17,289,-6310,0,-14183544,1,0,3,0,ordinary
17,289,-6306,144,-221815,4,1,6,0,ordinary
17,289,-6302,156,-6167,5,1,8,0,ordinary
17,289,-6298,0,-32248,1,0,3,0,ordinary
17,289,-6294,0,-14233960,1,0,3,0,ordinary
17,289,-6290,0,,,,,,nonordinary_or_unrealized
17,289,-6286,48,-891195,3,-1,4,0,ordinary
17,289,-6282,0,-14271688,1,0,3,0,ordinary
17,289,-6278,0,-14284248,1,0,3,0,ordinary
17,289,-6274,72,-142968,2,0,5,0,ordinary
17,289,-6270,48,-3577336,2,0,5,0,ordinary
17,289,-6266,0,-1591320,1,0,3,0,ordinary
17,289,-6262,0,-176968,1,0,3,0,ordinary
17,289,-6258,60,-896683,3,-1,4,0,ordinary
17,289,-6254,12,-3589860,2,0,4,0,ordinary
17,289,-6250,0,-14371944,1,0,3,0,ordinary
17,289,-6246,0,-293560,1,0,3,0,ordinary
17,289,-6242,108,-224952,4,0,9,0,ordinary
17,289,-6238,132,-225147,4,-1,6,0,ordinary
17,289,-6234,0,-14421880,1,0,3,0,ordinary
17,289,-6230,0,-1603816,1,0,3,0,ordinary
17,289,-6226,48,-16052,2,0,4,0,ordinary
17,289,-6222,0,,,,,,nonordinary_or_unrealized
17,289,-6218,0,-14471688,1,0,3,0,ordinary
17,289,-6214,0,-14484120,1,0,3,0,ordinary
17,289,-6210,84,-3624136,2,0,5,0,ordinary
17,289,-6206,60,-3627240,2,0,5,0,ordinary
17,289,-6202,0,-14521368,1,0,3,0,ordinary
17,289,-6198,0,-14533768,1,0,3,0,ordinary
17,289,-6194,132,-101015,3,1,4,0,ordinary
17,289,-6190,36,-404404,2,0,4,0,ordinary
17,289,-6186,0,-14570920,1,0,3,0,ordinary
17,289,-6182,0,-14583288,1,0,3,0,ordinary
17,289,-6178,60,-912228,3,0,6,0,ordinary
17,289,-6174,156,-36520,3,0,7,0,ordinary
17,289,-6170,0,-14620344,1,0,3,0,ordinary
17,289,-6166,0,-14632680,1,0,3,0,ordinary
17,289,-6162,36,-3661252,2,0,4,0,ordinary
17,289,-6158,36,-101787,3,-1,4,0,ordinary
17,289,-6154,0,,,,,,nonordinary_or_unrealized
17,289,-6150,0,-14681944,1,0,3,0,ordinary
17,289,-6146,108,-30360,2,0,5,0,ordinary
17,289,-6142,72,-3676632,2,0,5,0,ordinary
17,289,-6138,0,-14718808,1,0,3,0,ordinary
17,289,-6134,0,-14731080,1,0,3,0,ordinary
17,289,-6130,36,-921459,3,-1,4,0,ordinary
17,289,-6126,36,-147556,2,0,4,0,ordinary
17,289,-6122,0,-1640872,1,0,3,0,ordinary
17,289,-6118,0,-1642232,1,0,3,0,ordinary
17,289,-6114,24,-924520,3,0,7,0,ordinary
17,289,-6110,324,-925284,3,0,6,0,ordinary
17,289,-6106,0,-14816760,1,0,3,0,ordinary
17,289,-6102,0,-302632,1,0,3,0,ordinary
17,289,-6098,12,-3710292,2,0,4,0,ordinary
17,289,-6094,12,-928335,3,1,4,0,ordinary
17,289,-6090,0,-14865544,1,0,3,0,ordinary
17,289,-6086,0,,,,,,nonordinary_or_unrealized
17,289,-6082,108,-413608,2,0,5,0,ordinary
17,289,-6078,48,-3725512,2,0,5,0,ordinary
17,289,-6074,0,-596568,1,0,3,0,ordinary
17,289,-6070,0,-14926344,1,0,3,0,ordinary
17,289,-6066,0,-933655,3,1,4,0,ordinary
17,289,-6062,24,-3737652,2,0,4,0,ordinary
17,289,-6058,0,-41448,1,0,3,0,ordinary
17,289,-6054,0,-14974840,1,0,3,0,ordinary
17,289,-6050,186,-59,4,-1,6,1,ordinary
17,289,-6046,252,-26040,4,0,9,0,ordinary
17,289,-6042,0,-15011128,1,0,3,0,ordinary
17,289,-6038,0,-15023208,1,0,3,0,ordinary
17,289,-6034,84,-3758820,2,0,4,0,ordinary
17,289,-6030,36,-940459,3,-1,4,0,ordinary
17,289,-6026,0,-602376,1,0,3,0,ordinary
17,289,-6022,0,-15071448,1,0,3,0,ordinary
17,289,-6018,0,,,,,,nonordinary_or_unrealized
17,289,-6014,48,-419320,2,0,5,0,ordinary
17,289,-6010,0,-1678616,1,0,3,0,ordinary
17,289,-6006,0,-15119560,1,0,3,0,ordinary
17,289,-6002,48,-945723,3,-1,4,0,ordinary
17,289,-5998,36,-3785892,2,0,4,0,ordinary
17,289,-5994,0,-15155560,1,0,3,0,ordinary
17,289,-5990,0,-15167544,1,0,3,0,ordinary
17,289,-5986,144,-59295,5,1,8,0,ordinary
17,289,-5982,132,-247,4,1,6,0,ordinary
17,289,-5978,0,-1689272,1,0,3,0,ordinary
17,289,-5974,0,-67624,1,0,3,0,ordinary
17,289,-5970,36,-3806836,2,0,4,0,ordinary
17,289,-5966,36,-952455,3,1,4,0,ordinary
17,289,-5962,0,-15251208,1,0,3,0,ordinary
17,289,-5958,0,-15263128,1,0,3,0,ordinary
17,289,-5954,72,-31560,2,0,5,0,ordinary
17,289,-5950,0,,,,,,nonordinary_or_unrealized
17,289,-5946,0,-15298840,1,0,3,0,ordinary
17,289,-5942,0,-1701192,1,0,3,0,ordinary
17,289,-5938,24,-11823,3,1,4,0,ordinary
17,289,-5934,24,-3833620,2,0,4,0,ordinary
17,289,-5930,0,-15346344,1,0,3,0,ordinary
17,289,-5926,0,-614328,1,0,3,0,ordinary
17,289,-5922,60,-960628,3,0,6,0,ordinary
17,289,-5918,72,-961368,3,0,7,0,ordinary
17,289,-5914,0,-15393720,1,0,3,0,ordinary
17,289,-5910,0,-15405544,1,0,3,0,ordinary
17,289,-5906,36,-8740,2,0,4,0,ordinary
17,289,-5902,48,-107147,3,-1,4,0,ordinary
17,289,-5898,0,-15440968,1,0,3,0,ordinary
17,289,-5894,0,-15452760,1,0,3,0,ordinary
17,289,-5890,84,-3866136,2,0,5,0,ordinary
17,289,-5886,96,-3869080,2,0,5,0,ordinary
17,289,-5882,0,,,,,,nonordinary_or_unrealized
17,289,-5878,0,-15499848,1,0,3,0,ordinary
17,289,-5874,12,-38779,3,-1,4,0,ordinary
17,289,-5870,48,-431204,2,0,4,0,ordinary
17,289,-5866,0,-1726120,1,0,3,0,ordinary
17,289,-5862,0,-15546808,1,0,3,0,ordinary
17,289,-5858,72,-972408,3,0,7,0,ordinary
17,289,-5854,108,-19860,3,0,6,0,ordinary
17,289,-5850,0,-15581944,1,0,3,0,ordinary
17,289,-5846,0,-15593640,1,0,3,0,ordinary
17,289,-5842,12,-3901332,2,0,4,0,ordinary
17,289,-5838,48,-976063,3,1,4,0,ordinary
17,289,-5834,0,-1736520,1,0,3,0,ordinary
17,289,-5830,0,-1737816,1,0,3,0,ordinary
17,289,-5826,72,-156520,2,0,5,0,ordinary
17,289,-5822,72,-3915912,2,0,5,0,ordinary
17,289,-5818,0,-15675288,1,0,3,0,ordinary
17,289,-5814,0,,,,,,nonordinary_or_unrealized
17,289,-5810,36,-981159,3,1,4,0,ordinary
17,289,-5806,48,-3927540,2,0,4,0,ordinary
17,289,-5802,0,-15721768,1,0,3,0,ordinary
17,289,-5798,0,-1748152,1,0,3,0,ordinary
17,289,-5794,312,-27335,4,1,6,0,ordinary
17,289,-5790,84,-246196,4,0,8,0,ordinary
17,289,-5786,0,-15768120,1,0,3,0,ordinary
17,289,-5782,0,-15779688,1,0,3,0,ordinary
17,289,-5778,12,-3947812,2,0,4,0,ordinary
17,289,-5774,48,-39507,3,-1,4,0,ordinary
17,289,-5770,0,-93576,1,0,3,0,ordinary
17,289,-5766,0,-15825880,1,0,3,0,ordinary
17,289,-5762,156,-439928,2,0,5,0,ordinary
17,289,-5758,96,-440248,2,0,5,0,ordinary
17,289,-5754,0,-15860440,1,0,3,0,ordinary
17,289,-5750,0,-15871944,1,0,3,0,ordinary
17,289,-5746,0,,,,,,nonordinary_or_unrealized
17,289,-5742,24,-3973732,2,0,4,0,ordinary
17,289,-5738,0,-15906408,1,0,3,0,ordinary
17,289,-5734,0,-15917880,1,0,3,0,ordinary
17,289,-5730,192,-15556,6,0,12,0,ordinary
17,289,-5726,288,-123,4,-1,6,0,ordinary
17,289,-5722,0,-10488,1,0,3,0,ordinary
17,289,-5718,0,-15963688,1,0,3,0,ordinary
17,289,-5714,48,-3993780,2,0,4,0,ordinary
17,289,-5710,36,-20391,3,1,4,0,ordinary
17,289,-5706,0,-15997960,1,0,3,0,ordinary
17,289,-5702,0,-16009368,1,0,3,0,ordinary
17,289,-5698,48,-4005192,2,0,5,0,ordinary
17,289,-5694,48,-4008040,2,0,5,0,ordinary
17,289,-5690,0,-1782616,1,0,3,0,ordinary
17,289,-5686,0,-1783880,1,0,3,0,ordinary
17,289,-5682,36,-1004143,3,1,4,0,ordinary
17,289,-5678,0,,,,,,nonordinary_or_unrealized
17,289,-5674,0,-643560,1,0,3,0,ordinary
17,289,-5670,0,-16100344,1,0,3,0,ordinary
17,289,-5666,108,-1006980,3,0,6,0,ordinary
17,289,-5662,96,-8328,3,0,7,0,ordinary
17,289,-5658,0,-329272,1,0,3,0,ordinary
17,289,-5654,0,-1793960,1,0,3,0,ordinary
17,289,-5650,60,-448804,2,0,4,0,ordinary
17,289,-5646,48,-1010515,3,-1,4,0,ordinary
17,289,-5642,0,-16179528,1,0,3,0,ordinary
17,289,-5638,0,-16190808,1,0,3,0,ordinary
17,289,-5634,60,-4050520,2,0,5,0,ordinary
17,289,-5630,60,-4053336,2,0,5,0,ordinary
17,289,-5626,0,-648984,1,0,3,0,ordinary
17,289,-5622,0,-16235848,1,0,3,0,ordinary
17,289,-5618,12,-112827,3,-1,4,0,ordinary
17,289,-5614,48,-50180,2,0,4,0,ordinary
17,289,-5610,0,,,,,,nonordinary_or_unrealized
17,289,-5606,0,-16280760,1,0,3,0,ordinary
17,289,-5602,108,-1018248,3,0,7,0,ordinary
17,289,-5598,24,-1018948,3,0,6,0,ordinary
17,289,-5594,0,-30840,1,0,3,0,ordinary
17,289,-5590,0,-16325544,1,0,3,0,ordinary
17,289,-5586,48,-4084180,2,0,4,0,ordinary
17,289,-5582,36,-113527,3,1,4,0,ordinary
17,289,-5578,0,-1817672,1,0,3,0,ordinary
17,289,-5574,0,-654808,1,0,3,0,ordinary
17,289,-5570,48,-4095336,2,0,5,0,ordinary
17,289,-5566,72,-4098120,2,0,5,0,ordinary
17,289,-5562,0,-16403608,1,0,3,0,ordinary
17,289,-5558,0,-16414728,1,0,3,0,ordinary
17,289,-5554,24,-1026615,3,1,4,0,ordinary
17,289,-5550,36,-4276,2,0,4,0,ordinary
17,289,-5546,0,-1827560,1,0,3,0,ordinary
17,289,-5542,0,,,,,,nonordinary_or_unrealized
17,289,-5538,144,-257347,4,-1,6,0,ordinary
17,289,-5534,228,-16095,6,1,10,0,ordinary
17,289,-5530,0,-16492344,1,0,3,0,ordinary
17,289,-5526,0,-660136,1,0,3,0,ordinary
17,289,-5522,36,-4128612,2,0,4,0,ordinary
17,289,-5518,36,-1032843,3,-1,4,0,ordinary
17,289,-5514,0,-337480,1,0,3,0,ordinary
17,289,-5510,0,-1838616,1,0,3,0,ordinary
17,289,-5506,48,-459960,2,0,5,0,ordinary
17,289,-5502,36,-4142392,2,0,5,0,ordinary
17,289,-5498,0,-16580568,1,0,3,0,ordinary
17,289,-5494,0,-45960,1,0,3,0,ordinary
17,289,-5490,60,-1037659,3,-1,4,0,ordinary
17,289,-5486,84,-4153380,2,0,4,0,ordinary
17,289,-5482,0,-16624488,1,0,3,0,ordinary
17,289,-5478,0,-16635448,1,0,3,0,ordinary
17,289,-5474,0,,,,,,nonordinary_or_unrealized
17,289,-5470,270,-239,4,1,6,1,ordinary
17,289,-5466,0,-16668280,1,0,3,0,ordinary
17,289,-5462,0,-340392,1,0,3,0,ordinary
17,289,-5458,36,-4172532,2,0,4,0,ordinary
17,289,-5454,36,-1043815,3,1,4,0,ordinary
17,289,-5450,0,-16711944,1,0,3,0,ordinary
17,289,-5446,0,-16722840,1,0,3,0,ordinary
17,289,-5442,60,-4183432,2,0,5,0,ordinary
17,289,-5438,84,-465128,2,0,5,0,ordinary
17,289,-5434,0,-1861720,1,0,3,0,ordinary
17,289,-5430,0,-16766344,1,0,3,0,ordinary
17,289,-5426,60,-41943,3,1,4,0,ordinary
17,289,-5422,48,-4197012,2,0,4,0,ordinary
17,289,-5418,0,-16798888,1,0,3,0,ordinary
17,289,-5414,0,-16809720,1,0,3,0,ordinary
17,289,-5410,228,-1051284,3,0,6,0,ordinary
17,289,-5406,0,,,,,,nonordinary_or_unrealized
17,289,-5402,0,-207928,1,0,3,0,ordinary
17,289,-5398,0,-1872552,1,0,3,0,ordinary
17,289,-5394,48,-4215940,2,0,4,0,ordinary
17,289,-5390,72,-1054659,3,-1,4,0,ordinary
17,289,-5386,0,-16885320,1,0,3,0,ordinary
17,289,-5382,0,-16896088,1,0,3,0,ordinary
17,289,-5378,84,-4226712,2,0,5,0,ordinary
17,289,-5374,72,-169176,2,0,5,0,ordinary
17,289,-5370,0,-16928344,1,0,3,0,ordinary
17,289,-5366,0,-1882120,1,0,3,0,ordinary
17,289,-5362,24,-117707,3,-1,4,0,ordinary
17,289,-5358,12,-4240132,2,0,4,0,ordinary
17,289,-5354,0,-16971240,1,0,3,0,ordinary
17,289,-5350,0,-16981944,1,0,3,0,ordinary
17,289,-5346,48,-1062040,3,0,7,0,ordinary
17,289,-5342,108,-1062708,3,0,6,0,ordinary
17,289,-5338,0,,,,,,nonordinary_or_unrealized
17,289,-5334,0,-17024680,1,0,3,0,ordinary
17,289,-5330,72,-473204,2,0,4,0,ordinary
17,289,-5326,48,-4735,3,1,4,0,ordinary
17,289,-5322,0,-17056648,1,0,3,0,ordinary
17,289,-5318,0,-348312,1,0,3,0,ordinary
17,289,-5314,48,-4269480,2,0,5,0,ordinary
17,289,-5310,84,-4272136,2,0,5,0,ordinary
17,289,-5306,0,-17099160,1,0,3,0,ordinary
17,289,-5302,0,-17109768,1,0,3,0,ordinary
17,289,-5298,0,-1070023,3,1,4,0,ordinary
17,289,-5294,36,-475860,2,0,4,0,ordinary
17,289,-5290,0,-211624,1,0,3,0,ordinary
17,289,-5286,0,-17152120,1,0,3,0,ordinary
17,289,-5282,192,-268167,4,1,6,0,ordinary
17,289,-5278,108,-67083,5,-1,8,0,ordinary
17,289,-5274,0,-687352,1,0,3,0,ordinary
17,289,-5270,0,,,,,,nonordinary_or_unrealized
17,289,-5266,36,-87780,2,0,4,0,ordinary
17,289,-5262,72,-1075963,3,-1,4,0,ordinary
17,289,-5258,0,-1913992,1,0,3,0,ordinary
17,289,-5254,0,-1915160,1,0,3,0,ordinary
17,289,-5250,60,-4311736,2,0,5,0,ordinary
17,289,-5246,72,-4314360,2,0,5,0,ordinary
17,289,-5242,0,-17267928,1,0,3,0,ordinary
17,289,-5238,0,-17278408,1,0,3,0,ordinary
17,289,-5234,36,-1080555,3,-1,4,0,ordinary
17,289,-5230,60,-4324836,2,0,4,0,ordinary
17,289,-5226,0,-692392,1,0,3,0,ordinary
17,289,-5222,0,-1924472,1,0,3,0,ordinary
17,289,-5218,84,-30088,4,0,9,0,ordinary
17,289,-5214,192,-270955,4,-1,6,0,ordinary
17,289,-5210,0,-17351544,1,0,3,0,ordinary
17,289,-5206,0,-17361960,1,0,3,0,ordinary
17,289,-5202,0,,,,,,nonordinary_or_unrealized
17,289,-5198,48,-1086423,3,1,4,0,ordinary
17,289,-5194,0,-17393160,1,0,3,0,ordinary
17,289,-5190,0,-17403544,1,0,3,0,ordinary
17,289,-5186,204,-483720,2,0,5,0,ordinary
17,289,-5182,168,-484008,2,0,5,0,ordinary
17,289,-5178,0,-144088,1,0,3,0,ordinary
17,289,-5174,0,-27912,1,0,3,0,ordinary
17,289,-5170,36,-1090959,3,1,4,0,ordinary
17,289,-5166,12,-4366420,2,0,4,0,ordinary
17,289,-5162,0,-17476008,1,0,3,0,ordinary
17,289,-5158,0,-17486328,1,0,3,0,ordinary
17,289,-5154,132,-1093540,3,0,6,0,ordinary
17,289,-5150,132,-121576,3,0,7,0,ordinary
17,289,-5146,0,-1946360,1,0,3,0,ordinary
17,289,-5142,0,-17527528,1,0,3,0,ordinary
17,289,-5138,36,-4384452,2,0,4,0,ordinary
17,289,-5134,0,,,,,,nonordinary_or_unrealized
17,289,-5130,0,-17558344,1,0,3,0,ordinary
17,289,-5126,0,-702744,1,0,3,0,ordinary
17,289,-5122,60,-89688,2,0,5,0,ordinary
17,289,-5118,84,-4397272,2,0,5,0,ordinary
17,289,-5114,0,-1955480,1,0,3,0,ordinary
17,289,-5110,0,-1956616,1,0,3,0,ordinary
17,289,-5106,24,-1101235,3,-1,4,0,ordinary
17,289,-5102,0,-4407492,2,0,4,0,ordinary
17,289,-5098,0,-17640168,1,0,3,0,ordinary
17,289,-5094,0,-104440,1,0,3,0,ordinary
17,289,-5090,132,-1103784,3,0,7,0,ordinary
17,289,-5086,120,-1104420,3,0,6,0,ordinary
17,289,-5082,0,-17680888,1,0,3,0,ordinary
17,289,-5078,0,-218408,1,0,3,0,ordinary
17,289,-5074,24,-19668,2,0,4,0,ordinary
17,289,-5070,84,-22591,3,1,4,0,ordinary
17,289,-5066,0,,,,,,nonordinary_or_unrealized
17,289,-5062,0,-17731608,1,0,3,0,ordinary
17,289,-5058,18,-1192,2,0,5,0,ordinary
17,289,-5054,60,-4437960,2,0,5,0,ordinary
17,289,-5050,0,-17761944,1,0,3,0,ordinary
17,289,-5046,0,-105160,1,0,3,0,ordinary
17,289,-5042,48,-123487,3,1,4,0,ordinary
17,289,-5038,24,-494228,2,0,4,0,ordinary
17,289,-5034,0,-17802280,1,0,3,0,ordinary
17,289,-5030,0,-17812344,1,0,3,0,ordinary
17,289,-5026,204,-11139,4,-1,6,0,ordinary
17,289,-5022,120,-278632,4,0,9,0,ordinary
17,289,-5018,0,-17842488,1,0,3,0,ordinary
17,289,-5014,0,-17852520,1,0,3,0,ordinary
17,289,-5010,12,-4465636,2,0,4,0,ordinary
17,289,-5006,96,-124115,3,-1,4,0,ordinary
17,289,-5002,0,-1986952,1,0,3,0,ordinary
17,289,-4998,0,,,,,,nonordinary_or_unrealized
17,289,-4994,120,-4475640,2,0,5,0,ordinary
17,289,-4990,108,-4478136,2,0,5,0,ordinary
17,289,-4986,0,-280,1,0,3,0,ordinary
17,289,-4982,0,-17932488,1,0,3,0,ordinary
17,289,-4978,36,-1121403,3,-1,4,0,ordinary
17,289,-4974,60,-179524,2,0,4,0,ordinary
17,289,-4970,0,-1995816,1,0,3,0,ordinary
17,289,-4966,0,-120,1,0,3,0,ordinary
17,289,-4962,84,-70243,5,-1,8,0,ordinary
17,289,-4958,228,-281127,4,1,6,0,ordinary
17,289,-4954,0,-18002040,1,0,3,0,ordinary
17,289,-4950,0,-18011944,1,0,3,0,ordinary
17,289,-4946,48,-4505460,2,0,4,0,ordinary
17,289,-4942,48,-1126983,3,1,4,0,ordinary
17,289,-4938,0,-18041608,1,0,3,0,ordinary
17,289,-4934,0,-2005720,1,0,3,0,ordinary
17,289,-4930,0,,,,,,nonordinary_or_unrealized
17,289,-4926,84,-3688,2,0,5,0,ordinary
17,289,-4922,0,-18081048,1,0,3,0,ordinary
17,289,-4918,0,-18090888,1,0,3,0,ordinary
17,289,-4914,12,-1131295,3,1,4,0,ordinary
17,289,-4910,48,-4527636,2,0,4,0,ordinary
17,289,-4906,0,-18120360,1,0,3,0,ordinary
17,289,-4902,0,-18130168,1,0,3,0,ordinary
17,289,-4898,132,-125972,3,0,6,0,ordinary
17,289,-4894,264,-126040,3,0,7,0,ordinary
17,289,-4890,0,-18159544,1,0,3,0,ordinary
17,289,-4886,0,-18169320,1,0,3,0,ordinary
17,289,-4882,0,-4544772,2,0,4,0,ordinary
17,289,-4878,24,-1136803,3,-1,4,0,ordinary
17,289,-4874,0,-14856,1,0,3,0,ordinary
17,289,-4870,0,-18208344,1,0,3,0,ordinary
17,289,-4866,72,-4554520,2,0,5,0,ordinary
17,289,-4862,0,,,,,,nonordinary_or_unrealized
17,289,-4858,0,-2026392,1,0,3,0,ordinary
17,289,-4854,0,-18247240,1,0,3,0,ordinary
17,289,-4850,60,-1141059,3,-1,4,0,ordinary
17,289,-4846,36,-4566660,2,0,4,0,ordinary
17,289,-4842,0,-18276328,1,0,3,0,ordinary
17,289,-4838,0,-18286008,1,0,3,0,ordinary
17,289,-4834,132,-1143480,3,0,7,0,ordinary
17,289,-4830,168,-1144084,3,0,6,0,ordinary
17,289,-4826,0,-3256,1,0,3,0,ordinary
17,289,-4822,0,-2036072,1,0,3,0,ordinary
17,289,-4818,72,-4583572,2,0,4,0,ordinary
17,289,-4814,24,-1146495,3,1,4,0,ordinary
17,289,-4810,0,-18353544,1,0,3,0,ordinary
17,289,-4806,0,-18363160,1,0,3,0,ordinary
17,289,-4802,36,-4593192,2,0,5,0,ordinary
17,289,-4798,36,-4595592,2,0,5,0,ordinary
17,289,-4794,0,,,,,,nonordinary_or_unrealized
17,289,-4790,0,-2044616,1,0,3,0,ordinary
17,289,-4786,96,-127855,3,1,4,0,ordinary
17,289,-4782,24,-4605172,2,0,4,0,ordinary
17,289,-4778,0,-18430248,1,0,3,0,ordinary
17,289,-4774,0,-737592,1,0,3,0,ordinary
17,289,-4770,276,-288271,4,1,6,0,ordinary
17,289,-4766,204,-288420,4,0,8,0,ordinary
17,289,-4762,0,-18468408,1,0,3,0,ordinary
17,289,-4758,0,-18477928,1,0,3,0,ordinary
17,289,-4754,84,-6340,2,0,4,0,ordinary
17,289,-4750,72,-128451,3,-1,4,0,ordinary
17,289,-4746,0,-18506440,1,0,3,0,ordinary
17,289,-4742,0,-18515928,1,0,3,0,ordinary
17,289,-4738,96,-4631352,2,0,5,0,ordinary
17,289,-4734,60,-4633720,2,0,5,0,ordinary
17,289,-4730,0,-378456,1,0,3,0,ordinary
17,289,-4726,0,,,,,,nonordinary_or_unrealized
17,289,-4722,0,-1160203,3,-1,4,0,ordinary
17,289,-4718,48,-515908,2,0,4,0,ordinary
17,289,-4714,0,-2064680,1,0,3,0,ordinary
17,289,-4710,0,-18591544,1,0,3,0,ordinary
17,289,-4706,192,-72660,5,0,10,0,ordinary
17,289,-4702,108,-290787,4,-1,6,0,ordinary
17,289,-4698,0,-18619768,1,0,3,0,ordinary
17,289,-4694,0,-153960,1,0,3,0,ordinary
17,289,-4690,24,-4659636,2,0,4,0,ordinary
17,289,-4686,0,-1165495,3,1,4,0,ordinary
17,289,-4682,0,-2073032,1,0,3,0,ordinary
17,289,-4678,0,-42328,1,0,3,0,ordinary
17,289,-4674,36,-186760,2,0,5,0,ordinary
17,289,-4670,192,-4671336,2,0,5,0,ordinary
17,289,-4666,0,-18694680,1,0,3,0,ordinary
17,289,-4662,0,-18704008,1,0,3,0,ordinary
17,289,-4658,0,,,,,,nonordinary_or_unrealized
17,289,-4654,24,-4680660,2,0,4,0,ordinary
17,289,-4650,0,-18731944,1,0,3,0,ordinary
17,289,-4646,0,-2082360,1,0,3,0,ordinary
17,289,-4642,240,-14468,3,0,6,0,ordinary
17,289,-4638,60,-1172488,3,0,7,0,ordinary
17,289,-4634,0,-18769080,1,0,3,0,ordinary
17,289,-4630,0,-18778344,1,0,3,0,ordinary
17,289,-4626,48,-187876,2,0,4,0,ordinary
17,289,-4622,36,-1174803,3,-1,4,0,ordinary
17,289,-4618,0,-18806088,1,0,3,0,ordinary
17,289,-4614,0,-52120,1,0,3,0,ordinary
17,289,-4610,120,-522904,2,0,5,0,ordinary
17,289,-4606,120,-523160,2,0,5,0,ordinary
17,289,-4602,0,-18842968,1,0,3,0,ordinary
17,289,-4598,0,-18852168,1,0,3,0,ordinary
17,289,-4594,24,-1178835,3,-1,4,0,ordinary
17,289,-4590,0,,,,,,nonordinary_or_unrealized
17,289,-4586,0,-18879720,1,0,3,0,ordinary
17,289,-4582,0,-18888888,1,0,3,0,ordinary
17,289,-4578,84,-1181128,3,0,7,0,ordinary
17,289,-4574,216,-5252,3,0,6,0,ordinary
17,289,-4570,0,-2101816,1,0,3,0,ordinary
17,289,-4566,0,-18925480,1,0,3,0,ordinary
17,289,-4562,0,-4733652,2,0,4,0,ordinary
17,289,-4558,24,-1183983,3,1,4,0,ordinary
17,289,-4554,0,-18952840,1,0,3,0,ordinary
17,289,-4550,0,-18961944,1,0,3,0,ordinary
17,289,-4546,72,-4742760,2,0,5,0,ordinary
17,289,-4542,84,-4745032,2,0,5,0,ordinary
17,289,-4538,0,-2109912,1,0,3,0,ordinary
17,289,-4534,0,-43080,1,0,3,0,ordinary
17,289,-4530,36,-1187959,3,1,4,0,ordinary
17,289,-4526,60,-190164,2,0,4,0,ordinary
17,289,-4522,0,,,,,,nonordinary_or_unrealized
17,289,-4518,0,-19034488,1,0,3,0,ordinary
17,289,-4514,204,-297555,4,-1,6,0,ordinary
17,289,-4510,204,-74424,5,0,11,0,ordinary
17,289,-4506,0,-19061560,1,0,3,0,ordinary
17,289,-4502,0,-17512,1,0,3,0,ordinary
17,289,-4498,84,-529988,2,0,4,0,ordinary
17,289,-4494,36,-1193035,3,-1,4,0,ordinary
17,289,-4490,0,-19097544,1,0,3,0,ordinary
17,289,-4486,0,-19106520,1,0,3,0,ordinary
17,289,-4482,48,-97528,2,0,5,0,ordinary
17,289,-4478,48,-4781112,2,0,5,0,ordinary
17,289,-4474,0,-765336,1,0,3,0,ordinary
17,289,-4470,0,-19142344,1,0,3,0,ordinary
17,289,-4466,36,-132995,3,-1,4,0,ordinary
17,289,-4462,24,-532228,2,0,4,0,ordinary
17,289,-4458,0,-19169128,1,0,3,0,ordinary
17,289,-4454,0,,,,,,nonordinary_or_unrealized
17,289,-4450,312,-299796,4,0,8,0,ordinary
17,289,-4446,168,-299935,4,1,6,0,ordinary
17,289,-4442,0,-19204728,1,0,3,0,ordinary
17,289,-4438,0,-19213608,1,0,3,0,ordinary
17,289,-4434,0,-4805620,2,0,4,0,ordinary
17,289,-4430,132,-14839,3,1,4,0,ordinary
17,289,-4426,0,-85512,1,0,3,0,ordinary
17,289,-4422,0,-19249048,1,0,3,0,ordinary
17,289,-4418,36,-28488,2,0,5,0,ordinary
17,289,-4414,48,-4816680,2,0,5,0,ordinary
17,289,-4410,0,-19275544,1,0,3,0,ordinary
17,289,-4406,0,-19284360,1,0,3,0,ordinary
17,289,-4402,24,-1205823,3,1,4,0,ordinary
17,289,-4398,48,-4825492,2,0,4,0,ordinary
17,289,-4394,0,-2145640,1,0,3,0,ordinary
17,289,-4390,0,-2146616,1,0,3,0,ordinary
17,289,-4386,0,,,,,,nonordinary_or_unrealized
17,289,-4382,144,-1208568,3,0,7,0,ordinary
17,289,-4378,0,-19345848,1,0,3,0,ordinary
17,289,-4374,0,-774184,1,0,3,0,ordinary
17,289,-4370,72,-28644,2,0,4,0,ordinary
17,289,-4366,60,-1210755,3,-1,4,0,ordinary
17,289,-4362,0,-19380808,1,0,3,0,ordinary
17,289,-4358,0,-2154392,1,0,3,0,ordinary
17,289,-4354,120,-538840,2,0,5,0,ordinary
17,289,-4350,90,-3544,2,0,5,0,ordinary
17,289,-4346,0,-19415640,1,0,3,0,ordinary
17,289,-4342,0,-19424328,1,0,3,0,ordinary
17,289,-4338,24,-24787,3,-1,4,0,ordinary
17,289,-4334,60,-4860420,2,0,4,0,ordinary
17,289,-4330,0,-19450344,1,0,3,0,ordinary
17,289,-4326,0,-778360,1,0,3,0,ordinary
17,289,-4322,120,-135192,3,0,7,0,ordinary
17,289,-4318,0,,,,,,nonordinary_or_unrealized
17,289,-4314,0,-19484920,1,0,3,0,ordinary
17,289,-4310,0,-19493544,1,0,3,0,ordinary
17,289,-4306,72,-4875540,2,0,4,0,ordinary
17,289,-4302,12,-1219423,3,1,4,0,ordinary
17,289,-4298,0,-19519368,1,0,3,0,ordinary
17,289,-4294,0,-19527960,1,0,3,0,ordinary
17,289,-4290,72,-4884136,2,0,5,0,ordinary
17,289,-4286,108,-11080,2,0,5,0,ordinary
17,289,-4282,0,-2172632,1,0,3,0,ordinary
17,289,-4278,0,-19562248,1,0,3,0,ordinary
17,289,-4274,36,-48927,3,1,4,0,ordinary
17,289,-4270,24,-4894836,2,0,4,0,ordinary
17,289,-4266,0,-19587880,1,0,3,0,ordinary
17,289,-4262,0,-19596408,1,0,3,0,ordinary
17,289,-4258,180,-306327,4,1,6,0,ordinary
17,289,-4254,168,-76615,5,1,8,0,ordinary
17,289,-4250,0,,,,,,nonordinary_or_unrealized
17,289,-4246,0,-2181160,1,0,3,0,ordinary
17,289,-4242,36,-4909732,2,0,4,0,ordinary
17,289,-4238,36,-1227963,3,-1,4,0,ordinary
17,289,-4234,0,-19655880,1,0,3,0,ordinary
17,289,-4230,0,-19664344,1,0,3,0,ordinary
17,289,-4226,84,-196728,2,0,5,0,ordinary
17,289,-4222,48,-4920312,2,0,5,0,ordinary
17,289,-4218,0,-19689688,1,0,3,0,ordinary
17,289,-4214,0,-2188680,1,0,3,0,ordinary
17,289,-4210,84,-1131,3,-1,4,0,ordinary
17,289,-4206,0,-4928740,2,0,4,0,ordinary
17,289,-4202,0,-19723368,1,0,3,0,ordinary
17,289,-4198,0,-19731768,1,0,3,0,ordinary
17,289,-4194,156,-308440,4,0,9,0,ordinary
17,289,-4190,180,-308571,4,-1,6,0,ordinary
17,289,-4186,0,-19756920,1,0,3,0,ordinary
17,289,-4182,0,,,,,,nonordinary_or_unrealized
17,289,-4178,72,-549268,2,0,4,0,ordinary
17,289,-4174,24,-5495,3,1,4,0,ordinary
17,289,-4170,0,-19790344,1,0,3,0,ordinary
17,289,-4166,0,-19798680,1,0,3,0,ordinary
17,289,-4162,72,-4951752,2,0,5,0,ordinary
17,289,-4158,24,-4953832,2,0,5,0,ordinary
17,289,-4154,0,-19823640,1,0,3,0,ordinary
17,289,-4150,0,-19831944,1,0,3,0,ordinary
17,289,-4146,108,-1240015,3,1,4,0,ordinary
17,289,-4142,36,-11252,2,0,4,0,ordinary
17,289,-4138,0,-2206312,1,0,3,0,ordinary
17,289,-4134,0,-19865080,1,0,3,0,ordinary
17,289,-4130,168,-1242084,3,0,6,0,ordinary
17,289,-4126,168,-49704,3,0,7,0,ordinary
17,289,-4122,0,-19889848,1,0,3,0,ordinary
17,289,-4118,0,-19898088,1,0,3,0,ordinary
17,289,-4114,0,,,,,,nonordinary_or_unrealized
17,289,-4110,24,-1244659,3,-1,4,0,ordinary
17,289,-4106,0,-245960,1,0,3,0,ordinary
17,289,-4102,0,-2214552,1,0,3,0,ordinary
17,289,-4098,6,-1432,2,0,5,0,ordinary
17,289,-4094,144,-4986840,2,0,5,0,ordinary
17,289,-4090,0,-407256,1,0,3,0,ordinary
17,289,-4086,0,-19963720,1,0,3,0,ordinary
17,289,-4082,24,-1248243,3,-1,4,0,ordinary
17,289,-4078,72,-4995012,2,0,4,0,ordinary
17,289,-4074,0,-799528,1,0,3,0,ordinary
17,289,-4070,0,-2221816,1,0,3,0,ordinary
17,289,-4066,156,-138920,3,0,7,0,ordinary
17,289,-4062,36,-1250788,3,0,6,0,ordinary
17,289,-4058,0,-20020728,1,0,3,0,ordinary
17,289,-4054,0,-20028840,1,0,3,0,ordinary
17,289,-4050,36,-13876,2,0,4,0,ordinary
17,289,-4046,0,,,,,,nonordinary_or_unrealized
17,289,-4042,0,-20053128,1,0,3,0,ordinary
17,289,-4038,0,-20061208,1,0,3,0,ordinary
17,289,-4034,120,-557480,2,0,5,0,ordinary
17,289,-4030,72,-557704,2,0,5,0,ordinary
17,289,-4026,0,-803416,1,0,3,0,ordinary
17,289,-4022,0,-20093448,1,0,3,0,ordinary
17,289,-4018,12,-10383,3,1,4,0,ordinary
17,289,-4014,48,-5027380,2,0,4,0,ordinary
17,289,-4010,0,-20117544,1,0,3,0,ordinary
17,289,-4006,0,-20125560,1,0,3,0,ordinary
17,289,-4002,84,-314587,4,-1,6,0,ordinary
17,289,-3998,228,-34968,4,0,9,0,ordinary
17,289,-3994,0,-27640,1,0,3,0,ordinary
17,289,-3990,0,-20157544,1,0,3,0,ordinary
17,289,-3986,36,-5041380,2,0,4,0,ordinary
17,289,-3982,60,-1260843,3,-1,4,0,ordinary
17,289,-3978,0,,,,,,nonordinary_or_unrealized
17,289,-3974,0,-807576,1,0,3,0,ordinary
17,289,-3970,60,-5049336,2,0,5,0,ordinary
17,289,-3966,72,-5051320,2,0,5,0,ordinary
17,289,-3962,0,-2245912,1,0,3,0,ordinary
17,289,-3958,0,-2246792,1,0,3,0,ordinary
17,289,-3954,36,-1264315,3,-1,4,0,ordinary
17,289,-3950,36,-5059236,2,0,4,0,ordinary
17,289,-3946,0,-413160,1,0,3,0,ordinary
17,289,-3942,0,-20252728,1,0,3,0,ordinary
17,289,-3938,156,-79143,5,1,8,0,ordinary
17,289,-3934,168,-316695,4,1,6,0,ordinary
17,289,-3930,0,-20276344,1,0,3,0,ordinary
17,289,-3926,0,-90152,1,0,3,0,ordinary
17,289,-3922,96,-563668,2,0,4,0,ordinary
17,289,-3918,12,-1268743,3,1,4,0,ordinary
17,289,-3914,0,-20307720,1,0,3,0,ordinary
17,289,-3910,0,,,,,,nonordinary_or_unrealized
17,289,-3906,36,-5080840,2,0,5,0,ordinary
17,289,-3902,12,-5082792,2,0,5,0,ordinary
17,289,-3898,0,-20338968,1,0,3,0,ordinary
17,289,-3894,0,-415240,1,0,3,0,ordinary
17,289,-3890,72,-141351,3,1,4,0,ordinary
17,289,-3886,84,-565620,2,0,4,0,ordinary
17,289,-3882,0,-20370088,1,0,3,0,ordinary
17,289,-3878,0,-20377848,1,0,3,0,ordinary
17,289,-3874,120,-50964,3,0,6,0,ordinary
17,289,-3870,180,-1274584,3,0,7,0,ordinary
17,289,-3866,0,-20401080,1,0,3,0,ordinary
17,289,-3862,0,-20408808,1,0,3,0,ordinary
17,289,-3858,48,-5104132,2,0,4,0,ordinary
17,289,-3854,60,-141835,3,-1,4,0,ordinary
17,289,-3850,0,-2270216,1,0,3,0,ordinary
17,289,-3846,0,-20439640,1,0,3,0,ordinary
17,289,-3842,0,,,,,,nonordinary_or_unrealized
17,289,-3838,72,-5113752,2,0,5,0,ordinary
17,289,-3834,0,-20462680,1,0,3,0,ordinary
17,289,-3830,0,-20470344,1,0,3,0,ordinary
17,289,-3826,24,-51195,3,-1,4,0,ordinary
17,289,-3822,12,-5121412,2,0,4,0,ordinary
17,289,-3818,0,-2277032,1,0,3,0,ordinary
17,289,-3814,0,-2277880,1,0,3,0,ordinary
17,289,-3810,228,-1281784,3,0,7,0,ordinary
17,289,-3806,84,-1282260,3,0,6,0,ordinary
17,289,-3802,0,-20523768,1,0,3,0,ordinary
17,289,-3798,0,-20531368,1,0,3,0,ordinary
17,289,-3794,24,-5134740,2,0,4,0,ordinary
17,289,-3790,48,-1284159,3,1,4,0,ordinary
17,289,-3786,0,-20554120,1,0,3,0,ordinary
17,289,-3782,0,-253848,1,0,3,0,ordinary
17,289,-3778,84,-571368,2,0,5,0,ordinary
17,289,-3774,0,,,,,,nonordinary_or_unrealized
17,289,-3770,0,-20584344,1,0,3,0,ordinary
17,289,-3766,0,-20591880,1,0,3,0,ordinary
17,289,-3762,24,-1287463,3,1,4,0,ordinary
17,289,-3758,60,-5151732,2,0,4,0,ordinary
17,289,-3754,0,-20614440,1,0,3,0,ordinary
17,289,-3750,0,-420856,1,0,3,0,ordinary
17,289,-3746,516,-35815,4,1,6,0,ordinary
17,289,-3742,252,-212,4,0,8,0,ordinary
17,289,-3738,0,-20644408,1,0,3,0,ordinary
17,289,-3734,0,-20651880,1,0,3,0,ordinary
17,289,-3730,84,-5164836,2,0,4,0,ordinary
17,289,-3726,12,-427,3,-1,4,0,ordinary
17,289,-3722,0,-20674248,1,0,3,0,ordinary
17,289,-3718,0,-20681688,1,0,3,0,ordinary
17,289,-3714,24,-5172280,2,0,5,0,ordinary
17,289,-3710,108,-574904,2,0,5,0,ordinary
17,289,-3706,0,,,,,,nonordinary_or_unrealized
17,289,-3702,0,-20711368,1,0,3,0,ordinary
17,289,-3698,60,-26427,3,-1,4,0,ordinary
17,289,-3694,72,-30660,2,0,4,0,ordinary
17,289,-3690,0,-20733544,1,0,3,0,ordinary
17,289,-3686,0,-20740920,1,0,3,0,ordinary
17,289,-3682,108,-81048,5,0,11,0,ordinary
17,289,-3678,120,-324307,4,-1,6,0,ordinary
17,289,-3674,0,-92280,1,0,3,0,ordinary
17,289,-3670,0,-256424,1,0,3,0,ordinary
17,289,-3666,36,-5194420,2,0,4,0,ordinary
17,289,-3662,48,-1299063,3,1,4,0,ordinary
17,289,-3658,0,-20792328,1,0,3,0,ordinary
17,289,-3654,0,-20799640,1,0,3,0,ordinary
17,289,-3650,72,-5201736,2,0,5,0,ordinary
17,289,-3646,84,-5203560,2,0,5,0,ordinary
17,289,-3642,0,-20821528,1,0,3,0,ordinary
17,289,-3638,0,,,,,,nonordinary_or_unrealized
17,289,-3634,48,-144695,3,1,4,0,ordinary
17,289,-3630,12,-6196,2,0,4,0,ordinary
17,289,-3626,0,-834024,1,0,3,0,ordinary
17,289,-3622,0,-12408,1,0,3,0,ordinary
17,289,-3618,96,-1304068,3,0,6,0,ordinary
17,289,-3614,156,-1304520,3,0,7,0,ordinary
17,289,-3610,0,-20879544,1,0,3,0,ordinary
17,289,-3606,0,-20886760,1,0,3,0,ordinary
17,289,-3602,0,-580388,2,0,4,0,ordinary
17,289,-3598,24,-145147,3,-1,4,0,ordinary
17,289,-3594,0,-20908360,1,0,3,0,ordinary
17,289,-3590,0,-20915544,1,0,3,0,ordinary
17,289,-3586,120,-5230680,2,0,5,0,ordinary
17,289,-3582,24,-5232472,2,0,5,0,ordinary
17,289,-3578,0,-20937048,1,0,3,0,ordinary
17,289,-3574,0,-837768,1,0,3,0,ordinary
17,289,-3570,0,,,,,,nonordinary_or_unrealized
17,289,-3566,48,-582180,2,0,4,0,ordinary
17,289,-3562,0,-2329512,1,0,3,0,ordinary
17,289,-3558,0,-20972728,1,0,3,0,ordinary
17,289,-3554,312,-26760,3,0,7,0,ordinary
17,289,-3550,240,-1311684,3,0,6,0,ordinary
17,289,-3546,0,-20994040,1,0,3,0,ordinary
17,289,-3542,0,-21001128,1,0,3,0,ordinary
17,289,-3538,48,-5252052,2,0,4,0,ordinary
17,289,-3534,60,-10855,3,1,4,0,ordinary
17,289,-3530,0,-2335816,1,0,3,0,ordinary
17,289,-3526,0,-93464,1,0,3,0,ordinary
17,289,-3522,60,-5259112,2,0,5,0,ordinary
17,289,-3518,36,-5260872,2,0,5,0,ordinary
17,289,-3514,0,-21050520,1,0,3,0,ordinary
17,289,-3510,0,-21057544,1,0,3,0,ordinary
17,289,-3506,108,-1316535,3,1,4,0,ordinary
17,289,-3502,0,,,,,,nonordinary_or_unrealized
17,289,-3498,0,-21078568,1,0,3,0,ordinary
17,289,-3494,0,-2342840,1,0,3,0,ordinary
17,289,-3490,180,-36619,4,-1,6,0,ordinary
17,289,-3486,132,-82420,5,0,10,0,ordinary
17,289,-3482,0,-21106488,1,0,3,0,ordinary
17,289,-3478,0,-39912,1,0,3,0,ordinary
17,289,-3474,12,-211204,2,0,4,0,ordinary
17,289,-3470,84,-1320459,3,-1,4,0,ordinary
17,289,-3466,0,-21134280,1,0,3,0,ordinary
17,289,-3462,0,-21141208,1,0,3,0,ordinary
17,289,-3458,120,-65272,2,0,5,0,ordinary
17,289,-3454,120,-587640,2,0,5,0,ordinary
17,289,-3450,0,-21161944,1,0,3,0,ordinary
17,289,-3446,0,-21168840,1,0,3,0,ordinary
17,289,-3442,72,-1323483,3,-1,4,0,ordinary
17,289,-3438,72,-5295652,2,0,4,0,ordinary
17,289,-3434,0,,,,,,nonordinary_or_unrealized
17,289,-3430,0,-21196344,1,0,3,0,ordinary
17,289,-3426,168,-13252,4,0,8,0,ordinary
17,289,-3422,204,-36823,4,1,6,0,ordinary
17,289,-3418,0,-2357432,1,0,3,0,ordinary
17,289,-3414,0,-21223720,1,0,3,0,ordinary
17,289,-3410,24,-5307636,2,0,4,0,ordinary
17,289,-3406,60,-1327335,3,1,4,0,ordinary
17,289,-3402,0,-21244168,1,0,3,0,ordinary
17,289,-3398,0,-21250968,1,0,3,0,ordinary
17,289,-3394,180,-5314440,2,0,5,0,ordinary
17,289,-3390,84,-5316136,2,0,5,0,ordinary
17,289,-3386,0,-2363480,1,0,3,0,ordinary
17,289,-3382,0,-2364232,1,0,3,0,ordinary
17,289,-3378,48,-1330303,3,1,4,0,ordinary
17,289,-3374,24,-212916,2,0,4,0,ordinary
17,289,-3370,0,-21298344,1,0,3,0,ordinary
17,289,-3366,0,,,,,,nonordinary_or_unrealized
17,289,-3362,168,-1331988,3,0,6,0,ordinary
17,289,-3358,180,-27192,3,0,7,0,ordinary
17,289,-3354,0,-21325240,1,0,3,0,ordinary
17,289,-3350,0,-2370216,1,0,3,0,ordinary
17,289,-3346,72,-65860,2,0,4,0,ordinary
17,289,-3342,24,-1334083,3,-1,4,0,ordinary
17,289,-3338,0,-21352008,1,0,3,0,ordinary
17,289,-3334,0,-21358680,1,0,3,0,ordinary
17,289,-3330,48,-5341336,2,0,5,0,ordinary
17,289,-3326,72,-213720,2,0,5,0,ordinary
17,289,-3322,0,-21378648,1,0,3,0,ordinary
17,289,-3318,0,-21385288,1,0,3,0,ordinary
17,289,-3314,60,-148555,3,-1,4,0,ordinary
17,289,-3310,132,-594404,2,0,4,0,ordinary
17,289,-3306,0,-436840,1,0,3,0,ordinary
17,289,-3302,0,-21411768,1,0,3,0,ordinary
17,289,-3298,0,,,,,,nonordinary_or_unrealized
17,289,-3294,96,-1339060,3,0,6,0,ordinary
17,289,-3290,0,-21431544,1,0,3,0,ordinary
17,289,-3286,0,-21438120,1,0,3,0,ordinary
17,289,-3282,24,-5361172,2,0,4,0,ordinary
17,289,-3278,72,-148967,3,1,4,0,ordinary
17,289,-3274,0,-95368,1,0,3,0,ordinary
17,289,-3270,0,-21464344,1,0,3,0,ordinary
17,289,-3266,48,-5367720,2,0,5,0,ordinary
17,289,-3262,96,-5369352,2,0,5,0,ordinary
17,289,-3258,0,-21483928,1,0,3,0,ordinary
17,289,-3254,0,-21490440,1,0,3,0,ordinary
17,289,-3250,60,-1343559,3,1,4,0,ordinary
17,289,-3246,24,-5375860,2,0,4,0,ordinary
17,289,-3242,0,-19752,1,0,3,0,ordinary
17,289,-3238,0,-2390712,1,0,3,0,ordinary
17,289,-3234,108,-336295,4,1,6,0,ordinary
17,289,-3230,0,,,,,,nonordinary_or_unrealized
17,289,-3226,0,-861432,1,0,3,0,ordinary
17,289,-3222,0,-21542248,1,0,3,0,ordinary
17,289,-3218,48,-5387172,2,0,4,0,ordinary
17,289,-3214,48,-1347195,3,-1,4,0,ordinary
17,289,-3210,0,-21561544,1,0,3,0,ordinary
17,289,-3206,0,-2396440,1,0,3,0,ordinary
17,289,-3202,108,-599288,2,0,5,0,ordinary
17,289,-3198,48,-5395192,2,0,5,0,ordinary
17,289,-3194,0,-21587160,1,0,3,0,ordinary
17,289,-3190,0,-21593544,1,0,3,0,ordinary
17,289,-3186,36,-1349995,3,-1,4,0,ordinary
17,289,-3182,12,-5401572,2,0,4,0,ordinary
17,289,-3178,0,-21612648,1,0,3,0,ordinary
17,289,-3174,0,-864760,1,0,3,0,ordinary
17,289,-3170,432,-104,4,0,9,0,ordinary
17,289,-3166,228,-37555,4,-1,6,0,ordinary
17,289,-3162,0,,,,,,nonordinary_or_unrealized
17,289,-3158,0,-21644328,1,0,3,0,ordinary
17,289,-3154,24,-5412660,2,0,4,0,ordinary
17,289,-3150,0,-1353559,3,1,4,0,ordinary
17,289,-3146,0,-21663240,1,0,3,0,ordinary
17,289,-3142,0,-21669528,1,0,3,0,ordinary
17,289,-3138,84,-5418952,2,0,5,0,ordinary
17,289,-3134,228,-66920,2,0,5,0,ordinary
17,289,-3130,0,-2409816,1,0,3,0,ordinary
17,289,-3126,0,-867784,1,0,3,0,ordinary
17,289,-3122,72,-1356303,3,1,4,0,ordinary
17,289,-3118,36,-5426772,2,0,4,0,ordinary
17,289,-3114,0,-21713320,1,0,3,0,ordinary
17,289,-3110,0,-443256,1,0,3,0,ordinary
17,289,-3106,132,-1357860,3,0,6,0,ordinary
17,289,-3102,48,-808,3,0,7,0,ordinary
17,289,-3098,0,-2872,1,0,3,0,ordinary
17,289,-3094,0,,,,,,nonordinary_or_unrealized
17,289,-3090,36,-5437636,2,0,4,0,ordinary
17,289,-3086,12,-1359795,3,-1,4,0,ordinary
17,289,-3082,0,-21762888,1,0,3,0,ordinary
17,289,-3078,0,-21769048,1,0,3,0,ordinary
17,289,-3074,144,-217752,2,0,5,0,ordinary
17,289,-3070,120,-5445336,2,0,5,0,ordinary
17,289,-3066,0,-128920,1,0,3,0,ordinary
17,289,-3062,0,-2421512,1,0,3,0,ordinary
17,289,-3058,36,-151387,3,-1,4,0,ordinary
17,289,-3054,12,-5451460,2,0,4,0,ordinary
17,289,-3050,0,-180264,1,0,3,0,ordinary
17,289,-3046,0,-21818040,1,0,3,0,ordinary
17,289,-3042,132,-1364008,3,0,7,0,ordinary
17,289,-3038,156,-1364388,3,0,6,0,ordinary
17,289,-3034,0,-21836280,1,0,3,0,ordinary
17,289,-3030,0,-21842344,1,0,3,0,ordinary
17,289,-3026,0,,,,,,nonordinary_or_unrealized
17,289,-3022,12,-16863,3,1,4,0,ordinary
17,289,-3018,0,-129352,1,0,3,0,ordinary
17,289,-3014,0,-21866520,1,0,3,0,ordinary
17,289,-3010,108,-5468136,2,0,5,0,ordinary
17,289,-3006,36,-5469640,2,0,5,0,ordinary
17,289,-3002,0,-21884568,1,0,3,0,ordinary
17,289,-2998,0,-21890568,1,0,3,0,ordinary
17,289,-2994,12,-1368535,3,1,4,0,ordinary
17,289,-2990,72,-608404,2,0,4,0,ordinary
17,289,-2986,0,-2434280,1,0,3,0,ordinary
17,289,-2982,0,-21914488,1,0,3,0,ordinary
17,289,-2978,96,-342507,4,-1,6,0,ordinary
17,289,-2974,240,-13704,4,0,9,0,ordinary
17,289,-2970,0,-21932344,1,0,3,0,ordinary
17,289,-2966,0,-447720,1,0,3,0,ordinary
17,289,-2962,48,-5486052,2,0,4,0,ordinary
17,289,-2958,0,,,,,,nonordinary_or_unrealized
17,289,-2954,0,-2439560,1,0,3,0,ordinary
17,289,-2950,0,-2440216,1,0,3,0,ordinary
17,289,-2946,132,-5491960,2,0,5,0,ordinary
17,289,-2942,60,-5493432,2,0,5,0,ordinary
17,289,-2938,0,-21979608,1,0,3,0,ordinary
17,289,-2934,0,-21985480,1,0,3,0,ordinary
17,289,-2930,48,-1374459,3,-1,4,0,ordinary
17,289,-2926,24,-219972,2,0,4,0,ordinary
17,289,-2922,0,-22003048,1,0,3,0,ordinary
17,289,-2918,0,-2445432,1,0,3,0,ordinary
17,289,-2914,420,-195,5,-1,8,0,ordinary
17,289,-2910,228,-344071,4,1,6,0,ordinary
17,289,-2906,0,-22026360,1,0,3,0,ordinary
17,289,-2902,0,-22032168,1,0,3,0,ordinary
17,289,-2898,24,-5509492,2,0,4,0,ordinary
17,289,-2894,36,-1377735,3,1,4,0,ordinary
17,289,-2890,0,,,,,,nonordinary_or_unrealized
17,289,-2886,0,-22055320,1,0,3,0,ordinary
17,289,-2882,48,-612808,2,0,5,0,ordinary
17,289,-2878,120,-612968,2,0,5,0,ordinary
17,289,-2874,0,-882904,1,0,3,0,ordinary
17,289,-2870,0,-41736,1,0,3,0,ordinary
17,289,-2866,72,-1380255,3,1,4,0,ordinary
17,289,-2862,12,-5522452,2,0,4,0,ordinary
17,289,-2858,0,-22095528,1,0,3,0,ordinary
17,289,-2854,0,-22101240,1,0,3,0,ordinary
17,289,-2850,156,-1381684,3,0,6,0,ordinary
17,289,-2846,240,-153560,3,0,7,0,ordinary
17,289,-2842,0,-2457592,1,0,3,0,ordinary
17,289,-2838,0,-22124008,1,0,3,0,ordinary
17,289,-2834,12,-5532420,2,0,4,0,ordinary
17,289,-2830,48,-1383459,3,-1,4,0,ordinary
17,289,-2826,0,-885640,1,0,3,0,ordinary
17,289,-2822,0,,,,,,nonordinary_or_unrealized
17,289,-2818,72,-5538072,2,0,5,0,ordinary
17,289,-2814,84,-5539480,2,0,5,0,ordinary
17,289,-2810,0,-273624,1,0,3,0,ordinary
17,289,-2806,0,-2463240,1,0,3,0,ordinary
17,289,-2802,0,-1385923,3,-1,4,0,ordinary
17,289,-2798,48,-5545092,2,0,4,0,ordinary
17,289,-2794,0,-22185960,1,0,3,0,ordinary
17,289,-2790,0,-22191544,1,0,3,0,ordinary
17,289,-2786,72,-1387320,3,0,7,0,ordinary
17,289,-2782,168,-1387668,3,0,6,0,ordinary
17,289,-2778,0,-22208248,1,0,3,0,ordinary
17,289,-2774,0,-98728,1,0,3,0,ordinary
17,289,-2770,120,-12596,2,0,4,0,ordinary
17,289,-2766,72,-1389055,3,1,4,0,ordinary
17,289,-2762,0,-22230408,1,0,3,0,ordinary
17,289,-2758,0,-183768,1,0,3,0,ordinary
17,289,-2754,0,,,,,,nonordinary_or_unrealized
17,289,-2750,96,-5561736,2,0,5,0,ordinary
17,289,-2746,0,-22252440,1,0,3,0,ordinary
17,289,-2742,0,-22257928,1,0,3,0,ordinary
17,289,-2738,36,-154607,3,1,4,0,ordinary
17,289,-2734,48,-618580,2,0,4,0,ordinary
17,289,-2730,0,-22274344,1,0,3,0,ordinary
17,289,-2726,0,-891192,1,0,3,0,ordinary
17,289,-2722,240,-348207,4,1,6,0,ordinary
17,289,-2718,120,-7108,4,0,8,0,ordinary
17,289,-2714,0,-22296120,1,0,3,0,ordinary
17,289,-2710,0,-22301544,1,0,3,0,ordinary
17,289,-2706,60,-5576740,2,0,4,0,ordinary
17,289,-2702,60,-154947,3,-1,4,0,ordinary
17,289,-2698,0,-275528,1,0,3,0,ordinary
17,289,-2694,0,-22323160,1,0,3,0,ordinary
17,289,-2690,168,-5582136,2,0,5,0,ordinary
17,289,-2686,0,,,,,,nonordinary_or_unrealized
17,289,-2682,0,-22339288,1,0,3,0,ordinary
17,289,-2678,0,-22344648,1,0,3,0,ordinary
17,289,-2674,84,-2235,3,-1,4,0,ordinary
17,289,-2670,24,-5588836,2,0,4,0,ordinary
17,289,-2666,0,-2484520,1,0,3,0,ordinary
17,289,-2662,0,-2485112,1,0,3,0,ordinary
17,289,-2658,108,-21847,6,1,10,0,ordinary
17,289,-2654,216,-349635,4,-1,6,0,ordinary
17,289,-2650,0,-22381944,1,0,3,0,ordinary
17,289,-2646,0,-22387240,1,0,3,0,ordinary
17,289,-2642,60,-5598132,2,0,4,0,ordinary
17,289,-2638,12,-1399863,3,1,4,0,ordinary
17,289,-2634,0,-22403080,1,0,3,0,ordinary
17,289,-2630,0,-2489816,1,0,3,0,ordinary
17,289,-2626,204,-24904,2,0,5,0,ordinary
17,289,-2622,36,-5604712,2,0,5,0,ordinary
17,289,-2618,0,,,,,,nonordinary_or_unrealized
17,289,-2614,0,-22429320,1,0,3,0,ordinary
17,289,-2610,36,-1402159,3,1,4,0,ordinary
17,289,-2606,72,-15540,2,0,4,0,ordinary
17,289,-2602,0,-22444968,1,0,3,0,ordinary
17,289,-2598,0,-22450168,1,0,3,0,ordinary
17,289,-2594,84,-155940,3,0,6,0,ordinary
17,289,-2590,228,-155976,3,0,7,0,ordinary
17,289,-2586,0,-22465720,1,0,3,0,ordinary
17,289,-2582,0,-22470888,1,0,3,0,ordinary
17,289,-2578,12,-5619012,2,0,4,0,ordinary
17,289,-2574,24,-1147,3,-1,4,0,ordinary
17,289,-2570,0,-22486344,1,0,3,0,ordinary
17,289,-2566,0,-185880,1,0,3,0,ordinary
17,289,-2562,36,-5624152,2,0,5,0,ordinary
17,289,-2558,48,-625048,2,0,5,0,ordinary
17,289,-2554,0,-2500760,1,0,3,0,ordinary
17,289,-2550,0,,,,,,nonordinary_or_unrealized
17,289,-2546,48,-1407315,3,-1,4,0,ordinary
17,289,-2542,24,-5630532,2,0,4,0,ordinary
17,289,-2538,0,-22527208,1,0,3,0,ordinary
17,289,-2534,0,-22532280,1,0,3,0,ordinary
17,289,-2530,168,-1408584,3,0,7,0,ordinary
17,289,-2526,144,-56356,3,0,6,0,ordinary
17,289,-2522,0,-51128,1,0,3,0,ordinary
17,289,-2518,0,-2505832,1,0,3,0,ordinary
17,289,-2514,48,-5639380,2,0,4,0,ordinary
17,289,-2510,24,-1410159,3,1,4,0,ordinary
17,289,-2506,0,-22567560,1,0,3,0,ordinary
17,289,-2502,0,-22572568,1,0,3,0,ordinary
17,289,-2498,60,-5644392,2,0,5,0,ordinary
17,289,-2494,24,-5645640,2,0,5,0,ordinary
17,289,-2490,0,-22587544,1,0,3,0,ordinary
17,289,-2486,0,-278920,1,0,3,0,ordinary
17,289,-2482,0,,,,,,nonordinary_or_unrealized
17,289,-2478,12,-5650612,2,0,4,0,ordinary
17,289,-2474,0,-904296,1,0,3,0,ordinary
17,289,-2470,0,-22612344,1,0,3,0,ordinary
17,289,-2466,132,-353395,4,-1,6,0,ordinary
17,289,-2462,108,-5523,7,-1,12,0,ordinary
17,289,-2458,0,-22627128,1,0,3,0,ordinary
17,289,-2454,0,-22632040,1,0,3,0,ordinary
17,289,-2450,48,-628804,2,0,4,0,ordinary
17,289,-2446,36,-157235,3,-1,4,0,ordinary
17,289,-2442,0,-22646728,1,0,3,0,ordinary
17,289,-2438,0,-22651608,1,0,3,0,ordinary
17,289,-2434,96,-5664120,2,0,5,0,ordinary
17,289,-2430,84,-3064,2,0,5,0,ordinary
17,289,-2426,0,-906648,1,0,3,0,ordinary
17,289,-2422,0,-22671048,1,0,3,0,ordinary
17,289,-2418,36,-1417243,3,-1,4,0,ordinary
17,289,-2414,0,,,,,,nonordinary_or_unrealized
17,289,-2410,0,-2520616,1,0,3,0,ordinary
17,289,-2406,0,-22690360,1,0,3,0,ordinary
17,289,-2402,192,-354612,4,0,8,0,ordinary
17,289,-2398,108,-354687,4,1,6,0,ordinary
17,289,-2394,0,-22704760,1,0,3,0,ordinary
17,289,-2390,0,-134376,1,0,3,0,ordinary
17,289,-2386,96,-5678580,2,0,4,0,ordinary
17,289,-2382,48,-1419943,3,1,4,0,ordinary
17,289,-2378,0,-51528,1,0,3,0,ordinary
17,289,-2374,0,-11224,1,0,3,0,ordinary
17,289,-2370,168,-5683336,2,0,5,0,ordinary
17,289,-2366,84,-5684520,2,0,5,0,ordinary
17,289,-2362,0,-22742808,1,0,3,0,ordinary
17,289,-2358,0,-22747528,1,0,3,0,ordinary
17,289,-2354,12,-1422015,3,1,4,0,ordinary
17,289,-2350,48,-5689236,2,0,4,0,ordinary
17,289,-2346,0,,,,,,nonordinary_or_unrealized
17,289,-2342,0,-14968,1,0,3,0,ordinary
17,289,-2338,228,-158132,3,0,6,0,ordinary
17,289,-2334,168,-1423480,3,0,7,0,ordinary
17,289,-2330,0,-22780344,1,0,3,0,ordinary
17,289,-2326,0,-744,1,0,3,0,ordinary
17,289,-2322,24,-5697412,2,0,4,0,ordinary
17,289,-2318,24,-1424643,3,-1,4,0,ordinary
17,289,-2314,0,-22798920,1,0,3,0,ordinary
17,289,-2310,0,-22803544,1,0,3,0,ordinary
17,289,-2306,96,-633560,2,0,5,0,ordinary
17,289,-2302,204,-633688,2,0,5,0,ordinary
17,289,-2298,0,-22817368,1,0,3,0,ordinary
17,289,-2294,0,-22821960,1,0,3,0,ordinary
17,289,-2290,120,-1426659,3,-1,4,0,ordinary
17,289,-2286,0,-5707780,2,0,4,0,ordinary
17,289,-2282,0,-22835688,1,0,3,0,ordinary
17,289,-2278,0,,,,,,nonordinary_or_unrealized
17,289,-2274,192,-472,3,0,7,0,ordinary
17,289,-2270,216,-158676,3,0,6,0,ordinary
17,289,-2266,0,-2539320,1,0,3,0,ordinary
17,289,-2262,0,-22858408,1,0,3,0,ordinary
17,289,-2258,24,-5715732,2,0,4,0,ordinary
17,289,-2254,24,-1429215,3,1,4,0,ordinary
17,289,-2250,0,-22871944,1,0,3,0,ordinary
17,289,-2246,0,-22876440,1,0,3,0,ordinary
17,289,-2242,36,-5720232,2,0,5,0,ordinary
17,289,-2238,60,-5721352,2,0,5,0,ordinary
17,289,-2234,0,-2543320,1,0,3,0,ordinary
17,289,-2230,0,-2543816,1,0,3,0,ordinary
17,289,-2226,12,-57247,3,1,4,0,ordinary
17,289,-2222,48,-5725812,2,0,4,0,ordinary
17,289,-2218,0,-22907688,1,0,3,0,ordinary
17,289,-2214,0,-22912120,1,0,3,0,ordinary
17,289,-2210,0,,,,,,nonordinary_or_unrealized
17,289,-2206,252,-89535,5,1,8,0,ordinary
17,289,-2202,0,-22925368,1,0,3,0,ordinary
17,289,-2198,0,-2547752,1,0,3,0,ordinary
17,289,-2194,84,-637060,2,0,4,0,ordinary
17,289,-2190,48,-1433659,3,-1,4,0,ordinary
17,289,-2186,0,-22942920,1,0,3,0,ordinary
17,289,-2182,0,-468312,1,0,3,0,ordinary
17,289,-2178,108,-5737912,2,0,5,0,ordinary
17,289,-2174,96,-229560,2,0,5,0,ordinary
17,289,-2170,0,-22960344,1,0,3,0,ordinary
17,289,-2166,0,-22964680,1,0,3,0,ordinary
17,289,-2162,60,-17723,3,-1,4,0,ordinary
17,289,-2158,36,-638148,2,0,4,0,ordinary
17,289,-2154,0,-22977640,1,0,3,0,ordinary
17,289,-2150,0,-22981944,1,0,3,0,ordinary
17,289,-2146,252,-359160,4,0,9,0,ordinary
17,289,-2142,0,,,,,,nonordinary_or_unrealized
17,289,-2138,0,-23928,1,0,3,0,ordinary
17,289,-2134,0,-22999080,1,0,3,0,ordinary
17,289,-2130,60,-117364,2,0,4,0,ordinary
17,289,-2126,72,-6391,3,1,4,0,ordinary
17,289,-2122,0,-2556872,1,0,3,0,ordinary
17,289,-2118,0,-23016088,1,0,3,0,ordinary
17,289,-2114,96,-5755080,2,0,5,0,ordinary
17,289,-2110,108,-5756136,2,0,5,0,ordinary
17,289,-2106,0,-23028760,1,0,3,0,ordinary
17,289,-2102,0,-23032968,1,0,3,0,ordinary
17,289,-2098,36,-1439823,3,1,4,0,ordinary
17,289,-2094,36,-5760340,2,0,4,0,ordinary
17,289,-2090,0,-2560616,1,0,3,0,ordinary
17,289,-2086,0,-2561080,1,0,3,0,ordinary
17,289,-2082,120,-11908,3,0,6,0,ordinary
17,289,-2078,132,-1441128,3,0,7,0,ordinary
17,289,-2074,0,,,,,,nonordinary_or_unrealized
17,289,-2070,0,-23066344,1,0,3,0,ordinary
17,289,-2066,12,-5767620,2,0,4,0,ordinary
17,289,-2062,36,-1442163,3,-1,4,0,ordinary
17,289,-2058,0,-23078728,1,0,3,0,ordinary
17,289,-2054,0,-2564760,1,0,3,0,ordinary
17,289,-2050,228,-71256,2,0,5,0,ordinary
17,289,-2046,36,-5772760,2,0,5,0,ordinary
17,289,-2042,0,-23095128,1,0,3,0,ordinary
17,289,-2038,0,-23099208,1,0,3,0,ordinary
17,289,-2034,48,-1443955,3,-1,4,0,ordinary
17,289,-2030,24,-5776836,2,0,4,0,ordinary
17,289,-2026,0,-924456,1,0,3,0,ordinary
17,289,-2022,0,-23115448,1,0,3,0,ordinary
17,289,-2018,84,-160552,3,0,7,0,ordinary
17,289,-2014,240,-160580,3,0,6,0,ordinary
17,289,-2010,0,-23127544,1,0,3,0,ordinary
17,289,-2006,0,,,,,,nonordinary_or_unrealized
17,289,-2002,24,-5783892,2,0,4,0,ordinary
17,289,-1998,36,-1446223,3,1,4,0,ordinary
17,289,-1994,0,-23143560,1,0,3,0,ordinary
17,289,-1990,0,-23147544,1,0,3,0,ordinary
17,289,-1986,120,-118120,2,0,5,0,ordinary
17,289,-1982,60,-643208,2,0,5,0,ordinary
17,289,-1978,0,-2573272,1,0,3,0,ordinary
17,289,-1974,0,-926536,1,0,3,0,ordinary
17,289,-1970,36,-1447959,3,1,4,0,ordinary
17,289,-1966,12,-5792820,2,0,4,0,ordinary
17,289,-1962,0,-23175208,1,0,3,0,ordinary
17,289,-1958,0,-23179128,1,0,3,0,ordinary
17,289,-1954,240,-362235,4,-1,6,0,ordinary
17,289,-1950,156,-362296,4,0,9,0,ordinary
17,289,-1946,0,-2576760,1,0,3,0,ordinary
17,289,-1942,0,-2577192,1,0,3,0,ordinary
17,289,-1938,0,,,,,,nonordinary_or_unrealized
17,289,-1934,24,-29595,3,-1,4,0,ordinary
17,289,-1930,0,-23206344,1,0,3,0,ordinary
17,289,-1926,0,-928408,1,0,3,0,ordinary
17,289,-1922,72,-5803512,2,0,5,0,ordinary
17,289,-1918,96,-5804472,2,0,5,0,ordinary
17,289,-1914,0,-23221720,1,0,3,0,ordinary
17,289,-1910,0,-2580616,1,0,3,0,ordinary
17,289,-1906,72,-161315,3,-1,4,0,ordinary
17,289,-1902,24,-5808292,2,0,4,0,ordinary
17,289,-1898,0,-23236968,1,0,3,0,ordinary
17,289,-1894,0,-23240760,1,0,3,0,ordinary
17,289,-1890,204,-90799,5,1,8,0,ordinary
17,289,-1886,216,-363255,4,1,6,0,ordinary
17,289,-1882,0,-23252088,1,0,3,0,ordinary
17,289,-1878,0,-23255848,1,0,3,0,ordinary
17,289,-1874,72,-25844,2,0,4,0,ordinary
17,289,-1870,0,,,,,,nonordinary_or_unrealized
17,289,-1866,0,-23267080,1,0,3,0,ordinary
17,289,-1862,0,-23270808,1,0,3,0,ordinary
17,289,-1858,36,-5818632,2,0,5,0,ordinary
17,289,-1854,96,-5819560,2,0,5,0,ordinary
17,289,-1850,0,-23281944,1,0,3,0,ordinary
17,289,-1846,0,-23285640,1,0,3,0,ordinary
17,289,-1842,24,-1455583,3,1,4,0,ordinary
17,289,-1838,48,-7988,2,0,4,0,ordinary
17,289,-1834,0,-2588520,1,0,3,0,ordinary
17,289,-1830,0,-23300344,1,0,3,0,ordinary
17,289,-1826,216,-58260,3,0,6,0,ordinary
17,289,-1822,192,-1456728,3,0,7,0,ordinary
17,289,-1818,0,-23311288,1,0,3,0,ordinary
17,289,-1814,0,-23314920,1,0,3,0,ordinary
17,289,-1810,72,-5829636,2,0,4,0,ordinary
17,289,-1806,0,-1457635,3,-1,4,0,ordinary
17,289,-1802,0,,,,,,nonordinary_or_unrealized
17,289,-1798,0,-2592152,1,0,3,0,ordinary
17,289,-1794,48,-5833240,2,0,5,0,ordinary
17,289,-1790,120,-984,2,0,5,0,ordinary
17,289,-1786,0,-23340120,1,0,3,0,ordinary
17,289,-1782,0,-23343688,1,0,3,0,ordinary
17,289,-1778,36,-1459203,3,-1,4,0,ordinary
17,289,-1774,24,-233508,2,0,4,0,ordinary
17,289,-1770,0,-23354344,1,0,3,0,ordinary
17,289,-1766,0,-2595320,1,0,3,0,ordinary
17,289,-1762,180,-162232,3,0,7,0,ordinary
17,289,-1758,156,-1460308,3,0,6,0,ordinary
17,289,-1754,0,-23368440,1,0,3,0,ordinary
17,289,-1750,0,-23371944,1,0,3,0,ordinary
17,289,-1746,12,-5843860,2,0,4,0,ordinary
17,289,-1742,48,-1461183,3,1,4,0,ordinary
17,289,-1738,0,-477192,1,0,3,0,ordinary
17,289,-1734,0,,,,,,nonordinary_or_unrealized
17,289,-1730,168,-649704,2,0,5,0,ordinary
17,289,-1726,126,-8,2,0,5,1,ordinary
17,289,-1722,0,-23396248,1,0,3,0,ordinary
17,289,-1718,0,-23399688,1,0,3,0,ordinary
17,289,-1714,60,-8655,3,1,4,0,ordinary
17,289,-1710,60,-5851636,2,0,4,0,ordinary
17,289,-1706,0,-24360,1,0,3,0,ordinary
17,289,-1702,0,-23413368,1,0,3,0,ordinary
17,289,-1698,180,-365887,4,1,6,0,ordinary
17,289,-1694,216,-40660,4,0,8,0,ordinary
17,289,-1690,0,-2602616,1,0,3,0,ordinary
17,289,-1686,0,-23426920,1,0,3,0,ordinary
17,289,-1682,24,-5857572,2,0,4,0,ordinary
17,289,-1678,48,-1464603,3,-1,4,0,ordinary
17,289,-1674,0,-937480,1,0,3,0,ordinary
17,289,-1670,0,-23440344,1,0,3,0,ordinary
17,289,-1666,0,,,,,,nonordinary_or_unrealized
17,289,-1662,60,-5861752,2,0,5,0,ordinary
17,289,-1658,0,-2605592,1,0,3,0,ordinary
17,289,-1654,0,-2605960,1,0,3,0,ordinary
17,289,-1650,36,-1466059,3,-1,4,0,ordinary
17,289,-1646,48,-5865060,2,0,4,0,ordinary
17,289,-1642,0,-23463528,1,0,3,0,ordinary
17,289,-1638,0,-23466808,1,0,3,0,ordinary
17,289,-1634,192,-22920,6,0,13,0,ordinary
17,289,-1630,228,-366771,4,-1,6,0,ordinary
17,289,-1626,0,-939064,1,0,3,0,ordinary
17,289,-1622,0,-2608872,1,0,3,0,ordinary
17,289,-1618,36,-652308,2,0,4,0,ordinary
17,289,-1614,24,-1467895,3,1,4,0,ordinary
17,289,-1610,0,-23489544,1,0,3,0,ordinary
17,289,-1606,0,-23492760,1,0,3,0,ordinary
17,289,-1602,72,-5873992,2,0,5,0,ordinary
17,289,-1598,0,,,,,,nonordinary_or_unrealized
17,289,-1594,0,-479640,1,0,3,0,ordinary
17,289,-1590,0,-23505544,1,0,3,0,ordinary
17,289,-1586,48,-163255,3,1,4,0,ordinary
17,289,-1582,60,-653108,2,0,4,0,ordinary
17,289,-1578,0,-23515048,1,0,3,0,ordinary
17,289,-1574,0,-940728,1,0,3,0,ordinary
17,289,-1570,108,-1470084,3,0,6,0,ordinary
17,289,-1566,132,-1470280,3,0,7,0,ordinary
17,289,-1562,0,-23527608,1,0,3,0,ordinary
17,289,-1558,0,-23530728,1,0,3,0,ordinary
17,289,-1554,60,-5883460,2,0,4,0,ordinary
17,289,-1550,84,-163451,3,-1,4,0,ordinary
17,289,-1546,0,-2615560,1,0,3,0,ordinary
17,289,-1542,0,-480472,1,0,3,0,ordinary
17,289,-1538,132,-5886552,2,0,5,0,ordinary
17,289,-1534,180,-5887320,2,0,5,0,ordinary
17,289,-1530,0,,,,,,nonordinary_or_unrealized
17,289,-1526,0,-942216,1,0,3,0,ordinary
17,289,-1522,12,-1472403,3,-1,4,0,ordinary
17,289,-1518,0,-5890372,2,0,4,0,ordinary
17,289,-1514,0,-290920,1,0,3,0,ordinary
17,289,-1510,0,-2618616,1,0,3,0,ordinary
17,289,-1506,108,-1473160,3,0,7,0,ordinary
17,289,-1502,120,-1473348,3,0,6,0,ordinary
17,289,-1498,0,-23576568,1,0,3,0,ordinary
17,289,-1494,0,-23579560,1,0,3,0,ordinary
17,289,-1490,96,-5895636,2,0,4,0,ordinary
17,289,-1486,60,-1474095,3,1,4,0,ordinary
17,289,-1482,0,-23588488,1,0,3,0,ordinary
17,289,-1478,0,-2621272,1,0,3,0,ordinary
17,289,-1474,108,-26216,2,0,5,0,ordinary
17,289,-1470,84,-5899336,2,0,5,0,ordinary
17,289,-1466,0,-23600280,1,0,3,0,ordinary
17,289,-1462,0,,,,,,nonordinary_or_unrealized
17,289,-1458,12,-1475383,3,1,4,0,ordinary
17,289,-1454,24,-5902260,2,0,4,0,ordinary
17,289,-1450,0,-23611944,1,0,3,0,ordinary
17,289,-1446,0,-23614840,1,0,3,0,ordinary
17,289,-1442,192,-41003,4,-1,6,0,ordinary
17,289,-1438,192,-2563,6,-1,10,0,ordinary
17,289,-1434,0,-23623480,1,0,3,0,ordinary
17,289,-1430,0,-23626344,1,0,3,0,ordinary
17,289,-1426,36,-236292,2,0,4,0,ordinary
17,289,-1422,48,-1477003,3,-1,4,0,ordinary
17,289,-1418,0,-23634888,1,0,3,0,ordinary
17,289,-1414,0,-23637720,1,0,3,0,ordinary
17,289,-1410,60,-2104,2,0,5,0,ordinary
17,289,-1406,96,-656760,2,0,5,0,ordinary
17,289,-1402,0,-291928,1,0,3,0,ordinary
17,289,-1398,0,-482632,1,0,3,0,ordinary
17,289,-1394,0,,,,,,nonordinary_or_unrealized
17,289,-1390,72,-5913636,2,0,4,0,ordinary
17,289,-1386,0,-23657320,1,0,3,0,ordinary
17,289,-1382,0,-23660088,1,0,3,0,ordinary
17,289,-1378,276,-369732,4,0,8,0,ordinary
17,289,-1374,144,-14791,4,1,6,0,ordinary
17,289,-1370,0,-2629816,1,0,3,0,ordinary
17,289,-1366,0,-2630120,1,0,3,0,ordinary
17,289,-1362,48,-11188,2,0,4,0,ordinary
17,289,-1358,24,-1479783,3,1,4,0,ordinary
17,289,-1354,0,-23679240,1,0,3,0,ordinary
17,289,-1350,0,-23681944,1,0,3,0,ordinary
17,289,-1346,108,-120840,2,0,5,0,ordinary
17,289,-1342,48,-5921832,2,0,5,0,ordinary
17,289,-1338,0,-23690008,1,0,3,0,ordinary
17,289,-1334,0,-2632520,1,0,3,0,ordinary
17,289,-1330,84,-164551,3,1,4,0,ordinary
17,289,-1326,0,,,,,,nonordinary_or_unrealized
17,289,-1322,0,-23700648,1,0,3,0,ordinary
17,289,-1318,0,-23703288,1,0,3,0,ordinary
17,289,-1314,144,-1481620,3,0,6,0,ordinary
17,289,-1310,264,-1481784,3,0,7,0,ordinary
17,289,-1306,0,-195960,1,0,3,0,ordinary
17,289,-1302,0,-23713768,1,0,3,0,ordinary
17,289,-1298,24,-658788,2,0,4,0,ordinary
17,289,-1294,24,-164715,3,-1,4,0,ordinary
17,289,-1290,0,-23721544,1,0,3,0,ordinary
17,289,-1286,0,-23724120,1,0,3,0,ordinary
17,289,-1282,84,-5931672,2,0,5,0,ordinary
17,289,-1278,36,-5932312,2,0,5,0,ordinary
17,289,-1274,0,-949272,1,0,3,0,ordinary
17,289,-1270,0,-23734344,1,0,3,0,ordinary
17,289,-1266,24,-1483555,3,-1,4,0,ordinary
17,289,-1262,24,-659428,2,0,4,0,ordinary
17,289,-1258,0,,,,,,nonordinary_or_unrealized
17,289,-1254,0,-23744440,1,0,3,0,ordinary
17,289,-1250,204,-1484184,3,0,7,0,ordinary
17,289,-1246,144,-1484340,3,0,6,0,ordinary
17,289,-1242,0,-23751928,1,0,3,0,ordinary
17,289,-1238,0,-23754408,1,0,3,0,ordinary
17,289,-1234,48,-5939220,2,0,4,0,ordinary
17,289,-1230,12,-1484959,3,1,4,0,ordinary
17,289,-1226,0,-105608,1,0,3,0,ordinary
17,289,-1222,0,-2640472,1,0,3,0,ordinary
17,289,-1218,96,-5941672,2,0,5,0,ordinary
17,289,-1214,96,-5942280,2,0,5,0,ordinary
17,289,-1210,0,-23771544,1,0,3,0,ordinary
17,289,-1206,0,-23773960,1,0,3,0,ordinary
17,289,-1202,72,-30327,3,1,4,0,ordinary
17,289,-1198,72,-5944692,2,0,4,0,ordinary
17,289,-1194,0,-23781160,1,0,3,0,ordinary
17,289,-1190,0,,,,,,nonordinary_or_unrealized
17,289,-1186,228,-41295,4,1,6,0,ordinary
17,289,-1182,156,-92923,5,-1,8,0,ordinary
17,289,-1178,0,-23790648,1,0,3,0,ordinary
17,289,-1174,0,-951720,1,0,3,0,ordinary
17,289,-1170,36,-5948836,2,0,4,0,ordinary
17,289,-1166,12,-1487355,3,-1,4,0,ordinary
17,289,-1162,0,-65928,1,0,3,0,ordinary
17,289,-1158,0,-23802328,1,0,3,0,ordinary
17,289,-1154,168,-661240,2,0,5,0,ordinary
17,289,-1150,192,-13496,2,0,5,0,ordinary
17,289,-1146,0,-23809240,1,0,3,0,ordinary
17,289,-1142,0,-23811528,1,0,3,0,ordinary
17,289,-1138,24,-1488363,3,-1,4,0,ordinary
17,289,-1134,24,-5954020,2,0,4,0,ordinary
17,289,-1130,0,-23818344,1,0,3,0,ordinary
17,289,-1126,0,-696,1,0,3,0,ordinary
17,289,-1122,0,,,,,,nonordinary_or_unrealized
17,289,-1118,204,-41363,4,-1,6,0,ordinary
17,289,-1114,0,-21880,1,0,3,0,ordinary
17,289,-1110,0,-23829544,1,0,3,0,ordinary
17,289,-1106,12,-5957940,2,0,4,0,ordinary
17,289,-1102,24,-1489623,3,1,4,0,ordinary
17,289,-1098,0,-23836168,1,0,3,0,ordinary
17,289,-1094,0,-23838360,1,0,3,0,ordinary
17,289,-1090,144,-5960136,2,0,5,0,ordinary
17,289,-1086,108,-5960680,2,0,5,0,ordinary
17,289,-1082,0,-2649432,1,0,3,0,ordinary
17,289,-1078,0,-32712,1,0,3,0,ordinary
17,289,-1074,48,-59623,3,1,4,0,ordinary
17,289,-1070,96,-5962836,2,0,4,0,ordinary
17,289,-1066,0,-23853480,1,0,3,0,ordinary
17,289,-1062,0,-23855608,1,0,3,0,ordinary
17,289,-1058,132,-1491108,3,0,6,0,ordinary
17,289,-1054,0,,,,,,nonordinary_or_unrealized
17,289,-1050,0,-23861944,1,0,3,0,ordinary
17,289,-1046,0,-2651560,1,0,3,0,ordinary
17,289,-1042,108,-662948,2,0,4,0,ordinary
17,289,-1038,48,-8827,3,-1,4,0,ordinary
17,289,-1034,0,-23870280,1,0,3,0,ordinary
17,289,-1030,0,-23872344,1,0,3,0,ordinary
17,289,-1026,36,-238744,2,0,5,0,ordinary
17,289,-1022,84,-5969112,2,0,5,0,ordinary
17,289,-1018,0,-23878488,1,0,3,0,ordinary
17,289,-1014,0,-23880520,1,0,3,0,ordinary
17,289,-1010,72,-165851,3,-1,4,0,ordinary
17,289,-1006,72,-13540,2,0,4,0,ordinary
17,289,-1002,0,-23886568,1,0,3,0,ordinary
17,289,-998,0,-23888568,1,0,3,0,ordinary
17,289,-994,120,-1493160,3,0,7,0,ordinary
17,289,-990,68,-4,3,0,6,1,ordinary
17,289,-986,0,,,,,,nonordinary_or_unrealized
17,289,-982,0,-23896488,1,0,3,0,ordinary
17,289,-978,24,-5974612,2,0,4,0,ordinary
17,289,-974,108,-6639,3,1,4,0,ordinary
17,289,-970,0,-2655816,1,0,3,0,ordinary
17,289,-966,0,-23904280,1,0,3,0,ordinary
17,289,-962,36,-5976552,2,0,5,0,ordinary
17,289,-958,144,-5977032,2,0,5,0,ordinary
17,289,-954,0,-487960,1,0,3,0,ordinary
17,289,-950,0,-23911944,1,0,3,0,ordinary
17,289,-946,48,-1494615,3,1,4,0,ordinary
17,289,-942,48,-5978932,2,0,4,0,ordinary
17,289,-938,0,-2657512,1,0,3,0,ordinary
17,289,-934,0,-2657720,1,0,3,0,ordinary
17,289,-930,120,-373771,4,-1,6,0,ordinary
17,289,-926,96,-14952,4,0,9,0,ordinary
17,289,-922,0,-23925048,1,0,3,0,ordinary
17,289,-918,0,,,,,,nonordinary_or_unrealized
17,289,-914,60,-5982180,2,0,4,0,ordinary
17,289,-910,84,-1495659,3,-1,4,0,ordinary
17,289,-906,0,-23932360,1,0,3,0,ordinary
17,289,-902,0,-2659352,1,0,3,0,ordinary
17,289,-898,96,-664888,2,0,5,0,ordinary
17,289,-894,24,-5984440,2,0,5,0,ordinary
17,289,-890,0,-23939544,1,0,3,0,ordinary
17,289,-886,0,-23941320,1,0,3,0,ordinary
17,289,-882,36,-1496443,3,-1,4,0,ordinary
17,289,-878,12,-5986212,2,0,4,0,ordinary
17,289,-874,0,-957864,1,0,3,0,ordinary
17,289,-870,0,-23948344,1,0,3,0,ordinary
17,289,-866,288,-1155,5,-1,8,0,ordinary
17,289,-862,264,-41583,4,1,6,0,ordinary
17,289,-858,0,-23953528,1,0,3,0,ordinary
17,289,-854,0,-23955240,1,0,3,0,ordinary
17,289,-850,0,,,,,,nonordinary_or_unrealized
17,289,-846,36,-1497415,3,1,4,0,ordinary
17,289,-842,0,-23960328,1,0,3,0,ordinary
17,289,-838,0,-23962008,1,0,3,0,ordinary
17,289,-834,36,-5990920,2,0,5,0,ordinary
17,289,-830,108,-665704,2,0,5,0,ordinary
17,289,-826,0,-106520,1,0,3,0,ordinary
17,289,-822,0,-198088,1,0,3,0,ordinary
17,289,-818,60,-1498143,3,1,4,0,ordinary
17,289,-814,48,-5992980,2,0,4,0,ordinary
17,289,-810,0,-489256,1,0,3,0,ordinary
17,289,-806,0,-23975160,1,0,3,0,ordinary
17,289,-802,108,-1498548,3,0,6,0,ordinary
17,289,-798,96,-1498648,3,0,7,0,ordinary
17,289,-794,0,-2664440,1,0,3,0,ordinary
17,289,-790,0,-2664616,1,0,3,0,ordinary
17,289,-786,48,-5995780,2,0,4,0,ordinary
17,289,-782,0,,,,,,nonordinary_or_unrealized
17,289,-778,0,-23986248,1,0,3,0,ordinary
17,289,-774,0,-959512,1,0,3,0,ordinary
17,289,-770,24,-5997336,2,0,5,0,ordinary
17,289,-766,72,-5997720,2,0,5,0,ordinary
17,289,-762,0,-23992408,1,0,3,0,ordinary
17,289,-758,0,-54408,1,0,3,0,ordinary
17,289,-754,108,-35,3,-1,4,0,ordinary
17,289,-750,36,-5999236,2,0,4,0,ordinary
17,289,-746,0,-23998440,1,0,3,0,ordinary
17,289,-742,0,-23999928,1,0,3,0,ordinary
17,289,-738,108,-1500088,3,0,7,0,ordinary
17,289,-734,168,-1500180,3,0,6,0,ordinary
17,289,-730,0,-24004344,1,0,3,0,ordinary
17,289,-726,0,-960232,1,0,3,0,ordinary
17,289,-722,48,-666868,2,0,4,0,ordinary
17,289,-718,48,-166727,3,1,4,0,ordinary
17,289,-714,0,,,,,,nonordinary_or_unrealized
17,289,-710,0,-24011544,1,0,3,0,ordinary
17,289,-706,84,-6003240,2,0,5,0,ordinary
17,289,-702,36,-6003592,2,0,5,0,ordinary
17,289,-698,0,-24015768,1,0,3,0,ordinary
17,289,-694,0,-24017160,1,0,3,0,ordinary
17,289,-690,48,-1501159,3,1,4,0,ordinary
17,289,-686,48,-667220,2,0,4,0,ordinary
17,289,-682,0,-2669032,1,0,3,0,ordinary
17,289,-678,0,-24022648,1,0,3,0,ordinary
17,289,-674,360,-15015,4,1,6,0,ordinary
17,289,-670,120,-375396,4,0,8,0,ordinary
17,289,-666,0,-24026680,1,0,3,0,ordinary
17,289,-662,0,-24028008,1,0,3,0,ordinary
17,289,-658,36,-6007332,2,0,4,0,ordinary
17,289,-654,12,-1501915,3,-1,4,0,ordinary
17,289,-650,0,-2670216,1,0,3,0,ordinary
17,289,-646,0,,,,,,nonordinary_or_unrealized
17,289,-642,72,-6008632,2,0,5,0,ordinary
17,289,-638,72,-6008952,2,0,5,0,ordinary
17,289,-634,0,-24037080,1,0,3,0,ordinary
17,289,-630,0,-198664,1,0,3,0,ordinary
17,289,-626,84,-60099,3,-1,4,0,ordinary
17,289,-622,60,-6010212,2,0,4,0,ordinary
17,289,-618,0,-24042088,1,0,3,0,ordinary
17,289,-614,0,-54520,1,0,3,0,ordinary
17,289,-610,504,-10436,5,0,10,0,ordinary
17,289,-606,96,-375715,4,-1,6,0,ordinary
17,289,-602,0,-24046968,1,0,3,0,ordinary
17,289,-598,0,-24048168,1,0,3,0,ordinary
17,289,-594,36,-6012340,2,0,4,0,ordinary
17,289,-590,48,-1503159,3,1,4,0,ordinary
17,289,-586,0,-24051720,1,0,3,0,ordinary
17,289,-582,0,-24052888,1,0,3,0,ordinary
17,289,-578,0,,,,,,nonordinary_or_unrealized
17,289,-574,96,-26728,2,0,5,0,ordinary
17,289,-570,0,-24056344,1,0,3,0,ordinary
17,289,-566,0,-24057480,1,0,3,0,ordinary
17,289,-562,72,-30687,3,1,4,0,ordinary
17,289,-558,24,-6014932,2,0,4,0,ordinary
17,289,-554,0,-24060840,1,0,3,0,ordinary
17,289,-550,0,-24061944,1,0,3,0,ordinary
17,289,-546,84,-1503940,3,0,6,0,ordinary
17,289,-542,168,-18568,3,0,7,0,ordinary
17,289,-538,0,-2673912,1,0,3,0,ordinary
17,289,-534,0,-24066280,1,0,3,0,ordinary
17,289,-530,24,-6016836,2,0,4,0,ordinary
17,289,-526,96,-60171,3,-1,4,0,ordinary
17,289,-522,0,-24069448,1,0,3,0,ordinary
17,289,-518,0,-24070488,1,0,3,0,ordinary
17,289,-514,36,-6017880,2,0,5,0,ordinary
17,289,-510,0,,,,,,nonordinary_or_unrealized
17,289,-506,0,-2674840,1,0,3,0,ordinary
17,289,-502,0,-2674952,1,0,3,0,ordinary
17,289,-498,12,-1504723,3,-1,4,0,ordinary
17,289,-494,36,-6019140,2,0,4,0,ordinary
17,289,-490,0,-24077544,1,0,3,0,ordinary
17,289,-486,0,-24078520,1,0,3,0,ordinary
17,289,-482,84,-1504968,3,0,7,0,ordinary
17,289,-478,216,-1505028,3,0,6,0,ordinary
17,289,-474,0,-963256,1,0,3,0,ordinary
17,289,-470,0,-2675816,1,0,3,0,ordinary
17,289,-466,12,-668980,2,0,4,0,ordinary
17,289,-462,36,-1505263,3,1,4,0,ordinary
17,289,-458,0,-24085128,1,0,3,0,ordinary
17,289,-454,0,-24086040,1,0,3,0,ordinary
17,289,-450,96,-6021736,2,0,5,0,ordinary
17,289,-446,96,-6021960,2,0,5,0,ordinary
17,289,-442,0,,,,,,nonordinary_or_unrealized
17,289,-438,0,-24089608,1,0,3,0,ordinary
17,289,-434,72,-167295,3,1,4,0,ordinary
17,289,-430,60,-74356,2,0,4,0,ordinary
17,289,-426,0,-963688,1,0,3,0,ordinary
17,289,-422,0,-24093048,1,0,3,0,ordinary
17,289,-418,168,-7683,4,-1,6,0,ordinary
17,289,-414,204,-94120,5,0,11,0,ordinary
17,289,-410,0,-24095544,1,0,3,0,ordinary
17,289,-406,0,-24096360,1,0,3,0,ordinary
17,289,-402,72,-6024292,2,0,4,0,ordinary
17,289,-398,12,-167347,3,-1,4,0,ordinary
17,289,-394,0,-2677640,1,0,3,0,ordinary
17,289,-390,0,-24099544,1,0,3,0,ordinary
17,289,-386,120,-6025080,2,0,5,0,ordinary
17,289,-382,48,-6025272,2,0,5,0,ordinary
17,289,-378,0,-24101848,1,0,3,0,ordinary
17,289,-374,0,,,,,,nonordinary_or_unrealized
17,289,-370,84,-1506459,3,-1,4,0,ordinary
17,289,-366,60,-122980,2,0,4,0,ordinary
17,289,-362,0,-15848,1,0,3,0,ordinary
17,289,-358,0,-2678392,1,0,3,0,ordinary
17,289,-354,60,-376660,4,0,8,0,ordinary
17,289,-350,336,-376671,4,1,6,0,ordinary
17,289,-346,0,-24107640,1,0,3,0,ordinary
17,289,-342,0,-24108328,1,0,3,0,ordinary
17,289,-338,24,-49812,2,0,4,0,ordinary
17,289,-334,96,-1506855,3,1,4,0,ordinary
17,289,-330,0,-24110344,1,0,3,0,ordinary
17,289,-326,0,-107160,1,0,3,0,ordinary
17,289,-322,96,-669768,2,0,5,0,ordinary
17,289,-318,72,-6028072,2,0,5,0,ordinary
17,289,-314,0,-142680,1,0,3,0,ordinary
17,289,-310,0,-24113544,1,0,3,0,ordinary
17,289,-306,0,,,,,,nonordinary_or_unrealized
17,289,-302,24,-6028692,2,0,4,0,ordinary
17,289,-298,0,-24115368,1,0,3,0,ordinary
17,289,-294,0,-24115960,1,0,3,0,ordinary
17,289,-290,288,-167476,3,0,6,0,ordinary
17,289,-286,264,-167480,3,0,7,0,ordinary
17,289,-282,0,-66808,1,0,3,0,ordinary
17,289,-278,0,-24118248,1,0,3,0,ordinary
17,289,-274,132,-241188,2,0,4,0,ordinary
17,289,-270,24,-1507459,3,-1,4,0,ordinary
17,289,-266,0,-28680,1,0,3,0,ordinary
17,289,-262,0,-24120408,1,0,3,0,ordinary
17,289,-258,36,-6030232,2,0,5,0,ordinary
17,289,-254,48,-670040,2,0,5,0,ordinary
17,289,-250,0,-2680216,1,0,3,0,ordinary
17,289,-246,0,-24122440,1,0,3,0,ordinary
17,289,-242,0,-1507683,3,-1,4,0,ordinary
17,289,-238,0,,,,,,nonordinary_or_unrealized
17,289,-234,0,-24123880,1,0,3,0,ordinary
17,289,-230,0,-24124344,1,0,3,0,ordinary
17,289,-226,120,-60312,3,0,7,0,ordinary
17,289,-222,78,-628,3,0,6,0,ordinary
17,289,-218,0,-297848,1,0,3,0,ordinary
17,289,-214,0,-2680680,1,0,3,0,ordinary
17,289,-210,72,-6031636,2,0,4,0,ordinary
17,289,-206,60,-1507935,3,1,4,0,ordinary
17,289,-202,0,-24127368,1,0,3,0,ordinary
17,289,-198,0,-24127768,1,0,3,0,ordinary
17,289,-194,84,-6032040,2,0,5,0,ordinary
17,289,-190,96,-6032136,2,0,5,0,ordinary
17,289,-186,0,-24128920,1,0,3,0,ordinary
17,289,-182,0,-2681032,1,0,3,0,ordinary
17,289,-178,84,-167567,3,1,4,0,ordinary
17,289,-174,60,-9652,2,0,4,0,ordinary
17,289,-170,0,,,,,,nonordinary_or_unrealized
17,289,-166,0,-24130680,1,0,3,0,ordinary
17,289,-162,192,-377047,4,1,6,0,ordinary
17,289,-158,156,-94263,5,1,8,0,ordinary
17,289,-154,0,-24131640,1,0,3,0,ordinary
17,289,-150,0,-24131944,1,0,3,0,ordinary
17,289,-146,132,-5540,2,0,4,0,ordinary
17,289,-142,72,-167587,3,-1,4,0,ordinary
17,289,-138,0,-24132808,1,0,3,0,ordinary
17,289,-134,0,-24133080,1,0,3,0,ordinary
17,289,-130,156,-6033336,2,0,5,0,ordinary
17,289,-126,84,-241336,2,0,5,0,ordinary
17,289,-122,0,-24133848,1,0,3,0,ordinary
17,289,-118,0,-24134088,1,0,3,0,ordinary
17,289,-114,36,-1508395,3,-1,4,0,ordinary
17,289,-110,48,-670404,2,0,4,0,ordinary
17,289,-106,0,-297960,1,0,3,0,ordinary
17,289,-102,0,,,,,,nonordinary_or_unrealized
17,289,-98,168,-377112,4,0,9,0,ordinary
17,289,-94,204,-377115,4,-1,6,0,ordinary
17,289,-90,0,-24135544,1,0,3,0,ordinary
17,289,-86,0,-24135720,1,0,3,0,ordinary
17,289,-82,48,-6033972,2,0,4,0,ordinary
17,289,-78,48,-1508503,3,1,4,0,ordinary
17,289,-74,0,-107272,1,0,3,0,ordinary
17,289,-70,0,-2681816,1,0,3,0,ordinary
17,289,-66,72,-6034120,2,0,5,0,ordinary
17,289,-62,120,-6034152,2,0,5,0,ordinary
17,289,-58,0,-24136728,1,0,3,0,ordinary
17,289,-54,0,-24136840,1,0,3,0,ordinary
17,289,-50,0,-1508559,3,1,4,0,ordinary
17,289,-46,60,-6034260,2,0,4,0,ordinary
17,289,-42,0,-24137128,1,0,3,0,ordinary
17,289,-38,0,-2681912,1,0,3,0,ordinary
17,289,-34,0,,,,,,nonordinary_or_unrealized
17,289,-30,96,-1508584,3,0,7,0,ordinary
17,289,-26,0,-19704,1,0,3,0,ordinary
17,289,-22,0,-24137448,1,0,3,0,ordinary
17,289,-18,0,-6034372,2,0,4,0,ordinary
17,289,-14,12,-1508595,3,-1,4,0,ordinary
17,289,-10,0,-24137544,1,0,3,0,ordinary
17,289,-6,0,-24137560,1,0,3,0,ordinary
17,289,-2,180,-670488,2,0,5,0,ordinary
17,289,2,180,-670488,2,0,5,0,ordinary
17,289,6,0,-24137560,1,0,3,0,ordinary
17,289,10,0,-24137544,1,0,3,0,ordinary
17,289,14,12,-1508595,3,-1,4,0,ordinary
17,289,18,0,-6034372,2,0,4,0,ordinary
17,289,22,0,-24137448,1,0,3,0,ordinary
17,289,26,0,-19704,1,0,3,0,ordinary
17,289,30,96,-1508584,3,0,7,0,ordinary
17,289,34,0,,,,,,nonordinary_or_unrealized
17,289,38,0,-2681912,1,0,3,0,ordinary
17,289,42,0,-24137128,1,0,3,0,ordinary
17,289,46,60,-6034260,2,0,4,0,ordinary
17,289,50,0,-1508559,3,1,4,0,ordinary
17,289,54,0,-24136840,1,0,3,0,ordinary
17,289,58,0,-24136728,1,0,3,0,ordinary
17,289,62,120,-6034152,2,0,5,0,ordinary
17,289,66,72,-6034120,2,0,5,0,ordinary
17,289,70,0,-2681816,1,0,3,0,ordinary
17,289,74,0,-107272,1,0,3,0,ordinary
17,289,78,48,-1508503,3,1,4,0,ordinary
17,289,82,48,-6033972,2,0,4,0,ordinary
17,289,86,0,-24135720,1,0,3,0,ordinary
17,289,90,0,-24135544,1,0,3,0,ordinary
17,289,94,204,-377115,4,-1,6,0,ordinary
17,289,98,168,-377112,4,0,9,0,ordinary
17,289,102,0,,,,,,nonordinary_or_unrealized
17,289,106,0,-297960,1,0,3,0,ordinary
17,289,110,48,-670404,2,0,4,0,ordinary
17,289,114,36,-1508395,3,-1,4,0,ordinary
17,289,118,0,-24134088,1,0,3,0,ordinary
17,289,122,0,-24133848,1,0,3,0,ordinary
17,289,126,84,-241336,2,0,5,0,ordinary
17,289,130,156,-6033336,2,0,5,0,ordinary
17,289,134,0,-24133080,1,0,3,0,ordinary
17,289,138,0,-24132808,1,0,3,0,ordinary
17,289,142,72,-167587,3,-1,4,0,ordinary
17,289,146,132,-5540,2,0,4,0,ordinary
17,289,150,0,-24131944,1,0,3,0,ordinary
17,289,154,0,-24131640,1,0,3,0,ordinary
17,289,158,156,-94263,5,1,8,0,ordinary
17,289,162,192,-377047,4,1,6,0,ordinary
17,289,166,0,-24130680,1,0,3,0,ordinary
17,289,170,0,,,,,,nonordinary_or_unrealized
17,289,174,60,-9652,2,0,4,0,ordinary
17,289,178,84,-167567,3,1,4,0,ordinary
17,289,182,0,-2681032,1,0,3,0,ordinary
17,289,186,0,-24128920,1,0,3,0,ordinary
17,289,190,96,-6032136,2,0,5,0,ordinary
17,289,194,84,-6032040,2,0,5,0,ordinary
17,289,198,0,-24127768,1,0,3,0,ordinary
17,289,202,0,-24127368,1,0,3,0,ordinary
17,289,206,60,-1507935,3,1,4,0,ordinary
17,289,210,72,-6031636,2,0,4,0,ordinary
17,289,214,0,-2680680,1,0,3,0,ordinary
17,289,218,0,-297848,1,0,3,0,ordinary
17,289,222,78,-628,3,0,6,0,ordinary
17,289,226,120,-60312,3,0,7,0,ordinary
17,289,230,0,-24124344,1,0,3,0,ordinary
17,289,234,0,-24123880,1,0,3,0,ordinary
17,289,238,0,,,,,,nonordinary_or_unrealized
17,289,242,0,-1507683,3,-1,4,0,ordinary
17,289,246,0,-24122440,1,0,3,0,ordinary
17,289,250,0,-2680216,1,0,3,0,ordinary
17,289,254,48,-670040,2,0,5,0,ordinary
17,289,258,36,-6030232,2,0,5,0,ordinary
17,289,262,0,-24120408,1,0,3,0,ordinary
17,289,266,0,-28680,1,0,3,0,ordinary
17,289,270,24,-1507459,3,-1,4,0,ordinary
17,289,274,132,-241188,2,0,4,0,ordinary
17,289,278,0,-24118248,1,0,3,0,ordinary
17,289,282,0,-66808,1,0,3,0,ordinary
17,289,286,264,-167480,3,0,7,0,ordinary
17,289,290,288,-167476,3,0,6,0,ordinary
17,289,294,0,-24115960,1,0,3,0,ordinary
17,289,298,0,-24115368,1,0,3,0,ordinary
17,289,302,24,-6028692,2,0,4,0,ordinary
17,289,306,0,,,,,,nonordinary_or_unrealized
17,289,310,0,-24113544,1,0,3,0,ordinary
17,289,314,0,-142680,1,0,3,0,ordinary
17,289,318,72,-6028072,2,0,5,0,ordinary
17,289,322,96,-669768,2,0,5,0,ordinary
17,289,326,0,-107160,1,0,3,0,ordinary
17,289,330,0,-24110344,1,0,3,0,ordinary
17,289,334,96,-1506855,3,1,4,0,ordinary
17,289,338,24,-49812,2,0,4,0,ordinary
17,289,342,0,-24108328,1,0,3,0,ordinary
17,289,346,0,-24107640,1,0,3,0,ordinary
17,289,350,336,-376671,4,1,6,0,ordinary
17,289,354,60,-376660,4,0,8,0,ordinary
17,289,358,0,-2678392,1,0,3,0,ordinary
17,289,362,0,-15848,1,0,3,0,ordinary
17,289,366,60,-122980,2,0,4,0,ordinary
17,289,370,84,-1506459,3,-1,4,0,ordinary
17,289,374,0,,,,,,nonordinary_or_unrealized
17,289,378,0,-24101848,1,0,3,0,ordinary
17,289,382,48,-6025272,2,0,5,0,ordinary
17,289,386,120,-6025080,2,0,5,0,ordinary
17,289,390,0,-24099544,1,0,3,0,ordinary
17,289,394,0,-2677640,1,0,3,0,ordinary
17,289,398,12,-167347,3,-1,4,0,ordinary
17,289,402,72,-6024292,2,0,4,0,ordinary
17,289,406,0,-24096360,1,0,3,0,ordinary
17,289,410,0,-24095544,1,0,3,0,ordinary
17,289,414,204,-94120,5,0,11,0,ordinary
17,289,418,168,-7683,4,-1,6,0,ordinary
17,289,422,0,-24093048,1,0,3,0,ordinary
17,289,426,0,-963688,1,0,3,0,ordinary
17,289,430,60,-74356,2,0,4,0,ordinary
17,289,434,72,-167295,3,1,4,0,ordinary
17,289,438,0,-24089608,1,0,3,0,ordinary
17,289,442,0,,,,,,nonordinary_or_unrealized
17,289,446,96,-6021960,2,0,5,0,ordinary
17,289,450,96,-6021736,2,0,5,0,ordinary
17,289,454,0,-24086040,1,0,3,0,ordinary
17,289,458,0,-24085128,1,0,3,0,ordinary
17,289,462,36,-1505263,3,1,4,0,ordinary
17,289,466,12,-668980,2,0,4,0,ordinary
17,289,470,0,-2675816,1,0,3,0,ordinary
17,289,474,0,-963256,1,0,3,0,ordinary
17,289,478,216,-1505028,3,0,6,0,ordinary
17,289,482,84,-1504968,3,0,7,0,ordinary
17,289,486,0,-24078520,1,0,3,0,ordinary
17,289,490,0,-24077544,1,0,3,0,ordinary
17,289,494,36,-6019140,2,0,4,0,ordinary
17,289,498,12,-1504723,3,-1,4,0,ordinary
17,289,502,0,-2674952,1,0,3,0,ordinary
17,289,506,0,-2674840,1,0,3,0,ordinary
17,289,510,0,,,,,,nonordinary_or_unrealized
17,289,514,36,-6017880,2,0,5,0,ordinary
17,289,518,0,-24070488,1,0,3,0,ordinary
17,289,522,0,-24069448,1,0,3,0,ordinary
17,289,526,96,-60171,3,-1,4,0,ordinary
17,289,530,24,-6016836,2,0,4,0,ordinary
17,289,534,0,-24066280,1,0,3,0,ordinary
17,289,538,0,-2673912,1,0,3,0,ordinary
17,289,542,168,-18568,3,0,7,0,ordinary
17,289,546,84,-1503940,3,0,6,0,ordinary
17,289,550,0,-24061944,1,0,3,0,ordinary
17,289,554,0,-24060840,1,0,3,0,ordinary
17,289,558,24,-6014932,2,0,4,0,ordinary
17,289,562,72,-30687,3,1,4,0,ordinary
17,289,566,0,-24057480,1,0,3,0,ordinary
17,289,570,0,-24056344,1,0,3,0,ordinary
17,289,574,96,-26728,2,0,5,0,ordinary
17,289,578,0,,,,,,nonordinary_or_unrealized
17,289,582,0,-24052888,1,0,3,0,ordinary
17,289,586,0,-24051720,1,0,3,0,ordinary
17,289,590,48,-1503159,3,1,4,0,ordinary
17,289,594,36,-6012340,2,0,4,0,ordinary
17,289,598,0,-24048168,1,0,3,0,ordinary
17,289,602,0,-24046968,1,0,3,0,ordinary
17,289,606,96,-375715,4,-1,6,0,ordinary
17,289,610,504,-10436,5,0,10,0,ordinary
17,289,614,0,-54520,1,0,3,0,ordinary
17,289,618,0,-24042088,1,0,3,0,ordinary
17,289,622,60,-6010212,2,0,4,0,ordinary
17,289,626,84,-60099,3,-1,4,0,ordinary
17,289,630,0,-198664,1,0,3,0,ordinary
17,289,634,0,-24037080,1,0,3,0,ordinary
17,289,638,72,-6008952,2,0,5,0,ordinary
17,289,642,72,-6008632,2,0,5,0,ordinary
17,289,646,0,,,,,,nonordinary_or_unrealized
17,289,650,0,-2670216,1,0,3,0,ordinary
17,289,654,12,-1501915,3,-1,4,0,ordinary
17,289,658,36,-6007332,2,0,4,0,ordinary
17,289,662,0,-24028008,1,0,3,0,ordinary
17,289,666,0,-24026680,1,0,3,0,ordinary
17,289,670,120,-375396,4,0,8,0,ordinary
17,289,674,360,-15015,4,1,6,0,ordinary
17,289,678,0,-24022648,1,0,3,0,ordinary
17,289,682,0,-2669032,1,0,3,0,ordinary
17,289,686,48,-667220,2,0,4,0,ordinary
17,289,690,48,-1501159,3,1,4,0,ordinary
17,289,694,0,-24017160,1,0,3,0,ordinary
17,289,698,0,-24015768,1,0,3,0,ordinary
17,289,702,36,-6003592,2,0,5,0,ordinary
17,289,706,84,-6003240,2,0,5,0,ordinary
17,289,710,0,-24011544,1,0,3,0,ordinary
17,289,714,0,,,,,,nonordinary_or_unrealized
17,289,718,48,-166727,3,1,4,0,ordinary
17,289,722,48,-666868,2,0,4,0,ordinary
17,289,726,0,-960232,1,0,3,0,ordinary
17,289,730,0,-24004344,1,0,3,0,ordinary
17,289,734,168,-1500180,3,0,6,0,ordinary
17,289,738,108,-1500088,3,0,7,0,ordinary
17,289,742,0,-23999928,1,0,3,0,ordinary
17,289,746,0,-23998440,1,0,3,0,ordinary
17,289,750,36,-5999236,2,0,4,0,ordinary
17,289,754,108,-35,3,-1,4,0,ordinary
17,289,758,0,-54408,1,0,3,0,ordinary
17,289,762,0,-23992408,1,0,3,0,ordinary
17,289,766,72,-5997720,2,0,5,0,ordinary
17,289,770,24,-5997336,2,0,5,0,ordinary
17,289,774,0,-959512,1,0,3,0,ordinary
17,289,778,0,-23986248,1,0,3,0,ordinary
17,289,782,0,,,,,,nonordinary_or_unrealized
17,289,786,48,-5995780,2,0,4,0,ordinary
17,289,790,0,-2664616,1,0,3,0,ordinary
17,289,794,0,-2664440,1,0,3,0,ordinary
17,289,798,96,-1498648,3,0,7,0,ordinary
17,289,802,108,-1498548,3,0,6,0,ordinary
17,289,806,0,-23975160,1,0,3,0,ordinary
17,289,810,0,-489256,1,0,3,0,ordinary
17,289,814,48,-5992980,2,0,4,0,ordinary
17,289,818,60,-1498143,3,1,4,0,ordinary
17,289,822,0,-198088,1,0,3,0,ordinary
17,289,826,0,-106520,1,0,3,0,ordinary
17,289,830,108,-665704,2,0,5,0,ordinary
17,289,834,36,-5990920,2,0,5,0,ordinary
17,289,838,0,-23962008,1,0,3,0,ordinary
17,289,842,0,-23960328,1,0,3,0,ordinary
17,289,846,36,-1497415,3,1,4,0,ordinary
17,289,850,0,,,,,,nonordinary_or_unrealized
17,289,854,0,-23955240,1,0,3,0,ordinary
17,289,858,0,-23953528,1,0,3,0,ordinary
17,289,862,264,-41583,4,1,6,0,ordinary
17,289,866,288,-1155,5,-1,8,0,ordinary
17,289,870,0,-23948344,1,0,3,0,ordinary
17,289,874,0,-957864,1,0,3,0,ordinary
17,289,878,12,-5986212,2,0,4,0,ordinary
17,289,882,36,-1496443,3,-1,4,0,ordinary
17,289,886,0,-23941320,1,0,3,0,ordinary
17,289,890,0,-23939544,1,0,3,0,ordinary
17,289,894,24,-5984440,2,0,5,0,ordinary
17,289,898,96,-664888,2,0,5,0,ordinary
17,289,902,0,-2659352,1,0,3,0,ordinary
17,289,906,0,-23932360,1,0,3,0,ordinary
17,289,910,84,-1495659,3,-1,4,0,ordinary
17,289,914,60,-5982180,2,0,4,0,ordinary
17,289,918,0,,,,,,nonordinary_or_unrealized
17,289,922,0,-23925048,1,0,3,0,ordinary
17,289,926,96,-14952,4,0,9,0,ordinary
17,289,930,120,-373771,4,-1,6,0,ordinary
17,289,934,0,-2657720,1,0,3,0,ordinary
17,289,938,0,-2657512,1,0,3,0,ordinary
17,289,942,48,-5978932,2,0,4,0,ordinary
17,289,946,48,-1494615,3,1,4,0,ordinary
17,289,950,0,-23911944,1,0,3,0,ordinary
17,289,954,0,-487960,1,0,3,0,ordinary
17,289,958,144,-5977032,2,0,5,0,ordinary
17,289,962,36,-5976552,2,0,5,0,ordinary
17,289,966,0,-23904280,1,0,3,0,ordinary
17,289,970,0,-2655816,1,0,3,0,ordinary
17,289,974,108,-6639,3,1,4,0,ordinary
17,289,978,24,-5974612,2,0,4,0,ordinary
17,289,982,0,-23896488,1,0,3,0,ordinary
17,289,986,0,,,,,,nonordinary_or_unrealized
17,289,990,68,-4,3,0,6,1,ordinary
17,289,994,120,-1493160,3,0,7,0,ordinary
17,289,998,0,-23888568,1,0,3,0,ordinary
17,289,1002,0,-23886568,1,0,3,0,ordinary
17,289,1006,72,-13540,2,0,4,0,ordinary
17,289,1010,72,-165851,3,-1,4,0,ordinary
17,289,1014,0,-23880520,1,0,3,0,ordinary
17,289,1018,0,-23878488,1,0,3,0,ordinary
17,289,1022,84,-5969112,2,0,5,0,ordinary
17,289,1026,36,-238744,2,0,5,0,ordinary
17,289,1030,0,-23872344,1,0,3,0,ordinary
17,289,1034,0,-23870280,1,0,3,0,ordinary
17,289,1038,48,-8827,3,-1,4,0,ordinary
17,289,1042,108,-662948,2,0,4,0,ordinary
17,289,1046,0,-2651560,1,0,3,0,ordinary
17,289,1050,0,-23861944,1,0,3,0,ordinary
17,289,1054,0,,,,,,nonordinary_or_unrealized
17,289,1058,132,-1491108,3,0,6,0,ordinary
17,289,1062,0,-23855608,1,0,3,0,ordinary
17,289,1066,0,-23853480,1,0,3,0,ordinary
17,289,1070,96,-5962836,2,0,4,0,ordinary
17,289,1074,48,-59623,3,1,4,0,ordinary
17,289,1078,0,-32712,1,0,3,0,ordinary
17,289,1082,0,-2649432,1,0,3,0,ordinary
17,289,1086,108,-5960680,2,0,5,0,ordinary
17,289,1090,144,-5960136,2,0,5,0,ordinary
17,289,1094,0,-23838360,1,0,3,0,ordinary
17,289,1098,0,-23836168,1,0,3,0,ordinary
17,289,1102,24,-1489623,3,1,4,0,ordinary
17,289,1106,12,-5957940,2,0,4,0,ordinary
17,289,1110,0,-23829544,1,0,3,0,ordinary
17,289,1114,0,-21880,1,0,3,0,ordinary
17,289,1118,204,-41363,4,-1,6,0,ordinary
17,289,1122,0,,,,,,nonordinary_or_unrealized
17,289,1126,0,-696,1,0,3,0,ordinary
17,289,1130,0,-23818344,1,0,3,0,ordinary
17,289,1134,24,-5954020,2,0,4,0,ordinary
17,289,1138,24,-1488363,3,-1,4,0,ordinary
17,289,1142,0,-23811528,1,0,3,0,ordinary
17,289,1146,0,-23809240,1,0,3,0,ordinary
17,289,1150,192,-13496,2,0,5,0,ordinary
17,289,1154,168,-661240,2,0,5,0,ordinary
17,289,1158,0,-23802328,1,0,3,0,ordinary
17,289,1162,0,-65928,1,0,3,0,ordinary
17,289,1166,12,-1487355,3,-1,4,0,ordinary
17,289,1170,36,-5948836,2,0,4,0,ordinary
17,289,1174,0,-951720,1,0,3,0,ordinary
17,289,1178,0,-23790648,1,0,3,0,ordinary
17,289,1182,156,-92923,5,-1,8,0,ordinary
17,289,1186,228,-41295,4,1,6,0,ordinary
17,289,1190,0,,,,,,nonordinary_or_unrealized
17,289,1194,0,-23781160,1,0,3,0,ordinary
17,289,1198,72,-5944692,2,0,4,0,ordinary
17,289,1202,72,-30327,3,1,4,0,ordinary
17,289,1206,0,-23773960,1,0,3,0,ordinary
17,289,1210,0,-23771544,1,0,3,0,ordinary
17,289,1214,96,-5942280,2,0,5,0,ordinary
17,289,1218,96,-5941672,2,0,5,0,ordinary
17,289,1222,0,-2640472,1,0,3,0,ordinary
17,289,1226,0,-105608,1,0,3,0,ordinary
17,289,1230,12,-1484959,3,1,4,0,ordinary
17,289,1234,48,-5939220,2,0,4,0,ordinary
17,289,1238,0,-23754408,1,0,3,0,ordinary
17,289,1242,0,-23751928,1,0,3,0,ordinary
17,289,1246,144,-1484340,3,0,6,0,ordinary
17,289,1250,204,-1484184,3,0,7,0,ordinary
17,289,1254,0,-23744440,1,0,3,0,ordinary
17,289,1258,0,,,,,,nonordinary_or_unrealized
17,289,1262,24,-659428,2,0,4,0,ordinary
17,289,1266,24,-1483555,3,-1,4,0,ordinary
17,289,1270,0,-23734344,1,0,3,0,ordinary
17,289,1274,0,-949272,1,0,3,0,ordinary
17,289,1278,36,-5932312,2,0,5,0,ordinary
17,289,1282,84,-5931672,2,0,5,0,ordinary
17,289,1286,0,-23724120,1,0,3,0,ordinary
17,289,1290,0,-23721544,1,0,3,0,ordinary
17,289,1294,24,-164715,3,-1,4,0,ordinary
17,289,1298,24,-658788,2,0,4,0,ordinary
17,289,1302,0,-23713768,1,0,3,0,ordinary
17,289,1306,0,-195960,1,0,3,0,ordinary
17,289,1310,264,-1481784,3,0,7,0,ordinary
17,289,1314,144,-1481620,3,0,6,0,ordinary
17,289,1318,0,-23703288,1,0,3,0,ordinary
17,289,1322,0,-23700648,1,0,3,0,ordinary
17,289,1326,0,,,,,,nonordinary_or_unrealized
17,289,1330,84,-164551,3,1,4,0,ordinary
17,289,1334,0,-2632520,1,0,3,0,ordinary
17,289,1338,0,-23690008,1,0,3,0,ordinary
17,289,1342,48,-5921832,2,0,5,0,ordinary
17,289,1346,108,-120840,2,0,5,0,ordinary
17,289,1350,0,-23681944,1,0,3,0,ordinary
17,289,1354,0,-23679240,1,0,3,0,ordinary
17,289,1358,24,-1479783,3,1,4,0,ordinary
17,289,1362,48,-11188,2,0,4,0,ordinary
17,289,1366,0,-2630120,1,0,3,0,ordinary
17,289,1370,0,-2629816,1,0,3,0,ordinary
17,289,1374,144,-14791,4,1,6,0,ordinary
17,289,1378,276,-369732,4,0,8,0,ordinary
17,289,1382,0,-23660088,1,0,3,0,ordinary
17,289,1386,0,-23657320,1,0,3,0,ordinary
17,289,1390,72,-5913636,2,0,4,0,ordinary
17,289,1394,0,,,,,,nonordinary_or_unrealized
17,289,1398,0,-482632,1,0,3,0,ordinary
17,289,1402,0,-291928,1,0,3,0,ordinary
17,289,1406,96,-656760,2,0,5,0,ordinary
17,289,1410,60,-2104,2,0,5,0,ordinary
17,289,1414,0,-23637720,1,0,3,0,ordinary
17,289,1418,0,-23634888,1,0,3,0,ordinary
17,289,1422,48,-1477003,3,-1,4,0,ordinary
17,289,1426,36,-236292,2,0,4,0,ordinary
17,289,1430,0,-23626344,1,0,3,0,ordinary
17,289,1434,0,-23623480,1,0,3,0,ordinary
17,289,1438,192,-2563,6,-1,10,0,ordinary
17,289,1442,192,-41003,4,-1,6,0,ordinary
17,289,1446,0,-23614840,1,0,3,0,ordinary
17,289,1450,0,-23611944,1,0,3,0,ordinary
17,289,1454,24,-5902260,2,0,4,0,ordinary
17,289,1458,12,-1475383,3,1,4,0,ordinary
17,289,1462,0,,,,,,nonordinary_or_unrealized
17,289,1466,0,-23600280,1,0,3,0,ordinary
17,289,1470,84,-5899336,2,0,5,0,ordinary
17,289,1474,108,-26216,2,0,5,0,ordinary
17,289,1478,0,-2621272,1,0,3,0,ordinary
17,289,1482,0,-23588488,1,0,3,0,ordinary
17,289,1486,60,-1474095,3,1,4,0,ordinary
17,289,1490,96,-5895636,2,0,4,0,ordinary
17,289,1494,0,-23579560,1,0,3,0,ordinary
17,289,1498,0,-23576568,1,0,3,0,ordinary
17,289,1502,120,-1473348,3,0,6,0,ordinary
17,289,1506,108,-1473160,3,0,7,0,ordinary
17,289,1510,0,-2618616,1,0,3,0,ordinary
17,289,1514,0,-290920,1,0,3,0,ordinary
17,289,1518,0,-5890372,2,0,4,0,ordinary
17,289,1522,12,-1472403,3,-1,4,0,ordinary
17,289,1526,0,-942216,1,0,3,0,ordinary
17,289,1530,0,,,,,,nonordinary_or_unrealized
17,289,1534,180,-5887320,2,0,5,0,ordinary
17,289,1538,132,-5886552,2,0,5,0,ordinary
17,289,1542,0,-480472,1,0,3,0,ordinary
17,289,1546,0,-2615560,1,0,3,0,ordinary
17,289,1550,84,-163451,3,-1,4,0,ordinary
17,289,1554,60,-5883460,2,0,4,0,ordinary
17,289,1558,0,-23530728,1,0,3,0,ordinary
17,289,1562,0,-23527608,1,0,3,0,ordinary
17,289,1566,132,-1470280,3,0,7,0,ordinary
17,289,1570,108,-1470084,3,0,6,0,ordinary
17,289,1574,0,-940728,1,0,3,0,ordinary
17,289,1578,0,-23515048,1,0,3,0,ordinary
17,289,1582,60,-653108,2,0,4,0,ordinary
17,289,1586,48,-163255,3,1,4,0,ordinary
17,289,1590,0,-23505544,1,0,3,0,ordinary
17,289,1594,0,-479640,1,0,3,0,ordinary
17,289,1598,0,,,,,,nonordinary_or_unrealized
17,289,1602,72,-5873992,2,0,5,0,ordinary
17,289,1606,0,-23492760,1,0,3,0,ordinary
17,289,1610,0,-23489544,1,0,3,0,ordinary
17,289,1614,24,-1467895,3,1,4,0,ordinary
17,289,1618,36,-652308,2,0,4,0,ordinary
17,289,1622,0,-2608872,1,0,3,0,ordinary
17,289,1626,0,-939064,1,0,3,0,ordinary
17,289,1630,228,-366771,4,-1,6,0,ordinary
17,289,1634,192,-22920,6,0,13,0,ordinary
17,289,1638,0,-23466808,1,0,3,0,ordinary
17,289,1642,0,-23463528,1,0,3,0,ordinary
17,289,1646,48,-5865060,2,0,4,0,ordinary
17,289,1650,36,-1466059,3,-1,4,0,ordinary
17,289,1654,0,-2605960,1,0,3,0,ordinary
17,289,1658,0,-2605592,1,0,3,0,ordinary
17,289,1662,60,-5861752,2,0,5,0,ordinary
17,289,1666,0,,,,,,nonordinary_or_unrealized
17,289,1670,0,-23440344,1,0,3,0,ordinary
17,289,1674,0,-937480,1,0,3,0,ordinary
17,289,1678,48,-1464603,3,-1,4,0,ordinary
17,289,1682,24,-5857572,2,0,4,0,ordinary
17,289,1686,0,-23426920,1,0,3,0,ordinary
17,289,1690,0,-2602616,1,0,3,0,ordinary
17,289,1694,216,-40660,4,0,8,0,ordinary
17,289,1698,180,-365887,4,1,6,0,ordinary
17,289,1702,0,-23413368,1,0,3,0,ordinary
17,289,1706,0,-24360,1,0,3,0,ordinary
17,289,1710,60,-5851636,2,0,4,0,ordinary
17,289,1714,60,-8655,3,1,4,0,ordinary
17,289,1718,0,-23399688,1,0,3,0,ordinary
17,289,1722,0,-23396248,1,0,3,0,ordinary
17,289,1726,126,-8,2,0,5,1,ordinary
17,289,1730,168,-649704,2,0,5,0,ordinary
17,289,1734,0,,,,,,nonordinary_or_unrealized
17,289,1738,0,-477192,1,0,3,0,ordinary
17,289,1742,48,-1461183,3,1,4,0,ordinary
17,289,1746,12,-5843860,2,0,4,0,ordinary
17,289,1750,0,-23371944,1,0,3,0,ordinary
17,289,1754,0,-23368440,1,0,3,0,ordinary
17,289,1758,156,-1460308,3,0,6,0,ordinary
17,289,1762,180,-162232,3,0,7,0,ordinary
17,289,1766,0,-2595320,1,0,3,0,ordinary
17,289,1770,0,-23354344,1,0,3,0,ordinary
17,289,1774,24,-233508,2,0,4,0,ordinary
17,289,1778,36,-1459203,3,-1,4,0,ordinary
17,289,1782,0,-23343688,1,0,3,0,ordinary
17,289,1786,0,-23340120,1,0,3,0,ordinary
17,289,1790,120,-984,2,0,5,0,ordinary
17,289,1794,48,-5833240,2,0,5,0,ordinary
17,289,1798,0,-2592152,1,0,3,0,ordinary
17,289,1802,0,,,,,,nonordinary_or_unrealized
17,289,1806,0,-1457635,3,-1,4,0,ordinary
17,289,1810,72,-5829636,2,0,4,0,ordinary
17,289,1814,0,-23314920,1,0,3,0,ordinary
17,289,1818,0,-23311288,1,0,3,0,ordinary
17,289,1822,192,-1456728,3,0,7,0,ordinary
17,289,1826,216,-58260,3,0,6,0,ordinary
17,289,1830,0,-23300344,1,0,3,0,ordinary
17,289,1834,0,-2588520,1,0,3,0,ordinary
17,289,1838,48,-7988,2,0,4,0,ordinary
17,289,1842,24,-1455583,3,1,4,0,ordinary
17,289,1846,0,-23285640,1,0,3,0,ordinary
17,289,1850,0,-23281944,1,0,3,0,ordinary
17,289,1854,96,-5819560,2,0,5,0,ordinary
17,289,1858,36,-5818632,2,0,5,0,ordinary
17,289,1862,0,-23270808,1,0,3,0,ordinary
17,289,1866,0,-23267080,1,0,3,0,ordinary
17,289,1870,0,,,,,,nonordinary_or_unrealized
17,289,1874,72,-25844,2,0,4,0,ordinary
17,289,1878,0,-23255848,1,0,3,0,ordinary
17,289,1882,0,-23252088,1,0,3,0,ordinary
17,289,1886,216,-363255,4,1,6,0,ordinary
17,289,1890,204,-90799,5,1,8,0,ordinary
17,289,1894,0,-23240760,1,0,3,0,ordinary
17,289,1898,0,-23236968,1,0,3,0,ordinary
17,289,1902,24,-5808292,2,0,4,0,ordinary
17,289,1906,72,-161315,3,-1,4,0,ordinary
17,289,1910,0,-2580616,1,0,3,0,ordinary
17,289,1914,0,-23221720,1,0,3,0,ordinary
17,289,1918,96,-5804472,2,0,5,0,ordinary
17,289,1922,72,-5803512,2,0,5,0,ordinary
17,289,1926,0,-928408,1,0,3,0,ordinary
17,289,1930,0,-23206344,1,0,3,0,ordinary
17,289,1934,24,-29595,3,-1,4,0,ordinary
17,289,1938,0,,,,,,nonordinary_or_unrealized
17,289,1942,0,-2577192,1,0,3,0,ordinary
17,289,1946,0,-2576760,1,0,3,0,ordinary
17,289,1950,156,-362296,4,0,9,0,ordinary
17,289,1954,240,-362235,4,-1,6,0,ordinary
17,289,1958,0,-23179128,1,0,3,0,ordinary
17,289,1962,0,-23175208,1,0,3,0,ordinary
17,289,1966,12,-5792820,2,0,4,0,ordinary
17,289,1970,36,-1447959,3,1,4,0,ordinary
17,289,1974,0,-926536,1,0,3,0,ordinary
17,289,1978,0,-2573272,1,0,3,0,ordinary
17,289,1982,60,-643208,2,0,5,0,ordinary
17,289,1986,120,-118120,2,0,5,0,ordinary
17,289,1990,0,-23147544,1,0,3,0,ordinary
17,289,1994,0,-23143560,1,0,3,0,ordinary
17,289,1998,36,-1446223,3,1,4,0,ordinary
17,289,2002,24,-5783892,2,0,4,0,ordinary
17,289,2006,0,,,,,,nonordinary_or_unrealized
17,289,2010,0,-23127544,1,0,3,0,ordinary
17,289,2014,240,-160580,3,0,6,0,ordinary
17,289,2018,84,-160552,3,0,7,0,ordinary
17,289,2022,0,-23115448,1,0,3,0,ordinary
17,289,2026,0,-924456,1,0,3,0,ordinary
17,289,2030,24,-5776836,2,0,4,0,ordinary
17,289,2034,48,-1443955,3,-1,4,0,ordinary
17,289,2038,0,-23099208,1,0,3,0,ordinary
17,289,2042,0,-23095128,1,0,3,0,ordinary
17,289,2046,36,-5772760,2,0,5,0,ordinary
17,289,2050,228,-71256,2,0,5,0,ordinary
17,289,2054,0,-2564760,1,0,3,0,ordinary
17,289,2058,0,-23078728,1,0,3,0,ordinary
17,289,2062,36,-1442163,3,-1,4,0,ordinary
17,289,2066,12,-5767620,2,0,4,0,ordinary
17,289,2070,0,-23066344,1,0,3,0,ordinary
17,289,2074,0,,,,,,nonordinary_or_unrealized
17,289,2078,132,-1441128,3,0,7,0,ordinary
17,289,2082,120,-11908,3,0,6,0,ordinary
17,289,2086,0,-2561080,1,0,3,0,ordinary
17,289,2090,0,-2560616,1,0,3,0,ordinary
17,289,2094,36,-5760340,2,0,4,0,ordinary
17,289,2098,36,-1439823,3,1,4,0,ordinary
17,289,2102,0,-23032968,1,0,3,0,ordinary
17,289,2106,0,-23028760,1,0,3,0,ordinary
17,289,2110,108,-5756136,2,0,5,0,ordinary
17,289,2114,96,-5755080,2,0,5,0,ordinary
17,289,2118,0,-23016088,1,0,3,0,ordinary
17,289,2122,0,-2556872,1,0,3,0,ordinary
17,289,2126,72,-6391,3,1,4,0,ordinary
17,289,2130,60,-117364,2,0,4,0,ordinary
17,289,2134,0,-22999080,1,0,3,0,ordinary
17,289,2138,0,-23928,1,0,3,0,ordinary
17,289,2142,0,,,,,,nonordinary_or_unrealized
17,289,2146,252,-359160,4,0,9,0,ordinary
17,289,2150,0,-22981944,1,0,3,0,ordinary
17,289,2154,0,-22977640,1,0,3,0,ordinary
17,289,2158,36,-638148,2,0,4,0,ordinary
17,289,2162,60,-17723,3,-1,4,0,ordinary
17,289,2166,0,-22964680,1,0,3,0,ordinary
17,289,2170,0,-22960344,1,0,3,0,ordinary
17,289,2174,96,-229560,2,0,5,0,ordinary
17,289,2178,108,-5737912,2,0,5,0,ordinary
17,289,2182,0,-468312,1,0,3,0,ordinary
17,289,2186,0,-22942920,1,0,3,0,ordinary
17,289,2190,48,-1433659,3,-1,4,0,ordinary
17,289,2194,84,-637060,2,0,4,0,ordinary
17,289,2198,0,-2547752,1,0,3,0,ordinary
17,289,2202,0,-22925368,1,0,3,0,ordinary
17,289,2206,252,-89535,5,1,8,0,ordinary
17,289,2210,0,,,,,,nonordinary_or_unrealized
17,289,2214,0,-22912120,1,0,3,0,ordinary
17,289,2218,0,-22907688,1,0,3,0,ordinary
17,289,2222,48,-5725812,2,0,4,0,ordinary
17,289,2226,12,-57247,3,1,4,0,ordinary
17,289,2230,0,-2543816,1,0,3,0,ordinary
17,289,2234,0,-2543320,1,0,3,0,ordinary
17,289,2238,60,-5721352,2,0,5,0,ordinary
17,289,2242,36,-5720232,2,0,5,0,ordinary
17,289,2246,0,-22876440,1,0,3,0,ordinary
17,289,2250,0,-22871944,1,0,3,0,ordinary
17,289,2254,24,-1429215,3,1,4,0,ordinary
17,289,2258,24,-5715732,2,0,4,0,ordinary
17,289,2262,0,-22858408,1,0,3,0,ordinary
17,289,2266,0,-2539320,1,0,3,0,ordinary
17,289,2270,216,-158676,3,0,6,0,ordinary
17,289,2274,192,-472,3,0,7,0,ordinary
17,289,2278,0,,,,,,nonordinary_or_unrealized
17,289,2282,0,-22835688,1,0,3,0,ordinary
17,289,2286,0,-5707780,2,0,4,0,ordinary
17,289,2290,120,-1426659,3,-1,4,0,ordinary
17,289,2294,0,-22821960,1,0,3,0,ordinary
17,289,2298,0,-22817368,1,0,3,0,ordinary
17,289,2302,204,-633688,2,0,5,0,ordinary
17,289,2306,96,-633560,2,0,5,0,ordinary
17,289,2310,0,-22803544,1,0,3,0,ordinary
17,289,2314,0,-22798920,1,0,3,0,ordinary
17,289,2318,24,-1424643,3,-1,4,0,ordinary
17,289,2322,24,-5697412,2,0,4,0,ordinary
17,289,2326,0,-744,1,0,3,0,ordinary
17,289,2330,0,-22780344,1,0,3,0,ordinary
17,289,2334,168,-1423480,3,0,7,0,ordinary
17,289,2338,228,-158132,3,0,6,0,ordinary
17,289,2342,0,-14968,1,0,3,0,ordinary
17,289,2346,0,,,,,,nonordinary_or_unrealized
17,289,2350,48,-5689236,2,0,4,0,ordinary
17,289,2354,12,-1422015,3,1,4,0,ordinary
17,289,2358,0,-22747528,1,0,3,0,ordinary
17,289,2362,0,-22742808,1,0,3,0,ordinary
17,289,2366,84,-5684520,2,0,5,0,ordinary
17,289,2370,168,-5683336,2,0,5,0,ordinary
17,289,2374,0,-11224,1,0,3,0,ordinary
17,289,2378,0,-51528,1,0,3,0,ordinary
17,289,2382,48,-1419943,3,1,4,0,ordinary
17,289,2386,96,-5678580,2,0,4,0,ordinary
17,289,2390,0,-134376,1,0,3,0,ordinary
17,289,2394,0,-22704760,1,0,3,0,ordinary
17,289,2398,108,-354687,4,1,6,0,ordinary
17,289,2402,192,-354612,4,0,8,0,ordinary
17,289,2406,0,-22690360,1,0,3,0,ordinary
17,289,2410,0,-2520616,1,0,3,0,ordinary
17,289,2414,0,,,,,,nonordinary_or_unrealized
17,289,2418,36,-1417243,3,-1,4,0,ordinary
17,289,2422,0,-22671048,1,0,3,0,ordinary
17,289,2426,0,-906648,1,0,3,0,ordinary
17,289,2430,84,-3064,2,0,5,0,ordinary
17,289,2434,96,-5664120,2,0,5,0,ordinary
17,289,2438,0,-22651608,1,0,3,0,ordinary
17,289,2442,0,-22646728,1,0,3,0,ordinary
17,289,2446,36,-157235,3,-1,4,0,ordinary
17,289,2450,48,-628804,2,0,4,0,ordinary
17,289,2454,0,-22632040,1,0,3,0,ordinary
17,289,2458,0,-22627128,1,0,3,0,ordinary
17,289,2462,108,-5523,7,-1,12,0,ordinary
17,289,2466,132,-353395,4,-1,6,0,ordinary
17,289,2470,0,-22612344,1,0,3,0,ordinary
17,289,2474,0,-904296,1,0,3,0,ordinary
17,289,2478,12,-5650612,2,0,4,0,ordinary
17,289,2482,0,,,,,,nonordinary_or_unrealized
17,289,2486,0,-278920,1,0,3,0,ordinary
17,289,2490,0,-22587544,1,0,3,0,ordinary
17,289,2494,24,-5645640,2,0,5,0,ordinary
17,289,2498,60,-5644392,2,0,5,0,ordinary
17,289,2502,0,-22572568,1,0,3,0,ordinary
17,289,2506,0,-22567560,1,0,3,0,ordinary
17,289,2510,24,-1410159,3,1,4,0,ordinary
17,289,2514,48,-5639380,2,0,4,0,ordinary
17,289,2518,0,-2505832,1,0,3,0,ordinary
17,289,2522,0,-51128,1,0,3,0,ordinary
17,289,2526,144,-56356,3,0,6,0,ordinary
17,289,2530,168,-1408584,3,0,7,0,ordinary
17,289,2534,0,-22532280,1,0,3,0,ordinary
17,289,2538,0,-22527208,1,0,3,0,ordinary
17,289,2542,24,-5630532,2,0,4,0,ordinary
17,289,2546,48,-1407315,3,-1,4,0,ordinary
17,289,2550,0,,,,,,nonordinary_or_unrealized
17,289,2554,0,-2500760,1,0,3,0,ordinary
17,289,2558,48,-625048,2,0,5,0,ordinary
17,289,2562,36,-5624152,2,0,5,0,ordinary
17,289,2566,0,-185880,1,0,3,0,ordinary
17,289,2570,0,-22486344,1,0,3,0,ordinary
17,289,2574,24,-1147,3,-1,4,0,ordinary
17,289,2578,12,-5619012,2,0,4,0,ordinary
17,289,2582,0,-22470888,1,0,3,0,ordinary
17,289,2586,0,-22465720,1,0,3,0,ordinary
17,289,2590,228,-155976,3,0,7,0,ordinary
17,289,2594,84,-155940,3,0,6,0,ordinary
17,289,2598,0,-22450168,1,0,3,0,ordinary
17,289,2602,0,-22444968,1,0,3,0,ordinary
17,289,2606,72,-15540,2,0,4,0,ordinary
17,289,2610,36,-1402159,3,1,4,0,ordinary
17,289,2614,0,-22429320,1,0,3,0,ordinary
17,289,2618,0,,,,,,nonordinary_or_unrealized
17,289,2622,36,-5604712,2,0,5,0,ordinary
17,289,2626,204,-24904,2,0,5,0,ordinary
17,289,2630,0,-2489816,1,0,3,0,ordinary
17,289,2634,0,-22403080,1,0,3,0,ordinary
17,289,2638,12,-1399863,3,1,4,0,ordinary
17,289,2642,60,-5598132,2,0,4,0,ordinary
17,289,2646,0,-22387240,1,0,3,0,ordinary
17,289,2650,0,-22381944,1,0,3,0,ordinary
17,289,2654,216,-349635,4,-1,6,0,ordinary
17,289,2658,108,-21847,6,1,10,0,ordinary
17,289,2662,0,-2485112,1,0,3,0,ordinary
17,289,2666,0,-2484520,1,0,3,0,ordinary
17,289,2670,24,-5588836,2,0,4,0,ordinary
17,289,2674,84,-2235,3,-1,4,0,ordinary
17,289,2678,0,-22344648,1,0,3,0,ordinary
17,289,2682,0,-22339288,1,0,3,0,ordinary
17,289,2686,0,,,,,,nonordinary_or_unrealized
17,289,2690,168,-5582136,2,0,5,0,ordinary
17,289,2694,0,-22323160,1,0,3,0,ordinary
17,289,2698,0,-275528,1,0,3,0,ordinary
17,289,2702,60,-154947,3,-1,4,0,ordinary
17,289,2706,60,-5576740,2,0,4,0,ordinary
17,289,2710,0,-22301544,1,0,3,0,ordinary
17,289,2714,0,-22296120,1,0,3,0,ordinary
17,289,2718,120,-7108,4,0,8,0,ordinary
17,289,2722,240,-348207,4,1,6,0,ordinary
17,289,2726,0,-891192,1,0,3,0,ordinary
17,289,2730,0,-22274344,1,0,3,0,ordinary
17,289,2734,48,-618580,2,0,4,0,ordinary
17,289,2738,36,-154607,3,1,4,0,ordinary
17,289,2742,0,-22257928,1,0,3,0,ordinary
17,289,2746,0,-22252440,1,0,3,0,ordinary
17,289,2750,96,-5561736,2,0,5,0,ordinary
17,289,2754,0,,,,,,nonordinary_or_unrealized
17,289,2758,0,-183768,1,0,3,0,ordinary
17,289,2762,0,-22230408,1,0,3,0,ordinary
17,289,2766,72,-1389055,3,1,4,0,ordinary
17,289,2770,120,-12596,2,0,4,0,ordinary
17,289,2774,0,-98728,1,0,3,0,ordinary
17,289,2778,0,-22208248,1,0,3,0,ordinary
17,289,2782,168,-1387668,3,0,6,0,ordinary
17,289,2786,72,-1387320,3,0,7,0,ordinary
17,289,2790,0,-22191544,1,0,3,0,ordinary
17,289,2794,0,-22185960,1,0,3,0,ordinary
17,289,2798,48,-5545092,2,0,4,0,ordinary
17,289,2802,0,-1385923,3,-1,4,0,ordinary
17,289,2806,0,-2463240,1,0,3,0,ordinary
17,289,2810,0,-273624,1,0,3,0,ordinary
17,289,2814,84,-5539480,2,0,5,0,ordinary
17,289,2818,72,-5538072,2,0,5,0,ordinary
17,289,2822,0,,,,,,nonordinary_or_unrealized
17,289,2826,0,-885640,1,0,3,0,ordinary
17,289,2830,48,-1383459,3,-1,4,0,ordinary
17,289,2834,12,-5532420,2,0,4,0,ordinary
17,289,2838,0,-22124008,1,0,3,0,ordinary
17,289,2842,0,-2457592,1,0,3,0,ordinary
17,289,2846,240,-153560,3,0,7,0,ordinary
17,289,2850,156,-1381684,3,0,6,0,ordinary
17,289,2854,0,-22101240,1,0,3,0,ordinary
17,289,2858,0,-22095528,1,0,3,0,ordinary
17,289,2862,12,-5522452,2,0,4,0,ordinary
17,289,2866,72,-1380255,3,1,4,0,ordinary
17,289,2870,0,-41736,1,0,3,0,ordinary
17,289,2874,0,-882904,1,0,3,0,ordinary
17,289,2878,120,-612968,2,0,5,0,ordinary
17,289,2882,48,-612808,2,0,5,0,ordinary
17,289,2886,0,-22055320,1,0,3,0,ordinary
17,289,2890,0,,,,,,nonordinary_or_unrealized
17,289,2894,36,-1377735,3,1,4,0,ordinary
17,289,2898,24,-5509492,2,0,4,0,ordinary
17,289,2902,0,-22032168,1,0,3,0,ordinary
17,289,2906,0,-22026360,1,0,3,0,ordinary
17,289,2910,228,-344071,4,1,6,0,ordinary
17,289,2914,420,-195,5,-1,8,0,ordinary
17,289,2918,0,-2445432,1,0,3,0,ordinary
17,289,2922,0,-22003048,1,0,3,0,ordinary
17,289,2926,24,-219972,2,0,4,0,ordinary
17,289,2930,48,-1374459,3,-1,4,0,ordinary
17,289,2934,0,-21985480,1,0,3,0,ordinary
17,289,2938,0,-21979608,1,0,3,0,ordinary
17,289,2942,60,-5493432,2,0,5,0,ordinary
17,289,2946,132,-5491960,2,0,5,0,ordinary
17,289,2950,0,-2440216,1,0,3,0,ordinary
17,289,2954,0,-2439560,1,0,3,0,ordinary
17,289,2958,0,,,,,,nonordinary_or_unrealized
17,289,2962,48,-5486052,2,0,4,0,ordinary
17,289,2966,0,-447720,1,0,3,0,ordinary
17,289,2970,0,-21932344,1,0,3,0,ordinary
17,289,2974,240,-13704,4,0,9,0,ordinary
17,289,2978,96,-342507,4,-1,6,0,ordinary
17,289,2982,0,-21914488,1,0,3,0,ordinary
17,289,2986,0,-2434280,1,0,3,0,ordinary
17,289,2990,72,-608404,2,0,4,0,ordinary
17,289,2994,12,-1368535,3,1,4,0,ordinary
17,289,2998,0,-21890568,1,0,3,0,ordinary
17,289,3002,0,-21884568,1,0,3,0,ordinary
17,289,3006,36,-5469640,2,0,5,0,ordinary
17,289,3010,108,-5468136,2,0,5,0,ordinary
17,289,3014,0,-21866520,1,0,3,0,ordinary
17,289,3018,0,-129352,1,0,3,0,ordinary
17,289,3022,12,-16863,3,1,4,0,ordinary
17,289,3026,0,,,,,,nonordinary_or_unrealized
17,289,3030,0,-21842344,1,0,3,0,ordinary
17,289,3034,0,-21836280,1,0,3,0,ordinary
17,289,3038,156,-1364388,3,0,6,0,ordinary
17,289,3042,132,-1364008,3,0,7,0,ordinary
17,289,3046,0,-21818040,1,0,3,0,ordinary
17,289,3050,0,-180264,1,0,3,0,ordinary
17,289,3054,12,-5451460,2,0,4,0,ordinary
17,289,3058,36,-151387,3,-1,4,0,ordinary
17,289,3062,0,-2421512,1,0,3,0,ordinary
17,289,3066,0,-128920,1,0,3,0,ordinary
17,289,3070,120,-5445336,2,0,5,0,ordinary
17,289,3074,144,-217752,2,0,5,0,ordinary
17,289,3078,0,-21769048,1,0,3,0,ordinary
17,289,3082,0,-21762888,1,0,3,0,ordinary
17,289,3086,12,-1359795,3,-1,4,0,ordinary
17,289,3090,36,-5437636,2,0,4,0,ordinary
17,289,3094,0,,,,,,nonordinary_or_unrealized
17,289,3098,0,-2872,1,0,3,0,ordinary
17,289,3102,48,-808,3,0,7,0,ordinary
17,289,3106,132,-1357860,3,0,6,0,ordinary
17,289,3110,0,-443256,1,0,3,0,ordinary
17,289,3114,0,-21713320,1,0,3,0,ordinary
17,289,3118,36,-5426772,2,0,4,0,ordinary
17,289,3122,72,-1356303,3,1,4,0,ordinary
17,289,3126,0,-867784,1,0,3,0,ordinary
17,289,3130,0,-2409816,1,0,3,0,ordinary
17,289,3134,228,-66920,2,0,5,0,ordinary
17,289,3138,84,-5418952,2,0,5,0,ordinary
17,289,3142,0,-21669528,1,0,3,0,ordinary
17,289,3146,0,-21663240,1,0,3,0,ordinary
17,289,3150,0,-1353559,3,1,4,0,ordinary
17,289,3154,24,-5412660,2,0,4,0,ordinary
17,289,3158,0,-21644328,1,0,3,0,ordinary
17,289,3162,0,,,,,,nonordinary_or_unrealized
17,289,3166,228,-37555,4,-1,6,0,ordinary
17,289,3170,432,-104,4,0,9,0,ordinary
17,289,3174,0,-864760,1,0,3,0,ordinary
17,289,3178,0,-21612648,1,0,3,0,ordinary
17,289,3182,12,-5401572,2,0,4,0,ordinary
17,289,3186,36,-1349995,3,-1,4,0,ordinary
17,289,3190,0,-21593544,1,0,3,0,ordinary
17,289,3194,0,-21587160,1,0,3,0,ordinary
17,289,3198,48,-5395192,2,0,5,0,ordinary
17,289,3202,108,-599288,2,0,5,0,ordinary
17,289,3206,0,-2396440,1,0,3,0,ordinary
17,289,3210,0,-21561544,1,0,3,0,ordinary
17,289,3214,48,-1347195,3,-1,4,0,ordinary
17,289,3218,48,-5387172,2,0,4,0,ordinary
17,289,3222,0,-21542248,1,0,3,0,ordinary
17,289,3226,0,-861432,1,0,3,0,ordinary
17,289,3230,0,,,,,,nonordinary_or_unrealized
17,289,3234,108,-336295,4,1,6,0,ordinary
17,289,3238,0,-2390712,1,0,3,0,ordinary
17,289,3242,0,-19752,1,0,3,0,ordinary
17,289,3246,24,-5375860,2,0,4,0,ordinary
17,289,3250,60,-1343559,3,1,4,0,ordinary
17,289,3254,0,-21490440,1,0,3,0,ordinary
17,289,3258,0,-21483928,1,0,3,0,ordinary
17,289,3262,96,-5369352,2,0,5,0,ordinary
17,289,3266,48,-5367720,2,0,5,0,ordinary
17,289,3270,0,-21464344,1,0,3,0,ordinary
17,289,3274,0,-95368,1,0,3,0,ordinary
17,289,3278,72,-148967,3,1,4,0,ordinary
17,289,3282,24,-5361172,2,0,4,0,ordinary
17,289,3286,0,-21438120,1,0,3,0,ordinary
17,289,3290,0,-21431544,1,0,3,0,ordinary
17,289,3294,96,-1339060,3,0,6,0,ordinary
17,289,3298,0,,,,,,nonordinary_or_unrealized
17,289,3302,0,-21411768,1,0,3,0,ordinary
17,289,3306,0,-436840,1,0,3,0,ordinary
17,289,3310,132,-594404,2,0,4,0,ordinary
17,289,3314,60,-148555,3,-1,4,0,ordinary
17,289,3318,0,-21385288,1,0,3,0,ordinary
17,289,3322,0,-21378648,1,0,3,0,ordinary
17,289,3326,72,-213720,2,0,5,0,ordinary
17,289,3330,48,-5341336,2,0,5,0,ordinary
17,289,3334,0,-21358680,1,0,3,0,ordinary
17,289,3338,0,-21352008,1,0,3,0,ordinary
17,289,3342,24,-1334083,3,-1,4,0,ordinary
17,289,3346,72,-65860,2,0,4,0,ordinary
17,289,3350,0,-2370216,1,0,3,0,ordinary
17,289,3354,0,-21325240,1,0,3,0,ordinary
17,289,3358,180,-27192,3,0,7,0,ordinary
17,289,3362,168,-1331988,3,0,6,0,ordinary
17,289,3366,0,,,,,,nonordinary_or_unrealized
17,289,3370,0,-21298344,1,0,3,0,ordinary
17,289,3374,24,-212916,2,0,4,0,ordinary
17,289,3378,48,-1330303,3,1,4,0,ordinary
17,289,3382,0,-2364232,1,0,3,0,ordinary
17,289,3386,0,-2363480,1,0,3,0,ordinary
17,289,3390,84,-5316136,2,0,5,0,ordinary
17,289,3394,180,-5314440,2,0,5,0,ordinary
17,289,3398,0,-21250968,1,0,3,0,ordinary
17,289,3402,0,-21244168,1,0,3,0,ordinary
17,289,3406,60,-1327335,3,1,4,0,ordinary
17,289,3410,24,-5307636,2,0,4,0,ordinary
17,289,3414,0,-21223720,1,0,3,0,ordinary
17,289,3418,0,-2357432,1,0,3,0,ordinary
17,289,3422,204,-36823,4,1,6,0,ordinary
17,289,3426,168,-13252,4,0,8,0,ordinary
17,289,3430,0,-21196344,1,0,3,0,ordinary
17,289,3434,0,,,,,,nonordinary_or_unrealized
17,289,3438,72,-5295652,2,0,4,0,ordinary
17,289,3442,72,-1323483,3,-1,4,0,ordinary
17,289,3446,0,-21168840,1,0,3,0,ordinary
17,289,3450,0,-21161944,1,0,3,0,ordinary
17,289,3454,120,-587640,2,0,5,0,ordinary
17,289,3458,120,-65272,2,0,5,0,ordinary
17,289,3462,0,-21141208,1,0,3,0,ordinary
17,289,3466,0,-21134280,1,0,3,0,ordinary
17,289,3470,84,-1320459,3,-1,4,0,ordinary
17,289,3474,12,-211204,2,0,4,0,ordinary
17,289,3478,0,-39912,1,0,3,0,ordinary
17,289,3482,0,-21106488,1,0,3,0,ordinary
17,289,3486,132,-82420,5,0,10,0,ordinary
17,289,3490,180,-36619,4,-1,6,0,ordinary
17,289,3494,0,-2342840,1,0,3,0,ordinary
17,289,3498,0,-21078568,1,0,3,0,ordinary
17,289,3502,0,,,,,,nonordinary_or_unrealized
17,289,3506,108,-1316535,3,1,4,0,ordinary
17,289,3510,0,-21057544,1,0,3,0,ordinary
17,289,3514,0,-21050520,1,0,3,0,ordinary
17,289,3518,36,-5260872,2,0,5,0,ordinary
17,289,3522,60,-5259112,2,0,5,0,ordinary
17,289,3526,0,-93464,1,0,3,0,ordinary
17,289,3530,0,-2335816,1,0,3,0,ordinary
17,289,3534,60,-10855,3,1,4,0,ordinary
17,289,3538,48,-5252052,2,0,4,0,ordinary
17,289,3542,0,-21001128,1,0,3,0,ordinary
17,289,3546,0,-20994040,1,0,3,0,ordinary
17,289,3550,240,-1311684,3,0,6,0,ordinary
17,289,3554,312,-26760,3,0,7,0,ordinary
17,289,3558,0,-20972728,1,0,3,0,ordinary
17,289,3562,0,-2329512,1,0,3,0,ordinary
17,289,3566,48,-582180,2,0,4,0,ordinary
17,289,3570,0,,,,,,nonordinary_or_unrealized
17,289,3574,0,-837768,1,0,3,0,ordinary
17,289,3578,0,-20937048,1,0,3,0,ordinary
17,289,3582,24,-5232472,2,0,5,0,ordinary
17,289,3586,120,-5230680,2,0,5,0,ordinary
17,289,3590,0,-20915544,1,0,3,0,ordinary
17,289,3594,0,-20908360,1,0,3,0,ordinary
17,289,3598,24,-145147,3,-1,4,0,ordinary
17,289,3602,0,-580388,2,0,4,0,ordinary
17,289,3606,0,-20886760,1,0,3,0,ordinary
17,289,3610,0,-20879544,1,0,3,0,ordinary
17,289,3614,156,-1304520,3,0,7,0,ordinary
17,289,3618,96,-1304068,3,0,6,0,ordinary
17,289,3622,0,-12408,1,0,3,0,ordinary
17,289,3626,0,-834024,1,0,3,0,ordinary
17,289,3630,12,-6196,2,0,4,0,ordinary
17,289,3634,48,-144695,3,1,4,0,ordinary
17,289,3638,0,,,,,,nonordinary_or_unrealized
17,289,3642,0,-20821528,1,0,3,0,ordinary
17,289,3646,84,-5203560,2,0,5,0,ordinary
17,289,3650,72,-5201736,2,0,5,0,ordinary
17,289,3654,0,-20799640,1,0,3,0,ordinary
17,289,3658,0,-20792328,1,0,3,0,ordinary
17,289,3662,48,-1299063,3,1,4,0,ordinary
17,289,3666,36,-5194420,2,0,4,0,ordinary
17,289,3670,0,-256424,1,0,3,0,ordinary
17,289,3674,0,-92280,1,0,3,0,ordinary
17,289,3678,120,-324307,4,-1,6,0,ordinary
17,289,3682,108,-81048,5,0,11,0,ordinary
17,289,3686,0,-20740920,1,0,3,0,ordinary
17,289,3690,0,-20733544,1,0,3,0,ordinary
17,289,3694,72,-30660,2,0,4,0,ordinary
17,289,3698,60,-26427,3,-1,4,0,ordinary
17,289,3702,0,-20711368,1,0,3,0,ordinary
17,289,3706,0,,,,,,nonordinary_or_unrealized
17,289,3710,108,-574904,2,0,5,0,ordinary
17,289,3714,24,-5172280,2,0,5,0,ordinary
17,289,3718,0,-20681688,1,0,3,0,ordinary
17,289,3722,0,-20674248,1,0,3,0,ordinary
17,289,3726,12,-427,3,-1,4,0,ordinary
17,289,3730,84,-5164836,2,0,4,0,ordinary
17,289,3734,0,-20651880,1,0,3,0,ordinary
17,289,3738,0,-20644408,1,0,3,0,ordinary
17,289,3742,252,-212,4,0,8,0,ordinary
17,289,3746,516,-35815,4,1,6,0,ordinary
17,289,3750,0,-420856,1,0,3,0,ordinary
17,289,3754,0,-20614440,1,0,3,0,ordinary
17,289,3758,60,-5151732,2,0,4,0,ordinary
17,289,3762,24,-1287463,3,1,4,0,ordinary
17,289,3766,0,-20591880,1,0,3,0,ordinary
17,289,3770,0,-20584344,1,0,3,0,ordinary
17,289,3774,0,,,,,,nonordinary_or_unrealized
17,289,3778,84,-571368,2,0,5,0,ordinary
17,289,3782,0,-253848,1,0,3,0,ordinary
17,289,3786,0,-20554120,1,0,3,0,ordinary
17,289,3790,48,-1284159,3,1,4,0,ordinary
17,289,3794,24,-5134740,2,0,4,0,ordinary
17,289,3798,0,-20531368,1,0,3,0,ordinary
17,289,3802,0,-20523768,1,0,3,0,ordinary
17,289,3806,84,-1282260,3,0,6,0,ordinary
17,289,3810,228,-1281784,3,0,7,0,ordinary
17,289,3814,0,-2277880,1,0,3,0,ordinary
17,289,3818,0,-2277032,1,0,3,0,ordinary
17,289,3822,12,-5121412,2,0,4,0,ordinary
17,289,3826,24,-51195,3,-1,4,0,ordinary
17,289,3830,0,-20470344,1,0,3,0,ordinary
17,289,3834,0,-20462680,1,0,3,0,ordinary
17,289,3838,72,-5113752,2,0,5,0,ordinary
17,289,3842,0,,,,,,nonordinary_or_unrealized
17,289,3846,0,-20439640,1,0,3,0,ordinary
17,289,3850,0,-2270216,1,0,3,0,ordinary
17,289,3854,60,-141835,3,-1,4,0,ordinary
17,289,3858,48,-5104132,2,0,4,0,ordinary
17,289,3862,0,-20408808,1,0,3,0,ordinary
17,289,3866,0,-20401080,1,0,3,0,ordinary
17,289,3870,180,-1274584,3,0,7,0,ordinary
17,289,3874,120,-50964,3,0,6,0,ordinary
17,289,3878,0,-20377848,1,0,3,0,ordinary
17,289,3882,0,-20370088,1,0,3,0,ordinary
17,289,3886,84,-565620,2,0,4,0,ordinary
17,289,3890,72,-141351,3,1,4,0,ordinary
17,289,3894,0,-415240,1,0,3,0,ordinary
17,289,3898,0,-20338968,1,0,3,0,ordinary
17,289,3902,12,-5082792,2,0,5,0,ordinary
17,289,3906,36,-5080840,2,0,5,0,ordinary
17,289,3910,0,,,,,,nonordinary_or_unrealized
17,289,3914,0,-20307720,1,0,3,0,ordinary
17,289,3918,12,-1268743,3,1,4,0,ordinary
17,289,3922,96,-563668,2,0,4,0,ordinary
17,289,3926,0,-90152,1,0,3,0,ordinary
17,289,3930,0,-20276344,1,0,3,0,ordinary
17,289,3934,168,-316695,4,1,6,0,ordinary
17,289,3938,156,-79143,5,1,8,0,ordinary
17,289,3942,0,-20252728,1,0,3,0,ordinary
17,289,3946,0,-413160,1,0,3,0,ordinary
17,289,3950,36,-5059236,2,0,4,0,ordinary
17,289,3954,36,-1264315,3,-1,4,0,ordinary
17,289,3958,0,-2246792,1,0,3,0,ordinary
17,289,3962,0,-2245912,1,0,3,0,ordinary
17,289,3966,72,-5051320,2,0,5,0,ordinary
17,289,3970,60,-5049336,2,0,5,0,ordinary
17,289,3974,0,-807576,1,0,3,0,ordinary
17,289,3978,0,,,,,,nonordinary_or_unrealized
17,289,3982,60,-1260843,3,-1,4,0,ordinary
17,289,3986,36,-5041380,2,0,4,0,ordinary
17,289,3990,0,-20157544,1,0,3,0,ordinary
17,289,3994,0,-27640,1,0,3,0,ordinary
17,289,3998,228,-34968,4,0,9,0,ordinary
17,289,4002,84,-314587,4,-1,6,0,ordinary
17,289,4006,0,-20125560,1,0,3,0,ordinary
17,289,4010,0,-20117544,1,0,3,0,ordinary
17,289,4014,48,-5027380,2,0,4,0,ordinary
17,289,4018,12,-10383,3,1,4,0,ordinary
17,289,4022,0,-20093448,1,0,3,0,ordinary
17,289,4026,0,-803416,1,0,3,0,ordinary
17,289,4030,72,-557704,2,0,5,0,ordinary
17,289,4034,120,-557480,2,0,5,0,ordinary
17,289,4038,0,-20061208,1,0,3,0,ordinary
17,289,4042,0,-20053128,1,0,3,0,ordinary
17,289,4046,0,,,,,,nonordinary_or_unrealized
17,289,4050,36,-13876,2,0,4,0,ordinary
17,289,4054,0,-20028840,1,0,3,0,ordinary
17,289,4058,0,-20020728,1,0,3,0,ordinary
17,289,4062,36,-1250788,3,0,6,0,ordinary
17,289,4066,156,-138920,3,0,7,0,ordinary
17,289,4070,0,-2221816,1,0,3,0,ordinary
17,289,4074,0,-799528,1,0,3,0,ordinary
17,289,4078,72,-4995012,2,0,4,0,ordinary
17,289,4082,24,-1248243,3,-1,4,0,ordinary
17,289,4086,0,-19963720,1,0,3,0,ordinary
17,289,4090,0,-407256,1,0,3,0,ordinary
17,289,4094,144,-4986840,2,0,5,0,ordinary
17,289,4098,6,-1432,2,0,5,0,ordinary
17,289,4102,0,-2214552,1,0,3,0,ordinary
17,289,4106,0,-245960,1,0,3,0,ordinary
17,289,4110,24,-1244659,3,-1,4,0,ordinary
17,289,4114,0,,,,,,nonordinary_or_unrealized
17,289,4118,0,-19898088,1,0,3,0,ordinary
17,289,4122,0,-19889848,1,0,3,0,ordinary
17,289,4126,168,-49704,3,0,7,0,ordinary
17,289,4130,168,-1242084,3,0,6,0,ordinary
17,289,4134,0,-19865080,1,0,3,0,ordinary
17,289,4138,0,-2206312,1,0,3,0,ordinary
17,289,4142,36,-11252,2,0,4,0,ordinary
17,289,4146,108,-1240015,3,1,4,0,ordinary
17,289,4150,0,-19831944,1,0,3,0,ordinary
17,289,4154,0,-19823640,1,0,3,0,ordinary
17,289,4158,24,-4953832,2,0,5,0,ordinary
17,289,4162,72,-4951752,2,0,5,0,ordinary
17,289,4166,0,-19798680,1,0,3,0,ordinary
17,289,4170,0,-19790344,1,0,3,0,ordinary
17,289,4174,24,-5495,3,1,4,0,ordinary
17,289,4178,72,-549268,2,0,4,0,ordinary
17,289,4182,0,,,,,,nonordinary_or_unrealized
17,289,4186,0,-19756920,1,0,3,0,ordinary
17,289,4190,180,-308571,4,-1,6,0,ordinary
17,289,4194,156,-308440,4,0,9,0,ordinary
17,289,4198,0,-19731768,1,0,3,0,ordinary
17,289,4202,0,-19723368,1,0,3,0,ordinary
17,289,4206,0,-4928740,2,0,4,0,ordinary
17,289,4210,84,-1131,3,-1,4,0,ordinary
17,289,4214,0,-2188680,1,0,3,0,ordinary
17,289,4218,0,-19689688,1,0,3,0,ordinary
17,289,4222,48,-4920312,2,0,5,0,ordinary
17,289,4226,84,-196728,2,0,5,0,ordinary
17,289,4230,0,-19664344,1,0,3,0,ordinary
17,289,4234,0,-19655880,1,0,3,0,ordinary
17,289,4238,36,-1227963,3,-1,4,0,ordinary
17,289,4242,36,-4909732,2,0,4,0,ordinary
17,289,4246,0,-2181160,1,0,3,0,ordinary
17,289,4250,0,,,,,,nonordinary_or_unrealized
17,289,4254,168,-76615,5,1,8,0,ordinary
17,289,4258,180,-306327,4,1,6,0,ordinary
17,289,4262,0,-19596408,1,0,3,0,ordinary
17,289,4266,0,-19587880,1,0,3,0,ordinary
17,289,4270,24,-4894836,2,0,4,0,ordinary
17,289,4274,36,-48927,3,1,4,0,ordinary
17,289,4278,0,-19562248,1,0,3,0,ordinary
17,289,4282,0,-2172632,1,0,3,0,ordinary
17,289,4286,108,-11080,2,0,5,0,ordinary
17,289,4290,72,-4884136,2,0,5,0,ordinary
17,289,4294,0,-19527960,1,0,3,0,ordinary
17,289,4298,0,-19519368,1,0,3,0,ordinary
17,289,4302,12,-1219423,3,1,4,0,ordinary
17,289,4306,72,-4875540,2,0,4,0,ordinary
17,289,4310,0,-19493544,1,0,3,0,ordinary
17,289,4314,0,-19484920,1,0,3,0,ordinary
17,289,4318,0,,,,,,nonordinary_or_unrealized
17,289,4322,120,-135192,3,0,7,0,ordinary
17,289,4326,0,-778360,1,0,3,0,ordinary
17,289,4330,0,-19450344,1,0,3,0,ordinary
17,289,4334,60,-4860420,2,0,4,0,ordinary
17,289,4338,24,-24787,3,-1,4,0,ordinary
17,289,4342,0,-19424328,1,0,3,0,ordinary
17,289,4346,0,-19415640,1,0,3,0,ordinary
17,289,4350,90,-3544,2,0,5,0,ordinary
17,289,4354,120,-538840,2,0,5,0,ordinary
17,289,4358,0,-2154392,1,0,3,0,ordinary
17,289,4362,0,-19380808,1,0,3,0,ordinary
17,289,4366,60,-1210755,3,-1,4,0,ordinary
17,289,4370,72,-28644,2,0,4,0,ordinary
17,289,4374,0,-774184,1,0,3,0,ordinary
17,289,4378,0,-19345848,1,0,3,0,ordinary
17,289,4382,144,-1208568,3,0,7,0,ordinary
17,289,4386,0,,,,,,nonordinary_or_unrealized
17,289,4390,0,-2146616,1,0,3,0,ordinary
17,289,4394,0,-2145640,1,0,3,0,ordinary
17,289,4398,48,-4825492,2,0,4,0,ordinary
17,289,4402,24,-1205823,3,1,4,0,ordinary
17,289,4406,0,-19284360,1,0,3,0,ordinary
17,289,4410,0,-19275544,1,0,3,0,ordinary
17,289,4414,48,-4816680,2,0,5,0,ordinary
17,289,4418,36,-28488,2,0,5,0,ordinary
17,289,4422,0,-19249048,1,0,3,0,ordinary
17,289,4426,0,-85512,1,0,3,0,ordinary
17,289,4430,132,-14839,3,1,4,0,ordinary
17,289,4434,0,-4805620,2,0,4,0,ordinary
17,289,4438,0,-19213608,1,0,3,0,ordinary
17,289,4442,0,-19204728,1,0,3,0,ordinary
17,289,4446,168,-299935,4,1,6,0,ordinary
17,289,4450,312,-299796,4,0,8,0,ordinary
17,289,4454,0,,,,,,nonordinary_or_unrealized
17,289,4458,0,-19169128,1,0,3,0,ordinary
17,289,4462,24,-532228,2,0,4,0,ordinary
17,289,4466,36,-132995,3,-1,4,0,ordinary
17,289,4470,0,-19142344,1,0,3,0,ordinary
17,289,4474,0,-765336,1,0,3,0,ordinary
17,289,4478,48,-4781112,2,0,5,0,ordinary
17,289,4482,48,-97528,2,0,5,0,ordinary
17,289,4486,0,-19106520,1,0,3,0,ordinary
17,289,4490,0,-19097544,1,0,3,0,ordinary
17,289,4494,36,-1193035,3,-1,4,0,ordinary
17,289,4498,84,-529988,2,0,4,0,ordinary
17,289,4502,0,-17512,1,0,3,0,ordinary
17,289,4506,0,-19061560,1,0,3,0,ordinary
17,289,4510,204,-74424,5,0,11,0,ordinary
17,289,4514,204,-297555,4,-1,6,0,ordinary
17,289,4518,0,-19034488,1,0,3,0,ordinary
17,289,4522,0,,,,,,nonordinary_or_unrealized
17,289,4526,60,-190164,2,0,4,0,ordinary
17,289,4530,36,-1187959,3,1,4,0,ordinary
17,289,4534,0,-43080,1,0,3,0,ordinary
17,289,4538,0,-2109912,1,0,3,0,ordinary
17,289,4542,84,-4745032,2,0,5,0,ordinary
17,289,4546,72,-4742760,2,0,5,0,ordinary
17,289,4550,0,-18961944,1,0,3,0,ordinary
17,289,4554,0,-18952840,1,0,3,0,ordinary
17,289,4558,24,-1183983,3,1,4,0,ordinary
17,289,4562,0,-4733652,2,0,4,0,ordinary
17,289,4566,0,-18925480,1,0,3,0,ordinary
17,289,4570,0,-2101816,1,0,3,0,ordinary
17,289,4574,216,-5252,3,0,6,0,ordinary
17,289,4578,84,-1181128,3,0,7,0,ordinary
17,289,4582,0,-18888888,1,0,3,0,ordinary
17,289,4586,0,-18879720,1,0,3,0,ordinary
17,289,4590,0,,,,,,nonordinary_or_unrealized
17,289,4594,24,-1178835,3,-1,4,0,ordinary
17,289,4598,0,-18852168,1,0,3,0,ordinary
17,289,4602,0,-18842968,1,0,3,0,ordinary
17,289,4606,120,-523160,2,0,5,0,ordinary
17,289,4610,120,-522904,2,0,5,0,ordinary
17,289,4614,0,-52120,1,0,3,0,ordinary
17,289,4618,0,-18806088,1,0,3,0,ordinary
17,289,4622,36,-1174803,3,-1,4,0,ordinary
17,289,4626,48,-187876,2,0,4,0,ordinary
17,289,4630,0,-18778344,1,0,3,0,ordinary
17,289,4634,0,-18769080,1,0,3,0,ordinary
17,289,4638,60,-1172488,3,0,7,0,ordinary
17,289,4642,240,-14468,3,0,6,0,ordinary
17,289,4646,0,-2082360,1,0,3,0,ordinary
17,289,4650,0,-18731944,1,0,3,0,ordinary
17,289,4654,24,-4680660,2,0,4,0,ordinary
17,289,4658,0,,,,,,nonordinary_or_unrealized
17,289,4662,0,-18704008,1,0,3,0,ordinary
17,289,4666,0,-18694680,1,0,3,0,ordinary
17,289,4670,192,-4671336,2,0,5,0,ordinary
17,289,4674,36,-186760,2,0,5,0,ordinary
17,289,4678,0,-42328,1,0,3,0,ordinary
17,289,4682,0,-2073032,1,0,3,0,ordinary
17,289,4686,0,-1165495,3,1,4,0,ordinary
17,289,4690,24,-4659636,2,0,4,0,ordinary
17,289,4694,0,-153960,1,0,3,0,ordinary
17,289,4698,0,-18619768,1,0,3,0,ordinary
17,289,4702,108,-290787,4,-1,6,0,ordinary
17,289,4706,192,-72660,5,0,10,0,ordinary
17,289,4710,0,-18591544,1,0,3,0,ordinary
17,289,4714,0,-2064680,1,0,3,0,ordinary
17,289,4718,48,-515908,2,0,4,0,ordinary
17,289,4722,0,-1160203,3,-1,4,0,ordinary
17,289,4726,0,,,,,,nonordinary_or_unrealized
17,289,4730,0,-378456,1,0,3,0,ordinary
17,289,4734,60,-4633720,2,0,5,0,ordinary
17,289,4738,96,-4631352,2,0,5,0,ordinary
17,289,4742,0,-18515928,1,0,3,0,ordinary
17,289,4746,0,-18506440,1,0,3,0,ordinary
17,289,4750,72,-128451,3,-1,4,0,ordinary
17,289,4754,84,-6340,2,0,4,0,ordinary
17,289,4758,0,-18477928,1,0,3,0,ordinary
17,289,4762,0,-18468408,1,0,3,0,ordinary
17,289,4766,204,-288420,4,0,8,0,ordinary
17,289,4770,276,-288271,4,1,6,0,ordinary
17,289,4774,0,-737592,1,0,3,0,ordinary
17,289,4778,0,-18430248,1,0,3,0,ordinary
17,289,4782,24,-4605172,2,0,4,0,ordinary
17,289,4786,96,-127855,3,1,4,0,ordinary
17,289,4790,0,-2044616,1,0,3,0,ordinary
17,289,4794,0,,,,,,nonordinary_or_unrealized
17,289,4798,36,-4595592,2,0,5,0,ordinary
17,289,4802,36,-4593192,2,0,5,0,ordinary
17,289,4806,0,-18363160,1,0,3,0,ordinary
17,289,4810,0,-18353544,1,0,3,0,ordinary
17,289,4814,24,-1146495,3,1,4,0,ordinary
17,289,4818,72,-4583572,2,0,4,0,ordinary
17,289,4822,0,-2036072,1,0,3,0,ordinary
17,289,4826,0,-3256,1,0,3,0,ordinary
17,289,4830,168,-1144084,3,0,6,0,ordinary
17,289,4834,132,-1143480,3,0,7,0,ordinary
17,289,4838,0,-18286008,1,0,3,0,ordinary
17,289,4842,0,-18276328,1,0,3,0,ordinary
17,289,4846,36,-4566660,2,0,4,0,ordinary
17,289,4850,60,-1141059,3,-1,4,0,ordinary
17,289,4854,0,-18247240,1,0,3,0,ordinary
17,289,4858,0,-2026392,1,0,3,0,ordinary
17,289,4862,0,,,,,,nonordinary_or_unrealized
17,289,4866,72,-4554520,2,0,5,0,ordinary
17,289,4870,0,-18208344,1,0,3,0,ordinary
17,289,4874,0,-14856,1,0,3,0,ordinary
17,289,4878,24,-1136803,3,-1,4,0,ordinary
17,289,4882,0,-4544772,2,0,4,0,ordinary
17,289,4886,0,-18169320,1,0,3,0,ordinary
17,289,4890,0,-18159544,1,0,3,0,ordinary
17,289,4894,264,-126040,3,0,7,0,ordinary
17,289,4898,132,-125972,3,0,6,0,ordinary
17,289,4902,0,-18130168,1,0,3,0,ordinary
17,289,4906,0,-18120360,1,0,3,0,ordinary
17,289,4910,48,-4527636,2,0,4,0,ordinary
17,289,4914,12,-1131295,3,1,4,0,ordinary
17,289,4918,0,-18090888,1,0,3,0,ordinary
17,289,4922,0,-18081048,1,0,3,0,ordinary
17,289,4926,84,-3688,2,0,5,0,ordinary
17,289,4930,0,,,,,,nonordinary_or_unrealized
17,289,4934,0,-2005720,1,0,3,0,ordinary
17,289,4938,0,-18041608,1,0,3,0,ordinary
17,289,4942,48,-1126983,3,1,4,0,ordinary
17,289,4946,48,-4505460,2,0,4,0,ordinary
17,289,4950,0,-18011944,1,0,3,0,ordinary
17,289,4954,0,-18002040,1,0,3,0,ordinary
17,289,4958,228,-281127,4,1,6,0,ordinary
17,289,4962,84,-70243,5,-1,8,0,ordinary
17,289,4966,0,-120,1,0,3,0,ordinary
17,289,4970,0,-1995816,1,0,3,0,ordinary
17,289,4974,60,-179524,2,0,4,0,ordinary
17,289,4978,36,-1121403,3,-1,4,0,ordinary
17,289,4982,0,-17932488,1,0,3,0,ordinary
17,289,4986,0,-280,1,0,3,0,ordinary
17,289,4990,108,-4478136,2,0,5,0,ordinary
17,289,4994,120,-4475640,2,0,5,0,ordinary
17,289,4998,0,,,,,,nonordinary_or_unrealized
17,289,5002,0,-1986952,1,0,3,0,ordinary
17,289,5006,96,-124115,3,-1,4,0,ordinary
17,289,5010,12,-4465636,2,0,4,0,ordinary
17,289,5014,0,-17852520,1,0,3,0,ordinary
17,289,5018,0,-17842488,1,0,3,0,ordinary
17,289,5022,120,-278632,4,0,9,0,ordinary
17,289,5026,204,-11139,4,-1,6,0,ordinary
17,289,5030,0,-17812344,1,0,3,0,ordinary
17,289,5034,0,-17802280,1,0,3,0,ordinary
17,289,5038,24,-494228,2,0,4,0,ordinary
17,289,5042,48,-123487,3,1,4,0,ordinary
17,289,5046,0,-105160,1,0,3,0,ordinary
17,289,5050,0,-17761944,1,0,3,0,ordinary
17,289,5054,60,-4437960,2,0,5,0,ordinary
17,289,5058,18,-1192,2,0,5,0,ordinary
17,289,5062,0,-17731608,1,0,3,0,ordinary
17,289,5066,0,,,,,,nonordinary_or_unrealized
17,289,5070,84,-22591,3,1,4,0,ordinary
17,289,5074,24,-19668,2,0,4,0,ordinary
17,289,5078,0,-218408,1,0,3,0,ordinary
17,289,5082,0,-17680888,1,0,3,0,ordinary
17,289,5086,120,-1104420,3,0,6,0,ordinary
17,289,5090,132,-1103784,3,0,7,0,ordinary
17,289,5094,0,-104440,1,0,3,0,ordinary
17,289,5098,0,-17640168,1,0,3,0,ordinary
17,289,5102,0,-4407492,2,0,4,0,ordinary
17,289,5106,24,-1101235,3,-1,4,0,ordinary
17,289,5110,0,-1956616,1,0,3,0,ordinary
17,289,5114,0,-1955480,1,0,3,0,ordinary
17,289,5118,84,-4397272,2,0,5,0,ordinary
17,289,5122,60,-89688,2,0,5,0,ordinary
17,289,5126,0,-702744,1,0,3,0,ordinary
17,289,5130,0,-17558344,1,0,3,0,ordinary
17,289,5134,0,,,,,,nonordinary_or_unrealized
17,289,5138,36,-4384452,2,0,4,0,ordinary
17,289,5142,0,-17527528,1,0,3,0,ordinary
17,289,5146,0,-1946360,1,0,3,0,ordinary
17,289,5150,132,-121576,3,0,7,0,ordinary
17,289,5154,132,-1093540,3,0,6,0,ordinary
17,289,5158,0,-17486328,1,0,3,0,ordinary
17,289,5162,0,-17476008,1,0,3,0,ordinary
17,289,5166,12,-4366420,2,0,4,0,ordinary
17,289,5170,36,-1090959,3,1,4,0,ordinary
17,289,5174,0,-27912,1,0,3,0,ordinary
17,289,5178,0,-144088,1,0,3,0,ordinary
17,289,5182,168,-484008,2,0,5,0,ordinary
17,289,5186,204,-483720,2,0,5,0,ordinary
17,289,5190,0,-17403544,1,0,3,0,ordinary
17,289,5194,0,-17393160,1,0,3,0,ordinary
17,289,5198,48,-1086423,3,1,4,0,ordinary
17,289,5202,0,,,,,,nonordinary_or_unrealized
17,289,5206,0,-17361960,1,0,3,0,ordinary
17,289,5210,0,-17351544,1,0,3,0,ordinary
17,289,5214,192,-270955,4,-1,6,0,ordinary
17,289,5218,84,-30088,4,0,9,0,ordinary
17,289,5222,0,-1924472,1,0,3,0,ordinary
17,289,5226,0,-692392,1,0,3,0,ordinary
17,289,5230,60,-4324836,2,0,4,0,ordinary
17,289,5234,36,-1080555,3,-1,4,0,ordinary
17,289,5238,0,-17278408,1,0,3,0,ordinary
17,289,5242,0,-17267928,1,0,3,0,ordinary
17,289,5246,72,-4314360,2,0,5,0,ordinary
17,289,5250,60,-4311736,2,0,5,0,ordinary
17,289,5254,0,-1915160,1,0,3,0,ordinary
17,289,5258,0,-1913992,1,0,3,0,ordinary
17,289,5262,72,-1075963,3,-1,4,0,ordinary
17,289,5266,36,-87780,2,0,4,0,ordinary
17,289,5270,0,,,,,,nonordinary_or_unrealized
17,289,5274,0,-687352,1,0,3,0,ordinary
17,289,5278,108,-67083,5,-1,8,0,ordinary
17,289,5282,192,-268167,4,1,6,0,ordinary
17,289,5286,0,-17152120,1,0,3,0,ordinary
17,289,5290,0,-211624,1,0,3,0,ordinary
17,289,5294,36,-475860,2,0,4,0,ordinary
17,289,5298,0,-1070023,3,1,4,0,ordinary
17,289,5302,0,-17109768,1,0,3,0,ordinary
17,289,5306,0,-17099160,1,0,3,0,ordinary
17,289,5310,84,-4272136,2,0,5,0,ordinary
17,289,5314,48,-4269480,2,0,5,0,ordinary
17,289,5318,0,-348312,1,0,3,0,ordinary
17,289,5322,0,-17056648,1,0,3,0,ordinary
17,289,5326,48,-4735,3,1,4,0,ordinary
17,289,5330,72,-473204,2,0,4,0,ordinary
17,289,5334,0,-17024680,1,0,3,0,ordinary
17,289,5338,0,,,,,,nonordinary_or_unrealized
17,289,5342,108,-1062708,3,0,6,0,ordinary
17,289,5346,48,-1062040,3,0,7,0,ordinary
17,289,5350,0,-16981944,1,0,3,0,ordinary
17,289,5354,0,-16971240,1,0,3,0,ordinary
17,289,5358,12,-4240132,2,0,4,0,ordinary
17,289,5362,24,-117707,3,-1,4,0,ordinary
17,289,5366,0,-1882120,1,0,3,0,ordinary
17,289,5370,0,-16928344,1,0,3,0,ordinary
17,289,5374,72,-169176,2,0,5,0,ordinary
17,289,5378,84,-4226712,2,0,5,0,ordinary
17,289,5382,0,-16896088,1,0,3,0,ordinary
17,289,5386,0,-16885320,1,0,3,0,ordinary
17,289,5390,72,-1054659,3,-1,4,0,ordinary
17,289,5394,48,-4215940,2,0,4,0,ordinary
17,289,5398,0,-1872552,1,0,3,0,ordinary
17,289,5402,0,-207928,1,0,3,0,ordinary
17,289,5406,0,,,,,,nonordinary_or_unrealized
17,289,5410,228,-1051284,3,0,6,0,ordinary
17,289,5414,0,-16809720,1,0,3,0,ordinary
17,289,5418,0,-16798888,1,0,3,0,ordinary
17,289,5422,48,-4197012,2,0,4,0,ordinary
17,289,5426,60,-41943,3,1,4,0,ordinary
17,289,5430,0,-16766344,1,0,3,0,ordinary
17,289,5434,0,-1861720,1,0,3,0,ordinary
17,289,5438,84,-465128,2,0,5,0,ordinary
17,289,5442,60,-4183432,2,0,5,0,ordinary
17,289,5446,0,-16722840,1,0,3,0,ordinary
17,289,5450,0,-16711944,1,0,3,0,ordinary
17,289,5454,36,-1043815,3,1,4,0,ordinary
17,289,5458,36,-4172532,2,0,4,0,ordinary
17,289,5462,0,-340392,1,0,3,0,ordinary
17,289,5466,0,-16668280,1,0,3,0,ordinary
17,289,5470,270,-239,4,1,6,1,ordinary
17,289,5474,0,,,,,,nonordinary_or_unrealized
17,289,5478,0,-16635448,1,0,3,0,ordinary
17,289,5482,0,-16624488,1,0,3,0,ordinary
17,289,5486,84,-4153380,2,0,4,0,ordinary
17,289,5490,60,-1037659,3,-1,4,0,ordinary
17,289,5494,0,-45960,1,0,3,0,ordinary
17,289,5498,0,-16580568,1,0,3,0,ordinary
17,289,5502,36,-4142392,2,0,5,0,ordinary
17,289,5506,48,-459960,2,0,5,0,ordinary
17,289,5510,0,-1838616,1,0,3,0,ordinary
17,289,5514,0,-337480,1,0,3,0,ordinary
17,289,5518,36,-1032843,3,-1,4,0,ordinary
17,289,5522,36,-4128612,2,0,4,0,ordinary
17,289,5526,0,-660136,1,0,3,0,ordinary
17,289,5530,0,-16492344,1,0,3,0,ordinary
17,289,5534,228,-16095,6,1,10,0,ordinary
17,289,5538,144,-257347,4,-1,6,0,ordinary
17,289,5542,0,,,,,,nonordinary_or_unrealized
17,289,5546,0,-1827560,1,0,3,0,ordinary
17,289,5550,36,-4276,2,0,4,0,ordinary
17,289,5554,24,-1026615,3,1,4,0,ordinary
17,289,5558,0,-16414728,1,0,3,0,ordinary
17,289,5562,0,-16403608,1,0,3,0,ordinary
17,289,5566,72,-4098120,2,0,5,0,ordinary
17,289,5570,48,-4095336,2,0,5,0,ordinary
17,289,5574,0,-654808,1,0,3,0,ordinary
17,289,5578,0,-1817672,1,0,3,0,ordinary
17,289,5582,36,-113527,3,1,4,0,ordinary
17,289,5586,48,-4084180,2,0,4,0,ordinary
17,289,5590,0,-16325544,1,0,3,0,ordinary
17,289,5594,0,-30840,1,0,3,0,ordinary
17,289,5598,24,-1018948,3,0,6,0,ordinary
17,289,5602,108,-1018248,3,0,7,0,ordinary
17,289,5606,0,-16280760,1,0,3,0,ordinary
17,289,5610,0,,,,,,nonordinary_or_unrealized
17,289,5614,48,-50180,2,0,4,0,ordinary
17,289,5618,12,-112827,3,-1,4,0,ordinary
17,289,5622,0,-16235848,1,0,3,0,ordinary
17,289,5626,0,-648984,1,0,3,0,ordinary
17,289,5630,60,-4053336,2,0,5,0,ordinary
17,289,5634,60,-4050520,2,0,5,0,ordinary
17,289,5638,0,-16190808,1,0,3,0,ordinary
17,289,5642,0,-16179528,1,0,3,0,ordinary
17,289,5646,48,-1010515,3,-1,4,0,ordinary
17,289,5650,60,-448804,2,0,4,0,ordinary
17,289,5654,0,-1793960,1,0,3,0,ordinary
17,289,5658,0,-329272,1,0,3,0,ordinary
17,289,5662,96,-8328,3,0,7,0,ordinary
17,289,5666,108,-1006980,3,0,6,0,ordinary
17,289,5670,0,-16100344,1,0,3,0,ordinary
17,289,5674,0,-643560,1,0,3,0,ordinary
17,289,5678,0,,,,,,nonordinary_or_unrealized
17,289,5682,36,-1004143,3,1,4,0,ordinary
17,289,5686,0,-1783880,1,0,3,0,ordinary
17,289,5690,0,-1782616,1,0,3,0,ordinary
17,289,5694,48,-4008040,2,0,5,0,ordinary
17,289,5698,48,-4005192,2,0,5,0,ordinary
17,289,5702,0,-16009368,1,0,3,0,ordinary
17,289,5706,0,-15997960,1,0,3,0,ordinary
17,289,5710,36,-20391,3,1,4,0,ordinary
17,289,5714,48,-3993780,2,0,4,0,ordinary
17,289,5718,0,-15963688,1,0,3,0,ordinary
17,289,5722,0,-10488,1,0,3,0,ordinary
17,289,5726,288,-123,4,-1,6,0,ordinary
17,289,5730,192,-15556,6,0,12,0,ordinary
17,289,5734,0,-15917880,1,0,3,0,ordinary
17,289,5738,0,-15906408,1,0,3,0,ordinary
17,289,5742,24,-3973732,2,0,4,0,ordinary
17,289,5746,0,,,,,,nonordinary_or_unrealized
17,289,5750,0,-15871944,1,0,3,0,ordinary
17,289,5754,0,-15860440,1,0,3,0,ordinary
17,289,5758,96,-440248,2,0,5,0,ordinary
17,289,5762,156,-439928,2,0,5,0,ordinary
17,289,5766,0,-15825880,1,0,3,0,ordinary
17,289,5770,0,-93576,1,0,3,0,ordinary
17,289,5774,48,-39507,3,-1,4,0,ordinary
17,289,5778,12,-3947812,2,0,4,0,ordinary
17,289,5782,0,-15779688,1,0,3,0,ordinary
17,289,5786,0,-15768120,1,0,3,0,ordinary
17,289,5790,84,-246196,4,0,8,0,ordinary
17,289,5794,312,-27335,4,1,6,0,ordinary
17,289,5798,0,-1748152,1,0,3,0,ordinary
17,289,5802,0,-15721768,1,0,3,0,ordinary
17,289,5806,48,-3927540,2,0,4,0,ordinary
17,289,5810,36,-981159,3,1,4,0,ordinary
17,289,5814,0,,,,,,nonordinary_or_unrealized
17,289,5818,0,-15675288,1,0,3,0,ordinary
17,289,5822,72,-3915912,2,0,5,0,ordinary
17,289,5826,72,-156520,2,0,5,0,ordinary
17,289,5830,0,-1737816,1,0,3,0,ordinary
17,289,5834,0,-1736520,1,0,3,0,ordinary
17,289,5838,48,-976063,3,1,4,0,ordinary
17,289,5842,12,-3901332,2,0,4,0,ordinary
17,289,5846,0,-15593640,1,0,3,0,ordinary
17,289,5850,0,-15581944,1,0,3,0,ordinary
17,289,5854,108,-19860,3,0,6,0,ordinary
17,289,5858,72,-972408,3,0,7,0,ordinary
17,289,5862,0,-15546808,1,0,3,0,ordinary
17,289,5866,0,-1726120,1,0,3,0,ordinary
17,289,5870,48,-431204,2,0,4,0,ordinary
17,289,5874,12,-38779,3,-1,4,0,ordinary
17,289,5878,0,-15499848,1,0,3,0,ordinary
17,289,5882,0,,,,,,nonordinary_or_unrealized
17,289,5886,96,-3869080,2,0,5,0,ordinary
17,289,5890,84,-3866136,2,0,5,0,ordinary
17,289,5894,0,-15452760,1,0,3,0,ordinary
17,289,5898,0,-15440968,1,0,3,0,ordinary
17,289,5902,48,-107147,3,-1,4,0,ordinary
17,289,5906,36,-8740,2,0,4,0,ordinary
17,289,5910,0,-15405544,1,0,3,0,ordinary
17,289,5914,0,-15393720,1,0,3,0,ordinary
17,289,5918,72,-961368,3,0,7,0,ordinary
17,289,5922,60,-960628,3,0,6,0,ordinary
17,289,5926,0,-614328,1,0,3,0,ordinary
17,289,5930,0,-15346344,1,0,3,0,ordinary
17,289,5934,24,-3833620,2,0,4,0,ordinary
17,289,5938,24,-11823,3,1,4,0,ordinary
17,289,5942,0,-1701192,1,0,3,0,ordinary
17,289,5946,0,-15298840,1,0,3,0,ordinary
17,289,5950,0,,,,,,nonordinary_or_unrealized
17,289,5954,72,-31560,2,0,5,0,ordinary
17,289,5958,0,-15263128,1,0,3,0,ordinary
17,289,5962,0,-15251208,1,0,3,0,ordinary
17,289,5966,36,-952455,3,1,4,0,ordinary
17,289,5970,36,-3806836,2,0,4,0,ordinary
17,289,5974,0,-67624,1,0,3,0,ordinary
17,289,5978,0,-1689272,1,0,3,0,ordinary
17,289,5982,132,-247,4,1,6,0,ordinary
17,289,5986,144,-59295,5,1,8,0,ordinary
17,289,5990,0,-15167544,1,0,3,0,ordinary
17,289,5994,0,-15155560,1,0,3,0,ordinary
17,289,5998,36,-3785892,2,0,4,0,ordinary
17,289,6002,48,-945723,3,-1,4,0,ordinary
17,289,6006,0,-15119560,1,0,3,0,ordinary
17,289,6010,0,-1678616,1,0,3,0,ordinary
17,289,6014,48,-419320,2,0,5,0,ordinary
17,289,6018,0,,,,,,nonordinary_or_unrealized
17,289,6022,0,-15071448,1,0,3,0,ordinary
17,289,6026,0,-602376,1,0,3,0,ordinary
17,289,6030,36,-940459,3,-1,4,0,ordinary
17,289,6034,84,-3758820,2,0,4,0,ordinary
17,289,6038,0,-15023208,1,0,3,0,ordinary
17,289,6042,0,-15011128,1,0,3,0,ordinary
17,289,6046,252,-26040,4,0,9,0,ordinary
17,289,6050,186,-59,4,-1,6,1,ordinary
17,289,6054,0,-14974840,1,0,3,0,ordinary
17,289,6058,0,-41448,1,0,3,0,ordinary
17,289,6062,24,-3737652,2,0,4,0,ordinary
17,289,6066,0,-933655,3,1,4,0,ordinary
17,289,6070,0,-14926344,1,0,3,0,ordinary
17,289,6074,0,-596568,1,0,3,0,ordinary
17,289,6078,48,-3725512,2,0,5,0,ordinary
17,289,6082,108,-413608,2,0,5,0,ordinary
17,289,6086,0,,,,,,nonordinary_or_unrealized
17,289,6090,0,-14865544,1,0,3,0,ordinary
17,289,6094,12,-928335,3,1,4,0,ordinary
17,289,6098,12,-3710292,2,0,4,0,ordinary
17,289,6102,0,-302632,1,0,3,0,ordinary
17,289,6106,0,-14816760,1,0,3,0,ordinary
17,289,6110,324,-925284,3,0,6,0,ordinary
17,289,6114,24,-924520,3,0,7,0,ordinary
17,289,6118,0,-1642232,1,0,3,0,ordinary
17,289,6122,0,-1640872,1,0,3,0,ordinary
17,289,6126,36,-147556,2,0,4,0,ordinary
17,289,6130,36,-921459,3,-1,4,0,ordinary
17,289,6134,0,-14731080,1,0,3,0,ordinary
17,289,6138,0,-14718808,1,0,3,0,ordinary
17,289,6142,72,-3676632,2,0,5,0,ordinary
17,289,6146,108,-30360,2,0,5,0,ordinary
17,289,6150,0,-14681944,1,0,3,0,ordinary
17,289,6154,0,,,,,,nonordinary_or_unrealized
17,289,6158,36,-101787,3,-1,4,0,ordinary
17,289,6162,36,-3661252,2,0,4,0,ordinary
17,289,6166,0,-14632680,1,0,3,0,ordinary
17,289,6170,0,-14620344,1,0,3,0,ordinary
17,289,6174,156,-36520,3,0,7,0,ordinary
17,289,6178,60,-912228,3,0,6,0,ordinary
17,289,6182,0,-14583288,1,0,3,0,ordinary
17,289,6186,0,-14570920,1,0,3,0,ordinary
17,289,6190,36,-404404,2,0,4,0,ordinary
17,289,6194,132,-101015,3,1,4,0,ordinary
17,289,6198,0,-14533768,1,0,3,0,ordinary
17,289,6202,0,-14521368,1,0,3,0,ordinary
17,289,6206,60,-3627240,2,0,5,0,ordinary
17,289,6210,84,-3624136,2,0,5,0,ordinary
17,289,6214,0,-14484120,1,0,3,0,ordinary
17,289,6218,0,-14471688,1,0,3,0,ordinary
17,289,6222,0,,,,,,nonordinary_or_unrealized
17,289,6226,48,-16052,2,0,4,0,ordinary
17,289,6230,0,-1603816,1,0,3,0,ordinary
17,289,6234,0,-14421880,1,0,3,0,ordinary
17,289,6238,132,-225147,4,-1,6,0,ordinary
17,289,6242,108,-224952,4,0,9,0,ordinary
17,289,6246,0,-293560,1,0,3,0,ordinary
17,289,6250,0,-14371944,1,0,3,0,ordinary
17,289,6254,12,-3589860,2,0,4,0,ordinary
17,289,6258,60,-896683,3,-1,4,0,ordinary
17,289,6262,0,-176968,1,0,3,0,ordinary
17,289,6266,0,-1591320,1,0,3,0,ordinary
17,289,6270,48,-3577336,2,0,5,0,ordinary
17,289,6274,72,-142968,2,0,5,0,ordinary
17,289,6278,0,-14284248,1,0,3,0,ordinary
17,289,6282,0,-14271688,1,0,3,0,ordinary
17,289,6286,48,-891195,3,-1,4,0,ordinary
17,289,6290,0,,,,,,nonordinary_or_unrealized
17,289,6294,0,-14233960,1,0,3,0,ordinary
17,289,6298,0,-32248,1,0,3,0,ordinary
17,289,6302,156,-6167,5,1,8,0,ordinary
17,289,6306,144,-221815,4,1,6,0,ordinary
17,289,6310,0,-14183544,1,0,3,0,ordinary
17,289,6314,0,-14170920,1,0,3,0,ordinary
17,289,6318,48,-3539572,2,0,4,0,ordinary
17,289,6322,36,-884103,3,1,4,0,ordinary
17,289,6326,0,-565320,1,0,3,0,ordinary
17,289,6330,0,-14120344,1,0,3,0,ordinary
17,289,6334,84,-391880,2,0,5,0,ordinary
17,289,6338,60,-391528,2,0,5,0,ordinary
17,289,6342,0,-14082328,1,0,3,0,ordinary
17,289,6346,0,-14069640,1,0,3,0,ordinary
17,289,6350,48,-878559,3,1,4,0,ordinary
17,289,6354,24,-3511060,2,0,4,0,ordinary
17,289,6358,0,,,,,,nonordinary_or_unrealized
17,289,6362,0,-14018808,1,0,3,0,ordinary
17,289,6366,132,-875380,3,0,6,0,ordinary
17,289,6370,180,-97176,3,0,7,0,ordinary
17,289,6374,0,-6904,1,0,3,0,ordinary
17,289,6378,0,-13967848,1,0,3,0,ordinary
17,289,6382,36,-3488772,2,0,4,0,ordinary
17,289,6386,48,-871395,3,-1,4,0,ordinary
17,289,6390,0,-13929544,1,0,3,0,ordinary
17,289,6394,0,-13916760,1,0,3,0,ordinary
17,289,6398,60,-20568,2,0,5,0,ordinary
17,289,6402,12,-3472792,2,0,5,0,ordinary
17,289,6406,0,-1542040,1,0,3,0,ordinary
17,289,6410,0,-1540616,1,0,3,0,ordinary
17,289,6414,12,-865795,3,-1,4,0,ordinary
17,289,6418,36,-3459972,2,0,4,0,ordinary
17,289,6422,0,-13827048,1,0,3,0,ordinary
17,289,6426,0,,,,,,nonordinary_or_unrealized
17,289,6430,180,-862584,3,0,7,0,ordinary
17,289,6434,240,-861780,3,0,6,0,ordinary
17,289,6438,0,-113848,1,0,3,0,ordinary
17,289,6442,0,-31208,1,0,3,0,ordinary
17,289,6446,36,-2260,2,0,4,0,ordinary
17,289,6450,36,-858559,3,1,4,0,ordinary
17,289,6454,0,-13724040,1,0,3,0,ordinary
17,289,6458,0,-13711128,1,0,3,0,ordinary
17,289,6462,24,-4072,2,0,5,0,ordinary
17,289,6466,72,-3421320,2,0,5,0,ordinary
17,289,6470,0,-13672344,1,0,3,0,ordinary
17,289,6474,0,-546376,1,0,3,0,ordinary
17,289,6478,36,-94767,3,1,4,0,ordinary
17,289,6482,24,-378708,2,0,4,0,ordinary
17,289,6486,0,-13620520,1,0,3,0,ordinary
17,289,6490,0,-13607544,1,0,3,0,ordinary
17,289,6494,0,,,,,,nonordinary_or_unrealized
17,289,6498,108,-212212,4,0,8,0,ordinary
17,289,6502,0,-13568568,1,0,3,0,ordinary
17,289,6506,0,-13555560,1,0,3,0,ordinary
17,289,6510,36,-3385636,2,0,4,0,ordinary
17,289,6514,48,-93955,3,-1,4,0,ordinary
17,289,6518,0,-1501832,1,0,3,0,ordinary
17,289,6522,0,-13503448,1,0,3,0,ordinary
17,289,6526,144,-134904,2,0,5,0,ordinary
17,289,6530,96,-3369336,2,0,5,0,ordinary
17,289,6534,0,-13464280,1,0,3,0,ordinary
17,289,6538,0,-13451208,1,0,3,0,ordinary
17,289,6542,12,-839883,3,-1,4,0,ordinary
17,289,6546,0,-3356260,2,0,4,0,ordinary
17,289,6550,0,-1490216,1,0,3,0,ordinary
17,289,6554,0,-1488760,1,0,3,0,ordinary
17,289,6558,96,-3268,7,0,14,0,ordinary
17,289,6562,0,,,,,,nonordinary_or_unrealized
17,289,6566,0,-13359480,1,0,3,0,ordinary
17,289,6570,0,-13346344,1,0,3,0,ordinary
17,289,6574,60,-133332,2,0,4,0,ordinary
17,289,6578,0,-832503,3,1,4,0,ordinary
17,289,6582,0,-13306888,1,0,3,0,ordinary
17,289,6586,0,-164120,1,0,3,0,ordinary
17,289,6590,96,-368904,2,0,5,0,ordinary
17,289,6594,36,-3316840,2,0,5,0,ordinary
17,289,6598,0,-13254168,1,0,3,0,ordinary
17,289,6602,0,-9672,1,0,3,0,ordinary
17,289,6606,36,-826735,3,1,4,0,ordinary
17,289,6610,0,-3303636,2,0,4,0,ordinary
17,289,6614,0,-13201320,1,0,3,0,ordinary
17,289,6618,0,-13188088,1,0,3,0,ordinary
17,289,6622,48,-91492,3,0,6,0,ordinary
17,289,6626,204,-3656,3,0,7,0,ordinary
17,289,6630,0,,,,,,nonordinary_or_unrealized
17,289,6634,0,-13135080,1,0,3,0,ordinary
17,289,6638,36,-66948,2,0,4,0,ordinary
17,289,6642,48,-819283,3,-1,4,0,ordinary
17,289,6646,0,-13095240,1,0,3,0,ordinary
17,289,6650,0,-13081944,1,0,3,0,ordinary
17,289,6654,60,-3267160,2,0,5,0,ordinary
17,289,6658,108,-362648,2,0,5,0,ordinary
17,289,6662,0,-1449112,1,0,3,0,ordinary
17,289,6666,0,-13028680,1,0,3,0,ordinary
17,289,6670,36,-813459,3,-1,4,0,ordinary
17,289,6674,24,-130020,2,0,4,0,ordinary
17,289,6678,0,-12988648,1,0,3,0,ordinary
17,289,6682,0,-12975288,1,0,3,0,ordinary
17,289,6686,84,-810120,3,0,7,0,ordinary
17,289,6690,72,-16516,3,0,6,0,ordinary
17,289,6694,0,-1437240,1,0,3,0,ordinary
17,289,6698,0,,,,,,nonordinary_or_unrealized
17,289,6702,24,-3227092,2,0,4,0,ordinary
17,289,6706,60,-805935,3,1,4,0,ordinary
17,289,6710,0,-12881544,1,0,3,0,ordinary
17,289,6714,0,-12868120,1,0,3,0,ordinary
17,289,6718,24,-3213672,2,0,5,0,ordinary
17,289,6722,84,-3210312,2,0,5,0,ordinary
17,289,6726,0,-513112,1,0,3,0,ordinary
17,289,6730,0,-1423816,1,0,3,0,ordinary
17,289,6734,48,-88895,3,1,4,0,ordinary
17,289,6738,12,-3196852,2,0,4,0,ordinary
17,289,6742,0,-12773928,1,0,3,0,ordinary
17,289,6746,0,-12760440,1,0,3,0,ordinary
17,289,6750,120,-199171,4,-1,6,0,ordinary
17,289,6754,156,-12435,6,-1,10,0,ordinary
17,289,6758,0,-12719928,1,0,3,0,ordinary
17,289,6762,0,-12706408,1,0,3,0,ordinary
17,289,6766,0,,,,,,nonordinary_or_unrealized
17,289,6770,36,-88051,3,-1,4,0,ordinary
17,289,6774,0,-506632,1,0,3,0,ordinary
17,289,6778,0,-12652248,1,0,3,0,ordinary
17,289,6782,60,-3159672,2,0,5,0,ordinary
17,289,6786,48,-3156280,2,0,5,0,ordinary
17,289,6790,0,-12611544,1,0,3,0,ordinary
17,289,6794,0,-12597960,1,0,3,0,ordinary
17,289,6798,24,-786523,3,-1,4,0,ordinary
17,289,6802,0,-349188,2,0,4,0,ordinary
17,289,6806,0,-1395240,1,0,3,0,ordinary
17,289,6810,0,-12543544,1,0,3,0,ordinary
17,289,6814,168,-195780,4,0,8,0,ordinary
17,289,6818,156,-195567,4,1,6,0,ordinary
17,289,6822,0,-12502648,1,0,3,0,ordinary
17,289,6826,0,-499560,1,0,3,0,ordinary
17,289,6830,24,-3118836,2,0,4,0,ordinary
17,289,6834,0,,,,,,nonordinary_or_unrealized
17,289,6838,0,-1383112,1,0,3,0,ordinary
17,289,6842,0,-1381592,1,0,3,0,ordinary
17,289,6846,48,-3105160,2,0,5,0,ordinary
17,289,6850,48,-3101736,2,0,5,0,ordinary
17,289,6854,0,-12393240,1,0,3,0,ordinary
17,289,6858,0,-12379528,1,0,3,0,ordinary
17,289,6862,36,-772863,3,1,4,0,ordinary
17,289,6866,48,-3088020,2,0,4,0,ordinary
17,289,6870,0,-12338344,1,0,3,0,ordinary
17,289,6874,0,-54776,1,0,3,0,ordinary
17,289,6878,72,-85492,3,0,6,0,ordinary
17,289,6882,108,-768568,3,0,7,0,ordinary
17,289,6886,0,-250680,1,0,3,0,ordinary
17,289,6890,0,-12269544,1,0,3,0,ordinary
17,289,6894,36,-3063940,2,0,4,0,ordinary
17,289,6898,36,-765123,3,-1,4,0,ordinary
17,289,6902,0,,,,,,nonordinary_or_unrealized
17,289,6906,0,-12214360,1,0,3,0,ordinary
17,289,6910,114,-4184,2,0,5,0,ordinary
17,289,6914,72,-338520,2,0,5,0,ordinary
17,289,6918,0,-12172888,1,0,3,0,ordinary
17,289,6922,0,-100488,1,0,3,0,ordinary
17,289,6926,12,-30363,3,-1,4,0,ordinary
17,289,6930,0,-3032836,2,0,4,0,ordinary
17,289,6934,0,-12117480,1,0,3,0,ordinary
17,289,6938,0,-33528,1,0,3,0,ordinary
17,289,6942,36,-755608,3,0,7,0,ordinary
17,289,6946,144,-83860,3,0,6,0,ordinary
17,289,6950,0,-1340216,1,0,3,0,ordinary
17,289,6954,0,-12048040,1,0,3,0,ordinary
17,289,6958,36,-3008532,2,0,4,0,ordinary
17,289,6962,24,-751263,3,1,4,0,ordinary
17,289,6966,0,-12006280,1,0,3,0,ordinary
17,289,6970,0,,,,,,nonordinary_or_unrealized
17,289,6974,108,-119784,2,0,5,0,ordinary
17,289,6978,36,-2991112,2,0,5,0,ordinary
17,289,6982,0,-1327832,1,0,3,0,ordinary
17,289,6986,0,-1326280,1,0,3,0,ordinary
17,289,6990,12,-745159,3,1,4,0,ordinary
17,289,6994,12,-3540,2,0,4,0,ordinary
17,289,6998,0,-11894568,1,0,3,0,ordinary
17,289,7002,0,-11880568,1,0,3,0,ordinary
17,289,7006,252,-185415,4,1,6,0,ordinary
17,289,7010,84,-46299,5,-1,8,0,ordinary
17,289,7014,0,-11838520,1,0,3,0,ordinary
17,289,7018,0,-1313832,1,0,3,0,ordinary
17,289,7022,72,-36452,2,0,4,0,ordinary
17,289,7026,24,-29491,3,-1,4,0,ordinary
17,289,7030,0,-240456,1,0,3,0,ordinary
17,289,7034,0,-11768280,1,0,3,0,ordinary
17,289,7038,0,,,,,,nonordinary_or_unrealized
17,289,7042,72,-2935032,2,0,5,0,ordinary
17,289,7046,0,-11726040,1,0,3,0,ordinary
17,289,7050,0,-11711944,1,0,3,0,ordinary
17,289,7054,48,-81235,3,-1,4,0,ordinary
17,289,7058,48,-324548,2,0,4,0,ordinary
17,289,7062,0,-11669608,1,0,3,0,ordinary
17,289,7066,0,-11655480,1,0,3,0,ordinary
17,289,7070,132,-181896,4,0,9,0,ordinary
17,289,7074,126,-43,4,-1,6,1,ordinary
17,289,7078,0,-11613048,1,0,3,0,ordinary
17,289,7082,0,-236712,1,0,3,0,ordinary
17,289,7086,24,-2896180,2,0,4,0,ordinary
17,289,7090,60,-80351,3,1,4,0,ordinary
17,289,7094,0,-1284040,1,0,3,0,ordinary
17,289,7098,0,-11542168,1,0,3,0,ordinary
17,289,7102,0,-5448,2,0,5,0,ordinary
17,289,7106,0,,,,,,nonordinary_or_unrealized
17,289,7110,0,-11499544,1,0,3,0,ordinary
17,289,7114,0,-94920,1,0,3,0,ordinary
17,289,7118,36,-716943,3,1,4,0,ordinary
17,289,7122,12,-16948,2,0,4,0,ordinary
17,289,7126,0,-50856,1,0,3,0,ordinary
17,289,7130,0,-1269816,1,0,3,0,ordinary
17,289,7134,60,-713380,3,0,6,0,ordinary
17,289,7138,84,-712488,3,0,7,0,ordinary
17,289,7142,0,-11385528,1,0,3,0,ordinary
17,289,7146,0,-11371240,1,0,3,0,ordinary
17,289,7150,24,-2839236,2,0,4,0,ordinary
17,289,7154,24,-708915,3,-1,4,0,ordinary
17,289,7158,0,-11328328,1,0,3,0,ordinary
17,289,7162,0,-1257112,1,0,3,0,ordinary
17,289,7166,144,-313880,2,0,5,0,ordinary
17,289,7170,96,-2821336,2,0,5,0,ordinary
17,289,7174,0,,,,,,nonordinary_or_unrealized
17,289,7178,0,-11256648,1,0,3,0,ordinary
17,289,7182,12,-702643,3,-1,4,0,ordinary
17,289,7186,48,-2806980,2,0,4,0,ordinary
17,289,7190,0,-11213544,1,0,3,0,ordinary
17,289,7194,0,-11199160,1,0,3,0,ordinary
17,289,7198,144,-77672,3,0,7,0,ordinary
17,289,7202,120,-77572,3,0,6,0,ordinary
17,289,7206,0,-11155960,1,0,3,0,ordinary
17,289,7210,0,-11141544,1,0,3,0,ordinary
17,289,7214,12,-2781780,2,0,4,0,ordinary
17,289,7218,0,-694543,3,1,4,0,ordinary
17,289,7222,0,-11098248,1,0,3,0,ordinary
17,289,7226,0,-9048,1,0,3,0,ordinary
17,289,7230,72,-2767336,2,0,5,0,ordinary
17,289,7234,72,-34120,2,0,5,0,ordinary
17,289,7238,0,-1226712,1,0,3,0,ordinary
17,289,7242,0,,,,,,nonordinary_or_unrealized
17,289,7246,36,-688215,3,1,4,0,ordinary
17,289,7250,60,-2749236,2,0,4,0,ordinary
17,289,7254,0,-10982440,1,0,3,0,ordinary
17,289,7258,0,-10967928,1,0,3,0,ordinary
17,289,7262,84,-171147,4,-1,6,0,ordinary
17,289,7266,120,-170920,4,0,9,0,ordinary
17,289,7270,0,-1213816,1,0,3,0,ordinary
17,289,7274,0,-48488,1,0,3,0,ordinary
17,289,7278,12,-55588,2,0,4,0,ordinary
17,289,7282,24,-680043,3,-1,4,0,ordinary
17,289,7286,0,-10866120,1,0,3,0,ordinary
17,289,7290,0,-10851544,1,0,3,0,ordinary
17,289,7294,84,-2709240,2,0,5,0,ordinary
17,289,7298,36,-2705592,2,0,5,0,ordinary
17,289,7302,0,-10807768,1,0,3,0,ordinary
17,289,7306,0,-1199240,1,0,3,0,ordinary
17,289,7310,0,,,,,,nonordinary_or_unrealized
17,289,7314,36,-2690980,2,0,4,0,ordinary
17,289,7318,0,-10749288,1,0,3,0,ordinary
17,289,7322,0,-10734648,1,0,3,0,ordinary
17,289,7326,132,-67,5,-1,8,1,ordinary
17,289,7330,240,-167271,4,1,6,0,ordinary
17,289,7334,0,-10690680,1,0,3,0,ordinary
17,289,7338,0,-10676008,1,0,3,0,ordinary
17,289,7342,24,-296148,2,0,4,0,ordinary
17,289,7346,48,-8215,3,1,4,0,ordinary
17,289,7350,0,-10631944,1,0,3,0,ordinary
17,289,7354,0,-10617240,1,0,3,0,ordinary
17,289,7358,48,-2650632,2,0,5,0,ordinary
17,289,7362,48,-2646952,2,0,5,0,ordinary
17,289,7366,0,-10573080,1,0,3,0,ordinary
17,289,7370,0,-10558344,1,0,3,0,ordinary
17,289,7374,12,-26359,3,1,4,0,ordinary
17,289,7378,0,,,,,,nonordinary_or_unrealized
17,289,7382,0,-1168232,1,0,3,0,ordinary
17,289,7386,0,-10499320,1,0,3,0,ordinary
17,289,7390,108,-655284,3,0,6,0,ordinary
17,289,7394,132,-654360,3,0,7,0,ordinary
17,289,7398,0,-10454968,1,0,3,0,ordinary
17,289,7402,0,-10440168,1,0,3,0,ordinary
17,289,7406,36,-21540,2,0,4,0,ordinary
17,289,7410,12,-650659,3,-1,4,0,ordinary
17,289,7414,0,-1155080,1,0,3,0,ordinary
17,289,7418,0,-1153432,1,0,3,0,ordinary
17,289,7422,72,-52888,2,0,5,0,ordinary
17,289,7426,96,-103512,2,0,5,0,ordinary
17,289,7430,0,-10336344,1,0,3,0,ordinary
17,289,7434,0,-10321480,1,0,3,0,ordinary
17,289,7438,36,-644163,3,-1,4,0,ordinary
17,289,7442,12,-2572932,2,0,4,0,ordinary
17,289,7446,0,,,,,,nonordinary_or_unrealized
17,289,7450,0,-1140216,1,0,3,0,ordinary
17,289,7454,108,-71160,3,0,7,0,ordinary
17,289,7458,48,-639508,3,0,6,0,ordinary
17,289,7462,0,-10217208,1,0,3,0,ordinary
17,289,7466,0,-10202280,1,0,3,0,ordinary
17,289,7470,36,-2546836,2,0,4,0,ordinary
17,289,7474,24,-519,3,1,4,0,ordinary
17,289,7478,0,-10157448,1,0,3,0,ordinary
17,289,7482,0,-10142488,1,0,3,0,ordinary
17,289,7486,36,-281320,2,0,5,0,ordinary
17,289,7490,168,-280904,2,0,5,0,ordinary
17,289,7494,0,-10097560,1,0,3,0,ordinary
17,289,7498,0,-10082568,1,0,3,0,ordinary
17,289,7502,12,-1743,3,1,4,0,ordinary
17,289,7506,0,-2513140,2,0,4,0,ordinary
17,289,7510,0,-10037544,1,0,3,0,ordinary
17,289,7514,0,,,,,,nonordinary_or_unrealized
17,289,7518,72,-156367,4,1,6,0,ordinary
17,289,7522,108,-17348,4,0,8,0,ordinary
17,289,7526,0,-44344,1,0,3,0,ordinary
17,289,7530,0,-9962344,1,0,3,0,ordinary
17,289,7534,48,-2486820,2,0,4,0,ordinary
17,289,7538,24,-620763,3,-1,4,0,ordinary
17,289,7542,0,-9917128,1,0,3,0,ordinary
17,289,7546,0,-9902040,1,0,3,0,ordinary
17,289,7550,96,-2471736,2,0,5,0,ordinary
17,289,7554,48,-2467960,2,0,5,0,ordinary
17,289,7558,0,-121688,1,0,3,0,ordinary
17,289,7562,0,-1093512,1,0,3,0,ordinary
17,289,7566,12,-614155,3,-1,4,0,ordinary
17,289,7570,36,-2452836,2,0,4,0,ordinary
17,289,7574,0,-391848,1,0,3,0,ordinary
17,289,7578,0,-9781048,1,0,3,0,ordinary
17,289,7582,0,,,,,,nonordinary_or_unrealized
17,289,7586,84,-152355,4,-1,6,0,ordinary
17,289,7590,0,-9735544,1,0,3,0,ordinary
17,289,7594,0,-1080040,1,0,3,0,ordinary
17,289,7598,36,-2228,2,0,4,0,ordinary
17,289,7602,0,-605623,3,1,4,0,ordinary
17,289,7606,0,-9674760,1,0,3,0,ordinary
17,289,7610,0,-9659544,1,0,3,0,ordinary
17,289,7614,48,-2411080,2,0,5,0,ordinary
17,289,7618,60,-49128,2,0,5,0,ordinary
17,289,7622,0,-9613848,1,0,3,0,ordinary
17,289,7626,0,-383944,1,0,3,0,ordinary
17,289,7630,60,-66551,3,1,4,0,ordinary
17,289,7634,24,-265780,2,0,4,0,ordinary
17,289,7638,0,-9552808,1,0,3,0,ordinary
17,289,7642,0,-9537528,1,0,3,0,ordinary
17,289,7646,156,-595140,3,0,6,0,ordinary
17,289,7650,0,,,,,,nonordinary_or_unrealized
17,289,7654,0,-9491640,1,0,3,0,ordinary
17,289,7658,0,-9476328,1,0,3,0,ordinary
17,289,7662,12,-2365252,2,0,4,0,ordinary
17,289,7666,36,-65595,3,-1,4,0,ordinary
17,289,7670,0,-264,1,0,3,0,ordinary
17,289,7674,0,-15064,1,0,3,0,ordinary
17,289,7678,36,-2349912,2,0,5,0,ordinary
17,289,7682,12,-2346072,2,0,5,0,ordinary
17,289,7686,0,-9368920,1,0,3,0,ordinary
17,289,7690,0,-9353544,1,0,3,0,ordinary
17,289,7694,36,-583635,3,-1,4,0,ordinary
17,289,7698,12,-2330692,2,0,4,0,ordinary
17,289,7702,0,-1034152,1,0,3,0,ordinary
17,289,7706,0,-1032440,1,0,3,0,ordinary
17,289,7710,108,-1096,3,0,7,0,ordinary
17,289,7714,132,-578820,3,0,6,0,ordinary
17,289,7718,0,,,,,,nonordinary_or_unrealized
17,289,7722,0,-9230248,1,0,3,0,ordinary
17,289,7726,48,-92148,2,0,4,0,ordinary
17,289,7730,36,-574959,3,1,4,0,ordinary
17,289,7734,0,-9183880,1,0,3,0,ordinary
17,289,7738,0,-1018712,1,0,3,0,ordinary
17,289,7742,24,-254248,2,0,5,0,ordinary
17,289,7746,60,-2284360,2,0,5,0,ordinary
17,289,7750,0,-53976,1,0,3,0,ordinary
17,289,7754,0,-9106440,1,0,3,0,ordinary
17,289,7758,24,-568183,3,1,4,0,ordinary
17,289,7762,0,-2268852,2,0,4,0,ordinary
17,289,7766,0,-9059880,1,0,3,0,ordinary
17,289,7770,0,-9044344,1,0,3,0,ordinary
17,289,7774,168,-627,4,-1,6,0,ordinary
17,289,7778,168,-3912,5,0,11,0,ordinary
17,289,7782,0,-8997688,1,0,3,0,ordinary
17,289,7786,0,,,,,,nonordinary_or_unrealized
17,289,7790,84,-2241636,2,0,4,0,ordinary
17,289,7794,24,-559435,3,-1,4,0,ordinary
17,289,7798,0,-52872,1,0,3,0,ordinary
17,289,7802,0,-8919768,1,0,3,0,ordinary
17,289,7806,72,-2226040,2,0,5,0,ordinary
17,289,7810,60,-246904,2,0,5,0,ordinary
17,289,7814,0,-20120,1,0,3,0,ordinary
17,289,7818,0,-8857288,1,0,3,0,ordinary
17,289,7822,0,-552603,3,-1,4,0,ordinary
17,289,7826,72,-88260,2,0,4,0,ordinary
17,289,7830,0,-8810344,1,0,3,0,ordinary
17,289,7834,0,-8794680,1,0,3,0,ordinary
17,289,7838,72,-137172,4,0,8,0,ordinary
17,289,7842,72,-136927,4,1,6,0,ordinary
17,289,7846,0,-440,1,0,3,0,ordinary
17,289,7850,0,-970216,1,0,3,0,ordinary
17,289,7854,0,,,,,,nonordinary_or_unrealized
17,289,7858,12,-543783,3,1,4,0,ordinary
17,289,7862,0,-8684808,1,0,3,0,ordinary
17,289,7866,0,-176920,1,0,3,0,ordinary
17,289,7870,96,-2163336,2,0,5,0,ordinary
17,289,7874,60,-86376,2,0,5,0,ordinary
17,289,7878,0,-8621848,1,0,3,0,ordinary
17,289,7882,0,-106248,1,0,3,0,ordinary
17,289,7886,36,-59655,3,1,4,0,ordinary
17,289,7890,24,-17716,2,0,4,0,ordinary
17,289,7894,0,-8558760,1,0,3,0,ordinary
17,289,7898,0,-8542968,1,0,3,0,ordinary
17,289,7902,60,-532948,3,0,6,0,ordinary
17,289,7906,60,-531960,3,0,7,0,ordinary
17,289,7910,0,-8495544,1,0,3,0,ordinary
17,289,7914,0,-8479720,1,0,3,0,ordinary
17,289,7918,48,-235108,2,0,4,0,ordinary
17,289,7922,0,,,,,,nonordinary_or_unrealized
17,289,7926,0,-337288,1,0,3,0,ordinary
17,289,7930,0,-8416344,1,0,3,0,ordinary
17,289,7934,48,-2100120,2,0,5,0,ordinary
17,289,7938,48,-2096152,2,0,5,0,ordinary
17,289,7942,0,-8368728,1,0,3,0,ordinary
17,289,7946,0,-8352840,1,0,3,0,ordinary
17,289,7950,36,-521059,3,-1,4,0,ordinary
17,289,7954,48,-231140,2,0,4,0,ordinary
17,289,7958,0,-922792,1,0,3,0,ordinary
17,289,7962,0,-8289208,1,0,3,0,ordinary
17,289,7966,108,-517080,3,0,7,0,ordinary
17,289,7970,204,-516084,3,0,6,0,ordinary
17,289,7974,0,-329656,1,0,3,0,ordinary
17,289,7978,0,-8225448,1,0,3,0,ordinary
17,289,7982,36,-2052372,2,0,4,0,ordinary
17,289,7986,24,-512095,3,1,4,0,ordinary
17,289,7990,0,,,,,,nonordinary_or_unrealized
17,289,7994,0,-100760,1,0,3,0,ordinary
17,289,7998,36,-2036392,2,0,5,0,ordinary
17,289,8002,60,-2032392,2,0,5,0,ordinary
17,289,8006,0,-8113560,1,0,3,0,ordinary
17,289,8010,0,-165256,1,0,3,0,ordinary
17,289,8014,24,-505095,3,1,4,0,ordinary
17,289,8018,36,-2016372,2,0,4,0,ordinary
17,289,8022,0,-8049448,1,0,3,0,ordinary
17,289,8026,0,-35704,1,0,3,0,ordinary
17,289,8030,192,-13919,4,1,6,0,ordinary
17,289,8034,96,-31255,5,1,8,0,ordinary
17,289,8038,0,-7985208,1,0,3,0,ordinary
17,289,8042,0,-7969128,1,0,3,0,ordinary
17,289,8046,24,-1988260,2,0,4,0,ordinary
17,289,8050,12,-496059,3,-1,4,0,ordinary
17,289,8054,0,-7920840,1,0,3,0,ordinary
17,289,8058,0,,,,,,nonordinary_or_unrealized
17,289,8062,120,-4472,2,0,5,0,ordinary
17,289,8066,36,-218680,2,0,5,0,ordinary
17,289,8070,0,-7856344,1,0,3,0,ordinary
17,289,8074,0,-313608,1,0,3,0,ordinary
17,289,8078,24,-489003,3,-1,4,0,ordinary
17,289,8082,24,-16132,2,0,4,0,ordinary
17,289,8086,0,-7791720,1,0,3,0,ordinary
17,289,8090,0,-7775544,1,0,3,0,ordinary
17,289,8094,48,-121240,4,0,9,0,ordinary
17,289,8098,144,-13443,4,-1,6,0,ordinary
17,289,8102,0,-858552,1,0,3,0,ordinary
17,289,8106,0,-7710760,1,0,3,0,ordinary
17,289,8110,36,-1923636,2,0,4,0,ordinary
17,289,8114,12,-479895,3,1,4,0,ordinary
17,289,8118,0,-7662088,1,0,3,0,ordinary
17,289,8122,0,-7645848,1,0,3,0,ordinary
17,289,8126,0,,,,,,nonordinary_or_unrealized
17,289,8130,24,-424,2,0,5,0,ordinary
17,289,8134,0,-844120,1,0,3,0,ordinary
17,289,8138,0,-842312,1,0,3,0,ordinary
17,289,8142,24,-472783,3,1,4,0,ordinary
17,289,8146,24,-1887060,2,0,4,0,ordinary
17,289,8150,0,-7531944,1,0,3,0,ordinary
17,289,8154,0,-7515640,1,0,3,0,ordinary
17,289,8158,36,-468708,3,0,6,0,ordinary
17,289,8162,72,-467688,3,0,7,0,ordinary
17,289,8166,0,-7466680,1,0,3,0,ordinary
17,289,8170,0,-827816,1,0,3,0,ordinary
17,289,8174,36,-8260,2,0,4,0,ordinary
17,289,8178,12,-463603,3,-1,4,0,ordinary
17,289,8182,0,-7401288,1,0,3,0,ordinary
17,289,8186,0,-7384920,1,0,3,0,ordinary
17,289,8190,24,-1842136,2,0,5,0,ordinary
17,289,8194,0,,,,,,nonordinary_or_unrealized
17,289,8198,0,-7335768,1,0,3,0,ordinary
17,289,8202,0,-7319368,1,0,3,0,ordinary
17,289,8206,72,-115,3,-1,4,0,ordinary
17,289,8210,24,-202404,2,0,4,0,ordinary
17,289,8214,0,-7270120,1,0,3,0,ordinary
17,289,8218,0,-7253688,1,0,3,0,ordinary
17,289,8222,12,-452328,3,0,7,0,ordinary
17,289,8226,84,-18052,3,0,6,0,ordinary
17,289,8230,0,-7204344,1,0,3,0,ordinary
17,289,8234,0,-7187880,1,0,3,0,ordinary
17,289,8238,24,-1792852,2,0,4,0,ordinary
17,289,8242,24,-49687,3,1,4,0,ordinary
17,289,8246,0,-793160,1,0,3,0,ordinary
17,289,8250,0,-7121944,1,0,3,0,ordinary
17,289,8254,60,-1776360,2,0,5,0,ordinary
17,289,8258,36,-36168,2,0,5,0,ordinary
17,289,8262,0,,,,,,nonordinary_or_unrealized
17,289,8266,0,-7055880,1,0,3,0,ordinary
17,289,8270,48,-439959,3,1,4,0,ordinary
17,289,8274,12,-70228,2,0,4,0,ordinary
17,289,8278,0,-778472,1,0,3,0,ordinary
17,289,8282,0,-776632,1,0,3,0,ordinary
17,289,8286,132,-108955,4,-1,6,0,ordinary
17,289,8290,120,-108696,4,0,9,0,ordinary
17,289,8294,0,-6939960,1,0,3,0,ordinary
17,289,8298,0,-6923368,1,0,3,0,ordinary
17,289,8302,0,-1726692,2,0,4,0,ordinary
17,289,8306,24,-430635,3,-1,4,0,ordinary
17,289,8310,0,-6873544,1,0,3,0,ordinary
17,289,8314,0,-761880,1,0,3,0,ordinary
17,289,8318,24,-21112,2,0,5,0,ordinary
17,289,8322,24,-1705912,2,0,5,0,ordinary
17,289,8326,0,-272280,1,0,3,0,ordinary
17,289,8330,0,,,,,,nonordinary_or_unrealized
17,289,8334,12,-423355,3,-1,4,0,ordinary
17,289,8338,24,-1689252,2,0,4,0,ordinary
17,289,8342,0,-6740328,1,0,3,0,ordinary
17,289,8346,0,-6723640,1,0,3,0,ordinary
17,289,8350,252,-2911,5,1,8,0,ordinary
17,289,8354,192,-11615,4,1,6,0,ordinary
17,289,8358,0,-6673528,1,0,3,0,ordinary
17,289,8362,0,-6656808,1,0,3,0,ordinary
17,289,8366,24,-1660020,2,0,4,0,ordinary
17,289,8370,0,-413959,3,1,4,0,ordinary
17,289,8374,0,-2184,1,0,3,0,ordinary
17,289,8378,0,-6589848,1,0,3,0,ordinary
17,289,8382,72,-4552,2,0,5,0,ordinary
17,289,8386,36,-182120,2,0,5,0,ordinary
17,289,8390,0,-726616,1,0,3,0,ordinary
17,289,8394,0,-6522760,1,0,3,0,ordinary
17,289,8398,0,,,,,,nonordinary_or_unrealized
17,289,8402,36,-33108,2,0,4,0,ordinary
17,289,8406,0,-6472360,1,0,3,0,ordinary
17,289,8410,0,-6455544,1,0,3,0,ordinary
17,289,8414,72,-402420,3,0,6,0,ordinary
17,289,8418,24,-401368,3,0,7,0,ordinary
17,289,8422,0,-711672,1,0,3,0,ordinary
17,289,8426,0,-168,1,0,3,0,ordinary
17,289,8430,24,-1592836,2,0,4,0,ordinary
17,289,8434,0,-397155,3,-1,4,0,ordinary
17,289,8438,0,-6337608,1,0,3,0,ordinary
17,289,8442,0,-6320728,1,0,3,0,ordinary
17,289,8446,12,-1575960,2,0,5,0,ordinary
17,289,8450,36,-1571736,2,0,5,0,ordinary
17,289,8454,0,-127960,1,0,3,0,ordinary
17,289,8458,0,-694792,1,0,3,0,ordinary
17,289,8462,36,-43307,3,-1,4,0,ordinary
17,289,8466,0,,,,,,nonordinary_or_unrealized
17,289,8470,0,-6202344,1,0,3,0,ordinary
17,289,8474,0,-1464,1,0,3,0,ordinary
17,289,8478,84,-385528,3,0,7,0,ordinary
17,289,8482,84,-384468,3,0,6,0,ordinary
17,289,8486,0,-6134520,1,0,3,0,ordinary
17,289,8490,0,-6117544,1,0,3,0,ordinary
17,289,8494,12,-169460,2,0,4,0,ordinary
17,289,8498,24,-42247,3,1,4,0,ordinary
17,289,8502,0,-6066568,1,0,3,0,ordinary
17,289,8506,0,-6049560,1,0,3,0,ordinary
17,289,8510,48,-1508136,2,0,5,0,ordinary
17,289,8514,12,-1503880,2,0,5,0,ordinary
17,289,8518,0,-5998488,1,0,3,0,ordinary
17,289,8522,0,-5981448,1,0,3,0,ordinary
17,289,8526,0,-14911,3,1,4,0,ordinary
17,289,8530,36,-18356,2,0,4,0,ordinary
17,289,8534,0,,,,,,nonordinary_or_unrealized
17,289,8538,0,-5913208,1,0,3,0,ordinary
17,289,8542,168,-92127,4,1,6,0,ordinary
17,289,8546,108,-91860,4,0,8,0,ordinary
17,289,8550,0,-5861944,1,0,3,0,ordinary
17,289,8554,0,-5844840,1,0,3,0,ordinary
17,289,8558,0,-1456932,2,0,4,0,ordinary
17,289,8562,0,-363163,3,-1,4,0,ordinary
17,289,8566,0,-5320,1,0,3,0,ordinary
17,289,8570,0,-641816,1,0,3,0,ordinary
17,289,8574,12,-57592,2,0,5,0,ordinary
17,289,8578,0,-1435512,2,0,5,0,ordinary
17,289,8582,0,-5724888,1,0,3,0,ordinary
17,289,8586,0,-5707720,1,0,3,0,ordinary
17,289,8590,24,-355659,3,-1,4,0,ordinary
17,289,8594,0,-1418340,2,0,4,0,ordinary
17,289,8598,0,-115432,1,0,3,0,ordinary
17,289,8602,0,,,,,,nonordinary_or_unrealized
17,289,8606,132,-2440,5,0,11,0,ordinary
17,289,8610,72,-87571,4,-1,6,0,ordinary
17,289,8614,0,-5587320,1,0,3,0,ordinary
17,289,8618,0,-5570088,1,0,3,0,ordinary
17,289,8622,0,-1388212,2,0,4,0,ordinary
17,289,8626,24,-13839,3,1,4,0,ordinary
17,289,8630,0,-5518344,1,0,3,0,ordinary
17,289,8634,0,-5501080,1,0,3,0,ordinary
17,289,8638,72,-152328,2,0,5,0,ordinary
17,289,8642,60,-16872,2,0,5,0,ordinary
17,289,8646,0,-5449240,1,0,3,0,ordinary
17,289,8650,0,-110856,1,0,3,0,ordinary
17,289,8654,36,-338415,3,1,4,0,ordinary
17,289,8658,36,-1349332,2,0,4,0,ordinary
17,289,8662,0,-5380008,1,0,3,0,ordinary
17,289,8666,0,-5362680,1,0,3,0,ordinary
17,289,8670,0,,,,,,nonordinary_or_unrealized
17,289,8674,144,-1480,3,0,7,0,ordinary
17,289,8678,0,-590072,1,0,3,0,ordinary
17,289,8682,0,-5293288,1,0,3,0,ordinary
17,289,8686,12,-1318980,2,0,4,0,ordinary
17,289,8690,12,-328659,3,-1,4,0,ordinary
17,289,8694,0,-5241160,1,0,3,0,ordinary
17,289,8698,0,-5223768,1,0,3,0,ordinary
17,289,8702,24,-1301592,2,0,5,0,ordinary
17,289,8706,60,-1297240,2,0,5,0,ordinary
17,289,8710,0,-574616,1,0,3,0,ordinary
17,289,8714,0,-572680,1,0,3,0,ordinary
17,289,8718,0,-321043,3,-1,4,0,ordinary
17,289,8722,36,-1279812,2,0,4,0,ordinary
17,289,8726,0,-204072,1,0,3,0,ordinary
17,289,8730,0,-5084344,1,0,3,0,ordinary
17,289,8734,36,-316680,3,0,7,0,ordinary
17,289,8738,0,,,,,,nonordinary_or_unrealized
17,289,8742,0,-5031928,1,0,3,0,ordinary
17,289,8746,0,-557160,1,0,3,0,ordinary
17,289,8750,24,-138804,2,0,4,0,ordinary
17,289,8754,0,-311215,3,1,4,0,ordinary
17,289,8758,0,-4961928,1,0,3,0,ordinary
17,289,8762,0,-4944408,1,0,3,0,ordinary
17,289,8766,12,-1231720,2,0,5,0,ordinary
17,289,8770,60,-1227336,2,0,5,0,ordinary
17,289,8774,0,-195672,1,0,3,0,ordinary
17,289,8778,0,-4874248,1,0,3,0,ordinary
17,289,8782,12,-33727,3,1,4,0,ordinary
17,289,8786,36,-134420,2,0,4,0,ordinary
17,289,8790,0,-4821544,1,0,3,0,ordinary
17,289,8794,0,-98040,1,0,3,0,ordinary
17,289,8798,84,-74787,4,-1,6,0,ordinary
17,289,8802,12,-18628,5,0,10,0,ordinary
17,289,8806,0,,,,,,nonordinary_or_unrealized
17,289,8810,0,-4733544,1,0,3,0,ordinary
17,289,8814,12,-1178980,2,0,4,0,ordinary
17,289,8818,12,-32627,3,-1,4,0,ordinary
17,289,8822,0,-520072,1,0,3,0,ordinary
17,289,8826,0,-186520,1,0,3,0,ordinary
17,289,8830,12,-1161336,2,0,5,0,ordinary
17,289,8834,48,-1156920,2,0,5,0,ordinary
17,289,8838,0,-4610008,1,0,3,0,ordinary
17,289,8842,0,-4592328,1,0,3,0,ordinary
17,289,8846,12,-5835,3,-1,4,0,ordinary
17,289,8850,12,-1139236,2,0,4,0,ordinary
17,289,8854,0,-56040,1,0,3,0,ordinary
17,289,8858,0,-4152,1,0,3,0,ordinary
17,289,8862,48,-70372,4,0,8,0,ordinary
17,289,8866,24,-70095,4,1,6,0,ordinary
17,289,8870,0,-4468344,1,0,3,0,ordinary
17,289,8874,0,,,,,,nonordinary_or_unrealized
17,289,8878,48,-1108212,2,0,4,0,ordinary
17,289,8882,36,-275943,3,1,4,0,ordinary
17,289,8886,0,-4397320,1,0,3,0,ordinary
17,289,8890,0,-486616,1,0,3,0,ordinary
17,289,8894,48,-121160,2,0,5,0,ordinary
17,289,8898,36,-1085992,2,0,5,0,ordinary
17,289,8902,0,-4326168,1,0,3,0,ordinary
17,289,8906,0,-4308360,1,0,3,0,ordinary
17,289,8910,36,-268159,3,1,4,0,ordinary
17,289,8914,24,-1068180,2,0,4,0,ordinary
17,289,8918,0,-4254888,1,0,3,0,ordinary
17,289,8922,0,-4237048,1,0,3,0,ordinary
17,289,8926,150,-1172,3,0,6,0,ordinary
17,289,8930,84,-29176,3,0,7,0,ordinary
17,289,8934,0,-4183480,1,0,3,0,ordinary
17,289,8938,0,-4165608,1,0,3,0,ordinary
17,289,8942,0,,,,,,nonordinary_or_unrealized
17,289,8946,24,-715,3,-1,4,0,ordinary
17,289,8950,0,-4111944,1,0,3,0,ordinary
17,289,8954,0,-4094040,1,0,3,0,ordinary
17,289,8958,72,-1019032,2,0,5,0,ordinary
17,289,8962,60,-112728,2,0,5,0,ordinary
17,289,8966,0,-49880,1,0,3,0,ordinary
17,289,8970,0,-4022344,1,0,3,0,ordinary
17,289,8974,12,-10011,3,-1,4,0,ordinary
17,289,8978,24,-996612,2,0,4,0,ordinary
17,289,8982,0,-3968488,1,0,3,0,ordinary
17,289,8986,0,-3950520,1,0,3,0,ordinary
17,289,8990,84,-5016,3,0,7,0,ordinary
17,289,8994,60,-244660,3,0,6,0,ordinary
17,289,8998,0,-432952,1,0,3,0,ordinary
17,289,9002,0,-430952,1,0,3,0,ordinary
17,289,9006,0,-965140,2,0,4,0,ordinary
17,289,9010,0,,,,,,nonordinary_or_unrealized
17,289,9014,0,-3824520,1,0,3,0,ordinary
17,289,9018,0,-3806488,1,0,3,0,ordinary
17,289,9022,12,-947112,2,0,5,0,ordinary
17,289,9026,48,-37704,2,0,5,0,ordinary
17,289,9030,0,-3752344,1,0,3,0,ordinary
17,289,9034,0,-414920,1,0,3,0,ordinary
17,289,9038,12,-25807,3,1,4,0,ordinary
17,289,9042,24,-18868,2,0,4,0,ordinary
17,289,9046,0,-3680040,1,0,3,0,ordinary
17,289,9050,0,-30264,1,0,3,0,ordinary
17,289,9054,60,-56935,4,1,6,0,ordinary
17,289,9058,84,-14163,5,-1,8,0,ordinary
17,289,9062,0,-3607608,1,0,3,0,ordinary
17,289,9066,0,-3589480,1,0,3,0,ordinary
17,289,9070,24,-99204,2,0,4,0,ordinary
17,289,9074,24,-987,3,-1,4,0,ordinary
17,289,9078,0,,,,,,nonordinary_or_unrealized
17,289,9082,0,-3516888,1,0,3,0,ordinary
17,289,9086,24,-874680,2,0,5,0,ordinary
17,289,9090,12,-870136,2,0,5,0,ordinary
17,289,9094,0,-3462360,1,0,3,0,ordinary
17,289,9098,0,-3444168,1,0,3,0,ordinary
17,289,9102,12,-1267,3,-1,4,0,ordinary
17,289,9106,36,-94660,2,0,4,0,ordinary
17,289,9110,0,-376616,1,0,3,0,ordinary
17,289,9114,0,-3371320,1,0,3,0,ordinary
17,289,9118,84,-52392,4,0,9,0,ordinary
17,289,9122,108,-52107,4,-1,6,0,ordinary
17,289,9126,0,-132664,1,0,3,0,ordinary
17,289,9130,0,-3298344,1,0,3,0,ordinary
17,289,9134,24,-820020,2,0,4,0,ordinary
17,289,9138,24,-203863,3,1,4,0,ordinary
17,289,9142,0,-360392,1,0,3,0,ordinary
17,289,9146,0,,,,,,nonordinary_or_unrealized
17,289,9150,48,-4744,2,0,5,0,ordinary
17,289,9154,36,-797160,2,0,5,0,ordinary
17,289,9158,0,-3170328,1,0,3,0,ordinary
17,289,9162,0,-3152008,1,0,3,0,ordinary
17,289,9166,0,-195855,3,1,4,0,ordinary
17,289,9170,24,-778836,2,0,4,0,ordinary
17,289,9174,0,-123880,1,0,3,0,ordinary
17,289,9178,0,-38008,1,0,3,0,ordinary
17,289,9182,120,-21252,3,0,6,0,ordinary
17,289,9186,24,-3880,3,0,7,0,ordinary
17,289,9190,0,-3023544,1,0,3,0,ordinary
17,289,9194,0,-3005160,1,0,3,0,ordinary
17,289,9198,12,-746692,2,0,4,0,ordinary
17,289,9202,36,-185523,3,-1,4,0,ordinary
17,289,9206,0,-2949960,1,0,3,0,ordinary
17,289,9210,0,-2931544,1,0,3,0,ordinary
17,289,9214,0,,,,,,nonordinary_or_unrealized
17,289,9218,42,-152,2,0,5,0,ordinary
17,289,9222,0,-2876248,1,0,3,0,ordinary
17,289,9226,0,-114312,1,0,3,0,ordinary
17,289,9230,12,-177459,3,-1,4,0,ordinary
17,289,9234,24,-705220,2,0,4,0,ordinary
17,289,9238,0,-57192,1,0,3,0,ordinary
17,289,9242,0,-2783928,1,0,3,0,ordinary
17,289,9246,60,-172840,3,0,7,0,ordinary
17,289,9250,60,-19076,3,0,6,0,ordinary
17,289,9254,0,-303160,1,0,3,0,ordinary
17,289,9258,0,-2709928,1,0,3,0,ordinary
17,289,9262,12,-672852,2,0,4,0,ordinary
17,289,9266,24,-167055,3,1,4,0,ordinary
17,289,9270,0,-2654344,1,0,3,0,ordinary
17,289,9274,0,-105432,1,0,3,0,ordinary
17,289,9278,24,-654312,2,0,5,0,ordinary
17,289,9282,0,,,,,,nonordinary_or_unrealized
17,289,9286,0,-286680,1,0,3,0,ordinary
17,289,9290,0,-31624,1,0,3,0,ordinary
17,289,9294,0,-158935,3,1,4,0,ordinary
17,289,9298,24,-631092,2,0,4,0,ordinary
17,289,9302,0,-2505768,1,0,3,0,ordinary
17,289,9306,0,-2487160,1,0,3,0,ordinary
17,289,9310,96,-38571,4,-1,6,0,ordinary
17,289,9314,48,-38280,4,0,9,0,ordinary
17,289,9318,0,-2431288,1,0,3,0,ordinary
17,289,9322,0,-268072,1,0,3,0,ordinary
17,289,9326,48,-2660,2,0,4,0,ordinary
17,289,9330,24,-148459,3,-1,4,0,ordinary
17,289,9334,0,-2356680,1,0,3,0,ordinary
17,289,9338,0,-2338008,1,0,3,0,ordinary
17,289,9342,12,-4792,2,0,5,0,ordinary
17,289,9346,24,-575160,2,0,5,0,ordinary
17,289,9350,0,,,,,,nonordinary_or_unrealized
17,289,9354,0,-2263240,1,0,3,0,ordinary
17,289,9358,60,-15587,3,-1,4,0,ordinary
17,289,9362,0,-61828,2,0,4,0,ordinary
17,289,9366,0,-2207080,1,0,3,0,ordinary
17,289,9370,0,-2188344,1,0,3,0,ordinary
17,289,9374,108,-339,5,-1,8,0,ordinary
17,289,9378,36,-33607,4,1,6,0,ordinary
17,289,9382,0,-888,1,0,3,0,ordinary
17,289,9386,0,-2113320,1,0,3,0,ordinary
17,289,9390,0,-523636,2,0,4,0,ordinary
17,289,9394,12,-15,3,1,4,0,ordinary
17,289,9398,0,-228552,1,0,3,0,ordinary
17,289,9402,0,-2038168,1,0,3,0,ordinary
17,289,9406,36,-504840,2,0,5,0,ordinary
17,289,9410,60,-500136,2,0,5,0,ordinary
17,289,9414,0,-1981720,1,0,3,0,ordinary
17,289,9418,0,,,,,,nonordinary_or_unrealized
17,289,9422,0,-121503,3,1,4,0,ordinary
17,289,9426,48,-19252,2,0,4,0,ordinary
17,289,9430,0,-211816,1,0,3,0,ordinary
17,289,9434,0,-4280,1,0,3,0,ordinary
17,289,9438,24,-116788,3,0,6,0,ordinary
17,289,9442,36,-115608,3,0,7,0,ordinary
17,289,9446,0,-1830840,1,0,3,0,ordinary
17,289,9450,0,-1811944,1,0,3,0,ordinary
17,289,9454,12,-448260,2,0,4,0,ordinary
17,289,9458,24,-110883,3,-1,4,0,ordinary
17,289,9462,0,-1755208,1,0,3,0,ordinary
17,289,9466,0,-192920,1,0,3,0,ordinary
17,289,9470,60,-47704,2,0,5,0,ordinary
17,289,9474,12,-16984,2,0,5,0,ordinary
17,289,9478,0,-1679448,1,0,3,0,ordinary
17,289,9482,0,-1660488,1,0,3,0,ordinary
17,289,9486,0,,,,,,nonordinary_or_unrealized
17,289,9490,12,-405636,2,0,4,0,ordinary
17,289,9494,0,-1603560,1,0,3,0,ordinary
17,289,9498,0,-1584568,1,0,3,0,ordinary
17,289,9502,90,-1208,3,0,7,0,ordinary
17,289,9506,12,-10740,3,0,6,0,ordinary
17,289,9510,0,-1527544,1,0,3,0,ordinary
17,289,9514,0,-1508520,1,0,3,0,ordinary
17,289,9518,0,-372372,2,0,4,0,ordinary
17,289,9522,12,-91903,3,1,4,0,ordinary
17,289,9526,0,-58056,1,0,3,0,ordinary
17,289,9530,0,-1432344,1,0,3,0,ordinary
17,289,9534,0,-2920,2,0,5,0,ordinary
17,289,9538,48,-38728,2,0,5,0,ordinary
17,289,9542,0,-152792,1,0,3,0,ordinary
17,289,9546,0,-1356040,1,0,3,0,ordinary
17,289,9550,12,-83559,3,1,4,0,ordinary
17,289,9554,0,,,,,,nonordinary_or_unrealized
17,289,9558,0,-1298728,1,0,3,0,ordinary
17,289,9562,0,-1279608,1,0,3,0,ordinary
17,289,9566,36,-19695,4,1,6,0,ordinary
17,289,9570,12,-19396,4,0,8,0,ordinary
17,289,9574,0,-5432,1,0,3,0,ordinary
17,289,9578,0,-2728,1,0,3,0,ordinary
17,289,9582,12,-295972,2,0,4,0,ordinary
17,289,9586,24,-72795,3,-1,4,0,ordinary
17,289,9590,0,-1145544,1,0,3,0,ordinary
17,289,9594,0,-1126360,1,0,3,0,ordinary
17,289,9598,48,-276792,2,0,5,0,ordinary
17,289,9602,12,-271992,2,0,5,0,ordinary
17,289,9606,0,-1068760,1,0,3,0,ordinary
17,289,9610,0,-116616,1,0,3,0,ordinary
17,289,9614,12,-795,3,-1,4,0,ordinary
17,289,9618,0,-252772,2,0,4,0,ordinary
17,289,9622,0,,,,,,nonordinary_or_unrealized
17,289,9626,0,-38904,1,0,3,0,ordinary
17,289,9630,132,-19,6,-1,10,1,ordinary
17,289,9634,12,-14595,4,-1,6,0,ordinary
17,289,9638,0,-914808,1,0,3,0,ordinary
17,289,9642,0,-895528,1,0,3,0,ordinary
17,289,9646,12,-24340,2,0,4,0,ordinary
17,289,9650,12,-5951,3,1,4,0,ordinary
17,289,9654,0,-837640,1,0,3,0,ordinary
17,289,9658,0,-818328,1,0,3,0,ordinary
17,289,9662,24,-199752,2,0,5,0,ordinary
17,289,9666,0,-194920,2,0,5,0,ordinary
17,289,9670,0,-760344,1,0,3,0,ordinary
17,289,9674,0,-29640,1,0,3,0,ordinary
17,289,9678,12,-45103,3,1,4,0,ordinary
17,289,9682,12,-19508,2,0,4,0,ordinary
17,289,9686,0,-75880,1,0,3,0,ordinary
17,289,9690,0,,,,,,nonordinary_or_unrealized
17,289,9694,36,-40260,3,0,6,0,ordinary
17,289,9698,24,-39048,3,0,7,0,ordinary
17,289,9702,0,-605368,1,0,3,0,ordinary
17,289,9706,0,-585960,1,0,3,0,ordinary
17,289,9710,0,-141636,2,0,4,0,ordinary
17,289,9714,0,-34195,3,-1,4,0,ordinary
17,289,9718,0,-58632,1,0,3,0,ordinary
17,289,9722,0,-56472,1,0,3,0,ordinary
17,289,9726,12,-4888,2,0,5,0,ordinary
17,289,9730,24,-117336,2,0,5,0,ordinary
17,289,9734,0,-449880,1,0,3,0,ordinary
17,289,9738,0,-430408,1,0,3,0,ordinary
17,289,9742,0,-25683,3,-1,4,0,ordinary
17,289,9746,24,-97860,2,0,4,0,ordinary
17,289,9750,0,-371944,1,0,3,0,ordinary
17,289,9754,0,-39160,1,0,3,0,ordinary
17,289,9758,0,,,,,,nonordinary_or_unrealized
17,289,9762,12,-19588,3,0,6,0,ordinary
17,289,9766,0,-293880,1,0,3,0,ordinary
17,289,9770,0,-274344,1,0,3,0,ordinary
17,289,9774,24,-52,2,0,4,0,ordinary
17,289,9778,0,-87,3,1,4,0,ordinary
17,289,9782,0,-215688,1,0,3,0,ordinary
17,289,9786,0,-196120,1,0,3,0,ordinary
17,289,9790,48,-4904,2,0,5,0,ordinary
17,289,9794,0,-4360,2,0,5,0,ordinary
17,289,9798,0,-137368,1,0,3,0,ordinary
17,289,9802,0,-117768,1,0,3,0,ordinary
17,289,9806,0,-6135,3,1,4,0,ordinary
17,289,9810,0,-19636,2,0,4,0,ordinary
17,289,9814,0,-58920,1,0,3,0,ordinary
17,289,9818,0,-39288,1,0,3,0,ordinary
17,289,9822,18,-307,4,-1,6,1,ordinary
17,289,9826,0,,,,,,nonordinary_or_unrealized
