trace,weak_representatives,frobenius_2_depth,two_split,maximal_order_class_number
2,180,3,-1,2160
14,252,3,0,3360
18,372,2,0,11520
30,108,2,0,10224
34,204,2,0,4608
46,228,2,0,9504
50,456,3,0,6384
62,120,3,1,12
66,36,3,1,5208
78,300,4,-1,1632
94,72,2,0,7776
98,84,2,0,912
110,600,2,0,7104
114,264,4,0,1728
126,72,3,-1,1734
130,120,3,-1,4416
142,612,5,-1,2
146,228,2,0,2592
158,168,2,0,1824
162,108,2,0,8928
174,180,2,0,8736
178,552,4,1,1224
190,240,3,1,16224
194,132,3,1,11736
206,336,3,0,3984
210,204,2,0,11232
222,48,2,0,8016
226,72,2,0,7392
238,144,2,0,9888
242,348,3,0,1152
254,72,3,-1,768
258,72,3,-1,714
270,372,3,0,4800
274,192,2,0,12384
286,84,2,0,2712
290,192,2,0,4608
302,228,2,0,480
306,384,3,0,4248
318,60,3,1,7512
322,168,3,1,4584
334,420,4,1,4608
338,252,2,0,1440
350,108,2,0,12960
354,72,2,0,7368
366,120,2,0,6720
370,636,4,0,4608
382,72,3,-1,2784
386,84,3,-1,312
398,1080,6,1,684
402,120,2,0,5376
414,36,2,0,6960
418,120,2,0,9024
430,252,2,0,4512
434,384,4,-1,600
446,144,3,1,1224
450,72,3,1,9408
462,300,3,0,3264
466,252,2,0,1440
478,84,2,0,10752
482,156,2,0,14784
494,168,2,0,9216
498,312,3,0,4272
510,72,3,-1,4296
514,48,3,-1,2940
526,480,3,0,7104
530,372,2,0,12960
542,72,2,0,18
546,120,2,0,8448
558,168,2,0,1776
562,384,3,0,5952
578,180,3,1,2592
590,588,4,-1,2712
594,156,2,0,7344
606,36,2,0,6768
610,156,2,0,3528
622,300,2,0,13056
626,396,5,0,960
638,96,3,-1,3696
642,120,3,-1,84
654,204,4,0,1368
658,168,2,0,1872
670,156,2,0,18432
674,72,2,0,7488
686,120,2,0,2064
690,360,4,1,3636
702,48,3,1,8808
706,108,3,1,10416
718,408,3,0,1104
722,348,2,0,4800
734,180,2,0,10080
750,264,2,0,14808
754,384,3,0,2304
766,84,3,-1,2376
770,168,3,-1,3432
782,420,3,0,288
786,72,2,0,5976
798,84,2,0,6936
802,72,2,0,9024
814,288,2,0,11424
818,492,3,0,6912
830,204,3,1,852
834,12,3,1,8952
846,348,4,1,3864
850,192,2,0,11760
862,84,2,0,5856
866,180,2,0,5520
878,204,2,0,672
882,312,5,1,1968
894,24,3,-1,2304
898,108,3,-1,1344
910,432,4,0,2640
914,108,2,0,6720
926,156,2,0,1728
930,96,2,0,10872
942,216,2,0,60
946,468,4,-1,1920
958,180,3,1,2640
962,48,3,1,9504
974,480,3,0,2160
978,216,2,0,6912
990,36,2,0,5592
994,36,2,0,7392
1006,144,2,0,2688
1010,552,3,0,2064
1022,96,3,-1,3888
1026,60,3,-1,2064
1038,312,3,0,4320
1042,228,2,0,396
1054,144,2,0,7440
1058,132,2,0,3696
1070,264,2,0,14256
1074,264,3,0,3120
1086,84,3,1,9552
1090,48,3,1,13440
1102,336,4,-1,1728
1106,96,2,0,8640
1118,180,2,0,3456
1122,108,2,0,1440
1134,156,2,0,6048
1138,300,4,0,2064
1150,120,3,-1,1056
1154,72,3,-1,432
1166,288,5,1,1464
1170,204,2,0,15168
1182,84,2,0,11160
1186,180,2,0,5136
1198,252,2,0,12480
1202,672,4,1,6720
1214,84,3,1,10452
1218,48,3,1,5328
1234,168,2,0,12096
1246,36,2,0,7560
1250,144,2,0,13776
1262,300,2,0,2880
1266,192,3,0,3744
1278,72,3,-1,2280
1282,192,3,-1,4488
1294,828,3,0,3456
1298,276,2,0,3984
1310,132,2,0,19008
1314,96,2,0,5184
1326,204,2,0,6108
1330,660,3,0,2064
1342,216,3,1,2160
1346,60,3,1,8352
1358,612,4,1,792
1362,168,2,0,9072
1374,120,2,0,6144
1378,96,2,0,13440
1390,144,2,0,11040
1406,132,3,-1,1740
1410,132,3,-1,3768
1422,564,6,0,720
1426,252,2,0,1200
1438,120,2,0,1392
1442,120,2,0,480
1454,180,2,0,9792
1458,204,4,-1,192
1470,60,3,1,8796
1474,108,3,1,2076
1486,444,3,0,5088
1490,420,2,0,20832
1502,96,2,0,11232
1506,36,2,0,6864
1518,156,2,0,6528
1522,336,3,0,4368
1534,60,3,-1,3408
1538,72,3,-1,3552
1550,660,3,0,132
1554,120,2,0,6264
1566,36,2,0,11904
1570,120,2,0,13824
1582,216,2,0,3120
1586,348,3,0,1368
1598,72,3,1,9792
1602,60,3,1,8832
1614,156,4,-1,858
1618,516,2,0,7776
1630,192,2,0,20688
1634,24,2,0,5616
1646,228,2,0,13296
1650,540,5,0,1344
1662,60,3,-1,1872
1666,84,3,-1,2580
1678,300,4,0,2304
1682,252,2,0,12288
1694,108,2,0,2496
1698,108,2,0,9744
1710,252,2,0,1368
1714,576,4,1,5544
1726,108,3,1,3744
1730,180,3,1,6396
1742,516,3,0,1944
1746,96,2,0,4308
1758,108,2,0,2592
1762,180,2,0,1536
1774,108,2,0,7200
1778,336,3,0,5472
1790,156,3,-1,3648
1794,36,3,-1,2664
1806,144,3,0,2832
1810,300,2,0,11520
1822,120,2,0,9984
1826,120,2,0,11520
1838,324,2,0,504
1842,240,3,0,864
1854,72,3,1,8376
1858,156,3,1,1608
1870,1080,4,1,2304
1874,276,2,0,2448
1890,120,2,0,9648
1902,120,2,0,8352
1906,612,5,-1,24
1918,48,3,-1,3840
1922,48,3,-1,2496
1934,624,4,0,2784
1938,108,2,0,10464
1950,60,2,0,9000
1954,84,2,0,11136
1966,120,2,0,672
1970,588,4,-1,2304
1982,132,3,1,3324
1986,60,3,1,6552
1998,228,3,0,4560
2002,96,2,0,8160
2014,96,2,0,264
2018,144,2,0,3648
2030,192,2,0,12768
2034,252,3,0,18
2046,48,3,-1,2088
2062,252,3,0,4992
2066,252,2,0,10608
2078,48,2,0,9120
2082,120,2,0,5904
2094,108,2,0,8772
2098,288,3,0,5568
2110,168,3,1,14652
2114,132,3,1,12288
2126,480,4,-1,48
2130,192,2,0,10560
2142,96,2,0,1248
2146,132,2,0,8064
2158,564,2,0,336
2162,600,4,0,1320
2174,108,3,-1,3408
2178,48,3,-1,3072
2190,564,5,-1,1164
2194,276,2,0,2496
2206,48,2,0,8160
2210,216,2,0,2064
2222,192,2,0,9744
2226,612,4,1,204
2238,120,3,1,7488
2242,120,3,1,2976
2254,312,3,0,4176
2258,144,2,0,1872
2270,204,2,0,7560
2274,60,2,0,6624
2286,132,2,0,5976
2290,504,3,0,6816
2302,120,3,-1,1584
2306,144,3,-1,768
2318,420,3,0,5664
2322,204,2,0,960
2334,72,2,0,6696
2338,72,2,0,2112
2350,240,2,0,13056
2354,288,3,0,3552
2366,48,3,1,7728
2370,180,3,1,8316
2382,252,4,1,3360
2386,300,2,0,11520
2398,120,2,0,11280
2402,180,2,0,14976
2414,216,2,0,2352
2418,360,4,0,96
2430,108,3,-1,3816
2434,60,3,-1,2544
2446,480,5,0,288
2450,336,2,0,1824
2462,84,2,0,12096
2466,36,2,0,7896
2478,96,2,0,7200
2482,552,4,-1,876
2494,120,3,1,1224
2498,192,3,1,11520
2510,360,3,0,5856
2514,132,2,0,8460
2526,84,2,0,10128
2530,144,2,0,10032
2546,240,3,0,3168
2558,120,3,-1,240
2562,36,3,-1,2016
2574,204,3,0,4032
2578,240,2,0,11904
2590,144,2,0,288
2594,96,2,0,4704
2606,264,2,0,8832
2610,420,3,0,5184
2622,48,3,1,6096
2626,120,3,1,3516
2638,480,4,-1,1920
2642,348,2,0,192
2654,108,2,0,10704
2658,132,2,0,2016
2670,204,2,0,9216
2674,324,6,0,480
2686,108,3,-1,4560
2690,156,3,-1,456
2702,600,4,0,1296
2718,60,2,0,7680
2722,144,2,0,17856
2734,240,2,0,672
2738,852,4,1,1728
2750,144,3,1,15264
2754,84,3,1,8682
2766,276,3,0,300
2770,300,2,0,3432
2782,96,2,0,10368
2786,72,2,0,7344
2798,276,2,0,1728
2802,264,3,0,3696
2814,96,3,-1,2628
2818,108,3,-1,3648
2830,360,3,0,5232
2834,240,2,0,11424
2846,132,2,0,2316
2850,48,2,0,10560
2862,228,2,0,8976
2866,288,3,0,4800
2878,156,3,1,3984
2882,60,3,1,2400
2894,312,4,1,3720
2898,12,2,0,5568
2910,48,2,0,7872
2914,156,2,0,4176
2926,156,2,0,7920
2930,732,5,1,4392
2942,72,3,-1,912
2946,132,3,-1,2796
2958,552,4,0,396
2962,228,2,0,11856
2974,96,2,0,9984
2978,120,2,0,6960
2990,480,2,0,6768
2994,336,4,-1,228
3006,24,3,1,4860
3010,84,3,1,312
3022,492,3,0,2880
3026,276,2,0,4800
3038,96,2,0,9024
3042,108,2,0,1392
3054,180,2,0,7968
3058,900,3,0,156
3070,156,3,-1,4416
3074,84,3,-1,3768
3086,432,3,0,5616
3090,60,2,0,7368
3102,84,2,0,8688
3106,48,2,0,8736
3118,96,2,0,7776
3122,300,3,0,4896
3134,120,3,1,4608
3138,84,3,1,8256
3150,336,4,-1,1476
3154,156,2,0,7488
3166,168,2,0,3648
3170,216,2,0,3696
3182,216,2,0,10080
3186,264,4,0,1824
3202,144,3,-1,720
3214,552,5,1,3024
3218,168,2,0,10368
3230,96,2,0,13440
3234,48,2,0,5232
3246,144,2,0,6432
3250,588,4,1,5904
3262,84,3,1,7680
3266,84,3,1,9216
3278,372,3,0,144
3282,300,2,0,456
3294,96,2,0,5568
3298,156,2,0,13440
3310,504,2,0,5040
3314,300,3,0,1560
3326,72,3,-1,3456
3330,120,3,-1,3120
3342,288,3,0,768
3346,192,2,0,4752
3358,60,2,0,1344
3374,144,2,0,6552
3378,324,3,0,3552
3390,216,3,1,14880
3394,96,3,1,9600
3406,600,4,1,5880
3410,264,2,0,14064
3422,216,2,0,1920
3426,12,2,0,5088
3438,204,2,0,10008
3442,600,4,0,48
3454,84,3,-1,1164
3458,288,3,-1,396
3470,360,5,0,1344
3474,168,2,0,960
3486,24,2,0,432
3490,156,2,0,3648
3502,312,2,0,14112
3506,384,4,-1,1440
3518,144,3,1,12048
3522,120,3,1,7968
3534,324,3,0,84
3538,168,2,0,10896
3550,84,2,0,672
3554,144,2,0,12672
3566,240,2,0,3576
3570,408,3,0,4584
3582,72,3,-1,348
3586,84,3,-1,3312
3598,336,3,0,1152
3602,276,2,0,2736
3614,84,2,0,11232
3618,84,2,0,8208
3630,84,2,0,8448
3634,636,3,0,1824
3646,96,3,1,9792
3650,120,3,1,14040
3662,444,4,-1,2208
3666,228,2,0,8160
3678,108,2,0,9408
3682,156,2,0,12096
3694,312,2,0,9984
3698,396,6,-1,480
3710,204,3,-1,1104
3714,24,3,-1,1728
3726,336,4,0,1248
3730,324,2,0,13728
3742,144,2,0,684
3746,156,2,0,48
3758,372,2,0,3744
3762,456,4,1,3312
3774,168,3,1,804
3778,180,3,1,648
3790,480,3,0,7200
3794,120,2,0,6336
3806,60,2,0,7968
3810,96,2,0,11064
3822,132,2,0,6288
3826,252,3,0,4272
3838,132,3,-1,3456
3842,168,3,-1,840
3858,240,2,0,1680
3870,84,2,0,13560
3874,60,2,0,8928
3886,312,2,0,84
3890,732,3,0,4224
3902,60,3,1,8784
3906,24,3,1,5796
3918,504,4,1,5280
3922,156,2,0,3072
3934,72,2,0,12360
3938,96,2,0,9408
3950,276,2,0,12480
3954,300,5,-1,600
3966,84,3,-1,1686
3970,156,3,-1,492
3982,576,4,0,2592
3986,216,2,0,10272
3998,72,2,0,6960
4002,48,2,0,8880
4014,84,2,0,5568
4030,288,3,1,1584
4034,24,3,1,1800
4046,300,3,0,4704
4050,228,2,0,11040
4062,96,2,0,1344
4066,108,2,0,2208
4078,240,2,0,9696
4082,588,3,0,6816
4094,120,3,-1,3264
4098,24,3,-1,2112
4110,228,3,0,4944
4114,216,2,0,9408
4126,36,2,0,9504
4130,144,2,0,10272
4142,288,2,0,480
4146,180,3,0,3936
4158,72,3,1,1488
4162,60,3,1,8352
4174,264,4,-1,288
4178,312,2,0,4896
4190,84,2,0,8112
4194,108,2,0,8100
4206,132,2,0,9888
4210,456,4,0,1200
4222,144,3,-1,4800
4226,144,3,-1,3696
4238,408,5,-1,816
4242,168,2,0,1800
4254,36,2,0,5376
4258,264,2,0,48
4270,312,2,0,15696
4274,420,4,1,4128
4286,72,3,1,3264
4290,96,3,1,12360
4302,252,3,0,3984
4306,168,2,0,9264
4318,180,2,0,7056
4322,168,2,0,5184
4334,216,2,0,11256
4338,108,3,0,3792
4350,24,3,-1,3192
4354,216,3,-1,480
4366,264,3,0,672
4370,132,2,0,9696
4382,72,2,0,8064
4386,60,2,0,216
4398,204,2,0,8256
4402,456,3,0,7296
4414,84,3,1,7152
4418,252,3,1,15360
4430,1464,4,1,4428
4434,108,2,0,5040
4446,60,2,0,6480
4450,108,2,0,12432
4462,288,2,0,3264
4466,324,4,0,504
4478,192,3,-1,3744
4482,48,3,-1,2496
4494,348,6,-1,216
4498,252,2,0,3168
4514,96,2,0,12240
4526,168,2,0,7152
4530,360,4,-1,2088
4542,108,3,1,1728
4546,60,3,1,9036
4558,672,3,0,1776
4562,108,2,0,1344
4574,108,2,0,2400
4578,120,2,0,7008
4590,216,2,0,8928
4594,396,3,0,5328
4606,96,3,-1,660
4610,204,3,-1,1392
4622,636,3,0,8256
4626,144,2,0,7320
4638,96,2,0,7680
4642,132,2,0,792
4654,228,2,0,13440
4658,300,3,0,144
4670,156,3,1,1260
4686,168,4,-1,972
4690,312,2,0,13824
4702,72,2,0,10176
4706,84,2,0,10080
4718,228,2,0,720
4722,216,5,0,720
4734,84,3,-1,2112
4738,84,3,-1,3936
4750,804,4,0,1884
4754,348,2,0,5040
4766,84,2,0,10656
4770,108,2,0,13104
4782,144,2,0,7464
4786,420,4,1,1296
4798,108,3,1,9936
4802,168,3,1,9792
4814,312,3,0,4320
4818,168,2,0,9024
4830,120,2,0,10608
4834,48,2,0,6432
4846,144,2,0,1296
4850,708,3,0,9312
4862,168,3,-1,1728
4866,60,3,-1,2094
4878,204,3,0,5040
4882,252,2,0,13632
4894,120,2,0,5520
4898,156,2,0,2400
4910,264,2,0,12336
4914,132,3,0,3312
4926,72,3,1,7608
4930,144,3,1,4104
4942,372,4,1,912
4946,144,2,0,10080
4958,144,2,0,1728
4962,60,2,0,9600
4974,60,2,0,9000
4978,396,5,1,2160
4990,144,3,-1,4176
4994,36,3,-1,120
5006,492,4,0,624
5010,192,2,0,8736
5022,60,2,0,5760
5026,132,2,0,8064
5038,252,2,0,2496
5042,1110,4,-1,3
5054,72,3,1,7584
5058,72,3,1,1656
5070,396,3,0,5568
5074,228,2,0,5040
5086,96,2,0,7296
5090,168,2,0,17616
5102,168,2,0,12768
5106,252,3,0,3408
5118,72,3,-1,2652
5122,108,3,-1,4800
5134,264,3,0,3408
5138,192,2,0,9984
5150,192,2,0,720
5154,60,2,0,7320
5170,312,3,0,5136
5182,180,3,1,5904
5186,132,3,1,4476
5198,384,4,-1,1224
5202,216,2,0,10368
5214,24,2,0,6120
5218,132,2,0,3840
5230,252,2,0,14400
5234,360,4,0,2448
5246,132,3,-1,3240
5250,84,3,-1,2880
5262,540,5,1,2736
5266,144,2,0,7488
5278,84,2,0,11424
5282,36,2,0,9360
5294,240,2,0,4320
5298,420,4,1,5808
5310,120,3,1,8712
5314,84,3,1,9792
5326,456,3,0,840
5342,108,2,0,480
5346,36,2,0,66
5358,144,2,0,984
5362,432,3,0,1392
5374,48,3,-1,3072
5378,96,3,-1,3648
5390,360,3,0,7176
5394,84,2,0,4968
5406,60,2,0,5664
5410,156,2,0,19584
5422,156,2,0,864
5426,264,3,0,5640
5438,228,3,1,3456
5442,72,3,1,2040
5454,480,4,1,4536
5458,192,2,0,1776
5470,132,2,0,192
5474,120,2,0,2520
5486,168,2,0,8640
5490,420,4,0,2448
5502,60,3,-1,168
5506,96,3,-1,1554
5518,456,7,-1,264
5522,216,2,0,11520
5534,72,2,0,8064
5538,180,2,0,10800
5550,120,2,0,9360
5554,156,4,-1,1152
5566,156,3,1,9744
5570,96,3,1,16416
5582,324,3,0,1440
5586,108,2,0,6192
5598,60,2,0,8256
5602,132,2,0,9984
5614,180,2,0,3828
5618,516,3,0,2016
5630,84,3,-1,696
5634,120,3,-1,2994
5646,144,3,0,2688
5650,660,2,0,2352
5662,60,2,0,13056
5666,72,2,0,7920
5678,264,2,0,14592
5682,216,3,0,3264
5694,48,3,1,6768
5698,72,3,1,8424
5710,600,4,-1,264
5714,168,2,0,9840
5726,132,2,0,3432
5730,108,2,0,9120
5742,204,2,0,2016
5746,612,5,0,1896
5758,120,3,-1,264
5762,204,3,-1,1272
5774,420,4,0,2976
5778,84,2,0,7248
5790,216,2,0,16608
5794,108,2,0,1968
5806,180,2,0,144
5810,540,4,1,5844
5826,72,3,1,960
5838,144,3,0,3264
5842,228,2,0,1920
5854,60,2,0,8640
5858,132,2,0,2256
5870,468,2,0,3780
5874,240,3,0,3792
5886,96,3,-1,3240
5890,60,3,-1,3024
5902,384,3,0,1440
5906,252,2,0,288
5918,72,2,0,8640
5922,48,2,0,7104
5934,120,2,0,1020
5938,516,3,0,2976
5950,108,3,1,9504
5954,72,3,1,7344
5966,456,4,1,5304
5970,204,2,0,11520
5982,120,2,0,8640
5998,240,2,0,11712
6002,480,5,-1,816
6014,156,3,-1,360
6018,96,3,-1,3456
6030,444,4,0,1920
6034,108,2,0,7560
6046,192,2,0,216
6050,228,2,0,7176
6062,216,2,0,10080
6066,264,4,-1,996
6078,108,3,1,7872
6082,60,3,1,3216
6094,216,3,0,3600
6098,216,2,0,12864
6110,192,2,0,17784
6114,48,2,0,6048
6126,216,2,0,11040
6130,588,3,0,1080
6142,84,3,-1,648
6146,72,3,-1,216
6158,624,3,0,576
6162,156,2,0,8928
6174,60,2,0,4644
6178,96,2,0,10368
6190,384,2,0,4608
6194,480,3,0,120
6206,120,3,1,9864
6210,108,3,1,10620
6222,372,4,-1,1776
6226,192,2,0,1416
6238,120,2,0,13824
6242,72,2,0,2064
6254,180,2,0,6720
6258,348,4,0,528
6270,96,3,-1,3024
6274,108,3,-1,4296
6286,360,5,-1,672
6290,300,2,0,13992
6302,84,2,0,2304
6306,24,2,0,6048
6318,192,2,0,8544
6322,612,4,1,6336
6334,144,3,1,2988
6338,180,3,1,1896
6350,420,3,0,7344
6354,120,2,0,8736
6366,60,2,0,5016
6370,84,2,0,5712
6382,108,2,0,9888
6386,372,3,0,4224
6398,84,3,-1,3360
6402,48,3,-1,2712
6414,300,3,0,576
6418,168,2,0,240
6430,108,2,0,12096
6434,96,2,0,8928
6446,180,2,0,2832
6450,192,3,0,4260
6462,144,3,1,9264
6466,72,3,1,11808
6482,336,2,0,4032
6494,132,2,0,11712
6498,48,2,0,5424
6510,180,2,0,10128
6514,396,4,0,816
6526,36,3,-1,3072
6530,132,3,-1,5616
6542,300,5,0,144
6546,168,2,0,8616
6558,228,2,0,168
6562,60,2,0,8448
6574,120,2,0,8592
6578,456,4,-1,2112
6590,180,3,1,5712
6594,48,3,1,5988
6606,228,3,0,3456
6610,252,2,0,2304
6622,180,2,0,72
6626,72,2,0,2304
6638,120,2,0,10656
6654,36,3,-1,2268
6658,144,3,-1,12
6670,612,3,0,8928
6674,144,2,0,8496
6686,72,2,0,9576
6690,144,2,0,11136
6702,132,2,0,7488
6706,204,3,0,3936
6718,72,3,1,1632
6722,36,3,1,11904
6734,564,4,-1,480
6738,48,2,0,4752
6750,120,2,0,12960
6754,180,2,0,11040
6766,180,2,0,2160
6770,1020,8,0,72
6782,216,3,-1,4368
6786,60,3,-1,2304
6798,468,4,0,12
6802,456,2,0,6768
6814,36,2,0,7776
6818,132,2,0,12672
6830,252,2,0,13440
6834,276,4,1,3192
6846,96,3,1,6156
6850,72,3,1,10296
6862,564,3,0,6912
6866,132,2,0,11232
6878,108,2,0,2592
6882,72,2,0,13824
6894,108,2,0,6216
6898,396,3,0,5952
6910,180,3,-1,2592
6914,96,3,-1,138
6926,216,3,0,4224
6930,264,2,0,8472
6942,72,2,0,2016
6946,216,2,0,744
6958,156,2,0,1536
6962,324,3,0,4608
6974,108,3,1,8856
6978,156,3,1,13104
6990,360,4,1,3480
6994,300,2,0,12912
7006,84,2,0,11376
7010,144,2,0,11520
7022,432,2,0,7296
7026,396,5,1,1692
7038,168,3,-1,3096
7042,84,3,-1,456
7054,696,4,0,960
7058,264,2,0,624
7070,156,2,0,11856
7074,72,2,0,5904
7086,120,2,0,7200
7090,492,4,-1,612
7102,84,3,1,10608
7106,132,3,1,12288
7118,360,3,0,6048
7122,132,2,0,6672
7138,120,2,0,11520
7150,348,2,0,14400
7154,264,3,0,3408
7166,180,3,-1,720
7170,132,3,-1,3456
7182,276,3,0,3456
7186,180,2,0,6624
7198,216,2,0,336
7202,180,2,0,4992
7214,168,2,0,504
7218,444,3,0,5664
7230,156,3,1,10170
7234,72,3,1,4572
7246,372,4,-1,1608
7250,228,2,0,15552
7262,96,2,0,12000
7266,84,2,0,5880
7278,192,2,0,9120
7282,324,4,0,2496
7294,24,3,-1,2208
7310,984,5,1,582
7314,192,2,0,8112
7326,48,2,0,6768
7330,144,2,0,17736
7342,360,2,0,1344
7346,456,4,1,2028
7358,144,3,1,234
7362,108,3,1,8544
7374,108,3,0,228
7378,216,2,0,3168
7390,228,2,0,16896
7394,180,2,0,1440
7406,144,2,0,7488
7410,348,3,0,4836
7422,84,3,-1,2400
7426,72,3,-1,2880
7438,372,3,0,4656
7442,264,2,0,3024
7454,180,2,0,6912
7458,36,2,0,912
7470,192,2,0,12528
7474,264,3,0,3456
7486,120,3,1,2160
7490,108,3,1,3132
7502,324,4,1,528
7506,156,2,0,8160
7518,36,2,0,5856
7522,144,2,0,2736
7534,168,2,0,8544
7538,588,4,0,3456
7550,60,3,-1,4440
7554,72,3,-1,2088
7566,432,5,0,1296
7570,180,2,0,12960
7582,204,2,0,14976
7586,48,2,0,9744
7598,324,2,0,2712
7602,264,4,-1,1152
7614,120,3,1,8760
7618,144,3,1,11664
7630,744,3,0,1968
7634,192,2,0,936
7646,60,2,0,912
7650,60,2,0,11952
7662,168,2,0,7008
7666,468,3,0,2400
7678,144,3,-1,3792
7682,96,3,-1,3072
7694,300,3,0,5280
7698,216,2,0,960
7710,84,2,0,8256
7714,72,2,0,7440
7726,168,2,0,8928
7730,576,3,0,7488
7742,240,3,1,1104
7746,72,3,1,6456
7758,396,4,-1,312
7762,300,2,0,12096
7774,60,2,0,3720
7778,84,2,0,5472
7794,348,6,1,792
7806,108,3,-1,3312
7810,192,3,-1,1440
7822,336,4,0,2112
7826,120,2,0,7776
7838,108,2,0,9216
7842,96,2,0,24
7854,132,2,0,5424
7858,576,4,1,936
7870,96,3,1,15792
7874,168,3,1,10800
7886,420,3,0,2064
7890,168,2,0,11232
7902,36,2,0,9024
7906,12,2,0,7008
7918,408,2,0,1152
7922,552,3,0,1872
7934,144,3,-1,2376
7938,108,3,-1,3072
7950,456,3,0,6384
7966,72,2,0,9984
7970,132,2,0,10128
7982,144,2,0,2112
7986,192,3,0,3024
7998,36,3,1,6768
8002,84,3,1,720
8014,504,4,1,5808
8018,276,2,0,9216
8030,144,2,0,3120
8034,120,2,0,7296
8046,60,2,0,4176
8050,540,5,-1,66
8062,96,3,-1,768
8066,96,3,-1,960
8078,384,4,0,3216
8082,72,2,0,36
8094,72,2,0,8496
8098,156,2,0,7968
8110,192,2,0,9216
8114,396,4,-1,1728
8126,48,3,1,7860
8130,84,3,1,870
8142,324,3,0,816
8146,144,2,0,9264
8158,96,2,0,2112
8162,132,2,0,480
8174,240,2,0,240
8178,312,3,0,552
8190,72,3,-1,3156
8194,108,3,-1,2880
8206,420,3,0,2112
8210,492,2,0,9792
8222,84,2,0,9504
8226,96,2,0,192
8238,108,2,0,9888
8242,672,3,0,180
8254,120,3,1,10944
8258,96,3,1,2304
8270,456,4,-1,2088
8274,192,2,0,7152
8286,72,2,0,936
8290,84,2,0,12480
8302,204,2,0,9600
8306,192,4,0,1728
8318,72,3,-1,1944
8322,120,3,-1,2544
8334,240,5,-1,522
8338,288,2,0,11328
8350,156,2,0,4416
8354,84,2,0,2208
8366,288,2,0,10704
8370,408,4,1,300
8382,108,3,1,8016
8386,132,3,1,1920
8398,336,3,0,5760
8402,180,2,0,9504
8414,60,2,0,8640
8418,72,2,0,7488
8430,216,2,0,11832
8434,360,3,0,4608
8450,216,3,-1,7344
8462,336,3,0,1248
8466,84,2,0,7200
8478,60,2,0,8064
8482,180,2,0,2400
8494,144,2,0,2280
8498,372,3,0,1632
8510,204,3,1,15168
8514,36,3,1,4752
8526,168,4,1,2640
8530,348,2,0,5760
8542,168,2,0,2064
8546,96,2,0,8880
8558,276,2,0,2184
8562,492,4,0,2976
8574,72,3,-1,2724
8578,84,3,-1,3216
8590,780,6,1,1704
8594,120,2,0,6864
8606,144,2,0,888
8622,204,2,0,9024
8626,360,4,-1,1704
8638,144,3,1,4536
8642,252,3,1,1056
8654,240,3,0,3696
8658,168,2,0,1920
8670,48,2,0,9960
8674,144,2,0,3168
8686,240,2,0,12480
8690,240,3,0,4032
8702,96,3,-1,4992
8706,108,3,-1,1956
8718,336,3,0,3456
8722,276,2,0,13248
8734,48,2,0,7680
8738,168,2,0,11712
8750,300,2,0,4176
8754,324,3,0,4992
8766,72,3,1,36
8770,204,3,1,16644
8782,612,4,-1,720
8786,156,2,0,2088
8798,60,2,0,14496
8802,72,2,0,6528
8814,276,2,0,7632
8818,504,5,0,360
8830,132,3,-1,4224
8834,48,3,-1,3360
8846,660,4,0,3648
8850,288,2,0,768
8862,72,2,0,6864
8866,60,2,0,6984
8878,216,2,0,10176
8882,396,4,1,4560
8894,24,3,1,1326
8898,72,3,1,9552
8910,408,3,0,7020
8914,144,2,0,8448
8926,72,2,0,2832
8930,276,2,0,1488
8942,228,2,0,2736
8946,180,3,0,2352
8958,72,3,-1,456
8962,300,3,-1,312
8974,276,3,0,4320
8978,336,2,0,12192
8990,144,2,0,13248
8994,96,2,0,9120
9006,96,2,0,4848
9010,708,3,0,9072
9022,120,3,1,16512
9026,36,3,1,7824
9038,828,4,1,2400
9042,180,2,0,1296
9054,60,2,0,7008
9058,120,2,0,2160
9070,360,2,0,672
9074,696,5,1,1056
9086,84,3,-1,2292
9090,120,3,-1,4056
9106,480,2,0,5424
9118,60,2,0,9792
9122,180,2,0,13152
9134,276,2,0,14112
9138,228,4,-1,1152
9150,144,3,1,11826
9154,132,3,1,8736
9166,312,3,0,3312
9170,276,2,0,13104
9182,168,2,0,5520
9186,48,2,0,7680
9198,108,2,0,9360
9202,264,3,0,3648
9214,132,3,-1,720
9218,120,3,-1,936
9230,312,3,0,6912
9234,72,2,0,6864
9246,60,2,0,6000
9250,204,2,0,3552
9262,288,2,0,12096
9278,84,3,1,7176
9282,48,3,1,7824
9294,240,4,-1,96
9298,204,2,0,11328
9310,180,2,0,11712
9314,84,2,0,9216
9326,240,2,0,144
9330,516,4,0,2832
9342,84,3,-1,420
9346,120,3,-1,3240
9358,816,5,1,120
9362,156,2,0,2688
9374,96,2,0,10224
9378,24,2,0,9216
9390,228,2,0,10464
9394,768,4,1,2148
9406,120,3,1,8784
9410,84,3,1,11040
9422,384,3,0,4416
9426,84,2,0,4944
9438,108,2,0,9024
9442,132,2,0,3240
9454,216,2,0,8352
9458,612,3,0,1440
9470,240,3,-1,2688
9474,72,3,-1,1584
9486,300,3,0,4344
9490,132,2,0,13200
9502,108,2,0,4224
9506,156,2,0,4560
9518,192,2,0,10080
9522,312,3,0,4416
9534,72,3,1,6012
9538,132,3,1,240
9550,624,4,1,840
9554,324,2,0,11328
9566,72,2,0,8352
9570,60,2,0,11784
9582,216,2,0,864
9586,432,4,0,2184
9598,84,3,-1,4080
9602,84,3,-1,3840
9614,468,7,0,96
9618,144,2,0,7200
9630,36,2,0,9216
9634,156,2,0,9888
9646,192,2,0,3072
9650,492,4,-1,420
9662,180,3,1,11904
9666,132,3,1,9420
9678,360,3,0,24
9682,408,2,0,3648
9694,132,2,0,8304
9698,36,2,0,10320
9710,204,2,0,13632
9714,204,3,0,3840
9726,60,3,-1,2160
9730,72,3,-1,3408
9742,696,3,0,1728
9746,156,2,0,1272
9762,60,2,0,5856
9774,120,2,0,5952
9778,528,3,0,480
9790,156,3,1,3444
9794,180,3,1,3960
9806,300,4,-1,1344
9810,276,2,0,11424
9822,72,2,0,9696
9826,144,2,0,4320
9838,324,2,0,12096
9842,648,5,0,240
9854,96,3,-1,576
9858,144,3,-1,504
9870,228,4,0,1920
9874,120,2,0,8064
9886,60,2,0,8688
9890,180,2,0,13248
9902,204,2,0,1008
9906,396,4,1,3600
9918,120,3,1,11976
9934,492,3,0,2592
9938,288,2,0,6384
9950,108,2,0,11184
9954,48,2,0,5208
9966,72,2,0,6240
9970,432,3,0,2160
9982,48,3,-1,2376
9986,60,3,-1,3072
9998,372,3,0,6336
10002,192,2,0,11136
10014,48,2,0,6864
10018,108,2,0,10416
10030,480,2,0,19848
10034,336,3,0,3768
10046,144,3,1,4872
10050,72,3,1,1788
10062,432,4,1,3792
10066,180,2,0,864
10078,156,2,0,8
10082,72,2,0,3024
10094,180,2,0,8064
10098,324,5,-1,528
10110,60,3,-1,2736
10114,108,3,-1,1152
10126,312,4,0,120
10130,348,2,0,17664
10142,204,2,0,1800
10146,60,2,0,6432
10158,168,2,0,1968
10162,324,4,-1,1824
10174,84,3,1,324
10178,108,3,1,6864
10190,516,3,0,1728
10194,108,2,0,5280
10206,60,2,0,5904
10210,108,2,0,14592
10222,84,2,0,2112
10226,684,3,0,1260
10238,132,3,-1,3072
10242,36,3,-1,684
10254,300,3,0,3600
10258,240,2,0,1032
10270,192,2,0,18888
10274,84,2,0,8256
10286,156,2,0,9888
10290,324,3,0,4848
10302,36,3,1,10176
10306,108,3,1,9792
10318,504,4,-1,1776
10322,132,2,0,11520
10334,156,2,0,336
10338,84,2,0,11520
10350,264,2,0,8208
10354,468,4,0,3072
10366,228,3,-1,1884
10370,156,3,-1,2016
10382,756,5,-1,1464
10386,156,2,0,6912
10398,96,2,0,6432
10402,168,2,0,3216
10418,552,4,1,5376
10430,96,3,1,11520
10434,24,3,1,4920
10446,276,3,0,3960
10450,228,2,0,13920
10462,144,2,0,8448
10466,48,2,0,8544
10478,288,2,0,5040
10482,276,3,0,4272
10494,60,3,-1,2784
10498,84,3,-1,4032
10510,672,3,0,624
10514,216,2,0,2016
10526,132,2,0,9792
10530,156,2,0,2112
10542,144,2,0,1392
10546,276,3,0,888
10558,120,3,1,2616
10562,120,3,1,13248
10574,504,4,1,5100
10590,168,2,0,12864
10594,96,2,0,8640
10606,192,2,0,13920
10610,504,4,0,3168
10622,156,3,-1,744
10626,72,3,-1,2082
10638,504,5,0,96
10642,204,2,0,1728
10654,36,2,0,2340
10658,180,2,0,720
10670,240,2,0,12672
10674,288,4,-1,1332
10686,48,3,1,6000
10690,252,3,1,7104
10702,504,3,0,6336
10706,240,2,0,8160
10718,96,2,0,13920
10722,84,2,0,6720
10734,132,2,0,7920
10738,348,3,0,5568
10750,96,3,-1,4416
10754,168,3,-1,288
10766,252,3,0,1008
10770,144,2,0,480
10782,96,2,0,8832
10786,84,2,0,7296
10798,180,2,0,4032
10802,456,3,0,2640
10814,156,3,1,10656
10818,96,3,1,6216
10830,612,4,-1,2136
10834,216,2,0,120
10846,48,2,0,7776
10850,120,2,0,13896
10862,156,2,0,12384
10866,408,7,1,384
10878,24,3,-1,168
10882,144,3,-1,156
10894,372,4,0,2304
10898,168,2,0,11328
10910,204,2,0,6696
10914,120,2,0,9480
10926,96,2,0,7680
10930,828,4,1,8520
10942,156,3,1,936
10946,108,3,1,2616
10958,444,3,0,888
10962,120,2,0,7248
10974,48,2,0,6624
10978,96,2,0,2592
10990,360,2,0,432
10994,204,3,0,3024
11006,60,3,-1,3024
11010,144,3,-1,4128
11022,180,3,0,2976
11026,216,2,0,10752
11038,180,2,0,10944
11042,84,2,0,2112
11054,276,2,0,2544
11058,324,3,0,888
11074,24,3,1,8448
11086,480,4,1,1080
11090,252,2,0,4224
11102,60,2,0,9792
11106,60,2,0,72
11118,180,2,0,1440
11122,720,5,1,1560
11134,96,3,-1,3000
11138,84,3,-1,3888
11150,756,4,0,3840
11154,132,2,0,36
11166,48,2,0,7728
11170,96,2,0,12864
11182,108,2,0,6912
11186,516,4,-1,2016
11198,168,3,1,1824
11202,108,3,1,9504
11214,264,3,0,3312
11218,216,2,0,12288
11230,156,2,0,648
11246,192,2,0,8376
11250,468,3,0,5472
11262,120,3,-1,3240
11266,84,3,-1,924
11278,588,3,0,7392
11282,204,2,0,768
11294,72,2,0,7104
11298,36,2,0,7728
11310,252,2,0,12000
11314,396,3,0,480
11326,156,3,1,8856
11330,84,3,1,11304
11342,732,4,-1,240
11346,228,2,0,9216
11358,84,2,0,1056
11362,204,2,0,13440
11374,252,2,0,3240
11378,456,4,0,528
11390,108,3,-1,4680
11394,96,3,-1,2844
11406,216,5,1,1752
11410,156,2,0,2088
11422,216,2,0,2784
11426,60,2,0,8016
11438,216,2,0,7344
11442,600,4,1,1002
11454,60,3,1,5520
11458,180,3,1,2916
11470,348,3,0,4176
11474,192,2,0,11328
11486,168,2,0,3024
11490,72,2,0,9024
11502,108,2,0,11328
11506,264,3,0,4032
11518,204,3,-1,84
11522,96,3,-1,192
11534,228,3,0,3840
11538,156,2,0,9984
11550,108,2,0,8580
11554,120,2,0,336
11566,192,2,0,8448
11570,840,3,0,11616
11582,60,3,1,8640
11586,24,3,1,6984
11598,564,4,1,5568
11602,132,2,0,8880
11614,72,2,0,10080
11618,72,2,0,1728
11630,288,2,0,4752
11634,180,4,0,1320
11646,48,3,-1,2136
11650,120,3,-1,4032
11662,792,5,0,816
11666,168,2,0,3024
11678,120,2,0,11136
11682,132,2,0,9216
11694,168,2,0,7200
11698,516,4,-1,648
11710,216,3,1,12288
11714,48,3,1,660
11730,180,2,0,9744
11742,60,2,0,1536
11746,156,2,0,10656
11758,168,2,0,3072
11762,396,3,0,5760
11774,216,3,-1,1650
11778,24,3,-1,1968
11790,348,3,0,4800
11794,216,2,0,12096
11806,60,2,0,480
11810,216,2,0,4008
11822,192,2,0,14688
11826,168,3,0,2496
11838,168,3,1,768
11842,108,3,1,480
11854,264,4,-1,1200
11858,180,2,0,1152
11870,108,2,0,13728
11874,24,2,0,7272
11886,84,2,0,4896
11902,132,3,-1,624
11906,144,3,-1,4008
11918,432,4,0,624
11922,144,2,0,10320
11934,144,2,0,8160
11938,72,2,0,7200
11950,468,2,0,4320
11954,516,4,1,1536
11966,120,3,1,12600
11970,48,3,1,10368
11982,216,3,0,2880
11986,336,2,0,6240
11998,36,2,0,6960
12002,108,2,0,720
12014,132,2,0,8640
12018,312,3,0,4512
12030,108,3,-1,3456
12034,108,3,-1,3264
12046,432,3,0,6048
12050,300,2,0,10272
12062,120,2,0,3264
12066,48,2,0,6624
12078,60,2,0,5040
12082,372,3,0,5280
12094,108,3,1,3432
12098,240,3,1,1080
12110,504,4,1,144
12114,48,2,0,5784
12126,108,2,0,7872
12130,132,2,0,2052
12142,264,2,0,1728
12146,552,5,-1,1152
12158,168,3,-1,168
12162,120,3,-1,3000
12174,372,4,0,2088
12178,180,2,0,9600
12190,84,2,0,14352
12194,36,2,0,8352
12206,396,2,0,960
12210,384,4,-1,1680
12222,120,3,1,8832
12226,84,3,1,7452
12238,468,3,0,1920
12242,432,2,0,840
12254,96,2,0,7632
12258,120,2,0,2640
12270,108,2,0,10668
12274,324,3,0,1092
12286,60,3,-1,2736
12290,168,3,-1,4416
12302,216,3,0,4224
12306,120,2,0,5676
12318,84,2,0,12048
12322,72,2,0,10176
12334,168,2,0,408
12338,288,3,0,4608
12350,228,3,1,3048
12354,96,3,1,7488
12366,324,4,-1,1296
12370,492,2,0,384
12386,96,2,0,2640
12398,228,2,0,9216
12402,456,4,0,240
12414,60,3,-1,1728
12418,132,3,-1,1440
12430,516,5,-1,960
12434,372,2,0,15072
12446,108,2,0,9216
12450,48,2,0,8544
12462,216,2,0,7968
12466,444,4,1,4512
12478,72,3,1,12000
12482,144,3,1,11856
12494,552,3,0,516
12498,168,2,0,8448
12510,108,2,0,12432
12514,108,2,0,11328
12526,186,2,0,72
12530,408,3,0,2760
12542,60,3,-1,480
12558,396,3,0,1176
12562,276,2,0,2976
12574,96,2,0,9216
12578,108,2,0,14688
12590,144,2,0,13344
12594,120,3,0,3168
12606,36,3,1,6072
12610,144,3,1,13824
12622,492,4,1,5112
12626,240,2,0,7680
12638,132,2,0,4128
12642,60,2,0,1128
12654,156,2,0,8064
12658,504,4,0,576
12670,216,3,-1,1728
12674,60,3,-1,576
12686,324,6,-1,36
12690,276,2,0,11040
12702,60,2,0,60
12706,156,2,0,3696
12718,432,2,0,15456
12722,384,4,-1,1824
12734,120,3,1,15492
12738,72,3,1,8856
12750,360,3,0,5376
12754,108,2,0,5832
12766,72,2,0,8880
12770,72,2,0,11328
12782,228,2,0,192
12786,288,3,0,4752
12798,60,3,-1,2496
12802,156,3,-1,6096
12814,288,3,0,912
12818,396,2,0,1536
12830,228,2,0,18144
12834,84,2,0,5328
12846,156,2,0,6936
12850,744,3,0,3552
12862,108,3,1,10536
12866,108,3,1,8448
12878,480,4,-1,1824
12882,96,2,0,816
12894,48,2,0,6576
12898,72,2,0,9120
12910,312,2,0,13824
12914,300,5,0,1104
12926,48,3,-1,768
12930,192,3,-1,3984
12942,432,4,0,480
12946,108,2,0,5760
12958,216,2,0,984
12962,156,2,0,5472
12974,228,2,0,9600
12978,528,4,1,4248
12990,60,3,1,204
12994,84,3,1,180
13006,372,3,0,4656
13010,204,2,0,12096
13022,48,2,0,144
13026,36,2,0,10104
13042,492,3,0,1056
13054,108,3,-1,3384
13058,192,3,-1,912
13070,840,3,0,3744
13074,156,2,0,6288
13086,96,2,0,7476
13090,84,2,0,13824
13102,324,2,0,1728
13106,336,3,0,1080
13118,84,3,1,8592
13122,48,3,1,7296
13134,312,4,1,2808
13138,288,2,0,3648
13150,84,2,0,12240
13154,48,2,0,8664
13166,204,2,0,960
13170,516,5,1,2064
13182,132,3,-1,4464
13186,60,3,-1,288
13198,516,4,0,2304
13214,36,2,0,1800
13218,24,2,0,6912
13230,144,2,0,7152
13234,252,4,-1,1440
13246,180,3,1,2472
13250,120,3,1,5376
13262,336,3,0,5520
13266,240,2,0,9216
13278,120,2,0,11328
13282,180,2,0,4176
13294,240,2,0,9552
13298,276,3,0,4992
13310,108,3,-1,3936
13314,48,3,-1,2112
13326,192,3,0,3120
13330,228,2,0,17136
13342,96,2,0,1728
13346,144,2,0,9024
13358,396,2,0,792
13362,276,3,0,4128
13374,108,3,1,204
13378,84,3,1,14616
13390,948,4,-1,1116
13394,336,2,0,5400
13406,132,2,0,10848
13410,132,2,0,12096
13422,96,2,0,8160
13426,528,4,0,216
13438,96,3,-1,3840
13442,72,3,-1,672
13454,324,5,1,156
13458,216,2,0,96
13470,96,2,0,1632
13474,96,2,0,11136
13486,228,2,0,8064
13490,624,4,1,7320
13502,144,3,1,5460
13506,84,3,1,5472
13518,300,3,0,4704
13522,168,2,0,10368
13534,120,2,0,2520
13538,96,2,0,72
13550,312,2,0,17856
13554,264,3,0,3888
13566,24,3,-1,1920
13570,204,3,-1,960
13582,276,3,0,384
13586,108,2,0,10608
13598,204,2,0,14304
13602,48,2,0,8736
13614,168,2,0,9624
13618,396,3,0,5568
13630,180,3,1,16176
13634,108,3,1,10656
13646,348,4,1,828
13650,204,2,0,960
13662,60,2,0,7296
13666,156,2,0,1296
13678,216,2,0,2208
13682,552,4,0,864
13698,84,3,-1,2808
13710,504,6,0,792
13714,264,2,0,5280
13726,168,2,0,13944
13730,144,2,0,11472
13742,312,2,0,2976
13746,288,4,-1,1368
13758,72,3,1,1248
13762,60,3,1,11424
13774,408,3,0,672
13778,228,2,0,480
13790,240,2,0,648
13794,36,2,0,5400
13806,144,2,0,7776
13810,396,3,0,6048
13822,144,3,-1,1584
13826,168,3,-1,1776
13838,384,3,0,7776
13842,240,2,0,1248
13854,132,2,0,7488
13870,180,2,0,9216
13874,312,3,0,3936
13886,48,3,1,8640
13890,120,3,1,12288
13902,300,4,-1,1332
13906,144,2,0,8736
13918,132,2,0,8640
13922,180,2,0,14208
13934,180,2,0,3360
13938,444,5,0,120
13950,72,3,-1,4536
13954,108,3,-1,2688
13966,528,4,0,912
13970,468,2,0,600
13982,120,2,0,8544
13986,24,2,0,4680
13998,168,2,0,9600
14002,540,4,1,1344
14014,60,3,1,7176
14018,120,3,1,10272
14030,396,3,0,6432
14034,96,2,0,7440
14046,48,2,0,5568
14050,96,2,0,13824
14062,300,2,0,13632
14066,192,3,0,4152
14078,120,3,-1,1368
14082,72,3,-1,3744
14094,192,3,0,3480
14098,168,2,0,11520
14110,108,2,0,3312
14114,120,2,0,1440
14126,168,2,0,9408
14130,252,3,0,3588
14142,132,3,1,1464
14146,120,3,1,4260
14158,420,4,1,768
14162,156,2,0,12288
14174,132,2,0,11040
14178,72,2,0,9216
14190,204,2,0,9360
14194,384,5,-1,816
14206,36,3,-1,2592
14210,120,3,-1,4176
14222,672,4,0,1056
14226,132,2,0,6144
14238,108,2,0,6864
14242,144,2,0,2640
14254,384,2,0,720
14258,1038,4,-1,21
14270,120,3,1,11196
14274,96,3,1,11244
14286,192,3,0,3168
14290,300,2,0,4032
14302,60,2,0,13632
14306,60,2,0,9024
14318,240,2,0,9984
14322,228,3,0,2976
14334,72,3,-1,2112
14338,72,3,-1,2784
14354,108,2,0,6720
14366,168,2,0,4608
14370,180,2,0,14952
14382,132,2,0,6144
14386,444,3,0,5856
14398,204,3,1,1824
14402,24,3,1,1764
14414,672,4,-1,2160
14418,144,2,0,8064
14430,168,2,0,10080
14434,36,2,0,1896
14446,192,2,0,8352
14450,900,4,0,672
14462,120,3,-1,2880
14466,60,3,-1,1968
14478,336,5,-1,624
14482,300,2,0,15168
14494,84,2,0,8352
14498,84,2,0,11136
14510,384,2,0,120
14526,96,3,1,7032
14530,132,3,1,14304
14542,420,3,0,204
14546,252,2,0,2880
14558,96,2,0,288
14562,108,2,0,9408
14574,36,2,0,5952
14578,348,3,0,2112
14590,180,3,-1,4344
14594,84,3,-1,3408
14606,204,3,0,4032
14610,156,2,0,13140
14622,60,2,0,9888
14626,96,2,0,9600
14638,348,2,0,15072
14642,504,3,0,864
14654,132,3,1,3312
14658,60,3,1,300
14670,444,4,1,6528
14674,144,2,0,7104
14686,96,2,0,4536
14690,120,2,0,6336
14702,228,2,0,9792
14706,264,4,0,2160
14718,48,3,-1,1992
14722,216,3,-1,456
14734,540,5,0,1224
14738,120,2,0,10512
14750,108,2,0,1008
14754,48,2,0,672
14766,132,2,0,6000
14770,468,4,-1,1620
14782,108,3,1,10080
14786,132,3,1,10080
14798,480,3,0,2160
14802,132,2,0,8448
14814,72,2,0,7344
14818,168,2,0,10368
14830,288,2,0,4128
14834,432,3,0,36
14846,60,3,-1,3720
14850,120,3,-1,2808
14862,420,3,0,4800
14866,324,2,0,2520
14878,48,2,0,8064
14882,96,2,0,10752
14894,120,2,0,7200
14898,300,3,0,5088
14910,84,3,1,8628
14914,84,3,1,8688
14926,252,4,-1,1488
14930,168,2,0,14400
14942,204,2,0,840
14946,48,2,0,6588
14958,264,2,0,2016
14962,480,6,0,648
14974,60,3,-1,624
14978,24,3,-1,1200
14990,372,4,0,2712
14994,120,2,0,7344
15010,132,2,0,6960
15022,228,2,0,12288
15026,300,4,1,3216
15038,132,3,1,1728
15042,96,3,1,1296
15054,156,3,0,2340
15058,264,2,0,2640
15070,120,2,0,14976
15074,132,2,0,8400
15086,408,2,0,1944
15090,432,3,0,6048
15102,84,3,-1,12
15106,36,3,-1,2604
15118,444,3,0,2352
15122,240,2,0,4800
15134,72,2,0,7536
15138,96,2,0,8160
15150,144,2,0,9120
15154,672,3,0,2256
15166,48,3,1,10800
15182,636,4,1,7248
15186,72,2,0,5184
15198,120,2,0,11136
15202,48,2,0,9024
15214,144,2,0,9264
15218,396,5,1,2328
15230,180,3,-1,2640
15234,60,3,-1,408
15246,264,4,0,1584
15250,180,2,0,10992
15262,84,2,0,3072
15266,144,2,0,3000
15278,192,2,0,8448
15282,348,4,-1,1332
15294,72,3,1,10500
15298,168,3,1,2400
15310,852,3,0,11256
15314,156,2,0,8640
15326,36,2,0,6384
15330,108,2,0,9120
15342,198,2,0,54
15346,252,3,0,4320
15358,132,3,-1,600
15362,84,3,-1,2832
15374,384,3,0,1392
15378,180,2,0,7872
15390,60,2,0,720
15394,108,2,0,9216
15406,204,2,0,2112
15410,732,3,0,552
15422,108,3,1,9456
15426,132,3,1,7212
15438,312,4,-1,1344
15442,444,2,0,1224
15454,72,2,0,10368
15458,276,2,0,1968
15470,372,2,0,15240
15474,168,4,0,1416
15486,180,3,-1,6
15490,204,3,-1,6804
15502,696,5,1,2640
15506,132,2,0,11232
15518,96,2,0,3456
15522,96,2,0,8064
15534,108,2,0,8928
15538,672,4,1,912
15550,204,3,1,5928
15554,120,3,1,4122
15566,384,3,0,6528
15570,180,2,0,9120
15582,48,2,0,7008
15586,168,2,0,288
15598,300,2,0,9792
15602,468,3,0,7296
15614,36,3,-1,1968
15618,132,3,-1,4020
15630,432,3,0,6048
15634,156,2,0,9216
15646,120,2,0,10560
15650,120,2,0,11280
15666,228,3,0,2928
15678,36,3,1,8112
15682,144,3,1,9840
15694,504,4,1,276
15698,240,2,0,2640
15710,144,2,0,16800
15714,120,2,0,8256
15726,84,2,0,6288
15730,636,4,0,924
15742,96,3,-1,960
15746,60,3,-1,2760
15758,564,5,0,336
15762,132,2,0,8064
15774,96,2,0,5868
15778,84,2,0,10896
15790,300,2,0,13248
15794,384,4,-1,1728
15806,96,3,1,1980
15810,72,3,1,7656
15822,396,3,0,96
15838,168,2,0,3264
15842,372,2,0,1152
15854,204,2,0,10008
15858,240,3,0,624
15870,132,3,-1,3804
15874,72,3,-1,96
15886,216,3,0,4320
15890,144,2,0,8160
15902,144,2,0,14784
15906,84,2,0,408
15918,228,2,0,336
15922,444,3,0,5184
15934,60,3,1,8280
15938,60,3,1,11136
15950,636,4,-1,528
15954,108,2,0,9840
15966,36,2,0,5328
15970,240,2,0,15504
15982,348,2,0,6912
15986,588,6,1,444
15998,96,3,-1,3600
16002,96,3,-1,2100
16014,372,4,0,1728
16018,384,2,0,312
16030,60,2,0,10080
16034,120,2,0,8832
16046,180,2,0,6624
16050,696,4,1,7296
16062,120,3,1,9120
16066,60,3,1,9936
16078,468,3,0,6720
16082,204,2,0,9696
16094,192,2,0,6384
16098,72,2,0,8736
16110,156,2,0,6624
16114,240,3,0,4992
16126,156,3,-1,120
16130,228,3,-1,1296
16142,336,3,0,648
16146,144,2,0,7224
16158,144,2,0,1440
16162,156,2,0,216
16174,216,2,0,11232
16178,384,3,0,5856
16190,132,3,1,21096
16194,96,3,1,5508
16206,336,4,1,4608
16210,300,2,0,15840
16222,96,2,0,7440
16226,48,2,0,6720
16238,168,2,0,2496
16242,456,5,-1,180
16254,60,3,-1,1944
16258,108,3,-1,768
16270,864,4,0,1056
16274,144,2,0,2448
16286,96,2,0,624
16290,108,2,0,10752
16302,144,2,0,10368
16306,516,4,-1,636
16322,192,3,1,2544
16334,192,3,0,3648
16338,192,2,0,7536
16350,60,2,0,8256
16354,144,2,0,9312
16366,96,2,0,5856
16370,516,3,0,6912
16382,132,3,-1,312
16386,132,3,-1,3642
16398,204,3,0,3552
16402,132,2,0,9888
16414,168,2,0,5760
16418,96,2,0,4080
16430,468,2,0,16224
16434,252,3,0,3216
16446,72,3,1,5976
16450,204,3,1,5160
16462,324,4,-1,96
16466,156,2,0,10560
16478,84,2,0,10368
16494,144,2,0,6432
16498,456,4,0,2976
16510,84,3,-1,4344
16514,120,3,-1,3072
16526,780,5,-1,588
16530,132,2,0,9216
16542,108,2,0,1956
16546,84,2,0,480
16558,324,2,0,864
16562,768,4,1,1392
16574,132,3,1,8496
16578,72,3,1,7200
16590,288,3,0,4176
16594,156,2,0,1836
16606,192,2,0,1800
16610,156,2,0,15984
16622,204,2,0,9024
16626,264,3,0,144
16638,48,3,-1,2400
16642,84,3,-1,504
16654,276,3,0,4272
16658,384,2,0,3456
16670,72,2,0,2616
16674,60,2,0,7992
16686,84,2,0,7440
16690,492,3,0,6816
16702,96,3,1,2736
16706,132,3,1,204
16718,564,4,1,7008
16722,48,2,0,8496
16734,48,2,0,6336
16738,276,2,0,288
16750,348,2,0,16824
16754,396,4,0,2016
16766,144,3,-1,3516
16770,96,3,-1,2808
16782,420,6,1,1044
16786,108,2,0,6912
16798,120,2,0,11136
16802,120,2,0,1152
16814,348,2,0,2736
16818,192,4,-1,960
16830,96,3,1,10068
16834,120,3,1,9288
16846,372,3,0,1680
16850,444,2,0,9576
16862,108,2,0,11520
16866,36,2,0,5292
16878,144,2,0,8712
16882,396,3,0,1728
16894,84,3,-1,2808
16898,60,3,-1,3168
16910,408,3,0,960
16914,144,2,0,7848
16926,120,2,0,7392
16930,192,2,0,12480
16942,312,2,0,2976
16946,300,3,0,4776
16958,192,3,1,864
16962,120,3,1,720
16978,144,2,0,9744
16990,180,2,0,2376
16994,108,2,0,2880
17006,108,2,0,7056
17010,660,5,0,1512
17022,96,3,-1,3336
17026,84,3,-1,756
17038,540,4,0,240
17042,252,2,0,1416
17054,72,2,0,9024
17058,108,2,0,2352
17070,288,2,0,10560
17074,672,4,1,7128
17086,60,3,1,10800
17090,144,3,1,13200
17102,492,3,0,1584
17106,156,2,0,984
17118,132,2,0,10176
17122,60,2,0,7296
17134,216,2,0,3072
17150,84,3,-1,3504
17154,60,3,-1,2172
17166,216,3,0,3480
17170,408,2,0,7776
17182,120,2,0,7872
17186,120,2,0,14064
17198,252,2,0,12384
17202,192,3,0,4608
17214,60,3,1,6120
17218,96,3,1,10416
17230,636,4,1,312
17234,132,2,0,6816
17246,96,2,0,2688
17250,108,2,0,9216
17262,84,2,0,6144
17266,480,5,1,2184
17278,120,3,-1,1728
17282,216,3,-1,2880
17294,444,4,0,2448
17298,192,2,0,10176
17310,144,2,0,15504
17314,108,2,0,864
17326,252,2,0,960
17330,336,4,-1,1632
17342,120,3,1,2112
17346,48,3,1,5568
17358,348,3,0,672
17362,252,2,0,12480
17374,132,2,0,11568
17378,120,2,0,10752
17390,420,2,0,1188
17394,204,3,0,18
17406,48,3,-1,2268
17410,192,3,-1,4656
17422,552,3,0,2112
17426,156,2,0,2640
17438,132,2,0,11616
17442,96,2,0,2184
17454,84,2,0,5472
17458,444,3,0,192
17470,144,3,1,11808
17474,168,3,1,192
17486,264,4,-1,1284
17490,60,2,0,8832
17502,60,2,0,5760
17506,60,2,0,8352
17518,228,2,0,8352
17522,552,4,0,240
17534,120,3,-1,840
17538,60,3,-1,2736
17550,504,5,1,2928
17554,228,2,0,11328
17566,132,2,0,2016
17570,156,2,0,4320
17582,156,2,0,10560
17586,372,4,1,480
17598,72,3,1,6624
17602,276,3,1,7164
17614,348,3,0,4800
17618,276,2,0,768
17634,60,2,0,7056
17646,192,2,0,10944
17650,384,3,0,6120
17662,216,3,-1,5808
17666,84,3,-1,2832
17678,480,3,0,528
17682,84,2,0,5520
17694,48,2,0,1176
17698,120,2,0,12672
17710,264,2,0,4752
17714,420,3,0,2040
17726,132,3,1,10080
17730,72,3,1,12600
17742,336,4,1,864
17746,144,2,0,2976
17758,204,2,0,3960
17762,72,2,0,7776
17774,192,2,0,11712
17778,348,4,0,2112
17790,72,3,-1,2796
17806,360,6,0,480
17810,492,2,0,1536
17822,72,2,0,5376
17826,36,2,0,6432
17838,156,2,0,8448
17842,744,4,-1,90
17854,60,3,1,2688
17858,204,3,1,396
17870,540,3,0,6672
17874,144,2,0,5376
17886,24,2,0,7320
17890,156,2,0,468
17902,192,2,0,8832
17906,324,3,0,4560
17918,108,3,-1,3456
17922,120,3,-1,3744
17934,228,3,0,3792
17938,168,2,0,7152
17950,144,2,0,14784
17954,192,2,0,12384
17966,240,2,0,2160
17970,408,3,0,5832
17982,36,3,1,7608
17986,60,3,1,8160
17998,840,4,-1,600
18002,288,2,0,1632
18014,120,2,0,8256
18018,156,2,0,7560
18030,216,2,0,10944
18034,576,5,0,576
18046,72,3,-1,2400
18050,180,3,-1,4800
18062,384,4,0,2496
18066,228,2,0,9336
18078,84,2,0,6816
18082,84,2,0,10080
18094,156,2,0,8832
18098,372,4,1,3648
18110,324,3,1,276
18114,48,3,1,5616
18126,288,3,0,18
18130,384,2,0,14928
18142,156,2,0,984
18146,204,2,0,4680
18158,240,2,0,2016
18162,240,3,0,3168
18174,48,3,-1,342
18178,108,3,-1,1200
18190,432,3,0,624
18194,132,2,0,10368
18206,156,2,0,11328
18210,60,2,0,6912
18222,228,2,0,9792
18226,408,3,0,4992
18238,96,3,1,7032
18242,192,3,1,3024
18254,420,4,1,2064
18258,252,2,0,2592
18270,108,2,0,10416
18274,60,2,0,6432
18290,732,5,-1,264
18302,96,3,-1,4032
18306,84,3,-1,2544
18318,240,4,0,1680
18322,120,2,0,2448
18334,120,2,0,9600
18338,144,2,0,11520
18350,276,2,0,16416
18354,228,4,-1,792
18366,72,3,1,6432
18370,192,3,1,1320
18382,384,3,0,5472
18386,108,2,0,6720
18398,120,2,0,2208
18402,96,2,0,11040
18414,108,2,0,5808
18418,636,3,0,9216
18430,72,3,-1,984
18434,120,3,-1,1056
18446,384,3,0,4704
18462,36,2,0,7296
18466,72,2,0,3312
18478,300,2,0,1920
18482,324,3,0,5376
18494,72,3,1,7572
18498,132,3,1,9012
18510,300,4,-1,1548
18514,252,2,0,10656
18526,60,2,0,7296
18530,108,2,0,19104
18542,288,2,0,672
18546,204,4,0,1512
18558,132,3,-1,1032
18562,132,3,-1,3456
18574,468,5,-1,324
18578,336,2,0,5376
18590,168,2,0,14304
18594,96,2,0,6720
18606,96,2,0,5616
18610,948,4,1,480
18622,144,3,1,11808
18626,108,3,1,9168
18638,228,3,0,5184
18642,192,2,0,1584
18654,96,2,0,8496
18658,48,2,0,2400
18670,144,2,0,14016
18674,408,3,0,696
18686,60,3,-1,1116
18690,108,3,-1,3012
18702,300,3,0,5088
18706,180,2,0,7200
18718,204,2,0,3456
18722,36,2,0,1680
18734,120,2,0,7200
18738,312,3,0,4992
18750,96,3,1,8436
18754,144,3,1,3000
18766,612,4,1,5928
18770,240,2,0,216
18782,96,2,0,10848
18786,48,2,0,8304
18798,108,2,0,7344
18802,216,4,0,1920
18814,84,3,-1,3600
18818,156,3,-1,4224
18830,756,5,0,456
18834,192,2,0,8352
18846,60,2,0,6768
18850,204,2,0,16416
18862,132,2,0,2112
18866,564,4,-1,48
18878,192,3,1,12960
18882,60,3,1,7164
18894,300,3,0,4656
18898,300,2,0,4896
18910,192,2,0,14208
18914,36,2,0,7368
18926,192,2,0,7872
18930,252,3,0,4416
18946,12,3,-1,2712
18958,432,3,0,120
18962,360,2,0,14976
18974,168,2,0,138
18978,60,2,0,9024
18990,240,2,0,1176
18994,276,3,0,3192
19006,132,3,1,7692
19010,228,3,1,6456
19022,324,4,-1,1344
19026,168,2,0,6624
19038,36,2,0,7584
19042,168,2,0,768
19054,96,2,0,7104
19058,576,6,0,192
19070,60,3,-1,4128
19074,120,3,-1,2268
19086,252,4,0,1200
19090,360,2,0,17808
19102,132,2,0,12000
19118,348,2,0,7056
19122,432,4,1,3984
19134,36,3,1,5532
19138,108,3,1,10464
19150,528,3,0,2016
19154,324,2,0,300
19166,180,2,0,10992
19170,120,2,0,8520
19182,204,2,0,11040
19186,552,3,0,1584
19198,60,3,-1,2400
19202,72,3,-1,3792
19214,324,3,0,5616
19218,96,2,0,5136
19230,72,2,0,13368
19234,72,2,0,8832
19246,252,2,0,10344
19250,312,3,0,4608
19262,120,3,1,36
19266,120,3,1,6672
19278,360,4,1,3024
19282,84,2,0,9216
19294,120,2,0,1824
19298,180,2,0,1200
19310,336,2,0,12768
19314,468,5,1,2196
19326,84,3,-1,2880
19330,60,3,-1,1782
19342,648,4,0,576
19346,120,2,0,408
19358,108,2,0,1680
19362,108,2,0,9216
19374,108,2,0,288
19378,552,4,-1,2304
19390,132,3,1,12816
19394,24,3,1,8064
19406,312,3,0,1536
19410,264,2,0,9900
19422,48,2,0,7488
19426,96,2,0,11088
19438,516,2,0,7872
19442,612,3,0,600
19454,96,3,-1,3168
19458,132,3,-1,6
19470,288,3,0,4536
19474,264,2,0,2976
19486,60,2,0,7584
19490,144,2,0,15072
19502,204,2,0,10368
19506,228,3,0,84
19518,84,3,1,9480
19522,120,3,1,10560
19534,360,4,-1,1944
19538,240,2,0,11136
19550,192,2,0,7776
19554,60,2,0,276
19566,72,2,0,6192
19570,396,4,0,3264
19582,144,3,-1,288
19586,156,3,-1,720
19602,228,2,0,8256
19614,48,2,0,5472
19618,84,2,0,1968
19630,216,2,0,13728
19634,552,4,1,5808
19646,0,3,1,6576
19650,180,3,1,16308
19662,420,3,0,5952
19666,60,2,0,600
19678,96,2,0,9792
19682,84,2,0,10656
19694,240,2,0,1836
19698,204,3,0,2688
19710,108,3,-1,3216
19714,120,3,-1,3456
19726,360,3,0,1056
19730,348,2,0,4176
19742,180,2,0,384
19746,96,2,0,720
19758,180,2,0,1800
19774,132,3,1,12960
19778,36,3,1,10656
19790,636,4,1,7368
19794,120,2,0,7104
19806,96,2,0,6720
19810,84,2,0,9072
19822,156,2,0,10368
19826,360,4,0,2112
19838,84,3,-1,840
19842,120,3,-1,384
19854,288,5,0,1104
19858,300,2,0,2448
19870,204,2,0,7272
19874,204,2,0,4896
19886,144,2,0,9120
19890,432,4,-1,2160
19902,24,3,1,6444
19906,324,3,1,1800
19918,276,3,0,4032
19922,216,2,0,10752
19934,120,2,0,11520
19938,48,2,0,864
19950,168,2,0,10284
19954,264,3,0,3024
19966,60,3,-1,2400
19970,168,3,-1,4896
19982,480,3,0,2256
19986,108,2,0,7488
19998,60,2,0,7824
20002,168,2,0,13200
20014,240,2,0,2736
20018,576,3,0,1440
20030,168,3,1,13200
20034,60,3,1,4944
20046,516,4,-1,198
20050,528,2,0,3936
20062,192,2,0,10368
20066,48,2,0,7872
20078,204,2,0,13248
20082,384,6,-1,408
20094,60,3,-1,2328
20098,72,3,-1,4032
20110,732,4,0,4560
20114,132,2,0,6240
20126,276,2,0,3312
20130,108,2,0,11088
20142,156,2,0,1440
20146,216,4,1,3576
20158,204,3,1,600
20162,156,3,1,3840
20174,324,3,0,3216
20178,120,2,0,6840
20190,120,2,0,8064
20194,192,2,0,6192
20206,60,2,0,6672
20210,504,3,0,7128
20222,144,3,-1,5040
20226,36,3,-1,1872
20238,252,3,0,4848
20242,288,2,0,348
20258,132,2,0,2736
20270,288,2,0,960
20274,156,3,0,3936
20286,60,3,1,5892
20290,36,3,1,10656
20302,804,4,1,2592
20306,300,2,0,4848
20318,48,2,0,8160
20322,72,2,0,10512
20334,180,2,0,8160
20338,564,5,-1,288
20350,276,3,-1,6912
20354,120,3,-1,2688
20366,264,4,0,1872
20370,156,2,0,9048
20382,36,2,0,8832
20386,12,2,0,8112
20398,228,2,0,9792
20402,468,4,-1,2016
20414,156,3,1,4536
20430,300,3,0,3792
20434,264,2,0,10248
20446,120,2,0,3456
20450,144,2,0,2640
20462,372,2,0,14688
20466,156,3,0,2880
20478,48,3,-1,3120
20482,132,3,-1,624
20494,360,3,0,4320
20498,324,2,0,11136
20510,72,2,0,9648
20514,72,2,0,7440
20526,96,2,0,648
20530,612,3,0,480
20542,24,3,1,1344
20546,96,3,1,13440
20558,660,4,-1,108
20562,138,2,0,36
20574,96,2,0,9672
20578,72,2,0,96
20590,204,2,0,2976
20594,420,4,0,264
20606,84,3,-1,3360
20610,180,3,-1,3792
20622,372,5,-1,576
20626,252,2,0,5136
20638,144,2,0,13056
20642,84,2,0,1632
20654,156,2,0,9408
20658,468,4,1,804
20670,72,3,1,14460
20674,36,3,1,7560
20686,360,3,0,4944
20690,264,2,0,13536
20702,144,2,0,3600
20706,132,2,0,7560
20718,132,2,0,6624
20722,564,3,0,1104
20734,132,3,-1,1224
20738,192,3,-1,1728
20750,456,3,0,6912
20754,144,2,0,7488
20766,12,2,0,6624
20770,168,2,0,4608
20782,252,2,0,11904
20786,240,3,0,4224
20798,156,3,1,11328
20802,120,3,1,7104
20814,288,4,1,2616
20818,264,2,0,12096
20830,156,2,0,1872
20834,48,2,0,6912
20846,204,2,0,4320
20850,264,4,0,1584
20862,72,3,-1,2160
20866,120,3,-1,4008
20878,822,6,-1,4
20882,384,2,0,3600
20894,96,2,0,576
20898,96,2,0,8256
20914,312,4,-1,384
20926,84,3,1,7200
20930,72,3,1,10368
20942,456,3,0,1584
20946,132,2,0,7296
20958,48,2,0,1056
20962,204,2,0,384
20974,132,2,0,8784
20978,384,3,0,6336
20990,96,3,-1,1200
20994,60,3,-1,3084
21006,432,3,0,4080
21010,204,2,0,11136
21022,96,2,0,3072
21026,180,2,0,432
21038,276,2,0,9744
21042,276,3,0,576
21054,48,3,1,6648
21058,132,3,1,1152
21070,516,4,-1,2208
21086,144,2,0,672
21090,72,2,0,10200
21102,204,2,0,6768
21106,324,5,0,1200
21118,108,3,-1,4224
21122,84,3,-1,3168
21134,432,4,0,672
21138,324,2,0,9744
21150,120,2,0,8424
21154,60,2,0,7776
21166,228,2,0,5472
21170,1068,4,1,3468
21182,60,3,1,10080
21186,0,3,1,4992
21198,324,3,0,432
21202,216,2,0,480
21214,48,2,0,6960
21218,96,2,0,13440
21230,216,2,0,13368
21234,492,3,0,4032
21246,60,3,-1,2688
21250,264,3,-1,7584
21262,228,3,0,5952
21266,96,2,0,7176
21278,108,2,0,5184
21282,48,2,0,6912
21294,108,2,0,6948
21298,276,3,0,4224
21310,168,3,1,624
21314,156,3,1,3438
21326,276,4,1,4056
21330,156,2,0,10560
21342,108,2,0,2016
21346,120,2,0,1896
21358,300,2,0,1824
21362,672,5,1,3168
21374,36,3,-1,2448
21378,108,3,-1,2112
21390,492,4,0,2112
21394,180,2,0,576
21406,120,2,0,6720
21410,132,2,0,13632
21422,156,2,0,2352
21426,288,4,-1,1320
21438,60,3,1,7344
21442,108,3,1,3036
21454,384,3,0,1488
21458,276,2,0,432
21470,120,2,0,19248
21474,48,2,0,7008
21486,72,2,0,5472
21490,660,3,0,3744
21502,96,3,-1,3840
21506,120,3,-1,480
21518,324,3,0,5568
21522,144,2,0,10152
21534,72,2,0,8640
21538,144,2,0,12000
21550,216,2,0,10944
21554,312,3,0,5952
21570,48,3,1,600
21582,228,4,-1,1272
21586,192,2,0,8784
21598,252,2,0,5424
21602,132,2,0,4992
21614,300,2,0,1488
21618,348,4,0,2112
21630,84,3,-1,3276
21634,84,3,-1,828
21646,384,5,1,2112
21650,252,2,0,17280
21662,36,2,0,7296
21666,48,2,0,10800
21678,84,2,0,8736
21682,408,4,1,504
21694,72,3,1,1248
21698,108,3,1,9024
21710,732,3,0,3504
21714,120,2,0,5184
21726,48,2,0,6432
21742,312,2,0,768
21746,396,3,0,912
21758,48,3,-1,720
21762,84,3,-1,3312
21774,144,3,0,2088
21778,348,2,0,4224
21790,120,2,0,15360
21794,84,2,0,8064
21806,300,2,0,11736
21810,444,3,0,912
21822,72,3,1,8352
21826,108,3,1,9048
21838,504,4,1,5472
21842,384,2,0,2304
21854,48,2,0,1680
21858,24,2,0,1296
21870,144,2,0,11136
21874,240,4,0,2136
21886,132,3,-1,684
21890,180,3,-1,828
21902,720,7,1,864
21906,132,2,0,5736
21918,108,2,0,8496
21922,180,2,0,5280
21934,120,2,0,7488
21938,336,4,-1,1512
21950,96,3,1,14904
21954,36,3,1,7176
21966,168,3,0,2592
21970,132,2,0,10752
21982,132,2,0,14784
21986,108,2,0,10368
21998,372,2,0,3744
22002,480,3,0,5856
22014,168,3,-1,3024
22018,36,3,-1,3456
22030,828,3,0,4224
22034,216,2,0,4464
22046,60,2,0,6576
22050,60,2,0,7080
22062,192,2,0,8160
22066,468,3,0,1584
22078,48,3,1,8064
22082,132,3,1,11232
22094,372,4,-1,288
22098,216,2,0,9408
22110,60,2,0,8592
22114,84,2,0,10632
22126,240,2,0,9144
22130,516,5,0,1344
22142,48,3,-1,288
22146,108,3,-1,1968
22158,540,4,0,120
22162,120,2,0,8640
22174,120,2,0,1152
22178,180,2,0,4080
22190,216,2,0,11328
22194,204,4,1,2424
22206,24,3,1,5220
22210,168,3,1,5484
22226,180,2,0,8544
22238,84,2,0,16992
22242,60,2,0,72
22254,144,2,0,9888
22258,528,3,0,1008
22270,36,3,-1,2940
22274,60,3,-1,2496
22286,384,3,0,1200
22290,276,2,0,1440
22302,84,2,0,7920
22306,84,2,0,7824
22318,216,2,0,2112
22322,444,3,0,96
22334,48,3,1,8160
22338,108,3,1,8136
22350,756,4,1,6324
22354,384,2,0,5040
22366,120,2,0,11136
22370,204,2,0,1248
22382,156,2,0,8160
22398,84,3,-1,432
22402,60,3,-1,3072
22414,312,4,0,1728
22418,156,2,0,8448
22430,252,2,0,5376
22434,60,2,0,7344
22446,108,2,0,6576
22450,756,4,-1,3240
22462,132,3,1,4920
22466,168,3,1,3792
22478,420,3,0,5280
22482,180,2,0,9408
22494,36,2,0,4320
22498,120,2,0,840
22510,300,2,0,15744
22514,240,3,0,4224
22526,108,3,-1,3024
22530,60,3,-1,3384
22542,468,3,0,840
22546,228,2,0,10656
22558,108,2,0,2736
22562,156,2,0,13920
22574,348,2,0,6660
22578,312,3,0,3456
22590,84,3,1,12000
22594,96,3,1,192
22606,240,4,-1,384
22610,204,2,0,2808
22622,36,2,0,8640
22626,108,2,0,8352
22638,120,2,0,7776
22642,672,4,0,108
22654,72,3,-1,3024
22658,72,3,-1,720
22670,552,5,-1,888
22674,72,2,0,6048
22686,84,2,0,7584
22690,168,2,0,9792
22702,228,2,0,13440
22706,528,4,1,6768
22718,132,3,1,2280
22722,24,3,1,7728
22734,240,3,0,2544
22738,168,2,0,9984
22750,132,2,0,3408
22754,72,2,0,2088
22766,168,2,0,8928
22770,600,3,0,7416
22782,72,3,-1,3072
22786,144,3,-1,1416
22798,264,3,0,6048
22802,204,2,0,10368
22814,84,2,0,10128
22818,60,2,0,8256
22830,168,2,0,9324
22834,276,3,0,4464
22846,84,3,1,24
22850,72,3,1,11088
22862,672,4,1,864
22866,144,2,0,5736
22882,132,2,0,15552
22894,132,2,0,3744
22898,960,4,0,2112
22910,180,3,-1,4992
22914,12,3,-1,2124
22926,432,5,0,1332
22930,252,2,0,3648
22942,84,2,0,2496
22946,120,2,0,6960
22958,132,2,0,1728
22962,228,4,-1,1008
22974,72,3,1,6
22978,144,3,1,10176
22990,504,3,0,6048
22994,180,2,0,13632
23006,24,2,0,3720
23010,72,2,0,12960
23022,108,2,0,7920
23026,372,3,0,3456
23038,120,3,-1,1440
23054,408,3,0,5664
23058,192,2,0,2232
23070,108,2,0,10944
23074,120,2,0,360
23086,192,2,0,7488
23090,324,3,0,5232
23102,96,3,1,10464
23106,84,3,1,8100
23118,384,4,-1,1440
23122,180,2,0,14256
23134,96,2,0,840
23138,84,2,0,9216
23150,360,2,0,3888
23154,312,8,1,192
23166,36,3,-1,1908
23170,120,3,-1,4620
23182,648,4,0,96
23186,240,2,0,960
23198,144,2,0,11712
23202,84,2,0,6720
23214,108,2,0,7200
23218,708,4,1,2772
23230,24,3,1,11736
23234,216,3,1,10944
23246,372,3,0,4488
23250,84,2,0,10080
23262,96,2,0,8448
23266,24,2,0,8448
23278,168,2,0,10368
23282,288,3,0,3648
23294,96,3,-1,1056
23298,96,3,-1,2496
23310,300,3,0,3552
23314,180,2,0,7992
23326,120,2,0,3960
23330,168,2,0,816
23342,192,2,0,1728
23346,276,3,0,4176
23358,84,3,1,1548
23362,108,3,1,2880
23374,852,4,1,7776
23378,324,2,0,1248
23390,156,2,0,16224
23394,108,2,0,7104
23406,96,2,0,6912
23410,492,5,1,3456
23422,36,3,-1,3096
23426,120,3,-1,3072
23438,384,4,0,1008
23442,216,2,0,2832
23454,48,2,0,6696
23458,132,2,0,2496
23470,540,2,0,24
23474,384,4,-1,318
23486,144,3,1,10464
23490,60,3,1,7632
23502,132,3,0,2880
23506,144,2,0,1920
23518,84,2,0,10944
23522,96,2,0,12288
23538,276,3,0,4368
23550,84,3,-1,2976
23554,72,3,-1,3096
23566,276,3,0,4320
23570,264,2,0,13440
23582,156,2,0,3840
23586,96,2,0,5712
23598,204,2,0,48
23602,372,3,0,6240
23614,120,3,1,2136
23618,108,3,1,336
23630,528,4,-1,96
23634,120,2,0,5760
23646,84,2,0,6648
23650,168,2,0,5184
23662,228,2,0,1152
23666,324,4,0,2544
23678,48,3,-1,3072
23682,96,3,-1,3456
23694,480,5,1,2052
23710,60,2,0,11232
23714,96,2,0,8592
23726,240,2,0,2688
23730,540,4,1,5160
23742,108,3,1,2628
23746,60,3,1,8448
23758,516,3,0,660
23762,288,2,0,72
23774,96,2,0,7392
23778,108,2,0,7872
23790,168,2,0,8760
23794,528,3,0,840
23806,144,3,-1,4560
23810,156,3,-1,4128
23822,492,3,0,8016
23826,96,2,0,5136
23838,60,2,0,5856
23842,156,2,0,2208
23854,132,2,0,6912
23858,456,3,0,96
23870,144,3,1,4752
23874,60,3,1,7596
23886,312,4,1,216
23890,192,2,0,13920
23902,168,2,0,3360
23906,36,2,0,2052
23918,348,2,0,15360
23922,240,4,0,1776
23934,72,3,-1,2472
23938,264,3,-1,1320
23950,408,5,0,1032
23954,204,2,0,10224
23966,60,2,0,1008
23970,84,2,0,9360
23982,108,2,0,7776
23986,336,4,-1,1464
23998,156,3,1,864
24002,96,3,1,10728
24014,444,3,0,1104
24018,144,2,0,8640
24030,84,2,0,10896
24034,84,2,0,8160
24046,252,2,0,2376
24050,912,3,0,3024
24062,156,3,-1,3456
24066,84,3,-1,2352
24078,264,3,0,4032
24082,288,2,0,4752
24094,36,2,0,7776
24098,72,2,0,7728
24110,240,2,0,17712
24114,252,3,0,3576
24126,24,3,1,5172
24130,132,3,1,13848
24142,468,4,-1,300
24146,252,2,0,9984
24158,240,2,0,240
24162,36,2,0,672
24174,96,2,0,6768
24178,384,6,1,936
24194,132,3,-1,1272
24206,480,4,0,2064
24210,192,2,0,9600
24222,60,2,0,7680
24226,204,2,0,4752
24238,108,2,0,8688
24242,732,4,1,1680
24254,96,3,1,8592
24258,108,3,1,1836
24270,420,3,0,6696
24274,276,2,0,792
24286,48,2,0,9216
24290,96,2,0,14208
24302,324,2,0,5520
24306,132,3,0,3168
24318,36,3,-1,2184
24322,72,3,-1,2592
24334,516,3,0,1776
24338,360,2,0,3024
24350,84,2,0,11808
24366,132,2,0,7200
24370,492,3,0,1248
24382,144,3,1,12432
24386,96,3,1,8112
24398,360,4,1,336
24402,108,2,0,7200
24414,108,2,0,7176
24418,156,2,0,14208
24430,324,2,0,13824
24434,372,5,-1,696
24446,156,3,-1,156
24450,36,3,-1,3120
24462,288,4,0,1704
24466,156,2,0,10248
24478,96,2,0,2592
24482,96,2,0,1056
24494,204,2,0,8832
24498,372,4,-1,1584
24510,144,3,1,9864
24514,84,3,1,4032
24526,444,3,0,4608
24530,264,2,0,13680
24542,84,2,0,1152
24546,48,2,0,5232
24558,204,2,0,2112
24562,492,3,0,7488
24574,36,3,-1,2028
24578,72,3,-1,4632
24590,852,3,0,2784
24594,96,2,0,5556
24606,132,2,0,8928
24610,72,2,0,12960
24622,264,2,0,5328
24626,432,3,0,1680
24638,84,3,1,11232
24642,168,3,1,240
24654,228,4,-1,1050
24658,276,2,0,144
24670,84,2,0,12336
24674,96,2,0,11520
24686,180,2,0,8784
24690,420,4,0,2544
24702,24,3,-1,2664
24706,12,3,-1,2220
24718,588,5,-1,1152
24722,168,2,0,8064
24734,132,2,0,5100
24738,60,2,0,6144
24750,204,2,0,1152
24754,408,4,1,5040
24766,24,3,1,1224
24770,156,3,1,4068
24782,264,3,0,336
24786,180,2,0,8664
24798,24,2,0,8160
24802,204,2,0,3024
24814,204,2,0,11328
24818,312,3,0,4416
24830,108,3,-1,4632
24834,72,3,-1,2592
24850,216,2,0,10560
24862,192,2,0,12672
24866,12,2,0,9216
24878,396,2,0,2592
24882,204,3,0,3504
24894,72,3,1,7296
24898,132,3,1,12480
24910,492,4,1,1176
24914,360,2,0,4320
24926,84,2,0,9672
24930,72,2,0,9408
24942,180,2,0,2232
24946,804,4,0,228
24958,108,3,-1,672
24962,84,3,-1,2928
24974,480,6,1,1248
24978,84,2,0,6720
24990,96,2,0,10584
24994,72,2,0,8616
25006,240,2,0,9600
25022,84,3,1,3312
25026,72,3,1,8136
25038,420,3,0,5328
25042,132,2,0,1488
25054,108,2,0,4704
25058,180,2,0,1104
25070,228,2,0,840
25074,264,3,0,240
25086,48,3,-1,1968
25090,264,3,-1,24
25102,300,3,0,4512
25106,144,2,0,7968
25118,120,2,0,10656
25122,84,2,0,11328
25134,72,2,0,6144
25138,348,3,0,5280
25150,168,3,1,19536
25154,84,3,1,384
25166,540,4,-1,756
25170,276,2,0,12816
25182,36,2,0,4992
25186,96,2,0,8640
25198,240,2,0,2880
25202,684,5,0,384
25214,108,3,-1,3600
25218,72,3,-1,2088
25230,552,4,0,336
25234,156,2,0,2160
25246,96,2,0,10320
25250,72,2,0,13440
25262,336,2,0,17088
25266,420,4,1,288
25278,72,3,1,9720
25282,60,3,1,10560
25294,216,3,0,3696
25298,252,2,0,12480
25310,132,2,0,2736
25314,72,2,0,5712
25326,60,2,0,5616
25330,444,3,0,336
25342,168,3,-1,48
25346,120,3,-1,1032
25358,288,3,0,720
25362,276,2,0,10656
25374,48,2,0,72
25378,144,2,0,4320
25390,408,2,0,16080
25394,288,3,0,3648
25406,48,3,1,8400
25410,84,3,1,7860
25422,420,4,1,5088
25426,108,2,0,144
25438,120,2,0,8064
25442,132,2,0,2208
25454,252,2,0,216
25458,672,5,1,432
25470,60,3,-1,2136
25474,156,3,-1,4032
25486,492,4,0,1344
25490,264,2,0,7800
25506,48,2,0,7296
25518,168,2,0,7200
25522,636,4,-1,576
25534,60,3,1,840
25538,96,3,1,13920
25550,600,3,0,8064
25554,144,2,0,540
25566,84,2,0,7752
25570,168,2,0,15912
25582,264,2,0,13056
25586,372,3,0,4224
25598,168,3,-1,1968
25602,72,3,-1,2544
25614,204,3,0,3444
25618,324,2,0,11328
25630,120,2,0,4032
25634,72,2,0,1944
25646,204,2,0,8544
25650,180,3,0,4560
25662,36,3,1,7776
25678,372,4,-1,1728
25682,264,2,0,11424
25694,48,2,0,432
25698,108,2,0,9984
25710,228,2,0,648
25714,228,4,0,2160
25726,96,3,-1,2604
25730,72,3,-1,576
25742,708,5,1,144
25746,72,2,0,5568
25758,120,2,0,2472
25762,60,2,0,9984
25774,168,2,0,2256
25778,780,4,1,840
25790,96,3,1,10080
25794,96,3,1,7632
25806,168,3,0,2952
25810,504,2,0,8352
25822,120,2,0,11136
25826,84,2,0,9888
25838,384,2,0,16512
25842,264,3,0,672
25854,96,3,-1,1980
25858,120,3,-1,492
25870,744,3,0,8064
25874,192,2,0,10032
25886,108,2,0,2256
25890,132,2,0,11184
25902,204,2,0,8832
25906,396,3,0,5184
25918,120,3,1,4344
25922,204,3,1,5856
25934,540,4,1,5232
25938,108,2,0,6048
25950,120,2,0,12672
25954,132,2,0,2784
25966,216,2,0,8616
25970,348,4,0,2688
25982,144,3,-1,3744
25986,48,3,-1,2448
25998,180,7,0,168
26002,132,2,0,7920
26014,132,2,0,1008
26018,120,2,0,11520
26030,288,2,0,4656
26034,360,4,-1,1620
26046,60,3,1,11448
26050,72,3,1,13536
26062,408,3,0,576
26066,180,2,0,1776
26078,36,2,0,9792
26082,96,2,0,7392
26094,120,2,0,6432
26098,408,3,0,1296
26110,228,3,-1,6744
26114,108,3,-1,2616
26126,348,3,0,5184
26130,228,2,0,15012
26142,60,2,0,960
26146,120,2,0,10752
26162,444,3,0,5760
26174,72,3,1,2772
26178,132,3,1,9696
26190,420,4,-1,1920
26194,96,2,0,6144
26206,72,2,0,2520
26210,120,2,0,552
26222,156,2,0,9456
26226,300,5,0,756
26238,156,3,-1,2880
26242,252,3,-1,672
26254,348,4,0,2016
26258,228,2,0,2880
26270,144,2,0,16656
26274,48,2,0,5376
26286,192,2,0,48
26290,492,4,1,4800
26302,72,3,1,576
26306,84,3,1,7848
26318,636,3,0,336
26334,48,2,0,5040
26338,72,2,0,10944
26350,504,2,0,7440
26354,492,3,0,3024
26366,72,3,-1,96
26370,84,3,-1,2892
26382,360,3,0,5376
26386,264,2,0,672
26398,156,2,0,13344
26402,144,2,0,13824
26414,48,2,0,6144
26418,432,3,0,4848
26430,84,3,1,9240
26434,108,3,1,10656
26446,372,4,1,3648
26450,192,2,0,168
26462,204,2,0,6960
26466,48,2,0,7200
26478,108,2,0,7776
26482,564,5,-1,936
26494,180,3,-1,1248
26498,60,3,-1,720
26510,624,4,0,4464
26514,252,2,0,1296
26526,60,2,0,5592
26530,96,2,0,2976
26542,264,2,0,1824
26546,300,4,-1,1344
26558,144,3,1,2256
26562,36,3,1,5472
26574,288,3,0,3264
26578,384,2,0,15072
26590,96,2,0,14592
26594,96,2,0,11712
26606,312,2,0,2868
26610,180,3,0,3240
26622,108,3,-1,3456
26626,24,3,-1,2496
26638,348,3,0,1176
26642,336,2,0,576
26654,24,2,0,576
26658,144,2,0,1920
26670,108,2,0,6696
26674,300,3,0,2184
26686,60,3,1,7296
26690,120,3,1,15936
26702,276,4,-1,1344
26706,144,2,0,9024
26718,168,2,0,864
26722,120,2,0,10560
26734,312,2,0,16128
26738,492,4,0,2688
26750,144,3,-1,504
26754,36,3,-1,2568
26766,444,5,-1,552
26770,288,2,0,16320
26782,84,2,0,3888
26786,84,2,0,4128
26798,228,2,0,1728
26802,348,4,1,3660
26818,132,3,1,3000
26830,480,3,0,192
26834,84,2,0,5760
26846,48,2,0,7440
26850,72,2,0,13248
26862,132,2,0,6768
26866,396,3,0,324
26878,108,3,-1,4320
26882,144,3,-1,3456
26894,348,3,0,1920
26898,48,2,0,5376
26910,120,2,0,10920
26914,60,2,0,7224
26926,96,2,0,2880
26930,804,3,0,2328
26942,168,3,1,2940
26946,48,3,1,7680
26958,396,4,1,624
26962,300,2,0,3600
26974,84,2,0,7032
26990,204,2,0,13824
26994,366,4,0,12
27006,36,3,-1,186
27010,72,3,-1,3564
27022,372,5,0,1248
27026,180,2,0,9936
27038,96,2,0,1968
27042,72,2,0,1368
27054,96,2,0,7152
27058,564,4,-1,408
27070,252,3,1,3696
27074,228,3,1,960
27086,516,3,0,5880
27090,216,2,0,7788
27102,120,2,0,96
27106,60,2,0,3696
27118,204,2,0,9600
27122,336,3,0,4896
27134,36,3,-1,2640
27138,96,3,-1,3360
27150,300,3,0,5616
27154,168,2,0,10272
27166,144,2,0,13104
27170,180,2,0,13536
27182,288,2,0,3648
27186,252,3,0,3456
27198,132,3,1,7560
27202,108,3,1,768
27214,456,4,-1,744
27218,468,2,0,6432
27230,84,2,0,10752
27234,36,2,0,6528
27246,156,2,0,6336
27250,840,7,-1,108
27262,96,3,-1,2880
27266,144,3,-1,3888
27278,768,4,0,3552
27282,204,2,0,7896
27294,60,2,0,7440
27298,108,2,0,1728
27310,156,2,0,8928
27314,396,4,1,4272
27326,204,3,1,6480
27330,108,3,1,10656
27342,312,3,0,864
27346,192,2,0,10656
27358,168,2,0,144
27362,120,2,0,2544
27374,120,2,0,5400
27378,276,3,0,5760
27390,156,3,-1,3312
27394,108,3,-1,696
27406,240,3,0,4512
27410,264,2,0,16128
27422,96,2,0,11808
27426,0,2,0,4080
27438,120,2,0,10272
27442,312,3,0,1152
27454,144,3,1,10560
27458,108,3,1,1536
27474,264,2,0,9648
27486,24,2,0,4728
27490,108,2,0,1536
27502,372,2,0,3840
27506,252,5,1,528
27518,252,3,-1,4896
27522,72,3,-1,2472
27534,324,4,0,1632
27538,300,2,0,3960
27550,132,2,0,10848
27554,12,2,0,9408
27566,84,2,0,7392
27570,336,4,-1,1476
27582,60,3,1,1104
27586,108,3,1,13956
27598,288,3,0,4896
27602,252,2,0,12672
27614,252,2,0,3648
27618,72,2,0,108
27630,300,2,0,13200
27646,60,3,-1,1134
27650,144,3,-1,1764
27662,192,3,0,3936
27666,120,2,0,5664
27678,72,2,0,8112
27682,144,2,0,1440
27694,192,2,0,10560
27698,468,3,0,6720
27710,120,3,1,16728
27714,72,3,1,5220
27726,348,4,-1,1260
27730,168,2,0,10368
27742,180,2,0,3072
27746,72,2,0,11136
27758,228,2,0,960
27762,384,4,0,2112
27774,84,3,-1,2304
27778,72,3,-1,36
27790,636,5,1,1032
27794,144,2,0,1632
27806,72,2,0,7872
27810,156,2,0,528
27822,84,2,0,6768
27826,672,4,1,1344
27838,60,3,1,12000
27842,60,3,1,420
27854,252,3,0,6048
27858,180,2,0,1344
27870,96,2,0,10008
27874,96,2,0,8064
27886,276,2,0,1536
27890,504,3,0,6912
27902,72,3,-1,576
27906,60,3,-1,2052
27918,192,3,0,3024
27922,240,2,0,11520
27934,84,2,0,1920
27938,96,2,0,5040
27950,324,2,0,18624
27954,168,3,0,2496
27966,84,3,1,8904
27970,204,3,1,6804
27982,792,4,1,7344
27986,132,2,0,8880
27998,108,2,0,9600
28002,96,2,0,9552
28014,132,2,0,5760
28018,504,4,0,2688
28030,204,3,-1,5736
28034,48,3,-1,3888
28046,672,5,0,96
28050,132,2,0,9552
28062,108,2,0,11328
28066,60,2,0,7104
28078,444,2,0,6048
28082,612,4,-1,120
28094,96,3,1,7788
28098,108,3,1,468
28110,168,3,0,3696
28114,228,2,0,3264
28130,36,2,0,10632
28142,372,2,0,1920
28146,192,3,0,2976
28158,120,3,-1,504
28162,96,3,-1,5088
28174,288,3,0,4416
28178,300,2,0,12288
28190,252,2,0,7272
28194,48,2,0,6144
28206,156,2,0,6096
28210,504,3,0,6768
28222,156,3,1,3552
28226,228,3,1,2304
28238,540,4,-1,1536
28242,228,2,0,1800
28254,48,2,0,7128
28258,180,2,0,744
28270,204,2,0,12480
28274,480,6,-1,408
28286,108,3,-1,3600
28302,444,4,0,2256
28306,216,2,0,10656
28318,120,2,0,10656
28322,108,2,0,240
28334,312,2,0,3168
28338,348,4,1,4032
28350,72,3,1,7920
28354,96,3,1,8436
28366,432,3,0,204
28370,336,2,0,432
28382,120,2,0,10656
28386,84,2,0,6984
28398,120,2,0,9216
28402,420,3,0,2304
28414,48,3,-1,3648
28418,96,3,-1,2880
28430,384,3,0,4896
28434,156,2,0,6480
28446,12,2,0,5568
28450,156,2,0,16320
28462,180,2,0,8352
28466,204,3,0,4536
28478,108,3,1,4128
28482,120,3,1,9000
28494,312,4,1,2832
28498,72,2,0,10080
28510,240,2,0,7680
28514,216,2,0,5868
28526,120,2,0,8928
28530,576,5,-1,1116
28542,60,3,-1,390
28546,48,3,-1,744
28558,864,4,0,1008
28562,144,2,0,1872
28574,24,2,0,8544
28578,48,2,0,5760
28590,204,2,0,10368
28594,360,4,-1,1980
28606,96,3,1,6696
28610,180,3,1,16896
28622,696,3,0,168
28626,132,2,0,7416
28638,96,2,0,9792
28642,84,2,0,1488
28654,192,2,0,120
28658,420,3,0,192
28670,132,3,-1,840
28674,84,3,-1,1512
28686,264,3,0,3960
28690,312,2,0,3120
28702,84,2,0,9792
28706,144,2,0,12384
28718,108,2,0,7584
28722,336,3,0,4608
28734,60,3,1,7500
28738,72,3,1,7224
28750,744,4,-1,2832
28754,144,2,0,6864
28766,132,2,0,1920
28770,72,2,0,7488
28786,348,4,0,2016
28798,72,3,-1,792
28802,132,3,-1,1392
28814,384,5,-1,720
28818,216,2,0,9648
28830,72,2,0,7728
28834,156,2,0,5760
28846,192,2,0,9984
28850,648,4,1,5760
28862,120,3,1,13008
28866,108,3,1,1008
28878,252,3,0,3024
28882,240,2,0,10080
28894,60,2,0,9408
28898,84,2,0,9984
28910,288,2,0,4800
28914,192,3,0,2688
28926,36,3,-1,2304
28930,120,3,-1,4680
28942,690,3,0,60
28958,108,2,0,2016
28962,60,2,0,6720
28974,96,2,0,8256
28978,636,3,0,672
28990,120,3,1,9936
28994,60,3,1,7140
29006,324,4,1,288
29010,120,2,0,9120
29022,60,2,0,7920
29026,72,2,0,7200
29038,216,2,0,9120
29042,636,4,0,600
29054,132,3,-1,1320
29058,156,3,-1,816
29070,588,6,-1,504
29074,216,2,0,10944
29086,228,2,0,5088
29090,108,2,0,3096
29102,132,2,0,12288
29106,108,4,-1,744
29118,96,3,1,5760
29122,96,3,1,2640
29134,312,3,0,3192
29138,276,2,0,1248
29150,132,2,0,1344
29154,84,2,0,10224
29166,120,2,0,6000
29170,516,3,0,9216
29182,72,3,-1,4224
29186,24,3,-1,1800
29198,612,3,0,1872
29202,120,2,0,7392
29214,60,2,0,6576
29218,192,2,0,11040
29230,420,2,0,4176
29234,324,3,0,1440
29246,96,3,1,120
29250,96,3,1,11616
29262,264,4,-1,1200
29266,276,2,0,3888
29278,96,2,0,8736
29282,60,2,0,13248
29294,228,2,0,10464
29298,252,5,0,720
29310,108,3,-1,4224
29314,60,3,-1,3072
29326,216,4,0,1584
29330,264,2,0,10920
29342,192,2,0,192
29346,132,2,0,1080
29358,156,2,0,1008
29362,360,4,1,4008
29374,120,3,1,5544
29378,168,3,1,6312
29390,420,3,0,7488
29394,180,2,0,8508
29406,72,2,0,7560
29410,168,2,0,4344
29422,264,2,0,10944
29426,480,3,0,576
29442,156,3,-1,708
29454,288,3,0,624
29458,264,2,0,1776
29470,36,2,0,10656
29474,48,2,0,6912
29486,120,2,0,3696
29490,444,3,0,5256
29502,60,3,1,7368
29506,108,3,1,13056
29518,936,4,1,2784
29522,276,2,0,2496
29534,168,2,0,9504
29538,96,2,0,6720
29550,216,2,0,10656
29554,336,5,1,402
29566,36,3,-1,2640
29570,96,3,-1,5184
29582,540,4,0,2640
29586,48,2,0,5808
29598,60,2,0,8736
29614,84,2,0,8160
29618,384,4,-1,1632
29630,240,3,1,4800
29634,48,3,1,5292
29646,264,3,0,3528
29650,396,2,0,1728
29662,72,2,0,96
29666,120,2,0,1368
29678,228,2,0,9504
29682,372,3,0,384
29694,24,3,-1,1440
29698,156,3,-1,2220
29710,480,3,0,7104
29714,156,2,0,10368
29726,96,2,0,9312
29730,72,2,0,9456
29742,204,2,0,2016
29746,216,3,0,3648
29758,180,3,1,2784
29762,72,3,1,10848
29774,204,4,-1,372
29778,72,2,0,480
29790,156,2,0,13440
29794,84,2,0,8064
29806,240,2,0,336
29810,504,4,0,1140
29822,132,3,-1,4512
29826,12,3,-1,2088
29838,372,5,1,1632
29842,492,2,0,960
29854,120,2,0,11232
29858,84,2,0,1632
29870,240,2,0,13824
29874,360,4,1,4104
29886,72,3,1,7032
29890,96,3,1,10752
29902,432,3,0,5856
29906,108,2,0,10320
29918,180,2,0,6192
29922,96,2,0,7392
29934,156,2,0,936
29938,432,3,0,6288
29950,96,3,-1,156
29954,144,3,-1,840
29966,264,3,0,4800
29970,168,2,0,9624
29982,144,2,0,10080
29986,192,2,0,2808
29998,276,2,0,11712
30002,228,3,0,4416
30014,84,3,1,7056
30018,96,3,1,6432
30030,192,4,1,3288
30034,168,2,0,7440
30046,84,2,0,10368
30050,240,2,0,18048
30062,240,2,0,2592
30066,336,4,0,2424
30078,84,3,-1,3360
30082,96,3,-1,3432
30098,204,2,0,3840
30110,72,2,0,9600
30114,96,2,0,7176
30126,108,2,0,7728
30130,924,4,-1,132
30142,108,3,1,1992
30146,24,3,1,5496
30158,444,3,0,1152
30162,192,2,0,7104
30174,48,2,0,6072
30178,204,2,0,11904
30190,144,2,0,15552
30194,240,3,0,192
30206,108,3,-1,1056
30210,156,3,-1,90
30222,252,3,0,2736
30226,156,2,0,8736
30238,96,2,0,576
30242,144,2,0,1056
30254,192,2,0,10080
30270,168,3,1,13176
30274,84,3,1,936
30286,204,4,-1,960
30290,372,2,0,21216
30302,36,2,0,9792
30306,84,2,0,7488
30318,132,2,0,9432
30322,348,5,0,1152
30334,108,3,-1,168
30338,108,3,-1,3120
30350,852,4,0,1728
30354,96,2,0,5472
30366,72,2,0,5736
30370,84,2,0,10080
30382,84,2,0,2496
30386,840,4,1,1824
30398,84,3,1,8040
30402,120,3,1,8616
30414,420,3,0,5472
30418,168,2,0,1920
30430,144,2,0,18192
30434,96,2,0,1536
30446,144,2,0,10656
30450,336,3,0,5088
30462,72,3,-1,2496
30466,96,3,-1,4272
30478,336,3,0,4608
30482,156,2,0,672
30494,96,2,0,1920
30498,48,2,0,8544
30510,132,2,0,10644
30514,240,3,0,4128
30526,132,3,1,2400
30530,264,3,1,4440
30542,828,4,1,1200
30546,120,2,0,5760
30558,84,2,0,1656
30562,156,2,0,5184
30574,108,2,0,7200
30578,300,5,-1,672
30590,96,3,-1,276
30594,24,3,-1,2124
30606,204,4,0,1632
30610,312,2,0,15984
30622,96,2,0,10944
30626,96,2,0,9216
30638,228,2,0,1752
30642,384,4,-1,228
30654,84,3,1,7320
30658,84,3,1,2304
30670,600,3,0,3600
30674,300,2,0,4080
30686,72,2,0,11808
30690,132,2,0,11040
30702,156,2,0,6336
30706,276,3,0,1152
30718,96,3,-1,480
30722,156,3,-1,4896
30734,180,3,0,3624
30738,264,2,0,11016
30754,60,2,0,7968
30766,192,2,0,11760
30770,408,3,0,5904
30782,180,3,1,4824
30786,60,3,1,5328
30798,384,4,-1,1440
30802,264,2,0,13248
30814,144,2,0,2304
30818,72,2,0,2424
30830,264,2,0,13344
30834,312,4,0,1872
30846,60,3,-1,1968
30850,120,3,-1,996
30862,504,5,-1,1176
30866,120,2,0,5856
30878,120,2,0,1152
30882,84,2,0,8784
30894,60,2,0,4992
30898,516,4,1,4416
30910,72,3,1,12096
30926,252,3,0,732
30930,252,2,0,11208
30942,72,2,0,2160
30946,96,2,0,10416
30958,312,2,0,468
30962,480,3,0,408
30974,84,3,-1,4056
30978,24,3,-1,2544
30990,468,3,0,5520
30994,324,2,0,4776
31006,72,2,0,8160
31010,144,2,0,10656
31022,264,2,0,1488
31026,252,3,0,3600
31038,84,3,1,8496
31042,156,3,1,1668
31054,456,4,1,4608
31058,432,2,0,3552
31070,132,2,0,4752
31074,84,2,0,504
31086,108,2,0,6720
31090,588,4,0,3264
31102,144,3,-1,1956
31106,168,3,-1,72
31118,396,5,0,1104
31122,96,2,0,6240
31134,108,2,0,6912
31138,120,2,0,3456
31150,216,2,0,11712
31154,312,4,-1,1500
31166,72,3,1,7920
31170,96,3,1,10560
31182,192,3,0,3600
31186,156,2,0,7968
31198,96,2,0,10992
31202,120,2,0,9024
31214,264,2,0,6000
31218,204,3,0,480
31230,84,3,-1,2772
31234,36,3,-1,2736
31246,336,3,0,336
31250,168,2,0,2688
31262,108,2,0,144
31266,72,2,0,5856
31278,180,2,0,9840
31282,756,3,0,2112
31294,72,3,1,288
31298,108,3,1,15600
31310,552,4,-1,2340
31314,84,2,0,5856
31326,84,2,0,8832
31330,132,2,0,15984
31342,144,2,0,1728
31346,384,6,0,576
31358,204,3,-1,156
31362,84,3,-1,216
31374,372,4,0,1872
31378,120,2,0,8640
31390,144,2,0,3312
31394,108,2,0,2640
31410,624,4,1,6552
31422,72,3,1,6672
31426,132,3,1,4272
31438,384,3,0,240
31442,300,2,0,2976
31454,84,2,0,6816
31458,108,2,0,1344
31470,252,2,0,9408
31474,288,3,0,4224
31486,96,3,-1,3120
31490,96,3,-1,216
31502,636,3,0,288
31506,264,2,0,8928
31518,120,2,0,6912
31522,168,2,0,15168
31534,180,2,0,4440
31538,432,3,0,2592
31550,96,3,1,17412
31554,36,3,1,7344
31566,294,4,1,15
31582,108,2,0,13824
31586,84,2,0,9408
31598,108,2,0,8448
31602,336,5,1,1632
31614,84,3,-1,2016
31618,156,3,-1,3888
31630,444,4,0,2592
31634,228,2,0,13728
31646,120,2,0,5424
31650,144,2,0,9504
31662,264,2,0,11520
31666,300,4,-1,1200
31678,72,3,1,3120
31682,72,3,1,2112
31694,432,3,0,4512
31698,156,2,0,1344
31710,120,2,0,624
31714,84,2,0,1728
31726,216,2,0,11424
31730,648,3,0,6960
31742,96,3,-1,756
31746,72,3,-1,2808
31758,432,3,0,1344
31762,168,2,0,8448
31774,84,2,0,9048
31778,144,2,0,10368
31790,180,2,0,2880
31794,168,3,0,2448
31806,60,3,1,1056
31810,144,3,1,312
31822,468,4,-1,384
31826,288,2,0,2592
31838,132,2,0,10176
31842,144,2,0,2016
31854,96,2,0,5688
31858,1332,4,0,336
31870,144,3,-1,4896
31874,108,3,-1,2808
31886,636,5,1,2664
31890,144,2,0,9360
31902,84,2,0,84
31906,0,2,0,6888
31918,168,2,0,11328
31922,552,4,1,5376
31934,108,3,1,720
31938,84,3,1,6576
31950,252,3,0,4560
31954,204,2,0,12672
31966,156,2,0,3408
31970,204,2,0,8400
31982,264,2,0,9792
31986,180,3,0,3060
31998,48,3,-1,3600
32002,60,3,-1,156
32014,204,3,0,4440
32018,144,2,0,8256
32030,180,2,0,17280
32034,48,2,0,7872
32046,108,2,0,5400
32050,456,3,0,6624
32066,72,3,1,9552
32078,936,4,1,2688
32082,120,2,0,7776
32094,72,2,0,9360
32098,60,2,0,6144
32110,492,2,0,5568
32114,336,4,0,552
32126,48,3,-1,2400
32130,132,3,-1,3288
32142,360,5,0,144
32146,192,2,0,2304
32158,84,2,0,240
32162,132,2,0,13824
32174,264,2,0,9984
32178,252,4,-1,1272
32190,108,3,1,9576
32194,72,3,1,10824
32206,492,3,0,7152
32210,144,2,0,11136
32222,180,2,0,3168
32238,84,2,0,6528
32242,384,3,0,1248
32254,132,3,-1,816
32258,144,3,-1,96
32270,288,3,0,5664
32274,156,2,0,6624
32286,144,2,0,1152
32290,240,2,0,7608
32302,168,2,0,8064
32306,348,3,0,4992
32318,192,3,1,15264
32322,60,3,1,8448
32334,276,4,-1,1368
32338,180,2,0,12096
32350,132,2,0,13824
32354,84,2,0,6048
32366,264,2,0,2640
32370,384,6,1,1296
32382,60,3,-1,1968
32386,108,3,-1,228
32398,612,4,0,1152
32402,492,2,0,7704
32414,60,2,0,6288
32418,108,2,0,10176
32430,228,2,0,768
32434,516,4,1,1128
32446,108,3,1,11376
32450,192,3,1,10608
32462,276,3,0,4704
32466,132,2,0,4920
32478,72,2,0,6048
32482,108,2,0,1920
32494,216,2,0,9216
32498,324,3,0,5472
32510,204,3,-1,192
32514,108,3,-1,3180
32526,180,3,0,240
32530,312,2,0,13056
32542,264,2,0,432
32546,72,2,0,1872
32558,444,2,0,3864
32562,336,3,0,5184
32574,84,3,1,6972
32578,180,3,1,2904
32590,564,4,1,648
32594,192,2,0,8448
32606,36,2,0,8064
32610,36,2,0,7200
32622,264,2,0,10608
32626,372,5,-1,696
32638,156,3,-1,3456
32642,132,3,-1,624
32654,384,4,0,528
32658,144,2,0,1536
32670,72,2,0,8724
32674,36,2,0,11232
32686,168,2,0,24
32690,828,4,-1,888
32702,96,3,1,9792
32706,72,3,1,5940
32722,180,2,0,3696
32734,72,2,0,9888
32738,144,2,0,13056
32750,144,2,0,8832
32754,228,3,0,4320
32766,72,3,-1,2700
32770,72,3,-1,4416
32782,504,3,0,5760
32786,180,2,0,1536
32798,60,2,0,3360
32802,120,2,0,6528
32814,180,2,0,480
32818,396,3,0,5376
32830,204,3,1,5646
32834,204,3,1,3696
32846,480,4,-1,1824
32850,228,2,0,12384
32862,72,2,0,7392
32866,156,2,0,174
32878,324,2,0,12000
32894,156,3,-1,3948
32898,120,3,-1,2616
32910,396,5,-1,840
32914,168,2,0,8496
32926,120,2,0,8064
32930,204,2,0,17856
32942,348,2,0,1296
32946,240,4,1,2700
32958,36,3,1,1176
32962,240,3,1,13584
32974,480,3,0,1632
32978,300,2,0,2880
32990,180,2,0,15840
32994,24,2,0,4764
33006,72,2,0,6552
33010,504,3,0,168
33022,96,3,-1,2496
33026,144,3,-1,4128
33038,372,3,0,5760
33042,288,2,0,1776
33054,84,2,0,6144
33058,84,2,0,1728
33070,360,2,0,2328
33074,264,3,0,4392
33086,96,3,1,1728
33090,120,3,1,13968
33102,636,4,1,5292
33106,168,2,0,10080
33118,156,2,0,3216
33122,180,2,0,3840
33134,180,2,0,9120
33138,180,4,0,1248
33150,84,3,-1,5172
33154,132,3,-1,1200
33166,360,6,1,1056
33170,180,2,0,10176
33182,96,2,0,10752
33186,60,2,0,672
33198,96,2,0,6696
33202,576,4,-1,2544
33214,108,3,1,8472
33218,108,3,1,12480
33230,660,3,0,864
33234,204,2,0,6672
33246,48,2,0,408
33250,120,2,0,10416
33262,252,2,0,5760
33266,660,3,0,336
33278,60,3,-1,2016
33282,12,3,-1,2016
33294,120,3,0,2352
33298,384,2,0,384
33310,84,2,0,13632
33314,120,2,0,9696
33326,120,2,0,9408
33330,348,3,0,3840
33342,120,3,1,2016
33346,108,3,1,7200
33358,408,4,-1,288
33362,120,2,0,6624
33378,108,2,0,11232
33390,228,2,0,10800
33394,480,5,0,1248
33406,120,3,-1,816
33410,156,3,-1,1248
33422,468,4,0,2304
33426,132,2,0,7920
33438,144,2,0,10560
33442,84,2,0,624
33454,192,2,0,9984
33458,756,4,1,1008
33470,120,3,1,11664
33474,48,3,1,5988
33486,156,3,0,3408
33490,204,2,0,11424
33502,144,2,0,9024
33506,108,2,0,7728
33518,132,2,0,2112
33522,168,3,0,4656
33534,24,3,-1,2316
33550,540,3,0,1680
33554,198,2,0,42
33566,24,2,0,10080
33570,132,2,0,1368
33582,96,2,0,6912
33586,396,3,0,2376
33598,84,3,1,14400
33602,60,3,1,7872
33614,396,4,1,3264
33618,96,2,0,8352
33630,12,2,0,6648
33634,60,2,0,12000
33646,204,2,0,7200
33650,864,5,1,4896
33662,288,3,-1,1776
33666,48,3,-1,1608
33678,516,4,0,2808
33682,144,2,0,9792
33694,72,2,0,3552
33698,108,2,0,3744
33710,216,2,0,12624
33714,312,4,-1,1176
33726,84,3,1,6594
33730,156,3,1,4992
33742,420,3,0,1104
33746,156,2,0,11376
33758,120,2,0,2400
33762,36,2,0,9360
33774,180,2,0,9120
33778,336,3,0,4848
33790,180,3,-1,5376
33794,60,3,-1,3528
33806,420,3,0,2016
33810,132,2,0,9576
33822,60,2,0,4992
33826,72,2,0,7680
33838,192,2,0,1152
33842,552,3,0,240
33854,120,3,1,1656
33858,144,3,1,1800
33870,300,4,-1,1440
33874,204,2,0,108
33886,72,2,0,10200
33890,12,2,0,10848
33902,216,2,0,10704
33906,192,4,0,1416
33918,72,3,-1,1896
33922,60,3,-1,3504
33934,312,5,1,2112
33938,144,2,0,9216
33950,228,2,0,4056
33954,96,2,0,5904
33966,180,2,0,8448
33970,708,4,1,7224
33982,48,3,1,2364
33986,144,3,1,3240
33998,384,3,0,5280
34002,96,2,0,7584
34014,72,2,0,9792
34018,168,2,0,5568
34034,348,3,0,5232
34046,120,3,-1,2640
34050,120,3,-1,540
34062,252,3,0,3408
34066,276,2,0,10272
34078,84,2,0,12480
34082,216,2,0,13104
34094,288,2,0,2880
34098,312,3,0,4104
34110,60,3,1,9540
34114,48,3,1,5124
34126,900,4,1,2928
34130,348,2,0,6336
34142,72,2,0,1536
34146,108,2,0,7968
34158,216,2,0,12
34162,432,4,0,192
34174,36,3,-1,1872
34178,60,3,-1,2880
34190,756,6,0,936
34206,48,2,0,5952
34210,156,2,0,15840
34222,240,2,0,14784
34226,144,4,-1,1056
34238,156,3,1,6528
34242,168,3,1,1920
34254,120,3,0,2496
34258,264,2,0,2112
34270,132,2,0,3648
34274,96,2,0,2856
34286,168,2,0,7488
34290,204,3,0,3744
34302,96,3,-1,3360
34306,120,3,-1,798
34318,300,3,0,5472
34322,264,2,0,13632
34334,108,2,0,11520
34338,48,2,0,7776
34350,120,2,0,8568
34354,312,3,0,576
34366,60,3,1,8568
34370,132,3,1,10896
34382,468,4,-1,528
34386,96,2,0,5520
34398,36,2,0,7920
34402,96,2,0,480
34414,228,2,0,144
34418,768,5,0,576
34430,96,3,-1,3504
34434,96,3,-1,3096
34446,228,4,0,1728
34450,444,2,0,6480
34462,84,2,0,1152
34466,108,2,0,8448
34478,204,2,0,8448
34482,384,4,1,3600
34494,60,3,1,8244
34498,60,3,1,9360
34510,336,3,0,5616
34514,144,2,0,7824
34526,156,2,0,1440
34530,72,2,0,9696
34542,108,2,0,1224
34546,468,3,0,5856
34558,156,3,-1,456
34562,156,3,-1,1680
34574,240,3,0,4992
34578,156,2,0,6912
34590,72,2,0,8160
34594,84,2,0,2880
34606,156,2,0,8928
34610,636,3,0,8976
34622,72,3,1,9600
34626,60,3,1,6426
34638,360,4,1,552
34642,204,2,0,2016
34654,60,2,0,7272
34658,132,2,0,576
34670,492,2,0,7824
34674,144,5,-1,480
34690,168,3,-1,5544
34702,492,4,0,864
34706,96,2,0,1728
34718,120,2,0,12480
34722,108,2,0,6432
34734,120,2,0,5016
34738,408,4,-1,360
34750,180,3,1,1344
34754,96,3,1,8832
34766,348,3,0,4224
34770,264,2,0,12816
34782,168,2,0,9888
34786,72,2,0,7104
34798,276,2,0,10368
34802,240,3,0,5376
34814,132,3,-1,672
34818,60,3,-1,2208
34830,468,3,0,6432
34834,84,2,0,1008
34846,120,2,0,1968
34862,228,2,0,9216
34866,384,3,0,5328
34878,60,3,1,5496
34882,168,3,1,7200
34894,336,4,-1,1824
34898,228,2,0,10080
34910,144,2,0,16800
34914,36,2,0,5760
34926,84,2,0,6168
34930,384,4,0,2640
34942,144,3,-1,120
34946,108,3,-1,288
34958,420,5,-1,2
34962,156,2,0,9960
34974,60,2,0,5760
34978,228,2,0,16896
34990,420,2,0,6336
34994,612,4,1,2076
35006,108,3,1,12000
35010,84,3,1,7992
35022,348,3,0,6048
35026,252,2,0,2880
35038,84,2,0,9312
35042,60,2,0,1560
35054,204,2,0,12384
35058,348,3,0,960
35070,156,3,-1,3696
35074,96,3,-1,2208
35086,372,3,0,5136
35090,300,2,0,1080
35102,72,2,0,3600
35106,24,2,0,7920
35118,168,2,0,7776
35122,300,3,0,4032
35134,132,3,1,900
35138,216,3,1,12
35150,420,4,1,5472
35154,84,2,0,6024
35166,36,2,0,6528
35170,60,2,0,3456
35182,144,2,0,8448
35186,228,4,0,1584
35198,60,3,-1,3648
35202,156,3,-1,3132
35214,240,5,0,48
35218,240,2,0,14304
35230,96,2,0,17280
35234,84,2,0,816
35246,264,2,0,2808
35250,384,4,-1,1920
35262,96,3,1,8064
35266,48,3,1,6120
35278,372,3,0,1152
35282,360,2,0,4320
35294,72,2,0,7392
35298,60,2,0,7296
35310,228,2,0,8664
35314,552,3,0,2688
35326,72,3,-1,3384
35330,144,3,-1,4728
35346,84,2,0,4632
35358,108,2,0,1488
35362,132,2,0,10752
35374,96,2,0,7728
35378,312,3,0,4704
35390,120,3,1,2928
35394,144,3,1,8400
35406,240,4,-1,1224
35410,168,2,0,11424
35422,228,2,0,1152
35426,300,2,0,5184
35438,336,2,0,744
35442,360,6,0,96
35454,96,3,-1,2448
35458,168,3,-1,90
35470,672,4,0,3648
35474,144,2,0,8256
35486,84,2,0,6336
35490,24,2,0,8256
35502,96,2,0,5760
35518,132,3,1,9888
35522,48,3,1,10128
35534,528,3,0,2544
35538,120,2,0,8832
35550,108,2,0,11496
35554,144,2,0,15168
35566,204,2,0,2616
35570,504,3,0,1344
35582,108,3,-1,4248
35586,108,3,-1,2688
35598,264,3,0,4032
35602,192,2,0,2544
35614,228,2,0,11520
35618,72,2,0,1008
35630,180,2,0,12096
35634,120,3,0,2304
35646,60,3,1,6264
35650,108,3,1,13152
35662,312,4,1,3552
35666,252,2,0,13056
35678,96,2,0,3168
35682,60,2,0,7680
35694,84,2,0,6144
35698,528,5,1,3120
35710,96,3,-1,1008
35714,108,3,-1,672
35726,408,4,0,264
35730,144,2,0,10608
35742,48,2,0,1680
35746,84,2,0,3792
35758,204,2,0,2784
35762,372,4,-1,1920
35774,120,3,1,7776
35778,96,3,1,8160
35790,528,3,0,6096
35794,156,2,0,7488
35806,48,2,0,8448
35810,96,2,0,12960
35822,216,2,0,648
35826,144,3,0,3408
35838,60,3,-1,2496
35842,204,3,-1,864
35854,348,3,0,2112
35858,228,2,0,708
35870,120,2,0,14976
35874,72,2,0,7728
35886,180,2,0,8304
35890,600,3,0,168
35902,192,3,1,16776
35906,96,3,1,10752
35918,324,4,-1,1872
35922,240,2,0,1368
35934,72,2,0,4800
35938,48,2,0,9504
35950,156,2,0,11424
35954,420,4,0,2304
35966,156,3,-1,1620
35970,60,3,-1,2772
35982,444,5,1,2160
35986,204,2,0,10536
36002,156,2,0,2976
36014,264,2,0,9936
36018,312,4,1,3840
36030,120,3,1,11460
36034,72,3,1,1872
36046,372,3,0,4800
36050,216,2,0,11520
36062,108,2,0,11904
36066,72,2,0,5232
36078,180,2,0,7968
36082,360,3,0,5280
36094,48,3,-1,2544
36098,144,3,-1,4992
36110,432,3,0,1272
36114,168,2,0,552
36126,156,2,0,6816
36130,144,2,0,10752
36142,384,2,0,600
36146,492,3,0,480
36158,132,3,1,2016
36174,420,4,1,3408
36178,348,2,0,4416
36190,108,2,0,8064
36194,96,2,0,10872
36206,156,2,0,936
36210,492,4,0,3720
36222,108,3,-1,2640
36226,108,3,-1,3432
36238,672,5,0,2064
36242,60,2,0,1872
36254,144,2,0,4128
36258,108,2,0,1512
36270,180,2,0,8496
36274,300,4,-1,48
36286,84,3,1,4464
36290,168,3,1,6936
36302,276,3,0,5376
36306,120,2,0,4704
36318,72,2,0,7200
36322,108,2,0,4032
36334,168,2,0,6816
36338,252,3,0,5664
36350,180,3,-1,4536
36354,60,3,-1,1920
36366,132,3,0,3456
36370,300,2,0,15072
36382,48,2,0,8256
36386,60,2,0,7680
36398,420,2,0,432
36402,228,3,0,432
36414,84,3,1,6438
36418,48,3,1,9912
36430,648,4,-1,384
36434,300,2,0,2784
36446,96,2,0,8160
36450,132,2,0,13176
36462,108,2,0,8640
36466,528,6,-1,102
36478,72,3,-1,4296
36482,120,3,-1,3360
36494,456,4,0,2208
36498,120,2,0,8448
36510,96,2,0,1440
36514,84,2,0,9792
36526,96,2,0,7008
36530,432,4,1,5088
36542,168,3,1,348
36546,48,3,1,7284
36558,240,3,0,636
36562,264,2,0,15168
36574,108,2,0,3312
36578,108,2,0,2592
36590,372,2,0,19584
36594,216,3,0,2592
36606,84,3,-1,1710
36610,192,3,-1,1860
36622,264,3,0,4032
36626,156,2,0,9696
36638,48,2,0,8448
36642,132,2,0,1344
36658,456,3,0,960
36670,96,3,1,13704
36674,60,3,1,8376
36686,768,4,1,168
36690,180,2,0,7728
36702,60,2,0,9120
36706,96,2,0,1104
36718,306,2,0,84
36722,804,5,-1,504
36734,36,3,-1,2352
36738,108,3,-1,3744
36750,276,4,0,1920
36754,156,2,0,768
36766,84,2,0,7968
36770,204,2,0,15792
36782,192,2,0,9792
36786,336,4,-1,1596
36798,60,3,1,10800
36802,96,3,1,9912
36814,276,3,0,4608
36830,204,2,0,6000
36834,48,2,0,5184
36846,132,2,0,7824
36850,480,3,0,5376
36862,168,3,-1,1248
36866,108,3,-1,576
36878,276,3,0,4416
36882,198,2,0,48
36894,72,2,0,5664
36898,108,2,0,2784
36910,300,2,0,14400
36914,324,3,0,5520
36926,120,3,1,9936
36930,24,3,1,9120
36942,288,4,-1,312
36946,96,2,0,7440
36958,132,2,0,2016
36962,48,2,0,9600
36974,144,2,0,1728
36978,372,4,0,2544
36990,84,3,-1,504
36994,72,3,-1,3168
37006,360,5,-1,162
37010,252,2,0,4176
37022,120,2,0,192
37026,12,2,0,4968
37038,180,2,0,8832
37042,924,4,1,462
37054,60,3,1,7056
37058,156,3,1,3288
37070,444,3,0,7968
37074,144,2,0,7008
37086,60,2,0,144
37090,192,2,0,12240
37102,204,2,0,10752
37106,216,3,0,3744
37118,216,3,-1,12
37122,48,3,-1,2880
37134,180,3,0,4608
37138,132,2,0,9888
37150,228,2,0,7992
37154,96,2,0,5040
37166,168,2,0,6168
37170,288,3,0,324
37182,48,3,1,7968
37186,228,3,1,552
37198,612,4,1,6360
37202,144,2,0,7872
37214,168,2,0,10176
37218,60,2,0,7776
37230,144,2,0,6912
37234,360,4,0,2112
37246,132,3,-1,2976
37250,132,3,-1,3792
37262,696,6,-1,264
37266,144,2,0,8064
37278,84,2,0,7296
37282,60,2,0,8688
37294,360,2,0,576
37298,516,4,-1,480
37314,72,3,1,5712
37326,120,3,0,2784
37330,492,2,0,5520
37342,84,2,0,1632
37346,168,2,0,9504
37358,108,2,0,2256
37362,348,3,0,3624
37374,48,3,-1,2412
37378,108,3,-1,3456
37390,408,3,0,144
37394,144,2,0,7488
37406,132,2,0,2496
37410,144,2,0,11184
37422,96,2,0,6312
37426,240,3,0,4464
37438,168,3,1,2256
37442,144,3,1,528
37454,276,4,-1,1056
37458,192,2,0,1440
37470,84,2,0,10320
37486,252,2,0,15096
37490,816,5,0,288
37502,84,3,-1,3264
37506,72,3,-1,1728
37518,300,4,0,2304
37522,192,2,0,9984
37534,36,2,0,8736
37538,72,2,0,10272
37550,252,2,0,4800
37554,324,4,1,3852
37566,84,3,1,5280
37570,132,3,1,13608
37582,324,3,0,2040
37586,288,2,0,4320
37598,72,2,0,9024
37602,84,2,0,11328
37614,84,2,0,6828
37618,180,3,0,1248
37630,108,3,-1,4464
37634,84,3,-1,2448
37646,300,3,0,4368
37650,120,2,0,6960
37662,108,2,0,8928
37666,120,2,0,14208
37678,108,2,0,8928
37682,612,3,0,9456
37694,156,3,1,4284
37698,108,3,1,4848
37710,684,4,1,6228
37714,240,2,0,7392
37726,96,2,0,1008
37730,192,2,0,3000
37742,276,2,0,3072
37746,192,5,1,1392
37758,72,3,-1,672
37762,96,3,-1,672
37774,372,4,0,288
37778,204,2,0,11424
37790,228,2,0,11160
37794,132,2,0,744
37806,144,2,0,10464
37810,444,4,-1,2004
37822,120,3,1,12624
37826,48,3,1,8400
37838,384,3,0,1248
37842,228,2,0,288
37854,24,2,0,4704
37858,96,2,0,2112
37870,276,2,0,132
37874,420,3,0,1488
37886,120,3,-1,3576
37890,96,3,-1,4578
37902,384,3,0,4416
37906,288,2,0,5184
37918,72,2,0,768
37922,24,2,0,7488
37934,156,2,0,9576
37938,324,3,0,3840
37950,72,3,1,8808
37954,96,3,1,10200
37970,300,2,0,2304
37982,96,2,0,3168
37986,24,2,0,72
37998,180,2,0,7488
38002,444,4,0,2880
38014,120,3,-1,1656
38018,204,3,-1,2496
38030,672,5,1,4356
38034,120,2,0,6288
38046,72,2,0,8544
38050,120,2,0,888
38062,72,2,0,11232
38066,300,4,1,2544
38078,120,3,1,1224
38082,72,3,1,8448
38094,72,3,0,2592
38098,132,2,0,9408
38110,144,2,0,14928
38114,60,2,0,9408
38126,216,2,0,3552
38142,96,3,-1,480
38146,60,3,-1,2760
38158,804,3,0,384
38162,288,2,0,2448
38174,60,2,0,8832
38178,12,2,0,5952
38190,96,2,0,9120
38194,612,3,0,1584
38206,60,3,1,384
38210,96,3,1,10800
38222,468,4,1,4224
38226,180,2,0,8400
38238,36,2,0,7776
38242,120,2,0,2232
38254,204,2,0,11184
38258,492,4,0,624
38270,132,3,-1,1224
38274,72,3,-1,396
38286,312,7,-1,108
38290,216,2,0,13824
38302,72,2,0,2400
38306,96,2,0,2784
38318,60,2,0,8352
38322,300,4,-1,1224
38334,72,3,1,732
38338,132,3,1,5928
38350,732,3,0,7416
38354,180,2,0,10488
38366,108,2,0,13344
38370,72,2,0,10548
38382,84,2,0,8256
38386,228,3,0,4224
38398,120,3,-1,2448
38402,72,3,-1,3744
38414,396,3,0,768
38418,168,2,0,8160
38430,84,2,0,9792
38434,60,2,0,7872
38446,156,2,0,4176
38450,588,3,0,2928
38462,36,3,1,8352
38466,36,3,1,5808
38478,252,4,-1,1488
38482,324,2,0,3648
38494,60,2,0,9504
38498,96,2,0,11808
38510,300,2,0,9792
38514,372,5,0,672
38526,108,3,-1,2376
38530,96,3,-1,3888
38542,456,4,0,480
38546,192,2,0,8544
38558,264,2,0,222
38562,60,2,0,10944
38574,156,2,0,5760
38578,768,4,1,6432
38590,240,3,1,5256
38594,48,3,1,126
38606,396,3,0,5736
38610,228,2,0,9216
38626,108,2,0,2016
38638,108,2,0,9216
38642,408,3,0,960
38654,156,3,-1,3240
38658,48,3,-1,456
38670,228,3,0,4464
38674,180,2,0,10272
38686,96,2,0,6624
38690,204,2,0,14832
38702,384,2,0,3456
38706,204,3,0,2736
38718,120,3,1,9468
38722,84,3,1,11904
38734,456,4,1,924
38738,252,2,0,720
38750,144,2,0,12672
38754,36,2,0,672
38766,180,2,0,7296
38770,708,5,-1,480
38782,48,3,-1,3072
38798,432,4,0,2496
38802,120,2,0,7680
38814,48,2,0,5136
38818,60,2,0,912
38830,204,2,0,14928
38834,324,4,-1,1488
38846,144,3,1,2208
38850,96,3,1,10992
38862,468,3,0,768
38866,132,2,0,7200
38878,240,2,0,144
38882,180,2,0,3720
38894,192,2,0,10656
38898,384,3,0,6000
38910,36,3,-1,2232
38914,216,3,-1,1620
38926,252,3,0,3888
38930,420,2,0,15120
38942,216,2,0,3168
38946,60,2,0,7344
38958,216,2,0,1200
38962,288,3,0,3792
38974,96,3,1,10368
38978,108,3,1,8832
38990,624,4,-1,828
38994,84,2,0,6048
39006,72,2,0,7608
39010,72,2,0,15936
39022,348,2,0,912
39026,720,4,0,48
39038,132,3,-1,3840
39042,84,3,-1,372
39054,324,5,-1,534
39058,300,2,0,72
39070,96,2,0,10944
39074,96,2,0,7920
39086,120,2,0,7488
39090,456,4,1,4704
39102,24,3,1,5940
39106,108,3,1,648
39118,348,3,0,6144
39122,144,2,0,12096
39134,60,2,0,1944
39138,24,2,0,8448
39150,192,2,0,14832
39154,180,3,0,3240
39166,60,3,-1,792
39170,204,3,-1,1632
39182,216,3,0,4464
39186,48,2,0,6552
39198,84,2,0,7584
39202,192,2,0,6720
39214,228,2,0,7296
39218,444,3,0,4608
39230,108,3,1,15072
39234,72,3,1,8418
39246,330,4,1,21
39250,336,2,0,17568
39262,168,2,0,9792
39266,108,2,0,8544
39282,360,4,0,1728
39294,24,3,-1,2568
39298,36,3,-1,2400
39310,1236,5,0,1008
39314,180,2,0,4320
39326,96,2,0,6480
39330,12,2,0,6744
39342,168,2,0,192
39346,600,4,-1,252
39358,72,3,1,1464
39362,132,3,1,11856
39374,264,3,0,4800
39378,96,2,0,7440
39390,132,2,0,14976
39394,72,2,0,7104
39406,72,2,0,8640
39410,348,3,0,5760
39422,216,3,-1,2112
39426,60,3,-1,2376
39438,108,3,0,2688
39454,72,2,0,2304
39458,324,2,0,624
39470,120,2,0,10992
39474,252,3,0,4800
39486,96,3,1,9888
39490,84,3,1,2412
39502,612,4,-1,2496
39506,132,2,0,8448
39518,120,2,0,7872
39522,60,2,0,6336
39534,132,2,0,5376
39538,708,7,0,72
39550,72,3,-1,3204
39554,108,3,-1,3168
39566,540,4,0,672
39570,132,2,0,8784
39582,108,2,0,480
39586,84,2,0,8496
39598,288,2,0,3600
39602,432,4,1,1392
39614,60,3,1,10608
39618,96,3,1,8160
39630,324,3,0,4512
39634,132,2,0,3744
39646,228,2,0,1704
39650,72,2,0,672
39662,216,2,0,216
39666,204,3,0,2400
39678,60,3,-1,2304
39682,96,3,-1,2880
39694,252,3,0,4224
39698,144,2,0,10368
39710,120,2,0,1092
39714,96,2,0,8184
39726,144,2,0,6240
39730,600,3,0,8064
39742,72,3,1,1092
39746,144,3,1,4914
39758,540,4,1,1152
39762,192,2,0,10368
39774,24,2,0,5616
39778,168,2,0,3456
39790,312,2,0,13440
39794,456,5,1,2352
39806,84,3,-1,2460
39810,120,3,-1,4800
39822,372,4,0,216
39826,96,2,0,6408
39838,192,2,0,18048
39842,168,2,0,288
39854,192,2,0,3840
39858,312,4,-1,210
39870,120,3,1,9264
39874,72,3,1,10176
39886,264,3,0,1080
39890,360,2,0,3108
39902,144,2,0,480
39906,120,2,0,7320
39918,144,2,0,7488
39922,420,3,0,1344
39938,36,3,-1,2352
39950,504,3,0,7224
39954,144,2,0,6528
39966,84,2,0,5760
39970,96,2,0,13992
39982,300,2,0,12576
39986,396,3,0,3840
39998,72,3,1,2640
40002,48,3,1,5592
40014,240,4,-1,1176
40018,192,2,0,12144
40030,204,2,0,2496
40034,192,2,0,672
40046,240,2,0,11520
40050,288,4,0,2304
40062,24,3,-1,2496
40066,132,3,-1,1800
40078,312,5,1,1680
40082,156,2,0,9888
40094,72,2,0,10368
40110,180,2,0,12624
40114,348,4,1,3672
40126,132,3,1,1296
40130,180,3,1,17040
40142,432,3,0,216
40146,84,2,0,7200
40158,60,2,0,1680
40162,60,2,0,10176
40174,324,2,0,4932
40178,660,3,0,2592
40190,156,3,-1,5964
40194,84,3,-1,1488
40206,180,3,0,3264
40210,312,2,0,3744
40222,96,2,0,12480
40226,60,2,0,6144
40238,108,2,0,9216
40242,516,3,0,6
40254,12,3,1,5352
40258,252,3,1,4128
40270,660,4,1,720
40274,132,2,0,7200
40286,156,2,0,144
40290,60,2,0,9984
40302,72,2,0,5904
40306,360,4,0,2472
40318,132,3,-1,480
40322,156,3,-1,120
40334,336,5,0,960
40338,96,2,0,6624
40350,96,2,0,10896
40354,132,2,0,1680
40366,72,2,0,6480
40370,660,4,-1,2796
40382,132,3,1,13440
40386,48,3,1,7500
40398,348,3,0,4608
40402,324,2,0,13248
40414,108,2,0,6912
40418,120,2,0,8880
40430,324,2,0,432
40434,156,3,0,2688
40446,48,3,-1,1536
40450,96,3,-1,120
40462,636,3,0,1872
40466,384,2,0,4320
40478,108,2,0,12288
40482,72,2,0,9600
40494,252,2,0,8580
40498,648,3,0,192
40510,144,3,1,13200
40514,84,3,1,7680
40526,468,4,-1,1572
40530,120,2,0,7056
40542,144,2,0,1560
40546,60,2,0,7104
40558,228,2,0,192
40562,384,6,1,1080
40574,144,3,-1,912
40578,24,3,-1,3168
40594,288,2,0,13440
40606,204,2,0,5376
40610,192,2,0,5760
40622,216,2,0,720
40626,504,4,1,456
40638,48,3,1,7824
40642,132,3,1,138
40654,420,3,0,4608
40658,252,2,0,2592
40670,132,2,0,11664
40674,96,2,0,7080
40686,96,2,0,5280
40690,372,3,0,8928
40702,72,3,-1,3168
40706,108,3,-1,2976
40718,612,3,0,2976
40722,144,2,0,6864
40734,108,2,0,9384
40738,120,2,0,480
40750,432,2,0,4464
40766,72,3,1,132
40770,132,3,1,10728
40782,264,4,1,3504
40786,180,2,0,1632
40798,60,2,0,10752
40802,72,2,0,11952
40814,144,2,0,8352
40818,288,5,-1,624
40830,144,3,-1,4608
40834,108,3,-1,3072
40846,492,4,0,2592
40850,288,2,0,16272
40862,120,2,0,2304
40866,84,2,0,7680
40878,168,2,0,8736
40882,336,4,-1,1440
40894,72,3,1,1614
40898,108,3,1,2592
40910,432,3,0,960
40914,144,2,0,6624
40926,24,2,0,5184
40930,216,2,0,8592
40942,324,2,0,3168
40946,432,3,0,4224
40958,120,3,-1,672
40962,108,3,-1,2520
40974,168,3,0,2304
40978,192,2,0,8448
40990,108,2,0,12528
40994,120,2,0,8832
41006,312,2,0,1104
41010,252,3,0,4992
41022,120,3,1,7680
41026,72,3,1,9432
41038,408,4,-1,696
41042,420,2,0,60
41054,108,2,0,12672
41058,60,2,0,1512
41070,168,2,0,13608
41074,564,4,0,744
41086,108,3,-1,3120
41090,108,3,-1,3648
41102,240,5,-1,720
41106,156,2,0,936
41118,24,2,0,6192
41122,168,2,0,10752
41134,120,2,0,8352
41138,624,4,1,7488
41150,168,3,1,6984
41154,36,3,1,6528
41166,420,3,0,4320
41170,132,2,0,8064
41182,60,2,0,3360
41186,72,2,0,2088
41198,168,2,0,8832
41202,240,3,0,5040
41214,72,3,-1,12
41218,132,3,-1,1008
41230,672,3,0,6096
41234,216,2,0,8400
41250,96,2,0,8496
41262,108,2,0,6240
41266,216,3,0,3864
41278,48,3,1,11904
41282,108,3,1,10944
41294,456,4,1,1230
41298,96,2,0,720
41310,84,2,0,8256
41314,36,2,0,10176
41326,288,2,0,2688
41330,564,4,0,432
41342,132,3,-1,552
41346,72,3,-1,2136
41358,624,6,1,222
41362,408,2,0,7776
41374,72,2,0,8928
41378,120,2,0,14496
41390,312,2,0,12384
41394,192,4,-1,900
41406,36,3,1,7932
41422,312,3,0,4272
41426,132,2,0,6336
41438,144,2,0,4224
41442,108,2,0,1680
41454,120,2,0,5640
41458,204,3,0,576
41470,264,3,-1,2604
41474,288,3,-1,1800
41486,276,3,0,3744
41490,264,2,0,13536
41502,60,2,0,8928
41506,36,2,0,2496
41518,264,2,0,11712
41522,288,3,0,4224
41534,60,3,1,6528
41538,72,3,1,6624
41550,336,4,-1,1584
41554,180,2,0,11520
41566,132,2,0,7968
41570,60,2,0,10320
41582,540,2,0,7440
41586,312,5,0,816
41598,48,3,-1,2412
41602,168,3,-1,4320
41614,492,4,0,96
41618,180,2,0,2496
41630,108,2,0,12960
41634,60,2,0,6576
41646,84,2,0,4704
41650,816,4,1,1572
41662,132,3,1,10944
41666,96,3,1,10944
41678,264,3,0,5376
41682,156,2,0,5760
41694,96,2,0,24
41698,96,2,0,12768
41710,264,2,0,10848
41714,396,3,0,5280
41726,132,3,-1,612
41730,108,3,-1,3264
41742,360,3,0,36
41746,168,2,0,8448
41758,84,2,0,600
41762,180,2,0,3312
41774,132,2,0,9312
41778,204,3,0,3264
41790,84,3,1,7968
41794,108,3,1,3096
41806,216,4,1,3312
41810,180,2,0,12864
41822,108,2,0,9504
41826,36,2,0,7824
41838,204,2,0,7392
41842,720,5,1,600
41854,132,3,-1,4560
41858,96,3,-1,504
41870,756,4,0,1008
41874,156,2,0,4488
41886,96,2,0,7872
41890,72,2,0,1824
41906,528,4,-1,900
41918,108,3,1,11472
41922,108,3,1,10128
41934,144,3,0,60
41938,456,2,0,1200
41950,180,2,0,16704
41954,12,2,0,6672
41966,252,2,0,12768
41970,384,3,0,6336
41982,36,3,-1,2208
41986,24,3,-1,2256
41998,384,3,0,672
42002,180,2,0,10944
42014,132,2,0,3324
42018,24,2,0,288
42030,120,2,0,9216
42034,264,3,0,5808
42046,132,3,1,2664
42050,288,3,1,3720
42062,384,4,-1,2064
42078,48,2,0,8064
42082,180,2,0,3072
42094,180,2,0,8064
42098,372,4,0,2304
42110,120,3,-1,4416
42114,60,3,-1,1776
42126,336,5,1,1668
42130,216,2,0,11712
42142,156,2,0,1536
42146,108,2,0,10656
42158,300,2,0,72
42162,564,4,1,5664
42174,72,3,1,5538
42178,96,3,1,10776
42190,636,3,0,1896
42194,288,2,0,432
42206,84,2,0,768
42210,48,2,0,7344
42222,192,2,0,8352
42226,492,3,0,2016
42238,108,3,-1,3648
42242,168,3,-1,1080
42254,168,3,0,3744
42258,216,2,0,2352
42270,84,2,0,7944
42274,48,2,0,7872
42286,288,2,0,12864
42290,324,3,0,4752
42302,288,3,1,2664
42306,24,3,1,5640
42318,384,4,1,4080
42322,192,2,0,8928
42334,96,2,0,4200
42338,252,2,0,5376
42350,168,2,0,8040
42354,264,4,0,1728
42366,60,3,-1,2076
42370,216,3,-1,1800
42382,372,8,-1,96
42386,204,2,0,9024
42398,108,2,0,14208
42402,96,2,0,5616
42414,168,2,0,10080
42418,360,4,-1,1728
42430,144,3,1,11376
42434,48,3,1,7200
42446,264,3,0,1488
42450,336,2,0,13632
42462,48,2,0,6528
42466,84,2,0,9840
42478,288,2,0,480
42482,480,3,0,1368
42494,24,3,-1,12
42498,120,3,-1,3168
42510,276,3,0,6264
42514,144,2,0,1512
42526,60,2,0,792
42530,108,2,0,14784
42542,228,2,0,1800
42546,156,3,0,2880
42562,96,3,1,9792
42574,264,4,-1,1344
42578,264,2,0,10752
42590,180,2,0,4056
42594,96,2,0,9384
42606,72,2,0,4680
42610,504,5,0,1680
42622,180,3,-1,48
42626,168,3,-1,180
42638,444,4,0,2880
42642,108,2,0,1008
42654,96,2,0,6384
42658,168,2,0,48
42670,228,2,0,17376
42674,564,4,1,660
42686,72,3,1,7188
42690,120,3,1,708
42702,288,3,0,3648
42706,144,2,0,10248
42718,96,2,0,7584
42734,264,2,0,2880
42738,204,3,0,3312
42750,108,3,-1,3906
42754,84,3,-1,2784
42766,300,3,0,1824
42770,492,2,0,7560
42782,120,2,0,1728
42786,60,2,0,6912
42798,96,2,0,4992
42802,540,3,0,1584
42814,144,3,1,8328
42818,108,3,1,10800
42830,612,4,1,7764
42834,192,2,0,8592
42846,72,2,0,8544
42850,60,2,0,10176
42862,132,2,0,10800
42866,384,5,-1,24
42878,156,3,-1,1200
42882,72,3,-1,2304
42894,252,4,0,1440
42898,276,2,0,11904
42910,180,2,0,1152
42914,84,2,0,1296
42926,228,2,0,12096
42930,252,4,-1,1332
42942,108,3,1,2100
42946,168,3,1,3390
42958,444,3,0,1104
42962,180,2,0,9792
42974,96,2,0,9984
42978,96,2,0,168
42990,156,2,0,7512
42994,324,3,0,3840
43006,96,3,-1,2784
43010,120,3,-1,4464
43022,372,3,0,1056
43026,144,2,0,4296
43038,24,2,0,7296
43042,120,2,0,1824
43054,156,2,0,1704
43058,612,3,0,528
43070,168,3,1,14112
43074,108,3,1,7488
43086,156,4,-1,972
43090,300,2,0,5664
43102,72,2,0,9792
43106,60,2,0,7104
43118,240,2,0,11520
43122,264,4,0,2304
43134,36,3,-1,1956
43138,144,3,-1,3240
43150,468,5,-1,1008
43154,156,2,0,11664
43166,60,2,0,3000
43170,156,2,0,192
43182,132,2,0,10032
43186,348,4,1,4032
43198,192,3,1,5856
43202,96,3,1,312
43218,144,2,0,7680
43230,48,2,0,9216
43234,132,2,0,1344
43246,144,2,0,8208
43250,432,3,0,6096
43262,72,3,-1,432
43266,60,3,-1,2304
43278,120,3,0,3552
43282,216,2,0,12288
43294,84,2,0,8904
43298,132,2,0,12096
43310,480,2,0,8568
43314,240,3,0,3672
43326,72,3,1,450
43330,36,3,1,10080
43342,924,4,1,432
43346,156,2,0,1824
43358,192,2,0,1632
43362,96,2,0,7392
43374,192,2,0,6816
43390,120,3,-1,2688
43394,168,3,-1,3600
43406,480,5,0,1224
43410,228,2,0,10752
43422,48,2,0,7488
43426,192,2,0,10848
43438,192,2,0,11328
43442,456,4,-1,384
43454,144,3,1,2772
43458,120,3,1,204
43470,288,3,0,4800
43474,132,2,0,6720
43486,108,2,0,2040
43490,408,2,0,6912
43502,228,2,0,9792
43506,264,3,0,3648
43518,96,3,-1,5004
43522,84,3,-1,1392
43534,396,3,0,6144
43538,288,2,0,9504
43550,48,2,0,9120
43554,12,2,0,5184
43566,48,2,0,720
43570,732,3,0,7680
43582,96,3,1,9408
43586,36,3,1,7776
43598,480,4,-1,132
43602,216,2,0,10752
43614,24,2,0,5304
43618,72,2,0,8640
43630,168,2,0,5928
43634,594,7,1,3
43646,204,3,-1,4416
43650,108,3,-1,6
43662,276,4,0,1680
43666,180,2,0,2400
43678,60,2,0,8256
43682,72,2,0,9024
43694,252,2,0,8304
43698,276,4,1,3336
43710,72,3,1,8544
43714,120,3,1,12720
43726,312,3,0,4320
43730,204,2,0,12864
43742,300,2,0,1488
43746,36,2,0,4872
43758,192,2,0,2856
43762,336,3,0,864
43774,120,3,-1,840
43778,60,3,-1,768
43790,540,3,0,8736
43794,48,2,0,6912
43806,120,2,0,6792
43810,276,2,0,3888
43822,156,2,0,10560
43826,372,3,0,5904
43838,84,3,1,7488
43842,144,3,1,2184
43854,372,4,1,3564
43858,120,2,0,1536
43874,84,2,0,6336
43886,180,2,0,2016
43890,300,5,1,1788
43902,72,3,-1,2304
43906,48,3,-1,2832
43918,264,4,0,432
43922,288,2,0,1152
43934,96,2,0,8160
43938,144,2,0,10176
43950,96,2,0,6432
43954,600,4,-1,816
43966,84,3,1,9696
43970,36,3,1,9240
43982,480,3,0,384
43986,120,2,0,7440
43998,72,2,0,7680
44002,96,2,0,576
44014,156,2,0,7872
44018,432,3,0,5568
44030,168,3,-1,1080
44046,180,3,0,576
44050,348,2,0,16800
44062,180,2,0,7104
44066,132,2,0,5232
44078,204,2,0,11712
44082,120,3,0,2640
44094,72,3,1,5928
44098,180,3,1,3744
44110,504,4,-1,1680
44114,204,2,0,10176
44126,84,2,0,7392
44130,144,2,0,12192
44142,192,2,0,120
44146,156,4,0,1608
44158,120,3,-1,768
44162,60,3,-1,3504
44174,636,5,1,1158
44178,228,2,0,9408
44190,156,2,0,11712
44194,120,2,0,8496
44206,180,2,0,72
44210,684,4,1,1536
44222,108,3,1,7920
44226,48,3,1,5808
44238,276,3,0,3840
44242,216,2,0,60
44254,36,2,0,7680
44258,96,2,0,2376
44270,288,2,0,12672
44274,216,3,0,3744
44286,48,3,-1,2256
44290,132,3,-1,5676
44302,348,3,0,5280
44306,120,2,0,7680
44318,168,2,0,2496
44322,72,2,0,7968
44334,84,2,0,6192
44338,252,3,0,6048
44350,336,3,1,720
44354,144,3,1,3264
44366,324,4,1,3768
44370,108,2,0,9984
44382,60,2,0,7152
44386,156,2,0,4800
44398,264,2,0,11904
44402,384,4,0,3168
44414,108,3,-1,4356
44418,0,3,-1,1824
44430,684,5,0,120
44434,180,2,0,7920
44446,36,2,0,6816
44450,120,2,0,12672
44462,252,2,0,3264
44466,312,4,-1,1080
44478,72,3,1,7440
44482,84,3,1,10128
44494,264,3,0,2112
44498,144,2,0,3792
44510,60,2,0,11616
44514,48,2,0,5640
44530,684,3,0,216
44542,132,3,-1,576
44546,84,3,-1,480
44558,384,3,0,1200
44562,96,2,0,5280
44574,48,2,0,7056
44578,60,2,0,8256
44590,216,2,0,13536
44594,228,3,0,3360
44606,108,3,1,4560
44610,96,3,1,10968
44622,264,4,-1,1056
44626,288,2,0,1344
44638,144,2,0,3312
44642,216,2,0,528
44654,192,2,0,8208
44658,456,6,-1,12
44670,36,3,-1,2448
44674,96,3,-1,792
44686,456,4,0,2496
44702,60,2,0,10320
44706,36,2,0,5688
44718,132,2,0,7680
44722,480,4,1,6480
44734,72,3,1,6900
44738,144,3,1,528
44750,768,3,0,60
44754,120,2,0,5856
44766,24,2,0,8880
44770,72,2,0,9792
44782,132,2,0,2016
44786,264,3,0,1056
44798,120,3,-1,3456
44802,48,3,-1,2448
44814,168,3,0,2760
44818,336,2,0,6528
44830,120,2,0,2112
44834,60,2,0,10128
44846,144,2,0,6912
44850,360,3,0,4800
44862,84,3,1,10224
44866,24,3,1,6240
44878,432,4,1,5952
44882,324,2,0,15840
44894,132,2,0,864
44898,84,2,0,7728
44910,120,2,0,9600
44914,336,5,-1,72
44926,84,3,-1,1188
44930,144,3,-1,1794
44942,576,4,0,576
44946,156,2,0,8736
44958,72,2,0,1104
44962,108,2,0,3744
44974,168,2,0,9792
44978,312,4,-1,1440
44990,84,3,1,13632
44994,36,3,1,6456
45006,240,3,0,3360
45010,204,2,0,10560
45022,60,2,0,8448
45026,132,2,0,1800
45038,324,2,0,5040
45042,192,3,0,480
45054,48,3,-1,2568
45058,132,3,-1,1224
45070,420,3,0,1704
45074,336,2,0,2856
45086,84,2,0,9312
45090,48,2,0,8640
45102,288,2,0,12384
45106,384,3,0,912
45118,108,3,1,10704
45122,72,3,1,7584
45134,468,4,-1,216
45138,96,2,0,5472
45150,60,2,0,8040
45154,60,2,0,9216
45166,108,2,0,6912
45170,864,4,0,5136
45186,72,3,-1,2952
45198,432,5,-1,768
45202,156,2,0,8832
45214,192,2,0,3312
45218,132,2,0,1680
45230,204,2,0,960
45234,312,4,1,3168
45246,36,3,1,5976
45250,180,3,1,6456
45262,240,3,0,3648
45266,84,2,0,9360
45278,96,2,0,11904
45282,84,2,0,9696
45294,72,2,0,5184
45298,492,3,0,6720
45310,120,3,-1,4944
45314,72,3,-1,2280
45326,360,3,0,1728
45330,312,2,0,1200
45342,72,2,0,2
45358,336,2,0,720
45362,672,3,0,192
45374,84,3,1,7200
45378,72,3,1,6240
45390,612,4,1,6480
45394,204,2,0,2688
45406,60,2,0,7776
45410,132,2,0,15792
45422,252,2,0,13152
45426,312,4,0,96
45438,84,3,-1,2448
45442,216,3,-1,984
45454,576,6,-1,420
45458,204,2,0,1440
45470,96,2,0,5952
45474,12,2,0,6912
45486,60,2,0,5472
45490,420,4,-1,1944
45502,180,3,1,1392
45506,108,3,1,2688
45518,264,3,0,3744
45522,180,2,0,9528
45534,24,2,0,7152
45538,96,2,0,2352
45550,228,2,0,12960
45554,276,3,0,3648
45566,120,3,-1,2832
45570,132,3,-1,3192
45582,204,3,0,3744
45586,192,2,0,288
45598,36,2,0,7632
45602,72,2,0,7440
45614,240,2,0,300
45618,396,3,0,4848
45630,120,3,1,12294
45634,144,3,1,8976
45646,588,4,-1,576
45650,276,2,0,3360
45662,156,2,0,15168
45666,48,2,0,5616
45678,84,2,0,6432
45682,600,5,0,576
45694,84,3,-1,2400
45698,228,3,-1,4608
45710,384,4,0,2688
45714,144,2,0,5904
45726,60,2,0,5664
45730,288,2,0,16512
45742,360,2,0,2640
45746,336,4,1,4440
45758,276,3,1,1068
45762,36,3,1,8520
45774,216,3,0,3336
45778,156,2,0,10752
45790,132,2,0,5184
45794,168,2,0,4104
45806,216,2,0,8832
45810,348,3,0,504
45822,24,3,-1,2688
45826,60,3,-1,168
45842,252,2,0,2400
45854,72,2,0,6336
45858,168,2,0,1512
45870,252,2,0,12528
45874,252,3,0,3888
45886,48,3,1,7296
45890,96,3,1,16944
45902,780,4,1,2280
45906,84,2,0,480
45918,156,2,0,1200
45922,72,2,0,10176
45934,372,2,0,3792
45938,432,5,1,528
45950,120,3,-1,4512
45954,48,3,-1,2430
45966,180,4,0,1344
45970,336,2,0,4080
45982,60,2,0,10416
45986,48,2,0,7560
45998,288,2,0,14160
46014,72,3,1,5904
46018,108,3,1,8496
46030,336,3,0,432
46034,180,2,0,8448
46046,120,2,0,1824
46050,60,2,0,7560
46062,84,2,0,6240
46066,300,3,0,5040
46078,96,3,-1,72
46082,156,3,-1,1056
46094,528,3,0,5880
46098,144,2,0,6912
46110,120,2,0,11760
46114,168,2,0,744
46126,84,2,0,5856
46130,456,3,0,6480
46142,216,3,1,1728
46146,36,3,1,6312
46158,420,4,-1,216
46162,84,2,0,7680
46174,84,2,0,10272
46178,144,2,0,10560
46190,372,2,0,2136
46194,180,4,0,1728
46206,48,3,-1,1944
46210,132,3,-1,3744
46222,924,5,1,1656
46226,228,2,0,4560
46238,108,2,0,10176
46242,144,2,0,2256
46254,156,2,0,6480
46258,780,4,1,456
46270,108,3,1,12672
46274,72,3,1,7680
46286,252,3,0,4416
46290,372,2,0,14616
46302,36,2,0,6144
46306,120,2,0,12096
46318,180,2,0,10368
46322,276,3,0,4608
46334,120,3,-1,1392
46338,72,3,-1,2448
46350,408,3,0,4176
46354,60,2,0,5928
46366,108,2,0,288
46370,168,2,0,2832
46382,120,2,0,7872
46386,144,3,0,2688
46398,108,3,1,876
46402,192,3,1,3000
46414,336,4,1,2832
46418,288,2,0,14112
46430,108,2,0,14832
46434,12,2,0,4704
46446,216,2,0,9456
46450,444,4,0,2688
46462,192,3,-1,4704
46466,72,3,-1,2424
46478,480,6,0,144
46482,156,2,0,8832
46498,72,2,0,9600
46510,264,2,0,3120
46514,564,4,-1,144
46526,48,3,1,7728
46530,96,3,1,10260
46542,336,3,0,720
46546,348,2,0,4632
46558,144,2,0,3096
46562,60,2,0,768
46574,180,2,0,7776
46578,240,3,0,4224
46590,156,3,-1,3492
46594,120,3,-1,276
46606,324,3,0,4320
46610,180,2,0,11760
46622,132,2,0,3456
46626,60,2,0,6000
46638,210,2,0,60
46642,576,3,0,1008
46654,96,3,1,3984
46670,492,4,-1,72
46674,96,2,0,5088
46686,24,2,0,5568
46690,144,2,0,3600
46702,372,2,0,1440
46706,480,5,0,96
46718,60,3,-1,3264
46722,84,3,-1,2448
46734,204,4,0,1584
46738,252,2,0,12096
46750,72,2,0,9936
46754,132,2,0,11664
46766,264,2,0,4752
46770,372,4,1,3798
46782,108,3,1,10800
46786,60,3,1,7632
46798,528,3,0,360
46802,300,2,0,2496
46814,96,2,0,9360
46818,84,2,0,10800
46830,132,2,0,8832
46834,516,3,0,1344
46846,120,3,-1,3168
46850,144,3,-1,516
46862,324,3,0,4896
46866,120,2,0,6120
46878,132,2,0,10656
46882,36,2,0,7632
46894,180,2,0,8640
46898,408,3,0,720
46910,84,3,1,3168
46914,36,3,1,6192
46926,432,4,1,3312
46930,228,2,0,14688
46942,84,2,0,384
46946,96,2,0,2496
46958,156,2,0,1776
46962,408,5,-1,792
46974,72,3,-1,2310
46978,132,3,-1,1680
46990,696,4,0,240
46994,132,2,0,7680
47006,156,2,0,9408
47010,132,2,0,10656
47022,84,2,0,5952
47026,324,4,-1,1152
47038,108,3,1,11520
47042,72,3,1,1584
47054,324,3,0,1512
47058,138,2,0,30
47070,60,2,0,7200
47074,84,2,0,9408
47086,240,2,0,3528
47090,984,3,0,3960
47102,132,3,-1,3408
47106,120,3,-1,2712
47118,336,3,0,288
47122,360,2,0,2112
47134,120,2,0,7344
47138,72,2,0,8880
47154,168,3,0,3024
47166,12,3,1,5664
47170,168,3,1,11736
47182,636,4,-1,240
47186,180,2,0,9888
47198,84,2,0,4224
47202,120,2,0,10176
47214,204,2,0,8016
47218,360,4,0,1536
47230,192,3,-1,1584
47234,60,3,-1,720
47246,276,5,-1,528
47250,180,2,0,9408
47262,108,2,0,7296
47266,36,2,0,2112
47278,228,2,0,8448
47282,432,4,1,4272
47294,72,3,1,9504
47298,96,3,1,9720
47310,372,3,0,5040
47326,144,2,0,14208
47330,84,2,0,10320
47342,336,2,0,504
47346,252,3,0,4032
47358,36,3,-1,270
47362,120,3,-1,4368
47374,276,3,0,1008
47378,408,2,0,576
47390,120,2,0,13824
47394,48,2,0,5688
47406,252,2,0,9504
47410,744,3,0,2952
47422,60,3,1,8688
47426,72,3,1,8700
47438,552,4,1,5376
47442,192,2,0,1536
47454,96,2,0,7872
47458,144,2,0,2688
47470,300,2,0,13008
47474,324,4,0,2208
47486,96,3,-1,36
47490,60,3,-1,2484
47502,300,5,0,792
47506,156,2,0,6168
47518,132,2,0,6144
47522,156,2,0,6624
47534,96,2,0,7584
47538,312,4,-1,1536
47550,72,3,1,10164
47554,48,3,1,2184
47566,264,3,0,5688
47570,276,2,0,10560
47582,120,2,0,10608
47586,24,2,0,4800
47598,168,2,0,8832
47602,300,3,0,4992
47614,96,3,-1,2160
47618,216,3,-1,2880
47630,564,3,0,2640
47634,216,2,0,9288
47646,36,2,0,4320
47650,192,2,0,20976
47662,432,2,0,4032
47666,336,3,0,1008
47678,96,3,1,14688
47682,120,3,1,888
47694,240,4,-1,1056
47698,216,2,0,2280
47710,108,2,0,12288
47714,72,2,0,192
47726,144,2,0,6432
47730,336,6,0,576
47742,96,3,-1,840
47746,60,3,-1,3648
47758,600,4,0,576
47762,276,2,0,12096
47774,180,2,0,2496
47778,36,2,0,5088
47790,156,2,0,7920
47794,420,4,1,4848
47810,120,3,1,1224
47822,336,3,0,6912
47826,156,2,0,8448
47838,120,2,0,6816
47842,144,2,0,156
47854,216,2,0,9312
47858,408,3,0,912
47870,120,3,-1,3936
47874,36,3,-1,2376
47886,192,3,0,2976
47890,276,2,0,10752
47902,108,2,0,10176
47906,48,2,0,7680
47918,276,2,0,3456
47922,252,3,0,3024
47934,60,3,1,504
47938,264,3,1,13056
47950,1068,4,1,3456
47954,252,2,0,60
47966,48,2,0,792
47982,84,2,0,6264
47986,960,5,1,996
47998,48,3,-1,3744
48002,108,3,-1,3936
48014,444,4,0,216
48018,228,2,0,8448
48030,96,2,0,9180
48034,36,2,0,5760
48046,228,2,0,9216
48050,516,4,-1,2208
48062,180,3,1,60
48066,108,3,1,8124
48078,288,3,0,4176
48082,204,2,0,14016
48094,132,2,0,1536
48098,60,2,0,2976
48110,432,2,0,18672
48114,84,3,0,2184
48126,72,3,-1,2976
48130,132,3,-1,744
48142,312,3,0,864
48146,180,2,0,7392
48158,156,2,0,1920
48162,96,2,0,1344
48174,48,2,0,4392
48178,276,3,0,4800
48190,108,3,1,10176
48194,108,3,1,11424
48206,468,4,-1,324
48210,204,2,0,12288
48222,204,2,0,12288
48226,96,2,0,9168
48238,228,2,0,2736
48242,624,4,0,216
48254,36,3,-1,1680
48258,84,3,-1,468
48270,468,5,1,414
48274,264,2,0,240
48286,36,2,0,7296
48290,108,2,0,11664
48302,288,2,0,1152
48306,300,4,1,3648
48318,84,3,1,7032
48322,168,3,1,11232
48334,360,3,0,4464
48338,168,2,0,9984
48350,216,2,0,4992
48354,84,2,0,9456
48366,108,2,0,324
48370,228,3,0,4560
48382,132,3,-1,1728
48386,48,3,-1,1332
48398,360,3,0,6240
48402,96,2,0,6048
48414,36,2,0,5232
48418,228,2,0,1728
48430,312,2,0,13680
48434,288,3,0,240
48446,144,3,1,14220
48450,72,3,1,6408
48466,204,2,0,1296
48478,48,2,0,8832
48482,132,2,0,8784
48494,180,2,0,3168
48498,336,4,0,192
48510,108,3,-1,3000
48514,36,3,-1,2184
48526,312,5,0,288
48530,360,2,0,3840
48542,60,2,0,1824
48546,144,2,0,6480
48558,276,2,0,2016
48562,288,4,-1,384
48574,156,3,1,11760
48578,132,3,1,12672
48590,228,3,0,4320
48594,132,2,0,6912
48606,36,2,0,4944
48610,192,2,0,1344
48622,156,2,0,10368
48638,132,3,-1,912
48642,48,3,-1,360
48654,276,3,0,3312
48658,216,2,0,2016
48670,204,2,0,3924
48674,84,2,0,2400
48686,180,2,0,9504
48690,408,3,0,6288
48702,72,3,1,5856
48706,108,3,1,4332
48718,300,4,-1,1536
48722,216,2,0,7680
48734,72,2,0,528
48738,96,2,0,5472
48750,240,2,0,1680
48754,528,6,1,1476
48766,48,3,-1,2496
48770,144,3,-1,5784
48782,588,4,0,144
48786,108,2,0,432
48798,36,2,0,8448
48802,72,2,0,9792
48814,216,2,0,4176
48818,696,4,1,2256
48830,132,3,1,600
48834,48,3,1,7296
48846,168,3,0,2520
48850,348,2,0,4176
48862,108,2,0,10944
48866,108,2,0,9936
48878,120,2,0,6720
48882,348,3,0,4944
48894,108,3,-1,2592
48898,120,3,-1,3408
48910,648,3,0,8064
48914,156,2,0,9024
48926,156,2,0,6012
48930,72,2,0,9504
48942,192,2,0,1968
48946,312,3,0,648
48958,204,3,1,504
48962,84,3,1,2400
48974,468,4,1,5424
48978,228,2,0,10296
48990,120,2,0,9360
48994,156,2,0,2328
49006,84,2,0,8784
49010,480,5,-1,1032
49022,180,3,-1,3552
49026,24,3,-1,1920
49038,360,4,0,12
49042,240,2,0,1872
49054,120,2,0,1080
49058,192,2,0,1920
49070,312,2,0,2784
49074,252,4,-1,792
49086,48,3,1,6660
49090,132,3,1,300
49102,444,3,0,1056
49106,300,2,0,1584
49122,60,2,0,6912
49134,108,2,0,6768
49138,468,3,0,2160
49150,132,3,-1,3744
49154,48,3,-1,2544
49166,312,3,0,5280
49170,180,2,0,8208
49182,108,2,0,7296
49186,72,2,0,8256
49198,120,2,0,9984
49202,468,3,0,7296
49214,120,3,1,2544
49218,96,3,1,10896
49230,336,4,-1,1548
49234,168,2,0,9648
49246,96,2,0,4128
49250,264,2,0,1008
49262,192,2,0,10368
49266,216,4,0,1224
49278,72,3,-1,3264
49294,288,5,-1,624
49298,132,2,0,9216
49310,72,2,0,11280
49314,48,2,0,7248
49326,84,2,0,5136
49330,804,4,1,6816
49342,132,3,1,2784
49346,48,3,1,5904
49358,840,3,0,576
49362,120,2,0,6240
49374,84,2,0,5280
49378,48,2,0,7680
49390,336,2,0,1248
49394,312,3,0,1080
49406,72,3,-1,2232
49410,168,3,-1,228
49422,264,3,0,3936
49426,240,2,0,2112
49438,168,2,0,10752
49442,156,2,0,3600
49454,192,2,0,9744
49458,312,3,0,732
49470,108,3,1,12240
49474,48,3,1,7992
49486,408,4,1,3408
49490,264,2,0,12864
49502,120,2,0,2688
49506,60,2,0,6120
49518,216,2,0,6240
49522,264,4,0,2304
49534,156,3,-1,108
49538,204,3,-1,1248
49550,528,6,1,1272
49554,156,2,0,6960
49566,60,2,0,7104
49570,240,2,0,7704
49582,336,2,0,13968
49586,336,4,-1,1512
49598,120,3,1,6912
49602,24,3,1,6072
49614,300,3,0,4512
49618,180,2,0,7488
49630,132,2,0,11256
49634,120,2,0,9024
49646,120,2,0,2400
49650,372,3,0,5760
49662,132,3,-1,1896
49666,60,3,-1,3936
49678,504,3,0,3792
49682,156,2,0,3744
49694,144,2,0,11520
49698,60,2,0,7008
49710,192,2,0,8064
49714,288,3,0,240
49726,48,3,1,6864
49730,108,3,1,1824
49742,336,4,-1,300
49746,108,2,0,6816
49758,144,2,0,120
49762,84,2,0,11040
49778,456,5,0,1440
49790,396,3,-1,3060
49794,36,3,-1,1800
49806,276,4,0,1992
49810,384,2,0,18144
49822,144,2,0,2784
49826,144,2,0,2688
49838,276,2,0,1632
49842,468,4,1,936
49854,12,3,1,5232
49858,72,3,1,300
49870,372,3,0,7152
49874,156,2,0,7824
49886,72,2,0,7584
49890,36,2,0,9792
49902,288,2,0,10560
49906,216,3,0,3168
49918,120,3,-1,3840
49922,120,3,-1,3744
49934,216,3,0,768
49950,72,2,0,912
49954,36,2,0,7680
49966,156,2,0,2244
49970,528,3,0,1728
49982,72,3,1,10176
49986,84,3,1,462
49998,240,4,1,2796
50002,228,2,0,5376
50014,84,2,0,11232
50018,72,2,0,9216
50030,516,2,0,23040
50034,312,5,1,192
50046,24,3,-1,2184
50050,96,3,-1,4320
50062,576,4,0,2304
50066,132,2,0,7584
50078,72,2,0,1008
50082,60,2,0,8016
50094,132,2,0,5040
50098,444,4,-1,2232
50110,84,3,1,4932
50114,192,3,1,5916
50126,420,3,0,5712
50130,96,2,0,8340
50142,120,2,0,1824
50146,48,2,0,2928
50158,168,2,0,1680
50162,240,3,0,4272
50174,132,3,-1,3504
50178,72,3,-1,2640
50190,264,3,0,3312
50194,180,2,0,8640
50206,48,2,0,10368
50210,84,2,0,11376
50222,264,2,0,4416
50226,240,3,0,108
50238,156,3,1,936
50242,36,3,1,1992
50254,564,4,-1,612
50258,444,2,0,672
50270,120,2,0,13224
50274,72,2,0,4992
50286,96,2,0,6336
50290,816,4,0,912
50302,132,3,-1,3600
50306,84,3,-1,2112
50318,708,5,1,540
50322,120,2,0,8088
50334,0,2,0,4896
50338,72,2,0,120
50350,312,2,0,11328
50354,552,4,1,4704
50366,60,3,1,2040
50370,132,3,1,12000
50382,192,3,0,3648
50386,132,2,0,7056
50398,168,2,0,3264
50402,204,2,0,816
50414,144,2,0,7680
50418,252,3,0,3216
50434,156,3,-1,192
50446,288,3,0,4032
50450,264,2,0,14016
50462,84,2,0,9600
50466,36,2,0,6192
50478,132,2,0,8256
50482,360,3,0,192
50494,36,3,1,7488
50498,60,3,1,8064
50510,1140,4,1,2808
50514,174,2,0,36
50526,96,2,0,6864
50530,108,2,0,10704
50542,288,2,0,24
50546,456,4,0,1080
50558,180,3,-1,1020
50562,72,3,-1,2688
50574,384,6,0,480
50578,120,2,0,2640
50590,156,2,0,14880
50606,96,2,0,6240
50610,276,4,-1,1248
50622,84,3,1,1080
50626,36,3,1,9600
50638,240,3,0,288
50642,240,2,0,1872
50654,108,2,0,4032
50658,12,2,0,1680
50670,168,2,0,8832
50674,324,3,0,5760
50686,96,3,-1,240
50690,108,3,-1,936
50702,204,3,0,4272
50706,108,2,0,7344
50718,48,2,0,6720
50722,180,2,0,240
50734,240,2,0,10176
50738,228,3,0,4416
50750,108,3,1,12492
50754,48,3,1,5760
50766,144,4,-1,960
50770,288,2,0,14640
50782,84,2,0,8784
50786,156,2,0,12768
50798,324,2,0,3936
50802,288,5,0,888
50814,120,3,-1,2304
50818,72,3,-1,360
50830,624,4,0,816
50834,180,2,0,2232
50846,156,2,0,9600
50850,72,2,0,9072
50862,192,2,0,9864
50866,624,4,1,2304
50878,96,3,1,10992
50882,156,3,1,15456
50894,180,3,0,3216
50898,144,2,0,9216
50910,120,2,0,10752
50914,120,2,0,8016
50926,180,2,0,10800
50930,348,3,0,5712
50942,216,3,-1,288
50946,60,3,-1,1632
50958,192,3,0,432
50962,240,2,0,10368
50974,108,2,0,2976
50978,96,2,0,5760
50990,156,2,0,10656
50994,360,3,0,4800
51006,24,3,1,6144
51010,240,3,1,2472
51022,540,4,1,6240
51026,144,2,0,5664
51038,48,2,0,13680
51042,60,2,0,1152
51054,36,2,0,4992
51058,720,5,-1,276
51070,144,3,-1,4320
51074,84,3,-1,2880
51090,156,2,0,7728
51102,96,2,0,1200
51106,84,2,0,8496
51118,240,2,0,3456
51122,600,4,-1,480
51134,144,3,1,12864
51138,60,3,1,6480
51150,240,3,0,4944
51154,252,2,0,2592
51166,84,2,0,5760
51170,108,2,0,11664
51182,276,2,0,9984
51186,156,3,0,3456
51198,60,3,-1,2424
51202,120,3,-1,144
51214,348,3,0,4224
51218,228,2,0,12096
51230,108,2,0,2304
51234,108,2,0,5904
51246,180,2,0,8280
51262,84,3,1,3168
51266,132,3,1,2976
51278,348,4,-1,1920
51282,48,2,0,6192
51294,36,2,0,5664
51298,144,2,0,552
51310,132,2,0,8832
51314,336,4,0,144
51326,156,3,-1,1920
51330,180,3,-1,6072
51342,360,5,-1,120
51346,252,2,0,11088
51358,144,2,0,2352
51362,72,2,0,8640
51374,348,2,0,864
51378,144,4,1,2688
51390,72,3,1,9450
51394,72,3,1,8388
51406,546,3,0,54
51410,444,2,0,8832
51422,156,2,0,10656
51426,72,2,0,5112
51438,192,2,0,648
51442,576,3,0,456
51454,132,3,-1,2784
51458,96,3,-1,540
51470,480,3,0,6720
51474,180,2,0,6432
51486,12,2,0,7680
51490,84,2,0,9408
51502,228,2,0,6912
51506,240,3,0,4128
51518,204,3,1,4440
51522,24,3,1,7488
51534,276,4,1,2832
51538,144,2,0,8448
51550,156,2,0,4608
51554,48,2,0,2052
51566,108,2,0,8280
51570,408,4,0,2592
51582,36,3,-1,2064
51586,84,3,-1,720
51598,396,5,0,1440
51602,252,2,0,1344
51614,60,2,0,6912
51618,72,2,0,8928
51630,276,2,0,11040
51634,204,4,-1,1056
51646,48,3,1,7584
51650,132,3,1,10416
51662,468,3,0,1344
51666,144,2,0,7152
51678,36,2,0,6720
51682,132,2,0,11904
51694,312,2,0,2844
51698,636,3,0,168
51710,180,3,-1,5040
51714,84,3,-1,2700
51726,84,3,0,2736
51730,288,2,0,4512
51746,84,2,0,9312
51758,180,2,0,2472
51762,228,3,0,3264
51774,12,3,1,6180
51778,84,3,1,13248
51790,576,4,-1,1992
51794,156,2,0,8880
51806,108,2,0,3168
51810,24,2,0,9024
51822,240,2,0,7488
51826,312,6,0,600
51838,48,3,-1,1248
51842,132,3,-1,240
51854,240,4,0,1536
51858,156,2,0,960
51870,72,2,0,8976
51874,108,2,0,3360
51886,264,2,0,144
51890,864,4,1,9312
51902,96,3,1,11280
51918,252,3,0,3816
51922,204,2,0,10800
51934,84,2,0,8640
51938,144,2,0,10752
51950,276,2,0,5688
51954,228,3,0,2976
51966,96,3,-1,2580
51970,204,3,-1,4272
51982,480,3,0,720
51986,192,2,0,1536
51998,132,2,0,10560
52002,24,2,0,8640
52014,96,2,0,5184
52018,648,3,0,1728
52030,204,3,1,15192
52034,36,3,1,8256
52046,528,4,1,4896
52050,144,2,0,7872
52062,144,2,0,6912
52066,24,2,0,5472
52078,216,2,0,12480
52082,456,5,1,288
52094,132,3,-1,768
52098,72,3,-1,2856
52110,372,4,0,2280
52114,252,2,0,816
52126,96,2,0,1560
52130,168,2,0,4896
52142,156,2,0,1680
52146,252,4,-1,960
52158,72,3,1,552
52162,156,3,1,5472
52174,348,3,0,360
52178,168,2,0,7920
52190,108,2,0,1824
52194,84,2,0,4896
52206,72,2,0,3840
52210,324,3,0,5208
52222,132,3,-1,2880
52226,120,3,-1,3840
52238,312,3,0,1296
52242,288,2,0,3264
52254,60,2,0,90
52258,156,2,0,2448
52270,384,2,0,9192
52274,456,3,0,2448
52286,108,3,1,7200
52290,96,3,1,8106
52302,312,4,-1,1248
52306,252,2,0,1008
52318,228,2,0,10608
52322,96,2,0,7680
52334,228,2,0,11472
52338,408,4,0,2016
52350,48,3,-1,2784
52354,48,3,-1,2736
52366,396,5,1,2304
52370,288,2,0,1128
52382,204,2,0,5904
52386,72,2,0,960
52402,312,4,1,4176
52414,156,3,1,2496
52418,96,3,1,2160
52430,276,3,0,4848
52434,96,2,0,4968
52446,120,2,0,6288
52450,156,2,0,4080
52462,180,2,0,9120
52466,396,3,0,5280
52478,204,3,-1,4224
52482,48,3,-1,1800
52494,516,3,0,5400
52498,144,2,0,9024
52510,96,2,0,10752
52514,60,2,0,6912
52526,252,2,0,2208
52530,372,3,0,5280
52542,72,3,1,888
52546,60,3,1,8496
52558,720,4,1,288
52574,84,2,0,6768
52578,84,2,0,144
52590,216,2,0,10104
52594,240,4,0,624
52606,192,3,-1,4032
52610,108,3,-1,3936
52622,576,5,0,1488
52626,144,2,0,6480
52638,60,2,0,7584
52642,108,2,0,2208
52654,108,2,0,6144
52658,384,4,-1,24
52670,132,3,1,168
52674,84,3,1,4950
52686,180,3,0,3552
52690,204,2,0,12960
52702,300,2,0,6528
52706,108,2,0,2928
52718,216,2,0,10752
52722,348,3,0,4416
52734,36,3,-1,1896
52738,108,3,-1,1104
52750,336,3,0,5328
52754,132,2,0,10944
52766,120,2,0,336
52770,36,2,0,9024
52782,204,2,0,7296
52786,420,3,0,5592
52798,132,3,1,8640
52802,228,3,1,14760
52814,852,4,-1,852
52818,156,2,0,6624
52830,72,2,0,9216
52834,108,2,0,8832
52846,180,2,0,2688
52850,648,6,-1,108
52862,144,3,-1,3456
52866,72,3,-1,288
52878,276,4,0,1920
52882,276,2,0,2016
52894,96,2,0,7968
52898,72,2,0,720
52910,276,2,0,13248
52914,504,4,1,4668
52926,84,3,1,6432
52930,96,3,1,11520
52942,648,3,0,1584
52946,132,2,0,6144
52958,60,2,0,384
52962,84,2,0,6912
52974,168,2,0,888
52978,408,3,0,5376
52990,120,3,-1,912
52994,132,3,-1,504
53006,276,3,0,4608
53010,108,2,0,7704
53022,72,2,0,7392
53026,96,2,0,3408
53038,192,2,0,11520
53042,336,3,0,720
53058,96,3,1,2016
53070,528,4,1,4068
53074,108,2,0,8448
53086,72,2,0,8736
53090,144,2,0,15072
53102,252,2,0,2688
53106,336,5,-1,594
53118,60,3,-1,2304
53122,84,3,-1,3096
53134,492,4,0,792
53138,372,2,0,6576
53150,96,2,0,15360
53154,60,2,0,7248
53166,132,2,0,7056
53170,936,4,-1,2
53182,96,3,1,10512
53186,108,3,1,7824
53198,144,3,0,3936
53202,168,2,0,336
53214,96,2,0,7536
53230,228,2,0,14400
53234,300,3,0,4176
53246,96,3,-1,1098
53250,96,3,-1,3456
53262,336,3,0,4488
53266,132,2,0,8568
53278,96,2,0,288
53282,96,2,0,2736
53294,156,2,0,8160
53298,168,3,0,2400
53310,204,3,1,11472
53314,120,3,1,1836
53326,192,4,-1,1392
53330,204,2,0,13440
53342,72,2,0,144
53346,84,2,0,8544
53358,108,2,0,1008
53362,540,4,0,3264
53374,84,3,-1,3456
53378,60,3,-1,3072
53390,924,5,-1,312
53394,120,2,0,5328
53406,24,2,0,5328
53410,108,2,0,10944
53422,240,2,0,2304
53426,516,4,1,1104
53438,72,3,1,8952
53442,48,3,1,1728
53454,204,3,0,24
53458,552,2,0,1284
53470,132,2,0,9792
53474,24,2,0,9648
53486,192,2,0,9792
53490,300,3,0,4440
53502,72,3,-1,2988
53506,60,3,-1,3360
53518,264,3,0,4800
53522,108,2,0,8640
53534,180,2,0,3264
53538,108,2,0,7488
53550,216,2,0,10536
53554,228,3,0,2928
53566,264,3,1,6372
53570,108,3,1,5112
53582,504,4,1,4416
53586,132,2,0,7200
53598,84,2,0,7488
53602,132,2,0,768
53614,96,2,0,7008
53618,432,4,0,3360
53630,84,3,-1,3432
53634,60,3,-1,2256
53646,288,6,-1,288
53650,456,2,0,1992
53662,72,2,0,9216
53666,108,2,0,6048
53678,240,2,0,4512
53682,432,4,-1,1524
53694,36,3,1,3732
53698,144,3,1,13776
53714,228,2,0,1776
53726,144,2,0,12384
53730,84,2,0,9360
53742,204,2,0,66
53746,312,3,0,864
53758,180,3,-1,144
53762,108,3,-1,3888
53774,276,3,0,3312
53778,72,2,0,7296
53790,84,2,0,8784
53794,108,2,0,12192
53806,48,2,0,6144
53810,540,3,0,7296
53822,132,3,1,312
53826,36,3,1,5124
53838,564,4,-1,2304
53842,216,2,0,1728
53854,120,2,0,2376
53858,72,2,0,528
53870,180,2,0,9600
53886,60,3,-1,1512
53890,84,3,-1,1620
53902,576,4,0,2496
53906,216,2,0,384
53918,72,2,0,11136
53922,84,2,0,8352
53934,144,2,0,8736
53938,432,4,1,3840
53950,168,3,1,14076
53954,48,3,1,1152
53966,240,3,0,504
53970,144,2,0,8736
53982,84,2,0,7488
53986,60,2,0,9024
53998,504,2,0,4800
54002,594,3,0,36
54014,12,3,-1,2592
54018,72,3,-1,264
54030,264,3,0,4464
54034,252,2,0,3528
54046,36,2,0,7488
54050,36,2,0,10944
54062,180,2,0,9792
54066,144,3,0,2688
54078,72,3,1,8496
54082,108,3,1,8208
54094,432,4,1,4440
54098,96,2,0,10080
54110,168,2,0,480
54114,36,2,0,5304
54126,48,2,0,6432
54130,840,5,1,4248
54142,144,3,-1,12
54146,216,3,-1,1086
54158,660,4,0,648
54162,156,2,0,6240
54174,84,2,0,7584
54178,108,2,0,2544
54190,204,2,0,14976
54194,264,4,-1,1272
54206,132,3,1,10464
54210,96,3,1,480
54222,180,3,0,3072
54226,108,2,0,8880
54238,24,2,0,120
54242,132,2,0,3312
54254,312,2,0,2592
54258,360,3,0,936
54270,180,3,-1,4356
54274,48,3,-1,2436
54286,396,3,0,1152
54290,240,2,0,720
54302,72,2,0,5952
54306,36,2,0,720
54318,60,2,0,7296
54322,576,3,0,3024
54334,72,3,1,6936
54338,108,3,1,7488
54350,576,4,-1,2208
54354,36,2,0,6480
54370,156,2,0,13728
54382,372,2,0,15456
54386,276,4,0,2160
54398,180,3,-1,1296
54402,84,3,-1,3456
54414,240,5,1,1170
54418,276,2,0,8736
54430,108,2,0,6240
54434,240,2,0,720
54446,156,2,0,8592
54450,540,4,1,5124
54462,108,3,1,9312
54466,48,3,1,2784
54478,300,3,0,5184
54482,156,2,0,9216
54494,60,2,0,6960
54498,24,2,0,6144
54510,204,2,0,8832
54514,456,3,0,5472
54526,48,3,-1,3072
54542,1128,3,0,72
54546,132,2,0,6768
54558,48,2,0,1584
54562,84,2,0,8064
54574,252,2,0,696
54578,456,3,0,1296
54590,96,3,1,9120
54594,60,3,1,732
54606,360,4,1,3936
54610,288,2,0,156
54622,168,2,0,12480
54626,132,2,0,8352
54638,96,2,0,7872
54642,276,4,0,228
54654,12,3,-1,1584
54658,144,3,-1,120
54670,384,7,1,696
54674,84,2,0,8064
54686,84,2,0,2400
54690,144,2,0,13152
54702,132,2,0,6576
54706,336,4,-1,1536
54718,108,3,1,2640
54722,72,3,1,3048
54734,288,3,0,4704
54738,156,2,0,1848
54750,120,2,0,8664
54754,96,2,0,4104
54766,204,2,0,7680
54770,324,3,0,5760
54782,120,3,-1,3696
54786,48,3,-1,1236
54798,300,3,0,4320
54802,240,2,0,9792
54814,96,2,0,10176
54818,168,2,0,912
54830,324,2,0,3816
54834,216,3,0,2928
54846,60,3,1,6582
54850,228,3,1,16992
54862,300,4,-1,528
54866,372,2,0,4800
54878,108,2,0,10944
54882,36,2,0,5568
54894,108,2,0,6480
54898,372,5,0,168
54910,192,3,-1,5016
54914,108,3,-1,2976
54926,240,4,0,1776
54930,264,2,0,12576
54942,84,2,0,2064
54946,72,2,0,7488
54958,192,2,0,2016
54962,564,4,1,5040
54974,84,3,1,3744
54978,60,3,1,5856
54990,324,3,0,4800
54994,216,2,0,8064
55006,48,2,0,2400
55010,168,2,0,3792
55026,168,3,0,3264
55038,96,3,-1,1728
55042,168,3,-1,204
55054,168,3,0,3840
55058,252,2,0,2256
55070,168,2,0,20040
55074,48,2,0,5760
55086,108,2,0,6840
55090,312,3,0,6240
55102,84,3,1,9216
55106,108,3,1,9072
55118,408,4,1,1020
55122,192,2,0,6048
55134,72,2,0,6816
55138,120,2,0,11904
55150,288,2,0,2496
55154,408,5,-1,264
55166,24,3,-1,3168
55170,72,3,-1,1728
55182,336,4,0,2160
55198,72,2,0,9216
55202,72,2,0,8208
55214,168,2,0,8064
55218,396,4,-1,216
55230,48,3,1,8016
55234,24,3,1,7776
55246,204,3,0,3600
55250,336,2,0,14064
55262,108,2,0,624
55266,60,2,0,9504
55278,96,2,0,7920
55282,288,3,0,4608
55294,156,3,-1,1878
55298,216,3,-1,1728
55310,456,3,0,7440
55314,120,2,0,4320
55326,36,2,0,828
55330,96,2,0,3216
55342,168,2,0,288
55346,192,3,0,4176
55358,120,3,1,1440
55362,144,3,1,12672
55374,204,4,-1,924
55378,204,2,0,11232
55390,144,2,0,17184
55394,132,2,0,7104
55406,216,2,0,4272
55410,240,4,0,1872
55422,12,3,-1,2976
55426,48,3,-1,2304
55438,840,5,-1,384
55442,396,2,0,672
55454,60,2,0,5760
55458,84,2,0,1200
55470,180,2,0,8400
55474,684,4,1,1224
55486,36,3,1,7200
55490,192,3,1,14676
55502,444,3,0,6336
55506,96,2,0,4992
55518,72,2,0,7632
55522,132,2,0,1344
55534,156,2,0,336
55538,396,3,0,4416
55550,96,3,-1,936
55554,72,3,-1,2208
55566,168,3,0,2856
55570,348,2,0,13032
55582,60,2,0,2688
55586,120,2,0,1152
55598,84,2,0,9216
55602,264,3,0,3840
55614,48,3,1,9456
55618,96,3,1,4032
55630,792,4,1,6480
55634,276,2,0,10560
55646,36,2,0,7920
55650,48,2,0,144
55662,168,2,0,8640
55666,276,4,0,2352
55682,120,3,-1,2784
55694,504,5,0,336
55698,192,2,0,8016
55710,72,2,0,8736
55714,60,2,0,9408
55726,312,2,0,5376
55730,708,4,-1,852
55742,144,3,1,3048
55746,96,3,1,6060
55758,336,3,0,84
55762,132,2,0,3456
55774,36,2,0,8064
55778,84,2,0,9600
55790,156,2,0,13152
55794,204,3,0,2880
55806,84,3,-1,348
55810,180,3,-1,4428
55822,216,3,0,4128
55826,228,2,0,10752
55838,192,2,0,6720
55854,144,2,0,8232
55858,456,3,0,768
55870,108,3,1,1572
55874,60,3,1,1524
55886,252,4,-1,1200
55890,240,2,0,10368
55902,36,2,0,5376
55906,96,2,0,2496
55918,228,2,0,10752
55922,600,7,0,384
55934,72,3,-1,2592
55938,72,3,-1,2520
55950,492,4,0,2640
55954,180,2,0,7080
55966,84,2,0,12792
55970,84,2,0,16128
55982,204,2,0,1944
55986,360,4,1,2808
55998,144,3,1,8736
56002,24,3,1,1728
56014,360,3,0,1032
56018,180,2,0,2208
56030,132,2,0,16320
56034,120,2,0,7128
56046,84,2,0,36
56050,924,3,0,3696
56062,60,3,-1,3456
56066,48,3,-1,2688
56078,360,3,0,3984
56082,192,2,0,11760
56094,72,2,0,4608
56098,36,2,0,8352
56110,276,2,0,1824
56114,300,3,0,4128
56126,84,3,1,2568
56130,36,3,1,6816
56142,468,4,1,624
56146,252,2,0,10656
56158,180,2,0,864
56162,108,2,0,5088
56174,96,2,0,8640
56178,348,5,1,2112
56190,72,3,-1,2952
56194,108,3,-1,144
56206,456,4,0,2736
56210,204,2,0,10944
56222,48,2,0,8448
56226,60,2,0,6528
56238,108,2,0,7344
56242,360,4,-1,36
56254,48,3,1,7872
56258,180,3,1,3120
56270,480,3,0,2880
56274,180,2,0,6912
56286,60,2,0,7488
56290,72,2,0,12912
56302,384,2,0,4992
56306,348,3,0,108
56318,60,3,-1,2880
56322,132,3,-1,3072
56338,324,2,0,3072
56350,108,2,0,10608
56354,60,2,0,6864
56366,180,2,0,408
56370,372,3,0,4512
56382,96,3,1,7392
56386,84,3,1,9000
56398,528,4,-1,1728
56402,168,2,0,7920
56414,120,2,0,2664
56418,36,2,0,6336
56430,84,2,0,7272
56434,336,4,0,2160
56446,120,3,-1,648
56450,276,3,-1,1824
56462,660,5,1,2400
56466,120,2,0,4608
56478,84,2,0,8448
56482,192,2,0,5376
56494,132,2,0,6144
56510,72,3,1,13788
56514,24,3,1,6936
56526,228,3,0,3600
56530,372,2,0,1224
56542,120,2,0,1872
56546,36,2,0,5520
56558,540,2,0,384
56562,108,3,0,3168
56574,12,3,-1,1920
56578,108,3,-1,3024
56590,672,3,0,336
56594,312,2,0,5064
56606,60,2,0,5760
56610,120,2,0,12528
56622,120,2,0,7296
56626,408,3,0,1248
56638,84,3,1,10752
56642,84,3,1,1344
56654,420,4,1,5796
56658,120,2,0,960
56670,144,2,0,10320
56674,72,2,0,9600
56686,96,2,0,6552
56690,564,4,0,2592
56702,72,3,-1,1416
56706,36,3,-1,2904
56718,252,5,0,816
56722,168,2,0,672
56734,96,2,0,3192
56738,132,2,0,2304
56750,252,2,0,18624
56754,180,4,-1,1044
56766,84,3,1,5250
56770,120,3,1,2796
56782,432,3,0,5376
56786,144,2,0,1152
56798,96,2,0,7920
56802,36,2,0,7800
56814,72,2,0,6528
56818,372,3,0,5616
56830,156,3,-1,216
56834,72,3,-1,2784
56846,504,3,0,108
56850,204,2,0,9900
56862,84,2,0,9696
56866,72,2,0,9360
56878,144,2,0,1776
56882,624,3,0,1008
56894,156,3,1,1536
56898,36,3,1,6336
56910,312,4,-1,1428
56914,168,2,0,3528
56926,108,2,0,8448
56930,84,2,0,12960
56942,252,2,0,1800
56946,348,6,1,936
56958,120,3,-1,504
56962,60,3,-1,2544
56974,384,4,0,2592
56978,228,2,0,576
56994,60,2,0,4128
57006,168,2,0,5616
57010,576,4,1,5688
57022,72,3,1,3696
57026,156,3,1,4248
57038,336,3,0,4800
57042,288,2,0,1800
57054,36,2,0,6240
57058,180,2,0,960
57070,492,2,0,18192
57074,216,3,0,2496
57086,108,3,-1,3744
57090,84,3,-1,360
57102,336,3,0,3312
57106,204,2,0,288
57118,144,2,0,336
57122,132,2,0,12096
57134,228,2,0,3480
57138,276,3,0,4320
57150,36,3,1,8436
57166,396,4,1,432
57170,372,2,0,3840
57182,144,2,0,12288
57186,36,2,0,66
57198,180,2,0,9696
57202,492,5,-1,180
57214,108,3,-1,2112
57218,72,3,-1,3264
57230,636,4,0,2736
57234,72,2,0,6048
57246,60,2,0,7176
57250,48,2,0,8832
57262,264,2,0,12288
57266,348,4,-1,1344
57278,108,3,1,2400
57282,48,3,1,7608
57294,240,3,0,2928
57298,144,2,0,8064
57310,132,2,0,3240
57314,156,2,0,3072
57326,72,2,0,6720
57330,348,3,0,5184
57342,48,3,-1,480
57346,120,3,-1,1248
57358,360,3,0,864
57362,132,2,0,8256
57374,96,2,0,1800
57378,96,2,0,8160
57390,156,2,0,9480
57394,384,3,0,5592
57406,72,3,1,6900
57410,108,3,1,12000
57422,780,4,-1,792
57426,156,2,0,8208
57438,84,2,0,6336
57442,84,2,0,2496
57454,264,2,0,4800
57458,744,4,0,192
57470,168,3,-1,4080
57474,36,3,-1,1800
57486,264,5,-1,492
57490,276,2,0,1152
57502,72,2,0,8448
57506,96,2,0,10752
57518,324,2,0,13824
57522,408,4,1,12
57534,72,3,1,5808
57538,48,3,1,9552
57550,348,3,0,5952
57554,156,2,0,8352
57566,120,2,0,3552
57570,192,2,0,1248
57582,60,2,0,4608
57586,204,3,0,3504
57598,144,3,-1,1488
57602,168,3,-1,816
57614,264,3,0,3744
57618,108,2,0,6240
57630,132,2,0,13440
57634,84,2,0,1680
57650,600,3,0,6240
57662,108,3,1,8160
57666,84,3,1,7440
57678,432,4,1,384
57682,168,2,0,10080
57694,108,2,0,624
57698,132,2,0,10080
57710,288,2,0,3456
57714,264,4,0,2232
57726,72,3,-1,2676
57730,192,3,-1,5376
57742,864,6,1,90
57746,264,2,0,3024
57758,132,2,0,2160
57762,84,2,0,6528
57774,168,2,0,5904
57778,480,4,-1,816
57790,156,3,1,19104
57794,84,3,1,8832
57806,276,3,0,3648
57822,48,2,0,6480
57826,108,2,0,8352
57838,108,2,0,6048
57842,420,3,0,192
57854,120,3,-1,510
57858,72,3,-1,504
57870,552,3,0,6768
57874,156,2,0,1104
57886,132,2,0,4008
57890,132,2,0,4056
57902,204,2,0,12480
57906,168,3,0,3120
57918,96,3,1,7056
57922,132,3,1,3504
57934,252,4,-1,1248
57938,228,2,0,10752
57950,120,2,0,10704
57954,132,2,0,8976
57966,204,2,0,8064
57970,540,5,0,1248
57982,84,3,-1,336
57986,60,3,-1,2880
57998,564,4,0,1128
58002,192,2,0,6000
58014,96,2,0,5544
58018,108,2,0,10656
58030,180,2,0,2976
58034,444,4,1,900
58046,60,3,1,8736
58050,120,3,1,9822
58062,144,3,0,3168
58066,192,2,0,2208
58078,156,2,0,768
58082,132,2,0,9600
58094,192,2,0,7488
58098,348,3,0,4224
58110,60,3,-1,2352
58114,84,3,-1,2328
58126,252,3,0,4224
58130,144,2,0,12672
58142,216,2,0,528
58146,72,2,0,4992
58158,192,2,0,192
58162,312,3,0,5856
58174,96,3,1,1716
58178,168,3,1,84
58190,768,4,1,6696
58194,36,2,0,5760
58206,84,2,0,7224
58210,156,2,0,7296
58222,192,2,0,7776
58226,204,5,1,1428
58238,72,3,-1,3168
58242,72,3,-1,528
58254,156,4,0,1224
58258,240,2,0,2544
58270,72,2,0,8832
58274,192,2,0,15456
58286,204,2,0,2592
58290,360,4,-1,1680
58306,72,3,1,6180
58318,852,3,0,72
58322,288,2,0,4752
58334,120,2,0,8832
58338,36,2,0,6336
58350,300,2,0,9408
58354,408,3,0,192
58366,36,3,-1,1968
58370,84,3,-1,3792
58382,192,3,0,4032
58386,144,2,0,7704
58398,48,2,0,5568
58402,192,2,0,14208
58414,228,2,0,13944
58418,228,3,0,3552
58430,168,3,1,9060
58434,48,3,1,5796
58446,180,4,-1,792
58450,168,2,0,10080
58462,84,2,0,96
58478,204,2,0,9312
58482,348,4,0,1728
58494,108,3,-1,2520
58498,132,3,-1,840
58510,408,5,1,2304
58514,132,2,0,8256
58526,72,2,0,9744
58530,72,2,0,7320
58542,216,2,0,72
58546,588,4,1,5376
58558,144,3,1,2304
58562,84,3,1,9312
58574,252,3,0,864
58578,144,2,0,6912
58590,48,2,0,7368
58594,96,2,0,5328
58606,264,2,0,2304
58610,1200,3,0,3696
58622,108,3,-1,2688
58626,108,3,-1,2256
58638,144,3,0,4128
58642,324,2,0,780
58654,120,2,0,9792
58658,120,2,0,240
58670,228,2,0,10704
58674,192,3,0,3168
58686,48,3,1,6000
58690,72,3,1,13920
58702,336,4,1,5280
58706,108,2,0,5760
58718,168,2,0,3456
58722,72,2,0,9312
58734,132,2,0,7152
58738,312,4,0,2592
58750,144,3,-1,204
58754,60,3,-1,1224
58766,408,9,-1,60
58770,228,2,0,10848
58782,48,2,0,7872
58786,120,2,0,1368
58798,96,2,0,6528
58802,324,4,-1,1824
58814,36,3,1,6192
58818,60,3,1,7248
58830,420,3,0,6480
58834,132,2,0,7416
58846,96,2,0,9216
58850,48,2,0,9888
58862,408,2,0,5088
58866,252,3,0,2640
58878,36,3,-1,2496
58882,156,3,-1,3648
58894,276,3,0,1056
58898,204,2,0,2640
58910,120,2,0,9600
58914,108,2,0,6840
58926,120,2,0,4704
58930,276,3,0,1080
58942,120,3,1,312
58946,108,3,1,420
58962,192,2,0,10128
58974,84,2,0,6696
58978,108,2,0,9216
58990,432,2,0,16944
58994,360,5,0,1056
59006,84,3,-1,630
59010,84,3,-1,2688
59022,324,4,0,1920
59026,120,2,0,8448
59038,36,2,0,2208
59042,84,2,0,360
59054,204,2,0,7008
59058,612,4,1,984
59070,48,3,1,7344
59074,144,3,1,5556
59086,360,3,0,4512
59090,276,2,0,14112
59102,60,2,0,12288
59106,60,2,0,5856
59118,168,2,0,7488
59134,72,3,-1,2880
59138,156,3,-1,576
59150,516,3,0,504
59154,84,2,0,5064
59166,0,2,0,5280
59170,180,2,0,16704
59182,336,2,0,5376
59186,516,3,0,2280
59198,96,3,1,9624
59202,24,3,1,5880
59214,228,4,1,2904
59218,324,2,0,3840
59230,108,2,0,8160
59234,72,2,0,576
59246,204,2,0,1776
59250,648,5,-1,816
59262,108,3,-1,2616
59266,84,3,-1,2820
59278,264,4,0,2016
59282,180,2,0,8352
59294,144,2,0,120
59298,96,2,0,10272
59310,216,2,0,11472
59314,300,4,-1,1536
59326,168,3,1,3504
59330,228,3,1,3528
59342,204,3,0,768
59346,108,2,0,5400
59358,84,2,0,1680
59362,156,2,0,2208
59374,168,2,0,8496
59378,264,3,0,4224
59390,144,3,-1,4128
59394,72,3,-1,2040
59406,180,3,0,2232
59410,360,2,0,18720
59422,180,2,0,11712
59426,48,2,0,576
59438,276,2,0,2688
59442,336,3,0,168
59454,60,3,1,5400
59458,60,3,1,1008
59470,588,4,-1,552
59474,168,2,0,768
59486,72,2,0,7632
59490,48,2,0,8688
59502,96,2,0,5424
59506,684,4,0,1344
59518,144,3,-1,2784
59522,204,3,-1,4176
59534,480,5,-1,924
59538,108,2,0,6240
59550,144,2,0,48
59554,72,2,0,7104
59566,120,2,0,8640
59570,516,4,1,5016
59582,72,3,1,2784
59586,72,3,1,7104
59598,204,3,0,3456
59602,276,2,0,12672
59618,240,2,0,8016
59630,156,2,0,1032
59634,252,3,0,3288
59646,96,3,-1,2592
59650,96,3,-1,1008
59662,396,3,0,6432
59666,144,2,0,8160
59678,120,2,0,10944
59682,60,2,0,6048
59694,168,2,0,6480
59698,456,3,0,4224
59710,144,3,1,11304
59714,144,3,1,8880
59726,744,4,1,288
59730,216,2,0,9360
59742,48,2,0,1440
59746,72,2,0,5856
59758,348,2,0,432
59762,360,4,0,576
59774,72,3,-1,3168
59790,288,5,0,1008
59794,276,2,0,2112
59806,120,2,0,9216
59810,72,2,0,9600
59822,180,2,0,9600
59826,240,4,-1,804
59838,72,3,1,8520
59842,168,3,1,2448
59854,300,3,0,3696
59858,396,2,0,2640
59870,180,2,0,2784
59874,60,2,0,6528
59886,168,2,0,8328
59890,444,3,0,6240
59902,60,3,-1,744
59906,60,3,-1,768
59918,348,3,0,384
59922,84,2,0,1056
59934,24,2,0,4512
59938,156,2,0,4224
59950,300,2,0,14448
59954,288,3,0,4464
59966,60,3,1,6048
59970,60,3,1,11112
59982,348,4,-1,1584
59986,144,2,0,336
59998,96,2,0,13632
60002,120,2,0,9792
60014,180,2,0,2448
60018,300,7,-1,120
60030,72,3,-1,324
60034,96,3,-1,3120
60046,300,4,0,756
60050,216,2,0,5760
60062,156,2,0,12480
60066,60,2,0,6120
60078,144,2,0,7848
60082,600,4,1,564
60094,96,3,1,11328
60098,48,3,1,8256
60110,300,3,0,5880
60114,144,2,0,456
60126,12,2,0,3792
60130,144,2,0,14016
60142,120,2,0,1344
60146,600,3,0,6336
60158,180,3,-1,312
60162,24,3,-1,2352
60174,240,3,0,4608
60178,216,2,0,12048
60190,156,2,0,4008
60194,108,2,0,2304
60206,144,2,0,9840
60210,324,3,0,4584
60222,120,3,1,9360
60226,156,3,1,30
60238,324,4,1,4656
60242,216,2,0,1920
60254,60,2,0,8736
60258,84,2,0,1920
60274,240,5,1,1620
60286,96,3,-1,2688
60290,120,3,-1,4416
60302,564,4,0,576
60306,156,2,0,8016
60318,60,2,0,7224
60322,84,2,0,8832
60334,240,2,0,2400
60338,324,4,-1,528
60350,144,3,1,13284
60354,36,3,1,5100
60366,180,3,0,3696
60370,372,2,0,5760
60382,108,2,0,8544
60386,36,2,0,8304
60398,168,2,0,7488
60402,288,3,0,360
60414,60,3,-1,1620
60418,48,3,-1,3936
60430,720,3,0,8400
60446,96,2,0,288
60450,96,2,0,10416
60462,84,2,0,6960
60466,240,3,0,3840
60478,168,3,1,4368
60482,216,3,1,6312
60494,228,4,-1,960
60498,204,2,0,7584
60510,120,2,0,2160
60514,96,2,0,2880
60526,72,2,0,7728
60530,600,4,0,4080
60542,108,3,-1,756
60546,84,3,-1,1902
60558,492,5,1,3
60562,180,2,0,9600
60574,60,2,0,6336
60578,84,2,0,8640
60590,384,2,0,7680
60594,240,4,1,2544
60606,48,3,1,7332
60610,48,3,1,8688
60622,468,3,0,1728
60626,312,2,0,2688
60638,84,2,0,8256
60642,168,2,0,1584
60654,60,2,0,5928
60658,528,3,0,240
60670,132,3,-1,3792
60674,60,3,-1,2688
60686,204,3,0,2736
60690,84,2,0,9648
60702,84,2,0,9216
60706,96,2,0,1008
60718,204,2,0,12192
60722,396,3,0,5760
60734,72,3,1,1824
60738,84,3,1,9744
60750,336,4,1,2664
60754,240,2,0,11136
60766,132,2,0,2496
60770,120,2,0,1536
60782,192,2,0,14448
60786,216,4,0,1248
60798,36,3,-1,1920
60802,120,3,-1,1272
60814,480,5,0,192
60818,312,2,0,9984
60830,48,2,0,9648
60834,48,2,0,5400
60846,72,2,0,6288
60850,540,4,-1,2712
60862,60,3,1,8400
60866,72,3,1,9216
60878,732,3,0,2496
60882,84,2,0,5184
60894,60,2,0,8544
60898,120,2,0,12096
60910,372,2,0,6360
60914,312,3,0,1656
60930,48,3,-1,2976
60942,348,3,0,864
60946,72,2,0,1704
60958,96,2,0,1728
60962,132,2,0,360
60974,108,2,0,6528
60978,384,3,0,4032
60990,120,3,1,636
60994,108,3,1,9312
61006,324,4,-1,1296
61010,168,2,0,288
61022,96,2,0,3600
61026,48,2,0,5184
61038,180,2,0,7296
61042,552,6,-1,72
61054,144,3,-1,288
61058,84,3,-1,180
61070,624,4,0,3552
61074,138,2,0,48
61086,36,2,0,4656
61102,180,2,0,9264
61106,372,4,1,3888
61118,168,3,1,14448
61122,24,3,1,6288
61134,240,3,0,3384
61138,132,2,0,7680
61150,180,2,0,11808
61154,60,2,0,6336
61166,228,2,0,1800
61170,252,3,0,3888
61182,84,3,-1,2088
61186,96,3,-1,3840
61198,396,3,0,1296
61202,288,2,0,3456
61214,108,2,0,10176
61218,36,2,0,6912
61230,180,2,0,11064
61234,276,3,0,1824
61246,72,3,1,6240
61250,156,3,1,13536
61262,492,4,1,4416
61266,156,2,0,7776
61278,24,2,0,6144
61282,60,2,0,7680
61294,84,2,0,1296
61298,540,5,-1,912
61310,156,3,-1,60
61314,60,3,-1,2250
61326,372,4,0,2016
61330,144,2,0,9216
61342,144,2,0,1056
61346,72,2,0,4176
61358,168,2,0,1296
61362,300,4,-1,1056
61374,24,3,1,5004
61378,156,3,1,912
61390,336,3,0,4896
61394,156,2,0,8856
61406,108,2,0,11424
61410,96,2,0,8064
61422,180,2,0,9264
61426,312,3,0,4800
61438,108,3,-1,4608
61442,84,3,-1,744
61454,540,3,0,192
61458,168,2,0,1392
61470,96,2,0,12168
61474,96,2,0,6624
61486,132,2,0,2160
61490,576,3,0,240
61502,84,3,1,8496
61506,36,3,1,5088
61518,324,4,-1,936
61522,360,2,0,3264
61534,36,2,0,6432
61538,120,2,0,12576
61550,204,2,0,13824
61554,156,4,0,1200
61566,96,3,-1,216
61570,144,3,-1,3552
61586,132,2,0,7152
61598,84,2,0,384
61602,60,2,0,9792
61614,84,2,0,5280
61618,444,4,1,5016
61630,96,3,1,2448
61634,84,3,1,2592
61646,216,3,0,3504
61650,156,2,0,9864
61662,72,2,0,8064
61666,168,2,0,186
61678,300,2,0,12864
61682,300,3,0,5952
61694,72,3,-1,2868
61698,60,3,-1,2184
61710,348,3,0,4224
61714,180,2,0,8640
61726,72,2,0,7272
61730,180,2,0,12768
61742,480,2,0,504
61758,108,3,1,1980
61762,132,3,1,8928
61774,696,4,1,2538
61778,300,2,0,4272
61790,24,2,0,10080
61794,120,2,0,936
61806,204,2,0,6336
61810,768,4,0,1056
61822,108,3,-1,4656
61826,12,3,-1,1920
61838,408,6,-1,336
61842,120,2,0,1128
61854,60,2,0,672
61858,60,2,0,1392
61870,240,2,0,120
61874,396,4,-1,1584
61886,168,3,1,4728
61890,24,3,1,9696
61902,192,3,0,3456
61906,156,2,0,8208
61918,108,2,0,2880
61922,120,2,0,2112
61934,192,2,0,8112
61938,192,3,0,3456
61950,72,3,-1,2712
61954,120,3,-1,648
61966,336,3,0,4752
61970,216,2,0,15120
61982,48,2,0,7680
61986,36,2,0,6624
61998,204,2,0,8640
62002,360,3,0,4704
62014,120,3,1,11208
62018,84,3,1,8928
62030,456,4,-1,432
62034,120,2,0,5184
62046,60,2,0,216
62050,108,2,0,960
62062,132,2,0,1992
62066,552,5,0,72
62078,108,3,-1,384
62082,108,3,-1,3552
62094,264,4,0,1584
62098,372,2,0,5136
62110,144,2,0,15768
62114,60,2,0,7920
62126,180,2,0,9984
62130,456,4,1,318
62142,36,3,1,840
62146,84,3,1,504
62158,396,3,0,192
62162,168,2,0,8256
62174,108,2,0,2280
62178,48,2,0,5136
62190,180,2,0,9504
62194,264,3,0,4368
62206,144,3,-1,1152
62210,396,3,-1,3180
62222,360,3,0,4800
62226,84,2,0,5472
62242,204,2,0,792
62254,96,2,0,432
62258,384,3,0,1248
62270,108,3,1,15456
62274,36,3,1,612
62286,360,4,1,3432
62290,240,2,0,11472
62302,144,2,0,12672
62306,48,2,0,10944
62318,264,2,0,3648
62322,432,5,1,2928
62334,108,3,-1,2112
62338,144,3,-1,288
62350,924,4,0,288
62354,168,2,0,2208
62366,48,2,0,9504
62370,84,2,0,6240
62382,300,2,0,1248
62386,288,4,-1,264
62398,96,3,1,6384
62414,360,3,0,4128
62418,180,2,0,9984
62430,60,2,0,8400
62434,144,2,0,13200
62446,156,2,0,8832
62450,288,3,0,4272
62462,132,3,-1,984
62466,48,3,-1,1788
62478,228,3,0,3168
62482,192,2,0,10080
62494,72,2,0,2016
62498,156,2,0,3456
62510,192,2,0,9792
62514,180,3,0,2544
62526,48,3,1,5688
62530,192,3,1,7680
62542,564,4,-1,288
62546,156,2,0,8352
62558,48,2,0,2592
62562,48,2,0,7392
62574,144,2,0,7008
62578,420,4,0,336
62590,108,3,-1,3588
62594,84,3,-1,2256
62606,552,5,1,672
62610,204,2,0,9984
62622,48,2,0,5088
62626,60,2,0,8256
62638,264,2,0,6192
62642,732,4,1,426
62654,72,3,1,10584
62658,96,3,1,2016
62670,324,3,0,4920
62674,216,2,0,1092
62686,108,2,0,10032
62690,72,2,0,10752
62702,300,2,0,576
62706,168,3,0,2592
62718,108,3,-1,2784
62722,60,3,-1,2496
62734,216,3,0,3072
62738,168,2,0,7584
62750,96,2,0,4704
62754,36,2,0,336
62766,72,2,0,30
62770,528,3,0,7440
62782,168,3,1,4200
62786,48,3,1,1782
62798,636,4,1,7872
62802,72,2,0,5856
62814,24,2,0,5880
62818,120,2,0,2064
62830,288,2,0,14592
62834,588,4,0,3024
62846,84,3,-1,1704
62850,120,3,-1,4032
62862,444,6,0,72
62866,276,2,0,9552
62878,60,2,0,8064
62882,132,2,0,9504
62898,204,4,-1,1008
62910,204,3,1,11952
62914,60,3,1,8256
62926,300,3,0,816
62930,300,2,0,288
62942,120,2,0,2112
62946,72,2,0,7968
62958,192,2,0,1032
62962,504,3,0,2832
62974,48,3,-1,2400
62978,60,3,-1,3504
62990,372,3,0,5952
62994,108,2,0,5184
63006,48,2,0,7368
63010,24,2,0,9216
63022,132,2,0,10464
63026,420,3,0,4896
63038,144,3,1,720
63042,48,3,1,1092
63054,180,4,-1,1008
63070,108,2,0,6048
63074,84,2,0,2904
63086,156,2,0,9216
63090,264,5,0,912
63102,84,3,-1,2064
63106,144,3,-1,1080
63118,420,4,0,2304
63122,156,2,0,12192
63134,96,2,0,9600
63138,48,2,0,8256
63150,84,2,0,6768
63154,276,4,1,3432
63166,108,3,1,912
63170,108,3,1,12720
63182,480,3,0,2208
63186,156,2,0,6504
63198,84,2,0,8832
63202,108,2,0,13440
63214,108,2,0,2112
63218,384,3,0,1296
63230,60,3,-1,4512
63234,48,3,-1,1272
63246,180,3,0,4080
63250,372,2,0,3312
63262,48,2,0,7392
63266,48,2,0,5760
63278,288,2,0,12768
63282,204,3,0,3744
63294,24,3,1,6060
63298,48,3,1,8352
63310,732,4,1,7464
63314,144,2,0,9792
63326,120,2,0,1920
63330,108,2,0,10248
63342,300,2,0,2280
63346,228,5,-1,432
63358,144,3,-1,162
63362,216,3,-1,24
63374,324,4,0,1440
63378,108,2,0,7440
63390,132,2,0,7656
63394,168,2,0,5232
63406,132,2,0,8160
63410,312,4,-1,1632
63422,96,3,1,168
63426,84,3,1,7416
63438,108,3,0,2688
63442,324,2,0,2808
63454,72,2,0,8064
63458,120,2,0,1296
63470,180,2,0,3720
63474,228,3,0,4344
63486,72,3,-1,1548
63490,84,3,-1,3480
63502,576,3,0,288
63506,216,2,0,3552
63518,96,2,0,9504
63522,72,2,0,5664
63534,84,2,0,6144
63538,396,3,0,1776
63554,96,3,1,11016
63566,252,4,-1,1608
63570,204,2,0,11040
63582,48,2,0,8880
63586,72,2,0,7872
63598,204,2,0,10272
63602,264,4,0,1680
63614,192,3,-1,1296
63618,48,3,-1,2184
63630,396,5,-1,720
63634,144,2,0,6144
63646,132,2,0,180
63650,252,2,0,4608
63662,168,2,0,7632
63666,516,4,1,4968
63678,36,3,1,6912
63682,96,3,1,2304
63694,252,3,0,5088
63698,192,2,0,7776
63710,156,2,0,11904
63726,144,2,0,6600
63730,516,3,0,6432
63742,204,3,-1,768
63746,84,3,-1,2592
63758,504,3,0,288
63762,144,2,0,6480
63774,36,2,0,4860
63778,144,2,0,13056
63790,492,2,0,252
63794,348,3,0,1296
63806,36,3,1,7704
63810,96,3,1,10752
63822,216,4,1,3288
63826,144,2,0,3504
63838,96,2,0,8832
63842,96,2,0,48
63854,168,2,0,7680
63858,252,4,0,12
63870,72,3,-1,3348
63874,60,3,-1,3744
63886,396,5,0,1056
63890,288,2,0,15240
63902,144,2,0,4464
63906,48,2,0,4416
63918,168,2,0,8880
63922,348,4,-1,1488
63934,108,3,1,5058
63938,108,3,1,4608
63950,384,3,0,768
63954,156,2,0,6360
63966,48,2,0,5280
63970,96,2,0,1200
63982,228,2,0,7680
63986,288,3,0,432
63998,36,3,-1,84
64002,120,3,-1,2808
64014,180,3,0,2832
64018,96,2,0,9600
64030,84,2,0,16128
64034,12,2,0,6480
64046,312,2,0,4512
64050,384,3,0,4320
64062,36,3,1,7296
64066,60,3,1,7008
64078,228,4,-1,288
64082,288,2,0,2592
64094,108,2,0,6720
64098,36,2,0,8064
64110,252,2,0,9576
64114,420,6,0,132
64126,108,3,-1,4080
64130,108,3,-1,3552
64142,612,4,0,576
64146,132,2,0,624
64158,36,2,0,96
64162,144,2,0,9600
64174,84,2,0,9792
64178,540,4,1,6720
64190,24,3,1,2640
64194,72,3,1,5592
64210,240,2,0,13536
64222,132,2,0,2208
64226,96,2,0,2928
64238,264,2,0,14736
64242,252,3,0,768
64254,72,3,-1,2580
64258,108,3,-1,360
64270,300,3,0,4752
64274,72,2,0,576
64286,48,2,0,9216
64290,72,2,0,10008
64302,96,2,0,5568
64306,240,3,0,3264
64318,156,3,1,672
64322,84,3,1,10032
64334,480,4,1,336
64338,108,2,0,8832
64350,84,2,0,9240
64354,60,2,0,6720
64366,264,2,0,3696
64382,96,3,-1,2784
64386,72,3,-1,1692
64398,300,4,0,2016
64402,252,2,0,3648
64414,120,2,0,10080
64418,108,2,0,8832
64430,216,2,0,1296
64434,300,4,-1,1392
64446,60,3,1,5544
64450,96,3,1,11088
64462,564,3,0,7776
64466,144,2,0,7968
64478,180,2,0,6528
64482,60,2,0,6480
64494,108,2,0,5040
64498,252,3,0,4416
64510,144,3,-1,1176
64514,144,3,-1,720
64526,192,3,0,3168
64530,192,2,0,9240
64542,96,2,0,1008
64546,168,2,0,2544
64558,168,2,0,2304
64562,228,3,0,4032
64574,60,3,1,7776
64578,60,3,1,6144
64590,504,4,-1,2718
64594,96,2,0,9216
64606,24,2,0,4992
64610,132,2,0,14976
64622,180,2,0,1632
64626,240,4,0,240
64638,120,3,-1,2088
64642,96,3,-1,456
64654,648,5,1,600
64658,522,2,0,96
64670,192,2,0,14544
64674,48,2,0,6624
64686,156,2,0,6936
64690,888,4,1,2832
64702,72,3,1,8784
64706,72,3,1,9120
64718,336,3,0,3744
64722,144,2,0,6672
64734,60,2,0,1320
64738,48,2,0,8832
64750,228,2,0,13248
64754,156,3,0,2856
64766,84,3,-1,1152
64770,132,3,-1,132
64782,252,3,0,3408
64786,312,2,0,14640
64798,96,2,0,5424
64802,108,2,0,4032
64814,96,2,0,10608
64818,216,3,0,3264
64830,48,3,1,6300
64834,96,3,1,144
64846,396,4,1,3840
64850,168,2,0,8352
64866,36,2,0,6144
64878,84,2,0,7872
64882,384,4,0,2592
64894,96,3,-1,1752
64898,132,3,-1,3744
64910,852,5,0,732
64914,84,2,0,5184
64926,48,2,0,6480
64930,132,2,0,1776
64942,486,2,0,156
64946,360,4,-1,264
64958,96,3,1,96
64962,120,3,1,6336
64974,144,3,0,3000
64978,132,2,0,1872
64990,108,2,0,14976
64994,72,2,0,8880
65006,192,2,0,8784
65010,324,3,0,5424
65022,36,3,-1,2688
65038,336,3,0,5184
65042,264,2,0,1920
65054,36,2,0,1512
65058,72,2,0,2160
65070,192,2,0,8736
65074,324,3,0,3888
65086,96,3,1,2304
65090,96,3,1,2736
65102,396,4,-1,1728
65106,132,2,0,5184
65118,72,2,0,7488
65122,192,2,0,6912
65134,156,2,0,7920
65138,348,6,1,1200
65150,168,3,-1,4728
65154,60,3,-1,2112
65166,264,4,0,1440
65170,180,2,0,8160
65182,108,2,0,10368
65186,60,2,0,6048
65198,156,2,0,2304
65202,228,4,1,2976
65214,48,3,1,864
65218,96,3,1,10368
65230,456,3,0,2376
65234,444,2,0,6444
65246,60,2,0,8496
65250,48,2,0,7992
65262,132,2,0,8256
65266,396,3,0,432
65278,180,3,-1,3576
65282,72,3,-1,2880
65294,312,3,0,168
65298,84,2,0,7920
65310,60,2,0,5892
65314,108,2,0,8520
65326,192,2,0,7680
65330,420,3,0,7584
65342,180,3,1,240
65346,72,3,1,7392
65358,516,4,1,876
65362,144,2,0,7296
65374,180,2,0,2880
65378,84,2,0,1920
65390,228,2,0,9600
65394,300,5,-1,504
65406,60,3,-1,2568
65410,132,3,-1,180
65422,348,4,0,1920
65426,240,2,0,9024
65438,120,2,0,768
65442,48,2,0,1632
65454,84,2,0,4608
65458,432,4,-1,288
65470,84,3,1,12480
65474,108,3,1,8016
65486,480,3,0,1344
65490,120,2,0,8736
65502,72,2,0,7152
65506,48,2,0,6144
65522,384,3,0,1536
65534,72,3,-1,2808
65538,48,3,-1,1968
65550,288,3,0,4608
65554,288,2,0,5256
65566,12,2,0,7008
65570,120,2,0,13248
65582,132,2,0,9024
65586,156,3,0,2376
65598,96,3,1,9912
65602,144,3,1,12480
65614,228,4,-1,72
65618,216,2,0,9600
65630,240,2,0,2856
65634,84,2,0,480
65646,120,2,0,4608
65650,576,4,0,3528
65662,132,3,-1,1392
65666,144,3,-1,1428
65678,264,5,-1,624
65694,96,2,0,9816
65698,48,2,0,2448
65710,180,2,0,15840
65714,372,4,1,528
65726,60,3,1,540
65730,72,3,1,5862
65742,144,3,0,624
65746,204,2,0,9408
65758,36,2,0,1920
65762,96,2,0,576
65774,264,2,0,4272
65778,468,3,0,4632
65790,120,3,-1,2640
65794,72,3,-1,2448
65806,516,3,0,1824
65810,192,2,0,2040
65822,84,2,0,11232
65826,132,2,0,7440
65838,96,2,0,5952
65842,480,3,0,216
65854,72,3,1,6576
65858,108,3,1,2304
65870,660,4,1,6072
65874,108,2,0,5880
65886,48,2,0,5568
65890,132,2,0,504
65902,192,2,0,8064
65906,348,4,0,1992
65918,72,3,-1,864
65922,48,3,-1,192
65934,228,6,1,702
65938,120,2,0,8832
65950,180,2,0,3096
65954,156,2,0,720
65966,84,2,0,6720
65970,396,4,-1,1536
65982,84,3,1,8820
65986,84,3,1,2874
65998,432,3,0,864
66002,252,2,0,12768
66014,60,2,0,6480
66018,72,2,0,108
66030,192,2,0,11904
66034,324,3,0,3840
66046,96,3,-1,3576
66050,48,3,-1,3696
66062,492,3,0,1728
66066,120,2,0,5040
66078,12,2,0,7008
66082,60,2,0,8064
66094,288,2,0,3864
66098,516,3,0,2496
66110,144,3,1,10080
66114,60,3,1,6618
66126,144,4,-1,774
66130,432,2,0,4944
66142,60,2,0,1728
66146,96,2,0,6816
66158,192,2,0,2160
66162,456,5,0,1224
66178,120,3,-1,36
66190,480,4,0,2496
66194,156,2,0,960
66206,108,2,0,3240
66210,108,2,0,720
66222,192,2,0,9648
66226,396,4,1,4224
66238,108,3,1,864
66242,192,3,1,822
66254,384,3,0,6480
66258,84,2,0,1704
66270,96,2,0,7728
66274,60,2,0,1584
66286,84,2,0,5616
66290,420,3,0,6000
66302,120,3,-1,504
66306,84,3,-1,2544
66318,240,3,0,4128
66322,84,2,0,6336
66334,132,2,0,10272
66350,228,2,0,2472
66354,264,3,0,3312
66366,84,3,1,6012
66370,108,3,1,15264
66382,552,4,1,1356
66386,192,2,0,3456
66398,72,2,0,9792
66402,36,2,0,5376
66414,96,2,0,5376
66418,660,5,1,1008
66430,228,3,-1,4272
66434,24,3,-1,1848
66446,240,4,0,1728
66450,252,2,0,10704
66462,108,2,0,48
66466,144,2,0,8496
66478,216,2,0,9600
66482,420,4,-1,1392
66494,72,3,1,2760
66498,60,3,1,1008
66510,252,3,0,4224
66514,108,2,0,7200
66526,120,2,0,4128
66530,96,2,0,6936
66542,180,2,0,1632
66546,180,3,0,2664
66558,36,3,-1,504
66562,120,3,-1,552
66574,228,3,0,3456
66578,132,2,0,9216
66590,84,2,0,15840
66594,48,2,0,5376
66606,192,2,0,8112
66610,456,3,0,5184
66622,96,3,1,8304
66626,48,3,1,6624
66638,648,4,-1,984
66642,168,2,0,1152
66654,24,2,0,96
66658,132,2,0,2304
66670,324,2,0,4416
66674,600,4,0,624
66686,48,3,-1,2268
66690,156,3,-1,3618
66702,324,5,1,1992
66706,240,2,0,1872
66718,108,2,0,11232
66722,144,2,0,10176
66734,108,2,0,5712
66738,228,4,1,2640
66750,84,3,1,9696
66754,120,3,1,7440
66766,168,3,0,3456
66770,132,2,0,576
66782,60,2,0,384
66786,132,2,0,8796
66798,168,2,0,6336
66802,324,3,0,5280
66814,72,3,-1,660
66818,132,3,-1,912
66834,192,2,0,7272
66846,36,2,0,6672
66850,108,2,0,4704
66862,216,2,0,864
66866,264,3,0,3840
66878,84,3,1,10032
66882,60,3,1,7200
66894,144,4,1,2556
66898,252,2,0,14592
66910,72,2,0,10272
66914,180,2,0,9792
66926,252,2,0,816
66930,396,4,0,2184
66942,132,3,-1,846
66946,72,3,-1,2208
66958,768,6,0,48
66962,180,2,0,3792
66974,96,2,0,9120
66978,72,2,0,1248
66990,120,2,0,7680
67006,72,3,1,5616
67010,132,3,1,18000
67022,192,3,0,4032
67026,132,2,0,4944
67038,96,2,0,8160
67042,36,2,0,1248
67054,276,2,0,11904
67058,372,3,0,1056
67070,228,3,-1,1848
67074,72,3,-1,2304
67086,288,3,0,24
67090,276,2,0,13056
67102,156,2,0,2640
67106,156,2,0,2160
67118,120,2,0,10080
67122,252,3,0,4704
67134,48,3,1,5544
67138,144,3,1,2928
67150,600,4,-1,2424
67154,132,2,0,144
67166,144,2,0,10488
67170,108,2,0,8448
67182,60,2,0,5424
67186,288,5,0,960
67198,84,3,-1,96
67202,72,3,-1,3168
67214,468,4,0,504
67218,96,2,0,6216
67230,132,2,0,9600
67234,84,2,0,9744
67246,180,2,0,1824
67250,1176,4,1,936
67262,108,3,1,12072
67266,24,3,1,4608
67278,336,3,0,4800
67282,264,2,0,528
67294,60,2,0,7584
67298,36,2,0,6912
67310,156,2,0,10368
67314,84,3,0,2592
67326,12,3,-1,108
67330,120,3,-1,3408
67342,384,3,0,864
67346,156,2,0,10920
67358,168,2,0,480
67362,108,2,0,288
67374,168,2,0,648
67378,300,3,0,4320
67390,180,3,1,8160
67394,72,3,1,3144
67406,312,4,1,3204
67410,96,2,0,336
67422,132,2,0,6912
67426,168,2,0,3264
67438,156,2,0,8832
67442,324,5,-1,156
67454,48,3,-1,3312
67458,36,3,-1,396
67470,300,4,0,2400
67474,144,2,0,8088
67490,60,2,0,12432
67502,252,2,0,5376
67506,180,4,-1,1056
67518,12,3,1,5016
67522,180,3,1,12192
67534,420,3,0,672
67538,240,2,0,192
67550,84,2,0,8976
67554,60,2,0,5064
67566,132,2,0,840
67570,420,3,0,1464
67582,96,3,-1,3120
67586,60,3,-1,3360
67598,384,3,0,5280
67602,144,2,0,6960
67614,24,2,0,5256
67618,120,2,0,11520
67630,168,2,0,8928
67634,216,3,0,3120
67646,120,3,1,2424
67662,312,4,-1,8
67666,132,2,0,4800
67678,108,2,0,1968
67682,180,2,0,3360
67694,84,2,0,6912
67698,516,4,0,2592
67710,96,3,-1,3816
67714,96,3,-1,1128
67726,312,5,-1,768
67730,120,2,0,12960
67742,84,2,0,1920
67746,84,2,0,5376
67758,108,2,0,1824
67762,816,4,1,936
67774,60,3,1,6552
67778,84,3,1,9024
67790,468,3,0,1920
67794,144,2,0,6768
67806,60,2,0,7104
67810,84,2,0,10800
67822,372,2,0,5904
67826,336,3,0,1512
67838,72,3,-1,3552
67842,156,3,-1,90
67854,216,3,0,2880
67858,216,2,0,4
67870,144,2,0,1536
67874,84,2,0,8928
67886,84,2,0,7080
67890,252,3,0,4176
67902,60,3,1,7104
67906,120,3,1,7944
67918,432,4,1,4032
67922,204,2,0,11328
67934,168,2,0,5472
67938,72,2,0,6912
67950,132,2,0,10224
67954,324,4,0,2016
67966,60,3,-1,648
67970,132,3,-1,756
67982,480,5,0,1440
67986,72,2,0,5280
67998,120,2,0,8352
68002,84,2,0,2064
68014,132,2,0,288
68018,360,4,-1,1632
68030,48,3,1,7608
68034,144,3,1,9540
68046,132,3,0,2256
68050,300,2,0,13608
68062,84,2,0,12672
68066,96,2,0,1152
68078,216,2,0,2688
68082,192,3,0,3000
68094,36,3,-1,2160
68098,24,3,-1,2304
68110,420,3,0,1488
68114,276,2,0,3000
68126,96,2,0,8256
68130,144,2,0,12480
68146,768,3,0,288
68158,192,3,1,2592
68162,72,3,1,7008
68174,456,4,-1,1512
68178,156,2,0,7632
68190,84,2,0,10464
68194,96,2,0,6336
68206,216,2,0,10080
68210,516,6,0,672
68222,96,3,-1,4
68226,24,3,-1,1788
68238,336,4,0,2016
68242,276,2,0,2736
68254,60,2,0,2880
68258,204,2,0,1224
68270,468,2,0,20352
68274,342,4,1,9
68286,60,3,1,7092
68290,168,3,1,5472
68302,288,3,0,4032
68318,60,2,0,9792
68322,108,2,0,7488
68334,108,2,0,4536
68338,264,3,0,336
68350,132,3,-1,732
68354,108,3,-1,3744
68366,408,3,0,1848
68370,204,2,0,8976
68382,72,2,0,8496
68386,36,2,0,7200
68398,348,2,0,3840
68402,252,3,0,960
68414,96,3,1,7968
68418,72,3,1,6732
68430,408,4,1,4416
68434,204,2,0,2064
68446,24,2,0,8112
68450,120,2,0,9816
68462,252,2,0,11712
68466,396,5,1,2172
68478,48,3,-1,1968
68482,108,3,-1,204
68494,372,4,0,2496
68498,108,2,0,6144
68510,240,2,0,3840
68514,48,2,0,4656
68526,132,2,0,6672
68530,492,4,-1,90
68542,84,3,1,360
68546,120,3,1,156
68558,216,3,0,840
68562,168,2,0,6624
68574,12,2,0,4896
68578,192,2,0,6768
68590,84,2,0,8640
68594,420,3,0,5616
68606,60,3,-1,3360
68610,60,3,-1,2574
68622,360,3,0,4536
68626,120,2,0,6624
68638,48,2,0,8832
68642,48,2,0,1416
68654,108,2,0,216
68658,324,3,0,768
68670,36,3,1,7680
68674,72,3,1,7008
68686,492,4,-1,744
68690,432,2,0,7320
68702,96,2,0,8256
68706,96,2,0,5784
68718,120,2,0,8064
68722,468,4,0,624
68734,96,3,-1,2880
68738,120,3,-1,4320
68750,420,5,1,3048
68754,108,2,0,5280
68766,48,2,0,5952
68770,216,2,0,12768
68782,108,2,0,7008
68786,312,4,1,3120
68802,48,3,1,8784
68814,300,3,0,3504
68818,288,2,0,13056
68830,180,2,0,1560
68834,96,2,0,1872
68846,84,2,0,6960
68850,252,3,0,660
68862,12,3,-1,1536
68866,96,3,-1,540
68878,288,3,0,4992
68882,240,2,0,10176
68894,72,2,0,7776
68898,60,2,0,5184
68910,192,2,0,7488
68914,300,3,0,3648
68926,48,3,1,7392
68930,120,3,1,12480
68942,696,4,1,276
68946,156,2,0,6480
68958,96,2,0,1536
68974,120,2,0,1680
68978,540,4,0,768
68990,132,3,-1,4224
68994,60,3,-1,2304
69006,264,5,0,468
69010,372,2,0,6048
69022,132,2,0,10176
69026,156,2,0,9408
69038,252,2,0,10656
69042,348,4,-1,228
69054,120,3,1,9264
69058,96,3,1,1500
69070,492,3,0,6528
69074,132,2,0,8352
69086,48,2,0,1992
69090,84,2,0,7128
69102,240,2,0,7584
69106,192,3,0,4896
69118,108,3,-1,1200
69122,96,3,-1,1344
69134,288,3,0,480
69138,132,2,0,8160
69150,72,2,0,7920
69154,204,2,0,792
69166,240,2,0,13056
69170,384,3,0,5280
69182,96,3,1,8640
69186,84,3,1,6552
69198,216,4,-1,6
69202,144,2,0,8448
69214,72,2,0,8640
69218,84,2,0,9216
69230,408,2,0,6336
69234,168,6,-1,186
69246,72,3,-1,48
69250,108,3,-1,3912
69262,396,4,0,624
69266,156,2,0,2088
69278,120,2,0,9024
69282,60,2,0,8640
69294,168,2,0,7680
69298,636,4,1,1560
69310,132,3,1,984
69314,96,3,1,5520
69326,432,3,0,5088
69330,72,2,0,1104
69342,96,2,0,1584
69346,48,2,0,6696
69358,276,2,0,1824
69362,444,3,0,6432
69374,96,3,-1,564
69378,72,3,-1,2880
69390,336,3,0,4872
69394,180,2,0,7968
69406,48,2,0,2100
69410,204,2,0,4224
69422,96,2,0,9600
69426,228,3,0,2484
69438,36,3,1,720
69442,168,3,1,1176
69458,216,2,0,1248
69470,60,2,0,8112
69474,36,2,0,6384
69486,132,2,0,5568
69490,468,5,-1,1008
69502,84,3,-1,3648
69506,60,3,-1,2784
69518,708,4,0,480
69522,156,2,0,7200
69534,24,2,0,4248
69538,180,2,0,9216
69550,264,2,0,5424
69554,576,4,-1,672
69566,108,3,1,624
69570,72,3,1,9048
69582,348,3,0,4896
69586,252,2,0,2400
69598,48,2,0,816
69602,60,2,0,9504
69614,192,2,0,7104
69630,180,3,-1,3726
69634,132,3,-1,468
69646,336,3,0,3912
69650,216,2,0,13392
69662,216,2,0,4896
69666,12,2,0,4872
69678,144,2,0,6072
69682,264,3,0,3936
69694,180,3,1,2688
69698,180,3,1,3048
69710,348,4,-1,1440
69714,96,2,0,7056
69726,48,2,0,6456
69730,120,2,0,2328
69742,312,2,0,2880
69746,324,4,0,1824
69758,144,3,-1,828
69762,48,3,-1,1440
69774,312,5,-1,576
69778,192,2,0,8640
69790,120,2,0,10368
69794,24,2,0,480
69806,204,2,0,1536
69810,660,4,1,7422
69822,72,3,1,5184
69826,144,3,1,12864
69838,492,3,0,1248
69842,216,2,0,120
69854,204,2,0,13248
69858,72,2,0,1056
69870,168,2,0,9612
69874,348,3,0,1536
69886,144,3,-1,2448
69890,72,3,-1,4320
69902,312,3,0,4224
69906,96,2,0,6144
69918,96,2,0,936
69922,192,2,0,13296
69934,156,2,0,8448
69938,564,3,0,6144
69950,132,3,1,4416
69954,48,3,1,4464
69966,360,4,1,3240
69970,312,2,0,11712
69982,84,2,0,4128
69986,96,2,0,3168
69998,204,2,0,7872
70002,264,4,0,1728
70014,24,3,-1,1656
70018,72,3,-1,960
70030,528,6,-1,504
70034,168,2,0,7104
70046,48,2,0,7200
70050,216,2,0,13632
70062,108,2,0,7008
70066,252,4,-1,1284
70078,96,3,1,9984
70082,108,3,1,648
70094,456,3,0,96
70098,156,2,0,6240
70114,96,2,0,1296
70126,204,2,0,528
70130,552,3,0,60
70142,108,3,-1,648
70146,60,3,-1,2088
70158,180,3,0,648
70162,264,2,0,2544
70174,72,2,0,8616
70178,84,2,0,9360
70190,300,2,0,14016
70194,312,3,0,3360
70206,36,3,1,6180
70210,48,3,1,11352
70222,456,4,-1,264
70226,264,2,0,9072
70238,84,2,0,120
70242,108,2,0,162
70254,84,2,0,5520
70258,456,5,0,288
70270,132,3,-1,1104
70286,360,4,0,2520
70290,108,2,0,6144
70302,60,2,0,8256
70306,96,2,0,2976
70318,96,2,0,7488
70322,564,4,1,5184
70334,96,3,1,6864
70338,72,3,1,7296
70350,324,3,0,3552
70354,144,2,0,6912
70366,132,2,0,576
70370,84,2,0,10512
70382,372,2,0,4032
70386,156,3,0,3312
70398,84,3,-1,3408
70402,144,3,-1,2784
70414,588,3,0,2316
70418,324,2,0,960
70430,180,2,0,8544
70434,12,2,0,5496
70446,132,2,0,7104
70450,492,3,0,864
70462,48,3,1,6336
70466,120,3,1,7956
70478,444,4,1,4992
70482,144,2,0,7752
70494,48,2,0,4512
70498,144,2,0,14016
70510,336,2,0,12000
70514,492,5,1,2208
70526,156,3,-1,1278
70530,120,3,-1,2592
70542,252,4,0,216
70546,204,2,0,8064
70558,228,2,0,960
70562,60,2,0,72
70574,252,2,0,8064
70578,240,4,-1,1080
70590,96,3,1,8688
70594,96,3,1,2544
70606,132,3,0,2592
70610,348,2,0,13248
70622,96,2,0,12960
70626,48,2,0,4848
70638,144,2,0,7824
70642,288,3,0,792
70654,72,3,-1,2064
70658,84,3,-1,576
70670,348,3,0,1344
70674,96,2,0,6528
70686,36,2,0,5856
70690,24,2,0,8544
70702,312,2,0,384
70706,360,3,0,1272
70718,48,3,1,7776
70722,36,3,1,7608
70734,336,4,-1,1344
70738,336,2,0,5016
70750,156,2,0,12888
70754,84,2,0,9936
70770,432,4,0,2376
70782,12,3,-1,1920
70786,84,3,-1,2784
70798,540,5,1,2592
70802,132,2,0,7104
70814,72,2,0,720
70818,96,2,0,8112
70830,132,2,0,7392
70834,420,4,1,3672
70846,84,3,1,5076
70850,108,3,1,5328
70862,216,3,0,4512
70866,132,2,0,6864
70878,24,2,0,5280
70882,60,2,0,3024
70894,84,2,0,10944
70898,264,3,0,576
70910,144,3,-1,3600
70914,24,3,-1,1524
70926,300,3,0,3120
70942,84,2,0,1944
70946,120,2,0,9120
70958,468,2,0,840
70962,228,3,0,3552
70974,120,3,1,8232
70978,84,3,1,6624
70990,528,4,1,1920
70994,84,2,0,1440
71006,132,2,0,960
71010,108,2,0,8664
71022,96,2,0,5280
71026,396,4,0,528
71038,108,3,-1,3360
71042,132,3,-1,60
71054,264,7,-1,120
71058,180,2,0,2304
71070,108,2,0,8328
71074,36,2,0,5280
71086,228,2,0,8064
71090,516,4,-1,2208
71102,96,3,1,2688
71106,48,3,1,5352
71118,288,3,0,4176
71122,240,2,0,11136
71134,156,2,0,1728
71138,84,2,0,960
71150,276,2,0,11232
71154,240,3,0,2952
71166,36,3,-1,1704
71170,228,3,-1,2550
71182,372,3,0,5952
71186,144,2,0,5568
71198,120,2,0,12000
71202,60,2,0,1152
71214,84,2,0,5400
71218,228,3,0,3552
71230,168,3,1,12864
71234,108,3,1,8736
71246,444,4,-1,54
71250,96,2,0,6000
71262,60,2,0,8064
71266,120,2,0,10752
71278,246,2,0,84
71282,1044,5,0,864
71294,60,3,-1,2328
71298,108,3,-1,2520
71310,324,4,0,2184
71314,204,2,0,2832
71326,36,2,0,6912
71330,72,2,0,9480
71342,264,2,0,1824
71346,228,4,1,2664
71358,36,3,1,1056
71362,96,3,1,7656
71374,192,3,0,3072
71378,288,2,0,13056
71390,168,2,0,5472
71394,96,2,0,516
71406,168,2,0,6528
71410,492,3,0,6840
71426,144,3,-1,564
71438,300,3,0,3840
71442,84,2,0,1272
71454,96,2,0,6480
71458,132,2,0,480
71470,216,2,0,9648
71474,288,3,0,4320
71486,108,3,1,1488
71490,72,3,1,9360
71502,348,4,1,3792
71506,168,2,0,7632
71518,108,2,0,14736
71522,72,2,0,6240
71534,192,2,0,288
71538,168,5,-1,24
71550,72,3,-1,2352
71554,0,3,-1,2328
71566,216,4,0,336
71570,420,2,0,4608
71582,120,2,0,6720
71598,84,2,0,7008
71602,492,4,-1,720
71614,84,3,1,9456
71618,48,3,1,8064
71630,432,3,0,9960
71634,180,2,0,5724
71646,96,2,0,6144
71650,96,2,0,13248
71662,96,2,0,8256
71666,216,3,0,3648
71678,108,3,-1,960
71682,60,3,-1,324
71694,156,3,0,2400
71698,120,2,0,7296
71710,228,2,0,5136
71714,132,2,0,5232
71726,108,2,0,7392
71730,420,3,0,576
71742,120,3,1,2280
71746,36,3,1,840
71758,516,4,-1,408
71762,204,2,0,11424
71774,24,2,0,6528
71778,24,2,0,6336
71790,144,2,0,1632
71794,300,4,0,1440
71806,84,3,-1,2700
71810,108,3,-1,3384
71822,528,5,-1,336
71826,156,2,0,6816
71838,60,2,0,6816
71842,72,2,0,1920
71854,252,2,0,3840
71858,612,4,1,174
71870,180,3,1,17184
71874,0,3,1,5472
71886,156,3,0,2496
71890,240,2,0,2244
71902,36,2,0,6624
71906,84,2,0,7488
71918,144,2,0,5856
71922,120,3,0,12
71934,60,3,-1,1788
71938,96,3,-1,4368
71950,480,3,0,384
71954,120,2,0,8208
71966,72,2,0,1872
71970,60,2,0,5664
71982,84,2,0,8064
71986,420,3,0,648
71998,108,3,1,1728
72002,120,3,1,3984
72014,384,4,1,4128
72018,168,2,0,816
72030,60,2,0,8832
72034,72,2,0,2736
72046,216,2,0,8400
72050,660,4,0,3144
72062,96,3,-1,3456
72066,72,3,-1,2436
72082,216,2,0,9216
72094,72,2,0,7032
72098,156,2,0,12480
72110,420,2,0,96
72114,264,4,-1,1140
72126,84,3,1,4968
72130,120,3,1,372
72142,672,3,0,432
72146,180,2,0,2832
72158,96,2,0,504
72162,96,2,0,7392
72174,120,2,0,4428
72178,348,3,0,1584
72190,168,3,-1,3336
72194,36,3,-1,2448
72206,360,3,0,5328
72210,96,2,0,7776
72222,96,2,0,9312
72226,48,2,0,6312
72238,180,2,0,9600
72254,72,3,1,3144
72258,96,3,1,1512
72270,288,4,-1,14
72274,276,2,0,13344
72286,72,2,0,2592
72290,168,2,0,4032
72302,156,2,0,9792
72306,324,8,0,84
72318,108,3,-1,3024
72322,48,3,-1,624
72334,372,4,0,2160
72338,216,2,0,10560
72350,144,2,0,14208
72354,48,2,0,6456
72366,108,2,0,5616
72370,504,4,1,5232
72382,96,3,1,9600
72386,24,3,1,7992
72398,276,3,0,960
72402,276,2,0,9984
72414,72,2,0,6192
72418,84,2,0,8832
72430,408,2,0,3672
72434,216,3,0,528
72446,96,3,-1,2160
72450,108,3,-1,2208
72462,240,3,0,3456
72466,252,2,0,576
72478,168,2,0,9792
72482,84,2,0,8448
72494,228,2,0,288
72498,408,3,0,4272
72510,60,3,1,6666
72514,120,3,1,8592
72526,264,4,1,3600
72530,168,2,0,8832
72542,60,2,0,432
72546,72,2,0,6336
72558,168,2,0,1848
72562,372,5,1,1920
72574,192,3,-1,300
72578,24,3,-1,1200
72590,396,4,0,2880
72594,108,2,0,5544
72606,48,2,0,5760
72610,132,2,0,4656
72622,180,2,0,7248
72626,492,4,-1,2148
72638,36,3,1,10104
72642,96,3,1,1164
72654,180,3,0,2880
72658,312,2,0,1728
72670,144,2,0,12960
72674,72,2,0,7104
72686,312,2,0,4800
72690,336,3,0,6000
72702,108,3,-1,2400
72706,48,3,-1,2208
72718,300,3,0,480
72722,348,2,0,2640
72738,72,2,0,6144
72750,408,2,0,13704
72754,288,3,0,1008
72766,120,3,1,11232
72770,96,3,1,1248
72782,264,4,-1,1104
72786,120,2,0,4608
72798,48,2,0,5280
72802,72,2,0,8160
72814,120,2,0,5184
72818,336,4,0,2400
72830,144,3,-1,1104
72834,84,3,-1,1992
72846,288,5,1,1398
72850,156,2,0,11544
72862,168,2,0,168
72866,108,2,0,2448
72878,240,2,0,11136
72882,276,4,1,3312
72894,24,3,1,3948
72910,384,3,0,6720
72914,144,2,0,6528
72926,60,2,0,7200
72930,36,2,0,9840
72942,156,2,0,1632
72946,432,3,0,444
72958,72,3,-1,360
72962,48,3,-1,3936
72974,492,3,0,1656
72978,84,2,0,5664
72990,180,2,0,9984
72994,96,2,0,8784
73006,180,2,0,3192
73010,432,3,0,1716
73022,120,3,1,11808
73026,108,3,1,6504
73038,300,4,1,3144
73042,420,2,0,144
73054,60,2,0,1080
73058,132,2,0,2544
73070,108,2,0,672
73074,252,4,0,1440
73086,36,3,-1,2514
73090,72,3,-1,3312
73102,780,5,0,1824
73106,228,2,0,456
73118,96,2,0,4032
73122,84,2,0,6240
73134,72,2,0,6192
73138,372,4,-1,1728
73150,60,3,1,2472
73154,96,3,1,2052
73166,288,3,0,3648
73170,240,2,0,14976
73182,24,2,0,384
73186,96,2,0,1704
73198,180,2,0,11424
73202,192,3,0,4032
73214,48,3,-1,2928
73218,48,3,-1,2640
73230,144,3,0,3600
73234,168,2,0,8856
73246,12,2,0,7392
73250,132,2,0,2112
73262,156,2,0,2016
73266,120,3,0,1536
73278,84,3,1,6912
73282,120,3,1,9312
73294,456,4,-1,372
73298,252,2,0,2880
73310,144,2,0,13632
73314,60,2,0,5424
73326,156,2,0,60
73330,972,6,1,792
73342,120,3,-1,528
73346,48,3,-1,2160
73358,396,4,0,48
73362,120,2,0,6336
73374,84,2,0,6096
73378,156,2,0,7488
73394,420,4,1,4272
73406,60,3,1,1092
73410,96,3,1,11088
73422,156,3,0,3936
73426,72,2,0,5328
73438,144,2,0,4800
73442,168,2,0,1368
73454,228,2,0,6960
73458,252,3,0,504
73470,60,3,-1,288
73474,96,3,-1,936
73486,204,3,0,2592
73490,180,2,0,12000
73502,60,2,0,9984
73506,60,2,0,8568
73518,108,2,0,5568
73522,444,3,0,7104
73534,36,3,1,9168
73538,48,3,1,6912
73550,912,4,1,3120
73566,48,2,0,5184
73570,108,2,0,12096
73582,120,2,0,2688
73586,648,5,-1,240
73598,108,3,-1,3048
73602,84,3,-1,2040
73614,408,4,0,2088
73618,204,2,0,2448
73630,84,2,0,9120
73634,24,2,0,7608
73646,144,2,0,7584
73650,276,4,-1,1320
73662,48,3,1,6984
73666,24,3,1,576
73678,312,3,0,4416
73682,96,2,0,7488
73694,72,2,0,2016
73698,96,2,0,7008
73710,228,2,0,8232
73714,288,3,0,3432
73726,108,3,-1,624
73730,156,3,-1,366
73742,444,3,0,1152
73746,144,2,0,540
73758,48,2,0,72
73762,144,2,0,4464
73774,72,2,0,7488
73778,468,3,0,5760
73790,108,3,1,10272
73794,60,3,1,4980
73806,216,4,-1,1080
73810,204,2,0,10080
73822,108,2,0,9504
73826,108,2,0,5328
73838,372,2,0,552
73842,324,4,0,384
73854,24,3,-1,1416
73858,120,3,-1,864
73870,672,5,-1,402
73874,204,2,0,3696
73886,108,2,0,9216
73890,96,2,0,7680
73902,252,2,0,6240
73906,360,4,1,936
73918,72,3,1,12480
73922,60,3,1,8064
73934,300,3,0,3456
73938,132,2,0,6312
73950,48,2,0,8880
73954,96,2,0,864
73966,156,2,0,8352
73970,468,3,0,6192
73982,192,3,-1,2448
73986,24,3,-1,1620
73998,240,3,0,3312
74002,108,2,0,8448
74014,84,2,0,432
74018,84,2,0,1824
74030,156,2,0,9216
74034,264,3,0,384
74050,96,3,1,2340
74062,492,4,1,5280
74066,204,2,0,10944
74078,108,2,0,7872
74082,84,2,0,8544
74094,48,2,0,7368
74098,396,4,0,2208
74110,216,3,-1,4464
74114,132,3,-1,3024
74126,252,6,1,204
74130,120,2,0,7632
74142,120,2,0,156
74146,120,2,0,9120
74158,300,2,0,528
74162,252,4,-1,336
74174,60,3,1,5568
74178,60,3,1,8688
74190,168,3,0,3648
74194,276,2,0,4320
74206,84,2,0,10752
74222,180,2,0,264
74226,216,3,0,2640
74238,60,3,-1,2640
74242,72,3,-1,528
74254,372,3,0,3600
74258,240,2,0,2352
74270,204,2,0,3456
74274,36,2,0,6000
74286,84,2,0,4224
74290,372,3,0,7008
74302,144,3,1,3432
74306,156,3,1,252
74318,336,4,-1,1728
74322,96,2,0,5664
74334,72,2,0,8832
74338,180,2,0,2
74350,300,2,0,10560
74354,204,5,0,768
74366,60,3,-1,2160
74370,84,3,-1,2784
74382,204,4,0,1536
74386,192,2,0,10704
74398,48,2,0,7872
74402,168,2,0,11328
74414,168,2,0,3168
74418,228,4,1,3564
74430,144,3,1,12672
74434,96,3,1,6216
74446,684,3,0,2304
74450,300,2,0,3000
74462,72,2,0,7344
74466,84,2,0,6648
74478,120,2,0,5568
74482,408,3,0,1104
74494,36,3,-1,2784
74498,96,3,-1,2400
74510,552,3,0,7968
74514,120,2,0,5700
74526,36,2,0,6576
74530,132,2,0,12360
74542,120,2,0,1584
74546,276,3,0,3456
74558,204,3,1,612
74562,84,3,1,8040
74574,312,4,1,2520
74578,120,2,0,8832
74590,108,2,0,3072
74594,168,2,0,2976
74606,168,2,0,8856
74610,300,5,1,1740
74622,36,3,-1,240
74626,108,3,-1,1854
74638,276,4,0,1632
74642,264,2,0,1848
74654,60,2,0,10224
74658,108,2,0,192
74670,144,2,0,8880
74674,312,4,-1,1248
74686,84,3,1,7680
74690,120,3,1,10656
74706,96,2,0,5232
74718,96,2,0,6432
74722,108,2,0,8064
74734,204,2,0,3456
74738,600,3,0,3024
74750,72,3,-1,3552
74754,60,3,-1,2070
74766,192,3,0,3840
74770,228,2,0,2784
74782,132,2,0,13152
74786,36,2,0,6144
74798,252,2,0,9600
74802,408,3,0,5184
74814,36,3,1,4980
74818,132,3,1,1632
74830,348,4,-1,1488
74834,108,2,0,7488
74846,192,2,0,4248
74850,120,2,0,8496
74862,144,2,0,480
74878,168,3,-1,1200
74882,120,3,-1,576
74894,360,5,1,2352
74898,60,2,0,6912
74910,60,2,0,6060
74914,72,2,0,1728
74926,168,2,0,960
74930,504,4,1,5184
74942,72,3,1,1920
74946,48,3,1,4308
74958,264,3,0,672
74962,156,2,0,8400
74974,84,2,0,624
74978,144,2,0,14016
74990,312,2,0,3408
74994,168,3,0,3336
75006,60,3,-1,2016
75010,132,3,-1,3744
75022,336,3,0,960
75026,216,2,0,360
75038,144,2,0,9216
75042,72,2,0,936
75054,36,2,0,5520
75058,372,3,0,468
75070,168,3,1,14040
75074,48,3,1,11520
75086,312,4,1,2952
75090,240,2,0,11736
75102,36,2,0,6720
75106,72,2,0,8640
75118,204,2,0,864
75122,432,4,0,288
75134,96,3,-1,864
75138,48,3,-1,1656
75150,552,7,0,384
75154,144,2,0,7008
75166,84,2,0,2652
75170,96,2,0,4752
75182,228,2,0,10560
75186,264,4,-1,1368
75198,84,3,1,9624
75202,180,3,1,3744
75214,324,3,0,4080
75218,168,2,0,8064
75230,132,2,0,11808
75234,24,2,0,5088
75246,84,2,0,3396
75250,204,3,0,4416
75262,84,3,-1,3360
75266,48,3,-1,2592
75278,528,3,0,1968
75282,108,2,0,6672
75294,60,2,0,5568
75298,120,2,0,8208
75310,396,2,0,2100
75314,312,3,0,1008
75326,48,3,1,9396
75330,120,3,1,9696
75342,582,4,-1,15
75346,168,2,0,2304
75362,168,2,0,8256
75374,156,2,0,8736
75378,276,5,0,768
75390,60,3,-1,2052
75394,72,3,-1,2100
75406,252,4,0,24
75410,204,2,0,12672
75422,84,2,0,2112
75426,108,2,0,8736
75438,168,2,0,6528
75442,348,4,1,936
75454,48,3,1,2058
75458,216,3,1,624
75470,228,3,0,4992
75474,60,2,0,4464
75486,72,2,0,6528
75490,60,2,0,4944
75502,192,2,0,8640
75506,288,3,0,3360
75518,36,3,-1,2400
75534,192,3,0,1920
75538,276,2,0,13824
75550,168,2,0,15600
75554,36,2,0,5616
75566,372,2,0,3408
75570,192,3,0,3960
75582,72,3,1,6336
75586,84,3,1,5568
75598,588,4,1,2304
75602,426,2,0,84
75614,60,2,0,6912
75618,48,2,0,6480
75630,108,2,0,5952
75634,888,5,-1,108
75646,108,3,-1,1824
75650,216,3,-1,360
75662,480,4,0,2880
75666,108,2,0,5424
75678,72,2,0,11520
75682,156,2,0,11136
75694,156,2,0,6432
75698,276,4,-1,1224
75710,132,3,1,894
75714,36,3,1,5904
75726,168,3,0,2928
75730,192,2,0,10080
75742,180,2,0,912
75746,120,2,0,1968
75758,132,2,0,2208
75762,168,3,0,2856
75774,60,3,-1,144
75778,60,3,-1,576
75790,336,3,0,6288
75794,240,2,0,6720
75806,36,2,0,6672
75810,72,2,0,9936
75822,132,2,0,8256
75826,192,3,0,3456
75838,72,3,1,8904
75842,120,3,1,1536
75854,288,4,-1,324
75858,108,2,0,1200
75870,60,2,0,312
75874,84,2,0,432
75886,204,2,0,2112
75890,660,4,0,72
75902,96,3,-1,4032
75906,84,3,-1,282
75918,204,5,-1,480
75922,204,2,0,3600
75934,108,2,0,6336
75938,48,2,0,9984
75950,96,2,0,8640
75954,432,4,1,3552
75966,0,3,1,6912
75970,48,3,1,12564
75982,228,3,0,3360
75986,156,2,0,10272
75998,180,2,0,1392
76002,60,2,0,5520
76018,384,3,0,288
76030,204,3,-1,2052
76034,132,3,-1,1260
76046,168,3,0,3456
76050,84,2,0,8736
76062,24,2,0,4608
76066,72,2,0,2304
76078,108,2,0,9408
76082,360,3,0,6048
76094,84,3,1,8280
76098,72,3,1,7296
76110,480,4,1,5448
76114,96,2,0,4320
76126,120,2,0,8352
76130,108,2,0,10560
76142,240,2,0,576
76146,276,4,0,1248
76158,72,3,-1,480
76162,156,3,-1,4032
76174,420,5,0,288
76190,168,2,0,1680
76194,96,2,0,6912
76206,96,2,0,5376
76210,696,4,-1,552
76222,84,3,1,9504
76226,12,3,1,6708
76238,324,3,0,4944
76242,156,2,0,1920
76254,84,2,0,5376
76258,144,2,0,1968
76270,276,2,0,13824
76274,252,3,0,4032
76286,24,3,-1,552
76290,24,3,-1,2400
76302,168,3,0,3456
76306,180,2,0,8928
76318,72,2,0,1896
76322,120,2,0,1920
76334,84,2,0,7440
76338,96,3,0,96
76350,96,3,1,10788
76354,144,3,1,4020
76366,288,4,-1,1344
76370,204,2,0,10080
76382,60,2,0,10080
76386,48,2,0,864
76398,180,2,0,6672
76402,324,7,1,504
76414,120,3,-1,2880
76418,144,3,-1,3120
76430,468,4,0,816
76434,132,2,0,8016
76446,60,2,0,7296
76450,120,2,0,864
76462,276,2,0,4320
76466,588,4,1,2124
76478,36,3,1,240
76482,60,3,1,6000
76494,132,3,0,312
76498,312,2,0,4032
76510,72,2,0,9600
76514,48,2,0,6360
76526,84,2,0,6912
76530,288,3,0,4248
76542,108,3,-1,336
76546,84,3,-1,2748
76558,588,3,0,1440
76562,168,2,0,11232
76574,96,2,0,228
76578,72,2,0,9408
76590,156,2,0,8856
76594,168,3,0,3072
76606,156,3,1,264
76610,120,3,1,1920
76622,396,4,1,4680
76626,132,2,0,4608
76638,84,2,0,7680
76642,192,2,0,12
76654,108,2,0,7776
76658,480,5,1,480
76674,48,3,-1,1836
76686,276,4,0,1608
76690,324,2,0,1968
76702,60,2,0,8832
76706,108,2,0,7200
76718,324,2,0,3168
76722,144,4,-1,1056
76734,36,3,1,5220
76738,0,3,1,8352
76750,360,3,0,1104
76754,264,2,0,2688
76766,36,2,0,5376
76770,60,2,0,10176
76782,120,2,0,8544
76786,312,3,0,1452
76798,96,3,-1,3264
76802,60,3,-1,2592
76814,228,3,0,4032
76818,120,2,0,4992
76830,96,2,0,7896
76846,36,2,0,6048
76850,504,3,0,6816
76862,144,3,1,2640
76866,60,3,1,7560
76878,156,4,-1,912
76882,180,2,0,9552
76894,240,2,0,5496
76898,132,2,0,4176
76910,156,2,0,13656
76914,276,4,0,1680
76926,24,3,-1,1992
76930,96,3,-1,306
76942,528,5,1,576
76946,60,2,0,6912
76958,120,2,0,1440
76962,48,2,0,5088
76974,156,2,0,1032
76978,456,4,1,4896
76990,96,3,1,9024
76994,120,3,1,9240
77006,528,3,0,2304
77010,180,2,0,8256
77022,60,2,0,8352
77026,12,2,0,7248
77038,180,2,0,2304
77042,360,3,0,192
77054,60,3,-1,240
77058,144,3,-1,672
77070,312,3,0,3840
77074,168,2,0,1512
77086,72,2,0,7296
77090,144,2,0,13032
77102,120,2,0,6816
77106,240,3,0,3744
77118,36,3,1,6000
77122,60,3,1,10752
77134,432,4,1,4524
77138,84,2,0,5664
77150,168,2,0,2640
77154,36,2,0,3696
77166,132,2,0,4800
77170,480,4,0,360
77182,96,3,-1,744
77186,108,3,-1,960
77198,516,5,0,1200
77202,300,2,0,9408
77214,48,2,0,4920
77218,156,2,0,5040
77230,300,2,0,14208
77234,192,4,-1,912
77246,132,3,1,12636
77250,48,3,1,7296
77262,252,3,0,3456
77266,300,2,0,9432
77278,84,2,0,1584
77282,48,2,0,11520
77294,264,2,0,960
77298,192,3,0,3456
77310,48,3,-1,3360
77314,60,3,-1,168
77330,408,2,0,6336
77342,144,2,0,240
77346,24,2,0,3984
77358,168,2,0,984
77362,276,3,0,1152
77374,48,3,1,5352
77378,84,3,1,7920
77390,372,4,-1,1728
77394,84,2,0,7680
77406,72,2,0,3648
77410,96,2,0,10080
77422,228,2,0,288
77426,408,6,-1,312
77438,96,3,-1,1224
77442,72,3,-1,624
77454,144,4,0,48
77458,204,2,0,1584
77470,228,2,0,4800
77474,108,2,0,264
77486,264,2,0,10032
77502,72,3,1,8160
77506,36,3,1,1968
77518,336,3,0,4608
77522,96,2,0,6912
77534,24,2,0,5760
77538,96,2,0,1008
77550,204,2,0,7848
77554,324,3,0,5328
77566,48,3,-1,3036
77570,84,3,-1,3960
77582,420,3,0,1344
77586,84,2,0,4680
77598,84,2,0,5736
77602,24,2,0,6480
77614,132,2,0,1584
77618,696,3,0,480
77630,180,3,1,162
77634,24,3,1,4968
77646,348,4,1,2880
77650,372,2,0,7200
77662,180,2,0,10368
77666,84,2,0,8040
77678,300,2,0,1008
77682,252,5,-1,372
77694,120,3,-1,2376
77698,132,3,-1,2496
77710,264,4,0,1896
77714,108,2,0,7968
77726,96,2,0,2304
77730,108,2,0,504
77742,96,2,0,1368
77746,372,4,-1,1140
77758,276,3,1,198
77762,84,3,1,4920
77774,180,3,0,3720
77778,120,2,0,6864
77790,108,2,0,11328
77794,84,2,0,2496
77806,108,2,0,7728
77810,372,3,0,7008
77822,108,3,-1,1824
77826,84,3,-1,168
77838,300,3,0,4800
77842,120,2,0,384
77854,24,2,0,7488
77858,48,2,0,1248
77870,432,2,0,7968
77874,156,3,0,2400
77886,48,3,1,4320
77890,108,3,1,11160
77902,540,4,-1,120
77906,192,2,0,1752
77918,96,2,0,11136
77922,96,2,0,8640
77934,72,2,0,4560
77938,372,4,0,504
77950,60,3,-1,3216
77954,120,3,-1,360
77966,240,5,-1,516
77970,108,2,0,6216
77986,72,2,0,8640
77998,144,2,0,7488
78002,396,4,1,4464
78014,120,3,1,2304
78018,84,3,1,6528
78030,444,3,0,5880
78034,156,2,0,8448
78046,84,2,0,1776
78050,36,2,0,2784
78062,144,2,0,1440
78066,180,3,0,2688
78078,12,3,-1,1848
78082,60,3,-1,1728
78094,144,3,0,3552
78098,276,2,0,14208
78110,48,2,0,12480
78114,108,2,0,7536
78126,228,2,0,7080
78130,336,3,0,4968
78142,60,3,1,1848
78158,540,4,1,240
78162,180,2,0,8352
78174,36,2,0,5040
78178,48,2,0,7488
78190,360,2,0,6120
78194,468,4,0,768
78206,96,3,-1,2592
78210,108,3,-1,2964
78222,216,6,-1,192
78226,204,2,0,1680
78238,120,2,0,10272
78242,84,2,0,2016
78254,144,2,0,8160
78258,408,4,-1,42
78270,84,3,1,6672
78274,48,3,1,5904
78286,228,3,0,4608
78290,204,2,0,9312
78302,84,2,0,4032
78306,36,2,0,66
78318,240,2,0,8064
78322,444,3,0,5952
78334,60,3,-1,672
78338,192,3,-1,1104
78350,288,3,0,4608
78354,108,2,0,372
78366,84,2,0,7236
78370,168,2,0,3072
78382,108,2,0,9888
78386,264,3,0,3600
78398,144,3,1,12288
78402,60,3,1,6336
78414,168,4,-1,768
78418,108,2,0,7104
78430,132,2,0,8064
78434,96,2,0,9984
78446,144,2,0,1248
78450,384,5,0,1656
78462,120,3,-1,2928
78466,12,3,-1,2016
78478,720,4,0,72
78482,216,2,0,2400
78494,144,2,0,7488
78498,24,2,0,5760
78510,72,2,0,7152
78514,588,4,1,1992
78526,60,3,1,6240
78530,96,3,1,11040
78542,372,3,0,96
78546,96,2,0,5952
78558,96,2,0,1632
78562,96,2,0,9600
78574,168,2,0,8640
78578,204,3,0,3360
78590,168,3,-1,378
78594,12,3,-1,72
78606,144,3,0,2592
78610,216,2,0,9936
78622,144,2,0,3840
78626,108,2,0,3720
78642,300,3,0,480
78654,36,3,1,6660
78658,108,3,1,696
78670,636,4,1,6600
78674,276,2,0,288
78686,84,2,0,9408
78690,60,2,0,7020
78702,156,2,0,9648
78706,360,5,1,1632
78718,60,3,-1,2352
78722,72,3,-1,2448
78734,576,4,0,1200
78738,216,2,0,720
78750,72,2,0,7584
78754,36,2,0,7728
78766,96,2,0,2016
78770,624,4,-1,600
78782,108,3,1,6984
78786,120,3,1,7488
78798,228,3,0,3840
78814,96,2,0,9504
78818,72,2,0,7296
78830,192,2,0,11664
78834,216,3,0,2016
78846,96,3,-1,312
78850,132,3,-1,4848
78862,324,3,0,3408
78866,132,2,0,6768
78878,132,2,0,2208
78882,24,2,0,7440
78894,96,2,0,4968
78898,468,3,0,5568
78910,156,3,1,3768
78914,12,3,1,600
78926,288,4,-1,1200
78930,144,2,0,9888
78942,24,2,0,1584
78946,36,2,0,3600
78958,96,2,0,1248
78962,564,4,0,2496
78974,48,3,-1,1908
78978,60,3,-1,2256
78990,252,5,1,126
78994,84,2,0,8256
79006,48,2,0,7848
79010,132,2,0,11520
79022,396,2,0,4992
79026,384,4,1,3186
79038,48,3,1,5760
79042,96,3,1,204
79054,288,3,0,1632
79058,108,2,0,936
79070,96,2,0,11808
79074,72,2,0,6096
79086,120,2,0,6216
79090,396,3,0,1344
79102,60,3,-1,3264
79106,120,3,-1,2520
79118,252,3,0,4320
79122,132,2,0,6240
79134,96,2,0,7248
79138,72,2,0,9024
79150,276,2,0,13440
79154,216,3,0,336
79166,72,3,1,2868
79170,144,3,1,8208
79182,216,4,1,3168
79186,180,2,0,7872
79198,168,2,0,1584
79202,156,2,0,2400
79214,144,2,0,8160
79218,432,4,0,2232
79230,180,3,-1,2712
79234,120,3,-1,600
79246,324,6,0,480
79250,156,2,0,9072
79262,60,2,0,8832
79266,84,2,0,5688
79278,162,2,0,48
79282,360,4,-1,1344
79298,48,3,1,10368
79310,300,3,0,1104
79314,144,2,0,24
79326,36,2,0,984
79330,84,2,0,12864
79342,180,2,0,336
79346,372,3,0,1344
79358,132,3,-1,732
79362,72,3,-1,1872
79374,288,3,0,3456
79378,300,2,0,5040
79390,156,2,0,8880
79394,108,2,0,6816
79406,144,2,0,6720
79410,276,3,0,4464
79422,60,3,1,6240
79426,36,3,1,4896
79438,420,4,-1,1920
79442,276,2,0,2880
79454,84,2,0,1968
79470,156,2,0,8040
79474,384,5,0,96
79486,96,3,-1,78
79490,168,3,-1,2364
79502,324,4,0,2112
79506,96,2,0,4536
79518,60,2,0,6720
79522,108,2,0,24
79534,192,2,0,7872
79538,324,4,1,3456
79550,180,3,1,14688
79554,108,3,1,7200
79566,144,3,0,2544
79570,324,2,0,15744
79582,60,2,0,7968
79586,12,2,0,6816
79598,168,2,0,4704
79602,228,3,0,3312
79614,24,3,-1,1692
79618,60,3,-1,3120
79630,624,3,0,288
79634,144,2,0,1968
79646,24,2,0,6624
79650,60,2,0,6192
79662,108,2,0,6192
79666,360,3,0,1188
79678,96,3,1,7920
79682,144,3,1,12096
79694,396,4,1,4032
79698,12,2,0,5760
79710,108,2,0,14040
79714,60,2,0,6336
79726,108,2,0,6240
79730,528,5,-1,720
79742,84,3,-1,168
79746,60,3,-1,2160
79758,420,4,0,360
79762,204,2,0,744
79774,144,2,0,2544
79778,84,2,0,3072
79790,192,2,0,10464
79794,228,4,-1,816
79806,48,3,1,5616
79810,96,3,1,3516
79822,336,3,0,4896
79826,216,2,0,1344
79838,120,2,0,7872
79842,48,2,0,1488
79854,120,2,0,5952
79858,360,3,0,720
79870,108,3,-1,2904
79874,72,3,-1,1512
79886,300,3,0,360
79890,252,2,0,10128
79902,72,2,0,6336
79906,84,2,0,11520
79918,348,2,0,6048
79922,408,3,0,2448
79934,96,3,1,8400
79938,24,3,1,5808
79954,180,2,0,1728
79966,108,2,0,8832
79970,72,2,0,11280
79982,156,2,0,9216
79986,180,4,0,1488
79998,24,3,-1,1728
80002,72,3,-1,3696
80014,168,5,-1,576
80018,264,2,0,11328
80030,132,2,0,4752
80034,60,2,0,6792
80046,120,2,0,7920
80050,468,4,1,4512
80062,48,3,1,3096
80066,24,3,1,1428
80078,264,3,0,4032
80082,96,2,0,288
80094,48,2,0,4176
80098,24,2,0,2160
80110,264,2,0,1152
80126,96,3,-1,2688
80130,60,3,-1,2520
80142,276,3,0,696
80146,216,2,0,6696
80158,72,2,0,2112
80162,72,2,0,8640
80174,204,2,0,1704
80178,252,3,0,2784
80190,36,3,1,7200
80194,96,3,1,8112
80206,312,4,1,756
80210,312,2,0,1800
80222,120,2,0,9216
80226,84,2,0,6528
80238,132,2,0,6960
80242,924,4,0,384
80254,60,3,-1,2928
80258,60,3,-1,624
80270,696,5,0,1680
80274,120,2,0,6432
80286,48,2,0,4104
80290,108,2,0,10752
80302,300,2,0,10176
80306,336,4,-1,192
80318,108,3,1,2688
80322,72,3,1,5040
80334,144,3,0,2688
80338,96,2,0,7200
80350,84,2,0,4032
80354,108,2,0,4320
80366,192,2,0,10200
80370,312,3,0,3600
80382,60,3,-1,168
80386,72,3,-1,1152
80398,264,3,0,3744
80402,120,2,0,6336
80414,48,2,0,792
80418,72,2,0,6720
80430,132,2,0,7152
80434,192,3,0,3456
80446,24,3,1,6816
80450,96,3,1,17640
80462,504,4,-1,864
80466,72,2,0,5040
80478,120,2,0,9024
80482,84,2,0,6912
80494,228,2,0,936
80498,504,6,0,120
80510,120,3,-1,3000
80514,36,3,-1,1728
80526,204,4,0,1200
80530,276,2,0,3696
80542,168,2,0,1272
80546,60,2,0,8400
80558,204,2,0,1728
80562,396,4,1,4416
80574,84,3,1,6240
80578,72,3,1,10800
80590,588,3,0,8880
80594,108,2,0,6912
80610,120,2,0,1080
80622,108,2,0,4752
80626,204,3,0,3120
80638,48,3,-1,672
80642,180,3,-1,8
80654,180,3,0,120
80658,108,2,0,1392
80670,96,2,0,11952
80674,84,2,0,3144
80686,72,2,0,6144
80690,372,3,0,5664
80702,72,3,1,8448
80706,36,3,1,4368
80718,372,4,1,3636
80722,252,2,0,11712
80734,36,2,0,5328
80738,60,2,0,9408
80750,216,2,0,3456
80754,180,5,1,1056
80766,24,3,-1,1896
80782,648,4,0,1296
80786,168,2,0,3792
80798,96,2,0,6720
80802,192,2,0,10656
80814,120,2,0,6120
80818,576,4,-1,4
80830,156,3,1,13896
80834,156,3,1,9792
80846,144,3,0,2928
80850,108,2,0,7512
80862,60,2,0,6624
80866,36,2,0,6432
80878,180,2,0,8064
80882,204,3,0,3936
80894,180,3,-1,168
80898,72,3,-1,2352
80910,156,3,0,3144
80914,180,2,0,9168
80926,72,2,0,288
80930,108,2,0,2016
80942,204,2,0,2496
80946,192,3,0,2688
80958,96,3,1,1242
80962,84,3,1,1728
80974,264,4,-1,1200
80978,156,2,0,9984
80990,60,2,0,10080
80994,36,2,0,4320
81006,84,2,0,6864
81010,492,4,0,3384
81022,84,3,-1,3288
81026,96,3,-1,2496
81038,684,5,1,672
81042,132,2,0,984
81054,48,2,0,5892
81058,132,2,0,240
81070,144,2,0,1728
81074,396,4,1,1272
81086,84,3,1,6000
81090,24,3,1,1536
81102,204,3,0,3216
81106,204,2,0,3456
81118,84,2,0,8064
81122,108,2,0,9120
81134,120,2,0,6840
81138,372,3,0,6144
81150,108,3,-1,2586
81154,72,3,-1,2376
81166,288,3,0,4464
81170,252,2,0,10560
81182,192,2,0,132
81186,36,2,0,4032
81198,192,2,0,2
81202,240,3,0,4320
81214,120,3,1,282
81218,96,3,1,3996
81230,588,4,1,6288
81234,84,2,0,5760
81246,96,2,0,3360
81250,156,2,0,4968
81266,276,4,0,48
81278,132,3,-1,3840
81282,48,3,-1,1872
81294,288,5,0,672
81298,132,2,0,5856
81310,204,2,0,15504
81314,60,2,0,6624
81326,204,2,0,2880
81330,228,4,-1,1296
81342,96,3,1,1200
81346,36,3,1,10368
81358,444,3,0,216
81362,240,2,0,2592
81374,84,2,0,9216
81378,36,2,0,5808
81390,168,2,0,9888
81394,372,3,0,120
81406,72,3,-1,2304
81410,72,3,-1,264
81422,240,3,0,3840
81438,72,2,0,5760
81442,120,2,0,1920
81454,180,2,0,8064
81458,504,3,0,1008
81470,96,3,1,1968
81474,48,3,1,6564
81486,312,4,-1,1176
81490,156,2,0,11184
81502,108,2,0,2112
81506,108,2,0,720
81518,108,2,0,8304
81522,252,6,1,792
81534,48,3,-1,1884
81538,144,3,-1,1200
81550,480,4,0,2736
81554,60,2,0,5088
81566,96,2,0,8064
81570,120,2,0,10152
81582,168,2,0,5904
81586,288,4,1,3312
81598,120,3,1,9504
81602,24,3,1,8544
81614,300,3,0,1128
81618,108,2,0,6528
81630,24,2,0,7872
81634,60,2,0,6768
81646,228,2,0,240
81650,336,3,0,2208
81662,24,3,-1,48
81666,84,3,-1,2142
81678,228,3,0,432
81682,384,2,0,4128
81694,60,2,0,4752
81698,96,2,0,912
81710,240,2,0,15864
81714,60,3,0,1968
81726,36,3,1,6858
81730,132,3,1,10944
81742,396,4,1,816
81746,108,2,0,5664
81758,96,2,0,936
81762,48,2,0,7488
81774,36,2,0,4512
81778,384,5,-1,672
81790,84,3,-1,288
81794,108,3,-1,960
81806,288,4,0,2112
81810,192,2,0,8160
81822,120,2,0,10704
81826,36,2,0,1320
81838,192,2,0,11328
81842,528,4,-1,336
81854,84,3,1,6936
81858,24,3,1,66
81870,276,3,0,3600
81874,180,2,0,1632
81886,48,2,0,6480
81890,72,2,0,8448
81902,240,2,0,1920
81906,240,3,0,3840
81922,108,3,-1,2784
81934,240,3,0,984
81938,132,2,0,2304
81950,144,2,0,12960
81954,84,2,0,5304
81966,132,2,0,4200
81970,588,3,0,3384
81982,72,3,1,1008
81986,84,3,1,8520
81998,240,4,-1,1536
82002,108,2,0,4320
82014,60,2,0,6240
82018,180,2,0,11040
82030,120,2,0,9288
82034,312,4,0,2304
82046,72,3,-1,1008
82050,72,3,-1,2772
82062,312,5,-1,672
82066,204,2,0,8064
82078,84,2,0,3840
82094,192,2,0,8064
82098,204,4,1,2880
82110,0,3,1,7332
82114,120,3,1,1032
82126,228,3,0,3840
82130,252,2,0,11568
82142,108,2,0,1872
82146,84,2,0,120
82158,228,2,0,276
82162,240,3,0,3600
82174,60,3,-1,2904
82178,84,3,-1,432
82190,504,3,0,2472
82194,96,2,0,5760
82206,60,2,0,5664
82210,96,2,0,12288
82222,252,2,0,96
82226,216,3,0,744
82238,120,3,1,10176
82242,156,3,1,1440
82254,240,4,1,2568
82258,252,2,0,480
82270,84,2,0,12864
82274,84,2,0,6144
82286,108,2,0,7776
82290,456,4,0,2544
82302,24,3,-1,1476
82306,48,3,-1,2016
82318,216,6,1,864
82322,252,2,0,11904
82334,84,2,0,1512
82338,96,2,0,6336
82350,288,2,0,11952
82354,468,4,-1,90
82366,108,3,1,1836
82370,180,3,1,4392
82382,372,3,0,4992
82386,96,2,0,5364
82398,60,2,0,6336
82402,96,2,0,4512
82414,156,2,0,9936
82418,384,3,0,4032
82430,84,3,-1,3936
82434,48,3,-1,1776
82446,264,3,0,3072
82450,156,2,0,8856
82462,60,2,0,1056
82466,60,2,0,8256
82478,144,2,0,504
82482,300,3,0,3936
82494,48,3,1,6744
82498,60,3,1,8832
82510,552,4,-1,960
82514,180,2,0,3168
82526,72,2,0,6192
82530,48,2,0,7824
82542,96,2,0,1344
82546,408,5,0,288
82558,36,3,-1,576
82562,72,3,-1,2952
82578,144,2,0,7200
82590,36,2,0,6192
82594,60,2,0,8376
82606,240,2,0,96
82610,408,4,1,4752
82622,204,3,1,5904
82626,84,3,1,4512
82638,264,3,0,2592
82642,216,2,0,1200
82654,36,2,0,2736
82658,108,2,0,48
82670,180,2,0,9504
82674,252,3,0,3168
82686,96,3,-1,1920
82690,144,3,-1,1032
82702,228,3,0,3840
82706,156,2,0,9936
82718,84,2,0,8640
82722,36,2,0,7872
82734,84,2,0,5472
82750,156,3,1,10680
82754,24,3,1,6144
82766,504,4,1,198
82770,72,2,0,6240
82782,48,2,0,7152
82786,24,2,0,5568
82798,312,2,0,2496
82802,768,5,1,288
82814,48,3,-1,1728
82818,72,3,-1,2880
82830,264,4,0,2352
82834,84,2,0,3000
82846,72,2,0,7488
82850,72,2,0,9408
82862,180,2,0,720
82866,144,4,-1,672
82878,48,3,1,7200
82882,120,3,1,9936
82894,264,3,0,3744
82898,252,2,0,9792
82910,120,2,0,3840
82914,24,2,0,7680
82926,120,2,0,3684
82930,312,3,0,6624
82942,156,3,-1,444
82946,84,3,-1,1068
82958,576,3,0,1104
82962,144,2,0,984
82974,36,2,0,4992
82978,60,2,0,2592
82990,156,2,0,9216
82994,228,3,0,3648
83006,36,3,1,5400
83010,72,3,1,9012
83022,228,4,-1,1008
83026,264,2,0,11280
83038,96,2,0,10368
83042,72,2,0,1344
83054,216,2,0,4056
83058,216,4,0,6
83070,60,3,-1,3684
83074,72,3,-1,2448
83086,540,5,1,21
83090,336,2,0,168
83102,24,2,0,9792
83106,12,2,0,4608
83118,180,2,0,6120
83122,468,4,1,936
83134,72,3,1,6144
83138,72,3,1,8352
83150,312,3,0,408
83154,156,2,0,7812
83166,48,2,0,7752
83170,96,2,0,7968
83182,144,2,0,9792
83186,156,3,0,3360
83198,48,3,-1,672
83202,48,3,-1,1944
83214,144,3,0,2880
83218,84,2,0,6816
83234,84,2,0,2544
83246,156,2,0,1368
83250,336,3,0,5040
83262,72,3,1,6048
83266,204,3,1,5376
83278,384,4,1,4392
83282,192,2,0,7680
83294,48,2,0,7968
83298,48,2,0,6192
83310,120,2,0,7920
83314,300,4,0,1920
83326,72,3,-1,2400
83330,60,3,-1,3312
83342,348,6,0,24
83346,144,2,0,408
83358,96,2,0,1056
83362,108,2,0,11520
83374,204,2,0,3360
83378,720,4,-1,912
83390,108,3,1,14472
83406,144,3,0,3312
83410,216,2,0,936
83422,72,2,0,7728
83426,120,2,0,9792
83438,144,2,0,8448
83442,264,3,0,144
83454,36,3,-1,1350
83458,36,3,-1,432
83470,540,3,0,6528
83474,156,2,0,6048
83486,132,2,0,3456
83490,96,2,0,7992
83502,84,2,0,6720
83506,240,3,0,3192
83518,120,3,1,3456
83522,156,3,1,2112
83534,228,4,-1,912
83538,132,2,0,8208
83550,84,2,0,1104
83554,132,2,0,2448
83566,120,2,0,5184
83570,384,5,0,1296
83582,120,3,-1,4224
83586,48,3,-1,1692
83598,252,4,0,1440
83602,144,2,0,9024
83614,60,2,0,8328
83618,24,2,0,7824
83630,300,2,0,3360
83634,288,4,1,228
83646,84,3,1,5040
83650,120,3,1,7860
83662,516,3,0,1440
83666,120,2,0,2352
83678,48,2,0,6720
83682,12,2,0,4608
83694,60,2,0,5760
83698,468,3,0,2400
83710,120,3,-1,2976
83714,96,3,-1,3168
83726,204,3,0,4080
83730,132,2,0,7680
83742,36,2,0,1824
83746,36,2,0,768
83758,228,2,0,2016
83762,252,3,0,240
83774,108,3,1,504
83778,60,3,1,8832
83790,300,4,1,3318
83794,180,2,0,6624
83806,108,2,0,3456
83810,252,2,0,8064
83822,132,2,0,5472
83826,252,5,-1,504
83838,72,3,-1,2736
83842,192,3,-1,216
83854,276,4,0,1920
83858,216,2,0,1392
83870,108,2,0,8832
83874,36,2,0,3744
83890,444,4,-1,1992
83902,72,3,1,8496
83906,48,3,1,7416
83918,444,3,0,2688
83922,96,2,0,8352
83934,48,2,0,5544
83938,132,2,0,8352
83950,348,2,0,4224
83954,432,3,0,1008
83966,96,3,-1,2172
83970,72,3,-1,3120
83982,228,3,0,2592
83986,120,2,0,1512
83998,108,2,0,10752
84002,60,2,0,8064
84014,156,2,0,11544
84018,180,3,0,72
84030,108,3,1,984
84034,60,3,1,7344
84046,192,4,-1,840
84062,84,2,0,2256
84066,12,2,0,6120
84078,60,2,0,6672
84082,480,4,0,2400
84094,24,3,-1,480
84098,96,3,-1,396
84110,576,5,-1,72
84114,48,2,0,5760
84126,48,2,0,6216
84130,132,2,0,5784
84142,192,2,0,1440
84146,408,4,1,4200
84158,84,3,1,1128
84162,144,3,1,9936
84174,312,3,0,3432
84178,132,2,0,8256
84190,108,2,0,13632
84194,12,2,0,7536
84206,108,2,0,2112
84210,108,3,0,2976
84222,120,3,-1,2160
84226,60,3,-1,264
84238,336,3,0,1608
84242,300,2,0,1128
84254,36,2,0,6240
84258,60,2,0,2064
84270,240,2,0,7968
84274,336,3,0,1320
84286,48,3,1,12360
84290,72,3,1,7992
84302,492,4,1,6528
84306,120,2,0,5280
84318,36,2,0,5424
84322,84,2,0,6624
84334,144,2,0,864
84338,420,4,0,96
84350,108,3,-1,1992
84354,12,3,-1,1392
84366,276,5,0,624
84370,264,2,0,12000
84382,72,2,0,768
84386,144,2,0,1920
84398,96,2,0,7200
84402,276,4,-1,1008
84414,36,3,1,300
84418,132,3,1,2376
84430,288,3,0,4032
84434,108,2,0,5112
84446,48,2,0,6432
84450,60,2,0,7872
84462,84,2,0,5424
84466,204,3,0,3312
84478,72,3,-1,3264
84482,144,3,-1,4224
84494,228,3,0,840
84498,252,2,0,8400
84510,132,2,0,8544
84514,24,2,0,5568
84526,288,2,0,2736
84530,612,3,0,240
84546,72,3,1,4932
84558,312,4,-1,336
84562,300,2,0,288
84574,72,2,0,5760
84578,24,2,0,6816
84590,228,2,0,8880
84594,420,6,0,420
84606,24,3,-1,1320
84610,120,3,-1,4824
84622,528,4,0,3264
84626,144,2,0,5664
84638,156,2,0,3840
84642,60,2,0,936
84654,144,2,0,5472
84658,444,4,1,240
84670,108,3,1,4392
84674,132,3,1,3480
84686,228,3,0,2304
84690,144,2,0,6648
84702,72,2,0,6096
84718,120,2,0,9792
84722,276,3,0,4320
84734,108,3,-1,2880
84738,72,3,-1,1728
84750,276,3,0,4416
84754,132,2,0,7680
84766,48,2,0,5016
84770,156,2,0,12864
84782,204,2,0,3648
84786,264,3,0,3360
84798,24,3,1,600
84802,72,3,1,7680
84814,444,4,1,192
84818,168,2,0,2424
84830,132,2,0,14688
84834,72,2,0,5832
84846,72,2,0,5520
84850,708,5,1,696
84862,72,3,-1,3936
84866,60,3,-1,2112
84878,348,4,0,2064
84882,72,2,0,5736
84894,120,2,0,5760
84898,144,2,0,9600
84910,108,2,0,9600
84914,252,4,-1,960
84926,60,3,1,1536
84930,60,3,1,8496
84942,228,3,0,1
84946,96,2,0,7776
84958,84,2,0,288
84962,156,2,0,2784
84974,192,2,0,8688
84978,192,3,0,2688
84990,48,3,-1,2592
84994,120,3,-1,1152
85006,180,3,0,3744
85010,288,2,0,1824
85022,60,2,0,6144
85026,60,2,0,6000
85038,84,2,0,5184
85042,372,3,0,768
85054,84,3,1,6912
85058,120,3,1,2448
85070,768,4,-1,384
85074,84,2,0,3936
85086,96,2,0,576
85090,84,2,0,10320
85102,264,2,0,4104
85106,360,4,0,864
85118,96,3,-1,456
85122,96,3,-1,2280
85134,240,5,1,1260
85138,180,2,0,2736
85150,156,2,0,12096
85154,60,2,0,9504
85166,168,2,0,8448
85170,408,4,1,4452
85182,180,3,1,9864
85186,120,3,1,7560
85202,240,2,0,11232
85214,48,2,0,2688
85218,48,2,0,4608
85230,132,2,0,9072
85234,180,3,0,3168
85246,120,3,-1,840
85250,108,3,-1,564
85262,360,3,0,4032
85266,48,2,0,312
85278,84,2,0,5472
85282,120,2,0,240
85294,96,2,0,6720
85298,276,3,0,4224
85310,84,3,1,9000
85314,84,3,1,1164
85326,156,4,1,2352
85330,108,2,0,9360
85342,120,2,0,384
85346,60,2,0,6624
85358,300,2,0,432
85374,36,3,-1,1752
85378,180,3,-1,4080
85390,540,5,0,336
85394,240,2,0,768
85406,24,2,0,10080
85410,84,2,0,7488
85422,180,2,0,7128
85426,396,4,-1,468
85438,84,3,1,7344
85442,60,3,1,1872
85454,300,3,0,3408
85458,96,2,0,1104
85470,96,2,0,9024
85474,72,2,0,7032
85486,132,2,0,7056
85490,384,3,0,4896
85502,48,3,-1,672
85506,60,3,-1,2016
85518,240,3,0,4032
85522,96,2,0,7776
85534,156,2,0,6384
85538,60,2,0,3648
85550,120,2,0,8064
85554,228,3,0,3048
85566,24,3,1,5016
85570,84,3,1,240
85582,240,4,-1,1200
85586,72,2,0,5760
85598,120,2,0,1152
85602,60,2,0,6720
85614,60,2,0,4776
85618,576,6,-1,504
85630,156,3,-1,4080
85634,60,3,-1,2400
85646,552,4,0,1056
85650,180,2,0,10704
85662,60,2,0,5184
85666,48,2,0,6480
85678,192,2,0,768
85682,540,4,1,1200
85694,36,3,1,5652
85698,84,3,1,5592
85710,240,3,0,3768
85714,264,2,0,2796
85726,72,2,0,5088
85730,228,2,0,16608
85742,288,2,0,2880
85746,204,3,0,2712
85758,132,3,-1,792
85762,24,3,-1,2304
85774,288,3,0,3504
85778,36,2,0,5808
85790,96,2,0,168
85794,132,2,0,648
85806,108,2,0,5040
85810,384,3,0,4608
85822,168,3,1,132
85826,180,3,1,3096
85838,408,4,1,3408
85842,276,2,0,1560
85858,96,2,0,30
85870,276,2,0,12672
85874,264,5,-1,576
85886,108,3,-1,2400
85890,120,3,-1,2556
85902,180,4,0,192
85906,192,2,0,6240
85918,24,2,0,6768
85922,108,2,0,9600
85934,300,2,0,2880
85938,408,4,-1,1440
85950,96,3,1,7404
85954,96,3,1,7200
85966,324,3,0,2016
85970,276,2,0,4692
85982,60,2,0,8688
85986,24,2,0,5808
85998,84,2,0,5856
86002,588,3,0,960
86014,84,3,-1,3024
86030,408,3,0,4368
86034,72,2,0,3960
86046,96,2,0,5616
86050,96,2,0,12000
86062,120,2,0,7344
86066,240,3,0,4368
86078,96,3,1,5016
86082,60,3,1,5328
86094,324,4,-1,1152
86098,216,2,0,1104
86110,144,2,0,3000
86114,108,2,0,1416
86126,96,2,0,8928
86130,264,4,0,2064
86142,72,3,-1,264
86146,48,3,-1,552
86158,396,5,-1,144
86162,156,2,0,9024
86174,24,2,0,5568
86178,48,2,0,7104
86190,120,2,0,8784
86194,312,4,1,2796
86206,132,3,1,8640
86210,48,3,1,10200
86222,588,3,0,1344
86226,60,2,0,4464
86238,120,2,0,6144
86242,96,2,0,2688
86254,108,2,0,1080
86258,384,3,0,336
86270,96,3,-1,2784
86274,60,3,-1,2400
86286,144,3,0,2880
86290,360,2,0,5712
86302,84,2,0,12768
86306,24,2,0,5016
86318,240,2,0,9312
86322,96,3,0,2496
86334,60,3,1,4044
86338,84,3,1,7776
86350,588,4,1,5760
86354,120,2,0,8448
86366,72,2,0,624
86370,84,2,0,8268
86382,216,2,0,768
86386,156,4,0,1632
86398,132,3,-1,1620
86402,96,3,-1,1404
86414,384,6,-1,336
86418,72,2,0,6432
86430,108,2,0,8016
86434,60,2,0,2496
86446,168,2,0,5760
86450,228,4,-1,1368
86462,84,3,1,10368
86466,72,3,1,408
86478,276,3,0,3072
86482,192,2,0,7488
86494,108,2,0,10752
86498,180,2,0,9792
86514,228,3,0,3168
86526,36,3,-1,1488
86530,132,3,-1,3516
86542,288,3,0,192
86546,204,2,0,2352
86558,84,2,0,2016
86562,48,2,0,4752
86574,60,2,0,5904
86578,276,3,0,144
86590,96,3,1,936
86594,96,3,1,6432
86606,192,4,-1,1104
86610,144,2,0,9792
86622,84,2,0,6624
86626,24,2,0,9216
86638,228,2,0,13248
86642,252,5,0,144
86654,84,3,-1,720
86658,96,3,-1,432
86670,264,4,0,2160
86686,120,2,0,252
86690,216,2,0,336
86702,96,2,0,7728
86706,276,4,1,2808
86718,108,3,1,6192
86722,120,3,1,3984
86734,204,3,0,264
86738,216,2,0,9408
86750,156,2,0,14784
86754,24,2,0,4032
86766,90,2,0,54
86770,408,3,0,6432
86782,60,3,-1,2208
86786,60,3,-1,2184
86798,288,3,0,1056
86802,132,2,0,5760
86814,48,2,0,5232
86818,60,2,0,6048
86830,276,2,0,5856
86834,522,3,0,30
86846,60,3,1,6432
86850,120,3,1,9384
86862,408,4,1,3360
86866,168,2,0,2400
86878,72,2,0,144
86882,132,2,0,1440
86894,60,2,0,5040
86898,216,5,1,1440
86910,108,3,-1,2880
86914,96,3,-1,2064
86926,312,4,0,1896
86930,156,2,0,8352
86942,96,2,0,960
86946,96,2,0,6048
86958,108,2,0,984
86962,576,4,-1,2304
86974,72,3,1,1338
86978,156,3,1,144
86990,480,3,0,8280
86994,60,2,0,3912
87006,48,2,0,5184
87010,72,2,0,1800
87022,264,2,0,864
87026,156,3,0,3264
87038,84,3,-1,2688
87042,84,3,-1,384
87054,96,3,0,2664
87058,432,2,0,120
87070,60,2,0,7464
87074,108,2,0,10128
87086,216,2,0,1848
87090,252,3,0,3648
87102,36,3,1,7056
87106,60,3,1,8784
87118,408,4,-1,360
87122,204,2,0,2304
87134,36,2,0,6720
87138,96,2,0,7104
87150,84,2,0,5952
87154,288,4,0,612
87170,108,3,-1,3984
87182,300,5,1,1632
87186,168,2,0,6480
87198,108,2,0,6720
87202,36,2,0,6624
87214,144,2,0,8112
87218,384,4,1,432
87230,156,3,1,3516
87234,36,3,1,5334
87246,132,3,0,2352
87250,264,2,0,13440
87262,132,2,0,4512
87266,96,2,0,216
87278,168,2,0,8352
87282,276,3,0,3696
87294,72,3,-1,2088
87298,96,3,-1,312
87310,552,3,0,6816
87314,144,2,0,8160
87326,96,2,0,8064
87342,168,2,0,1440
87346,204,3,0,2880
87358,96,3,1,1368
87362,132,3,1,1200
87374,384,4,1,1440
87378,180,2,0,6480
87390,72,2,0,6648
87394,96,2,0,9072
87406,216,2,0,2328
87410,576,4,0,720
87422,36,3,-1,144
87426,24,3,-1,1440
87438,300,7,1,504
87442,156,2,0,480
87454,84,2,0,7680
87458,96,2,0,1392
87470,216,2,0,1296
87474,240,4,-1,960
87486,36,3,1,3708
87490,276,3,1,13212
87502,240,3,0,3168
87506,192,2,0,960
87518,96,2,0,2256
87522,48,2,0,7488
87534,168,2,0,7824
87538,348,3,0,3744
87550,144,3,-1,1128
87554,60,3,-1,648
87566,204,3,0,2928
87570,180,2,0,6192
87582,84,2,0,6336
87586,156,2,0,5184
87598,144,2,0,6336
87602,300,3,0,4320
87614,120,3,1,8160
87618,84,3,1,6624
87630,168,4,-1,1068
87634,84,2,0,6864
87646,108,2,0,9600
87650,96,2,0,9504
87662,420,2,0,1152
87666,444,5,0,120
87678,108,3,-1,1920
87682,60,3,-1,2688
87694,420,4,0,768
87698,168,2,0,3744
87710,132,2,0,9600
87714,84,2,0,4416
87726,108,2,0,5760
87730,768,4,1,2004
87742,144,3,1,1680
87746,12,3,1,6624
87758,408,3,0,1248
87762,132,2,0,5208
87774,84,2,0,4872
87778,132,2,0,9216
87790,132,2,0,7584
87794,300,3,0,3504
87806,144,3,-1,1152
87810,60,3,-1,2496
87826,72,2,0,5880
87838,72,2,0,3072
87842,132,2,0,96
87854,60,2,0,6072
87858,372,3,0,720
87870,84,3,1,354
87874,144,3,1,2196
87886,480,4,1,4656
87890,168,2,0,10656
87902,72,2,0,7392
87906,48,2,0,4128
87918,48,2,0,4992
87922,360,5,-1,672
87934,72,3,-1,1680
87938,72,3,-1,2592
87950,636,4,0,120
87954,156,2,0,6720
87966,36,2,0,5280
87970,48,2,0,11160
87982,324,2,0,2736
87998,60,3,1,10656
88002,84,3,1,8640
88014,192,3,0,1584
88018,228,2,0,3648
88030,84,2,0,9888
88034,60,2,0,6048
88046,120,2,0,7104
88050,168,3,0,3048
88062,72,3,-1,3120
88066,60,3,-1,2280
88078,144,3,0,3456
88082,192,2,0,10752
88094,108,2,0,2880
88098,84,2,0,6336
88110,144,2,0,9408
88114,240,3,0,4032
88126,12,3,1,3000
88130,168,3,1,6468
88142,408,4,-1,240
88146,108,2,0,624
88158,48,2,0,1152
88162,108,2,0,2016
88174,180,2,0,8928
88178,300,4,0,2688
88190,72,3,-1,2904
88194,48,3,-1,2160
88206,288,5,-1,474
88210,192,2,0,9216
88222,144,2,0,11424
88226,84,2,0,5712
88238,192,2,0,3288
88242,240,4,1,612
88254,84,3,1,1080
88258,120,3,1,1824
88270,420,3,0,108
88274,192,2,0,1488
88286,72,2,0,5664
88290,48,2,0,10800
88302,120,2,0,5568
88306,324,3,0,1080
88318,36,3,-1,2640
88322,96,3,-1,2592
88334,348,3,0,5088
88338,120,2,0,6528
88350,60,2,0,6528
88354,48,2,0,8160
88366,72,2,0,7584
88370,324,3,0,5856
88382,84,3,1,1596
88386,36,3,1,3648
88398,432,4,1,3264
88402,132,2,0,7968
88414,48,2,0,1560
88418,108,2,0,3888
88430,300,2,0,12816
88434,204,4,0,1176
88446,48,3,-1,2148
88450,204,3,-1,288
88462,252,5,0,768
88466,72,2,0,6312
88482,36,2,0,6816
88494,108,2,0,384
88498,336,4,-1,1176
88510,108,3,1,12384
88514,36,3,1,6288
88526,300,3,0,1272
88530,252,2,0,10080
88542,96,2,0,1008
88546,36,2,0,7536
88558,396,2,0,30
88562,456,3,0,2400
88574,84,3,-1,2352
88578,24,3,-1,1632
88590,300,3,0,4416
88594,168,2,0,600
88606,60,2,0,5808
88610,120,2,0,7296
88622,156,2,0,7872
88626,180,3,0,2784
88638,36,3,1,3792
88654,348,4,-1,1500
88658,228,2,0,1440
88670,156,2,0,528
88674,36,2,0,6336
88686,120,2,0,5928
88690,348,8,-1,78
88702,84,3,-1,912
88706,96,3,-1,768
88718,252,4,0,1968
88722,108,2,0,6384
88734,84,2,0,42
88738,108,2,0,2784
88750,288,2,0,12096
88754,348,4,1,3552
88766,120,3,1,9108
88770,36,3,1,5580
88782,168,3,0,3936
88786,120,2,0,5760
88798,132,2,0,9120
88802,96,2,0,7104
88814,132,2,0,1440
88818,264,3,0,3648
88830,36,3,-1,1956
88834,84,3,-1,2304
88846,168,3,0,768
88850,240,2,0,4008
88862,108,2,0,8160
88866,72,2,0,312
88878,168,2,0,10320
88882,408,3,0,1704
88894,96,3,1,7392
88898,84,3,1,8160
88910,384,4,1,3936
88914,72,2,0,4512
88926,72,2,0,6648
88930,60,2,0,1344
88942,324,2,0,2160
88946,468,5,1,1872
88958,132,3,-1,6
88962,48,3,-1,2352
88974,156,4,0,864
88978,264,2,0,12096
88990,120,2,0,6144
88994,108,2,0,2952
89006,216,2,0,7488
89010,300,4,-1,1404
89022,60,3,1,4512
89026,84,3,1,1584
89038,348,3,0,720
89042,204,2,0,1344
89054,72,2,0,5568
89058,60,2,0,1716
89070,180,2,0,8448
89074,336,3,0,4512
89086,60,3,-1,2016
89090,72,3,-1,4080
89102,564,3,0,2688
89106,84,2,0,4044
89118,108,2,0,8304
89122,96,2,0,8064
89138,264,3,0,672
89150,84,3,1,9024
89154,48,3,1,432
89166,252,4,-1,648
89170,192,2,0,192
89182,0,2,0,7776
89186,84,2,0,9528
89198,156,2,0,7680
89202,288,4,0,1536
89214,60,3,-1,2232
89218,36,3,-1,1848
89230,468,5,1,2364
89234,216,2,0,1152
89246,108,2,0,1488
89250,48,2,0,7752
89262,108,2,0,4416
89266,504,4,1,5040
89278,84,3,1,2496
89282,84,3,1,552
89294,312,3,0,384
89310,24,2,0,6000
89314,108,2,0,3816
89326,108,2,0,6336
89330,240,3,0,4704
89342,168,3,-1,720
89346,36,3,-1,2256
89358,228,3,0,384
89362,96,2,0,10080
89374,60,2,0,5376
89378,72,2,0,6912
89390,264,2,0,2952
89394,156,3,0,2124
89406,36,3,1,7380
89410,72,3,1,15192
89422,612,4,1,2160
89426,372,2,0,4128
89438,132,2,0,11568
89442,48,2,0,126
89454,120,2,0,5664
89458,588,4,0,120
89470,120,3,-1,3096
89474,48,3,-1,1824
89486,348,5,0,960
89490,132,2,0,8352
89502,72,2,0,4080
89506,60,2,0,6144
89518,300,2,0,1152
89522,504,4,-1,1944
89534,84,3,1,2964
89538,12,3,1,8952
89550,312,3,0,4272
89554,108,2,0,5520
89566,72,2,0,768
89570,264,2,0,2808
89582,216,2,0,7488
89586,288,3,0,2640
89598,48,3,-1,1632
89602,60,3,-1,792
89614,240,3,0,4032
89618,60,2,0,6912
89630,144,2,0,11520
89634,12,2,0,6336
89646,60,2,0,5232
89650,348,3,0,4728
89662,84,3,1,8256
89666,36,3,1,5760
89678,396,4,-1,336
89682,108,2,0,6528
89694,84,2,0,6000
89698,108,2,0,8640
89710,300,2,0,2880
89714,384,6,1,36
89726,36,3,-1,2496
89730,36,3,-1,1608
89742,432,4,0,480
89746,228,2,0,3816
89758,48,2,0,1944
89762,84,2,0,11808
89774,192,2,0,7344
89778,264,4,1,3264
89794,84,3,1,7008
89806,216,3,0,2928
89810,192,2,0,10368
89822,72,2,0,48
89826,60,2,0,4560
89838,120,2,0,5280
89842,192,3,0,552
89854,24,3,-1,816
89858,180,3,-1,228
89870,312,3,0,4032
89874,168,2,0,6504
89886,72,2,0,6048
89890,192,2,0,120
89902,168,2,0,10368
89906,252,3,0,2880
89918,144,3,1,7824
89922,60,3,1,5568
89934,228,4,1,2928
89938,204,2,0,9024
89950,60,2,0,8064
89966,252,2,0,3744
89970,432,5,-1,60
89982,84,3,-1,1944
89986,72,3,-1,2604
89998,636,4,0,960
90002,84,2,0,1488
90014,108,2,0,8352
90018,36,2,0,672
90030,108,2,0,8232
90034,312,4,-1,240
90046,24,3,1,6768
90050,120,3,1,10560
90062,132,3,0,2832
90066,156,2,0,5568
90078,60,2,0,6240
90082,132,2,0,11808
90094,48,2,0,5760
90098,360,3,0,4512
90110,132,3,-1,1296
90114,36,3,-1,1476
90126,192,3,0,2496
90130,168,2,0,8976
90142,108,2,0,300
90146,36,2,0,1728
90158,204,2,0,2112
90162,192,3,0,3456
90174,36,3,1,5472
90178,156,3,1,3528
90190,324,4,-1,72
90194,180,2,0,7824
90206,60,2,0,5184
90210,96,2,0,7488
90222,120,2,0,5928
90226,180,4,0,2304
90238,48,3,-1,3000
90242,120,3,-1,672
90254,456,5,-1,54
90258,144,2,0,1224
90270,96,2,0,8544
90274,36,2,0,5328
90286,240,2,0,2928
90290,828,4,1,2844
90302,48,3,1,1320
90306,96,3,1,9186
90318,204,3,0,24
90322,264,2,0,3120
90334,108,2,0,9120
90338,96,2,0,6912
90350,156,2,0,14352
90354,132,3,0,2112
90366,24,3,-1,1440
90370,108,3,-1,2928
90382,360,3,0,5376
90386,108,2,0,5760
90398,72,2,0,3120
90402,48,2,0,5376
90414,72,2,0,3600
90418,312,3,0,5568
90430,72,3,1,2808
90434,48,3,1,1992
90450,204,2,0,6432
90462,84,2,0,9504
90466,96,2,0,1584
90478,96,2,0,5088
90482,180,4,0,1728
90494,72,3,-1,1728
90498,108,3,-1,336
90510,276,6,1,1008
90514,108,2,0,6720
90526,84,2,0,8832
90530,48,2,0,9048
90542,228,2,0,336
90546,264,4,-1,828
90558,72,3,1,1878
90562,48,3,1,5760
90574,336,3,0,1200
90578,216,2,0,1248
90590,60,2,0,6888
90594,12,2,0,5040
90606,84,2,0,48
90622,36,3,-1,2880
90626,48,3,-1,2208
90638,456,3,0,5952
90642,198,2,0,6
90654,60,2,0,5376
90658,84,2,0,1872
90670,204,2,0,10992
90674,120,3,0,2400
90686,84,3,1,126
90690,84,3,1,7200
90702,324,4,-1,1008
90706,144,2,0,5760
90718,60,2,0,3648
90722,168,2,0,4416
90734,120,2,0,6432
90738,180,5,0,576
90750,72,3,-1,1872
90754,72,3,-1,804
90766,228,4,0,1680
90770,216,2,0,11040
90782,60,2,0,9600
90786,72,2,0,4992
90798,228,2,0,11088
90802,372,4,1,648
90814,60,3,1,6048
90818,36,3,1,8064
90830,432,3,0,1968
90834,120,2,0,5376
90846,48,2,0,3696
90850,144,2,0,13824
90862,384,2,0,1440
90866,300,3,0,912
90878,120,3,-1,3456
90882,84,3,-1,2832
90894,144,3,0,252
90898,108,2,0,1536
90910,120,2,0,432
90914,48,2,0,8448
90926,72,2,0,5424
90930,192,3,0,4056
90942,24,3,1,1392
90946,36,3,1,6120
90958,360,4,1,552
90962,180,2,0,6624
90974,168,2,0,2376
90978,36,2,0,6240
90990,84,2,0,7872
90994,528,5,1,2640
91006,84,3,-1,690
91010,120,3,-1,1080
91022,396,4,0,1872
91026,84,2,0,4896
91038,12,2,0,4512
91042,108,2,0,552
91054,216,2,0,7200
91058,408,4,-1,288
91070,108,3,1,9312
91074,24,3,1,3456
91086,228,3,0,384
91090,132,2,0,1008
91106,108,2,0,8256
91118,348,2,0,3072
91122,168,3,0,2688
91134,96,3,-1,1980
91138,84,3,-1,24
91150,432,3,0,2412
91154,144,2,0,2988
91166,48,2,0,7200
91170,96,2,0,9240
91182,96,2,0,5664
91186,300,3,0,192
91198,96,3,1,528
91202,120,3,1,9792
91214,192,4,-1,972
91218,72,2,0,6816
91230,96,2,0,10272
91234,12,2,0,5088
91246,156,2,0,8448
91250,492,4,0,2688
91262,108,3,-1,1200
91278,324,5,1,1368
91282,132,2,0,1056
91294,48,2,0,1824
91298,96,2,0,1584
91310,264,2,0,9504
91314,360,4,1,2784
91326,48,3,1,4608
91330,84,3,1,2784
91342,528,3,0,1104
91346,108,2,0,6624
91358,144,2,0,1512
91362,0,2,0,5184
91374,84,2,0,4944
91378,132,3,0,240
91390,108,3,-1,504
91394,84,3,-1,1968
91406,216,3,0,720
91410,168,2,0,7488
91422,60,2,0,5568
91426,84,2,0,7776
91438,84,2,0,1344
91442,648,3,0,528
91454,120,3,1,6240
91458,120,3,1,1116
91470,288,4,1,4800
91474,192,2,0,4608
91486,36,2,0,7296
91490,48,2,0,6912
91502,192,2,0,9120
91506,144,4,0,936
91518,60,3,-1,1872
91522,72,3,-1,2688
91534,264,7,0,192
91538,240,2,0,15072
91550,132,2,0,1008
91554,96,2,0,6984
91566,204,2,0,6480
91570,204,4,-1,1056
91582,168,3,1,5088
91586,60,3,1,384
91598,264,3,0,4704
91602,108,2,0,336
91614,60,2,0,5664
91618,120,2,0,2880
91630,216,2,0,9552
91634,264,3,0,168
91646,96,3,-1,1896
91650,72,3,-1,3522
91662,108,3,0,2448
91666,120,2,0,7968
91678,24,2,0,9504
91682,48,2,0,8064
91694,228,2,0,4944
91698,288,3,0,4032
91710,60,3,1,6240
91714,48,3,1,198
91726,348,4,-1,384
91730,276,2,0,2448
91742,84,2,0,1944
91746,108,2,0,4296
91762,540,5,0,336
91774,96,3,-1,2400
91778,84,3,-1,3024
91790,420,4,0,2688
91794,108,2,0,4464
91806,60,2,0,5040
91810,108,2,0,10848
91822,108,2,0,6432
91826,372,4,1,4032
91838,96,3,1,2112
91842,48,3,1,1200
91854,192,3,0,2760
91858,144,2,0,1176
91870,120,2,0,432
91874,96,2,0,84
91886,120,2,0,4632
91890,240,3,0,4800
91902,48,3,-1,2976
91906,96,3,-1,888
91918,396,3,0,6912
91934,48,2,0,5760
91938,36,2,0,4320
91950,84,2,0,6240
91954,276,3,0,3744
91966,84,3,1,4656
91970,72,3,1,9504
91982,468,4,1,1200
91986,120,2,0,6144
91998,24,2,0,384
92002,96,2,0,12288
92014,348,2,0,5184
92018,360,5,-1,276
92030,180,3,-1,3672
92034,12,3,-1,1440
92046,318,4,0,12
92050,252,2,0,3072
92062,96,2,0,6912
92066,84,2,0,1680
92078,108,2,0,7104
92082,240,4,-1,960
92094,48,3,1,5292
92098,84,3,1,9744
92110,348,3,0,4848
92114,120,2,0,5808
92126,120,2,0,4488
92130,48,2,0,6588
92142,108,2,0,972
92146,228,3,0,4032
92158,132,3,-1,8
92162,120,3,-1,672
92174,240,3,0,528
92178,132,2,0,6144
92190,36,2,0,8544
92194,48,2,0,1176
92206,156,2,0,7104
92210,360,3,0,4608
92222,48,3,1,8424
92226,60,3,1,5544
92238,312,4,-1,1080
92242,252,2,0,2304
92254,24,2,0,6816
92258,96,2,0,2112
92270,264,2,0,2784
92274,108,4,0,1008
92286,24,3,-1,1824
92290,96,3,-1,3456
92302,444,5,-1,144
92306,120,2,0,1800
92318,60,2,0,8256
92322,60,2,0,6720
92334,72,2,0,3744
92338,648,4,1,2136
92350,60,3,1,9720
92354,36,3,1,8196
92366,300,3,0,3456
92370,60,2,0,1176
92382,72,2,0,5664
92386,60,2,0,7272
92398,132,2,0,8832
92402,324,3,0,4512
92418,36,3,-1,1728
92430,240,3,0,3936
92434,156,2,0,7776
92446,96,2,0,3696
92450,132,2,0,6144
92462,252,2,0,12000
92466,168,3,0,2112
92478,72,3,1,8448
92482,84,3,1,696
92494,348,4,1,2304
92498,180,2,0,7872
92510,24,2,0,8400
92514,36,2,0,7104
92526,84,2,0,4896
92530,300,4,0,2040
92542,48,3,-1,48
92546,72,3,-1,2928
92558,528,5,0,132
92562,96,2,0,4752
92574,48,2,0,4776
92590,408,2,0,3744
92594,300,4,-1,336
92606,48,3,1,6408
92610,12,3,1,7032
92622,132,3,0,3456
92626,180,2,0,1776
92638,24,2,0,8064
92642,72,2,0,1032
92654,216,2,0,96
92658,288,3,0,720
92670,96,3,-1,2496
92674,108,3,-1,192
92686,264,3,0,3744
92690,204,2,0,9600
92702,156,2,0,2400
92706,24,2,0,6096
92718,132,2,0,5952
92722,108,3,0,3264
92734,120,3,1,2112
92738,24,3,1,2592
92750,492,4,-1,1908
92754,84,2,0,5592
92766,48,2,0,4416
92770,120,2,0,5580
92782,72,2,0,5376
92786,324,7,-1,180
92798,60,3,-1,84
92802,60,3,-1,84
92814,372,4,0,1896
92818,84,2,0,7296
92830,156,2,0,1248
92834,12,2,0,4800
92846,144,2,0,1056
92850,372,4,1,480
92862,60,3,1,4776
92866,48,3,1,5688
92878,456,3,0,1824
92882,300,2,0,5472
92894,84,2,0,5760
92898,36,2,0,120
92910,132,2,0,8592
92914,288,3,0,1056
92926,96,3,-1,2688
92930,120,3,-1,3528
92942,276,3,0,840
92946,84,2,0,5280
92958,108,2,0,156
92962,60,2,0,7296
92974,96,2,0,6168
92978,216,3,0,3072
92990,84,3,1,5580
92994,36,3,1,6522
93006,348,4,1,3024
93010,276,2,0,12528
93022,168,2,0,2592
93026,48,2,0,132
93038,204,2,0,8640
93042,468,5,1,312
93054,36,3,-1,1500
93058,156,3,-1,198
93074,132,2,0,5952
93086,120,2,0,8928
93090,72,2,0,7344
93102,108,2,0,6096
93106,228,4,-1,1404
93118,72,3,1,6768
93122,36,3,1,9888
93134,216,3,0,768
93138,72,2,0,5472
93150,108,2,0,8904
93154,60,2,0,864
93166,192,2,0,1656
93170,420,3,0,336
93182,36,3,-1,2496
93186,12,3,-1,1056
93198,168,3,0,96
93202,204,2,0,3744
93214,120,2,0,5712
93218,132,2,0,12912
93230,240,2,0,10560
93246,72,3,1,6192
93250,96,3,1,6852
93262,324,4,-1,1776
93266,132,2,0,5472
93278,156,2,0,2208
93282,132,2,0,6360
93294,132,2,0,6336
93298,492,4,0,2496
93310,36,3,-1,1110
93314,180,3,-1,120
93326,396,5,1,1680
93330,156,2,0,8904
93342,24,2,0,1008
93346,60,2,0,2400
93358,408,2,0,96
93362,480,4,1,3696
93374,84,3,1,8940
93378,84,3,1,5472
93390,132,3,0,2736
93394,240,2,0,5256
93406,12,2,0,240
93410,108,2,0,11040
93422,180,2,0,3648
93426,108,3,0,1920
93438,48,3,-1,432
93442,108,3,-1,720
93454,312,3,0,264
93458,288,2,0,384
93470,84,2,0,11040
93474,0,2,0,4920
93486,228,2,0,5040
93490,408,3,0,1392
93502,84,3,1,9840
93506,24,3,1,4416
93518,588,4,1,4080
93522,84,2,0,6624
93534,60,2,0,4224
93538,60,2,0,7104
93550,216,2,0,10560
93554,396,4,0,2112
93566,72,3,-1,528
93570,84,3,-1,3660
93582,408,5,0,912
93586,72,2,0,7344
93598,132,2,0,2016
93602,72,2,0,2592
93614,132,2,0,5472
93618,204,4,-1,1008
93630,84,3,1,7344
93634,48,3,1,540
93646,216,3,0,3264
93650,204,2,0,8160
93662,132,2,0,192
93666,0,2,0,5808
93678,120,2,0,6192
93682,216,3,0,3072
93694,72,3,-1,3360
93698,36,3,-1,2304
93710,384,3,0,1920
93714,132,2,0,4032
93730,72,2,0,9696
93742,450,2,0,150
93746,264,3,0,1680
93758,96,3,1,1368
93762,48,3,1,6960
93774,228,4,-1,960
93778,180,2,0,1152
93790,156,2,0,10416
93794,60,2,0,5184
93806,168,2,0,8832
93810,432,6,-1,252
93822,48,3,-1,2400
93826,36,3,-1,3024
93838,228,4,0,1440
93842,288,2,0,1632
93854,108,2,0,3480
93858,72,2,0,888
93870,96,2,0,5520
93874,264,4,1,2712
93886,72,3,1,2016
93902,264,3,0,288
93906,84,2,0,7344
93918,108,2,0,9936
93922,72,2,0,2016
93934,132,2,0,6648
93938,252,3,0,720
93950,60,3,-1,2616
93954,12,3,-1,1320
93966,84,3,0,2496
93970,228,2,0,10560
93982,72,2,0,9888
93986,60,2,0,7680
93998,132,2,0,1824
94002,204,3,0,2928
94014,12,3,1,3360
94018,72,3,1,8592
94030,876,4,1,1662
94034,168,2,0,48
94046,120,2,0,8952
94050,120,2,0,7728
94062,96,2,0,6528
94066,312,5,-1,186
94078,72,3,-1,3072
94082,36,3,-1,1920
94094,204,4,0,1464
94098,60,2,0,4824
94110,120,2,0,240
94114,84,2,0,9216
94126,108,2,0,5280
94130,612,4,-1,2544
94142,180,3,1,108
94146,108,3,1,3960
94158,156,3,0,624
94162,192,2,0,9600
94174,108,2,0,2592
94178,180,2,0,4416
94190,192,2,0,10944
94194,132,3,0,2592
94206,36,3,-1,1710
94210,120,3,-1,972
94222,204,3,0,672
94226,192,2,0,7776
94238,48,2,0,5568
94242,48,2,0,1440
94254,120,2,0,5400
94258,276,3,0,1056
94270,120,3,1,10584
94274,36,3,1,264
94286,240,4,-1,516
94290,204,2,0,5568
94302,120,2,0,7392
94306,60,2,0,5952
94318,228,2,0,2784
94322,240,4,0,408
94334,60,3,-1,2880
94338,84,3,-1,2592
94350,240,5,-1,504
94354,192,2,0,2088
94366,60,2,0,6288
94370,96,2,0,9600
94386,168,4,1,2196
94398,84,3,1,6120
94402,96,3,1,5976
94414,192,3,0,2880
94418,108,2,0,1152
94430,144,2,0,1656
94434,24,2,0,4224
94446,108,2,0,5184
94450,480,3,0,8280
94462,60,3,-1,480
94466,144,3,-1,312
94478,432,3,0,384
94482,168,2,0,24
94494,60,2,0,5568
94498,120,2,0,3840
94510,144,2,0,11520
94514,228,3,0,192
94526,48,3,1,1152
94530,72,3,1,9144
94542,192,4,1,360
94558,108,2,0,2016
94562,72,2,0,9792
94574,156,2,0,2112
94578,408,4,0,144
94590,96,3,-1,3072
94594,60,3,-1,1920
94606,516,6,-1,174
94610,228,2,0,3696
94622,84,2,0,8256
94626,60,2,0,4224
94638,60,2,0,6432
94642,672,4,-1,4
94654,60,3,1,6432
94658,60,3,1,204
94670,288,3,0,4608
94674,132,2,0,7032
94686,48,2,0,4704
94690,156,2,0,11712
94702,180,2,0,576
94706,192,3,0,3072
94718,84,3,-1,1464
94722,72,3,-1,264
94734,120,3,0,2160
94738,96,2,0,6432
94750,132,2,0,2040
94754,120,2,0,1824
94766,36,2,0,480
94770,240,3,0,3216
94782,36,3,1,5280
94786,120,3,1,2016
94798,192,4,-1,1008
94802,228,2,0,13728
94814,84,2,0,9408
94818,36,2,0,4968
94830,156,2,0,9384
94834,228,5,0,744
94846,48,3,-1,2124
94850,72,3,-1,2472
94862,420,4,0,576
94866,108,2,0,8064
94878,0,2,0,4992
94882,60,2,0,6624
94894,156,2,0,1680
94898,456,4,1,1152
94910,120,3,1,10320
94914,60,3,1,4860
94926,168,3,0,4284
94930,168,2,0,4404
94942,84,2,0,2880
94946,24,2,0,9120
94958,120,2,0,1152
94962,156,3,0,240
94974,0,3,-1,1152
94978,144,3,-1,3744
94990,240,3,0,3264
94994,156,2,0,5760
95006,120,2,0,240
95010,60,2,0,7728
95022,96,2,0,6480
95026,180,3,0,3336
95042,156,3,1,636
95054,540,4,1,3936
95058,156,2,0,1440
95070,36,2,0,312
95074,60,2,0,720
95086,96,2,0,5664
95090,588,5,1,2880
95102,84,3,-1,2640
95106,12,3,-1,1026
95118,264,4,0,1440
95122,204,2,0,9312
95134,84,2,0,6840
95138,96,2,0,8640
95150,264,2,0,5544
95154,228,4,-1,864
95166,108,3,1,6336
95170,60,3,1,9408
95182,324,3,0,1248
95186,120,2,0,1488
95198,48,2,0,8640
95214,144,2,0,4500
95218,276,3,0,1152
95230,72,3,-1,2544
95234,12,3,-1,2448
95246,168,3,0,3168
95250,168,2,0,648
95262,60,2,0,7344
95266,24,2,0,5040
95278,168,2,0,11808
95282,324,3,0,3168
95294,36,3,1,1248
95298,36,3,1,5844
95310,456,4,-1,192
95314,84,2,0,6144
95326,72,2,0,1344
95330,156,2,0,2832
95342,132,2,0,240
95346,108,4,0,1416
95358,60,3,-1,240
95362,72,3,-1,1536
95374,504,5,1,2040
95378,168,2,0,528
95390,96,2,0,9840
95394,96,2,0,7224
95406,72,2,0,36
95410,528,4,1,5544
95422,96,3,1,7392
95426,144,3,1,7200
95438,576,3,0,144
95442,120,2,0,1260
95454,60,2,0,5256
95458,84,2,0,1200
95470,204,2,0,4512
95474,324,3,0,1596
95486,48,3,-1,2088
95490,48,3,-1,2880
95502,180,3,0,2688
95506,264,2,0,276
95518,24,2,0,7200
95522,60,2,0,360
95534,60,2,0,7296
95538,204,3,0,2304
95550,108,3,1,10200
95554,12,3,1,5040
95566,276,4,1,3984
95570,228,2,0,13824
95582,108,2,0,3024
95586,72,2,0,96
95598,144,2,0,6048
95602,384,4,0,1632
95614,132,3,-1,864
95618,132,3,-1,624
95630,276,6,0,480
95634,72,2,0,3240
95646,60,2,0,5232
95650,84,2,0,1872
95662,60,2,0,6912
95666,216,4,-1,1008
95678,84,3,1,7680
95682,36,3,1,6816
95698,228,2,0,12096
95710,132,2,0,10656
95714,36,2,0,5256
95726,192,2,0,2352
95730,192,3,0,3024
95742,48,3,-1,492
95746,48,3,-1,2304
95758,444,3,0,240
95762,252,2,0,1392
95774,60,2,0,5568
95778,96,2,0,6144
95790,180,2,0,1644
95794,444,3,0,2160
95806,24,3,1,6576
95810,72,3,1,13056
95822,408,4,-1,1632
95826,60,2,0,3456
95838,36,2,0,5664
95842,108,2,0,1728
95854,84,2,0,5952
95870,240,3,-1,1296
95874,72,3,-1,1584
95886,192,4,0,912
95890,144,2,0,7872
95902,72,2,0,4176
95906,72,2,0,3384
95918,132,2,0,6048
95922,384,4,1,3648
95934,36,3,1,4992
95938,132,3,1,2592
95950,252,3,0,4896
95954,132,2,0,7104
95966,60,2,0,384
95970,12,2,0,5940
95982,108,2,0,6048
95986,228,3,0,384
95998,108,3,-1,2208
96002,24,3,-1,1728
96014,240,3,0,1368
96018,120,2,0,8256
96030,60,2,0,6192
96034,132,2,0,9888
96046,240,2,0,792
96050,636,3,0,1632
96062,108,3,1,10224
96066,24,3,1,4464
96078,408,4,1,2928
96082,192,2,0,1512
96094,24,2,0,840
96098,96,2,0,6912
96110,120,2,0,6600
96114,180,5,-1,408
96126,48,3,-1,1404
96130,132,3,-1,3456
96142,396,4,0,432
96146,96,2,0,6528
96158,108,2,0,528
96162,72,2,0,4224
96174,96,2,0,5328
96178,252,4,-1,1056
96190,120,3,1,2004
96194,48,3,1,2256
96206,132,3,0,3072
96210,168,2,0,7920
96222,84,2,0,4800
96226,108,2,0,180
96238,144,2,0,8064
96242,240,3,0,888
96254,108,3,-1,2232
96258,72,3,-1,648
96270,348,3,0,5760
96274,108,2,0,5712
96286,72,2,0,7224
96290,60,2,0,1632
96302,108,2,0,1728
96306,168,3,0,2616
96318,12,3,1,5664
96322,48,3,1,7968
96334,444,4,-1,516
96338,312,2,0,4488
96354,48,2,0,6000
96366,84,2,0,3600
96370,648,4,0,216
96382,132,3,-1,3168
96386,0,3,-1,1776
96398,384,5,-1,768
96402,168,2,0,7584
96414,60,2,0,54
96418,48,2,0,6144
96430,228,2,0,13056
96434,348,4,1,3120
96446,36,3,1,2484
96450,12,3,1,5940
96462,216,3,0,2304
96466,192,2,0,8160
96478,36,2,0,2016
96482,36,2,0,2112
96494,96,2,0,9624
96498,96,3,0,2112
96510,96,3,-1,3444
96526,168,3,0,2784
96530,108,2,0,8400
96542,84,2,0,1152
96546,36,2,0,4608
96558,108,2,0,1380
96562,216,3,0,4512
96574,84,3,1,720
96578,144,3,1,8640
96590,468,4,1,1080
96594,60,2,0,5424
96606,36,2,0,384
96610,144,2,0,10848
96622,252,2,0,2448
96626,360,4,0,576
96638,60,3,-1,2304
96642,60,3,-1,12
96654,168,5,0,600
96658,312,2,0,768
96670,72,2,0,7344
96674,36,2,0,5760
96686,132,2,0,9360
96690,312,4,-1,1224
96702,60,3,1,504
96706,96,3,1,8616
96718,252,3,0,3552
96722,84,2,0,4896
96734,72,2,0,1128
96738,48,2,0,5856
96750,84,2,0,4392
96754,216,3,0,3120
96766,108,3,-1,1200
96770,168,3,-1,216
96782,240,3,0,4512
96786,72,2,0,3948
96798,72,2,0,7392
96802,168,2,0,3312
96814,192,2,0,5568
96818,384,3,0,4896
96830,132,3,1,11364
96834,48,3,1,4992
96846,228,4,-1,792
96850,192,2,0,9792
96862,24,2,0,5760
96866,36,2,0,5472
96878,300,2,0,480
96882,372,6,0,528
96894,24,3,-1,1248
96898,24,3,-1,216
96910,540,4,0,864
96914,168,2,0,2400
96926,24,2,0,4032
96930,72,2,0,10008
96942,180,2,0,1536
96946,216,4,1,636
96958,144,3,1,1464
96962,48,3,1,8448
96974,300,3,0,3792
96978,60,2,0,4320
96990,36,2,0,6816
96994,72,2,0,6912
97010,240,3,0,4032
97022,96,3,-1,768
97026,96,3,-1,1968
97038,222,3,0,36
97042,144,2,0,1296
97054,96,2,0,1968
97058,108,2,0,120
97070,228,2,0,10920
97074,192,3,0,288
97086,72,3,1,4392
97090,108,3,1,4584
97102,324,4,1,3600
97106,72,2,0,5952
97118,24,2,0,6240
97122,72,2,0,4560
97134,36,2,0,4800
97138,432,5,1,2112
97150,48,3,-1,3072
97154,132,3,-1,3048
97166,288,4,0,504
97182,24,2,0,7392
97186,48,2,0,552
97198,180,2,0,3408
97202,312,4,-1,432
97214,72,3,1,7200
97218,48,3,1,4704
97230,336,3,0,3264
97234,96,2,0,1776
97246,72,2,0,6912
97250,132,2,0,13824
97262,96,2,0,5760
97266,216,3,0,3000
97278,24,3,-1,1584
97282,96,3,-1,192
97294,228,3,0,3264
97298,216,2,0,9984
97310,240,2,0,5520
97314,36,2,0,3168
97326,120,2,0,7008
97330,372,3,0,4320
97342,144,3,1,120
97346,48,3,1,1368
97358,384,4,-1,24
97362,96,2,0,6624
97374,60,2,0,5760
97378,192,2,0,2688
97390,288,2,0,12936
97394,252,4,0,1224
97406,84,3,-1,168
97410,36,3,-1,120
97422,264,5,1,1224
97426,96,2,0,5568
97438,36,2,0,5760
97442,108,2,0,2400
97454,192,2,0,1392
97458,264,4,1,540
97470,84,3,1,7008
97474,108,3,1,252
97486,240,3,0,648
97490,264,2,0,3504
97502,84,2,0,10896
97506,12,2,0,4488
97518,132,2,0,6912
97522,396,3,0,2592
97534,36,3,-1,1920
97538,60,3,-1,1872
97550,408,3,0,5040
97554,96,2,0,660
97566,60,2,0,4212
97570,72,2,0,8736
97582,120,2,0,8064
97586,228,3,0,3360
97598,72,3,1,2424
97602,60,3,1,5544
97614,288,4,1,2976
97618,108,2,0,8064
97630,180,2,0,7752
97634,108,2,0,2688
97646,24,2,0,6528
97650,120,4,0,1728
97666,120,3,-1,336
97678,408,5,0,960
97682,132,2,0,8448
97694,60,2,0,5376
97698,72,2,0,9120
97710,96,2,0,4992
97714,348,4,-1,1656
97726,108,3,1,9240
97730,24,3,1,7920
97742,528,3,0,624
97746,84,2,0,3960
97758,24,2,0,1248
97762,60,2,0,5568
97774,48,2,0,1536
97778,492,3,0,1152
97790,24,3,-1,2592
97794,36,3,-1,2028
97806,108,3,0,2256
97810,240,2,0,2520
97822,48,2,0,6528
97838,144,2,0,8544
97842,288,3,0,132
97854,36,3,1,5964
97858,156,3,1,252
97870,348,4,-1,1800
97874,96,2,0,7200
97886,60,2,0,1560
97890,24,2,0,7152
97902,96,2,0,6480
97906,228,6,1,588
97918,120,3,-1,648
97922,156,3,-1,1200
97934,168,4,0,1392
97938,120,2,0,4608
97950,60,2,0,7560
97954,60,2,0,2880
97966,216,2,0,7488
97970,444,4,1,5088
97982,36,3,1,312
97986,72,3,1,5856
97998,120,3,0,2976
98002,156,2,0,7392
98014,36,2,0,5328
98018,60,2,0,5568
98030,192,2,0,816
98034,168,3,0,2808
98046,12,3,-1,1548
98050,84,3,-1,4320
98062,408,3,0,2304
98066,192,2,0,3312
98078,48,2,0,10848
98082,60,2,0,432
98094,60,2,0,3936
98098,276,3,0,1152
98110,120,3,1,7920
98114,48,3,1,120
98126,276,4,1,2436
98130,108,2,0,6912
98142,84,2,0,120
98146,48,2,0,7728
98158,216,2,0,1536
98162,396,5,-1,768
98174,120,3,-1,1392
98178,48,3,-1,1464
98190,360,4,0,2448
98194,108,2,0,6384
98206,36,2,0,1896
98210,180,2,0,3240
98222,168,2,0,8448
98226,180,4,-1,864
98238,36,3,1,4320
98242,108,3,1,414
98254,324,3,0,4032
98258,180,2,0,2184
98270,120,2,0,9408
98274,12,2,0,5628
98286,120,2,0,6336
98290,264,3,0,2976
98302,120,3,-1,2160
98306,108,3,-1,2208
98322,204,2,0,5760
98334,36,2,0,4128
98338,144,2,0,1728
98350,156,2,0,216
98354,264,3,0,12
98366,84,3,1,8640
98370,12,3,1,6006
98382,108,4,-1,648
98386,276,2,0,5376
98398,36,2,0,9120
98402,120,2,0,10464
98414,108,2,0,6000
98418,156,4,0,1440
98430,84,3,-1,2856
98434,48,3,-1,1500
98446,252,5,-1,72
98450,192,2,0,8064
98462,144,2,0,2880
98466,12,2,0,4176
98478,84,2,0,5088
98494,120,3,1,2574
98498,120,3,1,4728
98510,300,3,0,5448
98514,72,2,0,6048
98526,48,2,0,6432
98530,72,2,0,2928
98542,168,2,0,1200
98546,240,3,0,3168
98558,168,3,-1,720
98562,84,3,-1,1680
98574,168,3,0,2064
98578,132,2,0,5664
98590,60,2,0,9840
98594,84,2,0,6528
98606,192,2,0,2904
98610,156,3,0,3888
98622,84,3,1,7560
98626,48,3,1,5712
98638,846,4,1,72
98642,240,2,0,48
98654,36,2,0,4608
98658,72,2,0,960
98670,84,2,0,6336
98674,252,4,0,336
98686,36,3,-1,1584
98690,48,3,-1,3024
98702,384,6,1,1152
98706,132,2,0,5064
98718,48,2,0,5616
98722,108,2,0,8496
98734,204,2,0,9024
98738,216,4,-1,1344
98750,108,3,1,2256
98754,60,3,1,5796
98766,120,3,0,1920
98770,168,2,0,10176
98782,120,2,0,2208
98786,84,2,0,2016
98798,108,2,0,5760
98802,180,3,0,2400
98814,36,3,-1,1776
98818,96,3,-1,1416
98830,120,3,0,72
98834,156,2,0,864
98846,60,2,0,6912
98850,36,2,0,5784
98862,132,2,0,8256
98866,276,3,0,48
98878,60,3,1,6336
98882,60,3,1,6720
98894,480,4,-1,480
98898,132,2,0,6144
98910,96,2,0,6744
98914,60,2,0,5856
98926,120,2,0,384
98930,996,5,0,828
98942,84,3,-1,396
98946,84,3,-1,1824
98958,336,4,0,288
98962,204,2,0,576
98978,48,2,0,7104
98990,312,2,0,9600
98994,180,4,1,1980
99006,60,3,1,4608
99010,156,3,1,11472
99022,72,3,0,2496
99026,132,2,0,5760
99038,48,2,0,3360
99042,120,2,0,1332
99054,84,2,0,4200
99058,252,3,0,1056
99070,204,3,-1,1680
99074,72,3,-1,504
99086,360,3,0,5160
99090,132,2,0,8088
99102,24,2,0,4224
99106,60,2,0,1344
99118,168,2,0,7488
99122,240,3,0,48
99134,72,3,1,6684
99150,384,4,1,192
99154,240,2,0,6336
99166,108,2,0,4992
99170,84,2,0,9912
99182,216,2,0,2136
99186,168,5,1,792
99198,84,3,-1,2196
99202,72,3,-1,2496
99214,300,4,0,360
99218,204,2,0,2208
99230,84,2,0,1536
99234,36,2,0,5328
99246,84,2,0,4320
99250,408,4,-1,666
99262,60,3,1,9792
99266,72,3,1,7584
99278,216,3,0,3456
99282,120,2,0,7680
99294,36,2,0,4272
99298,36,2,0,6528
99310,228,2,0,1056
99314,168,3,0,3072
99326,72,3,-1,216
99330,84,3,-1,1752
99342,216,3,0,576
99346,96,2,0,7392
99358,48,2,0,516
99362,96,2,0,3648
99374,84,2,0,4608
99378,276,3,0,4128
99390,72,3,1,6426
99394,120,3,1,2688
99406,252,4,-1,1344
99410,156,2,0,6528
99422,72,2,0,8736
99426,12,2,0,96
99438,120,2,0,5784
99442,336,4,0,432
99454,72,3,-1,2016
99458,96,3,-1,432
99470,756,5,1,1092
99474,36,2,0,3840
99486,84,2,0,5760
99490,84,2,0,9312
99502,192,2,0,2976
99506,384,4,1,792
99518,72,3,1,10368
99522,36,3,1,4320
99534,156,3,0,2760
99538,252,2,0,2112
99550,48,2,0,7152
99554,72,2,0,6576
99566,144,2,0,5040
99570,252,3,0,4800
99582,84,3,-1,1680
99586,48,3,-1,2052
99598,300,3,0,4032
99602,192,2,0,7776
99614,84,2,0,1632
99618,48,2,0,7488
99634,156,3,0,2520
99646,72,3,1,1092
99650,156,3,1,1560
99662,396,4,1,3456
99666,60,2,0,4656
99678,96,2,0,7392
99682,96,2,0,3360
99694,156,2,0,288
99698,288,4,0,1440
99710,84,3,-1,468
99714,60,3,-1,1512
99726,132,6,0,240
99730,300,2,0,15888
99742,132,2,0,2304
99746,48,2,0,6528
99758,252,2,0,720
99762,240,4,-1,960
99774,48,3,1,4056
99778,36,3,1,48
99790,504,3,0,2016
99806,48,2,0,6624
99810,60,2,0,5616
99822,192,2,0,7152
99826,312,3,0,1440
99838,96,3,-1,2040
99842,48,3,-1,528
99854,216,3,0,3264
99858,108,2,0,1032
99870,36,2,0,5328
99874,84,2,0,6336
99886,84,2,0,5376
99890,228,3,0,3696
99902,108,3,1,4128
99906,60,3,1,918
99918,132,4,-1,768
99922,228,2,0,7056
99934,72,2,0,288
99938,96,2,0,2112
99950,228,2,0,12096
99954,168,5,0,624
99966,72,3,-1,2160
99970,120,3,-1,858
99982,348,4,0,1728
99986,96,2,0,504
99998,60,2,0,6144
100002,72,2,0,5376
100014,156,2,0,912
100018,300,4,1,3312
100030,108,3,1,12048
100034,72,3,1,5904
100046,300,3,0,768
100050,144,2,0,6864
100062,72,2,0,4416
100066,72,2,0,7440
100078,228,2,0,2232
100082,420,3,0,1344
100094,60,3,-1,2760
100098,84,3,-1,1848
100110,204,3,0,228
100114,120,2,0,2688
100126,72,2,0,8544
100130,72,2,0,7632
100142,156,2,0,1152
100146,204,3,0,2496
100158,60,3,1,1056
100162,60,3,1,10944
100174,300,4,1,2472
100178,132,2,0,8448
100190,168,2,0,3456
100194,12,2,0,3528
100206,168,2,0,60
100210,456,5,-1,90
100222,48,3,-1,1056
100226,36,3,-1,888
100238,336,4,0,1536
100242,144,2,0,1536
100254,36,2,0,3360
100258,72,2,0,144
100270,144,2,0,7104
100274,336,4,-1,1644
100290,24,3,1,7488
100302,372,3,0,72
100306,60,2,0,4512
100318,108,2,0,11328
100322,96,2,0,7296
100334,192,2,0,2988
100338,84,3,0,2136
100350,60,3,-1,2208
100354,60,3,-1,2400
100366,408,3,0,1440
100370,300,2,0,2376
100382,36,2,0,7584
100386,48,2,0,5688
100398,12,2,0,4608
100402,408,3,0,1056
100414,72,3,1,6768
100418,108,3,1,336
100430,408,4,-1,1728
100434,60,2,0,4512
100446,60,2,0,3984
100462,132,2,0,5760
100466,120,4,0,1152
100478,72,3,-1,600
100482,72,3,-1,1656
100494,360,5,-1,54
100498,120,2,0,10944
100510,192,2,0,2088
100514,96,2,0,2760
100526,120,2,0,6048
100530,240,4,1,2880
100542,84,3,1,1380
100546,72,3,1,2472
100558,300,3,0,960
100562,120,2,0,6768
100574,96,2,0,720
100578,48,2,0,5760
100590,108,2,0,6216
100594,168,3,0,3216
100606,36,3,-1,1920
100610,228,3,-1,4128
100622,264,3,0,432
100626,72,2,0,5700
100638,72,2,0,8256
100642,36,2,0,1152
100654,252,2,0,4200
100658,444,3,0,336
100670,120,3,1,7680
100674,48,3,1,3984
100686,252,4,1,2040
100690,468,2,0,480
100702,48,2,0,5952
100706,120,2,0,5952
100718,252,2,0,9216
100722,216,4,0,1440
100734,36,3,-1,1608
100738,24,3,-1,2016
100750,396,5,0,1152
100754,36,2,0,4800
100766,120,2,0,3456
100770,108,2,0,816
100782,84,2,0,4656
100786,216,4,-1,84
100798,96,3,1,336
100802,60,3,1,2016
100814,108,3,0,2400
100818,24,2,0,4128
100830,96,2,0,7248
100834,96,2,0,1980
100846,84,2,0,7272
100850,468,3,0,336
100862,48,3,-1,60
100866,48,3,-1,1380
100878,180,3,0,2976
100882,132,2,0,6336
100894,72,2,0,7392
100898,48,2,0,7200
100910,300,2,0,2736
100914,228,3,0,2496
100926,60,3,1,4032
100930,36,3,1,8496
100946,348,2,0,672
100958,84,2,0,1080
100962,108,2,0,9024
100974,108,2,0,5328
100978,672,6,0,288
100990,108,3,-1,4608
100994,84,3,-1,240
101006,156,4,0,1032
101010,72,2,0,5832
101022,48,2,0,6432
101026,60,2,0,6720
101038,120,2,0,5760
101042,360,4,1,504
101054,60,3,1,2304
101058,108,3,1,126
101070,252,3,0,3096
101074,60,2,0,5592
101086,108,2,0,2880
101090,96,2,0,3048
101102,96,2,0,8256
101118,48,3,-1,1392
101122,144,3,-1,960
101134,252,3,0,3552
101138,180,2,0,7680
101150,96,2,0,8064
101154,12,2,0,3264
101166,36,2,0,4704
101170,360,3,0,5208
101182,108,3,1,8160
101186,72,3,1,8136
101198,660,4,1,2784
101202,168,2,0,5184
101214,96,2,0,5040
101218,96,2,0,10848
101230,144,2,0,576
101234,360,5,1,336
101246,84,3,-1,2112
101250,96,3,-1,2904
101262,336,4,0,1728
101266,84,2,0,48
101278,132,2,0,1248
101282,24,2,0,5424
101294,84,2,0,5808
101298,240,4,-1,936
101310,24,3,1,7920
101314,48,3,1,6336
101326,252,3,0,3360
101330,288,2,0,14016
101342,132,2,0,336
101346,12,2,0,3300
101358,96,2,0,864
101362,204,3,0,3168
101374,60,3,-1,438
101378,156,3,-1,864
101390,312,3,0,4608
101394,144,2,0,6072
101406,48,2,0,4536
101410,108,2,0,4800
101422,96,2,0,7776
101426,84,3,0,2496
101438,72,3,1,10464
101442,48,3,1,1224
101454,156,4,-1,624
101458,144,2,0,1104
101470,132,2,0,9840
101474,108,2,0,1056
101486,72,2,0,1488
101490,276,4,0,1872
101502,36,3,-1,1680
101506,96,3,-1,2496
101518,444,5,1,792
101522,168,2,0,4416
101534,24,2,0,6624
101538,60,2,0,3648
101550,180,2,0,10368
101554,456,4,1,576
101566,108,3,1,5232
101570,72,3,1,7776
101582,312,3,0,480
101586,168,2,0,4416
101602,36,2,0,6144
101614,84,2,0,5904
101618,336,3,0,3840
101630,108,3,-1,1224
101634,36,3,-1,1872
101646,228,3,0,2856
101650,132,2,0,7488
101662,120,2,0,2688
101666,48,2,0,1872
101678,108,2,0,6480
101682,204,3,0,1872
101694,72,3,1,4728
101698,108,3,1,1440
101710,468,4,1,4824
101714,108,2,0,4752
101726,12,2,0,6624
101730,108,2,0,10896
101742,180,2,0,48
101746,312,4,0,2592
101758,132,3,-1,744
101774,408,5,0,192
101778,156,2,0,816
101790,96,2,0,7800
101794,60,2,0,4320
101806,180,2,0,1728
101810,480,4,-1,480
101822,96,3,1,6120
101826,24,3,1,4056
101838,132,3,0,2160
101842,300,2,0,912
101854,36,2,0,3936
101858,108,2,0,1824
101870,204,2,0,576
101874,144,3,0,2472
101886,24,3,-1,1836
101890,72,3,-1,2640
101902,216,3,0,4032
101906,60,2,0,4896
101918,108,2,0,432
101922,48,2,0,7392
101934,72,2,0,3936
101938,168,3,0,3840
101950,204,3,1,5244
101954,120,3,1,3270
101966,168,4,-1,1068
101970,192,2,0,6576
101982,48,2,0,6720
101986,24,2,0,1224
101998,204,2,0,9024
102002,360,6,-1,288
102014,72,3,-1,120
102018,84,3,-1,2160
102030,252,4,0,1488
102034,180,2,0,7488
102046,48,2,0,4992
102050,96,2,0,8280
102062,288,2,0,504
102066,204,4,1,2424
102078,48,3,1,4848
102082,72,3,1,9912
102094,276,3,0,1152
102098,180,2,0,1728
102110,96,2,0,9768
102114,24,2,0,4224
102126,132,2,0,4392
102130,336,3,0,816
102142,60,3,-1,384
102146,24,3,-1,1776
102158,504,3,0,168
102162,60,2,0,4944
102174,36,2,0,4704
102178,84,2,0,7776
102190,156,2,0,7056
102194,264,3,0,3840
102206,96,3,1,1932
102210,48,3,1,6996
102222,312,4,1,288
102226,60,2,0,5952
102238,144,2,0,2208
102242,72,2,0,144
102258,612,5,-1,3
102270,36,3,-1,1800
102274,120,3,-1,1044
102286,264,4,0,1392
102290,216,2,0,12384
102302,108,2,0,6672
102306,84,2,0,4992
102318,228,2,0,7200
102322,204,4,-1,888
102334,24,3,1,7200
102338,60,3,1,8160
102350,264,3,0,1296
102354,84,2,0,4752
102366,24,2,0,456
102370,72,2,0,9792
102382,108,2,0,2784
102386,288,3,0,1536
102398,36,3,-1,2688
102402,48,3,-1,1800
102414,324,3,0,2808
102430,108,2,0,11616
102434,84,2,0,6216
102446,108,2,0,6072
102450,348,3,0,3888
102462,48,3,1,3984
102466,84,3,1,6672
102478,336,4,-1,1440
102482,168,2,0,7680
102494,96,2,0,3480
102498,60,2,0,96
102510,168,2,0,720
102514,180,4,0,1440
102526,84,3,-1,300
102530,72,3,-1,696
102542,360,5,-1,108
102546,24,2,0,3792
102558,48,2,0,1236
102562,156,2,0,336
102574,120,2,0,5760
102578,444,4,1,3888
102590,108,3,1,9408
102594,36,3,1,4176
102606,180,3,0,120
102610,156,2,0,7488
102622,36,2,0,6912
102626,72,2,0,6336
102638,132,2,0,1584
102642,276,3,0,552
102654,84,3,-1,2016
102658,72,3,-1,384
102670,504,3,0,1368
102674,156,2,0,1824
102686,60,2,0,5280
102690,96,2,0,504
102702,84,2,0,4416
102706,324,3,0,144
102718,48,3,1,6720
102722,48,3,1,6408
102734,288,4,1,2928
102738,96,2,0,6816
102750,72,2,0,6480
102754,60,2,0,6528
102766,132,2,0,7872
102770,288,4,0,2136
102782,192,3,-1,1080
102786,36,3,-1,1752
102798,180,6,-1,204
102802,204,2,0,7632
102814,96,2,0,216
102818,120,2,0,3360
102830,132,2,0,8832
102834,180,4,-1,546
102846,60,3,1,564
102850,108,3,1,480
102862,204,3,0,4032
102866,96,2,0,6576
102878,60,2,0,6720
102882,120,2,0,6528
102894,120,2,0,4464
102898,240,3,0,2880
102914,48,3,-1,1872
102926,300,3,0,1728
102930,24,2,0,5376
102942,96,2,0,1560
102946,48,2,0,5088
102958,348,2,0,384
102962,372,3,0,1200
102974,12,3,1,4176
102978,48,3,1,6624
102990,240,4,-1,972
102994,132,2,0,108
103006,96,2,0,9168
103010,132,2,0,8784
103022,144,2,0,8544
103026,120,5,0,456
103038,72,3,-1,2784
103042,72,3,-1,60
103054,240,4,0,1104
103058,204,2,0,1728
103070,96,2,0,2832
103086,48,2,0,3384
103090,756,4,1,7296
103102,84,3,1,60
103106,24,3,1,1920
103118,324,3,0,3888
103122,144,2,0,5760
103134,48,2,0,4560
103138,156,2,0,3360
103150,108,2,0,1632
103154,276,3,0,3648
103166,60,3,-1,1620
103170,72,3,-1,1536
103182,132,3,0,2352
103186,24,2,0,348
103198,96,2,0,6048
103202,108,2,0,7680
103214,264,2,0,1008
103218,108,3,0,2448
103230,48,3,1,6864
103234,36,3,1,5088
103246,534,4,1,39
103250,240,2,0,3888
103262,36,2,0,6912
103266,0,2,0,4992
103278,60,2,0,4752
103282,300,5,1,552
103294,72,3,-1,2424
103298,36,3,-1,3264
103310,348,4,0,1872
103314,156,2,0,6840
103326,84,2,0,5628
103330,120,2,0,11160
103342,204,2,0,1824
103346,156,4,-1,144
103358,96,3,1,600
103362,36,3,1,4176
103374,240,3,0,2400
103378,180,2,0,7200
103390,60,2,0,2688
103394,156,2,0,1632
103406,72,2,0,5712
103410,336,3,0,4320
103422,36,3,-1,1824
103426,48,3,-1,594
103438,312,3,0,3840
103442,156,2,0,1440
103454,60,2,0,7920
103458,24,2,0,720
103470,132,2,0,6000
103474,180,3,0,2496
103486,72,3,1,8160
103490,84,3,1,816
103502,288,4,-1,216
103506,84,2,0,5592
103518,24,2,0,4512
103522,48,2,0,7104
103534,72,2,0,1296
103538,468,4,0,312
103550,72,3,-1,3696
103554,48,3,-1,1416
103570,192,2,0,3792
103582,96,2,0,4800
103586,72,2,0,4320
103598,144,2,0,7296
103602,228,4,1,3024
103614,12,3,1,3276
103618,60,3,1,8064
103630,564,3,0,912
103634,96,2,0,6048
103646,144,2,0,2016
103650,48,2,0,8040
103662,192,2,0,6696
103666,180,3,0,2592
103678,108,3,-1,1416
103682,192,3,-1,1848
103694,120,3,0,2448
103698,96,2,0,6432
103710,108,2,0,7392
103714,12,2,0,1680
103726,96,2,0,5808
103742,84,3,1,1440
103746,24,3,1,4680
103758,408,4,1,774
103762,132,2,0,480
103774,60,2,0,7680
103778,60,2,0,7200
103790,228,2,0,4536
103794,288,4,0,1344
103806,36,3,-1,960
103810,60,3,-1,2316
103822,468,7,-1,16
103826,180,2,0,240
103838,60,2,0,7488
103842,12,2,0,960
103854,72,2,0,4800
103858,516,4,-1,60
103870,96,3,1,8256
103874,84,3,1,7272
103886,204,3,0,4128
103890,144,2,0,4896
103902,36,2,0,6336
103906,24,2,0,7584
103918,84,2,0,5184
103922,216,3,0,3312
103934,48,3,-1,48
103938,0,3,-1,1632
103950,144,3,0,2568
103954,144,2,0,8280
103966,36,2,0,1680
103970,132,2,0,3552
103982,228,2,0,8640
103986,168,3,0,96
103998,120,3,1,6588
104002,72,3,1,2520
104014,288,4,-1,1200
104018,144,2,0,6720
104030,120,2,0,7536
104034,48,2,0,4800
104046,96,2,0,4416
104050,492,5,0,1056
104062,72,3,-1,2208
104066,48,3,-1,1536
104078,408,4,0,768
104082,132,2,0,4656
104094,84,2,0,4368
104098,96,2,0,7104
104110,336,2,0,4920
104114,408,4,1,1152
104126,60,3,1,102
104130,72,3,1,1248
104142,180,3,0,408
104146,168,2,0,468
104158,108,2,0,144
104162,72,2,0,6912
104174,192,2,0,6480
104178,168,3,0,1992
104190,60,3,-1,2424
104194,60,3,-1,2316
104206,108,3,0,1728
104210,156,2,0,11136
104226,36,2,0,5712
104238,132,2,0,6528
104242,192,3,0,1272
104254,72,3,1,2544
104258,120,3,1,312
104270,372,4,1,3552
104274,60,2,0,3552
104286,60,2,0,3504
104290,60,2,0,1800
104302,96,2,0,7296
104306,348,5,-1,720
104318,96,3,-1,144
104322,36,3,-1,2448
104334,216,4,0,1152
104338,120,2,0,6576
104350,84,2,0,8808
104354,96,2,0,4800
104366,156,2,0,48
104370,252,4,-1,1248
104382,48,3,1,6528
104398,288,3,0,864
104402,216,2,0,2016
104414,48,2,0,1056
104418,96,2,0,5184
104430,48,2,0,6072
104434,396,3,0,1512
104446,120,3,-1,216
104450,72,3,-1,2496
104462,324,3,0,3696
104466,108,2,0,5040
104478,12,2,0,4032
104482,108,2,0,7296
104494,108,2,0,5472
104498,336,3,0,4224
104510,120,3,1,1368
104514,36,3,1,4188
104526,180,4,-1,864
104530,252,2,0,9888
104542,132,2,0,600
104546,96,2,0,4248
104558,156,2,0,1728
104562,144,4,0,1224
104574,36,3,-1,1836
104578,120,3,-1,960
104590,408,5,-1,936
104594,96,2,0,4944
104606,60,2,0,7392
104610,48,2,0,720
104622,60,2,0,4512
104626,120,4,1,1812
104638,24,3,1,6480
104642,84,3,1,144
104654,168,3,0,972
104658,108,2,0,264
104670,60,2,0,10128
104674,72,2,0,4800
104686,276,2,0,2688
104690,240,3,0,912
104702,108,3,-1,2640
104706,36,3,-1,900
104718,192,3,0,36
104722,180,2,0,2112
104734,36,2,0,4320
104738,48,2,0,7680
104750,156,2,0,408
104754,132,3,0,2520
104766,24,3,1,3696
104770,120,3,1,10512
104782,528,4,1,4224
104786,120,2,0,6432
104798,156,2,0,2160
104802,72,2,0,4080
104814,84,2,0,3648
104818,216,4,0,1536
104830,96,3,-1,528
104834,60,3,-1,180
104846,204,5,0,624
104850,168,2,0,7488
104862,72,2,0,4992
104866,132,2,0,3528
104882,288,4,-1,1248
104894,48,3,1,7368
104898,60,3,1,5952
104910,276,3,0,4560
104914,84,2,0,888
104926,48,2,0,5184
104930,60,2,0,672
104942,264,2,0,864
104946,108,3,0,1824
104958,60,3,-1,276
104962,60,3,-1,1584
104974,384,3,0,1536
104978,204,2,0,3456
104990,96,2,0,7968
104994,48,2,0,5136
105006,60,2,0,3984
105010,408,3,0,1536
105022,84,3,1,8448
105026,48,3,1,6336
105038,156,4,-1,864
105054,12,2,0,4128
105058,36,2,0,1632
105070,240,2,0,8280
105074,240,7,0,168
105086,108,3,-1,936
105090,60,3,-1,2700
105102,192,4,0,1056
105106,132,2,0,5376
105118,96,2,0,936
105122,12,2,0,1152
105134,48,2,0,6336
105138,228,4,1,3288
105150,72,3,1,5736
105154,48,3,1,1308
105166,156,3,0,2688
105170,156,2,0,10560
105182,36,2,0,4992
105186,60,2,0,4152
105198,156,2,0,864
105202,240,3,0,4944
105214,36,3,-1,1800
105218,72,3,-1,2664
105230,744,3,0,1992
105234,72,2,0,3360
105246,24,2,0,6072
105250,60,2,0,8496
105262,180,2,0,1632
105266,216,3,0,1200
105278,24,3,1,5664
105282,60,3,1,6240
105294,312,4,1,2208
105298,132,2,0,2496
105310,72,2,0,8448
105314,72,2,0,6048
105326,108,2,0,5280
105330,336,5,1,1668
105342,36,3,-1,78
105346,96,3,-1,1968
105358,456,4,0,384
105362,228,2,0,6912
105374,36,2,0,1152
105378,48,2,0,5568
105390,144,2,0,6144
105394,228,4,-1,12
105406,60,3,1,2520
105410,96,3,1,3492
105422,252,3,0,3744
105426,48,2,0,6384
105438,24,2,0,4128
105442,96,2,0,366
105454,72,2,0,5904
105458,348,3,0,528
105470,108,3,-1,4656
105474,72,3,-1,96
105486,120,3,0,2316
105490,120,2,0,6672
105502,132,2,0,1440
105506,60,2,0,5376
105518,132,2,0,240
105522,264,3,0,2208
105538,72,3,1,10080
105550,360,4,-1,384
105554,120,2,0,1632
105566,96,2,0,6336
105570,24,2,0,4704
105582,180,2,0,7416
105586,372,4,0,360
105598,84,3,-1,2352
105602,96,3,-1,2784
105614,312,5,1,1584
105618,132,2,0,6528
105630,60,2,0,4932
105634,60,2,0,5712
105646,144,2,0,5904
105650,420,4,1,4200
105662,96,3,1,1728
105666,24,3,1,3924
105678,132,3,0,2592
105682,144,2,0,7392
105694,48,2,0,1392
105710,48,2,0,6912
105714,120,3,0,1800
105726,48,3,-1,1152
105730,168,3,-1,1872
105742,180,3,0,672
105746,96,2,0,4320
105758,120,2,0,2400
105762,96,2,0,7392
105774,96,2,0,5376
105778,240,3,0,3840
105790,36,3,1,7704
105794,24,3,1,5232
105806,432,4,1,270
105810,192,2,0,7824
105822,24,2,0,4608
105826,60,2,0,6336
105838,372,2,0,4368
105842,360,4,0,144
105854,96,3,-1,2064
105858,48,3,-1,216
105870,96,5,0,672
105874,216,2,0,2016
105886,60,2,0,5424
105890,144,2,0,13920
105902,120,2,0,6960
105906,120,4,-1,738
105918,12,3,1,5568
105922,48,3,1,4608
105934,276,3,0,3456
105938,60,2,0,4800
105950,156,2,0,5520
105954,72,2,0,3912
105966,36,2,0,3792
105970,336,3,0,4992
105982,108,3,-1,96
105986,48,3,-1,576
105998,156,3,0,3360
106002,144,2,0,7440
106014,72,2,0,4800
106018,72,2,0,1344
106030,168,2,0,8736
106034,132,3,0,2832
106046,36,3,1,5100
106050,60,3,1,5400
106062,192,4,-1,960
106066,108,2,0,5472
106078,96,2,0,6288
106082,36,2,0,6720
106094,84,2,0,120
106098,252,6,1,648
106110,48,3,-1,2028
106114,60,3,-1,2568
106126,300,4,0,432
106130,300,2,0,1032
106142,84,2,0,1248
106146,24,2,0,3936
106158,150,2,0,12
106162,300,4,1,1368
106174,96,3,1,6528
106178,60,3,1,792
106194,72,2,0,12
106206,36,2,0,4704
106210,84,2,0,9888
106222,84,2,0,4992
106226,300,3,0,96
106238,84,3,-1,648
106242,84,3,-1,420
106254,216,3,0,2616
106258,180,2,0,1440
106270,108,2,0,3456
106274,84,2,0,2760
106286,192,2,0,960
106290,168,3,0,2496
106302,84,3,1,5448
106306,60,3,1,1776
106318,264,4,1,2784
106322,180,2,0,8832
106334,36,2,0,5016
106338,60,2,0,6912
106350,204,2,0,10464
106366,96,3,-1,2520
106370,72,3,-1,2640
106382,456,4,0,48
106386,48,2,0,4080
106398,36,2,0,4896
106402,60,2,0,8064
106414,144,2,0,720
106418,276,4,-1,288
106430,36,3,1,8352
106434,108,3,1,5736
106446,120,3,0,1968
106450,156,2,0,2280
106462,96,2,0,10512
106466,36,2,0,3840
106478,192,2,0,9744
106482,132,3,0,360
106494,48,3,-1,1008
106498,108,3,-1,2160
106510,276,3,0,4032
106514,108,2,0,5760
106526,36,2,0,1104
106530,36,2,0,6192
106542,192,2,0,936
106546,144,3,0,2880
106558,156,3,1,360
106562,120,3,1,2304
106574,348,4,-1,1440
106578,108,2,0,312
106590,60,2,0,7104
106594,60,2,0,3312
106606,120,2,0,5424
106610,384,4,0,2256
106622,120,3,-1,2112
106626,96,3,-1,1764
106638,204,5,-1,336
106642,108,2,0,1152
106654,72,2,0,5376
106658,120,2,0,2160
106670,204,2,0,2208
106674,204,4,1,2772
106686,72,3,1,5712
106690,132,3,1,7968
106702,516,3,0,2160
106706,84,2,0,2568
106718,36,2,0,6336
106722,12,2,0,4512
106734,48,2,0,4128
106738,360,3,0,432
106750,48,3,-1,2544
106754,36,3,-1,1344
106766,168,3,0,432
106770,168,2,0,8820
106782,72,2,0,4368
106786,144,2,0,6528
106798,132,2,0,8832
106802,204,3,0,3264
106814,96,3,1,4380
106818,60,3,1,5184
106830,252,4,1,3072
106834,120,2,0,6048
106850,96,2,0,1968
106862,84,2,0,4272
106866,180,4,0,108
106878,48,3,-1,2352
106882,108,3,-1,504
106894,348,6,1,768
106898,168,2,0,8448
106910,120,2,0,11712
106914,24,2,0,2952
106926,48,2,0,3504
106930,324,4,-1,1632
106942,48,3,1,1284
106946,24,3,1,6720
106958,300,3,0,144
106962,60,2,0,648
106974,48,2,0,4848
106978,36,2,0,5760
106990,312,2,0,2616
106994,252,3,0,1152
107006,60,3,-1,1944
107022,264,3,0,3120
107026,120,2,0,3264
107038,48,2,0,6912
107042,48,2,0,1344
107054,144,2,0,5280
107058,84,3,0,432
107070,60,3,1,870
107074,24,3,1,4632
107086,216,4,-1,912
107090,96,2,0,240
107102,108,2,0,288
107106,0,2,0,4320
107118,60,2,0,4248
107122,216,5,0,912
107134,48,3,-1,936
107138,96,3,-1,960
107150,420,4,0,2688
107154,96,2,0,4224
107166,36,2,0,4968
107170,96,2,0,1992
107182,132,2,0,6912
107186,384,4,1,2952
107198,36,3,1,4704
107202,24,3,1,6060
107214,144,3,0,1632
107218,228,2,0,10944
107230,60,2,0,432
107234,84,2,0,6432
107246,264,2,0,3552
107250,240,3,0,2592
107262,24,3,-1,1440
107266,48,3,-1,336
107278,168,3,0,960
107282,156,2,0,1392
107294,24,2,0,5568
107298,36,2,0,5760
107310,144,2,0,5376
107314,132,3,0,600
107326,48,3,1,5712
107330,108,3,1,10104
107342,384,4,1,624
107346,120,2,0,5376
107358,48,2,0,1080
107362,84,2,0,8544
107374,144,2,0,8112
107378,168,5,1,1536
107390,72,3,-1,624
107394,24,3,-1,1272
107406,192,4,0,1200
107410,120,2,0,6912
107422,144,2,0,144
107426,72,2,0,792
107438,132,2,0,7872
107442,276,4,-1,264
107454,0,3,1,3036
107458,144,3,1,780
107470,240,3,0,4032
107474,132,2,0,6192
107486,24,2,0,4608
107490,12,2,0,7344
107506,84,3,0,2496
107518,84,3,-1,144
107522,48,3,-1,2016
107534,204,3,0,840
107538,72,2,0,3888
107550,60,2,0,660
107554,72,2,0,8832
107566,132,2,0,78
107570,612,3,0,2832
107582,72,3,1,8976
107586,24,3,1,3888
107598,216,4,-1,1224
107602,108,2,0,1920
107614,72,2,0,192
107618,72,2,0,4656
107630,120,2,0,8064
107634,168,4,0,1248
107646,84,3,-1,1644
107650,108,3,-1,2736
107662,312,5,1,1536
107678,84,2,0,3648
107682,36,2,0,4416
107694,120,2,0,5664
107698,264,4,1,2376
107710,180,3,1,1488
107714,108,3,1,1584
107726,216,3,0,2472
107730,96,2,0,192
107742,36,2,0,1128
107746,96,2,0,240
107758,72,2,0,1248
107762,240,3,0,3072
107774,36,3,-1,1536
107778,96,3,-1,2016
107790,156,3,0,2784
107794,108,2,0,5592
107806,36,2,0,6192
107810,48,2,0,7440
107822,156,2,0,2112
107826,168,3,0,2664
107838,12,3,1,5520
107842,96,3,1,240
107854,360,4,1,84
107858,228,2,0,432
107870,72,2,0,5952
107874,12,2,0,3624
107886,168,2,0,4032
107890,552,4,0,1392
107902,84,3,-1,1728
107906,60,3,-1,2772
107918,336,8,1,276
107922,108,2,0,4080
107934,84,2,0,8412
107938,72,2,0,6336
107950,228,2,0,9312
107954,204,4,-1,816
107966,60,3,1,1920
107970,48,3,1,6948
107982,120,3,0,2064
107986,48,2,0,4512
107998,48,2,0,2736
108002,120,2,0,3600
108014,96,2,0,4608
108018,240,3,0,3504
108030,48,3,-1,204
108034,36,3,-1,108
108046,192,3,0,3552
108050,204,2,0,1008
108062,132,2,0,8832
108066,24,2,0,3024
108078,48,2,0,3744
108082,276,3,0,4320
108094,24,3,1,4896
108098,60,3,1,408
108110,516,4,-1,684
108114,144,2,0,5376
108126,72,2,0,3888
108130,60,2,0,9360
108142,252,2,0,480
108146,240,5,0,108
108162,12,3,-1,1536
108174,156,4,0,24
108178,132,2,0,2160
108190,96,2,0,8448
108194,24,2,0,8448
108206,144,2,0,6912
108210,300,4,1,2976
108222,24,3,1,432
108226,108,3,1,4896
108238,192,3,0,3648
108242,132,2,0,2016
108254,108,2,0,1632
108258,72,2,0,36
108270,288,2,0,8268
108274,132,3,0,2304
108286,132,3,-1,540
108290,84,3,-1,936
108302,192,3,0,3744
108306,96,2,0,4032
108318,48,2,0,336
108334,96,2,0,816
108338,240,3,0,3456
108350,60,3,1,6624
108354,60,3,1,3816
108366,180,4,1,1854
108370,120,2,0,8928
108382,84,2,0,8544
108386,108,2,0,288
108398,156,2,0,1056
108402,132,5,-1,384
108414,36,3,-1,1440
108418,72,3,-1,2496
108430,396,4,0,960
108434,168,2,0,3120
108446,48,2,0,4608
108450,60,2,0,7152
108462,72,2,0,5088
108466,276,4,-1,384
108478,72,3,1,9072
108482,12,3,1,5520
108494,240,3,0,4032
108498,24,2,0,4704
108510,60,2,0,5280
108514,12,2,0,480
108526,60,2,0,4608
108530,288,3,0,816
108542,84,3,-1,192
108546,36,3,-1,1764
108558,228,3,0,792
108562,132,2,0,6816
108574,48,2,0,1656
108578,96,2,0,48
108590,144,2,0,9600
108594,168,3,0,2088
108606,12,3,1,4080
108610,84,3,1,2196
108622,204,4,-1,792
108626,132,2,0,4032
108638,72,2,0,1152
108642,24,2,0,552
108654,60,2,0,4656
108658,252,4,0,288
108670,108,3,-1,2880
108674,48,3,-1,2088
108686,264,5,-1,96
108690,144,2,0,6720
108702,48,2,0,4800
108706,48,2,0,6000
108718,120,2,0,1488
108722,624,4,1,384
108734,36,3,1,4464
108738,24,3,1,4824
108750,264,3,0,3936
108754,132,2,0,2184
108766,36,2,0,5616
108770,48,2,0,7632
108782,96,2,0,6624
108786,276,3,0,2820
108798,60,3,-1,1368
108802,84,3,-1,312
108818,108,2,0,6336
108830,192,2,0,4320
108834,60,2,0,720
108846,24,2,0,3120
108850,204,3,0,3432
108862,96,3,1,3840
108866,48,3,1,3312
108878,276,4,1,3264
108882,120,2,0,4536
108894,24,2,0,4104
108898,132,2,0,192
108910,84,2,0,6912
108914,204,4,0,1440
108926,72,3,-1,2712
108930,72,3,-1,2016
108942,462,5,0,12
108946,120,2,0,6432
108958,72,2,0,912
108962,84,2,0,288
108974,48,2,0,2064
108990,48,3,1,4878
108994,96,3,1,4104
109006,204,3,0,240
109010,264,2,0,2376
109022,72,2,0,5952
109026,36,2,0,5940
109038,132,2,0,6912
109042,156,3,0,120
109054,24,3,-1,2064
109058,36,3,-1,624
109070,228,3,0,3504
109074,108,2,0,4200
109086,12,2,0,3840
109090,84,2,0,7536
109102,120,2,0,6336
109106,144,3,0,2496
109118,96,3,1,264
109122,48,3,1,7488
109134,72,4,-1,492
109138,108,2,0,8448
109150,48,2,0,2352
109154,84,2,0,1728
109166,120,2,0,7200
109170,144,7,1,288
109182,48,3,-1,1824
109186,36,3,-1,714
109198,300,4,0,1920
109202,72,2,0,6144
109214,24,2,0,4608
109218,24,2,0,4992
109230,96,2,0,5664
109234,204,4,1,3456
109246,60,3,1,4476
109250,108,3,1,8688
109262,240,3,0,960
109266,12,2,0,2736
109278,120,2,0,7200
109282,72,2,0,5664
109294,60,2,0,3000
109298,252,3,0,1728
109310,72,3,-1,3264
109314,24,3,-1,252
109326,108,3,0,1512
109330,264,2,0,1296
109342,108,2,0,1344
109346,84,2,0,6624
109358,180,2,0,936
109362,204,3,0,3264
109374,60,3,1,5484
109378,48,3,1,5184
109390,480,4,1,4104
109394,108,2,0,6336
109406,96,2,0,2352
109410,96,2,0,6588
109422,96,2,0,600
109426,312,5,1,1680
109438,72,3,-1,624
109442,72,3,-1,102
109454,300,4,0,1824
109458,108,2,0,768
109474,84,2,0,1728
109486,132,2,0,8832
109490,336,4,-1,1200
109502,96,3,1,6096
109506,36,3,1,4032
109518,156,3,0,2496
109522,84,2,0,4800
109534,48,2,0,6336
109538,60,2,0,6912
109550,168,2,0,1680
109554,132,3,0,1680
109566,36,3,-1,30
109570,108,3,-1,3792
109582,240,3,0,720
109586,180,2,0,2544
109598,12,2,0,7680
109602,60,2,0,4608
109614,96,2,0,4368
109618,240,3,0,192
109630,24,3,1,6048
109646,288,4,-1,960
109650,156,2,0,7872
109662,84,2,0,3936
109666,24,2,0,4800
109678,144,2,0,5760
109682,480,4,0,2448
109694,36,3,-1,144
109698,12,3,-1,1440
109710,288,5,1,1956
109714,84,2,0,4992
109726,144,2,0,3096
109730,144,2,0,168
109742,72,2,0,1296
109746,84,4,1,1680
109758,96,3,1,1248
109762,120,3,1,2976
109774,132,3,0,2160
109778,204,2,0,6720
109790,60,2,0,8160
109794,48,2,0,4680
109806,168,2,0,4656
109810,288,3,0,4848
109822,60,3,-1,2592
109826,36,3,-1,1728
109838,288,3,0,1728
109842,96,2,0,1152
109854,60,2,0,3240
109858,84,2,0,864
109870,252,2,0,3072
109874,180,3,0,576
109886,48,3,1,5664
109890,12,3,1,5004
109902,312,4,1,480
109906,96,2,0,1536
109918,36,2,0,5184
109922,96,2,0,9120
109934,84,2,0,5856
109938,252,4,0,1296
109950,36,3,-1,1944
109954,132,3,-1,2592
109966,276,5,0,48
109970,48,2,0,5184
109982,96,2,0,1488
109986,60,2,0,4368
109998,60,2,0,4896
110002,252,4,-1,1032
110014,96,3,1,1560
110018,156,3,1,456
110030,264,3,0,3744
110034,60,2,0,5088
110046,48,2,0,4776
110050,156,2,0,3360
110062,216,2,0,8448
110066,168,3,0,2496
110078,96,3,-1,2160
110082,24,3,-1,1140
110094,96,3,0,1872
110098,96,2,0,48
110110,48,2,0,8040
110114,36,2,0,4416
110130,276,3,0,3744
110142,24,3,1,804
110146,60,3,1,6768
110158,564,4,-1,144
110162,198,2,0,36
110174,96,2,0,6624
110178,96,2,0,6240
110190,48,2,0,3840
110194,300,6,-1,72
110206,60,3,-1,288
110210,84,3,-1,2448
110222,216,4,0,2112
110226,120,2,0,2592
110238,84,2,0,5760
110242,84,2,0,2016
110254,96,2,0,384
110258,468,4,1,1032
110270,60,3,1,4080
110274,36,3,1,3840
110286,234,3,0,30
110302,24,2,0,768
110306,84,2,0,1344
110318,156,2,0,6912
110322,156,3,0,2304
110334,48,3,-1,54
110338,60,3,-1,480
110350,264,3,0,4320
110354,84,2,0,7104
110366,60,2,0,3816
110370,96,2,0,8352
110382,84,2,0,5472
110386,144,3,0,2304
110398,72,3,1,9312
110402,72,3,1,960
110414,564,4,1,828
110418,48,2,0,3840
110430,108,2,0,7104
110434,60,2,0,4560
110446,84,2,0,1008
110450,480,5,-1,16
110462,72,3,-1,48
110466,36,3,-1,1872
110478,144,4,0,840
110482,264,2,0,4920
110494,168,2,0,6720
110498,48,2,0,5328
110510,180,2,0,9792
110514,120,4,-1,504
110526,24,3,1,216
110530,36,3,1,7752
110542,228,3,0,480
110546,144,2,0,6048
110558,84,2,0,576
110562,24,2,0,4608
110574,72,2,0,4176
110578,300,3,0,4080
110590,108,3,-1,1290
110594,36,3,-1,960
110606,204,3,0,2736
110610,108,2,0,5568
110622,72,2,0,6336
110626,36,2,0,528
110638,240,2,0,6336
110642,156,3,0,552
110654,36,3,1,4896
110658,0,3,1,816
110670,252,4,-1,936
110674,180,2,0,5712
110686,60,2,0,960
110690,60,2,0,9648
110702,120,2,0,3168
110706,204,4,0,1212
110718,60,3,-1,1656
110722,108,3,-1,1752
110734,300,5,-1,144
110738,108,2,0,168
110750,60,2,0,8112
110754,36,2,0,4320
110766,96,2,0,5760
110770,420,4,1,1104
110786,0,3,1,4992
110798,192,3,0,2880
110802,96,2,0,384
110814,24,2,0,3168
110818,84,2,0,7680
110830,180,2,0,8064
110834,132,3,0,2304
110846,96,3,-1,600
110850,84,3,-1,1896
110862,144,3,0,2400
110866,12,2,0,3840
110878,48,2,0,1536
110882,72,2,0,336
110894,60,2,0,3504
110898,120,3,0,3000
110910,60,3,1,6420
110914,72,3,1,3564
110926,288,4,1,240
110930,144,2,0,288
110942,72,2,0,2688
110958,180,2,0,912
110962,192,4,0,1248
110974,84,3,-1,1620
110978,120,3,-1,2112
110990,504,6,-1,6
110994,156,2,0,5520
111006,0,2,0,2952
111010,72,2,0,6864
111022,120,2,0,2976
111026,348,4,-1,528
111038,60,3,1,7680
111042,48,3,1,876
111054,120,3,0,3072
111058,204,2,0,528
111070,60,2,0,8928
111074,72,2,0,4896
111086,84,2,0,3456
111090,180,3,0,3072
111102,60,3,-1,1824
111106,48,3,-1,1584
111118,276,3,0,3168
111122,48,2,0,4752
111134,96,2,0,2304
111138,60,2,0,4704
111150,84,2,0,5376
111154,288,3,0,3024
111166,84,3,1,1536
111170,60,3,1,2478
111182,252,4,-1,1344
111186,72,2,0,600
111198,24,2,0,3456
111202,72,2,0,1344
111214,120,2,0,7008
111218,264,5,0,672
111230,120,3,-1,2892
111234,60,3,-1,1488
111246,156,4,0,1152
111250,180,2,0,10728
111262,108,2,0,5856
111266,36,2,0,6864
111278,144,2,0,1776
111282,192,4,1,2112
111294,12,3,1,4896
111298,48,3,1,7680
111310,312,3,0,816
111314,120,2,0,816
111326,84,2,0,5760
111330,48,2,0,4560
111342,108,2,0,768
111346,276,3,0,1152
111358,60,3,-1,456
111362,108,3,-1,2640
111374,192,3,0,2496
111378,72,2,0,5760
111390,72,2,0,8112
111394,36,2,0,5184
111406,120,2,0,5856
111410,336,3,0,4944
111422,72,3,1,1728
111426,12,3,1,3000
111442,96,2,0,1632
111454,84,2,0,2664
111458,96,2,0,408
111470,240,2,0,1152
111474,132,5,1,900
111486,48,3,-1,1020
111490,96,3,-1,864
111502,324,4,0,1920
111506,84,2,0,5568
111518,72,2,0,7104
111522,84,2,0,5952
111534,72,2,0,3768
111538,324,4,-1,1104
111550,60,3,1,7872
111554,84,3,1,5184
111566,276,3,0,1152
111570,72,2,0,3984
111582,48,2,0,5760
111586,48,2,0,7200
111598,180,2,0,120
111614,48,3,-1,2016
111618,0,3,-1,1272
111630,252,3,0,3300
111634,204,2,0,1488
111646,0,2,0,4608
111650,36,2,0,8160
111662,144,2,0,6912
111666,120,3,0,240
111678,36,3,1,4032
111682,36,3,1,5184
111694,216,4,-1,720
111698,84,2,0,6240
111710,60,2,0,1272
111714,48,2,0,5280
111726,84,2,0,5424
111730,228,4,0,1632
111742,204,3,-1,216
111746,48,3,-1,384
111758,432,5,1,348
111762,72,2,0,4752
111774,48,2,0,600
111778,108,2,0,3216
111790,132,2,0,7200
111794,348,4,1,2784
111806,12,3,1,6384
111810,12,3,1,6144
111822,156,3,0,1728
111826,156,2,0,6456
111838,96,2,0,6624
111842,48,2,0,1152
111854,84,2,0,144
111858,180,3,0,528
111870,72,3,-1,1860
111874,60,3,-1,1656
111886,372,3,0,1440
111890,300,2,0,4032
111902,60,2,0,384
111906,0,2,0,2976
111918,84,2,0,5280
111922,300,3,0,312
111934,84,3,1,4992
111938,84,3,1,10224
111950,492,4,1,4548
111954,108,2,0,3144
111966,60,2,0,5040
111970,108,2,0,48
111982,96,2,0,7008
111986,180,4,0,1008
111998,60,3,-1,1008
112002,96,3,-1,1872
112014,204,6,0,240
112018,36,2,0,144
112030,144,2,0,2496
112034,48,2,0,1680
112046,84,2,0,4224
112050,276,4,-1,1260
112062,24,3,1,4320
112066,48,3,1,1506
112078,240,3,0,3648
112082,120,2,0,6144
112098,108,2,0,4368
112110,96,2,0,6432
112114,204,3,0,2976
112126,24,3,-1,1248
112130,96,3,-1,3600
112142,372,3,0,144
112146,60,2,0,4824
112158,24,2,0,42
112162,60,2,0,7344
112174,132,2,0,1536
112178,228,3,0,672
112190,108,3,1,1128
112194,12,3,1,3216
112206,132,4,-1,552
112210,264,2,0,4176
112222,60,2,0,6528
112226,60,2,0,5760
112238,120,2,0,4992
112242,348,5,0,144
112254,48,3,-1,204
112270,312,4,0,2328
112274,132,2,0,5760
112286,120,2,0,1020
112290,24,2,0,4488
112302,144,2,0,5256
112306,288,4,1,2784
112318,72,3,1,2736
112322,12,3,1,2544
112334,216,3,0,3024
112338,108,2,0,4896
112350,36,2,0,6024
112354,48,2,0,1464
112366,60,2,0,4896
112370,252,3,0,3984
112382,48,3,-1,1728
112386,36,3,-1,144
112398,204,3,0,2736
112402,120,2,0,6048
112414,96,2,0,5904
112418,60,2,0,7680
112430,228,2,0,3960
112434,108,3,0,1584
112446,12,3,1,3996
112450,60,3,1,42
112462,408,4,1,1152
112466,84,2,0,1344
112478,24,2,0,5376
112482,36,2,0,6408
112494,72,2,0,3264
112498,432,5,-1,156
112510,84,3,-1,3792
112514,12,3,-1,1320
112526,168,4,0,1584
112530,120,2,0,5280
112542,72,2,0,696
112546,36,2,0,4080
112558,84,2,0,144
112562,336,4,-1,1056
112574,24,3,1,1152
112578,60,3,1,4224
112590,168,3,0,3168
112594,72,2,0,6480
112606,84,2,0,1416
112610,96,2,0,720
112622,108,2,0,6912
112626,96,3,0,1920
112638,60,3,-1,2016
112642,60,3,-1,156
112654,48,3,0,1680
112658,204,2,0,1344
112670,60,2,0,6144
112674,0,2,0,336
112686,84,2,0,3888
112690,312,3,0,3624
112702,48,3,1,7392
112706,84,3,1,4224
112718,384,4,-1,336
112722,96,2,0,4800
112734,24,2,0,3672
112738,60,2,0,5184
112754,624,4,0,156
112766,60,3,-1,1368
112770,36,3,-1,1992
112782,168,5,-1,384
112786,168,2,0,1632
112798,60,2,0,7104
112802,48,2,0,5040
112814,192,2,0,7056
112818,204,4,1,2880
112830,24,3,1,444
112834,84,3,1,6048
112846,288,3,0,3840
112850,84,2,0,6144
112862,120,2,0,3792
112866,24,2,0,3360
112878,90,2,0,60
112882,132,3,0,2592
112894,36,3,-1,144
112898,96,3,-1,624
112910,192,3,0,2880
112926,84,2,0,3696
112930,132,2,0,2472
112942,48,2,0,1056
112946,192,3,0,2928
112958,120,3,1,1320
112962,24,3,1,3528
112974,216,4,1,2322
112978,132,2,0,6048
112990,108,2,0,7488
112994,60,2,0,4824
113006,144,2,0,1344
113010,396,4,0,96
113022,24,3,-1,1272
113026,24,3,-1,1536
113038,372,5,0,24
113042,228,2,0,384
113054,72,2,0,6000
113058,120,2,0,1344
113070,132,2,0,7296
113074,288,4,-1,492
113086,12,3,1,4896
113090,120,3,1,6432
113102,204,3,0,2592
113106,48,2,0,4704
113118,0,2,0,4848
113122,12,2,0,6720
113134,108,2,0,5568
113138,72,3,0,2016
113150,72,3,-1,816
113154,72,3,-1,1548
113166,84,3,0,1632
113170,252,2,0,11736
113182,60,2,0,2928
113186,108,2,0,3264
113198,192,2,0,9312
113202,156,3,0,1728
113214,36,3,1,3600
113218,72,3,1,804
113230,336,4,-1,1344
113234,84,2,0,576
113246,36,2,0,4608
113250,108,2,0,5208
113262,24,2,0,3744
113266,276,6,0,384
113278,60,3,-1,1728
113282,108,3,-1,3024
113294,372,4,0,36
113298,72,2,0,4896
113310,60,2,0,5496
113314,72,2,0,4896
113326,120,2,0,1632
113330,348,4,1,786
113342,72,3,1,180
113346,12,3,1,5100
113358,168,3,0,348
113362,72,2,0,1416
113374,24,2,0,5088
113378,84,2,0,8448
113390,132,2,0,7368
113394,132,3,0,2184
113410,12,3,-1,1512
113422,360,3,0,5184
113426,108,2,0,5280
113438,84,2,0,1440
113442,24,2,0,1080
113454,144,2,0,4032
113458,204,3,0,528
113470,36,3,1,1440
113474,84,3,1,1920
113486,288,4,1,2448
113490,144,2,0,8640
113502,84,2,0,5136
113506,72,2,0,180
113518,72,2,0,6672
113522,288,5,1,1608
113534,36,3,-1,1944
113538,24,3,-1,192
113550,204,4,0,1320
113554,84,2,0,3744
113566,36,2,0,288
113582,132,2,0,456
113586,132,4,-1,528
113598,12,3,1,5088
113602,108,3,1,7992
113614,264,3,0,984
113618,144,2,0,3936
113630,84,2,0,672
113634,36,2,0,3720
113646,96,2,0,4176
113650,336,3,0,1368
113662,60,3,-1,2016
113666,12,3,-1,1620
113678,216,3,0,3456
113682,72,2,0,3552
113694,0,2,0,3744
113698,72,2,0,6384
113710,72,2,0,6480
113714,264,3,0,4320
113726,24,3,1,2052
113730,36,3,1,8328
113742,288,4,-1,300
113746,48,2,0,4032
113758,156,2,0,768
113762,96,2,0,1344
113774,120,2,0,4032
113778,156,4,0,912
113790,60,3,-1,1872
113794,84,3,-1,384
113806,204,5,1,840
113810,84,2,0,6960
113822,60,2,0,864
113826,36,2,0,4944
113838,108,2,0,384
113842,372,4,1,588
113854,60,3,1,5700
113858,36,3,1,696
113870,384,3,0,1296
113874,120,2,0,4320
113886,48,2,0,3264
113890,72,2,0,9504
113902,144,2,0,1440
113906,300,3,0,288
113918,48,3,-1,1656
113922,48,3,-1,1104
113934,180,3,0,2064
113938,180,2,0,3840
113950,120,2,0,8928
113954,12,2,0,4272
113966,132,2,0,6624
113970,240,3,0,3168
113982,36,3,1,4536
113986,36,3,1,6336
113998,240,4,1,2064
114002,132,2,0,7392
114014,72,2,0,1536
114018,0,2,0,840
114030,84,2,0,6144
114034,192,4,0,1176
114046,108,3,-1,1128
114050,156,3,-1,1326
114066,60,2,0,4032
114078,60,2,0,4032
114082,72,2,0,1872
114094,180,2,0,7584
114098,228,4,-1,960
114110,84,3,1,7776
114114,12,3,1,3630
114126,126,3,0,24
114130,204,2,0,6240
114142,48,2,0,648
114146,36,2,0,4128
114158,288,2,0,576
114162,228,3,0,12
114174,36,3,-1,1152
114178,36,3,-1,2496
114190,552,3,0,816
114194,60,2,0,936
114206,48,2,0,6624
114210,96,2,0,6528
114222,108,2,0,3840
114238,48,3,1,6432
114242,48,3,1,2016
114254,132,4,-1,600
114258,72,2,0,1008
114270,96,2,0,7536
114274,48,2,0,5160
114286,180,2,0,4848
114290,504,6,1,1344
114302,84,3,-1,672
114306,48,3,-1,72
114318,228,4,0,1440
114322,252,2,0,120
114334,36,2,0,900
114338,120,2,0,2016
114350,108,2,0,7008
114354,216,4,1,1944
114366,60,3,1,4584
114370,96,3,1,3036
114382,252,3,0,3840
114386,84,2,0,4944
114398,48,2,0,5328
114402,36,2,0,4992
114414,120,2,0,3900
114418,264,3,0,2880
114430,96,3,-1,2280
114434,60,3,-1,1920
114446,336,3,0,1008
114450,96,2,0,4368
114462,36,2,0,4992
114466,84,2,0,4320
114478,216,2,0,3360
114482,132,3,0,864
114494,60,3,1,4464
114498,48,3,1,5040
114510,252,4,1,2976
114514,192,2,0,192
114526,0,2,0,4320
114530,108,2,0,7872
114542,228,2,0,1152
114546,192,5,-1,372
114558,24,3,-1,312
114562,72,3,-1,2064
114574,324,4,0,1536
114578,84,2,0,7104
114590,216,2,0,3864
114594,0,2,0,3168
114606,24,2,0,384
114610,372,4,-1,126
114622,24,3,1,1584
114626,48,3,1,1320
114638,168,3,0,3648
114642,132,2,0,720
114654,132,2,0,4608
114658,60,2,0,72
114670,120,2,0,6144
114674,96,3,0,1728
114686,60,3,-1,1416
114690,48,3,-1,1872
114702,120,3,0,1824
114706,144,2,0,6672
114722,72,2,0,384
114734,84,2,0,1224
114738,228,3,0,144
114750,96,3,1,7320
114754,24,3,1,4776
114766,204,4,-1,198
114770,228,2,0,2352
114782,84,2,0,6240
114786,48,2,0,3168
114798,144,2,0,5472
114802,360,4,0,120
114814,24,3,-1,1536
114818,48,3,-1,1872
114830,240,5,-1,576
114834,60,2,0,3960
114846,24,2,0,2760
114850,96,2,0,9984
114862,168,2,0,8064
114866,216,4,1,2400
114878,48,3,1,624
114894,144,3,0,2112
114898,72,2,0,4800
114910,96,2,0,504
114914,120,2,0,3216
114926,84,2,0,5328
114930,252,3,0,2904
114942,36,3,-1,312
114946,72,3,-1,756
114958,132,3,0,312
114962,96,2,0,7968
114974,84,2,0,6336
114978,48,2,0,3840
114990,108,2,0,7416
114994,120,3,0,2304
115006,36,3,1,6192
115010,60,3,1,5136
115022,324,4,1,1128
115026,84,2,0,2880
115038,36,2,0,3360
115042,60,2,0,960
115054,132,2,0,1680
115058,492,4,0,144
115070,60,3,-1,2016
115074,72,3,-1,1332
115086,300,6,1,684
115090,72,2,0,1464
115102,60,2,0,7968
115106,72,2,0,1008
115118,108,2,0,4608
115122,144,4,-1,792
115134,36,3,1,4320
115138,48,3,1,5376
115150,132,3,0,2880
115154,48,2,0,4464
115166,96,2,0,1512
115170,84,2,0,5904
115182,72,2,0,3888
115186,276,3,0,48
115198,72,3,-1,672
115202,108,3,-1,336
115214,144,3,0,2304
115218,72,2,0,4416
115230,24,2,0,4992
115234,48,2,0,2280
115246,60,2,0,4320
115250,228,3,0,5088
115262,96,3,1,6696
115266,0,3,1,3096
115278,144,4,-1,984
115282,120,2,0,6864
115294,48,2,0,4128
115298,24,2,0,5472
115310,228,2,0,3072
115314,120,5,0,384
115326,72,3,-1,2136
115330,72,3,-1,2688
115342,474,4,0,36
115346,48,2,0,2160
115358,108,2,0,960
115362,24,2,0,4944
115378,360,4,1,1056
115390,84,3,1,1224
115394,84,3,1,7008
115406,120,3,0,2352
115410,120,2,0,6216
115422,36,2,0,4800
115426,36,2,0,3192
115438,96,2,0,7296
115442,180,3,0,600
115454,84,3,-1,684
115458,24,3,-1,252
115470,96,3,0,1872
115474,108,2,0,6528
115486,36,2,0,480
115490,60,2,0,1440
115502,108,2,0,6912
115506,84,3,0,1992
115518,24,3,1,3696
115522,60,3,1,1488
115534,372,4,1,288
115550,144,2,0,10080
115554,72,2,0,4224
115566,60,2,0,3648
115570,360,5,1,1692
115582,84,3,-1,1632
115586,96,3,-1,192
115598,336,4,0,288
115602,60,2,0,3600
115614,84,2,0,3888
115618,108,2,0,6720
115630,180,2,0,24
115634,396,4,-1,324
115646,36,3,1,5208
115650,72,3,1,6288
115662,96,3,0,2016
115666,216,2,0,2520
115678,60,2,0,5616
115682,108,2,0,4896
115694,96,2,0,960
115698,96,3,0,1536
115710,24,3,-1,1296
115714,24,3,-1,1092
115726,216,3,0,2784
115730,96,2,0,7776
115742,60,2,0,384
115746,48,2,0,5952
115758,84,2,0,1188
115762,168,3,0,2688
115774,84,3,1,204
115778,96,3,1,2952
115790,216,4,-1,1152
115794,60,2,0,3456
115806,36,2,0,3600
115810,204,2,0,960
115822,120,2,0,6912
115826,120,4,0,1152
115838,48,3,-1,1632
115842,48,3,-1,312
115854,120,5,1,1056
115858,156,2,0,960
115870,108,2,0,9600
115874,60,2,0,3960
115886,156,2,0,2784
115890,336,4,1,360
115902,36,3,1,3984
115906,60,3,1,5136
115918,228,3,0,960
115922,180,2,0,1632
115934,60,2,0,5472
115938,60,2,0,120
115950,24,2,0,5472
115954,252,3,0,576
115966,72,3,-1,1464
115970,36,3,-1,2472
115982,192,3,0,3744
115986,84,2,0,3648
115998,60,2,0,4992
116002,36,2,0,5760
116014,48,2,0,3552
116018,276,3,0,3552
116034,48,3,1,3240
116046,108,4,1,1344
116050,96,2,0,4416
116062,60,2,0,120
116066,120,2,0,1992
116078,72,2,0,216
116082,360,4,0,1440
116094,24,3,-1,1392
116098,60,3,-1,1188
116110,588,6,0,624
116114,120,2,0,5040
116126,36,2,0,4032
116130,12,2,0,3600
116142,168,2,0,1008
116146,156,4,-1,864
116158,60,3,1,1200
116162,132,3,1,6528
116174,336,3,0,72
116178,72,2,0,7056
116190,36,2,0,3912
116206,168,2,0,2976
116210,420,3,0,132
116222,84,3,-1,2592
116226,72,3,-1,1080
116238,132,3,0,2112
116242,144,2,0,300
116254,36,2,0,4992
116258,108,2,0,96
116270,132,2,0,5976
116274,72,3,0,1728
116286,0,3,1,2760
116290,108,3,1,11556
116302,216,4,-1,48
116306,84,2,0,5856
116318,84,2,0,4416
116322,12,2,0,2976
116334,132,2,0,264
116338,348,5,0,864
116350,72,3,-1,672
116354,72,3,-1,360
116366,168,4,0,1248
116370,108,2,0,1080
116382,84,2,0,5040
116386,12,2,0,1056
116398,168,2,0,7296
116402,348,4,1,3168
116414,60,3,1,4224
116418,108,3,1,6120
116430,144,3,0,2304
116434,72,2,0,5088
116446,24,2,0,5568
116450,84,2,0,7968
116462,132,2,0,1080
116466,96,3,0,1632
116478,72,3,-1,16
116482,12,3,-1,1632
116494,192,3,0,612
116498,156,2,0,432
116510,36,2,0,7248
116514,72,2,0,4224
116526,48,2,0,42
116530,408,3,0,1680
116542,72,3,1,1008
116546,108,3,1,384
116558,396,4,1,1056
116562,72,2,0,4080
116574,0,2,0,3120
116578,60,2,0,4320
116590,156,2,0,6624
116594,228,5,-1,336
116606,24,3,-1,408
116610,60,3,-1,1800
116622,96,4,0,1008
116626,144,2,0,6768
116638,48,2,0,2304
116642,180,2,0,744
116654,108,2,0,5952
116658,144,4,-1,96
116670,60,3,1,9240
116674,60,3,1,186
116690,120,2,0,7872
116702,60,2,0,4416
116706,36,2,0,4680
116718,48,2,0,3072
116722,336,3,0,3840
116734,24,3,-1,1728
116738,48,3,-1,1944
116750,480,3,0,2184
116754,84,2,0,4716
116766,60,2,0,5832
116770,60,2,0,6480
116782,180,2,0,528
116786,240,3,0,624
116798,24,3,1,4536
116802,12,3,1,3456
116814,108,4,-1,528
116818,156,2,0,1344
116830,48,2,0,6336
116834,48,2,0,4416
116846,132,2,0,5280
116862,36,3,-1,1368
116866,72,3,-1,2112
116878,216,5,-1,504
116882,48,2,0,4704
116894,84,2,0,1272
116898,48,2,0,3840
116910,48,2,0,4896
116914,180,4,1,1956
116926,48,3,1,1392
116930,108,3,1,2304
116942,288,3,0,720
116946,12,2,0,2964
116958,36,2,0,96
116962,60,2,0,2976
116974,36,2,0,3552
116978,300,3,0,3744
116990,24,3,-1,2496
116994,48,3,-1,1332
117006,96,3,0,2640
117010,204,2,0,672
117022,60,2,0,5760
117026,60,2,0,4896
117038,180,2,0,2112
117042,132,3,0,384
117054,24,3,1,2580
117058,60,3,1,1512
117070,504,4,1,1824
117074,204,2,0,2592
117086,84,2,0,5472
117090,84,2,0,4944
117102,156,2,0,6048
117106,192,4,0,156
117118,48,3,-1,1872
117122,72,3,-1,2016
117134,132,5,0,480
117138,108,2,0,4032
117150,36,2,0,5376
117154,36,2,0,672
117166,84,2,0,4080
117170,144,4,-1,1104
117182,108,3,1,3024
117186,24,3,1,3096
117198,84,3,0,2016
117202,132,2,0,6720
117214,108,2,0,2640
117218,84,2,0,1296
117230,96,2,0,6696
117234,108,3,0,2928
117246,48,3,-1,960
117250,72,3,-1,564
117262,180,3,0,384
117266,132,2,0,4896
117278,48,2,0,5184
117282,12,2,0,3936
117294,60,2,0,4128
117298,288,3,0,4320
117310,108,3,1,5664
117314,48,3,1,5760
117326,264,4,-1,192
117330,96,2,0,5568
117346,60,2,0,4800
117358,108,2,0,240
117362,252,6,0,96
117374,84,3,-1,2400
117378,72,3,-1,1392
117390,240,4,0,1620
117394,36,2,0,1896
117406,12,2,0,4608
117410,60,2,0,8448
117422,96,2,0,4272
117426,228,4,1,1872
117438,72,3,1,5592
117442,96,3,1,1200
117454,228,3,0,3216
117458,36,2,0,96
117470,84,2,0,456
117474,24,2,0,2976
117486,120,2,0,4464
117490,324,3,0,3168
117502,60,3,-1,840
117518,96,3,0,2016
117522,96,2,0,6240
117534,24,2,0,2616
117538,108,2,0,24
117550,168,2,0,7872
117554,84,3,0,2064
117566,48,3,1,6096
117570,60,3,1,6684
117582,144,4,1,1872
117586,72,2,0,3600
117598,48,2,0,5376
117602,24,2,0,5760
117614,180,2,0,2376
117618,264,5,1,912
117630,72,3,-1,2400
117634,12,3,-1,96
117646,192,4,0,288
117650,204,2,0,2304
117662,72,2,0,6336
117666,60,2,0,3120
117678,84,2,0,60
117682,360,4,-1,312
117694,36,3,1,4704
117698,36,3,1,4176
117710,384,3,0,432
117714,48,2,0,2880
117726,12,2,0,3048
117730,84,2,0,4464
117742,264,2,0,288
117746,264,3,0,192
117758,60,3,-1,126
117762,96,3,-1,1968
117774,132,3,0,2376
117778,72,2,0,4416
117790,96,2,0,1704
117794,60,2,0,432
117806,108,2,0,4272
117810,168,3,0,1944
117822,36,3,1,144
117826,108,3,1,2088
117838,276,4,-1,960
117842,192,2,0,192
117854,96,2,0,4512
117858,36,2,0,1116
117870,60,2,0,3600
117874,192,4,0,1440
117886,0,3,-1,1728
117890,48,3,-1,2400
117902,432,5,1,600
117906,84,2,0,3456
117918,72,2,0,5088
117922,12,2,0,5376
117934,108,2,0,1824
117938,456,4,1,192
117950,60,3,1,66
117954,48,3,1,2880
117966,84,3,0,1704
117970,216,2,0,2880
117982,84,2,0,7488
117986,24,2,0,5040
118002,96,3,0,1344
118014,36,3,-1,1512
118018,48,3,-1,1632
118030,180,3,0,2976
118034,120,2,0,4416
118046,156,2,0,348
118050,72,2,0,5856
118062,108,2,0,3744
118066,120,3,0,2232
118078,72,3,1,672
118082,72,3,1,1800
118094,240,4,1,1872
118098,132,2,0,5472
118110,72,2,0,5712
118114,36,2,0,1200
118126,120,2,0,6528
118130,288,4,0,1536
118142,60,3,-1,276
118146,24,3,-1,1056
118158,156,5,0,96
118174,12,2,0,3840
118178,12,2,0,4992
118190,96,2,0,96
118194,228,4,-1,3
118206,36,3,1,2616
118210,96,3,1,8208
118222,204,3,0,864
118226,168,2,0,1632
118238,96,2,0,480
118242,36,2,0,192
118254,108,2,0,3600
118258,216,3,0,312
118270,24,3,-1,2784
118274,36,3,-1,2016
118286,84,3,0,1728
118290,72,2,0,5544
118302,24,2,0,4224
118306,24,2,0,4800
118318,108,2,0,6240
118322,132,3,0,2400
118334,72,3,1,1980
118338,48,3,1,3336
118350,312,4,-1,1188
118354,72,2,0,3840
118366,108,2,0,1992
118370,84,2,0,3528
118382,72,2,0,4608
118386,288,6,-1,204
118398,24,3,-1,1296
118402,108,3,-1,4
118414,216,4,0,1152
118418,84,2,0,4608
118430,48,2,0,6048
118434,24,2,0,3144
118446,96,2,0,4152
118450,408,4,1,3696
118462,96,3,1,7584
118466,60,3,1,5952
118478,180,3,0,1056
118482,96,2,0,336
118494,12,2,0,3264
118498,60,2,0,5952
118510,192,2,0,2112
118514,180,3,0,600
118526,72,3,-1,216
118530,36,3,-1,1752
118542,216,3,0,300
118546,144,2,0,1176
118558,72,2,0,1584
118562,84,2,0,3744
118574,96,2,0,5160
118578,168,3,0,2304
118590,48,3,1,4584
118594,24,3,1,4260
118606,264,4,1,3192
118610,180,2,0,6816
118622,60,2,0,48
118626,24,2,0,3456
118638,24,2,0,3600
118642,348,5,-1,108
118658,72,3,-1,144
118670,360,4,0,2280
118674,72,2,0,2976
118686,24,2,0,4032
118690,120,2,0,3744
118702,60,2,0,4320
118706,120,4,-1,576
118718,48,3,1,4656
118722,48,3,1,624
118734,72,3,0,1584
118738,108,2,0,4848
118750,96,2,0,5760
118754,72,2,0,6600
118766,84,2,0,192
118770,156,3,0,2484
118782,0,3,-1,1344
118786,24,3,-1,1260
118798,546,3,0,72
118802,156,2,0,3072
118814,60,2,0,4032
118830,72,2,0,792
118834,132,3,0,768
118846,60,3,1,5760
118850,48,3,1,5640
118862,264,4,-1,1248
118866,48,2,0,4152
118878,12,2,0,4128
118882,48,2,0,7296
118894,48,2,0,3888
118898,216,4,0,1536
118910,108,3,-1,1080
118914,24,3,-1,90
118926,132,5,-1,240
118930,228,2,0,8928
118942,132,2,0,528
118946,12,2,0,792
118958,192,2,0,1296
118962,108,4,1,1536
118974,36,3,1,3552
118978,24,3,1,1296
118990,192,3,0,2736
118994,156,2,0,6816
119006,36,2,0,3936
119010,0,2,0,4704
119022,120,2,0,4704
119026,132,3,0,228
119038,48,3,-1,120
119042,48,3,-1,240
119054,204,3,0,576
119058,132,2,0,1008
119070,48,2,0,204
119074,60,2,0,4896
119086,144,2,0,1296
119090,456,3,0,624
119102,36,3,1,4224
119106,48,3,1,4920
119118,216,4,1,2112
119122,24,2,0,2256
119134,24,2,0,5472
119138,12,2,0,5568
119150,132,2,0,8400
119154,144,4,0,1008
119166,48,3,-1,984
119170,108,3,-1,2448
119182,192,6,-1,144
119186,48,2,0,4512
119198,60,2,0,1920
119202,72,2,0,5376
119214,60,2,0,4008
119218,312,4,-1,1128
119230,96,3,1,5184
119234,36,3,1,1548
119246,132,3,0,2304
119250,84,2,0,4224
119262,36,2,0,3888
119266,36,2,0,1344
119278,60,2,0,5376
119282,204,3,0,3168
119294,12,3,-1,1296
119298,12,3,-1,960
119314,60,2,0,3600
119326,12,2,0,3960
119330,120,2,0,9600
119342,216,2,0,672
119346,132,3,0,96
119358,72,3,1,750
119362,12,3,1,5424
119374,288,4,-1,96
119378,156,2,0,1176
119390,108,2,0,7488
119394,36,2,0,2424
119406,24,2,0,2808
119410,300,5,0,192
119422,12,3,-1,1344
119426,72,3,-1,2592
119438,144,4,0,1152
119442,180,2,0,1392
119454,72,2,0,4104
119458,48,2,0,960
119470,144,2,0,8064
119486,48,3,1,1044
119490,60,3,1,4704
119502,192,3,0,2640
119506,144,2,0,960
119518,36,2,0,912
119522,60,2,0,1824
119534,96,2,0,5280
119538,72,3,0,2208
119550,24,3,-1,1740
119554,120,3,-1,900
119566,192,3,0,2928
119570,84,2,0,5088
119582,84,2,0,7104
119586,24,2,0,3264
119598,72,2,0,2592
119602,168,3,0,2304
119614,96,3,1,756
119618,84,3,1,7680
119630,324,4,1,816
119634,36,2,0,3120
119646,36,2,0,408
119650,156,2,0,5712
119662,60,2,0,2112
119666,252,5,1,576
119678,84,3,-1,3264
119682,12,3,-1,1428
119694,180,4,0,888
119698,192,2,0,528
119710,12,2,0,5544
119714,24,2,0,288
119726,72,2,0,3840
119730,216,4,-1,960
119742,36,3,1,828
119746,24,3,1,4080
119758,300,3,0,672
119762,144,2,0,5952
119774,60,2,0,1872
119778,48,2,0,4320
119790,108,2,0,6600
119794,108,3,0,1968
119806,48,3,-1,624
119810,108,3,-1,108
119822,204,3,0,2496
119826,36,2,0,2688
119838,108,2,0,4608
119842,48,2,0,216
119854,72,2,0,3840
119858,192,3,0,360
119870,36,3,1,7152
119874,36,3,1,4824
119886,186,4,-1,9
119890,132,2,0,7680
119902,96,2,0,7680
119906,60,2,0,3456
119918,144,2,0,1752
119922,108,4,0,816
119934,0,3,-1,84
119938,60,3,-1,1368
119950,312,5,1,408
119954,120,2,0,1536
119970,12,2,0,5544
119982,60,2,0,3456
119986,432,4,1,1512
119998,48,3,1,4272
120002,84,3,1,4704
120014,96,3,0,2112
120018,36,2,0,3792
120030,144,2,0,6240
120034,24,2,0,5088
120046,72,2,0,3360
120050,216,3,0,3264
120062,48,3,-1,312
120066,36,3,-1,1056
120078,108,3,0,2352
120082,60,2,0,3744
120094,72,2,0,432
120098,48,2,0,3360
120110,144,2,0,5760
120114,156,3,0,2280
120126,24,3,1,3504
120142,252,4,1,384
120146,108,2,0,5088
120158,48,2,0,816
120162,24,2,0,3456
120174,84,2,0,3024
120178,216,4,0,1344
120190,72,3,-1,2748
120194,12,3,-1,1008
120206,444,7,1,186
120210,192,2,0,6528
120222,12,2,0,24
120226,60,2,0,5376
120238,84,2,0,2016
120242,252,4,-1,60
120254,0,3,1,4176
120258,36,3,1,1008
120270,84,3,0,2160
120274,144,2,0,1152
120286,72,2,0,4224
120290,60,2,0,936
120302,60,2,0,4704
120306,144,3,0,1200
120318,0,3,-1,1152
120322,72,3,-1,2976
120334,168,3,0,2016
120338,180,2,0,6240
120350,60,2,0,2112
120354,48,2,0,3408
120366,96,2,0,4440
120370,180,3,0,2880
120382,60,3,1,1044
120386,60,3,1,360
120398,204,4,-1,120
120402,96,2,0,4224
120414,36,2,0,2832
120418,36,2,0,240
120430,252,2,0,7824
120434,252,5,0,648
120446,24,3,-1,1668
120450,60,3,-1,1800
120462,228,4,0,1152
120466,24,2,0,3312
120478,108,2,0,7008
120482,60,2,0,4992
120494,96,2,0,1536
120498,192,4,1,1920
120510,60,3,1,4248
120514,36,3,1,276
120526,216,3,0,912
120530,144,2,0,2784
120542,72,2,0,912
120546,24,2,0,3456
120558,120,2,0,912
120562,396,3,0,1176
120574,60,3,-1,1440
120578,72,3,-1,1824
120590,240,3,0,2784
120594,108,2,0,588
120606,24,2,0,3120
120610,60,2,0,5280
120626,96,3,0,1920
120638,60,3,1,2112
120642,36,3,1,528
120654,108,4,1,1212
120658,168,2,0,1344
120670,24,2,0,408
120674,48,2,0,1392
120686,72,2,0,4752
120690,204,5,-1,378
120702,72,3,-1,1872
120706,60,3,-1,360
120718,216,4,0,1872
120722,144,2,0,4512
120734,24,2,0,5664
120738,84,2,0,4464
120750,108,2,0,4992
120754,84,4,-1,576
120766,48,3,1,3936
120770,72,3,1,7872
120782,168,3,0,672
120798,60,2,0,4992
120802,48,2,0,4608
120814,120,2,0,1440
120818,336,3,0,864
120830,48,3,-1,1920
120834,48,3,-1,996
120846,108,3,0,1344
120850,240,2,0,3600
120862,24,2,0,4032
120866,12,2,0,4104
120878,72,2,0,624
120882,120,3,0,2592
120894,12,3,1,4080
120898,108,3,1,6288
120910,324,4,-1,1296
120914,120,2,0,192
120926,72,2,0,1680
120930,36,2,0,4752
120942,114,2,0,60
120946,168,4,0,1056
120958,96,3,-1,168
120962,132,3,-1,960
120974,228,5,-1,360
120978,120,2,0,3600
120990,72,2,0,5520
120994,84,2,0,744
121006,108,2,0,3456
121010,516,4,1,4416
121022,48,3,1,228
121026,12,3,1,2610
121038,192,3,0,2448
121042,84,2,0,960
121054,24,2,0,3744
121058,60,2,0,960
121070,240,2,0,3408
121074,72,3,0,216
121086,24,3,-1,1080
121090,84,3,-1,2496
121102,240,3,0,48
121106,96,2,0,1200
121118,24,2,0,3648
121122,36,2,0,4032
121134,36,2,0,4080
121138,84,3,0,384
121150,84,3,1,8400
121154,84,3,1,4080
121166,132,4,1,2496
121170,96,2,0,3360
121182,12,2,0,624
121186,96,2,0,192
121198,48,2,0,3648
121202,204,4,0,1344
121214,84,3,-1,276
121218,36,3,-1,1668
121230,168,5,0,504
121234,60,2,0,5040
121246,108,2,0,1560
121250,24,2,0,1824
121262,120,2,0,7152
121266,180,4,-1,576
121282,72,3,1,2784
121294,108,3,0,2112
121298,132,2,0,5184
121310,84,2,0,8424
121314,12,2,0,2712
121326,108,2,0,3648
121330,276,3,0,4176
121342,96,3,-1,336
121346,72,3,-1,1344
121358,252,3,0,36
121362,48,2,0,4512
121374,60,2,0,3408
121378,96,2,0,768
121390,180,2,0,2556
121394,228,3,0,1080
121406,36,3,1,3216
121410,24,3,1,4224
121422,84,4,-1,528
121426,60,2,0,1488
121438,60,2,0,6144
121454,72,2,0,3744
121458,348,7,0,24
121470,12,3,-1,1368
121474,0,3,-1,1104
121486,288,4,0,1152
121490,72,2,0,5328
121502,48,2,0,1872
121506,36,2,0,3840
121518,120,2,0,4416
121522,156,4,1,1920
121534,108,3,1,1392
121538,60,3,1,1056
121550,180,3,0,3216
121554,48,2,0,3924
121566,48,2,0,3120
121570,84,2,0,2520
121582,132,2,0,576
121586,72,3,0,2112
121598,84,3,-1,2208
121602,24,3,-1,1344
121614,120,3,0,1344
121618,156,2,0,432
121630,48,2,0,6480
121634,60,2,0,5472
121646,84,2,0,840
121650,96,3,0,2112
121662,72,3,1,912
121666,48,3,1,3480
121678,276,4,1,576
121682,120,2,0,120
121694,12,2,0,3840
121698,0,2,0,3024
121710,72,2,0,6696
121714,444,5,1,624
121726,36,3,-1,1056
121730,24,3,-1,2160
121742,252,4,0,24
121746,48,2,0,3168
121758,108,2,0,816
121762,0,2,0,3168
121774,144,2,0,4416
121778,300,4,-1,1008
121790,60,3,1,2340
121794,24,3,1,4680
121806,144,3,0,1728
121810,168,2,0,6912
121822,108,2,0,3168
121826,48,2,0,2304
121838,132,2,0,5040
121842,216,3,0,336
121854,24,3,-1,1368
121858,168,3,-1,16
121870,240,3,0,288
121874,84,2,0,3840
121886,60,2,0,4320
121890,48,2,0,5856
121902,36,2,0,2784
121906,252,3,0,2808
121918,84,3,1,6048
121922,48,3,1,4776
121938,72,2,0,3456
121950,72,2,0,4992
121954,12,2,0,2880
121966,198,2,0,144
121970,324,4,0,384
121982,0,3,-1,1536
121986,36,3,-1,1008
121998,156,5,1,960
122002,96,2,0,1728
122014,24,2,0,3936
122018,24,2,0,4992
122030,132,2,0,6912
122034,120,4,1,1092
122046,36,3,1,2880
122050,24,3,1,6240
122062,252,3,0,2304
122066,84,2,0,336
122078,60,2,0,72
122082,36,2,0,3408
122094,60,2,0,2352
122110,60,3,-1,528
122114,48,3,-1,480
122126,108,3,0,1944
122130,144,2,0,5568
122142,36,2,0,732
122146,84,2,0,1920
122158,144,2,0,240
122162,252,3,0,384
122174,12,3,1,4644
122178,24,3,1,3552
122190,336,4,1,3024
122194,96,2,0,4992
122206,60,2,0,4800
122210,36,2,0,4608
122222,132,2,0,1728
122226,192,4,0,864
122238,24,3,-1,888
122242,36,3,-1,480
122254,360,5,0,288
122258,246,2,0,36
122270,132,2,0,9168
122274,60,2,0,3432
122286,12,2,0,2592
122290,276,4,-1,78
122302,36,3,1,4704
122306,24,3,1,3648
122318,240,3,0,2400
122322,84,2,0,4848
122334,0,2,0,2592
122338,120,2,0,6720
122350,156,2,0,5184
122354,204,3,0,168
122366,84,3,-1,840
122370,36,3,-1,990
122382,228,3,0,2592
122386,36,2,0,3456
122398,84,2,0,1536
122402,84,2,0,1296
122414,48,2,0,3648
122418,96,3,0,192
122430,60,3,1,3060
122434,48,3,1,1272
122446,228,4,-1,72
122450,168,2,0,8160
122462,24,2,0,3840
122466,36,2,0,156
122478,132,2,0,6720
122482,168,6,1,432
122494,84,3,-1,1728
122498,36,3,-1,1680
122510,144,4,0,240
122514,24,2,0,2304
122526,48,2,0,3048
122530,84,2,0,6912
122542,168,2,0,192
122546,204,4,1,696
122558,132,3,1,1704
122562,36,3,1,3480
122574,36,3,0,1200
122578,120,2,0,2256
122594,12,2,0,3408
122606,72,2,0,5088
122610,216,3,0,2592
122622,12,3,-1,1296
122626,24,3,-1,1320
122638,252,3,0,3072
122642,120,2,0,120
122654,60,2,0,480
122658,48,2,0,576
122670,132,2,0,4920
122674,144,3,0,3192
122686,72,3,1,1524
122690,120,3,1,4104
122702,348,4,1,3216
122706,12,2,0,2736
122718,24,2,0,4080
122722,36,2,0,1728
122734,48,2,0,3408
122738,156,5,-1,336
122750,36,3,-1,288
122766,120,4,0,660
122770,96,2,0,4608
122782,60,2,0,4992
122786,48,2,0,5040
122798,120,2,0,2376
122802,168,4,-1,936
122814,36,3,1,228
122818,96,3,1,5352
122830,396,3,0,1368
122834,84,2,0,912
122846,36,2,0,3936
122850,48,2,0,4956
122862,36,2,0,3312
122866,132,3,0,504
122878,36,3,-1,1296
122882,24,3,-1,1440
122894,228,3,0,2496
122898,60,2,0,3456
122910,36,2,0,5760
122914,72,2,0,4032
122926,108,2,0,6336
122930,168,3,0,2208
122942,108,3,1,342
122946,24,3,1,372
122958,102,4,-1,1
122962,72,2,0,4896
122974,36,2,0,888
122978,60,2,0,960
122990,132,2,0,5760
122994,60,4,0,528
123006,0,3,-1,936
123010,60,3,-1,1092
123022,252,5,-1,528
123026,108,2,0,5208
123038,12,2,0,4320
123042,24,2,0,576
123054,84,2,0,2880
123058,588,4,1,744
123070,24,3,1,5544
123074,60,3,1,3312
123086,168,3,0,768
123090,60,2,0,4752
123102,12,2,0,3648
123106,0,2,0,2688
123118,144,2,0,2592
123122,252,3,0,1056
123134,48,3,-1,1224
123138,36,3,-1,1800
123150,96,3,0,2592
123154,72,2,0,1392
123166,24,2,0,4800
123170,36,2,0,7104
123182,48,2,0,4896
123186,36,3,0,1188
123198,0,3,1,4032
123202,84,3,1,5328
123214,156,4,1,1872
123218,120,2,0,5568
123230,84,2,0,432
123234,60,2,0,3768
123250,312,4,0,2016
123262,84,3,-1,48
123266,72,3,-1,288
123278,228,6,1,672
123282,60,2,0,3648
123294,24,2,0,2448
123298,36,2,0,960
123310,96,2,0,4992
123314,132,4,-1,720
123326,36,3,1,3624
123330,36,3,1,4068
123342,132,3,0,384
123346,108,2,0,4128
123358,48,2,0,672
123362,72,2,0,6048
123374,132,2,0,1128
123378,108,3,0,1728
123390,24,3,-1,1836
123394,24,3,-1,1296
123406,120,3,0,384
123422,60,2,0,5760
123426,12,2,0,336
123438,72,2,0,4128
123442,396,3,0,276
123454,72,3,1,5664
123458,72,3,1,816
123470,168,4,-1,780
123474,108,2,0,3456
123486,48,2,0,3216
123490,72,2,0,6528
123502,180,2,0,4704
123506,276,5,0,624
123518,72,3,-1,60
123522,24,3,-1,48
123534,132,4,0,96
123538,96,2,0,4608
123550,72,2,0,84
123554,36,2,0,1872
123566,60,2,0,3360
123570,384,4,1,3396
123582,12,3,1,2736
123586,72,3,1,342
123598,276,3,0,3360
123602,48,2,0,3264
123614,36,2,0,5424
123618,12,2,0,2784
123630,12,2,0,4512
123634,108,3,0,1920
123646,48,3,-1,96
123650,12,3,-1,1776
123662,204,3,0,936
123666,36,2,0,3264
123678,24,2,0,2880
123682,36,2,0,7056
123694,132,2,0,1152
123698,156,3,0,720
123710,72,3,1,9216
123714,36,3,1,2676
123726,252,4,1,2196
123730,168,2,0,204
123742,60,2,0,1320
123746,60,2,0,4440
123758,120,2,0,1152
123762,132,5,1,792
123774,24,3,-1,960
123778,84,3,-1,1536
123790,252,4,0,1584
123794,144,2,0,5640
123806,48,2,0,72
123810,72,2,0,4536
123822,96,2,0,4320
123826,192,4,-1,624
123838,60,3,1,1728
123842,84,3,1,312
123854,132,3,0,1344
123858,120,2,0,600
123870,36,2,0,5232
123874,84,2,0,1824
123886,0,2,0,3792
123890,156,3,0,2448
123906,24,3,-1,1476
123918,90,3,0,24
123922,240,2,0,6720
123934,36,2,0,4128
123938,0,2,0,4032
123950,192,2,0,1248
123954,72,3,0,1248
123966,12,3,1,2688
123970,48,3,1,264
123982,180,4,-1,384
123986,192,2,0,2016
123998,48,2,0,3888
124002,36,2,0,288
124014,108,2,0,456
124018,372,4,0,480
124030,12,3,-1,1680
124034,36,3,-1,1800
124046,360,5,1,1440
124050,36,2,0,3360
124062,72,2,0,4704
124078,96,2,0,5568
124082,252,4,1,2400
124094,60,3,1,1752
124098,12,3,1,3792
124110,120,3,0,1860
124114,72,2,0,3072
124126,36,2,0,1344
124130,84,2,0,1512
124142,144,2,0,744
124146,96,3,0,1224
124158,60,3,-1,288
124162,60,3,-1,360
124174,84,3,0,1920
124178,108,2,0,4608
124190,36,2,0,3888
124194,12,2,0,3600
124206,60,2,0,3168
124210,252,3,0,480
124222,36,3,1,3888
124226,12,3,1,2880
124238,204,4,1,576
124242,48,2,0,792
124254,36,2,0,3816
124258,60,2,0,1152
124270,144,2,0,1392
124274,252,4,0,84
124286,24,3,-1,1776
124290,24,3,-1,2
124302,144,9,0,24
124306,108,2,0,2256
124318,12,2,0,576
124322,36,2,0,432
124334,60,2,0,2592
124338,108,4,-1,528
124350,24,3,1,3972
124354,24,3,1,4752
124366,72,3,0,1872
124370,156,2,0,8016
124382,60,2,0,1872
124386,24,2,0,90
124398,60,2,0,3552
124402,204,3,0,2400
124414,84,3,-1,528
124418,72,3,-1,576
124430,336,3,0,3504
124434,12,2,0,2784
124446,36,2,0,216
124450,96,2,0,1920
124462,84,2,0,4608
124466,84,3,0,1824
124478,72,3,1,4608
124482,36,3,1,3876
124494,168,4,-1,720
124498,36,2,0,3456
124510,60,2,0,7296
124514,24,2,0,432
124526,132,2,0,1536
124530,240,5,0,576
124542,48,3,-1,8
124546,48,3,-1,1344
124562,60,2,0,1152
124574,48,2,0,4224
124578,48,2,0,4032
124590,84,2,0,2688
124594,192,4,1,552
124606,108,3,1,5184
124610,120,3,1,6372
124622,144,3,0,2496
124626,60,2,0,4344
124638,60,2,0,3072
124642,0,2,0,624
124654,144,2,0,5376
124658,192,3,0,96
124670,60,3,-1,420
124674,24,3,-1,798
124686,120,3,0,1440
124690,60,2,0,6744
124702,36,2,0,1152
124706,12,2,0,1632
124718,120,2,0,4608
124734,12,3,1,2820
124738,60,3,1,2304
124750,192,4,1,2256
124754,72,2,0,3072
124766,24,2,0,4272
124770,84,2,0,4320
124782,108,2,0,3552
124786,180,5,-1,300
124798,48,3,-1,192
124802,48,3,-1,1632
124814,192,4,0,288
124818,72,2,0,3840
124830,24,2,0,5724
124834,60,2,0,3600
124846,240,2,0,168
124850,336,4,-1,540
124862,72,3,1,3744
124866,48,3,1,1944
124878,96,3,0,1632
124882,120,2,0,672
124894,12,2,0,2400
124898,144,2,0,5280
124910,72,2,0,6720
124914,144,3,0,2016
124926,12,3,-1,828
124930,60,3,-1,2352
124942,120,3,0,600
124946,48,2,0,2784
124958,60,2,0,528
124962,60,2,0,3888
124974,48,2,0,3312
124978,132,3,0,2112
124990,72,3,1,2160
124994,24,3,1,132
125006,168,4,-1,18
125010,36,2,0,3264
125022,0,2,0,3504
125026,96,2,0,1260
125038,84,2,0,3840
125042,252,4,0,240
125054,48,3,-1,1584
125058,36,3,-1,216
125070,180,5,-1,360
125074,24,2,0,3360
125086,24,2,0,2904
125090,12,2,0,4248
125102,156,2,0,192
125106,168,4,1,1308
125118,48,3,1,3768
125122,12,3,1,336
125134,156,3,0,504
125138,252,2,0,2784
125150,60,2,0,4128
125154,36,2,0,3696
125166,36,2,0,2076
125170,240,3,0,1272
125182,108,3,-1,2160
125186,36,3,-1,1440
125198,192,3,0,2976
125202,48,2,0,2496
125218,48,2,0,4128
125230,60,2,0,4608
125234,144,3,0,1728
125246,48,3,1,264
125250,60,3,1,5616
125262,168,4,1,1800
125266,96,2,0,4944
125278,60,2,0,2496
125282,12,2,0,1800
125294,36,2,0,5088
125298,72,4,0,120
125310,48,3,-1,1572
125314,36,3,-1,420
125326,192,5,0,432
125330,108,2,0,5760
125342,0,2,0,144
125346,24,2,0,2448
125358,96,2,0,672
125362,168,4,-1,624
125374,48,3,1,3120
125390,444,3,0,2040
125394,84,2,0,2376
125406,0,2,0,3072
125410,48,2,0,5376
125422,60,2,0,1152
125426,108,3,0,384
125438,24,3,-1,1008
125442,36,3,-1,408
125454,84,3,0,144
125458,132,2,0,192
125470,72,2,0,8208
125474,36,2,0,3456
125486,36,2,0,3360
125490,228,3,0,2616
125502,24,3,1,3864
125506,48,3,1,3564
125518,180,4,-1,768
125522,156,2,0,5376
125534,24,2,0,912
125538,12,2,0,3264
125550,24,2,0,3360
125554,168,7,-1,72
125566,60,3,-1,312
125570,60,3,-1,168
125582,132,4,0,144
125586,132,2,0,3960
125598,60,2,0,3408
125602,84,2,0,2448
125614,96,2,0,4224
125618,180,4,1,1776
125630,72,3,1,5952
125634,24,3,1,2112
125646,84,3,0,1680
125650,96,2,0,4752
125662,48,2,0,5184
125666,36,2,0,5616
125678,48,2,0,1200
125682,156,3,0,1560
125694,24,3,-1,720
125698,72,3,-1,1728
125710,252,3,0,1512
125714,96,2,0,1800
125726,72,2,0,336
125730,48,2,0,3672
125742,150,2,0,114
125746,108,3,0,576
125758,24,3,1,720
125762,48,3,1,4704
125774,180,4,1,1560
125778,72,2,0,720
125790,24,2,0,3360
125794,60,2,0,4224
125806,96,2,0,3840
125810,204,5,1,1464
125822,72,3,-1,744
125826,48,3,-1,876
125838,192,4,0,1056
125842,108,2,0,840
125854,60,2,0,528
125858,156,2,0,264
125874,108,4,-1,468
125886,24,3,1,492
125890,96,3,1,1080
125902,144,3,0,2496
125906,36,2,0,2160
125918,48,2,0,4992
125922,24,2,0,3264
125934,48,2,0,2088
125938,264,3,0,240
125950,108,3,-1,2592
125954,36,3,-1,1488
125966,132,3,0,420
125970,84,2,0,4848
125982,48,2,0,2304
125986,36,2,0,2784
125998,144,2,0,1152
126002,144,3,0,768
126014,36,3,1,3648
126018,48,3,1,2736
126030,180,4,-1,720
126046,24,2,0,2448
126050,84,2,0,6336
126062,84,2,0,5664
126066,108,4,0,768
126078,12,3,-1,1272
126082,12,3,-1,228
126094,144,5,1,840
126098,60,2,0,3360
126110,60,2,0,1440
126114,36,2,0,2880
126126,72,2,0,2400
126130,168,4,1,2712
126142,24,3,1,396
126146,72,3,1,3144
126158,108,3,0,384
126162,36,2,0,3120
126174,48,2,0,3696
126178,72,2,0,240
126190,168,2,0,7488
126194,72,3,0,2064
126206,0,3,-1,996
126210,72,3,-1,1344
126222,48,3,0,1680
126226,120,2,0,312
126238,36,2,0,4224
126242,0,2,0,864
126254,108,2,0,1848
126258,156,3,0,432
126270,60,3,1,3528
126274,12,3,1,4080
126286,300,4,1,504
126290,132,2,0,72
126302,72,2,0,5040
126306,36,2,0,2496
126318,60,2,0,2592
126322,204,4,0,216
126334,36,3,-1,1536
126338,12,3,-1,960
126350,348,5,0,48
126354,96,2,0,12
126366,36,2,0,456
126370,84,2,0,7680
126382,84,2,0,3072
126386,132,4,-1,672
126398,12,3,1,1056
126402,48,3,1,3840
126414,216,3,0,2016
126418,84,2,0,4224
126430,72,2,0,1512
126434,24,2,0,672
126446,108,2,0,4704
126450,120,3,0,1680
126462,36,3,-1,864
126466,48,3,-1,564
126478,132,3,0,1920
126482,96,2,0,6912
126494,24,2,0,3216
126498,84,2,0,4800
126510,72,2,0,4536
126514,144,3,0,1464
126530,60,3,1,4968
126542,300,4,-1,12
126546,60,2,0,2352
126558,24,2,0,720
126562,48,2,0,576
126574,96,2,0,1680
126578,216,6,-1,72
126590,60,3,-1,2064
126594,72,3,-1,1020
126606,60,4,0,12
126610,156,2,0,1968
126622,12,2,0,4032
126626,36,2,0,3240
126638,60,2,0,4896
126642,204,4,1,228
126654,0,3,1,2160
126658,48,3,1,36
126670,168,3,0,384
126674,96,2,0,3648
126686,60,2,0,1752
126702,0,2,0,3120
126706,144,3,0,2112
126718,72,3,-1,480
126722,36,3,-1,480
126734,180,3,0,2400
126738,36,2,0,2472
126750,36,2,0,4992
126754,36,2,0,912
126766,72,2,0,3072
126770,192,3,0,2736
126782,168,3,1,5760
126786,84,3,1,2808
126798,96,4,1,1272
126802,132,2,0,3744
126814,36,2,0,3456
126818,36,2,0,5184
126830,144,2,0,1272
126834,96,5,-1,264
126846,0,3,-1,1044
126850,60,3,-1,1356
126862,276,4,0,336
126866,72,2,0,72
126878,60,2,0,4512
126882,48,2,0,144
126894,72,2,0,2880
126898,252,4,-1,432
126910,84,3,1,3480
126914,12,3,1,3228
126926,84,3,0,1632
126930,108,2,0,3936
126942,24,2,0,768
126946,36,2,0,4368
126958,168,2,0,960
126962,252,3,0,2112
126974,60,3,-1,480
126978,60,3,-1,1008
126990,204,3,0,1668
126994,84,2,0,2592
127006,60,2,0,1536
127010,132,2,0,3096
127022,108,2,0,2688
127026,72,3,0,96
127038,36,3,1,2880
127042,96,3,1,342
127054,156,4,-1,600
127058,96,2,0,1152
127070,60,2,0,6384
127074,24,2,0,2448
127086,24,2,0,2736
127090,264,4,0,1680
127102,60,3,-1,1104
127106,60,3,-1,1296
127118,300,5,-1,192
127122,48,2,0,2592
127134,0,2,0,2796
127138,24,2,0,2928
127150,180,2,0,8
127154,168,4,1,480
127166,36,3,1,3312
127170,12,3,1,5280
127186,60,2,0,816
127198,72,2,0,5040
127202,12,2,0,4224
127214,24,2,0,2640
127218,180,3,0,1536
127230,60,3,-1,1692
127234,60,3,-1,1152
127246,144,3,0,1536
127250,96,2,0,4920
127262,96,2,0,48
127266,36,2,0,2712
127278,48,2,0,3312
127282,240,3,0,2592
127294,24,3,1,1056
127298,36,3,1,1056
127310,288,4,1,2868
127314,144,2,0,3552
127326,36,2,0,1896
127330,84,2,0,2736
127342,84,2,0,1056
127358,48,3,-1,216
127362,24,3,-1,1008
127374,132,6,-1,96
127378,72,2,0,4032
127390,60,2,0,432
127394,24,2,0,144
127406,108,2,0,1584
127410,156,4,-1,540
127422,24,3,1,4032
127426,24,3,1,4224
127438,186,3,0,48
127442,96,2,0,468
127454,48,2,0,432
127458,60,2,0,576
127470,108,2,0,4320
127474,144,3,0,96
127486,0,3,-1,1488
127490,24,3,-1,1560
127502,156,3,0,1728
127506,48,2,0,2856
127518,12,2,0,3360
127522,36,2,0,3072
127534,60,2,0,3432
127538,192,3,0,2496
127550,36,3,1,2232
127554,36,3,1,2232
127566,72,4,-1,432
127570,108,2,0,4320
127582,96,2,0,1440
127586,0,2,0,648
127598,132,2,0,4032
127602,168,5,0,576
127614,24,3,-1,624
127618,60,3,-1,504
127630,216,4,0,1344
127634,60,2,0,3840
127646,36,2,0,4200
127650,36,2,0,432
127662,24,2,0,2904
127666,120,4,1,1548
127678,36,3,1,288
127682,60,3,1,3360
127694,144,3,0,480
127698,48,2,0,3168
127710,24,2,0,3072
127714,24,2,0,5568
127726,72,2,0,624
127730,180,3,0,1080
127742,60,3,-1,336
127746,12,3,-1,648
127758,84,3,0,504
127762,84,2,0,1776
127774,36,2,0,4560
127778,60,2,0,3648
127790,180,2,0,6768
127794,48,3,0,1152
127806,12,3,1,2484
127810,24,3,1,4104
127822,168,4,1,2304
127826,84,2,0,240
127842,48,2,0,168
127854,84,2,0,144
127858,216,5,1,156
127870,60,3,-1,708
127874,48,3,-1,60
127886,120,4,0,816
127890,60,2,0,3936
127902,24,2,0,2592
127906,60,2,0,1200
127918,60,2,0,3456
127922,132,4,-1,528
127934,12,3,1,396
127938,12,3,1,3456
127950,96,3,0,1680
127954,108,2,0,4824
127966,36,2,0,4944
127970,84,2,0,5664
127982,84,2,0,2016
127986,72,3,0,1224
127998,12,3,-1,1104
128014,180,3,0,576
128018,96,2,0,960
128030,0,2,0,4800
128034,0,2,0,2016
128046,12,2,0,2976
128050,384,3,0,840
128062,60,3,1,3096
128066,48,3,1,4008
128078,252,4,-1,792
128082,48,2,0,3456
128094,12,2,0,3288
128098,24,2,0,3168
128110,48,2,0,5304
128114,72,4,0,576
128126,24,3,-1,240
128130,60,3,-1,144
128142,24,5,1,78
128146,36,2,0,3936
128158,24,2,0,192
128162,120,2,0,48
128174,36,2,0,3552
128178,192,4,1,1560
128190,12,3,1,4176
128194,36,3,1,1242
128206,48,3,0,1632
128210,48,2,0,4512
128222,36,2,0,3456
128226,24,2,0,2208
128238,54,2,0,60
128242,228,3,0,672
128254,24,3,-1,984
128258,48,3,-1,408
128270,180,3,0,816
128274,60,2,0,2688
128286,24,2,0,2196
128290,36,2,0,4680
128302,180,2,0,3024
128306,168,3,0,780
128318,108,3,1,5688
128322,48,3,1,3024
128334,108,4,1,1116
128338,84,2,0,1008
128350,36,2,0,5280
128354,0,2,0,3168
128366,24,2,0,2976
128370,180,4,0,720
128382,24,3,-1,1536
128386,48,3,-1,1200
128398,72,6,0,192
128402,84,2,0,4224
128414,72,2,0,42
128418,24,2,0,2688
128430,72,2,0,4608
128434,108,4,-1,90
128446,24,3,1,264
128450,84,3,1,1080
128462,144,3,0,1920
128466,24,2,0,2304
128478,0,2,0,2304
128482,36,2,0,864
128498,312,3,0,3072
128510,48,3,-1,1680
128514,36,3,-1,840
128526,144,3,0,1584
128530,36,2,0,4680
128542,24,2,0,648
128546,12,2,0,2688
128558,84,2,0,192
128562,48,3,0,1488
128574,36,3,1,1872
128578,84,3,1,5280
128590,252,4,-1,204
128594,72,2,0,48
128606,0,2,0,3072
128610,72,2,0,4944
128622,84,2,0,3696
128626,300,5,0,204
128638,48,3,-1,1824
128642,60,3,-1,144
128654,264,4,0,1296
128670,36,2,0,2844
128674,36,2,0,4104
128686,60,2,0,2736
128690,204,4,1,2688
128702,36,3,1,1440
128706,48,3,1,2496
128718,156,3,0,312
128722,96,2,0,4032
128734,36,2,0,1584
128738,36,2,0,1632
128750,96,2,0,4344
128754,48,3,0,864
128766,24,3,-1,684
128770,48,3,-1,270
128782,144,3,0,1920
128786,24,2,0,3888
128798,60,2,0,4608
128802,12,2,0,2880
128814,24,2,0,2016
128818,108,3,0,1344
128830,48,3,1,4320
128834,24,3,1,4320
128846,168,4,1,576
128850,96,2,0,6600
128862,60,2,0,3744
128866,0,2,0,3072
128878,60,2,0,1920
128882,192,5,-1,72
128894,24,3,-1,1068
128898,36,3,-1,792
128910,180,4,0,960
128914,36,2,0,96
128926,24,2,0,3216
128930,60,2,0,4992
128942,96,2,0,864
128946,132,4,-1,528
128958,24,3,1,336
128962,72,3,1,4728
128974,72,3,0,1680
128978,60,2,0,3360
128990,36,2,0,1632
128994,36,2,0,2880
129006,78,2,0,60
129010,48,3,0,1968
129022,96,3,-1,36
129026,0,3,-1,336
129038,144,3,0,1536
129042,72,2,0,300
129054,36,2,0,192
129058,48,2,0,528
129070,96,2,0,4896
129074,84,3,0,1920
129086,0,3,1,2784
129090,12,3,1,3366
129102,108,4,-1,432
129106,108,2,0,3648
129118,0,2,0,2592
129122,24,2,0,3744
129134,60,2,0,288
129138,168,4,0,768
129154,24,3,-1,972
129166,216,5,-1,180
129170,180,2,0,2976
129182,36,2,0,3840
129186,60,2,0,3264
129198,72,2,0,2808
129202,288,4,1,744
129214,24,3,1,3672
129218,48,3,1,672
129230,144,3,0,2160
129234,12,2,0,1824
129246,24,2,0,3432
129250,12,2,0,4320
129262,60,2,0,3840
129266,108,3,0,1704
129278,12,3,-1,672
129282,24,3,-1,1008
129294,84,3,0,864
129298,60,2,0,288
129310,36,2,0,1392
129326,60,2,0,288
129330,108,3,0,1584
129342,60,3,1,564
129346,24,3,1,672
129358,192,4,1,336
129362,36,2,0,3456
129374,0,2,0,2304
129378,36,2,0,96
129390,60,2,0,2880
129394,156,4,0,960
129406,36,3,-1,960
129410,72,3,-1,1776
129422,300,5,0,192
129426,12,2,0,1800
129438,36,2,0,3840
129442,48,2,0,984
129454,84,2,0,600
129458,204,4,-1,8
129470,72,3,1,5136
129474,36,3,1,3000
129486,24,3,0,864
129490,180,2,0,2400
129502,36,2,0,384
129506,24,2,0,3192
129518,48,2,0,3648
129522,216,3,0,1944
129534,12,3,-1,1008
129538,48,3,-1,1680
129550,288,3,0,3744
129554,72,2,0,3408
129566,24,2,0,912
129570,12,2,0,2376
129582,48,2,0,2592
129586,48,3,0,1152
129598,60,3,1,1716
129602,48,3,1,1584
129614,48,4,-1,48
129618,36,2,0,2976
129630,12,2,0,3168
129634,36,2,0,1104
129646,96,2,0,3360
129650,132,6,0,240
129662,12,3,-1,1200
129666,24,3,-1,828
129678,48,4,0,576
129682,84,2,0,3264
129694,36,2,0,3360
129698,24,2,0,480
129710,120,2,0,2208
129714,120,4,1,1344
129726,24,3,1,1980
129730,48,3,1,360
129742,156,3,0,60
129746,132,2,0,1080
129758,24,2,0,1296
129762,12,2,0,2304
129774,60,2,0,4008
129778,168,3,0,408
129790,24,3,-1,1248
129794,12,3,-1,1020
129810,108,2,0,384
129822,24,2,0,1920
129826,48,2,0,3072
129838,108,2,0,3840
129842,180,3,0,432
129854,24,3,1,54
129858,48,3,1,414
129870,348,4,1,2820
129874,36,2,0,2016
129886,108,2,0,1056
129890,108,2,0,1920
129902,84,2,0,3120
129906,48,5,1,504
129918,12,3,-1,696
129922,24,3,-1,624
129934,48,4,0,576
129938,60,2,0,3168
129950,24,2,0,4416
129954,24,2,0,2304
129966,60,2,0,2112
129982,48,3,1,4560
129986,48,3,1,2112
129998,144,3,0,576
130002,108,2,0,360
130014,36,2,0,2208
130018,24,2,0,4704
130030,60,2,0,1872
130034,168,3,0,768
130046,0,3,-1,816
130050,48,3,-1,1092
130062,84,3,0,1440
130066,180,2,0,468
130078,60,2,0,3456
130082,60,2,0,5088
130094,84,2,0,3840
130098,48,3,0,120
130110,60,3,1,4590
130114,12,3,1,2400
130126,156,4,-1,480
130130,120,2,0,3840
130142,24,2,0,360
130146,0,2,0,2112
130158,48,2,0,432
130162,156,4,0,864
130174,48,3,-1,408
130178,24,3,-1,360
130190,120,5,1,720
130194,24,2,0,2496
130206,24,2,0,2880
130210,36,2,0,960
130222,36,2,0,4272
130226,120,4,1,1344
130238,48,3,1,3768
130242,24,3,1,714
130254,72,3,0,1008
130258,96,2,0,816
130270,24,2,0,3840
130274,48,2,0,2400
130286,120,2,0,132
130290,96,3,0,1920
130302,12,3,-1,744
130306,84,3,-1,1176
130318,252,3,0,576
130322,132,2,0,1056
130334,24,2,0,2496
130338,24,2,0,3072
130350,36,2,0,132
130354,180,3,0,900
130366,0,3,1,3168
130370,72,3,1,5760
130382,180,4,1,1728
130386,24,2,0,1680
130398,36,2,0,3120
130402,60,2,0,3984
130414,84,2,0,2784
130418,216,4,0,960
130430,36,3,-1,36
130434,12,3,-1,732
130446,96,5,0,6
130450,84,2,0,5328
130466,12,2,0,768
130478,132,2,0,4416
130482,72,4,-1,2
130494,24,3,1,2208
130498,12,3,1,696
130510,132,3,0,2112
130514,84,2,0,3648
130526,12,2,0,2928
130530,84,2,0,348
130542,84,2,0,432
130546,84,3,0,1440
130558,60,3,-1,360
130562,12,3,-1,1056
130574,132,3,0,624
130578,72,2,0,2136
130590,60,2,0,624
130594,24,2,0,3360
130606,72,2,0,672
130610,108,3,0,576
130622,24,3,1,192
130638,84,4,-1,432
130642,192,2,0,180
130654,24,2,0,3312
130658,60,2,0,720
130670,84,2,0,4512
130674,72,6,1,258
130686,0,3,-1,576
130690,12,3,-1,1152
130702,120,4,0,864
130706,48,2,0,3360
130718,36,2,0,624
130722,12,2,0,2304
130734,96,2,0,2832
130738,84,4,1,1824
130750,84,3,1,1116
130754,96,3,1,672
130766,180,3,0,1872
130770,84,2,0,2808
130782,12,2,0,2592
130786,60,2,0,306
130798,48,2,0,2688
130802,96,3,0,1152
130814,36,3,-1,1152
130818,0,3,-1,720
130830,120,3,0,1800
130834,24,2,0,2160
130846,12,2,0,2112
130850,48,2,0,4512
130862,60,2,0,816
130866,72,3,0,1440
130878,0,3,1,2688
130882,36,3,1,2760
130894,228,4,1,792
130898,96,2,0,1920
130910,72,2,0,5184
130914,12,2,0,1824
130926,84,2,0,2496
130930,228,5,-1,120
130942,60,3,-1,240
130946,12,3,-1,840
130958,156,4,0,120
130962,84,2,0,3648
130974,24,2,0,1344
130978,96,2,0,4032
130990,144,2,0,6240
130994,132,4,-1,408
131006,36,3,1,1914
131010,24,3,1,3036
131022,72,3,0,1152
131026,24,2,0,2232
131038,24,2,0,384
131042,84,2,0,144
131054,36,2,0,2760
131058,132,3,0,300
131070,12,3,-1,18
131074,48,3,-1,312
131086,84,3,0,1440
131090,84,2,0,2880
131102,72,2,0,4800
131106,24,2,0,1752
131122,132,3,0,2016
131134,24,3,1,2088
131138,60,3,1,4656
131150,204,4,-1,168
131154,48,2,0,2688
131166,12,2,0,1680
131170,24,2,0,3984
131182,96,2,0,720
131186,156,4,0,240
131198,0,3,-1,864
131202,12,3,-1,840
131214,96,5,-1,186
131218,96,2,0,1440
131230,60,2,0,6048
131234,0,2,0,3072
131246,96,2,0,2304
131250,108,4,1,1200
131262,72,3,1,192
131266,24,3,1,420
131278,36,3,0,48
131294,36,2,0,960
131298,36,2,0,3888
131310,60,2,0,3168
131314,60,3,0,1608
131326,60,3,-1,498
131330,60,3,-1,552
131342,180,3,0,528
131346,24,2,0,1584
131358,24,2,0,492
131362,48,2,0,240
131374,48,2,0,384
131378,144,3,0,1728
131390,36,3,1,3216
131394,48,3,1,1872
131406,72,4,1,996
131410,96,2,0,5856
131422,0,2,0,2544
131426,60,2,0,3840
131438,48,2,0,1968
131442,96,4,0,120
131454,36,3,-1,948
131458,72,3,-1,144
131470,168,6,1,144
131474,60,2,0,720
131486,12,2,0,2400
131490,24,2,0,3384
131502,0,2,0,2160
131506,84,4,-1,6
131518,12,3,1,3456
131522,36,3,1,4056
131534,120,3,0,1152
131538,48,2,0,2352
131550,24,2,0,288
131554,24,2,0,2088
131566,84,2,0,3216
131570,144,3,0,384
131582,24,3,-1,204
131586,0,3,-1,744
131598,36,3,0,1296
131602,108,2,0,4320
131614,24,2,0,576
131618,24,2,0,1008
131630,108,2,0,5040
131634,108,3,0,984
131646,12,3,1,2700
131650,72,3,1,2700
131662,120,4,-1,504
131666,60,2,0,2256
131678,36,2,0,3264
131682,0,2,0,2688
131694,36,2,0,1632
131698,96,5,0,336
131710,24,3,-1,1344
131714,36,3,-1,768
131726,144,4,0,120
131730,60,2,0,2280
131742,60,2,0,720
131746,48,2,0,240
131758,120,2,0,24
131762,348,4,1,1128
131778,12,3,1,2016
131790,60,3,0,1392
131794,60,2,0,984
131806,36,2,0,2640
131810,12,2,0,3264
131822,96,2,0,48
131826,72,3,0,1152
131838,12,3,-1,672
131842,84,3,-1,204
131854,120,3,0,192
131858,48,2,0,576
131870,48,2,0,1668
131874,24,2,0,1776
131886,24,2,0,2052
131890,108,3,0,1848
131902,36,3,1,1440
131906,24,3,1,576
131918,120,4,1,1512
131922,24,2,0,2400
131934,24,2,0,1872
131950,36,2,0,3528
131954,132,5,1,744
131966,36,3,-1,960
131970,36,3,-1,1332
131982,156,4,0,720
131986,36,2,0,2880
131998,60,2,0,3888
132002,24,2,0,3168
132014,48,2,0,720
132018,120,4,-1,432
132030,36,3,1,2028
132034,48,3,1,240
132046,108,3,0,432
132050,84,2,0,36
132062,24,2,0,168
132066,24,2,0,90
132078,24,2,0,1824
132082,228,3,0,744
132094,0,3,-1,672
132098,48,3,-1,1440
132110,108,3,0,1872
132114,24,2,0,2220
132126,12,2,0,2448
132130,36,2,0,4704
132142,24,2,0,480
132146,120,3,0,1056
132158,48,3,1,6
132162,24,3,1,1704
132174,72,4,-1,300
132178,24,2,0,3456
132190,24,2,0,2136
132194,48,2,0,1464
132206,24,2,0,1776
132210,204,4,0,1080
132222,48,3,-1,1008
132226,24,3,-1,264
132238,252,5,1,936
132242,96,2,0,768
132254,48,2,0,2592
132258,36,2,0,576
132270,48,2,0,3840
132274,108,4,1,1200
132286,24,3,1,1992
132290,12,3,1,3408
132302,96,3,0,720
132306,24,2,0,2088
132318,48,2,0,1728
132322,36,2,0,3456
132334,84,2,0,324
132338,108,3,0,288
132350,48,3,-1,1776
132354,12,3,-1,72
132366,84,3,0,24
132370,24,2,0,936
132382,12,2,0,2496
132386,36,2,0,3168
132398,36,2,0,3360
132402,36,3,0,912
132414,12,3,1,2160
132418,36,3,1,3072
132434,84,2,0,216
132446,48,2,0,600
132450,48,2,0,2856
132462,48,2,0,2976
132466,120,4,0,648
132478,24,3,-1,192
132482,12,3,-1,336
132494,120,6,0,144
132498,72,2,0,2544
132510,36,2,0,2304
132514,36,2,0,1224
132526,36,2,0,2880
132530,240,4,-1,864
132542,36,3,1,480
132546,48,3,1,2016
132558,168,3,0,24
132562,48,2,0,2448
132574,0,2,0,3192
132578,0,2,0,2304
132590,120,2,0,1488
132606,12,3,-1,816
132610,72,3,-1,1488
132622,36,3,0,504
132626,60,2,0,1104
132638,36,2,0,384
132642,60,2,0,480
132654,48,2,0,1224
132658,252,3,0,72
132670,60,3,1,5088
132674,36,3,1,1824
132686,132,4,-1,588
132690,24,2,0,2112
132702,36,2,0,1920
132706,12,2,0,2016
132718,108,2,0,2688
132722,96,5,0,384
132734,60,3,-1,342
132738,36,3,-1,912
132750,96,4,0,720
132754,12,2,0,2640
132766,0,2,0,816
132770,60,2,0,1008
132782,60,2,0,2976
132786,84,4,1,792
132798,0,3,1,2352
132802,48,3,1,816
132814,24,3,0,984
132818,72,2,0,3072
132830,36,2,0,3024
132834,0,2,0,324
132846,0,2,0,1512
132850,108,3,0,1440
132862,48,3,-1,1392
132866,24,3,-1,960
132878,180,3,0,384
132882,72,2,0,3360
132894,0,2,0,2628
132898,12,2,0,2448
132910,108,2,0,876
132914,84,3,0,384
132926,12,3,1,1860
132930,48,3,1,2280
132942,270,4,1,51
132946,72,2,0,1104
132958,72,2,0,576
132962,0,2,0,2304
132974,12,2,0,1920
132978,84,5,-1,192
132990,24,3,-1,798
132994,24,3,-1,924
133006,132,4,0,24
133010,72,2,0,3768
133022,48,2,0,288
133026,12,2,0,1728
133038,12,2,0,1896
133042,60,4,-1,72
133054,12,3,1,1080
133058,36,3,1,432
133070,108,3,0,1296
133074,48,2,0,1776
133090,84,2,0,1248
133102,60,2,0,2688
133106,96,3,0,1440
133118,24,3,-1,1320
133122,60,3,-1,576
133134,60,3,0,1104
133138,108,2,0,480
133150,36,2,0,2448
133154,12,2,0,1824
133166,60,2,0,1200
133170,72,3,0,1200
133182,0,3,1,1512
133186,12,3,1,1932
133198,312,4,-1,16
133202,60,2,0,696
133214,24,2,0,2592
133218,12,2,0,132
133230,156,2,0,4176
133234,96,4,0,12
133246,12,3,-1,792
133262,180,5,-1,216
133266,36,2,0,1392
133278,12,2,0,2112
133282,24,2,0,2688
133294,48,2,0,2448
133298,36,4,1,984
133310,12,3,1,888
133314,12,3,1,2040
133326,24,3,0,672
133330,84,2,0,3360
133342,60,2,0,144
133346,48,2,0,120
133358,36,2,0,480
133362,108,3,0,1176
133374,12,3,-1,528
133378,36,3,-1,288
133390,120,3,0,1632
133394,36,2,0,1824
133406,0,2,0,2832
133410,12,2,0,2352
133422,24,2,0,240
133426,36,3,0,1728
133438,12,3,1,2856
133442,36,3,1,768
133454,96,4,1,468
133458,48,2,0,288
133470,12,2,0,2688
133474,24,2,0,2544
133486,6,2,0,108
133490,240,4,0,432
133502,24,3,-1,912
133506,0,3,-1,528
133518,96,5,0,240
133522,72,2,0,576
133534,12,2,0,1920
133538,12,2,0,2976
133550,96,2,0,2976
133554,48,4,-1,336
133566,24,3,1,2106
133570,12,3,1,3468
133582,120,3,0,2016
133586,36,2,0,2736
133598,72,2,0,960
133602,60,2,0,2160
133614,24,2,0,1344
133618,72,3,0,144
133630,24,3,-1,10
133634,0,3,-1,126
133646,60,3,0,1152
133650,60,2,0,2928
133662,24,2,0,1728
133666,24,2,0,672
133678,72,2,0,2880
133682,84,3,0,96
133694,0,3,1,2088
133698,0,3,1,2568
133710,24,4,-1,324
133714,12,2,0,2352
133726,24,2,0,336
133730,24,2,0,3264
133746,96,6,0,84
133758,36,3,-1,156
133762,84,3,-1,1152
133774,48,4,0,120
133778,84,2,0,1152
133790,84,2,0,4320
133794,12,2,0,1392
133806,72,2,0,2448
133810,168,4,1,648
133822,36,3,1,3552
133826,0,3,1,1680
133838,96,3,0,1152
133842,48,2,0,480
133854,0,2,0,1464
133858,12,2,0,384
133870,48,2,0,2448
133874,144,3,0,1728
133886,24,3,-1,192
133890,24,3,-1,1164
133902,60,3,0,864
133918,36,2,0,1536
133922,0,2,0,120
133934,48,2,0,2400
133938,60,3,0,864
133950,12,3,1,2112
133954,24,3,1,288
133966,120,4,1,960
133970,96,2,0,264
133982,24,2,0,2400
133986,0,2,0,1752
133998,48,2,0,60
134002,168,5,1,684
134014,0,3,-1,672
134018,0,3,-1,624
134030,276,4,0,576
134034,24,2,0,1632
134046,24,2,0,1320
134050,24,2,0,3312
134062,72,2,0,864
134066,120,4,-1,96
134078,0,3,1,2256
134082,12,3,1,1680
134094,48,3,0,864
134098,132,2,0,816
134110,24,2,0,2880
134114,12,2,0,3456
134126,36,2,0,2784
134130,48,3,0,1188
134142,24,3,-1,108
134146,12,3,-1,624
134158,108,3,0,240
134162,72,2,0,2304
134174,36,2,0,648
134178,12,2,0,1728
134190,24,2,0,1632
134194,36,3,0,816
134206,12,3,1,66
134210,60,3,1,1152
134222,84,4,-1,336
134226,48,2,0,1872
134238,24,2,0,2496
134242,0,2,0,252
134254,84,2,0,2496
134258,132,4,0,168
134270,60,3,-1,936
134274,24,3,-1,348
134286,36,5,1,372
134290,48,2,0,3168
134302,0,2,0,2112
134306,24,2,0,2448
134318,24,2,0,240
134322,72,4,1,1080
134334,0,3,1,2016
134338,12,3,1,2688
134350,276,3,0,1308
134354,12,2,0,684
134366,12,2,0,1824
134370,36,2,0,1824
134382,36,2,0,1440
134386,156,3,0,336
134402,36,3,-1,144
134414,96,3,0,864
134418,24,2,0,1920
134430,24,2,0,2400
134434,24,2,0,1968
134446,36,2,0,2208
134450,156,3,0,1368
134462,48,3,1,120
134466,36,3,1,1620
134478,258,4,1,36
134482,60,2,0,2400
134494,0,2,0,480
134498,48,2,0,672
134510,48,2,0,360
134514,24,4,0,336
134526,12,3,-1,444
134530,36,3,-1,228
134542,84,5,0,48
134546,60,2,0,1680
134558,12,2,0,432
134574,24,2,0,1440
134578,132,4,-1,384
134590,0,3,1,3300
134594,0,3,1,2496
134606,60,3,0,216
134610,12,2,0,2076
134622,36,2,0,2352
134626,0,2,0,1536
134638,36,2,0,528
134642,92,3,0,1
134654,24,3,-1,696
134658,60,3,-1,42
134670,72,3,0,840
134674,96,2,0,1320
134686,36,2,0,2616
134690,24,2,0,2784
134702,48,2,0,3360
134706,84,3,0,144
134718,12,3,1,1776
134722,36,3,1,1680
134734,36,4,-1,288
134738,0,2,0,2112
134750,36,2,0,768
134754,0,2,0,1176
134766,12,2,0,1584
134770,144,6,-1,144
134782,24,3,-1,384
134786,24,3,-1,270
134798,108,4,0,576
134802,36,2,0,1368
134814,12,2,0,1740
134818,60,2,0,912
134830,96,2,0,2304
134834,48,4,1,960
134846,0,3,1,2112
134850,48,3,1,2112
134862,24,3,0,816
134866,24,2,0,1488
134878,60,2,0,3072
134882,24,2,0,2736
134894,48,2,0,960
134898,72,3,0,816
134910,12,3,-1,684
134914,12,3,-1,648
134926,114,3,0,54
134930,96,2,0,840
134942,12,2,0,432
134946,24,2,0,1800
134958,0,2,0,288
134962,132,3,0,288
134974,36,3,1,96
134978,0,3,1,1608
134990,204,4,1,192
134994,36,2,0,1584
135006,24,2,0,960
135010,24,2,0,3576
135022,24,2,0,2112
135026,36,5,-1,120
135038,12,3,-1,288
135042,12,3,-1,96
135058,24,2,0,432
135070,24,2,0,816
135074,24,2,0,24
135086,12,2,0,1440
135090,48,4,-1,288
135102,24,3,1,1416
135106,48,3,1,1320
135118,84,3,0,864
135122,84,2,0,144
135134,84,2,0,216
135138,24,2,0,72
135150,72,2,0,2520
135154,72,3,0,864
135166,24,3,-1,720
135170,12,3,-1,720
135182,72,3,0,384
135186,24,2,0,240
135198,24,2,0,1152
135202,12,2,0,1872
135214,72,2,0,1056
135230,60,3,1,2208
135234,24,3,1,1836
135246,60,4,-1,288
135250,84,2,0,192
135262,36,2,0,144
135266,12,2,0,1440
135278,36,2,0,1776
135282,60,4,0,312
135294,12,3,-1,48
135298,24,3,-1,1008
135310,120,5,-1,216
135314,24,2,0,1440
135326,48,2,0,864
135330,24,2,0,2448
135342,66,2,0,72
135346,120,4,1,1080
135358,24,3,1,96
135362,12,3,1,480
135374,24,3,0,984
135378,24,2,0,1344
135390,12,2,0,1992
135394,12,2,0,288
135406,60,2,0,1824
135410,36,3,0,1056
135422,12,3,-1,60
135426,0,3,-1,360
135438,24,3,0,672
135442,72,2,0,696
135454,24,2,0,1536
135458,0,2,0,384
135470,120,2,0,744
135474,84,3,0,600
135486,12,3,1,1464
135490,36,3,1,312
135502,60,4,1,228
135506,36,2,0,480
135518,0,2,0,2880
135522,0,2,0,1728
135534,12,2,0,1008
135538,144,4,0,240
135550,48,3,-1,696
135554,24,3,-1,648
135566,108,6,-1,60
135570,24,2,0,2568
135582,12,2,0,2016
135586,0,2,0,1200
135598,48,2,0,2208
135602,72,4,-1,312
135614,24,3,1,222
135618,0,3,1,120
135630,24,3,0,912
135634,72,2,0,1824
135646,0,2,0,552
135650,24,2,0,1248
135662,24,2,0,2304
135666,24,3,0,600
135678,12,3,-1,480
135682,12,3,-1,192
135694,132,3,0,1536
135698,12,2,0,1728
135714,0,2,0,1656
135726,30,2,0,48
135730,48,3,0,960
135742,36,3,1,456
135746,24,3,1,1584
135758,168,4,-1,30
135762,36,2,0,960
135774,0,2,0,168
135778,24,2,0,2400
135790,24,2,0,720
135794,132,5,0,72
135806,24,3,-1,720
135810,0,3,-1,12
135822,108,4,0,288
135826,36,2,0,336
135838,0,2,0,1248
135842,12,2,0,312
135854,36,2,0,1680
135858,84,4,1,120
135870,12,3,1,2100
135886,36,3,0,672
135890,48,2,0,2928
135902,24,2,0,384
135906,12,2,0,102
135918,12,2,0,1920
135922,36,3,0,1056
135934,24,3,-1,180
135938,36,3,-1,4
135950,24,3,0,960
135954,24,2,0,768
135966,0,2,0,720
135970,72,2,0,192
135982,12,2,0,1728
135986,84,3,0,768
135998,12,3,1,1728
136002,72,3,1,1584
136014,84,4,1,528
136018,36,2,0,1776
136030,48,2,0,2184
136034,0,2,0,1248
136046,48,2,0,480
136050,96,5,1,522
136062,12,3,-1,336
136066,24,3,-1,600
136078,162,4,0,36
136082,48,2,0,816
136094,24,2,0,1440
136098,24,2,0,1104
136110,72,2,0,1680
136114,48,4,-1,66
136126,24,3,1,1296
136130,24,3,1,144
136142,72,3,0,168
136146,24,2,0,1056
136158,36,2,0,336
136162,12,2,0,2304
136174,12,2,0,1008
136178,36,3,0,864
136190,72,3,-1,312
136194,0,3,-1,336
136206,36,3,0,600
136210,48,2,0,1584
136222,0,2,0,192
136226,72,2,0,480
136238,24,2,0,1680
136242,72,3,0,168
136254,12,3,1,1284
136258,24,3,1,102
136270,96,4,-1,480
136274,36,2,0,240
136286,0,2,0,1416
136290,24,2,0,1224
136302,36,2,0,1152
136306,24,4,0,288
136318,24,3,-1,480
136322,12,3,-1,480
136334,96,5,1,72
136338,24,2,0,1512
136350,24,2,0,1344
136354,0,2,0,1344
136370,96,4,1,264
136382,12,3,1,1824
136386,12,3,1,888
136398,24,3,0,36
136402,48,2,0,816
136414,24,2,0,1152
136418,0,2,0,1536
136430,0,2,0,1368
136434,48,3,0,480
136446,12,3,-1,312
136450,0,3,-1,576
136462,0,3,0,624
136466,36,2,0,1920
136478,48,2,0,672
136482,12,2,0,960
136494,0,2,0,1056
136498,36,3,0,576
136510,48,3,1,972
136514,48,3,1,660
136526,120,4,1,624
136542,0,2,0,192
136546,0,2,0,198
136558,48,2,0,72
136562,48,4,0,432
136574,24,3,-1,324
136578,12,3,-1,480
136590,108,7,-1,30
136594,0,2,0,1344
136606,12,2,0,1392
136610,48,2,0,1680
136622,60,2,0,768
136626,12,4,-1,108
136638,72,3,1,1296
136642,0,3,1,168
136654,48,3,0,144
136658,12,2,0,48
136670,36,2,0,1728
136674,24,2,0,1152
136686,24,2,0,36
136690,96,3,0,396
136702,12,3,-1,528
136706,0,3,-1,360
136718,108,3,0,768
136722,12,2,0,768
136734,0,2,0,6
136738,0,2,0,1296
136750,12,2,0,2016
136754,36,3,0,120
136766,24,3,1,300
136770,0,3,1,1200
136782,36,4,-1,168
136786,24,2,0,1680
136798,24,2,0,336
136802,48,2,0,480
136814,24,2,0,1320
136818,48,5,0,144
136830,12,3,-1,468
136834,24,3,-1,174
136846,48,4,0,240
136850,0,2,0,1536
136862,0,2,0,144
136866,0,2,0,888
136878,0,2,0,816
136882,60,4,1,696
136894,12,3,1,1104
136898,0,3,1,1248
136910,84,3,0,84
136914,12,2,0,768
136926,0,2,0,816
136930,24,2,0,1152
136942,120,2,0,180
136946,48,3,0,240
136958,12,3,-1,48
136962,0,3,-1,288
136974,12,3,0,480
136978,36,2,0,384
136990,0,2,0,1392
136994,24,2,0,864
137006,24,2,0,960
137010,12,3,0,612
137026,12,3,1,1368
137038,96,4,1,672
137042,36,2,0,168
137054,12,2,0,624
137058,0,2,0,42
137070,24,2,0,72
137074,36,5,-1,66
137086,24,3,-1,144
137090,36,3,-1,144
137102,60,4,0,240
137106,0,2,0,864
137118,12,2,0,768
137122,0,2,0,336
137134,12,2,0,864
137138,24,4,-1,216
137150,12,3,1,1896
137154,0,3,1,504
137166,108,3,0,36
137170,36,2,0,1344
137182,12,2,0,912
137198,24,2,0,240
137202,12,3,0,384
137214,0,3,-1,174
137218,12,3,-1,288
137230,60,3,0,120
137234,48,2,0,144
137246,12,2,0,768
137250,0,2,0,912
137262,36,2,0,1128
137266,60,3,0,144
137278,12,3,1,1104
137282,36,3,1,960
137294,12,4,-1,84
137298,0,2,0,648
137310,12,2,0,864
137314,0,2,0,768
137326,24,2,0,840
137330,12,4,0,192
137342,24,3,-1,4
137346,0,3,-1,204
137358,48,5,-1,1
137362,12,2,0,1056
137374,12,2,0,432
137378,24,2,0,480
137390,12,2,0,1104
137394,48,4,1,360
137406,0,3,1,414
137410,12,3,1,414
137422,36,3,0,384
137426,12,2,0,768
137438,0,2,0,864
137442,0,2,0,150
137454,0,2,0,576
137458,60,3,0,60
137470,0,3,-1,276
137474,0,3,-1,264
137486,48,3,0,168
137490,24,2,0,600
137502,0,2,0,936
137506,0,2,0,672
137518,48,2,0,96
137522,12,3,0,72
137534,12,3,1,552
137538,0,3,1,48
137550,0,4,1,228
137554,24,2,0,12
137566,12,2,0,528
137570,0,2,0,912
137582,24,2,0,576
137586,24,4,0,120
137598,12,3,-1,216
137602,0,3,-1,192
137614,24,5,0,96
137618,0,2,0,720
137630,0,2,0,204
137634,0,2,0,432
137646,30,2,0,48
137650,12,4,-1,180
137662,0,3,1,108
137666,0,3,1,132
137682,0,2,0,408
137694,0,2,0,288
137698,0,2,0,312
137710,36,2,0,768
137714,12,3,0,144
137726,0,3,-1,156
137730,0,3,-1,180
137742,66,3,0,36
137746,12,2,0,276
137758,12,2,0,96
137762,0,2,0,384
137774,0,2,0,96
137778,0,3,0,120
137790,0,3,1,288
137794,12,3,1,234
137806,120,4,-1,18
137810,0,2,0,192
137822,0,2,0,216
137826,0,2,0,114
137838,6,2,0,60
