trace,weak_representatives,frobenius_2_depth,two_split,maximal_order_class_number
2,324,2,0,4224
14,96,3,-1,4560
18,72,2,0,8916
30,372,4,0,2808
34,876,4,-1,1776
46,96,2,0,2592
50,180,3,1,20640
62,192,2,0,17184
66,192,2,0,10128
78,108,3,1,16752
82,192,2,0,2496
98,312,3,0,5376
110,144,2,0,5472
114,96,3,-1,36
126,156,2,0,11616
130,264,2,0,17136
142,72,3,-1,1728
146,276,2,0,336
158,336,3,0,5592
162,360,3,0,5568
174,120,2,0,15240
178,156,3,1,4704
190,336,2,0,26640
194,252,2,0,18816
206,36,3,1,11592
210,36,2,0,12960
222,276,4,1,4680
226,456,5,0,2016
238,108,2,0,13200
242,108,3,-1,3840
254,396,2,0,1104
258,204,2,0,11808
270,84,3,-1,4728
274,108,2,0,19968
286,1056,4,0,1008
290,972,4,1,225
302,72,2,0,12192
306,84,3,1,17472
318,192,2,0,8976
322,192,2,0,2160
334,192,3,1,16848
338,108,2,0,13824
350,480,3,0,10080
354,444,3,0,1440
366,84,2,0,10560
370,192,3,-1,9864
382,228,2,0,13056
386,384,2,0,19968
398,192,3,-1,3252
402,96,2,0,8040
414,468,3,0,6480
418,336,3,0,6480
430,132,2,0,4152
434,192,3,1,210
446,204,2,0,3792
450,276,2,0,17280
462,48,3,1,9552
466,216,2,0,7728
478,348,4,-1,1968
482,540,5,-1,1248
494,72,2,0,1680
498,72,3,-1,3180
510,324,2,0,20736
514,156,2,0,12960
526,204,3,-1,7440
530,180,2,0,29376
542,456,5,1,618
546,504,4,-1,396
558,72,2,0,252
562,84,3,1,912
574,288,2,0,5616
578,168,2,0,4320
590,180,3,1,21888
594,72,2,0,10560
606,312,3,0,5424
610,1056,3,0,372
622,72,2,0,14352
626,84,3,-1,4320
638,276,2,0,16944
642,156,2,0,11856
654,36,3,-1,768
670,552,3,0,1344
674,288,3,0,6720
686,192,2,0,3072
690,120,3,1,13320
702,192,2,0,1536
706,360,2,0,21504
718,96,3,1,3504
722,192,2,0,540
734,900,4,1,11904
738,168,4,0,2016
750,180,2,0,20544
754,96,3,-1,252
766,156,2,0,12528
770,204,2,0,13824
782,96,3,-1,4656
786,204,2,0,14544
798,216,5,0,24
802,396,4,1,5952
814,120,2,0,15936
818,168,3,1,18144
830,300,2,0,7536
834,264,2,0,16032
850,132,2,0,19008
862,636,3,0,2064
866,684,3,0,264
878,96,2,0,14688
882,108,3,-1,3396
894,96,2,0,10944
898,336,2,0,1008
910,120,3,-1,6144
914,72,2,0,11520
926,480,3,0,9600
930,456,3,0,7560
942,48,2,0,13320
946,192,3,1,3912
958,312,2,0,1560
962,312,2,0,14688
974,132,3,1,3264
978,72,2,0,960
990,372,4,-1,2304
994,804,4,0,5376
1006,120,2,0,9312
1010,180,3,-1,516
1022,192,2,0,14304
1026,144,2,0,8616
1038,132,3,-1,3600
1042,132,2,0,3648
1054,684,4,0,1008
1058,624,4,-1,3024
1070,108,2,0,19536
1074,60,3,1,12264
1086,168,2,0,12552
1090,396,2,0,22656
1102,84,3,1,16560
1106,84,2,0,12096
1118,600,3,0,2304
1122,228,3,0,3840
1134,84,2,0,10560
1138,108,3,-1,4104
1150,384,2,0,5808
1154,576,2,0,144
1166,96,3,-1,4656
1170,120,2,0,24864
1182,336,3,0,5616
1186,492,3,0,1824
1198,108,2,0,15936
1202,60,3,1,13824
1214,180,2,0,336
1218,84,2,0,6552
1230,120,3,1,19152
1234,108,2,0,14976
1246,552,4,1,1092
1250,612,6,0,1056
1262,96,2,0,5496
1266,72,3,-1,5472
1278,144,2,0,12408
1282,240,2,0,15888
1294,168,3,-1,2376
1298,84,2,0,2928
1310,480,4,0,4416
1314,348,4,1,4872
1326,96,2,0,10944
1330,132,3,1,7584
1342,96,2,0,10656
1346,288,2,0,5664
1358,72,3,1,9900
1362,12,2,0,11376
1374,240,3,0,6528
1378,336,3,0,7392
1390,156,2,0,16440
1394,96,3,-1,7200
1406,288,2,0,3960
1422,84,3,-1,4278
1426,120,2,0,13056
1438,552,3,0,3768
1442,444,3,0,168
1454,168,2,0,432
1458,144,3,1,8784
1470,240,2,0,13248
1474,396,2,0,4608
1486,60,3,1,1920
1490,204,2,0,25008
1502,288,4,-1,1608
1506,444,5,1,3360
1518,60,2,0,12048
1522,120,3,-1,4608
1534,288,2,0,17856
1538,288,2,0,15264
1550,168,3,-1,2304
1554,132,2,0,3096
1566,456,5,-1,1440
1570,660,4,-1,3744
1582,72,2,0,1296
1586,144,3,1,7980
1602,228,2,0,13104
1614,60,3,1,9192
1618,168,2,0,4032
1630,840,3,0,15744
1634,288,3,0,6240
1646,192,2,0,5856
1650,108,3,-1,816
1662,120,2,0,8064
1666,180,2,0,13440
1678,72,3,-1,3840
1682,48,2,0,2592
1694,456,3,0,2568
1698,336,3,0,7512
1710,84,2,0,14976
1714,180,3,1,156
1726,240,2,0,3168
1730,384,2,0,4440
1742,120,3,1,20664
1746,120,2,0,1488
1758,504,4,1,6948
1762,768,4,0,2352
1774,84,2,0,12288
1778,96,3,-1,4800
1790,288,2,0,17760
1794,204,2,0,13824
1806,48,3,-1,3288
1810,84,2,0,15552
1822,588,6,1,2208
1826,792,4,1,10464
1838,144,2,0,144
1842,36,3,1,8928
1854,240,2,0,3168
1858,144,2,0,8400
1870,240,3,1,12078
1874,144,2,0,5472
1886,288,3,0,6432
1890,408,3,0,7860
1902,60,2,0,10272
1906,132,3,-1,504
1918,132,2,0,15648
1922,120,2,0,10368
1934,132,3,-1,6144
1938,108,2,0,11412
1950,264,3,0,6912
1954,540,3,0,1440
1966,180,2,0,18624
1970,180,3,1,22848
1982,516,2,0,2028
1986,192,2,0,10752
1998,36,3,1,8556
2002,132,2,0,12336
2014,660,4,-1,960
2018,444,4,0,1392
2030,120,2,0,16704
2034,72,3,-1,3840
2046,108,2,0,1776
2050,600,2,0,8280
2062,96,3,-1,2952
2066,120,2,0,20352
2078,552,4,0,3696
2082,192,4,-1,1272
2094,72,2,0,15360
2098,144,3,1,16680
2110,372,2,0,23376
2114,156,2,0,14400
2126,168,3,1,9888
2130,132,2,0,14640
2142,228,3,0,384
2146,576,3,0,1536
2158,216,2,0,3984
2174,252,2,0,23520
2178,276,2,0,13920
2190,96,3,-1,5712
2194,156,2,0,6720
2206,480,3,0,8640
2210,660,3,0,12672
2222,60,2,0,10704
2226,96,3,1,10440
2238,144,2,0,888
2242,180,2,0,17280
2254,156,3,1,2544
2258,48,2,0,10920
2270,1368,4,1,444
2274,420,6,-1,540
2286,0,2,0,9408
2290,156,3,-1,8880
2302,336,2,0,6528
2306,492,2,0,180
2318,48,3,-1,3720
2322,84,2,0,10608
2334,384,4,0,2976
2338,432,4,1,1680
2354,108,3,1,432
2366,312,2,0,15168
2370,192,2,0,12672
2382,72,3,1,10944
2386,228,2,0,24768
2398,384,3,0,5976
2402,612,3,0,10272
2414,168,2,0,6240
2418,84,3,-1,3168
2430,204,2,0,1704
2434,240,2,0,2400
2446,240,3,-1,504
2450,156,2,0,8856
2462,372,3,0,7488
2466,444,3,0,936
2478,60,2,0,9600
2482,72,3,1,3408
2494,168,2,0,14976
2498,180,2,0,14544
2510,120,3,1,15768
2514,132,2,0,16464
2526,408,4,-1,2340
2530,684,5,-1,1452
2542,144,2,0,19200
2546,48,3,-1,672
2558,192,2,0,5472
2562,132,2,0,7824
2574,84,3,-1,4368
2578,96,2,0,12096
2590,1104,5,1,96
2594,552,4,-1,660
2606,108,2,0,17664
2610,120,3,1,17520
2622,108,2,0,8088
2626,300,2,0,8496
2638,60,3,1,16176
2642,132,2,0,13824
2654,672,3,0,2544
2658,492,3,0,6480
2670,132,2,0,13128
2674,120,3,-1,3840
2686,228,2,0,20448
2690,204,2,0,18864
2702,120,3,-1,972
2706,60,2,0,10200
2718,108,3,0,5232
2722,552,3,0,8640
2734,132,2,0,6576
2738,132,3,1,6048
2750,336,2,0,21696
2754,240,2,0,2136
2766,108,3,1,14352
2770,204,2,0,6432
2782,480,4,1,6144
2786,372,4,0,3024
2798,96,2,0,15744
2802,84,3,-1,3648
2814,216,2,0,15360
2818,192,2,0,936
2830,120,3,-1,4992
2834,144,2,0,21120
2846,588,6,0,60
2850,552,4,1,10056
2862,48,2,0,13992
2866,84,3,1,15840
2878,276,2,0,1368
2882,192,2,0,5088
2894,84,3,1,1392
2898,60,2,0,6240
2910,276,3,0,7488
2926,60,2,0,12864
2930,144,3,-1,6336
2942,144,2,0,9792
2946,360,2,0,3936
2958,60,3,-1,3888
2962,108,2,0,14112
2974,528,3,0,9504
2978,348,3,0,6144
2990,348,2,0,14700
2994,120,3,1,15504
3006,108,2,0,9888
3010,324,2,0,19632
3022,144,3,1,510
3026,96,2,0,5568
3038,348,4,-1,2064
3042,324,4,0,2592
3054,72,2,0,528
3058,168,3,-1,2316
3070,264,2,0,19488
3074,192,2,0,18240
3086,96,3,-1,6528
3090,108,2,0,12432
3106,468,4,-1,2304
3118,132,2,0,12000
3122,96,3,1,14304
3134,312,2,0,4032
3138,252,2,0,10656
3150,120,3,1,11568
3154,216,2,0,3744
3166,828,3,0,4800
3170,936,3,0,4032
3182,144,2,0,11952
3186,96,3,-1,5892
3198,216,2,0,14484
3202,144,2,0,1440
3214,180,3,-1,7584
3218,72,2,0,2016
3230,528,3,0,11520
3234,324,3,0,5136
3246,96,2,0,1728
3250,84,3,1,2220
3262,132,2,0,12384
3266,228,2,0,1152
3278,180,3,1,1488
3282,84,2,0,13656
3294,300,4,1,5472
3298,624,5,0,2904
3310,240,2,0,7488
3314,144,3,-1,2304
3326,264,2,0,19104
3330,156,2,0,12912
3342,84,3,-1,33
3346,216,2,0,1236
3358,456,4,0,3456
3362,516,4,1,8160
3374,120,2,0,14400
3378,84,3,1,660
3390,276,2,0,19008
3394,216,2,0,16992
3406,60,3,1,16032
3410,96,2,0,19488
3422,516,3,0,3552
3426,216,3,0,6144
3438,60,2,0,10200
3442,108,3,-1,3648
3454,252,2,0,480
3458,276,2,0,4056
3470,84,3,-1,6960
3474,96,2,0,11712
3486,192,3,0,5040
3490,708,3,0,4704
3502,168,2,0,20496
3506,36,3,1,15360
3518,144,2,0,12096
3522,132,2,0,12048
3534,120,3,1,12312
3538,108,2,0,15168
3550,612,4,-1,3360
3554,684,5,1,864
3566,168,2,0,3696
3570,132,3,-1,3888
3582,84,2,0,10752
3586,168,2,0,13056
3598,156,3,-1,2208
3602,120,2,0,1800
3614,432,5,-1,1152
3618,480,4,-1,1980
3630,180,2,0,12480
3634,120,3,1,7104
3646,348,2,0,4320
3650,300,2,0,23040
3662,144,3,1,15600
3678,228,3,0,4152
3682,276,3,0,5760
3694,120,2,0,16416
3698,84,3,-1,4608
3710,240,2,0,6480
3714,228,2,0,10704
3726,132,3,-1,4248
3730,276,2,0,28656
3742,432,3,0,2016
3746,756,3,0,600
3758,36,2,0,15888
3762,36,3,1,8988
3774,288,2,0,576
3778,192,2,0,3696
3790,180,3,1,18264
3794,96,2,0,16128
3806,816,4,1,1728
3810,456,4,0,3840
3822,48,2,0,8832
3826,120,3,-1,5040
3838,156,2,0,2112
3842,216,2,0,16440
3858,108,2,0,11112
3870,660,5,0,2280
3874,480,4,1,9408
3886,192,2,0,4128
3890,252,3,1,6144
3902,72,2,0,648
3906,228,2,0,12384
3918,84,3,1,11808
3922,192,2,0,7464
3934,384,3,0,8064
3938,252,3,0,4320
3950,108,2,0,21120
3954,120,3,-1,39
3966,132,2,0,10032
3970,336,2,0,24000
3982,108,3,-1,4944
3986,84,2,0,14400
3998,660,3,0,2568
4002,396,3,0,816
4014,84,2,0,10560
4018,60,3,1,10224
4030,432,2,0,13056
4034,372,2,0,960
4046,108,3,1,2400
4050,108,2,0,13728
4062,192,4,-1,1380
4066,936,4,0,1920
4078,84,2,0,9216
4082,132,3,-1,6720
4094,180,2,0,17664
4098,156,2,0,9312
4110,72,3,-1,5208
4114,168,2,0,15168
4126,504,4,0,3936
4130,360,4,-1,2496
4142,84,2,0,4608
4146,156,3,1,2496
4158,108,2,0,7440
4162,156,2,0,11520
4174,180,3,1,2592
4178,240,2,0,8772
4190,552,3,0,528
4194,312,3,0,6624
4206,132,2,0,19656
4210,156,3,-1,1152
4222,228,2,0,16032
4226,228,2,0,20640
4238,120,3,-1,3780
4242,108,2,0,10656
4254,348,3,0,960
4258,324,3,0,6720
4270,156,2,0,23040
4274,120,3,1,13152
4286,384,2,0,288
4290,288,2,0,16632
4302,72,3,1,8856
4306,84,2,0,17664
4318,576,4,1,1560
4322,480,5,0,408
4334,156,2,0,21024
4338,132,3,-1,4488
4350,300,2,0,13584
4354,408,2,0,1704
4366,108,3,-1,528
4370,132,2,0,16224
4382,360,4,0,3240
4386,540,4,1,5700
4398,84,2,0,10272
4402,156,3,1,17808
4414,276,2,0,15744
4430,180,3,1,6408
4434,24,2,0,9792
4446,480,3,0,1920
4450,336,3,0,8544
4462,84,2,0,7680
4466,180,3,-1,1608
4478,312,2,0,19296
4482,72,2,0,8544
4494,84,3,-1,2796
4498,132,2,0,1440
4510,444,3,0,360
4514,672,3,0,12480
4526,120,2,0,10080
4530,180,3,1,23664
4542,228,2,0,13464
4546,228,2,0,2208
4558,96,3,1,21960
4562,84,2,0,10896
4574,744,4,-1,408
4578,264,5,-1,726
4590,108,2,0,2160
4594,168,3,-1,5568
4610,516,2,0,12048
4622,348,3,-1,42
4626,60,2,0,11376
4638,468,5,1,2880
4642,312,4,-1,552
4654,192,2,0,4464
4658,120,3,1,11712
4670,192,2,0,17424
4674,96,2,0,10560
4686,84,3,1,10896
4690,144,2,0,22848
4702,420,3,0,6864
4706,420,3,0,11136
4718,108,2,0,5136
4722,60,3,-1,2448
4734,156,2,0,13056
4738,276,2,0,15216
4750,204,3,-1,1968
4754,180,2,0,612
4766,372,3,0,7680
4770,396,3,0,7656
4782,72,2,0,9696
4786,252,3,1,912
4798,144,2,0,9984
4802,228,2,0,13440
4814,120,3,1,18864
4818,96,2,0,1404
4830,780,4,1,786
4834,372,4,0,3360
4846,132,2,0,240
4850,132,3,-1,600
4862,348,2,0,3504
4866,228,2,0,14016
4878,72,3,-1,3552
4882,144,2,0,13824
4894,1224,5,0,1416
4898,672,4,1,576
4910,204,2,0,20592
4914,120,3,1,8772
4926,252,2,0,14400
4930,408,2,0,8160
4942,48,3,1,9600
4946,216,2,0,3888
4958,288,3,0,6480
4962,288,3,0,6288
4974,144,2,0,14112
4978,132,3,-1,4968
4990,264,2,0,21792
4994,132,2,0,11616
5006,156,3,-1,1824
5010,168,2,0,18792
5022,192,3,0,4080
5026,492,3,0,8064
5038,72,2,0,3696
5042,204,3,1,7884
5054,216,2,0,3072
5058,120,2,0,480
5070,156,3,1,18192
5074,180,2,0,4608
5086,504,4,-1,2928
5090,900,4,0,5760
5102,180,2,0,22176
5106,36,3,-1,3312
5118,72,2,0,10920
5122,288,2,0,17280
5134,132,3,-1,4224
5138,120,2,0,12480
5150,900,4,0,2592
5154,612,4,-1,528
5166,96,2,0,18960
5182,360,2,0,3936
5186,264,2,0,4032
5198,72,3,1,9576
5202,84,2,0,11520
5214,336,3,0,5568
5218,480,3,0,3792
5230,144,2,0,19776
5234,156,3,-1,6816
5246,240,2,0,2784
5250,240,2,0,14196
5262,120,3,-1,3936
5266,72,2,0,10656
5278,408,3,0,7344
5282,168,3,0,5520
5294,192,2,0,336
5298,72,3,1,12756
5310,120,2,0,11232
5314,324,2,0,1824
5326,168,3,1,10752
5330,132,2,0,5856
5342,576,4,1,8592
5346,804,8,-1,2
5362,96,3,-1,1164
5374,264,2,0,1968
5378,168,2,0,11232
5390,120,3,-1,5688
5394,72,2,0,12672
5406,324,4,0,456
5410,708,4,1,10080
5422,108,2,0,13824
5426,108,3,1,21744
5438,456,2,0,6048
5442,132,2,0,10656
5454,132,3,1,2982
5458,60,2,0,13248
5470,648,3,0,936
5474,456,3,0,3864
5486,108,2,0,768
5490,144,3,-1,5112
5502,120,2,0,9576
5506,228,2,0,3528
5518,144,3,-1,7344
5522,120,2,0,1248
5534,300,3,0,7296
5538,276,3,0,4668
5550,144,2,0,14688
5554,144,3,1,3936
5566,252,2,0,16128
5570,432,2,0,3744
5582,120,3,1,5928
5586,36,2,0,11664
5598,216,4,-1,1680
5602,552,5,1,360
5614,132,2,0,3120
5618,96,3,-1,1104
5630,276,2,0,21120
5634,216,2,0,17616
5646,72,3,-1,672
5650,252,2,0,14520
5662,564,5,-1,1344
5666,348,4,-1,2112
5678,60,2,0,16896
5682,36,3,1,8232
5694,192,2,0,14688
5698,228,2,0,13056
5710,204,3,1,18336
5714,168,2,0,20736
5726,480,3,0,2160
5730,348,3,0,6192
5742,60,2,0,6696
5746,288,3,-1,1620
5758,300,2,0,4560
5762,348,2,0,5568
5774,168,3,-1,5952
5778,84,2,0,9936
5790,432,3,0,12312
5794,540,3,0,576
5806,96,2,0,672
5810,108,3,1,17460
5822,120,2,0,10752
5826,180,2,0,11808
5838,84,3,1,168
5842,96,2,0,12672
5854,804,4,1,1632
5858,612,4,0,4320
5870,168,2,0,1452
5874,72,3,-1,3984
5886,192,2,0,16320
5890,204,2,0,13152
5902,108,3,-1,1848
5906,144,2,0,7968
5918,336,6,-1,12
5934,96,2,0,10656
5938,240,3,1,4200
5950,204,2,0,18048
5954,192,2,0,2256
5966,84,3,1,16464
5970,144,2,0,1344
5982,168,3,0,4464
5986,348,3,0,11136
5998,96,2,0,14448
6002,132,3,-1,4080
6014,396,2,0,8280
6018,192,2,0,8448
6030,120,3,-1,4542
6034,36,2,0,10752
6046,564,3,0,288
6050,552,3,0,2592
6062,60,2,0,11712
6066,120,3,1,708
6078,144,2,0,11232
6082,384,2,0,8640
6094,96,3,1,11616
6098,96,2,0,13344
6114,480,4,0,2736
6126,96,2,0,14976
6130,132,3,-1,8544
6142,120,2,0,15264
6146,204,2,0,2304
6158,168,3,-1,174
6162,60,2,0,14016
6174,240,4,0,2376
6178,492,4,-1,2400
6190,228,2,0,996
6194,132,3,1,2112
6206,132,2,0,16800
6210,168,2,0,14760
6222,96,3,1,14796
6226,192,2,0,3840
6238,468,3,0,7200
6242,252,3,0,5568
6254,204,2,0,2496
6258,60,3,-1,3552
6270,192,2,0,13728
6274,324,2,0,18240
6286,84,3,-1,4512
6290,144,2,0,22656
6302,564,3,0,192
6306,288,3,0,6120
6318,48,2,0,9744
6322,84,3,1,15840
6334,648,2,0,8832
6338,216,2,0,8376
6350,264,3,1,26784
6354,144,2,0,336
6366,252,4,1,4248
6370,840,6,1,600
6382,84,2,0,15552
6386,144,3,-1,768
6398,60,2,0,11472
6402,132,2,0,9768
6414,48,3,-1,4608
6418,144,2,0,12000
6430,564,4,0,4704
6434,864,4,1,10560
6446,156,2,0,2088
6450,144,3,1,13644
6462,156,2,0,11040
6466,396,2,0,20640
6478,132,3,1,2304
6482,120,2,0,2640
6494,384,3,0,8064
6498,264,3,0,4704
6510,180,2,0,13920
6514,144,3,-1,2448
6526,204,2,0,20640
6530,384,2,0,24960
6542,24,3,-1,3840
6546,84,2,0,2472
6558,552,3,0,7860
6562,312,3,0,6048
6574,120,2,0,20448
6578,12,3,1,10704
6590,324,2,0,4032
6594,72,2,0,9552
6606,96,3,1,13632
6610,192,2,0,26688
6622,564,4,-1,1080
6626,480,5,-1,16
6638,132,2,0,15456
6642,156,3,-1,4128
6654,156,2,0,2040
6658,216,2,0,5424
6670,84,3,-1,6864
6686,672,5,1,4128
6690,600,4,-1,3096
6702,72,2,0,8784
6706,108,3,1,16416
6718,288,2,0,16032
6722,240,2,0,12384
6734,192,3,1,5376
6738,24,2,0,7500
6750,360,3,0,8256
6754,516,3,0,1368
6766,156,2,0,144
6770,300,3,-1,3612
6782,60,2,0,13440
6786,204,2,0,1272
6798,48,3,-1,3348
6802,96,2,0,3120
6814,432,3,0,7104
6818,408,3,0,6480
6830,120,2,0,21120
6834,120,3,1,9984
6846,168,2,0,3288
6850,264,2,0,14784
6866,324,2,0,24384
6878,600,4,1,2388
6882,456,4,0,3384
6894,108,2,0,13536
6898,48,3,-1,3744
6910,636,2,0,8736
6914,216,2,0,3648
6926,96,3,-1,4608
6930,36,2,0,540
6942,744,7,1,132
6946,1020,4,1,936
6958,48,2,0,9888
6962,72,3,1,12192
6974,264,2,0,1536
6978,276,2,0,15840
6990,96,3,1,14532
6994,324,2,0,30720
7006,708,3,0,9600
7010,468,3,0,8256
7022,156,2,0,3984
7026,60,3,-1,3648
7038,204,2,0,11208
7042,204,2,0,12288
7054,180,3,-1,576
7058,192,2,0,5232
7070,420,3,0,8928
7074,300,3,0,5472
7086,48,2,0,12480
7090,204,3,1,3510
7102,180,2,0,10464
7106,312,2,0,19296
7118,108,3,1,18096
7122,24,2,0,5400
7134,480,4,-1,2256
7138,564,4,0,624
7150,132,2,0,18696
7154,96,3,-1,1392
7166,276,2,0,1536
7170,324,2,0,3216
7182,72,3,-1,3840
7186,72,2,0,11520
7198,648,4,0,1248
7202,708,4,-1,1422
7214,84,2,0,14400
7218,144,3,1,13944
7230,168,2,0,15096
7234,384,2,0,4896
7246,144,3,1,3216
7250,168,2,0,1632
7262,360,3,0,7920
7266,348,3,0,5376
7278,108,2,0,12240
7282,72,3,-1,4320
7294,144,2,0,12960
7298,84,2,0,12696
7310,144,3,-1,3288
7314,84,2,0,15840
7326,264,3,0,5568
7330,684,3,0,13488
7342,84,2,0,3456
7346,228,3,1,1200
7358,336,2,0,21120
7362,72,2,0,8640
7374,96,3,1,13056
7378,180,2,0,6192
7390,636,4,1,9648
7394,684,5,0,2208
7406,60,2,0,10800
7410,168,3,-1,5568
7422,96,2,0,9072
7438,168,3,-1,4272
7442,132,2,0,17640
7454,1212,4,0,288
7458,228,4,1,3312
7470,108,2,0,19920
7474,84,3,1,13824
7486,372,2,0,6504
7490,492,2,0,2928
7502,108,3,1,11544
7506,108,2,0,13248
7518,180,3,0,3360
7522,408,3,0,48
7534,144,2,0,20736
7538,96,3,-1,4080
7550,384,2,0,1776
7554,192,2,0,3024
7566,144,3,-1,4560
7570,120,2,0,18192
7582,360,3,0,6144
7586,492,3,0,9216
7598,108,2,0,3600
7602,36,3,1,12864
7618,132,2,0,432
7630,240,3,1,7500
7634,156,2,0,6144
7646,528,4,-1,96
7650,894,5,1,183
7662,48,2,0,7104
7666,108,3,-1,1248
7678,360,2,0,20184
7682,204,2,0,12912
7694,144,3,-1,6384
7698,120,2,0,10656
7710,300,5,-1,840
7714,420,4,-1,2160
7726,180,2,0,2304
7730,108,3,1,18720
7742,360,2,0,8064
7746,144,2,0,1944
7758,36,3,1,36
7762,192,2,0,18144
7774,336,3,0,1680
7778,564,3,0,2112
7790,108,2,0,24480
7794,72,3,-1,3336
7806,252,2,0,18000
7810,384,2,0,9888
7822,108,3,-1,5184
7826,48,2,0,240
7838,252,3,0,5376
7842,180,3,0,4224
7854,84,2,0,2232
7858,72,3,1,14748
7870,384,2,0,20160
7874,276,2,0,18864
7886,168,3,1,4200
7890,84,2,0,16560
7902,552,4,1,6942
7906,396,4,0,3120
7918,228,2,0,8760
7922,180,3,-1,324
7934,180,2,0,144
7938,204,2,0,9984
7950,84,3,-1,6144
7954,312,2,0,4
7966,480,5,0,1824
7970,612,4,1,8328
7982,96,2,0,16128
7986,60,3,1,11664
7998,180,2,0,672
8002,156,2,0,15360
8014,120,3,1,19872
8018,48,2,0,10560
8030,684,3,0,3336
8034,468,3,0,7632
8046,48,2,0,1548
8050,108,3,-1,7248
8062,396,2,0,2520
8066,204,2,0,7296
8078,168,3,-1,4692
8082,60,2,0,9672
8094,444,3,0,8160
8098,516,3,0,2016
8110,156,2,0,17928
8114,120,3,1,16128
8126,312,2,0,17856
8130,240,2,0,16464
8142,84,3,1,10080
8146,108,2,0,3456
8158,360,4,-1,2460
8162,336,4,0,2520
8174,240,2,0,9984
8190,192,2,0,9984
8194,228,2,0,14208
8206,180,3,-1,1152
8210,240,2,0,6960
8222,372,4,0,2640
8226,396,4,-1,180
8238,72,2,0,1008
8242,180,3,1,7272
8254,288,2,0,2976
8258,156,2,0,12384
8270,108,3,1,17568
8274,108,2,0,14424
8286,324,3,0,7104
8290,588,3,0,11616
8302,84,2,0,10272
8306,96,3,-1,4464
8318,240,2,0,3048
8322,156,2,0,10272
8334,84,3,-1,3348
8338,132,2,0,15504
8350,840,3,0,5328
8354,600,3,0,456
8370,96,3,1,11040
8382,120,2,0,8640
8386,324,2,0,1440
8398,48,3,1,13392
8402,48,2,0,11520
8414,456,4,1,7296
8418,348,5,0,1212
8430,156,2,0,22392
8434,156,3,-1,6048
8446,168,2,0,3456
8450,456,2,0,27936
8462,168,3,-1,768
8466,96,2,0,13824
8478,336,4,0,2520
8482,504,4,1,7488
8494,108,2,0,4992
8498,192,3,1,6300
8510,468,2,0,4728
8514,180,2,0,12672
8526,72,3,1,576
8530,96,2,0,3264
8542,480,3,0,1152
8546,756,3,0,1728
8558,72,2,0,11136
8562,108,3,-1,5292
8574,168,2,0,13152
8578,228,2,0,12576
8590,300,3,-1,8256
8594,144,2,0,17280
8606,624,3,0,4368
8610,288,3,0,4896
8622,96,2,0,13296
8626,192,3,1,18720
8638,204,2,0,3528
8642,204,2,0,3264
8654,204,3,1,2976
8658,120,2,0,15312
8670,528,4,-1,2988
8674,684,5,-1,54
8686,48,2,0,17136
8690,156,3,-1,7584
8702,252,2,0,1464
8706,156,2,0,1584
8718,72,3,-1,2724
8722,84,2,0,768
8734,516,5,1,4128
8738,708,4,-1,384
8750,132,2,0,3792
8754,180,3,1,2592
8766,156,2,0,12864
8770,516,2,0,27024
8782,204,3,1,6960
8786,156,2,0,1536
8798,372,3,0,8256
8802,228,3,0,4296
8814,144,2,0,1008
8818,180,3,-1,1488
8830,276,2,0,15744
8834,204,2,0,13824
8846,168,3,-1,1608
8850,60,2,0,12768
8862,228,3,0,4800
8866,324,3,0,8160
8878,84,2,0,13440
8882,144,3,1,14784
8894,276,2,0,4896
8898,192,2,0,13632
8910,132,3,1,19014
8914,156,2,0,14592
8926,780,4,1,2784
8942,84,2,0,11616
8946,84,3,-1,624
8958,228,2,0,10752
8962,312,2,0,4032
8974,120,3,-1,6120
8978,108,2,0,13632
8990,480,5,0,2544
8994,600,4,1,6804
9006,60,2,0,9456
9010,252,3,1,23496
9022,216,2,0,15984
9026,180,2,0,11232
9038,288,3,1,8820
9042,108,2,0,11136
9054,372,3,0,1680
9058,288,3,0,5952
9070,132,2,0,4176
9074,144,3,-1,1344
9086,108,2,0,12096
9090,168,2,0,14160
9102,36,3,-1,3324
9106,276,2,0,11904
9122,612,3,0,9408
9134,120,2,0,18720
9138,84,3,1,7752
9150,240,2,0,16656
9154,264,2,0,4416
9166,72,3,1,13680
9170,120,2,0,720
9182,624,4,-1,504
9186,480,4,0,312
9198,84,2,0,11232
9202,24,3,-1,3552
9214,540,2,0,11520
9218,240,2,0,3792
9230,168,3,-1,5664
9234,108,2,0,13536
9246,444,4,0,624
9250,924,4,-1,1152
9262,60,2,0,14304
9266,168,3,1,18816
9278,120,2,0,10824
9282,108,2,0,11544
9294,96,3,1,1488
9298,96,2,0,13248
9310,372,3,0,7776
9314,288,3,0,7104
9326,228,2,0,1152
9330,144,3,-1,6144
9342,96,2,0,9528
9346,408,2,0,5400
9358,204,3,-1,120
9362,84,2,0,5328
9374,660,3,0,12672
9378,168,3,0,4800
9390,60,2,0,14400
9394,252,3,1,4212
9406,144,2,0,14208
9410,168,2,0,15840
9422,48,3,1,12168
9426,108,2,0,11328
9438,420,4,1,5328
9442,480,7,-1,336
9454,108,2,0,2640
9458,120,3,-1,5736
9470,540,2,0,14112
9474,216,2,0,11520
9486,96,3,-1,5184
9490,168,2,0,2688
9502,360,4,0,660
9506,696,4,1,1848
9518,84,2,0,11712
9522,156,3,1,1992
9534,264,2,0,13296
9538,168,2,0,4608
9550,156,3,1,29736
9554,144,2,0,3888
9566,348,3,0,6912
9570,420,3,0,8640
9582,72,2,0,11904
9586,84,3,-1,4584
9598,144,2,0,13440
9602,264,2,0,16320
9614,168,3,-1,1008
9618,48,2,0,8640
9630,264,3,0,5952
9634,396,3,0,7680
9646,240,2,0,1752
9650,48,3,1,4752
9662,216,2,0,13248
9666,384,2,0,16416
9678,108,3,1,10884
9694,432,4,-1,2736
9698,444,5,1,3456
9710,180,2,0,25344
9714,72,3,-1,4320
9726,276,2,0,12864
9730,240,2,0,18000
9742,156,3,-1,6048
9746,96,2,0,2496
9758,672,5,-1,120
9762,168,4,-1,1224
9774,72,2,0,11616
9778,108,3,1,14112
9790,276,2,0,5184
9794,492,2,0,11616
9806,84,3,1,18120
9810,108,2,0,17700
9822,276,3,0,6792
9826,396,3,0,1728
9838,120,2,0,12384
9842,60,3,-1,3264
9854,360,2,0,1008
9858,156,2,0,11808
9874,108,2,0,19008
9886,480,3,0,9408
9890,576,3,0,10752
9902,144,2,0,5664
9906,144,3,1,14604
9918,108,2,0,14208
9922,168,2,0,10752
9934,156,3,1,3984
9938,276,2,0,3792
9950,624,4,1,8460
9954,540,4,0,480
9966,84,2,0,11280
9970,348,3,-1,264
9982,120,2,0,10656
9986,288,2,0,19152
9998,60,3,-1,4080
10002,36,2,0,10488
10014,276,6,1,1236
10018,684,4,1,7872
10030,240,2,0,33792
10034,108,3,1,16224
10046,264,2,0,648
10050,252,2,0,15648
10062,60,3,1,11472
10066,144,2,0,13440
10078,948,3,0,720
10082,396,3,0,720
10094,132,2,0,15360
10098,12,3,-1,2592
10110,228,2,0,2016
10114,504,2,0,6528
10126,72,3,-1,3600
10130,168,2,0,432
10142,420,3,0,6600
10146,276,3,0,192
10158,48,2,0,11472
10162,84,3,1,10656
10174,180,2,0,1152
10178,168,2,0,12000
10190,228,3,1,6624
10194,24,2,0,7392
10206,336,4,-1,1656
10210,696,4,0,5472
10222,144,2,0,3456
10226,312,3,-1,4032
10238,180,2,0,11520
10242,192,2,0,10080
10254,132,3,-1,78
10258,180,2,0,3300
10270,876,4,0,6912
10274,540,4,-1,288
10286,60,2,0,13824
10290,108,3,1,14244
10302,180,2,0,528
10306,216,2,0,2112
10318,48,3,1,9936
10322,132,2,0,13104
10334,684,3,0,3888
10338,216,3,0,6528
10350,72,2,0,11712
10354,168,3,-1,1104
10366,420,2,0,5976
10370,180,2,0,3384
10382,192,3,-1,7992
10386,36,2,0,13488
10398,168,3,0,192
10402,732,3,0,3912
10414,144,2,0,16128
10418,204,3,1,17280
10430,360,2,0,23520
10446,84,3,1,3024
10450,120,2,0,19152
10462,552,4,1,6576
10466,564,6,-1,600
10478,156,2,0,4032
10482,72,3,-1,3312
10494,216,2,0,13920
10498,264,2,0,17184
10510,120,3,-1,69
10514,156,2,0,4800
10526,432,4,0,3456
10530,696,4,1,9384
10542,48,2,0,9072
10546,156,3,1,720
10558,132,2,0,11760
10562,252,2,0,19968
10574,192,3,1,15072
10578,96,2,0,13104
10590,492,3,0,9240
10594,444,3,0,8064
10606,120,2,0,20640
10610,180,3,-1,6288
10626,156,2,0,9840
10638,60,3,-1,264
10642,156,2,0,16800
10654,636,3,0,144
10658,468,3,0,240
10670,96,2,0,17664
10674,144,3,1,17784
10686,240,2,0,12552
10690,432,2,0,5520
10702,108,3,1,1584
10706,108,2,0,13440
10718,480,4,-1,2976
10722,288,5,-1,936
10734,84,2,0,12576
10738,132,3,-1,4752
10750,216,2,0,17856
10754,408,2,0,3120
10766,264,3,-1,2448
10770,120,2,0,13344
10782,372,5,1,2592
10786,504,4,-1,2736
10798,108,2,0,4824
10802,72,3,1,3360
10814,252,2,0,17184
10818,132,2,0,7320
10830,60,3,1,12228
10834,192,2,0,6912
10846,408,3,0,1656
10850,516,3,0,9912
10862,156,2,0,1728
10866,48,3,-1,4824
10878,132,2,0,9120
10882,240,2,0,11664
10894,156,3,-1,1320
10898,108,2,0,14784
10910,684,3,0,2448
10914,660,3,0,11376
10926,72,2,0,14496
10930,96,3,1,1512
10942,408,2,0,7488
10946,456,2,0,1728
10958,120,3,1,13656
10962,108,2,0,8064
10974,276,4,1,6048
10978,600,4,0,480
10990,120,2,0,20160
10994,108,3,-1,4368
11006,252,2,0,19200
11010,228,2,0,14928
11022,72,3,-1,2814
11026,132,2,0,21312
11038,384,8,0,192
11042,600,4,1,7296
11054,240,2,0,144
11058,120,3,1,1608
11070,420,2,0,19224
11074,108,2,0,12768
11086,144,3,1,7200
11090,180,2,0,1296
11102,216,3,0,5472
11106,228,3,0,4704
11118,108,2,0,9408
11122,156,3,-1,132
11134,180,2,0,12192
11138,168,2,0,14976
11150,156,3,-1,6900
11154,84,2,0,2268
11166,408,3,0,8256
11170,588,3,0,9504
11182,108,2,0,9216
11198,336,2,0,6408
11202,108,2,0,9600
11214,72,3,1,10296
11218,120,2,0,13344
11230,624,4,-1,792
11234,636,4,0,1224
11246,120,2,0,2496
11250,144,3,-1,6288
11262,156,2,0,720
11266,372,2,0,7704
11278,60,3,-1,5760
11282,36,2,0,16224
11294,564,4,0,3456
11298,276,4,-1,1536
11310,84,2,0,19008
11314,96,3,1,12576
11326,252,2,0,13536
11330,300,2,0,20544
11342,108,3,1,3504
11346,96,2,0,3072
11358,168,3,0,4368
11362,324,3,0,7104
11378,168,3,-1,42
11390,240,2,0,19080
11394,144,2,0,384
11406,36,3,-1,3936
11410,120,2,0,4800
11422,492,3,0,9360
11426,384,3,0,8160
11438,108,2,0,11904
11442,36,3,1,8604
11454,132,2,0,1704
11458,384,2,0,19056
11470,96,3,1,13368
11474,96,2,0,21024
11486,984,4,1,3552
11490,432,5,0,1584
11502,144,2,0,15168
11506,84,3,-1,5760
11518,180,2,0,4224
11522,240,2,0,5760
11534,108,3,-1,4608
11538,84,2,0,10656
11550,348,4,0,3456
11554,516,4,1,384
11566,84,2,0,14208
11570,192,3,1,29448
11582,228,2,0,13776
11586,168,2,0,13824
11598,144,3,1,15564
11602,108,2,0,432
11614,468,3,0,11520
11618,372,3,0,7440
11630,204,2,0,8580
11634,48,3,-1,3780
11646,168,2,0,216
11650,312,2,0,21024
11662,48,3,-1,948
11666,108,2,0,3456
11678,552,3,0,1008
11682,348,3,0,5400
11694,12,2,0,12000
11698,168,3,1,7020
11710,360,2,0,24768
11714,228,2,0,12480
11726,240,3,1,19008
11730,144,2,0,15768
11742,204,4,-1,1284
11746,672,5,1,708
11758,156,2,0,12384
11762,96,3,-1,4368
11774,204,2,0,4128
11778,72,2,0,9792
11790,144,3,-1,5784
11794,108,2,0,20928
11806,504,5,-1,456
11810,1356,4,-1,1728
11822,156,2,0,15552
11826,72,3,1,12912
11838,168,2,0,13056
11842,216,2,0,24
11854,144,3,1,3576
11858,24,2,0,10224
11870,456,3,0,9792
11874,348,3,0,912
11886,72,2,0,9840
11890,120,3,-1,7056
11902,252,2,0,14640
11906,348,2,0,18912
11918,156,3,-1,1440
11922,60,2,0,8544
11934,408,3,0,7392
11950,192,2,0,3888
11954,228,3,1,1560
11966,168,2,0,17664
11970,240,2,0,17856
11982,60,3,1,10008
11986,204,2,0,4608
11998,228,4,1,4272
12002,540,4,0,4224
12014,144,2,0,19776
12018,108,3,-1,4086
12030,252,2,0,16704
12034,348,2,0,19968
12046,216,3,-1,1128
12050,156,2,0,14112
12062,720,5,0,1056
12066,432,4,1,5088
12078,48,2,0,8832
12082,144,3,1,14592
12094,252,2,0,4176
12098,360,2,0,3456
12110,60,3,1,1860
12114,96,2,0,10848
12130,816,3,0,4800
12142,48,2,0,14016
12146,204,3,-1,1152
12158,312,2,0,18048
12162,192,2,0,9816
12174,108,3,-1,4560
12178,72,2,0,11328
12190,588,3,0,9648
12194,372,3,0,6336
12206,180,2,0,4608
12210,36,3,1,14808
12222,120,2,0,7776
12226,240,2,0,17568
12238,120,3,1,7560
12242,228,2,0,6288
12254,540,4,-1,408
12258,444,4,0,2556
12270,132,2,0,14748
12274,216,3,-1,300
12286,252,2,0,21888
12290,192,2,0,18144
12302,48,3,-1,3168
12306,72,2,0,12096
12318,636,4,0,4032
12322,432,4,-1,2688
12334,24,2,0,12480
12338,60,3,1,11424
12350,468,2,0,3552
12354,144,2,0,588
12366,84,3,1,11544
12370,312,2,0,21792
12382,516,3,0,3120
12386,504,3,0,3648
12398,84,2,0,12960
12402,168,3,-1,4032
12414,132,2,0,8064
12418,228,2,0,144
12430,216,3,-1,960
12434,276,2,0,25344
12446,480,3,0,1800
12450,324,3,0,6264
12462,60,2,0,1344
12466,48,3,1,15360
12478,216,2,0,12960
12482,216,2,0,11520
12494,252,3,1,8460
12498,72,2,0,12600
12510,660,4,1,9024
12514,780,5,0,2880
12526,144,2,0,4128
12530,108,3,-1,1080
12542,240,2,0,13056
12546,132,2,0,1728
12558,60,3,-1,3060
12562,132,2,0,5988
12574,600,4,0,288
12578,540,4,1,8424
12590,180,2,0,22992
12594,156,3,1,1800
12606,96,2,0,11136
12610,324,2,0,22032
12622,72,3,1,14304
12626,84,2,0,2304
12638,420,3,0,1584
12642,144,3,0,3960
12654,108,2,0,3576
12658,108,3,-1,648
12670,492,2,0,9756
12674,348,2,0,1296
12686,120,3,-1,5856
12702,168,3,0,4416
12706,1044,3,0,240
12718,144,2,0,19968
12722,84,3,1,12816
12734,276,2,0,18624
12738,108,2,0,10080
12750,108,3,1,13824
12754,72,2,0,1728
12766,540,4,-1,2592
12770,792,5,-1,1920
12782,120,2,0,4224
12786,84,3,-1,4152
12798,240,2,0,11616
12802,240,2,0,192
12814,108,3,-1,1344
12818,144,2,0,8856
12830,828,5,1,6360
12834,276,4,-1,1344
12846,240,2,0,4104
12850,252,3,1,5508
12862,168,2,0,12912
12866,228,2,0,14208
12882,60,2,0,8640
12894,288,3,0,6000
12898,264,3,0,4896
12910,132,2,0,21024
12914,156,3,-1,7296
12926,372,2,0,6768
12930,276,2,0,21936
12942,120,3,-1,3576
12946,96,2,0,3648
12958,456,3,0,132
12962,480,3,0,2016
12974,84,2,0,576
12978,36,3,1,8748
12990,228,2,0,16416
12994,240,2,0,6912
13006,156,3,1,17472
13010,132,2,0,15936
13022,696,4,1,8640
13026,468,4,0,3696
13038,36,2,0,7164
13042,120,3,-1,5568
13054,336,2,0,4224
13058,276,2,0,1272
13070,324,3,-1,2946
13074,48,2,0,10848
13086,324,5,0,1488
13090,600,4,1,7056
13102,132,2,0,5760
13106,60,3,1,4032
13118,132,2,0,10872
13122,192,2,0,10320
13134,108,3,1,13056
13138,156,2,0,6816
13150,540,3,0,552
13154,588,3,0,2496
13166,216,2,0,20160
13170,60,3,-1,3504
13182,180,2,0,14208
13186,192,2,0,12096
13198,96,3,-1,4368
13202,168,2,0,16416
13214,540,3,0,336
13218,288,3,0,7104
13230,132,2,0,12072
13234,132,3,1,17088
13246,456,2,0,8
13250,696,2,0,13056
13262,60,3,1,11904
13266,36,2,0,12936
13278,408,4,-1,1872
13282,528,4,0,648
13294,132,2,0,18288
13298,144,3,-1,4416
13310,216,2,0,12456
13314,144,2,0,9936
13326,60,3,-1,4368
13330,180,2,0,27216
13342,360,4,0,3264
13346,492,4,-1,624
13358,84,2,0,7896
13362,156,3,1,10680
13374,228,2,0,12288
13378,324,2,0,17112
13390,216,3,1,6780
13394,132,2,0,3840
13406,648,3,0,960
13410,516,3,0,1368
13422,96,2,0,11952
13426,240,3,-1,2880
13438,180,2,0,768
13454,120,3,-1,768
13458,12,2,0,7536
13470,288,3,0,5184
13474,396,3,0,9888
13486,96,2,0,12576
13490,216,3,1,22944
13502,252,2,0,3192
13506,228,2,0,12288
13518,72,3,1,11496
13522,120,2,0,15360
13534,936,4,1,4572
13538,576,6,0,240
13550,96,2,0,18240
13554,84,3,-1,1224
13566,120,2,0,11520
13570,360,2,0,1440
13582,60,3,-1,3360
13586,132,2,0,14976
13598,384,4,0,3408
13602,516,4,1,6960
13614,108,2,0,14016
13618,24,3,1,10608
13634,264,2,0,1248
13646,144,3,1,180
13650,108,2,0,16344
13662,204,3,0,3792
13666,420,3,0,9600
13678,108,2,0,3888
13682,180,3,-1,2448
13694,384,2,0,18432
13698,144,2,0,10224
13710,192,3,-1,6288
13714,108,2,0,4104
13726,636,3,0,11616
13730,348,3,0,9216
13742,96,2,0,13872
13746,156,3,1,2232
13758,96,2,0,7848
13762,216,2,0,12672
13774,144,3,1,20448
13778,60,2,0,11328
13790,1188,4,-1,1716
13794,348,5,1,2316
13806,108,2,0,13248
13810,180,3,-1,6048
13822,228,2,0,2568
13826,360,2,0,4656
13838,120,3,-1,6444
13842,60,2,0,10656
13854,456,5,-1,204
13858,744,4,-1,1596
13870,108,2,0,16896
13874,60,3,1,13536
13886,216,2,0,15456
13890,168,2,0,16896
13902,36,3,1,9480
13906,156,2,0,16896
13918,264,3,0,5664
13922,516,3,0,7392
13934,180,2,0,2880
13938,108,3,-1,4344
13950,276,2,0,18888
13954,204,2,0,2616
13966,192,3,-1,2808
13970,264,2,0,1296
13982,360,3,0,7488
13986,240,3,0,4992
13998,72,2,0,1680
14002,144,3,1,3936
14014,180,2,0,16800
14018,180,2,0,12048
14030,132,3,1,3048
14034,60,2,0,18624
14046,516,4,1,90
14050,636,4,0,4512
14062,84,2,0,20352
14066,120,3,-1,5472
14078,300,2,0,5136
14082,276,2,0,768
14094,48,3,-1,2700
14098,120,2,0,108
14110,936,6,-1,336
14114,792,4,1,3384
14126,156,2,0,16800
14130,72,3,1,11760
14142,132,2,0,120
14146,336,2,0,768
14158,60,3,1,168
14162,84,2,0,18144
14174,408,3,0,7824
14178,180,3,0,5328
14190,72,2,0,13824
14206,180,2,0,14784
14210,432,2,0,25728
14222,168,3,-1,2424
14226,108,2,0,1488
14238,252,3,0,4416
14242,216,3,0,5088
14254,180,2,0,768
14258,144,3,1,4248
14270,336,2,0,19296
14274,312,2,0,16704
14286,36,3,1,11568
14290,204,2,0,9408
14302,516,4,-1,2904
14306,444,4,0,192
14318,108,2,0,17088
14322,36,3,-1,2112
14334,288,2,0,16992
14338,144,2,0,12672
14350,96,3,-1,6048
14354,84,2,0,2304
14366,576,4,0,912
14370,564,4,-1,3348
14386,180,3,1,23832
14398,372,2,0,8136
14402,204,2,0,3000
14414,252,3,1,24912
14418,72,2,0,9408
14430,300,3,0,7800
14434,564,3,0,2592
14446,120,2,0,3840
14450,156,3,-1,9072
14462,120,2,0,10704
14466,168,2,0,10848
14478,72,3,-1,3288
14482,120,2,0,14832
14494,384,3,0,7872
14498,372,3,0,6624
14510,204,2,0,768
14514,48,3,1,10440
14526,48,2,0,13248
14530,348,2,0,1536
14542,180,3,1,1152
14546,300,2,0,1512
14558,444,4,1,5400
14562,564,6,1,1800
14574,72,2,0,8736
14578,168,3,-1,1152
14590,276,2,0,18096
14594,324,2,0,1056
14606,144,3,-1,6240
14610,180,2,0,18936
14622,348,4,0,3072
14626,468,4,1,6672
14638,120,2,0,17856
14642,84,3,1,13728
14654,432,2,0,2208
14658,132,2,0,8268
14670,180,3,1,20340
14674,144,2,0,15936
14686,324,3,0,1728
14690,588,3,0,2448
14702,60,2,0,12960
14706,84,3,-1,4320
14718,156,2,0,8160
14722,384,2,0,10512
14734,120,3,-1,5688
14738,108,2,0,10752
14750,552,3,0,10944
14754,324,3,0,12
14766,12,2,0,9552
14770,180,3,1,20940
14782,180,2,0,2016
14786,300,2,0,19008
14798,96,3,1,2592
14802,48,2,0,9216
14814,444,4,-1,432
14818,468,5,-1,1296
14830,180,2,0,8592
14834,108,3,-1,1728
14846,372,2,0,5952
14850,216,2,0,11616
14862,96,3,-1,3960
14866,108,2,0,3024
14878,408,5,1,3192
14882,324,4,-1,2016
14894,48,2,0,18432
14898,132,3,1,12240
14910,240,2,0,12600
14914,300,2,0,16704
14926,120,3,1,16896
14930,144,2,0,17376
14942,516,3,0,720
14958,84,2,0,15552
14962,48,3,-1,3900
14974,348,2,0,5712
14978,276,2,0,792
14990,48,3,-1,5148
14994,96,2,0,1128
15006,324,3,0,6048
15010,552,3,0,336
15022,96,2,0,13800
15026,96,3,1,12864
15038,228,2,0,14592
15042,228,2,0,12720
15054,180,3,1,3468
15058,84,2,0,13440
15070,1020,4,1,9984
15074,444,4,0,5184
15086,144,2,0,8736
15090,60,3,-1,204
15102,84,2,0,8592
15106,240,2,0,13200
15118,120,3,-1,1152
15122,84,2,0,3312
15138,390,4,1,96
15150,108,2,0,16608
15154,324,3,1,2742
15166,264,2,0,12960
15170,336,2,0,21360
15182,72,3,1,14928
15186,60,2,0,10512
15198,288,3,0,6912
15202,360,3,0,6912
15214,72,2,0,11520
15218,132,3,-1,4176
15230,372,2,0,5568
15234,144,2,0,12192
15246,84,3,-1,552
15250,168,2,0,20160
15262,408,3,0,3360
15266,888,3,0,1944
15278,144,2,0,11520
15282,144,3,1,11412
15294,204,2,0,14400
15298,252,2,0,3456
15310,192,3,1,24192
15314,192,2,0,22464
15326,312,4,-1,2160
15330,336,4,0,3528
15342,24,2,0,8064
15346,180,3,-1,1344
15358,264,2,0,15552
15362,132,2,0,9120
15374,240,3,-1,2112
15378,84,2,0,12480
15390,288,4,0,3168
15394,288,4,-1,2016
15406,132,2,0,5088
15410,180,3,1,8976
15422,132,2,0,15840
15426,132,2,0,14784
15438,24,3,1,8952
15442,168,2,0,3168
15454,396,3,0,1152
15458,348,3,0,5760
15470,108,2,0,21768
15474,72,3,-1,2808
15486,336,2,0,14208
15490,612,2,0,36288
15502,156,3,-1,4440
15506,120,2,0,24960
15518,636,3,0,3576
15522,120,3,0,4800
15534,60,2,0,15264
15538,84,3,1,14688
15550,420,2,0,5424
15554,444,2,0,1056
15566,156,3,1,336
15570,36,2,0,10416
15582,372,4,1,5898
15586,840,5,0,912
15598,84,2,0,1584
15602,144,3,-1,4320
15614,156,2,0,192
15618,180,2,0,11424
15630,192,3,-1,6432
15634,108,2,0,14496
15646,792,4,0,1152
15650,840,4,1,9288
15662,144,2,0,276
15666,96,3,1,10944
15678,132,2,0,8640
15682,288,2,0,16512
15694,72,3,1,6048
15710,840,3,0,13824
15714,384,3,0,6240
15726,108,2,0,12864
15730,144,3,-1,2736
15742,240,2,0,16320
15746,144,2,0,2400
15758,96,3,-1,4896
15762,144,2,0,1680
15774,252,3,0,5040
15778,348,3,0,6432
15790,144,2,0,21600
15794,180,3,1,1896
15806,252,2,0,4704
15810,180,2,0,13632
15822,84,3,1,9696
15826,168,2,0,17280
15838,624,4,-1,372
15842,840,5,1,2160
15854,132,2,0,3888
15858,60,3,-1,3792
15870,144,2,0,16416
15874,264,2,0,4032
15890,108,2,0,14304
15902,468,5,-1,1392
15906,348,4,-1,2136
15918,36,2,0,7632
15922,84,3,1,14400
15934,168,2,0,11520
15938,276,2,0,18144
15950,132,3,1,6798
15954,204,2,0,3120
15966,348,3,0,7104
15970,432,3,0,10176
15982,288,2,0,408
15986,120,3,-1,36
15998,252,2,0,16032
16002,84,2,0,7152
16014,84,3,-1,4512
16018,132,2,0,6048
16030,360,3,0,8016
16034,336,3,0,8736
16046,108,2,0,2304
16050,180,3,1,22464
16062,108,2,0,12528
16066,276,2,0,19008
16078,132,3,1,14280
16082,72,2,0,9984
16094,1044,4,1,2736
16098,288,4,0,1824
16110,96,2,0,1092
16114,108,3,-1,6336
16126,468,2,0,7584
16130,348,2,0,8256
16142,72,3,-1,3144
16146,108,2,0,2448
16158,348,5,0,1248
16162,936,4,1,840
16174,84,2,0,960
16178,96,3,1,17208
16190,540,2,0,30144
16194,132,2,0,10992
16206,48,3,1,13320
16210,168,2,0,18048
16222,180,3,0,4344
16226,180,3,0,6144
16238,84,2,0,2304
16242,84,3,-1,3624
16254,192,2,0,1632
16258,144,2,0,12624
16270,240,3,-1,2784
16274,156,2,0,6336
16286,360,3,0,6240
16290,408,3,0,7920
16302,120,2,0,12540
16306,132,3,1,3780
16318,276,2,0,17280
16322,216,2,0,16128
16334,180,3,1,22080
16338,60,2,0,552
16350,588,4,-1,300
16354,816,4,0,960
16366,192,2,0,16896
16370,144,3,-1,7680
16382,396,2,0,960
16386,300,2,0,19296
16398,96,3,-1,2652
16402,72,2,0,13536
16414,876,4,0,1536
16418,432,4,-1,462
16430,228,2,0,23424
16434,36,3,1,10080
16446,264,2,0,216
16462,48,3,1,12912
16466,120,2,0,1920
16478,264,3,0,4992
16482,336,3,0,5088
16494,48,2,0,10080
16498,120,3,-1,5832
16510,300,2,0,18576
16514,324,2,0,15840
16526,240,3,-1,2136
16530,156,2,0,12828
16542,444,3,0,7944
16546,672,3,0,240
16558,108,2,0,5184
16562,144,3,1,1200
16574,228,2,0,15552
16578,180,2,0,1440
16590,48,3,1,12336
16594,156,2,0,4992
16606,552,4,1,10128
16610,816,5,0,2880
16622,84,2,0,12096
16626,120,3,-1,4128
16642,156,2,0,11520
16654,156,3,-1,1392
16658,192,2,0,16320
16670,744,4,0,1392
16674,528,4,1,7380
16686,108,2,0,13824
16690,72,3,1,15600
16702,264,2,0,4320
16706,276,2,0,5808
16718,132,3,1,14832
16722,96,2,0,10656
16734,288,3,0,4512
16738,648,3,0,2304
16750,180,2,0,23616
16754,156,3,-1,816
16766,288,2,0,17712
16770,204,2,0,16080
16782,72,3,-1,3240
16786,108,2,0,1056
16798,276,3,0,6720
16802,480,3,0,7392
16814,192,2,0,6912
16818,84,3,1,7848
16830,216,2,0,19344
16834,240,2,0,17472
16846,84,3,1,756
16850,324,2,0,7956
16862,420,4,-1,2352
16866,408,5,-1,864
16878,24,2,0,16428
16882,108,3,-1,1956
16894,276,2,0,17376
16898,132,2,0,13920
16910,144,3,-1,5376
16914,180,2,0,13824
16926,372,5,1,2424
16930,684,4,-1,288
16942,204,2,0,16128
16946,108,3,1,5256
16958,192,2,0,3264
16962,288,2,0,10608
16974,156,3,1,16128
16978,60,2,0,12384
16990,816,3,0,5376
16994,420,3,0,2496
17006,36,2,0,11232
17010,168,3,-1,5616
17022,84,2,0,12240
17026,324,2,0,6144
17038,48,3,-1,240
17042,120,2,0,10080
17054,600,3,0,2160
17058,168,3,0,5040
17070,108,2,0,14400
17074,132,3,1,468
17086,192,2,0,12384
17090,276,2,0,20448
17102,276,3,1,7116
17106,60,2,0,12960
17118,420,4,1,5616
17122,288,4,0,2760
17134,216,2,0,240
17138,120,3,-1,2184
17150,276,2,0,19488
17154,132,2,0,2160
17166,72,3,-1,408
17170,324,2,0,7200
17182,312,5,0,1176
17186,636,4,1,10320
17198,96,2,0,14256
17214,144,2,0,12912
17218,192,2,0,14832
17230,240,3,1,20376
17234,36,2,0,11232
17246,1056,3,0,1008
17250,516,3,0,7008
17262,60,2,0,9216
17266,84,3,-1,4320
17278,240,2,0,2736
17282,384,2,0,4800
17294,96,3,-1,4944
17298,144,2,0,11808
17310,468,3,0,10056
17314,504,3,0,3072
17326,156,2,0,20736
17330,180,3,1,2472
17342,240,2,0,13440
17346,204,2,0,2304
17358,72,3,1,9480
17362,120,2,0,2208
17374,432,4,-1,3120
17378,312,4,0,3264
17394,96,3,-1,6144
17406,180,2,0,11088
17410,444,2,0,28032
17422,240,3,-1,2910
17426,72,2,0,5088
17438,432,4,0,3648
17442,264,4,-1,1764
17454,48,2,0,1680
17458,36,3,1,768
17470,300,2,0,19584
17474,168,2,0,15456
17486,168,3,1,19152
17490,132,2,0,15024
17502,216,3,0,4224
17506,648,3,0,10704
17518,48,2,0,11616
17522,132,3,-1,5040
17534,396,2,0,1632
17538,132,2,0,9552
17550,144,3,-1,51
17554,132,2,0,5184
17566,648,3,0,2304
17570,792,3,0,5088
17582,48,2,0,120
17586,36,3,1,11040
17598,156,2,0,9360
17602,288,2,0,3768
17614,84,3,1,14112
17618,120,2,0,816
17630,708,4,1,8292
17634,348,6,0,864
17646,156,2,0,648
17650,84,3,-1,4896
17662,264,2,0,18432
17666,216,2,0,15360
17678,84,3,-1,2088
17682,0,2,0,9036
17694,372,4,0,2880
17698,576,4,1,7776
17710,192,2,0,4056
17714,168,3,1,4296
17726,216,2,0,14208
17730,288,2,0,16872
17742,48,3,1,264
17746,216,2,0,1476
17758,444,3,0,11424
17762,264,3,0,5136
17774,156,2,0,1248
17778,48,3,-1,3792
17790,240,2,0,14496
17794,156,2,0,12672
17806,84,3,-1,5376
17810,156,2,0,21888
17822,216,3,0,1236
17826,228,3,0,4848
17838,48,2,0,9648
17842,96,3,1,16056
17854,444,2,0,1728
17858,324,2,0,1632
17870,168,3,1,24360
17874,60,2,0,9792
17886,348,4,-1,2268
17890,1332,5,1,2016
17902,96,2,0,8832
17906,168,3,-1,5664
17918,132,2,0,180
17922,132,2,0,9696
17934,96,3,-1,4368
17938,108,2,0,10128
17950,1020,5,-1,312
17966,180,2,0,5184
17970,108,3,1,16344
17982,216,2,0,11424
17986,228,2,0,16896
17998,240,3,1,7008
18002,108,2,0,5472
18014,252,3,0,6624
18018,312,3,0,6264
18030,72,2,0,15168
18034,108,3,-1,1152
18046,252,2,0,2400
18050,240,2,0,17280
18062,96,3,-1,240
18066,84,2,0,14208
18078,276,3,0,3984
18082,576,3,0,9336
18094,96,2,0,17856
18098,96,3,1,10416
18110,372,2,0,10440
18114,216,2,0,2400
18126,96,3,1,9720
18130,204,2,0,21600
18146,912,4,0,36
18158,84,2,0,16128
18162,24,3,-1,3096
18174,216,2,0,14208
18178,204,2,0,6048
18190,156,3,-1,8064
18194,96,2,0,17712
18206,636,6,1,2304
18210,468,4,1,6420
18222,168,2,0,12300
18226,144,3,1,22272
18238,180,2,0,10944
18242,288,2,0,14976
18254,132,3,1,504
18258,120,2,0,12816
18270,480,3,0,7776
18274,336,3,0,5952
18286,84,2,0,8976
18290,144,3,-1,2352
18302,156,2,0,14880
18306,228,2,0,17088
18318,96,3,-1,3984
18322,120,2,0,4992
18334,408,3,0,7488
18338,444,3,0,6528
18350,192,2,0,22752
18354,48,3,1,1584
18366,312,2,0,1344
18370,144,2,0,15120
18382,48,3,1,936
18386,60,2,0,14592
18398,432,4,-1,672
18402,528,4,0,336
18414,48,2,0,11760
18418,156,3,-1,6048
18430,432,2,0,1680
18434,420,2,0,8424
18446,168,3,-1,1200
18450,84,2,0,13920
18462,360,4,0,2640
18466,756,4,-1,684
18478,180,2,0,14784
18482,120,3,1,720
18494,216,2,0,16224
18498,84,2,0,10512
18510,168,3,1,12912
18514,108,2,0,18720
18526,300,3,0,6720
18530,480,3,0,11280
18542,156,2,0,8400
18546,36,3,-1,528
18558,156,2,0,12480
18562,156,2,0,11664
18574,180,3,-1,1344
18578,72,2,0,2880
18590,672,3,0,13344
18594,384,3,0,6720
18606,96,2,0,9024
18610,192,3,1,10296
18622,168,2,0,15360
18626,324,2,0,17952
18638,72,3,1,12408
18642,72,2,0,10584
18654,432,4,1,1500
18658,480,6,-1,504
18670,168,2,0,22848
18674,156,3,-1,5760
18686,312,2,0,4056
18690,168,2,0,14688
18702,96,3,-1,492
18718,576,4,0,1512
18722,348,4,1,1488
18734,156,2,0,2304
18738,96,3,1,11460
18750,120,2,0,8136
18754,600,2,0,720
18766,108,3,1,792
18770,156,2,0,22080
18782,408,3,0,8160
18786,288,3,0,5184
18798,60,2,0,9504
18802,48,3,-1,3804
18814,288,2,0,1248
18818,180,2,0,14208
18830,252,3,-1,660
18834,108,2,0,11904
18846,468,3,0,1704
18850,1044,3,0,19776
18862,72,2,0,3456
18866,240,3,1,840
18878,192,2,0,16896
18882,108,2,0,7440
18898,108,2,0,540
18910,492,4,-1,3024
18914,324,5,-1,960
18926,84,2,0,12864
18930,96,3,-1,54
18942,84,2,0,6888
18946,276,2,0,4128
18958,84,3,-1,4680
18962,180,2,0,23040
18974,984,5,1,2400
18978,216,4,-1,1464
18990,120,2,0,17472
18994,60,3,1,12816
19006,480,2,0,6384
19010,420,2,0,4968
19022,36,3,1,10248
19026,120,2,0,13248
19038,300,3,0,5832
19042,420,3,0,240
19054,180,2,0,3960
19058,84,3,-1,3540
19070,288,2,0,23040
19074,228,2,0,13296
19086,108,3,-1,3744
19090,192,2,0,21984
19102,312,3,0,8736
19106,360,3,0,7872
19118,168,2,0,3504
19122,36,3,1,12492
19134,120,2,0,9024
19138,144,2,0,10176
19150,312,3,1,360
19154,168,2,0,732
19166,624,4,1,8160
19170,336,4,0,3300
19182,84,2,0,12000
19186,156,3,-1,2280
19198,84,2,0,10080
19202,168,2,0,17856
19214,132,3,-1,6048
19218,72,2,0,480
19230,732,6,0,1344
19234,732,4,1,10368
19246,96,2,0,2784
19250,132,3,1,14688
19262,252,2,0,144
19266,180,2,0,9792
19278,84,3,1,10092
19282,72,2,0,10176
19294,672,3,0,2304
19298,684,3,0,4416
19310,144,2,0,21648
19314,120,3,-1,5400
19326,228,2,0,15936
19330,288,2,0,4320
19342,60,3,-1,4824
19346,144,2,0,3504
19358,228,3,0,4776
19362,252,3,0,4680
19374,120,2,0,264
19378,156,3,1,20208
19390,216,2,0,15744
19394,204,2,0,14784
19406,216,3,1,8544
19410,132,2,0,18192
19422,300,4,-1,1656
19426,552,4,0,4992
19438,120,2,0,3936
19442,108,3,-1,984
19454,276,2,0,2976
19470,120,3,-1,4008
19474,132,2,0,7248
19486,420,4,0,504
19490,612,4,-1,288
19502,156,2,0,12672
19506,60,3,1,12360
19518,240,2,0,2448
19522,180,2,0,10848
19534,156,3,1,15840
19538,132,2,0,20928
19550,708,3,0,2616
19554,324,3,0,1272
19566,96,2,0,10560
19570,156,3,-1,7440
19582,360,2,0,7392
19586,276,2,0,5184
19598,96,3,-1,5472
19602,72,2,0,9072
19614,348,3,0,5472
19618,372,3,0,1536
19630,132,2,0,18864
19634,120,3,1,15840
19650,264,2,0,19440
19662,132,3,1,11520
19666,192,2,0,16704
19678,672,4,1,7152
19682,612,5,0,240
19694,144,2,0,4896
19698,96,3,-1,2808
19710,384,2,0,17280
19714,372,2,0,2592
19726,144,3,-1,708
19730,240,2,0,11568
19742,360,4,0,3168
19746,480,4,1,1056
19758,48,2,0,9240
19762,84,3,1,3048
19774,348,2,0,21888
19778,180,2,0,14112
19790,168,3,1,28224
19794,132,2,0,10560
19806,288,3,0,5280
19810,312,3,0,7584
19822,36,2,0,14208
19826,120,3,-1,5376
19838,276,2,0,6336
19842,108,2,0,10200
19854,108,3,-1,12
19858,132,2,0,17856
19870,852,3,0,2640
19874,528,3,0,2016
19886,132,2,0,20736
19890,132,3,1,16740
19902,84,2,0,8904
19906,612,2,0,11136
19918,36,3,1,7872
19922,156,2,0,14400
19934,576,4,-1,3072
19938,216,5,1,2208
19950,120,2,0,15600
19954,132,3,-1,612
19966,156,2,0,15360
19970,204,2,0,16224
19982,108,3,-1,912
19986,96,2,0,13248
19998,240,5,-1,696
20002,432,4,-1,2664
20014,180,2,0,9264
20018,60,3,1,5088
20030,216,2,0,14400
20034,192,2,0,10752
20046,96,3,1,2508
20050,228,2,0,2304
20062,420,3,0,8256
20066,468,3,0,9216
20078,108,2,0,12192
20082,96,3,-1,4056
20094,84,2,0,8640
20098,276,2,0,17520
20110,168,3,-1,8304
20114,48,2,0,16896
20126,912,3,0,1584
20130,492,3,0,8448
20142,60,2,0,12000
20146,96,3,1,132
20158,276,2,0,3888
20162,348,2,0,7296
20174,72,3,1,11616
20178,72,2,0,7536
20190,624,4,1,7488
20194,780,4,0,1392
20206,204,2,0,15840
20222,240,2,0,19872
20226,96,2,0,8688
20238,132,3,-1,4896
20242,72,2,0,13056
20254,528,5,0,288
20258,300,4,1,4584
20270,288,2,0,1584
20274,144,3,1,14304
20286,156,2,0,13896
20290,324,2,0,19200
20302,168,3,1,492
20306,192,2,0,4320
20318,276,3,0,528
20322,312,3,0,7128
20334,72,2,0,13392
20338,204,3,-1,192
20350,348,2,0,24384
20354,336,2,0,3552
20366,132,3,-1,5880
20370,96,2,0,14100
20382,264,3,0,4896
20386,360,3,0,7296
20402,72,3,1,11712
20414,348,2,0,4704
20418,168,2,0,13200
20430,96,3,1,11580
20434,84,2,0,19680
20446,1044,4,-1,408
20450,672,4,0,312
20462,132,2,0,16512
20466,24,3,-1,480
20478,108,2,0,10800
20482,288,2,0,4800
20494,144,3,-1,6336
20498,72,2,0,2016
20510,576,4,0,4176
20514,324,4,-1,1968
20526,84,2,0,14496
20530,108,3,1,25536
20542,216,2,0,8976
20546,444,2,0,4320
20558,108,3,1,6120
20562,48,2,0,7104
20574,468,3,0,7920
20578,252,3,0,5376
20590,348,2,0,7224
20594,204,3,-1,3192
20606,132,2,0,14016
20610,312,2,0,18432
20622,72,3,-1,2808
20626,96,2,0,4272
20638,384,3,0,7584
20642,552,3,0,7872
20654,120,2,0,3648
20658,60,3,1,12168
20670,240,2,0,21192
20674,120,2,0,12480
20686,120,3,1,19200
20690,144,2,0,20160
20702,624,4,1,2904
20706,564,5,0,1728
20718,60,2,0,8064
20722,48,3,-1,5616
20734,192,2,0,3360
20738,288,2,0,2520
20750,168,3,-1,7560
20754,144,2,0,2724
20766,432,4,0,3120
20770,1128,4,1,5184
20782,120,2,0,15936
20786,60,3,1,12960
20798,324,2,0,17592
20802,144,2,0,936
20814,108,3,1,9612
20818,132,2,0,14688
20830,600,3,0,10656
20834,396,3,0,8352
20846,144,2,0,792
20850,120,3,-1,4296
20862,108,2,0,8256
20866,276,2,0,16128
20878,120,3,-1,1836
20882,144,2,0,204
20894,504,3,0,9600
20898,264,3,0,5460
20910,192,2,0,20592
20914,144,3,1,4704
20926,216,2,0,16224
20930,216,2,0,18480
20942,132,3,1,17616
20946,84,2,0,4320
20958,264,4,-1,1488
20974,144,2,0,17088
20978,108,3,-1,5760
20990,408,2,0,7776
20994,180,2,0,10560
21006,132,3,-1,5220
21010,96,2,0,16128
21022,1134,5,1,216
21026,864,4,-1,1728
21038,36,2,0,8832
21042,60,3,1,8316
21054,456,2,0,576
21058,264,2,0,3984
21070,144,3,1,1176
21074,144,2,0,14688
21086,372,3,0,960
21090,360,3,0,8208
21102,36,2,0,8928
21106,144,3,-1,192
21118,252,2,0,17952
21122,180,2,0,13056
21134,288,3,-1,3264
21138,96,2,0,11136
21154,528,3,0,1968
21166,156,2,0,4272
21170,252,3,1,5616
21182,120,2,0,12312
21186,144,2,0,6840
21198,108,3,1,10752
21202,144,2,0,8448
21214,660,4,1,6432
21218,480,4,0,4608
21230,180,2,0,21696
21234,72,3,-1,3672
21246,312,2,0,2160
21250,444,2,0,3168
21262,84,3,-1,4224
21266,84,2,0,12576
21278,552,5,0,432
21282,300,4,1,558
21294,72,2,0,13968
21298,24,3,1,12000
21310,408,2,0,10080
21314,348,2,0,6432
21326,144,3,1,15072
21330,120,2,0,17664
21342,336,3,0,6048
21346,420,3,0,120
21358,108,2,0,15960
21362,48,3,-1,4176
21374,144,2,0,10848
21378,132,2,0,8496
21390,72,3,-1,4440
21394,168,2,0,16896
21406,396,3,0,7872
21410,360,3,0,8592
21422,108,2,0,1152
21426,72,3,1,14880
21438,204,2,0,444
21442,156,2,0,14256
21454,240,3,1,1080
21458,72,2,0,5760
21470,684,4,-1,4152
21474,348,4,0,2880
21486,60,2,0,10608
21490,144,3,-1,1482
21502,324,2,0,14976
21506,228,2,0,14592
21518,168,3,-1,324
21522,48,2,0,10128
21534,384,4,0,3552
21538,540,4,-1,3144
21550,144,2,0,14112
21554,120,3,1,5064
21566,444,2,0,8520
21570,204,2,0,15936
21582,48,3,1,9432
21586,228,2,0,22848
21598,228,3,0,1344
21602,372,3,0,1344
21614,96,2,0,24768
21618,48,3,-1,2328
21630,216,2,0,360
21634,396,2,0,7848
21646,84,3,-1,960
21650,180,2,0,28320
21662,408,3,0,6528
21666,372,3,0,10080
21678,108,2,0,12528
21682,84,3,1,11904
21694,336,2,0,21120
21698,192,2,0,11904
21710,204,3,1,5424
21726,372,4,1,5184
21730,708,7,0,648
21742,48,2,0,6180
21746,156,3,-1,8
21758,180,2,0,10080
21762,288,2,0,16704
21774,120,3,-1,2988
21778,120,2,0,5184
21790,684,4,0,552
21794,468,4,1,8784
21806,108,2,0,20736
21810,72,3,1,14172
21822,84,2,0,8304
21826,180,2,0,14976
21838,144,3,1,1776
21842,84,2,0,13392
21854,540,3,0,384
21858,276,3,0,5760
21870,120,2,0,2520
21874,192,3,-1,5376
21886,444,2,0,6624
21890,492,2,0,10524
21906,96,2,0,9408
21918,456,3,0,5424
21922,264,3,0,1248
21934,132,2,0,14784
21938,72,3,1,15264
21950,372,2,0,1056
21954,168,2,0,2304
21966,84,3,1,9984
21970,108,2,0,14256
21982,324,4,-1,2256
21986,444,5,1,4080
21998,120,2,0,5976
22002,108,3,-1,5184
22014,168,2,0,14040
22018,132,2,0,11424
22030,300,3,-1,1980
22034,216,2,0,624
22046,588,5,-1,216
22050,312,4,-1,1656
22062,108,2,0,8616
22066,276,3,1,1080
22078,228,2,0,9984
22082,156,2,0,11520
22094,60,3,1,16224
22098,84,2,0,10512
22110,276,3,0,6528
22114,552,3,0,10560
22126,132,2,0,20736
22130,108,3,-1,5952
22142,216,2,0,3744
22146,336,2,0,2592
22158,96,3,-1,3912
22162,96,2,0,13440
22174,528,3,0,3696
22178,792,3,0,3264
22190,96,2,0,13536
22194,108,3,1,1104
22206,132,2,0,10656
22210,504,2,0,7776
22222,96,3,1,18024
22226,84,2,0,15264
22238,720,4,1,10620
22242,300,4,0,1872
22254,132,2,0,228
22258,48,3,-1,3672
22270,264,2,0,19872
22274,204,2,0,1200
22286,96,3,-1,1440
22290,156,2,0,16320
22302,252,6,-1,390
22306,696,4,1,7848
22318,132,2,0,1248
22322,132,3,1,7380
22334,240,2,0,17856
22338,240,2,0,12492
22350,240,3,1,19560
22354,120,2,0,192
22366,444,3,0,9840
22370,792,3,0,15072
22382,72,2,0,8928
22386,96,3,-1,4128
22398,192,2,0,624
22402,144,2,0,10752
22414,48,3,-1,4464
22418,48,2,0,12000
22430,1020,3,0,5664
22434,336,3,0,5856
22446,96,2,0,2736
22450,192,3,1,28512
22462,168,2,0,3168
22478,108,3,1,12240
22482,84,2,0,13824
22494,324,4,-1,1872
22498,612,4,0,1584
22510,240,2,0,28800
22514,84,3,-1,4320
22526,336,2,0,18432
22530,144,2,0,12000
22542,84,3,-1,4704
22546,228,2,0,3096
22558,300,4,0,2400
22562,516,4,-1,2784
22574,264,2,0,6528
22578,84,3,1,8148
22590,408,2,0,19224
22594,144,2,0,12000
22606,132,3,1,6072
22610,180,2,0,5184
22622,348,3,0,768
22626,276,3,0,192
22638,24,2,0,8016
22642,192,3,-1,924
22658,192,2,0,16848
22670,156,3,-1,4800
22674,96,2,0,13008
22686,312,3,0,360
22690,516,3,0,9744
22702,144,2,0,16896
22706,192,3,1,18768
22718,144,2,0,612
22722,156,2,0,10368
22734,36,3,1,10800
22738,144,2,0,1152
22750,1020,4,1,3648
22754,774,6,1,120
22766,96,2,0,19200
22770,132,3,-1,5850
22782,132,2,0,9408
22786,264,2,0,3840
22798,84,3,-1,3816
22802,108,2,0,13344
22814,612,4,0,288
22818,612,4,1,672
22830,60,2,0,13560
22834,108,3,1,16992
22846,396,2,0,4896
22850,276,2,0,360
22862,156,3,1,8304
22866,72,2,0,9576
22878,360,3,0,5184
22882,540,3,0,10032
22894,120,2,0,2760
22898,144,3,-1,1524
22910,276,2,0,17520
22914,120,2,0,13344
22926,180,3,-1,6120
22930,252,2,0,8088
22942,360,3,0,6912
22946,372,3,0,1440
22958,120,2,0,16896
22962,84,3,1,7632
22974,156,2,0,9408
22978,312,2,0,14304
22990,96,3,1,21216
22994,204,2,0,672
23006,504,4,-1,504
23010,708,5,-1,1776
23022,36,2,0,9240
23026,84,3,-1,4896
23038,288,2,0,7272
23042,384,2,0,2736
23054,120,3,-1,1656
23058,36,2,0,9516
23070,576,5,1,3240
23074,708,4,-1,960
23086,72,2,0,10944
23090,120,3,1,14592
23102,288,2,0,16128
23106,348,2,0,17784
23118,72,3,1,9936
23122,132,2,0,16320
23134,576,3,0,432
23138,276,3,0,5184
23150,228,2,0,7680
23154,120,3,-1,960
23166,84,2,0,8160
23170,204,2,0,15624
23182,96,3,-1,1440
23186,168,2,0,11328
23198,360,3,0,7872
23202,108,3,0,3576
23214,96,2,0,12288
23230,300,2,0,18672
23234,360,2,0,19104
23246,144,3,1,2592
23250,36,2,0,15588
23262,372,4,1,5592
23266,408,4,0,3840
23278,84,2,0,13536
23282,96,3,-1,3552
23294,384,2,0,8064
23298,168,2,0,7584
23310,84,3,-1,5088
23314,96,2,0,15120
23326,828,7,-1,96
23330,1440,4,1,3360
23342,108,2,0,9216
23346,144,3,1,3984
23358,168,2,0,12072
23362,252,2,0,6984
23374,84,3,1,18000
23378,108,2,0,13488
23390,504,3,0,8880
23394,396,3,0,312
23410,192,3,-1,8736
23422,96,2,0,10080
23426,336,2,0,20544
23438,216,3,-1,144
23442,60,2,0,9744
23454,216,3,0,1056
23458,348,3,0,8160
23470,432,2,0,17448
23474,132,3,1,4608
23486,384,2,0,22848
23490,144,2,0,13248
23502,48,3,1,7164
23506,132,2,0,3744
23518,444,4,-1,2352
23522,396,4,0,3168
23534,108,2,0,10176
23538,72,3,-1,3978
23550,276,2,0,15744
23554,504,2,0,12
23566,84,3,-1,4752
23570,84,2,0,20208
23582,528,4,0,1416
23586,324,4,-1,2292
23598,108,2,0,12480
23602,120,3,1,2808
23614,216,2,0,1824
23618,192,2,0,4848
23630,144,3,1,23040
23634,108,2,0,2304
23646,300,3,0,1008
23650,732,3,0,2592
23662,72,2,0,12768
23666,156,3,-1,6432
23678,252,2,0,12144
23682,180,2,0,12144
23694,132,3,-1,4752
23698,144,2,0,12912
23710,396,3,0,9168
23714,372,3,0,7392
23726,252,2,0,744
23730,96,3,1,13392
23742,180,2,0,12888
23746,324,2,0,2640
23758,144,3,1,4056
23762,120,2,0,2940
23774,492,4,1,480
23778,300,5,0,1320
23790,72,2,0,16164
23794,156,3,-1,2856
23806,288,2,0,18048
23810,228,2,0,19392
23822,120,3,-1,5412
23826,108,2,0,9984
23838,288,4,0,2160
23842,504,4,1,372
23854,132,2,0,2688
23858,96,3,1,16128
23870,240,2,0,4728
23874,204,2,0,10416
23886,132,3,1,13128
23890,180,2,0,21984
23902,480,3,0,3360
23906,528,3,0,2400
23918,144,2,0,16128
23922,84,3,-1,2496
23934,228,2,0,17400
23938,348,2,0,300
23950,120,3,-1,4968
23954,156,2,0,3024
23966,336,3,0,7968
23982,120,2,0,9936
23986,84,3,1,11472
23998,216,2,0,16128
24002,264,2,0,16224
24014,60,3,1,2160
24018,96,2,0,14928
24030,456,4,-1,2832
24034,336,5,1,3168
24046,216,2,0,1080
24050,192,3,-1,3480
24062,120,2,0,11040
24066,252,2,0,14208
24078,60,3,-1,2880
24082,108,2,0,2880
24094,816,5,-1,1704
24098,456,4,-1,2016
24110,108,2,0,20928
24114,60,3,1,13248
24126,72,2,0,9744
24130,420,2,0,23712
24142,48,3,1,16056
24146,156,2,0,2880
24162,228,3,0,5064
24174,60,2,0,12768
24178,144,3,-1,3432
24190,492,2,0,60
24194,372,2,0,4752
24206,132,3,-1,36
24210,60,2,0,1104
24222,204,3,0,48
24226,756,3,0,4632
24238,156,2,0,14880
24242,156,3,1,17400
24254,204,2,0,3024
24258,168,2,0,432
24270,60,3,1,16344
24274,132,2,0,19200
24286,444,4,1,7632
24290,756,4,0,6192
24302,120,2,0,3168
24306,96,3,-1,4320
24318,84,2,0,9408
24322,132,2,0,11424
24334,216,3,-1,2784
24338,180,2,0,1092
24350,684,5,0,2160
24354,648,4,1,1572
24366,120,2,0,14976
24370,276,3,1,7560
24382,216,2,0,16896
24386,288,2,0,2400
24398,108,3,1,12960
24402,120,2,0,9264
24414,348,3,0,6912
24418,420,3,0,1176
24430,48,2,0,14784
24434,48,3,-1,4320
24446,468,2,0,1632
24450,180,2,0,1116
24462,84,3,-1,27
24466,180,2,0,27264
24478,576,3,0,2880
24482,672,3,0,3744
24494,120,2,0,16896
24498,60,3,1,11952
24510,144,2,0,12000
24514,240,2,0,3432
24526,132,3,1,19488
24530,144,2,0,18480
24542,372,4,-1,1752
24546,444,4,0,408
24558,72,2,0,9528
24562,120,3,-1,6240
24574,144,2,0,12288
24578,324,2,0,17904
24590,324,3,-1,4092
24594,120,2,0,9912
24606,528,4,0,4032
24610,420,4,-1,2544
24622,156,2,0,3984
24626,120,3,1,3264
24638,168,2,0,14592
24642,228,2,0,13824
24654,96,3,1,2832
24658,132,2,0,6912
24670,408,3,0,10800
24674,696,3,0,1248
24686,108,2,0,15264
24690,60,3,-1,5664
24702,180,2,0,11664
24706,192,2,0,11808
24718,60,3,-1,5952
24734,528,3,0,1800
24738,312,3,0,4128
24750,96,2,0,14448
24754,144,3,1,2928
24766,204,2,0,5760
24770,324,2,0,6480
24782,120,3,1,14256
24786,120,2,0,14688
24798,360,4,1,5016
24802,540,5,0,576
24814,132,2,0,16512
24818,108,3,-1,3744
24830,204,2,0,24768
24834,324,2,0,14064
24846,120,3,-1,960
24850,156,2,0,22224
24862,456,4,0,4032
24866,540,4,1,6912
24878,132,2,0,4536
24882,48,3,1,9330
24894,120,2,0,8640
24898,288,2,0,1296
24914,144,2,0,9792
24926,480,3,0,10560
24930,396,3,0,7008
24942,96,2,0,13560
24946,204,3,-1,348
24958,180,2,0,12384
24962,120,2,0,10080
24974,228,3,-1,1008
24978,108,2,0,9792
24990,516,3,0,9264
24994,420,3,0,7680
25006,120,2,0,2496
25010,276,3,1,31872
25022,216,2,0,5808
25026,180,2,0,13920
25038,72,3,1,13380
25042,60,2,0,7488
25054,840,4,-1,168
25058,444,5,-1,300
25070,108,2,0,18432
25074,48,3,-1,3264
25086,156,2,0,10368
25090,528,2,0,10752
25102,36,3,-1,3744
25106,180,2,0,20832
25118,360,5,1,3072
25122,300,4,-1,2484
25134,48,2,0,10368
25138,72,3,1,12312
25150,600,2,0,37056
25154,144,2,0,2688
25166,192,3,1,4440
25170,108,2,0,252
25182,276,3,0,4428
25186,336,3,0,8448
25198,156,2,0,5928
25202,312,3,-1,264
25214,324,2,0,18864
25218,72,2,0,8640
25230,108,3,-1,6408
25234,192,2,0,1440
25246,372,3,0,1152
25250,540,3,0,10920
25262,96,2,0,16416
25266,48,3,1,10944
25278,120,2,0,10872
25282,228,2,0,17280
25294,144,3,1,15264
25298,108,2,0,15648
25310,1392,4,1,864
25314,456,4,0,2688
25326,36,2,0,8064
25330,120,3,-1,5832
25342,324,2,0,4992
25346,504,2,0,2472
25358,36,3,-1,3384
25362,96,2,0,13704
25374,336,5,0,1584
25378,768,4,1,1560
25390,168,2,0,22176
25394,96,3,1,15360
25406,204,2,0,15936
25410,240,2,0,12768
25422,48,3,1,9552
25426,72,2,0,12192
25438,264,3,0,4752
25442,300,3,0,6240
25454,228,2,0,1440
25458,96,3,-1,4104
25470,228,2,0,12840
25486,276,3,-1,1968
25490,180,2,0,4464
25502,408,3,0,8184
25506,276,3,0,6048
25518,48,2,0,7560
25522,156,3,1,5256
25534,192,2,0,16320
25538,192,2,0,15168
25550,216,3,1,16368
25554,48,2,0,2304
25566,384,4,-1,2856
25570,744,4,0,6168
25582,72,2,0,14400
25586,192,3,-1,6000
25598,252,2,0,3552
25602,156,2,0,8784
25614,60,3,-1,3744
25618,120,2,0,18240
25630,852,4,0,2040
25634,576,4,-1,66
25646,132,2,0,3168
25650,180,3,1,15624
25666,204,2,0,4032
25678,120,3,1,15744
25682,96,2,0,16272
25694,504,3,0,8736
25698,228,3,0,6360
25710,108,2,0,12768
25714,168,3,-1,6216
25726,228,2,0,18336
25730,288,2,0,20352
25742,72,3,-1,1284
25746,72,2,0,1632
25758,456,3,0,1104
25762,216,3,0,6336
25774,180,2,0,5280
25778,108,3,1,4452
25790,348,2,0,3048
25794,240,2,0,16224
25806,60,3,1,11244
25810,336,2,0,8532
25822,252,4,1,5376
25826,636,7,1,1056
25838,168,2,0,21264
25842,132,3,-1,3744
25854,144,2,0,2496
25858,120,2,0,10224
25870,240,3,-1,7872
25874,96,2,0,16128
25886,528,4,0,1680
25890,408,4,1,7356
25902,144,2,0,10656
25906,168,3,1,19392
25918,216,2,0,3360
25922,324,2,0,4464
25934,168,3,1,19104
25938,36,2,0,7872
25950,432,3,0,8112
25954,1128,3,0,96
25966,120,2,0,14592
25970,72,3,-1,4608
25982,168,2,0,11904
25986,276,2,0,2688
25998,36,3,-1,2106
26002,48,2,0,12432
26014,216,3,0,6912
26018,432,3,0,7200
26030,276,2,0,6012
26034,168,3,1,14400
26046,288,2,0,2952
26050,264,2,0,19296
26062,168,3,1,7092
26066,96,2,0,4992
26078,360,4,-1,2100
26082,348,5,1,1656
26094,144,2,0,15168
26098,96,3,-1,36
26110,372,2,0,22368
26114,240,2,0,14592
26126,60,3,-1,528
26130,156,2,0,16368
26142,348,5,-1,672
26146,768,4,-1,48
26158,108,2,0,12432
26162,144,3,1,12336
26174,516,2,0,6624
26178,168,2,0,12696
26190,60,3,1,14016
26194,24,2,0,14208
26206,540,3,0,672
26210,444,3,0,3600
26222,120,2,0,15648
26238,192,2,0,8448
26242,240,2,0,4200
26254,168,3,-1,936
26258,72,2,0,13056
26270,660,3,0,12576
26274,156,3,0,4656
26286,240,2,0,16608
26290,168,3,1,18816
26302,192,2,0,15648
26306,264,2,0,14976
26318,108,3,1,6048
26322,48,2,0,12672
26334,228,4,1,3480
26338,432,4,0,3456
26350,216,2,0,3600
26354,228,3,-1,360
26366,120,2,0,11712
26370,240,2,0,20160
26382,96,3,-1,4524
26386,120,2,0,7008
26398,984,6,1,3072
26402,480,4,1,7344
26418,48,3,1,11760
26430,84,2,0,11088
26434,240,2,0,16896
26446,204,3,1,3912
26450,96,2,0,19104
26462,684,3,0,2208
26466,240,3,0,6240
26478,60,2,0,1008
26482,72,3,-1,4080
26494,264,2,0,9792
26498,264,2,0,3840
26510,228,3,-1,7776
26514,120,2,0,12624
26526,264,3,0,5616
26530,852,3,0,1848
26542,60,2,0,1536
26546,144,3,1,2688
26558,84,2,0,10080
26562,72,2,0,6768
26574,192,3,1,1980
26578,168,2,0,20448
26590,384,4,-1,2688
26594,600,4,0,5472
26606,96,2,0,1824
26610,60,3,-1,27
26622,156,2,0,14832
26626,240,2,0,14400
26638,0,3,-1,1200
26642,180,2,0,5784
26654,540,4,0,864
26658,264,4,-1,1872
26670,60,2,0,17760
26674,96,3,1,4224
26686,216,2,0,13824
26690,408,2,0,27264
26702,48,3,1,10944
26706,84,2,0,12864
26718,480,3,0,6384
26722,276,3,0,6696
26734,144,2,0,24768
26738,72,3,-1,528
26750,444,2,0,10128
26754,120,2,0,2016
26766,96,3,-1,3840
26770,120,2,0,2304
26782,408,3,0,1416
26786,372,3,0,1872
26798,60,2,0,15360
26802,48,3,1,9972
26814,108,2,0,12768
26818,420,2,0,6528
26830,108,3,1,312
26834,48,2,0,15360
26846,720,4,1,2004
26850,672,6,-1,744
26862,36,2,0,7368
26866,84,3,-1,5040
26878,252,2,0,13920
26882,300,2,0,13680
26894,144,3,-1,1152
26898,72,2,0,7920
26910,420,4,0,4416
26914,708,4,1,9216
26926,60,2,0,480
26930,348,3,1,5106
26942,312,2,0,20016
26946,216,2,0,2544
26958,72,3,1,9288
26962,132,2,0,5376
26974,408,3,0,7728
26990,192,2,0,20880
26994,144,3,-1,5184
27006,216,2,0,13584
27010,240,2,0,13896
27022,132,3,-1,240
27026,144,2,0,17568
27038,312,3,0,1536
27042,360,3,0,6096
27054,156,2,0,3156
27058,144,3,1,14760
27070,360,2,0,6672
27074,456,2,0,8064
27086,96,3,1,17472
27090,48,2,0,11232
27102,252,4,-1,1680
27106,876,5,-1,432
27118,72,2,0,13680
27122,72,3,-1,4536
27134,288,2,0,20160
27138,240,2,0,13584
27150,60,3,-1,4596
27154,216,2,0,360
27170,384,4,-1,2280
27182,168,2,0,8280
27186,72,3,1,11568
27198,144,2,0,8568
27202,180,2,0,14208
27214,168,3,1,4248
27218,96,2,0,2784
27230,444,3,0,336
27234,252,3,0,5760
27246,132,2,0,1824
27250,168,3,-1,2880
27262,144,2,0,9720
27266,240,2,0,21504
27278,120,3,-1,6084
27282,96,2,0,12912
27294,420,3,0,6048
27298,408,3,0,5568
27310,120,2,0,1056
27314,108,3,1,13440
27326,540,2,0,720
27330,192,2,0,14160
27342,36,3,1,9528
27346,168,2,0,3936
27358,996,4,1,684
27362,420,4,0,1152
27374,48,2,0,10176
27378,120,3,-1,3456
27390,276,2,0,16656
27394,312,2,0,5088
27406,108,3,-1,7512
27410,144,2,0,25344
27422,444,7,0,432
27426,252,4,1,4188
27438,108,2,0,14088
27442,96,3,1,11232
27454,228,2,0,2352
27458,60,2,0,11808
27470,192,3,1,6288
27474,84,2,0,16608
27486,132,3,0,5088
27490,636,3,0,11904
27502,240,2,0,3132
27506,108,3,-1,2400
27518,156,2,0,17904
27522,132,2,0,1464
27534,48,3,-1,3288
27538,60,2,0,2940
27550,336,3,0,9504
27554,648,3,0,240
27566,60,2,0,12672
27570,108,3,1,13392
27582,72,2,0,8928
27586,492,2,0,27792
27598,24,3,1,1008
27602,120,2,0,1056
27614,888,4,-1,1872
27618,300,4,0,2952
27630,108,2,0,18720
27634,108,3,-1,6720
27646,300,2,0,156
27650,408,2,0,4896
27662,48,3,-1,3816
27666,84,2,0,12864
27678,312,4,0,2304
27682,384,4,-1,990
27694,144,2,0,384
27698,144,3,1,17412
27710,252,2,0,18672
27714,168,2,0,11400
27726,96,3,1,600
27742,516,3,0,8928
27746,696,3,0,1584
27758,96,2,0,2640
27762,108,3,-1,3780
27774,180,2,0,14400
27778,204,2,0,15264
27790,228,3,-1,3348
27794,180,2,0,4080
27806,420,3,0,6528
27810,432,3,0,11160
27822,24,2,0,204
27826,336,3,1,3000
27838,228,2,0,14160
27842,228,2,0,13056
27854,96,3,1,3552
27858,60,2,0,7296
27870,552,4,1,156
27874,360,5,0,1344
27886,108,2,0,15360
27890,96,3,-1,7920
27902,240,2,0,1680
27906,168,2,0,10560
27922,132,2,0,16560
27934,516,4,0,1248
27938,996,4,1,4854
27950,156,2,0,24576
27954,72,3,1,1392
27966,240,2,0,18144
27970,336,2,0,4896
27982,84,3,1,14184
27986,144,2,0,14112
27998,192,3,0,5376
28002,264,3,0,5760
28014,60,2,0,11136
28018,48,3,-1,4320
28030,312,2,0,21216
28034,240,2,0,16224
28046,240,3,-1,450
28050,60,2,0,18720
28062,252,3,0,504
28066,276,3,0,5568
28078,144,2,0,3168
28082,132,3,1,288
28094,216,2,0,13440
28098,132,2,0,10344
28110,120,3,1,1800
28114,180,2,0,8160
28126,336,4,-1,2544
28130,468,5,1,3480
28142,108,2,0,2016
28146,72,3,-1,840
28158,144,2,0,9984
28162,180,2,0,17088
28174,168,3,-1,5568
28178,48,2,0,792
28190,924,5,-1,498
28194,528,4,-1,2688
28206,48,2,0,9984
28210,120,3,1,19392
28222,288,2,0,7632
28226,300,2,0,1152
28238,96,3,1,11424
28242,60,2,0,8664
28254,300,3,0,1152
28258,552,3,0,2400
28270,48,2,0,18816
28274,240,3,-1,7392
28286,192,2,0,16800
28290,120,2,0,12264
28302,72,3,-1,4200
28306,108,2,0,1728
28318,228,3,0,5400
28322,300,3,0,7296
28334,144,2,0,6144
28338,96,3,1,1368
28350,132,2,0,9792
28354,324,2,0,3456
28366,156,3,1,5856
28370,264,2,0,12672
28382,456,4,1,6528
28386,492,4,0,3456
28398,84,2,0,16224
28402,108,3,-1,900
28414,324,2,0,18432
28418,132,2,0,13248
28430,96,3,-1,5712
28434,72,2,0,11520
28446,324,5,0,264
28450,936,4,1,12672
28462,168,2,0,11856
28466,120,3,1,720
28478,420,2,0,8304
28494,144,3,1,12852
28498,12,2,0,12720
28510,696,3,0,2952
28514,624,3,0,2256
28526,144,2,0,18432
28530,204,3,-1,6264
28542,96,2,0,7584
28546,432,2,0,96
28558,132,3,-1,5520
28562,72,2,0,11904
28574,564,3,0,9792
28578,192,3,0,4320
28590,120,2,0,768
28594,60,3,1,18528
28606,312,2,0,15360
28610,264,2,0,24576
28622,156,3,1,3384
28626,144,2,0,15912
28638,192,4,-1,1560
28642,492,4,0,4416
28654,204,2,0,2016
28658,192,3,-1,1344
28674,60,2,0,9792
28686,84,3,-1,4068
28690,240,2,0,5712
28702,372,4,0,3072
28706,576,4,-1,3072
28718,144,2,0,11232
28722,84,3,1,13200
28734,204,2,0,14928
28738,144,2,0,12672
28750,228,3,1,26784
28754,120,2,0,2688
28766,504,3,0,2688
28770,288,3,0,5184
28782,60,2,0,10320
28786,120,3,-1,4800
28798,204,2,0,1344
28802,240,2,0,7308
28814,132,3,-1,4320
28818,132,2,0,15552
28830,432,3,0,7392
28834,660,3,0,2712
28846,180,2,0,5448
28850,120,3,1,15864
28862,120,2,0,13200
28866,336,2,0,12480
28878,108,3,1,9108
28882,132,2,0,13176
28894,696,4,1,1368
28898,432,5,0,1584
28910,252,2,0,10044
28914,36,3,-1,2628
28926,204,2,0,1392
28930,264,2,0,22032
28942,120,3,-1,1056
28946,168,2,0,1080
28958,540,4,0,3912
28962,252,4,1,4200
28974,84,2,0,11424
28978,96,3,1,7416
28990,228,2,0,15216
28994,216,2,0,15360
29006,144,3,1,16128
29010,96,2,0,16512
29022,252,3,0,6336
29026,324,3,0,144
29038,96,2,0,288
29042,144,3,-1,4896
29054,144,2,0,780
29058,192,2,0,11400
29070,48,3,-1,4896
29074,120,2,0,14976
29086,972,3,0,6336
29090,648,3,0,504
29102,108,2,0,15456
29106,96,3,1,11472
29118,144,2,0,8352
29122,252,2,0,144
29134,132,3,1,11976
29138,120,2,0,16320
29150,432,4,-1,2736
29154,804,5,-1,396
29166,48,2,0,9504
29170,276,3,-1,504
29182,180,2,0,1224
29186,96,2,0,11520
29198,288,3,-1,576
29202,24,2,0,7248
29214,444,5,1,3648
29218,348,4,-1,1944
29230,312,2,0,7968
29246,192,2,0,1824
29250,264,2,0,16608
29262,144,3,1,12420
29266,216,2,0,5376
29278,276,3,0,5472
29282,324,3,0,7296
29294,168,2,0,19968
29298,48,3,-1,3096
29310,252,2,0,18840
29314,216,2,0,12672
29326,96,3,-1,3120
29330,168,2,0,17256
29342,492,3,0,3360
29346,420,3,0,72
29358,108,2,0,7920
29362,60,3,1,12816
29374,300,2,0,5088
29378,300,2,0,3312
29390,168,3,1,20880
29394,96,2,0,11952
29406,420,4,1,7788
29410,936,4,0,2592
29426,120,3,-1,6336
29438,168,2,0,14400
29442,108,2,0,9120
29454,132,3,-1,888
29458,72,2,0,14976
29470,636,5,0,1920
29474,564,4,1,8544
29486,96,2,0,3552
29490,168,3,1,20304
29502,120,2,0,9504
29506,252,2,0,16128
29518,228,3,1,7992
29522,108,2,0,1536
29534,468,3,0,672
29538,204,3,0,4224
29550,72,2,0,12840
29554,132,3,-1,360
29566,204,2,0,17472
29570,480,2,0,27456
29582,168,3,-1,4224
29586,36,2,0,9504
29598,144,3,0,3840
29602,312,3,0,7200
29614,108,2,0,17856
29618,108,3,1,12792
29630,612,2,0,576
29634,180,2,0,12768
29646,180,3,1,3840
29650,192,2,0,18720
29662,444,4,-1,480
29666,708,4,0,2016
29678,60,2,0,1152
29682,36,3,-1,3768
29694,36,2,0,8208
29698,180,2,0,2904
29710,180,3,-1,1008
29714,132,2,0,16704
29726,624,4,0,5376
29730,504,4,-1,2640
29742,108,2,0,13224
29746,96,3,1,2808
29758,216,2,0,13440
29762,264,2,0,15984
29774,192,3,1,6084
29778,60,2,0,7872
29790,504,3,0,9888
29794,540,3,0,8640
29806,72,2,0,3456
29810,108,3,-1,1152
29822,240,2,0,18432
29826,264,2,0,12480
29838,72,3,-1,2964
29842,312,2,0,10104
29854,660,3,0,336
29858,252,3,0,408
29870,144,2,0,19824
29874,108,3,1,2448
29886,108,2,0,10656
29890,288,2,0,17952
29902,48,3,1,480
29906,144,2,0,2976
29918,984,4,1,2400
29922,324,6,0,600
29934,96,2,0,15072
29938,180,3,-1,6240
29950,360,2,0,9120
29954,420,2,0,1056
29966,228,3,-1,6144
29970,84,2,0,15192
29982,408,4,0,2808
29998,156,2,0,1632
30002,96,3,1,9072
30014,168,2,0,14208
30018,108,2,0,768
30030,132,3,1,13464
30034,144,2,0,720
30046,456,3,0,1344
30050,588,3,0,12480
30062,36,2,0,3648
30066,96,3,-1,4608
30078,120,2,0,10320
30082,168,2,0,14016
30094,240,3,-1,660
30098,216,2,0,9312
30110,348,3,0,8400
30114,192,3,0,6288
30126,60,2,0,11376
30130,180,3,1,4536
30142,252,2,0,336
30146,156,2,0,384
30158,120,3,1,14256
30162,156,2,0,10080
30178,552,5,1,4152
30190,216,2,0,23904
30194,156,3,-1,4416
30206,456,2,0,10248
30210,216,2,0,15264
30222,48,3,-1,2580
30226,96,2,0,13440
30238,468,5,-1,276
30242,336,4,-1,480
30254,96,2,0,2880
30258,84,3,1,9024
30270,324,2,0,19200
30274,612,2,0,12864
30286,48,3,1,11232
30290,192,2,0,25680
30302,300,3,0,6336
30306,372,3,0,360
30318,132,2,0,14712
30322,156,3,-1,4272
30334,180,2,0,13632
30338,156,2,0,10368
30350,240,3,-1,1584
30354,72,2,0,2400
30366,192,3,0,3792
30370,564,3,0,10176
30382,144,2,0,6240
30386,192,3,1,9072
30398,72,2,0,10656
30402,192,2,0,14304
30414,120,3,1,14832
30418,36,2,0,1524
30430,1452,4,1,16272
30434,252,4,0,2784
30446,228,2,0,5304
30450,168,3,-1,5328
30462,108,2,0,1728
30466,288,2,0,22848
30478,60,3,-1,3240
30482,60,2,0,1056
30494,852,6,-1,12
30498,450,4,1,90
30510,72,2,0,12264
30514,96,3,1,14976
30526,348,2,0,6048
30530,444,2,0,10056
30542,156,3,1,15648
30546,60,2,0,2160
30558,216,3,0,5472
30562,288,3,0,1368
30574,72,2,0,12672
30578,156,3,-1,5184
30590,288,2,0,15840
30594,156,2,0,12912
30606,144,3,-1,3456
30610,192,2,0,21720
30622,420,3,0,7584
30626,444,3,0,10752
30638,120,2,0,6240
30642,84,3,1,8544
30654,264,2,0,3576
30658,264,2,0,2016
30670,72,3,1,4284
30674,96,2,0,3456
30686,540,4,-1,3840
30690,528,4,0,432
30702,72,2,0,9408
30706,84,3,-1,2196
30718,156,2,0,12768
30722,180,2,0,12864
30734,72,3,-1,4368
30750,504,4,0,5424
30754,528,4,-1,324
30766,180,2,0,19200
30770,84,3,1,19656
30782,168,2,0,2736
30786,180,2,0,10368
30798,84,3,1,9720
30802,84,2,0,15600
30814,528,3,0,3360
30818,552,3,0,1176
30830,192,2,0,22656
30834,24,3,-1,3432
30846,276,2,0,2736
30850,420,2,0,6912
30862,180,3,-1,7272
30866,72,2,0,11136
30878,492,3,0,8640
30882,216,3,0,5040
30894,72,2,0,10176
30898,60,3,1,13728
30910,288,2,0,18432
30914,336,2,0,20736
30930,84,2,0,17568
30942,228,4,1,4248
30946,828,6,1,624
30958,96,2,0,4392
30962,168,3,-1,2700
30974,396,2,0,24288
30978,72,2,0,8712
30990,132,3,-1,4716
30994,204,2,0,4704
31006,336,4,0,3168
31010,1092,4,1,12480
31022,96,2,0,14496
31026,108,3,1,9912
31038,108,2,0,12096
31042,120,2,0,10272
31054,120,3,1,3936
31058,108,2,0,16128
31070,456,3,0,3984
31074,348,3,0,6000
31086,180,2,0,14256
31090,96,3,-1,8520
31102,264,2,0,4416
31106,252,2,0,3936
31118,96,3,-1,3648
31122,36,2,0,8100
31134,336,3,0,6816
31138,492,3,0,3264
31150,132,2,0,15456
31154,216,3,1,5628
31166,132,2,0,15456
31170,276,2,0,16800
31182,84,3,1,10248
31186,132,2,0,16896
31198,300,4,-1,84
31202,444,5,-1,936
31214,192,2,0,5640
31218,36,3,-1,2496
31230,168,2,0,13824
31234,156,2,0,14976
31246,252,3,-1,81
31250,240,2,0,5760
31262,540,5,1,2880
31266,420,4,-1,2280
31278,120,2,0,1584
31282,228,3,1,7200
31294,252,2,0,12288
31298,276,2,0,17136
31310,204,3,1,30264
31314,48,2,0,11616
31326,360,3,0,6528
31330,480,3,0,10800
31342,60,2,0,9408
31346,144,3,-1,1248
31358,300,2,0,4608
31362,228,2,0,13104
31374,96,3,-1,4800
31378,72,2,0,10368
31390,972,3,0,2016
31394,504,3,0,3456
31406,120,2,0,16608
31410,96,3,1,10920
31422,132,2,0,10176
31426,180,2,0,3840
31438,204,3,1,13680
31442,96,2,0,1728
31454,708,4,1,1164
31458,372,4,0,2520
31470,132,2,0,1512
31474,120,3,-1,816
31486,336,2,0,16128
31502,120,3,-1,2400
31506,144,2,0,15288
31518,252,6,0,444
31522,660,4,1,8304
31534,156,2,0,4536
31538,108,3,1,3336
31550,396,2,0,23520
31554,336,2,0,2880
31566,84,3,1,12912
31570,180,2,0,8568
31582,540,3,0,6720
31586,336,3,0,7392
31598,108,2,0,10584
31602,84,3,-1,2640
31614,156,2,0,10224
31618,312,2,0,18600
31630,192,3,-1,5760
31634,216,2,0,24960
31646,828,3,0,24
31650,240,3,0,6096
31662,132,2,0,15888
31666,108,3,1,12672
31682,204,2,0,3264
31694,72,3,1,15744
31698,12,2,0,11256
31710,336,4,-1,1872
31714,552,4,0,384
31726,108,2,0,18240
31730,240,3,-1,8544
31742,204,2,0,13920
31746,288,2,0,2544
31758,72,3,-1,3600
31762,60,2,0,10368
31774,660,4,0,4896
31778,360,4,-1,2304
31790,192,2,0,3312
31794,72,3,1,10344
31806,168,2,0,12096
31810,372,2,0,21984
31822,60,3,1,3552
31826,48,2,0,6000
31838,504,3,0,9024
31842,300,3,0,6312
31854,84,2,0,1872
31858,156,3,-1,1572
31870,276,2,0,21336
31874,204,2,0,14592
31886,96,3,-1,336
31890,108,2,0,17952
31902,192,3,0,5292
31906,444,3,0,6912
31918,84,2,0,15360
31922,96,3,1,14112
31934,372,2,0,48
31938,144,2,0,7632
31950,180,3,1,14688
31954,204,2,0,24
31966,516,4,1,1656
31970,1188,5,0,840
31982,108,2,0,13392
31986,108,3,-1,4032
31998,108,2,0,11712
32002,240,2,0,5760
32014,108,3,-1,6576
32018,120,2,0,456
32030,696,4,0,648
32034,480,4,1,5472
32046,36,2,0,1416
32050,264,3,1,18840
32062,192,2,0,1440
32066,276,2,0,22560
32078,108,3,1,4086
32082,48,2,0,11220
32094,516,3,0,9264
32098,336,3,0,5256
32110,276,2,0,10992
32114,192,3,-1,432
32126,132,2,0,11904
32130,180,2,0,14976
32142,60,3,-1,3696
32146,252,2,0,1056
32158,252,3,0,5184
32162,480,3,0,8160
32174,96,2,0,14784
32178,96,3,1,12984
32190,276,2,0,15984
32194,276,2,0,21552
32206,132,3,1,24192
32210,180,2,0,19968
32222,660,4,-1,984
32226,660,5,1,456
32238,36,2,0,7800
32254,336,2,0,864
32258,420,2,0,816
32270,192,3,-1,6048
32274,72,2,0,10608
32286,492,5,-1,1248
32290,540,4,-1,792
32302,60,2,0,12768
32306,96,3,1,20064
32318,216,2,0,12888
32322,132,2,0,9216
32334,96,3,1,1092
32338,108,2,0,13824
32350,444,3,0,10368
32354,588,3,0,240
32366,180,2,0,8256
32370,168,3,-1,6216
32382,120,2,0,9600
32386,144,2,0,13056
32398,144,3,-1,876
32402,156,2,0,5088
32414,276,3,0,168
32418,384,3,0,480
32434,96,3,1,6096
32446,480,2,0,5376
32450,192,2,0,20448
32462,48,3,1,8448
32466,36,2,0,9312
32478,396,4,1,4896
32482,540,4,0,4032
32494,228,2,0,14496
32498,48,3,-1,3912
32510,336,2,0,4272
32514,336,2,0,15648
32526,48,3,-1,3744
32530,96,2,0,19728
32542,900,5,0,1008
32546,936,4,1,408
32558,180,2,0,21312
32562,60,3,1,816
32574,96,2,0,12048
32578,216,2,0,4800
32590,108,3,1,15840
32594,180,2,0,13056
32606,312,3,0,8352
32610,228,3,0,6084
32622,24,2,0,10392
32626,144,3,-1,6264
32638,216,2,0,12672
32642,180,2,0,11136
32654,264,3,-1,540
32658,72,2,0,6912
32670,396,3,0,8256
32674,600,3,0,11424
32686,156,2,0,432
32690,168,3,1,8700
32702,264,2,0,15840
32706,156,2,0,9984
32718,96,3,1,378
32722,108,2,0,2928
32734,540,4,-1,3072
32738,468,4,0,3840
32750,156,2,0,18048
32754,144,3,-1,1008
32766,264,2,0,14136
32770,168,2,0,15744
32782,168,3,-1,5424
32786,156,2,0,22176
32798,372,4,0,1224
32802,132,4,-1,90
32814,84,2,0,1200
32818,108,3,1,12672
32830,264,2,0,4608
32834,216,2,0,3936
32846,204,3,1,744
32850,180,2,0,17184
32862,168,3,0,3996
32866,744,3,0,4320
32878,84,2,0,15936
32882,108,3,-1,3684
32894,156,2,0,19968
32898,84,2,0,132
32910,84,3,-1,6096
32914,72,2,0,17280
32926,660,3,0,8640
32930,504,3,0,10848
32942,120,2,0,2400
32946,120,3,1,2424
32958,132,2,0,10368
32962,132,2,0,12960
32974,192,3,1,7368
32978,168,2,0,4608
32990,972,4,1,12024
33006,96,2,0,11328
33010,228,3,-1,8
33022,204,2,0,10368
33026,324,2,0,15360
33038,120,3,-1,5280
33042,60,2,0,1212
33054,516,4,0,672
33058,444,4,1,5292
33070,120,2,0,19968
33074,216,3,1,17664
33086,288,2,0,1128
33090,372,2,0,1368
33102,72,3,1,7608
33106,120,2,0,20736
33118,576,3,0,2688
33122,420,3,0,2976
33134,72,2,0,16512
33138,96,3,-1,2592
33150,264,2,0,18432
33154,420,2,0,768
33166,156,3,-1,5664
33170,72,2,0,18336
33186,432,3,0,8064
33198,72,2,0,9048
33202,96,3,1,15948
33214,192,2,0,15264
33218,192,2,0,16896
33230,204,3,1,10848
33234,96,2,0,11040
33246,396,4,-1,354
33250,408,5,-1,1188
33262,144,2,0,5040
33266,60,3,-1,1152
33278,144,2,0,9456
33282,132,2,0,9408
33294,60,3,-1,3600
33298,192,2,0,240
33310,636,5,1,4704
33314,576,4,-1,3456
33326,96,2,0,21024
33330,96,3,1,10980
33342,60,2,0,10656
33346,288,2,0,3936
33358,108,3,1,13248
33362,84,2,0,10944
33374,624,3,0,1824
33378,264,3,0,6624
33390,72,2,0,15876
33394,36,3,-1,5280
33406,444,2,0,792
33410,672,2,0,2832
33422,96,3,-1,3636
33426,84,2,0,12480
33438,360,3,0,5904
33442,696,3,0,3000
33454,72,2,0,3600
33458,84,3,1,14256
33470,336,2,0,23040
33474,72,2,0,8640
33486,84,3,1,13968
33490,120,2,0,20928
33502,624,4,1,360
33506,276,4,0,3120
33518,96,2,0,4608
33522,108,3,-1,4788
33534,144,2,0,10368
33538,312,2,0,17808
33550,192,3,-1,2400
33554,228,2,0,1776
33566,624,5,0,2496
33570,708,4,1,7428
33582,24,2,0,9120
33586,84,3,1,3540
33598,264,2,0,1872
33602,180,2,0,12768
33614,120,3,1,14160
33618,120,2,0,12048
33630,336,3,0,720
33634,456,3,0,8832
33646,72,2,0,2304
33650,204,3,-1,7920
33662,504,2,0,12096
33666,132,2,0,9720
33678,156,3,-1,4344
33682,96,2,0,10368
33694,540,3,0,1920
33698,396,3,0,1260
33710,120,2,0,14352
33714,84,3,1,14400
33726,132,2,0,10032
33730,588,2,0,12984
33742,144,3,1,16800
33758,252,4,-1,1728
33762,288,4,0,2592
33774,36,2,0,15168
33778,24,3,-1,3168
33790,288,2,0,23520
33794,288,2,0,2688
33806,108,3,-1,1392
33810,96,2,0,13224
33822,252,4,0,2496
33826,456,4,-1,384
33838,168,2,0,5520
33842,120,3,1,3816
33854,240,2,0,3264
33858,204,2,0,10080
33870,156,3,1,1248
33874,168,2,0,5376
33886,396,3,0,7968
33890,624,3,0,960
33902,72,2,0,14592
33906,84,3,-1,4128
33918,120,2,0,6768
33922,168,2,0,15264
33938,108,2,0,12576
33950,564,3,0,2880
33954,312,3,0,624
33966,132,2,0,16896
33970,264,3,1,20712
33982,288,2,0,1008
33986,540,2,0,10752
33998,72,3,1,16680
34002,60,2,0,10200
34014,516,4,1,7848
34018,780,6,0,192
34030,84,2,0,16128
34034,144,3,-1,5664
34046,216,2,0,2880
34050,216,2,0,14832
34062,24,3,-1,2376
34066,132,2,0,17472
34078,552,4,0,4032
34082,684,4,1,8544
34094,120,2,0,7440
34098,156,3,1,12936
34110,252,2,0,18432
34114,240,2,0,11472
34126,168,3,1,6096
34130,108,2,0,5376
34142,252,3,0,5592
34146,480,3,0,1296
34158,108,2,0,9312
34162,84,3,-1,2016
34174,276,2,0,14976
34178,120,2,0,9504
34190,132,3,-1,8736
34194,72,2,0,12720
34206,228,3,0,5760
34210,672,3,0,11280
34222,72,2,0,16512
34226,156,3,1,12960
34238,336,2,0,4104
34242,108,2,0,9504
34254,48,3,1,1260
34258,84,2,0,15072
34270,648,4,-1,1560
34274,948,5,1,2016
34286,108,2,0,15168
34290,60,3,-1,3744
34302,180,2,0,12672
34306,324,2,0,2904
34318,60,3,-1,3264
34322,108,2,0,228
34334,492,5,-1,1200
34338,300,4,-1,1872
34350,276,2,0,18360
34354,144,3,1,288
34366,312,2,0,960
34370,108,2,0,11376
34382,180,3,1,72
34386,108,2,0,10848
34398,408,3,0,5904
34402,288,3,0,5472
34414,216,2,0,672
34418,228,3,-1,72
34430,348,2,0,19176
34434,228,2,0,15264
34446,48,3,-1,864
34450,192,2,0,4680
34462,408,3,0,8208
34466,216,3,0,6336
34478,36,2,0,10416
34482,48,3,1,9828
34494,144,2,0,11712
34510,132,3,1,24180
34514,96,2,0,15456
34526,840,4,1,96
34530,720,4,0,5040
34542,84,2,0,9792
34546,168,3,-1,1188
34558,348,2,0,4608
34562,216,2,0,108
34574,168,3,-1,6048
34578,144,2,0,1908
34590,492,6,1,102
34594,900,4,1,3360
34606,168,2,0,19200
34610,240,3,1,3960
34622,144,2,0,10272
34626,240,2,0,14496
34638,96,3,1,9168
34642,144,2,0,13056
34654,516,3,0,2016
34658,384,3,0,6912
34670,288,2,0,7584
34674,72,3,-1,3840
34690,384,2,0,23712
34702,108,3,-1,1932
34706,132,2,0,2688
34718,528,3,0,8352
34722,276,3,0,4512
34734,84,2,0,15552
34738,60,3,1,3780
34750,336,2,0,20640
34754,288,2,0,2592
34766,48,3,1,11448
34770,132,2,0,18144
34782,324,4,-1,2304
34786,468,4,0,3456
34798,96,2,0,11040
34802,120,3,-1,5400
34814,324,2,0,5568
34818,156,2,0,7728
34830,192,3,-1,5520
34834,240,2,0,17952
34846,780,4,0,288
34850,912,4,-1,1620
34862,60,2,0,10512
34866,60,3,1,15072
34878,168,2,0,9264
34882,324,2,0,4656
34894,84,3,1,19872
34898,84,2,0,9792
34910,936,3,0,18048
34914,192,3,0,4992
34926,36,2,0,10560
34930,36,3,-1,5112
34942,168,2,0,10560
34946,420,2,0,192
34958,156,3,-1,1584
34962,84,2,0,11088
34974,312,3,0,5856
34978,540,3,0,9888
34990,156,2,0,4416
34994,60,3,1,3696
35006,360,2,0,24384
35010,204,2,0,13176
35022,96,3,1,13728
35026,108,2,0,7392
35038,444,4,1,504
35042,492,6,-1,600
35054,156,2,0,4416
35058,48,3,-1,3024
35070,192,2,0,10920
35074,216,2,0,13632
35086,156,3,-1,6528
35090,132,2,0,22080
35102,444,4,0,672
35106,360,4,1,6732
35118,60,2,0,12144
35122,48,3,1,10656
35134,264,2,0,7488
35138,360,2,0,5088
35150,108,3,1,16404
35154,120,2,0,2880
35166,252,3,0,696
35170,768,3,0,3744
35182,108,2,0,11280
35186,120,3,-1,5784
35198,288,2,0,2208
35202,192,2,0,12816
35214,108,3,-1,3960
35218,120,2,0,15792
35230,372,3,0,9720
35234,336,3,0,7488
35246,252,2,0,1104
35262,228,2,0,9828
35266,288,2,0,1152
35278,132,3,1,2064
35282,252,2,0,6480
35294,444,4,-1,2424
35298,192,5,-1,576
35310,60,2,0,10560
35314,264,3,-1,1812
35326,216,2,0,15552
35330,384,2,0,27216
35342,60,3,-1,612
35346,108,2,0,2148
35358,660,5,1,3276
35362,384,4,-1,348
35374,132,2,0,15744
35378,108,3,1,13632
35390,360,2,0,8352
35394,264,2,0,2496
35406,36,3,1,9828
35410,156,2,0,19008
35422,468,3,0,1776
35426,372,3,0,2352
35442,96,3,-1,3960
35454,336,2,0,2304
35458,264,2,0,5064
35470,180,3,-1,8136
35474,132,2,0,16512
35486,372,3,0,6048
35490,480,3,0,7152
35502,48,2,0,8832
35506,192,3,1,22080
35518,120,2,0,12096
35522,168,2,0,13056
35534,168,3,1,4128
35538,132,2,0,9168
35550,588,4,1,8520
35554,792,4,0,1560
35566,204,2,0,9216
35570,312,3,-1,2064
35582,132,2,0,11376
35586,156,2,0,10368
35598,24,3,-1,3564
35602,60,2,0,312
35614,576,6,0,1200
35618,468,4,1,6336
35630,108,2,0,17088
35634,60,3,1,8628
35646,240,2,0,2784
35650,216,2,0,21936
35662,84,3,1,11376
35666,156,2,0,22464
35678,588,3,0,1320
35682,192,3,0,4536
35694,96,2,0,528
35698,84,3,-1,4320
35710,420,2,0,6432
35714,408,2,0,552
35726,144,3,-1,5760
35730,132,2,0,15600
35742,84,3,0,3456
35746,684,3,0,324
35758,132,2,0,14112
35762,72,3,1,13728
35774,144,2,0,12960
35778,144,2,0,10896
35790,24,3,1,18144
35794,120,2,0,14784
35806,396,4,-1,240
35810,672,4,0,240
35822,168,2,0,6924
35826,72,3,-1,300
35838,180,2,0,12192
35842,120,2,0,12384
35854,192,3,-1,228
35858,120,2,0,2592
35870,744,4,0,6720
35874,588,4,-1,2952
35886,72,2,0,12288
35890,360,3,1,12240
35902,336,2,0,17568
35906,372,2,0,16896
35918,60,3,1,14148
35922,72,2,0,12816
35934,216,3,0,3984
35938,324,3,0,6624
35950,240,2,0,4008
35954,108,3,-1,672
35966,204,2,0,3360
35970,120,2,0,13344
35982,60,3,-1,528
35986,132,2,0,16992
35998,336,3,0,2880
36014,204,2,0,17280
36018,72,3,1,12672
36030,264,2,0,18240
36034,300,2,0,5280
36046,84,3,1,2160
36050,156,2,0,17088
36062,624,4,1,7344
36066,288,5,0,1248
36078,60,2,0,7152
36082,132,3,-1,156
36094,276,2,0,17472
36098,372,2,0,24768
36110,84,3,-1,1584
36114,120,2,0,15552
36126,648,4,0,4392
36130,492,4,1,7416
36142,204,2,0,6048
36146,108,3,1,228
36158,192,2,0,12192
36162,120,2,0,8880
36174,36,3,1,11712
36178,120,2,0,408
36194,372,3,0,6336
36206,96,2,0,14208
36210,108,3,-1,7350
36222,216,2,0,8640
36226,312,2,0,19344
36238,108,3,-1,5760
36242,72,2,0,11664
36254,1140,3,0,1032
36258,336,3,0,6672
36270,60,2,0,636
36274,96,3,1,13584
36286,348,2,0,3744
36290,372,2,0,360
36302,132,3,1,16224
36306,36,2,0,10272
36318,300,4,-1,1668
36322,864,5,1,1830
36334,132,2,0,14208
36338,96,3,-1,4704
36350,288,2,0,21264
36354,240,2,0,2688
36366,108,3,-1,5424
36370,72,2,0,20736
36382,384,5,-1,972
36386,324,4,-1,2112
36398,132,2,0,3312
36402,12,3,1,8544
36414,156,2,0,10512
36418,180,2,0,11424
36430,204,3,1,9408
36434,204,2,0,7296
36446,468,3,0,2112
36450,564,3,0,10272
36462,144,2,0,10272
36466,96,3,-1,1536
36478,228,2,0,17832
36482,168,2,0,14064
36494,36,3,-1,4608
36498,24,2,0,6972
36510,444,3,0,9600
36514,336,3,0,7296
36526,24,2,0,14016
36530,180,3,1,27024
36542,192,2,0,3648
36546,216,2,0,2208
36558,48,3,1,468
36562,180,2,0,17472
36574,1044,4,1,1104
36578,492,4,0,1176
36590,216,2,0,26784
36594,60,3,-1,3456
36606,108,2,0,11760
36610,240,2,0,4128
36622,60,3,-1,3072
36626,132,2,0,22656
36638,528,5,0,1344
36642,324,4,1,4140
36654,216,2,0,3408
36658,36,3,1,12420
36670,180,2,0,18144
36674,168,2,0,13632
36686,192,3,1,8976
36690,60,2,0,11040
36702,240,3,0,5664
36706,540,3,0,10752
36718,96,2,0,3804
36722,84,3,-1,1224
36734,228,2,0,2592
36738,192,2,0,12384
36750,60,3,-1,4824
36766,408,3,0,1152
36770,552,3,0,10944
36782,108,2,0,15744
36786,72,3,1,16500
36798,192,2,0,12960
36802,168,2,0,12240
36814,156,3,1,20160
36818,120,2,0,12768
36830,672,4,-1,816
36834,504,4,0,2712
36846,72,2,0,3168
36850,96,3,-1,5952
36862,216,2,0,5544
36866,336,2,0,4704
36878,120,3,-1,4320
36882,72,2,0,10560
36894,300,4,0,2592
36898,936,4,-1,264
36910,204,2,0,26544
36914,120,3,1,17064
36926,264,2,0,19392
36930,192,2,0,1656
36946,96,2,0,3192
36958,216,3,0,6768
36962,552,3,0,1344
36974,84,2,0,960
36978,60,3,-1,3264
36990,336,2,0,15840
36994,372,2,0,21696
37006,132,3,-1,1824
37010,216,2,0,8472
37022,348,3,0,6624
37026,300,3,0,6048
37038,84,2,0,10704
37042,180,3,1,3816
37054,132,2,0,2832
37058,180,2,0,14208
37070,156,3,1,21576
37074,168,2,0,14304
37086,468,4,1,5184
37090,660,5,0,2448
37102,84,2,0,14208
37106,96,3,-1,4704
37118,264,2,0,84
37122,192,2,0,9600
37134,120,3,-1,6240
37138,108,2,0,15648
37150,720,4,0,1248
37154,1128,4,1,588
37166,72,2,0,12672
37170,108,3,1,14688
37182,144,2,0,10080
37186,360,2,0,7680
37198,60,3,1,12168
37202,120,2,0,9024
37214,540,3,0,10368
37218,240,3,0,4608
37230,108,2,0,9216
37234,108,3,-1,5760
37246,300,2,0,2832
37250,276,2,0,23088
37262,240,3,-1,1176
37266,60,2,0,17712
37278,168,3,0,396
37282,252,3,0,3792
37294,204,2,0,768
37298,120,3,1,384
37310,336,2,0,23424
37314,132,2,0,11232
37326,108,3,1,9024
37330,216,2,0,10080
37342,516,4,-1,2304
37346,864,5,-1,480
37358,228,2,0,18048
37362,36,3,-1,3078
37374,264,2,0,16272
37378,204,2,0,12288
37390,144,3,-1,6048
37394,120,2,0,13440
37406,660,5,1,1200
37410,480,4,-1,2448
37422,96,2,0,8544
37426,168,3,1,816
37438,192,2,0,4464
37442,408,2,0,7536
37454,96,3,1,2400
37458,84,2,0,14688
37470,372,3,0,8472
37474,516,3,0,1584
37486,180,2,0,21504
37490,144,3,-1,5904
37502,168,2,0,11424
37518,144,3,-1,504
37522,168,2,0,16320
37534,588,3,0,9600
37538,312,3,0,144
37550,408,2,0,1836
37554,84,3,1,2916
37566,72,2,0,8640
37570,528,2,0,30336
37582,132,3,1,2592
37586,72,2,0,2976
37598,432,4,1,5640
37602,348,4,0,2640
37614,108,2,0,12744
37618,120,3,-1,2016
37630,336,2,0,22272
37634,168,2,0,13248
37646,180,3,-1,300
37650,96,2,0,10020
37662,432,5,0,1800
37666,648,4,1,10080
37678,48,2,0,9456
37682,204,3,1,19752
37698,96,2,0,8064
37710,192,3,1,19032
37714,96,2,0,96
37726,552,3,0,4680
37730,528,3,0,2880
37742,108,2,0,96
37746,108,3,-1,78
37758,120,2,0,8736
37762,324,2,0,408
37774,84,3,-1,3840
37778,240,2,0,23760
37790,264,3,0,5856
37794,468,3,0,8352
37806,96,2,0,15600
37810,192,3,1,804
37822,348,2,0,23328
37826,132,2,0,12288
37838,144,3,1,3780
37842,60,2,0,9408
37854,444,4,-1,384
37858,408,4,0,2688
37870,180,2,0,1332
37874,168,3,-1,3024
37886,180,2,0,15744
37890,240,2,0,432
37902,60,3,-1,36
37906,228,2,0,3744
37918,540,4,0,3744
37922,264,4,-1,1560
37934,120,2,0,16752
37938,84,3,1,10224
37950,192,2,0,12576
37954,336,2,0,3408
37966,96,3,1,12672
37970,144,2,0,1536
37982,612,3,0,2904
37986,264,3,0,5280
37998,108,2,0,12288
38002,180,3,-1,6048
38014,312,2,0,4224
38018,240,2,0,4224
38030,108,3,-1,7440
38034,108,2,0,9984
38046,396,3,0,1176
38050,756,3,0,4848
38062,96,2,0,10176
38066,36,3,1,12000
38078,252,2,0,18240
38082,192,2,0,12240
38094,96,3,1,10584
38098,108,2,0,10416
38110,684,4,1,9120
38114,732,7,0,624
38126,60,2,0,3456
38130,120,3,-1,5310
38142,180,2,0,11784
38146,444,2,0,3360
38158,168,3,-1,2880
38162,96,2,0,4224
38174,552,4,0,4032
38178,216,4,1,4032
38190,168,2,0,14592
38194,216,3,1,3480
38206,144,2,0,12864
38210,216,2,0,12768
38222,72,3,1,12984
38226,132,2,0,1872
38238,252,3,0,4992
38242,420,3,0,6816
38254,204,2,0,3552
38270,528,2,0,2400
38274,168,2,0,12864
38286,36,3,-1,3216
38290,120,2,0,17376
38302,456,3,0,240
38306,636,3,0,5184
38318,60,2,0,15072
38322,60,3,1,7632
38334,252,2,0,1920
38338,168,2,0,3240
38350,204,3,1,25296
38354,156,2,0,3648
38366,720,4,-1,192
38370,618,5,1,126
38382,96,2,0,10632
38386,96,3,-1,6720
38398,96,2,0,10032
38402,168,2,0,11712
38414,168,3,-1,2376
38418,84,2,0,792
38430,480,5,-1,1224
38434,396,4,-1,2496
38450,192,3,1,5868
38462,192,2,0,10992
38466,216,2,0,11808
38478,48,3,1,9576
38482,132,2,0,5520
38494,228,3,0,6624
38498,576,3,0,1560
38510,108,2,0,432
38514,72,3,-1,3504
38526,276,2,0,14064
38530,216,2,0,2160
38542,72,3,-1,4728
38546,108,2,0,2304
38558,456,3,0,2112
38562,288,3,0,5952
38574,60,2,0,9408
38578,132,3,1,16272
38590,636,2,0,15948
38594,192,2,0,1872
38606,156,3,1,19560
38610,96,2,0,15312
38622,324,4,1,4320
38626,516,4,0,1056
38638,96,2,0,13248
38642,108,3,-1,3840
38654,228,2,0,3504
38658,144,2,0,10176
38670,72,3,-1,4464
38674,96,2,0,20064
38686,576,6,-1,576
38690,912,4,1,12528
38702,108,2,0,4992
38706,84,3,1,9984
38718,180,2,0,12192
38722,264,2,0,18192
38734,108,3,1,4992
38738,156,2,0,6288
38750,432,3,0,8256
38754,336,3,0,1032
38766,96,2,0,12432
38770,132,3,-1,1272
38782,240,2,0,14400
38786,288,2,0,19104
38798,48,3,-1,4128
38802,96,2,0,11712
38814,372,3,0,7080
38818,360,3,0,6000
38830,156,2,0,25008
38834,204,3,1,18816
38846,228,2,0,1224
38850,324,2,0,18288
38862,84,3,1,13032
38866,168,2,0,15360
38878,480,4,-1,546
38882,492,4,0,864
38894,156,2,0,16512
38898,144,3,-1,3708
38910,180,2,0,13728
38914,540,2,0,11904
38926,60,3,-1,5664
38930,72,2,0,17856
38942,516,4,0,4224
38946,372,4,-1,420
38958,60,2,0,9360
38962,48,3,1,10380
38974,312,2,0,18432
38978,108,2,0,10176
38990,192,3,1,4176
38994,48,2,0,11088
39006,276,3,0,5760
39022,120,2,0,5268
39026,312,3,-1,2256
39038,192,2,0,13536
39042,60,2,0,6960
39054,108,3,-1,1068
39058,156,2,0,5088
39070,540,3,0,10848
39074,312,3,0,6912
39086,228,2,0,2304
39090,180,3,1,15888
39102,168,2,0,7296
39106,132,2,0,240
39118,132,3,1,1500
39122,108,2,0,14208
39134,888,4,1,2760
39138,372,6,1,1260
39150,168,2,0,21360
39154,156,3,-1,1080
39166,540,2,0,2928
39170,408,2,0,10464
39182,84,3,-1,4536
39186,108,2,0,10680
39202,912,4,1,2160
39214,108,2,0,1344
39218,120,3,1,11904
39230,360,2,0,19584
39234,168,2,0,16272
39246,60,3,1,1962
39250,252,2,0,24384
39262,408,3,0,7152
39266,480,3,0,9504
39278,276,2,0,408
39282,84,3,-1,288
39294,204,2,0,15840
39298,204,2,0,11832
39310,108,3,-1,1440
39314,216,2,0,552
39326,252,3,0,5760
39330,396,3,0,6048
39342,96,2,0,9408
39346,312,3,1,2592
39358,156,2,0,10944
39362,312,2,0,20640
39374,156,3,1,21216
39378,48,2,0,9408
39390,564,4,-1,3240
39394,468,5,-1,1056
39406,84,2,0,16224
39410,132,3,-1,6024
39422,180,2,0,3504
39426,192,2,0,14880
39438,72,3,-1,2592
39442,72,2,0,15120
39454,816,5,1,252
39458,624,4,-1,1008
39470,240,2,0,19008
39474,120,3,1,16344
39486,132,2,0,16608
39490,348,2,0,1680
39502,144,3,1,18624
39506,108,2,0,14400
39518,216,3,0,5856
39522,240,3,0,4128
39534,72,2,0,8448
39538,132,3,-1,4680
39550,240,2,0,15552
39554,300,2,0,4080
39566,348,3,-1,1344
39570,156,2,0,18660
39582,156,3,0,4656
39586,480,3,0,8016
39598,204,2,0,6720
39602,168,3,1,6144
39614,168,2,0,14976
39618,192,2,0,12384
39630,84,3,1,12762
39634,96,2,0,3552
39646,1008,4,1,2112
39650,492,4,0,4848
39662,72,2,0,11040
39666,36,3,-1,3552
39678,204,2,0,816
39682,192,2,0,14688
39694,144,3,-1,4848
39698,48,2,0,1344
39710,1320,7,1,810
39714,336,4,1,4764
39726,84,2,0,11064
39730,132,3,1,19152
39742,132,2,0,2880
39746,300,2,0,624
39758,132,3,1,14112
39774,384,3,0,5472
39778,504,3,0,3240
39790,156,2,0,19584
39794,228,3,-1,8064
39806,204,2,0,13056
39810,216,2,0,14688
39822,48,3,-1,4680
39826,96,2,0,13824
39838,516,3,0,10368
39842,360,3,0,6048
39854,192,2,0,108
39858,72,3,1,8664
39870,360,2,0,2100
39874,168,2,0,13824
39886,180,3,1,6216
39890,204,2,0,1776
39902,396,4,-1,276
39906,360,4,0,3528
39918,108,2,0,11664
39922,144,3,-1,1404
39934,240,2,0,19296
39938,72,2,0,8424
39954,96,2,0,2112
39966,276,4,0,2160
39970,744,4,-1,3888
39982,144,2,0,13728
39986,96,3,1,15360
39998,252,2,0,360
40002,120,2,0,8568
40014,120,3,1,15312
40018,144,2,0,13824
40030,684,3,0,2880
40034,696,3,0,4680
40046,108,2,0,2640
40050,132,3,-1,5328
40062,192,2,0,12252
40066,396,2,0,792
40078,48,3,-1,3672
40082,84,2,0,12288
40094,252,3,0,6912
40098,312,3,0,888
40110,108,2,0,15600
40114,108,3,1,12000
40126,360,2,0,20256
40130,300,2,0,27648
40142,144,3,1,270
40146,96,2,0,840
40158,300,4,1,4500
40162,516,5,0,144
40174,192,2,0,5136
40178,132,3,-1,1308
40190,396,2,0,27888
40194,192,2,0,9168
40206,72,3,-1,3840
40210,228,2,0,10272
40222,264,4,0,2784
40226,396,4,1,5376
40238,60,2,0,10080
40242,180,3,1,15822
40254,168,2,0,2064
40258,276,2,0,16704
40270,108,3,1,20112
40274,72,2,0,13776
40286,708,3,0,2736
40290,396,3,0,8352
40302,96,2,0,10188
40306,144,3,-1,5496
40318,300,2,0,5952
40322,312,2,0,4320
40334,48,3,-1,4800
40338,48,2,0,9456
40350,420,3,0,7728
40354,552,3,0,576
40366,84,2,0,12672
40370,156,3,1,18144
40382,204,2,0,18096
40386,264,2,0,12096
40398,72,3,1,11490
40402,120,2,0,14976
40414,396,4,-1,1824
40418,408,5,1,2976
40430,360,2,0,6816
40434,132,3,-1,4368
40446,288,2,0,240
40450,228,2,0,18072
40462,168,3,-1,720
40466,168,2,0,9024
40478,444,5,-1,1056
40482,552,4,-1,114
40494,96,2,0,14688
40498,168,3,1,2832
40510,360,2,0,23328
40526,72,3,1,13680
40530,36,2,0,12168
40542,300,3,0,5784
40546,312,3,0,1200
40558,72,2,0,192
40562,108,3,-1,3624
40574,216,2,0,5760
40578,228,2,0,11904
40590,96,3,-1,3648
40594,96,2,0,20352
40606,756,3,0,2544
40610,648,3,0,2400
40622,108,2,0,15552
40626,72,3,1,8544
40638,132,2,0,10464
40642,288,2,0,4248
40654,336,3,1,720
40658,168,2,0,18528
40670,348,4,1,7428
40674,372,4,0,240
40686,60,2,0,1440
40690,96,3,-1,8016
40706,432,2,0,20736
40718,96,3,-1,1206
40722,60,2,0,552
40734,324,5,0,1968
40738,432,4,1,6312
40750,156,2,0,8064
40754,144,3,1,720
40766,312,2,0,14976
40770,168,2,0,18240
40782,24,3,1,6720
40786,180,2,0,1344
40798,288,3,0,6336
40802,420,3,0,8640
40814,108,2,0,17568
40818,72,3,-1,3192
40830,192,2,0,17208
40834,264,2,0,15600
40846,120,3,-1,1344
40850,180,2,0,3072
40862,396,3,0,504
40866,204,3,0,5472
40878,132,2,0,11928
40882,96,3,1,2520
40894,384,2,0,288
40898,288,2,0,5712
40910,144,3,1,19296
40914,36,2,0,11616
40926,216,4,-1,1656
40930,1020,4,0,1512
40942,84,2,0,14400
40946,84,3,-1,1080
40958,276,2,0,17640
40962,72,2,0,9408
40974,24,3,-1,2784
40978,84,2,0,10752
40990,852,4,0,5760
40994,540,4,-1,2880
41006,180,2,0,6960
41010,96,3,1,18918
41022,120,2,0,8640
41026,192,2,0,18432
41038,48,3,1,3012
41042,120,2,0,4800
41054,624,3,0,2928
41058,108,3,0,3672
41070,120,2,0,22128
41074,180,3,-1,2688
41086,288,2,0,20736
41090,168,2,0,16848
41102,84,3,-1,3744
41106,96,2,0,12672
41118,192,3,0,4944
41122,408,3,0,528
41134,108,2,0,13152
41138,72,3,1,15792
41150,444,2,0,396
41154,228,2,0,2736
41166,84,3,1,18864
41170,72,2,0,14208
41182,948,4,1,273
41186,720,5,0,192
41198,108,2,0,10944
41202,120,3,-1,3432
41214,120,2,0,8928
41218,348,2,0,5760
41230,144,3,-1,6120
41234,48,2,0,11712
41246,492,4,0,672
41250,588,4,1,6576
41262,48,2,0,9360
41278,216,2,0,14592
41282,228,2,0,11520
41294,216,3,1,7488
41298,84,2,0,10368
41310,240,3,0,4896
41314,372,3,0,8640
41326,132,2,0,4224
41330,228,3,-1,3408
41342,204,2,0,14712
41346,252,2,0,3432
41358,84,3,-1,5112
41362,132,2,0,3792
41374,336,3,0,6432
41378,432,3,0,7200
41390,216,2,0,19800
41394,84,3,1,10080
41406,132,2,0,14208
41410,288,2,0,21792
41422,120,3,1,12312
41426,60,2,0,14784
41438,636,4,-1,192
41442,240,5,-1,576
41458,0,3,-1,3072
41470,360,2,0,768
41474,348,2,0,4680
41486,84,3,-1,4032
41490,120,2,0,23544
41502,480,5,1,3024
41506,612,4,-1,1152
41518,108,2,0,14112
41522,96,3,1,13824
41534,240,2,0,17088
41538,144,2,0,10752
41550,84,3,1,17736
41554,156,2,0,4224
41566,432,3,0,7488
41570,372,3,0,6912
41582,144,2,0,4320
41586,48,3,-1,192
41598,156,2,0,8868
41602,288,2,0,15264
41614,180,3,-1,252
41618,156,2,0,4248
41630,492,3,0,10272
41634,372,3,0,96
41646,72,2,0,2112
41650,144,3,1,6120
41662,168,2,0,12672
41666,288,2,0,2112
41678,60,3,1,13248
41682,84,2,0,8424
41694,600,4,1,6576
41698,492,4,0,4824
41710,204,2,0,20352
41714,96,3,-1,6432
41726,372,2,0,5952
41730,264,2,0,15960
41742,48,3,-1,2862
41746,132,2,0,2112
41758,636,5,0,120
41762,720,4,1,2880
41774,72,2,0,23520
41778,108,3,1,8592
41790,264,2,0,14256
41794,144,2,0,3120
41806,168,3,1,14976
41810,144,2,0,25536
41822,252,3,0,4968
41826,516,3,0,10008
41838,60,2,0,9984
41842,72,3,-1,4176
41854,456,2,0,4896
41858,120,2,0,9984
41870,276,3,-1,3072
41874,96,2,0,11040
41886,444,3,0,7008
41890,468,3,0,9408
41902,108,2,0,3024
41906,108,3,1,3948
41918,108,2,0,11328
41922,180,2,0,12960
41934,48,3,1,9324
41938,132,2,0,8088
41950,876,4,-1,4320
41954,516,4,0,624
41966,132,2,0,19968
41970,120,3,-1,4968
41982,96,2,0,9600
41986,156,2,0,13056
41998,144,3,-1,4608
42002,156,2,0,16128
42014,384,4,0,720
42030,132,2,0,17664
42034,168,3,1,20784
42046,288,2,0,1296
42050,492,2,0,456
42062,120,3,1,13752
42066,48,2,0,9744
42078,216,3,0,6288
42082,468,3,0,1152
42094,72,2,0,15120
42098,72,3,-1,348
42110,288,2,0,21120
42114,132,2,0,9312
42126,132,3,-1,4776
42130,120,2,0,16128
42142,216,3,0,5280
42146,468,3,0,1968
42158,72,2,0,1272
42162,120,3,1,13944
42174,192,2,0,12912
42178,204,2,0,13680
42190,228,3,1,6120
42194,120,2,0,9024
42210,492,7,-1,252
42222,48,2,0,1692
42226,144,3,-1,1296
42238,192,2,0,12960
42242,216,2,0,14832
42254,168,3,-1,156
42258,108,2,0,11448
42270,480,4,0,3648
42274,468,4,1,8064
42286,204,2,0,25632
42290,108,3,1,14064
42302,336,2,0,9384
42306,204,2,0,12192
42318,60,3,1,8256
42322,60,2,0,10752
42334,492,3,0,2496
42338,624,3,0,96
42350,132,2,0,16128
42354,96,3,-1,1
42366,120,2,0,8400
42370,648,2,0,14928
42382,96,3,-1,3264
42386,108,2,0,17424
42398,516,3,0,10560
42402,144,3,0,4416
42414,156,2,0,16512
42418,180,3,1,1812
42430,132,2,0,13872
42434,360,2,0,16512
42446,216,3,1,1008
42450,96,2,0,2016
42462,252,4,-1,1512
42466,372,5,1,3408
42478,180,2,0,8064
42482,180,3,-1,672
42494,228,2,0,15168
42498,300,2,0,12960
42510,204,3,-1,6900
42514,120,2,0,4992
42526,576,5,-1,1248
42530,720,4,-1,3888
42542,48,2,0,11328
42546,108,3,1,2016
42558,156,2,0,10176
42562,132,2,0,12240
42574,48,3,1,12288
42578,60,2,0,10560
42590,648,3,0,3360
42594,360,3,0,8064
42606,72,2,0,10872
42610,192,3,-1,9360
42622,408,2,0,5760
42626,276,2,0,6432
42638,144,3,-1,6000
42642,36,2,0,7728
42654,288,3,0,1248
42658,408,3,0,1488
42670,132,2,0,19392
42674,192,3,1,14976
42686,144,2,0,12288
42690,168,2,0,12000
42702,24,3,1,684
42706,72,2,0,19200
42718,468,4,1,6828
42722,492,4,0,3672
42734,96,2,0,7296
42738,120,3,-1,3978
42750,216,2,0,17448
42754,204,2,0,2112
42766,156,3,-1,1188
42782,660,6,1,1728
42786,564,4,1,8544
42798,72,2,0,6336
42802,72,3,1,5568
42814,396,2,0,24000
42818,180,2,0,13728
42830,108,3,1,23076
42834,60,2,0,11808
42846,636,3,0,1584
42850,264,3,0,8448
42862,132,2,0,13968
42866,204,3,-1,8448
42878,96,2,0,2448
42882,192,2,0,10944
42894,156,3,-1,4224
42898,108,2,0,14688
42910,720,3,0,4680
42914,360,3,0,1920
42926,96,2,0,17664
42930,72,3,1,14814
42942,204,2,0,10608
42946,600,2,0,1680
42962,144,2,0,14976
42974,492,4,-1,3264
42978,360,4,0,3120
42990,132,2,0,17256
42994,60,3,-1,3648
43006,216,2,0,2112
43010,252,2,0,21408
43022,96,3,-1,1464
43026,60,2,0,8064
43038,276,4,0,264
43042,552,4,-1,3072
43054,144,2,0,432
43058,216,3,1,8160
43070,324,2,0,20544
43074,180,2,0,10416
43086,60,3,1,1404
43090,132,2,0,5664
43102,324,3,0,7560
43106,372,3,0,6528
43118,120,2,0,13824
43122,60,3,-1,3384
43134,192,2,0,8640
43138,168,2,0,13104
43150,192,3,-1,480
43154,228,2,0,4992
43166,996,3,0,5112
43170,516,3,0,8136
43182,72,2,0,12816
43186,108,3,1,13056
43198,384,2,0,3216
43202,168,2,0,360
43214,36,3,1,13920
43218,84,2,0,9120
43230,636,4,1,8208
43234,852,6,-1,42
43246,204,2,0,3168
43250,132,3,-1,6312
43262,240,2,0,13248
43266,96,2,0,8760
43278,96,3,-1,2556
43282,60,2,0,15312
43294,348,4,0,4176
43298,492,4,1,5856
43310,216,2,0,5076
43314,144,3,1,13008
43326,132,2,0,11328
43330,276,2,0,16224
43342,168,3,1,8760
43346,216,2,0,1152
43358,384,3,0,5472
43362,252,3,0,4224
43374,84,2,0,14880
43378,192,3,-1,36
43390,240,2,0,15264
43394,324,2,0,22752
43406,60,3,-1,4488
43410,72,2,0,14784
43422,276,3,0,5040
43426,516,3,0,10176
43438,168,2,0,14592
43442,156,3,1,11952
43454,528,2,0,528
43458,120,2,0,8592
43470,72,3,1,13896
43474,132,2,0,16320
43486,552,4,-1,720
43490,1344,5,-1,1062
43502,60,2,0,9792
43506,96,3,-1,5568
43518,132,2,0,13440
43534,144,3,-1,6912
43538,48,2,0,9408
43550,696,5,1,540
43554,372,4,-1,396
43566,72,2,0,9792
43570,132,3,1,1536
43582,132,2,0,10032
43586,264,2,0,15936
43598,156,3,1,6900
43602,120,2,0,15000
43614,372,3,0,5472
43618,552,3,0,8832
43630,180,2,0,5664
43634,132,3,-1,936
43646,444,2,0,4800
43650,228,2,0,16008
43662,48,3,-1,2712
43666,204,2,0,8064
43678,348,3,0,5760
43682,276,3,0,6912
43694,84,2,0,15072
43698,36,3,1,9864
43714,312,2,0,20928
43726,96,3,1,18144
43730,84,2,0,18624
43742,504,4,1,1716
43746,252,4,0,432
43758,156,2,0,12636
43762,72,3,-1,4512
43774,240,2,0,5376
43778,348,2,0,1296
43790,144,3,-1,912
43794,96,2,0,11712
43806,588,7,0,456
43810,912,4,1,2928
43822,144,2,0,2160
43826,192,3,1,1968
43838,228,2,0,9744
43842,228,2,0,12960
43854,132,3,1,2712
43858,96,2,0,12576
43870,768,3,0,16128
43874,456,3,0,7008
43886,168,2,0,5760
43890,24,3,-1,3672
43902,132,2,0,9888
43906,240,2,0,15168
43918,96,3,-1,1296
43922,60,2,0,84
43934,468,3,0,9408
43938,360,3,0,5580
43950,60,2,0,11232
43954,144,3,1,864
43966,144,2,0,17088
43970,108,2,0,15552
43982,132,3,1,17040
43986,132,2,0,2160
43998,204,4,-1,1812
44002,264,4,0,2880
44014,84,2,0,13056
44018,156,3,-1,720
44030,456,2,0,9648
44034,252,2,0,1008
44046,96,3,-1,552
44050,192,2,0,27552
44062,528,4,0,840
44066,372,4,-1,624
44078,36,2,0,18336
44082,36,3,1,7956
44094,156,2,0,12000
44098,276,2,0,5136
44110,84,3,1,15024
44114,132,2,0,14496
44126,384,3,0,6816
44130,552,3,0,10752
44142,48,2,0,10368
44146,108,3,-1,984
44158,300,2,0,768
44162,144,2,0,12096
44174,132,3,-1,1320
44178,72,2,0,11268
44190,540,3,0,8304
44194,348,3,0,8352
44206,252,2,0,8880
44210,264,3,1,7680
44222,144,2,0,9312
44226,192,2,0,10176
44238,48,3,1,11064
44242,84,2,0,3840
44254,648,4,1,1248
44258,372,5,0,1752
44270,96,2,0,17280
44286,144,2,0,9336
44290,204,2,0,19728
44302,144,3,-1,5640
44306,48,2,0,14976
44318,540,4,0,1104
44322,300,4,1,5712
44334,120,2,0,12384
44338,108,3,1,12168
44350,408,2,0,672
44354,504,2,0,1872
44366,132,3,1,10800
44370,204,2,0,14880
44382,228,3,0,5136
44386,480,3,0,2112
44398,108,2,0,11520
44402,120,3,-1,5760
44414,432,2,0,23904
44418,96,2,0,7296
44430,132,3,-1,60
44434,84,2,0,15360
44446,360,3,0,1536
44450,492,3,0,9792
44466,144,3,1,16224
44478,192,2,0,10284
44482,120,2,0,11256
44494,204,3,1,4656
44498,96,2,0,2592
44510,468,4,-1,2880
44514,384,5,1,3096
44526,84,2,0,16848
44530,264,3,-1,4320
44542,192,2,0,14496
44546,312,2,0,2784
44558,72,3,-1,2892
44562,36,2,0,9096
44574,504,5,-1,144
44578,228,4,-1,1632
44590,180,2,0,22896
44594,48,3,1,11856
44606,408,2,0,576
44610,348,2,0,21000
44622,36,3,1,9576
44626,204,2,0,20352
44638,588,3,0,3360
44642,360,3,0,2400
44654,168,2,0,144
44658,108,3,-1,3408
44670,96,2,0,11520
44674,300,2,0,1200
44686,84,3,-1,5760
44690,108,2,0,20592
44702,324,3,0,5760
44706,312,3,0,5208
44718,48,2,0,9408
44722,144,3,1,14004
44734,264,2,0,12288
44738,312,2,0,16992
44750,168,3,1,1716
44754,36,2,0,2088
44766,912,4,1,8388
44770,792,4,0,576
44782,72,2,0,3360
44786,84,3,-1,1776
44798,252,2,0,16128
44802,132,2,0,1392
44814,72,3,-1,3984
44818,120,2,0,3144
44830,732,5,0,2592
44834,720,4,1,10944
44846,144,2,0,4032
44850,48,3,1,13944
44862,144,2,0,11544
44866,180,2,0,12672
44878,156,3,1,17136
44882,192,2,0,20304
44894,396,3,0,3024
44898,300,3,0,4704
44910,156,2,0,15168
44914,96,3,-1,6144
44926,204,2,0,3120
44930,324,2,0,3888
44942,132,3,-1,4560
44946,180,2,0,4524
44958,240,3,0,3984
44962,708,3,0,4068
44974,192,2,0,18624
44978,72,3,1,11664
44990,276,2,0,23808
44994,132,2,0,11712
45006,24,3,1,11664
45010,120,2,0,17472
45022,432,4,-1,240
45038,120,2,0,3636
45042,84,3,-1,2592
45054,264,2,0,144
45058,180,2,0,17760
45070,276,3,-1,3528
45074,228,2,0,2592
45086,636,4,0,5184
45090,420,4,-1,1944
45102,72,2,0,14280
45106,108,3,1,3360
45118,228,2,0,15024
45122,168,2,0,11280
45134,132,3,1,15360
45138,60,2,0,9360
45150,408,3,0,5784
45154,552,3,0,2016
45166,60,2,0,13824
45170,240,3,-1,8640
45182,108,2,0,4152
45186,240,2,0,14880
45198,120,3,-1,3312
45202,120,2,0,10176
45218,492,3,0,3024
45230,180,2,0,23424
45234,96,3,1,12576
45246,168,2,0,1968
45250,324,2,0,6048
45262,48,3,1,10512
45266,108,2,0,14400
45278,468,4,1,6672
45282,204,5,0,984
45294,84,2,0,11808
45298,120,3,-1,7128
45310,372,2,0,22560
45314,84,2,0,11520
45326,324,3,-1,3768
45330,60,2,0,10560
45342,276,4,0,2172
45346,948,4,1,2472
45358,168,2,0,504
45362,132,3,1,3696
45374,156,2,0,12768
45378,120,2,0,7272
45390,168,3,1,2208
45394,228,2,0,7920
45406,312,3,0,576
45410,588,3,0,11520
45422,180,2,0,20736
45426,96,3,-1,2772
45438,144,2,0,11520
45442,300,2,0,17568
45454,96,3,-1,936
45458,132,2,0,10608
45470,468,3,0,2160
45474,408,3,0,5376
45486,96,2,0,720
45490,84,3,1,17496
45502,228,2,0,5760
45506,456,2,0,672
45518,72,3,1,852
45522,48,2,0,12384
45534,348,4,-1,2208
45538,432,5,-1,336
45550,168,2,0,24576
45554,132,3,-1,180
45566,204,2,0,13728
45570,132,2,0,14784
45582,96,3,-1,3168
45586,216,2,0,3072
45598,396,5,1,2988
45602,264,4,-1,1968
45614,72,2,0,4224
45618,36,3,1,11952
45630,276,2,0,17952
45634,216,2,0,13248
45646,312,3,1,384
45650,204,2,0,8592
45662,420,3,0,7776
45666,192,3,0,5760
45678,24,2,0,6744
45682,180,3,-1,1224
45694,204,2,0,13632
45698,252,2,0,15552
45710,108,3,-1,5280
45714,72,2,0,12408
45726,264,3,0,6816
45730,384,3,0,10176
45742,132,2,0,12144
45746,132,3,1,2544
45758,456,2,0,8220
45762,120,2,0,8832
45774,120,3,1,11784
45790,780,4,1,1992
45794,468,4,0,816
45806,180,2,0,1056
45810,132,3,-1,4896
45822,120,2,0,11520
45826,204,2,0,72
45838,48,3,-1,4176
45842,108,2,0,16560
45854,528,5,0,24
45858,408,4,1,7464
45870,192,2,0,14472
45874,204,3,1,17184
45886,240,2,0,15168
45890,300,2,0,23808
45902,84,3,1,3504
45906,60,2,0,9792
45918,252,3,0,240
45922,360,3,0,5568
45934,156,2,0,9984
45938,108,3,-1,1344
45950,288,2,0,19104
45954,372,2,0,2892
45970,312,2,0,348
45982,420,3,0,9120
45986,372,3,0,8160
45998,168,2,0,15360
46002,144,3,1,12384
46014,192,2,0,12960
46018,120,2,0,8280
46030,180,3,1,17904
46034,132,2,0,14400
46046,648,4,-1,12
46050,444,4,0,3792
46062,96,2,0,9792
46066,144,3,-1,6768
46078,180,2,0,4032
46082,348,2,0,624
46094,156,3,-1,6144
46098,48,2,0,8364
46110,624,4,0,3960
46114,648,4,-1,720
46126,60,2,0,11760
46130,192,3,1,25008
46142,300,2,0,1608
46146,120,2,0,2304
46158,96,3,1,10620
46162,36,2,0,10512
46174,636,3,0,48
46178,372,3,0,8064
46190,168,2,0,8184
46194,96,3,-1,4896
46206,228,2,0,14232
46210,156,2,0,16896
46222,168,3,-1,1260
46226,144,2,0,4320
46238,348,3,0,6000
46242,168,3,0,4320
46254,204,2,0,2544
46258,132,3,1,5136
46270,168,2,0,432
46274,204,2,0,624
46286,168,3,1,19872
46290,168,2,0,24480
46302,240,4,1,3114
46306,816,6,0,1392
46318,156,2,0,13200
46322,108,3,-1,3840
46334,324,2,0,72
46338,132,2,0,1512
46350,96,3,-1,4536
46354,60,2,0,2160
46366,1104,4,0,2880
46370,1056,4,1,234
46382,108,2,0,10080
46386,48,3,1,10488
46398,108,2,0,7488
46402,372,2,0,6000
46414,48,3,1,9504
46418,204,2,0,19200
46430,864,3,0,16800
46434,144,3,0,4992
46446,168,2,0,3648
46450,132,3,-1,5664
46462,216,2,0,14592
46466,204,2,0,14736
46478,132,3,-1,1392
46482,72,2,0,11232
46494,312,3,0,4992
46498,228,3,0,288
46510,300,2,0,8832
46514,300,3,1,11052
46526,156,2,0,14784
46542,60,3,1,11976
46546,96,2,0,612
46558,468,4,-1,2568
46562,480,5,1,2976
46574,84,2,0,14688
46578,60,3,-1,3264
46590,204,2,0,14688
46594,240,2,0,19008
46606,144,3,-1,4032
46610,168,2,0,15744
46622,744,5,-1,600
46626,480,4,-1,2016
46638,120,2,0,12384
46642,168,3,1,15888
46654,432,2,0,984
46658,228,2,0,3840
46670,120,3,1,21612
46674,72,2,0,720
46686,252,3,0,5568
46690,900,3,0,4656
46702,72,2,0,15456
46706,84,3,-1,4512
46722,132,2,0,8664
46734,60,3,-1,3456
46738,84,2,0,14400
46750,420,3,0,7128
46754,552,3,0,1920
46766,96,2,0,3600
46770,84,3,1,15156
46782,180,2,0,13128
46786,372,2,0,18144
46798,180,3,1,6528
46802,132,2,0,2880
46814,636,4,1,8640
46818,408,4,0,3456
46830,72,2,0,456
46834,108,3,-1,1728
46846,288,2,0,3744
46850,276,2,0,19296
46862,132,3,-1,5376
46866,72,2,0,11952
46878,324,6,-1,576
46882,324,4,1,4632
46894,108,2,0,19200
46898,48,3,1,11352
46910,264,2,0,6264
46914,132,2,0,10560
46926,60,3,1,1632
46930,168,2,0,26112
46942,372,3,0,816
46946,756,3,0,864
46958,108,2,0,216
46962,96,3,-1,264
46974,156,2,0,13104
46978,180,2,0,3240
46990,156,3,-1,8424
46994,84,2,0,15312
47006,360,3,0,7248
47010,312,3,0,8400
47022,12,2,0,7644
47026,120,3,1,14688
47038,144,2,0,12576
47042,156,2,0,16416
47054,180,3,1,2322
47058,96,2,0,7368
47070,456,4,-1,3168
47074,480,4,0,3744
47086,84,2,0,3504
47090,324,3,-1,2256
47102,192,2,0,13440
47106,252,2,0,12864
47118,84,3,-1,4512
47122,264,2,0,1224
47134,480,4,0,4224
47138,312,4,-1,2028
47150,228,2,0,22848
47154,84,3,1,318
47166,120,2,0,12000
47170,408,2,0,22560
47182,132,3,1,13680
47186,120,2,0,17472
47198,312,3,0,1488
47202,516,3,0,7080
47214,84,2,0,11712
47218,48,3,-1,3552
47230,432,2,0,10692
47234,276,2,0,5376
47246,156,3,-1,888
47250,72,2,0,14928
47262,288,3,0,5112
47266,720,3,0,432
47278,48,2,0,12672
47294,312,2,0,17664
47298,216,2,0,14208
47310,108,3,1,11088
47314,72,2,0,17760
47326,612,4,1,8736
47330,444,6,1,1872
47342,240,2,0,2688
47346,144,3,-1,1164
47358,96,2,0,7632
47362,168,2,0,672
47374,132,3,-1,1632
47378,276,2,0,7680
47390,564,4,0,4992
47394,336,4,1,5076
47406,132,2,0,14784
47410,156,3,1,4536
47422,168,2,0,1248
47426,204,2,0,16512
47438,60,3,1,14784
47442,108,2,0,720
47454,324,3,0,1152
47458,360,3,0,7968
47474,96,3,-1,4704
47486,408,2,0,8640
47490,228,2,0,10320
47502,96,3,-1,3492
47506,108,2,0,13632
47518,384,3,0,1680
47522,588,3,0,2460
47534,120,2,0,13056
47538,72,3,1,10632
47550,156,2,0,15936
47554,408,2,0,1992
47566,168,3,1,20160
47570,108,2,0,16896
47582,480,4,-1,2112
47586,300,5,-1,792
47598,108,2,0,11040
47602,60,3,-1,4272
47614,216,2,0,16560
47618,120,2,0,10752
47630,120,3,-1,1176
47634,168,2,0,14640
47646,462,5,1,81
47650,900,4,-1,5088
47662,156,2,0,6528
47666,204,3,1,1272
47678,348,2,0,19560
47682,144,2,0,10272
47694,168,3,1,9648
47698,156,2,0,4704
47710,480,3,0,1488
47714,228,3,0,7584
47726,120,2,0,16512
47730,108,3,-1,4440
47742,192,2,0,2256
47746,396,2,0,3072
47758,108,3,-1,4656
47762,84,2,0,15504
47774,468,3,0,2496
47778,228,3,0,3888
47790,96,2,0,15792
47794,132,3,1,15552
47806,288,2,0,5808
47810,396,2,0,8064
47822,72,3,1,11088
47826,72,2,0,12576
47838,192,4,1,3840
47842,504,4,0,576
47854,156,2,0,3936
47858,132,3,-1,5520
47870,228,2,0,16224
47874,420,2,0,20736
47886,132,3,-1,4872
47890,96,2,0,15720
47902,492,6,0,864
47906,852,4,1,96
47918,120,2,0,6720
47922,60,3,1,7560
47934,120,2,0,10560
47938,348,2,0,2376
47950,120,3,1,5760
47954,204,2,0,624
47966,312,3,0,7296
47970,384,3,0,8736
47982,36,2,0,7728
47986,300,3,-1,3384
47998,156,2,0,13344
48002,192,2,0,12864
48014,144,3,-1,5952
48018,108,2,0,360
48030,336,3,0,7536
48046,96,2,0,2592
48050,84,3,1,18624
48062,192,2,0,2988
48066,204,2,0,12288
48078,60,3,1,9900
48082,96,2,0,16608
48094,660,4,-1,1128
48098,636,4,0,1152
48110,156,2,0,2472
48114,72,3,-1,3240
48126,192,2,0,14448
48130,348,2,0,5232
48142,180,3,-1,3744
48146,132,2,0,48
48158,408,4,0,3696
48162,276,4,-1,1776
48174,108,2,0,8760
48178,84,3,1,15984
48190,228,2,0,16992
48194,168,2,0,17472
48206,168,3,1,4320
48210,132,2,0,17424
48226,324,3,0,6912
48238,180,2,0,1440
48242,108,3,-1,1848
48254,180,2,0,1776
48258,84,2,0,7920
48270,120,3,-1,5616
48274,144,2,0,3552
48286,468,3,0,8640
48290,420,3,0,10512
48302,96,2,0,11712
48306,72,3,1,14544
48318,120,2,0,6384
48322,228,2,0,16128
48334,108,3,1,23712
48338,120,2,0,13104
48350,1164,4,1,5808
48354,420,5,0,312
48366,36,2,0,9696
48370,36,3,-1,4152
48382,360,2,0,4320
48386,240,2,0,3504
48398,60,3,-1,4176
48402,108,2,0,10080
48414,468,4,0,2880
48418,876,4,1,5040
48430,216,2,0,19680
48434,144,3,1,19200
48446,372,2,0,4392
48450,108,2,0,11736
48462,96,3,1,10944
48466,72,2,0,13632
48478,288,3,0,5328
48482,228,3,0,6432
48494,216,2,0,624
48498,96,3,-1,4896
48510,144,2,0,11880
48514,192,2,0,13632
48526,168,3,-1,360
48530,96,2,0,7968
48542,336,3,0,7392
48546,300,3,0,864
48558,132,2,0,1104
48562,168,3,1,1212
48574,300,2,0,23424
48578,276,2,0,13056
48590,120,3,1,14616
48594,96,2,0,13824
48606,276,4,-1,1632
48610,972,5,1,6720
48622,132,2,0,11400
48626,84,3,-1,4416
48638,324,2,0,1152
48642,120,2,0,10464
48654,144,3,-1,1080
48658,84,2,0,12720
48670,1152,5,-1,624
48674,516,4,-1,1152
48686,120,2,0,17664
48690,96,3,1,2712
48702,120,2,0,7296
48706,204,2,0,3264
48718,84,3,1,13584
48722,84,2,0,1488
48734,300,3,0,6432
48738,120,3,0,3060
48750,120,2,0,19776
48754,132,3,-1,996
48766,336,2,0,19104
48770,504,2,0,35640
48782,300,3,-1,2832
48798,300,3,0,6288
48802,252,3,0,6336
48814,132,2,0,3504
48818,72,3,1,2736
48830,288,2,0,16128
48834,144,2,0,11040
48846,24,3,1,2508
48850,132,2,0,7392
48862,564,4,1,7224
48866,636,4,0,5184
48878,84,2,0,8640
48882,84,3,-1,3336
48894,312,2,0,1344
48898,168,2,0,11616
48910,192,3,-1,7680
48914,156,2,0,16128
48926,744,5,0,480
48930,600,4,1,8040
48942,96,2,0,9888
48946,168,3,1,216
48958,144,2,0,5400
48962,360,2,0,660
48978,60,2,0,10848
48990,288,3,0,7296
48994,708,3,0,3360
49006,96,2,0,14976
49010,108,3,-1,5064
49022,204,2,0,12528
49026,192,2,0,15360
49038,84,3,-1,2580
49042,96,2,0,15264
49054,396,3,0,1728
49058,276,3,0,6624
49070,180,2,0,6528
49074,60,3,1,6912
49086,252,2,0,13056
49090,312,2,0,21792
49102,48,3,1,3756
49106,180,2,0,11136
49118,396,4,-1,2424
49122,300,4,0,3264
49134,192,2,0,14592
49138,156,3,-1,1056
49150,276,2,0,15552
49154,180,2,0,2760
49166,180,3,-1,5952
49170,96,2,0,12480
49182,252,4,0,1728
49186,420,4,-1,2304
49198,84,2,0,12624
49202,156,3,1,13440
49214,252,2,0,6936
49218,168,2,0,16128
49230,84,3,1,16992
49234,192,2,0,1344
49246,732,3,0,396
49250,564,3,0,2400
49262,48,2,0,16800
49266,72,3,-1,2928
49278,120,2,0,1512
49282,264,2,0,6144
49294,96,3,-1,3552
49298,84,2,0,13536
49310,540,3,0,1536
49314,360,3,0,7296
49326,84,2,0,11616
49330,132,3,1,23976
49342,288,2,0,20064
49346,180,2,0,2592
49358,180,3,1,348
49362,72,2,0,8136
49374,348,4,1,5304
49378,456,5,0,144
49390,252,2,0,8640
49394,192,3,-1,2400
49406,180,2,0,16896
49410,252,2,0,15072
49422,96,3,-1,2880
49426,216,2,0,6912
49438,492,4,0,3648
49442,588,4,1,5664
49454,144,2,0,3096
49458,72,3,1,7812
49470,276,2,0,19320
49474,300,2,0,2880
49486,96,3,1,13608
49490,72,2,0,18048
49502,588,3,0,2928
49506,240,3,0,696
49518,48,2,0,7632
49522,84,3,-1,3336
49534,384,2,0,1056
49550,120,3,-1,5952
49554,192,2,0,3384
49566,252,3,0,6048
49570,576,3,0,2088
49582,96,2,0,20064
49586,72,3,1,18816
49598,252,2,0,13632
49602,84,2,0,10008
49614,84,3,1,12864
49618,60,2,0,10944
49630,576,4,-1,3600
49634,804,5,-1,1512
49646,156,2,0,1344
49650,132,3,-1,6780
49662,84,2,0,5760
49666,228,2,0,18432
49678,168,3,-1,1560
49682,48,2,0,2208
49694,696,5,1,5112
49698,180,4,-1,1572
49710,192,2,0,14664
49714,120,3,1,6408
49730,300,2,0,22272
49742,48,3,1,10080
49746,24,2,0,1584
49758,252,3,0,5424
49762,216,3,0,7488
49774,132,2,0,18432
49778,96,3,-1,5232
49790,372,2,0,6660
49794,216,2,0,9216
49806,108,3,-1,5040
49810,180,2,0,25056
49822,432,3,0,3120
49826,468,3,0,2304
49838,48,2,0,9984
49842,36,3,1,960
49854,156,2,0,612
49858,300,2,0,2304
49870,156,3,1,21408
49874,60,2,0,17088
49886,612,4,1,8064
49890,384,4,0,3600
49902,48,2,0,396
49906,60,3,-1,4272
49918,180,2,0,14016
49922,324,2,0,16896
49934,96,3,-1,432
49938,96,2,0,10848
49950,456,5,0,1512
49954,576,4,1,1200
49966,180,2,0,5808
49970,228,3,1,8424
49982,180,2,0,14880
49986,252,2,0,14688
49998,24,3,1,7128
50002,156,2,0,3504
50014,348,3,0,8448
50018,324,3,0,5280
50030,240,2,0,25248
50034,168,3,-1,4416
50046,216,2,0,1824
50050,240,2,0,18192
50062,132,3,-1,672
50066,132,2,0,12096
50078,264,3,0,2712
50082,360,3,0,6816
50094,60,2,0,1440
50098,72,3,1,16224
50110,408,2,0,4788
50114,444,2,0,5400
50126,144,3,1,16704
50130,72,2,0,11712
50142,420,4,-1,120
50146,936,4,0,96
50158,24,2,0,10512
50162,108,3,-1,4824
50174,228,2,0,16512
50178,72,2,0,8064
50190,72,3,-1,3960
50194,60,2,0,12864
50206,480,4,0,4608
50210,696,4,-1,3552
50222,144,2,0,3072
50226,84,3,1,12528
50238,156,2,0,13824
50242,156,2,0,12240
50254,192,3,1,1104
50258,156,2,0,264
50270,312,3,0,5952
50274,372,3,0,4992
50286,108,2,0,13200
50302,96,2,0,9792
50306,276,2,0,16128
50318,60,3,-1,5952
50322,96,2,0,10656
50334,384,3,0,6168
50338,384,3,0,7632
50350,108,2,0,16320
50354,132,3,1,3192
50366,420,2,0,5568
50370,108,2,0,11520
50382,60,3,1,11652
50386,84,2,0,12000
50398,672,4,1,2304
50402,768,6,0,432
50414,120,2,0,18048
50418,24,3,-1,18
50430,276,2,0,1008
50434,396,2,0,4752
50446,60,3,-1,1128
50450,156,2,0,28512
50462,492,4,0,2928
50466,576,4,1,8160
50482,96,3,1,12960
50494,132,2,0,14400
50498,180,2,0,13488
50510,396,3,1,14880
50514,180,2,0,13056
50526,372,3,0,6624
50530,372,3,0,6648
50542,60,2,0,2736
50546,228,3,-1,264
50558,180,2,0,14472
50562,156,2,0,9792
50574,96,3,-1,4248
50578,60,2,0,5676
50590,552,3,0,13248
50594,300,3,0,7104
50606,84,2,0,14784
50610,96,3,1,12240
50622,156,2,0,8712
50626,228,2,0,18048
50638,72,3,1,9240
50642,108,2,0,16080
50654,888,4,-1,168
50658,408,5,1,3312
50670,36,2,0,14220
50674,120,3,-1,5472
50686,432,2,0,10752
50690,384,2,0,6624
50702,84,3,-1,4584
50706,48,2,0,14016
50718,324,5,-1,888
50722,576,4,-1,624
50734,132,2,0,16896
50738,48,3,1,11472
50750,384,2,0,19728
50754,180,2,0,1488
50766,60,3,1,11808
50770,168,2,0,23424
50782,312,3,0,96
50786,348,3,0,10176
50798,180,2,0,5904
50802,48,3,-1,2640
50814,216,2,0,960
50818,192,2,0,13440
50830,288,3,-1,5
50834,132,2,0,5856
50846,516,3,0,360
50850,336,3,0,7920
50862,48,2,0,9768
50866,204,3,1,4560
50878,108,2,0,1344
50882,252,2,0,15648
50894,120,3,1,10944
50898,108,2,0,12096
50910,780,4,1,8736
50914,468,4,0,3840
50926,216,2,0,24864
50930,168,3,-1,6336
50942,288,2,0,5568
50946,192,2,0,2592
50958,84,3,-1,2784
50962,60,2,0,11424
50974,468,6,1,360
50978,660,4,1,1692
50990,228,2,0,18144
50994,180,3,1,16200
51006,108,2,0,8448
51010,528,2,0,12000
51022,204,3,1,19248
51026,72,2,0,13824
51038,420,3,0,8424
51054,108,2,0,2160
51058,72,3,-1,4560
51070,300,2,0,21888
51074,348,2,0,2880
51086,144,3,-1,1128
51090,132,2,0,12024
51102,324,3,0,6816
51106,396,3,0,7488
51118,108,2,0,5208
51122,156,3,1,5712
51134,288,2,0,19968
51138,48,2,0,7440
51150,120,3,1,17400
51154,336,2,0,528
51166,276,4,-1,2112
51170,588,4,0,3744
51182,48,2,0,10656
51186,84,3,-1,4512
51198,180,2,0,8880
51202,168,2,0,12312
51214,84,3,-1,144
51218,168,2,0,17760
51234,480,4,-1,2340
51246,168,2,0,2304
51250,144,3,1,18288
51262,408,2,0,528
51266,252,2,0,7488
51278,60,3,1,13680
51282,24,2,0,8352
51294,324,3,0,576
51298,420,3,0,96
51310,72,2,0,13296
51314,192,3,-1,384
51326,252,2,0,17280
51330,336,2,0,25248
51342,60,3,-1,2538
51346,252,2,0,5208
51358,564,3,0,7392
51362,276,3,0,4128
51374,168,2,0,10080
51378,60,3,1,10524
51390,144,2,0,12144
51394,252,2,0,18528
51406,120,3,1,3552
51410,228,2,0,6624
51422,480,4,1,7128
51426,372,6,-1,432
51438,120,2,0,11424
51442,168,3,-1,2484
51454,312,2,0,3000
51458,144,2,0,12840
51470,204,3,-1,7680
51474,132,2,0,11424
51486,360,4,0,3192
51490,720,4,1,648
51502,96,2,0,9696
51506,36,3,1,14112
51518,180,2,0,2880
51522,108,2,0,9024
51534,96,3,1,11400
51538,108,2,0,10368
51550,756,3,0,4512
51554,612,3,0,192
51566,84,2,0,12480
51570,156,3,-1,6336
51582,144,2,0,9480
51586,204,2,0,264
51598,120,3,-1,5952
51602,72,2,0,14976
51614,336,3,0,8448
51618,252,3,0,4272
51630,192,2,0,2208
51634,132,3,1,13200
51646,192,2,0,2688
51650,192,2,0,14592
51662,144,3,1,66
51666,96,2,0,12096
51678,312,4,-1,1620
51682,660,5,-1,1632
51694,144,2,0,360
51698,168,3,-1,2376
51710,240,2,0,23040
51714,192,2,0,13104
51726,96,3,-1,3672
51730,228,2,0,4032
51742,396,5,1,3456
51746,888,4,-1,576
51758,60,2,0,15768
51762,96,3,1,10020
51774,144,2,0,11520
51778,156,2,0,1200
51790,192,3,1,19488
51806,852,3,0,5616
51810,300,3,0,5928
51822,60,2,0,11064
51826,144,3,-1,864
51838,156,2,0,2760
51842,180,2,0,2688
51854,84,3,-1,864
51858,72,2,0,1584
51870,384,3,0,6960
51874,612,3,0,4200
51886,120,2,0,15360
51890,156,3,1,21936
51902,252,2,0,14208
51906,192,2,0,13824
51918,60,3,1,13092
51922,120,2,0,13824
51934,588,4,1,7680
51938,624,4,0,336
51950,144,2,0,3312
51954,84,3,-1,648
51966,192,2,0,14400
51970,264,2,0,19296
51986,108,2,0,4320
51998,396,6,0,672
52002,204,4,1,4392
52014,48,2,0,10032
52018,72,3,1,5304
52030,396,2,0,26928
52034,276,2,0,19392
52046,144,3,1,3552
52050,12,2,0,12864
52062,264,3,0,4560
52066,300,3,0,6384
52078,132,2,0,18816
52082,108,3,-1,3456
52094,384,2,0,4896
52098,120,2,0,9552
52110,108,3,-1,4800
52114,132,2,0,18432
52126,276,3,0,480
52130,1368,3,0,7872
52142,156,2,0,15840
52146,84,3,1,1920
52158,168,2,0,11592
52162,240,2,0,3552
52174,240,3,1,13728
52178,120,2,0,9456
52190,588,4,-1,3888
52194,324,4,0,2400
52206,72,2,0,10848
52210,84,3,-1,6096
52222,168,2,0,11280
52226,372,2,0,22560
52238,156,3,-1,1920
52242,144,2,0,13320
52254,684,4,0,672
52258,384,4,-1,2160
52270,168,2,0,5664
52274,144,3,1,168
52286,108,2,0,12240
52290,132,2,0,14100
52302,48,3,1,10080
52306,180,2,0,8640
52318,288,3,0,6384
52322,336,3,0,4608
52334,168,2,0,17856
52338,180,3,-1,4860
52350,144,2,0,12288
52354,252,2,0,576
52366,84,3,-1,5136
52370,180,2,0,20448
52382,516,3,0,1728
52386,252,3,0,5760
52398,72,2,0,7896
52402,108,3,1,11352
52414,564,2,0,1416
52418,228,2,0,3840
52430,144,3,1,17688
52434,24,2,0,10992
52446,624,4,1,276
52450,1476,5,0,288
52462,132,2,0,12912
52466,120,3,-1,6048
52478,192,2,0,10368
52482,108,2,0,9720
52494,96,3,-1,5844
52498,48,2,0,13536
52510,648,4,0,5808
52514,528,4,1,6432
52526,168,2,0,1440
52530,36,3,1,13536
52542,84,2,0,8160
52558,84,3,1,3240
52562,192,2,0,9216
52574,348,3,0,6720
52578,348,3,0,7968
52590,144,2,0,19680
52594,96,3,-1,912
52606,228,2,0,19776
52610,348,2,0,2832
52622,96,3,-1,180
52626,72,2,0,11088
52638,276,3,0,3888
52642,516,3,0,1296
52654,84,2,0,2832
52658,84,3,1,11280
52670,468,2,0,10656
52674,168,2,0,13632
52686,108,3,1,12048
52690,132,2,0,19584
52702,696,4,-1,864
52706,456,5,1,672
52718,72,2,0,15456
52722,120,3,-1,3696
52738,216,2,0,5568
52750,72,3,-1,6000
52754,144,2,0,2880
52766,540,5,-1,108
52770,384,4,-1,1872
52782,84,2,0,10752
52786,120,3,1,16032
52798,264,2,0,13248
52802,144,2,0,14592
52814,180,3,1,5868
52818,48,2,0,9264
52830,336,3,0,6336
52834,540,3,0,8064
52846,180,2,0,1788
52850,180,3,-1,780
52862,120,2,0,12000
52866,120,2,0,11424
52878,72,3,-1,2880
52882,108,2,0,2880
52894,336,3,0,8640
52898,252,3,0,7104
52910,120,2,0,16992
52914,96,3,1,14832
52926,144,2,0,12576
52930,228,2,0,19344
52942,132,3,1,16512
52946,180,2,0,4032
52958,660,4,1,2448
52962,300,4,0,2484
52974,120,2,0,12960
52978,120,3,-1,4368
52990,300,2,0,5088
52994,168,2,0,144
53006,168,3,-1,6144
53010,36,2,0,12240
53022,348,5,0,1224
53026,612,4,1,1992
53038,144,2,0,17880
53042,168,3,1,13668
53054,300,2,0,4896
53058,108,2,0,8664
53070,96,3,1,11598
53074,108,2,0,22848
53086,348,3,0,6720
53090,540,3,0,9408
53102,96,2,0,4296
53106,60,3,-1,3696
53118,192,2,0,12960
53122,180,2,0,15072
53134,132,3,-1,1248
53138,108,2,0,204
53150,888,3,0,15072
53154,348,3,0,1392
53166,36,2,0,11664
53170,288,3,1,13176
53182,156,2,0,10176
53186,264,2,0,17664
53198,132,3,1,2172
53202,60,2,0,9456
53214,312,4,-1,1848
53218,300,4,0,2304
53230,120,2,0,336
53234,144,3,-1,6048
53246,348,2,0,528
53250,228,2,0,1584
53262,96,3,-1,3048
53266,60,2,0,16896
53278,636,4,0,1728
53282,660,4,-1,1056
53294,84,2,0,12768
53310,252,2,0,18048
53314,180,2,0,4224
53326,156,3,1,20016
53330,108,2,0,15984
53342,252,3,0,5088
53346,684,3,0,2256
53358,24,2,0,9696
53362,36,3,-1,3936
53374,252,2,0,17280
53378,192,2,0,12264
53390,288,3,-1,2952
53394,96,2,0,1488
53406,216,3,0,4608
53410,480,3,0,8328
53422,108,2,0,1128
53426,132,3,1,1128
53438,288,2,0,10800
53442,84,2,0,8400
53454,60,3,1,1680
53458,144,2,0,4176
53470,552,4,1,7296
53474,684,5,0,2208
53490,108,3,-1,3984
53502,180,2,0,17976
53506,372,2,0,18432
53518,96,3,-1,312
53522,60,2,0,9552
53534,504,4,0,1968
53538,396,4,1,4416
53550,108,2,0,15984
53554,108,3,1,4260
53566,396,2,0,5376
53570,528,2,0,5520
53582,120,3,1,13440
53586,132,2,0,14976
53598,144,3,0,4800
53602,468,3,0,3312
53614,60,2,0,12384
53618,108,3,-1,5184
53630,312,2,0,19296
53634,156,2,0,8832
53646,108,3,-1,840
53650,216,2,0,21504
53662,348,3,0,5712
53666,228,3,0,5616
53678,60,2,0,3648
53682,48,3,1,13608
53694,108,2,0,9792
53698,192,2,0,15912
53710,300,3,1,10860
53714,96,2,0,288
53726,588,4,-1,3360
53730,516,5,-1,1272
53742,84,2,0,9000
53746,144,3,-1,4
53758,216,2,0,14016
53762,180,2,0,15168
53774,156,3,-1,4992
53778,108,2,0,12192
53790,444,5,1,2700
53794,564,4,-1,3888
53806,60,2,0,12480
53810,144,3,1,23328
53822,372,2,0,1536
53826,132,2,0,10848
53838,144,3,1,12828
53842,168,2,0,10560
53854,1080,3,0,768
53858,444,3,0,3420
53870,144,2,0,16896
53874,48,3,-1,4608
53886,144,2,0,264
53890,324,2,0,5760
53902,120,3,-1,4536
53906,72,2,0,17328
53918,324,3,0,6672
53922,264,3,0,4512
53934,144,2,0,15360
53938,84,3,1,9036
53950,300,2,0,23808
53954,216,2,0,2304
53966,156,3,1,432
53970,72,2,0,14016
53982,486,4,1,99
53986,552,4,0,4224
53998,204,2,0,2928
54002,72,3,-1,984
54014,264,2,0,1920
54018,240,2,0,12000
54030,60,3,-1,4566
54034,264,2,0,10992
54046,888,5,0,432
54062,132,2,0,21792
54066,120,3,1,11616
54078,96,2,0,8568
54082,108,2,0,9504
54094,36,3,1,15552
54098,84,2,0,13248
54110,456,3,0,2160
54114,300,3,0,6336
54126,84,2,0,11232
54130,108,3,-1,8112
54142,300,2,0,5976
54146,408,2,0,552
54158,108,3,-1,4392
54162,84,2,0,9636
54174,312,3,0,6720
54178,384,3,0,240
54190,216,2,0,23520
54194,120,3,1,1248
54206,180,2,0,13248
54210,276,2,0,2256
54222,72,3,1,8064
54226,72,2,0,17280
54242,600,4,0,3696
54254,192,2,0,912
54258,96,3,-1,3168
54270,456,2,0,22032
54274,168,2,0,12480
54286,108,3,-1,1584
54290,156,2,0,8352
54302,228,4,0,2016
54306,348,4,-1,1488
54318,12,2,0,240
54322,180,3,1,4176
54334,168,2,0,13536
54338,192,2,0,13824
54350,108,3,1,18720
54354,36,2,0,2112
54366,528,3,0,7872
54370,456,3,0,10464
54382,72,2,0,16704
54386,228,3,-1,6336
54398,228,2,0,7512
54402,156,2,0,10848
54414,132,3,-1,3960
54418,84,2,0,96
54430,468,3,0,2448
54434,516,3,0,1920
54446,84,2,0,3120
54450,108,3,1,13092
54462,60,2,0,13056
54466,408,2,0,10032
54478,108,3,1,11232
54482,36,2,0,240
54494,528,4,1,8064
54498,366,10,1,69
54510,108,2,0,15312
54514,180,3,-1,6240
54526,204,2,0,13344
54530,180,2,0,15840
54542,144,3,-1,1272
54546,48,2,0,1800
54558,312,4,0,2208
54562,444,4,1,6504
54574,252,2,0,8256
54578,108,3,1,4704
54590,240,2,0,360
54594,252,2,0,15360
54606,180,3,1,17892
54610,156,2,0,3840
54622,324,3,0,5904
54626,540,3,0,9120
54638,84,2,0,10368
54642,36,3,-1,204
54654,84,2,0,2592
54658,264,2,0,16320
54670,144,3,-1,6924
54674,120,2,0,18336
54686,552,3,0,2688
54690,588,3,0,10404
54702,48,2,0,756
54706,192,3,1,19248
54718,360,2,0,3024
54722,84,2,0,5760
54734,228,3,1,21216
54738,72,2,0,528
54750,528,4,-1,2610
54754,660,5,1,156
54766,144,2,0,96
54770,108,3,-1,6192
54782,180,2,0,13152
54786,120,2,0,7872
54798,48,3,-1,792
54814,396,5,-1,960
54818,648,4,-1,2880
54830,228,2,0,9216
54834,72,3,1,9696
54846,96,2,0,3264
54850,204,2,0,18432
54862,120,3,1,2400
54866,96,2,0,5640
54878,384,3,0,8448
54882,288,3,0,4512
54894,96,2,0,10872
54898,108,3,-1,1824
54910,204,2,0,19104
54914,240,2,0,15360
54926,108,3,-1,3696
54930,168,2,0,27192
54942,312,3,0,5088
54946,540,3,0,2016
54958,120,2,0,18384
54962,96,3,1,1872
54974,240,2,0,3936
54978,60,2,0,7968
54994,84,2,0,1632
55006,720,4,1,2856
55010,768,4,0,1584
55022,84,2,0,17088
55026,132,3,-1,5136
55038,60,2,0,6912
55042,384,2,0,1944
55054,204,3,-1,96
55058,96,2,0,10080
55070,1092,6,-1,1260
55074,420,4,1,6120
55086,72,2,0,10800
55090,132,3,1,17724
55102,216,2,0,13392
55106,240,2,0,15360
55118,48,3,1,1386
55122,60,2,0,9312
55134,336,3,0,5616
55138,564,3,0,8256
55150,132,2,0,7656
55154,144,3,-1,672
55166,420,2,0,1824
55170,168,2,0,10680
55182,108,3,-1,3804
55186,192,2,0,360
55198,192,3,0,5184
55202,324,3,0,192
55214,156,2,0,13632
55218,60,3,1,11304
55230,132,2,0,14088
55234,144,2,0,10752
55246,96,3,1,2592
55250,168,2,0,26448
55262,372,4,-1,804
55266,420,4,0,3552
55278,96,2,0,10368
55282,192,3,-1,5976
55294,360,2,0,228
55298,276,2,0,3360
55310,168,3,-1,7536
55314,24,2,0,8928
55326,480,4,0,3648
55330,696,4,-1,1368
55342,60,2,0,13440
55346,84,3,1,2592
55358,108,2,0,9984
55362,264,2,0,11928
55374,72,3,1,11280
55378,96,2,0,17520
55390,672,3,0,13248
55394,360,3,0,7776
55406,240,2,0,5760
55410,96,3,-1,4368
55422,168,2,0,9600
55426,120,2,0,14400
55438,180,3,-1,2592
55442,168,2,0,1296
55454,468,3,0,1056
55458,324,3,0,4944
55470,60,2,0,10416
55474,216,3,1,7008
55486,300,2,0,20448
55490,276,2,0,21648
55502,144,3,1,18312
55506,48,2,0,8928
55518,480,4,1,6216
55522,384,6,1,1344
55534,24,2,0,11616
55538,96,3,-1,3216
55550,276,2,0,720
55566,72,3,-1,3000
55570,228,2,0,24576
55582,696,4,0,144
55586,756,4,1,3900
55598,72,2,0,10080
55602,36,3,1,10260
55614,252,2,0,17544
55618,216,2,0,3312
55630,144,3,1,19584
55634,132,2,0,17856
55646,516,3,0,1248
55650,444,3,0,528
55662,96,2,0,11904
55666,60,3,-1,5376
55678,168,2,0,13104
55682,132,2,0,10848
55694,180,3,-1,2592
55698,0,2,0,9048
55710,408,3,0,7080
55714,504,3,0,8832
55726,204,2,0,4536
55730,144,3,1,3552
55746,276,2,0,288
55758,72,3,1,9264
55762,108,2,0,5856
55774,468,4,-1,2496
55778,420,5,-1,144
55790,168,2,0,20160
55794,48,3,-1,3240
55806,96,2,0,96
55810,480,2,0,29424
55822,72,3,-1,3336
55826,108,2,0,18432
55838,744,5,1,1200
55842,300,4,-1,1464
55854,144,2,0,3456
55858,84,3,1,14112
55870,264,2,0,7008
55874,276,2,0,4224
55886,60,3,1,16512
55890,108,2,0,16128
55902,132,3,0,3384
55906,744,3,0,3072
55918,108,2,0,10464
55922,168,3,-1,312
55934,192,2,0,15552
55938,120,2,0,11040
55950,156,3,-1,6288
55954,48,2,0,1680
55966,516,3,0,10368
55970,516,3,0,11568
55982,72,2,0,3384
55986,156,3,1,13044
55998,180,2,0,11184
56002,156,2,0,11136
56014,228,3,1,972
56018,84,2,0,5952
56030,864,4,1,10848
56034,384,4,0,3408
56046,72,2,0,1728
56050,168,3,-1,1758
56062,300,2,0,16320
56066,384,2,0,15360
56078,72,3,-1,4356
56082,60,2,0,11328
56094,240,7,-1,180
56098,444,4,1,5520
56110,108,2,0,18432
56114,144,3,1,20928
56126,252,2,0,6720
56130,108,2,0,10368
56142,108,3,1,9288
56146,192,2,0,3456
56158,168,3,0,1104
56162,600,3,0,2292
56174,96,2,0,14208
56178,84,3,-1,3120
56190,252,2,0,17760
56194,360,2,0,8352
56206,168,3,-1,6216
56210,60,2,0,864
56222,312,3,0,576
56226,288,3,0,6144
56238,108,2,0,10176
56242,60,3,1,9888
56254,180,2,0,2496
56258,156,2,0,15120
56270,252,3,1,5004
56274,60,2,0,12096
56286,312,4,-1,2232
56290,552,4,0,4848
56302,156,2,0,8112
56318,204,2,0,15096
56322,168,2,0,10080
56334,132,3,-1,600
56338,168,2,0,1224
56350,516,4,0,4128
56354,492,4,-1,432
56366,84,2,0,2016
56370,108,3,1,15384
56382,192,2,0,9936
56386,372,2,0,21312
56398,120,3,1,15360
56402,60,2,0,11736
56414,504,3,0,720
56418,180,3,0,4320
56430,48,2,0,12912
56434,84,3,-1,5040
56446,396,2,0,1152
56450,264,2,0,9168
56462,132,3,-1,4272
56466,108,2,0,10128
56478,324,3,0,6648
56482,468,3,0,1824
56498,192,3,1,21744
56510,276,2,0,17136
56514,240,2,0,13152
56526,36,3,1,9360
56530,240,2,0,4320
56542,636,4,1,7308
56546,624,5,0,264
56558,180,2,0,7872
56562,24,3,-1,408
56574,192,2,0,10800
56578,84,2,0,11424
56590,180,3,-1,1584
56594,252,2,0,5616
56606,372,4,0,144
56610,684,4,1,9720
56622,72,2,0,11448
56626,144,3,1,7392
56638,204,2,0,1296
56642,132,2,0,10512
56654,96,3,1,3612
56658,48,2,0,8112
56670,528,3,0,672
56674,360,3,0,8064
56686,168,2,0,14976
56690,120,3,-1,5856
56702,276,2,0,3360
56706,168,2,0,13488
56718,36,3,-1,2400
56722,132,2,0,17664
56734,732,3,0,4320
56738,312,3,0,576
56750,108,2,0,21984
56754,60,3,1,2112
56766,192,2,0,10368
56770,276,2,0,5952
56782,36,3,1,11136
56786,48,2,0,14400
56798,240,4,-1,1596
56802,228,5,1,2736
56814,108,2,0,10464
56818,108,3,-1,5076
56830,312,2,0,20592
56834,180,2,0,15744
56846,312,3,-1,672
56850,132,2,0,18336
56862,276,5,-1,1152
56866,576,4,-1,2304
56878,120,2,0,3840
56882,132,3,1,6120
56894,300,2,0,19296
56898,180,2,0,720
56910,84,3,1,204
56914,168,2,0,3312
56926,468,3,0,8832
56930,492,3,0,10464
56942,72,2,0,9936
56946,96,3,-1,1104
56958,180,2,0,11472
56962,144,2,0,10032
56974,132,3,-1,6432
56978,108,2,0,11328
56990,708,3,0,4080
56994,252,3,0,4248
57006,192,2,0,14592
57010,180,3,1,17424
57022,276,2,0,2592
57026,492,2,0,5280
57038,120,3,1,13056
57042,48,2,0,13632
57054,636,4,1,1356
57070,240,2,0,26112
57074,144,3,-1,3936
57086,264,2,0,20736
57090,228,2,0,16080
57102,108,3,-1,3
57106,108,2,0,13248
57118,420,5,0,168
57122,624,4,1,672
57134,48,2,0,2880
57138,120,3,1,10272
57150,84,2,0,1776
57154,444,2,0,6432
57166,180,3,1,9120
57170,168,2,0,5952
57182,456,3,0,9648
57186,204,3,0,4152
57198,144,2,0,13056
57202,192,3,-1,1752
57214,192,2,0,12288
57218,252,2,0,15504
57230,144,3,-1,6336
57234,108,2,0,14784
57250,300,3,0,6336
57262,96,2,0,12576
57266,96,3,1,18624
57278,228,2,0,3936
57282,84,2,0,9360
57294,60,3,1,11856
57298,132,2,0,13824
57310,936,4,-1,390
57314,1128,4,0,384
57326,144,2,0,13248
57330,72,3,-1,4776
57342,108,2,0,8064
57346,396,2,0,12
57358,24,3,-1,4416
57362,72,2,0,9240
57374,672,4,0,4608
57378,456,4,-1,2484
57390,72,2,0,12432
57394,156,3,1,20352
57406,204,2,0,15360
57410,336,2,0,768
57422,84,3,1,6744
57426,132,2,0,12960
57438,180,3,0,3564
57442,372,3,0,6432
57454,156,2,0,624
57458,156,3,-1,1296
57470,396,2,0,936
57474,72,2,0,9312
57486,108,3,-1,4896
57490,252,2,0,10368
57502,348,3,0,6048
57506,504,3,0,10848
57518,108,2,0,17760
57522,72,3,1,7416
57534,204,2,0,14304
57538,216,2,0,13200
57550,156,3,1,16704
57554,60,2,0,3072
57566,528,4,1,1392
57570,624,5,0,1920
57582,60,2,0,10128
57586,144,3,-1,384
57598,240,2,0,8928
57602,276,2,0,4656
57614,84,3,-1,5016
57618,60,2,0,7608
57630,588,4,0,4488
57634,684,4,1,1020
57646,96,2,0,576
57650,168,3,1,21216
57662,216,2,0,14016
57666,192,2,0,9792
57678,96,3,1,10176
57682,60,2,0,13632
57694,456,3,0,7776
57698,252,3,0,5424
57710,288,2,0,1416
57714,72,3,-1,4464
57726,180,2,0,10440
57730,420,2,0,888
57742,84,3,-1,1368
57746,216,2,0,1464
57758,384,3,0,7200
57762,240,3,0,5760
57774,24,2,0,12096
57778,192,3,1,2880
57790,576,2,0,28368
57794,180,2,0,12192
57806,108,3,1,12960
57822,264,4,-1,1488
57826,408,5,-1,1344
57838,72,2,0,8352
57842,108,3,-1,6000
57854,480,2,0,1920
57858,276,2,0,11520
57870,108,3,-1,7056
57874,132,2,0,13344
57886,648,5,1,780
57890,552,4,-1,540
57902,144,2,0,2544
57906,96,3,1,13704
57918,96,2,0,8160
57922,372,2,0,7464
57934,156,3,1,2328
57938,180,2,0,17664
57950,456,3,0,9360
57954,216,3,0,984
57966,84,2,0,12336
57970,120,3,-1,5640
57982,240,2,0,13344
57986,252,2,0,14976
58002,48,2,0,9456
58014,324,3,0,6528
58018,504,3,0,8064
58030,60,2,0,7344
58034,168,3,1,2304
58046,276,2,0,2304
58050,156,2,0,840
58062,84,3,1,10896
58066,168,2,0,6384
58078,672,4,1,9432
58082,492,4,0,2880
58094,144,2,0,18240
58098,108,3,-1,432
58110,288,2,0,480
58114,144,2,0,13824
58126,120,3,-1,6144
58130,156,2,0,2592
58142,720,5,0,720
58146,612,4,1,1080
58158,24,2,0,9360
58162,60,3,1,13776
58174,180,2,0,3648
58178,384,2,0,8064
58190,96,3,1,16488
58194,60,2,0,15456
58206,324,3,0,6744
58210,768,3,0,2976
58222,96,2,0,17376
58226,60,3,-1,3744
58238,252,2,0,13440
58242,144,2,0,10080
58254,96,3,-1,534
58258,72,2,0,10656
58270,456,3,0,8448
58274,564,3,0,10752
58286,120,2,0,8352
58290,144,3,1,18192
58302,144,2,0,10368
58306,48,2,0,8736
58318,192,3,1,5640
58322,96,2,0,2976
58334,348,4,-1,2304
58338,144,4,0,2040
58350,144,2,0,13488
58354,192,3,-1,480
58366,120,2,0,11520
58370,420,2,0,28512
58382,48,3,-1,3264
58386,144,2,0,14112
58398,204,4,0,2112
58402,360,4,-1,2676
58414,288,2,0,25824
58418,36,3,1,10608
58430,516,2,0,5952
58434,168,2,0,144
58446,48,3,1,2682
58450,60,2,0,15072
58462,300,3,0,2304
58466,492,3,0,2688
58478,36,2,0,11424
58482,96,3,-1,2664
58494,312,2,0,15744
58498,132,2,0,3624
58510,132,3,-1,4800
58514,144,2,0,21216
58526,420,3,0,9504
58530,300,3,0,6216
58542,84,2,0,8736
58546,48,3,1,3120
58558,192,2,0,10464
58574,168,3,1,384
58578,24,2,0,8208
58590,528,4,1,7584
58594,468,7,1,888
58606,120,2,0,2400
58610,492,3,-1,108
58622,60,2,0,11376
58626,180,2,0,13584
58638,84,3,-1,4344
58642,84,2,0,2592
58654,804,4,0,1248
58658,384,4,1,5376
58670,144,2,0,16944
58674,60,3,1,10692
58686,216,2,0,2112
58690,264,2,0,18528
58702,96,3,1,11232
58706,84,2,0,11904
58718,624,3,0,600
58722,360,3,0,5472
58734,72,2,0,9600
58738,108,3,-1,5256
58754,312,2,0,672
58766,192,3,-1,48
58770,72,2,0,12576
58782,252,3,0,4080
58786,648,3,0,4608
58798,84,2,0,11712
58802,72,3,1,14688
58814,84,2,0,11424
58818,240,2,0,10992
58830,132,3,1,22176
58834,156,2,0,17520
58846,612,4,-1,744
58850,636,5,1,4416
58862,156,2,0,3984
58866,108,3,-1,3096
58878,132,2,0,8352
58882,360,2,0,1680
58894,96,3,-1,1980
58898,228,2,0,5136
58910,588,5,-1,1488
58914,456,4,-1,20
58926,96,2,0,744
58930,144,3,1,516
58942,240,2,0,15456
58946,336,2,0,3984
58958,132,3,1,14400
58962,120,2,0,12672
58974,408,3,0,6912
58978,360,3,0,7680
58990,144,2,0,21888
58994,132,3,-1,5280
59006,384,2,0,2976
59010,192,2,0,11016
59022,48,3,-1,4320
59026,96,2,0,15360
59038,564,3,0,192
59042,312,3,0,1824
59054,84,2,0,4320
59058,120,3,1,1248
59070,144,2,0,8976
59074,408,2,0,4968
59086,48,3,1,14304
59090,192,2,0,19296
59102,516,4,1,8040
59106,492,4,0,3408
59118,60,2,0,8352
59122,84,3,-1,3324
59134,264,2,0,16896
59138,156,2,0,12768
59150,216,3,-1,3270
59154,84,2,0,2976
59166,300,6,1,1152
59170,924,4,1,13824
59182,96,2,0,3000
59186,168,3,1,4032
59198,324,2,0,17472
59202,204,2,0,8064
59214,72,3,1,14160
59218,120,2,0,6720
59230,456,3,0,6912
59234,384,3,0,7200
59246,168,2,0,2496
59250,96,3,-1,4656
59262,120,2,0,9288
59266,216,2,0,13152
59278,72,3,-1,4320
59282,156,2,0,15648
59294,612,3,0,1968
59298,360,3,0,5952
59310,84,2,0,18864
59326,384,2,0,10752
59330,480,2,0,1872
59342,84,3,1,9504
59346,120,2,0,2304
59358,420,4,-1,1776
59362,672,4,0,1200
59374,84,2,0,1152
59378,132,3,-1,3312
59390,300,2,0,1056
59394,132,2,0,10704
59406,84,3,-1,3072
59410,144,2,0,23520
59422,468,4,0,4224
59426,408,4,-1,2640
59438,48,2,0,4128
59442,48,3,1,12864
59454,96,2,0,1704
59458,156,2,0,10752
59470,180,3,1,1008
59474,132,2,0,7008
59486,324,3,0,7392
59490,264,3,0,7368
59506,180,3,-1,1872
59518,120,2,0,11352
59522,216,2,0,1440
59534,108,3,-1,8448
59538,24,2,0,7680
59550,432,3,0,8304
59554,504,3,0,1920
59566,96,2,0,17376
59570,180,3,1,17352
59582,336,2,0,7200
59586,192,2,0,14112
59598,96,3,1,8328
59602,108,2,0,1104
59614,624,4,1,1728
59618,612,6,-1,156
59630,132,2,0,576
59634,36,3,-1,4464
59646,252,2,0,2928
59650,384,2,0,8256
59662,156,3,-1,5808
59666,156,2,0,1920
59678,348,4,0,180
59682,276,4,1,4152
59694,12,2,0,10080
59698,180,3,1,1488
59710,276,2,0,20448
59714,288,2,0,14976
59726,132,3,1,72
59730,204,2,0,20016
59742,324,3,0,5280
59746,360,3,0,1152
59758,144,2,0,8064
59762,96,3,-1,1296
59774,252,2,0,17664
59778,96,2,0,9840
59790,132,3,-1,3744
59794,144,2,0,168
59806,456,3,0,11040
59810,420,3,0,8352
59822,96,2,0,9360
59826,60,3,1,11136
59838,156,2,0,10944
59842,312,2,0,21696
59854,108,3,1,576
59858,120,2,0,21288
59870,612,4,-1,996
59874,240,5,-1,720
59886,132,2,0,17640
59890,120,3,-1,5328
59902,300,2,0,1248
59906,300,2,0,6336
59918,84,3,-1,4752
59922,84,2,0,9840
59934,264,5,1,2328
59938,480,4,-1,504
59950,180,2,0,24192
59954,180,3,1,2772
59966,228,2,0,15168
59970,228,2,0,17388
59982,84,3,1,12384
59986,48,2,0,10752
59998,312,3,0,7968
60002,300,3,0,6336
60014,144,2,0,8136
60018,84,3,-1,3096
60030,144,2,0,14112
60034,300,2,0,24384
60046,144,3,-1,150
60050,192,2,0,396
60062,216,3,0,5616
60078,120,2,0,9936
60082,168,3,1,6180
60094,192,2,0,14976
60098,216,2,0,9792
60110,228,3,1,26976
60114,96,2,0,10944
60126,300,4,1,5292
60130,564,4,0,5184
60142,132,2,0,13440
60146,216,3,-1,240
60158,204,2,0,2880
60162,120,2,0,7296
60174,156,3,-1,4512
60178,72,2,0,13584
60190,1320,8,1,339
60194,1212,4,1,3888
60206,156,2,0,20352
60210,144,3,1,16296
60222,276,2,0,11424
60226,288,2,0,1344
60238,60,3,1,12192
60242,72,2,0,9936
60258,180,3,0,4080
60270,108,2,0,13440
60274,120,3,-1,5040
60286,192,2,0,2016
60290,240,2,0,20928
60302,156,3,-1,306
60306,96,2,0,13536
60318,276,3,0,5328
60322,312,3,0,4752
60334,192,2,0,5184
60338,168,3,1,6588
60350,300,2,0,19920
60354,72,2,0,1584
60366,96,3,1,14064
60370,132,2,0,5880
60382,252,4,-1,1728
60386,564,4,0,4224
60398,156,2,0,15840
60402,96,3,-1,2760
60414,120,2,0,11520
60418,300,2,0,17736
60430,168,3,-1,8304
60434,84,2,0,12864
60446,1008,4,0,552
60450,528,4,-1,432
60462,48,2,0,7440
60466,144,3,1,14880
60478,144,2,0,2592
60482,228,2,0,468
60494,132,3,1,16608
60498,84,2,0,9276
60510,420,3,0,720
60514,420,3,0,3168
60526,180,2,0,14688
60530,120,3,-1,7056
60542,216,2,0,16272
60546,252,2,0,132
60558,156,3,-1,2856
60562,156,2,0,15840
60574,396,3,0,7776
60578,264,3,0,6480
60590,168,2,0,5856
60594,36,3,1,8112
60606,180,2,0,13440
60610,120,2,0,13920
60622,192,3,1,8160
60626,240,2,0,480
60638,444,4,1,6192
60642,456,5,0,1776
60654,144,2,0,2796
60658,192,3,-1,1800
60670,300,2,0,18240
60674,252,2,0,17280
60686,60,3,-1,3744
60690,84,2,0,11088
60702,360,4,0,2688
60706,576,4,1,6720
60718,84,2,0,13536
60722,96,3,1,15888
60734,264,2,0,5280
60738,204,2,0,12720
60750,72,3,1,10416
60754,192,2,0,3456
60766,432,3,0,2304
60770,600,3,0,4320
60782,120,2,0,17376
60786,12,3,-1,2880
60798,168,2,0,11040
60802,192,2,0,2700
60814,60,3,-1,5184
60830,456,3,0,7392
60834,300,3,0,384
60846,120,2,0,3840
60850,180,3,1,29520
60862,180,2,0,10752
60866,204,2,0,15168
60878,156,3,1,7128
60882,48,2,0,7752
60894,516,4,-1,2328
60898,396,5,1,3456
60910,120,2,0,3996
60914,96,3,-1,1092
60926,192,2,0,16128
60930,156,2,0,12864
60942,36,3,-1,2856
60946,108,2,0,1524
60958,420,5,-1,1152
60962,348,4,-1,2952
60974,84,2,0,960
60978,36,3,1,11376
60990,192,2,0,15456
60994,168,2,0,1344
61010,120,2,0,20160
61022,384,3,0,1584
61026,336,3,0,5664
61038,72,2,0,1200
61042,72,3,-1,3840
61054,672,2,0,2700
61058,240,2,0,3456
61070,132,3,-1,912
61074,84,2,0,19296
61086,204,3,0,144
61090,708,3,0,3456
61102,108,2,0,14064
61106,120,3,1,14400
61118,276,2,0,19776
61122,108,2,0,10656
61134,96,3,1,13440
61138,12,2,0,8544
61150,540,4,1,8736
61154,360,4,0,768
61166,132,2,0,4128
61170,96,3,-1,5280
61182,144,2,0,9024
61186,528,2,0,28320
61198,96,3,-1,318
61202,168,2,0,7848
61214,588,5,0,2496
61218,276,4,1,3480
61230,96,2,0,21000
61234,156,3,1,408
61246,252,2,0,2208
61250,132,2,0,18144
61262,156,3,1,13728
61266,108,2,0,240
61278,192,3,0,3840
61282,336,3,0,6480
61294,60,2,0,16704
61298,84,3,-1,3696
61310,336,2,0,7680
61314,276,2,0,372
61326,60,3,-1,5664
61330,96,2,0,16368
61342,492,3,0,2016
61346,348,3,0,432
61358,72,2,0,9984
61362,48,3,1,9168
61374,108,2,0,9408
61378,372,2,0,9024
61390,60,3,1,13968
61394,72,2,0,15648
61406,540,4,-1,3600
61410,360,4,0,3768
61422,60,2,0,9504
61426,120,3,-1,5568
61438,228,2,0,16200
61442,180,2,0,12600
61454,60,3,-1,216
61458,120,2,0,1296
61470,492,4,0,4176
61474,348,4,-1,72
61486,192,2,0,8832
61490,72,3,1,7008
61502,168,2,0,10800
61506,120,2,0,10320
61518,48,3,1,7416
61522,228,2,0,2424
61534,336,3,0,7296
61538,540,3,0,9264
61550,120,2,0,21792
61554,120,3,-1,1110
61566,132,2,0,13248
61582,108,3,-1,4128
61586,60,2,0,12672
61598,444,3,0,720
61602,240,3,0,4656
61614,84,2,0,9264
61618,120,3,1,14136
61630,300,2,0,576
61634,480,2,0,8832
61646,168,3,1,3672
61650,180,2,0,17520
61662,588,4,1,7452
61666,672,5,0,456
61678,72,2,0,17616
61682,120,3,-1,4320
61694,180,2,0,144
61698,96,2,0,8640
61710,84,3,-1,3888
61714,96,2,0,16704
61726,276,4,0,2688
61730,660,4,1,10224
61742,228,2,0,8160
61746,108,3,1,2088
61762,384,2,0,16368
61774,204,3,1,5184
61778,96,2,0,2592
61790,552,3,0,10080
61794,360,3,0,6576
61806,96,2,0,8448
61810,276,3,-1,3876
61822,240,2,0,2304
61826,132,2,0,13632
61838,132,3,-1,4944
61842,60,2,0,6852
61854,516,3,0,144
61858,396,3,0,6624
61870,132,2,0,15360
61874,108,3,1,17280
61886,324,2,0,4536
61890,240,2,0,15888
61902,48,3,1,9588
61906,132,2,0,19008
61918,372,4,-1,816
61922,372,5,-1,144
61934,108,2,0,17952
61938,48,3,-1,3168
61950,120,2,0,16920
61954,312,2,0,624
61966,228,3,-1,5760
61970,228,2,0,21120
61982,372,5,1,2292
61986,324,4,-1,1872
61998,36,2,0,11052
62002,84,3,1,12672
62014,300,2,0,19776
62018,324,2,0,48
62030,120,3,1,5568
62034,72,2,0,8064
62046,216,3,0,816
62050,636,3,0,1872
62062,120,2,0,3552
62066,240,3,-1,2664
62078,120,2,0,672
62082,228,2,0,12960
62094,60,3,-1,4392
62098,216,2,0,4128
62110,576,3,0,12768
62114,432,3,0,7200
62126,168,2,0,19680
62130,120,3,1,12384
62142,60,2,0,8532
62146,204,2,0,2640
62158,72,3,1,13248
62162,96,2,0,13056
62174,636,4,1,4116
62178,144,4,0,1728
62190,84,2,0,14640
62194,108,3,-1,5760
62206,156,2,0,3360
62210,528,2,0,5088
62222,84,3,-1,3888
62226,48,2,0,9984
62238,480,5,0,1560
62242,888,4,1,3228
62254,132,2,0,2448
62258,60,3,1,10776
62270,324,2,0,23424
62274,180,2,0,13056
62286,120,3,1,12864
62290,72,2,0,16800
62302,408,3,0,8832
62306,612,3,0,768
62318,84,2,0,2256
62334,204,2,0,12960
62338,168,2,0,10080
62350,240,3,-1,3942
62354,264,2,0,288
62366,672,3,0,10080
62370,300,3,0,6456
62382,84,2,0,624
62386,120,3,1,5280
62398,180,2,0,9696
62402,156,2,0,10752
62414,108,3,1,12672
62418,108,2,0,12804
62430,276,4,-1,1596
62434,756,4,0,5616
62446,204,2,0,420
62450,108,3,-1,4896
62462,324,2,0,4896
62466,132,2,0,10752
62478,60,3,-1,4056
62482,108,2,0,10992
62494,420,4,0,672
62498,804,4,-1,1344
62514,72,3,1,8592
62526,144,2,0,14016
62530,288,2,0,5184
62542,60,3,1,11880
62546,252,2,0,4032
62558,396,3,0,7584
62562,288,3,0,4464
62574,84,2,0,15408
62578,144,3,-1,4080
62590,288,2,0,15312
62594,240,2,0,15792
62606,156,3,-1,252
62610,132,2,0,14784
62622,168,3,0,3792
62626,336,3,0,6912
62638,156,2,0,480
62642,48,3,1,3558
62654,312,2,0,3744
62658,144,2,0,11664
62670,180,3,1,18648
62674,108,2,0,5568
62686,708,4,1,9888
62690,588,6,0,1152
62702,72,2,0,10704
62706,180,3,-1,4872
62718,132,2,0,9504
62722,132,2,0,11136
62734,108,3,-1,4032
62738,60,2,0,11520
62750,804,4,0,1152
62754,678,4,1,96
62766,60,2,0,9168
62770,84,3,1,26100
62782,300,2,0,7152
62786,204,2,0,4416
62798,120,3,1,15360
62802,84,2,0,1440
62814,168,3,0,4464
62818,384,3,0,552
62830,144,2,0,23184
62834,96,3,-1,1152
62846,288,2,0,3120
62850,144,2,0,14832
62862,48,3,-1,2892
62866,132,2,0,17280
62878,396,3,0,7104
62882,408,3,0,6552
62894,240,2,0,3552
62898,60,3,1,7536
62910,336,2,0,1440
62914,240,2,0,17280
62926,216,3,1,5088
62930,216,2,0,912
62942,408,4,-1,2064
62946,552,5,1,756
62958,60,2,0,8460
62962,120,3,-1,1080
62974,240,2,0,13824
62978,360,2,0,19776
62990,156,3,-1,7416
62994,84,2,0,432
63006,552,5,-1,1464
63010,708,4,-1,3720
63022,84,2,0,11712
63026,180,3,1,19008
63038,192,2,0,4800
63042,120,2,0,9240
63054,156,3,1,3192
63058,60,2,0,11520
63070,636,3,0,2688
63086,108,2,0,13440
63090,120,3,-1,4380
63102,108,2,0,11016
63106,540,2,0,10656
63118,72,3,-1,4992
63122,60,2,0,12384
63134,396,3,0,8160
63138,276,3,0,4848
63150,72,2,0,12912
63154,168,3,1,3996
63166,204,2,0,16128
63170,192,2,0,19392
63182,180,3,1,4122
63186,120,2,0,12480
63198,336,4,1,5184
63202,600,4,0,156
63214,144,2,0,7488
63218,144,3,-1,360
63230,468,2,0,27360
63234,180,2,0,8064
63246,144,3,-1,33
63250,108,2,0,6672
63266,612,4,1,6240
63278,72,2,0,12192
63282,84,3,1,10464
63294,72,2,0,8832
63298,204,2,0,11136
63310,180,3,1,21744
63314,204,2,0,17856
63326,312,3,0,2112
63330,384,3,0,9120
63342,84,2,0,12528
63346,132,3,-1,984
63358,216,2,0,5040
63362,348,2,0,7752
63374,72,3,-1,4128
63378,84,2,0,10896
63390,408,3,0,1320
63394,480,3,0,192
63406,120,2,0,13824
63410,120,3,1,15552
63422,348,2,0,2592
63426,120,2,0,9840
63438,96,3,1,7344
63442,96,2,0,12960
63454,756,4,-1,516
63458,468,4,0,3264
63470,168,2,0,9600
63474,48,3,-1,5184
63486,204,2,0,10704
63490,252,2,0,21888
63502,132,3,-1,1152
63506,156,2,0,3312
63518,252,4,0,3072
63522,216,4,-1,1224
63534,132,2,0,12096
63538,324,3,1,11652
63550,228,2,0,15360
63554,300,2,0,4992
63566,156,3,1,18912
63570,144,2,0,14400
63582,300,3,0,6312
63586,420,3,0,144
63598,156,2,0,12480
63602,72,3,-1,3264
63614,336,2,0,4800
63618,120,2,0,1056
63630,108,3,-1,4116
63634,120,2,0,12096
63646,804,3,0,672
63650,888,3,0,4320
63662,132,2,0,13440
63666,60,3,1,14352
63678,144,2,0,9984
63682,240,2,0,3840
63694,228,3,1,22608
63698,72,2,0,11040
63710,600,4,1,8232
63714,408,6,1,1740
63726,108,2,0,10368
63730,168,3,-1,6336
63742,144,2,0,11904
63746,276,2,0,2352
63758,144,3,-1,72
63762,132,2,0,10824
63774,348,4,0,2640
63778,444,4,1,6528
63790,264,2,0,2688
63794,180,3,1,6216
63806,228,2,0,16800
63810,144,2,0,17856
63822,72,3,1,7752
63838,384,3,0,7680
63842,336,3,0,6720
63854,132,2,0,2688
63858,48,3,-1,2664
63870,192,2,0,15480
63874,240,2,0,17136
63886,84,3,-1,5088
63890,120,2,0,25776
63902,504,3,0,3552
63906,264,3,0,4896
63918,48,2,0,10848
63922,108,3,1,12384
63934,384,2,0,3936
63938,72,2,0,1776
63950,108,3,1,20880
63954,84,2,0,2232
63966,264,4,-1,1560
63970,780,5,-1,588
63982,24,2,0,11520
63986,120,3,-1,6720
63998,312,2,0,180
64002,168,2,0,11544
64018,84,2,0,14688
64030,780,5,1,5664
64034,432,4,-1,2112
64046,288,2,0,720
64050,72,3,1,10200
64062,108,2,0,8928
64066,264,2,0,18432
64078,48,3,1,3822
64082,144,2,0,5088
64094,408,3,0,6720
64098,396,3,0,6960
64110,60,2,0,17268
64114,228,3,-1,432
64126,276,2,0,19872
64130,288,2,0,14976
64142,72,3,-1,5808
64146,108,2,0,1920
64158,288,3,0,5328
64162,276,3,0,4992
64174,144,2,0,2880
64178,72,3,1,14304
64190,408,2,0,1368
64194,180,2,0,13680
64206,48,3,1,1824
64210,120,2,0,20064
64222,444,4,1,1872
64226,1188,4,0,2832
64238,84,2,0,15744
64242,120,3,-1,3114
64254,168,2,0,2112
64258,216,2,0,3504
64270,132,3,-1,5232
64274,72,2,0,12672
64286,504,6,0,960
64290,504,4,1,6912
64302,36,2,0,600
64306,60,3,1,12864
64318,312,2,0,15360
64322,108,2,0,15984
64334,120,3,1,372
64338,48,2,0,9888
64350,444,3,0,8400
64354,420,3,0,1344
64366,228,2,0,4416
64370,204,3,-1,288
64382,240,2,0,1080
64386,156,2,0,10944
64398,60,3,-1,3696
64402,204,2,0,1296
64414,360,3,0,6144
64418,420,3,0,6336
64430,132,2,0,18816
64434,84,3,1,15840
64446,180,2,0,2580
64450,468,2,0,23904
64462,132,3,1,15696
64466,72,2,0,12576
64478,672,4,-1,720
64482,252,4,0,1728
64494,108,2,0,9792
64498,120,3,-1,4032
64510,420,2,0,8160
64514,348,2,0,1728
64526,156,3,-1,4896
64530,72,2,0,13656
64542,324,4,0,2208
64546,900,4,-1,156
64558,72,2,0,10080
64562,72,3,1,10704
64574,348,2,0,24384
64590,228,3,1,23286
64594,168,2,0,19584
64606,276,3,0,6144
64610,528,3,0,9360
64622,72,2,0,3216
64626,192,3,-1,3840
64638,48,2,0,7992
64642,168,2,0,11520
64654,252,3,-1,528
64658,180,2,0,6024
64670,504,3,0,11616
64674,456,3,0,6048
64686,72,2,0,11232
64690,180,3,1,228
64702,240,2,0,12096
64706,240,2,0,17856
64718,48,3,1,10860
64722,48,2,0,11736
64734,480,4,1,7104
64738,372,5,0,1536
64750,108,2,0,20400
64754,60,3,-1,720
64770,192,2,0,16512
64782,84,3,-1,228
64786,132,2,0,21312
64798,480,4,0,840
64802,480,4,1,1728
64814,132,2,0,20352
64818,96,3,1,10140
64830,132,2,0,11472
64834,396,2,0,6720
64846,96,3,1,384
64850,204,2,0,19584
64862,420,3,0,6336
64866,216,3,0,432
64878,36,2,0,9816
64882,192,3,-1,5580
64894,168,2,0,10752
64898,276,2,0,16032
64910,216,3,-1,1896
64914,96,2,0,8784
64926,444,3,0,7584
64930,564,3,0,10080
64942,108,2,0,7092
64946,120,3,1,1140
64958,168,2,0,1536
64962,180,2,0,8544
64974,96,3,1,9696
64978,228,2,0,3648
64990,732,4,-1,384
64994,648,5,1,5328
65006,60,2,0,15168
65010,168,3,-1,516
65022,216,2,0,10392
65026,300,2,0,17184
65038,60,3,-1,4284
65042,108,2,0,16128
65054,588,5,-1,84
65058,252,4,-1,1620
65070,72,2,0,11136
65074,120,3,1,144
65086,324,2,0,1632
65090,276,2,0,7920
65102,108,3,1,13632
65106,144,2,0,11664
65118,240,3,0,4416
65122,648,3,0,2160
65134,96,2,0,20544
65138,108,3,-1,4752
65150,288,2,0,20640
65154,360,2,0,384
65166,96,3,-1,3456
65170,120,2,0,1008
65182,420,3,0,7392
65186,324,3,0,768
65198,132,2,0,6144
65202,84,3,1,8484
65214,264,2,0,16224
65218,192,2,0,13152
65230,156,3,1,3528
65234,156,2,0,5088
65246,684,4,1,1308
65250,444,4,0,3024
65262,84,2,0,10080
65266,132,3,-1,2160
65278,228,2,0,504
65282,156,2,0,10296
65294,180,3,-1,5760
65298,72,2,0,9696
65310,240,5,0,1284
65314,660,4,1,9264
65326,108,2,0,11520
65342,288,2,0,2496
65346,312,2,0,4152
65358,144,3,1,14148
65362,36,2,0,13536
65374,840,3,0,5760
65378,300,3,0,1728
65390,108,2,0,15072
65394,60,3,-1,3024
65406,288,2,0,12480
65410,372,2,0,3312
65422,60,3,-1,3840
65426,60,2,0,13824
65438,372,3,0,6336
65442,276,3,0,5952
65454,84,2,0,1932
65458,84,3,1,60
65470,408,2,0,24288
65474,204,2,0,18480
65486,252,3,1,2544
65490,72,2,0,12864
65502,264,4,-1,1200
65506,384,4,0,3072
65522,120,3,-1,1680
65534,216,2,0,11040
65538,192,2,0,9984
65550,96,3,-1,4608
65554,180,2,0,1164
65566,384,4,0,3072
65570,516,4,-1,2952
65582,120,2,0,14400
65586,60,3,1,12252
65598,120,2,0,9408
65602,240,2,0,12384
65614,60,3,1,14208
65618,84,2,0,13176
65630,768,3,0,5640
65634,336,3,0,6912
65646,180,2,0,2448
65650,84,3,-1,5856
65662,240,2,0,2880
65666,480,2,0,5856
65678,72,3,-1,3624
65682,60,2,0,11112
65694,492,3,0,8496
65698,624,3,0,2736
65710,228,2,0,26880
65714,156,3,1,13632
65726,144,2,0,10944
65730,216,2,0,12672
65742,60,3,1,1284
65746,84,2,0,2880
65758,480,4,1,4872
65762,516,5,0,1584
65774,156,2,0,624
65778,120,3,-1,4104
65790,168,2,0,15360
65794,168,2,0,15024
65806,216,3,-1,3024
65810,132,2,0,2808
65822,492,4,0,4464
65826,432,4,1,6432
65838,72,2,0,11268
65842,108,3,1,3576
65854,120,2,0,2400
65858,156,2,0,14688
65870,120,3,1,14496
65874,60,2,0,336
65886,240,3,0,5712
65890,576,3,0,11544
65902,48,2,0,11664
65906,180,3,-1,5664
65918,324,2,0,4992
65922,156,2,0,7008
65934,48,3,-1,3672
65938,96,2,0,2208
65950,624,3,0,2856
65954,768,3,0,780
65966,48,2,0,96
65970,120,3,1,2070
65982,132,2,0,9072
65986,216,2,0,2880
65998,144,3,1,14880
66002,132,2,0,14832
66014,432,4,-1,2352
66018,324,5,-1,990
66030,96,2,0,16992
66034,108,3,-1,4704
66046,456,2,0,4032
66050,312,2,0,18144
66062,132,3,-1,2250
66066,36,2,0,9312
66078,348,5,1,2064
66094,60,2,0,3024
66098,132,3,1,3552
66110,384,2,0,18960
66114,144,2,0,14208
66126,72,3,1,9432
66130,288,2,0,12072
66142,252,3,0,6768
66146,360,3,0,1152
66158,132,2,0,14688
66162,60,3,-1,3168
66174,168,2,0,10152
66178,336,2,0,13776
66190,96,3,-1,6624
66194,72,2,0,13824
66206,528,3,0,1728
66210,324,3,0,5280
66222,48,2,0,9864
66226,144,3,1,17040
66238,168,2,0,5376
66242,408,2,0,6144
66254,108,3,1,2808
66258,60,2,0,7680
66274,780,4,0,1728
66286,84,2,0,11424
66290,120,3,-1,8400
66302,120,2,0,12768
66306,180,2,0,11616
66318,48,3,-1,342
66322,72,2,0,11208
66334,540,5,0,2112
66338,360,4,1,6552
66350,276,2,0,6000
66354,144,3,1,3060
66366,252,2,0,12192
66370,240,2,0,18576
66382,180,3,1,2466
66386,192,2,0,7488
66398,372,3,0,7008
66402,168,3,0,4044
66414,84,2,0,12096
66418,144,3,-1,912
66430,324,2,0,22464
66434,228,2,0,10368
66446,120,3,-1,1056
66450,108,2,0,17856
66462,144,3,0,4416
66466,480,3,0,10560
66478,72,2,0,12144
66482,108,3,1,12696
66494,384,2,0,10368
66498,216,2,0,144
66510,108,3,1,12324
66514,72,2,0,12288
66526,804,4,-1,114
66530,828,4,0,1488
66542,96,2,0,11568
66546,84,3,-1,648
66558,180,2,0,1152
66562,312,2,0,7392
66574,84,3,-1,5976
66578,132,2,0,15408
66590,552,4,0,4896
66594,288,4,-1,1464
66606,120,2,0,16320
66610,108,3,1,13632
66622,96,2,0,11472
66626,180,2,0,13536
66638,108,3,1,3792
66642,144,2,0,12624
66654,372,3,0,1320
66658,324,3,0,6960
66670,276,2,0,9504
66674,156,3,-1,1920
66686,108,2,0,12816
66690,240,2,0,15864
66702,108,3,-1,3624
66706,132,2,0,1824
66718,240,3,0,5328
66722,564,3,0,1032
66734,120,2,0,15168
66738,36,3,1,7452
66750,336,2,0,20064
66754,288,2,0,288
66766,96,3,1,15072
66770,84,2,0,12960
66782,672,4,1,96
66786,480,6,0,1056
66798,48,2,0,7764
66802,120,3,-1,504
66814,300,2,0,5568
66818,180,2,0,5040
66830,252,3,-1,6912
66846,480,4,0,768
66850,792,4,1,1956
66862,120,2,0,9696
66866,60,3,1,13728
66878,216,2,0,17280
66882,96,2,0,8256
66894,108,3,1,9792
66898,120,2,0,19584
66910,312,3,0,8304
66914,372,3,0,8064
66926,216,2,0,11952
66930,48,3,-1,30
66942,168,2,0,12240
66946,240,2,0,3504
66958,72,3,-1,12
66962,84,2,0,2340
66974,228,3,0,5760
66978,156,3,0,4800
66990,72,2,0,11832
66994,228,3,1,7284
67006,192,2,0,14400
67010,384,2,0,23952
67026,108,2,0,12576
67038,348,4,-1,168
67042,372,5,1,2520
67054,228,2,0,4608
67058,120,3,-1,5808
67070,336,2,0,3792
67074,132,2,0,12768
67086,36,3,-1,3480
67090,144,2,0,17664
67102,684,5,-1,564
67106,468,4,-1,180
67118,108,2,0,15552
67122,36,3,1,228
67134,132,2,0,10080
67138,324,2,0,4752
67150,168,3,1,28272
67154,120,2,0,3840
67166,252,3,0,7536
67170,408,3,0,9216
67182,12,2,0,7896
67186,72,3,-1,4320
67198,120,2,0,12864
67202,192,2,0,11184
67214,216,3,-1,1584
67218,84,2,0,8856
67230,564,3,0,8496
67234,480,3,0,8448
67246,96,2,0,720
67250,192,3,1,11700
67262,276,2,0,18144
67266,192,2,0,1320
67278,72,3,1,10272
67282,132,2,0,3096
67294,456,4,1,8352
67298,288,4,0,2160
67310,180,2,0,3696
67314,72,3,-1,3408
67326,144,2,0,6912
67330,228,2,0,19296
67342,132,3,-1,576
67346,192,2,0,5568
67358,540,6,1,666
67362,408,4,1,6348
67374,72,2,0,14880
67378,24,3,1,8388
67390,504,2,0,6024
67394,336,2,0,2976
67406,108,3,1,13584
67410,96,2,0,14868
67422,264,3,0,4176
67426,708,3,0,4224
67438,48,2,0,11904
67442,120,3,-1,4608
67454,324,2,0,3072
67458,204,2,0,10800
67470,108,3,-1,5940
67474,132,2,0,14688
67486,624,3,0,672
67490,492,3,0,10320
67502,180,2,0,3576
67506,84,3,1,1632
67518,108,2,0,7152
67522,216,2,0,16344
67534,204,3,1,8304
67538,228,2,0,960
67550,528,4,-1,2304
67554,276,4,0,540
67566,168,2,0,14304
67570,120,3,-1,2064
67582,216,2,0,14976
67598,72,3,-1,3492
67602,168,2,0,8616
67614,336,4,0,3168
67618,516,4,-1,2496
67630,120,2,0,16224
67634,168,3,1,16512
67646,528,2,0,216
67650,276,2,0,14400
67662,48,3,1,8160
67666,48,2,0,12672
67678,252,3,0,216
67682,468,3,0,2928
67694,60,2,0,12960
67698,72,3,-1,4020
67710,336,2,0,17280
67714,348,2,0,360
67726,132,3,-1,6144
67730,168,2,0,18144
67742,228,3,0,6336
67746,336,3,0,840
67758,108,2,0,8352
67762,156,3,1,19416
67778,120,2,0,11040
67790,264,3,1,10992
67794,84,2,0,15600
67806,468,4,1,6960
67810,768,6,-1,840
67822,132,2,0,4152
67826,156,3,-1,960
67838,264,2,0,18048
67842,192,2,0,10416
67854,84,3,-1,696
67858,120,2,0,4272
67870,588,4,0,4464
67874,516,4,1,8064
67886,144,2,0,13920
67890,120,3,1,13188
67902,84,2,0,9024
67906,228,2,0,14016
67918,96,3,1,16368
67922,108,2,0,13104
67934,600,3,0,2304
67938,276,3,0,5208
67950,120,2,0,15300
67954,108,3,-1,1008
67966,192,2,0,5400
67970,360,2,0,5712
67982,132,3,-1,4800
67986,96,2,0,11328
67998,336,3,0,5928
68002,336,3,0,456
68014,48,2,0,15744
68018,96,3,1,12384
68030,180,2,0,12768
68034,192,2,0,14592
68046,120,3,1,1764
68050,120,2,0,17088
68062,372,4,-1,2244
68066,624,5,-1,1632
68078,180,2,0,1056
68082,36,3,-1,2784
68094,288,2,0,2112
68098,180,2,0,10176
68110,144,3,-1,1632
68114,144,2,0,7992
68126,756,5,1,672
68130,636,4,-1,2784
68142,48,2,0,6564
68146,252,3,1,1056
68158,192,2,0,816
68162,192,2,0,816
68174,132,3,1,17760
68178,60,2,0,9984
68190,300,3,0,7056
68194,192,3,0,5472
68206,168,2,0,15552
68210,108,3,-1,4848
68222,204,2,0,4752
68226,132,2,0,8832
68238,48,3,-1,2520
68242,96,2,0,18576
68254,396,3,0,24
68258,504,3,0,2112
68270,288,2,0,34608
68274,72,3,1,12144
68286,120,2,0,16416
68290,456,2,0,1584
68302,12,3,1,9312
68306,84,2,0,15360
68318,348,4,1,5472
68322,588,4,0,552
68334,48,2,0,11280
68350,300,2,0,22560
68354,252,2,0,3840
68366,72,3,-1,960
68370,72,2,0,16512
68382,324,6,0,576
68386,336,4,1,6432
68398,168,2,0,9084
68402,132,3,1,1320
68414,180,2,0,14400
68418,120,2,0,9372
68430,96,3,1,13272
68434,192,2,0,5376
68446,576,3,0,2160
68450,540,3,0,10752
68462,84,2,0,15360
68466,84,3,-1,5412
68478,120,2,0,9504
68482,168,2,0,16776
68494,144,3,-1,5088
68498,48,2,0,9984
68510,960,3,0,4824
68514,204,3,0,4320
68530,132,3,1,17832
68542,228,2,0,4320
68546,348,2,0,1440
68558,72,3,1,9624
68562,12,2,0,9216
68574,180,4,-1,1344
68578,708,4,0,1080
68590,144,2,0,13536
68594,156,3,-1,6768
68606,324,2,0,17280
68610,180,2,0,10944
68622,144,3,-1,5958
68626,108,2,0,17280
68638,372,4,0,168
68642,348,4,-1,2112
68654,180,2,0,1536
68658,96,3,1,11832
68670,180,2,0,10368
68674,180,2,0,15936
68686,72,3,1,4224
68690,240,2,0,5568
68702,288,3,0,6432
68706,312,3,0,5280
68718,132,2,0,1152
68722,48,3,-1,1344
68734,324,2,0,21888
68738,216,2,0,1296
68750,180,3,-1,6960
68754,60,2,0,1800
68766,168,3,0,4992
68770,504,3,0,9792
68782,132,2,0,13440
68786,60,3,1,12288
68798,240,2,0,2952
68802,120,2,0,10752
68814,72,3,1,10560
68818,72,2,0,14976
68830,1284,4,1,6228
68834,492,5,0,528
68846,132,2,0,3384
68850,168,3,-1,5208
68862,144,2,0,9096
68866,252,2,0,4608
68878,60,3,-1,720
68882,72,2,0,13440
68894,516,4,0,4608
68898,360,4,1,3600
68910,132,2,0,2304
68914,120,3,1,17664
68926,300,2,0,864
68930,288,2,0,21120
68942,132,3,1,5520
68946,144,2,0,2640
68958,432,3,0,7008
68962,264,3,0,6528
68974,108,2,0,912
68978,84,3,-1,1884
68990,360,2,0,20064
68994,180,2,0,13248
69006,84,3,-1,3012
69010,252,2,0,6540
69022,312,3,0,336
69026,312,3,0,6336
69038,108,2,0,13008
69042,12,3,1,9342
69054,228,2,0,3312
69058,204,2,0,11400
69070,216,3,1,23136
69074,168,2,0,2016
69086,624,4,-1,1044
69102,84,2,0,12096
69106,204,3,-1,744
69118,168,2,0,2088
69122,192,2,0,84
69134,144,3,-1,6144
69138,72,2,0,8880
69150,528,5,-1,1236
69154,888,4,-1,432
69166,168,2,0,24912
69170,168,3,1,17472
69182,144,2,0,11424
69186,144,2,0,12672
69198,36,3,1,6816
69202,96,2,0,960
69214,312,3,0,6912
69218,204,3,0,6720
69230,192,2,0,4704
69234,96,3,-1,3300
69246,216,2,0,1728
69250,348,2,0,19680
69262,36,3,-1,48
69266,204,2,0,6336
69282,300,3,0,5880
69294,72,2,0,10944
69298,168,3,1,2280
69310,360,2,0,19584
69314,144,2,0,11808
69326,108,3,1,19968
69330,144,2,0,12720
69342,324,4,1,4590
69346,564,4,0,840
69358,120,2,0,15552
69362,132,3,-1,6000
69374,264,2,0,432
69378,180,2,0,10752
69390,180,3,-1,7038
69394,84,2,0,14208
69406,876,5,0,792
69410,1008,4,1,4224
69422,48,2,0,8928
69426,60,3,1,10980
69438,168,2,0,10464
69442,216,2,0,2880
69454,60,3,1,2496
69458,48,2,0,10560
69470,456,3,0,9984
69474,312,3,0,7032
69486,36,2,0,9024
69490,84,3,-1,8208
69502,204,2,0,14208
69506,300,2,0,13344
69518,84,3,-1,2400
69522,24,2,0,8400
69534,216,3,0,4416
69538,348,3,0,7008
69550,180,2,0,216
69554,216,3,1,960
69566,264,2,0,16704
69570,156,2,0,12888
69582,48,3,1,10692
69586,120,2,0,8352
69598,360,4,-1,1920
69602,708,4,0,240
69614,72,2,0,14544
69618,132,3,-1,2880
69630,252,2,0,17424
69634,276,2,0,18432
69646,96,3,-1,864
69650,144,2,0,17760
69662,612,4,0,132
69666,360,4,-1,1992
69678,132,2,0,9408
69682,72,3,1,8100
69694,432,2,0,1272
69698,360,2,0,3228
69710,144,3,1,12192
69714,108,2,0,14112
69726,324,3,0,6960
69730,444,3,0,2544
69742,120,2,0,1296
69746,192,3,-1,840
69758,216,2,0,13728
69762,96,2,0,7272
69774,156,3,-1,4032
69778,84,2,0,13680
69790,288,3,0,6144
69794,324,3,0,480
69806,120,2,0,3648
69810,276,3,1,21168
69822,180,2,0,8688
69826,336,2,0,20544
69838,144,3,1,5472
69854,996,4,1,336
69858,180,5,0,96
69870,96,2,0,18024
69874,96,3,-1,1032
69886,180,2,0,12960
69890,372,2,0,3696
69902,48,3,-1,3648
69906,72,2,0,13056
69918,312,4,0,2688
69922,468,4,1,6960
69934,180,2,0,16896
69938,108,3,1,14016
69950,432,2,0,10560
69954,72,2,0,1200
69966,60,3,1,14700
69970,156,2,0,25248
69982,420,3,0,1536
69986,396,3,0,1920
69998,72,2,0,14016
70002,108,3,-1,4080
70014,96,2,0,9408
70018,264,2,0,4956
70034,144,2,0,14208
70046,516,3,0,1344
70050,444,3,0,9288
70062,48,2,0,10224
70066,48,3,1,12480
70078,240,2,0,13416
70082,168,2,0,576
70094,192,3,1,4428
70098,84,2,0,9480
70110,480,4,-1,2880
70114,672,5,-1,1344
70126,168,2,0,5856
70130,156,3,-1,1680
70142,108,2,0,13056
70146,264,2,0,552
70158,24,3,-1,2184
70162,180,2,0,5568
70174,744,5,1,5184
70178,336,4,-1,2016
70190,228,2,0,168
70194,60,3,1,12336
70206,156,2,0,11112
70210,288,2,0,18432
70222,144,3,1,13272
70226,156,2,0,17568
70238,312,3,0,1632
70242,192,3,0,5232
70254,96,2,0,1968
70258,132,3,-1,60
70270,396,2,0,3456
70274,444,2,0,9168
70286,180,3,-1,8064
70290,48,2,0,8688
70302,300,3,0,6048
70306,396,3,0,1632
70318,60,2,0,7968
70322,120,3,1,14760
70334,72,2,0,13056
70338,204,2,0,12096
70350,84,3,1,10824
70354,120,2,0,2400
70366,408,4,1,7488
70370,612,4,0,5664
70382,108,2,0,7320
70386,96,3,-1,3636
70398,168,2,0,9888
70402,216,2,0,14760
70414,192,3,-1,1452
70418,156,2,0,288
70430,420,5,0,1848
70434,240,4,1,4968
70446,180,2,0,504
70450,252,3,1,9216
70462,156,2,0,13248
70466,216,2,0,672
70478,12,3,1,1704
70482,144,2,0,11712
70494,156,3,0,4104
70498,312,3,0,7488
70510,84,2,0,15696
70514,36,3,-1,4416
70526,480,2,0,4104
70530,300,2,0,20544
70542,84,3,-1,2832
70546,108,2,0,1824
70558,648,3,0,4896
70562,240,3,0,1440
70574,180,2,0,17280
70578,60,3,1,9738
70590,396,2,0,14112
70606,72,3,1,12192
70610,180,2,0,27648
70622,744,4,-1,3372
70626,156,4,0,2016
70638,132,2,0,11160
70642,60,3,-1,588
70654,336,2,0,288
70658,132,2,0,8832
70670,180,3,-1,888
70674,156,2,0,144
70686,408,4,0,2496
70690,504,4,-1,2688
70702,120,2,0,4080
70706,300,3,1,12240
70718,108,2,0,10032
70722,108,2,0,9072
70734,72,3,1,14304
70738,48,2,0,2520
70750,828,3,0,13344
70754,600,3,0,1920
70766,96,2,0,12288
70770,84,3,-1,4044
70786,240,2,0,15744
70798,120,3,-1,4896
70802,96,2,0,11520
70814,696,3,0,4512
70818,300,3,0,6192
70830,120,2,0,13488
70834,156,3,1,312
70846,528,2,0,1116
70850,204,2,0,4272
70862,72,3,1,11976
70866,84,2,0,864
70878,408,4,1,3912
70882,732,8,1,228
70894,84,2,0,16128
70898,108,3,-1,3456
70910,240,2,0,19728
70914,120,2,0,10056
70926,72,3,-1,4992
70930,180,2,0,23520
70942,396,4,0,2160
70946,1080,4,1,2880
70958,96,2,0,3384
70962,48,3,1,7812
70974,144,2,0,13968
70978,120,2,0,12768
70990,300,3,1,10440
70994,72,2,0,1056
71006,372,3,0,6912
71010,300,3,0,5760
71022,48,2,0,6816
71026,144,3,-1,1632
71038,168,2,0,11232
71042,228,2,0,16992
71054,120,3,-1,1116
71058,180,2,0,16740
71070,324,3,0,7056
71074,420,3,0,6912
71086,144,2,0,21408
71090,132,3,1,18216
71102,264,2,0,4608
71106,132,2,0,10368
71118,84,3,1,12792
71122,24,2,0,11712
71134,468,4,-1,672
71138,804,5,1,123
71150,216,2,0,18240
71154,156,3,-1,876
71166,168,2,0,10896
71170,348,2,0,5184
71182,132,3,-1,5280
71186,132,2,0,13440
71198,396,5,-1,1152
71202,300,4,-1,1440
71214,60,2,0,11088
71218,144,3,1,12936
71230,252,2,0,2400
71234,240,2,0,18240
71246,228,3,1,1056
71250,60,2,0,12672
71262,444,3,0,840
71266,396,3,0,9984
71278,96,2,0,3456
71282,192,3,-1,1512
71294,276,2,0,15120
71298,180,2,0,12384
71310,132,3,-1,5184
71314,60,2,0,7296
71326,480,3,0,6912
71330,420,3,0,7056
71342,36,2,0,12480
71358,156,2,0,9360
71362,156,2,0,10608
71374,132,3,1,12864
71378,84,2,0,17184
71390,732,4,1,2472
71394,480,4,0,3264
71406,84,2,0,12240
71410,120,3,-1,6288
71422,288,2,0,7920
71426,216,2,0,768
71438,72,3,-1,4632
71442,108,2,0,10152
71454,504,6,-1,96
71458,672,4,1,312
71470,132,2,0,17448
71474,120,3,1,15024
71486,300,2,0,14208
71490,276,2,0,20304
71502,60,3,1,8352
71506,84,2,0,15072
71518,588,3,0,9408
71522,216,3,0,5160
71538,36,3,-1,2580
71550,156,2,0,11400
71554,180,2,0,2400
71566,180,3,-1,16
71570,288,2,0,10704
71582,240,3,0,4056
71586,264,3,0,6576
71598,72,2,0,9504
71602,72,3,1,2952
71614,144,2,0,14016
71618,192,2,0,14688
71630,168,3,1,660
71634,132,2,0,12624
71646,180,4,-1,384
71650,720,4,0,5424
71662,48,2,0,13176
71666,144,3,-1,192
71678,204,2,0,6336
71682,96,2,0,12384
71694,60,3,-1,3360
71698,48,2,0,9504
71710,996,4,0,1344
71714,504,4,-1,672
71726,108,2,0,15744
71730,84,3,1,15552
71742,204,2,0,12672
71746,540,2,0,1368
71758,108,3,1,12240
71762,60,2,0,11808
71774,456,3,0,7776
71778,156,3,0,3120
71790,60,2,0,14208
71794,132,3,-1,7344
71806,312,2,0,15744
71810,264,2,0,16128
71822,84,3,-1,1008
71826,72,2,0,15120
71838,216,3,0,3888
71842,276,3,0,6528
71854,288,2,0,2016
71858,144,3,1,3840
71870,396,2,0,25896
71874,144,2,0,10944
71886,48,3,1,10152
71890,300,2,0,1788
71902,456,4,1,6048
71906,516,6,1,1824
71918,36,2,0,9504
71922,72,3,-1,3432
71934,252,2,0,12720
71938,204,2,0,13968
71950,144,3,-1,5760
71954,132,2,0,2784
71966,708,4,0,360
71970,444,4,1,5880
71982,36,2,0,11040
71986,180,3,1,21600
71998,168,2,0,3936
72002,312,2,0,7356
72014,96,3,1,1872
72018,24,2,0,8352
72030,540,3,0,6864
72034,384,3,0,1440
72046,108,2,0,432
72050,156,3,-1,5328
72062,144,2,0,9984
72066,192,2,0,12168
72078,60,3,-1,4536
72082,36,2,0,11136
72094,492,3,0,9216
72110,156,2,0,6240
72114,12,3,1,11856
72126,156,2,0,864
72130,336,2,0,21984
72142,120,3,1,3300
72146,204,2,0,624
72158,372,4,-1,2544
72162,492,5,-1,1068
72174,36,2,0,8304
72178,180,3,-1,2364
72190,228,2,0,17184
72194,108,2,0,13248
72206,144,3,-1,6984
72210,96,2,0,1692
72222,294,5,1,84
72226,396,4,-1,2448
72238,96,2,0,11520
72242,48,3,1,1440
72254,276,2,0,528
72258,108,2,0,6768
72270,72,3,1,15504
72274,168,2,0,20736
72290,948,3,0,432
72302,84,2,0,16128
72306,72,3,-1,3480
72318,192,2,0,12972
72322,216,2,0,3840
72334,60,3,-1,3600
72338,60,2,0,14400
72350,564,3,0,11952
72354,408,3,0,384
72366,108,2,0,10800
72370,180,3,1,14544
72382,204,2,0,13056
72386,240,2,0,12240
72398,144,3,1,3936
72402,132,2,0,10560
72414,408,4,1,7536
72418,408,4,0,3168
72430,204,2,0,7752
72434,156,3,-1,2592
72446,228,2,0,264
72450,216,2,0,12192
72462,36,3,-1,3024
72466,72,2,0,3264
72478,612,7,1,816
72482,372,4,1,5760
72494,108,2,0,16512
72498,96,3,1,11016
72510,168,2,0,13824
72514,228,2,0,17280
72526,72,3,1,13104
72530,144,2,0,20736
72542,528,3,0,3096
72546,444,3,0,1104
72558,84,2,0,9156
72562,36,3,-1,2808
72574,228,2,0,4656
72578,336,2,0,3600
72590,84,3,-1,552
72594,48,2,0,9216
72606,300,3,0,5232
72610,1176,3,0,576
72622,60,2,0,9216
72626,228,3,1,26064
72638,300,2,0,16368
72642,120,2,0,7656
72654,108,3,1,3888
72658,72,2,0,10848
72670,648,4,-1,3624
72674,336,4,0,2880
72686,144,2,0,4320
72690,84,3,-1,5904
72702,180,2,0,9360
72706,288,2,0,15552
72718,168,3,-1,1680
72722,132,2,0,5568
72734,420,4,0,3456
72738,252,4,-1,1848
72750,180,2,0,15756
72754,120,3,1,648
72766,228,2,0,15840
72770,348,2,0,19104
72782,84,3,1,11772
72786,72,2,0,8928
72798,312,3,0,612
72802,312,3,0,6720
72814,108,2,0,240
72818,72,3,-1,3984
72830,384,2,0,816
72834,108,2,0,11304
72846,36,3,-1,804
72862,780,3,0,768
72866,384,3,0,2976
72878,120,2,0,18432
72882,60,3,1,9096
72894,204,2,0,672
72898,264,2,0,3888
72910,132,3,1,24768
72914,108,2,0,17472
72926,588,4,1,6528
72930,372,5,0,1656
72942,120,2,0,9216
72946,108,3,-1,1296
72958,144,2,0,9792
72962,168,2,0,19200
72974,132,3,-1,3072
72978,36,2,0,8352
72990,504,4,0,4704
72994,564,4,1,1176
73006,144,2,0,3216
73010,156,3,1,3252
73022,240,2,0,15456
73026,180,2,0,1728
73042,168,2,0,8064
73054,432,3,0,1728
73058,456,3,0,8208
73070,120,2,0,15072
73074,108,3,-1,408
73086,324,2,0,708
73090,228,2,0,16368
73102,96,3,-1,5568
73106,168,2,0,528
73118,348,3,0,1296
73122,192,3,0,264
73134,84,2,0,9792
73138,108,3,1,15168
73150,300,2,0,6516
73154,264,2,0,1104
73166,96,3,1,336
73170,180,2,0,20592
73182,396,4,-1,2112
73186,804,5,1,708
73198,72,2,0,15024
73202,48,3,-1,3792
73214,264,2,0,18432
73218,192,2,0,11952
73230,120,3,-1,3216
73234,120,2,0,19776
73246,648,5,-1,240
73250,600,4,-1,3984
73262,144,2,0,96
73266,48,3,1,7944
73278,84,2,0,8640
73282,204,2,0,13008
73294,168,3,1,5472
73298,120,2,0,5580
73310,660,3,0,10080
73314,228,3,0,6336
73326,96,2,0,12288
73330,108,3,-1,1920
73342,108,2,0,10080
73346,180,2,0,3792
73358,60,3,-1,3744
73362,132,2,0,8544
73374,324,3,0,6168
73378,336,3,0,5184
73390,144,2,0,21600
73394,120,3,1,16632
73406,324,2,0,7392
73410,240,2,0,18936
73422,72,3,1,12792
73426,72,2,0,12384
73438,804,4,1,1974
73442,540,4,0,792
73454,96,2,0,2280
73458,48,3,-1,2886
73470,168,2,0,10704
73474,288,2,0,6576
73486,72,3,-1,4224
73490,96,2,0,15408
73502,336,5,0,1440
73506,588,4,1,8256
73518,108,2,0,10128
73522,84,3,1,23484
73534,300,2,0,20352
73538,180,2,0,9504
73550,180,3,1,276
73554,132,2,0,2592
73566,360,3,0,6240
73570,468,3,0,648
73582,108,2,0,624
73586,168,3,-1,960
73598,132,2,0,10080
73614,108,3,-1,624
73618,96,2,0,4560
73630,564,3,0,9216
73634,360,3,0,8064
73646,180,2,0,3648
73650,180,3,1,13368
73662,168,2,0,7824
73666,204,2,0,15360
73678,24,3,1,12672
73682,84,2,0,11376
73694,468,4,-1,768
73698,420,4,0,2640
73710,96,2,0,13632
73714,132,3,-1,4680
73726,324,2,0,6720
73730,576,2,0,9936
73742,72,3,-1,4968
73746,168,2,0,2976
73758,228,4,0,1992
73762,360,4,-1,414
73774,48,2,0,14256
73778,96,3,1,2496
73794,192,2,0,11424
73806,96,3,1,12000
73810,156,2,0,2256
73822,300,3,0,5664
73826,240,3,0,5424
73838,192,2,0,5568
73842,96,3,-1,3768
73854,48,2,0,1344
73858,240,2,0,14880
73870,180,3,-1,1644
73874,132,2,0,4320
73886,408,3,0,8640
73890,288,3,0,7104
73902,72,2,0,11040
73906,204,3,1,6180
73918,288,2,0,20448
73922,216,2,0,14880
73934,60,3,1,576
73938,24,2,0,8412
73950,540,4,1,8160
73954,768,5,0,432
73966,48,2,0,12288
73970,180,3,-1,7440
73982,372,2,0,4176
73986,132,2,0,9600
73998,96,3,-1,4224
74002,72,2,0,10944
74014,564,4,0,1536
74018,564,4,1,2112
74030,84,2,0,21072
74034,48,3,1,9936
74046,168,2,0,1536
74050,384,2,0,6000
74062,132,3,1,1224
74066,144,2,0,19968
74078,384,3,0,5760
74082,240,3,0,4608
74094,132,2,0,20976
74098,60,3,-1,3528
74110,348,2,0,22224
74114,216,2,0,15360
74126,96,3,-1,1488
74130,60,2,0,11712
74142,216,3,0,4416
74146,636,3,0,1728
74158,60,2,0,1836
74162,84,3,1,6336
74174,156,2,0,16896
74178,156,2,0,11952
74190,96,3,1,14268
74194,108,2,0,4800
74206,396,4,-1,2400
74210,432,5,-1,1524
74222,84,2,0,16320
74226,72,3,-1,4224
74238,120,2,0,8256
74242,156,2,0,8784
74254,120,3,-1,1056
74258,132,2,0,12672
74270,1092,5,1,2148
74274,336,4,-1,1812
74286,60,2,0,8832
74290,168,3,1,28920
74302,144,2,0,2664
74306,264,2,0,3552
74318,120,3,1,14592
74322,48,2,0,6768
74334,588,3,0,10272
74338,432,3,0,132
74350,84,2,0,18624
74366,240,2,0,2688
74370,192,2,0,12384
74382,84,3,-1,2022
74386,168,2,0,17280
74398,372,3,0,816
74402,480,3,0,9792
74414,144,2,0,3216
74418,72,3,1,624
74430,204,2,0,17568
74434,216,2,0,13248
74446,228,3,1,2340
74450,192,2,0,6816
74462,324,4,1,4920
74466,336,4,0,2496
74478,60,2,0,7872
74482,168,3,-1,480
74494,120,2,0,13344
74498,132,2,0,9936
74510,120,3,-1,8112
74514,84,2,0,14112
74526,468,5,0,144
74530,768,4,1,10932
74546,96,3,1,168
74558,504,2,0,2640
74562,156,2,0,1848
74574,96,3,1,9600
74578,36,2,0,12000
74590,540,3,0,2592
74594,636,3,0,432
74606,120,2,0,16128
74610,120,3,-1,4032
74622,168,2,0,9360
74626,360,2,0,5256
74638,156,3,-1,4488
74642,96,2,0,11808
74654,600,3,0,2184
74658,132,3,0,3456
74670,84,2,0,14808
74674,48,3,1,11808
74686,204,2,0,13776
74690,192,2,0,15936
74702,120,3,1,5760
74706,72,2,0,672
74718,288,4,-1,1608
74722,456,4,0,2592
74734,120,2,0,3648
74738,180,3,-1,1344
74750,216,2,0,14160
74754,252,2,0,2256
74766,84,3,-1,4800
74770,168,2,0,8064
74782,492,4,0,5088
74786,492,4,-1,2880
74798,60,2,0,576
74802,24,3,1,9000
74814,144,2,0,11328
74818,168,2,0,12096
74830,108,3,1,18108
74834,60,2,0,15360
74846,888,3,0,624
74850,408,3,0,6552
74862,48,2,0,10056
74866,168,3,-1,5712
74878,204,2,0,7200
74882,264,2,0,1044
74894,144,3,-1,4848
74898,60,2,0,10272
74910,192,3,0,5616
74914,468,3,0,2352
74926,144,2,0,13824
74930,168,3,1,792
74942,132,2,0,10848
74946,144,2,0,2328
74958,96,3,1,9468
74962,132,2,0,13248
74974,516,4,1,6528
74978,732,7,-1,360
74990,240,2,0,7824
74994,108,3,-1,4368
75006,204,2,0,12624
75010,300,2,0,1584
75022,120,3,-1,1368
75026,144,2,0,5280
75038,384,4,0,3504
75042,372,4,1,4644
75054,96,2,0,2664
75058,144,3,1,3132
75070,360,2,0,20064
75074,264,2,0,22272
75086,84,3,1,12744
75090,180,2,0,17136
75102,288,3,0,4440
75118,96,2,0,12384
75122,36,3,-1,3744
75134,264,2,0,7200
75138,84,2,0,7392
75150,168,3,-1,1
75154,144,2,0,4320
75166,384,3,0,1536
75170,564,3,0,2376
75182,108,2,0,1728
75186,60,3,1,12288
75198,120,2,0,11520
75202,252,2,0,6168
75214,144,3,1,19536
75218,84,2,0,12288
75230,564,4,-1,3312
75234,408,5,1,2976
75246,84,2,0,1464
75250,144,3,-1,5616
75262,204,2,0,17280
75266,288,2,0,18720
75278,84,3,-1,948
75282,48,2,0,7020
75298,264,4,-1,1800
75310,264,2,0,9312
75314,192,3,1,6648
75326,168,2,0,17376
75330,288,2,0,16896
75342,108,3,1,15696
75346,216,2,0,192
75358,276,3,0,5376
75362,264,3,0,4848
75374,96,2,0,15360
75378,108,3,-1,24
75390,240,2,0,14904
75394,240,2,0,13824
75406,156,3,-1,6528
75410,132,2,0,20640
75422,360,3,0,1752
75426,372,3,0,8592
75438,60,2,0,10752
75442,48,3,1,11904
75454,432,2,0,288
75458,336,2,0,7296
75470,168,3,1,18240
75474,48,2,0,8880
75486,468,4,1,5784
75490,708,4,0,960
75502,84,2,0,10992
75506,84,3,-1,3936
75518,168,2,0,12240
75522,264,2,0,14256
75534,84,3,-1,2928
75538,156,2,0,20160
75550,864,6,1,3600
75554,564,4,1,1344
75566,240,2,0,9600
75570,84,3,1,14928
75582,120,2,0,10800
75586,180,2,0,10368
75598,60,3,1,168
75602,156,2,0,3168
75614,348,3,0,7248
75618,312,3,0,5112
75630,84,2,0,12672
75634,324,3,-1,3360
75646,300,2,0,2160
75650,300,2,0,21840
75662,12,3,-1,3888
75666,120,2,0,10800
75678,252,3,0,5472
75682,276,3,0,7872
75694,96,2,0,15936
75698,36,3,1,12816
75710,444,2,0,4512
75714,180,2,0,9120
75726,48,3,1,12840
75730,132,2,0,15264
75742,648,4,-1,1032
75746,924,4,0,216
75758,36,2,0,11520
75762,60,3,-1,3258
75774,144,2,0,12288
75778,192,2,0,960
75790,168,3,-1,6864
75794,60,2,0,12096
75806,420,4,0,2880
75810,384,4,-1,2448
75822,132,2,0,12384
75826,120,3,1,1056
75838,156,2,0,9936
75842,264,2,0,12576
75854,264,3,1,324
75870,252,3,0,4488
75874,540,3,0,11520
75886,228,2,0,7296
75890,144,3,-1,2832
75902,264,2,0,20544
75906,120,2,0,8064
75918,72,3,-1,2892
75922,120,2,0,2760
75934,324,3,0,864
75938,348,3,0,6528
75950,36,2,0,15768
75954,168,3,1,1920
75966,264,2,0,1584
75970,264,2,0,23448
75982,48,3,1,8448
75986,156,2,0,17664
75998,1008,4,1,444
76002,240,6,-1,360
76014,72,2,0,16320
76018,72,3,-1,3792
76030,444,2,0,5568
76034,228,2,0,4416
76050,132,2,0,20640
76062,144,4,0,1656
76066,480,4,1,2880
76078,132,2,0,15696
76082,132,3,1,18720
76094,180,2,0,15408
76098,144,2,0,8700
76110,84,3,1,16704
76114,12,2,0,10080
76126,504,3,0,9984
76130,612,3,0,960
76142,96,2,0,2124
76146,96,3,-1,972
76158,156,2,0,9120
76162,336,2,0,2184
76174,180,3,-1,2640
76178,108,2,0,1152
76190,516,3,0,11712
76194,144,3,0,4608
76206,60,2,0,12096
76210,228,3,1,7440
76222,168,2,0,336
76226,252,2,0,17280
76238,156,3,1,12480
76242,96,2,0,576
76254,408,4,-1,288
76258,444,5,-1,1044
76270,204,2,0,18720
76274,144,3,-1,384
76286,204,2,0,3744
76290,156,2,0,11376
76302,72,3,-1,3012
76306,120,2,0,17568
76318,780,5,1,1092
76322,552,4,-1,1212
76334,144,2,0,14592
76338,72,3,1,7332
76350,348,2,0,18600
76354,276,2,0,912
76366,96,3,1,14496
76370,84,2,0,14976
76382,480,3,0,8256
76386,276,3,0,5424
76398,72,2,0,7416
76402,96,3,-1,3240
76414,180,2,0,13632
76418,168,2,0,14592
76430,192,3,-1,2880
76434,60,2,0,12192
76446,588,3,0,2088
76450,492,3,0,288
76462,156,2,0,324
76466,84,3,1,4512
76478,120,2,0,8280
76482,168,2,0,816
76494,72,3,1,8856
76498,180,2,0,8736
76510,540,4,1,8856
76514,492,4,0,3024
76526,60,2,0,15360
76530,132,3,-1,5940
76542,108,2,0,6912
76546,216,2,0,2592
76558,192,3,-1,6024
76562,120,2,0,12144
76574,828,8,0,60
76578,540,4,1,6696
76590,36,2,0,10224
76594,72,3,1,12288
76606,324,2,0,7872
76622,180,3,1,15144
76626,72,2,0,9504
76638,216,3,0,5376
76642,456,3,0,2376
76654,204,2,0,3288
76658,48,3,-1,3984
76670,252,2,0,25152
76674,180,2,0,10272
76686,84,3,-1,4344
76690,192,2,0,26016
76702,252,3,0,5184
76706,444,3,0,7776
76718,144,2,0,768
76722,24,3,1,7656
76734,204,2,0,14592
76738,192,2,0,14040
76750,132,3,1,180
76754,360,2,0,1704
76766,384,4,-1,2016
76770,852,4,0,5568
76782,96,2,0,11040
76786,168,3,-1,1224
76802,108,2,0,9360
76814,60,3,-1,4800
76818,12,2,0,5976
76830,420,4,0,3936
76834,432,4,-1,2304
76846,108,2,0,2880
76850,132,3,1,21552
76862,168,2,0,5952
76866,168,2,0,13440
76878,72,3,1,7632
76882,132,2,0,16752
76894,672,3,0,2112
76898,540,3,0,1512
76910,264,2,0,25344
76914,84,3,-1,840
76926,96,2,0,8160
76930,240,2,0,7308
76942,60,3,-1,3792
76946,108,2,0,36
76958,348,3,0,6384
76962,228,3,0,4416
76974,84,2,0,12480
76978,60,3,1,13404
76990,192,2,0,18912
76994,264,2,0,17760
77006,120,3,1,4320
77010,72,2,0,10728
77022,216,4,1,4464
77026,396,5,0,1536
77038,72,2,0,5508
77042,168,3,-1,1224
77054,372,2,0,4416
77058,180,2,0,9600
77070,132,3,-1,5160
77074,180,2,0,1728
77086,504,4,0,4032
77090,1128,4,1,14472
77102,72,2,0,10944
77106,144,3,1,336
77118,132,2,0,9720
77122,132,2,0,11520
77134,84,3,1,16752
77138,60,2,0,12672
77150,672,3,0,936
77154,276,3,0,1152
77166,132,2,0,14208
77170,132,3,-1,6336
77182,252,2,0,3312
77186,300,2,0,7200
77198,108,3,-1,3744
77202,132,2,0,14664
77214,288,3,0,5328
77218,432,3,0,1884
77230,192,2,0,21120
77234,96,3,1,12096
77246,480,2,0,3552
77250,156,2,0,12192
77262,72,3,1,8904
77266,120,2,0,16800
77278,420,4,-1,1920
77282,456,5,1,3264
77294,108,2,0,5640
77298,72,3,-1,2916
77310,192,2,0,14016
77314,168,2,0,17280
77326,132,3,-1,1368
77330,348,2,0,5292
77342,492,5,-1,1392
77346,168,4,-1,264
77358,36,2,0,10560
77374,264,2,0,13440
77378,144,2,0,11808
77390,144,3,1,15384
77394,72,2,0,15552
77406,168,3,0,4560
77410,624,3,0,9120
77422,216,2,0,14496
77426,156,3,-1,5328
77438,228,2,0,3288
77442,288,2,0,13248
77454,72,3,-1,720
77458,108,2,0,12672
77470,684,3,0,5352
77474,708,3,0,1392
77486,60,2,0,14592
77490,36,3,1,12288
77502,144,2,0,1008
77506,348,2,0,5184
77518,120,3,1,10800
77522,84,2,0,11328
77534,480,4,1,816
77538,384,4,0,2808
77554,108,3,-1,1680
77566,252,2,0,18816
77570,336,2,0,16944
77582,120,3,-1,1248
77586,84,2,0,10800
77598,216,5,0,1176
77602,372,4,1,5184
77614,180,2,0,5376
77618,180,3,1,6264
77630,204,2,0,16128
77634,132,2,0,11952
77646,132,3,1,624
77650,84,2,0,4080
77662,312,3,0,7656
77666,420,3,0,8256
77678,180,2,0,16128
77682,60,3,-1,2820
77694,240,2,0,12192
77698,324,2,0,1728
77710,216,3,-1,5352
77714,72,2,0,15360
77726,600,3,0,3312
77730,396,3,0,1152
77742,120,2,0,8160
77746,144,3,1,2652
77758,276,2,0,3792
77762,228,2,0,2688
77774,84,3,1,16416
77778,48,2,0,11064
77790,528,4,-1,2664
77794,732,4,0,2016
77806,108,2,0,16224
77810,204,3,-1,7152
77822,120,2,0,9480
77826,240,2,0,14736
77838,132,3,-1,3456
77842,48,2,0,8640
77854,564,4,0,48
77858,252,4,-1,1680
77870,156,2,0,5184
77874,60,3,1,12816
77886,144,2,0,576
77890,240,2,0,22032
77902,132,3,1,8208
77906,108,2,0,5088
77918,300,3,0,6192
77922,240,3,0,6336
77934,48,2,0,720
77938,96,3,-1,1128
77950,252,2,0,17952
77954,276,2,0,2400
77966,72,3,-1,5016
77970,96,2,0,13080
77982,288,3,0,60
77986,480,3,0,9936
77998,24,2,0,10368
78002,120,3,1,15024
78014,372,2,0,240
78018,144,2,0,8832
78030,144,3,1,21552
78034,36,2,0,13728
78046,846,4,1,216
78050,852,5,0,1080
78062,60,2,0,11520
78066,72,3,-1,4032
78078,144,2,0,8880
78082,240,2,0,2808
78094,72,3,-1,3840
78098,180,2,0,21696
78110,564,4,0,4464
78126,84,2,0,13104
78130,96,3,1,18864
78142,168,2,0,14496
78146,300,2,0,3456
78158,156,3,1,5712
78162,48,2,0,8916
78174,336,3,0,336
78178,276,3,0,5760
78190,180,2,0,5520
78194,48,3,-1,900
78206,216,2,0,19776
78210,216,2,0,16296
78222,60,3,-1,2160
78226,204,2,0,7152
78238,288,3,0,6144
78242,276,3,0,6144
78254,120,2,0,3096
78258,144,3,1,10176
78270,264,2,0,12768
78274,216,2,0,13440
78286,144,3,1,2400
78290,72,2,0,15744
78306,348,5,-1,840
78318,84,2,0,1176
78322,72,3,-1,4992
78334,336,2,0,7008
78338,204,2,0,5424
78350,120,3,-1,7440
78354,144,2,0,2112
78366,420,5,1,3072
78370,1176,4,-1,432
78382,84,2,0,12864
78386,84,3,1,11520
78398,240,2,0,1248
78402,252,2,0,9264
78414,72,3,1,7560
78418,72,2,0,960
78430,420,3,0,6720
78434,540,3,0,11520
78446,156,2,0,432
78450,204,3,-1,6240
78462,240,2,0,13440
78466,168,2,0,9696
78478,276,3,-1,2112
78482,180,2,0,1212
78494,516,3,0,8640
78498,132,3,0,3744
78510,96,2,0,14160
78514,312,3,1,792
78526,168,2,0,12288
78530,276,2,0,1200
78542,96,3,1,15840
78546,96,2,0,1824
78558,324,4,1,4098
78562,300,4,0,3264
78574,192,2,0,16800
78578,108,3,-1,3600
78590,276,2,0,11976
78594,120,2,0,10560
78606,0,3,-1,3276
78610,168,2,0,22032
78622,408,5,0,312
78626,660,4,1,2160
78638,60,2,0,7680
78642,48,3,1,7812
78654,300,2,0,2880
78658,348,2,0,8064
78670,84,3,1,20208
78674,132,2,0,19008
78686,504,3,0,9408
78690,300,3,0,6600
78702,96,2,0,11304
78706,144,3,-1,4608
78718,168,2,0,11616
78722,72,2,0,9504
78734,288,3,-1,1920
78738,72,2,0,10368
78750,288,3,0,6144
78754,480,3,0,1344
78766,192,2,0,7008
78770,192,3,1,1536
78782,156,2,0,8880
78786,300,2,0,20160
78798,96,3,1,12528
78802,120,2,0,4416
78814,684,4,-1,4032
78818,480,4,0,2688
78830,84,2,0,16800
78834,60,3,-1,2376
78846,180,2,0,2736
78850,144,2,0,22272
78862,24,3,-1,2928
78878,540,4,0,1056
78882,384,4,-1,156
78894,72,2,0,10944
78898,120,3,1,10932
78910,336,2,0,7200
78914,240,2,0,5712
78926,204,3,1,17760
78930,144,2,0,14688
78942,180,3,0,4104
78946,612,3,0,432
78958,108,2,0,11520
78962,120,3,-1,5472
78974,84,2,0,11232
78978,108,2,0,768
78990,84,3,-1,4896
78994,36,2,0,17184
79006,420,3,0,8352
79010,576,3,0,9840
79022,132,2,0,8532
79026,36,3,1,11520
79038,60,2,0,10584
79042,216,2,0,768
79058,204,2,0,2880
79070,1212,4,1,1512
79074,456,6,0,720
79086,108,2,0,14400
79090,300,3,-1,2184
79102,180,2,0,1728
79106,168,2,0,16032
79118,72,3,-1,4032
79122,84,2,0,10320
79134,456,4,0,3264
79138,456,4,1,6444
79150,216,2,0,22320
79154,156,3,1,3552
79166,216,2,0,3264
79170,180,2,0,12132
79182,72,3,1,8304
79186,108,2,0,16896
79198,468,3,0,2856
79202,300,3,0,2016
79214,96,2,0,10752
79218,72,3,-1,4212
79230,108,2,0,11160
79234,324,2,0,6144
79246,144,3,-1,1080
79250,84,2,0,12864
79262,372,3,0,7872
79266,288,3,0,816
79278,60,2,0,8496
79282,60,3,1,9696
79294,324,2,0,17952
79298,180,2,0,2112
79310,96,3,1,4944
79314,96,2,0,13392
79326,252,4,-1,1536
79330,972,5,1,360
79342,72,2,0,360
79346,252,3,-1,798
79358,240,2,0,17472
79362,48,2,0,7032
79374,108,3,-1,4536
79378,228,2,0,2904
79390,576,5,-1,1296
79394,348,4,-1,2928
79406,156,2,0,12480
79410,84,3,1,16392
79422,120,2,0,11280
79426,252,2,0,12864
79438,120,3,1,17472
79442,84,2,0,10056
79454,612,3,0,480
79458,168,3,0,3960
79470,96,2,0,14736
79474,72,3,-1,5184
79486,264,2,0,3216
79490,468,2,0,6336
79502,156,3,-1,4560
79506,24,2,0,9024
79518,204,3,0,5184
79522,420,3,0,3360
79534,144,2,0,13440
79538,24,3,1,8472
79550,228,2,0,20256
79554,312,2,0,3744
79566,72,3,1,11832
79570,348,2,0,31104
79582,420,4,1,5616
79586,576,4,0,4608
79598,144,2,0,4368
79602,72,3,-1,2880
79614,144,2,0,11376
79630,168,3,-1,3864
79634,72,2,0,3456
79646,720,6,-1,120
79650,462,4,1,72
79662,72,2,0,9504
79666,144,3,1,1452
79678,108,2,0,9504
79682,228,2,0,19440
79694,96,3,1,16896
79698,84,2,0,9984
79710,492,3,0,504
79714,348,3,0,6336
79726,84,2,0,12864
79730,204,3,-1,7032
79742,264,2,0,864
79746,228,2,0,1728
79758,24,3,-1,2556
79762,72,2,0,11520
79774,684,3,0,3456
79778,504,3,0,3408
79790,132,2,0,14304
79794,72,3,1,12540
79810,312,2,0,2976
79822,108,3,1,13584
79826,120,2,0,15744
79838,276,4,-1,1404
79842,240,4,0,2256
79854,120,2,0,72
79858,72,3,-1,4416
79870,192,2,0,1512
79874,132,2,0,10752
79886,204,3,-1,396
79890,108,2,0,396
79902,252,4,0,2292
79906,732,4,-1,4200
79918,180,2,0,3312
79922,108,3,1,2688
79934,360,2,0,18624
79938,108,2,0,7872
79950,48,3,1,14688
79954,156,2,0,1260
79966,456,3,0,9216
79970,504,3,0,9888
79982,108,2,0,12768
79986,48,3,-1,2712
79998,132,2,0,8256
80002,312,2,0,17664
80014,36,3,-1,3840
80018,60,2,0,14688
80030,432,3,0,2664
80034,300,3,0,6240
80046,108,2,0,2736
80050,252,3,1,2904
80062,288,2,0,6240
80066,180,2,0,1104
80078,48,3,1,13152
80082,132,2,0,1080
80094,252,4,1,4404
80098,660,6,1,564
80110,120,2,0,14592
80114,204,3,-1,7056
80126,240,2,0,14880
80130,276,2,0,720
80142,24,3,-1,3900
80146,156,2,0,408
80158,576,4,0,4032
80162,540,4,1,6048
80174,108,2,0,4800
80178,60,3,1,9768
80190,216,2,0,12432
80194,216,2,0,17664
80206,144,3,1,3864
80210,216,2,0,10836
80222,240,3,0,5376
80226,408,3,0,6912
80238,24,2,0,8964
80242,120,3,-1,1320
80254,432,2,0,3960
80258,120,2,0,11424
80270,120,3,-1,6840
80274,156,2,0,11520
80286,204,3,0,4464
80290,348,3,0,6480
80302,180,2,0,16416
80306,108,3,1,19392
80318,228,2,0,7104
80322,144,2,0,8640
80334,84,3,1,960
80338,96,2,0,120
80350,552,4,-1,624
80354,756,5,-1,6
80366,168,2,0,19008
80382,132,2,0,9504
80386,456,2,0,8496
80398,48,3,-1,3840
80402,108,2,0,12000
80414,372,5,1,3408
80418,300,4,-1,1680
80430,132,2,0,10260
80434,120,3,1,14688
80446,264,2,0,3216
80450,396,2,0,25248
80462,24,3,1,2424
80466,24,2,0,12480
80478,348,3,0,6852
80482,252,3,0,4320
80494,156,2,0,8184
80498,192,3,-1,1344
80510,312,2,0,19584
80514,168,2,0,12576
80526,60,3,-1,3360
80530,156,2,0,6144
80542,216,3,0,5520
80546,360,3,0,1056
80562,48,3,1,12048
80574,108,2,0,480
80578,144,2,0,11592
80590,204,3,1,30576
80594,120,2,0,13248
80606,1080,4,1,3696
80610,468,4,0,3456
80622,12,2,0,6912
80626,96,3,-1,5184
80638,216,2,0,144
80642,252,2,0,6912
80654,48,3,-1,30
80658,60,2,0,9408
80670,684,6,0,168
80674,636,4,1,1992
80686,96,2,0,624
80690,132,3,1,18624
80702,180,2,0,12744
80706,180,2,0,10560
80718,24,3,1,10464
80722,156,2,0,13440
80734,360,3,0,6048
80738,276,3,0,6408
80750,348,2,0,11472
80754,36,3,-1,480
80766,96,2,0,10848
80770,204,2,0,14976
80782,144,3,-1,1680
80786,144,2,0,4776
80798,264,3,0,120
80802,264,3,0,5184
80814,96,2,0,12864
80818,132,3,1,636
80830,300,2,0,20592
80834,240,2,0,2112
80846,96,3,1,3264
80850,72,2,0,11136
80862,300,4,-1,1824
80866,468,4,0,720
80878,72,2,0,10752
80882,60,3,-1,3648
80894,288,2,0,3552
80898,108,2,0,10080
80910,60,3,-1,51
80914,168,2,0,21600
80926,960,4,0,1968
80930,600,4,-1,888
80942,168,2,0,16128
80946,108,3,1,2952
80958,156,2,0,9744
80962,132,2,0,1728
80974,168,3,1,17088
80978,72,2,0,12240
80990,420,3,0,9072
80994,252,3,0,4368
81006,168,2,0,1008
81010,156,3,-1,7752
81022,180,2,0,13968
81026,228,2,0,14400
81038,72,3,-1,36
81042,48,2,0,8280
81054,492,3,0,1440
81058,360,3,0,7680
81070,84,2,0,4320
81074,192,3,1,6888
81086,240,2,0,15552
81090,240,2,0,16848
81102,24,3,1,7776
81106,84,2,0,2640
81118,504,4,1,6024
81134,96,2,0,15552
81138,120,3,-1,5604
81150,144,2,0,14880
81154,252,2,0,192
81166,108,3,-1,5664
81170,120,2,0,19584
81182,612,4,0,1584
81186,324,4,1,4092
81198,48,2,0,11664
81202,84,3,1,10752
81214,276,2,0,3072
81218,228,2,0,2592
81230,132,3,1,18960
81234,108,2,0,960
81246,276,3,0,768
81250,1188,3,0,7920
81262,108,2,0,11496
81266,120,3,-1,4512
81278,204,2,0,14400
81282,132,2,0,8328
81294,168,3,-1,5808
81298,36,2,0,9192
81314,444,3,0,8064
81326,156,2,0,2784
81330,48,3,1,13896
81342,84,2,0,8856
81346,264,2,0,5664
81358,36,3,1,4734
81362,168,2,0,2496
81374,576,4,-1,3168
81378,288,5,1,1872
81390,180,2,0,13536
81394,132,3,-1,1632
81406,192,2,0,11712
81410,180,2,0,19008
81422,72,3,-1,576
81426,72,2,0,14976
81438,240,5,-1,636
81442,324,4,-1,2184
81454,228,2,0,384
81458,36,3,1,13272
81470,444,2,0,6600
81474,168,2,0,13248
81486,72,3,1,240
81490,180,2,0,20352
81502,552,3,0,2400
81506,504,3,0,4032
81518,84,2,0,13560
81522,72,3,-1,3024
81534,144,2,0,11808
81538,168,2,0,2304
81550,72,3,-1,5376
81554,168,2,0,3648
81566,372,3,0,7680
81570,480,3,0,8928
81582,12,2,0,6744
81586,96,3,1,15552
81598,240,2,0,19008
81602,156,2,0,10944
81614,204,3,1,10164
81618,48,2,0,1200
81630,420,4,1,6168
81634,480,4,0,3072
81646,180,2,0,864
81650,156,3,-1,180
81662,120,2,0,11520
81666,204,2,0,10320
81678,108,3,-1,2460
81682,324,2,0,636
81694,432,5,0,1728
81698,480,4,1,192
81710,132,2,0,27840
81714,36,3,1,8208
81726,360,2,0,19296
81730,312,2,0,16608
81742,60,3,1,8544
81746,96,2,0,1920
81758,252,3,0,1200
81762,312,3,0,4800
81774,60,2,0,9456
81778,96,3,-1,4200
81790,600,2,0,12960
81794,384,2,0,5952
81806,72,3,-1,504
81810,108,2,0,13152
81822,396,3,0,7008
81826,384,3,0,1536
81838,264,2,0,19488
81842,36,3,1,12576
81854,264,2,0,2496
81858,192,2,0,11136
81870,60,3,1,11976
81886,492,4,-1,2664
81890,420,4,0,3840
81902,120,2,0,4416
81906,108,3,-1,4308
81918,96,2,0,7776
81922,204,2,0,11424
81934,204,3,-1,900
81938,84,2,0,5160
81950,528,4,0,4656
81954,528,4,-1,6
81966,36,2,0,8784
81970,156,3,1,4344
81982,240,2,0,12288
81986,168,2,0,13632
81998,108,3,1,15084
82002,24,2,0,7008
82014,300,3,0,6048
82018,384,3,0,384
82030,84,2,0,17808
82034,156,3,-1,7392
82046,384,2,0,1128
82050,216,2,0,17904
82066,84,2,0,14976
82078,432,3,0,1644
82082,384,3,0,1248
82094,120,2,0,12288
82098,84,3,1,9216
82110,180,2,0,10464
82114,120,2,0,6048
82126,132,3,1,15264
82130,168,2,0,21504
82142,480,4,1,6048
82146,480,5,0,384
82158,84,2,0,11328
82162,36,3,-1,3168
82174,168,2,0,15456
82178,300,2,0,15264
82190,216,3,-1,1188
82194,60,2,0,11232
82206,336,4,0,360
82210,804,4,1,11280
82222,96,2,0,5328
82226,108,3,1,4224
82238,336,2,0,2496
82242,156,2,0,8976
82254,72,3,1,1824
82258,84,2,0,780
82270,468,3,0,912
82274,276,3,0,5184
82286,84,2,0,15456
82290,180,3,-1,528
82302,108,2,0,6864
82306,168,2,0,16896
82318,60,3,-1,2928
82322,84,2,0,14592
82334,372,3,0,1152
82338,180,3,0,3840
82350,132,2,0,21408
82354,96,3,1,456
82366,192,2,0,3936
82370,432,2,0,10872
82382,48,3,1,14076
82386,96,2,0,11136
82398,264,4,-1,1608
82402,684,5,-1,48
82414,192,2,0,17808
82418,48,3,-1,3264
82430,324,2,0,22272
82434,156,2,0,1152
82446,192,3,-1,1056
82450,96,2,0,15264
82462,516,5,1,2928
82466,732,4,-1,3504
82478,180,2,0,4980
82482,108,3,1,11976
82494,216,2,0,10848
82498,156,2,0,12936
82510,204,3,1,372
82514,120,2,0,3840
82526,336,3,0,7296
82530,288,3,0,7224
82542,144,2,0,13968
82546,240,3,-1,384
82558,60,2,0,8880
82562,180,2,0,11088
82574,120,3,-1,4128
82578,60,2,0,8880
82590,216,3,0,5088
82594,576,3,0,8352
82606,156,2,0,19392
82610,96,3,1,17424
82622,360,2,0,4848
82638,48,3,1,7848
82642,120,2,0,12192
82654,948,4,1,984
82658,624,4,0,288
82670,120,2,0,14880
82674,120,3,-1,5568
82686,240,2,0,13824
82690,408,2,0,7680
82702,36,3,-1,4176
82706,60,2,0,14112
82718,600,5,0,2232
82722,408,4,1,5460
82734,36,2,0,9168
82738,120,3,1,15984
82750,144,2,0,13728
82754,180,2,0,216
82766,132,3,1,7200
82770,132,2,0,13272
82782,156,3,0,3552
82786,264,3,0,5712
82798,180,2,0,192
82802,108,3,-1,102
82818,240,2,0,10656
82830,72,3,-1,5376
82834,192,2,0,5088
82846,492,3,0,2064
82850,396,3,0,8160
82862,24,2,0,10368
82866,84,3,1,9072
82878,120,2,0,9792
82882,72,2,0,14688
82894,156,3,1,16416
82898,108,2,0,11232
82910,768,4,-1,1284
82914,420,4,0,3240
82926,72,2,0,8304
82930,84,3,-1,6528
82942,288,2,0,3960
82946,360,2,0,936
82958,60,3,-1,5664
82962,12,2,0,8640
82974,360,4,0,2640
82978,300,4,-1,744
82990,216,2,0,2448
82994,156,3,1,16608
83006,192,2,0,12672
83010,156,2,0,11232
83022,36,3,1,912
83026,192,2,0,22080
83038,480,3,0,6624
83042,288,3,0,7056
83054,108,2,0,1152
83058,24,3,-1,1944
83070,264,2,0,21600
83074,252,2,0,16128
83086,120,3,-1,2304
83090,204,2,0,6552
83102,216,3,0,5184
83106,252,3,0,5568
83118,120,2,0,9744
83122,96,3,1,3192
83134,240,2,0,16704
83138,108,2,0,12672
83150,108,3,1,16128
83154,228,2,0,3696
83166,396,4,1,6288
83170,444,6,0,864
83182,84,2,0,12432
83186,60,3,-1,480
83198,120,2,0,2616
83202,120,2,0,8064
83214,60,3,-1,3216
83218,108,2,0,2112
83230,624,4,0,480
83234,696,4,1,3360
83246,168,2,0,3456
83250,120,3,1,20196
83262,84,2,0,600
83266,588,2,0,5616
83278,156,3,1,13752
83282,120,2,0,9600
83294,576,3,0,9600
83298,360,3,0,4896
83310,156,2,0,17712
83314,48,3,-1,3888
83326,264,2,0,17280
83330,264,2,0,18480
83342,156,3,-1,1824
83346,120,2,0,2544
83358,228,3,0,4944
83362,348,3,0,8592
83374,108,2,0,3000
83390,264,2,0,19968
83394,204,2,0,10272
83406,36,3,1,9924
83410,144,2,0,7056
83422,300,4,-1,1872
83426,456,5,1,3888
83438,24,2,0,10560
83442,96,3,-1,4056
83454,156,2,0,1872
83458,156,2,0,10656
83470,168,3,-1,5760
83474,156,2,0,14400
83486,552,5,-1,300
83490,576,4,-1,2592
83502,144,2,0,11088
83506,60,3,1,11808
83518,324,2,0,9144
83522,336,2,0,4800
83534,60,3,1,9600
83538,60,2,0,10944
83550,468,3,0,7776
83554,648,3,0,144
83570,204,3,-1,7224
83582,360,2,0,16032
83586,216,2,0,11904
83598,72,3,-1,3888
83602,156,2,0,14304
83614,408,3,0,9504
83618,312,3,0,4608
83630,132,2,0,1920
83634,156,3,1,12864
83646,120,2,0,1776
83650,312,2,0,16248
83662,168,3,1,4992
83666,204,2,0,360
83678,372,4,1,5376
83682,216,4,0,1728
83694,132,2,0,12000
83698,108,3,-1,1296
83710,240,2,0,1320
83714,288,2,0,23712
83726,108,3,-1,5736
83730,156,2,0,13344
83742,378,6,1,108
83746,696,4,1,1296
83758,48,2,0,10368
83762,84,3,1,10896
83774,300,2,0,1320
83778,264,2,0,12672
83790,72,3,1,14214
83794,72,2,0,9792
83806,528,3,0,264
83810,732,3,0,3072
83822,72,2,0,12768
83826,144,3,-1,4056
83838,108,2,0,12408
83842,204,2,0,5184
83854,144,3,-1,1152
83858,144,2,0,15168
83870,492,3,0,8304
83874,240,3,0,4896
83886,120,2,0,9696
83890,144,3,1,18336
83902,168,2,0,12192
83906,228,2,0,15456
83918,96,3,1,3072
83922,96,2,0,10068
83934,384,4,-1,2112
83938,396,4,0,240
83950,192,2,0,10584
83954,204,3,-1,3
83966,96,2,0,14592
83970,108,2,0,2256
83982,24,3,-1,2640
83986,168,2,0,5376
83998,264,4,0,3216
84002,408,4,-1,252
84014,72,2,0,15936
84018,48,3,1,6264
84030,180,2,0,12288
84034,228,2,0,14400
84046,96,3,1,1800
84050,156,2,0,528
84062,564,3,0,2208
84066,204,3,0,5088
84078,84,2,0,10332
84082,132,3,-1,4416
84094,288,2,0,3840
84098,156,2,0,4392
84110,156,3,-1,7680
84114,72,2,0,8160
84126,288,3,0,5280
84142,72,2,0,11520
84146,204,3,1,3840
84158,72,2,0,10128
84162,204,2,0,13080
84174,84,3,1,13764
84178,24,2,0,8736
84190,612,4,1,10056
84194,456,6,-1,672
84206,168,2,0,696
84210,132,3,-1,3720
84222,180,2,0,9600
84226,264,2,0,1344
84238,108,3,-1,972
84242,120,2,0,2580
84254,468,4,0,624
84258,528,4,1,6348
84270,84,2,0,13536
84274,216,3,1,7392
84286,396,2,0,25056
84290,156,2,0,12456
84302,144,3,1,15792
84306,84,2,0,11520
84322,432,3,0,6576
84334,72,2,0,14784
84338,36,3,-1,4224
84350,348,2,0,4428
84354,168,2,0,2448
84366,72,3,-1,3456
84370,168,2,0,21696
84382,456,3,0,2352
84386,744,3,0,240
84398,120,2,0,15168
84402,84,3,1,8496
84414,240,2,0,13056
84418,300,2,0,4128
84430,180,3,1,18072
84434,132,2,0,12192
84446,648,4,-1,672
84450,240,5,-1,912
84462,48,2,0,7824
84466,120,3,-1,5544
84478,156,2,0,10512
84482,264,2,0,19392
84494,108,3,-1,1344
84498,60,2,0,384
84510,612,5,1,4308
84514,468,4,-1,2496
84526,180,2,0,1944
84530,108,3,1,6540
84542,180,2,0,14256
84546,120,2,0,1392
84558,120,3,1,1512
84562,120,2,0,3216
84574,204,3,0,4992
84578,324,3,0,6816
84590,252,2,0,2544
84594,60,3,-1,4656
84606,168,2,0,8784
84610,312,2,0,24480
84622,72,3,-1,4416
84626,144,2,0,12960
84638,816,3,0,144
84642,192,3,0,4800
84654,72,2,0,2256
84658,72,3,1,12096
84670,204,2,0,4176
84674,288,2,0,4416
84686,48,3,1,10368
84690,60,2,0,1440
84702,432,4,1,5664
84706,588,4,0,1584
84718,72,2,0,10944
84722,96,3,-1,4224
84734,204,2,0,19776
84738,132,2,0,8472
84750,96,3,-1,4524
84754,168,2,0,384
84766,528,6,0,912
84770,660,4,1,8928
84782,108,2,0,2856
84786,132,3,1,2484
84798,108,2,0,6288
84802,156,2,0,10368
84814,192,3,1,8232
84818,228,2,0,6000
84830,420,3,0,10080
84834,336,3,0,6264
84846,84,2,0,3048
84850,240,3,-1,1056
84862,156,2,0,13848
84866,144,2,0,16512
84878,168,3,-1,3936
84894,336,3,0,5664
84898,288,3,0,6144
84910,48,2,0,16128
84914,48,3,1,10080
84926,240,2,0,1344
84930,276,2,0,17232
84942,72,3,1,9972
84946,96,2,0,3888
84958,540,4,-1,720
84962,444,4,0,1440
84974,156,2,0,24384
84978,24,3,-1,2400
84990,252,2,0,14088
84994,228,2,0,3360
85006,108,3,-1,4992
85010,144,2,0,22656
85022,192,4,0,72
85026,252,4,-1,1992
85038,12,2,0,9360
85042,132,3,1,17664
85054,204,2,0,3984
85058,204,2,0,15264
85074,24,2,0,8088
85086,240,3,0,5520
85090,420,3,0,7968
85102,168,2,0,2592
85106,120,3,-1,1200
85118,228,2,0,10560
85122,216,2,0,10080
85134,36,3,-1,3744
85138,84,2,0,5472
85150,624,3,0,13248
85154,372,3,0,1728
85166,132,2,0,13440
85170,192,3,1,16704
85182,216,2,0,14208
85186,192,2,0,12480
85198,72,3,1,15264
85202,96,2,0,20496
85214,552,4,1,1356
85218,276,5,0,1008
85230,96,2,0,13248
85234,84,3,-1,48
85246,384,2,0,1296
85250,300,2,0,2376
85262,120,3,-1,4416
85266,96,2,0,11376
85278,156,4,0,1776
85282,684,4,1,2304
85294,192,2,0,14784
85298,108,3,1,16032
85310,204,2,0,15096
85314,132,2,0,12000
85326,60,3,1,13440
85330,84,2,0,12408
85342,372,3,0,1248
85346,456,3,0,1632
85358,120,2,0,3504
85362,96,3,-1,2700
85374,216,2,0,2064
85378,252,2,0,17088
85390,120,3,-1,1584
85394,180,2,0,8544
85406,312,3,0,7536
85410,372,3,0,6696
85422,72,2,0,10104
85426,108,3,1,3840
85438,192,2,0,9888
85442,180,2,0,10464
85454,132,3,1,2784
85458,72,2,0,7728
85470,348,4,-1,2208
85474,684,5,1,3816
85486,132,2,0,768
85490,60,3,-1,7608
85502,300,2,0,6864
85506,180,2,0,12624
85518,108,3,-1,3636
85522,96,2,0,10512
85534,744,5,-1,360
85538,216,4,-1,60
85550,84,2,0,16224
85554,144,3,1,2484
85566,156,2,0,11088
85570,348,2,0,1128
85582,60,3,1,12432
85586,132,2,0,13824
85598,336,3,0,7584
85602,204,3,0,5616
85614,12,2,0,9216
85618,168,3,-1,5148
85630,228,2,0,16416
85646,216,3,-1,336
85650,144,2,0,20256
85662,216,3,0,4536
85666,420,3,0,7872
85678,204,2,0,684
85682,180,3,1,3600
85694,288,2,0,16896
85698,60,2,0,6336
85710,108,3,1,12348
85714,120,2,0,8448
85726,420,4,1,5184
85730,792,4,0,6240
85742,84,2,0,13056
85746,72,3,-1,528
85758,216,2,0,16224
85762,156,2,0,10656
85774,156,3,-1,5184
85778,72,2,0,8568
85790,780,5,0,768
85794,324,4,1,5712
85806,12,2,0,10416
85810,60,3,1,14592
85826,540,2,0,11184
85838,48,3,1,8160
85842,108,2,0,12480
85854,312,3,0,1152
85858,300,3,0,1296
85870,216,2,0,31104
85874,120,3,-1,4608
85886,360,2,0,21696
85890,120,2,0,10176
85902,36,3,-1,2328
85906,72,2,0,14880
85918,300,3,0,5952
85922,228,3,0,5424
85934,156,2,0,7392
85938,72,3,1,10548
85950,276,2,0,16968
85954,288,2,0,2520
85966,216,3,1,396
85970,96,2,0,2976
85982,444,4,-1,2196
85986,444,4,0,3072
85998,48,2,0,5832
86002,120,3,-1,2184
86014,228,2,0,13728
86018,276,2,0,15552
86030,132,3,-1,5856
86034,108,2,0,11712
86046,348,4,0,432
86050,600,4,-1,2880
86062,96,2,0,14304
86066,84,3,1,19872
86078,396,2,0,4608
86082,156,2,0,8472
86094,84,3,1,13488
86098,60,2,0,11520
86110,492,3,0,4464
86114,456,3,0,2400
86126,108,2,0,2304
86130,60,3,-1,4224
86142,96,2,0,720
86146,276,2,0,312
86158,108,3,-1,864
86162,60,2,0,1080
86174,240,3,0,4800
86178,276,3,0,6168
86190,120,2,0,19116
86194,108,3,1,13152
86206,144,2,0,14400
86210,216,2,0,23760
86222,228,3,1,2046
86226,120,2,0,9360
86238,360,4,1,5016
86242,420,5,0,1728
86254,168,2,0,720
86258,96,3,-1,1872
86270,108,2,0,12672
86274,168,2,0,12576
86286,72,3,-1,3816
86290,204,2,0,5148
86302,528,4,0,4032
86306,684,4,1,7776
86318,72,2,0,10752
86322,96,3,1,1008
86334,108,2,0,7872
86338,204,2,0,13680
86350,120,3,1,816
86354,192,2,0,672
86366,432,3,0,3000
86370,216,3,0,6552
86382,72,2,0,9408
86398,240,2,0,2976
86402,156,2,0,3072
86414,144,3,-1,576
86418,60,2,0,9588
86430,396,3,0,9936
86434,684,3,0,3648
86446,84,2,0,2664
86450,96,3,1,14016
86462,192,2,0,12816
86466,108,2,0,9216
86478,72,3,1,324
86482,60,2,0,12096
86494,696,4,-1,3360
86498,432,5,-1,1008
86510,96,2,0,3744
86514,108,3,-1,3888
86526,156,2,0,9984
86530,264,2,0,17472
86542,120,3,-1,69
86546,180,2,0,216
86558,492,5,1,3096
86562,216,4,-1,1590
86578,132,3,1,3936
86590,180,2,0,19584
86594,180,2,0,14208
86606,60,3,1,13824
86610,132,2,0,18000
86622,144,3,0,4176
86626,504,3,0,672
86638,132,2,0,18792
86642,12,3,-1,240
86654,276,2,0,1440
86658,180,2,0,8928
86670,84,3,-1,3456
86674,96,2,0,13056
86686,420,3,0,2160
86690,972,3,0,6240
86702,60,2,0,10464
86706,84,3,1,8892
86718,108,2,0,8616
86722,252,2,0,3144
86734,108,3,1,11136
86738,72,2,0,10752
86750,612,4,1,9684
86754,240,4,0,384
86766,96,2,0,16608
86770,276,3,-1,8328
86782,120,2,0,10128
86786,204,2,0,13152
86798,180,3,-1,2496
86802,60,2,0,10080
86814,336,5,0,1440
86818,300,4,1,4344
86830,180,2,0,4800
86834,216,3,1,5076
86846,348,2,0,3936
86850,144,2,0,16608
86862,60,3,1,10872
86866,240,2,0,6912
86878,240,3,0,5760
86882,324,3,0,6144
86894,72,2,0,11712
86898,72,3,-1,3348
86910,144,2,0,1728
86914,252,2,0,15552
86926,108,3,-1,5376
86930,84,2,0,816
86942,516,3,0,192
86946,408,3,0,1752
86958,84,2,0,6912
86962,132,3,1,20352
86974,300,2,0,9168
86978,204,2,0,3744
86990,132,3,1,28224
86994,84,2,0,9792
87006,264,4,-1,1776
87010,492,4,0,1104
87022,108,2,0,14976
87026,96,3,-1,5376
87038,180,2,0,12576
87042,132,2,0,8520
87054,84,3,-1,876
87058,96,2,0,13824
87070,576,4,0,3360
87074,528,4,-1,2976
87086,96,2,0,4704
87090,120,3,1,978
87102,216,2,0,11856
87106,384,2,0,2112
87118,168,3,1,1512
87122,192,2,0,7008
87134,600,3,0,480
87150,84,2,0,8544
87154,84,3,-1,216
87166,204,2,0,18528
87170,348,2,0,23808
87182,84,3,-1,3648
87186,120,2,0,13728
87198,324,3,0,5472
87202,216,3,0,5568
87214,72,2,0,14976
87218,72,3,1,10944
87230,252,2,0,9312
87234,108,2,0,8928
87246,96,3,1,1728
87250,48,2,0,21984
87262,672,4,1,1608
87266,564,7,0,96
87278,108,2,0,14832
87282,120,3,-1,3480
87294,156,2,0,11184
87298,396,2,0,10200
87310,96,3,-1,7056
87314,96,2,0,16800
87330,492,4,1,5544
87342,60,2,0,8640
87346,132,3,1,2808
87358,144,2,0,11664
87362,156,2,0,9312
87374,120,3,1,3072
87378,84,2,0,9192
87390,324,3,0,6528
87394,636,3,0,10848
87406,216,2,0,8112
87410,144,3,-1,2760
87422,168,2,0,720
87426,192,2,0,9480
87438,108,3,-1,2952
87442,108,2,0,720
87454,408,3,0,1056
87458,276,3,0,6048
87470,60,2,0,24864
87474,96,3,1,12576
87486,132,2,0,8688
87490,180,2,0,19392
87502,96,3,1,13632
87506,144,2,0,20352
87518,372,4,-1,150
87522,456,5,1,2676
87534,96,2,0,16752
87538,36,3,-1,2640
87550,552,2,0,8160
87554,288,2,0,1536
87566,60,3,-1,2976
87570,36,2,0,13344
87582,372,5,-1,768
87586,636,4,-1,720
87598,72,2,0,10944
87602,72,3,1,13884
87614,168,2,0,1344
87618,72,2,0,10728
87630,96,3,1,14004
87634,84,2,0,15360
87646,636,3,0,432
87650,540,3,0,7680
87662,132,2,0,6888
87666,120,3,-1,5472
87678,276,2,0,9024
87682,132,2,0,10368
87694,120,3,-1,132
87698,96,2,0,2832
87710,540,3,0,10176
87714,192,3,0,3696
87726,96,2,0,1920
87730,312,3,1,11400
87742,108,2,0,8640
87746,228,2,0,2496
87758,84,3,1,14208
87762,48,2,0,8736
87774,408,4,1,6432
87778,384,4,0,3936
87790,132,2,0,16320
87794,84,3,-1,192
87806,240,2,0,3648
87810,192,2,0,15456
87822,60,3,-1,3696
87826,72,2,0,13248
87838,528,6,-1,216
87842,840,4,1,960
87854,84,2,0,2976
87858,120,3,1,12648
87870,372,2,0,20352
87874,288,2,0,4416
87886,132,3,1,18120
87902,252,3,0,5232
87906,168,3,0,4680
87918,60,2,0,8256
87922,108,3,-1,480
87934,156,2,0,11904
87938,168,2,0,14880
87950,252,3,-1,2160
87954,84,2,0,2160
87966,324,3,0,5760
87970,372,3,0,8496
87982,204,2,0,6528
87986,192,3,1,5424
87998,180,2,0,11856
88002,132,2,0,14592
88014,12,3,1,8172
88018,84,2,0,2544
88030,444,4,-1,2784
88034,480,4,0,4032
88046,132,2,0,2496
88050,144,3,-1,3768
88062,156,2,0,9792
88066,168,2,0,11760
88082,96,2,0,14976
88094,900,4,0,2208
88098,240,4,-1,132
88110,120,2,0,14304
88114,108,3,1,18816
88126,228,2,0,3072
88130,408,2,0,5544
88142,48,3,1,72
88146,108,2,0,2112
88158,288,3,0,4272
88162,432,3,0,2640
88174,168,2,0,17856
88178,36,3,-1,4704
88190,156,2,0,13968
88194,156,2,0,300
88206,84,3,-1,3672
88210,204,2,0,480
88222,492,3,0,8736
88226,504,3,0,6144
88238,180,2,0,4008
88242,36,3,1,5946
88254,240,2,0,2016
88258,120,2,0,8448
88270,168,3,1,7632
88274,96,2,0,3840
88286,612,4,1,7584
88290,642,6,1,138
88302,72,2,0,6888
88306,144,3,-1,2400
88318,240,2,0,14112
88322,144,2,0,10752
88334,192,3,-1,6864
88338,36,2,0,9408
88350,300,4,0,2808
88354,756,4,1,1656
88366,96,2,0,13440
88370,84,3,1,19728
88382,216,2,0,3240
88386,204,2,0,288
88398,72,3,1,11760
88402,96,2,0,15840
88414,588,3,0,720
88418,564,3,0,3840
88430,132,2,0,19824
88434,60,3,-1,3108
88446,312,2,0,3768
88450,348,2,0,4416
88462,48,3,-1,3456
88466,144,2,0,13824
88478,444,3,0,864
88482,156,3,0,144
88494,84,2,0,10368
88498,156,3,1,11016
88510,432,2,0,2736
88514,240,2,0,16512
88526,132,3,1,6816
88530,144,2,0,15840
88542,240,4,-1,1680
88546,696,5,-1,264
88558,96,2,0,2628
88562,168,3,-1,108
88574,192,2,0,240
88578,72,2,0,336
88590,84,3,-1,6336
88594,168,2,0,312
88606,396,5,1,3168
88610,480,4,-1,2508
88622,108,2,0,10368
88626,72,3,1,12768
88638,120,2,0,7056
88654,60,3,1,3456
88658,96,2,0,9888
88670,564,3,0,204
88674,252,3,0,672
88686,84,2,0,13920
88690,72,3,-1,5112
88702,372,2,0,6432
88706,324,2,0,864
88718,48,3,-1,3252
88722,72,2,0,7920
88734,168,3,0,4128
88738,528,3,0,1416
88750,84,2,0,13824
88754,192,3,1,2904
88766,336,2,0,19008
88770,228,2,0,13104
88782,48,3,1,10656
88786,84,2,0,13824
88798,336,4,1,5760
88802,228,4,0,2112
88814,108,2,0,1632
88818,96,3,-1,3288
88834,216,2,0,16896
88846,144,3,-1,408
88850,300,2,0,11088
88862,540,7,-1,288
88866,552,4,1,6144
88878,132,2,0,13008
88882,96,3,1,2688
88894,348,2,0,19104
88898,144,2,0,9840
88910,60,3,1,14688
88914,60,2,0,11376
88926,408,3,0,6240
88930,384,3,0,8448
88942,84,2,0,10704
88946,120,3,-1,1200
88958,288,2,0,6144
88962,120,2,0,9216
88974,84,3,-1,2280
88978,84,2,0,15648
88990,624,3,0,2376
88994,396,3,0,2016
89006,60,2,0,15840
89010,96,3,1,14976
89022,168,2,0,9144
89026,360,2,0,6192
89038,72,3,1,12960
89042,108,2,0,14112
89054,504,4,-1,480
89058,420,4,0,2736
89070,132,2,0,14760
89074,192,3,-1,5856
89086,204,2,0,10560
89090,312,2,0,21120
89102,120,3,-1,1380
89106,60,2,0,8064
89118,576,4,0,264
89122,348,4,-1,1920
89134,132,2,0,7104
89138,84,3,1,1824
89150,336,2,0,936
89154,240,2,0,3936
89166,60,3,1,8592
89170,228,2,0,5280
89182,288,3,0,6288
89186,432,3,0,8544
89198,108,2,0,13440
89202,84,3,-1,2958
89214,288,2,0,14448
89218,168,2,0,8352
89230,180,3,-1,10332
89234,96,2,0,15456
89246,408,3,0,312
89250,480,3,0,8112
89262,36,2,0,1152
89266,96,3,1,16128
89278,312,2,0,4200
89282,168,2,0,5472
89294,84,3,1,2064
89298,108,2,0,12480
89310,372,4,1,132
89314,588,5,0,432
89326,132,2,0,18240
89330,192,3,-1,5856
89342,204,2,0,14520
89346,168,2,0,264
89358,48,3,-1,2364
89362,60,2,0,12096
89374,384,4,0,3456
89378,396,4,1,5136
89390,144,2,0,8064
89406,216,2,0,144
89410,276,2,0,21888
89422,156,3,1,2856
89426,216,2,0,4272
89438,240,3,0,7008
89442,240,3,0,3456
89454,144,2,0,2472
89458,180,3,-1,360
89470,300,2,0,16896
89474,144,2,0,12288
89486,144,3,-1,5568
89490,132,2,0,2136
89502,288,3,0,4800
89506,228,3,0,5184
89518,156,2,0,11136
89522,180,3,1,17976
89534,228,2,0,2880
89538,168,2,0,11904
89550,84,3,1,1332
89554,108,2,0,3360
89566,684,4,-1,1488
89570,612,5,1,1344
89586,108,3,-1,3384
89598,96,2,0,9600
89602,420,2,0,5904
89614,108,3,-1,5040
89618,60,2,0,11808
89630,588,5,-1,1560
89634,312,4,-1,1944
89646,84,2,0,1632
89650,204,3,1,23016
89662,156,2,0,12672
89666,252,2,0,14016
89678,120,3,1,4128
89682,72,2,0,10560
89694,180,3,0,4656
89698,360,3,0,4800
89710,192,2,0,2688
89714,108,3,-1,2184
89726,300,2,0,16128
89730,156,2,0,11160
89742,120,3,-1,3840
89746,252,2,0,756
89758,396,3,0,7296
89762,384,3,0,9552
89774,120,2,0,16032
89778,108,3,1,9456
89790,192,2,0,14304
89794,180,2,0,1152
89806,132,3,1,13176
89810,132,2,0,13728
89822,756,4,1,3624
89826,372,4,0,2976
89838,72,2,0,8928
89842,48,3,-1,3348
89854,312,2,0,96
89858,288,2,0,3240
89870,72,3,-1,4440
89874,144,2,0,13344
89886,312,5,0,1392
89890,1092,4,1,5370
89902,60,2,0,13056
89906,60,3,1,432
89918,132,2,0,10944
89922,72,2,0,6384
89934,168,3,1,15840
89938,108,2,0,12864
89950,504,3,0,8256
89954,516,3,0,1464
89966,204,2,0,4032
89970,132,3,-1,5184
89982,132,2,0,7920
89986,324,2,0,19776
89998,156,3,-1,2208
90002,60,2,0,2592
90014,384,3,0,816
90018,180,3,0,4368
90030,108,2,0,13536
90034,144,3,1,2
90046,288,2,0,336
90050,156,2,0,14256
90062,36,3,1,9900
90066,108,2,0,11232
90078,312,4,-1,24
90082,468,4,0,3360
90094,72,2,0,12960
90098,36,3,-1,4992
90110,624,2,0,5568
90114,60,2,0,9864
90126,108,3,-1,3936
90130,192,2,0,16704
90142,672,4,0,1056
90158,156,2,0,14016
90162,48,3,1,9648
90174,180,2,0,11280
90178,132,2,0,2448
90190,120,3,1,15072
90194,156,2,0,15264
90206,348,3,0,4800
90210,456,3,0,8928
90222,84,2,0,9792
90226,84,3,-1,5952
90238,216,2,0,20208
90242,360,2,0,2352
90254,156,3,-1,312
90258,120,2,0,8736
90270,384,3,0,6768
90274,336,3,0,864
90286,120,2,0,3600
90290,168,3,1,4668
90302,204,2,0,11520
90306,228,2,0,17088
90318,96,3,1,7968
90322,132,2,0,6912
90338,336,5,0,1632
90350,132,2,0,26640
90354,108,3,-1,528
90366,96,2,0,8640
90370,264,2,0,17472
90382,24,3,-1,4584
90386,180,2,0,17280
90398,264,4,0,504
90402,252,4,1,4164
90414,48,2,0,9792
90418,96,3,1,13872
90430,624,2,0,9456
90434,312,2,0,1344
90446,168,3,1,5400
90450,120,2,0,11424
90462,288,3,0,5496
90466,540,3,0,2880
90478,36,2,0,9024
90482,108,3,-1,4032
90494,156,2,0,13536
90498,180,2,0,840
90510,120,3,-1,5220
90514,84,2,0,12768
90526,468,3,0,7296
90530,588,3,0,9600
90542,120,2,0,4224
90546,12,3,1,1764
90558,144,2,0,8604
90562,240,2,0,11808
90574,168,3,1,5856
90578,156,2,0,8448
90590,480,4,-1,2928
90594,324,5,-1,864
90606,72,2,0,10752
90610,132,3,-1,1536
90622,180,2,0,10704
90626,120,2,0,11232
90638,48,3,-1,3552
90642,132,2,0,12600
90654,480,5,1,768
90658,468,4,-1,2592
90670,192,2,0,23040
90674,72,3,1,12672
90686,408,2,0,7056
90690,192,2,0,9528
90702,60,3,1,9492
90706,96,2,0,13056
90718,264,3,0,1488
90722,372,3,0,1584
90734,72,2,0,13440
90738,108,3,-1,2448
90750,168,2,0,12384
90754,468,2,0,1680
90766,96,3,-1,4224
90770,168,2,0,28800
90782,360,3,0,7104
90786,228,3,0,3576
90798,60,2,0,12480
90802,120,3,1,11136
90814,216,2,0,14688
90818,180,2,0,13776
90830,84,3,1,492
90834,96,2,0,12288
90846,420,4,1,1014
90850,540,4,0,4560
90862,228,2,0,1188
90866,108,3,-1,1392
90878,216,2,0,13488
90882,156,2,0,11112
90894,96,3,-1,4416
90910,396,5,0,1968
90914,624,4,1,7872
90926,120,2,0,12480
90930,96,3,1,16284
90942,132,2,0,9792
90946,300,2,0,4416
90958,48,3,1,10656
90962,60,2,0,7200
90974,732,3,0,3840
90978,264,3,0,5508
90990,72,2,0,10560
90994,132,3,-1,8232
91006,564,2,0,936
91010,408,2,0,8112
91022,60,3,-1,4368
91026,120,2,0,1728
91038,216,3,0,4272
91042,360,3,0,1200
91054,132,2,0,3840
91058,48,3,1,1236
91070,348,2,0,17856
91074,180,2,0,9600
91090,168,2,0,20448
91102,252,4,-1,1380
91106,576,4,0,4416
91118,108,2,0,7128
91122,36,3,-1,3960
91134,144,2,0,10080
91138,216,2,0,15840
91150,156,3,-1,1422
91154,132,2,0,852
91166,588,4,0,4416
91170,636,4,-1,2400
91182,84,2,0,7776
91186,108,3,1,7320
91198,144,2,0,13056
91202,228,2,0,15648
91214,180,3,1,18624
91218,72,2,0,7968
91230,456,3,0,9576
91234,252,3,0,5760
91246,84,2,0,2592
91250,120,3,-1,5712
91262,240,2,0,120
91266,180,2,0,456
91278,48,3,-1,2976
91282,36,2,0,12864
91294,384,3,0,2520
91298,384,3,0,2016
91310,96,2,0,17472
91314,36,3,1,13296
91326,120,2,0,10080
91330,420,2,0,1752
91342,60,3,1,12936
91346,108,2,0,4320
91358,600,4,1,7032
91362,312,7,1,504
91374,48,2,0,576
91378,180,3,-1,3888
91390,360,2,0,27648
91394,204,2,0,12960
91406,168,3,-1,432
91410,72,2,0,10116
91422,348,4,0,2736
91426,744,4,1,8160
91438,108,2,0,3048
91442,192,3,1,8448
91454,264,2,0,2328
91458,156,2,0,10560
91470,84,3,1,13692
91474,120,2,0,4416
91486,480,3,0,576
91490,372,3,0,5568
91502,144,2,0,15552
91506,36,3,-1,3240
91518,120,2,0,8448
91522,132,2,0,10320
91534,108,3,-1,4224
91538,60,2,0,14592
91550,516,3,0,3720
91554,492,3,0,1896
91566,96,2,0,13728
91570,84,3,1,14136
91582,456,2,0,4800
91586,360,2,0,3840
91598,72,3,1,13008
91602,12,2,0,5952
91614,276,4,-1,264
91618,780,5,1,1680
91630,108,2,0,19296
91634,60,3,-1,4608
91646,240,2,0,384
91662,48,3,-1,2796
91666,156,2,0,15360
91678,372,5,-1,1188
91682,312,4,-1,1680
91694,192,2,0,4800
91698,48,3,1,8592
91710,180,2,0,11136
91714,132,2,0,11808
91726,120,3,1,5832
91730,132,2,0,2016
91742,204,3,0,4992
91746,384,3,0,864
91758,132,2,0,720
91762,120,3,-1,1512
91774,324,2,0,17280
91778,156,2,0,10800
91790,180,3,-1,6144
91794,96,2,0,8544
91806,264,3,0,7152
91810,684,3,0,1440
91822,24,2,0,720
91826,96,3,1,16944
91842,60,2,0,1200
91854,60,3,1,2016
91858,156,2,0,12672
91870,984,4,1,3456
91874,672,4,0,2160
91886,12,2,0,10272
91890,180,3,-1,5472
91902,156,2,0,11544
91906,168,2,0,2688
91918,156,3,-1,5520
91922,84,2,0,168
91934,600,6,1,1776
91938,312,4,1,4032
91950,96,2,0,1224
91954,60,3,1,2064
91966,156,2,0,11712
91970,228,2,0,1680
91982,132,3,1,5712
91986,84,2,0,14112
91998,192,3,0,3888
92002,444,3,0,7536
92014,240,2,0,5472
92018,36,3,-1,960
92030,228,2,0,20640
92034,144,2,0,11712
92046,108,3,-1,39
92050,156,2,0,756
92062,252,3,0,5184
92066,468,3,0,9312
92078,48,2,0,8208
92082,96,3,1,9936
92094,120,2,0,11232
92098,144,2,0,14976
92110,156,3,1,19104
92114,108,2,0,15360
92126,864,4,-1,48
92130,312,4,0,2484
92142,72,2,0,10296
92146,132,3,-1,768
92158,168,2,0,4416
92162,336,2,0,4128
92174,192,3,-1,4416
92178,48,2,0,8808
92190,300,4,0,3624
92194,456,4,-1,648
92206,168,2,0,17664
92210,180,3,1,17076
92222,216,2,0,12168
92226,204,2,0,13152
92238,36,3,1,8664
92242,48,2,0,14496
92254,480,3,0,1152
92258,360,3,0,6912
92270,108,2,0,6168
92274,84,3,-1,3888
92286,60,2,0,12096
92290,348,2,0,20256
92302,72,3,-1,240
92306,132,2,0,5568
92318,288,3,0,5376
92322,300,3,0,4128
92334,60,2,0,9984
92338,120,3,1,3150
92350,228,2,0,14784
92354,360,2,0,576
92366,168,3,1,19008
92370,120,2,0,13920
92382,240,4,1,3708
92386,372,6,-1,528
92398,96,2,0,252
92414,348,2,0,6336
92418,156,2,0,8112
92430,132,3,-1,540
92434,132,2,0,1248
92446,1008,4,0,288
92450,948,4,1,2328
92462,192,2,0,19680
92466,48,3,1,10152
92478,156,2,0,10752
92482,312,2,0,5328
92494,72,3,1,13296
92498,60,2,0,768
92510,372,3,0,7776
92514,396,3,0,7680
92526,24,2,0,8352
92530,96,3,-1,4992
92542,192,2,0,13824
92546,168,2,0,2592
92558,72,3,-1,1080
92562,96,2,0,10848
92574,276,3,0,6720
92578,264,3,0,5712
92594,156,3,1,888
92606,252,2,0,12480
92610,144,2,0,9768
92622,72,3,1,8448
92626,252,2,0,312
92638,372,4,-1,2352
92642,324,5,-1,888
92654,48,2,0,3360
92658,120,3,-1,24
92670,324,2,0,13056
92674,264,2,0,16320
92686,96,3,-1,5496
92690,144,2,0,19200
92702,840,5,1,174
92706,468,4,-1,120
92718,108,2,0,9696
92722,120,3,1,13248
92734,204,2,0,5376
92738,204,2,0,5568
92750,192,3,1,27000
92754,84,2,0,1632
92766,180,3,0,5520
92770,804,3,0,3228
92782,108,2,0,8064
92786,144,3,-1,6144
92798,144,2,0,13392
92802,48,2,0,8424
92814,36,3,-1,4464
92818,60,2,0,10944
92830,516,3,0,7776
92834,384,3,0,6000
92846,228,2,0,1632
92850,36,3,1,11376
92862,120,2,0,7536
92866,192,2,0,16128
92878,84,3,1,3384
92882,96,2,0,2880
92894,348,4,1,5472
92898,444,4,0,3204
92910,156,2,0,15552
92914,108,3,-1,108
92926,324,2,0,16800
92930,408,2,0,22080
92942,96,3,-1,4032
92946,84,2,0,2808
92958,216,7,0,240
92962,384,4,1,5664
92974,168,2,0,12192
92978,84,3,1,10464
92990,276,2,0,4464
92994,192,2,0,12768
93006,84,3,1,8040
93010,180,2,0,22656
93022,600,3,0,4008
93026,420,3,0,1152
93038,12,2,0,14112
93042,60,3,-1,2916
93054,168,2,0,2592
93058,324,2,0,3600
93070,180,3,-1,7488
93074,72,2,0,14592
93086,420,3,0,7872
93090,312,3,0,7200
93102,96,2,0,8688
93106,120,3,1,21936
93118,108,2,0,8640
93122,192,2,0,13728
93134,168,3,1,4800
93138,60,2,0,9216
93150,528,4,-1,3648
93166,132,2,0,4608
93170,120,3,-1,2616
93182,204,2,0,1536
93186,168,2,0,10368
93198,36,3,-1,2256
93202,204,2,0,180
93214,552,4,0,624
93218,528,4,-1,2712
93230,204,2,0,17208
93234,120,3,1,12192
93246,228,2,0,2184
93250,204,2,0,13344
93262,108,3,1,16236
93266,120,2,0,10560
93278,408,3,0,2976
93282,288,3,0,5880
93294,96,2,0,10272
93298,96,3,-1,5616
93310,204,2,0,3456
93314,204,2,0,3360
93326,108,3,-1,4608
93330,96,2,0,20736
93346,756,3,0,960
93358,120,2,0,15504
93362,60,3,1,8820
93374,276,2,0,22656
93378,96,2,0,1392
93390,96,3,1,10800
93394,108,2,0,9696
93406,660,4,1,6816
93410,960,5,0,384
93422,84,2,0,204
93426,24,3,-1,2592
93438,192,2,0,11328
93442,180,2,0,120
93454,48,3,-1,360
93458,132,2,0,5040
93470,732,4,0,4560
93474,396,4,1,4944
93486,72,2,0,14496
93490,48,3,1,6624
93502,168,2,0,11712
93506,156,2,0,12192
93518,36,3,1,10296
93522,72,2,0,9360
93534,168,3,0,120
93538,228,3,0,4032
93550,132,2,0,16224
93554,204,3,-1,2016
93566,216,2,0,4320
93570,372,2,0,1020
93582,132,3,-1,4608
93586,120,2,0,12480
93598,468,3,0,1032
93602,420,3,0,3048
93614,84,2,0,10368
93618,144,3,1,6744
93630,180,2,0,13488
93634,492,2,0,4608
93646,96,3,1,2664
93650,180,2,0,18144
93662,492,4,-1,2112
93666,348,5,1,3168
93678,120,2,0,11520
93682,120,3,-1,3552
93694,264,2,0,17664
93698,180,2,0,10464
93710,300,3,-1,3984
93714,48,2,0,11328
93726,312,5,-1,648
93730,504,4,-1,2640
93742,120,2,0,2520
93746,156,3,1,720
93758,132,2,0,11544
93762,156,2,0,10200
93774,60,3,1,12480
93778,132,2,0,7128
93790,588,3,0,11232
93794,300,3,0,6960
93806,96,2,0,17184
93810,60,3,-1,4248
93822,120,2,0,8256
93826,228,2,0,16128
93838,48,3,-1,2976
93842,96,2,0,12192
93854,1056,3,0,624
93858,180,3,0,3504
93870,96,2,0,13344
93874,108,3,1,14208
93886,348,2,0,720
93890,384,2,0,6720
93902,72,3,1,9456
93918,348,4,1,5514
93922,720,4,0,144
93934,132,2,0,17280
93938,132,3,-1,5472
93950,288,2,0,14976
93954,120,2,0,1296
93966,156,3,-1,540
93970,84,2,0,15552
93982,624,5,0,2016
93986,432,4,1,7152
93998,144,2,0,204
94002,72,3,1,9792
94014,108,2,0,9504
94018,264,2,0,15168
94030,156,3,1,6912
94034,180,2,0,6456
94046,492,3,0,1488
94050,204,3,0,5448
94062,72,2,0,8496
94066,156,3,-1,888
94078,240,2,0,768
94082,204,2,0,12672
94098,24,2,0,8100
94110,264,3,0,6144
94114,492,3,0,13632
94126,168,2,0,16704
94130,84,3,1,18624
94142,228,2,0,6912
94146,168,2,0,1680
94158,120,3,1,10944
94162,108,2,0,1632
94174,360,4,-1,420
94178,420,4,0,720
94190,84,2,0,17760
94194,96,3,-1,528
94206,132,2,0,10080
94210,276,2,0,6768
94222,96,3,-1,4032
94226,132,2,0,12288
94238,324,4,0,2880
94242,312,4,-1,2016
94254,72,2,0,1776
94258,156,3,1,12336
94270,276,2,0,19488
94274,228,2,0,12096
94286,96,3,1,3120
94290,120,2,0,13104
94302,180,3,0,4608
94306,324,3,0,6048
94318,300,2,0,7056
94322,84,3,-1,252
94334,120,2,0,16128
94338,192,2,0,9816
94350,60,3,-1,3744
94354,216,2,0,1152
94366,348,3,0,8112
94370,468,3,0,840
94382,132,2,0,17280
94386,156,3,1,12816
94398,132,2,0,10632
94402,96,2,0,10536
94414,108,3,1,14400
94418,48,2,0,12768
94430,552,4,1,2064
94434,384,5,0,1152
94446,72,2,0,2352
94450,192,3,-1,9960
94462,276,2,0,3168
94466,432,2,0,9432
94478,204,3,-1,6240
94482,36,2,0,6672
94494,420,4,0,3408
94498,636,4,1,1452
94510,60,2,0,21144
94514,96,3,1,11256
94526,204,2,0,1152
94530,276,2,0,18432
94542,60,3,1,8424
94546,96,2,0,2496
94558,300,3,0,5568
94562,348,3,0,7344
94574,156,2,0,6816
94578,60,3,-1,3480
94590,228,2,0,16176
94594,156,2,0,13776
94606,144,3,-1,1296
94610,72,2,0,4656
94622,312,3,0,5616
94626,324,3,0,5544
94638,60,2,0,6552
94642,84,3,1,6120
94654,192,2,0,2784
94670,96,3,1,22368
94674,72,2,0,12288
94686,312,4,-1,1812
94690,876,5,-1,2076
94702,96,2,0,13824
94706,132,3,-1,3432
94718,300,2,0,3552
94722,108,2,0,9504
94734,84,3,-1,4032
94738,108,2,0,108
94750,1404,5,1,450
94754,348,4,-1,8
94766,96,2,0,12672
94770,24,3,1,11844
94782,120,2,0,936
94786,276,2,0,5184
94798,24,3,1,7872
94802,84,2,0,19440
94814,312,3,0,96
94818,216,3,0,3744
94830,156,2,0,16680
94834,60,3,-1,4032
94850,276,2,0,16704
94862,216,3,-1,1536
94866,84,2,0,13152
94878,168,3,0,3000
94882,216,3,0,5328
94894,204,2,0,1920
94898,132,3,1,6240
94910,216,2,0,17568
94914,168,2,0,11088
94926,144,3,1,18600
94930,216,2,0,4512
94942,564,4,1,336
94946,612,4,0,144
94958,96,2,0,9936
94962,84,3,-1,2520
94974,120,2,0,10848
94978,228,2,0,2112
94990,72,3,-1,3420
94994,96,2,0,17376
95006,612,5,0,864
95010,396,4,1,6348
95022,84,2,0,10200
95026,72,3,1,12960
95038,384,2,0,4512
95042,156,2,0,2784
95054,156,3,1,3864
95058,96,2,0,9984
95070,204,3,0,5400
95074,684,3,0,4032
95086,96,2,0,14016
95090,96,3,-1,5760
95102,180,2,0,12384
95106,168,2,0,9744
95118,108,3,-1,3168
95122,96,2,0,14928
95134,264,3,0,6336
95138,252,3,0,6240
95150,240,2,0,4848
95154,108,3,1,2742
95166,336,2,0,14592
95170,204,2,0,17856
95182,72,3,1,4608
95186,132,2,0,4992
95198,492,4,-1,2592
95202,288,4,0,168
95214,48,2,0,11040
95218,84,3,-1,336
95230,276,2,0,20160
95234,312,2,0,23904
95246,96,3,-1,624
95250,96,2,0,11640
95262,348,4,0,2256
95266,240,4,-1,2016
95278,96,2,0,17712
95282,156,3,1,11544
95294,240,2,0,864
95298,108,2,0,9756
95310,84,3,1,13632
95314,96,2,0,11520
95326,456,3,0,2208
95330,540,3,0,4464
95342,48,2,0,10512
95346,192,3,-1,1284
95358,120,2,0,600
95362,288,2,0,4128
95374,216,3,-1,6480
95378,48,2,0,9216
95390,552,3,0,13632
95394,300,3,0,6912
95406,60,2,0,10848
95422,156,2,0,10080
95426,252,2,0,14976
95438,144,3,1,6558
95442,12,2,0,5496
95454,588,4,1,1140
95458,228,6,0,744
95470,132,2,0,48
95474,192,3,-1,1176
95486,204,2,0,14688
95490,192,2,0,14184
95502,60,3,-1,2904
95506,312,2,0,10128
95518,408,4,0,2592
95522,468,4,1,5616
95534,72,2,0,1920
95538,36,3,1,9840
95550,180,2,0,14544
95554,192,2,0,2976
95566,180,3,1,2112
95570,180,2,0,22944
95582,360,3,0,1248
95586,408,3,0,6336
95602,72,3,-1,3864
95614,396,2,0,9120
95618,216,2,0,288
95630,192,3,-1,5232
95634,108,2,0,9888
95646,288,3,0,1152
95650,552,3,0,2304
95662,48,2,0,10752
95666,96,3,1,13248
95678,168,2,0,13632
95682,156,2,0,10368
95694,72,3,1,7704
95698,144,2,0,14736
95710,708,4,-1,3936
95714,408,5,1,3360
95726,120,2,0,96
95730,168,3,-1,792
95742,156,2,0,10320
95746,264,2,0,1920
95758,204,3,-1,1728
95762,264,2,0,1272
95774,240,5,-1,864
95778,420,4,-1,1572
95790,192,2,0,14736
95794,144,3,1,3792
95806,132,2,0,12672
95810,360,2,0,24672
95822,132,3,1,1392
95826,72,2,0,9408
95838,144,3,0,4704
95842,432,3,0,624
95854,60,2,0,2496
95858,84,3,-1,3240
95870,336,2,0,9288
95874,156,2,0,11760
95886,36,3,-1,2904
95890,108,2,0,13056
95902,420,3,0,1488
95906,648,3,0,2304
95918,48,2,0,10320
95922,96,3,1,13968
95934,204,2,0,10992
95938,216,2,0,6336
95950,144,3,1,18240
95954,84,2,0,2112
95966,480,4,1,7512
95970,264,4,0,2304
95982,36,2,0,11904
95986,96,3,-1,4752
95998,192,2,0,12096
96002,156,2,0,10080
96014,192,3,-1,1224
96018,72,2,0,12960
96030,300,6,-1,14
96034,696,4,1,10080
96046,144,2,0,1008
96050,192,3,1,6528
96062,276,2,0,16560
96066,168,2,0,9600
96078,60,3,1,8808
96082,96,2,0,2736
96094,312,3,0,6720
96098,360,3,0,7200
96110,48,2,0,15792
96114,108,3,-1,3492
96126,96,2,0,10752
96130,360,2,0,21168
96142,108,3,-1,4992
96146,84,2,0,2976
96158,468,3,0,2304
96174,60,2,0,12768
96178,60,3,1,10560
96190,264,2,0,1320
96194,264,2,0,6912
96206,36,3,1,14256
96210,132,2,0,17088
96222,360,4,-1,1512
96226,480,4,0,864
96238,72,2,0,12096
96242,72,3,-1,4248
96254,204,2,0,36
96258,120,2,0,10512
96270,192,3,-1,5586
96274,144,2,0,14208
96286,600,4,0,4800
96290,624,4,-1,3936
96302,132,2,0,5220
96306,96,3,1,648
96318,180,2,0,1656
96322,156,2,0,12576
96334,96,3,1,3444
96338,72,2,0,2880
96354,324,3,0,1128
96366,72,2,0,10464
96370,240,3,-1,3180
96382,264,2,0,912
96386,216,2,0,11904
96398,108,3,-1,4608
96402,36,2,0,9984
96414,384,3,0,6336
96418,324,3,0,5376
96430,84,2,0,16224
96434,84,3,1,16176
96446,264,2,0,732
96450,300,2,0,15168
96462,60,3,1,7032
96466,84,2,0,19200
96478,468,4,1,2214
96482,816,6,1,624
96494,144,2,0,21312
96498,48,3,-1,2160
96510,240,2,0,14304
96514,348,2,0,264
96526,108,3,-1,3840
96530,60,2,0,14856
96542,180,4,0,2400
96546,528,4,1,120
96558,96,2,0,7392
96562,108,3,1,12852
96574,144,2,0,13824
96578,216,2,0,13200
96590,216,3,1,2064
96594,120,2,0,13488
96606,384,3,0,7440
96610,468,3,0,7344
96622,204,2,0,5184
96626,132,3,-1,2688
96638,96,2,0,7752
96642,132,2,0,11544
96654,60,3,-1,816
96658,108,2,0,3168
96670,480,3,0,432
96674,252,3,0,5568
96686,204,2,0,22272
96690,132,3,1,12132
96702,60,2,0,9504
96706,204,2,0,360
96718,96,3,1,12120
96722,48,2,0,10080
96734,540,4,-1,1296
96738,288,5,-1,960
96750,72,2,0,11616
96754,156,3,-1,1116
96766,384,2,0,3744
96770,312,2,0,3408
96782,108,3,-1,288
96786,48,2,0,6624
96798,480,5,1,3024
96802,480,4,-1,1008
96814,48,2,0,11328
96818,96,3,1,18696
96830,396,2,0,27720
96834,120,2,0,9792
96846,132,3,1,3000
96850,180,2,0,19680
96862,228,3,0,4704
96866,252,3,0,5952
96878,144,2,0,2400
96882,156,3,-1,3264
96894,84,2,0,9360
96898,144,2,0,9792
96910,288,3,-1,3888
96926,396,3,0,6528
96930,480,3,0,6912
96942,12,2,0,8544
96946,168,3,1,1068
96958,180,2,0,13728
96962,168,2,0,12288
96974,24,3,1,14184
96978,156,2,0,9840
96990,300,4,1,5280
96994,516,4,0,3264
97006,84,2,0,13248
97010,120,3,-1,4848
97022,264,2,0,5184
97026,288,2,0,15696
97038,72,3,-1,168
97042,96,2,0,12960
97054,1032,6,0,96
97058,564,4,1,105
97070,156,2,0,18720
97074,108,3,1,10752
97086,132,2,0,7296
97090,468,2,0,4464
97106,108,2,0,15360
97118,216,3,0,5184
97122,180,3,0,3276
97134,108,2,0,1680
97138,60,3,-1,3768
97150,252,2,0,15840
97154,336,2,0,4560
97166,144,3,-1,2232
97170,108,2,0,14136
97182,228,3,0,4872
97186,456,3,0,7296
97198,72,2,0,3168
97202,108,3,1,2412
97214,204,2,0,14400
97218,156,2,0,8304
97230,120,3,1,1152
97234,132,2,0,6864
97246,504,4,-1,360
97250,576,4,0,5568
97262,48,2,0,8112
97266,144,3,-1,5520
97278,156,2,0,9792
97282,168,2,0,12000
97294,96,3,-1,672
97298,96,2,0,1368
97310,852,4,0,1296
97314,168,4,-1,1452
97326,60,2,0,13968
97330,156,3,1,3552
97342,228,2,0,6000
97346,312,2,0,1104
97358,48,3,1,11328
97362,96,2,0,11904
97374,300,3,0,5424
97378,516,3,0,2712
97390,180,2,0,25872
97394,72,3,-1,2976
97406,312,2,0,15360
97410,204,2,0,12720
97422,60,3,-1,30
97426,144,2,0,12480
97438,180,3,0,4992
97442,420,3,0,7200
97454,228,2,0,720
97458,144,3,1,756
97470,168,2,0,12480
97474,264,2,0,16896
97486,204,3,1,2340
97490,168,2,0,8208
97502,492,4,1,7872
97506,300,5,0,1368
97518,84,2,0,11664
97522,144,3,-1,1056
97534,264,2,0,14208
97538,204,2,0,648
97550,120,3,-1,5760
97554,72,2,0,2352
97566,312,4,0,2520
97570,504,4,1,8520
97582,96,2,0,12672
97586,156,3,1,18312
97598,192,2,0,5328
97602,108,2,0,10368
97614,84,3,1,564
97618,84,2,0,10272
97630,540,3,0,2352
97634,732,3,0,2304
97646,84,2,0,480
97650,72,3,-1,3588
97662,132,2,0,12960
97678,96,3,-1,3264
97682,60,2,0,12288
97694,360,3,0,5760
97698,252,3,0,5904
97710,96,2,0,11856
97714,144,3,1,19488
97726,300,2,0,23808
97730,204,2,0,15408
97742,84,3,1,3672
97746,48,2,0,1344
97758,192,4,-1,96
97762,312,5,1,2484
97774,72,2,0,5712
97778,132,3,-1,144
97790,228,2,0,12624
97794,156,2,0,11712
97806,72,3,-1,3504
97810,240,2,0,2448
97822,288,5,-1,720
97826,516,4,-1,144
97838,132,2,0,20088
97842,72,3,1,7920
97858,180,2,0,14064
97870,12,3,1,13284
97874,120,2,0,16704
97886,660,3,0,192
97890,324,3,0,6816
97902,96,2,0,420
97906,72,3,-1,288
97918,348,2,0,552
97922,288,2,0,8736
97934,120,3,-1,5280
97938,24,2,0,9240
97950,324,3,0,7416
97954,324,3,0,240
97966,60,2,0,16800
97970,84,3,1,22632
97982,204,2,0,8160
97986,72,2,0,9744
97998,60,3,1,10224
98002,108,2,0,10656
98014,732,4,1,8640
98018,288,4,0,1848
98030,180,2,0,10752
98034,108,3,-1,4392
98046,96,2,0,1872
98050,216,2,0,21552
98062,168,3,-1,876
98066,156,2,0,3360
98078,432,5,0,1920
98082,312,4,1,576
98094,12,2,0,8256
98098,60,3,1,4848
98110,288,2,0,18240
98114,288,2,0,2112
98126,108,3,1,264
98130,36,2,0,13248
98142,276,3,0,4608
98146,492,3,0,1872
98158,84,2,0,12720
98162,96,3,-1,4992
98174,384,2,0,4176
98178,96,2,0,7920
98190,120,3,-1,5616
98194,144,2,0,17088
98206,600,3,0,3576
98210,480,3,0,624
98222,204,2,0,14304
98226,12,3,1,11040
98238,48,2,0,6120
98242,144,2,0,264
98254,60,3,1,2688
98258,72,2,0,12480
98270,756,4,-1,3120
98274,480,4,0,3456
98286,72,2,0,11520
98290,96,3,-1,4776
98302,96,2,0,10896
98306,216,2,0,14208
98318,84,3,-1,1188
98322,48,2,0,7488
98334,228,4,0,2112
98338,540,4,-1,3000
98350,96,2,0,5184
98354,144,3,1,1008
98366,348,2,0,17280
98370,168,2,0,13200
98382,24,3,1,8448
98386,144,2,0,3936
98398,384,3,0,6600
98402,204,3,0,4944
98414,144,2,0,11904
98430,192,2,0,14820
98434,168,2,0,11520
98446,168,3,-1,1488
98450,84,2,0,15888
98462,480,3,0,3072
98466,228,3,0,4368
98478,60,2,0,240
98482,132,3,1,888
98494,168,2,0,3360
98498,336,2,0,4512
98510,168,3,1,16272
98514,60,2,0,10176
98526,468,4,1,6768
98530,756,5,0,1008
98542,72,2,0,13536
98546,192,3,-1,960
98558,192,2,0,13440
98562,144,2,0,7680
98574,48,3,-1,3168
98578,60,2,0,11808
98590,444,4,0,4752
98594,528,4,1,6720
98610,168,3,1,16632
98622,228,2,0,11952
98626,240,2,0,12672
98638,228,3,1,8088
98642,108,2,0,3456
98654,480,3,0,1872
98658,192,3,0,3960
98670,60,2,0,1788
98674,180,3,-1,1536
98686,144,2,0,9600
98690,204,2,0,15360
98702,84,3,-1,720
98706,120,2,0,12000
98718,192,3,0,4032
98722,456,3,0,7872
98734,144,2,0,15552
98738,84,3,1,13584
98750,408,2,0,7104
98754,252,2,0,2064
98766,48,3,1,9660
98770,132,2,0,16704
98782,564,4,-1,216
98786,516,5,-1,432
98798,96,2,0,11520
98802,48,3,-1,2688
98814,96,2,0,10176
98818,300,2,0,4128
98830,48,3,-1,4536
98834,192,2,0,15840
98846,792,5,1,1044
98850,468,4,-1,2052
98862,60,2,0,10944
98866,156,3,1,2088
98878,156,2,0,12144
98882,252,2,0,10608
98894,240,3,1,7776
98898,72,2,0,1152
98910,312,3,0,8208
98914,216,3,0,7104
98926,108,2,0,3216
98930,168,3,-1,1776
98942,84,2,0,10368
98946,228,2,0,2592
98958,108,3,-1,4404
98962,84,2,0,4452
98974,600,3,0,9696
98978,192,3,0,5040
98990,180,2,0,17856
98994,60,3,1,7968
99006,72,2,0,8544
99010,384,2,0,528
99022,84,3,1,8280
99026,96,2,0,16800
99038,444,4,1,1116
99042,396,4,0,3360
99054,72,2,0,2400
99058,84,3,-1,3648
99070,372,2,0,11040
99074,300,2,0,4176
99086,120,3,-1,6768
99090,120,2,0,15840
99102,180,5,0,912
99106,720,4,1,540
99118,72,2,0,14592
99122,96,3,1,11136
99134,216,2,0,13872
99138,72,2,0,6492
99150,96,3,1,12552
99154,132,2,0,4320
99166,276,3,0,4992
99182,156,2,0,1092
99186,96,3,-1,3648
99198,180,2,0,9768
99202,216,2,0,13440
99214,72,3,-1,1200
99218,108,2,0,5652
99230,456,3,0,720
99234,372,3,0,6144
99246,96,2,0,1512
99250,156,3,1,4254
99262,336,2,0,16128
99266,324,2,0,22464
99278,84,3,1,9432
99282,84,2,0,12732
99294,384,4,-1,2160
99298,264,4,0,1920
99310,60,2,0,21408
99314,108,3,-1,4128
99326,324,2,0,8928
99330,96,2,0,9600
99342,24,3,-1,2064
99346,96,2,0,240
99362,456,4,-1,576
99374,132,2,0,12672
99378,72,3,1,12420
99390,216,2,0,10704
99394,384,2,0,7488
99406,216,3,1,21888
99410,60,2,0,15120
99422,264,3,0,6336
99426,216,3,0,4608
99438,12,2,0,8964
99442,60,3,-1,3984
99454,264,2,0,240
99458,144,2,0,15744
99470,180,3,-1,1404
99474,36,2,0,8880
99486,360,3,0,60
99490,516,3,0,8880
99502,108,2,0,6144
99506,144,3,1,1488
99518,144,2,0,12864
99522,84,2,0,6624
99534,84,3,1,15696
99538,72,2,0,4032
99550,528,4,1,7680
99554,612,6,0,240
99566,156,2,0,15840
99570,72,3,-1,3936
99582,84,2,0,7248
99586,192,2,0,16128
99598,108,3,-1,4128
99602,84,2,0,11040
99614,456,4,0,1200
99618,384,4,1,4812
99630,120,2,0,16128
99634,132,3,1,12288
99646,324,2,0,960
99650,468,2,0,1392
99662,108,3,1,12600
99666,72,2,0,8256
99678,288,3,0,5856
99682,372,3,0,36
99694,84,2,0,1344
99698,96,3,-1,3144
99710,264,2,0,16848
99714,120,2,0,960
99726,36,3,-1,2592
99730,372,2,0,1176
99742,432,3,0,8280
99746,420,3,0,1248
99758,120,2,0,6480
99762,48,3,1,8532
99774,120,2,0,8928
99778,72,2,0,9600
99790,228,3,1,5688
99794,144,2,0,3936
99806,432,4,-1,2160
99810,492,5,1,3774
99822,96,2,0,9600
99826,216,3,-1,3024
99838,204,2,0,10656
99842,180,2,0,10032
99854,228,3,-1,300
99858,36,2,0,9252
99870,444,5,-1,1224
99874,444,4,-1,72
99886,60,2,0,10848
99890,132,3,1,14976
99902,168,2,0,2400
99906,156,2,0,12048
99918,12,3,1,7920
99934,600,3,0,288
99938,516,3,0,2304
99950,96,2,0,14928
99954,108,3,-1,720
99966,156,2,0,11424
99970,480,2,0,7272
99982,84,3,-1,3888
99986,84,2,0,15360
99998,204,3,0,144
100002,192,3,0,4608
100014,96,2,0,480
100018,24,3,1,12432
100030,264,2,0,18720
100034,96,2,0,9168
100046,228,3,1,864
100050,108,2,0,10392
100062,348,4,1,102
100066,624,4,0,4608
100078,168,2,0,840
100082,144,3,-1,2250
100094,156,2,0,17280
100098,120,2,0,9504
100114,132,2,0,2256
100126,528,6,1,1680
100130,516,4,1,7656
100142,108,2,0,11136
100146,84,3,1,588
100158,144,2,0,8880
100162,276,2,0,1296
100174,120,3,1,12480
100178,180,2,0,1344
100190,840,3,0,5088
100194,276,3,0,4608
100206,108,2,0,11664
100210,96,3,-1,4896
100222,120,2,0,2952
100226,204,2,0,2256
100238,96,3,-1,744
100242,84,2,0,10656
100254,240,3,0,624
100258,384,3,0,2400
100270,120,2,0,1992
100274,144,3,1,22848
100286,168,2,0,13440
100290,408,2,0,19248
100302,108,3,1,15696
100306,96,2,0,11424
100318,528,4,-1,2568
100322,456,4,0,3024
100334,108,2,0,3072
100338,72,3,-1,2544
100350,300,2,0,13440
100354,264,2,0,2880
100366,156,3,-1,2736
100370,216,2,0,5760
100382,456,4,0,3552
100386,432,4,-1,2112
100398,36,2,0,6696
100402,108,3,1,2424
100414,228,2,0,12672
100418,240,2,0,9360
100430,108,3,1,17964
100434,72,2,0,1848
100446,384,3,0,1404
100450,480,3,0,9072
100462,96,2,0,9216
100466,84,3,-1,720
100478,396,2,0,1584
100482,96,2,0,6384
100494,120,3,-1,4032
100498,132,2,0,17016
100510,468,3,0,2448
100514,792,3,0,5496
100526,72,2,0,12480
100530,12,3,1,10560
100542,240,2,0,13404
100546,384,2,0,576
100558,60,3,1,12384
100562,108,2,0,12528
100574,408,4,1,7872
100578,216,6,-1,384
100590,36,2,0,8760
100594,60,3,-1,5184
100606,72,2,0,11904
100610,336,2,0,1512
100622,72,3,-1,1650
100626,120,2,0,15936
100638,420,4,0,3264
100642,300,4,1,4608
100654,276,2,0,1560
100658,96,3,1,2484
100670,144,2,0,13896
100686,84,3,1,8640
100690,192,2,0,10176
100702,360,3,0,4560
100706,348,3,0,6912
100718,120,2,0,15360
100722,36,3,-1,3288
100734,84,2,0,9504
100738,144,2,0,10848
100750,180,3,-1,8064
100754,72,2,0,1920
100766,552,3,0,1920
100770,480,3,0,7680
100782,60,2,0,7296
100786,108,3,1,13152
100798,216,2,0,5424
100802,348,2,0,2784
100814,132,3,1,11136
100818,0,2,0,6384
100830,360,4,-1,2400
100834,768,5,-1,432
100846,96,2,0,5040
100850,120,3,-1,7044
100866,144,2,0,10752
100878,60,3,-1,3192
100882,84,2,0,12096
100894,432,5,1,2904
100898,180,4,-1,1872
100910,180,2,0,6048
100914,36,3,1,11088
100926,156,2,0,12096
100930,120,2,0,12000
100942,84,3,1,3168
100946,228,2,0,1872
100958,216,3,0,6480
100962,168,3,0,4464
100974,144,2,0,13824
100978,72,3,-1,1350
100990,384,2,0,25344
100994,168,2,0,12096
101006,156,3,-1,288
101010,132,2,0,12864
101022,204,3,0,576
101026,564,3,0,8832
101038,12,2,0,9312
101042,96,3,1,10320
101054,480,2,0,228
101058,156,2,0,10872
101070,48,3,1,13836
101074,108,2,0,17280
101086,648,4,1,1872
101090,360,4,0,744
101102,96,2,0,12432
101106,84,3,-1,3552
101118,144,2,0,6696
101122,144,2,0,5136
101134,60,3,-1,4608
101138,48,2,0,9648
101150,444,6,0,1008
101154,396,4,1,1152
101166,108,2,0,864
101170,84,3,1,17064
101182,168,2,0,13680
101186,252,2,0,19008
101198,120,3,1,4308
101202,96,2,0,8640
101214,264,3,0,4392
101218,552,3,0,1392
101230,120,2,0,6840
101234,96,3,-1,1440
101246,324,2,0,2304
101250,192,2,0,2256
101262,108,3,-1,3096
101266,60,2,0,3072
101278,564,3,0,7104
101282,420,3,0,6192
101294,84,2,0,672
101298,60,3,1,9732
101310,264,2,0,15804
101314,276,2,0,14736
101326,108,3,1,15360
101330,192,2,0,23424
101342,456,4,-1,552
101346,264,4,0,480
101358,72,2,0,9024
101362,72,3,-1,3072
101374,312,2,0,2712
101378,324,2,0,6912
101390,84,3,-1,6144
101394,84,2,0,15600
101406,192,4,0,1800
101410,780,4,-1,936
101422,204,2,0,15240
101438,204,2,0,11856
101442,156,2,0,9216
101454,36,3,1,1596
101458,48,2,0,10584
101470,528,3,0,10848
101474,348,3,0,6528
101486,120,2,0,6864
101490,96,3,-1,39
101502,72,2,0,6528
101506,312,2,0,17760
101518,36,3,-1,672
101522,144,2,0,3840
101534,432,3,0,9696
101538,240,3,0,4896
101550,204,2,0,21024
101554,228,3,1,1884
101566,228,2,0,12672
101570,216,2,0,16128
101582,96,3,1,13584
101586,12,2,0,9120
101598,180,4,1,3624
101602,336,5,0,1176
101618,108,3,-1,5520
101630,216,2,0,264
101634,192,2,0,11376
101646,132,3,-1,828
101650,72,2,0,1392
101662,624,4,0,1800
101666,744,4,1,2976
101678,36,2,0,8448
101682,72,3,1,7980
101694,312,2,0,16704
101698,252,2,0,1008
101710,48,3,1,14976
101714,120,2,0,13152
101726,348,3,0,6336
101730,432,3,0,8832
101742,48,2,0,7428
101746,228,3,-1,1008
101758,168,2,0,12816
101762,216,2,0,12384
101774,132,3,-1,792
101778,108,2,0,6912
101790,300,3,0,6120
101794,264,3,0,6432
101806,192,2,0,864
101810,180,3,1,11232
101822,192,2,0,9216
101826,228,2,0,9216
101838,60,3,1,1584
101842,168,2,0,144
101854,432,4,-1,384
101858,576,5,1,3744
101870,204,2,0,20688
101874,120,3,-1,2832
101886,120,2,0,14856
101890,132,2,0,13728
101902,12,3,-1,4176
101906,132,2,0,13440
101918,612,5,-1,504
101922,312,4,-1,1512
101934,60,2,0,9456
101938,60,3,1,10128
101950,288,2,0,4224
101954,264,2,0,540
101966,180,3,1,16944
101970,120,2,0,11424
101982,204,3,0,4224
101986,600,3,0,3648
101998,108,2,0,14400
102002,60,3,-1,96
102014,228,2,0,13344
102018,144,2,0,12360
102030,120,3,-1,4104
102034,96,2,0,1920
102046,240,3,0,768
102050,348,3,0,7272
102062,72,2,0,3360
102066,84,3,1,11856
102078,192,2,0,8784
102082,264,2,0,14832
102094,144,3,1,7344
102098,144,2,0,900
102110,1032,4,1,12624
102114,288,4,0,264
102126,84,2,0,9216
102130,72,3,-1,1536
102142,180,2,0,14304
102146,156,2,0,2784
102158,84,3,-1,3024
102162,72,2,0,540
102174,324,5,0,1440
102190,156,2,0,1248
102194,228,3,1,19200
102206,276,2,0,6720
102210,240,2,0,10224
102222,60,3,1,10464
102226,72,2,0,15360
102238,480,3,0,2112
102242,420,3,0,2040
102254,144,2,0,2448
102258,60,3,-1,3444
102270,108,2,0,10992
102274,276,2,0,3216
102286,132,3,-1,3504
102290,156,2,0,27936
102302,384,3,0,6864
102306,276,3,0,5184
102318,60,2,0,11592
102322,24,3,1,9000
102334,228,2,0,15456
102338,168,2,0,10464
102350,144,3,1,7476
102354,96,2,0,360
102370,720,4,0,5472
102382,60,2,0,2400
102386,192,3,-1,1056
102398,228,2,0,16128
102402,156,2,0,9504
102414,72,3,-1,2928
102418,168,2,0,7320
102430,516,4,0,5184
102434,396,4,-1,2304
102446,84,2,0,3960
102450,156,3,1,948
102462,144,2,0,6888
102466,180,2,0,14688
102478,132,3,1,13248
102482,60,2,0,10176
102494,396,3,0,1632
102498,204,3,0,3792
102510,120,2,0,14016
102514,24,3,-1,4008
102526,276,2,0,6024
102530,324,2,0,6240
102542,72,3,-1,3636
102546,156,2,0,1596
102558,168,3,0,4164
102562,360,3,0,2112
102574,84,2,0,12096
102578,48,3,1,10272
102590,300,2,0,3168
102594,120,2,0,9216
102606,84,3,1,10512
102610,120,2,0,17064
102622,672,4,1,1236
102626,564,5,0,2112
102638,120,2,0,264
102642,60,3,-1,3168
102654,168,2,0,3600
102658,156,2,0,8352
102670,360,3,-1,162
102674,132,2,0,7584
102686,300,4,0,2496
102690,420,4,1,6024
102702,96,2,0,6360
102706,180,3,1,4896
102718,192,2,0,8400
102722,276,2,0,12096
102734,84,3,1,12288
102738,72,2,0,10800
102750,276,3,0,6240
102754,552,3,0,1392
102766,156,2,0,18432
102770,108,3,-1,4896
102782,372,2,0,9000
102786,204,2,0,1536
102798,72,3,-1,2646
102802,84,2,0,10080
102814,384,3,0,96
102818,540,3,0,240
102830,156,2,0,20352
102834,84,3,1,7968
102846,204,2,0,2880
102850,444,2,0,10272
102862,60,3,1,12096
102866,144,2,0,960
102878,216,4,-1,1872
102882,384,5,-1,720
102894,96,2,0,10248
102898,108,3,-1,5184
102910,132,2,0,12528
102914,168,2,0,17472
102926,120,3,-1,1152
102942,324,5,1,2550
102946,480,4,-1,432
102958,72,2,0,5952
102962,168,3,1,4536
102974,180,2,0,9408
102978,252,2,0,13296
102990,120,3,1,11520
102994,156,2,0,1056
103006,696,3,0,13152
103010,396,3,0,9024
103022,108,2,0,11520
103026,144,3,-1,2580
103038,156,2,0,10368
103042,108,2,0,9216
103054,120,3,-1,1128
103058,72,2,0,10464
103070,588,3,0,624
103074,372,3,0,6912
103086,120,2,0,9120
103090,156,3,1,24096
103102,204,2,0,480
103106,180,2,0,5280
103122,72,2,0,7080
103134,492,4,1,6672
103138,300,4,0,696
103150,84,2,0,13632
103154,168,3,-1,1152
103166,192,2,0,10752
103170,144,2,0,11832
103182,72,3,-1,3672
103186,228,2,0,15264
103198,360,5,0,1296
103202,504,4,1,7344
103214,336,2,0,12000
103218,84,3,1,6804
103230,120,2,0,14832
103234,240,2,0,15744
103246,96,3,1,438
103250,144,2,0,3648
103262,276,3,0,5280
103266,300,3,0,5952
103278,24,2,0,9840
103282,96,3,-1,2148
103294,192,2,0,13536
103298,192,2,0,12576
103310,48,3,-1,5076
103314,144,2,0,1032
103326,312,3,0,6120
103330,324,3,0,9120
103342,96,2,0,12048
103346,60,3,1,3264
103358,360,2,0,3840
103362,60,2,0,264
103374,60,3,1,1584
103378,72,2,0,9840
103390,624,4,-1,972
103394,708,4,0,432
103406,108,2,0,72
103410,240,3,-1,6096
103422,84,2,0,7248
103426,360,2,0,5808
103438,156,3,-1,4608
103442,120,2,0,14256
103454,792,4,0,768
103458,228,4,-1,18
103470,108,2,0,12576
103474,72,3,1,11160
103486,384,2,0,17184
103490,324,2,0,17280
103502,108,3,1,2784
103506,156,2,0,13632
103518,108,3,0,3408
103522,396,3,0,6816
103534,180,2,0,4224
103538,96,3,-1,2376
103550,408,2,0,29544
103554,108,2,0,2064
103566,48,3,-1,360
103570,132,2,0,336
103582,204,3,0,4560
103586,372,3,0,624
103598,60,2,0,10752
103602,24,3,1,36
103614,132,2,0,7104
103618,180,2,0,13104
103630,60,3,1,19008
103634,132,2,0,15936
103646,936,4,1,684
103650,492,7,0,396
103662,120,2,0,11664
103666,84,3,-1,4512
103678,276,2,0,180
103694,132,3,-1,4752
103698,48,2,0,8352
103710,492,4,0,4056
103714,948,4,1,4512
103726,96,2,0,13632
103730,132,3,1,12624
103742,180,2,0,11520
103746,144,2,0,1728
103758,24,3,1,7296
103762,72,2,0,12720
103774,384,3,0,6912
103778,288,3,0,5184
103790,204,2,0,5328
103794,60,3,-1,3456
103806,168,2,0,7440
103810,264,2,0,17424
103822,120,3,-1,2208
103826,192,2,0,5760
103838,456,3,0,6240
103842,204,3,0,3744
103854,108,2,0,2016
103858,144,3,1,162
103874,288,2,0,19296
103886,156,3,1,20064
103890,60,2,0,12096
103902,468,4,-1,2520
103906,384,5,1,3072
103918,144,2,0,10944
103922,72,3,-1,3216
103934,108,2,0,3168
103938,96,2,0,8064
103950,24,3,-1,3552
103954,132,2,0,2400
103966,564,5,-1,96
103970,1044,4,-1,2160
103982,96,2,0,10560
103986,72,3,1,11304
103998,156,2,0,12096
104002,168,2,0,2484
104014,84,3,1,15648
104018,132,2,0,13824
104030,408,3,0,7536
104034,156,3,0,4368
104046,108,2,0,1920
104050,168,3,-1,624
104062,132,2,0,10944
104066,108,2,0,11232
104078,132,3,-1,1860
104082,48,2,0,10392
104094,192,3,0,5184
104098,348,3,0,6864
104110,96,2,0,5112
104114,132,3,1,2832
104126,180,2,0,15264
104130,288,2,0,15360
104142,24,3,1,5472
104146,216,2,0,1536
104158,648,4,1,816
104162,432,4,0,3264
104174,96,2,0,14784
104178,36,3,-1,2166
104190,300,2,0,2688
104194,240,2,0,16128
104206,96,3,-1,3408
104210,168,2,0,21888
104222,516,6,-1,132
104226,384,4,1,6096
104238,60,2,0,10224
104242,96,3,1,13392
104254,300,2,0,1224
104258,216,2,0,144
104270,180,3,1,20736
104274,72,2,0,8256
104286,324,3,0,5136
104290,444,3,0,1008
104302,72,2,0,11328
104306,84,3,-1,5856
104318,156,2,0,11088
104322,132,2,0,13440
104334,84,3,-1,4032
104338,120,2,0,11616
104350,492,3,0,11760
104354,420,3,0,192
104366,168,2,0,360
104370,120,3,1,15906
104382,108,2,0,8448
104386,156,2,0,1488
104398,24,3,1,3216
104402,84,2,0,3648
104414,384,4,-1,2592
104418,252,4,0,2352
104430,108,2,0,12312
104446,276,2,0,3936
104450,240,2,0,18048
104462,168,3,-1,5496
104466,72,2,0,9888
104478,204,4,0,1728
104482,288,4,-1,1452
104494,132,2,0,15360
104498,36,3,1,11712
104510,336,2,0,7008
104514,132,2,0,10560
104526,96,3,1,16248
104530,156,2,0,22464
104542,360,3,0,1296
104546,684,3,0,456
104558,84,2,0,10560
104562,48,3,-1,3288
104574,204,2,0,11664
104578,288,2,0,5856
104590,216,3,-1,7224
104594,72,2,0,10128
104606,372,3,0,8160
104610,348,3,0,5760
104626,48,3,1,9216
104638,216,2,0,11712
104642,180,2,0,14592
104654,108,3,1,780
104658,72,2,0,13992
104670,552,4,1,6210
104674,324,6,1,1344
104686,144,2,0,8640
104690,120,3,-1,900
104702,132,2,0,12000
104706,204,2,0,10272
104718,60,3,-1,3168
104722,84,2,0,5664
104734,396,4,0,3024
104738,408,4,1,6096
104750,84,2,0,12672
104754,120,3,1,2640
104766,96,2,0,7104
104770,180,2,0,18912
104782,72,3,1,14160
104786,120,2,0,14208
104798,480,3,0,3024
104802,156,3,0,4272
104814,48,2,0,8160
104818,36,3,-1,2880
104830,420,2,0,6432
104834,324,2,0,6912
104846,96,3,-1,864
104850,60,2,0,12888
104862,216,3,0,3552
104866,648,3,0,2400
104878,48,2,0,11808
104882,36,3,1,10848
104894,348,2,0,1536
104898,96,2,0,6816
104910,156,3,1,14130
104914,192,2,0,17088
104926,276,4,-1,1872
104930,672,5,-1,1728
104942,144,2,0,816
104946,120,3,-1,744
104958,72,2,0,9312
104962,72,2,0,10800
104974,168,3,-1,144
104978,168,2,0,3768
104990,600,5,1,3588
104994,456,4,-1,2304
105006,84,2,0,13248
105010,84,3,1,7224
105022,216,2,0,14256
105026,192,2,0,16416
105038,72,3,1,912
105042,96,2,0,6312
105054,300,3,0,1248
105058,384,3,0,6528
105070,84,2,0,15336
105074,144,3,-1,4848
105086,168,2,0,3072
105090,252,2,0,14088
105102,96,3,-1,2736
105106,228,2,0,18432
105118,756,3,0,4464
105122,360,3,0,72
105134,120,2,0,18432
105138,192,3,1,1224
105150,264,2,0,14928
105154,408,2,0,1152
105166,60,3,1,12576
105170,96,2,0,2688
105182,288,4,1,4968
105198,60,2,0,7872
105202,72,3,-1,4908
105214,240,2,0,13536
105218,168,2,0,10080
105230,156,3,-1,2880
105234,48,2,0,8160
105246,456,7,1,108
105250,852,4,1,10704
105262,96,2,0,1608
105266,204,3,1,8760
105278,180,2,0,10080
105282,108,2,0,8736
105294,48,3,1,8604
105298,48,2,0,2220
105310,504,3,0,9984
105314,240,3,0,5184
105326,84,2,0,12864
105330,96,3,-1,4896
105342,96,2,0,816
105346,240,2,0,3552
105358,48,3,-1,4128
105362,84,2,0,13440
105378,264,3,0,4128
105390,144,2,0,15408
105394,72,3,1,10272
105406,264,2,0,3264
105410,300,2,0,4320
105422,96,3,1,12864
105426,84,2,0,12192
105438,180,4,-1,1404
105442,648,4,0,1872
105454,96,2,0,2160
105458,48,3,-1,3600
105470,300,2,0,21120
105474,192,2,0,11136
105486,36,3,-1,2916
105490,84,2,0,15768
105502,528,4,0,288
105506,348,4,-1,1728
105518,72,2,0,2448
105522,72,3,1,36
105534,96,2,0,13680
105538,336,2,0,19152
105550,180,3,1,8208
105554,156,2,0,1440
105566,420,3,0,8832
105570,324,3,0,576
105582,60,2,0,13332
105586,168,3,-1,108
105598,156,2,0,10872
105602,276,2,0,13824
105614,132,3,-1,4896
105618,60,2,0,11088
105630,312,3,0,372
105634,228,3,0,5280
105646,192,2,0,4032
105650,72,3,1,16992
105662,300,2,0,1500
105666,252,2,0,10704
105678,36,3,1,8400
105682,36,2,0,11520
105694,528,4,1,2040
105698,588,5,0,816
105710,72,2,0,14400
105714,60,3,-1,3792
105726,204,2,0,1680
105730,312,2,0,4704
105742,168,3,-1,4272
105746,96,2,0,1608
105758,432,4,0,384
105762,432,4,1,5712
105774,108,2,0,10848
105778,120,3,1,13584
105790,276,2,0,16416
105794,336,2,0,16704
105806,180,3,1,7896
105810,48,2,0,14400
105822,240,3,0,4272
105826,348,3,0,5184
105838,132,2,0,3504
105842,144,3,-1,1200
105854,192,2,0,2880
105858,96,2,0,6816
105870,48,3,-1,3876
105874,192,2,0,8064
105886,372,3,0,6048
105890,576,3,0,12480
105902,72,2,0,11232
105906,72,3,1,9468
105918,156,2,0,576
105922,156,2,0,1296
105934,132,3,1,13776
105950,648,4,-1,816
105954,516,5,1,75
105966,12,2,0,8064
105970,132,3,-1,6576
105982,168,2,0,4704
105986,204,2,0,144
105998,120,3,-1,3360
106002,96,2,0,9636
106014,468,5,-1,1260
106018,336,4,-1,36
106030,120,2,0,14976
106034,96,3,1,15264
106046,204,2,0,2376
106050,132,2,0,9696
106062,48,3,1,8664
106066,84,2,0,16800
106078,204,3,0,192
106082,300,3,0,5568
106094,120,2,0,4992
106098,96,3,-1,3060
106110,216,2,0,12144
106114,228,2,0,16032
106130,84,2,0,7176
106142,288,3,0,6720
106146,312,3,0,1104
106158,72,2,0,8712
106162,108,3,1,2592
106174,360,2,0,16896
106178,168,2,0,12720
106190,120,3,1,17208
106194,60,2,0,8304
106206,396,4,1,5472
106210,648,4,0,5328
106222,60,2,0,8568
106226,156,3,-1,6624
106238,204,2,0,4656
106242,96,2,0,8160
106254,180,3,-1,828
106258,60,2,0,12288
106270,900,5,0,540
106274,552,4,1,1428
106286,60,2,0,15360
106290,48,3,1,10248
106302,108,2,0,7920
106306,312,2,0,7464
106318,120,3,1,14328
106322,144,2,0,17568
106334,252,3,0,5520
106338,192,3,0,4992
106350,108,2,0,18624
106354,132,3,-1,960
106366,264,2,0,22848
106370,228,2,0,14592
106382,84,3,-1,792
106386,48,2,0,9600
106398,264,3,0,4320
106402,312,3,0,6912
106414,156,2,0,4704
106418,84,3,1,3756
106430,348,2,0,20640
106434,228,2,0,14496
106446,108,3,1,2208
106450,192,2,0,7968
106462,348,4,-1,2448
106466,240,4,0,2304
106478,144,2,0,19536
106482,144,3,-1,3336
106494,96,2,0,7488
106498,156,2,0,10296
106510,108,3,-1,564
106514,72,2,0,13056
106526,624,4,0,1200
106530,348,4,-1,1872
106542,84,2,0,1584
106546,120,3,1,2616
106558,216,2,0,1152
106562,288,2,0,4128
106574,84,3,1,15648
106578,48,2,0,6672
106590,288,3,0,6624
106594,456,3,0,1920
106606,96,2,0,10464
106610,96,3,-1,5280
106622,180,2,0,12096
106626,192,2,0,13248
106638,60,3,-1,2724
106642,48,2,0,10656
106654,564,3,0,2064
106658,564,3,0,9192
106670,192,2,0,7488
106674,120,3,1,13728
106686,168,2,0,11808
106702,108,3,1,3372
106706,180,2,0,576
106718,420,4,1,4800
106722,276,5,0,864
106734,60,2,0,9216
106738,156,3,-1,240
106750,180,2,0,18720
106754,156,2,0,2016
106766,84,3,-1,3648
106770,168,2,0,15240
106782,336,4,0,2064
106786,624,4,1,12
106798,72,2,0,12864
106802,60,3,1,10656
106814,312,2,0,4896
106818,132,2,0,8832
106830,60,3,1,13572
106834,108,2,0,12096
106846,684,3,0,744
106850,648,3,0,3360
106862,108,2,0,9480
106866,48,3,-1,2688
106882,300,2,0,1104
106894,144,3,-1,5136
106898,36,2,0,12720
106910,636,3,0,10992
106914,192,3,0,4560
106926,72,2,0,10704
106930,96,3,1,22176
106942,96,2,0,8064
106946,348,2,0,3840
106958,108,3,1,864
106962,48,2,0,252
106974,276,4,-1,144
106978,372,5,-1,780
106990,132,2,0,7008
106994,144,3,-1,2256
107006,192,2,0,15168
107010,300,2,0,19080
107022,72,3,-1,3672
107026,120,2,0,3072
107038,360,5,1,2688
107042,300,4,-1,1920
107054,108,2,0,3384
107058,24,3,1,9312
107070,156,2,0,10944
107074,300,2,0,1056
107086,96,3,1,15168
107090,132,2,0,12768
107102,552,3,0,2760
107106,228,3,0,5040
107118,24,2,0,5568
107122,60,3,-1,4512
107134,324,2,0,4824
107138,156,2,0,2928
107150,120,3,-1,5568
107154,120,2,0,2544
107166,372,3,0,7056
107170,336,3,0,3528
107182,72,2,0,11328
107186,96,3,1,14640
107198,192,2,0,9408
107202,72,2,0,7632
107214,36,3,1,8832
107218,72,2,0,12288
107230,696,4,1,9360
107234,432,4,0,3840
107246,204,2,0,780
107250,72,3,-1,3636
107262,144,2,0,10800
107266,180,2,0,12864
107278,60,3,-1,1608
107282,168,2,0,144
107294,552,5,0,288
107298,228,4,1,4464
107310,120,2,0,10800
107314,108,3,1,4704
107326,216,2,0,1920
107330,276,2,0,16128
107342,72,3,1,9780
107346,72,2,0,3072
107358,468,3,0,6576
107362,396,3,0,7008
107374,180,2,0,17664
107378,96,3,-1,4200
107390,216,2,0,4464
107394,180,2,0,7296
107406,72,3,-1,4560
107410,96,2,0,12864
107422,492,3,0,1920
107426,444,3,0,3528
107438,120,2,0,1488
107454,144,2,0,1344
107458,276,2,0,312
107470,144,3,1,19584
107474,72,2,0,13440
107486,312,4,-1,2304
107490,588,4,0,672
107502,60,2,0,7200
107506,120,3,-1,3840
107518,192,2,0,13248
107522,108,2,0,1320
107534,96,3,-1,2232
107538,96,2,0,8544
107550,384,4,0,2784
107554,696,4,-1,720
107566,132,2,0,2712
107570,168,3,1,5760
107582,96,2,0,15264
107586,84,2,0,7728
107598,108,3,1,984
107602,96,2,0,4608
107614,348,3,0,5664
107618,264,3,0,4896
107634,36,3,-1,4032
107646,252,2,0,468
107650,240,2,0,15360
107662,72,3,-1,3312
107666,168,2,0,19584
107678,300,3,0,1056
107682,216,3,0,4320
107694,156,2,0,11616
107698,60,3,1,11940
107710,432,2,0,10152
107714,360,2,0,4800
107726,96,3,1,11424
107730,96,2,0,10032
107742,252,4,1,4704
107746,624,7,-1,16
107758,96,2,0,9120
107762,72,3,-1,2940
107774,204,2,0,13824
107778,60,2,0,8688
107790,36,3,-1,60
107794,156,2,0,17184
107806,420,4,0,3648
107810,408,4,1,6048
107822,180,2,0,4992
107826,84,3,1,10368
107838,156,2,0,8184
107842,168,2,0,12480
107854,156,3,1,240
107858,84,2,0,5568
107870,300,3,0,8424
107874,312,3,0,4800
107886,108,2,0,9216
107890,216,3,-1,1920
107902,144,2,0,9576
107906,264,2,0,22272
107918,132,3,-1,5664
107922,72,2,0,600
107934,468,3,0,7488
107938,276,3,0,4944
107950,180,2,0,19200
107954,84,3,1,1656
107966,240,2,0,6528
107970,240,2,0,14640
107982,96,3,1,6240
107986,144,2,0,13536
107998,588,4,-1,564
108002,852,5,1,1068
108014,72,2,0,11808
108018,108,3,-1,4428
108030,168,2,0,13512
108034,180,2,0,4560
108046,156,3,-1,72
108050,108,2,0,16992
108062,516,5,-1,1140
108066,444,4,-1,1920
108078,84,2,0,1440
108082,84,3,1,11808
108094,156,2,0,11520
108098,132,2,0,10176
108110,204,3,1,804
108114,72,2,0,12672
108126,240,3,0,4608
108130,480,3,0,8376
108142,216,2,0,9288
108146,84,3,-1,240
108158,144,2,0,8952
108162,84,2,0,7872
108174,84,3,-1,3144
108178,192,2,0,2700
108190,408,3,0,7488
108206,48,2,0,12576
108210,72,3,1,8808
108222,156,2,0,9216
108226,228,2,0,15888
108238,48,3,1,10896
108242,168,2,0,13848
108254,1068,4,1,156
108258,252,4,0,2592
108270,168,2,0,19404
108274,108,3,-1,48
108286,240,2,0,4512
108290,456,2,0,9936
108302,48,3,-1,3840
108306,120,2,0,1776
108318,228,6,1,864
108322,540,4,1,1368
108334,84,2,0,14592
108338,96,3,1,13632
108350,312,2,0,15552
108354,120,2,0,2160
108366,72,3,1,10416
108370,132,2,0,14832
108386,444,3,0,6816
108398,180,2,0,4644
108402,24,3,-1,2772
108414,72,2,0,11808
108418,108,2,0,11232
108430,120,3,-1,1080
108434,108,2,0,2832
108446,504,3,0,1728
108450,480,3,0,9096
108462,24,2,0,10560
108466,216,3,1,7248
108478,228,2,0,16416
108482,132,2,0,8832
108494,144,3,1,13296
108498,120,2,0,8496
108510,312,4,-1,1638
108514,396,4,0,3264
108526,180,2,0,15456
108530,96,3,-1,7536
108542,228,2,0,2880
108546,168,2,0,1632
108558,48,3,-1,3264
108562,72,2,0,11424
108574,384,4,0,1632
108578,408,4,-1,276
108590,120,2,0,1104
108594,96,3,1,11616
108606,132,2,0,11040
108610,420,2,0,9120
108622,48,3,1,9168
108626,84,2,0,9984
108638,336,3,0,6528
108642,216,3,0,3936
108654,96,2,0,3120
108658,84,3,-1,2496
108670,300,2,0,16128
108674,180,2,0,16416
108686,96,3,-1,1392
108690,120,2,0,14784
108702,132,3,0,4104
108706,408,3,0,7392
108718,180,2,0,3312
108722,108,3,1,444
108734,72,2,0,12000
108738,96,2,0,6912
108750,144,3,1,16728
108754,132,2,0,528
108766,624,4,1,7776
108770,612,6,-1,624
108782,144,2,0,10080
108786,96,3,-1,5148
108798,84,2,0,7440
108802,276,2,0,16512
108814,144,3,-1,5760
108818,84,2,0,10560
108830,960,4,0,3240
108834,360,4,1,5280
108846,84,2,0,2016
108850,72,3,1,12840
108862,372,2,0,432
108866,180,2,0,3072
108878,48,3,1,9840
108882,72,2,0,11448
108894,360,3,0,624
108898,516,3,0,2808
108910,144,2,0,1368
108914,144,3,-1,6168
108926,204,2,0,14976
108930,84,2,0,9600
108942,60,3,-1,3312
108958,276,3,0,5304
108962,420,3,0,5280
108974,120,2,0,3024
108978,60,3,1,9696
108990,132,2,0,11880
108994,288,2,0,10512
109006,168,3,1,8256
109010,276,2,0,8448
109022,240,4,-1,1344
109026,372,5,-1,840
109038,72,2,0,10248
109042,72,3,-1,888
109054,324,2,0,4512
109058,132,2,0,1584
109070,120,3,-1,5544
109074,96,2,0,8448
109086,444,5,1,2976
109090,504,4,-1,336
109102,96,2,0,11328
109106,144,3,1,14880
109118,180,2,0,4656
109122,228,2,0,13944
109138,72,2,0,15264
109150,732,3,0,1560
109154,612,3,0,876
109166,204,2,0,19584
109170,96,3,-1,3540
109182,132,2,0,9648
109186,240,2,0,2688
109198,72,3,-1,3360
109202,48,2,0,8832
109214,276,3,0,5760
109218,240,3,0,4464
109230,72,2,0,9120
109234,156,3,1,19296
109246,204,2,0,2112
109250,300,2,0,20448
109262,192,3,1,8880
109266,60,2,0,7200
109278,312,4,1,5856
109282,312,4,0,3072
109294,120,2,0,3648
109298,60,3,-1,960
109310,216,2,0,18336
109314,180,2,0,10560
109326,36,3,-1,2280
109330,264,2,0,10656
109342,324,7,0,360
109346,600,4,1,1704
109358,84,2,0,12192
109362,36,3,1,8226
109374,276,2,0,1200
109378,216,2,0,10752
109390,120,3,1,17352
109394,48,2,0,1152
109406,372,3,0,1224
109410,468,3,0,6144
109422,36,2,0,7680
109426,72,3,-1,5568
109438,264,2,0,5568
109442,240,2,0,3576
109454,144,3,-1,48
109458,12,2,0,7620
109470,276,3,0,6672
109474,504,3,0,816
109486,144,2,0,14976
109490,96,3,1,19104
109502,156,2,0,11232
109506,120,2,0,11712
109518,60,3,1,8208
109522,36,2,0,9792
109534,456,4,-1,2592
109538,288,4,0,3072
109550,108,2,0,2448
109554,60,3,-1,624
109566,180,2,0,10608
109570,192,2,0,21120
109582,192,3,-1,1200
109586,216,2,0,8856
109598,552,4,0,3576
109602,240,4,-1,1308
109614,108,2,0,14880
109618,96,3,1,2736
109630,228,2,0,17856
109634,96,2,0,9984
109646,120,3,1,312
109650,144,2,0,17640
109662,156,3,0,3744
109666,216,3,0,5952
109678,72,2,0,1824
109682,144,3,-1,4608
109694,336,2,0,7296
109710,84,3,-1,5136
109714,60,2,0,12048
109726,552,3,0,2256
109730,684,3,0,1824
109742,96,2,0,11232
109746,72,3,1,1824
109758,60,2,0,7488
109762,228,2,0,7344
109774,84,3,1,11712
109778,84,2,0,10752
109790,852,4,1,11040
109794,372,5,0,1440
109806,72,2,0,12144
109810,108,3,-1,5472
109822,276,2,0,14208
109826,204,2,0,12480
109838,60,3,-1,912
109842,96,2,0,1692
109854,252,4,0,96
109858,336,4,1,528
109870,312,2,0,9528
109874,180,3,1,126
109890,168,2,0,11592
109902,60,3,1,10656
109906,120,2,0,4032
109918,228,3,0,4512
109922,432,3,0,9408
109934,132,2,0,13824
109938,24,3,-1,2352
109950,120,2,0,11688
109954,264,2,0,3264
109966,96,3,-1,3840
109970,144,2,0,14400
109982,516,3,0,2208
109986,312,3,0,4608
109998,84,2,0,11424
110002,48,3,1,10800
110014,192,2,0,3456
110018,204,2,0,7584
110030,96,3,1,11808
110034,48,2,0,672
110046,408,4,-1,348
110050,600,5,1,852
110062,108,2,0,14640
110066,132,3,-1,4416
110078,168,2,0,12480
110082,60,2,0,5952
110094,84,3,-1,3600
110098,36,2,0,10656
110110,216,5,-1,1104
110114,384,4,-1,2016
110126,228,2,0,7488
110130,168,3,1,15792
110142,132,2,0,7392
110146,192,2,0,480
110158,108,3,1,3534
110162,144,2,0,2544
110174,504,3,0,9408
110178,360,3,0,72
110190,84,2,0,9288
110194,144,3,-1,2736
110206,300,2,0,14400
110210,120,2,0,13536
110222,48,3,-1,3996
110226,48,2,0,8736
110238,240,3,0,5136
110242,168,3,0,5496
110254,84,2,0,96
110258,84,3,1,13440
110270,360,2,0,4752
110274,144,2,0,11568
110286,120,3,1,12960
110290,108,2,0,16128
110302,498,4,1,180
110306,696,4,0,1152
110318,108,2,0,11136
110322,36,3,-1,2736
110334,96,2,0,8208
110338,300,2,0,4128
110350,132,3,-1,8544
110354,180,2,0,4032
110366,312,5,0,1584
110370,468,4,1,8460
110382,48,2,0,204
110386,48,3,1,11520
110398,276,2,0,13440
110402,84,2,0,11424
110414,228,3,1,4800
110418,96,2,0,7056
110430,384,3,0,888
110434,300,3,0,6912
110446,120,2,0,312
110462,168,2,0,1272
110466,228,2,0,13488
110478,48,3,-1,2286
110482,96,2,0,4296
110494,540,3,0,9408
110498,348,3,0,5952
110510,132,2,0,22800
110514,36,3,1,8736
110526,120,2,0,10176
110530,180,2,0,13632
110542,48,3,1,624
110546,108,2,0,2160
110558,540,4,-1,1008
110562,144,4,0,1440
110574,60,2,0,10416
110578,84,3,-1,5556
110590,156,2,0,3744
110594,204,2,0,4704
110606,132,3,-1,5616
110610,132,2,0,13440
110622,276,4,0,2160
110626,780,4,-1,168
110642,96,3,1,10632
110654,144,2,0,3168
110658,180,2,0,1512
110670,120,3,1,11232
110674,36,2,0,11808
110686,420,3,0,7488
110690,600,3,0,10656
110702,132,2,0,3360
110706,132,3,-1,4608
110718,288,2,0,12384
110722,168,2,0,9216
110734,168,3,-1,2904
110738,192,2,0,3552
110750,456,3,0,504
110754,180,3,0,600
110766,48,2,0,10944
110770,156,3,1,1440
110782,228,2,0,12384
110786,168,2,0,10560
110798,48,3,1,9216
110802,60,2,0,10368
110814,180,4,1,3456
110818,432,5,0,1824
110830,144,2,0,22944
110834,72,3,-1,4008
110846,408,2,0,36
110850,108,2,0,11472
110862,24,3,-1,2124
110866,108,2,0,11520
110878,396,4,0,912
110882,792,4,1,3552
110894,48,2,0,11520
110898,108,3,1,528
110910,132,2,0,15552
110914,240,2,0,3264
110926,108,3,1,13824
110930,192,2,0,20736
110942,348,3,0,9408
110946,264,3,0,1176
110958,84,2,0,10752
110962,60,3,-1,4896
110974,96,2,0,11520
110978,204,2,0,768
110990,216,3,-1,2736
110994,36,2,0,10944
111006,240,3,0,3456
111010,324,3,0,9120
111022,108,2,0,2496
111026,156,3,1,2988
111038,192,2,0,11544
111042,168,2,0,10944
111054,108,3,1,3672
111058,120,2,0,4272
111070,576,4,-1,2976
111074,504,5,-1,1056
111086,72,2,0,10560
111090,84,3,-1,3960
111102,204,2,0,10368
111106,180,2,0,14784
111118,36,3,-1,3912
111122,96,2,0,8640
111134,636,5,1,864
111138,288,4,-1,1656
111150,72,2,0,12336
111154,120,3,1,3600
111166,252,2,0,6480
111170,456,2,0,2256
111182,96,3,1,90
111186,84,2,0,14208
111198,216,3,0,2736
111214,204,2,0,2976
111218,72,3,-1,3744
111230,156,2,0,12096
111234,72,2,0,11976
111246,144,3,-1,72
111250,204,2,0,21888
111262,372,3,0,5664
111266,252,3,0,7680
111278,132,2,0,4416
111282,48,3,1,7524
111294,180,2,0,13920
111298,312,2,0,12288
111310,204,3,1,564
111314,192,2,0,6960
111326,456,4,1,6816
111330,288,4,0,240
111342,96,2,0,8064
111346,144,3,-1,240
111358,144,2,0,9888
111362,228,2,0,12456
111374,72,3,-1,3744
111378,36,2,0,7776
111394,288,4,1,5184
111406,168,2,0,480
111410,192,3,1,216
111422,192,2,0,4800
111426,132,2,0,672
111438,72,3,1,7752
111442,144,2,0,2112
111454,792,3,0,336
111458,324,3,0,864
111470,252,2,0,18048
111474,120,3,-1,3036
111486,132,2,0,11184
111490,300,2,0,9336
111502,48,3,-1,3312
111506,48,2,0,14592
111518,288,3,0,6792
111522,396,3,0,5064
111534,120,2,0,10032
111538,72,3,1,12300
111550,252,2,0,14400
111554,288,2,0,3984
111566,84,3,1,3564
111570,72,2,0,9432
111582,228,4,-1,1536
111586,732,4,0,5952
111598,144,2,0,5328
111602,144,3,-1,1944
111614,216,2,0,15648
111618,60,2,0,7032
111630,156,3,-1,6048
111634,120,2,0,4032
111646,540,4,0,648
111650,504,4,-1,3024
111662,60,2,0,9984
111666,24,3,1,9792
111678,120,2,0,6912
111682,144,2,0,10368
111694,60,3,1,11136
111698,108,2,0,1008
111710,456,3,0,2160
111714,552,3,0,8352
111726,120,2,0,13488
111730,96,3,-1,4800
111742,252,2,0,1104
111746,384,2,0,984
111758,48,3,-1,3888
111762,60,2,0,7020
111774,300,3,0,4944
111778,444,3,0,1728
111790,108,2,0,17568
111794,84,3,1,1632
111806,336,2,0,15552
111810,228,2,0,12672
111822,36,3,1,8064
111826,36,2,0,15456
111838,504,4,1,6144
111842,384,6,0,576
111854,108,2,0,1104
111858,72,3,-1,3360
111870,276,2,0,528
111874,276,2,0,15360
111886,132,3,-1,1248
111890,156,2,0,4032
111902,288,4,0,2688
111906,240,4,1,3612
111918,24,2,0,9600
111922,96,3,1,6690
111934,240,2,0,480
111938,192,2,0,16080
111950,168,3,1,20628
111966,324,3,0,5040
111970,420,3,0,8064
111982,96,2,0,12504
111986,120,3,-1,3336
111998,180,2,0,504
112002,60,2,0,7296
112014,60,3,-1,3072
112018,24,2,0,8112
112030,816,3,0,600
112034,480,3,0,2496
112046,60,2,0,1776
112050,132,3,1,19680
112062,180,2,0,8976
112066,312,2,0,2304
112078,72,3,1,15744
112082,72,2,0,8352
112094,504,4,-1,36
112098,180,5,1,1968
112110,108,2,0,12936
112114,132,3,-1,4800
112126,156,2,0,10080
112130,360,2,0,20424
112146,84,2,0,3168
112158,252,5,-1,684
112162,432,4,-1,1968
112174,120,2,0,4992
112178,60,3,1,3780
112190,360,2,0,23904
112194,168,2,0,1272
112206,96,3,1,8136
112210,60,2,0,4200
112222,180,3,0,6336
112226,576,3,0,1536
112238,48,2,0,8448
112242,72,3,-1,2832
112254,144,2,0,2064
112258,216,2,0,16128
112270,108,3,-1,4620
112274,72,2,0,16128
112286,876,3,0,4488
112290,192,3,0,5568
112302,72,2,0,9384
112306,144,3,1,12480
112318,144,2,0,2232
112322,108,2,0,2376
112334,144,3,1,18048
112338,60,2,0,9264
112350,348,4,1,5064
112354,900,4,0,84
112366,108,2,0,12864
112370,180,3,-1,5904
112382,120,2,0,9792
112386,108,2,0,10464
112398,60,3,-1,2952
112402,48,2,0,10368
112414,684,6,-1,720
112418,492,4,1,6624
112430,228,2,0,5184
112434,48,3,1,10224
112446,240,2,0,2400
112450,192,2,0,14736
112462,168,3,1,4860
112466,264,2,0,2640
112478,276,3,0,4608
112482,408,3,0,8448
112494,60,2,0,7920
112498,84,3,-1,1248
112510,408,2,0,26640
112514,168,2,0,8640
112526,120,3,-1,6960
112530,48,2,0,12672
112542,192,3,0,3648
112546,336,3,0,816
112558,60,2,0,11424
112562,72,3,1,11856
112574,240,2,0,4320
112578,144,2,0,7848
112590,96,3,1,10488
112594,96,2,0,192
112606,756,4,-1,16
112610,564,4,0,1896
112622,144,2,0,14400
112626,96,3,-1,3384
112638,96,2,0,9696
112642,288,2,0,3504
112654,144,3,-1,696
112658,36,2,0,12024
112670,444,4,0,2736
112674,264,4,-1,1728
112686,60,2,0,10128
112690,156,3,1,14976
112702,168,2,0,16128
112718,132,3,1,5736
112722,48,2,0,8568
112734,324,3,0,5712
112738,300,3,0,4464
112750,96,2,0,4272
112754,204,3,-1,252
112766,84,2,0,8160
112770,204,2,0,12480
112782,84,3,-1,45
112786,84,2,0,6336
112798,372,3,0,6048
112802,372,3,0,4752
112814,120,2,0,2880
112818,84,3,1,9528
112830,144,2,0,11760
112834,288,2,0,20208
112846,132,3,1,4848
112850,36,2,0,15552
112862,660,4,1,1596
112866,300,6,1,1344
112878,72,2,0,8712
112882,120,3,-1,2880
112898,216,2,0,4032
112910,96,3,-1,4344
112914,48,2,0,9024
112926,240,4,0,24
112930,1008,4,1,3852
112942,48,2,0,8640
112946,192,3,1,4116
112958,108,2,0,10848
112962,192,2,0,10440
112974,108,3,1,13728
112978,96,2,0,1440
112990,492,3,0,8928
112994,336,3,0,5472
113006,96,2,0,336
113010,120,3,-1,516
113022,72,2,0,6804
113026,228,2,0,12096
113038,120,3,-1,672
113042,168,2,0,7728
113054,420,3,0,1584
113058,228,3,0,5040
113070,84,2,0,14208
113074,156,3,1,3360
113086,240,2,0,16416
113090,264,2,0,16128
113102,84,3,1,10296
113106,60,2,0,7680
113118,420,4,-1,1548
113122,276,5,-1,888
113134,36,2,0,12672
113138,144,3,-1,3528
113150,420,2,0,9648
113154,264,2,0,2976
113166,96,3,-1,3984
113170,264,2,0,24624
113182,456,5,1,594
113186,492,4,-1,636
113198,72,2,0,12336
113202,72,3,1,7056
113214,84,2,0,8928
113218,192,2,0,4416
113230,120,3,1,20352
113234,120,2,0,12960
113246,336,3,0,96
113250,312,3,0,5136
113262,84,2,0,9600
113266,108,3,-1,672
113278,132,2,0,9888
113282,180,2,0,13824
113294,144,3,-1,1212
113298,60,2,0,7680
113310,384,3,0,7440
113314,312,3,0,6336
113326,132,2,0,6720
113330,84,3,1,4320
113342,228,2,0,15936
113346,216,2,0,2688
113358,12,3,1,6648
113362,96,2,0,1152
113374,312,4,1,5040
113378,360,4,0,3024
113390,96,2,0,18048
113394,84,3,-1,3900
113406,228,2,0,14784
113410,204,2,0,14496
113422,72,3,-1,5280
113426,48,2,0,13344
113438,540,6,0,120
113442,264,4,1,3768
113454,120,2,0,4
113470,300,2,0,5280
113474,228,2,0,6336
113486,72,3,1,11904
113490,96,2,0,15108
113502,168,3,0,3960
113506,396,3,0,1872
113518,180,2,0,13536
113522,120,3,-1,3744
113534,300,2,0,19200
113538,96,2,0,8640
113550,108,3,-1,3900
113554,60,2,0,2448
113566,312,3,0,912
113570,564,3,0,9696
113582,96,2,0,4404
113586,72,3,1,10368
113598,108,2,0,1104
113602,168,2,0,11280
113614,108,3,1,3132
113618,240,2,0,3600
113630,588,4,-1,3312
113634,312,4,0,2352
113650,204,3,-1,2976
113662,96,2,0,8448
113666,168,2,0,11520
113678,84,3,-1,4416
113682,36,2,0,480
113694,348,4,0,2712
113698,540,4,-1,2460
113710,156,2,0,17664
113714,72,3,1,15072
113726,216,2,0,2496
113730,264,2,0,1344
113742,84,3,1,11202
113746,132,2,0,2016
113758,708,3,0,4200
113762,240,3,0,48
113774,120,2,0,14976
113778,120,3,-1,2196
113790,96,2,0,11520
113794,360,2,0,768
113806,60,3,-1,3120
113810,132,2,0,15264
113822,288,3,0,6048
113826,324,3,0,6120
113838,48,2,0,6336
113842,84,3,1,12264
113854,324,2,0,4032
113858,168,2,0,8160
113870,276,3,1,6744
113874,84,2,0,11808
113886,276,4,1,4752
113890,744,5,0,2592
113902,36,2,0,3552
113906,204,3,-1,2592
113918,120,2,0,10944
113922,12,2,0,7512
113934,60,3,-1,3552
113938,84,2,0,3312
113950,312,4,0,3648
113954,780,4,1,1320
113966,72,2,0,18480
113970,84,3,1,10536
113982,180,2,0,8352
113986,228,2,0,576
113998,60,3,1,9768
114002,72,2,0,15408
114014,420,3,0,2976
114018,168,3,0,3648
114030,36,2,0,14088
114034,36,3,-1,3216
114046,324,2,0,768
114050,432,2,0,5544
114062,180,3,-1,3312
114066,132,2,0,13536
114078,216,3,0,5376
114082,576,3,0,2784
114094,144,2,0,23424
114098,36,3,1,8400
114110,168,2,0,11856
114114,96,2,0,9696
114126,24,3,1,8832
114130,228,2,0,1536
114142,216,4,-1,1080
114146,660,5,1,672
114158,60,2,0,3096
114162,36,3,-1,3210
114174,132,2,0,9216
114178,96,2,0,14736
114190,168,3,-1,2664
114194,36,2,0,3168
114206,816,5,-1,1656
114222,36,2,0,7752
114226,216,3,1,5088
114238,144,2,0,10800
114242,192,2,0,13440
114254,96,3,1,2064
114258,60,2,0,7392
114270,540,3,0,8760
114274,432,3,0,7488
114286,60,2,0,10560
114290,120,3,-1,6648
114302,216,2,0,3840
114306,108,2,0,8784
114318,72,3,-1,3060
114322,84,2,0,13248
114334,336,3,0,144
114338,408,3,0,2328
114350,132,2,0,2352
114354,72,3,1,2544
114366,144,2,0,672
114370,168,2,0,2976
114382,108,3,1,1632
114386,156,2,0,15360
114402,336,4,0,2256
114414,72,2,0,10392
114418,108,3,-1,3936
114430,264,2,0,16800
114434,144,2,0,15552
114446,240,3,-1,516
114450,36,2,0,9696
114462,360,5,0,1536
114466,276,4,1,4512
114478,108,2,0,3048
114482,120,3,1,2244
114494,84,2,0,11520
114498,156,2,0,10800
114510,72,3,1,10848
114514,216,2,0,8640
114526,420,3,0,7392
114530,528,3,0,10848
114542,96,2,0,504
114546,108,3,-1,84
114558,84,2,0,6984
114562,96,2,0,9744
114574,144,3,-1,5376
114578,108,2,0,1728
114590,516,3,0,2088
114594,240,3,0,4800
114606,84,2,0,8352
114610,132,3,1,19200
114622,240,2,0,5472
114626,204,2,0,5568
114638,96,3,1,17616
114642,96,2,0,6924
114654,540,4,-1,516
114658,444,4,0,216
114670,168,2,0,13824
114674,24,3,-1,3168
114686,216,2,0,14400
114690,240,2,0,13440
114702,48,3,-1,2640
114706,120,2,0,12144
114718,456,4,0,288
114722,312,4,-1,1728
114734,132,2,0,1200
114738,48,3,1,9906
114750,132,2,0,15120
114754,300,2,0,2112
114766,96,3,1,4296
114770,180,2,0,9504
114782,300,3,0,5088
114786,348,3,0,5280
114798,96,2,0,8952
114802,96,3,-1,696
114814,216,2,0,11520
114818,192,2,0,8160
114830,144,3,-1,5088
114834,96,2,0,13584
114846,204,3,0,840
114850,516,3,0,10080
114862,180,2,0,17712
114866,108,3,1,12480
114878,384,2,0,336
114882,108,2,0,9696
114894,60,3,1,10752
114898,72,2,0,9408
114910,984,4,1,2664
114914,564,5,0,432
114926,120,2,0,13248
114930,96,3,-1,3852
114942,84,2,0,7104
114946,600,2,0,2304
114958,72,3,-1,3072
114974,552,4,0,4128
114978,402,4,1,57
114990,120,2,0,19152
114994,120,3,1,13344
115006,204,2,0,12960
115010,144,2,0,13920
115022,48,3,1,2400
115026,48,2,0,6912
115038,180,3,0,3168
115042,300,3,0,6840
115054,204,2,0,1368
115058,132,3,-1,600
115070,300,2,0,16992
115074,180,2,0,9576
115086,120,3,-1,4488
115090,120,2,0,4992
115102,372,3,0,7200
115106,384,3,0,192
115118,132,2,0,7200
115122,72,3,1,9066
115134,228,2,0,1488
115138,228,2,0,13440
115154,96,2,0,2352
115166,708,4,-1,8
115170,372,5,-1,1248
115182,36,2,0,720
115186,144,3,-1,6816
115198,216,2,0,4464
115202,240,2,0,360
115214,84,3,-1,4752
115218,108,2,0,10320
115230,360,5,1,114
115234,432,4,-1,528
115246,168,2,0,2688
115250,144,3,1,648
115262,156,2,0,12672
115266,132,2,0,9408
115278,84,3,1,9360
115282,156,2,0,13392
115294,336,3,0,6144
115298,360,3,0,192
115310,276,2,0,9120
115314,60,3,-1,3024
115326,108,2,0,12960
115330,264,2,0,3000
115342,120,3,-1,978
115346,84,2,0,552
115358,168,3,0,4896
115362,288,3,0,600
115374,84,2,0,8256
115378,96,3,1,4464
115390,204,2,0,432
115394,252,2,0,22848
115406,72,3,1,11928
115410,144,2,0,18264
115422,468,4,1,5208
115426,312,4,0,2592
115438,84,2,0,336
115442,36,3,-1,3552
115454,228,2,0,576
115458,144,2,0,8544
115470,72,3,-1,4368
115474,156,2,0,21600
115486,372,5,0,684
115490,624,4,1,2232
115502,60,2,0,11616
115506,72,3,1,8496
115518,180,2,0,11904
115522,228,2,0,3672
115534,120,3,1,15744
115538,96,2,0,9072
115550,576,3,0,9504
115554,372,3,0,1152
115566,84,2,0,9024
115570,132,3,-1,5244
115582,132,2,0,8256
115586,252,2,0,17088
115598,72,3,-1,1200
115602,144,2,0,9696
115614,336,3,0,5952
115618,204,3,0,4560
115630,228,2,0,1356
115634,216,3,1,9132
115646,348,2,0,2880
115650,168,2,0,9120
115662,96,3,1,8172
115666,156,2,0,384
115678,348,4,-1,2064
115682,384,4,0,2976
115694,144,2,0,17088
115698,48,3,-1,2304
115710,120,2,0,912
115726,96,3,-1,4608
115730,156,2,0,18000
115742,540,4,0,1320
115746,468,4,-1,456
115758,60,2,0,8664
115762,48,3,1,9984
115774,324,2,0,3456
115778,216,2,0,3648
115790,96,3,1,14556
115794,72,2,0,10176
115806,360,3,0,6048
115810,696,3,0,240
115822,60,2,0,10224
115826,156,3,-1,5184
115838,180,2,0,12480
115842,132,2,0,8256
115854,144,3,-1,612
115858,96,2,0,11904
115870,732,3,0,13152
115874,372,3,0,7536
115886,108,2,0,4032
115890,108,3,1,10512
115906,180,2,0,14304
115918,132,3,1,588
115922,84,2,0,3744
115934,312,4,1,5760
115938,432,6,0,528
115950,96,2,0,1920
115954,180,3,-1,162
115966,252,2,0,13056
115970,324,2,0,20064
115982,120,3,-1,4128
115986,60,2,0,9408
115998,408,4,0,2196
116002,372,4,1,5568
116014,60,2,0,9216
116018,96,3,1,10464
116030,504,2,0,768
116034,120,2,0,480
116046,72,3,1,1638
116050,144,2,0,14256
116062,312,3,0,2016
116066,528,3,0,3696
116078,60,2,0,11328
116082,60,3,-1,3132
116094,168,2,0,9264
116098,264,2,0,3312
116110,120,3,-1,6840
116114,60,2,0,1728
116126,468,3,0,6144
116130,228,3,0,5664
116142,84,2,0,10080
116146,132,3,1,336
116158,228,2,0,1080
116162,120,2,0,10608
116174,120,3,1,6912
116178,84,2,0,11856
116190,192,4,-1,1320
116194,600,5,1,3648
116206,108,2,0,3960
116210,132,3,-1,1344
116222,156,2,0,14832
116226,144,2,0,9312
116238,96,3,-1,2880
116242,72,2,0,3552
116254,432,5,-1,192
116258,264,4,-1,1728
116270,36,2,0,11352
116274,48,3,1,10056
116286,96,2,0,7968
116290,324,2,0,24000
116302,60,3,1,8640
116306,132,2,0,14016
116318,444,3,0,1704
116322,132,3,0,180
116334,132,2,0,13248
116338,60,3,-1,3936
116350,300,2,0,7968
116354,312,2,0,408
116366,84,3,-1,3840
116370,132,2,0,14592
116382,264,3,0,5184
116386,600,3,0,192
116398,84,2,0,11040
116402,96,3,1,15192
116414,264,2,0,10464
116418,120,2,0,9792
116430,96,3,1,16500
116434,60,2,0,14016
116446,492,4,1,1524
116450,576,4,0,4416
116462,96,2,0,2928
116478,96,2,0,7920
116482,216,2,0,10464
116494,84,3,-1,1440
116498,72,2,0,4500
116510,612,6,1,2016
116514,636,4,1,8724
116526,84,2,0,8160
116530,168,3,1,4860
116542,108,2,0,12000
116546,168,2,0,1680
116558,132,3,1,19428
116562,12,2,0,7680
116574,348,3,0,5280
116578,240,3,0,5184
116590,144,2,0,20352
116594,72,3,-1,3840
116606,288,2,0,5112
116610,192,2,0,15648
116622,108,3,-1,2616
116626,12,2,0,15360
116638,192,3,0,984
116642,492,3,0,1812
116658,12,3,1,288
116670,312,2,0,19968
116674,264,2,0,336
116686,84,3,1,13056
116690,108,2,0,16320
116702,264,4,-1,240
116706,432,4,0,3264
116718,108,2,0,5616
116722,72,3,-1,3696
116734,252,2,0,2304
116738,168,2,0,10560
116750,228,3,-1,1656
116754,96,2,0,1728
116766,300,4,0,3552
116770,492,4,-1,2112
116782,120,2,0,7296
116786,144,3,1,4608
116798,156,2,0,10080
116802,156,2,0,8400
116814,48,3,1,9576
116818,60,2,0,168
116830,372,3,0,7536
116834,288,3,0,384
116846,72,2,0,3456
116850,48,3,-1,5520
116862,84,2,0,8688
116866,324,2,0,17856
116878,36,3,-1,5160
116882,84,2,0,12816
116894,540,3,0,2208
116898,180,3,0,648
116910,144,2,0,9072
116914,84,3,1,10200
116926,276,2,0,2112
116930,456,2,0,1296
116942,60,3,1,8880
116946,60,2,0,2136
116958,276,4,1,3864
116962,492,6,-1,120
116974,120,2,0,12480
116978,96,3,-1,4224
116990,264,2,0,21264
116994,192,2,0,11136
117006,48,3,-1,3696
117010,108,2,0,14592
117022,432,4,0,2496
117026,528,4,1,6336
117038,132,2,0,6000
117042,48,3,1,8976
117054,228,2,0,1920
117058,108,2,0,11280
117070,204,3,1,4440
117074,156,2,0,3984
117086,348,3,0,6048
117090,384,3,0,6360
117102,144,2,0,9480
117106,132,3,-1,1908
117118,120,2,0,1056
117122,204,2,0,13440
117134,36,3,-1,2616
117138,72,2,0,720
117150,360,3,0,6672
117154,696,3,0,1776
117166,96,2,0,12672
117170,72,3,1,16152
117182,252,2,0,2976
117186,132,2,0,8592
117198,48,3,1,10572
117202,72,2,0,13344
117214,852,4,-1,1824
117230,144,2,0,16848
117234,36,3,-1,3936
117246,96,2,0,1512
117250,276,2,0,672
117262,96,3,-1,3648
117266,60,2,0,14976
117278,360,5,1,2436
117282,132,4,-1,864
117294,156,2,0,14016
117298,108,3,1,11952
117310,168,2,0,13920
117314,288,2,0,16992
117326,216,3,1,2136
117330,96,2,0,10272
117342,324,3,0,5568
117346,492,3,0,1824
117358,108,2,0,3840
117362,108,3,-1,1488
117374,168,2,0,13440
117378,180,2,0,8424
117390,12,3,-1,4344
117394,48,2,0,3072
117410,492,3,0,9216
117422,84,2,0,10560
117426,144,3,1,14688
117438,180,2,0,11400
117442,192,2,0,11160
117454,108,3,1,2292
117458,96,2,0,9792
117470,900,4,1,4596
117474,264,4,0,2208
117486,72,2,0,1368
117490,168,3,-1,6288
117502,180,2,0,2664
117506,216,2,0,2736
117518,24,3,-1,480
117522,48,2,0,9348
117534,324,6,0,432
117538,672,4,1,3222
117550,108,2,0,18048
117554,168,3,1,3024
117566,252,2,0,23904
117570,312,2,0,15840
117582,48,3,1,6348
117586,96,2,0,16032
117598,276,3,0,5088
117602,204,3,0,432
117614,132,2,0,2976
117618,96,3,-1,2808
117630,132,2,0,13200
117634,216,2,0,14976
117646,168,3,-1,60
117650,240,2,0,1752
117662,300,3,0,5952
117666,240,3,0,3840
117678,84,2,0,9216
117682,120,3,1,828
117694,192,2,0,11712
117698,120,2,0,9744
117710,132,3,1,21600
117714,72,2,0,1248
117726,264,4,-1,1524
117730,336,4,0,3360
117742,60,2,0,10656
117746,228,3,-1,1008
117758,144,2,0,48
117762,228,2,0,14112
117774,120,3,-1,4176
117778,84,2,0,192
117790,792,4,0,1608
117794,624,4,-1,1056
117806,60,2,0,13824
117810,48,3,1,11064
117822,60,2,0,7104
117826,276,2,0,3168
117838,120,3,1,8496
117842,96,2,0,9984
117854,372,3,0,1152
117858,336,3,0,5976
117870,96,2,0,9504
117874,120,3,-1,5568
117886,264,2,0,15552
117890,132,2,0,12864
117902,180,3,-1,3264
117906,48,2,0,7632
117918,276,3,0,4248
117922,384,3,0,6048
117934,168,2,0,3168
117938,84,3,1,3072
117950,204,2,0,12864
117954,144,2,0,1584
117966,72,3,1,10944
117982,468,4,1,7248
117986,456,5,0,1440
117998,108,2,0,13824
118002,48,3,-1,2340
118014,204,2,0,12624
118018,144,2,0,9120
118030,84,3,-1,4680
118034,192,2,0,16512
118046,696,4,0,168
118050,636,4,1,8256
118062,36,2,0,7056
118066,60,3,1,10512
118078,288,2,0,5760
118082,108,2,0,4032
118094,72,3,1,12384
118098,72,2,0,12048
118110,396,3,0,7056
118114,360,3,0,2112
118126,168,2,0,16320
118130,60,3,-1,5376
118142,120,2,0,11568
118146,204,2,0,1512
118162,36,2,0,9504
118174,408,3,0,6528
118178,276,3,0,5304
118190,156,2,0,4320
118194,108,3,1,11232
118206,108,2,0,7968
118210,372,2,0,26112
118222,168,3,1,1392
118226,144,2,0,7296
118238,360,4,-1,2256
118242,336,5,1,2016
118254,72,2,0,2160
118258,84,3,-1,708
118270,348,2,0,2640
118274,300,2,0,13344
118286,72,3,-1,3792
118290,48,2,0,11088
118302,336,5,-1,102
118306,612,4,-1,3648
118318,96,2,0,12912
118322,60,3,1,11376
118334,300,2,0,8328
118338,96,2,0,5136
118350,132,3,1,12864
118354,132,2,0,2304
118366,240,3,0,1056
118370,456,3,0,1920
118382,36,2,0,9696
118386,132,3,-1,4032
118398,180,2,0,7680
118402,240,2,0,5568
118414,120,3,-1,384
118418,228,2,0,11856
118430,324,3,0,8064
118434,288,3,0,5016
118446,168,2,0,3840
118450,72,3,1,13824
118462,192,2,0,11808
118466,312,2,0,2112
118478,96,3,1,1932
118482,60,2,0,7920
118494,468,4,1,5184
118498,420,4,0,384
118510,252,2,0,9576
118514,96,3,-1,1368
118526,180,2,0,15360
118530,204,2,0,15384
118542,108,3,-1,2178
118546,180,2,0,192
118558,372,5,0,1512
118562,312,4,1,5040
118574,84,2,0,12384
118578,60,3,1,9852
118590,156,2,0,1200
118594,204,2,0,11616
118606,144,3,1,18288
118610,84,2,0,15360
118622,216,3,0,432
118626,264,3,0,4104
118638,96,2,0,9360
118642,96,3,-1,4284
118654,168,2,0,864
118658,444,2,0,8016
118670,108,3,-1,7632
118674,60,2,0,8544
118686,444,3,0,6288
118690,540,3,0,2040
118702,108,2,0,9216
118706,24,3,1,10560
118718,180,2,0,11664
118734,60,3,1,7944
118738,156,2,0,12624
118750,384,4,-1,2376
118754,756,4,0,720
118766,132,2,0,5280
118770,120,3,-1,3888
118782,180,2,0,10944
118786,216,2,0,120
118798,132,3,-1,1032
118802,84,2,0,3456
118814,408,4,0,3360
118818,180,4,-1,1128
118830,60,2,0,12384
118834,156,3,1,5808
118846,204,2,0,3072
118850,192,2,0,13056
118862,96,3,1,1248
118866,156,2,0,14448
118878,252,3,0,4608
118882,228,3,0,5520
118894,96,2,0,288
118898,48,3,-1,3984
118914,228,2,0,12288
118926,36,3,-1,2544
118930,144,2,0,16608
118942,528,3,0,3432
118946,756,3,0,96
118958,96,2,0,10944
118962,48,3,1,6036
118974,144,2,0,9120
118978,240,2,0,3648
118990,72,3,1,14544
118994,132,2,0,15744
119006,432,4,1,7392
119010,312,5,0,1512
119022,60,2,0,10296
119026,144,3,-1,3840
119038,204,2,0,10272
119042,168,2,0,8064
119054,252,3,-1,6
119058,12,2,0,6888
119070,300,4,0,2736
119074,600,4,1,576
119086,168,2,0,672
119090,288,3,1,822
119102,192,2,0,8784
119106,216,2,0,15648
119118,72,3,1,7488
119122,132,2,0,2640
119134,360,3,0,8688
119138,312,3,0,6528
119150,168,2,0,17088
119154,48,3,-1,912
119166,252,2,0,9696
119170,240,2,0,19296
119182,84,3,-1,3192
119186,204,2,0,10560
119198,408,3,0,3360
119202,156,3,0,5292
119214,96,2,0,10368
119218,120,3,1,16392
119230,300,2,0,4992
119234,168,2,0,72
119246,228,3,1,2568
119250,96,2,0,1464
119262,156,4,-1,1056
119266,504,5,-1,444
119278,48,2,0,8736
119282,108,3,-1,684
119294,96,2,0,10752
119298,48,2,0,6048
119310,84,3,-1,3984
119314,108,2,0,17280
119326,504,5,1,3792
119330,660,4,-1,3696
119342,36,2,0,2544
119346,96,3,1,2940
119358,168,2,0,9600
119362,96,2,0,9696
119374,144,3,1,8136
119378,60,2,0,2784
119390,492,3,0,7824
119394,300,3,0,4608
119406,60,2,0,7968
119410,168,3,-1,2016
119422,216,2,0,11232
119426,276,2,0,17952
119438,72,3,-1,3024
119442,72,2,0,9828
119454,264,3,0,648
119458,276,3,0,5568
119470,144,2,0,22080
119486,168,2,0,4608
119490,84,2,0,10776
119502,132,3,1,696
119506,108,2,0,13440
119518,516,4,1,384
119522,612,4,0,1464
119534,24,2,0,13056
119538,72,3,-1,21
119550,216,2,0,11328
119554,324,2,0,936
119566,120,3,-1,6384
119570,96,2,0,12480
119582,288,5,0,1536
119586,312,4,1,3888
119598,84,2,0,6984
119602,60,3,1,9408
119614,180,2,0,11808
119618,168,2,0,12672
119630,108,3,1,7044
119634,72,2,0,10032
119646,348,3,0,1152
119650,444,3,0,8712
119666,132,3,-1,864
119678,180,2,0,15240
119682,96,2,0,8280
119694,72,3,-1,3648
119698,156,2,0,7296
119710,384,3,0,6912
119714,348,3,0,5376
119726,96,2,0,14688
119730,96,3,1,10560
119742,96,2,0,6408
119746,132,2,0,1680
119758,36,3,1,9168
119762,120,2,0,12864
119774,444,4,-1,696
119778,336,4,0,2760
119790,132,2,0,1008
119794,96,3,-1,3600
119806,444,2,0,7920
119810,288,2,0,4464
119822,36,3,-1,3648
119826,96,2,0,10800
119838,276,4,0,288
119842,552,4,-1,360
119854,72,2,0,384
119858,72,3,1,10752
119870,264,2,0,2400
119874,180,2,0,12576
119886,36,3,1,9108
119890,168,2,0,16128
119902,312,3,0,6720
119906,228,3,0,5376
119918,144,2,0,1920
119922,84,3,-1,2880
119934,156,2,0,7968
119938,168,2,0,9552
119950,108,3,-1,1584
119954,216,2,0,1440
119966,264,3,0,5760
119970,384,3,0,6480
119982,120,2,0,10008
119986,144,3,1,3900
119998,132,2,0,11904
120002,204,2,0,10800
120014,84,3,1,13728
120018,60,2,0,7080
120030,714,4,1,237
120034,564,9,-1,12
120046,108,2,0,1728
120050,84,3,-1,6048
120062,288,2,0,5376
120066,180,2,0,1536
120078,60,3,-1,2580
120082,12,2,0,8880
120094,420,4,0,864
120098,780,4,1,1512
120110,108,2,0,14016
120114,60,3,1,10416
120126,180,2,0,11544
120130,348,2,0,8400
120142,144,3,1,696
120146,180,2,0,768
120158,300,3,0,5040
120162,180,3,0,4248
120174,36,2,0,7296
120178,72,3,-1,2976
120190,264,2,0,18000
120194,132,2,0,9216
120206,216,3,-1,1512
120210,72,2,0,13584
120222,132,3,0,2904
120238,156,2,0,6744
120242,132,3,1,1752
120254,264,2,0,2424
120258,108,2,0,9264
120270,60,3,1,13512
120274,96,2,0,2736
120286,504,4,-1,2112
120290,480,5,1,3360
120302,192,2,0,12480
120306,72,3,-1,2688
120318,48,2,0,7008
120322,156,2,0,14208
120334,84,3,-1,192
120338,36,2,0,14208
120350,756,5,-1,528
120354,408,4,-1,312
120366,60,2,0,10680
120370,168,3,1,19968
120382,168,2,0,2880
120386,324,2,0,7440
120398,48,3,1,10560
120402,84,2,0,7872
120418,420,3,0,1512
120430,120,2,0,17472
120434,36,3,-1,4080
120446,120,2,0,2304
120450,84,2,0,11880
120462,120,3,-1,3684
120466,108,2,0,11424
120478,324,3,0,6120
120482,252,3,0,5280
120494,96,2,0,5616
120498,96,3,1,6624
120510,240,2,0,15048
120514,228,2,0,14592
120526,84,3,1,252
120530,264,2,0,4224
120542,552,4,1,6432
120546,384,4,0,360
120558,84,2,0,6684
120562,168,3,-1,3432
120574,228,2,0,13536
120578,156,2,0,12720
120590,72,3,-1,4752
120594,96,2,0,10752
120606,384,6,-1,504
120610,408,4,1,6096
120622,132,2,0,1872
120626,84,3,1,9504
120638,108,2,0,1872
120642,96,2,0,7452
120654,72,3,1,360
120658,96,2,0,768
120670,408,3,0,2904
120674,648,3,0,2880
120686,96,2,0,17472
120690,96,3,-1,4734
120702,108,2,0,10752
120706,276,2,0,3840
120718,60,3,-1,4056
120722,72,2,0,7392
120734,324,3,0,7488
120738,288,3,0,5280
120750,120,2,0,10176
120754,120,3,1,2208
120766,252,2,0,14976
120770,312,2,0,22272
120782,84,3,1,3432
120786,108,2,0,11520
120798,372,4,-1,1512
120802,288,4,0,2400
120814,156,2,0,3168
120818,132,3,-1,216
120830,168,2,0,14208
120834,192,2,0,11328
120846,72,3,-1,864
120850,84,2,0,612
120862,252,4,0,1920
120866,384,4,-1,2160
120878,48,2,0,9216
120882,72,3,1,9108
120894,60,2,0,11160
120898,132,2,0,9456
120910,216,3,1,24984
120914,120,2,0,384
120926,636,3,0,3576
120930,360,3,0,7296
120942,48,2,0,5808
120946,156,3,-1,60
120958,336,2,0,3456
120962,156,2,0,2544
120974,216,3,-1,4320
120990,492,3,0,696
120994,732,3,0,3936
121006,72,2,0,528
121010,204,3,1,1824
121022,204,2,0,12528
121026,132,2,0,9504
121038,168,3,1,10572
121042,84,2,0,14736
121054,588,4,1,1392
121058,216,6,1,912
121070,48,2,0,3600
121074,72,3,-1,4272
121086,156,2,0,7464
121090,276,2,0,15264
121102,168,3,-1,1800
121106,144,2,0,4944
121118,264,4,0,204
121122,420,4,1,4896
121134,24,2,0,13152
121138,60,3,1,900
121150,372,2,0,25824
121154,276,2,0,3600
121170,60,2,0,11160
121182,228,3,0,3024
121186,384,3,0,6912
121198,84,2,0,9312
121202,72,3,-1,3216
121214,312,2,0,2304
121218,168,2,0,12288
121230,60,3,-1,3468
121234,72,2,0,13440
121246,828,3,0,552
121250,528,3,0,3120
121262,84,2,0,11808
121266,96,3,1,10464
121278,84,2,0,6084
121282,144,2,0,3240
121294,84,3,1,9696
121298,48,2,0,15168
121310,492,4,-1,2976
121314,144,5,-1,624
121326,108,2,0,13632
121330,156,3,-1,4800
121342,204,2,0,10752
121346,240,2,0,4080
121358,72,3,-1,1944
121362,0,2,0,7680
121374,372,5,1,2964
121378,456,4,-1,1824
121390,108,2,0,2904
121394,240,3,1,4020
121406,252,2,0,1632
121410,132,2,0,9408
121422,48,3,1,7836
121426,168,2,0,5328
121438,432,3,0,768
121442,264,3,0,6576
121454,48,2,0,2280
121458,48,3,-1,3072
121470,180,2,0,12984
121474,168,2,0,960
121486,84,3,-1,4896
121490,180,2,0,15648
121502,348,3,0,1152
121506,216,3,0,4800
121518,84,2,0,10800
121522,96,3,1,9792
121534,156,2,0,4608
121538,192,2,0,768
121550,204,3,1,17232
121554,120,2,0,2844
121566,276,4,1,312
121570,948,4,0,1872
121582,204,2,0,16560
121586,48,3,-1,192
121598,360,2,0,15480
121602,36,2,0,840
121614,48,3,-1,3168
121618,60,2,0,11424
121630,600,7,-1,360
121634,492,4,1,1104
121646,120,2,0,768
121650,84,3,1,10008
121662,156,2,0,10608
121666,120,2,0,12576
121678,120,3,1,3792
121682,60,2,0,5208
121694,408,3,0,7872
121698,156,3,0,2904
121710,96,2,0,13560
121714,204,3,-1,1248
121726,168,2,0,12000
121742,48,3,-1,2736
121746,60,2,0,1776
121758,336,3,0,4344
121762,168,3,0,4608
121774,120,2,0,13440
121778,120,3,1,14304
121790,396,2,0,9048
121794,180,2,0,864
121806,84,3,1,8688
121810,108,2,0,16896
121822,456,4,-1,528
121826,504,4,0,768
121838,60,2,0,8880
121842,72,3,-1,2856
121854,264,2,0,2688
121858,216,2,0,6240
121870,96,3,-1,4704
121874,60,2,0,9600
121886,336,4,0,2688
121890,468,4,-1,2448
121902,96,2,0,6144
121906,132,3,1,21456
121922,264,2,0,10944
121934,108,3,1,4704
121938,72,2,0,7344
121950,324,3,0,6432
121954,336,3,0,864
121966,300,2,0,7776
121970,144,3,-1,1776
121982,156,2,0,11808
121986,108,2,0,10392
121998,60,3,-1,2352
122002,168,2,0,4896
122014,192,3,0,5376
122018,408,3,0,6240
122030,168,2,0,20448
122034,60,3,1,7200
122046,192,2,0,1680
122050,456,2,0,22416
122062,120,3,1,12096
122066,36,2,0,8928
122078,396,4,1,1728
122082,288,5,0,1056
122094,36,2,0,7560
122098,48,3,-1,3312
122110,336,2,0,1584
122114,372,2,0,7728
122126,120,3,-1,4896
122130,180,2,0,16356
122142,420,4,0,3360
122146,516,4,1,240
122158,84,2,0,13056
122162,84,3,1,13536
122174,108,2,0,11424
122178,156,2,0,7200
122190,72,3,1,2424
122194,96,2,0,15744
122206,396,3,0,7632
122210,432,3,0,8640
122222,84,2,0,576
122226,192,3,-1,4488
122238,84,2,0,6144
122242,108,2,0,912
122254,156,3,-1,270
122258,120,2,0,2808
122270,612,3,0,10272
122274,156,3,0,5040
122286,60,2,0,10896
122290,120,3,1,5868
122302,240,2,0,14160
122306,120,2,0,10368
122318,60,3,1,11016
122322,108,2,0,9360
122334,264,4,-1,1440
122338,480,5,1,3492
122350,144,2,0,14808
122354,168,3,-1,240
122366,432,2,0,4800
122370,108,2,0,7632
122382,72,3,-1,39
122386,120,2,0,2112
122398,516,5,-1,408
122402,348,4,-1,624
122414,96,2,0,11520
122418,168,3,1,1368
122430,156,2,0,9024
122434,312,2,0,1296
122446,48,3,1,2712
122450,72,2,0,48
122462,192,3,0,408
122466,300,3,0,6912
122478,60,2,0,12012
122494,192,2,0,16416
122498,204,2,0,10368
122510,60,3,-1,348
122514,72,2,0,7512
122526,360,3,0,4608
122530,528,3,0,8064
122542,120,2,0,3744
122546,168,3,1,1128
122558,180,2,0,14016
122562,108,2,0,9408
122574,60,3,1,8064
122578,96,2,0,2808
122590,852,4,1,10872
122594,264,4,0,2784
122606,36,2,0,12288
122610,60,3,-1,4188
122622,132,2,0,7248
122626,216,2,0,11136
122638,108,3,-1,3840
122642,180,2,0,10368
122654,552,5,0,144
122658,96,4,1,2916
122674,132,3,1,18768
122686,228,2,0,2928
122690,348,2,0,4608
122702,48,3,1,10536
122706,84,2,0,9216
122718,288,3,0,5184
122722,348,3,0,2160
122734,72,2,0,13632
122738,132,3,-1,4392
122750,168,2,0,15936
122754,144,2,0,1536
122766,60,3,-1,3072
122770,180,2,0,16128
122782,228,3,0,4224
122786,408,3,0,8544
122798,84,2,0,2424
122802,72,3,1,9000
122814,216,2,0,12672
122818,192,2,0,11616
122830,96,3,1,9744
122834,168,2,0,1344
122846,552,4,-1,492
122850,360,4,0,2976
122862,96,2,0,7776
122866,132,3,-1,1728
122878,156,2,0,9312
122882,72,2,0,9456
122894,96,3,-1,6096
122898,108,2,0,10248
122910,432,4,0,3552
122914,372,4,-1,1920
122926,12,2,0,960
122930,132,3,1,12816
122942,192,2,0,3912
122946,144,2,0,276
122958,48,3,1,6396
122962,60,2,0,11328
122974,432,3,0,288
122978,420,3,0,2448
122990,84,2,0,15168
122994,120,3,-1,2484
123006,120,2,0,72
123010,288,2,0,5052
123022,108,3,-1,3648
123026,96,2,0,240
123038,336,3,0,6624
123042,168,3,0,3960
123054,96,2,0,2592
123058,96,3,1,10656
123070,204,2,0,15840
123074,168,2,0,9888
123086,180,3,1,5448
123090,96,2,0,15000
123102,276,4,1,3624
123106,312,5,0,1440
123118,72,2,0,2544
123122,84,3,-1,1032
123134,156,2,0,10752
123138,108,2,0,10056
123150,48,3,-1,3960
123154,240,2,0,1524
123166,528,4,0,3360
123170,744,4,1,1356
123182,120,2,0,15600
123186,0,3,1,6624
123198,252,2,0,11232
123202,216,2,0,2160
123214,60,3,1,11952
123218,72,2,0,9216
123230,492,3,0,1968
123246,108,2,0,2220
123250,168,3,-1,5496
123262,264,2,0,5940
123266,228,2,0,4320
123278,96,3,-1,3840
123282,36,2,0,8064
123294,168,3,0,3360
123298,360,3,0,1920
123310,156,2,0,16512
123314,72,3,1,14880
123326,216,2,0,10368
123330,108,2,0,11088
123342,120,3,1,8496
123346,84,2,0,3696
123358,240,4,-1,1656
123362,588,5,-1,1392
123374,192,2,0,5280
123378,48,3,-1,3120
123390,108,2,0,12288
123394,396,2,0,17856
123406,168,3,-1,324
123410,228,2,0,660
123426,252,4,-1,1392
123438,36,2,0,6912
123442,96,3,1,1746
123454,360,2,0,3264
123458,168,2,0,10656
123470,96,3,1,13392
123474,132,2,0,17280
123486,216,3,0,5232
123490,396,3,0,8832
123502,132,2,0,12384
123506,84,3,-1,5424
123518,120,2,0,4440
123522,120,2,0,6240
123534,72,3,-1,3456
123538,96,2,0,9216
123550,516,3,0,1800
123554,348,3,0,432
123566,132,2,0,11520
123570,96,3,1,20688
123582,84,2,0,6912
123586,324,2,0,6576
123598,120,3,1,15120
123602,48,2,0,7824
123614,648,4,1,9552
123618,192,4,0,1728
123630,72,2,0,9984
123634,72,3,-1,3456
123646,192,2,0,2496
123650,288,2,0,17664
123662,84,3,-1,780
123666,72,2,0,9408
123678,324,5,0,1008
123682,660,4,1,8400
123694,120,2,0,5040
123698,108,3,1,3600
123710,288,2,0,18432
123714,96,2,0,8400
123726,120,3,1,14472
123730,156,2,0,2592
123742,276,3,0,4896
123746,372,3,0,960
123758,60,2,0,1704
123762,72,3,-1,2640
123774,192,2,0,10656
123778,132,2,0,8928
123790,120,3,-1,816
123794,48,2,0,13248
123806,396,3,0,672
123810,264,3,0,6264
123822,48,2,0,720
123826,72,3,1,12288
123838,348,2,0,5184
123842,276,2,0,5952
123854,120,3,1,2064
123858,84,2,0,7080
123870,252,4,-1,1584
123874,540,4,0,768
123886,84,2,0,12144
123890,60,3,-1,4476
123902,132,2,0,9648
123906,132,2,0,12288
123918,48,3,-1,1956
123922,84,2,0,14880
123934,408,4,0,3264
123938,276,4,-1,1536
123950,300,2,0,14904
123954,48,3,1,228
123966,156,2,0,10656
123970,216,2,0,11328
123982,120,3,1,2640
123998,252,3,0,4320
124002,168,3,0,4320
124014,132,2,0,9408
124018,192,3,-1,2304
124030,240,2,0,15456
124034,204,2,0,18336
124046,156,3,-1,1008
124050,84,2,0,9036
124062,192,3,0,4968
124066,648,3,0,8640
124078,72,2,0,10992
124082,72,3,1,11424
124094,144,2,0,2688
124098,192,2,0,9984
124110,48,3,1,10464
124114,36,2,0,14976
124126,972,4,1,216
124130,1020,7,1,183
124142,72,2,0,11808
124146,60,3,-1,480
124158,168,2,0,12336
124162,180,2,0,2520
124178,60,2,0,11520
124190,384,4,0,3168
124194,444,4,1,5184
124206,96,2,0,8640
124210,216,3,1,22800
124222,144,2,0,11232
124226,144,2,0,11520
124238,144,3,1,3840
124242,48,2,0,7032
124254,252,3,0,840
124258,312,3,0,8208
124270,132,2,0,360
124274,72,3,-1,2184
124286,348,2,0,17376
124290,240,2,0,14784
124302,72,3,-1,2748
124306,108,2,0,3336
124318,420,3,0,5472
124322,372,3,0,5184
124334,96,2,0,11328
124338,72,3,1,7284
124350,84,2,0,11232
124354,276,2,0,2304
124366,84,3,1,10128
124370,216,2,0,21168
124382,612,4,-1,984
124386,420,5,1,2544
124398,84,2,0,960
124402,60,3,-1,2880
124414,144,2,0,180
124418,132,2,0,2784
124430,132,3,-1,7728
124434,84,2,0,8448
124446,432,5,-1,162
124450,456,4,-1,1158
124462,72,2,0,11520
124466,120,3,1,14304
124478,168,2,0,8928
124482,204,2,0,10800
124494,84,3,1,15084
124498,84,2,0,744
124510,468,3,0,10464
124514,264,3,0,6240
124526,12,2,0,2448
124530,60,3,-1,3000
124542,24,2,0,1152
124546,252,2,0,2208
124558,72,3,-1,1572
124562,132,2,0,4176
124574,516,3,0,1344
124578,240,3,0,4752
124590,84,2,0,11592
124594,144,3,1,4464
124606,156,2,0,14688
124610,312,2,0,18768
124622,96,3,1,9828
124626,72,2,0,11520
124638,156,4,1,3540
124642,240,4,0,2496
124654,168,2,0,4416
124658,84,3,-1,3696
124670,372,2,0,6720
124674,108,2,0,6528
124686,156,3,-1,3648
124690,168,2,0,21120
124702,666,6,1,222
124706,684,4,1,3408
124718,60,2,0,12384
124722,60,3,1,8658
124734,84,2,0,8040
124750,60,3,1,11616
124754,144,2,0,1920
124766,468,3,0,8064
124770,312,3,0,888
124782,36,2,0,7656
124786,84,3,-1,4416
124798,96,2,0,8640
124802,192,2,0,12864
124814,168,3,-1,1656
124818,48,2,0,10152
124830,384,3,0,6288
124834,216,3,0,6240
124846,324,2,0,1200
124850,168,3,1,3564
124862,96,2,0,864
124866,120,2,0,9000
124878,84,3,1,8088
124882,72,2,0,528
124894,456,4,-1,1872
124898,312,4,0,2832
124910,96,2,0,17472
124914,72,3,-1,4416
124930,384,2,0,20256
124942,96,3,-1,4896
124946,96,2,0,192
124958,552,4,0,768
124962,288,4,-1,1404
124974,48,2,0,8880
124978,84,3,1,102
124990,324,2,0,7584
124994,216,2,0,4512
125006,120,3,1,11040
125010,24,2,0,8208
125022,204,3,0,36
125026,588,3,0,960
125038,24,2,0,10224
125042,48,3,-1,4320
125054,300,2,0,3696
125058,96,2,0,6768
125070,120,3,-1,4320
125074,60,2,0,10944
125086,348,3,0,6336
125090,324,3,0,5976
125102,132,2,0,1920
125106,48,3,1,12528
125118,144,2,0,8640
125122,156,2,0,360
125134,120,3,1,5040
125138,156,2,0,6204
125150,348,4,1,5880
125154,456,6,-1,156
125166,72,2,0,9840
125170,132,3,-1,1344
125182,108,2,0,12216
125186,180,2,0,12672
125198,144,3,-1,4020
125202,84,2,0,8016
125214,360,4,0,2304
125218,288,4,1,4440
125230,96,2,0,13392
125234,144,3,1,11520
125246,300,2,0,1152
125250,276,2,0,18864
125262,36,3,1,6840
125266,144,2,0,14976
125278,528,3,0,1560
125282,252,3,0,60
125294,120,2,0,16800
125298,60,3,-1,3096
125310,252,2,0,13824
125314,288,2,0,7320
125326,84,3,-1,672
125330,144,2,0,16896
125342,216,3,0,3552
125346,252,3,0,108
125358,72,2,0,1056
125362,144,3,1,11712
125374,204,2,0,11808
125378,156,2,0,13152
125390,264,3,1,192
125394,72,2,0,7680
125406,324,4,-1,2184
125410,456,5,-1,1056
125422,96,2,0,3420
125426,132,3,-1,360
125438,96,2,0,8640
125442,120,2,0,7968
125454,24,3,-1,384
125458,120,2,0,3696
125470,756,5,1,5160
125474,420,4,-1,2640
125486,36,2,0,11136
125502,156,2,0,12864
125506,132,2,0,288
125518,96,3,1,11424
125522,84,2,0,1680
125534,312,3,0,1920
125538,216,3,0,3744
125550,96,2,0,12936
125554,144,3,-1,132
125566,408,2,0,3744
125570,324,2,0,360
125582,72,3,-1,3696
125586,108,2,0,11616
125598,216,3,0,4320
125602,600,3,0,1680
125614,108,2,0,14592
125618,12,3,1,8448
125630,288,2,0,18768
125634,120,2,0,7200
125646,84,3,1,1512
125650,168,2,0,15264
125662,420,4,1,5760
125666,600,4,0,4608
125682,60,3,-1,2400
125694,204,2,0,8160
125698,240,2,0,13104
125710,144,3,-1,1422
125714,60,2,0,3240
125726,696,8,-1,168
125730,492,4,1,6390
125742,12,2,0,11592
125746,204,3,1,1104
125758,192,2,0,7680
125762,36,2,0,9120
125774,108,3,1,12960
125778,48,2,0,8928
125790,264,3,0,4464
125794,336,3,0,6624
125806,156,2,0,14784
125810,108,3,-1,6192
125822,216,2,0,3360
125826,108,2,0,8352
125838,36,3,-1,2796
125842,60,2,0,9696
125854,696,3,0,816
125858,396,3,0,2208
125870,144,2,0,16416
125874,60,3,1,8400
125886,132,2,0,10656
125890,252,2,0,4560
125902,180,3,1,10752
125906,96,2,0,9408
125918,324,4,-1,120
125922,156,4,0,1824
125934,36,2,0,10080
125938,120,3,-1,5904
125950,228,2,0,18000
125954,156,2,0,2112
125966,132,3,-1,1296
125970,156,2,0,16992
125982,168,4,0,1752
125986,228,4,-1,1584
125998,156,2,0,648
126002,144,3,1,5736
126014,228,2,0,15072
126018,72,2,0,7596
126030,36,3,1,12696
126034,144,2,0,4320
126046,264,3,0,672
126050,492,3,0,8784
126062,60,2,0,10392
126066,120,3,-1,2388
126078,108,2,0,8556
126082,252,2,0,12816
126094,132,3,-1,3840
126098,84,2,0,9792
126110,636,3,0,432
126114,228,3,0,4608
126126,84,2,0,7824
126130,120,3,1,15696
126142,216,2,0,480
126146,420,2,0,1008
126158,60,3,1,9888
126162,72,2,0,7584
126174,480,4,1,7944
126178,336,5,0,504
126190,132,2,0,19200
126194,48,3,-1,4704
126206,228,2,0,9984
126210,192,2,0,15816
126222,72,3,-1,2976
126226,72,2,0,9216
126238,300,4,0,3024
126254,48,2,0,432
126258,24,3,1,7716
126270,156,2,0,9024
126274,396,2,0,16992
126286,180,3,1,7656
126290,156,2,0,120
126302,348,3,0,6528
126306,264,3,0,960
126318,60,2,0,7392
126322,60,3,-1,294
126334,180,2,0,1104
126338,108,2,0,1056
126350,120,3,-1,5304
126354,96,2,0,1848
126366,204,3,0,5280
126370,348,3,0,9792
126382,60,2,0,7680
126386,168,3,1,16080
126398,312,2,0,888
126402,168,2,0,8448
126414,108,3,1,15324
126418,60,2,0,9984
126434,492,5,1,1104
126446,132,2,0,3456
126450,60,3,-1,3600
126462,108,2,0,6096
126466,228,2,0,3264
126478,96,3,-1,3600
126482,72,2,0,15216
126494,456,5,-1,1128
126498,276,4,-1,1728
126510,96,2,0,15312
126514,72,3,1,11664
126526,132,2,0,1152
126530,156,2,0,216
126542,180,3,1,6024
126546,132,2,0,1704
126558,132,3,0,3840
126562,252,3,0,6240
126574,24,2,0,2352
126578,48,3,-1,768
126590,228,2,0,17280
126594,192,2,0,10800
126606,60,3,-1,3852
126610,228,2,0,8664
126622,360,3,0,5568
126626,216,3,0,5472
126638,84,2,0,9600
126642,12,3,1,8496
126654,168,2,0,1956
126658,132,2,0,7776
126670,132,3,1,13584
126674,192,2,0,16512
126686,600,4,1,1344
126690,480,4,0,3168
126702,36,2,0,6792
126706,108,3,-1,4704
126718,168,2,0,6000
126722,336,2,0,1512
126734,120,3,-1,4560
126738,24,2,0,7632
126750,516,5,0,1776
126754,900,4,1,336
126766,168,2,0,17664
126770,132,3,1,13812
126782,228,2,0,24
126786,180,2,0,10368
126798,60,3,1,576
126802,72,2,0,8544
126814,252,3,0,5568
126818,480,3,0,864
126830,72,2,0,4224
126834,144,3,-1,4656
126846,132,2,0,3024
126850,192,2,0,16680
126862,156,3,-1,1584
126866,84,2,0,5568
126878,192,3,0,5328
126882,240,3,0,3096
126894,84,2,0,1152
126898,120,3,1,2784
126910,132,2,0,384
126914,192,2,0,14976
126926,132,3,1,1752
126930,108,2,0,11424
126942,276,4,-1,1560
126946,588,4,0,984
126958,120,2,0,384
126962,72,3,-1,2592
126974,324,2,0,456
126978,156,2,0,7392
126990,60,3,-1,54
127006,396,4,0,576
127010,876,4,-1,960
127022,120,2,0,48
127026,168,3,1,11904
127038,108,2,0,7680
127042,264,2,0,7056
127054,204,3,1,3456
127058,48,2,0,11760
127070,432,3,0,9744
127074,204,3,0,4320
127086,96,2,0,11232
127090,156,3,-1,612
127102,84,2,0,9024
127106,132,2,0,11232
127118,60,3,-1,864
127122,72,2,0,1104
127134,396,3,0,6048
127138,108,3,0,3528
127150,192,2,0,10080
127154,156,3,1,1140
127166,120,2,0,11232
127170,120,2,0,11568
127186,120,2,0,4896
127198,468,4,1,5760
127202,540,5,0,144
127214,60,2,0,9792
127218,24,3,-1,2460
127230,276,2,0,14160
127234,144,2,0,10752
127246,72,3,-1,624
127250,204,2,0,15936
127262,444,4,0,864
127266,360,4,1,4956
127278,24,2,0,6384
127282,84,3,1,1200
127294,408,2,0,1584
127298,288,2,0,5040
127310,108,3,1,20544
127314,60,2,0,9600
127326,240,3,0,3840
127330,576,3,0,1920
127342,60,2,0,9696
127346,156,3,-1,960
127358,120,2,0,8016
127362,96,2,0,396
127374,12,3,-1,3264
127378,48,2,0,14208
127390,456,3,0,7680
127394,276,3,0,6720
127406,228,2,0,10560
127410,36,3,1,8688
127422,132,2,0,11040
127426,180,2,0,15552
127438,60,3,1,1920
127442,72,2,0,2664
127454,324,4,-1,288
127458,312,5,-1,840
127470,48,2,0,11232
127474,168,3,-1,1680
127486,300,2,0,15648
127490,156,2,0,15456
127502,60,3,-1,3216
127506,12,2,0,9384
127518,276,5,1,1794
127522,420,4,-1,1944
127534,120,2,0,13728
127538,72,3,1,11448
127550,216,2,0,3288
127554,168,2,0,2364
127566,60,3,1,8736
127570,120,2,0,13920
127582,408,3,0,2520
127586,528,3,0,1440
127598,72,2,0,12192
127602,96,3,-1,4044
127614,60,2,0,7920
127618,252,2,0,2256
127630,96,3,-1,6120
127634,168,2,0,14592
127646,516,3,0,444
127650,408,3,0,576
127662,72,2,0,7200
127666,72,3,1,11520
127678,108,2,0,2208
127682,168,2,0,10320
127694,120,3,1,768
127698,48,2,0,5616
127710,456,4,1,732
127714,420,4,0,3696
127726,144,2,0,3360
127730,252,3,-1,4320
127742,108,2,0,10272
127758,60,3,-1,4080
127762,144,2,0,2352
127774,432,5,0,1728
127778,432,4,1,4800
127790,60,2,0,14784
127794,12,3,1,10296
127806,84,2,0,7920
127810,180,2,0,13296
127822,72,3,1,11520
127826,84,2,0,14976
127838,468,3,0,2808
127842,204,3,0,4920
127854,72,2,0,2592
127858,84,3,-1,3264
127870,204,2,0,3888
127874,168,2,0,528
127886,60,3,-1,3480
127890,72,2,0,9600
127902,192,3,0,4032
127906,576,3,0,576
127918,48,2,0,9312
127922,48,3,1,7392
127938,120,2,0,10032
127950,108,3,1,9312
127954,120,2,0,3072
127966,372,4,-1,2688
127970,432,4,0,3360
127982,96,2,0,3672
127986,108,3,-1,3696
127998,48,2,0,7128
128002,144,2,0,7776
128014,84,3,-1,2208
128018,108,2,0,1584
128030,588,4,0,4320
128034,240,4,-1,1344
128046,36,2,0,1296
128050,132,3,1,7008
128062,132,2,0,7584
128066,264,2,0,17088
128078,96,3,1,11160
128082,48,2,0,7308
128094,372,3,0,5808
128098,228,3,0,4704
128110,96,2,0,18576
128114,60,3,-1,3360
128126,204,2,0,5568
128130,180,2,0,15024
128142,48,3,-1,2208
128146,168,2,0,3072
128158,228,3,0,1536
128162,384,3,0,3024
128174,108,2,0,9600
128178,48,3,1,7992
128190,216,2,0,17808
128194,192,2,0,2232
128206,96,3,1,18048
128210,120,2,0,12528
128222,228,4,1,3888
128226,168,6,0,24
128238,60,2,0,9504
128242,144,3,-1,4416
128254,228,2,0,1440
128258,192,2,0,13440
128270,120,3,-1,216
128274,120,2,0,11712
128286,144,4,0,2016
128290,960,4,1,11904
128302,156,2,0,4320
128306,96,3,1,3516
128318,156,2,0,13008
128322,96,2,0,6888
128334,36,3,1,7752
128338,60,2,0,4560
128350,432,3,0,9600
128354,312,3,0,1248
128366,144,2,0,11520
128370,84,3,-1,4254
128382,72,2,0,8400
128386,204,2,0,11568
128398,84,3,-1,3096
128402,24,2,0,10416
128414,516,3,0,1872
128418,132,3,0,3456
128430,60,2,0,12288
128434,120,3,1,14400
128446,372,2,0,1656
128450,204,2,0,4320
128462,120,3,1,1464
128466,72,2,0,12864
128478,324,4,-1,1296
128482,444,5,1,696
128494,84,2,0,192
128510,276,2,0,17376
128514,216,2,0,10656
128526,96,3,-1,3456
128530,36,2,0,12960
128542,492,5,-1,1104
128546,372,4,-1,336
128558,84,2,0,3312
128562,36,3,1,6984
128574,96,2,0,9168
128578,216,2,0,11520
128590,120,3,1,2820
128594,144,2,0,5808
128606,252,3,0,5376
128610,312,3,0,6336
128622,120,2,0,9720
128626,120,3,-1,1044
128638,240,2,0,13344
128642,144,2,0,10320
128654,144,3,-1,1584
128658,12,2,0,1560
128670,240,3,0,4896
128674,408,3,0,8208
128690,144,3,1,2208
128702,264,2,0,4572
128706,120,2,0,8640
128718,84,3,1,9216
128722,96,2,0,12240
128734,336,4,1,120
128738,468,4,0,840
128750,120,2,0,1008
128754,36,3,-1,1
128766,216,2,0,10368
128770,348,2,0,9024
128782,60,3,-1,2880
128786,144,2,0,13440
128798,396,6,-1,24
128802,360,4,1,3552
128814,84,2,0,10368
128818,48,3,1,8232
128830,240,2,0,16992
128834,240,2,0,18048
128846,132,3,1,708
128850,216,2,0,23088
128862,264,3,0,4848
128866,240,3,0,5760
128878,84,2,0,5652
128882,72,3,-1,1152
128894,288,2,0,13824
128898,120,2,0,6744
128910,120,3,-1,3552
128914,180,2,0,144
128926,336,3,0,7344
128930,444,3,0,5760
128942,84,2,0,13056
128946,108,3,1,2580
128958,72,2,0,5040
128962,132,2,0,15744
128974,84,3,1,13824
128978,60,2,0,10272
128990,636,4,-1,420
128994,312,4,0,48
129006,72,2,0,9288
129010,96,3,-1,5112
129022,192,2,0,3744
129026,264,2,0,6048
129038,36,3,-1,156
129042,84,2,0,7536
129054,504,4,0,720
129058,480,4,-1,468
129070,84,2,0,16848
129074,84,3,1,16224
129086,180,2,0,14976
129090,156,2,0,10032
129102,24,3,1,7500
129106,120,2,0,10368
129118,264,3,0,5328
129122,324,3,0,5568
129134,192,2,0,7344
129138,24,3,-1,2400
129150,120,2,0,11088
129154,204,2,0,2256
129166,204,3,-1,1152
129170,132,2,0,4656
129182,252,3,0,4392
129186,348,3,0,6768
129198,72,2,0,7632
129202,216,3,1,6612
129214,216,2,0,13824
129218,156,2,0,864
129230,84,3,1,984
129234,72,2,0,7296
129246,690,4,1,189
129262,72,2,0,9216
129266,120,3,-1,4152
129278,336,2,0,576
129282,192,2,0,11280
129294,84,3,-1,2496
129298,84,2,0,13944
129310,816,4,0,2016
129314,492,4,1,444
129326,156,2,0,13920
129330,48,3,1,11400
129342,96,2,0,6912
129346,264,2,0,1008
129358,108,3,1,12912
129362,108,2,0,11712
129374,228,3,0,4128
129378,168,3,0,3744
129390,60,2,0,10848
129394,72,3,-1,5376
129406,180,2,0,11424
129410,276,2,0,18408
129422,132,3,-1,1596
129426,36,2,0,7296
129442,420,3,0,672
129454,120,2,0,672
129458,156,3,1,5004
129470,156,2,0,13440
129474,180,2,0,1368
129486,60,3,1,9936
129490,84,2,0,3168
129502,384,4,-1,1824
129506,744,5,-1,1488
129518,60,2,0,8640
129522,84,3,-1,3060
129534,180,2,0,11424
129538,168,2,0,12192
129550,192,3,-1,6660
129554,156,2,0,3456
129566,612,5,1,1296
129570,168,4,-1,1584
129582,60,2,0,8832
129586,36,3,1,10320
129598,84,2,0,1944
129602,144,2,0,2136
129614,96,3,1,11424
129618,60,2,0,10128
129630,324,3,0,5688
129634,588,3,0,3936
129646,84,2,0,2304
129650,108,3,-1,5568
129662,156,2,0,13632
129666,228,2,0,10368
129678,48,3,-1,216
129682,36,2,0,9600
129694,408,3,0,7488
129698,156,3,0,4032
129710,120,2,0,4224
129714,48,3,1,9564
129726,168,2,0,7680
129730,492,2,0,22464
129742,72,3,1,4248
129746,156,2,0,960
129758,672,4,1,8952
129762,156,4,0,1488
129774,72,2,0,12384
129778,84,3,-1,1200
129790,168,2,0,11520
129794,144,2,0,9504
129806,60,3,-1,3840
129810,96,2,0,16128
129822,168,6,0,408
129826,480,4,1,7320
129838,84,2,0,11040
129842,60,3,1,12096
129854,360,2,0,192
129858,108,2,0,6864
129870,132,3,1,20796
129874,48,2,0,7296
129886,540,3,0,1008
129890,1080,3,0,5880
129902,84,2,0,9984
129906,60,3,-1,12
129918,132,2,0,5952
129922,132,2,0,2400
129934,84,3,-1,4392
129938,96,2,0,8592
129950,384,3,0,8400
129954,360,3,0,1020
129966,48,2,0,8064
129970,60,3,1,13884
129982,216,2,0,14856
129986,180,2,0,11328
129998,48,3,1,4872
130014,192,4,-1,1116
130018,480,4,0,3288
130030,120,2,0,720
130034,84,3,-1,936
130046,204,2,0,2064
130050,72,2,0,7200
130062,36,3,-1,492
130066,204,2,0,7536
130078,252,4,0,2064
130082,420,4,-1,2196
130094,144,2,0,16704
130098,48,3,1,7536
130110,276,2,0,18192
130114,120,2,0,12288
130126,60,3,1,11808
130130,108,2,0,13344
130142,408,3,0,1536
130146,372,3,0,144
130158,48,2,0,5040
130162,84,3,-1,3792
130174,312,2,0,6144
130178,264,2,0,3840
130194,84,2,0,720
130206,324,3,0,492
130210,420,3,0,480
130222,84,2,0,12048
130226,36,3,1,1440
130238,132,2,0,12864
130242,48,2,0,6312
130254,72,3,1,1584
130258,108,2,0,2040
130270,372,4,1,6048
130274,444,5,0,48
130286,132,2,0,1344
130290,108,3,-1,4620
130302,108,2,0,6048
130306,180,2,0,14496
130318,96,3,-1,1392
130322,132,2,0,5160
130334,336,4,0,3360
130338,348,4,1,4536
130350,36,2,0,7236
130354,144,3,1,60
130366,180,2,0,12192
130370,240,2,0,20064
130382,72,3,1,9264
130386,36,2,0,5856
130398,288,3,0,4704
130402,216,3,0,4416
130414,96,2,0,15024
130418,84,3,-1,3888
130430,312,2,0,6192
130434,204,2,0,10800
130446,72,3,-1,1014
130450,36,2,0,17664
130462,408,3,0,1704
130466,312,3,0,1200
130478,48,2,0,11904
130482,96,3,1,7728
130494,120,2,0,9216
130498,168,2,0,4344
130510,96,3,1,12480
130514,36,2,0,16320
130526,288,4,-1,2016
130530,516,5,1,3216
130542,96,2,0,7824
130546,120,3,-1,648
130558,216,2,0,14832
130562,156,2,0,13728
130574,96,3,-1,936
130578,60,2,0,6900
130590,540,5,-1,1212
130594,360,4,-1,2400
130606,144,2,0,5184
130610,180,3,1,414
130622,132,2,0,7584
130626,156,2,0,384
130638,36,3,1,8988
130642,132,2,0,4320
130654,384,3,0,1728
130658,192,3,0,4128
130670,132,2,0,2064
130674,132,3,-1,2520
130686,156,2,0,7104
130690,240,2,0,1152
130702,60,3,-1,2496
130706,96,2,0,14016
130718,276,3,0,1344
130722,228,3,0,5040
130734,84,2,0,9792
130738,168,3,1,12096
130750,216,2,0,4800
130766,108,3,1,552
130770,36,2,0,11664
130782,420,4,1,4416
130786,672,4,0,960
130798,60,2,0,10944
130802,12,3,-1,2736
130814,216,2,0,336
130818,84,2,0,8352
130830,72,3,-1,4656
130834,72,2,0,10176
130846,564,5,0,48
130850,468,4,1,7056
130862,84,2,0,2808
130866,84,3,1,13656
130878,192,2,0,9936
130882,108,2,0,8352
130894,24,3,1,2832
130898,144,2,0,3000
130910,528,3,0,9216
130914,132,3,0,156
130926,72,2,0,10752
130930,156,3,-1,2328
130946,192,2,0,3120
130958,24,3,-1,3408
130962,72,2,0,10080
130974,180,3,0,3888
130978,408,3,0,7200
130990,120,2,0,14496
130994,108,3,1,12960
131006,216,2,0,3936
131010,168,2,0,1200
131022,96,3,1,9456
131026,84,2,0,10944
131038,408,4,-1,720
131042,408,4,0,96
131054,84,2,0,2448
131058,84,3,-1,3384
131070,240,2,0,16128
131074,264,2,0,5664
131086,120,3,-1,4416
131090,156,2,0,18912
131102,660,4,0,4128
131106,312,4,-1,1584
131118,132,2,0,11100
131122,120,3,1,9456
131134,168,2,0,11712
131138,84,2,0,10368
131150,120,3,1,5304
131154,120,2,0,240
131166,300,3,0,4176
131170,312,3,0,6264
131182,156,2,0,1128
131186,156,3,-1,2472
131198,72,2,0,7392
131202,84,2,0,9096
131214,48,3,-1,3144
131218,36,2,0,2112
131230,540,3,0,10296
131234,240,3,0,6432
131246,72,2,0,1488
131250,120,3,1,13152
131262,120,2,0,6720
131266,192,2,0,11904
131278,12,3,1,9192
131282,48,2,0,10560
131294,780,4,1,3720
131298,360,5,0,1440
131310,84,2,0,8640
131314,120,3,-1,4752
131326,324,2,0,4128
131330,216,2,0,3168
131342,120,3,-1,4800
131346,120,2,0,2064
131358,264,4,0,1680
131362,564,4,1,2220
131374,24,2,0,13824
131378,48,3,1,11376
131390,180,2,0,12528
131394,48,2,0,8064
131406,72,3,1,8304
131410,108,2,0,22032
131422,180,3,0,3840
131426,348,3,0,6912
131438,108,2,0,3288
131442,24,3,-1,1746
131454,180,2,0,2172
131458,132,2,0,9072
131470,252,3,-1,90
131474,156,2,0,4224
131486,276,3,0,5760
131490,228,3,0,6576
131502,48,2,0,7116
131518,240,2,0,10080
131522,144,2,0,9840
131534,120,3,1,10656
131538,48,2,0,6720
131550,336,4,-1,2304
131554,564,5,-1,264
131566,168,2,0,16896
131570,96,3,-1,5760
131582,192,2,0,864
131586,144,2,0,10920
131598,48,3,-1,240
131602,60,2,0,12192
131614,396,5,1,768
131618,456,4,-1,840
131630,192,2,0,3552
131634,120,3,1,9624
131646,204,2,0,2208
131650,408,2,0,5376
131662,132,3,1,13992
131666,72,2,0,9984
131678,276,3,0,5616
131682,288,3,0,5040
131698,48,3,-1,2736
131710,456,2,0,20640
131714,72,2,0,11904
131726,96,3,-1,1824
131730,96,2,0,8196
131742,120,3,0,3840
131746,396,3,0,1152
131758,120,2,0,2496
131762,108,3,1,3384
131774,192,2,0,14496
131778,60,2,0,9528
131790,132,3,1,13140
131794,204,2,0,1152
131806,336,4,1,4128
131810,492,4,0,3744
131822,156,2,0,12048
131826,48,3,-1,456
131838,156,2,0,8208
131842,84,2,0,108
131854,180,3,-1,1056
131858,48,2,0,9600
131870,648,5,0,432
131874,276,4,1,4608
131886,168,2,0,13824
131890,84,3,1,14088
131902,312,2,0,5808
131906,348,2,0,2448
131918,72,3,1,9192
131922,48,2,0,8160
131934,288,3,0,456
131938,336,3,0,1872
131950,120,2,0,13248
131954,72,3,-1,576
131966,120,2,0,10368
131970,156,2,0,12516
131982,60,3,-1,2424
131986,60,2,0,17184
131998,300,3,0,6336
132002,240,3,0,5328
132014,108,2,0,4608
132018,84,3,1,8544
132030,132,2,0,8616
132034,216,2,0,12096
132046,132,3,1,768
132050,132,2,0,5760
132062,504,4,-1,2244
132066,144,4,0,1512
132078,36,2,0,6672
132082,84,3,-1,864
132094,192,2,0,9792
132098,156,2,0,13440
132110,108,3,-1,5664
132114,60,2,0,11520
132126,432,4,0,2976
132130,456,4,-1,2352
132142,48,2,0,768
132146,60,3,1,1728
132158,372,2,0,6528
132162,96,2,0,6816
132174,48,3,1,8016
132178,48,2,0,12096
132190,588,3,0,2304
132194,672,3,0,2400
132206,60,2,0,10752
132210,120,3,-1,5292
132222,96,2,0,8832
132226,228,2,0,4704
132238,120,3,-1,3984
132242,72,2,0,10272
132254,372,3,0,960
132270,132,2,0,13848
132274,108,3,1,13824
132286,204,2,0,10464
132290,264,2,0,15408
132302,132,3,1,2256
132306,144,2,0,14064
132318,228,4,1,3648
132322,312,6,0,672
132334,96,2,0,8256
132338,72,3,-1,840
132350,288,2,0,19392
132354,216,2,0,336
132366,48,3,-1,3240
132370,96,2,0,4800
132382,360,4,0,24
132386,564,4,1,8640
132398,192,2,0,14256
132402,60,3,1,5976
132414,192,2,0,1128
132418,204,2,0,12960
132430,168,3,1,14736
132434,48,2,0,11520
132450,348,3,0,6000
132462,36,2,0,10224
132466,192,3,-1,5184
132478,144,2,0,1560
132482,252,2,0,4800
132494,72,3,-1,4032
132498,60,2,0,7416
132510,240,3,0,4728
132514,336,3,0,1392
132526,96,2,0,11616
132530,276,3,1,27360
132542,156,2,0,9600
132546,240,2,0,2016
132558,72,3,1,492
132562,48,2,0,7968
132574,504,4,-1,2880
132578,228,5,1,264
132590,132,2,0,7488
132594,72,3,-1,2712
132606,144,2,0,1056
132610,288,2,0,192
132622,48,3,-1,684
132626,84,2,0,240
132638,228,5,-1,672
132642,324,4,-1,1584
132654,108,2,0,1920
132658,156,3,1,8352
132670,372,2,0,23520
132674,240,2,0,9120
132686,144,3,1,16512
132690,60,2,0,9264
132702,252,3,0,4140
132706,156,3,0,4992
132718,120,2,0,8352
132722,120,3,-1,5616
132734,192,2,0,2448
132738,96,2,0,7200
132750,84,3,-1,5016
132754,96,2,0,24
132766,444,3,0,3504
132770,684,3,0,3264
132782,132,2,0,11712
132786,12,3,1,5472
132798,120,2,0,9168
132802,252,2,0,1248
132814,72,3,1,11472
132818,36,2,0,11328
132830,276,4,1,6096
132834,300,4,0,2496
132846,36,2,0,1920
132850,60,3,-1,4512
132862,252,2,0,14208
132866,48,2,0,11760
132878,108,3,-1,606
132882,60,2,0,10620
132894,324,6,1,1308
132898,324,4,1,5640
132910,84,2,0,4176
132914,132,3,1,6528
132926,120,2,0,14976
132930,132,2,0,11472
132942,120,3,1,9528
132946,156,2,0,744
132958,168,3,0,3936
132962,228,3,0,3696
132974,60,2,0,13632
132978,84,3,-1,2520
132990,132,2,0,9516
132994,216,2,0,19440
133006,84,3,-1,4896
133022,504,3,0,3672
133026,240,3,0,4128
133038,36,2,0,7200
133042,84,3,1,10080
133054,312,2,0,720
133058,264,2,0,168
133070,60,3,1,10800
133074,84,2,0,12384
133086,180,4,-1,1440
133090,1140,4,0,240
133102,96,2,0,11184
133106,156,3,-1,4464
133118,180,2,0,13536
133122,60,2,0,6336
133134,48,3,-1,3312
133138,60,2,0,576
133150,216,4,0,2784
133154,420,4,-1,576
133166,96,2,0,504
133170,96,3,1,10320
133182,120,2,0,5760
133186,156,2,0,11520
133202,168,2,0,936
133214,300,3,0,6144
133218,132,3,0,3840
133230,144,2,0,17640
133234,108,3,-1,1296
133246,192,2,0,1992
133250,336,2,0,19008
133262,72,3,-1,2340
133266,96,2,0,8640
133278,180,3,0,4224
133282,192,3,0,4176
133294,120,2,0,15744
133298,48,3,1,7704
133310,408,2,0,5184
133314,204,2,0,11424
133326,60,3,1,4920
133330,108,2,0,14112
133342,432,4,1,1740
133346,1128,6,-1,72
133358,84,2,0,10608
133362,72,3,-1,510
133374,132,2,0,576
133378,132,2,0,1728
133390,132,3,-1,7056
133394,84,2,0,1824
133406,600,4,0,4032
133410,600,4,1,84
133422,60,2,0,7680
133426,180,3,1,19632
133438,144,2,0,8064
133442,168,2,0,12480
133454,168,3,1,1290
133458,108,2,0,8232
133470,252,3,0,6336
133474,300,3,0,5184
133486,132,2,0,3120
133490,144,3,-1,924
133502,144,2,0,8976
133506,96,2,0,9504
133518,48,3,-1,36
133522,108,2,0,4032
133534,300,3,0,5568
133538,432,3,0,7872
133550,132,2,0,15312
133554,96,3,1,3084
133566,132,2,0,11184
133570,204,2,0,13512
133582,96,3,1,16800
133586,72,2,0,576
133598,336,4,-1,348
133602,264,5,-1,624
133614,84,2,0,9312
133618,72,3,-1,3456
133630,300,2,0,7800
133634,240,2,0,4416
133646,72,3,-1,864
133650,120,2,0,10080
133662,264,5,1,102
133666,432,4,-1,768
133678,84,2,0,11184
133682,48,3,1,264
133694,228,2,0,11040
133698,264,2,0,10368
133710,60,3,1,11088
133714,132,2,0,10560
133726,312,3,0,7488
133730,360,3,0,7104
133742,120,2,0,3360
133746,24,3,-1,396
133758,120,2,0,9696
133774,96,3,-1,336
133778,144,2,0,7872
133790,420,3,0,8592
133794,240,3,0,3456
133806,108,2,0,13968
133810,156,3,1,3996
133822,60,2,0,10368
133826,156,2,0,9696
133838,96,3,1,12768
133842,36,2,0,7800
133854,336,4,1,732
133858,300,4,0,2496
133870,60,2,0,13728
133874,96,3,-1,5496
133886,312,2,0,5328
133890,108,2,0,12816
133902,96,3,-1,3216
133906,72,2,0,12240
133918,672,6,0,288
133922,564,4,1,1152
133934,84,2,0,10944
133938,60,3,1,6804
133954,252,2,0,1056
133966,96,3,1,8736
133970,132,2,0,15264
133982,300,3,0,768
133986,300,3,0,6528
133998,48,2,0,6876
134002,60,3,-1,216
134014,192,2,0,14400
134018,60,2,0,8640
134030,180,3,-1,1776
134034,84,2,0,10848
134046,252,3,0,672
134050,528,3,0,8880
134062,96,2,0,4920
134066,96,3,1,4608
134078,132,2,0,744
134082,132,2,0,6432
134094,60,3,1,11616
134098,108,2,0,864
134110,288,4,-1,2376
134114,516,4,0,3552
134126,144,2,0,13920
134130,144,3,-1,3564
134142,60,2,0,8880
134146,156,2,0,384
134158,48,3,-1,2832
134162,60,2,0,6552
134174,588,4,0,288
134178,252,4,-1,210
134190,84,2,0,9456
134194,48,3,1,9432
134206,240,2,0,3840
134210,276,2,0,7200
134222,120,3,1,9792
134226,48,2,0,9792
134238,120,3,0,4224
134242,324,3,0,1464
134254,96,2,0,2112
134258,108,3,-1,3360
134270,180,2,0,18120
134274,120,2,0,7776
134286,48,3,-1,3264
134290,144,2,0,24384
134302,120,3,0,3600
134306,348,3,0,6528
134318,84,2,0,4368
134322,60,3,1,10128
134334,204,2,0,10320
134338,204,2,0,10080
134350,180,3,1,5004
134354,120,2,0,480
134366,408,4,1,7200
134370,312,5,0,1344
134382,36,2,0,6624
134386,204,3,-1,1680
134398,132,2,0,9024
134402,120,2,0,12336
134414,72,3,-1,3888
134418,48,2,0,7524
134430,240,4,0,2784
134434,432,4,1,6792
134446,156,2,0,3312
134450,204,3,1,17616
134462,276,2,0,3456
134466,156,2,0,9984
134478,36,3,1,8040
134482,180,2,0,10656
134494,504,3,0,3240
134498,144,3,0,504
134510,144,2,0,17568
134526,144,2,0,8592
134530,204,2,0,216
134542,84,3,-1,264
134546,48,2,0,2640
134558,156,3,0,3840
134562,240,3,0,432
134574,72,2,0,10800
134578,96,3,1,9096
134590,204,2,0,16992
134594,216,2,0,13824
134606,96,3,1,3888
134610,96,2,0,396
134622,252,4,-1,1584
134626,408,5,1,3072
134638,144,2,0,252
134642,48,3,-1,1548
134654,264,2,0,3120
134658,144,2,0,8304
134670,24,3,-1,3144
134674,132,2,0,4656
134686,540,5,-1,24
134690,360,4,-1,1920
134706,60,3,1,8472
134718,72,2,0,7104
134722,108,2,0,9600
134734,156,3,1,2112
134738,84,2,0,12096
134750,552,3,0,4080
134754,288,3,0,684
134766,36,2,0,1584
134770,108,3,-1,6084
134782,132,2,0,1872
134786,324,2,0,3792
134798,84,3,-1,4320
134802,12,2,0,6912
134814,276,3,0,5064
134818,312,3,0,144
134830,108,2,0,14592
134834,72,3,1,10080
134846,240,2,0,2784
134850,192,2,0,11088
134862,72,3,1,7344
134866,72,2,0,7872
134878,468,4,1,6048
134882,324,4,0,3096
134894,96,2,0,2592
134898,84,3,-1,3600
134910,168,2,0,11088
134914,240,2,0,12672
134926,168,3,-1,1920
134930,240,2,0,960
134942,156,5,0,696
134946,552,4,1,1536
134958,60,2,0,8640
134962,132,3,1,408
134974,168,2,0,13920
134978,120,2,0,8544
134990,60,3,1,16704
134994,48,2,0,10848
135006,204,3,0,3600
135010,324,3,0,8448
135022,96,2,0,9936
135026,48,3,-1,312
135038,348,2,0,5280
135042,60,2,0,5688
135054,72,3,-1,792
135058,24,2,0,7920
135070,540,3,0,672
135074,492,3,0,2544
135086,144,2,0,48
135090,108,3,1,12384
135102,132,2,0,9000
135106,228,2,0,4080
135118,24,3,1,9000
135122,108,2,0,13344
135134,456,4,-1,2208
135138,168,4,0,1416
135150,96,2,0,14880
135154,72,3,-1,984
135166,264,2,0,10368
135170,192,2,0,15624
135182,108,3,-1,2064
135186,24,2,0,8544
135198,192,4,0,2040
135202,264,4,-1,1536
135214,156,2,0,2688
135218,108,3,1,3228
135230,204,2,0,14976
135234,216,2,0,12912
135246,132,3,1,1680
135250,132,2,0,8064
135262,264,3,0,5376
135278,96,2,0,216
135282,48,3,-1,2652
135294,120,2,0,9408
135298,84,2,0,11520
135310,108,3,-1,5520
135314,72,2,0,624
135326,456,3,0,1632
135330,420,3,0,7008
135342,108,2,0,8328
135346,132,3,1,3648
135358,240,2,0,5136
135362,252,2,0,4032
135374,72,3,1,17088
135378,48,2,0,7488
135390,408,4,1,5892
135394,456,5,0,168
135406,84,2,0,14400
135410,96,3,-1,4224
135422,84,2,0,9600
135426,132,2,0,7488
135438,36,3,-1,2388
135442,48,2,0,12288
135458,708,4,1,8184
135470,156,2,0,1536
135474,60,3,1,8520
135486,144,2,0,8640
135490,144,2,0,12384
135502,48,3,1,2736
135506,72,2,0,4896
135518,240,3,0,912
135522,204,3,0,5856
135534,96,2,0,7920
135538,120,3,-1,984
135550,252,2,0,2160
135554,228,2,0,3936
135566,96,3,-1,4224
135570,108,2,0,12096
135582,288,3,0,5640
135586,228,3,0,4320
135598,96,2,0,12672
135602,96,3,1,8736
135614,156,2,0,5472
135618,96,2,0,6336
135630,24,3,1,8016
135634,72,2,0,16704
135646,408,4,-1,84
135650,648,5,-1,348
135662,36,2,0,11520
135666,132,3,-1,3024
135678,84,2,0,6360
135682,180,2,0,4392
135694,120,3,-1,6984
135698,60,2,0,8256
135710,552,5,1,3840
135714,348,4,-1,240
135726,48,2,0,9312
135730,156,3,1,14976
135742,216,2,0,12240
135746,84,2,0,336
135758,84,3,1,2268
135762,96,2,0,480
135774,132,3,0,3840
135778,264,3,0,6624
135790,168,2,0,6264
135794,180,3,-1,672
135806,312,2,0,17136
135810,204,2,0,13296
135822,72,3,-1,36
135826,168,2,0,4800
135838,216,3,0,4320
135842,300,3,0,4608
135854,120,2,0,2496
135858,48,3,1,7560
135870,168,2,0,11424
135874,108,2,0,11520
135886,120,3,1,13632
135890,192,2,0,25536
135902,504,4,1,1608
135906,228,4,0,2112
135918,84,2,0,13104
135922,60,3,-1,3024
135934,264,2,0,7200
135938,204,2,0,4656
135950,120,3,-1,3600
135954,72,2,0,1212
135966,240,5,0,1104
135970,852,4,1,2448
135982,36,2,0,7392
135986,48,3,1,11304
135998,132,2,0,8832
136002,72,2,0,9036
136014,36,3,1,876
136030,672,3,0,9840
136034,192,3,0,5136
136046,168,2,0,1116
136050,36,3,-1,3420
136062,96,2,0,6408
136066,204,2,0,14400
136078,156,3,-1,1008
136082,132,2,0,2448
136094,300,3,0,5952
136098,204,3,0,2496
136110,132,2,0,15120
136114,240,3,1,6684
136126,180,2,0,12672
136130,216,2,0,16224
136142,72,3,1,11616
136146,72,2,0,2160
136158,180,4,-1,1056
136162,444,4,0,3648
136174,156,2,0,9216
136178,156,3,-1,3264
136190,276,2,0,3456
136194,252,2,0,11280
136210,72,2,0,11832
136222,684,4,0,1632
136226,360,4,-1,672
136238,36,2,0,11136
136242,72,3,1,9936
136254,84,2,0,1344
136258,192,2,0,3024
136270,156,3,1,20832
136274,48,2,0,12288
136286,336,3,0,6528
136290,240,3,0,3984
136302,72,2,0,864
136306,84,3,-1,3648
136318,132,2,0,9120
136322,60,2,0,8400
136334,60,3,-1,144
136338,48,2,0,11988
136350,264,3,0,6804
136354,504,3,0,1536
136366,84,2,0,2112
136370,96,3,1,6060
136382,228,2,0,11232
136386,144,2,0,9216
136398,60,3,1,6696
136402,204,2,0,2988
136414,432,4,1,6384
136418,396,8,-1,120
136430,84,2,0,13440
136434,60,3,-1,2688
136446,264,2,0,2400
136450,396,2,0,15360
136462,48,3,-1,2676
136466,96,2,0,19008
136478,684,4,0,156
136482,120,4,1,2592
136494,72,2,0,12672
136498,36,3,1,84
136510,312,2,0,3600
136514,108,2,0,2472
136526,144,3,1,14400
136530,156,2,0,1560
136542,216,3,0,3600
136546,540,3,0,480
136558,120,2,0,12096
136562,156,3,-1,3840
136574,204,2,0,10224
136578,168,2,0,13056
136590,108,3,-1,4080
136594,84,2,0,10752
136606,240,3,0,5184
136610,408,3,0,8640
136622,132,2,0,2592
136626,84,3,1,7752
136638,180,2,0,8640
136642,180,2,0,9024
136654,144,3,1,1320
136658,120,2,0,2640
136670,528,4,-1,2784
136674,420,5,1,2640
136686,60,2,0,6360
136690,168,3,-1,660
136702,204,2,0,13440
136706,156,2,0,9984
136718,120,3,-1,4176
136722,72,2,0,6528
136734,360,5,-1,888
136738,144,4,-1,1080
136750,96,2,0,17280
136754,180,3,1,2688
136766,180,2,0,1560
136782,24,3,1,5832
136786,144,2,0,14592
136798,228,3,0,1368
136802,468,3,0,3168
136814,144,2,0,17952
136818,60,3,-1,2484
136830,264,2,0,18048
136834,144,2,0,2160
136846,168,3,-1,960
136850,96,2,0,13824
136862,120,3,0,4320
136866,216,3,0,3600
136878,36,2,0,5616
136882,96,3,1,13824
136894,240,2,0,10752
136898,156,2,0,14592
136910,144,3,1,8448
136914,36,2,0,7584
136926,432,4,1,5976
136930,348,4,0,3552
136942,84,2,0,3360
136946,108,3,-1,324
136962,132,2,0,768
136974,72,3,-1,3744
136978,120,2,0,4896
136990,408,6,-1,528
136994,420,4,1,4992
137006,72,2,0,13056
137010,84,3,1,12420
137022,96,2,0,7200
137026,144,2,0,16800
137038,72,3,1,9960
137042,36,2,0,7200
137054,696,3,0,480
137058,204,3,0,3912
137070,72,2,0,9888
137074,60,3,-1,3648
137086,300,2,0,732
137090,384,2,0,1632
137102,120,3,-1,3264
137106,84,2,0,9312
137118,204,3,0,600
137122,708,3,0,2424
137134,60,2,0,9504
137138,72,3,1,10560
137150,372,2,0,21792
137154,72,2,0,1896
137166,132,3,1,14064
137170,132,2,0,18240
137182,420,4,-1,1728
137186,372,4,0,2496
137198,72,2,0,3072
137202,36,3,-1,2064
137214,48,2,0,6240
137218,168,2,0,9600
137230,96,3,-1,1440
137234,228,2,0,9840
137246,348,4,0,384
137250,468,4,-1,2292
137262,48,2,0,408
137266,48,3,1,2520
137278,192,2,0,14400
137282,264,2,0,1872
137294,72,3,1,9000
137298,48,2,0,7080
137310,192,3,0,4224
137314,300,3,0,864
137326,96,2,0,13440
137330,156,3,-1,4056
137342,204,2,0,12
137346,156,2,0,2400
137358,36,3,-1,3168
137362,24,2,0,9816
137374,420,3,0,1584
137378,276,3,0,1128
137390,132,2,0,19584
137394,72,3,1,10368
137406,96,2,0,7416
137410,324,2,0,8400
137422,144,3,1,9792
137426,72,2,0,9984
137438,432,4,1,5712
137442,264,6,1,948
137454,72,2,0,1824
137458,156,3,-1,3780
137470,168,2,0,624
137474,168,2,0,12864
137486,120,3,-1,1044
137490,84,2,0,11328
137502,324,4,0,1992
137506,504,4,1,7008
137518,84,2,0,3876
137534,276,2,0,13440
137538,72,2,0,6720
137550,60,3,1,9840
137554,168,2,0,1056
137566,348,3,0,8544
137570,444,3,0,8160
137582,24,2,0,8160
137586,108,3,-1,4464
137598,132,2,0,10176
137602,132,2,0,6912
137614,108,3,-1,4608
137618,24,2,0,9984
137630,528,3,0,2688
137634,192,3,0,4800
137646,96,2,0,396
137650,120,3,1,15744
137662,264,2,0,384
137666,228,2,0,5184
137678,72,3,1,10992
137682,36,2,0,7752
137694,252,4,-1,1272
137698,384,5,-1,240
137714,96,3,-1,4848
137726,108,2,0,11328
137730,180,2,0,13248
137742,96,3,-1,2520
137746,96,2,0,1680
137758,360,5,1,2616
137762,240,4,-1,1488
137774,180,2,0,6240
137778,48,3,1,6108
137790,96,2,0,816
137794,276,2,0,14400
137806,180,3,1,3144
137810,108,2,0,4464
137822,216,3,0,5232
137826,288,3,0,5040
137838,120,2,0,7524
137842,132,3,-1,1728
137854,204,2,0,1776
137858,120,2,0,10080
137870,156,3,-1,780
137874,60,2,0,8304
137886,156,3,0,4080
137890,204,3,0,6000
137902,84,2,0,1200
137906,156,3,1,14016
137918,168,2,0,1872
137922,204,2,0,10416
137934,96,3,1,8568
137938,84,2,0,13824
137950,1200,4,1,381
137954,444,4,0,144
137966,36,2,0,11904
137970,84,3,-1,3252
137982,72,2,0,8736
137986,420,2,0,1344
137998,36,3,-1,144
138002,108,2,0,10848
138014,444,7,1,960
138018,336,4,1,300
138030,48,2,0,10608
138034,48,3,1,14544
138046,192,2,0,2352
138050,180,2,0,14784
138062,144,3,1,1008
138066,48,2,0,1248
138078,192,3,0,3984
138082,276,3,0,4224
138094,72,2,0,4224
138098,60,3,-1,51
138110,120,2,0,9840
138114,72,2,0,6168
138126,60,3,-1,2688
138130,156,2,0,3804
138142,228,3,0,5328
138146,372,3,0,1344
138158,72,2,0,12384
138162,36,3,1,8244
138174,168,2,0,12288
138178,180,2,0,10944
138190,120,3,1,14976
138194,72,2,0,11712
138206,600,4,-1,1056
138210,408,4,0,3168
138222,48,2,0,7404
138226,96,3,-1,3264
138238,240,2,0,2160
138242,216,2,0,3144
138254,48,3,-1,504
138258,72,2,0,8064
138270,516,4,0,3456
138286,156,2,0,912
138290,168,3,1,15840
138302,132,2,0,9216
138306,84,2,0,5904
138318,12,3,1,8376
138322,96,2,0,9600
138334,216,3,0,336
138338,240,3,0,4224
138350,96,2,0,3456
138354,60,3,-1,792
138366,156,2,0,10752
138370,228,2,0,19488
138382,120,3,-1,2592
138386,60,2,0,912
138398,348,3,0,7176
138402,192,3,0,3888
138414,24,2,0,624
138418,72,3,1,2928
138430,180,2,0,10368
138434,216,2,0,1152
138446,96,3,1,2616
138450,120,2,0,14352
138466,468,5,0,168
138478,48,2,0,7824
138482,120,3,-1,4248
138494,360,2,0,5136
138498,48,2,0,5952
138510,120,3,-1,5184
138514,156,2,0,13824
138526,288,4,0,720
138530,780,4,1,3024
138542,60,2,0,11136
138546,84,3,1,1752
138558,60,2,0,7200
138562,192,2,0,2400
138574,120,3,1,17568
138578,60,2,0,9792
138590,336,3,0,6144
138594,384,3,0,5904
138606,48,2,0,8640
138610,156,3,-1,4608
138622,228,2,0,12240
138626,192,2,0,13824
138638,120,3,-1,1584
138642,12,2,0,8256
138654,348,3,0,228
138658,288,3,0,4560
138670,120,2,0,3708
138674,72,3,1,2256
138686,192,2,0,1920
138690,144,2,0,14352
138702,84,3,1,6552
138706,216,2,0,7632
138718,420,4,-1,1968
138722,384,5,1,2256
138734,84,2,0,14016
138738,48,3,-1,1728
138750,216,2,0,10896
138754,132,2,0,1752
138766,96,3,-1,3648
138770,132,2,0,14400
138782,168,5,-1,168
138786,192,4,-1,1344
138798,12,2,0,6432
138802,120,3,1,13992
138814,204,2,0,5904
138818,180,2,0,3696
138830,120,3,1,16896
138834,60,2,0,6912
138846,408,3,0,60
138850,336,3,0,336
138862,96,2,0,9360
138866,204,3,-1,5472
138878,96,2,0,9504
138882,144,2,0,1488
138894,72,3,-1,2004
138898,72,2,0,720
138910,420,3,0,8640
138914,444,3,0,456
138926,108,2,0,4944
138930,96,3,1,14016
138942,48,2,0,6912
138946,216,2,0,1944
138958,156,3,1,924
138962,156,2,0,5088
138974,276,4,1,4320
138978,180,4,0,2100
138990,72,2,0,13056
138994,72,3,-1,984
139006,156,2,0,12288
139010,156,2,0,11568
139022,120,3,-1,3816
139038,312,5,0,768
139042,372,4,1,5796
139054,84,2,0,4032
139058,24,3,1,9264
139070,408,2,0,7752
139074,168,2,0,10752
139086,24,3,1,8736
139090,60,2,0,12480
139102,312,3,0,1152
139106,372,3,0,1632
139118,84,2,0,9600
139122,24,3,-1,1656
139134,180,2,0,9216
139138,300,2,0,6720
139150,36,3,-1,3456
139154,180,2,0,204
139166,180,3,0,4944
139170,360,3,0,5760
139182,108,2,0,8736
139186,120,3,1,14208
139198,168,2,0,10080
139202,96,2,0,7680
139218,72,2,0,6864
139230,288,4,-1,2046
139234,300,4,0,2496
139246,108,2,0,912
139250,132,3,-1,2160
139262,168,2,0,12552
139266,192,2,0,10080
139278,72,3,-1,3684
139282,60,2,0,1692
139294,348,4,0,3456
139298,324,4,-1,1680
139310,132,2,0,12096
139314,24,3,1,7896
139326,180,2,0,9600
139330,228,2,0,16032
139342,36,3,1,9120
139346,60,2,0,2784
139358,300,3,0,144
139362,228,3,0,3216
139374,96,2,0,8784
139378,228,3,-1,192
139390,600,2,0,7872
139394,276,2,0,6624
139406,84,3,-1,3696
139410,72,2,0,12576
139422,156,3,0,2952
139426,348,3,0,1152
139438,120,2,0,1440
139442,36,3,1,576
139454,300,2,0,2592
139458,60,2,0,7392
139470,168,3,1,1872
139474,96,2,0,12480
139486,432,4,1,5880
139490,744,5,0,2736
139502,96,2,0,5052
139506,24,3,-1,2856
139518,84,2,0,7104
139522,120,2,0,14400
139534,156,3,-1,936
139538,48,2,0,2244
139550,684,4,0,5760
139554,372,4,1,816
139566,84,2,0,8064
139570,132,3,1,7248
139582,96,2,0,8400
139586,192,2,0,18432
139598,36,3,1,6384
139602,120,2,0,10056
139614,348,3,0,7008
139618,120,3,0,3696
139630,228,2,0,19392
139634,120,3,-1,576
139646,324,2,0,528
139650,48,2,0,6840
139662,72,3,-1,3072
139666,144,2,0,2112
139678,252,3,0,1680
139682,312,3,0,912
139694,60,2,0,9792
139698,108,3,1,10944
139710,72,2,0,9024
139714,252,2,0,5184
139726,84,3,1,14400
139730,108,2,0,12480
139742,432,4,-1,2484
139746,324,5,-1,120
139758,60,2,0,7260
139762,72,3,-1,3300
139774,96,2,0,9600
139790,132,3,-1,1608
139794,60,2,0,7776
139806,444,5,1,2664
139810,672,4,-1,3144
139822,96,2,0,3168
139826,204,3,1,6120
139838,192,2,0,11136
139842,60,2,0,6048
139854,132,3,1,336
139858,96,2,0,2496
139870,348,3,0,6048
139874,504,3,0,8448
139886,168,2,0,1392
139890,60,3,-1,3744
139902,156,2,0,6528
139906,240,2,0,10080
139918,48,3,-1,3840
139922,48,2,0,12576
139934,300,3,0,108
139938,312,3,0,5424
139950,96,2,0,12864
139954,108,3,1,1632
139970,240,2,0,2784
139982,96,3,1,8784
139986,36,2,0,7200
139998,216,4,1,3744
140002,468,4,0,1200
140014,60,2,0,9120
140018,36,3,-1,3216
140030,252,2,0,13584
140034,216,2,0,10800
140046,36,3,-1,27
140050,120,2,0,14880
140062,480,5,0,1560
140066,324,4,1,5472
140078,120,2,0,3312
140082,84,3,1,8640
140094,144,2,0,8736
140098,180,2,0,10656
140110,96,3,1,6660
140114,120,2,0,5376
140126,180,3,0,4032
140130,336,3,0,5088
140142,48,2,0,7320
140146,192,3,-1,78
140158,228,2,0,13728
140162,60,2,0,9648
140174,96,3,-1,5472
140178,36,2,0,5832
140190,312,3,0,5520
140194,312,3,0,6528
140206,48,2,0,10368
140210,120,3,1,13200
140222,180,2,0,480
140226,216,2,0,10128
140238,48,3,1,7056
140242,24,2,0,7776
140254,720,4,-1,10
140258,360,4,0,1200
140270,96,2,0,16560
140274,120,3,-1,3336
140286,84,2,0,8256
140290,192,2,0,4080
140302,144,3,-1,4032
140306,96,2,0,10752
140318,228,4,0,2304
140322,216,4,-1,1152
140334,24,2,0,8160
140338,84,3,1,9600
140350,228,2,0,1200
140354,168,2,0,2112
140366,240,3,1,240
140370,48,2,0,1284
140382,96,3,0,3168
140386,492,3,0,7680
140398,96,2,0,3180
140402,96,3,-1,702
140414,276,2,0,13920
140418,252,2,0,192
140430,60,3,-1,3264
140434,108,2,0,5904
140446,456,3,0,1920
140450,444,3,0,1056
140462,60,2,0,6144
140466,72,3,1,7752
140478,72,2,0,8208
140482,180,2,0,10176
140494,48,3,1,1056
140498,72,2,0,12960
140510,852,4,1,2484
140514,168,7,-1,144
140526,108,2,0,11232
140542,264,2,0,4248
140546,276,2,0,576
140558,48,3,-1,2784
140562,48,2,0,9600
140574,216,4,0,1728
140578,516,4,1,120
140590,120,2,0,14976
140594,84,3,1,10080
140606,96,2,0,11040
140610,180,2,0,11820
140622,120,3,1,10584
140626,96,2,0,13872
140638,204,3,0,5256
140642,192,3,0,5040
140654,132,2,0,504
140658,48,3,-1,2424
140670,192,2,0,240
140674,108,2,0,10560
140686,72,3,-1,1176
140690,84,2,0,5712
140702,180,3,0,6144
140706,324,3,0,6336
140722,84,3,1,180
140734,156,2,0,11424
140738,144,2,0,9984
140750,84,3,1,16872
140754,108,2,0,1632
140766,240,4,-1,1200
140770,480,5,1,3900
140782,60,2,0,10368
140786,84,3,-1,3360
140798,264,2,0,5088
140802,120,2,0,8256
140814,36,3,-1,2496
140818,24,2,0,12048
140830,552,5,-1,306
140834,684,4,-1,54
140846,84,2,0,3744
140850,72,3,1,8712
140862,168,2,0,10944
140866,216,2,0,4896
140878,36,3,1,96
140882,72,2,0,7536
140894,252,3,0,6144
140898,192,3,0,3744
140910,84,2,0,12336
140914,108,3,-1,3360
140926,156,2,0,9600
140930,276,2,0,24384
140942,72,3,-1,576
140946,84,2,0,2352
140958,264,3,0,4368
140962,192,3,0,3744
140974,240,2,0,8976
140978,156,3,1,1356
140990,168,2,0,13632
140994,120,2,0,6720
141006,120,3,1,1608
141010,60,2,0,3552
141022,408,4,1,5088
141026,264,4,0,2400
141038,36,2,0,1440
141042,84,3,-1,3168
141054,108,2,0,1800
141058,288,2,0,12000
141070,96,3,-1,4680
141074,48,2,0,9792
141086,816,6,1,648
141090,420,4,1,5544
141102,48,2,0,7296
141106,48,3,1,10224
141118,240,2,0,3264
141122,264,2,0,5904
141134,96,3,1,13152
141138,60,2,0,6720
141150,324,3,0,5472
141154,624,3,0,492
141166,12,2,0,7296
141170,180,3,-1,516
141182,168,2,0,11520
141186,180,2,0,8064
141198,72,3,-1,3360
141202,36,2,0,1296
141214,360,3,0,6528
141218,120,3,0,3696
141230,132,2,0,6192
141234,36,3,1,1680
141246,120,2,0,1200
141250,336,2,0,16800
141262,120,3,1,2088
141266,144,2,0,3888
141278,288,4,-1,1560
141294,60,2,0,10944
141298,72,3,-1,1128
141310,324,2,0,24144
141314,84,2,0,11520
141326,132,3,-1,4272
141330,120,2,0,11232
141342,204,4,0,1632
141346,456,4,-1,576
141358,84,2,0,7776
141362,108,3,1,13632
141374,324,2,0,3264
141378,132,2,0,6960
141390,48,3,1,9912
141394,96,2,0,14592
141406,552,3,0,4272
141410,408,3,0,2016
141422,24,2,0,9936
141426,36,3,-1,3168
141438,144,2,0,5472
141442,180,2,0,3528
141454,60,3,-1,528
141458,84,2,0,11616
141474,216,3,0,4320
141486,84,2,0,12864
141490,180,3,1,15504
141502,204,2,0,8352
141506,216,2,0,14352
141518,216,3,1,4488
141522,60,2,0,5760
141534,276,4,1,4848
141538,252,6,-1,432
141550,228,2,0,1992
141554,96,3,-1,360
141566,204,2,0,11712
141570,84,2,0,10368
141582,12,3,-1,2220
141586,108,2,0,2304
141598,300,4,0,2256
141602,348,4,1,5856
141614,60,2,0,10560
141618,60,3,1,9216
141630,192,2,0,13176
141634,120,2,0,10848
141646,144,3,1,3120
141650,120,2,0,11424
141662,312,3,0,2160
141666,168,3,0,4080
141678,72,2,0,8640
141682,72,3,-1,3792
141694,252,2,0,3120
141698,144,2,0,2148
141710,144,3,-1,4896
141714,96,2,0,12384
141726,216,3,0,4512
141730,672,3,0,4176
141742,72,2,0,12960
141746,144,3,1,1872
141758,324,2,0,11136
141762,96,2,0,6720
141774,36,3,1,5880
141778,36,2,0,9072
141790,444,4,-1,384
141794,444,5,-1,960
141806,60,2,0,2496
141810,108,3,-1,3612
141822,96,2,0,96
141826,168,2,0,10944
141838,144,3,-1,1764
141842,60,2,0,3600
141854,696,5,1,672
141858,84,4,-1,1296
141870,96,2,0,9840
141874,180,3,1,1152
141886,132,2,0,7920
141890,264,2,0,17088
141902,36,3,1,10368
141906,36,2,0,9408
141918,276,3,0,3888
141922,228,3,0,4320
141934,72,2,0,288
141938,108,3,-1,2904
141950,180,2,0,984
141954,252,2,0,1728
141966,156,3,-1,4116
141970,108,2,0,18192
141982,408,3,0,1704
141986,552,3,0,408
141998,60,2,0,9216
142002,24,3,1,138
142014,252,2,0,10944
142018,192,2,0,336
142030,72,3,1,12768
142046,516,4,1,960
142050,492,4,0,168
142062,24,2,0,5796
142066,84,3,-1,5040
142078,180,2,0,11136
142082,204,2,0,8448
142094,228,3,-1,2640
142098,60,2,0,6696
142110,456,9,1,150
142114,300,4,1,4416
142126,96,2,0,3072
142130,180,3,1,4128
142142,72,2,0,7200
142146,192,2,0,1728
142158,48,3,1,228
142162,96,2,0,6072
142174,312,3,0,6336
142178,324,3,0,4848
142190,156,2,0,21456
142194,12,3,-1,2364
142206,108,2,0,10416
142210,264,2,0,576
142226,204,2,0,15360
142238,228,3,0,1200
142242,216,3,0,4224
142254,72,2,0,1680
142258,48,3,1,7464
142270,408,2,0,7776
142274,312,2,0,432
142286,60,3,1,1008
142290,84,2,0,11868
142302,240,4,-1,1296
142306,276,4,0,72
142318,96,2,0,12240
142322,108,3,-1,3456
142334,132,2,0,10368
142338,144,2,0,7560
142350,84,3,-1,3936
142354,84,2,0,432
142366,276,4,0,2880
142370,372,4,-1,1848
142382,72,2,0,4080
142386,84,3,1,10800
142398,96,2,0,5712
142402,240,2,0,14424
142414,72,3,1,3312
142418,72,2,0,5376
142430,504,3,0,8832
142434,216,3,0,4320
142446,84,2,0,2028
142450,72,3,-1,1062
142462,168,2,0,11136
142466,180,2,0,9504
142478,60,3,-1,2520
142482,36,2,0,5520
142494,264,3,0,4320
142498,432,3,0,7776
142510,108,2,0,11328
142514,108,3,1,18432
142526,384,2,0,9888
142530,132,2,0,8544
142542,84,3,1,11004
142546,84,2,0,1632
142558,552,4,1,1164
142562,276,5,0,264
142574,72,2,0,1344
142578,60,3,-1,2880
142590,168,2,0,10032
142594,288,2,0,5472
142606,48,3,-1,720
142610,216,2,0,19152
142622,252,4,0,120
142626,408,4,1,5256
142638,36,2,0,7680
142642,84,3,1,7980
142654,324,2,0,3696
142658,192,2,0,10944
142670,96,3,1,3000
142674,12,2,0,8064
142686,168,3,0,3888
142690,312,3,0,7200
142702,48,2,0,4464
142706,72,3,-1,960
142718,120,2,0,9696
142722,96,2,0,11028
142734,96,3,-1,3840
142738,132,2,0,3840
142750,336,3,0,624
142754,336,3,0,864
142766,204,2,0,14592
142770,108,3,1,126
142782,96,2,0,8064
142798,144,3,1,16416
142802,96,2,0,1152
142814,360,4,-1,480
142818,192,5,1,48
142830,96,2,0,8736
142834,156,3,-1,6144
142846,168,2,0,156
142850,384,2,0,9792
142862,144,3,-1,4308
142866,72,2,0,9792
142878,288,5,-1,840
142882,300,4,-1,396
142894,36,2,0,9216
142898,36,3,1,6264
142910,276,2,0,1008
142914,96,2,0,8352
142926,24,3,1,8676
142930,168,2,0,14760
142942,336,3,0,5088
142946,372,3,0,1536
142958,132,2,0,4944
142962,60,3,-1,2760
142978,36,2,0,6432
142990,228,3,-1,1512
142994,108,2,0,2832
143006,276,3,0,5520
143010,264,3,0,4560
143022,60,2,0,6144
143026,228,3,1,7200
143038,180,2,0,10320
143042,108,2,0,8736
143054,144,3,1,2496
143058,48,2,0,9648
143070,372,4,1,5802
143074,384,4,0,3120
143086,108,2,0,16176
143090,84,3,-1,3936
143102,144,2,0,2352
143106,180,2,0,11424
143118,48,3,-1,1572
143122,36,2,0,8928
143134,756,5,0,792
143138,528,4,1,1920
143150,108,2,0,14208
143154,48,3,1,2124
143166,144,2,0,9216
143170,276,2,0,2184
143182,24,3,1,8400
143186,108,2,0,14976
143198,300,3,0,384
143202,168,3,0,3924
143214,72,2,0,9744
143218,132,3,-1,3888
143230,120,2,0,13200
143234,120,2,0,11328
143246,132,3,-1,4
143250,48,2,0,10272
143262,156,3,0,3288
143266,324,3,0,6336
143278,168,2,0,3648
143282,144,3,1,5502
143294,120,2,0,9408
143298,132,2,0,6984
143310,60,3,1,15534
143314,108,2,0,2016
143326,348,4,-1,1944
143330,384,4,0,3840
143342,36,2,0,10464
143346,72,3,-1,762
143358,180,2,0,1056
143362,180,2,0,7776
143374,96,3,-1,2688
143378,72,2,0,11520
143390,540,4,0,168
143394,300,4,-1,1596
143406,72,2,0,7296
143410,120,3,1,20064
143422,252,2,0,3456
143426,132,2,0,192
143438,60,3,1,14712
143442,84,2,0,10080
143454,144,3,0,576
143458,336,3,0,2664
143470,108,2,0,15264
143474,144,3,-1,3840
143486,144,2,0,13440
143490,168,2,0,8784
143502,36,3,-1,2904
143506,60,2,0,12288
143518,276,3,0,4320
143522,204,3,0,5184
143534,156,2,0,3528
143550,180,2,0,11280
143554,324,2,0,408
143566,108,3,1,5040
143570,84,2,0,2448
143582,528,4,1,5232
143586,276,5,0,120
143598,60,2,0,8964
143602,72,3,-1,912
143614,192,2,0,14208
143618,240,2,0,15624
143630,156,3,-1,4536
143634,108,2,0,10368
143646,276,4,0,456
143650,456,4,1,6624
143662,132,2,0,11040
143666,108,3,1,10848
143678,108,2,0,2520
143682,48,2,0,5568
143694,84,3,1,10656
143698,48,2,0,120
143710,540,3,0,2208
143714,336,3,0,2736
143730,120,3,-1,180
143742,72,2,0,5376
143746,468,2,0,864
143758,48,3,-1,240
143762,48,2,0,9552
143774,660,3,0,8352
143778,228,3,0,216
143790,48,2,0,10896
143794,48,3,1,10560
143806,216,2,0,13440
143810,204,2,0,16416
143822,120,3,1,3648
143826,24,2,0,5904
143838,336,4,-1,1464
143842,360,5,-1,888
143854,60,2,0,576
143858,36,3,-1,636
143870,336,2,0,17904
143874,132,2,0,720
143886,72,3,-1,2736
143890,312,2,0,9600
143902,372,5,1,2592
143906,372,4,-1,1800
143918,72,2,0,9744
143922,24,3,1,7056
143934,192,2,0,7248
143938,60,2,0,7104
143950,84,3,1,16512
143954,60,2,0,2016
143966,312,3,0,1392
143970,468,3,0,8520
143982,48,2,0,7344
143986,48,3,-1,3384
143998,288,2,0,4752
144002,192,2,0,2592
144014,108,3,-1,5376
144018,24,2,0,5736
144030,216,3,0,5952
144034,540,3,0,2112
144046,96,2,0,1776
144050,120,3,1,11856
144062,108,2,0,7872
144066,192,2,0,768
144078,12,3,1,5868
144082,108,2,0,13728
144094,564,4,1,7536
144098,336,4,0,2496
144110,228,2,0,312
144114,84,3,-1,2472
144126,120,2,0,10776
144130,108,2,0,9936
144142,120,3,-1,96
144146,204,2,0,1344
144158,348,5,0,1008
144162,360,4,1,3648
144174,24,2,0,1248
144178,204,3,1,3744
144190,228,2,0,12240
144194,168,2,0,11040
144206,72,3,1,14592
144210,48,2,0,7068
144222,312,3,0,432
144226,324,3,0,5184
144238,48,2,0,7200
144242,60,3,-1,360
144254,408,2,0,1152
144258,24,2,0,7488
144270,48,3,-1,2448
144274,60,2,0,11520
144286,396,3,0,1344
144302,108,2,0,7680
144306,108,3,1,10356
144318,204,2,0,9084
144322,132,2,0,4416
144334,132,3,1,12360
144338,60,2,0,1872
144350,312,4,-1,1944
144354,396,4,0,408
144366,60,2,0,8544
144370,156,3,-1,972
144382,108,2,0,8640
144386,120,2,0,9312
144398,108,3,-1,1200
144402,84,2,0,7248
144414,156,4,0,1440
144418,324,4,-1,1752
144430,144,2,0,10188
144434,156,3,1,3960
144446,168,2,0,3840
144450,240,2,0,14976
144462,48,3,1,6960
144466,120,2,0,960
144482,216,3,0,4992
144494,96,2,0,9360
144498,72,3,-1,2664
144510,72,2,0,8136
144514,192,2,0,14688
144526,72,3,-1,3936
144530,60,2,0,14976
144542,636,3,0,1368
144546,180,3,0,600
144558,36,2,0,10344
144562,48,3,1,6480
144574,144,2,0,3264
144578,192,2,0,4512
144590,132,3,1,11424
144594,84,2,0,10368
144606,216,4,1,2880
144610,684,6,0,192
144622,84,2,0,10368
144626,156,3,-1,4800
144638,144,2,0,10368
144642,132,2,0,7440
144654,132,3,-1,816
144658,72,2,0,8736
144670,504,4,0,4728
144674,732,4,1,8256
144686,108,2,0,3888
144690,132,3,1,684
144702,84,2,0,7152
144706,312,2,0,1536
144718,108,3,1,2352
144722,96,2,0,2628
144734,240,3,0,6144
144738,216,3,0,3264
144750,48,2,0,10680
144754,108,3,-1,330
144766,204,2,0,12480
144770,120,2,0,10560
144782,72,3,-1,3816
144786,120,2,0,11280
144798,108,3,0,3072
144802,216,3,0,4704
144814,84,2,0,13056
144818,96,3,1,9408
144830,300,2,0,4464
144834,108,2,0,6672
144846,132,3,1,2556
144850,108,2,0,17856
144862,408,4,-1,612
144866,960,5,1,336
144878,36,2,0,9216
144882,60,3,-1,2112
144894,168,2,0,11952
144898,60,2,0,3168
144910,108,3,-1,4872
144914,36,2,0,9312
144926,312,5,-1,96
144930,132,4,-1,1536
144942,72,2,0,7608
144946,60,3,1,2328
144958,168,2,0,1584
144962,192,2,0,12672
144974,108,3,1,2544
144978,60,2,0,10224
144990,348,3,0,7344
144994,288,3,0,5376
145006,168,2,0,5280
145010,192,3,-1,2736
145022,180,2,0,10416
145026,72,2,0,6720
145038,60,3,-1,2256
145054,396,3,0,1560
145058,240,3,0,5184
145070,216,2,0,18624
145074,60,3,1,7980
145086,96,2,0,11040
145090,144,2,0,16320
145102,60,3,1,8352
145106,84,2,0,9504
145118,408,4,1,2124
145122,312,4,0,288
145134,36,2,0,6528
145138,84,3,-1,3048
145150,132,2,0,3072
145154,384,2,0,144
145166,132,3,-1,4800
145170,36,2,0,8652
145182,300,6,-1,324
145186,780,4,1,3024
145198,60,2,0,7464
145202,84,3,1,13320
145214,156,2,0,10752
145218,60,2,0,6588
145234,60,2,0,11520
145246,288,3,0,840
145250,180,3,0,5616
145262,132,2,0,4080
145266,24,3,-1,2352
145278,156,2,0,6336
145282,168,2,0,10464
145294,156,3,-1,1848
145298,108,2,0,3456
145310,372,3,0,5712
145314,288,3,0,6384
145326,48,2,0,10656
145330,144,3,1,4632
145342,180,2,0,9216
145346,156,2,0,2592
145358,84,3,1,10320
145362,36,2,0,5568
145374,252,4,-1,1728
145378,192,4,0,2640
145390,72,2,0,9168
145394,60,3,-1,4320
145406,156,2,0,2880
145410,168,2,0,15408
145422,36,3,-1,1836
145426,108,2,0,14016
145438,780,4,0,456
145442,504,4,-1,792
145454,144,2,0,192
145458,36,3,1,6264
145470,204,2,0,8448
145474,156,2,0,2208
145486,48,3,1,11808
145490,120,2,0,16512
145502,312,3,0,4776
145506,144,3,0,4224
145518,24,2,0,6864
145522,144,3,-1,4176
145534,192,2,0,12384
145538,168,2,0,10752
145550,216,3,-1,2916
145554,48,2,0,132
145566,276,3,0,4992
145570,396,3,0,7584
145582,84,2,0,1608
145586,72,3,1,3312
145598,180,2,0,9072
145602,120,2,0,7056
145614,36,3,1,8352
145618,84,2,0,4716
145630,480,4,1,7296
145634,432,6,1,1632
145646,96,2,0,2592
145650,132,3,-1,3744
145662,84,2,0,7176
145666,312,2,0,12480
145678,48,3,-1,3624
145682,48,2,0,8352
145694,480,4,0,72
145698,240,4,1,3300
145710,120,2,0,2100
145714,108,3,1,11904
145726,204,2,0,216
145730,276,2,0,4608
145742,84,3,1,1416
145746,72,2,0,1584
145758,156,3,0,3120
145762,420,3,0,504
145774,96,2,0,16896
145778,12,3,-1,2328
145790,456,2,0,22152
145806,48,3,-1,2160
145810,24,2,0,10752
145822,216,3,0,3456
145826,348,3,0,6528
145838,48,2,0,636
145842,72,3,1,7464
145854,120,2,0,1680
145858,168,2,0,12816
145870,192,3,1,5712
145874,156,2,0,6384
145886,456,4,-1,2352
145890,192,5,-1,696
145902,72,2,0,648
145906,132,3,-1,144
145918,108,2,0,10944
145922,108,2,0,9216
145934,60,3,-1,3072
145938,96,2,0,1008
145950,324,5,1,2364
145954,432,4,-1,240
145966,144,2,0,13248
145970,216,3,1,17328
145986,156,2,0,8448
145998,72,3,1,9798
146002,36,2,0,288
146014,312,3,0,1344
146018,288,3,0,1344
146030,72,2,0,10704
146034,96,3,-1,2880
146046,120,2,0,1320
146050,300,2,0,6576
146062,144,3,-1,4200
146066,60,2,0,9408
146078,324,3,0,5856
146082,192,3,0,4296
146094,0,2,0,6144
146098,144,3,1,13344
146110,180,2,0,15168
146114,192,2,0,9216
146126,108,3,1,3072
146130,60,2,0,1008
146142,264,4,1,126
146146,360,4,0,624
146158,156,2,0,336
146162,36,3,-1,288
146174,72,2,0,8448
146178,72,2,0,624
146190,60,3,-1,3912
146194,144,2,0,4512
146206,288,6,0,600
146210,612,4,1,10200
146222,84,2,0,11520
146226,72,3,1,7152
146238,180,2,0,10296
146242,72,2,0,8256
146254,180,3,1,2196
146258,60,2,0,8832
146270,660,3,0,3456
146274,192,3,0,4608
146286,48,2,0,7680
146290,60,3,-1,3360
146302,180,2,0,3888
146306,276,2,0,5640
146318,48,3,-1,2760
146322,84,2,0,10116
146334,300,3,0,6912
146338,228,3,0,960
146350,132,2,0,16632
146354,72,3,1,2208
146366,84,2,0,7584
146370,144,2,0,14064
146382,36,3,1,5784
146386,84,2,0,15360
146398,180,4,-1,1152
146402,180,4,0,1680
146414,120,2,0,7104
146418,48,3,-1,2718
146430,144,2,0,10752
146434,192,2,0,11232
146446,132,3,-1,288
146450,108,2,0,3900
146462,276,4,0,2304
146466,336,4,-1,1536
146478,96,2,0,8184
146482,60,3,1,3630
146494,228,2,0,1920
146498,144,2,0,10560
146510,84,3,1,10296
146514,24,2,0,6912
146526,276,3,0,672
146530,468,3,0,10512
146542,36,2,0,9120
146558,204,2,0,2808
146562,216,2,0,7656
146574,60,3,-1,3648
146578,24,2,0,576
146590,540,3,0,2928
146594,360,3,0,1536
146606,84,2,0,17280
146610,72,3,1,11208
146622,96,2,0,5664
146626,192,2,0,3360
146638,60,3,1,8016
146642,84,2,0,1200
146654,540,4,1,1404
146658,252,5,0,984
146670,108,2,0,11232
146674,48,3,-1,3840
146686,204,2,0,15840
146690,324,2,0,1872
146702,72,3,-1,912
146706,96,2,0,8256
146718,108,4,0,1584
146722,444,4,1,792
146738,48,3,1,4656
146750,240,2,0,16320
146754,168,2,0,1632
146766,36,3,1,6696
146770,156,2,0,4464
146782,180,3,0,5352
146786,324,3,0,5376
146798,96,2,0,10152
146802,60,3,-1,3432
146814,204,2,0,7344
146818,192,2,0,9216
146830,132,3,-1,5616
146834,36,2,0,9216
146846,504,3,0,768
146850,168,3,0,3648
146862,60,2,0,6528
146866,156,3,1,14976
146878,120,2,0,1968
146882,336,2,0,3744
146894,156,3,1,13200
146898,36,2,0,5040
146910,324,4,-1,2040
146914,744,5,1,1704
146926,72,2,0,10944
146930,60,3,-1,3744
146942,108,2,0,10560
146946,144,2,0,2016
146958,72,3,-1,2874
146962,96,2,0,9408
146974,204,5,-1,768
146978,384,4,-1,2472
146990,156,2,0,2688
146994,72,3,1,8064
147006,120,2,0,12240
147010,216,2,0,14112
147022,132,3,1,7014
147026,132,2,0,3360
147038,120,3,0,4320
147042,168,3,0,2496
147054,84,2,0,2016
147058,108,3,-1,576
147070,132,2,0,10128
147074,204,2,0,13824
147086,36,3,-1,3264
147090,84,2,0,14484
147102,132,3,0,3168
147106,300,3,0,4896
147118,84,2,0,13440
147122,36,3,1,7224
147134,288,2,0,1536
147138,96,2,0,9360
147150,60,3,1,10728
147154,96,2,0,48
147166,792,4,1,2352
147170,540,4,0,1536
147182,72,2,0,8688
147186,48,3,-1,2712
147198,96,2,0,7296
147202,132,2,0,2496
147214,96,3,-1,3696
147218,48,2,0,11616
147230,480,5,0,1776
147234,264,4,1,3168
147246,72,2,0,96
147250,108,3,1,12288
147262,84,2,0,7776
147266,132,2,0,8640
147278,84,3,1,564
147282,60,2,0,7320
147294,168,3,0,3696
147310,216,2,0,492
147314,96,3,-1,1392
147326,120,2,0,8736
147330,228,2,0,13056
147342,96,3,-1,2952
147346,120,2,0,1176
147358,228,3,0,6048
147362,192,3,0,120
147374,60,2,0,11712
147378,72,3,1,5712
147390,180,2,0,11232
147394,144,2,0,12960
147406,36,3,1,7584
147410,60,2,0,336
147422,324,4,-1,348
147426,612,4,0,3744
147438,12,2,0,6072
147442,48,3,-1,3816
147454,372,2,0,1152
147458,120,2,0,1056
147470,84,3,-1,5568
147474,12,2,0,864
147490,648,4,-1,1056
147502,96,2,0,10752
147506,132,3,1,1536
147518,120,2,0,9504
147522,132,2,0,5928
147534,84,3,1,576
147538,72,2,0,7632
147550,336,3,0,7776
147554,300,3,0,1344
147566,96,2,0,4032
147570,96,3,-1,24
147582,144,2,0,8004
147586,156,2,0,11520
147598,72,3,-1,804
147602,168,2,0,4560
147614,276,3,0,5760
147618,324,3,0,4608
147630,72,2,0,696
147634,72,3,1,2172
147646,264,2,0,504
147650,204,2,0,15456
147662,96,3,1,10368
147666,72,2,0,11760
147678,240,4,1,2940
147682,276,5,0,1104
147694,48,2,0,11232
147698,84,3,-1,4032
147710,276,2,0,6240
147714,108,2,0,6216
147726,36,3,-1,2760
147730,36,2,0,11904
147742,384,4,0,576
147746,456,4,1,204
147758,36,2,0,10368
147762,12,3,1,9216
147774,120,2,0,8448
147778,288,2,0,6408
147790,108,3,1,16992
147794,60,2,0,12864
147806,336,3,0,7680
147810,372,3,0,5712
147822,72,2,0,7956
147826,84,3,-1,2688
147838,180,2,0,10944
147842,168,2,0,528
147854,72,3,-1,144
147858,24,2,0,6288
147870,216,3,0,5352
147874,192,3,0,5184
147886,96,2,0,5328
147890,168,3,1,5712
147902,216,2,0,11520
147906,72,2,0,6816
147918,36,3,1,6300
147922,144,2,0,3744
147934,264,4,-1,1584
147938,228,5,-1,576
147950,72,2,0,12288
147954,132,3,-1,540
147966,108,2,0,8784
147970,300,2,0,15888
147982,60,3,-1,3168
147986,108,2,0,14784
147998,420,5,1,744
148002,228,4,-1,1320
148014,24,2,0,9504
148018,84,3,1,12168
148030,228,2,0,2184
148034,360,2,0,6912
148046,96,3,1,1860
148062,180,3,0,504
148066,204,3,0,1152
148078,72,2,0,11616
148082,36,3,-1,2016
148094,120,2,0,168
148098,36,2,0,6552
148110,24,3,-1,48
148114,120,2,0,1440
148126,360,3,0,6528
148130,456,3,0,8064
148142,84,2,0,4620
148146,84,3,1,1584
148158,96,2,0,420
148162,144,2,0,8424
148174,192,3,1,3864
148178,108,2,0,1848
148190,696,4,1,7752
148194,276,4,0,2592
148206,60,2,0,10080
148210,228,3,-1,2736
148222,84,2,0,6720
148226,240,2,0,18144
148242,36,2,0,6384
148254,420,5,0,252
148258,408,4,1,744
148270,72,2,0,15648
148274,60,3,1,9144
148286,192,2,0,2400
148290,156,2,0,1296
148302,24,3,1,6216
148306,84,2,0,11520
148318,192,3,0,2160
148322,432,3,0,2448
148334,48,2,0,9024
148338,108,3,-1,3024
148350,192,2,0,14496
148354,228,2,0,240
148366,120,3,-1,4992
148370,48,2,0,12384
148382,156,3,0,3720
148386,180,3,0,4176
148398,24,2,0,288
148402,72,3,1,792
148414,132,2,0,11904
148418,96,2,0,6912
148430,168,3,1,3180
148434,60,2,0,9216
148446,312,4,-1,312
148450,324,4,0,3168
148462,84,2,0,2880
148466,168,3,-1,1920
148478,108,2,0,336
148482,72,2,0,7104
148494,36,3,-1,2676
148498,108,2,0,2520
148510,408,4,0,3360
148514,360,4,-1,1584
148526,60,2,0,9888
148530,84,3,1,9540
148542,48,2,0,7200
148546,312,2,0,3264
148558,72,3,1,6480
148562,48,2,0,9888
148574,372,3,0,2832
148578,108,3,0,288
148590,156,2,0,15504
148594,24,3,-1,3456
148606,216,2,0,240
148610,144,2,0,2772
148622,180,3,-1,3648
148626,60,2,0,8064
148638,144,3,0,2916
148642,300,3,0,1872
148654,96,2,0,2304
148658,72,3,1,16704
148670,108,2,0,9792
148674,168,2,0,12960
148686,108,3,1,12000
148690,60,2,0,576
148702,612,4,1,7560
148706,264,6,0,672
148718,72,2,0,2256
148722,24,3,-1,1848
148734,96,2,0,7776
148738,180,2,0,10176
148750,180,3,-1,2244
148754,132,2,0,132
148766,480,4,0,3168
148770,612,4,1,5568
148782,48,2,0,7680
148786,60,3,1,3672
148798,180,2,0,13440
148814,108,3,1,14448
148818,24,2,0,7920
148830,192,3,0,4008
148834,324,3,0,384
148846,108,2,0,276
148850,204,3,-1,7344
148862,204,2,0,2400
148866,60,2,0,9072
148878,72,3,-1,312
148882,72,2,0,10560
148894,372,3,0,1920
148898,492,3,0,2880
148910,144,2,0,18816
148914,60,3,1,8700
148926,156,2,0,7392
148930,336,2,0,3648
148942,12,3,1,7344
148946,72,2,0,2496
148958,336,4,-1,1728
148962,408,5,1,2376
148974,72,2,0,10368
148978,0,3,-1,2160
148994,96,2,0,10752
149006,84,3,-1,1644
149010,120,2,0,14664
149022,312,5,-1,36
149026,336,4,-1,1968
149038,108,2,0,3024
149042,60,3,1,336
149054,156,2,0,2592
149058,108,2,0,6144
149070,36,3,1,9480
149074,84,2,0,864
149086,276,3,0,4224
149090,432,3,0,8736
149102,108,2,0,9216
149106,84,3,-1,2832
149118,72,2,0,8016
149122,156,2,0,10224
149134,96,3,-1,4704
149138,72,2,0,9096
149150,552,3,0,1728
149154,264,3,0,864
149166,72,2,0,5952
149170,84,3,1,12096
149182,240,2,0,5568
149186,144,2,0,4416
149198,36,3,1,6912
149202,48,2,0,6000
149214,420,4,1,4704
149218,288,4,0,720
149230,108,2,0,12240
149234,84,3,-1,4896
149246,168,2,0,2280
149250,132,2,0,9408
149262,36,3,-1,2676
149266,108,2,0,11520
149278,324,6,1,756
149282,360,4,1,336
149294,180,2,0,4032
149298,36,3,1,6264
149310,192,2,0,13248
149314,132,2,0,9024
149326,108,3,1,288
149330,84,2,0,8160
149342,336,3,0,4368
149346,360,3,0,1200
149358,72,2,0,7080
149362,120,3,-1,780
149374,168,2,0,9648
149378,132,2,0,8592
149390,60,3,-1,4320
149394,36,2,0,6600
149406,348,3,0,5280
149410,276,3,0,6528
149422,84,2,0,11136
149426,60,3,1,7776
149438,168,2,0,4224
149442,108,2,0,10800
149454,72,3,1,1344
149458,60,2,0,12480
149470,552,4,-1,636
149474,456,4,0,624
149486,132,2,0,13968
149490,48,3,-1,3360
149502,96,2,0,6000
149506,288,2,0,5040
149518,24,3,-1,3312
149522,24,2,0,9792
149534,276,4,0,3120
149538,156,4,-1,972
149550,12,2,0,8544
149566,168,2,0,912
149570,336,2,0,264
149582,120,3,1,3024
149586,96,2,0,8448
149598,288,3,0,5856
149602,276,3,0,5616
149614,24,2,0,5040
149618,96,3,-1,960
149630,216,2,0,2400
149634,84,2,0,8448
149646,60,3,-1,504
149650,228,2,0,1296
149662,240,3,0,552
149666,312,3,0,5856
149678,60,2,0,9504
149682,120,3,1,8640
149694,204,2,0,8928
149698,204,2,0,9216
149710,60,3,1,12384
149714,72,2,0,13056
149726,672,4,1,492
149730,228,6,-1,342
149746,96,3,-1,576
149758,240,2,0,2400
149762,144,2,0,3120
149774,36,3,-1,3648
149778,72,2,0,10368
149790,348,4,0,2880
149794,888,4,1,2436
149806,180,2,0,14208
149810,72,3,1,11760
149822,228,2,0,12768
149826,204,2,0,1248
149838,84,3,1,6834
149842,36,2,0,6120
149854,348,3,0,288
149858,288,3,0,792
149870,180,2,0,6072
149874,84,3,-1,2976
149886,108,2,0,4
149890,120,2,0,13176
149902,84,3,-1,684
149906,84,2,0,3456
149918,360,3,0,5184
149922,168,3,0,2736
149934,60,2,0,9408
149938,132,3,1,4236
149950,300,2,0,17952
149954,216,2,0,2016
149966,84,3,1,9600
149970,72,2,0,10176
149982,120,4,-1,864
149986,168,5,-1,24
149998,72,2,0,11712
150002,60,3,-1,3576
150014,120,2,0,2376
150018,180,2,0,7920
150030,96,3,-1,432
150034,48,2,0,7488
150046,1074,5,1,288
150050,756,4,-1,24
150062,24,2,0,6912
150066,60,3,1,7896
150078,36,2,0,6816
150082,204,2,0,3072
150094,120,3,1,11328
150098,72,2,0,8640
150110,408,3,0,7296
150114,228,3,0,4896
150126,72,2,0,7968
150130,156,3,-1,8112
150142,204,2,0,13056
150146,192,2,0,576
150158,108,3,-1,1332
150162,72,2,0,7200
150174,156,3,0,3336
150178,252,3,0,4800
150190,108,2,0,4464
150194,72,3,1,4512
150206,144,2,0,8064
150210,108,2,0,9936
150222,84,3,1,8040
150226,120,2,0,3456
150238,288,4,1,3936
150242,252,4,0,2640
150254,132,2,0,2208
150258,36,3,-1,1974
150270,216,2,0,13248
150274,180,2,0,10848
150286,72,3,-1,4176
150290,120,2,0,12384
150302,480,6,0,288
150318,24,2,0,4440
150322,48,3,1,9696
150334,336,2,0,2784
150338,228,2,0,3096
150350,60,3,1,14196
150354,120,2,0,1896
150366,204,3,0,5376
150370,384,3,0,2400
150382,84,2,0,10080
150386,48,3,-1,3024
150398,72,2,0,6360
150402,156,2,0,7680
150414,96,3,-1,372
150418,60,2,0,11136
150430,396,3,0,6864
150434,252,3,0,5280
150446,120,2,0,96
150450,72,3,1,11604
150462,120,2,0,7488
150466,144,2,0,480
150478,144,3,1,7248
150482,120,2,0,3648
150498,276,4,0,2256
150510,72,2,0,9168
150514,108,3,-1,4
150526,240,2,0,12480
150530,240,2,0,13056
150542,72,3,-1,2544
150546,48,2,0,1296
150558,168,4,0,1920
150562,288,4,-1,1824
150574,48,2,0,10368
150578,96,3,1,8352
150590,408,2,0,5088
150594,120,2,0,8640
150606,48,3,1,9624
150610,156,2,0,3360
150622,324,3,0,324
150626,444,3,0,3024
150638,120,2,0,11232
150642,36,3,-1,276
150654,156,2,0,1944
150658,108,2,0,2148
150670,144,3,-1,4224
150674,84,2,0,14112
150686,240,3,0,4896
150690,444,3,0,6864
150702,72,2,0,10320
150706,60,3,1,10464
150718,156,2,0,9288
150722,168,2,0,9216
150734,144,3,1,5760
150738,36,2,0,6240
150750,192,4,1,4116
150754,480,5,0,288
150766,60,2,0,2016
150770,156,3,-1,1176
150782,132,2,0,10272
150786,132,2,0,10848
150798,48,3,-1,2256
150802,72,2,0,4392
150814,348,4,0,3216
150818,288,4,1,3408
150830,156,2,0,17280
150834,120,3,1,11424
150846,108,2,0,1632
150850,228,2,0,13440
150862,60,3,1,768
150866,120,2,0,12672
150878,192,3,0,1152
150882,72,3,0,2496
150894,36,2,0,10368
150898,72,3,-1,3300
150910,288,2,0,6192
150914,240,2,0,3840
150926,72,3,-1,3552
150930,120,2,0,9408
150942,132,3,0,3384
150946,624,3,0,288
150958,48,2,0,7536
150962,60,3,1,11616
150974,84,2,0,13440
150978,72,2,0,6240
150990,24,3,1,7812
150994,60,2,0,8640
151006,432,4,-1,2304
151010,528,5,1,4536
151022,84,2,0,288
151026,120,3,-1,3744
151038,132,2,0,7128
151042,108,2,0,9888
151054,228,3,-1,480
151070,420,5,-1,1200
151074,180,4,-1,1032
151086,96,2,0,13440
151090,156,3,1,3336
151102,48,2,0,6720
151106,168,2,0,11328
151118,120,3,1,10680
151122,24,2,0,8544
151134,168,3,0,2736
151138,348,3,0,5616
151150,96,2,0,19488
151154,144,3,-1,864
151166,408,2,0,9432
151170,156,2,0,10584
151182,12,3,-1,1980
151186,48,2,0,9216
151198,396,3,0,204
151202,264,3,0,1152
151214,72,2,0,9408
151218,36,3,1,5400
151230,240,2,0,1896
151234,408,2,0,8112
151250,96,2,0,14016
151262,324,4,1,5640
151266,204,4,0,1560
151278,36,2,0,7056
151282,24,3,-1,2640
151294,228,2,0,10752
151298,132,2,0,10200
151310,180,3,-1,96
151314,72,2,0,11664
151326,276,5,0,1056
151330,360,4,1,336
151342,108,2,0,4992
151346,192,3,1,588
151358,144,2,0,9240
151362,120,2,0,8016
151374,0,3,1,8136
151378,84,2,0,3072
151390,624,3,0,9576
151394,324,3,0,768
151406,60,2,0,9216
151410,84,3,-1,2436
151422,108,2,0,7200
151426,168,2,0,1296
151438,120,3,-1,3240
151442,48,2,0,10440
151454,312,3,0,240
151458,192,3,0,3792
151470,108,2,0,9336
151474,84,3,1,240
151486,216,2,0,3072
151490,204,2,0,7152
151502,96,3,1,6
151506,36,2,0,7872
151518,216,4,-1,1584
151522,156,4,0,408
151534,60,2,0,11136
151538,120,3,-1,360
151550,144,2,0,10128
151554,180,2,0,2376
151566,36,3,-1,2184
151570,180,2,0,16128
151582,228,4,0,2448
151586,348,4,-1,1920
151598,168,2,0,6480
151602,24,3,1,5496
151614,156,2,0,10752
151618,84,2,0,7872
151630,120,3,1,2430
151634,48,2,0,2304
151646,240,3,0,960
151650,348,3,0,8064
151662,72,2,0,4560
151666,192,3,-1,2520
151678,168,2,0,8640
151682,168,2,0,8352
151694,84,3,-1,3936
151698,60,2,0,8784
151710,480,3,0,8112
151714,252,3,0,4608
151726,48,2,0,11040
151730,108,3,1,14904
151742,156,2,0,2592
151746,96,2,0,1200
151758,84,3,1,7344
151762,60,2,0,9792
151774,504,4,1,2796
151778,360,5,0,360
151790,84,2,0,14016
151794,108,3,-1,3396
151806,204,2,0,8208
151822,72,3,-1,3120
151826,84,2,0,8064
151838,276,4,0,2256
151842,264,4,1,3840
151854,60,2,0,1344
151858,60,3,1,7812
151870,192,2,0,672
151874,180,2,0,9984
151886,144,3,1,4032
151890,60,2,0,8352
151902,156,3,0,3648
151906,276,3,0,120
151918,36,2,0,1164
151922,108,3,-1,1728
151934,180,2,0,14304
151938,120,2,0,7296
151950,84,3,-1,99
151954,60,2,0,480
151966,408,3,0,480
151970,288,3,0,7152
151982,60,2,0,1584
151986,96,3,1,48
152002,108,2,0,8520
152014,156,3,1,2112
152018,96,2,0,9984
152030,600,4,-1,1056
152034,240,5,-1,852
152046,120,2,0,1692
152050,108,3,-1,3744
152062,312,2,0,3480
152066,240,2,0,3024
152078,12,3,-1,2112
152082,48,2,0,7944
152094,240,5,1,1728
152098,372,4,-1,696
152110,132,2,0,14112
152114,48,3,1,7416
152126,216,2,0,16320
152130,96,2,0,11052
152142,48,3,1,5376
152146,144,2,0,2592
152158,336,3,0,384
152162,180,3,0,4224
152174,96,2,0,2688
152178,12,3,-1,324
152190,120,2,0,6468
152194,72,2,0,8736
152206,168,3,-1,1512
152210,156,2,0,648
152222,348,3,0,5256
152226,144,3,0,3840
152238,60,2,0,8952
152242,120,3,1,696
152254,240,2,0,1632
152258,240,2,0,12000
152270,96,3,1,15384
152274,60,2,0,8064
152286,372,4,1,5436
152290,396,4,0,3168
152302,36,2,0,336
152306,96,3,-1,3216
152318,228,2,0,1632
152322,132,2,0,5856
152334,96,3,-1,2568
152338,60,2,0,7488
152350,504,5,0,480
152354,1296,4,1,132
152366,84,2,0,10560
152370,132,3,1,12072
152382,120,2,0,8376
152386,180,2,0,3168
152398,60,3,1,11544
152402,60,2,0,9792
152414,168,3,0,4608
152418,180,3,0,3192
152430,144,2,0,13104
152434,84,3,-1,3744
152446,168,2,0,2640
152450,168,2,0,1224
152462,96,3,-1,1716
152466,84,2,0,6720
152478,240,3,0,2952
152482,264,3,0,6624
152494,60,2,0,2736
152498,72,3,1,1944
152510,204,2,0,18072
152514,84,2,0,7296
152526,36,3,1,7440
152530,132,2,0,6624
152542,180,4,-1,1392
152546,444,4,0,480
152558,24,2,0,8640
152574,108,2,0,8352
152578,216,2,0,14208
152590,48,3,-1,3528
152594,168,2,0,18720
152606,372,4,0,744
152610,276,4,-1,1596
152622,48,2,0,6240
152626,84,3,1,13632
152638,228,2,0,5304
152642,168,2,0,588
152654,108,3,1,2808
152658,60,2,0,6384
152670,252,3,0,4224
152674,360,3,0,1392
152686,72,2,0,10368
152690,144,3,-1,5328
152702,72,2,0,6144
152706,108,2,0,10800
152718,84,3,-1,3264
152722,72,2,0,7392
152734,288,3,0,6720
152738,144,3,0,3456
152754,48,3,1,1104
152766,120,2,0,1248
152770,168,2,0,15552
152782,132,3,1,3420
152786,96,2,0,5616
152798,384,4,1,504
152802,324,7,0,276
152814,48,2,0,6528
152818,72,3,-1,732
152830,276,2,0,17760
152834,96,2,0,10080
152846,84,3,-1,1152
152850,48,2,0,8736
152862,288,4,0,1956
152866,228,4,1,4608
152878,84,2,0,8064
152882,60,3,1,9120
152894,228,2,0,4224
152898,132,2,0,8136
152910,60,3,1,10272
152914,120,2,0,12096
152926,420,3,0,1440
152930,696,3,0,2040
152942,96,2,0,12960
152946,96,3,-1,648
152958,168,2,0,8448
152962,192,2,0,576
152974,36,3,-1,2880
152978,96,2,0,8256
152990,624,3,0,10176
152994,348,3,0,480
153006,36,2,0,7056
153010,72,3,1,13320
153022,84,2,0,6720
153026,84,2,0,576
153038,48,3,1,1716
153042,12,2,0,7776
153054,396,4,-1,456
153058,300,5,1,2160
153070,144,2,0,10248
153074,48,3,-1,1440
153086,108,2,0,8640
153090,144,2,0,8736
153102,84,3,-1,2760
153106,84,2,0,3168
153118,300,5,-1,600
153122,348,4,-1,1440
153134,72,2,0,12480
153138,144,3,1,9636
153150,60,2,0,8208
153154,144,2,0,2880
153166,60,3,1,14544
153170,96,2,0,13008
153182,312,3,0,1824
153186,168,3,0,3696
153198,48,2,0,5952
153202,48,3,-1,2496
153214,168,2,0,1296
153218,180,2,0,5136
153230,84,3,-1,3648
153234,72,2,0,7104
153246,192,3,0,576
153250,600,3,0,2280
153262,24,2,0,10080
153266,108,3,1,12864
153278,108,2,0,12192
153282,72,2,0,5472
153294,132,3,1,11088
153298,48,2,0,9792
153310,240,4,1,4272
153326,84,2,0,4512
153330,96,3,-1,4032
153342,132,2,0,8328
153346,96,2,0,1728
153358,156,3,-1,744
153362,108,2,0,2400
153374,468,6,-1,576
153378,180,4,1,3180
153390,48,2,0,9120
153394,120,3,1,5280
153406,168,2,0,14256
153410,204,2,0,13824
153422,96,3,1,7644
153426,108,2,0,7128
153438,204,3,0,336
153442,192,3,0,4992
153454,84,2,0,1440
153458,96,3,-1,2592
153470,348,2,0,4296
153474,108,2,0,10752
153486,48,3,-1,2448
153490,192,2,0,21024
153506,336,3,0,1440
153518,108,2,0,11808
153522,48,3,1,6912
153534,132,2,0,8544
153538,168,2,0,600
153550,204,3,1,2112
153554,48,2,0,2640
153566,204,4,-1,120
153570,312,4,0,2304
153582,60,2,0,1152
153586,156,3,-1,4800
153598,108,2,0,7728
153602,204,2,0,15840
153614,108,3,-1,360
153618,36,2,0,4224
153630,312,4,0,2664
153634,372,4,-1,1920
153646,132,2,0,864
153650,228,3,1,5868
153662,84,2,0,6672
153666,180,2,0,10176
153678,84,3,1,6948
153682,60,2,0,2016
153694,444,3,0,7680
153698,240,3,0,4608
153710,156,2,0,11856
153714,60,3,-1,2568
153726,156,2,0,8640
153730,192,2,0,11904
153742,72,3,-1,3072
153746,132,2,0,408
153758,276,3,0,2124
153762,108,3,0,3600
153774,72,2,0,8640
153778,84,3,1,18
153790,192,2,0,3336
153794,156,2,0,2016
153806,108,3,1,11136
153810,84,2,0,11808
153822,102,4,1,102
153826,1080,6,1,1080
153838,36,2,0,8832
153842,108,3,-1,3264
153854,204,2,0,48
153858,48,2,0,6144
153870,60,3,-1,3360
153874,36,2,0,11616
153886,372,4,0,3072
153890,300,4,1,4704
153902,108,2,0,240
153906,24,3,1,7128
153918,84,2,0,6624
153922,168,2,0,936
153934,120,3,1,3840
153938,156,2,0,720
153950,396,3,0,7872
153954,276,3,0,768
153966,48,2,0,9504
153970,144,3,-1,1344
153982,132,2,0,8832
153986,192,2,0,7872
153998,108,3,-1,3888
154002,24,2,0,6960
154014,144,3,0,264
154018,360,3,0,5952
154030,84,2,0,12288
154034,96,3,1,10752
154046,192,2,0,528
154050,168,2,0,11904
154062,24,3,1,6912
154078,504,4,-1,672
154082,492,5,-1,396
154094,36,2,0,8640
154098,36,3,-1,2400
154110,180,2,0,10080
154114,360,2,0,3264
154126,60,3,-1,3072
154130,84,2,0,12432
154142,312,5,1,2592
154146,372,4,-1,348
154158,84,2,0,6840
154162,72,3,1,8100
154174,276,2,0,16128
154178,144,2,0,9024
154190,228,3,1,348
154194,72,2,0,8832
154206,180,3,0,3648
154210,324,3,0,5184
154222,96,2,0,2592
154226,72,3,-1,960
154238,108,2,0,8496
154242,60,2,0,360
154258,84,2,0,5652
154270,360,3,0,5184
154274,252,3,0,6720
154286,60,2,0,10560
154290,84,3,1,14304
154302,84,2,0,7080
154306,168,2,0,12864
154318,48,3,1,8928
154322,60,2,0,6264
154334,744,4,1,156
154338,204,4,0,1344
154350,108,2,0,8940
154354,96,3,-1,624
154366,324,2,0,648
154370,408,2,0,6912
154382,144,3,-1,2760
154386,120,2,0,960
154398,348,7,-1,162
154402,432,4,1,1296
154414,108,2,0,15552
154418,48,3,1,9072
154430,144,2,0,12672
154434,96,2,0,8160
154446,192,3,1,1992
154450,144,2,0,11520
154462,156,3,0,3840
154466,276,3,0,5280
154478,120,2,0,2592
154482,24,3,-1,3336
154494,120,2,0,7296
154498,180,2,0,9600
154510,276,3,-1,636
154514,24,2,0,3456
154526,372,3,0,7200
154530,240,3,0,636
154542,12,2,0,4512
154546,48,3,1,378
154558,108,2,0,8064
154562,192,2,0,1440
154574,48,3,1,11040
154578,24,2,0,6804
154590,468,4,-1,2376
154594,300,4,0,2736
154606,72,2,0,9408
154610,96,3,-1,4176
154622,180,2,0,5472
154626,60,2,0,5040
154638,60,3,-1,2640
154642,72,2,0,10704
154654,456,4,0,144
154658,396,4,-1,408
154670,60,2,0,10560
154674,60,3,1,6720
154686,132,2,0,9648
154690,264,2,0,420
154702,60,3,1,10200
154706,96,2,0,16320
154718,180,3,0,4080
154722,192,3,0,3696
154734,84,2,0,12816
154738,60,3,-1,2928
154750,312,2,0,18240
154754,168,2,0,2016
154766,168,3,-1,936
154770,60,2,0,8748
154782,108,3,0,3552
154786,300,3,0,5568
154798,60,2,0,192
154802,96,3,1,2640
154814,132,2,0,9792
154830,12,3,1,9018
154834,192,2,0,2064
154846,636,4,1,1632
154850,516,5,0,1728
154862,48,2,0,14256
154866,12,3,-1,2304
154878,108,2,0,5760
154882,156,2,0,10176
154894,60,3,-1,2784
154898,72,2,0,9600
154910,324,4,0,264
154914,600,4,1,5328
154926,48,2,0,9312
154930,84,3,1,12288
154942,120,2,0,3072
154946,300,2,0,1296
154958,108,3,1,11232
154962,120,2,0,6312
154974,144,3,0,3144
154978,360,3,0,1104
154990,60,2,0,9000
154994,120,3,-1,4440
155010,252,2,0,10944
155022,36,3,-1,1680
155026,108,2,0,10080
155038,312,3,0,6336
155042,168,3,0,4752
155054,72,2,0,1632
155058,72,3,1,7842
155070,228,2,0,14952
155074,144,2,0,9696
155086,132,3,1,2832
155090,144,2,0,3696
155102,228,4,-1,1344
155106,192,5,1,1824
155118,60,2,0,1296
155122,156,3,-1,2112
155134,108,2,0,9216
155138,84,2,0,6312
155150,108,3,-1,528
155154,96,2,0,2064
155166,168,5,-1,540
155170,492,4,-1,2388
155182,72,2,0,8544
155186,36,3,1,12960
155198,300,2,0,2760
155202,108,2,0,6144
155214,48,3,1,9216
155218,120,2,0,7440
155230,492,3,0,3264
155234,444,3,0,960
155246,96,2,0,2040
155250,84,3,-1,2592
155262,108,2,0,6912
155266,240,2,0,4416
155278,72,3,-1,2976
155282,108,2,0,9120
155294,312,3,0,6720
155298,204,3,0,3216
155310,96,2,0,11232
155314,72,3,1,1872
155326,120,2,0,7776
155330,180,2,0,13440
155342,48,3,1,2880
155346,96,2,0,432
155358,252,4,1,2928
155362,192,4,0,1656
155374,108,2,0,336
155378,108,3,-1,1668
155390,216,2,0,14496
155394,144,2,0,10320
155406,72,3,-1,3312
155410,108,2,0,3060
155422,456,5,0,1344
155426,324,4,1,4800
155438,48,2,0,7872
155442,0,3,1,5184
155454,108,2,0,1440
155458,132,2,0,7584
155470,120,3,1,13752
155474,84,2,0,9792
155486,480,3,0,2592
155490,300,3,0,6048
155502,24,2,0,5844
155506,120,3,-1,5280
155518,144,2,0,2112
155522,168,2,0,2160
155534,120,3,-1,3456
155538,60,2,0,7032
155550,132,3,0,4800
155554,348,3,0,420
155566,60,2,0,13920
155582,156,2,0,8208
155586,132,2,0,8064
155598,72,3,1,5544
155602,132,2,0,13344
155614,276,4,-1,1248
155618,468,4,0,3600
155630,168,2,0,4332
155634,60,3,-1,2208
155646,108,2,0,1776
155650,192,2,0,16320
155662,72,3,-1,72
155666,180,2,0,96
155678,264,4,0,2304
155682,276,4,-1,1152
155694,60,2,0,6720
155698,60,3,1,3096
155710,240,2,0,12480
155714,168,2,0,14112
155726,72,3,1,8640
155730,36,2,0,13248
155742,216,3,0,4536
155746,252,3,0,720
155762,96,3,-1,2688
155774,156,2,0,3312
155778,72,2,0,6768
155790,48,3,-1,3072
155794,72,2,0,9984
155806,396,3,0,828
155810,408,3,0,2520
155822,96,2,0,8832
155826,96,3,1,9588
155838,96,2,0,504
155842,168,2,0,2496
155854,72,3,1,2496
155858,108,2,0,816
155870,516,4,1,8892
155874,288,5,0,24
155886,48,2,0,5376
155890,156,3,-1,5472
155902,180,2,0,1224
155906,228,2,0,10752
155918,84,3,-1,1128
155922,24,2,0,6144
155934,384,4,0,384
155938,384,4,1,6048
155950,132,2,0,2880
155954,132,3,1,624
155966,192,2,0,11904
155970,108,2,0,7800
155982,96,3,1,12090
155986,156,2,0,4032
155998,192,3,0,4128
156002,228,3,0,3312
156014,72,2,0,9600
156018,48,3,-1,2208
156030,156,2,0,8688
156034,132,2,0,11136
156046,108,3,-1,624
156050,96,2,0,16560
156062,180,3,0,912
156066,276,3,0,5112
156078,60,2,0,9456
156082,60,3,1,7416
156094,252,2,0,7200
156098,192,2,0,528
156110,72,3,1,12996
156114,60,2,0,9264
156126,168,4,-1,1200
156130,984,5,-1,28
156142,60,2,0,6816
156146,108,3,-1,576
156158,144,2,0,7488
156162,180,2,0,7920
156174,36,3,-1,3396
156178,60,2,0,8520
156190,600,5,1,4344
156194,144,4,-1,1344
156206,96,2,0,2064
156210,84,3,1,11184
156222,144,2,0,5184
156226,132,2,0,12096
156238,48,3,1,2304
156242,156,2,0,240
156254,276,3,0,960
156258,132,3,0,2520
156270,36,2,0,720
156274,72,3,-1,1080
156286,144,2,0,10848
156290,228,2,0,18144
156302,48,3,-1,3408
156306,84,2,0,480
156318,156,3,0,4560
156334,96,2,0,10752
156338,12,3,1,7392
156350,396,2,0,7824
156354,48,2,0,1344
156366,84,3,1,7056
156370,60,2,0,9216
156382,420,4,1,1044
156386,420,4,0,720
156398,48,2,0,9024
156402,84,3,-1,2688
156414,120,2,0,9792
156418,168,2,0,3264
156430,72,3,-1,4608
156434,180,2,0,13056
156446,312,5,0,252
156450,312,4,1,4140
156462,60,2,0,7008
156466,108,3,1,9456
156478,84,2,0,9216
156482,108,2,0,9456
156494,144,3,1,168
156498,48,2,0,7200
156514,288,3,0,6864
156526,264,2,0,8112
156530,108,3,-1,300
156542,108,2,0,9504
156546,156,2,0,1392
156558,24,3,-1,1656
156562,60,2,0,3072
156574,276,3,0,4032
156578,348,3,0,6528
156590,84,2,0,13392
156594,36,3,1,7680
156606,180,2,0,9792
156610,156,2,0,12792
156622,72,3,1,8976
156626,72,2,0,9792
156638,408,4,-1,576
156642,360,4,0,1872
156654,36,2,0,1836
156658,84,3,-1,3336
156670,264,2,0,4368
156674,156,2,0,4704
156686,156,3,-1,912
156690,60,2,0,7848
156702,168,4,0,1632
156706,288,4,-1,348
156718,96,2,0,120
156722,24,3,1,8688
156734,108,2,0,9408
156738,276,2,0,9504
156750,48,3,1,10620
156754,48,2,0,1848
156766,264,3,0,5376
156770,312,3,0,7488
156782,108,2,0,216
156786,24,3,-1,2196
156798,96,2,0,7776
156802,156,2,0,9600
156814,48,3,-1,804
156818,96,2,0,2184
156830,276,3,0,4416
156834,156,3,0,4464
156846,24,2,0,1344
156850,216,3,1,8976
156862,156,2,0,528
156866,96,2,0,10464
156878,84,3,1,11952
156882,24,2,0,720
156894,276,4,1,4080
156898,204,7,1,348
156910,60,2,0,15792
156914,60,3,-1,384
156926,156,2,0,2304
156930,156,2,0,8880
156942,36,3,-1,2520
156946,108,2,0,300
156958,384,4,0,924
156962,492,4,1,1596
156974,72,2,0,11040
156978,24,3,1,5112
156990,96,2,0,11520
156994,324,2,0,4032
157006,48,3,1,8568
157010,180,2,0,14400
157022,216,3,0,4992
157026,132,3,0,3936
157038,60,2,0,5808
157042,36,3,-1,2736
157054,168,2,0,2592
157058,72,2,0,10944
157070,108,3,-1,1200
157086,216,3,0,4872
157090,324,3,0,5760
157102,84,2,0,1008
157106,120,3,1,288
157118,180,2,0,8832
157122,120,2,0,7056
157134,72,3,1,7680
157138,84,2,0,2640
157150,600,4,-1,2856
157154,348,5,1,528
157166,96,2,0,9600
157170,72,3,-1,33
157182,108,2,0,4752
157186,240,2,0,480
157198,48,3,-1,2880
157202,72,2,0,8208
157214,984,5,-1,732
157218,192,4,-1,1260
157230,60,2,0,12768
157234,96,3,1,8928
157246,144,2,0,432
157250,216,2,0,3072
157266,72,2,0,8112
157278,156,3,0,2712
157282,528,3,0,3348
157294,48,2,0,9024
157298,96,3,-1,3360
157310,228,2,0,1488
157314,24,2,0,5280
157326,48,3,-1,4344
157330,60,2,0,10272
157342,144,3,0,4416
157346,384,3,0,1392
157358,36,2,0,2184
157362,84,3,1,8496
157374,96,2,0,5184
157378,96,2,0,8640
157390,204,3,1,7356
157394,84,2,0,384
157406,432,4,1,5376
157410,372,4,0,3072
157422,72,2,0,10752
157426,48,3,-1,216
157438,144,2,0,8064
157442,72,2,0,9024
157454,48,3,-1,444
157458,12,2,0,5112
157470,480,6,1,216
157474,480,4,1,6624
157486,48,2,0,8928
157490,108,3,1,11592
157502,384,2,0,168
157506,156,2,0,6912
157518,36,3,1,7380
157522,60,2,0,10944
157534,372,3,0,48
157538,444,3,0,2100
157550,168,2,0,14112
157554,120,3,-1,792
157566,168,2,0,9288
157570,132,2,0,2496
157582,72,3,-1,3456
157586,60,2,0,10176
157598,156,3,0,3456
157602,156,3,0,2424
157614,24,2,0,6720
157618,60,3,1,10560
157630,144,2,0,10080
157634,192,2,0,11040
157646,168,3,1,228
157650,96,2,0,504
157662,120,4,-1,1128
157666,324,4,0,288
157678,12,2,0,2388
157682,48,3,-1,696
157694,180,2,0,13440
157698,252,2,0,1344
157710,36,3,-1,2604
157714,84,2,0,4368
157726,348,4,0,2784
157730,552,4,-1,2856
157742,36,2,0,6792
157746,60,3,1,1524
157758,156,2,0,8328
157762,108,2,0,7104
157774,84,3,1,1440
157778,108,2,0,7488
157790,360,3,0,1320
157794,144,3,0,336
157806,48,2,0,6528
157810,108,3,-1,4560
157822,108,2,0,3264
157838,120,3,-1,4224
157842,96,2,0,7008
157854,324,3,0,864
157858,336,3,0,1560
157870,72,2,0,15360
157874,72,3,1,8256
157886,192,2,0,12672
157890,144,2,0,10224
157902,36,3,1,4752
157906,48,2,0,10560
157918,264,4,1,5472
157922,264,6,-1,288
157934,132,2,0,3648
157938,60,3,-1,108
157950,168,2,0,10320
157954,192,2,0,2064
157966,96,3,-1,960
157970,204,2,0,8328
157982,216,4,0,2064
157986,264,4,1,3648
157998,60,2,0,7272
158002,24,3,1,2448
158018,108,2,0,6240
158030,108,3,1,15456
158034,48,2,0,8256
158046,228,3,0,720
158050,384,3,0,7584
158062,60,2,0,9120
158066,96,3,-1,4224
158078,168,2,0,3396
158082,72,2,0,7296
158094,48,3,-1,2688
158098,96,2,0,8328
158110,504,3,0,2448
158114,408,3,0,1536
158126,96,2,0,10944
158130,84,3,1,7146
158142,60,2,0,6624
158146,240,2,0,864
158158,24,3,1,10032
158162,60,2,0,8976
158174,228,4,-1,1728
158178,312,5,-1,780
158190,36,2,0,9216
158194,96,3,-1,3744
158206,252,2,0,12240
158210,132,2,0,10368
158222,60,3,-1,756
158226,84,2,0,10368
158238,156,5,1,1320
158242,156,4,-1,1200
158254,96,2,0,108
158258,84,3,1,240
158270,156,2,0,12600
158274,72,2,0,5808
158286,72,3,1,900
158290,108,2,0,4992
158302,300,3,0,4656
158306,360,3,0,7056
158318,36,2,0,9936
158322,60,3,-1,2256
158334,132,2,0,9216
158338,216,2,0,12720
158350,84,3,-1,3264
158354,108,2,0,1728
158366,480,3,0,1920
158370,192,3,0,4992
158382,48,2,0,8592
158386,60,3,1,9840
158398,180,2,0,1008
158402,204,2,0,5424
158414,72,3,1,9360
158418,48,2,0,10272
158430,348,4,1,4980
158434,396,4,0,672
158446,48,2,0,3072
158450,108,3,-1,480
158462,168,2,0,9312
158466,36,2,0,6480
158478,60,3,-1,2112
158482,24,2,0,1008
158494,288,7,0,240
158498,216,4,1,3120
158510,204,2,0,7008
158514,36,3,1,10656
158526,72,2,0,5088
158530,348,2,0,20520
158542,84,3,1,3024
158546,84,2,0,288
158558,144,3,0,4848
158562,192,3,0,3288
158574,36,2,0,9408
158590,144,2,0,11232
158594,108,2,0,12000
158606,84,3,-1,3120
158610,36,2,0,10368
158622,264,3,0,3552
158626,312,3,0,5376
158638,24,2,0,7344
158642,84,3,1,11520
158654,180,2,0,720
158658,108,2,0,7080
158670,48,3,1,10512
158674,72,2,0,8064
158686,516,4,-1,924
158690,492,4,0,960
158702,96,2,0,8928
158706,108,3,-1,2256
158718,144,2,0,5904
158722,168,2,0,12
158734,48,3,-1,4512
158738,72,2,0,10128
158750,432,4,0,3648
158754,396,4,-1,252
158770,60,3,1,12684
158782,204,2,0,12768
158786,108,2,0,9216
158798,132,3,1,864
158802,48,2,0,4608
158814,360,3,0,5568
158818,132,3,0,3456
158830,120,2,0,3120
158834,180,3,-1,1980
158846,156,2,0,2544
158850,192,2,0,13104
158862,24,3,-1,1584
158866,132,2,0,3264
158878,264,3,0,4968
158882,288,3,0,4704
158894,120,2,0,12672
158898,12,3,1,5448
158910,192,2,0,9324
158914,180,2,0,9600
158926,84,3,1,10560
158930,180,2,0,17280
158942,324,4,1,1632
158946,360,5,0,252
158958,0,2,0,6192
158962,84,3,-1,3024
158974,204,2,0,240
158978,120,2,0,96
158990,192,3,-1,6816
158994,108,2,0,6504
159006,252,4,0,2304
159010,900,4,1,3480
159022,36,2,0,7680
159026,60,3,1,9696
159038,120,2,0,936
159042,96,2,0,9456
159054,24,3,1,1548
159058,48,2,0,9408
159070,204,3,0,864
159074,384,3,0,6480
159086,120,2,0,2784
159090,48,3,-1,2784
159102,132,2,0,9600
159106,108,2,0,8352
159118,108,3,-1,1476
159122,72,2,0,1344
159134,132,3,0,3168
159138,288,3,0,3504
159150,84,2,0,9648
159154,144,3,1,912
159166,144,2,0,9792
159170,240,2,0,10224
159182,36,3,1,8640
159186,84,2,0,6912
159198,144,4,-1,918
159202,540,5,1,3072
159214,96,2,0,13824
159218,132,3,-1,3576
159230,180,2,0,4800
159234,120,2,0,1200
159246,120,3,-1,1
159250,120,2,0,11808
159262,360,5,-1,240
159266,588,4,-1,120
159278,36,2,0,7680
159282,60,3,1,6912
159294,72,2,0,7296
159298,96,2,0,2328
159310,72,3,1,11424
159314,48,2,0,9600
159326,360,3,0,7776
159342,36,2,0,8136
159346,72,3,-1,888
159358,108,2,0,7584
159362,84,2,0,6960
159374,96,3,-1,1968
159378,24,2,0,7200
159390,204,3,0,4032
159394,336,3,0,5568
159406,72,2,0,2496
159410,168,3,1,3204
159422,108,2,0,576
159426,120,2,0,11112
159438,84,3,1,8088
159442,120,2,0,3720
159454,468,4,1,1128
159458,384,4,0,2352
159470,132,2,0,10464
159474,48,3,-1,2880
159486,96,2,0,6336
159490,156,2,0,13152
159502,60,3,-1,2880
159506,0,2,0,7488
159522,192,4,1,3360
159534,36,2,0,6048
159538,48,3,1,10224
159550,204,2,0,6144
159554,168,2,0,960
159566,24,3,1,8640
159570,96,2,0,11232
159582,72,3,0,2400
159586,408,3,0,2016
159598,84,2,0,8928
159602,72,3,-1,2592
159614,108,2,0,10848
159618,96,2,0,4272
159630,84,3,-1,4320
159634,48,2,0,15360
159646,312,3,0,1008
159650,396,3,0,696
159662,96,2,0,3120
159666,36,3,1,7176
159678,120,2,0,9792
159682,144,2,0,7872
159694,108,3,1,1380
159698,96,2,0,4032
159710,408,4,-1,192
159714,180,4,0,1728
159726,48,2,0,7536
159730,96,3,-1,72
159742,48,2,0,7056
159746,252,2,0,2496
159758,72,3,-1,1680
159762,36,2,0,9276
159774,96,4,0,1824
159778,252,4,-1,1308
159790,72,2,0,18624
159794,72,3,1,10512
159806,192,2,0,3840
159810,144,2,0,9492
159822,24,3,1,780
159826,84,2,0,14400
159838,228,3,0,912
159842,204,3,0,960
159854,120,2,0,96
159858,48,3,-1,2592
159870,120,2,0,8640
159874,264,2,0,5352
159886,60,3,-1,3936
159890,48,2,0,9792
159902,264,3,0,5856
159906,168,3,0,4320
159918,24,2,0,5232
159922,36,3,1,7944
159934,180,2,0,11616
159938,192,2,0,8784
159950,36,3,1,3420
159954,60,2,0,936
159966,216,4,1,3456
159970,528,5,0,1920
159982,84,2,0,3720
159986,180,3,-1,1728
159998,156,2,0,10032
160002,96,2,0,7056
160014,24,3,-1,3120
160018,84,2,0,120
160030,516,4,0,4752
160034,324,4,1,3360
160046,132,2,0,1920
160050,84,3,1,1656
160062,60,2,0,6240
160066,48,2,0,6336
160078,84,3,1,6624
160094,312,3,0,648
160098,180,3,0,288
160110,84,2,0,9300
160114,96,3,-1,3360
160126,156,2,0,4464
160130,288,2,0,6024
160142,48,3,-1,2940
160146,48,2,0,168
160158,168,3,0,4032
160162,252,3,0,1032
160174,36,2,0,8640
160178,120,3,1,9216
160190,120,2,0,9504
160194,264,2,0,936
160206,48,3,1,11520
160210,84,2,0,14592
160222,408,4,-1,2184
160226,276,5,-1,552
160238,72,2,0,4704
160242,84,3,-1,2196
160254,108,2,0,1104
160258,96,2,0,8448
160274,192,2,0,3456
160286,216,5,1,1920
160290,336,4,-1,1950
160302,72,2,0,5760
160306,120,3,1,4752
160318,132,2,0,7680
160322,180,2,0,10296
160334,132,3,1,15312
160338,24,2,0,5016
160350,252,3,0,5040
160354,348,3,0,1056
160366,72,2,0,8928
160370,24,3,-1,3840
160382,96,2,0,1704
160386,72,2,0,7872
160398,48,3,-1,2028
160402,60,2,0,7008
160414,456,3,0,2784
160418,240,3,0,336
160430,36,2,0,8832
160434,108,3,1,9600
160446,168,2,0,2160
160450,180,2,0,3312
160462,84,3,1,8832
160466,72,2,0,14784
160478,348,4,1,4272
160482,144,4,0,1608
160494,84,2,0,7968
160498,24,3,-1,2880
160510,156,2,0,12000
160514,120,2,0,11904
160526,84,3,-1,960
160530,84,2,0,11772
160542,216,5,0,744
160546,444,4,1,960
160558,108,2,0,4032
160562,96,3,1,3348
160574,108,2,0,672
160578,24,2,0,120
160590,84,3,1,8592
160594,60,2,0,2400
160606,264,3,0,768
160610,336,3,0,6336
160622,72,2,0,7392
160626,72,3,-1,2532
160638,72,2,0,888
160642,240,2,0,9744
160654,48,3,-1,768
160658,96,2,0,10368
160670,888,3,0,5280
160674,240,3,0,3552
160686,48,2,0,10800
160690,120,3,1,17088
160702,84,2,0,1440
160706,192,2,0,2640
160718,36,3,1,9504
160722,24,2,0,5856
160734,264,4,-1,1176
160738,516,4,0,1272
160750,84,2,0,13824
160754,72,3,-1,672
160766,144,2,0,13536
160770,132,2,0,9816
160782,36,3,-1,2076
160786,60,2,0,9504
160798,204,4,0,2016
160802,396,4,-1,312
160814,60,2,0,2016
160818,72,3,1,8280
160830,144,2,0,12624
160846,120,3,1,1152
160850,36,2,0,2928
160862,180,3,0,5760
160866,300,3,0,4824
160878,84,2,0,5472
160882,96,3,-1,1152
160894,180,2,0,12720
160898,120,2,0,9408
160910,108,3,-1,4512
160914,12,2,0,7872
160926,72,3,0,2808
160930,300,3,0,5184
160942,60,2,0,10176
160946,60,3,1,2736
160958,144,2,0,2592
160962,48,2,0,4752
160974,72,3,1,7128
160978,108,2,0,9888
160990,534,4,1,282
160994,636,6,0,336
161006,72,2,0,10944
161010,36,3,-1,2976
161026,156,2,0,2688
161038,60,3,-1,3360
161042,48,2,0,7824
161054,444,4,0,480
161058,264,4,1,3840
161070,60,2,0,8184
161074,108,3,1,8352
161086,120,2,0,10368
161090,180,2,0,17280
161102,96,3,1,5004
161106,72,2,0,9120
161118,156,3,0,216
161122,228,3,0,3840
161134,84,2,0,3024
161138,84,3,-1,576
161150,156,2,0,11520
161154,144,2,0,1896
161166,60,3,-1,2592
161170,144,2,0,7824
161182,204,3,0,384
161186,192,3,0,4032
161198,72,2,0,8784
161202,36,3,1,6444
161214,120,2,0,7512
161218,156,2,0,11808
161230,72,3,1,11520
161234,72,2,0,10752
161246,348,4,-1,78
161250,240,5,1,2016
161262,60,2,0,7992
161266,48,3,-1,2640
161278,276,2,0,5712
161282,168,2,0,2304
161294,72,3,-1,2784
161298,36,2,0,6132
161310,312,5,-1,852
161314,492,4,-1,168
161326,96,2,0,8112
161330,108,3,1,17772
161342,96,2,0,8976
161346,108,2,0,1824
161358,24,3,1,6900
161362,24,2,0,9504
161374,324,3,0,6912
161378,252,3,0,144
161390,144,2,0,144
161394,72,3,-1,2688
161406,96,2,0,312
161410,120,2,0,12240
161422,96,3,-1,120
161426,120,2,0,6720
161438,192,3,0,204
161442,156,3,0,3600
161454,108,2,0,1608
161458,108,3,1,1440
161470,180,2,0,16512
161474,108,2,0,10368
161486,60,3,1,8352
161490,48,2,0,6936
161502,252,4,1,3264
161506,360,4,0,2880
161518,60,2,0,216
161522,72,3,-1,2832
161534,228,2,0,5088
161538,132,2,0,7608
161550,24,3,-1,2880
161554,96,2,0,2496
161566,684,6,-1,132
161570,672,4,1,1962
161582,24,2,0,11040
161598,60,2,0,5112
161602,180,2,0,4344
161614,72,3,1,9024
161618,48,2,0,960
161630,264,3,0,5352
161634,192,3,0,2856
161646,96,2,0,144
161650,72,3,-1,5172
161662,48,2,0,7392
161666,132,2,0,1008
161678,132,3,-1,60
161682,36,2,0,6048
161694,228,3,0,5376
161698,192,3,0,4032
161710,108,2,0,4992
161714,48,3,1,1080
161726,216,2,0,12768
161730,108,2,0,10080
161742,60,3,1,6264
161746,204,2,0,624
161758,156,4,-1,1200
161762,372,4,0,3072
161778,36,3,-1,3048
161790,180,2,0,10728
161794,144,2,0,6336
161806,96,3,-1,5736
161810,84,2,0,12768
161822,408,4,0,576
161826,192,4,-1,1056
161838,36,2,0,5376
161842,84,3,1,9216
161854,312,2,0,672
161858,156,2,0,4224
161870,120,3,1,14496
161874,60,2,0,11040
161886,168,3,0,3312
161890,252,3,0,1536
161902,84,2,0,10416
161906,72,3,-1,3192
161918,108,2,0,9600
161922,132,2,0,7920
161934,72,3,-1,2184
161938,60,2,0,6912
161950,192,3,0,5568
161954,444,3,0,1104
161966,144,2,0,5376
161970,72,3,1,7464
161982,48,2,0,6768
161986,180,2,0,13968
161998,48,3,1,2016
162002,24,2,0,2688
162014,252,4,1,5664
162018,210,6,1,36
162030,84,2,0,11604
162034,120,3,-1,1848
162046,192,2,0,1632
162050,144,2,0,10488
162062,84,3,-1,2688
162066,24,2,0,7296
162078,276,4,0,1680
162082,180,4,1,3360
162094,48,2,0,11520
162098,48,3,1,11424
162110,264,2,0,3336
162114,216,2,0,12312
162126,60,3,1,540
162130,132,2,0,960
162142,264,3,0,2400
162146,300,3,0,288
162158,96,2,0,7680
162162,36,3,-1,1776
162174,108,2,0,24
162178,192,2,0,2784
162190,96,3,-1,4320
162194,48,2,0,9216
162206,264,3,0,960
162210,276,3,0,6096
162222,84,2,0,5424
162226,24,3,1,10752
162238,96,2,0,8256
162242,96,2,0,6144
162254,144,3,1,756
162258,48,2,0,7104
162270,240,4,-1,1200
162274,384,5,-1,48
162286,156,2,0,864
162290,108,3,-1,2112
162302,132,2,0,7296
162306,72,2,0,6432
162318,24,3,-1,2688
162322,72,2,0,2256
162334,384,5,1,2448
162350,132,2,0,16128
162354,48,3,1,24
162366,96,2,0,7200
162370,252,2,0,2496
162382,120,3,1,8304
162386,96,2,0,11712
162398,264,3,0,1824
162402,228,3,0,432
162414,60,2,0,7248
162418,84,3,-1,2088
162430,252,2,0,3864
162434,240,2,0,2160
162446,48,3,-1,624
162450,84,2,0,13524
162462,156,3,0,4272
162466,372,3,0,3000
162478,72,2,0,9312
162482,48,3,1,8928
162494,108,2,0,9984
162498,108,2,0,4056
162510,72,3,1,9600
162514,48,2,0,7680
162530,228,4,0,2400
162542,72,2,0,1776
162546,60,3,-1,504
162558,96,2,0,5976
162562,120,2,0,672
162574,108,3,-1,1752
162578,144,2,0,3936
162590,456,6,0,768
162594,204,4,1,3312
162606,72,2,0,6432
162610,120,3,1,1956
162622,240,2,0,11568
162626,144,2,0,9600
162638,48,3,1,7728
162642,24,2,0,6288
162654,300,3,0,48
162658,192,3,0,4320
162670,84,2,0,13440
162674,96,3,-1,3912
162686,264,2,0,744
162690,120,2,0,9840
162702,72,3,-1,48
162706,12,2,0,7680
162718,216,3,0,1104
162722,384,3,0,2160
162734,168,2,0,11616
162738,48,3,1,6192
162750,84,2,0,7104
162754,324,2,0,480
162766,48,3,1,10080
162770,60,2,0,13344
162782,108,4,-1,1236
162786,240,4,0,2184
162798,72,2,0,8760
162802,84,3,-1,240
162814,144,2,0,10224
162818,120,2,0,9696
162830,60,3,-1,1452
162834,12,2,0,6144
162846,300,4,0,600
162850,336,4,-1,1896
162862,12,2,0,2040
162866,24,3,1,1824
162878,108,2,0,7488
162882,96,2,0,360
162894,12,3,1,6552
162898,168,2,0,6552
162910,312,3,0,5880
162914,180,3,0,4992
162926,60,2,0,13056
162930,72,3,-1,3312
162942,132,2,0,6912
162946,120,2,0,2160
162958,84,3,-1,480
162962,108,2,0,8064
162974,456,3,0,1584
162978,156,3,0,2328
162990,120,2,0,1608
162994,156,3,1,264
163006,96,2,0,3840
163010,360,2,0,2424
163022,36,3,1,10992
163026,48,2,0,7008
163038,324,4,1,4548
163042,360,5,0,288
163054,60,2,0,2160
163058,48,3,-1,2016
163070,252,2,0,12096
163074,120,2,0,8448
163086,12,3,-1,1596
163102,180,4,0,1728
163106,528,4,1,7200
163118,84,2,0,288
163122,108,3,1,7212
163134,168,2,0,10992
163138,108,2,0,5856
163150,108,3,1,5808
163154,132,2,0,132
163166,336,3,0,5280
163170,288,3,0,4512
163182,12,2,0,5304
163186,60,3,-1,144
163198,156,2,0,9696
163202,96,2,0,8400
163214,84,3,-1,3552
163218,24,2,0,7440
163230,192,3,0,3312
163234,300,3,0,6912
163246,72,2,0,1728
163250,72,3,1,10512
163262,156,2,0,4392
163266,228,2,0,9312
163282,72,2,0,6720
163294,216,4,-1,432
163298,432,5,1,540
163310,120,2,0,13152
163314,12,3,-1,2100
163326,168,2,0,9552
163330,264,2,0,6504
163342,36,3,-1,1872
163346,72,2,0,2880
163358,240,5,-1,888
163362,180,4,-1,816
163374,48,2,0,8256
163378,72,3,1,9456
163390,156,2,0,14496
163394,132,2,0,9792
163406,144,3,1,3264
163410,96,2,0,8136
163422,84,3,0,2076
163426,288,3,0,4800
163438,72,2,0,3648
163442,72,3,-1,1128
163454,144,2,0,1224
163458,96,2,0,6540
163470,60,3,-1,4560
163474,120,2,0,3168
163486,348,3,0,5568
163490,216,3,0,5952
163502,84,2,0,8064
163506,48,3,1,9084
163518,84,2,0,5136
163522,120,2,0,11184
163534,48,3,1,7536
163538,96,2,0,6144
163550,984,4,1,2640
163554,228,4,0,552
163566,96,2,0,8064
163570,72,3,-1,3888
163582,336,2,0,192
163586,180,2,0,3960
163598,96,3,-1,3828
163602,24,2,0,408
163614,228,5,0,720
163618,540,4,1,1206
163630,84,2,0,11328
163634,84,3,1,11520
163646,192,2,0,1536
163650,96,2,0,7536
163662,60,3,1,7704
163666,96,2,0,11616
163678,276,3,0,4680
163682,192,3,0,4944
163694,120,2,0,4128
163698,60,3,-1,1746
163710,72,2,0,10680
163714,144,2,0,9984
163726,120,3,-1,792
163730,228,2,0,3780
163742,252,3,0,648
163746,216,3,0,576
163758,48,2,0,5760
163762,144,3,1,2976
163774,144,2,0,1248
163778,144,2,0,9696
163790,36,3,1,10224
163794,108,2,0,11376
163806,300,4,-1,1308
163810,480,4,0,3360
163822,60,2,0,9648
163826,60,3,-1,2880
163838,144,2,0,48
163854,36,3,-1,576
163858,96,2,0,10944
163870,504,4,0,1512
163874,432,4,-1,432
163886,60,2,0,9216
163890,72,3,1,10320
163902,96,2,0,6216
163906,204,2,0,384
163918,48,3,1,9792
163922,48,2,0,6144
163934,360,3,0,5952
163938,312,3,0,600
163950,84,2,0,8244
163954,36,3,-1,432
163966,132,2,0,8832
163970,252,2,0,1440
163982,96,3,-1,432
163986,36,2,0,7104
163998,132,3,0,2784
164002,336,3,0,5904
164014,120,2,0,4704
164018,204,3,1,5232
164034,60,2,0,7488
164046,48,3,1,1368
164050,72,2,0,3648
164062,276,4,1,3408
164066,240,5,0,96
164078,84,2,0,10176
164082,12,3,-1,2076
164094,120,2,0,8712
164098,60,2,0,6672
164110,108,3,-1,4896
164114,12,2,0,9072
164126,288,4,0,816
164130,516,4,1,5568
164142,84,2,0,6648
164146,144,3,1,1872
164158,108,2,0,2400
164162,144,2,0,2520
164174,24,3,1,7104
164178,12,2,0,4872
164190,192,3,0,5952
164194,336,3,0,1920
164206,108,2,0,11424
164210,132,3,-1,5616
164222,156,2,0,9216
164226,276,2,0,10560
164238,72,3,-1,1524
164242,96,2,0,10320
164254,408,3,0,1080
164258,84,3,0,2880
164270,108,2,0,3420
164274,48,3,1,6768
164286,156,2,0,8448
164290,108,2,0,9744
164302,180,3,1,4644
164306,60,2,0,864
164318,132,4,-1,1200
164322,240,5,-1,474
164334,24,2,0,6288
164338,108,3,-1,1296
164350,180,2,0,8832
164354,252,2,0,2496
164366,108,3,-1,5040
164370,36,2,0,7728
164382,438,5,1,162
164386,300,4,-1,1728
164398,72,2,0,6144
164402,36,3,1,7200
164414,204,2,0,3456
164418,84,2,0,6624
164430,132,3,1,8856
164434,84,2,0,9312
164446,420,3,0,384
164450,432,3,0,3744
164462,36,2,0,6240
164466,12,3,-1,2640
164478,72,2,0,6336
164482,156,2,0,2304
164494,84,3,-1,4224
164498,84,2,0,8160
164510,516,3,0,6384
164514,192,3,0,3360
164526,24,2,0,864
164530,84,3,1,8976
164542,144,2,0,6552
164546,156,2,0,1824
164558,84,3,1,696
164562,72,2,0,8400
164574,228,4,1,3816
164578,252,4,0,2256
164590,72,2,0,3024
164606,132,2,0,10464
164610,108,2,0,7248
164622,60,3,-1,2328
164626,60,2,0,4032
164638,360,5,0,1152
164642,300,4,1,4512
164654,12,2,0,1680
164658,36,3,1,5616
164670,144,2,0,9120
164674,228,2,0,11904
164686,36,3,1,9168
164690,120,2,0,16968
164702,264,3,0,1152
164706,144,3,0,2688
164718,84,2,0,8640
164722,36,3,-1,12
164734,168,2,0,3216
164738,192,2,0,2976
164750,84,3,-1,3312
164754,132,2,0,204
164766,180,3,0,3288
164770,432,3,0,96
164786,84,3,1,10128
164798,120,2,0,10752
164802,84,2,0,4848
164814,48,3,1,10824
164818,36,2,0,6384
164830,480,4,-1,216
164834,348,4,0,3072
164846,96,2,0,744
164850,48,3,-1,3096
164862,36,2,0,4992
164866,168,2,0,13440
164878,60,3,-1,240
164882,24,2,0,3072
164894,312,4,0,2496
164898,144,4,-1,1158
164910,48,2,0,11088
164914,156,3,1,3876
164926,228,2,0,12288
164930,192,2,0,11520
164942,60,3,1,9744
164946,96,2,0,1824
164958,132,3,0,3024
164962,312,3,0,3888
164974,96,2,0,8640
164978,60,3,-1,2784
164990,336,2,0,6432
164994,108,2,0,5040
165006,84,3,-1,2496
165010,48,2,0,13632
165022,204,3,0,1008
165026,384,3,0,1368
165038,144,2,0,9888
165042,36,3,1,6828
165054,252,2,0,204
165058,180,2,0,360
165070,72,3,1,11232
165074,48,2,0,8448
165086,276,4,1,4224
165090,408,6,0,672
165102,12,2,0,4908
165106,108,3,-1,3648
165118,84,2,0,9072
165122,120,2,0,8400
165134,108,3,-1,888
165138,72,2,0,5424
165150,324,4,0,2520
165154,240,4,1,1008
165166,96,2,0,4896
165170,168,3,1,4320
165182,84,2,0,7128
165186,132,2,0,6336
165198,0,3,1,5568
165202,84,2,0,600
165214,180,3,0,4416
165218,192,3,0,4296
165230,144,2,0,14592
165234,120,3,-1,2352
165246,72,2,0,1200
165250,252,2,0,15552
165262,48,3,-1,3264
165266,12,2,0,9024
165278,372,3,0,360
165282,192,3,0,3792
165294,36,2,0,6528
165298,48,3,1,7632
165310,348,2,0,600
165314,228,2,0,4896
165326,96,3,1,456
165330,36,2,0,8256
165342,240,4,-1,120
165358,60,2,0,6336
165362,108,3,-1,120
165374,132,2,0,11760
165378,108,2,0,7488
165390,48,3,-1,3360
165394,48,2,0,10752
165406,528,5,-1,912
165410,336,4,-1,1560
165422,84,2,0,4512
165426,48,3,1,7824
165438,48,2,0,5232
165442,72,2,0,6912
165454,192,3,1,480
165458,48,2,0,3312
165470,252,3,0,4608
165474,312,3,0,4416
165486,48,2,0,7728
165490,132,3,-1,1452
165502,144,2,0,12384
165506,120,2,0,96
165518,72,3,-1,180
165522,36,2,0,6624
165538,192,3,0,48
165550,72,2,0,10800
165554,36,3,1,2520
165566,168,2,0,2304
165570,168,2,0,11664
165582,48,3,1,5292
165586,60,2,0,8448
165598,588,4,1,3048
165602,276,4,0,48
165614,84,2,0,15744
165618,60,3,-1,2160
165630,96,2,0,7320
165634,132,2,0,3168
165646,48,3,-1,672
165650,144,2,0,15552
165662,312,6,1,936
165666,108,4,1,3072
165678,24,2,0,7680
165682,60,3,1,9048
165694,84,2,0,7104
165698,108,2,0,9936
165710,72,3,1,4068
165714,12,2,0,6816
165726,216,3,0,4128
165730,300,3,0,8208
165742,84,2,0,144
165746,168,3,-1,216
165758,132,2,0,288
165762,36,2,0,4704
165774,72,3,-1,2244
165778,84,2,0,1380
165790,336,3,0,6048
165794,192,3,0,7296
165806,48,2,0,6336
165810,48,3,1,10176
165822,120,2,0,6144
165826,156,2,0,9216
165838,108,3,1,11976
165842,84,2,0,6528
165854,624,4,-1,180
165858,96,4,0,1152
165870,36,2,0,9600
165874,60,3,-1,48
165886,156,2,0,2160
165890,204,2,0,2736
165902,48,3,-1,2304
165906,48,2,0,11088
165918,156,4,0,1176
165922,552,4,-1,1056
165934,48,2,0,14400
165938,48,3,1,6744
165950,300,2,0,15840
165954,144,2,0,1320
165966,72,3,1,7536
165970,72,2,0,10656
165982,252,3,0,3792
165986,336,3,0,6816
165998,36,2,0,1536
166002,84,3,-1,228
166014,36,2,0,7104
166018,132,2,0,9384
166030,84,3,-1,123
166034,120,2,0,3936
166046,372,3,0,1056
166050,228,3,0,3744
166062,36,2,0,7608
166066,36,3,1,3456
166078,132,2,0,5472
166082,144,2,0,8064
166094,84,3,1,1584
166110,372,4,1,4608
166114,180,6,-1,336
166126,84,2,0,1152
166130,60,3,-1,3936
166142,60,2,0,2592
166146,192,2,0,2352
166158,12,3,-1,2292
166162,72,2,0,8688
166174,444,4,0,228
166178,312,4,1,1944
166190,72,2,0,11760
166194,72,3,1,6552
166206,156,2,0,9504
166210,168,2,0,3120
166222,36,3,1,5088
166226,60,2,0,9408
166238,168,3,0,3840
166242,108,3,0,3072
166254,48,2,0,1008
166258,84,3,-1,4140
166270,144,2,0,12000
166274,180,2,0,9216
166290,48,2,0,1380
166302,120,3,0,2784
166306,120,3,0,2976
166318,48,2,0,2088
166322,72,3,1,372
166334,132,2,0,8064
166338,120,2,0,7296
166350,12,3,1,456
166354,168,2,0,1344
166366,276,4,-1,1656
166370,300,5,-1,1008
166382,72,2,0,11760
166386,36,3,-1,1872
166398,132,2,0,7512
166402,24,2,0,5904
166414,48,3,-1,2640
166418,24,2,0,6480
166430,468,5,1,636
166434,348,4,-1,1440
166446,72,2,0,1596
166450,60,3,1,10848
166462,168,2,0,4224
166466,264,2,0,3456
166478,108,3,1,9864
166482,24,2,0,6336
166494,168,3,0,4704
166498,288,3,0,720
166510,108,2,0,14640
166514,48,3,-1,3648
166526,132,2,0,8016
166530,168,2,0,9504
166542,60,3,-1,2160
166546,72,2,0,1728
166558,204,3,0,3600
166562,168,3,0,3576
166574,84,2,0,960
166578,60,3,1,6180
166590,156,2,0,8832
166594,120,2,0,9888
166606,96,3,1,3480
166610,156,2,0,6120
166622,264,4,1,4680
166626,180,4,0,2304
166638,36,2,0,5136
166642,108,3,-1,672
166654,204,2,0,3648
166658,48,2,0,6624
166670,168,3,-1,4944
166674,12,2,0,5712
166686,132,6,0,432
166690,408,4,1,6588
166702,48,2,0,7488
166706,72,3,1,13248
166718,324,2,0,5520
166722,84,2,0,5112
166734,60,3,1,7128
166738,60,2,0,9600
166750,288,3,0,1248
166754,240,3,0,156
166766,84,2,0,7680
166770,96,3,-1,4128
166782,36,2,0,5736
166786,156,2,0,3936
166798,48,3,-1,2496
166802,48,2,0,10560
166814,228,3,0,48
166818,132,3,0,3576
166830,108,2,0,11904
166834,84,3,1,8832
166846,228,2,0,3360
166862,24,3,1,1692
166866,36,2,0,6816
166878,156,4,-1,108
166882,312,4,0,1920
166894,192,2,0,5040
166898,120,3,-1,24
166910,180,2,0,288
166914,96,2,0,9024
166926,36,3,-1,2136
166930,156,2,0,4608
166942,288,4,0,2304
166946,336,4,-1,384
166958,48,2,0,7488
166962,36,3,1,6408
166974,156,2,0,6240
166978,132,2,0,8064
166990,108,3,1,1416
166994,96,2,0,8064
167006,300,3,0,1440
167010,168,3,0,3240
167022,60,2,0,6480
167026,72,3,-1,3264
167042,336,2,0,5928
167054,108,3,-1,840
167058,60,2,0,4992
167070,384,3,0,6048
167074,264,3,0,168
167086,48,2,0,768
167090,48,3,1,9600
167102,120,2,0,8448
167106,72,2,0,888
167118,48,3,1,4992
167122,0,2,0,7200
167134,408,4,1,4800
167138,348,5,0,1248
167150,168,2,0,4968
167154,132,3,-1,972
167166,120,2,0,8256
167170,156,2,0,11424
167182,108,3,-1,612
167186,84,2,0,144
167198,372,4,0,2856
167202,204,4,1,3186
167214,48,2,0,432
167218,72,3,1,3972
167230,156,2,0,7536
167234,36,2,0,7200
167246,72,3,1,1992
167250,108,2,0,10764
167262,156,3,0,3000
167266,372,3,0,7200
167278,36,2,0,456
167282,84,3,-1,2160
167294,228,2,0,2736
167298,48,2,0,5040
167310,24,3,-1,2442
167314,60,2,0,10848
167326,420,3,0,2304
167330,468,3,0,2160
167342,48,2,0,7968
167346,36,3,1,1896
167358,96,2,0,6768
167362,144,2,0,3192
167374,72,3,1,8016
167378,84,2,0,10752
167390,312,4,-1,1848
167394,240,5,1,1512
167406,24,2,0,8136
167410,84,3,-1,3984
167422,120,2,0,7488
167426,108,2,0,9792
167438,72,3,-1,864
167442,12,2,0,240
167454,408,5,-1,8
167458,240,4,-1,1272
167470,120,2,0,1728
167474,180,3,1,696
167486,84,2,0,8160
167490,96,2,0,12432
167502,24,3,1,6252
167506,84,2,0,2112
167518,156,3,0,5280
167522,156,3,0,3408
167534,96,2,0,864
167538,24,3,-1,1608
167550,156,2,0,12624
167554,228,2,0,2688
167566,48,3,-1,2784
167570,84,2,0,10368
167582,360,3,0,1920
167586,240,3,0,4320
167598,24,2,0,5196
167614,228,2,0,3504
167618,144,2,0,1584
167630,108,3,1,20448
167634,48,2,0,5712
167646,186,4,1,90
167650,540,4,0,1248
167662,48,2,0,1176
167666,108,3,-1,3360
167678,72,2,0,6144
167682,96,2,0,7104
167694,60,3,-1,360
167698,96,2,0,9600
167710,528,5,0,1296
167714,468,4,1,4896
167726,144,2,0,3768
167730,60,3,1,8064
167742,96,2,0,6336
167746,192,2,0,2112
167758,108,3,1,5040
167762,48,2,0,192
167774,348,3,0,5088
167778,120,3,0,2928
167794,60,3,-1,16
167806,108,2,0,8448
167810,228,2,0,17280
167822,60,3,-1,2592
167826,72,2,0,6048
167838,120,3,0,3336
167842,168,3,0,3552
167854,96,2,0,1920
167858,48,3,1,1560
167870,132,2,0,1392
167874,84,2,0,5232
167886,96,3,1,7824
167890,108,2,0,1776
167902,240,4,-1,480
167906,348,4,0,1200
167918,72,2,0,6912
167922,24,3,-1,2106
167934,84,2,0,7008
167938,180,2,0,192
167950,120,3,-1,5520
167954,36,2,0,1272
167966,396,4,0,3072
167970,312,4,-1,1392
167982,60,2,0,4800
167986,24,3,1,9216
167998,72,2,0,6240
168002,120,2,0,8064
168014,60,3,1,2988
168018,84,2,0,6528
168030,336,3,0,5352
168034,492,3,0,7008
168046,108,2,0,324
168050,84,3,-1,1104
168062,228,2,0,10032
168066,120,2,0,4752
168078,60,3,-1,2208
168082,120,2,0,6192
168094,216,3,0,3792
168098,228,3,0,3792
168110,84,2,0,11520
168114,24,3,1,7248
168126,96,2,0,6336
168130,132,2,0,7968
168142,120,3,1,12480
168146,84,2,0,1680
168158,228,4,1,816
168162,312,5,0,1080
168174,60,2,0,8064
168178,96,3,-1,2688
168190,252,2,0,5760
168194,204,2,0,912
168206,24,3,-1,2208
168210,48,2,0,612
168222,192,4,0,1608
168226,456,4,1,1344
168238,60,2,0,8400
168242,12,3,1,5328
168254,252,2,0,1824
168258,132,2,0,8544
168270,84,3,1,6864
168274,108,2,0,11712
168286,252,3,0,4800
168290,264,3,0,5616
168302,144,2,0,60
168306,60,3,-1,2376
168318,96,2,0,6264
168322,48,2,0,5568
168334,180,3,-1,1152
168338,72,2,0,3456
168350,252,3,0,4848
168366,72,2,0,7680
168370,132,3,1,4920
168382,168,2,0,7968
168386,168,2,0,11328
168398,72,3,1,6720
168402,12,2,0,6480
168414,264,4,-1,1260
168418,240,5,-1,576
168430,48,2,0,9504
168434,48,3,-1,2784
168446,336,2,0,240
168450,132,2,0,9984
168462,24,3,-1,1968
168466,60,2,0,8352
168478,456,5,1,96
168482,288,4,-1,324
168494,60,2,0,10848
168498,48,3,1,7188
168510,84,2,0,9264
168514,204,2,0,4056
168526,72,3,1,10608
168530,144,2,0,12288
168546,120,3,0,480
168558,36,2,0,6288
168562,48,3,-1,2880
168574,192,2,0,9408
168578,96,2,0,6768
168590,108,3,-1,1128
168594,48,2,0,7872
168606,168,3,0,3144
168610,396,3,0,6600
168622,60,2,0,3432
168626,96,3,1,3120
168638,96,2,0,8880
168642,132,2,0,984
168654,48,3,1,1908
168658,12,2,0,96
168670,648,4,1,7872
168674,324,4,0,432
168686,84,2,0,6528
168690,72,3,-1,2136
168702,48,2,0,3888
168706,192,2,0,12864
168718,12,3,-1,2304
168722,72,2,0,14592
168734,504,5,0,480
168738,168,4,1,2436
168750,84,2,0,11040
168754,60,3,1,1152
168766,240,2,0,1152
168770,228,2,0,4932
168782,24,3,1,6720
168786,24,2,0,8640
168798,156,3,0,2808
168802,336,3,0,1008
168814,144,2,0,8352
168818,84,3,-1,3456
168830,168,2,0,13248
168834,168,2,0,8928
168846,84,3,-1,864
168850,96,2,0,8592
168862,228,3,0,4608
168866,144,3,0,4032
168878,48,2,0,4032
168882,12,3,1,3912
168894,36,2,0,4608
168898,156,2,0,264
168910,72,3,1,2328
168914,96,2,0,2304
168926,348,4,-1,144
168930,240,4,0,1944
168942,36,2,0,5808
168946,216,3,-1,504
168958,96,2,0,8928
168962,72,2,0,8208
168974,132,3,-1,3984
168978,36,2,0,7488
168990,228,4,0,1848
168994,240,4,-1,1680
169006,84,2,0,10368
169010,96,3,1,10656
169022,192,2,0,1968
169026,96,2,0,6768
169038,48,3,1,6720
169042,60,2,0,7104
169054,336,3,0,420
169058,252,3,0,1536
169070,120,2,0,14328
169074,48,3,-1,2328
169086,96,2,0,8400
169090,252,2,0,1056
169102,36,3,-1,2688
169118,192,3,0,3936
169122,84,3,0,96
169134,60,2,0,5856
169138,60,3,1,7308
169150,168,2,0,15312
169154,228,2,0,2352
169166,60,3,1,576
169170,36,2,0,9504
169182,348,4,1,4632
169186,312,7,0,288
169198,96,2,0,3360
169202,72,3,-1,1476
169214,132,2,0,7872
169218,12,2,0,4272
169230,60,3,-1,57
169234,72,2,0,2304
169246,216,4,0,288
169250,420,4,1,6096
169262,72,2,0,792
169266,156,3,1,12288
169278,36,2,0,5856
169282,144,2,0,7488
169298,24,2,0,5928
169310,648,3,0,4032
169314,192,3,0,96
169326,24,2,0,5472
169330,108,3,-1,5256
169342,120,2,0,1392
169346,276,2,0,624
169358,108,3,-1,2808
169362,60,2,0,4848
169374,252,3,0,4032
169378,372,3,0,2472
169390,96,2,0,1056
169394,36,3,1,7968
169406,144,2,0,10560
169410,84,2,0,792
169422,36,3,1,7776
169426,108,2,0,1248
169438,168,4,-1,840
169442,324,5,1,1920
169454,120,2,0,432
169458,24,3,-1,252
169470,84,2,0,8736
169474,180,2,0,8640
169486,144,3,-1,1776
169490,132,2,0,1392
169502,204,5,-1,552
169506,336,4,-1,1608
169518,48,2,0,5352
169522,120,3,1,2160
169534,252,2,0,12144
169538,168,2,0,8112
169550,72,3,1,276
169554,36,2,0,1584
169566,204,3,0,4032
169570,312,3,0,4992
169582,36,2,0,6816
169586,48,3,-1,2304
169598,204,2,0,2688
169602,132,2,0,8628
169614,60,3,-1,1848
169618,48,2,0,10176
169630,624,3,0,2832
169634,168,3,0,2208
169646,120,2,0,2688
169650,48,3,1,10152
169662,108,2,0,6840
169666,96,2,0,2304
169678,36,3,1,6672
169682,72,2,0,11424
169694,348,4,1,4128
169698,168,4,0,1344
169710,96,2,0,9552
169714,72,3,-1,3168
169726,156,2,0,8640
169730,132,2,0,11976
169742,60,3,-1,1656
169746,36,2,0,960
169758,228,6,-1,252
169762,264,4,1,3744
169774,60,2,0,2016
169778,60,3,1,1560
169790,132,2,0,720
169794,96,2,0,6912
169806,36,3,1,6768
169810,84,2,0,4368
169822,312,3,0,4416
169826,288,3,0,4800
169838,72,2,0,7680
169842,24,3,-1,2184
169854,144,2,0,264
169870,36,3,-1,3300
169874,72,2,0,1152
169886,276,3,0,1104
169890,204,3,0,4656
169902,72,2,0,6336
169906,72,3,1,7392
169918,228,2,0,4704
169922,96,2,0,1920
169934,36,3,1,8736
169938,72,2,0,7032
169950,144,4,-1,1128
169954,480,4,0,144
169966,120,2,0,12672
169970,60,3,-1,3936
169982,72,2,0,9888
169986,24,2,0,5904
169998,48,3,-1,2088
170002,24,2,0,6960
170014,468,4,0,384
170018,216,4,-1,1488
170030,108,2,0,2736
170034,36,3,1,6960
170050,204,2,0,12672
170062,72,3,1,522
170066,168,2,0,6240
170078,120,3,0,4368
170082,108,3,0,2232
170094,36,2,0,8736
170098,60,3,-1,624
170110,108,2,0,10512
170114,84,2,0,8352
170126,84,3,-1,3408
170130,72,2,0,8496
170142,60,3,0,2148
170146,252,3,0,168
170158,12,2,0,6912
170162,72,3,1,10824
170174,132,2,0,3840
170178,132,2,0,6240
170190,108,3,1,15708
170194,120,2,0,10656
170206,336,4,1,1260
170210,684,6,1,66
170222,60,2,0,5832
170226,24,3,-1,1632
170238,120,2,0,576
170242,216,2,0,576
170254,120,3,-1,504
170258,96,2,0,7920
170270,372,4,0,3072
170274,408,4,1,4296
170286,48,2,0,6240
170290,48,3,1,15360
170302,108,2,0,8256
170306,144,2,0,10560
170318,84,3,1,2106
170322,48,2,0,5856
170334,168,3,0,2832
170338,156,3,0,3192
170350,84,2,0,6528
170354,84,3,-1,192
170366,108,2,0,576
170370,132,2,0,8856
170382,48,3,-1,1584
170386,120,2,0,1992
170398,132,3,0,4032
170402,264,3,0,3168
170414,36,2,0,10944
170418,36,3,1,4788
170430,132,2,0,9624
170434,60,2,0,7296
170446,96,3,1,1776
170450,84,2,0,9504
170462,324,4,-1,192
170466,384,5,-1,48
170478,0,2,0,4080
170482,84,3,-1,2832
170494,192,2,0,2688
170498,168,2,0,4992
170510,72,3,-1,3384
170514,60,2,0,8544
170526,360,5,1,2244
170530,360,4,-1,360
170542,72,2,0,12600
170546,72,3,1,1512
170558,60,2,0,6240
170562,108,2,0,4416
170574,60,3,1,6864
170578,84,2,0,8736
170590,276,3,0,4944
170594,216,3,0,3744
170606,132,2,0,5760
170622,84,2,0,5952
170626,192,2,0,12960
170638,48,3,-1,696
170642,60,2,0,48
170654,216,3,0,72
170658,168,3,0,3360
170670,48,2,0,8280
170674,60,3,1,4752
170686,96,2,0,8736
170690,252,2,0,13680
170702,72,3,1,7440
170706,60,2,0,5184
170718,240,4,1,2460
170722,300,4,0,2880
170734,60,2,0,7680
170738,84,3,-1,3528
170750,204,2,0,3360
170754,144,2,0,864
170766,72,3,-1,2940
170770,96,2,0,8736
170782,510,7,1,252
170786,300,4,1,648
170802,60,3,1,7440
170814,108,2,0,6384
170818,168,2,0,2544
170830,108,3,1,1440
170834,84,2,0,10176
170846,168,3,0,1008
170850,264,3,0,6468
170862,96,2,0,720
170866,24,3,-1,2304
170878,168,2,0,11328
170882,48,2,0,6528
170894,120,3,-1,1152
170898,12,2,0,6936
170910,252,3,0,4032
170914,252,3,0,288
170926,48,2,0,2880
170930,132,3,1,6552
170942,48,2,0,10368
170946,192,2,0,1872
170958,12,3,1,5256
170962,72,2,0,2088
170974,216,4,-1,1632
170978,120,4,0,1536
170990,72,2,0,11232
170994,72,3,-1,408
171006,84,2,0,6240
171010,204,2,0,12528
171022,84,3,-1,2592
171026,84,2,0,1344
171038,300,4,0,768
171042,84,4,-1,768
171054,60,2,0,1872
171058,60,3,1,6660
171070,264,2,0,3264
171074,264,2,0,3360
171086,96,3,1,11904
171090,72,2,0,8112
171102,156,3,0,2880
171106,324,3,0,2784
171118,48,2,0,264
171122,48,3,-1,2400
171134,216,2,0,10176
171138,108,2,0,5424
171150,60,3,-1,2904
171154,84,2,0,2400
171166,288,3,0,4416
171170,372,3,0,7344
171182,72,2,0,1440
171186,48,3,1,7692
171198,120,2,0,6816
171202,132,2,0,7560
171214,84,3,1,4896
171218,48,2,0,2160
171230,384,4,1,6120
171234,228,5,0,696
171246,60,2,0,1176
171250,132,3,-1,1296
171262,48,2,0,5808
171266,168,2,0,7296
171278,60,3,-1,3072
171282,24,2,0,7728
171294,192,4,0,2040
171298,312,4,1,4464
171310,108,2,0,14928
171314,36,3,1,7488
171326,312,2,0,336
171330,84,2,0,8256
171342,0,3,1,3642
171346,96,2,0,192
171358,312,3,0,624
171374,24,2,0,7680
171378,72,3,-1,1344
171390,108,2,0,7440
171394,168,2,0,2400
171406,108,3,-1,2880
171410,96,2,0,14064
171422,252,3,0,4128
171426,180,3,0,4512
171438,96,2,0,8136
171442,120,3,1,8256
171454,264,2,0,1536
171458,48,2,0,5952
171470,180,3,1,7008
171474,48,2,0,5472
171486,240,4,-1,1296
171490,252,5,1,2160
171502,72,2,0,2208
171506,108,3,-1,1056
171518,72,2,0,5136
171522,96,2,0,360
171534,48,3,-1,2136
171538,48,2,0,3456
171554,360,4,-1,480
171566,120,2,0,9504
171570,24,3,1,6144
171582,132,2,0,1104
171586,72,2,0,7680
171598,48,3,1,6300
171602,60,2,0,6864
171614,312,3,0,144
171618,180,3,0,3912
171630,36,2,0,6948
171634,24,3,-1,4224
171646,288,2,0,1212
171650,132,2,0,2640
171662,60,3,-1,3120
171666,72,2,0,6624
171678,168,3,0,2448
171682,240,3,0,336
171694,60,2,0,8064
171698,48,3,1,8064
171710,228,2,0,9888
171714,108,2,0,7776
171726,48,3,1,6144
171730,120,2,0,16704
171742,156,4,1,3144
171746,264,4,0,384
171758,192,2,0,1860
171762,60,3,-1,1560
171774,156,2,0,10272
171778,192,2,0,1296
171790,84,3,-1,1176
171794,108,2,0,3600
171806,204,5,0,1152
171810,408,4,1,3
171822,60,2,0,5400
171826,84,3,1,2184
171838,108,2,0,7776
171842,60,2,0,8976
171854,12,3,1,1536
171858,36,2,0,5376
171870,228,3,0,4512
171874,120,3,0,3456
171886,108,2,0,11040
171890,60,3,-1,4152
171902,144,2,0,3336
171906,108,2,0,8208
171918,48,3,-1,2544
171922,36,2,0,6528
171934,336,3,0,1104
171938,276,3,0,1032
171950,36,2,0,10368
171954,108,3,1,1572
171966,48,2,0,4032
171970,384,2,0,7872
171982,72,3,1,9360
171986,120,2,0,8160
171998,372,4,-1,1920
172002,132,4,0,1152
172014,60,2,0,6528
172018,12,3,-1,1752
172030,84,2,0,11520
172034,168,2,0,9216
172046,48,3,-1,96
172050,84,2,0,9744
172062,144,4,0,1248
172066,228,4,-1,1728
172078,60,2,0,3264
172082,60,3,1,816
172094,144,2,0,11904
172098,72,2,0,4860
172110,108,3,1,11136
172126,264,3,0,240
172130,168,3,0,4512
172142,60,2,0,7200
172146,24,3,-1,600
172158,24,2,0,3528
172162,84,2,0,6144
172174,84,3,-1,2880
172178,72,2,0,9072
172190,396,3,0,1992
172194,120,3,0,3432
172206,48,2,0,6720
172210,72,3,1,9660
172222,144,2,0,2592
172226,216,2,0,3936
172238,12,3,1,5292
172242,48,2,0,6552
172254,216,4,1,456
172258,396,5,0,288
172270,120,2,0,10368
172274,36,3,-1,2256
172286,180,2,0,11520
172290,72,2,0,8592
172306,96,2,0,11232
172318,264,4,0,2016
172322,384,4,1,5208
172334,168,2,0,5040
172338,48,3,1,5568
172350,72,2,0,8112
172354,168,2,0,336
172366,108,3,1,366
172370,96,2,0,2688
172382,228,3,0,3552
172386,72,3,0,2640
172398,48,2,0,1008
172402,108,3,-1,1200
172414,108,2,0,9600
172418,192,2,0,9648
172430,84,3,-1,3744
172434,48,2,0,6816
172446,252,3,0,1032
172450,348,3,0,6720
172462,36,2,0,7056
172466,60,3,1,7344
172478,192,2,0,1872
172482,120,2,0,6240
172494,36,3,1,552
172498,24,2,0,6528
172510,576,4,-1,900
172514,732,5,-1,384
172526,72,2,0,9600
172530,48,3,-1,3066
172542,120,2,0,8064
172546,168,2,0,4
172558,48,3,-1,2880
172562,24,2,0,12
172574,252,5,1,1824
172578,228,4,-1,840
172590,24,2,0,7728
172594,60,3,1,2064
172606,168,2,0,7488
172610,120,2,0,9792
172622,120,3,1,2688
172626,60,2,0,8448
172638,132,3,0,2772
172642,180,3,0,4200
172654,120,2,0,84
172658,48,3,-1,1296
172670,228,2,0,12240
172674,276,2,0,10992
172686,12,3,-1,1728
172690,120,2,0,1992
172702,228,3,0,4656
172706,132,3,0,3456
172718,96,2,0,10080
172722,12,3,1,4206
172734,96,2,0,8448
172738,84,2,0,7176
172750,96,3,1,8736
172754,192,2,0,1920
172766,456,4,1,2076
172770,360,4,0,2400
172782,12,2,0,5436
172786,48,3,-1,4032
172798,108,2,0,156
172802,120,2,0,1728
172814,48,3,-1,2880
172818,24,2,0,5760
172830,336,5,0,1152
172834,468,4,1,1656
172846,36,2,0,1920
172850,48,3,1,13452
172862,96,2,0,5760
172878,48,3,1,6564
172882,72,2,0,6048
172894,360,3,0,6048
172898,156,3,0,3264
172910,60,2,0,72
172914,24,3,-1,1632
172926,60,2,0,8256
172930,108,2,0,11904
172942,48,3,-1,72
172946,24,2,0,864
172958,276,3,0,3744
172962,168,3,0,3168
172974,36,2,0,5712
172978,108,3,1,816
172990,240,2,0,720
172994,120,2,0,8448
173006,60,3,1,11184
173010,60,2,0,10656
173022,84,4,-1,756
173026,240,4,0,2160
173038,72,2,0,8832
173042,60,3,-1,2304
173058,72,2,0,5040
173070,60,3,-1,3012
173074,24,2,0,10368
173086,240,4,0,576
173090,600,4,-1,1008
173102,84,2,0,10944
173106,12,3,1,5184
173118,96,2,0,6048
173122,156,2,0,2160
173134,60,3,1,8160
173138,72,2,0,7632
173150,276,3,0,816
173154,228,3,0,816
173166,12,2,0,6288
173170,48,3,-1,204
173182,168,2,0,1248
173186,276,2,0,11424
173198,36,3,-1,1116
173202,24,2,0,7344
173214,84,3,0,3120
173218,108,3,0,3936
173230,264,2,0,4836
173234,24,3,1,72
173246,144,2,0,1560
173250,144,2,0,7992
173262,72,3,1,480
173266,84,2,0,4896
173278,288,4,1,3288
173282,264,7,-1,12
173294,84,2,0,9600
173298,24,3,-1,2424
173310,72,2,0,7080
173314,84,2,0,11328
173326,108,3,-1,3456
173330,60,2,0,8640
173342,528,4,0,768
173346,252,4,1,90
173358,36,2,0,5568
173362,156,3,1,10344
173374,108,2,0,3888
173378,180,2,0,96
173390,84,3,1,10080
173394,24,2,0,5040
173406,156,3,0,4032
173410,612,3,0,2496
173422,36,2,0,6336
173426,120,3,-1,3840
173438,204,2,0,9216
173442,96,2,0,3984
173454,108,3,-1,468
173458,60,2,0,7680
173470,252,3,0,5088
173474,168,3,0,3600
173486,84,2,0,2304
173490,48,3,1,8952
173502,60,2,0,4896
173506,60,2,0,7008
173518,120,3,1,2448
173522,84,2,0,3768
173534,276,4,-1,1584
173538,252,5,1,1608
173550,60,2,0,9432
173554,156,3,-1,186
173566,108,2,0,8544
173570,144,2,0,624
173582,24,3,-1,2244
173586,36,2,0,6384
173598,132,5,-1,480
173602,180,4,-1,1488
173614,24,2,0,8640
173630,216,2,0,5472
173634,144,2,0,7872
173646,12,3,1,1296
173650,12,2,0,13248
173662,228,3,0,1416
173666,204,3,0,912
173678,60,2,0,5952
173682,60,3,-1,1836
173694,48,2,0,5424
173698,132,2,0,3408
173710,144,3,-1,4224
173714,36,2,0,10944
173726,240,3,0,3552
173730,228,3,0,4608
173742,36,2,0,5376
173746,144,3,1,156
173758,96,2,0,7584
173762,156,2,0,6240
173774,120,3,1,3168
173778,36,2,0,5184
173790,330,4,1,228
173794,276,4,0,2496
173810,60,3,-1,1296
173822,132,2,0,7008
173826,72,2,0,6336
173838,60,3,-1,1440
173842,60,2,0,2928
173854,360,6,1,240
173858,312,4,1,3780
173870,72,2,0,9696
173874,72,3,1,6576
173886,144,2,0,11400
173890,252,2,0,9600
173902,48,3,1,7488
173906,72,2,0,10752
173918,156,3,0,864
173922,144,3,0,2712
173934,96,2,0,1632
173938,72,3,-1,48
173950,204,2,0,792
173954,144,2,0,576
173966,24,3,-1,480
173970,120,2,0,9552
173982,108,3,0,1968
173986,504,3,0,1536
173998,24,2,0,8016
174002,12,3,1,6888
174014,156,2,0,9216
174018,60,2,0,5136
174030,36,3,1,6648
174034,0,2,0,6144
174046,264,4,-1,288
174050,456,4,0,2880
174062,60,2,0,3696
174066,96,3,-1,2136
174078,108,2,0,5952
174082,108,2,0,7632
174094,24,3,-1,612
174098,60,2,0,1800
174110,348,4,0,3072
174114,204,4,-1,1080
174126,108,2,0,8424
174130,108,3,1,552
174142,96,2,0,6720
174146,168,2,0,1728
174158,24,3,1,6432
174162,48,2,0,1080
174174,144,3,0,2880
174178,168,3,0,2976
174190,96,2,0,11904
174194,60,3,-1,4320
174206,180,2,0,2016
174210,180,2,0,8952
174222,24,3,-1,2376
174226,12,2,0,7296
174238,384,3,0,2460
174242,300,3,0,1728
174254,60,2,0,1152
174258,24,3,1,6600
174270,204,2,0,11088
174274,192,2,0,1728
174286,156,3,1,9192
174290,60,2,0,8160
174302,180,4,1,2760
174306,228,6,-1,252
174318,60,2,0,5376
174322,36,3,-1,2388
174334,144,2,0,8928
174338,108,2,0,7872
174350,204,3,-1,138
174354,84,2,0,1344
174366,228,4,0,1296
174382,48,2,0,2592
174386,144,3,1,3552
174398,48,2,0,7104
174402,48,2,0,5184
174414,36,3,1,7872
174418,144,2,0,2928
174430,288,3,0,4416
174434,456,3,0,384
174446,60,2,0,2256
174450,60,3,-1,2304
174462,84,2,0,5760
174466,132,2,0,8928
174478,36,3,-1,2820
174482,48,2,0,5952
174494,420,3,0,2112
174498,108,3,0,2304
174510,12,2,0,5904
174514,48,3,1,8928
174526,108,2,0,1728
174530,300,2,0,4032
174542,48,3,1,7260
174546,72,2,0,1536
174562,168,5,-1,192
174574,120,2,0,12480
174578,36,3,-1,2016
174590,144,2,0,11760
174594,60,2,0,5856
174606,36,3,-1,1584
174610,84,2,0,14592
174622,288,5,1,1848
174626,264,4,-1,1536
174638,84,2,0,1920
174642,24,3,1,7392
174654,72,2,0,1368
174658,132,2,0,9216
174670,84,3,1,4932
174674,84,2,0,1296
174686,180,3,0,4896
174690,216,3,0,3552
174702,96,2,0,5280
174706,96,3,-1,912
174718,84,2,0,1056
174722,144,2,0,7488
174734,24,3,-1,264
174738,12,2,0,4176
174750,216,3,0,624
174754,468,3,0,888
174766,96,2,0,9504
174770,108,3,1,12360
174782,120,2,0,2256
174786,132,2,0,6336
174798,60,3,1,5496
174802,72,2,0,8064
174814,312,4,1,1248
174818,360,4,0,816
174830,96,2,0,14400
174834,36,3,-1,1920
174846,144,2,0,1368
174850,240,2,0,2688
174862,36,3,-1,2064
174866,72,2,0,9216
174878,240,7,0,216
174882,276,4,1,4656
174894,96,2,0,7488
174898,60,3,1,7404
174910,156,2,0,14496
174914,48,2,0,960
174926,120,3,1,4020
174930,24,2,0,6480
174942,144,3,0,2352
174946,348,3,0,168
174958,36,2,0,1212
174962,96,3,-1,612
174974,144,2,0,9792
174978,108,2,0,6816
174990,60,3,-1,144
174994,60,2,0,4008
175006,336,3,0,6144
175010,132,3,0,3600
175022,60,2,0,10464
175026,36,3,1,7200
175038,36,2,0,4704
175042,84,2,0,7008
175054,108,3,1,2016
175058,36,2,0,8256
175070,300,4,-1,366
175074,288,4,0,1728
175086,24,2,0,6624
175090,96,3,-1,4872
175102,192,2,0,4032
175106,204,2,0,3024
175118,72,3,-1,3168
175134,348,4,0,2088
175138,348,4,-1,384
175150,24,2,0,6912
175154,72,3,1,2592
175166,216,2,0,9984
175170,96,2,0,8832
175182,84,3,1,6432
175186,72,2,0,6240
175198,132,3,0,24
175202,216,3,0,3456
175214,84,2,0,2112
175218,12,3,-1,180
175230,120,2,0,7968
175234,132,2,0,8736
175246,144,3,-1,111
175250,132,2,0,6864
175262,180,3,0,3264
175266,132,3,0,2592
175278,24,2,0,324
175282,36,3,1,1584
175294,60,2,0,6624
175298,96,2,0,7488
175314,60,2,0,8256
175326,180,4,1,3288
175330,492,5,0,1776
175342,60,2,0,8904
175346,60,3,-1,576
175358,180,2,0,4512
175362,72,2,0,6000
175374,24,3,-1,1728
175378,48,2,0,5904
175390,360,4,0,576
175394,420,4,1,1056
175406,72,2,0,7488
175410,24,3,1,6912
175422,96,2,0,5424
175426,204,2,0,4848
175438,60,3,1,7488
175442,84,2,0,8064
175454,444,3,0,1296
175458,180,3,0,2448
175470,72,2,0,132
175474,60,3,-1,3072
175486,96,2,0,7392
175490,108,2,0,8880
175502,36,3,-1,60
175506,24,2,0,5856
175518,120,3,0,2448
175522,192,3,0,2736
175534,216,2,0,960
175538,60,3,1,2304
175550,120,2,0,9504
175554,36,2,0,1344
175566,48,3,1,7464
175570,180,2,0,312
175582,252,4,-1,1128
175586,648,5,1,3600
175598,36,2,0,5808
175602,24,3,-1,1800
175614,60,2,0,5760
175618,120,2,0,6528
175630,84,3,-1,4704
175634,96,2,0,8640
175646,480,5,-1,2
175650,312,4,-1,1704
175662,24,2,0,5472
175666,120,3,1,9936
175678,84,2,0,2688
175682,252,2,0,312
175694,60,3,1,9216
175698,24,2,0,816
175710,300,3,0,5184
175714,312,3,0,1008
175726,84,2,0,10752
175730,60,3,-1,360
175742,60,2,0,6528
175746,144,2,0,1008
175758,60,3,-1,1272
175762,144,2,0,10272
175774,156,3,0,3072
175778,276,3,0,5712
175790,96,2,0,7080
175794,36,3,1,6588
175806,156,2,0,9600
175810,60,2,0,7872
175822,108,3,1,2040
175826,120,2,0,2064
175838,396,4,1,3528
175842,180,4,0,1224
175854,12,2,0,960
175858,24,3,-1,1152
175870,192,2,0,14832
175886,0,3,-1,2448
175890,72,2,0,10224
175902,156,5,0,720
175906,204,4,1,192
175918,96,2,0,7872
175922,72,3,1,6624
175934,60,2,0,1800
175938,108,2,0,5040
175950,96,3,1,9288
175954,12,2,0,1536
175966,300,3,0,1824
175970,360,3,0,360
175982,36,2,0,7776
175986,72,3,-1,2916
175998,60,2,0,4560
176002,216,2,0,3456
176014,48,3,-1,3528
176018,24,2,0,6912
176030,372,3,0,6480
176034,108,3,0,2784
176046,96,2,0,1212
176050,72,3,1,7932
176066,156,2,0,11136
176078,60,3,1,3024
176082,48,2,0,4224
176094,108,4,-1,1008
176098,228,4,0,2304
176110,84,2,0,2496
176114,72,3,-1,1584
176126,108,2,0,7776
176130,156,2,0,8592
176142,48,3,-1,2640
176146,156,2,0,24
176158,144,4,0,1440
176162,180,4,-1,864
176174,108,2,0,11232
176178,36,3,1,5544
176190,108,2,0,5712
176194,180,2,0,11040
176206,12,3,1,5664
176210,108,2,0,12480
176222,336,3,0,1944
176226,168,3,0,3072
176238,60,2,0,7224
176242,72,3,-1,1944
176254,168,2,0,432
176258,132,2,0,1728
176270,48,3,-1,3456
176274,36,2,0,5472
176286,156,3,0,360
176290,456,3,0,3744
176302,12,2,0,4008
176306,96,3,1,8208
176318,108,2,0,816
176322,96,2,0,480
176334,72,3,1,5760
176338,48,2,0,9456
176350,696,4,1,8304
176354,240,5,0,168
176366,84,2,0,2640
176370,108,3,-1,3168
176382,84,2,0,4416
176386,48,2,0,5760
176398,108,3,-1,1440
176402,60,2,0,2592
176414,204,4,0,1824
176418,168,4,1,2064
176430,24,2,0,8064
176434,60,3,1,120
176446,144,2,0,2112
176450,168,2,0,12096
176462,72,3,1,9900
176466,72,2,0,6216
176478,96,3,0,2880
176482,300,3,0,456
176494,72,2,0,7968
176498,60,3,-1,2016
176510,156,2,0,3648
176514,72,2,0,120
176526,24,3,-1,2148
176530,108,2,0,11952
176542,324,3,0,456
176546,588,3,0,528
176558,48,2,0,5184
176562,72,3,1,7200
176574,108,2,0,10224
176578,180,2,0,1296
176590,132,3,1,11088
176594,48,2,0,7872
176606,216,4,-1,1440
176610,180,5,-1,636
176622,36,2,0,4464
176638,36,2,0,6528
176642,84,2,0,5568
176654,168,3,-1,408
176658,48,2,0,6384
176670,270,5,1,141
176674,348,4,-1,1776
176686,72,2,0,2400
176690,132,3,1,2640
176702,192,2,0,10056
176706,96,2,0,7296
176718,12,3,1,4452
176722,48,2,0,3540
176734,204,3,0,3936
176738,180,3,0,3072
176750,60,2,0,9600
176754,36,3,-1,9
176766,84,2,0,8400
176770,216,2,0,10560
176782,84,3,-1,2496
176786,72,2,0,9600
176798,168,3,0,864
176802,108,3,0,2232
176818,36,3,1,7608
176830,108,2,0,3480
176834,204,2,0,3744
176846,132,3,1,12
176850,12,2,0,6888
176862,168,4,1,2400
176866,408,4,0,144
176878,48,2,0,9984
176882,48,3,-1,3168
176894,84,2,0,192
176898,108,2,0,8160
176910,84,3,-1,2928
176914,60,2,0,8448
176926,252,5,0,1248
176930,300,4,1,5640
176942,36,2,0,432
176946,108,3,1,30
176958,84,2,0,5760
176962,24,2,0,6912
176974,48,3,1,2856
176978,60,2,0,3072
176990,408,3,0,5280
176994,180,3,0,4176
177006,48,2,0,5376
177010,132,3,-1,1176
177022,120,2,0,8496
177026,60,2,0,6528
177038,60,3,-1,2796
177042,12,2,0,4320
177054,144,3,0,768
177058,144,3,0,4032
177070,120,2,0,1584
177074,60,3,1,10320
177086,180,2,0,5016
177090,60,2,0,6264
177102,72,3,1,696
177106,60,2,0,10368
177118,228,4,-1,288
177122,240,4,0,408
177134,48,2,0,672
177138,0,3,-1,1500
177150,156,2,0,8928
177154,384,2,0,120
177166,12,3,-1,2016
177170,120,2,0,10032
177182,300,4,0,1968
177186,336,4,-1,1248
177198,24,2,0,5760
177202,24,3,1,5472
177214,96,2,0,7488
177218,84,2,0,7296
177230,48,3,1,2508
177234,60,2,0,10272
177246,144,3,0,468
177250,288,3,0,5664
177262,132,2,0,4680
177266,84,3,-1,16
177278,132,2,0,7488
177282,144,2,0,3960
177294,84,3,-1,2400
177298,72,2,0,288
177310,192,3,0,5376
177314,216,3,0,3024
177326,72,2,0,8448
177330,96,3,1,9072
177342,84,2,0,4656
177346,240,2,0,3264
177358,60,3,1,7920
177362,60,2,0,6240
177374,492,4,1,1728
177390,96,2,0,9432
177394,60,3,-1,2136
177406,192,2,0,3504
177410,288,2,0,6336
177422,12,3,-1,1788
177426,24,2,0,6144
177438,84,4,0,1056
177442,408,4,1,1032
177454,72,2,0,1296
177458,60,3,1,9408
177470,192,2,0,14688
177474,24,2,0,4512
177486,36,3,1,5952
177490,84,2,0,11952
177502,228,3,0,2832
177506,216,3,0,3840
177518,48,2,0,3552
177522,24,3,-1,1728
177534,24,2,0,5880
177538,108,2,0,7008
177550,24,3,-1,816
177554,132,2,0,636
177570,204,3,0,3984
177582,24,2,0,6264
177586,84,3,1,4596
177598,84,2,0,7392
177602,180,2,0,8352
177614,48,3,1,7560
177618,24,2,0,480
177630,156,4,-1,1248
177634,180,5,1,1632
177646,48,2,0,396
177650,72,3,-1,3168
177662,108,2,0,1872
177666,108,2,0,6672
177678,36,3,-1,1386
177682,60,2,0,9984
177694,444,5,-1,468
177698,228,4,-1,300
177710,60,2,0,12192
177714,36,3,1,5856
177726,72,2,0,5280
177730,204,2,0,2808
177742,84,3,1,9408
177746,84,2,0,1152
177758,252,3,0,3720
177762,144,3,0,3552
177774,36,2,0,4752
177778,120,3,-1,3360
177790,180,2,0,8352
177794,156,2,0,11520
177806,108,3,-1,1440
177810,24,2,0,6012
177822,168,3,0,3960
177826,216,3,0,4032
177838,84,2,0,504
177842,96,3,1,2550
177854,156,2,0,192
177858,108,2,0,6048
177870,60,3,1,6480
177874,60,2,0,2208
177886,444,4,1,720
177890,552,4,0,3936
177902,24,2,0,24
177906,24,3,-1,1980
177918,108,2,0,8208
177922,96,2,0,6672
177934,96,3,-1,3312
177938,72,2,0,9216
177950,396,6,-1,198
177954,312,4,1,516
177966,72,2,0,5856
177970,132,3,1,12240
177982,72,2,0,1344
177986,96,2,0,1680
177998,48,3,1,9360
178002,36,2,0,5448
178014,156,3,0,3504
178018,204,3,0,1680
178030,120,2,0,14568
178034,60,3,-1,2400
178046,108,2,0,1032
178050,132,2,0,1248
178062,72,3,-1,30
178066,96,2,0,9504
178078,240,3,0,3888
178082,240,3,0,624
178094,96,2,0,2448
178098,36,3,1,4284
178110,216,2,0,7872
178114,84,2,0,10272
178126,96,3,1,3948
178142,180,4,-1,1080
178146,348,4,0,384
178158,72,2,0,6984
178162,108,3,-1,372
178174,120,2,0,8640
178178,84,2,0,6048
178190,108,3,-1,3072
178194,24,2,0,5760
178206,204,4,0,1296
178210,168,4,-1,1392
178222,96,2,0,6336
178226,96,3,1,11976
178238,132,2,0,744
178242,72,2,0,6672
178254,60,3,1,1056
178258,48,2,0,4032
178270,504,3,0,1920
178274,240,3,0,1680
178286,96,2,0,8064
178290,60,3,-1,2724
178302,96,2,0,6480
178306,156,2,0,2208
178322,48,2,0,5760
178334,288,3,0,4416
178338,144,3,0,2304
178350,84,2,0,552
178354,36,3,1,2208
178366,192,2,0,11136
178370,108,2,0,8256
178382,72,3,1,2904
178386,12,2,0,6912
178398,276,4,1,2700
178402,312,6,1,816
178414,60,2,0,1632
178418,60,3,-1,864
178430,156,2,0,10176
178434,96,2,0,5088
178446,84,3,-1,852
178450,96,2,0,5088
178462,156,4,0,1320
178466,384,4,1,5472
178478,0,2,0,6960
178482,0,3,1,4200
178494,96,2,0,6672
178498,60,2,0,8256
178510,48,3,1,10440
178514,96,2,0,6912
178526,384,3,0,1248
178530,264,3,0,3648
178542,72,2,0,4800
178546,24,3,-1,360
178558,96,2,0,3840
178562,204,2,0,1584
178574,36,3,-1,2688
178578,24,2,0,576
178590,108,3,0,3312
178594,432,3,0,1536
178606,36,2,0,672
178610,36,3,1,10848
178622,84,2,0,5760
178626,60,2,0,5904
178638,24,3,1,1032
178642,48,2,0,5184
178654,276,4,-1,252
178658,168,5,-1,504
178670,120,2,0,696
178674,144,3,-1,2424
178686,84,2,0,4992
178690,180,2,0,12336
178702,120,3,-1,1116
178706,48,2,0,4632
178718,276,5,1,2304
178722,108,4,-1,804
178734,0,2,0,4992
178738,60,3,1,1488
178750,156,2,0,9888
178754,96,2,0,1248
178766,36,3,1,288
178770,72,2,0,8424
178782,132,3,0,2880
178786,216,3,0,4224
178798,60,2,0,6864
178802,84,3,-1,2736
178814,252,2,0,4608
178818,96,2,0,4728
178830,48,3,-1,2460
178834,144,2,0,192
178846,300,3,0,192
178850,276,3,0,1008
178862,120,2,0,9408
178866,12,3,1,696
178878,72,2,0,4560
178894,48,3,1,9024
178898,96,2,0,9072
178910,324,4,1,4788
178914,216,4,0,1440
178926,36,2,0,6432
178930,60,3,-1,3240
178942,144,2,0,7680
178946,192,2,0,2064
178958,12,3,-1,480
178962,24,2,0,3168
178974,300,6,0,480
178978,252,4,1,3960
178990,156,2,0,6648
178994,72,3,1,2304
179006,84,2,0,7008
179010,156,2,0,11064
179022,0,3,1,3600
179026,120,2,0,288
179038,240,3,0,4320
179042,216,3,0,4224
179054,120,2,0,3456
179058,24,3,-1,1644
179074,84,2,0,6192
179086,12,3,-1,2112
179090,84,2,0,768
179102,168,3,0,840
179106,180,3,0,3024
179118,24,2,0,4320
179122,72,3,1,10560
179134,168,2,0,1440
179138,120,2,0,3840
179150,36,3,1,13272
179154,36,2,0,1224
179166,276,4,-1,1776
179170,372,4,0,672
179182,84,2,0,7488
179186,60,3,-1,2568
179198,108,2,0,5808
179202,60,2,0,5376
179214,84,3,-1,84
179218,60,2,0,5280
179230,372,4,0,2688
179234,324,4,-1,1536
179246,84,2,0,576
179250,60,3,1,9756
179262,60,2,0,4968
179266,48,2,0,6336
179278,96,3,1,1992
179282,84,2,0,2160
179294,108,3,0,2880
179298,132,3,0,2880
179310,108,2,0,6576
179314,120,3,-1,1872
179326,156,2,0,7488
179330,108,2,0,9408
179342,36,3,-1,2880
179346,36,2,0,84
179358,96,3,0,2448
179362,180,3,0,4032
179374,84,2,0,10368
179378,24,3,1,4608
179390,276,2,0,3888
179394,96,2,0,7392
179406,36,3,1,5772
179410,48,2,0,8640
179422,402,4,1,240
179426,288,5,0,288
179438,36,2,0,4848
179442,0,3,-1,1848
179454,108,2,0,144
179458,120,2,0,960
179470,24,3,-1,2568
179474,72,2,0,8256
179486,456,4,0,3360
179490,144,4,1,2556
179502,48,2,0,6312
179506,48,3,1,8160
179518,132,2,0,6384
179522,144,2,0,6912
179534,72,3,1,1032
179538,60,2,0,6552
179550,132,3,0,3240
179554,228,3,0,84
179566,60,2,0,2784
179570,144,3,-1,1722
179582,60,2,0,312
179586,36,2,0,6192
179598,72,3,-1,2256
179602,96,2,0,1584
179614,168,3,0,288
179618,240,3,0,480
179630,12,2,0,7680
179646,84,2,0,1008
179650,228,2,0,1680
179662,60,3,1,6336
179666,72,2,0,7920
179678,276,4,-1,720
179682,156,5,1,1248
179694,60,2,0,6144
179698,48,3,-1,2256
179710,132,2,0,2832
179714,84,2,0,2040
179726,108,3,-1,2976
179730,24,2,0,7488
179742,108,5,-1,366
179746,300,4,-1,96
179758,72,2,0,7680
179762,36,3,1,6480
179774,132,2,0,6720
179778,84,2,0,4800
179790,60,3,1,7560
179794,72,2,0,7488
179806,144,3,0,3072
179810,420,3,0,8400
179826,60,3,-1,1872
179838,108,2,0,5424
179842,108,2,0,7536
179854,120,3,-1,48
179858,96,2,0,480
179870,384,3,0,5760
179874,144,3,0,4320
179886,0,2,0,5952
179890,120,3,1,3432
179902,84,2,0,360
179906,120,2,0,8448
179918,60,3,1,6372
179922,48,2,0,5832
179934,204,4,1,2976
179938,156,4,0,1776
179950,48,2,0,9792
179954,96,3,-1,480
179966,96,2,0,2400
179970,96,2,0,6336
179982,48,3,-1,2064
179986,60,2,0,8832
179998,312,5,0,288
180002,360,4,1,1458
180014,48,2,0,8448
180018,60,3,1,5532
180030,144,2,0,7872
180034,144,2,0,1920
180046,96,3,1,1800
180050,144,2,0,12528
180062,300,3,0,3912
180066,144,3,0,2880
180078,12,2,0,3612
180082,24,3,-1,1632
180094,60,2,0,11616
180098,84,2,0,5952
180110,96,3,-1,1350
180114,36,2,0,4800
180126,156,3,0,2976
180130,300,3,0,5664
180142,48,2,0,1152
180146,156,3,1,96
180158,132,2,0,7920
180162,108,2,0,5040
180174,48,3,1,7632
180178,60,2,0,3144
180190,228,4,-1,1632
180194,216,4,0,1632
180206,84,2,0,1200
180210,60,3,-1,120
180222,96,2,0,6312
180226,120,2,0,8448
180238,12,3,-1,240
180242,72,2,0,10464
180254,264,4,0,60
180258,228,4,-1,1152
180270,48,2,0,11424
180274,24,3,1,6144
180286,312,2,0,5520
180290,96,2,0,2448
180302,36,3,1,7704
180306,24,2,0,3984
180318,168,3,0,2880
180322,204,3,0,1152
180334,84,2,0,6720
180338,24,3,-1,1992
180350,180,2,0,9216
180354,144,2,0,2040
180366,12,3,-1,1584
180370,96,2,0,14376
180382,228,3,0,4032
180398,108,2,0,2784
180402,24,3,1,672
180414,36,2,0,5808
180418,108,2,0,7248
180430,96,3,1,1152
180434,144,2,0,600
180446,348,4,1,1092
180450,168,5,0,720
180462,48,2,0,5184
180466,84,3,-1,720
180478,48,2,0,4608
180482,96,2,0,6720
180494,72,3,-1,2520
180498,36,2,0,5136
180510,144,4,0,2088
180514,336,4,1,3840
180526,60,2,0,7104
180530,96,3,1,10056
180542,108,2,0,288
180546,84,2,0,1080
180558,36,3,1,4368
180562,60,2,0,6144
180578,372,3,0,1200
180590,96,2,0,8976
180594,36,3,-1,2232
180606,48,2,0,528
180610,84,2,0,4416
180622,120,3,-1,4032
180626,24,2,0,6624
180638,192,3,0,3264
180642,96,3,0,2016
180654,60,2,0,1680
180658,84,3,1,5424
180670,132,2,0,7728
180674,96,2,0,7680
180686,72,3,1,1728
180690,72,2,0,10560
180702,108,4,-1,624
180706,288,5,-1,768
180718,168,2,0,4176
180722,48,3,-1,576
180734,228,2,0,432
180738,24,2,0,120
180750,72,3,-1,54
180754,120,2,0,108
180766,132,5,1,1728
180770,468,4,-1,120
180782,24,2,0,5280
180786,12,3,1,6048
180798,144,2,0,5904
180802,96,2,0,7248
180814,120,3,1,8544
180818,24,2,0,5520
180830,504,3,0,576
180834,144,3,0,2832
180846,60,2,0,1584
180850,60,3,-1,3456
180862,84,2,0,1800
180866,132,2,0,4224
180878,36,3,-1,2424
180882,36,2,0,7344
180894,132,3,0,2304
180898,144,3,0,600
180910,48,2,0,11184
180914,84,3,1,9072
180926,132,2,0,8064
180930,144,2,0,9960
180942,24,3,1,4992
180946,36,2,0,1536
180958,312,4,1,4020
180962,192,4,0,1536
180974,24,2,0,3984
180978,36,3,-1,1368
180990,120,2,0,1008
180994,156,2,0,6912
181006,96,3,-1,72
181010,72,2,0,1668
181022,216,5,0,120
181026,300,4,1,384
181038,0,2,0,4500
181042,84,3,1,4680
181054,144,2,0,144
181058,60,2,0,432
181070,120,3,1,12960
181074,60,2,0,6144
181086,156,3,0,2448
181090,240,3,0,4224
181102,48,2,0,7200
181106,120,3,-1,3360
181118,132,2,0,1116
181122,60,2,0,4920
181134,24,3,-1,1776
181150,348,3,0,72
181154,648,3,0,144
181166,48,2,0,9600
181170,12,3,1,4776
181182,60,2,0,5520
181186,156,2,0,480
181198,60,3,1,5520
181202,48,2,0,6048
181214,180,4,-1,1296
181218,216,4,0,144
181230,60,2,0,7968
181234,48,3,-1,2736
181246,252,2,0,1728
181250,108,2,0,10848
181262,24,3,-1,720
181266,84,2,0,7152
181278,228,4,0,1800
181282,192,4,-1,72
181294,48,2,0,2304
181298,72,3,1,4704
181310,120,2,0,6648
181314,48,2,0,4608
181330,120,2,0,2688
181342,156,3,0,3936
181346,168,3,0,864
181358,60,2,0,7296
181362,12,3,-1,1620
181374,72,2,0,4800
181378,108,2,0,5952
181390,84,3,-1,3660
181394,24,2,0,7344
181406,144,3,0,1776
181410,288,3,0,5664
181422,48,2,0,4656
181426,96,3,1,7104
181438,120,2,0,1920
181442,60,2,0,1344
181454,60,3,1,1224
181458,48,2,0,4704
181470,276,4,1,3168
181474,492,6,0,360
181486,72,2,0,7152
181490,96,3,-1,336
181502,156,2,0,10656
181506,72,2,0,5160
181518,60,3,-1,2448
181522,84,2,0,5568
181534,180,4,0,1728
181538,300,4,1,3072
181550,72,2,0,3024
181554,60,3,1,1200
181566,84,2,0,5256
181570,108,2,0,10272
181582,84,3,1,2412
181586,108,2,0,2592
181598,180,3,0,2304
181602,156,3,0,2880
181614,48,2,0,7416
181618,60,3,-1,720
181630,168,2,0,14256
181634,144,2,0,7968
181646,36,3,-1,432
181650,24,2,0,6720
181662,108,3,0,2568
181666,168,3,0,4416
181678,0,2,0,4800
181682,60,3,1,5352
181694,372,2,0,3840
181698,60,2,0,240
181710,12,3,1,7440
181714,120,2,0,10272
181726,264,4,-1,96
181730,450,5,1,84
181742,0,2,0,6720
181746,108,3,-1,432
181758,84,2,0,3720
181762,156,2,0,1512
181774,60,3,-1,336
181778,84,2,0,6144
181790,252,5,-1,720
181794,132,4,-1,816
181806,48,2,0,720
181810,84,3,1,12840
181822,84,2,0,5664
181826,168,2,0,11040
181838,96,3,1,3432
181842,60,2,0,4944
181854,252,3,0,672
181858,168,3,0,2496
181870,84,2,0,2508
181874,36,3,-1,552
181886,132,2,0,8064
181902,48,3,-1,1230
181906,12,2,0,3168
181918,192,3,0,3168
181922,144,3,0,3600
181934,24,2,0,6048
181938,60,3,1,6948
181950,108,2,0,8448
181954,120,2,0,1128
181966,84,3,1,14016
181970,60,2,0,1248
181982,384,4,1,1092
181986,120,4,0,1152
181998,24,2,0,4032
182002,24,3,-1,312
182014,84,2,0,2544
182018,60,2,0,2400
182030,96,3,-1,2664
182034,84,2,0,8496
182046,396,6,1,147
182050,516,4,1,822
182062,36,2,0,8064
182066,48,3,1,6624
182082,108,2,0,5376
182094,12,3,1,4344
182098,48,2,0,8352
182110,240,3,0,4608
182114,312,3,0,4224
182126,72,2,0,672
182130,60,3,-1,1884
182142,48,2,0,6120
182146,252,2,0,2016
182158,48,3,-1,768
182162,96,2,0,4512
182174,228,3,0,5952
182178,84,3,0,2232
182190,48,2,0,8064
182194,36,3,1,1680
182206,84,2,0,7488
182210,84,2,0,7200
182222,12,3,1,7200
182226,12,2,0,96
182238,84,4,-1,648
182242,252,4,0,1872
182254,36,2,0,48
182258,12,3,-1,2160
182270,204,2,0,3096
182274,144,2,0,7104
182286,36,3,-1,2136
182290,48,2,0,7272
182302,240,4,0,432
182306,180,4,-1,288
182318,72,2,0,8016
182322,0,3,1,4620
182334,84,2,0,5376
182338,204,2,0,4032
182350,48,3,1,7320
182354,60,2,0,240
182366,156,3,0,2784
182370,192,3,0,4032
182382,48,2,0,5784
182386,60,3,-1,2880
182398,144,2,0,8208
182402,120,2,0,5760
182414,72,3,-1,672
182418,48,2,0,3744
182430,180,3,0,3672
182434,192,3,0,4224
182446,96,2,0,948
182450,120,3,1,1908
182462,72,2,0,6048
182466,60,2,0,4224
182478,72,3,1,612
182482,24,2,0,1920
182494,228,4,1,3480
182498,228,6,-1,276
182510,168,2,0,11328
182514,36,3,-1,2304
182526,156,2,0,8064
182530,144,2,0,12288
182542,12,3,-1,1608
182546,36,2,0,1344
182558,288,4,0,84
182562,156,4,1,2328
182574,24,2,0,5568
182578,36,3,1,264
182590,276,2,0,480
182594,204,2,0,3960
182606,60,3,1,8208
182610,36,2,0,6648
182622,168,3,0,2928
182626,228,3,0,792
182638,72,2,0,7032
182654,168,2,0,1968
182658,12,2,0,3888
182670,60,3,-1,3072
182674,60,2,0,7104
182686,120,3,0,3840
182690,264,3,0,4992
182702,72,2,0,4344
182706,60,3,1,8208
182718,96,2,0,4608
182722,96,2,0,8064
182734,84,3,1,2376
182738,36,2,0,1440
182750,432,4,-1,1896
182754,252,5,-1,16
182766,48,2,0,4800
182770,96,3,-1,1356
182782,108,2,0,5280
182786,144,2,0,1632
182798,36,3,-1,1956
182802,24,2,0,3264
182814,300,5,1,1464
182818,228,4,-1,1428
182834,84,3,1,6600
182846,264,2,0,576
182850,108,2,0,7524
182862,24,3,1,6180
182866,96,2,0,8544
182878,216,3,0,1224
182882,324,3,0,1152
182894,48,2,0,8064
182898,36,3,-1,1440
182910,108,2,0,8088
182914,168,2,0,1680
182926,96,3,-1,2880
182930,108,2,0,11136
182942,156,3,0,216
182946,228,3,0,768
182958,36,2,0,4752
182962,72,3,1,612
182974,168,2,0,8544
182978,96,2,0,7584
182990,96,3,1,2712
182994,48,2,0,6096
183006,156,4,1,2784
183010,276,4,0,2160
183022,96,2,0,1200
183026,48,3,-1,972
183038,84,2,0,6864
183042,72,2,0,5520
183054,36,3,-1,408
183058,36,2,0,2532
183070,384,6,0,672
183074,228,4,1,3072
183086,48,2,0,11328
183090,36,3,1,8316
183102,96,2,0,3888
183106,36,2,0,4896
183118,36,3,1,6048
183122,48,2,0,6624
183134,300,3,0,1728
183138,108,3,0,2400
183150,108,2,0,6576
183154,96,3,-1,816
183166,156,2,0,1488
183170,252,2,0,3456
183182,48,3,-1,2472
183186,24,2,0,5232
183198,72,3,0,2160
183202,204,3,0,1584
183214,24,2,0,8448
183218,24,3,1,5376
183230,180,2,0,11040
183234,120,2,0,5280
183246,12,3,1,684
183250,0,2,0,8352
183262,192,4,-1,1200
183266,264,4,0,2016
183278,60,2,0,1284
183282,60,3,-1,1872
183294,72,2,0,7440
183298,72,2,0,4656
183310,168,3,-1,126
183314,72,2,0,2880
183326,216,4,0,1728
183330,228,4,-1,1212
183342,24,2,0,624
183346,132,3,1,264
183358,60,2,0,6528
183362,120,2,0,5760
183374,36,3,1,1056
183378,60,2,0,4608
183390,156,3,0,3696
183406,72,2,0,8544
183410,48,3,-1,3600
183422,132,2,0,984
183426,72,2,0,432
183438,12,3,-1,1728
183442,12,2,0,4872
183454,468,3,0,288
183458,192,3,0,1344
183470,60,2,0,7008
183474,60,3,1,4608
183486,132,2,0,4416
183490,180,2,0,3264
183502,48,3,1,5208
183506,60,2,0,9216
183518,204,4,1,3888
183522,192,5,0,528
183534,60,2,0,9312
183538,48,3,-1,312
183550,96,2,0,9216
183554,180,2,0,1536
183566,108,3,-1,1656
183570,60,2,0,1320
183586,276,4,1,4440
183598,36,2,0,1632
183602,108,3,1,1680
183614,144,2,0,8880
183618,60,2,0,5520
183630,84,3,1,9576
183634,96,2,0,3168
183646,216,3,0,1104
183650,192,3,0,3024
183662,36,2,0,4368
183666,84,3,-1,1872
183678,96,2,0,216
183682,84,2,0,8592
183694,48,3,-1,1968
183698,36,2,0,5808
183710,360,3,0,1248
183714,132,3,0,2688
183726,60,2,0,5280
183730,24,3,1,8280
183742,168,2,0,3768
183746,156,2,0,96
183758,48,3,1,612
183762,48,2,0,5472
183774,132,4,-1,864
183778,288,5,1,432
183790,24,2,0,7536
183794,96,3,-1,3168
183806,108,2,0,7872
183810,48,2,0,5616
183822,24,3,-1,1440
183826,60,2,0,9984
183838,180,5,-1,468
183842,156,4,-1,1056
183854,84,2,0,576
183858,48,3,1,5232
183870,108,2,0,8520
183874,96,2,0,9408
183886,60,3,1,1872
183890,108,2,0,4680
183902,156,3,0,3264
183906,156,3,0,3168
183918,24,2,0,5400
183922,48,3,-1,486
183934,120,2,0,5760
183938,144,2,0,7728
183950,84,3,-1,3540
183954,36,2,0,1008
183966,216,3,0,4704
183970,108,3,0,3840
183982,84,2,0,7776
183986,24,3,1,432
183998,132,2,0,2592
184002,60,2,0,3984
184014,0,3,1,4248
184018,48,2,0,6336
184030,360,4,1,810
184034,312,4,0,504
184046,60,2,0,1200
184050,36,3,-1,2724
184062,48,2,0,4272
184066,108,2,0,3744
184078,12,3,-1,2544
184082,72,2,0,4896
184094,168,5,0,912
184098,384,4,1,114
184110,24,2,0,5208
184114,36,3,1,7584
184126,120,2,0,1296
184130,120,2,0,9504
184142,84,3,1,1812
184158,180,3,0,504
184162,144,3,0,2832
184174,24,2,0,3456
184178,96,3,-1,912
184190,108,2,0,10728
184194,108,2,0,4992
184206,48,3,-1,1848
184210,96,2,0,3648
184222,120,3,0,2592
184226,264,3,0,4320
184238,72,2,0,384
184242,48,3,1,3888
184254,96,2,0,1008
184258,96,2,0,3888
184270,84,3,1,14400
184274,96,2,0,9888
184286,204,4,-1,288
184290,156,4,0,2328
184302,0,2,0,4716
184306,84,3,-1,2112
184318,276,2,0,216
184322,144,2,0,432
184338,12,2,0,3900
184350,180,4,0,1920
184354,168,4,-1,6
184366,60,2,0,5760
184370,72,3,1,360
184382,96,2,0,6720
184386,168,2,0,7992
184398,60,3,1,3594
184402,108,2,0,10656
184414,216,3,0,288
184418,192,3,0,2880
184430,204,2,0,5100
184434,48,3,-1,120
184446,48,2,0,1344
184450,264,2,0,11880
184462,36,3,-1,528
184466,72,2,0,2016
184478,132,3,0,2832
184482,132,3,0,2328
184494,36,2,0,6912
184498,48,3,1,3726
184510,108,2,0,8928
184514,108,2,0,8640
184526,24,3,1,432
184530,48,2,0,5160
184542,330,4,1,153
184546,252,5,0,144
184558,48,2,0,5376
184562,60,3,-1,2016
184574,168,2,0,1728
184578,24,2,0,6144
184590,0,3,-1,1776
184594,0,2,0,6816
184606,552,4,0,1248
184610,636,4,1,2208
184622,12,2,0,5760
184626,60,3,1,7176
184638,72,2,0,4176
184642,84,2,0,480
184654,60,3,1,2232
184658,96,2,0,6912
184670,144,3,0,4272
184674,144,3,0,2280
184686,36,2,0,7008
184690,72,3,-1,2496
184702,48,2,0,5760
184706,60,2,0,5952
184718,60,3,-1,132
184722,48,2,0,6768
184734,96,3,0,2016
184738,252,3,0,3744
184750,156,2,0,4512
184754,48,3,1,540
184766,120,2,0,8640
184770,96,2,0,6336
184782,60,3,1,5112
184786,96,2,0,1440
184798,228,4,-1,1200
184802,132,5,-1,552
184814,36,2,0,6816
184818,36,3,-1,1584
184830,72,2,0,6048
184834,168,2,0,10752
184846,36,3,-1,516
184850,96,2,0,8640
184862,360,5,1,912
184866,72,4,-1,792
184878,72,2,0,648
184882,48,3,1,5664
184894,156,2,0,2016
184910,60,3,1,1536
184914,36,2,0,5952
184926,216,3,0,2520
184930,324,3,0,2304
184942,108,2,0,960
184946,72,3,-1,672
184958,168,2,0,8232
184962,72,2,0,4992
184974,48,3,-1,2352
184978,24,2,0,5952
184990,240,3,0,5136
184994,192,3,0,3360
185006,48,2,0,1440
185010,60,3,1,7632
185022,72,2,0,5376
185026,36,2,0,6528
185038,24,3,1,2592
185042,96,2,0,648
185054,408,4,1,912
185058,144,4,0,1296
185070,36,2,0,5712
185074,108,3,-1,1056
185090,132,2,0,8208
185102,0,3,-1,1944
185106,36,2,0,792
185118,180,5,0,408
185122,216,4,1,108
185134,84,2,0,7680
185138,60,3,1,1080
185150,144,2,0,2688
185154,120,2,0,1416
185166,60,3,1,6624
185170,132,2,0,12144
185182,156,3,0,984
185186,240,3,0,2160
185198,48,2,0,9024
185202,24,3,-1,1176
185214,120,2,0,7056
185218,144,2,0,1896
185230,48,3,-1,3024
185234,48,2,0,5760
185246,240,3,0,624
185250,168,3,0,2928
185262,48,2,0,3348
185266,24,3,1,7488
185278,72,2,0,4608
185282,192,2,0,10512
185294,72,3,1,3744
185298,36,2,0,4320
185310,192,4,-1,1680
185314,192,4,0,1632
185326,36,2,0,1968
185330,72,3,-1,828
185342,84,2,0,3984
185346,72,2,0,1536
185358,12,3,-1,1512
185362,84,2,0,288
185374,240,4,0,1824
185378,216,4,-1,912
185390,48,2,0,10560
185394,60,3,1,348
185406,60,2,0,4608
185410,144,2,0,9312
185422,48,3,1,7416
185426,48,2,0,8256
185438,252,3,0,1104
185442,144,3,0,2304
185454,60,2,0,792
185458,48,3,-1,48
185470,156,2,0,4704
185474,96,2,0,2112
185486,108,3,-1,12
185490,60,2,0,7176
185502,144,3,0,3024
185506,300,3,0,1728
185518,36,2,0,6480
185522,48,3,1,8340
185534,120,2,0,6528
185538,60,2,0,3432
185550,48,3,1,8496
185554,36,2,0,1920
185566,180,4,1,3072
185570,192,8,0,144
185582,36,2,0,2016
185586,24,3,-1,1560
185598,72,2,0,3408
185602,120,2,0,4128
185614,156,3,-1,4
185618,72,2,0,3132
185630,276,4,0,2016
185634,216,4,1,3456
185646,36,2,0,1320
185662,144,2,0,8352
185666,168,2,0,9408
185678,72,3,1,5616
185682,24,2,0,288
185694,120,3,0,384
185698,228,3,0,4032
185710,96,2,0,7488
185714,12,3,-1,2160
185726,180,2,0,456
185730,48,2,0,6048
185742,72,3,-1,45
185746,84,2,0,1296
185758,264,3,0,768
185762,96,3,0,648
185774,72,2,0,7680
185778,48,3,1,5232
185790,108,2,0,7176
185794,144,2,0,3000
185806,36,3,1,5760
185810,60,2,0,9504
185822,144,4,-1,960
185826,180,5,1,1032
185842,60,3,-1,2808
185854,192,2,0,1584
185858,120,2,0,7632
185870,108,3,-1,756
185874,48,2,0,6000
185886,180,5,-1,432
185890,312,4,-1,192
185902,72,2,0,2856
185906,24,3,1,1464
185918,120,2,0,7728
185922,12,2,0,504
185934,72,3,1,4896
185938,60,2,0,720
185950,192,3,0,3120
185954,168,3,0,576
185966,72,2,0,6720
185970,84,3,-1,3852
185982,60,2,0,4788
185986,108,2,0,408
185998,36,3,-1,2880
186002,24,2,0,4992
186014,168,3,0,4
186018,96,3,0,1488
186030,48,2,0,6792
186034,96,3,1,9696
186046,96,2,0,336
186050,192,2,0,5184
186062,72,3,1,5568
186066,60,2,0,6144
186078,120,4,1,1836
186082,276,4,0,480
186094,36,2,0,9600
186098,36,3,-1,1464
186110,108,2,0,10464
186114,132,2,0,6240
186126,24,3,-1,2232
186130,36,2,0,8304
186142,204,6,-1,240
186146,168,4,1,672
186158,36,2,0,2664
186162,0,3,1,3936
186174,84,2,0,5952
186178,168,2,0,6384
186190,60,3,1,1728
186194,72,2,0,2496
186206,276,3,0,5568
186210,192,3,0,3024
186222,12,2,0,3984
186226,60,3,-1,1248
186238,108,2,0,6432
186242,144,2,0,5520
186254,12,3,-1,432
186258,24,2,0,4824
186270,156,3,0,3048
186274,144,3,0,2688
186286,60,2,0,9024
186290,72,3,1,11520
186302,108,2,0,1152
186306,132,2,0,7680
186318,48,3,1,4320
186322,24,2,0,6816
186334,276,4,-1,828
186338,288,4,0,264
186350,72,2,0,864
186354,36,3,-1,300
186366,60,2,0,4128
186370,156,2,0,2352
186382,36,3,-1,1848
186386,48,2,0,8976
186398,120,4,0,1344
186414,24,2,0,4128
186418,24,3,1,5184
186430,228,2,0,11520
186434,108,2,0,6336
186446,84,3,1,816
186450,72,2,0,5400
186462,84,3,0,144
186466,132,3,0,2976
186478,84,2,0,240
186482,84,3,-1,960
186494,72,2,0,5328
186498,60,2,0,4944
186510,60,3,-1,354
186514,84,2,0,2016
186526,216,3,0,2832
186530,228,3,0,5568
186542,36,2,0,6672
186546,0,3,1,576
186558,108,2,0,6624
186562,72,2,0,5472
186574,60,3,1,5472
186578,24,2,0,5376
186594,168,6,1,768
186606,36,2,0,6312
186610,48,3,-1,2592
186622,84,2,0,1536
186626,180,2,0,60
186638,12,3,-1,1344
186642,48,2,0,4368
186654,396,4,0,432
186658,240,4,1,1440
186670,12,2,0,11040
186674,84,3,1,1728
186686,168,2,0,6336
186690,60,2,0,456
186702,12,3,1,5136
186706,48,2,0,960
186718,156,3,0,3120
186722,156,3,0,2496
186734,36,2,0,1824
186738,132,3,-1,15
186750,72,2,0,5472
186754,132,2,0,1632
186766,60,3,-1,1248
186770,84,2,0,2592
186782,216,3,0,4008
186786,120,3,0,2112
186798,48,2,0,4368
186802,48,3,1,1680
186814,84,2,0,672
186818,84,2,0,5760
186830,48,3,1,8064
186834,36,2,0,408
186846,132,4,-1,192
186850,420,5,-1,936
186862,24,2,0,5016
186866,84,3,-1,3024
186878,192,2,0,2880
186882,84,2,0,3960
186894,48,3,-1,2316
186898,24,2,0,4992
186910,576,5,1,333
186914,312,4,-1,600
186926,24,2,0,5760
186930,60,3,1,8448
186942,12,2,0,3696
186946,132,2,0,432
186958,24,3,1,8496
186962,48,2,0,6624
186974,108,3,0,3744
186978,72,3,0,2352
186990,60,2,0,7512
186994,48,3,-1,1632
187006,168,2,0,6912
187010,60,2,0,9024
187022,36,3,-1,744
187026,12,2,0,6096
187038,84,3,0,2112
187042,84,3,0,3360
187054,120,2,0,384
187058,36,3,1,1266
187070,120,2,0,10944
187074,24,2,0,3744
187086,48,3,1,5592
187090,132,2,0,4944
187102,180,4,1,3360
187106,252,4,0,1632
187118,24,2,0,6432
187122,36,3,-1,1680
187134,60,2,0,4488
187138,0,2,0,360
187150,60,3,-1,2736
187166,300,7,-1,36
187170,252,4,1,2904
187182,0,2,0,4128
187186,60,3,1,7680
187198,132,2,0,2016
187202,144,2,0,2496
187214,60,3,1,7608
187218,96,2,0,5376
187230,108,3,0,3312
187234,240,3,0,216
187246,72,2,0,1152
187250,48,3,-1,1944
187262,120,2,0,1008
187266,96,2,0,4800
187278,0,3,-1,1392
187282,24,2,0,4512
187294,144,3,0,384
187298,192,3,0,384
187310,156,2,0,1632
187314,60,3,1,6336
187326,96,2,0,7296
187330,144,2,0,9480
187346,72,2,0,912
187358,120,4,-1,552
187362,108,4,0,1176
187374,24,2,0,4944
187378,72,3,-1,480
187390,168,2,0,8496
187394,96,2,0,6624
187406,48,3,-1,2592
187410,24,2,0,8724
187422,120,4,0,1032
187426,144,4,-1,1128
187438,36,2,0,6768
187442,36,3,1,7368
187454,156,2,0,600
187458,96,2,0,468
187470,24,3,1,4908
187474,48,2,0,144
187486,372,3,0,1248
187490,276,3,0,144
187502,48,2,0,5568
187506,12,3,-1,1608
187518,108,2,0,5184
187522,120,2,0,3552
187534,36,3,-1,1824
187538,72,2,0,7968
187550,180,3,0,3912
187554,204,3,0,744
187566,60,2,0,4896
187570,108,3,1,10128
187582,96,2,0,5616
187586,36,2,0,4608
187598,48,3,1,2100
187602,36,2,0,4320
187614,192,4,1,2388
187618,192,5,0,648
187630,108,2,0,3840
187634,120,3,-1,240
187646,192,2,0,300
187650,168,2,0,9144
187662,84,3,-1,1920
187666,36,2,0,1920
187678,312,4,0,2112
187682,144,4,1,2304
187694,60,2,0,8064
187698,12,3,1,3096
187710,48,2,0,5328
187714,180,2,0,8256
187726,36,3,1,6768
187730,120,2,0,6528
187742,156,3,0,768
187746,252,3,0,672
187758,24,2,0,3600
187762,60,3,-1,2088
187774,192,2,0,2688
187778,168,2,0,2004
187790,156,3,-1,3936
187794,60,2,0,5184
187806,108,3,0,2208
187810,180,3,0,960
187822,36,2,0,6048
187826,12,3,1,7296
187838,36,2,0,4512
187842,60,2,0,3936
187854,60,3,1,1056
187858,84,2,0,8640
187870,360,4,-1,1920
187874,372,5,1,1968
187886,72,2,0,4224
187890,24,3,-1,1584
187902,60,2,0,5184
187918,12,3,-1,396
187922,60,2,0,1440
187934,156,5,-1,576
187938,108,4,-1,720
187950,48,2,0,6804
187954,120,3,1,528
187966,144,2,0,6912
187970,168,2,0,11328
187982,60,3,1,4140
187986,60,2,0,6672
187998,132,3,0,2904
188002,156,3,0,2064
188014,60,2,0,8736
188018,72,3,-1,1896
188030,132,2,0,1992
188034,96,2,0,4392
188046,36,3,-1,2
188050,60,2,0,9120
188062,216,3,0,1056
188066,228,3,0,1056
188078,24,2,0,576
188082,36,3,1,4536
188098,180,2,0,2688
188110,96,3,1,9408
188114,12,2,0,4608
188126,312,4,1,4608
188130,264,4,0,1920
188142,12,2,0,4968
188146,60,3,-1,528
188158,96,2,0,4608
188162,48,2,0,6528
188174,36,3,-1,648
188178,0,2,0,3456
188190,228,5,0,960
188194,312,4,1,3240
188206,108,2,0,720
188210,108,3,1,4788
188222,108,2,0,7680
188226,36,2,0,4416
188238,24,3,1,5244
188242,72,2,0,216
188254,108,3,0,384
188258,144,3,0,3600
188270,72,2,0,6240
188274,96,3,-1,312
188286,72,2,0,12
188290,132,2,0,7080
188302,48,3,-1,2400
188306,24,2,0,7200
188318,156,3,0,1728
188322,144,3,0,2832
188334,60,2,0,6432
188338,0,3,1,5460
188350,108,2,0,2484
188354,180,2,0,384
188366,36,3,1,5376
188370,36,2,0,5568
188382,108,4,-1,672
188386,204,4,0,672
188398,24,2,0,4800
188402,60,3,-1,1872
188414,96,2,0,7680
188418,120,2,0,5184
188430,48,3,-1,1992
188434,60,2,0,6624
188446,324,4,0,408
188450,288,4,-1,1512
188462,84,2,0,1584
188466,24,3,1,4512
188478,48,2,0,4176
188482,60,2,0,5568
188494,180,3,1,5232
188498,48,2,0,2016
188510,108,3,0,4416
188514,144,3,0,2016
188526,12,2,0,5184
188530,96,3,-1,300
188542,84,2,0,5280
188546,84,2,0,1008
188558,72,3,-1,2616
188562,24,2,0,3456
188574,144,3,0,2592
188578,168,3,0,2880
188590,60,2,0,6192
188594,36,3,1,6336
188606,108,2,0,528
188610,132,2,0,7344
188622,12,3,1,3552
188626,60,2,0,6336
188638,300,4,1,1032
188642,276,5,0,420
188654,48,2,0,1560
188670,108,2,0,6984
188674,144,2,0,2016
188686,36,3,-1,2160
188690,60,2,0,11712
188702,180,4,0,1512
188706,120,4,1,2280
188718,0,2,0,336
188722,12,3,1,4560
188734,144,2,0,8064
188738,24,2,0,4224
188750,72,3,1,324
188754,48,2,0,1188
188766,120,3,0,2184
188770,264,3,0,576
188782,36,2,0,1632
188786,108,3,-1,696
188798,60,2,0,6000
188802,72,2,0,4224
188814,12,3,-1,1344
188818,60,2,0,2424
188830,228,3,0,528
188834,216,3,0,3168
188850,24,3,1,6432
188862,120,2,0,36
188866,156,2,0,9408
188878,36,3,1,3480
188882,72,2,0,6288
188894,312,4,-1,324
188898,60,5,-1,264
188910,48,2,0,9300
188914,0,3,-1,1872
188926,180,2,0,3504
188930,72,2,0,336
188942,12,3,-1,1920
188946,60,2,0,1056
188958,180,5,1,984
188962,300,4,-1,396
188974,24,2,0,7776
188978,36,3,1,6552
188990,60,2,0,5952
188994,72,2,0,5376
189006,48,3,1,6672
189010,72,2,0,7296
189022,156,3,0,2976
189026,336,3,0,768
189038,36,2,0,1728
189042,36,3,-1,1644
189054,120,2,0,1152
189058,60,2,0,816
189070,72,3,-1,20
189074,120,2,0,2832
189086,240,3,0,3744
189090,192,3,0,3696
189102,12,2,0,3648
189106,84,3,1,1800
189118,120,2,0,7776
189122,60,2,0,4320
189134,84,3,1,7680
189138,84,2,0,4656
189150,282,4,1,192
189154,120,4,0,336
189166,96,2,0,768
189170,72,3,-1,2400
189182,60,2,0,2400
189186,120,2,0,4752
189198,36,3,-1,1188
189202,60,2,0,8448
189214,204,5,0,180
189218,288,4,1,960
189230,24,2,0,7488
189234,36,3,1,564
189246,192,2,0,1392
189250,156,2,0,3456
189262,36,3,1,5040
189266,12,2,0,4608
189278,72,3,0,2880
189282,108,3,0,1752
189294,36,2,0,3744
189298,36,3,-1,1944
189310,84,2,0,7920
189314,156,2,0,11040
189326,12,3,-1,492
189330,12,2,0,7152
189342,156,3,0,2448
189346,252,3,0,720
189358,96,2,0,3528
189362,24,3,1,1848
189374,84,2,0,5376
189378,36,2,0,4680
189390,48,3,1,5916
189394,96,2,0,192
189406,168,4,-1,768
189422,24,2,0,6144
189426,12,3,-1,1488
189438,60,2,0,5208
189442,156,2,0,6000
189454,48,3,-1,24
189458,24,2,0,4056
189470,600,4,0,936
189474,228,4,-1,864
189486,0,2,0,3936
189490,48,3,1,6408
189502,84,2,0,384
189506,96,2,0,4224
189518,48,3,1,5184
189522,24,2,0,3408
189534,180,3,0,3120
189538,192,3,0,792
189550,48,2,0,10080
189554,84,3,-1,672
189566,48,2,0,7776
189570,132,2,0,5820
189582,24,3,-1,1356
189586,60,2,0,6912
189602,132,3,0,2304
189614,120,2,0,528
189618,24,3,1,4824
189630,108,2,0,4464
189634,72,2,0,5376
189646,120,3,1,54
189650,144,2,0,2928
189662,132,4,1,2592
189666,336,7,1,456
189678,24,2,0,4440
189682,36,3,-1,768
189694,108,2,0,8064
189698,84,2,0,5328
189710,84,3,-1,3120
189714,12,2,0,4536
189726,192,4,0,1152
189730,300,4,1,4416
189742,48,2,0,4320
189746,36,3,1,1056
189758,72,2,0,1152
189762,48,2,0,5040
189774,48,3,1,5592
189778,48,2,0,6240
189790,516,3,0,3240
189794,108,3,0,864
189806,72,2,0,9984
189810,72,3,-1,252
189822,60,2,0,2868
189826,132,2,0,936
189838,24,3,-1,1488
189842,72,2,0,60
189854,156,3,0,96
189858,60,3,0,1824
189870,36,2,0,6528
189874,36,3,1,6000
189886,96,2,0,5760
189890,108,2,0,8640
189902,84,3,1,780
189906,36,2,0,3744
189918,108,4,-1,648
189922,276,5,1,2112
189934,72,2,0,1440
189938,60,3,-1,864
189950,120,2,0,9600
189954,72,2,0,768
189966,48,3,-1,1440
189970,60,2,0,1836
189982,228,5,-1,480
189986,180,4,-1,1200
189998,12,2,0,4320
190002,48,3,1,6048
190014,96,2,0,5952
190018,84,2,0,384
190030,36,3,1,8856
190034,48,2,0,7488
190046,204,3,0,276
190050,192,3,0,2688
190062,60,2,0,5040
190066,48,3,-1,2112
190078,48,2,0,1344
190082,72,2,0,1128
190094,12,3,-1,2544
190098,0,2,0,3912
190110,36,3,0,1944
190114,360,3,0,1584
190126,24,2,0,7776
190130,12,3,1,7488
190142,96,2,0,6480
190146,24,2,0,240
190158,72,3,1,4392
190174,228,4,1,2976
190178,240,4,0,1344
190190,84,2,0,1680
190194,24,3,-1,1428
190206,84,2,0,5376
190210,156,2,0,10560
190222,24,3,-1,78
190226,84,2,0,1344
190238,276,6,1,768
190242,132,4,1,1752
190254,36,2,0,1152
190258,108,3,1,2112
190270,96,2,0,6480
190274,72,2,0,8160
190286,84,3,1,5808
190290,108,2,0,6624
190302,120,3,0,2544
190306,168,3,0,216
190318,24,2,0,288
190322,0,3,-1,1728
190334,132,2,0,2112
190338,60,2,0,4356
190354,60,2,0,1248
190366,252,3,0,1344
190370,204,3,0,1824
190382,24,2,0,4704
190386,24,3,1,5172
190398,72,2,0,840
190402,60,2,0,1008
190414,24,3,1,6048
190418,12,2,0,4416
190430,360,4,-1,300
190434,168,4,0,1536
190446,12,2,0,828
190450,144,3,-1,4464
190462,84,2,0,5784
190466,96,2,0,5952
190478,96,3,-1,1140
190482,12,2,0,4512
190494,228,4,0,1296
190498,132,4,-1,588
190510,72,2,0,2016
190514,36,3,1,1344
190526,60,2,0,5376
190530,84,2,0,4992
190542,24,3,1,3120
190546,216,2,0,864
190558,84,3,0,1680
190562,192,3,0,3744
190574,72,2,0,7008
190578,12,3,-1,1104
190590,192,2,0,9432
190594,96,2,0,672
190606,24,3,-1,2040
190610,48,2,0,8232
190622,132,3,0,576
190626,120,3,0,432
190638,24,2,0,5016
190642,36,3,1,4320
190654,168,2,0,696
190658,156,2,0,2448
190670,72,3,1,7632
190674,48,2,0,5952
190686,276,4,1,228
190690,324,6,-1,96
190702,60,2,0,5712
190706,36,3,-1,192
190718,60,2,0,168
190722,48,2,0,3000
190734,48,3,-1,1584
190738,84,2,0,5568
190750,216,4,0,1872
190754,324,4,1,552
190766,96,2,0,2304
190770,12,3,1,6072
190782,36,2,0,3840
190786,168,2,0,7344
190798,108,3,1,1134
190802,48,2,0,2088
190814,180,3,0,3552
190818,96,3,0,1776
190830,24,2,0,5664
190834,60,3,-1,456
190846,96,2,0,1728
190850,108,2,0,8448
190862,36,3,-1,1632
190866,24,2,0,4896
190878,108,3,0,1728
190882,144,3,0,3072
190894,36,2,0,4128
190898,96,3,1,408
190910,240,2,0,5544
190926,84,3,1,6288
190930,48,2,0,6624
190942,300,4,-1,276
190946,192,5,-1,24
190958,48,2,0,7680
190962,60,3,-1,1488
190974,24,2,0,3600
190978,132,2,0,2736
190990,36,3,-1,2976
190994,72,2,0,9216
191006,180,5,1,1440
191010,288,4,-1,1008
191022,60,2,0,5544
191026,60,3,1,6120
191038,120,2,0,6336
191042,24,2,0,4608
191054,48,3,1,312
191058,24,2,0,3072
191070,312,3,0,3024
191074,192,3,0,3840
191086,24,2,0,2016
191090,84,3,-1,1056
191106,72,2,0,5760
191118,24,3,-1,1380
191122,12,2,0,552
191134,240,3,0,4704
191138,144,3,0,2448
191150,72,2,0,8064
191154,24,3,1,1104
191166,96,2,0,3840
191170,72,2,0,840
191182,36,3,1,864
191186,60,2,0,5760
191198,216,4,1,402
191202,96,4,0,744
191214,24,2,0,576
191218,24,3,-1,60
191230,192,2,0,2616
191234,120,2,0,3120
191246,60,3,-1,408
191250,48,2,0,5880
191262,300,8,1,150
191266,300,4,1,864
191278,24,2,0,3840
191282,60,3,1,5148
191294,120,2,0,7296
191298,48,2,0,4224
191310,84,3,1,4848
191314,0,2,0,6144
191326,168,3,0,3168
191330,132,3,0,3864
191342,24,2,0,2940
191346,84,3,-1,528
191358,24,2,0,4128
191362,120,2,0,4896
191374,108,3,-1,648
191378,24,2,0,168
191390,72,3,0,2928
191394,156,3,0,2304
191406,24,2,0,4992
191410,132,3,1,492
191422,120,2,0,432
191426,96,2,0,4800
191438,48,3,1,5040
191442,36,2,0,5448
191454,156,4,-1,120
191458,204,4,0,1680
191470,36,2,0,11328
191474,48,3,-1,1632
191486,156,2,0,2232
191490,132,2,0,8064
191502,0,3,-1,810
191506,60,2,0,6720
191518,168,4,0,480
191522,276,4,-1,96
191534,24,2,0,6528
191538,0,3,1,2748
191550,72,2,0,6960
191554,144,2,0,576
191566,96,3,1,6240
191570,84,2,0,9552
191582,84,3,0,2784
191586,132,3,0,2448
191598,36,2,0,3744
191602,60,3,-1,2472
191614,84,2,0,6048
191618,60,2,0,4104
191630,84,3,-1,816
191634,12,2,0,3744
191646,216,3,0,516
191650,156,3,0,2880
191662,48,2,0,1728
191678,96,2,0,4800
191682,72,2,0,5832
191694,36,3,1,5448
191698,24,2,0,1368
191710,360,4,1,4128
191714,180,5,0,768
191726,48,2,0,5760
191730,12,3,-1,1536
191742,72,2,0,4608
191746,156,2,0,768
191758,24,3,-1,1776
191762,48,2,0,240
191774,336,4,0,672
191778,198,4,1,33
191790,36,2,0,4044
191794,84,3,1,9576
191806,96,2,0,1776
191810,96,2,0,1680
191822,60,3,1,7032
191826,60,2,0,4512
191838,156,3,0,2088
191842,240,3,0,1320
191858,72,3,-1,1440
191870,60,2,0,528
191874,24,2,0,3888
191886,48,3,-1,2256
191890,48,2,0,6624
191902,156,3,0,2736
191906,168,3,0,4032
191918,24,2,0,1368
191922,12,3,1,3336
191934,36,2,0,3696
191938,60,2,0,5088
191950,72,3,1,3744
191954,96,2,0,336
191966,108,4,-1,120
191970,252,5,1,1512
191982,48,2,0,2736
191986,72,3,-1,480
191998,96,2,0,936
192002,60,2,0,6144
192014,72,3,-1,1824
192018,24,2,0,5964
192030,156,5,-1,600
192034,156,4,-1,912
192046,108,2,0,1440
192050,48,3,1,7056
192062,108,2,0,1848
192066,96,2,0,4032
192078,24,3,1,4320
192082,36,2,0,5088
192094,204,3,0,288
192098,132,3,0,72
192110,36,2,0,7776
192114,60,3,-1,2016
192126,48,2,0,3744
192130,252,2,0,84
192142,48,3,-1,1680
192146,24,2,0,1248
192158,144,3,0,348
192162,120,3,0,264
192174,36,2,0,5400
192178,36,3,1,4500
192190,144,2,0,8832
192194,144,2,0,864
192206,36,3,1,1992
192210,36,2,0,6240
192222,132,4,1,1788
192226,240,4,0,1728
192238,36,2,0,1524
192242,36,3,-1,348
192254,168,2,0,1344
192258,72,2,0,2880
192270,48,3,-1,84
192274,84,2,0,3168
192286,180,5,0,672
192290,312,4,1,5016
192302,0,2,0,4368
192306,84,3,1,6144
192318,60,2,0,2808
192322,72,2,0,5088
192334,60,3,1,5184
192338,84,2,0,6720
192350,144,3,0,816
192354,120,3,0,108
192366,72,2,0,6240
192370,36,3,-1,2208
192382,84,2,0,3552
192386,120,2,0,2688
192398,24,3,-1,1104
192402,24,2,0,2736
192414,132,3,0,2400
192430,36,2,0,7632
192434,24,3,1,5904
192446,108,2,0,1728
192450,72,2,0,6168
192462,24,3,1,3264
192466,72,2,0,6144
192478,228,4,-1,1008
192482,180,4,0,1248
192494,84,2,0,576
192498,12,3,-1,1752
192510,48,2,0,5808
192514,36,2,0,4992
192526,72,3,-1,576
192530,60,2,0,3096
192542,84,4,0,1152
192546,96,4,-1,8
192558,24,2,0,3264
192562,120,3,1,1944
192574,84,2,0,4752
192578,108,2,0,5760
192590,60,3,1,12204
192594,36,2,0,3024
192610,324,3,0,3840
192622,60,2,0,360
192626,24,3,-1,1728
192638,108,2,0,2376
192642,72,2,0,384
192654,12,3,-1,438
192658,60,2,0,5904
192670,156,3,0,24
192674,252,3,0,720
192686,60,2,0,6720
192690,48,3,1,5424
192702,48,2,0,4704
192706,168,2,0,2904
192718,72,3,1,6120
192722,24,2,0,5376
192734,180,4,1,2688
192738,156,5,0,528
192750,72,2,0,672
192754,24,3,-1,384
192766,132,2,0,5664
192770,120,2,0,7296
192782,60,3,-1,84
192786,36,2,0,4464
192798,96,4,0,912
192802,108,4,1,2172
192814,60,2,0,3360
192818,24,3,1,480
192830,84,2,0,7872
192834,84,2,0,240
192846,60,3,1,900
192850,156,2,0,2712
192862,144,3,0,2688
192866,144,3,0,2400
192878,36,2,0,4704
192882,36,3,-1,1134
192894,84,2,0,5184
192898,108,2,0,5232
192910,60,3,-1,1992
192914,72,2,0,10752
192926,204,3,0,1152
192930,132,3,0,2736
192942,24,2,0,3936
192946,96,3,1,198
192958,60,2,0,1728
192962,96,2,0,2040
192974,60,3,1,6336
192978,0,2,0,480
192990,96,4,-1,708
192994,276,5,-1,144
193006,48,2,0,5760
193010,60,3,-1,3024
193022,36,2,0,3312
193026,96,2,0,5760
193038,36,3,-1,1416
193042,36,2,0,4512
193054,324,5,1,516
193058,228,4,-1,744
193070,132,2,0,4236
193074,36,3,1,3528
193086,12,2,0,4512
193090,96,2,0,7344
193102,60,3,1,1200
193106,36,2,0,96
193118,144,3,0,3648
193122,96,3,0,2352
193134,12,2,0,5040
193138,24,3,-1,744
193150,96,2,0,8208
193154,84,2,0,1248
193166,36,3,-1,1872
193182,48,3,0,1248
193186,132,3,0,3744
193198,60,2,0,6240
193202,12,3,1,5568
193214,96,2,0,1344
193218,60,2,0,2832
193230,84,3,1,5904
193234,24,2,0,6240
193246,426,4,1,252
193250,444,4,0,912
193262,36,2,0,4752
193266,60,3,-1,2052
193278,60,2,0,4176
193282,48,2,0,1728
193294,48,3,-1,1680
193298,36,2,0,4080
193310,360,5,0,1272
193314,204,4,1,2136
193326,48,2,0,4032
193330,60,3,1,5904
193342,60,2,0,6288
193346,144,2,0,1536
193362,36,2,0,4440
193374,108,3,0,2232
193378,156,3,0,2496
193390,144,2,0,888
193394,84,3,-1,1200
193406,84,2,0,6144
193410,84,2,0,3672
193422,24,3,-1,1404
193426,84,2,0,1728
193438,120,3,0,1824
193442,96,3,0,2016
193454,12,2,0,672
193458,60,3,1,4512
193470,60,2,0,4860
193474,96,2,0,8064
193486,36,3,1,456
193490,36,2,0,5856
193502,252,4,-1,456
193506,72,4,0,912
193518,24,2,0,3708
193522,0,3,-1,1248
193534,84,2,0,216
193538,120,2,0,1728
193550,12,3,-1,1872
193554,72,2,0,1248
193566,60,4,0,144
193570,360,4,-1,768
193582,60,2,0,4992
193586,48,3,1,6624
193598,96,2,0,6144
193602,72,2,0,4368
193614,24,3,1,4788
193618,48,2,0,4992
193630,120,3,0,2880
193634,156,3,0,2304
193646,60,2,0,288
193650,36,3,-1,1752
193662,48,2,0,3888
193666,96,2,0,5760
193678,48,3,-1,840
193682,60,2,0,1704
193694,72,3,0,2544
193698,84,3,0,2568
193710,60,2,0,5760
193714,36,3,1,648
193726,60,2,0,6336
193730,132,2,0,1392
193742,60,3,1,5376
193746,72,2,0,756
193758,192,4,1,2520
193762,216,6,0,48
193774,72,2,0,384
193778,36,3,-1,1584
193790,192,2,0,672
193794,72,2,0,4992
193806,24,3,-1,1188
193810,96,2,0,10944
193822,132,4,0,480
193826,264,4,1,1080
193838,96,2,0,6384
193842,24,3,1,2880
193854,48,2,0,720
193858,72,2,0,996
193870,72,3,1,6480
193874,12,2,0,5952
193886,144,3,0,2016
193890,156,3,0,2424
193902,60,2,0,4824
193906,60,3,-1,2328
193918,60,2,0,3984
193934,108,3,-1,1464
193938,36,2,0,3360
193950,204,3,0,4272
193954,240,3,0,624
193966,36,2,0,1176
193970,72,3,1,1980
193982,108,2,0,3984
193986,84,2,0,4800
193998,24,3,1,3156
194002,60,2,0,2016
194014,120,4,-1,1056
194018,168,5,1,1296
194030,48,2,0,8256
194034,72,3,-1,1440
194046,96,2,0,816
194050,84,2,0,5616
194062,12,3,-1,1632
194066,12,2,0,4704
194078,228,5,-1,96
194082,72,4,-1,522
194094,12,2,0,384
194098,36,3,1,5376
194114,60,2,0,672
194126,12,3,1,624
194130,24,2,0,9504
194142,84,3,0,1380
194146,180,3,0,192
194158,12,2,0,4032
194162,24,3,-1,1416
194174,120,2,0,9504
194178,60,2,0,3456
194190,24,3,-1,45
194194,60,2,0,5664
194206,144,3,0,2976
194210,240,3,0,3840
194222,12,2,0,24
194226,12,3,1,3744
194238,12,2,0,3216
194242,132,2,0,6048
194254,72,3,1,276
194258,48,2,0,2988
194270,264,4,1,3912
194274,72,4,0,792
194286,72,2,0,5448
194290,72,3,-1,648
194302,12,2,0,4416
194306,84,2,0,5760
194318,36,3,-1,192
194322,0,2,0,3408
194334,60,6,-1,144
194338,180,4,1,2088
194350,48,2,0,1152
194354,36,3,1,1320
194366,48,2,0,2688
194370,48,2,0,5088
194382,48,3,1,5916
194386,48,2,0,3840
194398,192,3,0,648
194402,108,3,0,768
194414,24,2,0,4464
194418,60,3,-1,1032
194430,60,2,0,4560
194434,156,2,0,3696
194446,36,3,-1,480
194450,72,2,0,5064
194462,72,3,0,2352
194466,96,3,0,2304
194478,0,2,0,3288
194482,36,3,1,6336
194494,96,2,0,6192
194498,72,2,0,4608
194510,72,3,1,1950
194514,36,2,0,720
194526,144,4,-1,720
194530,156,4,0,1392
194542,60,2,0,2376
194546,72,3,-1,20
194558,60,2,0,456
194562,24,2,0,3024
194574,24,3,-1,96
194578,60,2,0,144
194590,168,4,0,1872
194594,288,4,-1,1344
194606,96,2,0,6432
194610,36,3,1,5568
194622,60,2,0,4032
194626,12,2,0,4608
194638,0,3,1,3984
194642,36,2,0,336
194654,288,3,0,240
194658,72,3,0,1920
194670,36,2,0,4368
194686,108,2,0,936
194690,180,2,0,3648
194702,0,3,-1,1152
194706,60,2,0,4584
194718,132,3,0,2352
194722,132,3,0,480
194734,12,2,0,5952
194738,12,3,1,4320
194750,108,2,0,5280
194754,48,2,0,672
194766,0,3,1,4848
194770,84,2,0,7200
194782,84,4,1,1824
194786,240,6,1,792
194798,36,2,0,2016
194802,12,3,-1,108
194814,84,2,0,4800
194818,96,2,0,6720
194830,156,3,-1,684
194834,36,2,0,1344
194846,276,4,0,360
194850,300,4,1,3312
194866,72,3,1,2280
194878,168,2,0,6528
194882,48,2,0,3408
194894,24,3,1,5208
194898,24,2,0,2760
194910,72,3,0,2256
194914,168,3,0,3840
194926,24,2,0,3648
194930,48,3,-1,168
194942,132,2,0,1680
194946,48,2,0,1008
194958,36,3,-1,1368
194962,24,2,0,4656
194974,96,3,0,1248
194978,108,3,0,552
194990,72,2,0,9216
194994,36,3,1,3384
195006,12,2,0,4512
195010,120,2,0,888
195022,12,3,1,3936
195026,60,2,0,8352
195038,60,4,-1,648
195042,216,5,-1,36
195054,0,2,0,1356
195058,36,3,-1,1380
195070,156,2,0,7968
195074,72,2,0,4032
195086,36,3,-1,336
195090,48,2,0,4608
195102,270,5,1,144
195106,216,4,-1,960
195118,36,2,0,1440
195122,36,3,1,2688
195134,60,2,0,768
195138,144,2,0,5760
195150,12,3,1,4824
195154,84,2,0,288
195166,156,3,0,3840
195170,132,3,0,2808
195182,72,2,0,6528
195186,12,3,-1,1440
195198,12,2,0,3072
195202,48,2,0,4176
195214,24,3,-1,2208
195218,48,2,0,5184
195230,324,3,0,96
195234,72,3,0,1920
195246,24,2,0,672
195250,84,3,1,684
195262,48,2,0,912
195266,48,2,0,1608
195278,24,3,1,5076
195282,24,2,0,3480
195294,216,4,1,2916
195298,252,4,0,84
195310,60,2,0,5184
195314,36,3,-1,1872
195326,48,2,0,5184
195330,108,2,0,648
195342,0,3,-1,828
195346,12,2,0,1008
195358,288,6,0,336
195362,288,4,1,2400
195374,72,2,0,1152
195378,0,3,1,3318
195390,132,2,0,6864
195394,48,2,0,4704
195406,120,3,1,3840
195410,96,2,0,528
195422,96,3,0,2808
195438,24,2,0,2784
195442,96,3,-1,528
195454,48,2,0,624
195458,72,2,0,4608
195470,24,3,-1,1944
195474,36,2,0,6192
195486,108,3,0,2064
195490,180,3,0,4752
195502,60,2,0,6624
195506,36,3,1,3744
195518,120,2,0,1776
195522,24,2,0,3120
195534,48,3,1,4032
195538,48,2,0,4176
195550,192,4,-1,384
195554,516,4,0,240
195566,48,2,0,4896
195570,36,3,-1,1368
195582,108,2,0,3984
195586,120,2,0,1512
195598,60,3,-1,1992
195602,48,2,0,4752
195618,36,4,-1,480
195630,24,2,0,5976
195634,48,3,1,96
195646,144,2,0,816
195650,60,2,0,7392
195662,60,3,1,1800
195666,12,2,0,4128
195678,84,3,0,1344
195682,132,3,0,1776
195694,72,2,0,1920
195698,60,3,-1,420
195710,96,2,0,5880
195714,60,2,0,5136
195726,24,3,-1,1440
195730,36,2,0,3888
195742,168,3,0,2520
195746,180,3,0,576
195758,48,2,0,4512
195762,36,3,1,3048
195774,60,2,0,4800
195778,36,2,0,3936
195790,24,3,1,5376
195794,12,2,0,96
195806,192,4,1,648
195810,132,5,0,672
195822,12,2,0,2424
195826,12,3,-1,3072
195838,72,2,0,2616
195842,108,2,0,1392
195854,108,3,-1,480
195858,48,2,0,3552
195870,132,4,0,1008
195874,192,4,1,912
195886,48,2,0,816
195890,12,3,1,7344
195902,48,2,0,4776
195906,84,2,0,3960
195918,24,3,1,636
195922,60,2,0,5088
195934,144,3,0,2688
195938,84,3,0,1872
195950,120,2,0,2592
195954,36,3,-1,228
195966,108,2,0,4416
195970,108,2,0,6336
195982,36,3,-1,63
195986,60,2,0,2160
195998,120,3,0,2016
196002,60,3,0,1824
196014,0,2,0,2544
196018,36,3,1,1008
196030,120,2,0,816
196034,60,2,0,240
196046,84,3,1,1116
196050,12,2,0,4992
196062,72,4,-1,630
196066,204,5,1,1248
196078,24,2,0,5472
196082,0,3,-1,192
196094,120,2,0,132
196098,60,2,0,3648
196110,108,3,-1,2592
196114,72,2,0,24
196126,240,5,-1,138
196130,156,4,-1,198
196142,48,2,0,3840
196146,48,3,1,900
196158,36,2,0,2760
196162,132,2,0,2760
196174,24,3,1,4656
196190,132,3,0,3648
196194,156,3,0,2448
196206,12,2,0,3840
196210,12,3,-1,1440
196222,120,2,0,4800
196226,120,2,0,5088
196238,12,3,-1,384
196242,12,2,0,3900
196254,120,3,0,288
196258,132,3,0,3120
196270,12,2,0,2568
196274,36,3,1,1776
196286,24,2,0,5568
196290,108,2,0,4080
196302,24,3,1,5256
196306,24,2,0,480
196318,204,4,1,2064
196322,84,4,0,864
196334,24,2,0,5472
196338,24,3,-1,1104
196350,60,2,0,4224
196354,72,2,0,1056
196370,60,2,0,10656
196382,192,5,0,48
196386,192,4,1,2472
196398,0,2,0,4416
196402,0,3,1,2844
196414,48,2,0,2304
196418,204,2,0,2640
196430,24,3,1,6480
196434,48,2,0,3816
196446,72,3,0,384
196450,192,3,0,1008
196462,24,2,0,5712
196466,24,3,-1,1488
196478,48,2,0,4224
196482,72,2,0,3456
196494,24,3,-1,96
196498,36,2,0,4320
196510,156,3,0,144
196514,204,3,0,192
196526,84,2,0,3168
196530,36,3,1,5940
196542,12,2,0,2736
196546,84,2,0,720
196558,36,3,1,852
196562,0,2,0,1008
196574,156,4,-1,768
196578,48,4,0,648
196590,48,2,0,6120
196594,84,3,-1,1200
196606,84,2,0,4800
196610,144,2,0,7968
196622,36,3,-1,1680
196626,24,2,0,2880
196638,120,4,0,1248
196642,144,4,-1,576
196654,36,2,0,1344
196658,0,3,1,4272
196670,180,2,0,288
196674,60,2,0,192
196686,12,3,1,2928
196690,36,2,0,6720
196702,144,3,0,108
196706,192,3,0,384
196718,0,2,0,2784
196722,48,3,-1,1464
196734,96,2,0,5712
196738,84,2,0,1440
196750,24,3,-1,2688
196754,84,2,0,768
196766,60,3,0,2592
196770,48,3,0,1920
196782,36,2,0,2808
196786,48,3,1,6720
196798,60,2,0,3192
196802,36,2,0,5184
196814,60,3,1,2016
196818,48,2,0,2976
196830,276,4,1,147
196834,156,5,0,576
196846,132,2,0,672
196850,48,3,-1,15
196862,72,2,0,4896
196866,84,2,0,552
196878,48,3,-1,888
196882,36,2,0,1152
196894,168,4,0,1248
196898,204,4,1,300
196910,48,2,0,5568
196914,12,3,1,4248
196926,48,2,0,3744
196942,36,3,1,4392
196946,60,2,0,1800
196958,180,3,0,1176
196962,24,3,0,1584
196974,84,2,0,3120
196978,48,3,-1,144
196990,108,2,0,1536
196994,108,2,0,1080
197006,0,3,-1,1776
197010,12,2,0,4704
197022,96,3,0,2016
197026,108,3,0,864
197038,60,2,0,4608
197042,12,3,1,4320
197054,108,2,0,1248
197058,36,2,0,3384
197070,24,3,1,5328
197074,48,2,0,7152
197086,228,4,-1,864
197090,132,5,-1,480
197102,24,2,0,780
197106,0,3,-1,1296
197122,60,2,0,5376
197134,36,3,-1,648
197138,36,2,0,1440
197150,324,5,1,2112
197154,96,4,-1,144
197166,72,2,0,4128
197170,72,3,1,2760
197182,60,2,0,4272
197186,24,2,0,3456
197198,12,3,1,4320
197202,12,2,0,3192
197214,60,3,0,1920
197218,108,3,0,1872
197230,108,2,0,6432
197234,60,3,-1,1920
197246,108,2,0,288
197250,84,2,0,4248
197262,60,3,-1,1224
197266,24,2,0,5376
197278,144,3,0,12
197282,168,3,0,1296
197294,36,2,0,7968
197298,12,3,1,3504
197310,48,2,0,4560
197314,48,2,0,1200
197326,36,3,1,5328
197330,48,2,0,4608
197342,108,4,1,1992
197346,288,4,0,288
197358,12,2,0,36
197362,12,3,-1,888
197374,96,2,0,6912
197378,72,2,0,4416
197390,96,3,-1,846
197394,12,2,0,4608
197406,132,5,0,432
197410,264,4,1,3168
197422,24,2,0,1212
197426,24,3,1,1248
197438,108,2,0,4320
197442,60,2,0,2616
197454,36,3,1,78
197458,24,2,0,1704
197470,228,3,0,3600
197474,96,3,0,2688
197486,36,2,0,768
197490,24,3,-1,2334
197502,48,2,0,2052
197506,132,2,0,480
197518,60,3,-1,2208
197522,72,2,0,3984
197534,120,3,0,696
197538,144,3,0,96
197550,24,2,0,3336
197554,84,3,1,42
197566,96,2,0,2496
197570,84,2,0,2016
197582,0,3,1,3960
197586,24,2,0,3552
197598,72,4,-1,504
197602,276,4,0,240
197614,24,2,0,3456
197618,24,3,-1,1656
197630,84,2,0,7032
197634,48,2,0,2928
197646,36,3,-1,45
197650,48,2,0,1056
197662,108,4,0,720
197666,96,4,-1,768
197678,36,2,0,216
197694,48,2,0,3648
197698,96,2,0,3168
197710,84,3,1,2544
197714,96,2,0,2448
197726,84,3,0,2112
197730,168,3,0,2832
197742,48,2,0,3780
197746,72,3,-1,60
197758,48,2,0,4704
197762,48,2,0,4128
197774,36,3,-1,1248
197778,48,2,0,2892
197790,72,3,0,2904
197794,108,3,0,2016
197806,60,2,0,4320
197810,12,3,1,4584
197822,72,2,0,2472
197826,96,2,0,5400
197838,0,3,1,2304
197842,84,2,0,6240
197854,432,4,1,156
197858,180,6,0,60
197874,12,3,-1,1056
197886,12,2,0,3528
197890,60,2,0,2736
197902,0,3,-1,1440
197906,24,2,0,5376
197918,48,4,0,912
197922,96,4,1,1128
197934,48,2,0,4320
197938,36,3,1,5172
197950,120,2,0,5616
197954,192,2,0,96
197966,48,3,1,96
197970,36,2,0,3648
197982,120,3,0,2736
197986,60,3,0,2112
197998,36,2,0,1956
198002,12,3,-1,186
198014,108,2,0,4512
198018,96,2,0,3552
198030,24,3,-1,1224
198034,12,2,0,1440
198046,132,3,0,360
198050,228,3,0,4320
198062,24,2,0,5376
198066,24,3,1,4044
198078,72,2,0,3792
198082,36,2,0,3744
198094,24,3,1,5688
198098,48,2,0,3840
198110,192,4,-1,12
198114,132,5,1,852
198126,36,2,0,4128
198130,96,3,-1,2352
198142,108,2,0,1056
198146,72,2,0,360
198158,60,3,-1,1632
198162,48,2,0,3696
198174,60,5,-1,240
198178,264,4,-1,264
198190,48,2,0,6480
198194,24,3,1,4320
198206,132,2,0,6624
198210,60,2,0,5040
198222,0,3,1,2784
198226,36,2,0,3696
198238,144,3,0,240
198242,144,3,0,2160
198254,24,2,0,384
198258,24,3,-1,912
198270,60,2,0,480
198274,72,2,0,6144
198286,12,3,-1,372
198290,72,2,0,2052
198302,144,3,0,2376
198306,72,3,0,1464
198318,60,2,0,3456
198322,60,3,1,2304
198334,60,2,0,4800
198338,24,2,0,2880
198350,24,3,1,5712
198354,24,2,0,960
198366,120,4,1,1812
198370,180,4,0,1344
198382,48,2,0,2880
198386,72,3,-1,2400
198398,132,2,0,72
198402,24,2,0,2472
198414,0,3,-1,1800
198418,24,2,0,2592
198430,528,6,1,33
198446,36,2,0,768
198450,24,3,1,456
198462,24,2,0,2208
198466,96,2,0,288
198478,36,3,1,3144
198482,12,2,0,3936
198494,96,3,0,2304
198498,108,3,0,1440
198510,24,2,0,4848
198514,36,3,-1,1752
198526,72,2,0,7104
198530,72,2,0,6432
198542,72,3,-1,564
198546,12,2,0,720
198558,84,3,0,1392
198562,132,3,0,2496
198574,84,2,0,912
198578,84,3,1,1872
198590,84,2,0,5952
198594,48,2,0,3456
198606,12,3,1,2784
198610,36,2,0,1200
198626,144,4,0,48
198638,48,2,0,5256
198642,12,3,-1,972
198654,96,2,0,960
198658,48,2,0,4464
198670,24,3,-1,2112
198674,36,2,0,2880
198686,324,4,0,864
198690,72,4,-1,576
198702,36,2,0,2400
198706,24,3,1,5088
198718,72,2,0,960
198722,72,2,0,1248
198734,24,3,1,4416
198738,24,2,0,3744
198750,180,3,0,3228
198754,144,3,0,144
198766,60,2,0,5760
198770,48,3,-1,1968
198782,36,2,0,2496
198786,24,2,0,3024
198798,24,3,-1,816
198802,36,2,0,4608
198814,120,3,0,2304
198818,108,3,0,2256
198830,48,2,0,1488
198834,36,3,1,4572
198846,24,2,0,912
198850,36,2,0,4536
198862,72,3,1,2604
198866,60,2,0,1488
198878,132,4,1,2160
198882,84,6,-1,132
198894,12,2,0,3624
198898,12,3,-1,54
198910,84,2,0,5760
198914,84,2,0,384
198926,60,3,-1,1488
198930,24,2,0,3324
198942,96,4,0,720
198946,180,4,1,708
198958,36,2,0,3264
198962,48,3,1,4608
198974,36,2,0,648
198978,36,2,0,2592
198990,36,3,1,4320
198994,48,2,0,5376
199006,156,3,0,648
199010,120,3,0,1536
199022,48,2,0,720
199026,60,3,-1,1032
199038,84,2,0,3576
199042,60,2,0,648
199054,60,3,-1,48
199058,12,2,0,4224
199070,168,3,0,2016
199074,192,3,0,2688
199086,12,2,0,3552
199090,24,3,1,5952
199102,84,2,0,5472
199106,108,2,0,4608
199118,120,3,1,2244
199122,12,2,0,2280
199134,72,4,-1,16
199138,144,5,-1,288
199150,84,2,0,1152
199154,108,3,-1,84
199166,120,2,0,4800
199170,84,2,0,6360
199182,12,3,-1,36
199198,132,5,1,1056
199202,36,4,-1,504
199214,36,2,0,5184
199218,36,3,1,408
199230,108,2,0,5304
199234,48,2,0,4128
199246,72,3,1,696
199250,36,2,0,1080
199262,72,3,0,288
199266,60,3,0,96
199278,12,2,0,3744
199282,24,3,-1,1536
199294,60,2,0,1968
199298,84,2,0,432
199310,36,3,-1,2256
199314,12,2,0,2232
199326,48,3,0,1872
199330,144,3,0,720
199342,60,2,0,4056
199346,60,3,1,984
199358,72,2,0,3456
199362,48,2,0,3360
199378,72,2,0,3792
199390,216,4,1,2928
199394,168,4,0,1344
199406,48,2,0,1344
199410,36,3,-1,1968
199422,48,2,0,2712
199426,36,2,0,5664
199438,24,3,-1,492
199442,48,2,0,2256
199454,168,6,0,48
199458,60,4,1,1176
199470,36,2,0,5616
199474,12,3,1,912
199486,48,2,0,3456
199490,72,2,0,5640
199502,12,3,1,3360
199506,36,2,0,5040
199518,36,3,0,1008
199522,108,3,0,1896
199534,60,2,0,288
199538,12,3,-1,936
199550,144,2,0,3696
199554,24,2,0,36
199566,36,3,-1,1104
199570,36,2,0,4944
199582,144,3,0,768
199586,84,3,0,576
199598,24,2,0,2592
199602,0,3,1,2742
199614,48,2,0,2736
199618,60,2,0,1776
199630,24,3,1,5376
199634,24,2,0,5760
199646,204,4,-1,228
199650,204,4,0,1104
199662,36,2,0,3504
199666,24,3,-1,1056
199678,48,2,0,2640
199682,48,2,0,3408
199694,12,3,-1,288
199698,60,2,0,3600
199710,96,4,0,744
199714,168,4,-1,816
199726,72,2,0,3168
199730,24,3,1,2256
199742,72,2,0,3744
199746,60,2,0,552
199758,36,3,1,4056
199762,48,2,0,1008
199774,180,3,0,3360
199778,192,3,0,2256
199790,36,2,0,4608
199794,48,3,-1,864
199806,36,2,0,420
199810,96,2,0,5952
199822,12,3,-1,1008
199826,12,2,0,3072
199838,204,3,0,96
199842,96,3,0,1632
199854,12,2,0,180
199858,36,3,1,3984
199870,72,2,0,576
199874,96,2,0,2208
199886,36,3,1,4272
199890,36,2,0,4128
199902,108,4,1,96
199906,192,5,0,144
199918,48,2,0,3936
199922,48,3,-1,1344
199934,36,2,0,5184
199950,0,3,-1,1200
199954,48,2,0,960
199966,108,4,0,768
199970,168,4,1,2448
199982,72,2,0,180
199986,48,3,1,2856
199998,72,2,0,3984
200002,24,2,0,624
200014,24,3,1,1008
200018,36,2,0,768
200030,108,3,0,2208
200034,156,3,0,240
200046,24,2,0,456
200050,72,3,-1,960
200062,48,2,0,3936
200066,108,2,0,5184
200078,24,3,-1,1152
200082,0,2,0,2592
200094,144,3,0,2112
200098,36,3,0,1440
200110,36,2,0,7632
200114,36,3,1,5520
200130,96,2,0,4008
200142,12,3,1,2472
200146,12,2,0,192
200158,180,4,-1,324
200162,144,5,1,216
200174,12,2,0,4800
200178,12,3,-1,1044
200190,72,2,0,3936
200194,120,2,0,432
200206,12,3,-1,1848
200210,12,2,0,384
200222,108,5,-1,264
200226,156,4,-1,696
200238,0,2,0,1608
200242,0,3,1,3024
200254,48,2,0,624
200258,72,2,0,3792
200270,36,3,1,546
200274,24,2,0,3360
200286,120,3,0,2112
200290,192,3,0,3336
200302,48,2,0,840
200306,12,3,-1,756
200318,60,2,0,4632
200322,24,2,0,2400
200334,48,3,-1,1380
200338,36,2,0,1056
200350,180,3,0,2712
200354,36,3,0,288
200366,48,2,0,480
200370,12,3,1,3792
200382,36,2,0,3120
200386,60,2,0,432
200398,24,3,1,3648
200402,60,2,0,3984
200414,180,4,1,852
200418,180,4,0,936
200430,24,2,0,3792
200434,0,3,-1,1152
200446,132,2,0,276
200450,168,2,0,1296
200462,36,3,-1,1200
200466,24,2,0,3168
200478,72,5,0,360
200482,84,4,1,936
200494,12,2,0,3360
200498,0,3,1,3168
200510,48,2,0,6048
200514,60,2,0,3408
200526,36,3,1,2832
200530,48,2,0,5712
200542,48,3,0,2112
200546,84,3,0,312
200558,48,2,0,1200
200562,36,3,-1,864
200574,48,2,0,2832
200578,72,2,0,2832
200590,72,3,-1,153
200594,24,2,0,144
200606,132,3,0,1632
200610,108,3,0,2064
200622,48,2,0,540
200626,24,3,1,1440
200638,84,2,0,3360
200642,72,2,0,6432
200654,60,3,1,1224
200658,0,2,0,216
200670,216,4,-1,834
200674,156,4,0,960
200686,12,2,0,4608
200702,72,2,0,1728
200706,12,2,0,2208
200718,0,3,-1,708
200722,24,2,0,2808
200734,132,4,0,336
200738,204,4,-1,384
200750,24,2,0,3936
200754,0,3,1,756
200766,48,2,0,3720
200770,84,2,0,1140
200782,0,3,1,3360
200786,36,2,0,576
200798,60,3,0,1776
200802,12,3,0,936
200814,12,2,0,3456
200818,0,3,-1,180
200830,72,2,0,4512
200834,12,2,0,3840
200846,24,3,-1,132
200850,36,2,0,444
200862,108,3,0,1272
200866,216,3,0,2400
200882,48,3,1,912
200894,72,2,0,5280
200898,12,2,0,1920
200910,12,3,1,2742
200914,60,2,0,1872
200926,84,4,1,1680
200930,144,5,0,672
200942,36,2,0,3312
200946,24,3,-1,240
200958,36,2,0,1872
200962,60,2,0,36
200974,48,3,-1,1440
200978,48,2,0,3480
200990,228,4,0,420
200994,96,4,1,1548
201006,72,2,0,240
201010,12,3,1,5040
201022,60,2,0,1728
201026,168,2,0,1440
201038,24,3,1,3936
201042,12,2,0,2304
201054,108,3,0,336
201058,60,3,0,480
201070,36,2,0,4320
201074,24,3,-1,1536
201086,24,2,0,2880
201090,24,2,0,5664
201102,24,3,-1,948
201106,12,2,0,3648
201118,96,3,0,1872
201122,108,3,0,1680
201134,24,2,0,1056
201138,24,3,1,1668
201150,60,2,0,3192
201154,60,2,0,1152
201166,24,3,1,282
201170,84,2,0,3168
201182,60,4,-1,528
201186,156,5,-1,336
201198,24,2,0,2304
201202,24,3,-1,384
201214,60,2,0,6144
201218,12,2,0,2520
201230,24,3,-1,2160
201234,12,2,0,2496
201246,180,5,1,132
201250,60,4,-1,768
201262,36,2,0,2880
201266,24,3,1,4032
201278,48,2,0,1320
201282,24,2,0,2592
201294,36,3,1,2592
201298,12,2,0,192
201310,228,3,0,696
201314,144,3,0,504
201326,48,2,0,6528
201330,12,3,-1,1014
201342,72,2,0,2712
201346,144,2,0,540
201358,24,3,-1,912
201362,48,2,0,3168
201374,84,3,0,336
201378,72,3,0,1296
201390,12,2,0,3696
201394,36,3,1,3240
201406,60,2,0,864
201410,60,2,0,4560
201422,12,3,1,756
201426,12,2,0,3984
201438,132,4,1,1188
201454,48,2,0,324
201458,48,3,-1,336
201470,72,2,0,4416
201474,132,2,0,4128
201486,12,3,-1,1008
201490,48,2,0,768
201502,48,5,0,408
201506,108,4,1,1584
201518,12,2,0,3744
201522,84,3,1,3096
201534,12,2,0,2064
201538,72,2,0,4704
201550,0,3,1,5292
201554,36,2,0,816
201566,204,3,0,288
201570,156,3,0,240
201582,12,2,0,2136
201586,24,3,-1,1272
201598,60,2,0,1248
201602,96,2,0,252
201614,48,3,-1,1152
201618,24,2,0,2088
201634,96,3,0,672
201646,24,2,0,576
201650,72,3,1,6180
201662,72,2,0,4128
201666,24,2,0,2448
201678,24,3,1,3420
201682,12,2,0,2976
201694,108,4,-1,528
201698,132,4,0,864
201710,48,2,0,2016
201714,24,3,-1,1152
201726,24,2,0,1968
201730,60,2,0,3840
201742,12,3,-1,300
201746,48,2,0,180
201758,96,4,0,720
201762,84,4,-1,486
201774,36,2,0,2784
201778,0,3,1,1560
201790,108,2,0,4752
201794,12,2,0,3648
201806,24,3,1,3984
201810,0,2,0,3264
201822,24,3,0,1056
201826,168,3,0,2208
201838,36,2,0,288
201842,24,3,-1,648
201854,120,2,0,192
201858,48,2,0,3576
201870,24,3,-1,66
201874,0,2,0,4032
201886,120,3,0,936
201890,108,3,0,432
201902,24,2,0,3552
201906,24,3,1,3744
201918,36,2,0,2160
201922,96,2,0,744
201934,12,3,1,5280
201938,0,2,0,2688
201950,168,4,1,2592
201954,150,8,1,9
201966,36,2,0,2400
201970,24,3,-1,1512
201982,36,2,0,2880
201986,60,2,0,4992
201998,36,3,-1,372
202002,12,2,0,2256
202014,60,4,0,984
202018,108,4,1,1536
202030,36,2,0,1536
202034,48,3,1,1560
202046,60,2,0,648
202050,36,2,0,3072
202062,24,3,1,2136
202066,36,2,0,864
202078,132,3,0,1584
202082,96,3,0,2400
202094,60,2,0,3456
202098,12,3,-1,864
202110,48,2,0,6144
202114,36,2,0,3072
202126,72,3,-1,1248
202130,72,2,0,6048
202142,72,3,0,516
202146,48,3,0,192
202158,12,2,0,372
202162,12,3,1,3072
202174,60,2,0,768
202178,60,2,0,648
202190,12,3,1,480
202206,108,4,-1,528
202210,312,5,1,744
202222,12,2,0,4320
202226,12,3,-1,1104
202238,60,2,0,276
202242,60,2,0,2880
202254,24,3,-1,120
202258,24,2,0,2976
202270,192,5,-1,360
202274,96,4,-1,672
202286,60,2,0,1056
202290,24,3,1,2364
202302,48,2,0,24
202306,60,2,0,3840
202318,12,3,1,1260
202322,48,2,0,96
202334,120,3,0,2112
202338,0,3,0,1056
202350,0,2,0,3108
202354,48,3,-1,2
202366,60,2,0,3888
202370,48,2,0,3120
202386,12,2,0,312
202398,60,3,0,864
202402,96,3,0,1728
202414,24,2,0,3072
202418,48,3,1,4176
202430,60,2,0,1152
202434,72,2,0,3648
202446,36,3,1,654
202450,36,2,0,240
202462,294,4,1,348
202466,180,4,0,432
202478,24,2,0,3072
202482,12,3,-1,780
202494,24,2,0,3120
202498,36,2,0,624
202510,36,3,-1,1008
202514,12,2,0,4464
202526,144,6,-1,144
202530,228,4,1,1944
202542,12,2,0,2064
202546,24,3,1,768
202558,60,2,0,4752
202562,24,2,0,2064
202574,12,3,1,2904
202578,48,2,0,2304
202590,60,3,0,1368
202594,84,3,0,1488
202606,48,2,0,744
202610,36,3,-1,384
202622,24,2,0,2544
202626,24,2,0,2568
202638,24,3,-1,864
202642,12,2,0,1740
202654,84,3,0,384
202658,48,3,0,1248
202670,60,2,0,4896
202674,12,3,1,2304
202686,60,2,0,240
202690,60,2,0,6528
202702,12,3,1,2448
202706,24,2,0,4224
202718,132,4,-1,156
202722,108,4,0,576
202734,0,2,0,144
202738,24,3,-1,864
202750,96,2,0,2448
202754,96,2,0,216
202766,0,3,-1,1056
202770,36,2,0,3984
202782,24,4,0,636
202786,108,4,-1,4
202798,12,2,0,3480
202802,36,3,1,2784
202814,72,2,0,3120
202818,24,2,0,2256
202830,48,3,1,3840
202834,0,2,0,3552
202846,132,3,0,456
202850,96,3,0,1920
202862,24,2,0,432
202866,24,3,-1,876
202878,12,2,0,1992
202882,36,2,0,3048
202894,60,3,-1,480
202898,24,2,0,1164
202910,144,3,0,3432
202914,60,3,0,120
202926,24,2,0,2352
202930,24,3,1,1044
202942,60,2,0,312
202958,0,3,1,2076
202962,12,2,0,1752
202974,84,4,1,216
202978,96,6,1,348
202990,36,2,0,4560
202994,12,3,-1,1248
203006,36,2,0,1536
203010,60,2,0,2352
203022,0,3,-1,45
203026,12,2,0,3456
203038,60,4,0,132
203042,144,4,1,408
203054,12,2,0,24
203058,12,3,1,2400
203070,24,2,0,2856
203074,36,2,0,1344
203086,12,3,1,3984
203090,48,2,0,3360
203102,72,3,0,1632
203106,120,3,0,1752
203118,12,2,0,2664
203122,36,3,-1,1176
203138,60,2,0,528
203150,12,3,-1,402
203154,24,2,0,480
203166,12,3,0,1152
203170,144,3,0,288
203182,24,2,0,1368
203186,36,3,1,204
203198,48,2,0,2880
203202,48,2,0,2400
203214,12,3,1,1620
203218,0,2,0,1368
203230,132,4,-1,624
203234,120,5,-1,288
203246,24,2,0,576
203250,60,3,-1,1104
203262,24,2,0,2232
203266,12,2,0,2448
203278,12,3,-1,1008
203282,24,2,0,2592
203294,132,5,1,264
203298,60,4,-1,354
203310,12,2,0,3264
203314,24,3,1,240
203326,60,2,0,1296
203330,108,2,0,2448
203342,24,3,1,2832
203346,12,2,0,576
203358,120,3,0,864
203362,120,3,0,24
203374,24,2,0,3072
203378,12,3,-1,1152
203390,36,2,0,3840
203394,48,2,0,2304
203406,0,3,-1,828
203410,24,2,0,3552
203422,132,3,0,1632
203426,96,3,0,1776
203438,24,2,0,1080
203442,24,3,1,2418
203454,72,2,0,672
203458,36,2,0,2880
203470,72,3,1,1308
203474,12,2,0,672
203486,108,4,1,1320
203490,36,4,0,648
203502,24,2,0,2400
203506,24,3,-1,384
203518,60,2,0,2448
203522,36,2,0,3024
203534,24,3,-1,1152
203538,36,2,0,2448
203550,108,7,1,138
203554,180,4,1,528
203566,24,2,0,2880
203570,36,3,1,3888
203582,48,2,0,720
203586,60,2,0,2592
203598,12,3,1,1944
203602,36,2,0,2304
203614,144,3,0,888
203618,48,3,0,384
203630,0,2,0,3480
203634,12,3,-1,720
203646,0,2,0,432
203650,72,2,0,1512
203662,24,3,-1,24
203666,24,2,0,3840
203678,96,3,0,1728
203682,24,3,0,708
203694,24,2,0,3552
203710,24,2,0,3312
203714,24,2,0,2160
203726,84,3,1,144
203730,24,2,0,4176
203742,60,4,-1,288
203746,132,4,0,120
203758,12,2,0,36
203762,12,3,-1,720
203774,36,2,0,240
203778,48,2,0,2064
203790,48,3,-1,1068
203794,24,2,0,720
203806,204,4,0,1200
203810,156,4,-1,720
203822,0,2,0,2352
203826,12,3,1,1692
203838,0,2,0,1728
203842,12,2,0,2304
203854,60,3,1,528
203858,12,2,0,2496
203870,192,3,0,1104
203874,48,3,0,1392
203890,72,3,-1,84
203902,84,2,0,696
203906,24,2,0,720
203918,24,3,-1,960
203922,0,2,0,312
203934,0,3,0,1008
203938,120,3,0,696
203950,48,2,0,4032
203954,24,3,1,72
203966,36,2,0,2880
203970,84,2,0,2664
203982,24,3,1,2232
203986,36,2,0,4608
203998,120,4,1,1140
204002,96,5,0,456
204014,36,2,0,1224
204018,12,3,-1,468
204030,72,2,0,4104
204034,24,2,0,2880
204046,24,3,-1,78
204050,36,2,0,960
204062,108,4,0,576
204066,120,4,1,1440
204078,12,2,0,1368
204082,24,3,1,180
204094,48,2,0,2880
204098,48,2,0,2688
204110,48,3,1,3096
204114,24,2,0,2880
204126,36,3,0,1248
204130,60,3,0,1440
204142,24,2,0,3408
204146,24,3,-1,192
204158,48,2,0,192
204162,0,2,0,2112
204174,36,3,-1,576
204178,36,2,0,144
204190,96,3,0,432
204194,72,3,0,624
204206,12,2,0,3072
204210,24,3,1,3204
204222,24,2,0,1908
204226,132,2,0,864
204238,0,3,1,336
204242,24,2,0,1824
204254,120,4,-1,84
204258,108,5,1,42
204270,24,2,0,1920
204274,12,3,-1,960
204286,36,2,0,2832
204290,84,2,0,4224
204302,24,3,-1,312
204306,36,2,0,1656
204318,72,5,-1,156
204322,60,4,-1,384
204334,24,2,0,720
204338,48,3,1,774
204350,24,2,0,3840
204354,24,2,0,432
204366,24,3,1,2688
204370,36,2,0,1536
204382,36,3,0,1008
204386,96,3,0,1152
204398,12,2,0,2496
204402,0,3,-1,552
204414,12,2,0,1776
204418,48,2,0,2400
204430,12,3,-1,1296
204434,24,2,0,3456
204446,132,3,0,84
204462,24,2,0,1872
204466,12,3,1,3264
204478,120,2,0,1248
204482,36,2,0,240
204494,12,3,1,2040
204498,0,2,0,1380
204510,132,4,1,288
204514,132,4,0,288
204526,24,2,0,2016
204530,12,3,-1,1296
204542,60,2,0,288
204546,36,2,0,432
204558,0,3,-1,600
204562,0,2,0,2640
204574,120,5,0,480
204578,60,4,1,912
204590,36,2,0,1440
204594,12,3,1,2088
204606,12,2,0,1680
204610,48,2,0,3168
204622,0,3,1,648
204626,60,2,0,1584
204642,24,3,0,720
204654,36,2,0,576
204658,48,3,-1,192
204670,96,2,0,3480
204674,24,2,0,2688
204686,48,3,-1,1272
204690,12,2,0,2988
204702,12,3,0,744
204706,144,3,0,288
204718,24,2,0,1968
204722,12,3,1,144
204734,24,2,0,1728
204738,0,2,0,264
204750,12,3,1,2922
204754,0,2,0,288
204766,144,4,-1,96
204770,144,4,0,252
204782,48,2,0,2016
204786,24,3,-1,720
204798,0,2,0,1536
204802,108,2,0,1224
204814,12,3,-1,960
204818,36,2,0,3168
204830,120,4,0,672
204834,48,4,-1,312
204846,24,2,0,684
204850,12,3,1,3552
204862,48,2,0,1968
204866,12,2,0,2400
204878,0,3,1,492
204882,12,2,0,2064
204894,60,3,0,960
204898,168,3,0,1824
204910,36,2,0,2016
204914,36,3,-1,216
204926,72,2,0,4128
204930,48,2,0,1704
204942,0,3,-1,48
204946,12,2,0,144
204958,84,3,0,960
204962,48,3,0,1152
204974,36,2,0,96
204978,0,3,1,1776
204990,24,2,0,1848
204994,48,2,0,3456
205006,0,3,1,1824
205010,12,2,0,4032
205022,132,4,1,540
205026,36,5,0,192
205038,24,2,0,1908
205042,24,3,-1,792
205054,48,2,0,48
205058,60,2,0,1104
205070,0,3,-1,864
205074,24,2,0,2208
205086,36,4,0,420
205090,60,4,1,282
205102,12,2,0,2016
205106,12,3,1,2760
205118,24,2,0,1824
205122,60,2,0,1992
205134,0,3,1,1980
205138,0,2,0,1584
205150,84,3,0,1920
205154,96,3,0,432
205166,36,2,0,1296
205170,12,3,-1,810
205182,12,2,0,1632
205186,24,2,0,2496
205198,0,3,-1,180
205214,120,3,0,1248
205218,48,3,0,1056
205230,12,2,0,1848
205234,48,3,1,1776
205246,36,2,0,432
205250,24,2,0,2592
205262,36,3,1,3192
205266,12,2,0,1632
205278,60,4,-1,300
205282,132,5,-1,156
205294,48,2,0,288
205298,24,3,-1,576
205310,24,2,0,552
205314,36,2,0,1440
205326,12,3,-1,12
205330,24,2,0,4800
205342,108,5,1,3
205346,108,4,-1,48
205358,24,2,0,3072
205362,24,3,1,1104
205374,36,2,0,2400
205378,36,2,0,324
205394,12,2,0,2400
205406,36,3,0,1152
205410,60,3,0,1152
205422,0,2,0,1104
205426,48,3,-1,960
205438,12,2,0,2160
205442,60,2,0,2112
205454,12,3,-1,12
205458,24,2,0,1908
205470,60,3,0,1584
205474,12,3,0,960
205486,48,2,0,912
205490,60,3,1,216
205502,12,2,0,1704
205506,48,2,0,1584
205518,0,3,1,1296
205522,48,2,0,96
205534,72,4,1,1152
205538,84,4,0,384
205550,24,2,0,3840
205554,12,3,-1,150
205566,24,2,0,1776
205570,60,2,0,2784
205582,0,3,-1,756
205586,12,2,0,1968
205598,180,5,0,132
205602,72,4,1,648
205614,24,2,0,1872
205618,12,3,1,108
205630,48,2,0,1008
205634,60,2,0,576
205646,12,3,1,384
205650,12,2,0,1776
205662,36,3,0,624
205666,108,3,0,696
205678,12,2,0,1728
205682,0,3,-1,744
205694,36,2,0,24
205698,12,2,0,1404
205710,0,3,-1,60
205714,12,2,0,1920
205726,36,3,0,1248
205730,24,3,0,1080
205742,0,2,0,408
205746,0,3,1,336
205758,48,2,0,1248
205762,24,2,0,1800
205774,24,3,1,960
205778,36,2,0,336
205790,96,4,-1,480
205794,60,4,0,432
205806,12,2,0,2448
205810,24,3,-1,300
205822,0,2,0,2448
205826,24,2,0,2112
205838,0,3,-1,516
205842,0,2,0,1296
205854,60,4,0,72
205858,48,4,-1,288
205870,24,2,0,2160
205874,36,3,1,1992
205886,60,2,0,672
205890,36,2,0,2364
205902,0,3,1,1338
205906,12,2,0,2304
205918,24,3,0,336
205922,96,3,0,384
205934,0,2,0,1536
205938,36,3,-1,588
205950,24,2,0,1392
205966,24,3,-1,1008
205970,12,2,0,2112
205982,24,3,0,768
205986,12,3,0,576
205998,60,2,0,1536
206002,0,3,1,1872
206014,12,2,0,1536
206018,24,2,0,2016
206030,48,3,1,1764
206034,24,2,0,1344
206046,96,4,1,135
206050,144,7,-1,72
206062,36,2,0,360
206066,24,3,-1,12
206078,72,2,0,240
206082,12,2,0,1344
206094,12,3,-1,528
206098,12,2,0,672
206110,132,4,0,120
206114,60,4,1,1320
206126,0,2,0,48
206130,24,3,1,1908
206146,0,2,0,288
206158,24,3,1,2052
206162,12,2,0,1920
206174,60,3,0,24
206178,36,3,0,480
206190,12,2,0,1872
206194,0,3,-1,48
206206,60,2,0,840
206210,36,2,0,864
206222,0,3,-1,480
206226,0,2,0,1584
206238,24,3,0,612
206242,48,3,0,288
206254,48,2,0,384
206258,12,3,1,1692
206270,24,2,0,3408
206274,48,2,0,192
206286,12,3,1,1092
206290,48,2,0,2352
206302,72,4,-1,264
206306,108,5,1,48
206318,36,2,0,432
206322,0,3,-1,270
206334,0,2,0,1440
206338,12,2,0,1536
206350,24,3,-1,1
206354,24,2,0,240
206366,72,5,-1,168
206370,36,4,-1,348
206382,0,2,0,1176
206386,0,3,1,480
206398,12,2,0,1008
206402,12,2,0,1392
206414,12,3,1,2592
206418,0,2,0,984
206430,24,3,0,720
206434,96,3,0,768
206446,60,2,0,624
206450,24,3,-1,1104
206462,0,2,0,600
206466,24,2,0,1608
206478,12,3,-1,324
206482,36,2,0,1440
206494,60,3,0,228
206498,36,3,0,192
206510,12,2,0,2064
206514,0,3,1,936
206526,0,2,0,1344
206530,72,2,0,24
206542,0,3,1,1176
206546,12,2,0,240
206558,24,4,1,576
206562,24,4,0,360
206574,0,2,0,1152
206578,12,3,-1,492
206590,0,2,0,2208
206594,24,2,0,1440
206606,0,3,-1,168
206610,0,2,0,1200
206622,90,6,1,117
206626,36,4,1,768
206638,12,2,0,672
206642,0,3,1,576
206654,24,2,0,408
206658,24,2,0,72
206670,0,3,1,1380
206674,24,2,0,240
206686,0,3,0,696
206690,120,3,0,1056
206702,0,2,0,1344
206718,24,2,0,1356
206722,12,2,0,1632
206734,12,3,-1,528
206738,0,2,0,1152
206750,96,3,0,120
206754,36,3,0,96
206766,12,2,0,1056
206770,12,3,1,1584
206782,48,2,0,24
206786,24,2,0,768
206798,0,3,1,1332
206802,12,2,0,1188
206814,36,4,-1,192
206818,60,4,0,72
206830,12,2,0,2184
206834,0,3,-1,384
206846,12,2,0,432
206850,24,2,0,1200
206862,0,3,-1,54
206866,24,2,0,1632
206878,36,4,0,240
206882,24,4,-1,168
206898,0,3,1,1128
206910,0,2,0,936
206914,24,2,0,2160
206926,0,3,1,438
206930,0,2,0,300
206942,60,3,0,768
206946,36,3,0,96
206958,24,2,0,804
206962,0,3,-1,120
206974,24,2,0,1488
206978,36,2,0,1344
206990,0,3,-1,432
206994,0,2,0,1344
207006,60,3,0,576
207010,24,3,0,768
207022,12,2,0,1152
207026,12,3,1,1392
207038,12,2,0,324
207042,0,2,0,576
207054,0,3,1,240
207058,0,2,0,120
207070,156,4,1,372
207074,72,6,-1,4
207086,0,2,0,960
207090,0,3,-1,3
207102,0,2,0,624
207106,0,2,0,384
207118,0,3,-1,360
207122,0,2,0,936
207134,24,4,0,288
207138,24,4,1,360
207150,12,2,0,1632
207154,12,3,1,264
207166,24,2,0,1008
207170,36,2,0,1632
207182,0,3,1,240
207186,12,2,0,912
207198,24,3,0,384
207202,12,3,0,432
207214,36,2,0,360
207218,12,3,-1,96
207230,24,2,0,1344
207234,24,2,0,744
207246,0,3,-1,33
207250,0,2,0,372
207262,0,3,0,528
207266,48,3,0,576
207278,0,2,0,1152
207282,0,3,1,780
207294,0,2,0,504
207298,0,2,0,648
207310,0,3,1,1152
207314,12,2,0,768
207326,36,4,-1,66
207330,36,5,-1,90
207342,12,2,0,576
207346,0,3,-1,84
207358,48,2,0,12
207362,12,2,0,216
207374,0,3,-1,336
207378,0,2,0,444
207390,126,5,1,228
207394,36,4,-1,60
207406,0,2,0,528
207410,24,3,1,924
207422,12,2,0,552
207426,12,2,0,576
207438,0,3,1,348
207442,12,2,0,576
207454,60,3,0,72
207470,0,2,0,192
207474,12,3,-1,228
207486,12,2,0,624
207490,0,2,0,504
207502,0,3,-1,123
207506,12,2,0,8
207518,24,3,0,168
207522,0,3,0,168
207534,0,2,0,360
207538,0,3,1,168
207550,0,2,0,768
207554,0,2,0,96
207566,0,3,1,552
207570,0,2,0,396
207582,36,4,1,102
207586,36,4,0,96
207598,0,2,0,252
207602,0,3,-1,120
207614,0,2,0,96
207618,12,2,0,216
207630,0,3,-1,60
207634,0,2,0,144
