   1/1280 rho-neg        icv1-fp18-tm337-d28d5e09 W28a6ca541d5a  verified S=1.818 L2
   2/1280 rho-plain      icv1-fp18-tm337-d28d5e09 W28a6ca541d5a  verified S=1.642 L2
   3/1280 rho-frozen     icv1-fp18-tm337-d28d5e09 W28a6ca541d5a  verified S=5.394 L2
   4/1280 bsgs           icv1-fp18-tm337-d28d5e09 W28a6ca541d5a  verified S=1.187 L2
   5/1280 bsgs-il        icv1-fp18-tm337-d28d5e09 W28a6ca541d5a  verified S=1.543 L2
   6/1280 bsgs-neg       icv1-fp18-tm337-d28d5e09 W28a6ca541d5a  verified S=0.692 L1
   7/1280 kangaroo       icv1-fp18-tm337-d28d5e09 W28a6ca541d5a  verified S=2.797 L2
   8/1280 ic-mitm        icv1-fp18-tm337-d28d5e09 W28a6ca541d5a  verified S=7.305 L2
   9/1280 ic-subtract    icv1-fp18-tm337-d28d5e09 W28a6ca541d5a  verified S=184.039 L1
  10/1280 rho-neg-aa     icv1-fp18-tm337-d28d5e09 W28a6ca541d5a  verified S=1.818 L2
  11/1280 rho-neg        icv1-fp18-tm337-d28d5e09 W5b230afd20c7  verified S=0.844 L2
  12/1280 rho-plain      icv1-fp18-tm337-d28d5e09 W5b230afd20c7  verified S=0.985 L2
  13/1280 rho-frozen     icv1-fp18-tm337-d28d5e09 W5b230afd20c7  verified S=4.669 L1
  14/1280 bsgs           icv1-fp18-tm337-d28d5e09 W5b230afd20c7  verified S=1.310 L2
  15/1280 bsgs-il        icv1-fp18-tm337-d28d5e09 W5b230afd20c7  verified S=0.597 L1
  16/1280 bsgs-neg       icv1-fp18-tm337-d28d5e09 W5b230afd20c7  verified S=0.816 L2
  17/1280 kangaroo       icv1-fp18-tm337-d28d5e09 W5b230afd20c7  verified S=2.389 L2
  18/1280 ic-mitm        icv1-fp18-tm337-d28d5e09 W5b230afd20c7  verified S=6.520 L1
  19/1280 ic-subtract    icv1-fp18-tm337-d28d5e09 W5b230afd20c7  verified S=137.153 L1
  20/1280 rho-neg-aa     icv1-fp18-tm337-d28d5e09 W5b230afd20c7  verified S=0.844 L1
  21/1280 rho-neg        icv1-fp18-tm337-d28d5e09 W93a161edf681  verified S=1.738 L2
  22/1280 rho-plain      icv1-fp18-tm337-d28d5e09 W93a161edf681  verified S=2.714 L2
  23/1280 rho-frozen     icv1-fp18-tm337-d28d5e09 W93a161edf681  verified S=3.871 L2
  24/1280 bsgs           icv1-fp18-tm337-d28d5e09 W93a161edf681  verified S=1.968 L1
  25/1280 bsgs-il        icv1-fp18-tm337-d28d5e09 W93a161edf681  verified S=1.911 L2
  26/1280 bsgs-neg       icv1-fp18-tm337-d28d5e09 W93a161edf681  verified S=1.471 L1
  27/1280 kangaroo       icv1-fp18-tm337-d28d5e09 W93a161edf681  verified S=3.085 L1
  28/1280 ic-mitm        icv1-fp18-tm337-d28d5e09 W93a161edf681  verified S=9.115 L2
  29/1280 ic-subtract    icv1-fp18-tm337-d28d5e09 W93a161edf681  verified S=267.207 L1
  30/1280 rho-neg-aa     icv1-fp18-tm337-d28d5e09 W93a161edf681  verified S=1.738 L2
  31/1280 rho-neg        icv1-fp18-tm337-d28d5e09 W9b062075ec82  verified S=1.840 L2
  32/1280 rho-plain      icv1-fp18-tm337-d28d5e09 W9b062075ec82  verified S=1.261 L2
  33/1280 rho-frozen     icv1-fp18-tm337-d28d5e09 W9b062075ec82  verified S=5.635 L1
  34/1280 bsgs           icv1-fp18-tm337-d28d5e09 W9b062075ec82  verified S=1.508 L2
  35/1280 bsgs-il        icv1-fp18-tm337-d28d5e09 W9b062075ec82  verified S=2.003 L2
  36/1280 bsgs-neg       icv1-fp18-tm337-d28d5e09 W9b062075ec82  verified S=1.013 L1
  37/1280 kangaroo       icv1-fp18-tm337-d28d5e09 W9b062075ec82  verified S=1.061 L2
  38/1280 ic-mitm        icv1-fp18-tm337-d28d5e09 W9b062075ec82  verified S=6.476 L2
  39/1280 ic-subtract    icv1-fp18-tm337-d28d5e09 W9b062075ec82  verified S=152.852 L1
  40/1280 rho-neg-aa     icv1-fp18-tm337-d28d5e09 W9b062075ec82  verified S=1.840 L2
  41/1280 rho-neg        icv1-fp18-tm337-d28d5e09 We2822c9e7ec0  verified S=1.165 L2
  42/1280 rho-plain      icv1-fp18-tm337-d28d5e09 We2822c9e7ec0  verified S=1.990 L2
  43/1280 rho-frozen     icv1-fp18-tm337-d28d5e09 We2822c9e7ec0  verified S=2.868 L1
  44/1280 bsgs           icv1-fp18-tm337-d28d5e09 We2822c9e7ec0  verified S=1.239 L2
  45/1280 bsgs-il        icv1-fp18-tm337-d28d5e09 We2822c9e7ec0  verified S=1.590 L2
  46/1280 bsgs-neg       icv1-fp18-tm337-d28d5e09 We2822c9e7ec0  verified S=0.744 L1
  47/1280 kangaroo       icv1-fp18-tm337-d28d5e09 We2822c9e7ec0  verified S=2.758 L2
  48/1280 ic-mitm        icv1-fp18-tm337-d28d5e09 We2822c9e7ec0  verified S=9.462 L2
  49/1280 ic-subtract    icv1-fp18-tm337-d28d5e09 We2822c9e7ec0  verified S=311.641 L1
  50/1280 rho-neg-aa     icv1-fp18-tm337-d28d5e09 We2822c9e7ec0  verified S=1.165 L2
  51/1280 rho-neg        icv1-fp18-tm337-d28d5e09 W006c080a3f72  verified S=1.892 L2
  52/1280 rho-plain      icv1-fp18-tm337-d28d5e09 W006c080a3f72  verified S=2.371 L1
  53/1280 rho-frozen     icv1-fp18-tm337-d28d5e09 W006c080a3f72  verified S=3.148 L2
  54/1280 bsgs           icv1-fp18-tm337-d28d5e09 W006c080a3f72  verified S=1.729 L2
  55/1280 bsgs-il        icv1-fp18-tm337-d28d5e09 W006c080a3f72  verified S=1.434 L1
  56/1280 bsgs-neg       icv1-fp18-tm337-d28d5e09 W006c080a3f72  verified S=1.232 L1
  57/1280 kangaroo       icv1-fp18-tm337-d28d5e09 W006c080a3f72  verified S=1.979 L2
  58/1280 ic-mitm        icv1-fp18-tm337-d28d5e09 W006c080a3f72  verified S=10.132 L1
  59/1280 ic-subtract    icv1-fp18-tm337-d28d5e09 W006c080a3f72  verified S=308.757 L1
  60/1280 rho-neg-aa     icv1-fp18-tm337-d28d5e09 W006c080a3f72  verified S=1.892 L2
  61/1280 rho-neg        icv1-fp18-tm337-d28d5e09 W8795a5e04c81  verified S=1.018 L2
  62/1280 rho-plain      icv1-fp18-tm337-d28d5e09 W8795a5e04c81  verified S=2.235 L2
  63/1280 rho-frozen     icv1-fp18-tm337-d28d5e09 W8795a5e04c81  verified S=3.105 L1
  64/1280 bsgs           icv1-fp18-tm337-d28d5e09 W8795a5e04c81  verified S=1.827 L2
  65/1280 bsgs-il        icv1-fp18-tm337-d28d5e09 W8795a5e04c81  verified S=1.629 L2
  66/1280 bsgs-neg       icv1-fp18-tm337-d28d5e09 W8795a5e04c81  verified S=1.330 L2
  67/1280 kangaroo       icv1-fp18-tm337-d28d5e09 W8795a5e04c81  verified S=1.805 L1
  68/1280 ic-mitm        icv1-fp18-tm337-d28d5e09 W8795a5e04c81  verified S=11.785 L1
  69/1280 ic-subtract    icv1-fp18-tm337-d28d5e09 W8795a5e04c81  verified S=415.878 L1
  70/1280 rho-neg-aa     icv1-fp18-tm337-d28d5e09 W8795a5e04c81  verified S=1.018 L2
  71/1280 rho-neg        icv1-fp18-tm337-d28d5e09 W7cd38a178483  verified S=2.222 L2
  72/1280 rho-plain      icv1-fp18-tm337-d28d5e09 W7cd38a178483  verified S=1.395 L1
  73/1280 rho-frozen     icv1-fp18-tm337-d28d5e09 W7cd38a178483  verified S=8.214 L2
  74/1280 bsgs           icv1-fp18-tm337-d28d5e09 W7cd38a178483  verified S=1.935 L2
  75/1280 bsgs-il        icv1-fp18-tm337-d28d5e09 W7cd38a178483  verified S=1.846 L1
  76/1280 bsgs-neg       icv1-fp18-tm337-d28d5e09 W7cd38a178483  verified S=1.436 L1
  77/1280 kangaroo       icv1-fp18-tm337-d28d5e09 W7cd38a178483  verified S=2.278 L2
  78/1280 ic-mitm        icv1-fp18-tm337-d28d5e09 W7cd38a178483  verified S=10.627 L1
  79/1280 ic-subtract    icv1-fp18-tm337-d28d5e09 W7cd38a178483  verified S=327.214 L1
  80/1280 rho-neg-aa     icv1-fp18-tm337-d28d5e09 W7cd38a178483  verified S=2.222 L2
  81/1280 rho-neg        icv1-fp20-t727-cd198a38 W861f5dc133f2  verified S=1.237 L2
  82/1280 rho-plain      icv1-fp20-t727-cd198a38 W861f5dc133f2  verified S=1.405 L2
  83/1280 rho-frozen     icv1-fp20-t727-cd198a38 W861f5dc133f2  verified S=3.968 L2
  84/1280 bsgs           icv1-fp20-t727-cd198a38 W861f5dc133f2  verified S=1.519 L1
  85/1280 bsgs-il        icv1-fp20-t727-cd198a38 W861f5dc133f2  verified S=1.679 L1
  86/1280 bsgs-neg       icv1-fp20-t727-cd198a38 W861f5dc133f2  verified S=1.021 L2
  87/1280 kangaroo       icv1-fp20-t727-cd198a38 W861f5dc133f2  verified S=0.621 L2
  88/1280 ic-mitm        icv1-fp20-t727-cd198a38 W861f5dc133f2  verified S=9.778 L1
  89/1280 ic-subtract    icv1-fp20-t727-cd198a38 W861f5dc133f2  verified S=394.686 L2
  90/1280 rho-neg-aa     icv1-fp20-t727-cd198a38 W861f5dc133f2  verified S=1.237 L2
  91/1280 rho-neg        icv1-fp20-t727-cd198a38 W28b4cfe9ce93  verified S=1.331 L2
  92/1280 rho-plain      icv1-fp20-t727-cd198a38 W28b4cfe9ce93  verified S=1.375 L1
  93/1280 rho-frozen     icv1-fp20-t727-cd198a38 W28b4cfe9ce93  verified S=3.371 L1
  94/1280 bsgs           icv1-fp20-t727-cd198a38 W28b4cfe9ce93  verified S=1.731 L1
  95/1280 bsgs-il        icv1-fp20-t727-cd198a38 W28b4cfe9ce93  verified S=1.444 L2
  96/1280 bsgs-neg       icv1-fp20-t727-cd198a38 W28b4cfe9ce93  verified S=1.233 L2
  97/1280 kangaroo       icv1-fp20-t727-cd198a38 W28b4cfe9ce93  verified S=2.376 L1
  98/1280 ic-mitm        icv1-fp20-t727-cd198a38 W28b4cfe9ce93  verified S=12.011 L1
  99/1280 ic-subtract    icv1-fp20-t727-cd198a38 W28b4cfe9ce93  verified S=532.497 L2
 100/1280 rho-neg-aa     icv1-fp20-t727-cd198a38 W28b4cfe9ce93  verified S=1.331 L2
 101/1280 rho-neg        icv1-fp20-t727-cd198a38 W8f448e9d9ef1  verified S=0.332 L2
 102/1280 rho-plain      icv1-fp20-t727-cd198a38 W8f448e9d9ef1  verified S=1.304 L2
 103/1280 rho-frozen     icv1-fp20-t727-cd198a38 W8f448e9d9ef1  verified S=7.328 L1
 104/1280 bsgs           icv1-fp20-t727-cd198a38 W8f448e9d9ef1  verified S=1.987 L1
 105/1280 bsgs-il        icv1-fp20-t727-cd198a38 W8f448e9d9ef1  verified S=1.956 L1
 106/1280 bsgs-neg       icv1-fp20-t727-cd198a38 W8f448e9d9ef1  verified S=1.488 L2
 107/1280 kangaroo       icv1-fp20-t727-cd198a38 W8f448e9d9ef1  verified S=2.748 L1
 108/1280 ic-mitm        icv1-fp20-t727-cd198a38 W8f448e9d9ef1  verified S=9.625 L1
 109/1280 ic-subtract    icv1-fp20-t727-cd198a38 W8f448e9d9ef1  verified S=389.931 L2
 110/1280 rho-neg-aa     icv1-fp20-t727-cd198a38 W8f448e9d9ef1  verified S=0.332 L2
 111/1280 rho-neg        icv1-fp20-t727-cd198a38 Wac7787be9c96  verified S=0.975 L2
 112/1280 rho-plain      icv1-fp20-t727-cd198a38 Wac7787be9c96  verified S=3.091 L1
 113/1280 rho-frozen     icv1-fp20-t727-cd198a38 Wac7787be9c96  verified S=1.923 L1
 114/1280 bsgs           icv1-fp20-t727-cd198a38 Wac7787be9c96  verified S=1.699 L2
 115/1280 bsgs-il        icv1-fp20-t727-cd198a38 Wac7787be9c96  verified S=1.615 L1
 116/1280 bsgs-neg       icv1-fp20-t727-cd198a38 Wac7787be9c96  verified S=1.201 L2
 117/1280 kangaroo       icv1-fp20-t727-cd198a38 Wac7787be9c96  verified S=2.376 L2
 118/1280 ic-mitm        icv1-fp20-t727-cd198a38 Wac7787be9c96  verified S=10.947 L1
 119/1280 ic-subtract    icv1-fp20-t727-cd198a38 Wac7787be9c96  verified S=462.897 L2
 120/1280 rho-neg-aa     icv1-fp20-t727-cd198a38 Wac7787be9c96  verified S=0.975 L2
 121/1280 rho-neg        icv1-fp20-t727-cd198a38 Wc29d7c6a749a  verified S=0.677 L2
 122/1280 rho-plain      icv1-fp20-t727-cd198a38 Wc29d7c6a749a  verified S=1.971 L1
 123/1280 rho-frozen     icv1-fp20-t727-cd198a38 Wc29d7c6a749a  verified S=12.920 L1
 124/1280 bsgs           icv1-fp20-t727-cd198a38 Wc29d7c6a749a  verified S=1.620 L1
 125/1280 bsgs-il        icv1-fp20-t727-cd198a38 Wc29d7c6a749a  verified S=1.876 L2
 126/1280 bsgs-neg       icv1-fp20-t727-cd198a38 Wc29d7c6a749a  verified S=1.123 L1
 127/1280 kangaroo       icv1-fp20-t727-cd198a38 Wc29d7c6a749a  verified S=2.376 L2
 128/1280 ic-mitm        icv1-fp20-t727-cd198a38 Wc29d7c6a749a  verified S=8.437 L1
 129/1280 ic-subtract    icv1-fp20-t727-cd198a38 Wc29d7c6a749a  verified S=313.688 L2
 130/1280 rho-neg-aa     icv1-fp20-t727-cd198a38 Wc29d7c6a749a  verified S=0.677 L2
 131/1280 rho-neg        icv1-fp20-t727-cd198a38 W0372a5207366  verified S=1.052 L2
 132/1280 rho-plain      icv1-fp20-t727-cd198a38 W0372a5207366  verified S=1.804 L1
 133/1280 rho-frozen     icv1-fp20-t727-cd198a38 W0372a5207366  verified S=2.992 L1
 134/1280 bsgs           icv1-fp20-t727-cd198a38 W0372a5207366  verified S=1.360 L2
 135/1280 bsgs-il        icv1-fp20-t727-cd198a38 W0372a5207366  verified S=1.641 L1
 136/1280 bsgs-neg       icv1-fp20-t727-cd198a38 W0372a5207366  verified S=0.863 L2
 137/1280 kangaroo       icv1-fp20-t727-cd198a38 W0372a5207366  verified S=0.785 L2
 138/1280 ic-mitm        icv1-fp20-t727-cd198a38 W0372a5207366  verified S=10.558 L1
 139/1280 ic-subtract    icv1-fp20-t727-cd198a38 W0372a5207366  verified S=442.867 L2
 140/1280 rho-neg-aa     icv1-fp20-t727-cd198a38 W0372a5207366  verified S=1.052 L2
 141/1280 rho-neg        icv1-fp20-t727-cd198a38 Wb575cd7f0237  verified S=1.136 L2
 142/1280 rho-plain      icv1-fp20-t727-cd198a38 Wb575cd7f0237  verified S=1.547 L1
 143/1280 rho-frozen     icv1-fp20-t727-cd198a38 Wb575cd7f0237  verified S=3.559 L2
 144/1280 bsgs           icv1-fp20-t727-cd198a38 Wb575cd7f0237  verified S=1.037 L1
 145/1280 bsgs-il        icv1-fp20-t727-cd198a38 Wb575cd7f0237  verified S=1.273 L2
 146/1280 bsgs-neg       icv1-fp20-t727-cd198a38 Wb575cd7f0237  verified S=0.541 L2
 147/1280 kangaroo       icv1-fp20-t727-cd198a38 Wb575cd7f0237  verified S=2.479 L1
 148/1280 ic-mitm        icv1-fp20-t727-cd198a38 Wb575cd7f0237  verified S=12.289 L1
 149/1280 ic-subtract    icv1-fp20-t727-cd198a38 Wb575cd7f0237  verified S=550.161 L2
 150/1280 rho-neg-aa     icv1-fp20-t727-cd198a38 Wb575cd7f0237  verified S=1.136 L2
 151/1280 rho-neg        icv1-fp20-t727-cd198a38 Wcd5b54c76641  verified S=0.816 L2
 152/1280 rho-plain      icv1-fp20-t727-cd198a38 Wcd5b54c76641  verified S=0.425 L1
 153/1280 rho-frozen     icv1-fp20-t727-cd198a38 Wcd5b54c76641  verified S=2.455 L1
 154/1280 bsgs           icv1-fp20-t727-cd198a38 Wcd5b54c76641  verified S=1.825 L2
 155/1280 bsgs-il        icv1-fp20-t727-cd198a38 Wcd5b54c76641  verified S=1.633 L1
 156/1280 bsgs-neg       icv1-fp20-t727-cd198a38 Wcd5b54c76641  verified S=1.327 L2
 157/1280 kangaroo       icv1-fp20-t727-cd198a38 Wcd5b54c76641  verified S=2.376 L1
 158/1280 ic-mitm        icv1-fp20-t727-cd198a38 Wcd5b54c76641  verified S=12.322 L1
 159/1280 ic-subtract    icv1-fp20-t727-cd198a38 Wcd5b54c76641  verified S=553.695 L2
 160/1280 rho-neg-aa     icv1-fp20-t727-cd198a38 Wcd5b54c76641  verified S=0.816 L2
 161/1280 rho-neg        icv1-fp22-tm1385-475dcb5f W6a3ed92cf4c7  verified S=1.720 L2
 162/1280 rho-plain      icv1-fp22-tm1385-475dcb5f W6a3ed92cf4c7  verified S=2.454 L1
 163/1280 rho-frozen     icv1-fp22-tm1385-475dcb5f W6a3ed92cf4c7  verified S=1.859 L2
 164/1280 bsgs           icv1-fp22-tm1385-475dcb5f W6a3ed92cf4c7  verified S=1.167 L2
 165/1280 bsgs-il        icv1-fp22-tm1385-475dcb5f W6a3ed92cf4c7  verified S=0.946 L2
 166/1280 bsgs-neg       icv1-fp22-tm1385-475dcb5f W6a3ed92cf4c7  verified S=0.668 L2
 167/1280 kangaroo       icv1-fp22-tm1385-475dcb5f W6a3ed92cf4c7  verified S=3.284 L1
 168/1280 ic-mitm        icv1-fp22-tm1385-475dcb5f W6a3ed92cf4c7  verified S=21.747 L1
 169/1280 ic-subtract    icv1-fp22-tm1385-475dcb5f W6a3ed92cf4c7  verified S=1280.561 L1
 170/1280 rho-neg-aa     icv1-fp22-tm1385-475dcb5f W6a3ed92cf4c7  verified S=1.720 L2
 171/1280 rho-neg        icv1-fp22-tm1385-475dcb5f W2734d8a015b9  verified S=0.884 L1
 172/1280 rho-plain      icv1-fp22-tm1385-475dcb5f W2734d8a015b9  verified S=1.354 L2
 173/1280 rho-frozen     icv1-fp22-tm1385-475dcb5f W2734d8a015b9  verified S=3.514 L1
 174/1280 bsgs           icv1-fp22-tm1385-475dcb5f W2734d8a015b9  verified S=1.649 L2
 175/1280 bsgs-il        icv1-fp22-tm1385-475dcb5f W2734d8a015b9  verified S=1.290 L1
 176/1280 bsgs-neg       icv1-fp22-tm1385-475dcb5f W2734d8a015b9  verified S=1.150 L2
 177/1280 kangaroo       icv1-fp22-tm1385-475dcb5f W2734d8a015b9  verified S=0.779 L1
 178/1280 ic-mitm        icv1-fp22-tm1385-475dcb5f W2734d8a015b9  verified S=17.631 L1
 179/1280 ic-subtract    icv1-fp22-tm1385-475dcb5f W2734d8a015b9  verified S=1014.465 L2
 180/1280 rho-neg-aa     icv1-fp22-tm1385-475dcb5f W2734d8a015b9  verified S=0.884 L2
 181/1280 rho-neg        icv1-fp22-tm1385-475dcb5f Wec54f424abb7  verified S=0.539 L2
 182/1280 rho-plain      icv1-fp22-tm1385-475dcb5f Wec54f424abb7  verified S=1.841 L1
 183/1280 rho-frozen     icv1-fp22-tm1385-475dcb5f Wec54f424abb7  verified S=0.976 L1
 184/1280 bsgs           icv1-fp22-tm1385-475dcb5f Wec54f424abb7  verified S=1.879 L1
 185/1280 bsgs-il        icv1-fp22-tm1385-475dcb5f Wec54f424abb7  verified S=1.750 L2
 186/1280 bsgs-neg       icv1-fp22-tm1385-475dcb5f Wec54f424abb7  verified S=1.380 L1
 187/1280 kangaroo       icv1-fp22-tm1385-475dcb5f Wec54f424abb7  verified S=3.387 L1
 188/1280 ic-mitm        icv1-fp22-tm1385-475dcb5f Wec54f424abb7  verified S=22.069 L1
 189/1280 ic-subtract    icv1-fp22-tm1385-475dcb5f Wec54f424abb7  verified S=1302.121 L2
 190/1280 rho-neg-aa     icv1-fp22-tm1385-475dcb5f Wec54f424abb7  verified S=0.539 L2
 191/1280 rho-neg        icv1-fp22-tm1385-475dcb5f W0244066ca1c9  verified S=0.556 L2
 192/1280 rho-plain      icv1-fp22-tm1385-475dcb5f W0244066ca1c9  verified S=2.011 L1
 193/1280 rho-frozen     icv1-fp22-tm1385-475dcb5f W0244066ca1c9  verified S=12.419 L1
 194/1280 bsgs           icv1-fp22-tm1385-475dcb5f W0244066ca1c9  verified S=1.611 L1
 195/1280 bsgs-il        icv1-fp22-tm1385-475dcb5f W0244066ca1c9  verified S=1.592 L2
 196/1280 bsgs-neg       icv1-fp22-tm1385-475dcb5f W0244066ca1c9  verified S=1.112 L2
 197/1280 kangaroo       icv1-fp22-tm1385-475dcb5f W0244066ca1c9  verified S=1.413 L1
 198/1280 ic-mitm        icv1-fp22-tm1385-475dcb5f W0244066ca1c9  verified S=14.159 L1
 199/1280 ic-subtract    icv1-fp22-tm1385-475dcb5f W0244066ca1c9  verified S=791.215 L1
 200/1280 rho-neg-aa     icv1-fp22-tm1385-475dcb5f W0244066ca1c9  verified S=0.556 L2
 201/1280 rho-neg        icv1-fp22-tm1385-475dcb5f W6f3b6b57793c  verified S=2.166 L2
 202/1280 rho-plain      icv1-fp22-tm1385-475dcb5f W6f3b6b57793c  verified S=1.255 L2
 203/1280 rho-frozen     icv1-fp22-tm1385-475dcb5f W6f3b6b57793c  verified S=9.239 L1
 204/1280 bsgs           icv1-fp22-tm1385-475dcb5f W6f3b6b57793c  verified S=1.130 L2
 205/1280 bsgs-il        icv1-fp22-tm1385-475dcb5f W6f3b6b57793c  verified S=0.710 L1
 206/1280 bsgs-neg       icv1-fp22-tm1385-475dcb5f W6f3b6b57793c  verified S=0.632 L1
 207/1280 kangaroo       icv1-fp22-tm1385-475dcb5f W6f3b6b57793c  verified S=3.387 L2
 208/1280 ic-mitm        icv1-fp22-tm1385-475dcb5f W6f3b6b57793c  verified S=32.873 L1
 209/1280 ic-subtract    icv1-fp22-tm1385-475dcb5f W6f3b6b57793c  verified S=1991.812 L2
 210/1280 rho-neg-aa     icv1-fp22-tm1385-475dcb5f W6f3b6b57793c  verified S=2.166 L2
 211/1280 rho-neg        icv1-fp22-tm1385-475dcb5f W7ef06b772aae  verified S=0.582 L2
 212/1280 rho-plain      icv1-fp22-tm1385-475dcb5f W7ef06b772aae  verified S=1.038 L1
 213/1280 rho-frozen     icv1-fp22-tm1385-475dcb5f W7ef06b772aae  verified S=1.508 L1
 214/1280 bsgs           icv1-fp22-tm1385-475dcb5f W7ef06b772aae  verified S=1.701 L1
 215/1280 bsgs-il        icv1-fp22-tm1385-475dcb5f W7ef06b772aae  verified S=1.394 L2
 216/1280 bsgs-neg       icv1-fp22-tm1385-475dcb5f W7ef06b772aae  verified S=1.202 L2
 217/1280 kangaroo       icv1-fp22-tm1385-475dcb5f W7ef06b772aae  verified S=1.413 L1
 218/1280 ic-mitm        icv1-fp22-tm1385-475dcb5f W7ef06b772aae  verified S=20.142 L1
 219/1280 ic-subtract    icv1-fp22-tm1385-475dcb5f W7ef06b772aae  verified S=1178.578 L2
 220/1280 rho-neg-aa     icv1-fp22-tm1385-475dcb5f W7ef06b772aae  verified S=0.582 L2
 221/1280 rho-neg        icv1-fp22-tm1385-475dcb5f W6fca37f7cc9a  verified S=1.474 L2
 222/1280 rho-plain      icv1-fp22-tm1385-475dcb5f W6fca37f7cc9a  verified S=1.647 L2
 223/1280 rho-frozen     icv1-fp22-tm1385-475dcb5f W6fca37f7cc9a  verified S=1.406 L1
 224/1280 bsgs           icv1-fp22-tm1385-475dcb5f W6fca37f7cc9a  verified S=1.356 L2
 225/1280 bsgs-il        icv1-fp22-tm1385-475dcb5f W6fca37f7cc9a  verified S=0.704 L1
 226/1280 bsgs-neg       icv1-fp22-tm1385-475dcb5f W6fca37f7cc9a  verified S=0.857 L2
 227/1280 kangaroo       icv1-fp22-tm1385-475dcb5f W6fca37f7cc9a  verified S=1.000 L1
 228/1280 ic-mitm        icv1-fp22-tm1385-475dcb5f W6fca37f7cc9a  verified S=9.569 L1
 229/1280 ic-subtract    icv1-fp22-tm1385-475dcb5f W6fca37f7cc9a  verified S=495.018 L2
 230/1280 rho-neg-aa     icv1-fp22-tm1385-475dcb5f W6fca37f7cc9a  verified S=1.474 L2
 231/1280 rho-neg        icv1-fp22-tm1385-475dcb5f W5ea10cc72dc0  verified S=0.834 L1
 232/1280 rho-plain      icv1-fp22-tm1385-475dcb5f W5ea10cc72dc0  verified S=0.191 L2
 233/1280 rho-frozen     icv1-fp22-tm1385-475dcb5f W5ea10cc72dc0  verified S=1.569 L1
 234/1280 bsgs           icv1-fp22-tm1385-475dcb5f W5ea10cc72dc0  verified S=1.031 L2
 235/1280 bsgs-il        icv1-fp22-tm1385-475dcb5f W5ea10cc72dc0  verified S=0.939 L2
 236/1280 bsgs-neg       icv1-fp22-tm1385-475dcb5f W5ea10cc72dc0  verified S=0.532 L1
 237/1280 kangaroo       icv1-fp22-tm1385-475dcb5f W5ea10cc72dc0  verified S=3.011 L1
 238/1280 ic-mitm        icv1-fp22-tm1385-475dcb5f W5ea10cc72dc0  verified S=17.795 L1
 239/1280 ic-subtract    icv1-fp22-tm1385-475dcb5f W5ea10cc72dc0  verified S=1027.166 L2
 240/1280 rho-neg-aa     icv1-fp22-tm1385-475dcb5f W5ea10cc72dc0  verified S=0.834 L2
 241/1280 rho-neg        icv1-fp24-t1059-6df599df Wf87386dd8131  verified S=0.537 L2
 242/1280 rho-plain      icv1-fp24-t1059-6df599df Wf87386dd8131  verified S=0.957 L1
 243/1280 rho-frozen     icv1-fp24-t1059-6df599df Wf87386dd8131  verified S=1.518 L2
 244/1280 bsgs           icv1-fp24-t1059-6df599df Wf87386dd8131  verified S=1.806 L2
 245/1280 bsgs-il        icv1-fp24-t1059-6df599df Wf87386dd8131  verified S=1.608 L2
 246/1280 bsgs-neg       icv1-fp24-t1059-6df599df Wf87386dd8131  verified S=1.306 L2
 247/1280 kangaroo       icv1-fp24-t1059-6df599df Wf87386dd8131  verified S=2.520 L2
 248/1280 ic-mitm        icv1-fp24-t1059-6df599df Wf87386dd8131  verified S=41.715 L2
 249/1280 ic-subtract    icv1-fp24-t1059-6df599df Wf87386dd8131  verified S=2646.945 L1
 250/1280 rho-neg-aa     icv1-fp24-t1059-6df599df Wf87386dd8131  verified S=0.537 L2
 251/1280 rho-neg        icv1-fp24-t1059-6df599df W74e97e4a2870  verified S=0.561 L1
 252/1280 rho-plain      icv1-fp24-t1059-6df599df W74e97e4a2870  verified S=1.262 L1
 253/1280 rho-frozen     icv1-fp24-t1059-6df599df W74e97e4a2870  verified S=1.817 L2
 254/1280 bsgs           icv1-fp24-t1059-6df599df W74e97e4a2870  verified S=1.074 L2
 255/1280 bsgs-il        icv1-fp24-t1059-6df599df W74e97e4a2870  verified S=0.449 L2
 256/1280 bsgs-neg       icv1-fp24-t1059-6df599df W74e97e4a2870  verified S=0.574 L2
 257/1280 kangaroo       icv1-fp24-t1059-6df599df W74e97e4a2870  verified S=2.973 L1
 258/1280 ic-mitm        icv1-fp24-t1059-6df599df W74e97e4a2870  verified S=59.543 L2
 259/1280 ic-subtract    icv1-fp24-t1059-6df599df W74e97e4a2870  verified S=3791.442 L1
 260/1280 rho-neg-aa     icv1-fp24-t1059-6df599df W74e97e4a2870  verified S=0.561 L2
 261/1280 rho-neg        icv1-fp24-t1059-6df599df Wb08608805f9d  verified S=0.825 L1
 262/1280 rho-plain      icv1-fp24-t1059-6df599df Wb08608805f9d  verified S=0.498 L1
 263/1280 rho-frozen     icv1-fp24-t1059-6df599df Wb08608805f9d  verified S=2.651 L2
 264/1280 bsgs           icv1-fp24-t1059-6df599df Wb08608805f9d  verified S=1.107 L1
 265/1280 bsgs-il        icv1-fp24-t1059-6df599df Wb08608805f9d  verified S=1.766 L1
 266/1280 bsgs-neg       icv1-fp24-t1059-6df599df Wb08608805f9d  verified S=0.608 L2
 267/1280 kangaroo       icv1-fp24-t1059-6df599df Wb08608805f9d  verified S=2.734 L2
 268/1280 ic-mitm        icv1-fp24-t1059-6df599df Wb08608805f9d  verified S=51.192 L1
 269/1280 ic-subtract    icv1-fp24-t1059-6df599df Wb08608805f9d  verified S=3255.531 L1
 270/1280 rho-neg-aa     icv1-fp24-t1059-6df599df Wb08608805f9d  verified S=0.825 L1
 271/1280 rho-neg        icv1-fp24-t1059-6df599df W40205a8c768f  verified S=1.267 L2
 272/1280 rho-plain      icv1-fp24-t1059-6df599df W40205a8c768f  verified S=2.282 L1
 273/1280 rho-frozen     icv1-fp24-t1059-6df599df W40205a8c768f  verified S=2.119 L1
 274/1280 bsgs           icv1-fp24-t1059-6df599df W40205a8c768f  verified S=1.260 L2
 275/1280 bsgs-il        icv1-fp24-t1059-6df599df W40205a8c768f  verified S=0.517 L2
 276/1280 bsgs-neg       icv1-fp24-t1059-6df599df W40205a8c768f  verified S=0.761 L1
 277/1280 kangaroo       icv1-fp24-t1059-6df599df W40205a8c768f  verified S=1.693 L1
 278/1280 ic-mitm        icv1-fp24-t1059-6df599df W40205a8c768f  verified S=43.833 L2
 279/1280 ic-subtract    icv1-fp24-t1059-6df599df W40205a8c768f  verified S=2782.996 L1
 280/1280 rho-neg-aa     icv1-fp24-t1059-6df599df W40205a8c768f  verified S=1.267 L2
 281/1280 rho-neg        icv1-fp24-t1059-6df599df Wc438af43fd3e  verified S=1.158 L2
 282/1280 rho-plain      icv1-fp24-t1059-6df599df Wc438af43fd3e  verified S=3.507 L1
 283/1280 rho-frozen     icv1-fp24-t1059-6df599df Wc438af43fd3e  verified S=0.826 L1
 284/1280 bsgs           icv1-fp24-t1059-6df599df Wc438af43fd3e  verified S=1.288 L2
 285/1280 bsgs-il        icv1-fp24-t1059-6df599df Wc438af43fd3e  verified S=0.572 L1
 286/1280 bsgs-neg       icv1-fp24-t1059-6df599df Wc438af43fd3e  verified S=0.788 L2
 287/1280 kangaroo       icv1-fp24-t1059-6df599df Wc438af43fd3e  verified S=1.487 L1
 288/1280 ic-mitm        icv1-fp24-t1059-6df599df Wc438af43fd3e  verified S=37.748 L1
 289/1280 ic-subtract    icv1-fp24-t1059-6df599df Wc438af43fd3e  verified S=2391.602 L1
 290/1280 rho-neg-aa     icv1-fp24-t1059-6df599df Wc438af43fd3e  verified S=1.158 L2
 291/1280 rho-neg        icv1-fp24-t1059-6df599df W4787ab6088f0  verified S=1.745 L1
 292/1280 rho-plain      icv1-fp24-t1059-6df599df W4787ab6088f0  verified S=1.061 L2
 293/1280 rho-frozen     icv1-fp24-t1059-6df599df W4787ab6088f0  verified S=3.242 L1
 294/1280 bsgs           icv1-fp24-t1059-6df599df W4787ab6088f0  verified S=1.879 L1
 295/1280 bsgs-il        icv1-fp24-t1059-6df599df W4787ab6088f0  verified S=1.754 L2
 296/1280 bsgs-neg       icv1-fp24-t1059-6df599df W4787ab6088f0  verified S=1.379 L1
 297/1280 kangaroo       icv1-fp24-t1059-6df599df W4787ab6088f0  verified S=3.836 L1
 298/1280 ic-mitm        icv1-fp24-t1059-6df599df W4787ab6088f0  verified S=37.019 L2
 299/1280 ic-subtract    icv1-fp24-t1059-6df599df W4787ab6088f0  verified S=2343.351 L1
 300/1280 rho-neg-aa     icv1-fp24-t1059-6df599df W4787ab6088f0  verified S=1.745 L2
 301/1280 rho-neg        icv1-fp24-t1059-6df599df Wcd716c25ac09  verified S=0.841 L2
 302/1280 rho-plain      icv1-fp24-t1059-6df599df Wcd716c25ac09  verified S=0.547 L1
 303/1280 rho-frozen     icv1-fp24-t1059-6df599df Wcd716c25ac09  verified S=3.250 L1
 304/1280 bsgs           icv1-fp24-t1059-6df599df Wcd716c25ac09  verified S=1.923 L2
 305/1280 bsgs-il        icv1-fp24-t1059-6df599df Wcd716c25ac09  verified S=1.842 L1
 306/1280 bsgs-neg       icv1-fp24-t1059-6df599df Wcd716c25ac09  verified S=1.423 L2
 307/1280 kangaroo       icv1-fp24-t1059-6df599df Wcd716c25ac09  verified S=3.094 L1
 308/1280 ic-mitm        icv1-fp24-t1059-6df599df Wcd716c25ac09  verified S=45.655 L2
 309/1280 ic-subtract    icv1-fp24-t1059-6df599df Wcd716c25ac09  verified S=2900.295 L1
 310/1280 rho-neg-aa     icv1-fp24-t1059-6df599df Wcd716c25ac09  verified S=0.841 L2
 311/1280 rho-neg        icv1-fp24-t1059-6df599df Wdc5881bcf1b5  verified S=0.677 L1
 312/1280 rho-plain      icv1-fp24-t1059-6df599df Wdc5881bcf1b5  verified S=1.248 L1
 313/1280 rho-frozen     icv1-fp24-t1059-6df599df Wdc5881bcf1b5  verified S=3.500 L1
 314/1280 bsgs           icv1-fp24-t1059-6df599df Wdc5881bcf1b5  verified S=1.312 L1
 315/1280 bsgs-il        icv1-fp24-t1059-6df599df Wdc5881bcf1b5  verified S=1.660 L1
 316/1280 bsgs-neg       icv1-fp24-t1059-6df599df Wdc5881bcf1b5  verified S=0.812 L2
 317/1280 kangaroo       icv1-fp24-t1059-6df599df Wdc5881bcf1b5  verified S=1.354 L2
 318/1280 ic-mitm        icv1-fp24-t1059-6df599df Wdc5881bcf1b5  verified S=70.630 L2
 319/1280 ic-subtract    icv1-fp24-t1059-6df599df Wdc5881bcf1b5  verified S=4502.541 L1
 320/1280 rho-neg-aa     icv1-fp24-t1059-6df599df Wdc5881bcf1b5  verified S=0.677 L2
 321/1280 rho-neg-aa     icv1-fp18-tm337-d28d5e09 W28a6ca541d5a  verified S=2.018 L2
 322/1280 ic-subtract    icv1-fp18-tm337-d28d5e09 W28a6ca541d5a  verified S=121.419 L1
 323/1280 ic-mitm        icv1-fp18-tm337-d28d5e09 W28a6ca541d5a  verified S=6.045 L1
 324/1280 kangaroo       icv1-fp18-tm337-d28d5e09 W28a6ca541d5a  verified S=2.797 L1
 325/1280 bsgs-neg       icv1-fp18-tm337-d28d5e09 W28a6ca541d5a  verified S=0.692 L2
 326/1280 bsgs-il        icv1-fp18-tm337-d28d5e09 W28a6ca541d5a  verified S=1.543 L2
 327/1280 bsgs           icv1-fp18-tm337-d28d5e09 W28a6ca541d5a  verified S=1.187 L2
 328/1280 rho-frozen     icv1-fp18-tm337-d28d5e09 W28a6ca541d5a  verified S=2.230 L2
 329/1280 rho-plain      icv1-fp18-tm337-d28d5e09 W28a6ca541d5a  verified S=2.593 L2
 330/1280 rho-neg        icv1-fp18-tm337-d28d5e09 W28a6ca541d5a  verified S=2.018 L2
 331/1280 rho-neg-aa     icv1-fp18-tm337-d28d5e09 W5b230afd20c7  verified S=0.788 L1
 332/1280 ic-subtract    icv1-fp18-tm337-d28d5e09 W5b230afd20c7  verified S=523.238 L2
 333/1280 ic-mitm        icv1-fp18-tm337-d28d5e09 W5b230afd20c7  verified S=13.808 L2
 334/1280 kangaroo       icv1-fp18-tm337-d28d5e09 W5b230afd20c7  verified S=2.389 L2
 335/1280 bsgs-neg       icv1-fp18-tm337-d28d5e09 W5b230afd20c7  verified S=0.816 L1
 336/1280 bsgs-il        icv1-fp18-tm337-d28d5e09 W5b230afd20c7  verified S=0.597 L1
 337/1280 bsgs           icv1-fp18-tm337-d28d5e09 W5b230afd20c7  verified S=1.310 L2
 338/1280 rho-frozen     icv1-fp18-tm337-d28d5e09 W5b230afd20c7  verified S=5.153 L2
 339/1280 rho-plain      icv1-fp18-tm337-d28d5e09 W5b230afd20c7  verified S=3.378 L1
 340/1280 rho-neg        icv1-fp18-tm337-d28d5e09 W5b230afd20c7  verified S=0.788 L2
 341/1280 rho-neg-aa     icv1-fp18-tm337-d28d5e09 W93a161edf681  verified S=1.376 L2
 342/1280 ic-subtract    icv1-fp18-tm337-d28d5e09 W93a161edf681  verified S=291.934 L1
 343/1280 ic-mitm        icv1-fp18-tm337-d28d5e09 W93a161edf681  verified S=9.249 L2
 344/1280 kangaroo       icv1-fp18-tm337-d28d5e09 W93a161edf681  verified S=3.085 L2
 345/1280 bsgs-neg       icv1-fp18-tm337-d28d5e09 W93a161edf681  verified S=1.471 L1
 346/1280 bsgs-il        icv1-fp18-tm337-d28d5e09 W93a161edf681  verified S=1.911 L1
 347/1280 bsgs           icv1-fp18-tm337-d28d5e09 W93a161edf681  verified S=1.968 L2
 348/1280 rho-frozen     icv1-fp18-tm337-d28d5e09 W93a161edf681  verified S=4.758 L2
 349/1280 rho-plain      icv1-fp18-tm337-d28d5e09 W93a161edf681  verified S=3.031 L2
 350/1280 rho-neg        icv1-fp18-tm337-d28d5e09 W93a161edf681  verified S=1.376 L2
 351/1280 rho-neg-aa     icv1-fp18-tm337-d28d5e09 W9b062075ec82  verified S=1.504 L1
 352/1280 ic-subtract    icv1-fp18-tm337-d28d5e09 W9b062075ec82  verified S=403.104 L1
 353/1280 ic-mitm        icv1-fp18-tm337-d28d5e09 W9b062075ec82  verified S=11.996 L2
 354/1280 kangaroo       icv1-fp18-tm337-d28d5e09 W9b062075ec82  verified S=1.061 L2
 355/1280 bsgs-neg       icv1-fp18-tm337-d28d5e09 W9b062075ec82  verified S=1.013 L2
 356/1280 bsgs-il        icv1-fp18-tm337-d28d5e09 W9b062075ec82  verified S=2.003 L2
 357/1280 bsgs           icv1-fp18-tm337-d28d5e09 W9b062075ec82  verified S=1.508 L2
 358/1280 rho-frozen     icv1-fp18-tm337-d28d5e09 W9b062075ec82  verified S=3.050 L1
 359/1280 rho-plain      icv1-fp18-tm337-d28d5e09 W9b062075ec82  verified S=3.042 L2
 360/1280 rho-neg        icv1-fp18-tm337-d28d5e09 W9b062075ec82  verified S=1.504 L1
 361/1280 rho-neg-aa     icv1-fp18-tm337-d28d5e09 We2822c9e7ec0  verified S=1.176 L1
 362/1280 ic-subtract    icv1-fp18-tm337-d28d5e09 We2822c9e7ec0  verified S=327.707 L1
 363/1280 ic-mitm        icv1-fp18-tm337-d28d5e09 We2822c9e7ec0  verified S=9.707 L2
 364/1280 kangaroo       icv1-fp18-tm337-d28d5e09 We2822c9e7ec0  verified S=2.758 L2
 365/1280 bsgs-neg       icv1-fp18-tm337-d28d5e09 We2822c9e7ec0  verified S=0.744 L1
 366/1280 bsgs-il        icv1-fp18-tm337-d28d5e09 We2822c9e7ec0  verified S=1.590 L2
 367/1280 bsgs           icv1-fp18-tm337-d28d5e09 We2822c9e7ec0  verified S=1.239 L2
 368/1280 rho-frozen     icv1-fp18-tm337-d28d5e09 We2822c9e7ec0  verified S=4.068 L2
 369/1280 rho-plain      icv1-fp18-tm337-d28d5e09 We2822c9e7ec0  verified S=1.770 L1
 370/1280 rho-neg        icv1-fp18-tm337-d28d5e09 We2822c9e7ec0  verified S=1.176 L1
 371/1280 rho-neg-aa     icv1-fp18-tm337-d28d5e09 W006c080a3f72  verified S=1.805 L2
 372/1280 ic-subtract    icv1-fp18-tm337-d28d5e09 W006c080a3f72  verified S=204.871 L1
 373/1280 ic-mitm        icv1-fp18-tm337-d28d5e09 W006c080a3f72  verified S=7.921 L2
 374/1280 kangaroo       icv1-fp18-tm337-d28d5e09 W006c080a3f72  verified S=1.979 L2
 375/1280 bsgs-neg       icv1-fp18-tm337-d28d5e09 W006c080a3f72  verified S=1.232 L2
 376/1280 bsgs-il        icv1-fp18-tm337-d28d5e09 W006c080a3f72  verified S=1.434 L1
 377/1280 bsgs           icv1-fp18-tm337-d28d5e09 W006c080a3f72  verified S=1.729 L2
 378/1280 rho-frozen     icv1-fp18-tm337-d28d5e09 W006c080a3f72  verified S=3.001 L1
 379/1280 rho-plain      icv1-fp18-tm337-d28d5e09 W006c080a3f72  verified S=1.942 L1
 380/1280 rho-neg        icv1-fp18-tm337-d28d5e09 W006c080a3f72  verified S=1.805 L2
 381/1280 rho-neg-aa     icv1-fp18-tm337-d28d5e09 W8795a5e04c81  verified S=1.896 L2
 382/1280 ic-subtract    icv1-fp18-tm337-d28d5e09 W8795a5e04c81  verified S=416.714 L1
 383/1280 ic-mitm        icv1-fp18-tm337-d28d5e09 W8795a5e04c81  verified S=12.261 L2
 384/1280 kangaroo       icv1-fp18-tm337-d28d5e09 W8795a5e04c81  verified S=1.805 L2
 385/1280 bsgs-neg       icv1-fp18-tm337-d28d5e09 W8795a5e04c81  verified S=1.330 L2
 386/1280 bsgs-il        icv1-fp18-tm337-d28d5e09 W8795a5e04c81  verified S=1.629 L1
 387/1280 bsgs           icv1-fp18-tm337-d28d5e09 W8795a5e04c81  verified S=1.827 L1
 388/1280 rho-frozen     icv1-fp18-tm337-d28d5e09 W8795a5e04c81  verified S=3.630 L2
 389/1280 rho-plain      icv1-fp18-tm337-d28d5e09 W8795a5e04c81  verified S=1.944 L2
 390/1280 rho-neg        icv1-fp18-tm337-d28d5e09 W8795a5e04c81  verified S=1.896 L1
 391/1280 rho-neg-aa     icv1-fp18-tm337-d28d5e09 W7cd38a178483  verified S=1.373 L1
 392/1280 ic-subtract    icv1-fp18-tm337-d28d5e09 W7cd38a178483  verified S=254.664 L1
 393/1280 ic-mitm        icv1-fp18-tm337-d28d5e09 W7cd38a178483  verified S=8.718 L2
 394/1280 kangaroo       icv1-fp18-tm337-d28d5e09 W7cd38a178483  verified S=2.278 L1
 395/1280 bsgs-neg       icv1-fp18-tm337-d28d5e09 W7cd38a178483  verified S=1.436 L2
 396/1280 bsgs-il        icv1-fp18-tm337-d28d5e09 W7cd38a178483  verified S=1.846 L1
 397/1280 bsgs           icv1-fp18-tm337-d28d5e09 W7cd38a178483  verified S=1.935 L1
 398/1280 rho-frozen     icv1-fp18-tm337-d28d5e09 W7cd38a178483  verified S=5.932 L2
 399/1280 rho-plain      icv1-fp18-tm337-d28d5e09 W7cd38a178483  verified S=1.436 L2
 400/1280 rho-neg        icv1-fp18-tm337-d28d5e09 W7cd38a178483  verified S=1.373 L1
 401/1280 rho-neg-aa     icv1-fp20-t727-cd198a38 W861f5dc133f2  verified S=1.745 L1
 402/1280 ic-subtract    icv1-fp20-t727-cd198a38 W861f5dc133f2  verified S=545.105 L2
 403/1280 ic-mitm        icv1-fp20-t727-cd198a38 W861f5dc133f2  verified S=12.161 L2
 404/1280 kangaroo       icv1-fp20-t727-cd198a38 W861f5dc133f2  verified S=0.621 L2
 405/1280 bsgs-neg       icv1-fp20-t727-cd198a38 W861f5dc133f2  verified S=1.021 L2
 406/1280 bsgs-il        icv1-fp20-t727-cd198a38 W861f5dc133f2  verified S=1.679 L2
 407/1280 bsgs           icv1-fp20-t727-cd198a38 W861f5dc133f2  verified S=1.519 L2
 408/1280 rho-frozen     icv1-fp20-t727-cd198a38 W861f5dc133f2  verified S=2.200 L2
 409/1280 rho-plain      icv1-fp20-t727-cd198a38 W861f5dc133f2  verified S=1.869 L2
 410/1280 rho-neg        icv1-fp20-t727-cd198a38 W861f5dc133f2  verified S=1.745 L2
 411/1280 rho-neg-aa     icv1-fp20-t727-cd198a38 W28b4cfe9ce93  verified S=0.749 L1
 412/1280 ic-subtract    icv1-fp20-t727-cd198a38 W28b4cfe9ce93  verified S=418.198 L2
 413/1280 ic-mitm        icv1-fp20-t727-cd198a38 W28b4cfe9ce93  verified S=10.243 L2
 414/1280 kangaroo       icv1-fp20-t727-cd198a38 W28b4cfe9ce93  verified S=2.376 L2
 415/1280 bsgs-neg       icv1-fp20-t727-cd198a38 W28b4cfe9ce93  verified S=1.233 L2
 416/1280 bsgs-il        icv1-fp20-t727-cd198a38 W28b4cfe9ce93  verified S=1.444 L2
 417/1280 bsgs           icv1-fp20-t727-cd198a38 W28b4cfe9ce93  verified S=1.731 L1
 418/1280 rho-frozen     icv1-fp20-t727-cd198a38 W28b4cfe9ce93  verified S=1.797 L2
 419/1280 rho-plain      icv1-fp20-t727-cd198a38 W28b4cfe9ce93  verified S=2.355 L1
 420/1280 rho-neg        icv1-fp20-t727-cd198a38 W28b4cfe9ce93  verified S=0.749 L1
 421/1280 rho-neg-aa     icv1-fp20-t727-cd198a38 W8f448e9d9ef1  verified S=3.192 L2
 422/1280 ic-subtract    icv1-fp20-t727-cd198a38 W8f448e9d9ef1  verified S=320.043 L1
 423/1280 ic-mitm        icv1-fp20-t727-cd198a38 W8f448e9d9ef1  verified S=8.227 L2
 424/1280 kangaroo       icv1-fp20-t727-cd198a38 W8f448e9d9ef1  verified S=2.748 L1
 425/1280 bsgs-neg       icv1-fp20-t727-cd198a38 W8f448e9d9ef1  verified S=1.488 L2
 426/1280 bsgs-il        icv1-fp20-t727-cd198a38 W8f448e9d9ef1  verified S=1.956 L2
 427/1280 bsgs           icv1-fp20-t727-cd198a38 W8f448e9d9ef1  verified S=1.987 L2
 428/1280 rho-frozen     icv1-fp20-t727-cd198a38 W8f448e9d9ef1  verified S=5.010 L1
 429/1280 rho-plain      icv1-fp20-t727-cd198a38 W8f448e9d9ef1  verified S=1.643 L1
 430/1280 rho-neg        icv1-fp20-t727-cd198a38 W8f448e9d9ef1  verified S=3.192 L2
 431/1280 rho-neg-aa     icv1-fp20-t727-cd198a38 Wac7787be9c96  verified S=2.383 L1
 432/1280 ic-subtract    icv1-fp20-t727-cd198a38 Wac7787be9c96  verified S=587.897 L2
 433/1280 ic-mitm        icv1-fp20-t727-cd198a38 Wac7787be9c96  verified S=12.789 L2
 434/1280 kangaroo       icv1-fp20-t727-cd198a38 Wac7787be9c96  verified S=2.376 L1
 435/1280 bsgs-neg       icv1-fp20-t727-cd198a38 Wac7787be9c96  verified S=1.201 L2
 436/1280 bsgs-il        icv1-fp20-t727-cd198a38 Wac7787be9c96  verified S=1.615 L1
 437/1280 bsgs           icv1-fp20-t727-cd198a38 Wac7787be9c96  verified S=1.699 L2
 438/1280 rho-frozen     icv1-fp20-t727-cd198a38 Wac7787be9c96  verified S=8.485 L2
 439/1280 rho-plain      icv1-fp20-t727-cd198a38 Wac7787be9c96  verified S=1.720 L2
 440/1280 rho-neg        icv1-fp20-t727-cd198a38 Wac7787be9c96  verified S=2.383 L2
 441/1280 rho-neg-aa     icv1-fp20-t727-cd198a38 Wc29d7c6a749a  verified S=1.065 L1
 442/1280 ic-subtract    icv1-fp20-t727-cd198a38 Wc29d7c6a749a  verified S=335.854 L2
 443/1280 ic-mitm        icv1-fp20-t727-cd198a38 Wc29d7c6a749a  verified S=8.767 L2
 444/1280 kangaroo       icv1-fp20-t727-cd198a38 Wc29d7c6a749a  verified S=2.376 L1
 445/1280 bsgs-neg       icv1-fp20-t727-cd198a38 Wc29d7c6a749a  verified S=1.123 L1
 446/1280 bsgs-il        icv1-fp20-t727-cd198a38 Wc29d7c6a749a  verified S=1.876 L1
 447/1280 bsgs           icv1-fp20-t727-cd198a38 Wc29d7c6a749a  verified S=1.620 L1
 448/1280 rho-frozen     icv1-fp20-t727-cd198a38 Wc29d7c6a749a  verified S=2.269 L1
 449/1280 rho-plain      icv1-fp20-t727-cd198a38 Wc29d7c6a749a  verified S=2.161 L2
 450/1280 rho-neg        icv1-fp20-t727-cd198a38 Wc29d7c6a749a  verified S=1.065 L1
 451/1280 rho-neg-aa     icv1-fp20-t727-cd198a38 W0372a5207366  verified S=0.756 L2
 452/1280 ic-subtract    icv1-fp20-t727-cd198a38 W0372a5207366  verified S=645.061 L2
 453/1280 ic-mitm        icv1-fp20-t727-cd198a38 W0372a5207366  verified S=13.757 L2
 454/1280 kangaroo       icv1-fp20-t727-cd198a38 W0372a5207366  verified S=0.785 L2
 455/1280 bsgs-neg       icv1-fp20-t727-cd198a38 W0372a5207366  verified S=0.863 L2
 456/1280 bsgs-il        icv1-fp20-t727-cd198a38 W0372a5207366  verified S=1.641 L1
 457/1280 bsgs           icv1-fp20-t727-cd198a38 W0372a5207366  verified S=1.360 L1
 458/1280 rho-frozen     icv1-fp20-t727-cd198a38 W0372a5207366  verified S=10.810 L2
 459/1280 rho-plain      icv1-fp20-t727-cd198a38 W0372a5207366  verified S=0.827 L2
 460/1280 rho-neg        icv1-fp20-t727-cd198a38 W0372a5207366  verified S=0.756 L1
 461/1280 rho-neg-aa     icv1-fp20-t727-cd198a38 Wb575cd7f0237  verified S=0.957 L2
 462/1280 ic-subtract    icv1-fp20-t727-cd198a38 Wb575cd7f0237  verified S=230.388 L1
 463/1280 ic-mitm        icv1-fp20-t727-cd198a38 Wb575cd7f0237  verified S=6.436 L2
 464/1280 kangaroo       icv1-fp20-t727-cd198a38 Wb575cd7f0237  verified S=2.479 L2
 465/1280 bsgs-neg       icv1-fp20-t727-cd198a38 Wb575cd7f0237  verified S=0.541 L2
 466/1280 bsgs-il        icv1-fp20-t727-cd198a38 Wb575cd7f0237  verified S=1.273 L1
 467/1280 bsgs           icv1-fp20-t727-cd198a38 Wb575cd7f0237  verified S=1.037 L2
 468/1280 rho-frozen     icv1-fp20-t727-cd198a38 Wb575cd7f0237  verified S=2.464 L2
 469/1280 rho-plain      icv1-fp20-t727-cd198a38 Wb575cd7f0237  verified S=2.264 L1
 470/1280 rho-neg        icv1-fp20-t727-cd198a38 Wb575cd7f0237  verified S=0.957 L1
 471/1280 rho-neg-aa     icv1-fp20-t727-cd198a38 Wcd5b54c76641  verified S=1.597 L2
 472/1280 ic-subtract    icv1-fp20-t727-cd198a38 Wcd5b54c76641  verified S=504.571 L2
 473/1280 ic-mitm        icv1-fp20-t727-cd198a38 Wcd5b54c76641  verified S=11.490 L1
 474/1280 kangaroo       icv1-fp20-t727-cd198a38 Wcd5b54c76641  verified S=2.376 L2
 475/1280 bsgs-neg       icv1-fp20-t727-cd198a38 Wcd5b54c76641  verified S=1.327 L2
 476/1280 bsgs-il        icv1-fp20-t727-cd198a38 Wcd5b54c76641  verified S=1.633 L1
 477/1280 bsgs           icv1-fp20-t727-cd198a38 Wcd5b54c76641  verified S=1.825 L2
 478/1280 rho-frozen     icv1-fp20-t727-cd198a38 Wcd5b54c76641  verified S=3.526 L2
 479/1280 rho-plain      icv1-fp20-t727-cd198a38 Wcd5b54c76641  verified S=0.971 L2
 480/1280 rho-neg        icv1-fp20-t727-cd198a38 Wcd5b54c76641  verified S=1.597 L1
 481/1280 rho-neg-aa     icv1-fp22-tm1385-475dcb5f W6a3ed92cf4c7  verified S=0.873 L2
 482/1280 ic-subtract    icv1-fp22-tm1385-475dcb5f W6a3ed92cf4c7  verified S=1222.323 L2
 483/1280 ic-mitm        icv1-fp22-tm1385-475dcb5f W6a3ed92cf4c7  verified S=20.858 L2
 484/1280 kangaroo       icv1-fp22-tm1385-475dcb5f W6a3ed92cf4c7  verified S=3.284 L1
 485/1280 bsgs-neg       icv1-fp22-tm1385-475dcb5f W6a3ed92cf4c7  verified S=0.668 L2
 486/1280 bsgs-il        icv1-fp22-tm1385-475dcb5f W6a3ed92cf4c7  verified S=0.946 L2
 487/1280 bsgs           icv1-fp22-tm1385-475dcb5f W6a3ed92cf4c7  verified S=1.167 L2
 488/1280 rho-frozen     icv1-fp22-tm1385-475dcb5f W6a3ed92cf4c7  verified S=1.949 L1
 489/1280 rho-plain      icv1-fp22-tm1385-475dcb5f W6a3ed92cf4c7  verified S=1.637 L1
 490/1280 rho-neg        icv1-fp22-tm1385-475dcb5f W6a3ed92cf4c7  verified S=0.873 L2
 491/1280 rho-neg-aa     icv1-fp22-tm1385-475dcb5f W2734d8a015b9  verified S=1.453 L2
 492/1280 ic-subtract    icv1-fp22-tm1385-475dcb5f W2734d8a015b9  verified S=857.278 L2
 493/1280 ic-mitm        icv1-fp22-tm1385-475dcb5f W2734d8a015b9  verified S=15.176 L2
 494/1280 kangaroo       icv1-fp22-tm1385-475dcb5f W2734d8a015b9  verified S=0.779 L2
 495/1280 bsgs-neg       icv1-fp22-tm1385-475dcb5f W2734d8a015b9  verified S=1.150 L2
 496/1280 bsgs-il        icv1-fp22-tm1385-475dcb5f W2734d8a015b9  verified S=1.290 L2
 497/1280 bsgs           icv1-fp22-tm1385-475dcb5f W2734d8a015b9  verified S=1.649 L1
 498/1280 rho-frozen     icv1-fp22-tm1385-475dcb5f W2734d8a015b9  verified S=2.781 L1
 499/1280 rho-plain      icv1-fp22-tm1385-475dcb5f W2734d8a015b9  verified S=1.462 L2
 500/1280 rho-neg        icv1-fp22-tm1385-475dcb5f W2734d8a015b9  verified S=1.453 L2
 501/1280 rho-neg-aa     icv1-fp22-tm1385-475dcb5f Wec54f424abb7  verified S=1.726 L1
 502/1280 ic-subtract    icv1-fp22-tm1385-475dcb5f Wec54f424abb7  verified S=886.911 L2
 503/1280 ic-mitm        icv1-fp22-tm1385-475dcb5f Wec54f424abb7  verified S=15.649 L2
 504/1280 kangaroo       icv1-fp22-tm1385-475dcb5f Wec54f424abb7  verified S=3.387 L1
 505/1280 bsgs-neg       icv1-fp22-tm1385-475dcb5f Wec54f424abb7  verified S=1.380 L1
 506/1280 bsgs-il        icv1-fp22-tm1385-475dcb5f Wec54f424abb7  verified S=1.750 L2
 507/1280 bsgs           icv1-fp22-tm1385-475dcb5f Wec54f424abb7  verified S=1.879 L2
 508/1280 rho-frozen     icv1-fp22-tm1385-475dcb5f Wec54f424abb7  verified S=2.438 L2
 509/1280 rho-plain      icv1-fp22-tm1385-475dcb5f Wec54f424abb7  verified S=1.358 L2
 510/1280 rho-neg        icv1-fp22-tm1385-475dcb5f Wec54f424abb7  verified S=1.726 L1
 511/1280 rho-neg-aa     icv1-fp22-tm1385-475dcb5f W0244066ca1c9  verified S=1.735 L1
 512/1280 ic-subtract    icv1-fp22-tm1385-475dcb5f W0244066ca1c9  verified S=978.513 L2
 513/1280 ic-mitm        icv1-fp22-tm1385-475dcb5f W0244066ca1c9  verified S=17.028 L1
 514/1280 kangaroo       icv1-fp22-tm1385-475dcb5f W0244066ca1c9  verified S=1.413 L2
 515/1280 bsgs-neg       icv1-fp22-tm1385-475dcb5f W0244066ca1c9  verified S=1.112 L1
 516/1280 bsgs-il        icv1-fp22-tm1385-475dcb5f W0244066ca1c9  verified S=1.592 L2
 517/1280 bsgs           icv1-fp22-tm1385-475dcb5f W0244066ca1c9  verified S=1.611 L2
 518/1280 rho-frozen     icv1-fp22-tm1385-475dcb5f W0244066ca1c9  verified S=2.482 L2
 519/1280 rho-plain      icv1-fp22-tm1385-475dcb5f W0244066ca1c9  verified S=1.893 L2
 520/1280 rho-neg        icv1-fp22-tm1385-475dcb5f W0244066ca1c9  verified S=1.735 L1
 521/1280 rho-neg-aa     icv1-fp22-tm1385-475dcb5f W6f3b6b57793c  verified S=1.544 L2
 522/1280 ic-subtract    icv1-fp22-tm1385-475dcb5f W6f3b6b57793c  verified S=951.482 L2
 523/1280 ic-mitm        icv1-fp22-tm1385-475dcb5f W6f3b6b57793c  verified S=16.652 L2
 524/1280 kangaroo       icv1-fp22-tm1385-475dcb5f W6f3b6b57793c  verified S=3.387 L1
 525/1280 bsgs-neg       icv1-fp22-tm1385-475dcb5f W6f3b6b57793c  verified S=0.632 L2
 526/1280 bsgs-il        icv1-fp22-tm1385-475dcb5f W6f3b6b57793c  verified S=0.710 L2
 527/1280 bsgs           icv1-fp22-tm1385-475dcb5f W6f3b6b57793c  verified S=1.130 L2
 528/1280 rho-frozen     icv1-fp22-tm1385-475dcb5f W6f3b6b57793c  verified S=2.073 L1
 529/1280 rho-plain      icv1-fp22-tm1385-475dcb5f W6f3b6b57793c  verified S=1.065 L1
 530/1280 rho-neg        icv1-fp22-tm1385-475dcb5f W6f3b6b57793c  verified S=1.544 L1
 531/1280 rho-neg-aa     icv1-fp22-tm1385-475dcb5f W7ef06b772aae  verified S=1.418 L1
 532/1280 ic-subtract    icv1-fp22-tm1385-475dcb5f W7ef06b772aae  verified S=887.465 L2
 533/1280 ic-mitm        icv1-fp22-tm1385-475dcb5f W7ef06b772aae  verified S=15.653 L2
 534/1280 kangaroo       icv1-fp22-tm1385-475dcb5f W7ef06b772aae  verified S=1.413 L2
 535/1280 bsgs-neg       icv1-fp22-tm1385-475dcb5f W7ef06b772aae  verified S=1.202 L2
 536/1280 bsgs-il        icv1-fp22-tm1385-475dcb5f W7ef06b772aae  verified S=1.394 L2
 537/1280 bsgs           icv1-fp22-tm1385-475dcb5f W7ef06b772aae  verified S=1.701 L1
 538/1280 rho-frozen     icv1-fp22-tm1385-475dcb5f W7ef06b772aae  verified S=1.652 L2
 539/1280 rho-plain      icv1-fp22-tm1385-475dcb5f W7ef06b772aae  verified S=1.886 L1
 540/1280 rho-neg        icv1-fp22-tm1385-475dcb5f W7ef06b772aae  verified S=1.418 L2
 541/1280 rho-neg-aa     icv1-fp22-tm1385-475dcb5f W6fca37f7cc9a  verified S=1.923 L2
 542/1280 ic-subtract    icv1-fp22-tm1385-475dcb5f W6fca37f7cc9a  verified S=1278.474 L1
 543/1280 ic-mitm        icv1-fp22-tm1385-475dcb5f W6fca37f7cc9a  verified S=21.703 L2
 544/1280 kangaroo       icv1-fp22-tm1385-475dcb5f W6fca37f7cc9a  verified S=1.000 L2
 545/1280 bsgs-neg       icv1-fp22-tm1385-475dcb5f W6fca37f7cc9a  verified S=0.857 L1
 546/1280 bsgs-il        icv1-fp22-tm1385-475dcb5f W6fca37f7cc9a  verified S=0.704 L2
 547/1280 bsgs           icv1-fp22-tm1385-475dcb5f W6fca37f7cc9a  verified S=1.356 L1
 548/1280 rho-frozen     icv1-fp22-tm1385-475dcb5f W6fca37f7cc9a  verified S=2.582 L2
 549/1280 rho-plain      icv1-fp22-tm1385-475dcb5f W6fca37f7cc9a  verified S=3.158 L2
 550/1280 rho-neg        icv1-fp22-tm1385-475dcb5f W6fca37f7cc9a  verified S=1.923 L1
 551/1280 rho-neg-aa     icv1-fp22-tm1385-475dcb5f W5ea10cc72dc0  verified S=0.942 L2
 552/1280 ic-subtract    icv1-fp22-tm1385-475dcb5f W5ea10cc72dc0  verified S=768.315 L2
 553/1280 ic-mitm        icv1-fp22-tm1385-475dcb5f W5ea10cc72dc0  verified S=13.794 L2
 554/1280 kangaroo       icv1-fp22-tm1385-475dcb5f W5ea10cc72dc0  verified S=3.011 L1
 555/1280 bsgs-neg       icv1-fp22-tm1385-475dcb5f W5ea10cc72dc0  verified S=0.532 L2
 556/1280 bsgs-il        icv1-fp22-tm1385-475dcb5f W5ea10cc72dc0  verified S=0.939 L2
 557/1280 bsgs           icv1-fp22-tm1385-475dcb5f W5ea10cc72dc0  verified S=1.031 L2
 558/1280 rho-frozen     icv1-fp22-tm1385-475dcb5f W5ea10cc72dc0  verified S=1.746 L1
 559/1280 rho-plain      icv1-fp22-tm1385-475dcb5f W5ea10cc72dc0  verified S=1.901 L2
 560/1280 rho-neg        icv1-fp22-tm1385-475dcb5f W5ea10cc72dc0  verified S=0.942 L1
 561/1280 rho-neg-aa     icv1-fp24-t1059-6df599df Wf87386dd8131  verified S=0.494 L1
 562/1280 ic-subtract    icv1-fp24-t1059-6df599df Wf87386dd8131  verified S=3604.826 L1
 563/1280 ic-mitm        icv1-fp24-t1059-6df599df Wf87386dd8131  verified S=56.627 L1
 564/1280 kangaroo       icv1-fp24-t1059-6df599df Wf87386dd8131  verified S=2.520 L2
 565/1280 bsgs-neg       icv1-fp24-t1059-6df599df Wf87386dd8131  verified S=1.306 L1
 566/1280 bsgs-il        icv1-fp24-t1059-6df599df Wf87386dd8131  verified S=1.608 L2
 567/1280 bsgs           icv1-fp24-t1059-6df599df Wf87386dd8131  verified S=1.806 L1
 568/1280 rho-frozen     icv1-fp24-t1059-6df599df Wf87386dd8131  verified S=6.071 L1
 569/1280 rho-plain      icv1-fp24-t1059-6df599df Wf87386dd8131  verified S=1.666 L1
 570/1280 rho-neg        icv1-fp24-t1059-6df599df Wf87386dd8131  verified S=0.494 L1
 571/1280 rho-neg-aa     icv1-fp24-t1059-6df599df W74e97e4a2870  verified S=1.622 L2
 572/1280 ic-subtract    icv1-fp24-t1059-6df599df W74e97e4a2870  verified S=2473.069 L1
 573/1280 ic-mitm        icv1-fp24-t1059-6df599df W74e97e4a2870  verified S=39.040 L2
 574/1280 kangaroo       icv1-fp24-t1059-6df599df W74e97e4a2870  verified S=2.973 L2
 575/1280 bsgs-neg       icv1-fp24-t1059-6df599df W74e97e4a2870  verified S=0.574 L1
 576/1280 bsgs-il        icv1-fp24-t1059-6df599df W74e97e4a2870  verified S=0.449 L1
 577/1280 bsgs           icv1-fp24-t1059-6df599df W74e97e4a2870  verified S=1.074 L1
 578/1280 rho-frozen     icv1-fp24-t1059-6df599df W74e97e4a2870  verified S=2.033 L2
 579/1280 rho-plain      icv1-fp24-t1059-6df599df W74e97e4a2870  verified S=0.509 L1
 580/1280 rho-neg        icv1-fp24-t1059-6df599df W74e97e4a2870  verified S=1.622 L1
 581/1280 rho-neg-aa     icv1-fp24-t1059-6df599df Wb08608805f9d  verified S=2.129 L2
 582/1280 ic-subtract    icv1-fp24-t1059-6df599df Wb08608805f9d  verified S=2335.047 L2
 583/1280 ic-mitm        icv1-fp24-t1059-6df599df Wb08608805f9d  verified S=36.877 L2
 584/1280 kangaroo       icv1-fp24-t1059-6df599df Wb08608805f9d  verified S=2.734 L2
 585/1280 bsgs-neg       icv1-fp24-t1059-6df599df Wb08608805f9d  verified S=0.608 L2
 586/1280 bsgs-il        icv1-fp24-t1059-6df599df Wb08608805f9d  verified S=1.766 L1
 587/1280 bsgs           icv1-fp24-t1059-6df599df Wb08608805f9d  verified S=1.107 L2
 588/1280 rho-frozen     icv1-fp24-t1059-6df599df Wb08608805f9d  verified S=2.410 L1
 589/1280 rho-plain      icv1-fp24-t1059-6df599df Wb08608805f9d  verified S=1.590 L2
 590/1280 rho-neg        icv1-fp24-t1059-6df599df Wb08608805f9d  verified S=2.129 L1
 591/1280 rho-neg-aa     icv1-fp24-t1059-6df599df W40205a8c768f  verified S=0.715 L2
 592/1280 ic-subtract    icv1-fp24-t1059-6df599df W40205a8c768f  verified S=2598.963 L1
 593/1280 ic-mitm        icv1-fp24-t1059-6df599df W40205a8c768f  verified S=40.971 L2
 594/1280 kangaroo       icv1-fp24-t1059-6df599df W40205a8c768f  verified S=1.693 L2
 595/1280 bsgs-neg       icv1-fp24-t1059-6df599df W40205a8c768f  verified S=0.761 L2
 596/1280 bsgs-il        icv1-fp24-t1059-6df599df W40205a8c768f  verified S=0.517 L1
 597/1280 bsgs           icv1-fp24-t1059-6df599df W40205a8c768f  verified S=1.260 L1
 598/1280 rho-frozen     icv1-fp24-t1059-6df599df W40205a8c768f  verified S=2.628 L2
 599/1280 rho-plain      icv1-fp24-t1059-6df599df W40205a8c768f  verified S=0.937 L2
 600/1280 rho-neg        icv1-fp24-t1059-6df599df W40205a8c768f  verified S=0.715 L1
 601/1280 rho-neg-aa     icv1-fp24-t1059-6df599df Wc438af43fd3e  verified S=1.860 L1
 602/1280 ic-subtract    icv1-fp24-t1059-6df599df Wc438af43fd3e  verified S=2175.237 L1
 603/1280 ic-mitm        icv1-fp24-t1059-6df599df Wc438af43fd3e  verified S=34.410 L2
 604/1280 kangaroo       icv1-fp24-t1059-6df599df Wc438af43fd3e  verified S=1.487 L2
 605/1280 bsgs-neg       icv1-fp24-t1059-6df599df Wc438af43fd3e  verified S=0.788 L2
 606/1280 bsgs-il        icv1-fp24-t1059-6df599df Wc438af43fd3e  verified S=0.572 L1
 607/1280 bsgs           icv1-fp24-t1059-6df599df Wc438af43fd3e  verified S=1.288 L1
 608/1280 rho-frozen     icv1-fp24-t1059-6df599df Wc438af43fd3e  verified S=2.452 L1
 609/1280 rho-plain      icv1-fp24-t1059-6df599df Wc438af43fd3e  verified S=1.582 L1
 610/1280 rho-neg        icv1-fp24-t1059-6df599df Wc438af43fd3e  verified S=1.860 L2
 611/1280 rho-neg-aa     icv1-fp24-t1059-6df599df W4787ab6088f0  verified S=1.471 L1
 612/1280 ic-subtract    icv1-fp24-t1059-6df599df W4787ab6088f0  verified S=4376.786 L1
 613/1280 ic-mitm        icv1-fp24-t1059-6df599df W4787ab6088f0  verified S=68.684 L1
 614/1280 kangaroo       icv1-fp24-t1059-6df599df W4787ab6088f0  verified S=3.836 L2
 615/1280 bsgs-neg       icv1-fp24-t1059-6df599df W4787ab6088f0  verified S=1.379 L2
 616/1280 bsgs-il        icv1-fp24-t1059-6df599df W4787ab6088f0  verified S=1.754 L2
 617/1280 bsgs           icv1-fp24-t1059-6df599df W4787ab6088f0  verified S=1.879 L2
 618/1280 rho-frozen     icv1-fp24-t1059-6df599df W4787ab6088f0  verified S=3.449 L2
 619/1280 rho-plain      icv1-fp24-t1059-6df599df W4787ab6088f0  verified S=0.917 L2
 620/1280 rho-neg        icv1-fp24-t1059-6df599df W4787ab6088f0  verified S=1.471 L1
 621/1280 rho-neg-aa     icv1-fp24-t1059-6df599df Wcd716c25ac09  verified S=1.453 L1
 622/1280 ic-subtract    icv1-fp24-t1059-6df599df Wcd716c25ac09  verified S=2749.679 L1
 623/1280 ic-mitm        icv1-fp24-t1059-6df599df Wcd716c25ac09  verified S=43.332 L2
 624/1280 kangaroo       icv1-fp24-t1059-6df599df Wcd716c25ac09  verified S=3.094 L2
 625/1280 bsgs-neg       icv1-fp24-t1059-6df599df Wcd716c25ac09  verified S=1.423 L2
 626/1280 bsgs-il        icv1-fp24-t1059-6df599df Wcd716c25ac09  verified S=1.842 L1
 627/1280 bsgs           icv1-fp24-t1059-6df599df Wcd716c25ac09  verified S=1.923 L2
 628/1280 rho-frozen     icv1-fp24-t1059-6df599df Wcd716c25ac09  verified S=1.141 L2
 629/1280 rho-plain      icv1-fp24-t1059-6df599df Wcd716c25ac09  verified S=1.989 L2
 630/1280 rho-neg        icv1-fp24-t1059-6df599df Wcd716c25ac09  verified S=1.453 L1
 631/1280 rho-neg-aa     icv1-fp24-t1059-6df599df Wdc5881bcf1b5  verified S=1.050 L1
 632/1280 ic-subtract    icv1-fp24-t1059-6df599df Wdc5881bcf1b5  verified S=2857.278 L1
 633/1280 ic-mitm        icv1-fp24-t1059-6df599df Wdc5881bcf1b5  verified S=44.984 L2
 634/1280 kangaroo       icv1-fp24-t1059-6df599df Wdc5881bcf1b5  verified S=1.354 L2
 635/1280 bsgs-neg       icv1-fp24-t1059-6df599df Wdc5881bcf1b5  verified S=0.812 L1
 636/1280 bsgs-il        icv1-fp24-t1059-6df599df Wdc5881bcf1b5  verified S=1.660 L1
 637/1280 bsgs           icv1-fp24-t1059-6df599df Wdc5881bcf1b5  verified S=1.312 L1
 638/1280 rho-frozen     icv1-fp24-t1059-6df599df Wdc5881bcf1b5  verified S=1.369 L1
 639/1280 rho-plain      icv1-fp24-t1059-6df599df Wdc5881bcf1b5  verified S=1.379 L2
 640/1280 rho-neg        icv1-fp24-t1059-6df599df Wdc5881bcf1b5  verified S=1.050 L1
 641/1280 rho-neg        icv1-fp18-tm337-d28d5e09 W28a6ca541d5a  verified S=0.892 L2
 642/1280 rho-plain      icv1-fp18-tm337-d28d5e09 W28a6ca541d5a  verified S=0.939 L2
 643/1280 rho-frozen     icv1-fp18-tm337-d28d5e09 W28a6ca541d5a  verified S=4.994 L2
 644/1280 bsgs           icv1-fp18-tm337-d28d5e09 W28a6ca541d5a  verified S=1.187 L1
 645/1280 bsgs-il        icv1-fp18-tm337-d28d5e09 W28a6ca541d5a  verified S=1.543 L1
 646/1280 bsgs-neg       icv1-fp18-tm337-d28d5e09 W28a6ca541d5a  verified S=0.692 L2
 647/1280 kangaroo       icv1-fp18-tm337-d28d5e09 W28a6ca541d5a  verified S=2.797 L2
 648/1280 ic-mitm        icv1-fp18-tm337-d28d5e09 W28a6ca541d5a  verified S=8.750 L2
 649/1280 ic-subtract    icv1-fp18-tm337-d28d5e09 W28a6ca541d5a  verified S=254.274 L1
 650/1280 rho-neg-aa     icv1-fp18-tm337-d28d5e09 W28a6ca541d5a  verified S=0.892 L2
 651/1280 rho-neg        icv1-fp18-tm337-d28d5e09 W5b230afd20c7  verified S=1.367 L2
 652/1280 rho-plain      icv1-fp18-tm337-d28d5e09 W5b230afd20c7  verified S=1.755 L1
 653/1280 rho-frozen     icv1-fp18-tm337-d28d5e09 W5b230afd20c7  verified S=3.925 L2
 654/1280 bsgs           icv1-fp18-tm337-d28d5e09 W5b230afd20c7  verified S=1.310 L2
 655/1280 bsgs-il        icv1-fp18-tm337-d28d5e09 W5b230afd20c7  verified S=0.597 L1
 656/1280 bsgs-neg       icv1-fp18-tm337-d28d5e09 W5b230afd20c7  verified S=0.816 L2
 657/1280 kangaroo       icv1-fp18-tm337-d28d5e09 W5b230afd20c7  verified S=2.389 L1
 658/1280 ic-mitm        icv1-fp18-tm337-d28d5e09 W5b230afd20c7  verified S=11.781 L2
 659/1280 ic-subtract    icv1-fp18-tm337-d28d5e09 W5b230afd20c7  verified S=381.327 L1
 660/1280 rho-neg-aa     icv1-fp18-tm337-d28d5e09 W5b230afd20c7  verified S=1.367 L2
 661/1280 rho-neg        icv1-fp18-tm337-d28d5e09 W93a161edf681  verified S=0.974 L2
 662/1280 rho-plain      icv1-fp18-tm337-d28d5e09 W93a161edf681  verified S=1.977 L1
 663/1280 rho-frozen     icv1-fp18-tm337-d28d5e09 W93a161edf681  verified S=12.566 L1
 664/1280 bsgs           icv1-fp18-tm337-d28d5e09 W93a161edf681  verified S=1.968 L2
 665/1280 bsgs-il        icv1-fp18-tm337-d28d5e09 W93a161edf681  verified S=1.911 L2
 666/1280 bsgs-neg       icv1-fp18-tm337-d28d5e09 W93a161edf681  verified S=1.471 L1
 667/1280 kangaroo       icv1-fp18-tm337-d28d5e09 W93a161edf681  verified S=3.085 L1
 668/1280 ic-mitm        icv1-fp18-tm337-d28d5e09 W93a161edf681  verified S=10.386 L1
 669/1280 ic-subtract    icv1-fp18-tm337-d28d5e09 W93a161edf681  verified S=322.530 L1
 670/1280 rho-neg-aa     icv1-fp18-tm337-d28d5e09 W93a161edf681  verified S=0.974 L2
 671/1280 rho-neg        icv1-fp18-tm337-d28d5e09 W9b062075ec82  verified S=1.558 L2
 672/1280 rho-plain      icv1-fp18-tm337-d28d5e09 W9b062075ec82  verified S=1.831 L2
 673/1280 rho-frozen     icv1-fp18-tm337-d28d5e09 W9b062075ec82  verified S=4.541 L2
 674/1280 bsgs           icv1-fp18-tm337-d28d5e09 W9b062075ec82  verified S=1.508 L1
 675/1280 bsgs-il        icv1-fp18-tm337-d28d5e09 W9b062075ec82  verified S=2.003 L2
 676/1280 bsgs-neg       icv1-fp18-tm337-d28d5e09 W9b062075ec82  verified S=1.013 L1
 677/1280 kangaroo       icv1-fp18-tm337-d28d5e09 W9b062075ec82  verified S=1.061 L1
 678/1280 ic-mitm        icv1-fp18-tm337-d28d5e09 W9b062075ec82  verified S=8.984 L2
 679/1280 ic-subtract    icv1-fp18-tm337-d28d5e09 W9b062075ec82  verified S=252.000 L1
 680/1280 rho-neg-aa     icv1-fp18-tm337-d28d5e09 W9b062075ec82  verified S=1.558 L2
 681/1280 rho-neg        icv1-fp18-tm337-d28d5e09 We2822c9e7ec0  verified S=1.009 L2
 682/1280 rho-plain      icv1-fp18-tm337-d28d5e09 We2822c9e7ec0  verified S=2.267 L2
 683/1280 rho-frozen     icv1-fp18-tm337-d28d5e09 We2822c9e7ec0  verified S=3.630 L2
 684/1280 bsgs           icv1-fp18-tm337-d28d5e09 We2822c9e7ec0  verified S=1.239 L1
 685/1280 bsgs-il        icv1-fp18-tm337-d28d5e09 We2822c9e7ec0  verified S=1.590 L1
 686/1280 bsgs-neg       icv1-fp18-tm337-d28d5e09 We2822c9e7ec0  verified S=0.744 L2
 687/1280 kangaroo       icv1-fp18-tm337-d28d5e09 We2822c9e7ec0  verified S=2.758 L1
 688/1280 ic-mitm        icv1-fp18-tm337-d28d5e09 We2822c9e7ec0  verified S=8.692 L2
 689/1280 ic-subtract    icv1-fp18-tm337-d28d5e09 We2822c9e7ec0  verified S=253.640 L1
 690/1280 rho-neg-aa     icv1-fp18-tm337-d28d5e09 We2822c9e7ec0  verified S=1.009 L2
 691/1280 rho-neg        icv1-fp18-tm337-d28d5e09 W006c080a3f72  verified S=0.939 L2
 692/1280 rho-plain      icv1-fp18-tm337-d28d5e09 W006c080a3f72  verified S=4.153 L2
 693/1280 rho-frozen     icv1-fp18-tm337-d28d5e09 W006c080a3f72  verified S=3.543 L2
 694/1280 bsgs           icv1-fp18-tm337-d28d5e09 W006c080a3f72  verified S=1.729 L2
 695/1280 bsgs-il        icv1-fp18-tm337-d28d5e09 W006c080a3f72  verified S=1.434 L2
 696/1280 bsgs-neg       icv1-fp18-tm337-d28d5e09 W006c080a3f72  verified S=1.232 L1
 697/1280 kangaroo       icv1-fp18-tm337-d28d5e09 W006c080a3f72  verified S=1.979 L1
 698/1280 ic-mitm        icv1-fp18-tm337-d28d5e09 W006c080a3f72  verified S=11.809 L1
 699/1280 ic-subtract    icv1-fp18-tm337-d28d5e09 W006c080a3f72  verified S=397.497 L2
 700/1280 rho-neg-aa     icv1-fp18-tm337-d28d5e09 W006c080a3f72  verified S=0.939 L2
 701/1280 rho-neg        icv1-fp18-tm337-d28d5e09 W8795a5e04c81  verified S=1.386 L2
 702/1280 rho-plain      icv1-fp18-tm337-d28d5e09 W8795a5e04c81  verified S=1.699 L2
 703/1280 rho-frozen     icv1-fp18-tm337-d28d5e09 W8795a5e04c81  verified S=3.771 L2
 704/1280 bsgs           icv1-fp18-tm337-d28d5e09 W8795a5e04c81  verified S=1.827 L2
 705/1280 bsgs-il        icv1-fp18-tm337-d28d5e09 W8795a5e04c81  verified S=1.629 L1
 706/1280 bsgs-neg       icv1-fp18-tm337-d28d5e09 W8795a5e04c81  verified S=1.330 L1
 707/1280 kangaroo       icv1-fp18-tm337-d28d5e09 W8795a5e04c81  verified S=1.805 L2
 708/1280 ic-mitm        icv1-fp18-tm337-d28d5e09 W8795a5e04c81  verified S=8.783 L1
 709/1280 ic-subtract    icv1-fp18-tm337-d28d5e09 W8795a5e04c81  verified S=245.014 L1
 710/1280 rho-neg-aa     icv1-fp18-tm337-d28d5e09 W8795a5e04c81  verified S=1.386 L2
 711/1280 rho-neg        icv1-fp18-tm337-d28d5e09 W7cd38a178483  verified S=0.722 L2
 712/1280 rho-plain      icv1-fp18-tm337-d28d5e09 W7cd38a178483  verified S=1.530 L2
 713/1280 rho-frozen     icv1-fp18-tm337-d28d5e09 W7cd38a178483  verified S=13.191 L1
 714/1280 bsgs           icv1-fp18-tm337-d28d5e09 W7cd38a178483  verified S=1.935 L1
 715/1280 bsgs-il        icv1-fp18-tm337-d28d5e09 W7cd38a178483  verified S=1.846 L2
 716/1280 bsgs-neg       icv1-fp18-tm337-d28d5e09 W7cd38a178483  verified S=1.436 L2
 717/1280 kangaroo       icv1-fp18-tm337-d28d5e09 W7cd38a178483  verified S=2.278 L2
 718/1280 ic-mitm        icv1-fp18-tm337-d28d5e09 W7cd38a178483  verified S=9.392 L1
 719/1280 ic-subtract    icv1-fp18-tm337-d28d5e09 W7cd38a178483  verified S=259.045 L1
 720/1280 rho-neg-aa     icv1-fp18-tm337-d28d5e09 W7cd38a178483  verified S=0.722 L2
 721/1280 rho-neg        icv1-fp20-t727-cd198a38 W861f5dc133f2  verified S=1.627 L2
 722/1280 rho-plain      icv1-fp20-t727-cd198a38 W861f5dc133f2  verified S=1.088 L2
 723/1280 rho-frozen     icv1-fp20-t727-cd198a38 W861f5dc133f2  verified S=2.872 L2
 724/1280 bsgs           icv1-fp20-t727-cd198a38 W861f5dc133f2  verified S=1.519 L2
 725/1280 bsgs-il        icv1-fp20-t727-cd198a38 W861f5dc133f2  verified S=1.679 L1
 726/1280 bsgs-neg       icv1-fp20-t727-cd198a38 W861f5dc133f2  verified S=1.021 L2
 727/1280 kangaroo       icv1-fp20-t727-cd198a38 W861f5dc133f2  verified S=0.621 L1
 728/1280 ic-mitm        icv1-fp20-t727-cd198a38 W861f5dc133f2  verified S=9.149 L1
 729/1280 ic-subtract    icv1-fp20-t727-cd198a38 W861f5dc133f2  verified S=376.588 L2
 730/1280 rho-neg-aa     icv1-fp20-t727-cd198a38 W861f5dc133f2  verified S=1.627 L2
 731/1280 rho-neg        icv1-fp20-t727-cd198a38 W28b4cfe9ce93  verified S=1.171 L2
 732/1280 rho-plain      icv1-fp20-t727-cd198a38 W28b4cfe9ce93  verified S=1.597 L2
 733/1280 rho-frozen     icv1-fp20-t727-cd198a38 W28b4cfe9ce93  verified S=3.034 L1
 734/1280 bsgs           icv1-fp20-t727-cd198a38 W28b4cfe9ce93  verified S=1.731 L1
 735/1280 bsgs-il        icv1-fp20-t727-cd198a38 W28b4cfe9ce93  verified S=1.444 L2
 736/1280 bsgs-neg       icv1-fp20-t727-cd198a38 W28b4cfe9ce93  verified S=1.233 L2
 737/1280 kangaroo       icv1-fp20-t727-cd198a38 W28b4cfe9ce93  verified S=2.376 L1
 738/1280 ic-mitm        icv1-fp20-t727-cd198a38 W28b4cfe9ce93  verified S=12.363 L1
 739/1280 ic-subtract    icv1-fp20-t727-cd198a38 W28b4cfe9ce93  verified S=558.252 L2
 740/1280 rho-neg-aa     icv1-fp20-t727-cd198a38 W28b4cfe9ce93  verified S=1.171 L2
 741/1280 rho-neg        icv1-fp20-t727-cd198a38 W8f448e9d9ef1  verified S=1.351 L2
 742/1280 rho-plain      icv1-fp20-t727-cd198a38 W8f448e9d9ef1  verified S=2.077 L2
 743/1280 rho-frozen     icv1-fp20-t727-cd198a38 W8f448e9d9ef1  verified S=6.792 L2
 744/1280 bsgs           icv1-fp20-t727-cd198a38 W8f448e9d9ef1  verified S=1.987 L1
 745/1280 bsgs-il        icv1-fp20-t727-cd198a38 W8f448e9d9ef1  verified S=1.956 L2
 746/1280 bsgs-neg       icv1-fp20-t727-cd198a38 W8f448e9d9ef1  verified S=1.488 L2
 747/1280 kangaroo       icv1-fp20-t727-cd198a38 W8f448e9d9ef1  verified S=2.748 L2
 748/1280 ic-mitm        icv1-fp20-t727-cd198a38 W8f448e9d9ef1  verified S=6.478 L1
 749/1280 ic-subtract    icv1-fp20-t727-cd198a38 W8f448e9d9ef1  verified S=224.153 L2
 750/1280 rho-neg-aa     icv1-fp20-t727-cd198a38 W8f448e9d9ef1  verified S=1.351 L2
 751/1280 rho-neg        icv1-fp20-t727-cd198a38 Wac7787be9c96  verified S=0.492 L2
 752/1280 rho-plain      icv1-fp20-t727-cd198a38 Wac7787be9c96  verified S=1.781 L1
 753/1280 rho-frozen     icv1-fp20-t727-cd198a38 Wac7787be9c96  verified S=3.667 L1
 754/1280 bsgs           icv1-fp20-t727-cd198a38 Wac7787be9c96  verified S=1.699 L1
 755/1280 bsgs-il        icv1-fp20-t727-cd198a38 Wac7787be9c96  verified S=1.615 L2
 756/1280 bsgs-neg       icv1-fp20-t727-cd198a38 Wac7787be9c96  verified S=1.201 L2
 757/1280 kangaroo       icv1-fp20-t727-cd198a38 Wac7787be9c96  verified S=2.376 L1
 758/1280 ic-mitm        icv1-fp20-t727-cd198a38 Wac7787be9c96  verified S=12.815 L1
 759/1280 ic-subtract    icv1-fp20-t727-cd198a38 Wac7787be9c96  verified S=586.977 L2
 760/1280 rho-neg-aa     icv1-fp20-t727-cd198a38 Wac7787be9c96  verified S=0.492 L2
 761/1280 rho-neg        icv1-fp20-t727-cd198a38 Wc29d7c6a749a  verified S=1.569 L2
 762/1280 rho-plain      icv1-fp20-t727-cd198a38 Wc29d7c6a749a  verified S=2.559 L2
 763/1280 rho-frozen     icv1-fp20-t727-cd198a38 Wc29d7c6a749a  verified S=1.547 L1
 764/1280 bsgs           icv1-fp20-t727-cd198a38 Wc29d7c6a749a  verified S=1.620 L2
 765/1280 bsgs-il        icv1-fp20-t727-cd198a38 Wc29d7c6a749a  verified S=1.876 L1
 766/1280 bsgs-neg       icv1-fp20-t727-cd198a38 Wc29d7c6a749a  verified S=1.123 L2
 767/1280 kangaroo       icv1-fp20-t727-cd198a38 Wc29d7c6a749a  verified S=2.376 L2
 768/1280 ic-mitm        icv1-fp20-t727-cd198a38 Wc29d7c6a749a  verified S=14.384 L1
 769/1280 ic-subtract    icv1-fp20-t727-cd198a38 Wc29d7c6a749a  verified S=685.238 L2
 770/1280 rho-neg-aa     icv1-fp20-t727-cd198a38 Wc29d7c6a749a  verified S=1.569 L1
 771/1280 rho-neg        icv1-fp20-t727-cd198a38 W0372a5207366  verified S=0.665 L1
 772/1280 rho-plain      icv1-fp20-t727-cd198a38 W0372a5207366  verified S=0.729 L1
 773/1280 rho-frozen     icv1-fp20-t727-cd198a38 W0372a5207366  verified S=3.146 L2
 774/1280 bsgs           icv1-fp20-t727-cd198a38 W0372a5207366  verified S=1.360 L1
 775/1280 bsgs-il        icv1-fp20-t727-cd198a38 W0372a5207366  verified S=1.641 L2
 776/1280 bsgs-neg       icv1-fp20-t727-cd198a38 W0372a5207366  verified S=0.863 L2
 777/1280 kangaroo       icv1-fp20-t727-cd198a38 W0372a5207366  verified S=0.785 L1
 778/1280 ic-mitm        icv1-fp20-t727-cd198a38 W0372a5207366  verified S=7.379 L2
 779/1280 ic-subtract    icv1-fp20-t727-cd198a38 W0372a5207366  verified S=256.107 L1
 780/1280 rho-neg-aa     icv1-fp20-t727-cd198a38 W0372a5207366  verified S=0.665 L2
 781/1280 rho-neg        icv1-fp20-t727-cd198a38 Wb575cd7f0237  verified S=0.688 L2
 782/1280 rho-plain      icv1-fp20-t727-cd198a38 Wb575cd7f0237  verified S=1.589 L2
 783/1280 rho-frozen     icv1-fp20-t727-cd198a38 Wb575cd7f0237  verified S=1.841 L2
 784/1280 bsgs           icv1-fp20-t727-cd198a38 Wb575cd7f0237  verified S=1.037 L1
 785/1280 bsgs-il        icv1-fp20-t727-cd198a38 Wb575cd7f0237  verified S=1.273 L1
 786/1280 bsgs-neg       icv1-fp20-t727-cd198a38 Wb575cd7f0237  verified S=0.541 L2
 787/1280 kangaroo       icv1-fp20-t727-cd198a38 Wb575cd7f0237  verified S=2.479 L1
 788/1280 ic-mitm        icv1-fp20-t727-cd198a38 Wb575cd7f0237  verified S=10.055 L2
 789/1280 ic-subtract    icv1-fp20-t727-cd198a38 Wb575cd7f0237  verified S=408.202 L2
 790/1280 rho-neg-aa     icv1-fp20-t727-cd198a38 Wb575cd7f0237  verified S=0.688 L2
 791/1280 rho-neg        icv1-fp20-t727-cd198a38 Wcd5b54c76641  verified S=1.241 L2
 792/1280 rho-plain      icv1-fp20-t727-cd198a38 Wcd5b54c76641  verified S=3.058 L2
 793/1280 rho-frozen     icv1-fp20-t727-cd198a38 Wcd5b54c76641  verified S=3.331 L2
 794/1280 bsgs           icv1-fp20-t727-cd198a38 Wcd5b54c76641  verified S=1.825 L1
 795/1280 bsgs-il        icv1-fp20-t727-cd198a38 Wcd5b54c76641  verified S=1.633 L2
 796/1280 bsgs-neg       icv1-fp20-t727-cd198a38 Wcd5b54c76641  verified S=1.327 L2
 797/1280 kangaroo       icv1-fp20-t727-cd198a38 Wcd5b54c76641  verified S=2.376 L2
 798/1280 ic-mitm        icv1-fp20-t727-cd198a38 Wcd5b54c76641  verified S=8.243 L1
 799/1280 ic-subtract    icv1-fp20-t727-cd198a38 Wcd5b54c76641  verified S=309.699 L2
 800/1280 rho-neg-aa     icv1-fp20-t727-cd198a38 Wcd5b54c76641  verified S=1.241 L2
 801/1280 rho-neg        icv1-fp22-tm1385-475dcb5f W6a3ed92cf4c7  verified S=1.509 L2
 802/1280 rho-plain      icv1-fp22-tm1385-475dcb5f W6a3ed92cf4c7  verified S=2.200 L2
 803/1280 rho-frozen     icv1-fp22-tm1385-475dcb5f W6a3ed92cf4c7  verified S=2.266 L2
 804/1280 bsgs           icv1-fp22-tm1385-475dcb5f W6a3ed92cf4c7  verified S=1.167 L2
 805/1280 bsgs-il        icv1-fp22-tm1385-475dcb5f W6a3ed92cf4c7  verified S=0.946 L2
 806/1280 bsgs-neg       icv1-fp22-tm1385-475dcb5f W6a3ed92cf4c7  verified S=0.668 L1
 807/1280 kangaroo       icv1-fp22-tm1385-475dcb5f W6a3ed92cf4c7  verified S=3.284 L1
 808/1280 ic-mitm        icv1-fp22-tm1385-475dcb5f W6a3ed92cf4c7  verified S=18.274 L1
 809/1280 ic-subtract    icv1-fp22-tm1385-475dcb5f W6a3ed92cf4c7  verified S=1057.321 L2
 810/1280 rho-neg-aa     icv1-fp22-tm1385-475dcb5f W6a3ed92cf4c7  verified S=1.509 L2
 811/1280 rho-neg        icv1-fp22-tm1385-475dcb5f W2734d8a015b9  verified S=1.549 L2
 812/1280 rho-plain      icv1-fp22-tm1385-475dcb5f W2734d8a015b9  verified S=0.648 L2
 813/1280 rho-frozen     icv1-fp22-tm1385-475dcb5f W2734d8a015b9  verified S=1.586 L2
 814/1280 bsgs           icv1-fp22-tm1385-475dcb5f W2734d8a015b9  verified S=1.649 L2
 815/1280 bsgs-il        icv1-fp22-tm1385-475dcb5f W2734d8a015b9  verified S=1.290 L2
 816/1280 bsgs-neg       icv1-fp22-tm1385-475dcb5f W2734d8a015b9  verified S=1.150 L1
 817/1280 kangaroo       icv1-fp22-tm1385-475dcb5f W2734d8a015b9  verified S=0.779 L1
 818/1280 ic-mitm        icv1-fp22-tm1385-475dcb5f W2734d8a015b9  verified S=9.990 L1
 819/1280 ic-subtract    icv1-fp22-tm1385-475dcb5f W2734d8a015b9  verified S=522.139 L1
 820/1280 rho-neg-aa     icv1-fp22-tm1385-475dcb5f W2734d8a015b9  verified S=1.549 L2
 821/1280 rho-neg        icv1-fp22-tm1385-475dcb5f Wec54f424abb7  verified S=2.052 L2
 822/1280 rho-plain      icv1-fp22-tm1385-475dcb5f Wec54f424abb7  verified S=2.178 L2
 823/1280 rho-frozen     icv1-fp22-tm1385-475dcb5f Wec54f424abb7  verified S=4.798 L1
 824/1280 bsgs           icv1-fp22-tm1385-475dcb5f Wec54f424abb7  verified S=1.879 L1
 825/1280 bsgs-il        icv1-fp22-tm1385-475dcb5f Wec54f424abb7  verified S=1.750 L2
 826/1280 bsgs-neg       icv1-fp22-tm1385-475dcb5f Wec54f424abb7  verified S=1.380 L1
 827/1280 kangaroo       icv1-fp22-tm1385-475dcb5f Wec54f424abb7  verified S=3.387 L1
 828/1280 ic-mitm        icv1-fp22-tm1385-475dcb5f Wec54f424abb7  verified S=22.990 L1
 829/1280 ic-subtract    icv1-fp22-tm1385-475dcb5f Wec54f424abb7  verified S=1362.655 L1
 830/1280 rho-neg-aa     icv1-fp22-tm1385-475dcb5f Wec54f424abb7  verified S=2.052 L2
 831/1280 rho-neg        icv1-fp22-tm1385-475dcb5f W0244066ca1c9  verified S=2.158 L1
 832/1280 rho-plain      icv1-fp22-tm1385-475dcb5f W0244066ca1c9  verified S=0.612 L1
 833/1280 rho-frozen     icv1-fp22-tm1385-475dcb5f W0244066ca1c9  verified S=1.481 L1
 834/1280 bsgs           icv1-fp22-tm1385-475dcb5f W0244066ca1c9  verified S=1.611 L2
 835/1280 bsgs-il        icv1-fp22-tm1385-475dcb5f W0244066ca1c9  verified S=1.592 L1
 836/1280 bsgs-neg       icv1-fp22-tm1385-475dcb5f W0244066ca1c9  verified S=1.112 L1
 837/1280 kangaroo       icv1-fp22-tm1385-475dcb5f W0244066ca1c9  verified S=1.413 L2
 838/1280 ic-mitm        icv1-fp22-tm1385-475dcb5f W0244066ca1c9  verified S=21.947 L1
 839/1280 ic-subtract    icv1-fp22-tm1385-475dcb5f W0244066ca1c9  verified S=1291.260 L2
 840/1280 rho-neg-aa     icv1-fp22-tm1385-475dcb5f W0244066ca1c9  verified S=2.158 L2
 841/1280 rho-neg        icv1-fp22-tm1385-475dcb5f W6f3b6b57793c  verified S=1.033 L2
 842/1280 rho-plain      icv1-fp22-tm1385-475dcb5f W6f3b6b57793c  verified S=1.479 L2
 843/1280 rho-frozen     icv1-fp22-tm1385-475dcb5f W6f3b6b57793c  verified S=1.970 L1
 844/1280 bsgs           icv1-fp22-tm1385-475dcb5f W6f3b6b57793c  verified S=1.130 L2
 845/1280 bsgs-il        icv1-fp22-tm1385-475dcb5f W6f3b6b57793c  verified S=0.710 L2
 846/1280 bsgs-neg       icv1-fp22-tm1385-475dcb5f W6f3b6b57793c  verified S=0.632 L2
 847/1280 kangaroo       icv1-fp22-tm1385-475dcb5f W6f3b6b57793c  verified S=3.387 L1
 848/1280 ic-mitm        icv1-fp22-tm1385-475dcb5f W6f3b6b57793c  verified S=17.843 L1
 849/1280 ic-subtract    icv1-fp22-tm1385-475dcb5f W6f3b6b57793c  verified S=1031.032 L1
 850/1280 rho-neg-aa     icv1-fp22-tm1385-475dcb5f W6f3b6b57793c  verified S=1.033 L1
 851/1280 rho-neg        icv1-fp22-tm1385-475dcb5f W7ef06b772aae  verified S=1.019 L2
 852/1280 rho-plain      icv1-fp22-tm1385-475dcb5f W7ef06b772aae  verified S=0.597 L2
 853/1280 rho-frozen     icv1-fp22-tm1385-475dcb5f W7ef06b772aae  verified S=2.102 L2
 854/1280 bsgs           icv1-fp22-tm1385-475dcb5f W7ef06b772aae  verified S=1.701 L1
 855/1280 bsgs-il        icv1-fp22-tm1385-475dcb5f W7ef06b772aae  verified S=1.394 L1
 856/1280 bsgs-neg       icv1-fp22-tm1385-475dcb5f W7ef06b772aae  verified S=1.202 L2
 857/1280 kangaroo       icv1-fp22-tm1385-475dcb5f W7ef06b772aae  verified S=1.413 L2
 858/1280 ic-mitm        icv1-fp22-tm1385-475dcb5f W7ef06b772aae  verified S=17.763 L1
 859/1280 ic-subtract    icv1-fp22-tm1385-475dcb5f W7ef06b772aae  verified S=1024.124 L2
 860/1280 rho-neg-aa     icv1-fp22-tm1385-475dcb5f W7ef06b772aae  verified S=1.019 L2
 861/1280 rho-neg        icv1-fp22-tm1385-475dcb5f W6fca37f7cc9a  verified S=1.181 L2
 862/1280 rho-plain      icv1-fp22-tm1385-475dcb5f W6fca37f7cc9a  verified S=1.668 L1
 863/1280 rho-frozen     icv1-fp22-tm1385-475dcb5f W6fca37f7cc9a  verified S=2.747 L2
 864/1280 bsgs           icv1-fp22-tm1385-475dcb5f W6fca37f7cc9a  verified S=1.356 L2
 865/1280 bsgs-il        icv1-fp22-tm1385-475dcb5f W6fca37f7cc9a  verified S=0.704 L2
 866/1280 bsgs-neg       icv1-fp22-tm1385-475dcb5f W6fca37f7cc9a  verified S=0.857 L2
 867/1280 kangaroo       icv1-fp22-tm1385-475dcb5f W6fca37f7cc9a  verified S=1.000 L2
 868/1280 ic-mitm        icv1-fp22-tm1385-475dcb5f W6fca37f7cc9a  verified S=4.298 L1
 869/1280 ic-subtract    icv1-fp22-tm1385-475dcb5f W6fca37f7cc9a  verified S=184.888 L2
 870/1280 rho-neg-aa     icv1-fp22-tm1385-475dcb5f W6fca37f7cc9a  verified S=1.181 L2
 871/1280 rho-neg        icv1-fp22-tm1385-475dcb5f W5ea10cc72dc0  verified S=1.563 L1
 872/1280 rho-plain      icv1-fp22-tm1385-475dcb5f W5ea10cc72dc0  verified S=2.059 L2
 873/1280 rho-frozen     icv1-fp22-tm1385-475dcb5f W5ea10cc72dc0  verified S=1.570 L2
 874/1280 bsgs           icv1-fp22-tm1385-475dcb5f W5ea10cc72dc0  verified S=1.031 L1
 875/1280 bsgs-il        icv1-fp22-tm1385-475dcb5f W5ea10cc72dc0  verified S=0.939 L2
 876/1280 bsgs-neg       icv1-fp22-tm1385-475dcb5f W5ea10cc72dc0  verified S=0.532 L2
 877/1280 kangaroo       icv1-fp22-tm1385-475dcb5f W5ea10cc72dc0  verified S=3.011 L1
 878/1280 ic-mitm        icv1-fp22-tm1385-475dcb5f W5ea10cc72dc0  verified S=24.117 L1
 879/1280 ic-subtract    icv1-fp22-tm1385-475dcb5f W5ea10cc72dc0  verified S=1434.083 L2
 880/1280 rho-neg-aa     icv1-fp22-tm1385-475dcb5f W5ea10cc72dc0  verified S=1.563 L2
 881/1280 rho-neg        icv1-fp24-t1059-6df599df Wf87386dd8131  verified S=0.704 L1
 882/1280 rho-plain      icv1-fp24-t1059-6df599df Wf87386dd8131  verified S=0.423 L2
 883/1280 rho-frozen     icv1-fp24-t1059-6df599df Wf87386dd8131  verified S=2.555 L2
 884/1280 bsgs           icv1-fp24-t1059-6df599df Wf87386dd8131  verified S=1.806 L1
 885/1280 bsgs-il        icv1-fp24-t1059-6df599df Wf87386dd8131  verified S=1.608 L1
 886/1280 bsgs-neg       icv1-fp24-t1059-6df599df Wf87386dd8131  verified S=1.306 L2
 887/1280 kangaroo       icv1-fp24-t1059-6df599df Wf87386dd8131  verified S=2.520 L1
 888/1280 ic-mitm        icv1-fp24-t1059-6df599df Wf87386dd8131  verified S=46.707 L2
 889/1280 ic-subtract    icv1-fp24-t1059-6df599df Wf87386dd8131  verified S=2968.002 L1
 890/1280 rho-neg-aa     icv1-fp24-t1059-6df599df Wf87386dd8131  verified S=0.704 L2
 891/1280 rho-neg        icv1-fp24-t1059-6df599df W74e97e4a2870  verified S=1.310 L1
 892/1280 rho-plain      icv1-fp24-t1059-6df599df W74e97e4a2870  verified S=3.153 L2
 893/1280 rho-frozen     icv1-fp24-t1059-6df599df W74e97e4a2870  verified S=1.629 L1
 894/1280 bsgs           icv1-fp24-t1059-6df599df W74e97e4a2870  verified S=1.074 L1
 895/1280 bsgs-il        icv1-fp24-t1059-6df599df W74e97e4a2870  verified S=0.449 L2
 896/1280 bsgs-neg       icv1-fp24-t1059-6df599df W74e97e4a2870  verified S=0.574 L2
 897/1280 kangaroo       icv1-fp24-t1059-6df599df W74e97e4a2870  verified S=2.973 L1
 898/1280 ic-mitm        icv1-fp24-t1059-6df599df W74e97e4a2870  verified S=42.028 L2
 899/1280 ic-subtract    icv1-fp24-t1059-6df599df W74e97e4a2870  verified S=2666.754 L1
 900/1280 rho-neg-aa     icv1-fp24-t1059-6df599df W74e97e4a2870  verified S=1.310 L2
 901/1280 rho-neg        icv1-fp24-t1059-6df599df Wb08608805f9d  verified S=0.364 L1
 902/1280 rho-plain      icv1-fp24-t1059-6df599df Wb08608805f9d  verified S=1.819 L1
 903/1280 rho-frozen     icv1-fp24-t1059-6df599df Wb08608805f9d  verified S=0.978 L2
 904/1280 bsgs           icv1-fp24-t1059-6df599df Wb08608805f9d  verified S=1.107 L2
 905/1280 bsgs-il        icv1-fp24-t1059-6df599df Wb08608805f9d  verified S=1.766 L1
 906/1280 bsgs-neg       icv1-fp24-t1059-6df599df Wb08608805f9d  verified S=0.608 L1
 907/1280 kangaroo       icv1-fp24-t1059-6df599df Wb08608805f9d  verified S=2.734 L2
 908/1280 ic-mitm        icv1-fp24-t1059-6df599df Wb08608805f9d  verified S=31.578 L2
 909/1280 ic-subtract    icv1-fp24-t1059-6df599df Wb08608805f9d  verified S=1992.648 L1
 910/1280 rho-neg-aa     icv1-fp24-t1059-6df599df Wb08608805f9d  verified S=0.364 L2
 911/1280 rho-neg        icv1-fp24-t1059-6df599df W40205a8c768f  verified S=0.688 L2
 912/1280 rho-plain      icv1-fp24-t1059-6df599df W40205a8c768f  verified S=1.520 L2
 913/1280 rho-frozen     icv1-fp24-t1059-6df599df W40205a8c768f  verified S=0.683 L2
 914/1280 bsgs           icv1-fp24-t1059-6df599df W40205a8c768f  verified S=1.260 L2
 915/1280 bsgs-il        icv1-fp24-t1059-6df599df W40205a8c768f  verified S=0.517 L2
 916/1280 bsgs-neg       icv1-fp24-t1059-6df599df W40205a8c768f  verified S=0.761 L1
 917/1280 kangaroo       icv1-fp24-t1059-6df599df W40205a8c768f  verified S=1.693 L1
 918/1280 ic-mitm        icv1-fp24-t1059-6df599df W40205a8c768f  verified S=50.045 L2
 919/1280 ic-subtract    icv1-fp24-t1059-6df599df W40205a8c768f  verified S=3181.794 L1
 920/1280 rho-neg-aa     icv1-fp24-t1059-6df599df W40205a8c768f  verified S=0.688 L2
 921/1280 rho-neg        icv1-fp24-t1059-6df599df Wc438af43fd3e  verified S=1.391 L1
 922/1280 rho-plain      icv1-fp24-t1059-6df599df Wc438af43fd3e  verified S=0.426 L1
 923/1280 rho-frozen     icv1-fp24-t1059-6df599df Wc438af43fd3e  verified S=1.658 L2
 924/1280 bsgs           icv1-fp24-t1059-6df599df Wc438af43fd3e  verified S=1.288 L1
 925/1280 bsgs-il        icv1-fp24-t1059-6df599df Wc438af43fd3e  verified S=0.572 L1
 926/1280 bsgs-neg       icv1-fp24-t1059-6df599df Wc438af43fd3e  verified S=0.788 L1
 927/1280 kangaroo       icv1-fp24-t1059-6df599df Wc438af43fd3e  verified S=1.487 L2
 928/1280 ic-mitm        icv1-fp24-t1059-6df599df Wc438af43fd3e  verified S=28.505 L2
 929/1280 ic-subtract    icv1-fp24-t1059-6df599df Wc438af43fd3e  verified S=1794.549 L1
 930/1280 rho-neg-aa     icv1-fp24-t1059-6df599df Wc438af43fd3e  verified S=1.391 L2
 931/1280 rho-neg        icv1-fp24-t1059-6df599df W4787ab6088f0  verified S=0.948 L2
 932/1280 rho-plain      icv1-fp24-t1059-6df599df W4787ab6088f0  verified S=1.593 L2
 933/1280 rho-frozen     icv1-fp24-t1059-6df599df W4787ab6088f0  verified S=1.537 L1
 934/1280 bsgs           icv1-fp24-t1059-6df599df W4787ab6088f0  verified S=1.879 L1
 935/1280 bsgs-il        icv1-fp24-t1059-6df599df W4787ab6088f0  verified S=1.754 L1
 936/1280 bsgs-neg       icv1-fp24-t1059-6df599df W4787ab6088f0  verified S=1.379 L1
 937/1280 kangaroo       icv1-fp24-t1059-6df599df W4787ab6088f0  verified S=3.836 L2
 938/1280 ic-mitm        icv1-fp24-t1059-6df599df W4787ab6088f0  verified S=59.880 L2
 939/1280 ic-subtract    icv1-fp24-t1059-6df599df W4787ab6088f0  verified S=3813.921 L1
 940/1280 rho-neg-aa     icv1-fp24-t1059-6df599df W4787ab6088f0  verified S=0.948 L2
 941/1280 rho-neg        icv1-fp24-t1059-6df599df Wcd716c25ac09  verified S=0.578 L2
 942/1280 rho-plain      icv1-fp24-t1059-6df599df Wcd716c25ac09  verified S=1.681 L2
 943/1280 rho-frozen     icv1-fp24-t1059-6df599df Wcd716c25ac09  verified S=3.654 L1
 944/1280 bsgs           icv1-fp24-t1059-6df599df Wcd716c25ac09  verified S=1.923 L1
 945/1280 bsgs-il        icv1-fp24-t1059-6df599df Wcd716c25ac09  verified S=1.842 L2
 946/1280 bsgs-neg       icv1-fp24-t1059-6df599df Wcd716c25ac09  verified S=1.423 L1
 947/1280 kangaroo       icv1-fp24-t1059-6df599df Wcd716c25ac09  verified S=3.094 L1
 948/1280 ic-mitm        icv1-fp24-t1059-6df599df Wcd716c25ac09  verified S=43.453 L2
 949/1280 ic-subtract    icv1-fp24-t1059-6df599df Wcd716c25ac09  verified S=2758.538 L1
 950/1280 rho-neg-aa     icv1-fp24-t1059-6df599df Wcd716c25ac09  verified S=0.578 L2
 951/1280 rho-neg        icv1-fp24-t1059-6df599df Wdc5881bcf1b5  verified S=0.732 L2
 952/1280 rho-plain      icv1-fp24-t1059-6df599df Wdc5881bcf1b5  verified S=0.738 L1
 953/1280 rho-frozen     icv1-fp24-t1059-6df599df Wdc5881bcf1b5  verified S=1.660 L1
 954/1280 bsgs           icv1-fp24-t1059-6df599df Wdc5881bcf1b5  verified S=1.312 L1
 955/1280 bsgs-il        icv1-fp24-t1059-6df599df Wdc5881bcf1b5  verified S=1.660 L2
 956/1280 bsgs-neg       icv1-fp24-t1059-6df599df Wdc5881bcf1b5  verified S=0.812 L2
 957/1280 kangaroo       icv1-fp24-t1059-6df599df Wdc5881bcf1b5  verified S=1.354 L1
 958/1280 ic-mitm        icv1-fp24-t1059-6df599df Wdc5881bcf1b5  verified S=41.116 L2
 959/1280 ic-subtract    icv1-fp24-t1059-6df599df Wdc5881bcf1b5  verified S=2608.493 L1
 960/1280 rho-neg-aa     icv1-fp24-t1059-6df599df Wdc5881bcf1b5  verified S=0.732 L2
 961/1280 rho-neg-aa     icv1-fp18-tm337-d28d5e09 W28a6ca541d5a  verified S=2.133 L2
 962/1280 ic-subtract    icv1-fp18-tm337-d28d5e09 W28a6ca541d5a  verified S=309.968 L1
 963/1280 ic-mitm        icv1-fp18-tm337-d28d5e09 W28a6ca541d5a  verified S=10.015 L2
 964/1280 kangaroo       icv1-fp18-tm337-d28d5e09 W28a6ca541d5a  verified S=2.797 L1
 965/1280 bsgs-neg       icv1-fp18-tm337-d28d5e09 W28a6ca541d5a  verified S=0.692 L2
 966/1280 bsgs-il        icv1-fp18-tm337-d28d5e09 W28a6ca541d5a  verified S=1.543 L2
 967/1280 bsgs           icv1-fp18-tm337-d28d5e09 W28a6ca541d5a  verified S=1.187 L2
 968/1280 rho-frozen     icv1-fp18-tm337-d28d5e09 W28a6ca541d5a  verified S=5.507 L1
 969/1280 rho-plain      icv1-fp18-tm337-d28d5e09 W28a6ca541d5a  verified S=1.011 L2
 970/1280 rho-neg        icv1-fp18-tm337-d28d5e09 W28a6ca541d5a  verified S=2.133 L1
 971/1280 rho-neg-aa     icv1-fp18-tm337-d28d5e09 W5b230afd20c7  verified S=1.067 L2
 972/1280 ic-subtract    icv1-fp18-tm337-d28d5e09 W5b230afd20c7  verified S=303.123 L1
 973/1280 ic-mitm        icv1-fp18-tm337-d28d5e09 W5b230afd20c7  verified S=9.427 L2
 974/1280 kangaroo       icv1-fp18-tm337-d28d5e09 W5b230afd20c7  verified S=2.389 L2
 975/1280 bsgs-neg       icv1-fp18-tm337-d28d5e09 W5b230afd20c7  verified S=0.816 L2
 976/1280 bsgs-il        icv1-fp18-tm337-d28d5e09 W5b230afd20c7  verified S=0.597 L1
 977/1280 bsgs           icv1-fp18-tm337-d28d5e09 W5b230afd20c7  verified S=1.310 L1
 978/1280 rho-frozen     icv1-fp18-tm337-d28d5e09 W5b230afd20c7  verified S=2.812 L2
 979/1280 rho-plain      icv1-fp18-tm337-d28d5e09 W5b230afd20c7  verified S=1.862 L2
 980/1280 rho-neg        icv1-fp18-tm337-d28d5e09 W5b230afd20c7  verified S=1.067 L1
 981/1280 rho-neg-aa     icv1-fp18-tm337-d28d5e09 W93a161edf681  verified S=0.900 L1
 982/1280 ic-subtract    icv1-fp18-tm337-d28d5e09 W93a161edf681  verified S=288.155 L1
 983/1280 ic-mitm        icv1-fp18-tm337-d28d5e09 W93a161edf681  verified S=9.867 L2
 984/1280 kangaroo       icv1-fp18-tm337-d28d5e09 W93a161edf681  verified S=3.085 L2
 985/1280 bsgs-neg       icv1-fp18-tm337-d28d5e09 W93a161edf681  verified S=1.471 L2
 986/1280 bsgs-il        icv1-fp18-tm337-d28d5e09 W93a161edf681  verified S=1.911 L1
 987/1280 bsgs           icv1-fp18-tm337-d28d5e09 W93a161edf681  verified S=1.968 L1
 988/1280 rho-frozen     icv1-fp18-tm337-d28d5e09 W93a161edf681  verified S=3.302 L2
 989/1280 rho-plain      icv1-fp18-tm337-d28d5e09 W93a161edf681  verified S=0.694 L2
 990/1280 rho-neg        icv1-fp18-tm337-d28d5e09 W93a161edf681  verified S=0.900 L2
 991/1280 rho-neg-aa     icv1-fp18-tm337-d28d5e09 W9b062075ec82  verified S=1.200 L1
 992/1280 ic-subtract    icv1-fp18-tm337-d28d5e09 W9b062075ec82  verified S=321.213 L2
 993/1280 ic-mitm        icv1-fp18-tm337-d28d5e09 W9b062075ec82  verified S=10.573 L1
 994/1280 kangaroo       icv1-fp18-tm337-d28d5e09 W9b062075ec82  verified S=1.061 L2
 995/1280 bsgs-neg       icv1-fp18-tm337-d28d5e09 W9b062075ec82  verified S=1.013 L2
 996/1280 bsgs-il        icv1-fp18-tm337-d28d5e09 W9b062075ec82  verified S=2.003 L2
 997/1280 bsgs           icv1-fp18-tm337-d28d5e09 W9b062075ec82  verified S=1.508 L1
 998/1280 rho-frozen     icv1-fp18-tm337-d28d5e09 W9b062075ec82  verified S=5.559 L1
 999/1280 rho-plain      icv1-fp18-tm337-d28d5e09 W9b062075ec82  verified S=2.562 L2
1000/1280 rho-neg        icv1-fp18-tm337-d28d5e09 W9b062075ec82  verified S=1.200 L2
1001/1280 rho-neg-aa     icv1-fp18-tm337-d28d5e09 We2822c9e7ec0  verified S=1.237 L2
1002/1280 ic-subtract    icv1-fp18-tm337-d28d5e09 We2822c9e7ec0  verified S=435.778 L1
1003/1280 ic-mitm        icv1-fp18-tm337-d28d5e09 We2822c9e7ec0  verified S=12.547 L2
1004/1280 kangaroo       icv1-fp18-tm337-d28d5e09 We2822c9e7ec0  verified S=2.758 L1
1005/1280 bsgs-neg       icv1-fp18-tm337-d28d5e09 We2822c9e7ec0  verified S=0.744 L1
1006/1280 bsgs-il        icv1-fp18-tm337-d28d5e09 We2822c9e7ec0  verified S=1.590 L2
1007/1280 bsgs           icv1-fp18-tm337-d28d5e09 We2822c9e7ec0  verified S=1.239 L2
1008/1280 rho-frozen     icv1-fp18-tm337-d28d5e09 We2822c9e7ec0  verified S=3.027 L2
1009/1280 rho-plain      icv1-fp18-tm337-d28d5e09 We2822c9e7ec0  verified S=2.280 L2
1010/1280 rho-neg        icv1-fp18-tm337-d28d5e09 We2822c9e7ec0  verified S=1.237 L2
1011/1280 rho-neg-aa     icv1-fp18-tm337-d28d5e09 W006c080a3f72  verified S=1.120 L1
1012/1280 ic-subtract    icv1-fp18-tm337-d28d5e09 W006c080a3f72  verified S=290.350 L1
1013/1280 ic-mitm        icv1-fp18-tm337-d28d5e09 W006c080a3f72  verified S=9.266 L2
1014/1280 kangaroo       icv1-fp18-tm337-d28d5e09 W006c080a3f72  verified S=1.979 L2
1015/1280 bsgs-neg       icv1-fp18-tm337-d28d5e09 W006c080a3f72  verified S=1.232 L2
1016/1280 bsgs-il        icv1-fp18-tm337-d28d5e09 W006c080a3f72  verified S=1.434 L1
1017/1280 bsgs           icv1-fp18-tm337-d28d5e09 W006c080a3f72  verified S=1.729 L2
1018/1280 rho-frozen     icv1-fp18-tm337-d28d5e09 W006c080a3f72  verified S=4.456 L2
1019/1280 rho-plain      icv1-fp18-tm337-d28d5e09 W006c080a3f72  verified S=1.862 L2
1020/1280 rho-neg        icv1-fp18-tm337-d28d5e09 W006c080a3f72  verified S=1.120 L2
1021/1280 rho-neg-aa     icv1-fp18-tm337-d28d5e09 W8795a5e04c81  verified S=1.202 L1
1022/1280 ic-subtract    icv1-fp18-tm337-d28d5e09 W8795a5e04c81  verified S=268.179 L1
1023/1280 ic-mitm        icv1-fp18-tm337-d28d5e09 W8795a5e04c81  verified S=8.889 L2
1024/1280 kangaroo       icv1-fp18-tm337-d28d5e09 W8795a5e04c81  verified S=1.805 L2
1025/1280 bsgs-neg       icv1-fp18-tm337-d28d5e09 W8795a5e04c81  verified S=1.330 L2
1026/1280 bsgs-il        icv1-fp18-tm337-d28d5e09 W8795a5e04c81  verified S=1.629 L2
1027/1280 bsgs           icv1-fp18-tm337-d28d5e09 W8795a5e04c81  verified S=1.827 L2
1028/1280 rho-frozen     icv1-fp18-tm337-d28d5e09 W8795a5e04c81  verified S=6.199 L2
1029/1280 rho-plain      icv1-fp18-tm337-d28d5e09 W8795a5e04c81  verified S=2.204 L1
1030/1280 rho-neg        icv1-fp18-tm337-d28d5e09 W8795a5e04c81  verified S=1.202 L2
1031/1280 rho-neg-aa     icv1-fp18-tm337-d28d5e09 W7cd38a178483  verified S=1.417 L2
1032/1280 ic-subtract    icv1-fp18-tm337-d28d5e09 W7cd38a178483  verified S=311.170 L1
1033/1280 ic-mitm        icv1-fp18-tm337-d28d5e09 W7cd38a178483  verified S=10.189 L2
1034/1280 kangaroo       icv1-fp18-tm337-d28d5e09 W7cd38a178483  verified S=2.278 L2
1035/1280 bsgs-neg       icv1-fp18-tm337-d28d5e09 W7cd38a178483  verified S=1.436 L1
1036/1280 bsgs-il        icv1-fp18-tm337-d28d5e09 W7cd38a178483  verified S=1.846 L1
1037/1280 bsgs           icv1-fp18-tm337-d28d5e09 W7cd38a178483  verified S=1.935 L2
1038/1280 rho-frozen     icv1-fp18-tm337-d28d5e09 W7cd38a178483  verified S=2.723 L1
1039/1280 rho-plain      icv1-fp18-tm337-d28d5e09 W7cd38a178483  verified S=2.003 L2
1040/1280 rho-neg        icv1-fp18-tm337-d28d5e09 W7cd38a178483  verified S=1.417 L1
1041/1280 rho-neg-aa     icv1-fp20-t727-cd198a38 W861f5dc133f2  verified S=0.908 L2
1042/1280 ic-subtract    icv1-fp20-t727-cd198a38 W861f5dc133f2  verified S=534.483 L2
1043/1280 ic-mitm        icv1-fp20-t727-cd198a38 W861f5dc133f2  verified S=12.039 L2
1044/1280 kangaroo       icv1-fp20-t727-cd198a38 W861f5dc133f2  verified S=0.621 L2
1045/1280 bsgs-neg       icv1-fp20-t727-cd198a38 W861f5dc133f2  verified S=1.021 L2
1046/1280 bsgs-il        icv1-fp20-t727-cd198a38 W861f5dc133f2  verified S=1.679 L1
1047/1280 bsgs           icv1-fp20-t727-cd198a38 W861f5dc133f2  verified S=1.519 L2
1048/1280 rho-frozen     icv1-fp20-t727-cd198a38 W861f5dc133f2  verified S=2.600 L2
1049/1280 rho-plain      icv1-fp20-t727-cd198a38 W861f5dc133f2  verified S=1.709 L2
1050/1280 rho-neg        icv1-fp20-t727-cd198a38 W861f5dc133f2  verified S=0.908 L2
1051/1280 rho-neg-aa     icv1-fp20-t727-cd198a38 W28b4cfe9ce93  verified S=1.724 L2
1052/1280 ic-subtract    icv1-fp20-t727-cd198a38 W28b4cfe9ce93  verified S=770.602 L2
1053/1280 ic-mitm        icv1-fp20-t727-cd198a38 W28b4cfe9ce93  verified S=15.626 L2
1054/1280 kangaroo       icv1-fp20-t727-cd198a38 W28b4cfe9ce93  verified S=2.376 L1
1055/1280 bsgs-neg       icv1-fp20-t727-cd198a38 W28b4cfe9ce93  verified S=1.233 L2
1056/1280 bsgs-il        icv1-fp20-t727-cd198a38 W28b4cfe9ce93  verified S=1.444 L1
1057/1280 bsgs           icv1-fp20-t727-cd198a38 W28b4cfe9ce93  verified S=1.731 L2
1058/1280 rho-frozen     icv1-fp20-t727-cd198a38 W28b4cfe9ce93  verified S=29.350 L2
1059/1280 rho-plain      icv1-fp20-t727-cd198a38 W28b4cfe9ce93  verified S=1.069 L1
1060/1280 rho-neg        icv1-fp20-t727-cd198a38 W28b4cfe9ce93  verified S=1.724 L2
1061/1280 rho-neg-aa     icv1-fp20-t727-cd198a38 W8f448e9d9ef1  verified S=1.601 L2
1062/1280 ic-subtract    icv1-fp20-t727-cd198a38 W8f448e9d9ef1  verified S=254.016 L2
1063/1280 ic-mitm        icv1-fp20-t727-cd198a38 W8f448e9d9ef1  verified S=7.040 L2
1064/1280 kangaroo       icv1-fp20-t727-cd198a38 W8f448e9d9ef1  verified S=2.748 L2
1065/1280 bsgs-neg       icv1-fp20-t727-cd198a38 W8f448e9d9ef1  verified S=1.488 L2
1066/1280 bsgs-il        icv1-fp20-t727-cd198a38 W8f448e9d9ef1  verified S=1.956 L1
1067/1280 bsgs           icv1-fp20-t727-cd198a38 W8f448e9d9ef1  verified S=1.987 L1
1068/1280 rho-frozen     icv1-fp20-t727-cd198a38 W8f448e9d9ef1  verified S=1.539 L2
1069/1280 rho-plain      icv1-fp20-t727-cd198a38 W8f448e9d9ef1  verified S=1.171 L2
1070/1280 rho-neg        icv1-fp20-t727-cd198a38 W8f448e9d9ef1  verified S=1.601 L2
1071/1280 rho-neg-aa     icv1-fp20-t727-cd198a38 Wac7787be9c96  verified S=1.145 L1
1072/1280 ic-subtract    icv1-fp20-t727-cd198a38 Wac7787be9c96  verified S=268.520 L1
1073/1280 ic-mitm        icv1-fp20-t727-cd198a38 Wac7787be9c96  verified S=7.159 L2
1074/1280 kangaroo       icv1-fp20-t727-cd198a38 Wac7787be9c96  verified S=2.376 L2
1075/1280 bsgs-neg       icv1-fp20-t727-cd198a38 Wac7787be9c96  verified S=1.201 L2
1076/1280 bsgs-il        icv1-fp20-t727-cd198a38 Wac7787be9c96  verified S=1.615 L1
1077/1280 bsgs           icv1-fp20-t727-cd198a38 Wac7787be9c96  verified S=1.699 L1
1078/1280 rho-frozen     icv1-fp20-t727-cd198a38 Wac7787be9c96  verified S=3.374 L2
1079/1280 rho-plain      icv1-fp20-t727-cd198a38 Wac7787be9c96  verified S=2.493 L1
1080/1280 rho-neg        icv1-fp20-t727-cd198a38 Wac7787be9c96  verified S=1.145 L1
1081/1280 rho-neg-aa     icv1-fp20-t727-cd198a38 Wc29d7c6a749a  verified S=0.719 L2
1082/1280 ic-subtract    icv1-fp20-t727-cd198a38 Wc29d7c6a749a  verified S=504.630 L2
1083/1280 ic-mitm        icv1-fp20-t727-cd198a38 Wc29d7c6a749a  verified S=11.530 L2
1084/1280 kangaroo       icv1-fp20-t727-cd198a38 Wc29d7c6a749a  verified S=2.376 L2
1085/1280 bsgs-neg       icv1-fp20-t727-cd198a38 Wc29d7c6a749a  verified S=1.123 L2
1086/1280 bsgs-il        icv1-fp20-t727-cd198a38 Wc29d7c6a749a  verified S=1.876 L1
1087/1280 bsgs           icv1-fp20-t727-cd198a38 Wc29d7c6a749a  verified S=1.620 L1
1088/1280 rho-frozen     icv1-fp20-t727-cd198a38 Wc29d7c6a749a  verified S=3.866 L2
1089/1280 rho-plain      icv1-fp20-t727-cd198a38 Wc29d7c6a749a  verified S=2.728 L2
1090/1280 rho-neg        icv1-fp20-t727-cd198a38 Wc29d7c6a749a  verified S=0.719 L2
1091/1280 rho-neg-aa     icv1-fp20-t727-cd198a38 W0372a5207366  verified S=0.708 L2
1092/1280 ic-subtract    icv1-fp20-t727-cd198a38 W0372a5207366  verified S=508.752 L2
1093/1280 ic-mitm        icv1-fp20-t727-cd198a38 W0372a5207366  verified S=11.654 L2
1094/1280 kangaroo       icv1-fp20-t727-cd198a38 W0372a5207366  verified S=0.785 L2
1095/1280 bsgs-neg       icv1-fp20-t727-cd198a38 W0372a5207366  verified S=0.863 L2
1096/1280 bsgs-il        icv1-fp20-t727-cd198a38 W0372a5207366  verified S=1.641 L1
1097/1280 bsgs           icv1-fp20-t727-cd198a38 W0372a5207366  verified S=1.360 L2
1098/1280 rho-frozen     icv1-fp20-t727-cd198a38 W0372a5207366  verified S=2.323 L1
1099/1280 rho-plain      icv1-fp20-t727-cd198a38 W0372a5207366  verified S=1.755 L2
1100/1280 rho-neg        icv1-fp20-t727-cd198a38 W0372a5207366  verified S=0.708 L2
1101/1280 rho-neg-aa     icv1-fp20-t727-cd198a38 Wb575cd7f0237  verified S=1.451 L2
1102/1280 ic-subtract    icv1-fp20-t727-cd198a38 Wb575cd7f0237  verified S=545.305 L2
1103/1280 ic-mitm        icv1-fp20-t727-cd198a38 Wb575cd7f0237  verified S=12.149 L2
1104/1280 kangaroo       icv1-fp20-t727-cd198a38 Wb575cd7f0237  verified S=2.479 L1
1105/1280 bsgs-neg       icv1-fp20-t727-cd198a38 Wb575cd7f0237  verified S=0.541 L2
1106/1280 bsgs-il        icv1-fp20-t727-cd198a38 Wb575cd7f0237  verified S=1.273 L2
1107/1280 bsgs           icv1-fp20-t727-cd198a38 Wb575cd7f0237  verified S=1.037 L1
1108/1280 rho-frozen     icv1-fp20-t727-cd198a38 Wb575cd7f0237  verified S=2.834 L1
1109/1280 rho-plain      icv1-fp20-t727-cd198a38 Wb575cd7f0237  verified S=2.077 L2
1110/1280 rho-neg        icv1-fp20-t727-cd198a38 Wb575cd7f0237  verified S=1.451 L2
1111/1280 rho-neg-aa     icv1-fp20-t727-cd198a38 Wcd5b54c76641  verified S=2.738 L2
1112/1280 ic-subtract    icv1-fp20-t727-cd198a38 Wcd5b54c76641  verified S=390.052 L2
1113/1280 ic-mitm        icv1-fp20-t727-cd198a38 Wcd5b54c76641  verified S=9.733 L1
1114/1280 kangaroo       icv1-fp20-t727-cd198a38 Wcd5b54c76641  verified S=2.376 L2
1115/1280 bsgs-neg       icv1-fp20-t727-cd198a38 Wcd5b54c76641  verified S=1.327 L2
1116/1280 bsgs-il        icv1-fp20-t727-cd198a38 Wcd5b54c76641  verified S=1.633 L1
1117/1280 bsgs           icv1-fp20-t727-cd198a38 Wcd5b54c76641  verified S=1.825 L2
1118/1280 rho-frozen     icv1-fp20-t727-cd198a38 Wcd5b54c76641  verified S=1.476 L2
1119/1280 rho-plain      icv1-fp20-t727-cd198a38 Wcd5b54c76641  verified S=1.457 L1
1120/1280 rho-neg        icv1-fp20-t727-cd198a38 Wcd5b54c76641  verified S=2.738 L1
1121/1280 rho-neg-aa     icv1-fp22-tm1385-475dcb5f W6a3ed92cf4c7  verified S=0.925 L2
1122/1280 ic-subtract    icv1-fp22-tm1385-475dcb5f W6a3ed92cf4c7  verified S=741.985 L2
1123/1280 ic-mitm        icv1-fp22-tm1385-475dcb5f W6a3ed92cf4c7  verified S=13.382 L2
1124/1280 kangaroo       icv1-fp22-tm1385-475dcb5f W6a3ed92cf4c7  verified S=3.284 L2
1125/1280 bsgs-neg       icv1-fp22-tm1385-475dcb5f W6a3ed92cf4c7  verified S=0.668 L2
1126/1280 bsgs-il        icv1-fp22-tm1385-475dcb5f W6a3ed92cf4c7  verified S=0.946 L1
1127/1280 bsgs           icv1-fp22-tm1385-475dcb5f W6a3ed92cf4c7  verified S=1.167 L1
1128/1280 rho-frozen     icv1-fp22-tm1385-475dcb5f W6a3ed92cf4c7  verified S=4.471 L1
1129/1280 rho-plain      icv1-fp22-tm1385-475dcb5f W6a3ed92cf4c7  verified S=2.100 L2
1130/1280 rho-neg        icv1-fp22-tm1385-475dcb5f W6a3ed92cf4c7  verified S=0.925 L2
1131/1280 rho-neg-aa     icv1-fp22-tm1385-475dcb5f W2734d8a015b9  verified S=2.307 L1
1132/1280 ic-subtract    icv1-fp22-tm1385-475dcb5f W2734d8a015b9  verified S=1068.754 L2
1133/1280 ic-mitm        icv1-fp22-tm1385-475dcb5f W2734d8a015b9  verified S=18.445 L1
1134/1280 kangaroo       icv1-fp22-tm1385-475dcb5f W2734d8a015b9  verified S=0.779 L2
1135/1280 bsgs-neg       icv1-fp22-tm1385-475dcb5f W2734d8a015b9  verified S=1.150 L2
1136/1280 bsgs-il        icv1-fp22-tm1385-475dcb5f W2734d8a015b9  verified S=1.290 L2
1137/1280 bsgs           icv1-fp22-tm1385-475dcb5f W2734d8a015b9  verified S=1.649 L1
1138/1280 rho-frozen     icv1-fp22-tm1385-475dcb5f W2734d8a015b9  verified S=1.890 L2
1139/1280 rho-plain      icv1-fp22-tm1385-475dcb5f W2734d8a015b9  verified S=2.103 L1
1140/1280 rho-neg        icv1-fp22-tm1385-475dcb5f W2734d8a015b9  verified S=2.307 L1
1141/1280 rho-neg-aa     icv1-fp22-tm1385-475dcb5f Wec54f424abb7  verified S=0.782 L1
1142/1280 ic-subtract    icv1-fp22-tm1385-475dcb5f Wec54f424abb7  verified S=534.540 L2
1143/1280 ic-mitm        icv1-fp22-tm1385-475dcb5f Wec54f424abb7  verified S=10.167 L2
1144/1280 kangaroo       icv1-fp22-tm1385-475dcb5f Wec54f424abb7  verified S=3.387 L1
1145/1280 bsgs-neg       icv1-fp22-tm1385-475dcb5f Wec54f424abb7  verified S=1.380 L2
1146/1280 bsgs-il        icv1-fp22-tm1385-475dcb5f Wec54f424abb7  verified S=1.750 L2
1147/1280 bsgs           icv1-fp22-tm1385-475dcb5f Wec54f424abb7  verified S=1.879 L2
1148/1280 rho-frozen     icv1-fp22-tm1385-475dcb5f Wec54f424abb7  verified S=5.927 L1
1149/1280 rho-plain      icv1-fp22-tm1385-475dcb5f Wec54f424abb7  verified S=1.563 L1
1150/1280 rho-neg        icv1-fp22-tm1385-475dcb5f Wec54f424abb7  verified S=0.782 L1
1151/1280 rho-neg-aa     icv1-fp22-tm1385-475dcb5f W0244066ca1c9  verified S=1.590 L2
1152/1280 ic-subtract    icv1-fp22-tm1385-475dcb5f W0244066ca1c9  verified S=1231.137 L2
1153/1280 ic-mitm        icv1-fp22-tm1385-475dcb5f W0244066ca1c9  verified S=21.000 L2
1154/1280 kangaroo       icv1-fp22-tm1385-475dcb5f W0244066ca1c9  verified S=1.413 L1
1155/1280 bsgs-neg       icv1-fp22-tm1385-475dcb5f W0244066ca1c9  verified S=1.112 L2
1156/1280 bsgs-il        icv1-fp22-tm1385-475dcb5f W0244066ca1c9  verified S=1.592 L2
1157/1280 bsgs           icv1-fp22-tm1385-475dcb5f W0244066ca1c9  verified S=1.611 L2
1158/1280 rho-frozen     icv1-fp22-tm1385-475dcb5f W0244066ca1c9  verified S=2.897 L2
1159/1280 rho-plain      icv1-fp22-tm1385-475dcb5f W0244066ca1c9  verified S=2.890 L1
1160/1280 rho-neg        icv1-fp22-tm1385-475dcb5f W0244066ca1c9  verified S=1.590 L2
1161/1280 rho-neg-aa     icv1-fp22-tm1385-475dcb5f W6f3b6b57793c  verified S=0.987 L2
1162/1280 ic-subtract    icv1-fp22-tm1385-475dcb5f W6f3b6b57793c  verified S=932.412 L2
1163/1280 ic-mitm        icv1-fp22-tm1385-475dcb5f W6f3b6b57793c  verified S=16.354 L2
1164/1280 kangaroo       icv1-fp22-tm1385-475dcb5f W6f3b6b57793c  verified S=3.387 L2
1165/1280 bsgs-neg       icv1-fp22-tm1385-475dcb5f W6f3b6b57793c  verified S=0.632 L2
1166/1280 bsgs-il        icv1-fp22-tm1385-475dcb5f W6f3b6b57793c  verified S=0.710 L1
1167/1280 bsgs           icv1-fp22-tm1385-475dcb5f W6f3b6b57793c  verified S=1.130 L1
1168/1280 rho-frozen     icv1-fp22-tm1385-475dcb5f W6f3b6b57793c  verified S=5.673 L1
1169/1280 rho-plain      icv1-fp22-tm1385-475dcb5f W6f3b6b57793c  verified S=0.592 L2
1170/1280 rho-neg        icv1-fp22-tm1385-475dcb5f W6f3b6b57793c  verified S=0.987 L1
1171/1280 rho-neg-aa     icv1-fp22-tm1385-475dcb5f W7ef06b772aae  verified S=2.265 L1
1172/1280 ic-subtract    icv1-fp22-tm1385-475dcb5f W7ef06b772aae  verified S=518.569 L2
1173/1280 ic-mitm        icv1-fp22-tm1385-475dcb5f W7ef06b772aae  verified S=9.929 L2
1174/1280 kangaroo       icv1-fp22-tm1385-475dcb5f W7ef06b772aae  verified S=1.413 L1
1175/1280 bsgs-neg       icv1-fp22-tm1385-475dcb5f W7ef06b772aae  verified S=1.202 L2
1176/1280 bsgs-il        icv1-fp22-tm1385-475dcb5f W7ef06b772aae  verified S=1.394 L1
1177/1280 bsgs           icv1-fp22-tm1385-475dcb5f W7ef06b772aae  verified S=1.701 L1
1178/1280 rho-frozen     icv1-fp22-tm1385-475dcb5f W7ef06b772aae  verified S=0.493 L2
1179/1280 rho-plain      icv1-fp22-tm1385-475dcb5f W7ef06b772aae  verified S=2.135 L1
1180/1280 rho-neg        icv1-fp22-tm1385-475dcb5f W7ef06b772aae  verified S=2.265 L1
1181/1280 rho-neg-aa     icv1-fp22-tm1385-475dcb5f W6fca37f7cc9a  verified S=2.432 L2
1182/1280 ic-subtract    icv1-fp22-tm1385-475dcb5f W6fca37f7cc9a  verified S=1020.242 L2
1183/1280 ic-mitm        icv1-fp22-tm1385-475dcb5f W6fca37f7cc9a  verified S=17.689 L2
1184/1280 kangaroo       icv1-fp22-tm1385-475dcb5f W6fca37f7cc9a  verified S=1.000 L1
1185/1280 bsgs-neg       icv1-fp22-tm1385-475dcb5f W6fca37f7cc9a  verified S=0.857 L2
1186/1280 bsgs-il        icv1-fp22-tm1385-475dcb5f W6fca37f7cc9a  verified S=0.704 L2
1187/1280 bsgs           icv1-fp22-tm1385-475dcb5f W6fca37f7cc9a  verified S=1.356 L2
1188/1280 rho-frozen     icv1-fp22-tm1385-475dcb5f W6fca37f7cc9a  verified S=2.314 L1
1189/1280 rho-plain      icv1-fp22-tm1385-475dcb5f W6fca37f7cc9a  verified S=1.032 L2
1190/1280 rho-neg        icv1-fp22-tm1385-475dcb5f W6fca37f7cc9a  verified S=2.432 L2
1191/1280 rho-neg-aa     icv1-fp22-tm1385-475dcb5f W5ea10cc72dc0  verified S=0.543 L2
1192/1280 ic-subtract    icv1-fp22-tm1385-475dcb5f W5ea10cc72dc0  verified S=454.991 L1
1193/1280 ic-mitm        icv1-fp22-tm1385-475dcb5f W5ea10cc72dc0  verified S=8.908 L2
1194/1280 kangaroo       icv1-fp22-tm1385-475dcb5f W5ea10cc72dc0  verified S=3.011 L2
1195/1280 bsgs-neg       icv1-fp22-tm1385-475dcb5f W5ea10cc72dc0  verified S=0.532 L2
1196/1280 bsgs-il        icv1-fp22-tm1385-475dcb5f W5ea10cc72dc0  verified S=0.939 L2
1197/1280 bsgs           icv1-fp22-tm1385-475dcb5f W5ea10cc72dc0  verified S=1.031 L1
1198/1280 rho-frozen     icv1-fp22-tm1385-475dcb5f W5ea10cc72dc0  verified S=2.716 L2
1199/1280 rho-plain      icv1-fp22-tm1385-475dcb5f W5ea10cc72dc0  verified S=1.688 L2
1200/1280 rho-neg        icv1-fp22-tm1385-475dcb5f W5ea10cc72dc0  verified S=0.543 L2
1201/1280 rho-neg-aa     icv1-fp24-t1059-6df599df Wf87386dd8131  verified S=1.106 L2
1202/1280 ic-subtract    icv1-fp24-t1059-6df599df Wf87386dd8131  verified S=1469.959 L1
1203/1280 ic-mitm        icv1-fp24-t1059-6df599df Wf87386dd8131  verified S=23.488 L2
1204/1280 kangaroo       icv1-fp24-t1059-6df599df Wf87386dd8131  verified S=2.520 L2
1205/1280 bsgs-neg       icv1-fp24-t1059-6df599df Wf87386dd8131  verified S=1.306 L2
1206/1280 bsgs-il        icv1-fp24-t1059-6df599df Wf87386dd8131  verified S=1.608 L1
1207/1280 bsgs           icv1-fp24-t1059-6df599df Wf87386dd8131  verified S=1.806 L1
1208/1280 rho-frozen     icv1-fp24-t1059-6df599df Wf87386dd8131  verified S=4.718 L2
1209/1280 rho-plain      icv1-fp24-t1059-6df599df Wf87386dd8131  verified S=2.702 L1
1210/1280 rho-neg        icv1-fp24-t1059-6df599df Wf87386dd8131  verified S=1.106 L1
1211/1280 rho-neg-aa     icv1-fp24-t1059-6df599df W74e97e4a2870  verified S=1.112 L2
1212/1280 ic-subtract    icv1-fp24-t1059-6df599df W74e97e4a2870  verified S=1580.358 L1
1213/1280 ic-mitm        icv1-fp24-t1059-6df599df W74e97e4a2870  verified S=25.194 L2
1214/1280 kangaroo       icv1-fp24-t1059-6df599df W74e97e4a2870  verified S=2.973 L2
1215/1280 bsgs-neg       icv1-fp24-t1059-6df599df W74e97e4a2870  verified S=0.574 L2
1216/1280 bsgs-il        icv1-fp24-t1059-6df599df W74e97e4a2870  verified S=0.449 L1
1217/1280 bsgs           icv1-fp24-t1059-6df599df W74e97e4a2870  verified S=1.074 L1
1218/1280 rho-frozen     icv1-fp24-t1059-6df599df W74e97e4a2870  verified S=6.093 L2
1219/1280 rho-plain      icv1-fp24-t1059-6df599df W74e97e4a2870  verified S=1.548 L2
1220/1280 rho-neg        icv1-fp24-t1059-6df599df W74e97e4a2870  verified S=1.112 L2
1221/1280 rho-neg-aa     icv1-fp24-t1059-6df599df Wb08608805f9d  verified S=0.385 L2
1222/1280 ic-subtract    icv1-fp24-t1059-6df599df Wb08608805f9d  verified S=2186.235 L2
1223/1280 ic-mitm        icv1-fp24-t1059-6df599df Wb08608805f9d  verified S=34.591 L2
1224/1280 kangaroo       icv1-fp24-t1059-6df599df Wb08608805f9d  verified S=2.734 L2
1225/1280 bsgs-neg       icv1-fp24-t1059-6df599df Wb08608805f9d  verified S=0.608 L2
1226/1280 bsgs-il        icv1-fp24-t1059-6df599df Wb08608805f9d  verified S=1.766 L1
1227/1280 bsgs           icv1-fp24-t1059-6df599df Wb08608805f9d  verified S=1.107 L1
1228/1280 rho-frozen     icv1-fp24-t1059-6df599df Wb08608805f9d  verified S=0.860 L1
1229/1280 rho-plain      icv1-fp24-t1059-6df599df Wb08608805f9d  verified S=1.373 L1
1230/1280 rho-neg        icv1-fp24-t1059-6df599df Wb08608805f9d  verified S=0.385 L1
1231/1280 rho-neg-aa     icv1-fp24-t1059-6df599df W40205a8c768f  verified S=0.890 L1
1232/1280 ic-subtract    icv1-fp24-t1059-6df599df W40205a8c768f  verified S=3743.198 L1
1233/1280 ic-mitm        icv1-fp24-t1059-6df599df W40205a8c768f  verified S=58.764 L2
1234/1280 kangaroo       icv1-fp24-t1059-6df599df W40205a8c768f  verified S=1.693 L2
1235/1280 bsgs-neg       icv1-fp24-t1059-6df599df W40205a8c768f  verified S=0.761 L1
1236/1280 bsgs-il        icv1-fp24-t1059-6df599df W40205a8c768f  verified S=0.517 L2
1237/1280 bsgs           icv1-fp24-t1059-6df599df W40205a8c768f  verified S=1.260 L1
1238/1280 rho-frozen     icv1-fp24-t1059-6df599df W40205a8c768f  verified S=1.681 L1
1239/1280 rho-plain      icv1-fp24-t1059-6df599df W40205a8c768f  verified S=1.861 L1
1240/1280 rho-neg        icv1-fp24-t1059-6df599df W40205a8c768f  verified S=0.890 L2
1241/1280 rho-neg-aa     icv1-fp24-t1059-6df599df Wc438af43fd3e  verified S=1.010 L2
1242/1280 ic-subtract    icv1-fp24-t1059-6df599df Wc438af43fd3e  verified S=1526.402 L2
1243/1280 ic-mitm        icv1-fp24-t1059-6df599df Wc438af43fd3e  verified S=24.356 L2
1244/1280 kangaroo       icv1-fp24-t1059-6df599df Wc438af43fd3e  verified S=1.487 L2
1245/1280 bsgs-neg       icv1-fp24-t1059-6df599df Wc438af43fd3e  verified S=0.788 L2
1246/1280 bsgs-il        icv1-fp24-t1059-6df599df Wc438af43fd3e  verified S=0.572 L1
1247/1280 bsgs           icv1-fp24-t1059-6df599df Wc438af43fd3e  verified S=1.288 L1
1248/1280 rho-frozen     icv1-fp24-t1059-6df599df Wc438af43fd3e  verified S=1.804 L1
1249/1280 rho-plain      icv1-fp24-t1059-6df599df Wc438af43fd3e  verified S=1.829 L1
1250/1280 rho-neg        icv1-fp24-t1059-6df599df Wc438af43fd3e  verified S=1.010 L1
1251/1280 rho-neg-aa     icv1-fp24-t1059-6df599df W4787ab6088f0  verified S=1.384 L1
1252/1280 ic-subtract    icv1-fp24-t1059-6df599df W4787ab6088f0  verified S=5532.414 L1
1253/1280 ic-mitm        icv1-fp24-t1059-6df599df W4787ab6088f0  verified S=86.751 L2
1254/1280 kangaroo       icv1-fp24-t1059-6df599df W4787ab6088f0  verified S=3.836 L2
1255/1280 bsgs-neg       icv1-fp24-t1059-6df599df W4787ab6088f0  verified S=1.379 L2
1256/1280 bsgs-il        icv1-fp24-t1059-6df599df W4787ab6088f0  verified S=1.754 L1
1257/1280 bsgs           icv1-fp24-t1059-6df599df W4787ab6088f0  verified S=1.879 L1
1258/1280 rho-frozen     icv1-fp24-t1059-6df599df W4787ab6088f0  verified S=3.789 L1
1259/1280 rho-plain      icv1-fp24-t1059-6df599df W4787ab6088f0  verified S=2.463 L2
1260/1280 rho-neg        icv1-fp24-t1059-6df599df W4787ab6088f0  verified S=1.384 L2
1261/1280 rho-neg-aa     icv1-fp24-t1059-6df599df Wcd716c25ac09  verified S=1.515 L1
1262/1280 ic-subtract    icv1-fp24-t1059-6df599df Wcd716c25ac09  verified S=2410.101 L1
1263/1280 ic-mitm        icv1-fp24-t1059-6df599df Wcd716c25ac09  verified S=38.050 L2
1264/1280 kangaroo       icv1-fp24-t1059-6df599df Wcd716c25ac09  verified S=3.094 L2
1265/1280 bsgs-neg       icv1-fp24-t1059-6df599df Wcd716c25ac09  verified S=1.423 L2
1266/1280 bsgs-il        icv1-fp24-t1059-6df599df Wcd716c25ac09  verified S=1.842 L2
1267/1280 bsgs           icv1-fp24-t1059-6df599df Wcd716c25ac09  verified S=1.923 L1
1268/1280 rho-frozen     icv1-fp24-t1059-6df599df Wcd716c25ac09  verified S=1.065 L2
1269/1280 rho-plain      icv1-fp24-t1059-6df599df Wcd716c25ac09  verified S=2.056 L1
1270/1280 rho-neg        icv1-fp24-t1059-6df599df Wcd716c25ac09  verified S=1.515 L2
1271/1280 rho-neg-aa     icv1-fp24-t1059-6df599df Wdc5881bcf1b5  verified S=1.011 L2
1272/1280 ic-subtract    icv1-fp24-t1059-6df599df Wdc5881bcf1b5  verified S=3196.657 L1
1273/1280 ic-mitm        icv1-fp24-t1059-6df599df Wdc5881bcf1b5  verified S=50.267 L2
1274/1280 kangaroo       icv1-fp24-t1059-6df599df Wdc5881bcf1b5  verified S=1.354 L2
1275/1280 bsgs-neg       icv1-fp24-t1059-6df599df Wdc5881bcf1b5  verified S=0.812 L2
1276/1280 bsgs-il        icv1-fp24-t1059-6df599df Wdc5881bcf1b5  verified S=1.660 L1
1277/1280 bsgs           icv1-fp24-t1059-6df599df Wdc5881bcf1b5  verified S=1.312 L1
1278/1280 rho-frozen     icv1-fp24-t1059-6df599df Wdc5881bcf1b5  verified S=1.689 L2
1279/1280 rho-plain      icv1-fp24-t1059-6df599df Wdc5881bcf1b5  verified S=1.152 L1
1280/1280 rho-neg        icv1-fp24-t1059-6df599df Wdc5881bcf1b5  verified S=1.011 L2
session ECBS1haf997766feb9 complete -> research/ecbench_all_candidates_20261003/sessions/prime (1280 records: {"verified": 1280})
prime exit 0
