20816284562612
94406905052031
131969416849700
135725221901467
45855230104632
113693386133569
139174827981277
149000717907031
150835620843376
47697225424653
144537163223090
102960150235726
5997496862798
80979769806734
144338922943482
70990548545230
63380081052945
117750974011689
73398083232444
85845959335874
71445028937545
133406331957543
159389230777121
87067144579083
157608467923423
111333626007684
50882848727758
111579467245882
56027437928209
94211226026060
113684530817994
118332395917325
91178069835992
81524410111002
136550299785451
66528166488383
66576837486359
53674969772097
136258121960647
150095899265087
103580855901619
157729113159891
102413023875416
146595685349861
71807407534373
120584076779234
21268925241751
39766362053044
47503275717593
26844071634373
131514483640851
88101265852077
99442966199963
118758716545586
76779013019734
86513726136507
76149626228991
134998516208507
69232024181287
12822416694354
63295234096014
57875826630474
50344820581280
86349924483588
129360786181856
147822738592555
80621933961562
141420866025959
157195846976634
96145294190806
19723436067034
17236142668869
42308056049992
123970229941766
21050010126972
82312716190237
144642954833353
61593831951308
158762815772222
79953875654283
63492392206563
10077649571093
140242619578609
27941357114098
148374187424134
40316815955098
130843970617839
104358514353168
115931257456224
100743611566476
75616848280809
55350247331317
155285661757181
77087609293582
157910109767438
64220808309335
159371919413191
108797698182104
114485537094290
109357593390108
102152097159176
28910027507808
125604130082570
145631724627054
33706602555711
50877641534729
154345979299770
25921591989949
71815176075217
144316591330498
132022135479845
16817882476187
124367040569596
84316421977853
36104171127279
158486355831163
109752076797850
37620776597608
46090236239377
144059867834104
115519222735259
126142042109043
29598314772572
8725972450118
108893390726179
129103507044763
150684499970426
64189804800387
37721163265361
149756215273245
53872962952776
47092167794901
158697281723023
2927353840679
68078293910131
74905677606204
32047677168327
58878037045207
85757006003710
43011215518747
153827277578206
99236263814393
158491187235920
132607105352895
103622438166647
121114130254167
67829799921569
49427453659285
117190777915987
60951037787082
40846576375607
43263068727491
160278056552457
140699986477959
1774482834368
84163746044487
134014229012268
16253382174510
39181611290203
108510870932508
82283706770166
70576315790412
55205212833567
142054188463685
155748341363215
131304067896397
141030397090532
162599677803303
121436693001332
30747572383235
150531999897093
152375284261683
54060313680425
78004204050017
90733444367006
132474899850911
91883676207461
108518446454084
88703376406114
52492440875638
87683595444549
85118280685365
142794388077820
88014419523750
56949744363988
79232941149585
73011432904376
23055324933530
145877214392948
120470173527744
69251410193390
103105817719145
86505474550385
103323452367334
42383489300644
63117420979645
21546158851899
80200679289270
151928194585374
127024400902758
3380896902468
130729052313369
733633544325
154342802348757
145694062443352
34852510414366
47668078841252
94286419990643
40079247440250
124116842010699
25527226289258
39484251286114
92455563590599
9009543399622
127356198825673
36971385642046
70628040119531
93863558013449
130433563940304
144518404258405
96481650380090
133176864486733
101743414695271
12473744129313
98639191539374
7855264264346
117286503354350
8765662196228
116797917817151
140391167269048
155060250676085
81761138182608
109874704623988
94932547524219
27939618445713
81230656858041
88040645187262
103457762074224
129847325317449
75181514847521
124186054261609
6511947665974
4624815802707
85497976403816
31131377573105
13745983644556
57363084056145
111855860323541
18782216993940
8255044592026
53920691793150
25200498234919
14937312715531
53092296965724
15179617084888
22804992610159
89906717647799
134182079029103
20150781952631
48734959176384
39786596463571
15456326967044
74180707383330
149723044819785
55035614955101
162821397041770
18517706888893
48374567661661
161639101600239
50151362268642
160329076688266
76227149731087
89178140743276
102517501816504
13454060962611
24500920682005
30782763914803
35632388405382
72652680142064
40020050952290
20765362731131
38730512283576
71021966797443
123524265718877
56891866283155
57481816240003
72307572487269
127807028857923
42400581876391
80426303413895
19397527826717
48308883937171
145694761703693
11196344474559
2652835698490
26949487538152
4311548892090
32372293458566
135152919253704
149990600699332
149077265880343
101111630680121
107496284280243
102693540602635
132396817301683
14671541579073
12681490336500
22814200212772
132962731924097
30417846001436
10003945989382
152989446969799
72070867155985
35031501117313
86336878697510
87935002764021
2857874702580
76863578772404
41153254464646
39863687601073
24588851037207
146666040466650
106100912449867
70059033380379
57122529560172
110451015602143
122274504507433
75737206500207
85636777422802
138672945437463
145632944462429
128884384902148
132009473678113
97956332995723
51160384794099
57112402443362
143289255378574
140650882784166
99649230004955
153978034214924
57707218819307
161569495270113
60895573389767
33300938752028
134752003746783
40078921105708
120449167974423
118974330026532
92491043265822
153141942727025
33604153876184
75691757141374
38316111633156
61186840326655
129530876350564
104438283626929
96000819314190
84780044522031
58121856250594
44672558950492
54511845425231
89120714124947
8527250393410
79003127415304
114798612154461
32153301496308
30608453194406
128988660668518
18145840743797
129879456224309
63568881383802
134192464278021
2261463900865
33169966371309
63510636095464
118526102679153
30642627146901
49057207443192
63777045470884
161622370444125
72704053670982
140214636599568
48528275176814
5547023458919
156432879740493
144861066157332
53251054849287
101837409148436
110826420199402
52705757310892
141056585678939
152424330969401
51267782181471
142610471478087
107032707365358
112289692140359
129958455218526
23520142082586
146882682223222
67053403077207
9575194874427
134636753873631
125366736237503
145488768561070
145128752573980
104363064555921
41394688357525
112558685304839
154261077983072
100250156699251
122496214325627
149397203090808
103230390605767
93551898023963
157603464848602
118307741327118
63481113100403
117450181494631
68403429630738
8919663701298
159142054572802
58466496666445
78282403836252
39751740060494
113485360191970
6196482259360
84674756283139
81208130837688
113621623354994
152561847651882
56582477110905
140417748300359
138142367450052
26935741508881
17345799024065
77473665267400
95406961896860
147769856318014
153659096819681
39966125161976
38443560556010
83972168225959
119289645406880
3523349632211
30900443547104
140209918187050
161347632897609
55524473796404
144750580787524
17688041703371
155221146686590
130659415620713
102383571189088
22850617615172
66704170938343
146312219207459
154898437249984
69773703425391
2983253468881
83855497955093
156207435034289
112204487628503
144699035125414
19724557673305
29251205629756
21758592766899
80615771322415
146891469764261
29473361029575
139568564719865
38777791489823
96097560523975
46801070283747
127051764349823
98794461747081
120630025099391
91100379839132
119046434607772
57559698247298
128552618693384
151169629018143
142367299390418
9257333244487
5857256377538
83419968660383
114065385214016
10981519707669
76080617579620
93465156163209
32207077926562
153036487884666
12736394508738
109924664393777
143115856502704
76547857267924
53599626767453
98517813633229
37741165607807
82304621096878
138298346955154
117835172830086
115451101571315
85716362806238
134051172930165
6287071320253
60923439683758
140646502760236
85722727636989
161888168116952
16201930159429
143690620451304
21657192481493
75745364137316
91638327886463
159022697919846
103188026165207
69690370251286
129024190473226
83586172985348
47525637683976
110441815743044
144264595760653
35513688126540
130389387287319
124033495588579
86212009794384
27614010147875
95773882682689
106676572223019
47114294820250
53760773293362
51547889814087
5229762450576
91939751686841
89502316028299
151958503850418
113390810483920
149433357179475
38455713152038
7082579987694
56275435510685
155067772411222
62473114097786
41596339543335
132763345124737
51772036106120
127422804824587
139416649298857
77846363462472
75286989666513
69681591632019
3232741350259
57697197981204
130369803142352
67007881258880
135141029772184
153460116896457
95103442140737
49509494934864
17004372010622
94702551656769
45355257530684
31945797721745
47315916986785
76843211457749
31210732921965
101198814927250
52756540475011
55940287105450
90472298709168
33760629617307
25235288868178
89988790134569
87435862268038
23277613379009
23367943503646
50307738324316
98084284160573
146998350515206
81303362908455
13347869449556
13636934170657
2596926979345
40193026922702
27912995080626
17594477432821
46287227686441
11164859148646
153301916088251
149217482902841
160683661917455
51707595947619
150933374792575
65732588923249
151205290563292
87826014510890
37742606958777
56288699541967
52937285727126
33897637022839
6463600029130
5877163096172
3667068288201
140749192026282
62144723301873
87660196580972
79202069294423
57592177800843
93496051825480
116804194204438
29397514893197
23111408594279
142315228801954
149345223952127
52725589489004
6811864963675
100536509605298
53451805861302
72890722384579
135779687175535
42158049609935
149029964183732
57470446454702
87497917939193
86671860465674
108183430813480
120419255074784
123479387258861
144275603136292
103379057621765
120253418166645
8097243530728
30001791266881
102303252616669
23229002302013
134835221609530
22216424348401
145627201367192
124156961560330
4147459990309
1898731500014
78139501440040
161923142579436
106039671074192
57635658876114
35334712317439
127241963230111
115949318998721
57901329594492
33147009460691
87054054575595
74050859727814
93080450284271
50548646199412
5820791777083
53807443807598
129868127934686
134730147147042
22543134259796
109926604936
134517217126286
97900901803247
76876286100715
56496420934186
27358247897372
111528346404290
15141241980806
97576489999144
55258837746191
6266901752798
19984762150730
10944330192353
7959774179856
118113277511728
1162875394519
88053422491023
31507630553925
105778205686478
59106078685353
23072278144164
102912138259233
60823719545958
24341886025443
38111840621714
91132930966348
72872195514512
148518364857237
137669973082395
107857825939326
13990584402537
24013530000913
116244027007462
114292564399157
155276489739417
50225058432968
58707721897584
70014479367838
2990404713854
112874285766442
96192727490778
2097071068060
75229003153976
147231707414541
109487340419534
142839553961970
45848337677718
83221863217684
135365469161349
11735869501200
5044887899372
159552846112040
52428239271154
122825124520638
152082414650682
77801360153225
14773999454404
1647371121916
45023954606223
144971474667950
106391544728431
121521961422892
129709561840682
107672227496936
63904489502153
16916008311297
97780948359146
70597074364187
58177658943007
4589472321281
121626578774070
55855631243550
127635761307507
36681046000814
121263827435575
58383136060849
5511849870373
9871012239409
149412718176614
79549278640792
110203212214030
138894850060054
130560340985062
28770312259576
70309686992786
33249629494048
107738975466407
141282158771397
100071658030833
136629889421563
135427696876123
46998128340399
42188958922513
89536983935826
7976319916855
86514332334797
33394435738385
64245886964494
136274746881863
58727446820163
77910903300666
133318855671593
2420558378202
132326909981141
161775727300060
36054653398234
136836197030237
72953568847204
10677659953280
118508787548664
3220336335701
51741797462129
111160038973761
86111984351684
74799011006714
55939835413430
99433721200150
62208668516223
129074100756595
38103389828260
93701044644442
132586056006394
154358901640725
92719608559039
45305450472831
146532067729296
16186816022619
38877137746567
39814899486100
142560880401081
45778222713173
88765101201090
51938913562600
143252083648259
137640805455583
102723146020764
125047208767129
73507600474922
46526300651388
84414764344178
72987390080921
60614102659852
110828378277087
133086525834065
77474613062619
123105716526937
120828773205430
91189589064184
107809883371984
133817788405321
34795065100603
75183741813524
144334555560044
21980649078847
161099378218306
27735483252432
109214727570347
74600794721251
99719031008889
162401603318739
7807432952925
83302753519622
162573677658481
31652077404034
1090944605187
79935828255639
125245840516882
5025913353910
5677763431801
98564852849947
123945962053731
92065341908084
16121960284915
87636828018992
109982955381081
139339948732640
109856838582073
161467107921542
111613026963670
47292079714664
115684164862382
25967700139734
42511215085967
162478329907012
138821211997240
112006011403448
128773391756582
89413298292193
48480475142585
17250401091513
110921089807655
144039285518053
120561108960912
128426665408330
7454016347442
26066487379356
58174937344819
43473268118396
64534342396374
160521829877129
50530776654183
70373289205606
1116037625512
3238393216925
103839935914405
59084349302060
96971921166224
12003206465094
154074893321833
130139261484046
91247011088402
104135600507172
25853039395980
97932722617856
144519795996792
128883212003759
73619374476529
36432757417838
79922710984341
129953464769676
109519738560831
142000416087054
118047939521889
90449178087135
17887187938420
83714810543058
95280079283715
113726341915940
96645641489422
161422164962889
60135030245824
162026755211604
81949529968020
152806466601250
63115503644601
59996020696027
108194294822856
104243741931145
66955988200112
133813081692471
20483989869201
136222491431500
38947723760030
28274458038003
141438332104268
143670374887743
113149287228326
143897630363087
26477769806353
27607804930832
31326701420483
100791818026726
101939779643516
10101085429896
109726698691868
15713936344137
8542448776842
5627596824289
101831967865439
82801408537910
127891700337288
6756283119179
22268213434407
149966795865642
40633291410504
153085973581949
92044502441692
133668861195891
33050644024594
145444775896710
105219935926908
32692361683778
135059766948676
61927053073315
65149615731700
95565360905811
101624698904172
110169920518888
46154889755706
140999215196220
138438565100244
157857606081738
70585094594290
15900944496035
51772220878019
99829016285848
161693276561181
80867407981554
148449683487042
31884884220541
135730532734928
129332563955260
137251165124856
72396439908547
22626494637063
57567454784079
69159156262076
7194691557459
61713413025267
148834306886302
12258821278146
46287753065784
72188664965009
38135516959504
88572263460456
86540949000147
61957998824363
28771989704650
99346242637417
15741171283259
59467422051546
11252670232253
92010197997650
119296244103190
70683889914562
148406017383287
45636986619591
146758540457914
135329237918385
28146955371895
140601356128816
49727565584304
11349485864642
134969615528280
120024358496800
71628829065583
56323159211288
162442553868812
125593904691730
70175099403687
99087905801476
157249638756808
84027893313794
77019607132657
48872797188419
55486053325641
89918964521111
92748862978444
34515135077324
84610091237777
139683776910238
88095924187557
7200676914215
122096064531725
65060811625762
7222327511669
66300324861037
132541090829719
17576468742089
128740608431679
21048062013378
117684321462395
61693790377160
45019464579950
50500127338798
110705583644807
109872065702141
161742944777581
90553323043044
65117885287754
145951007063798
65275076355286
47388900229639
28666001284235
114197829504403
42584986753413
73434022919540
54202993622284
72120012153110
48906377533468
161323183872624
85273386230185
10775027398380
84249904217929
132795168694855
146681665806407
65745430931547
153543165423199
95077020312601
125345045582418
148195225416377
59673615603520
137140696808734
25755614259772
134302868645580
119227283643654
33965955426197
82945538171955
29897921179286
91005203485802
67839594410066
50363546902136
75315351310973
14737951883415
29847993229568
44994047780267
125100685445431
64103838757954
118434582319195
7610394396211
103427180397451
140113419084040
121553433715258
50121105866126
70716791586903
99298633240370
13901762233414
134374098319860
47431431246867
66465274669480
121767688873759
25885285121302
55303262760000
87402977311048
50066503713210
152847992018608
14112961251604
31804448034935
52163441229797
52257916194230
22200948802278
42946383947030
116514464472707
24779299394594
28972350029665
143785880525974
18047300162175
55196942342814
56611950052927
143837099217331
67361653225366
159189341449414
45714792071160
104447179215669
121863865109909
129146057453261
157036193024399
76121404408792
73258767849129
91700539059579
149519812964043
47550367244706
113251991152052
152444508931308
56008563393940
23568317976764
118686550330352
156792607922340
124498025112293
205558643314
103927528300226
134448060218177
67098196312342
44838378647818
56176089311538
42972295809648
3223437154084
39889953663247
142206637521342
148969600054325
144591338164783
72240108666382
126068484518710
24227734178751
75556975612756
148406628241277
43111203616650
31138979389544
148382323969456
943031581165
144819630380716
152169165219875
127217563671584
29840818925454
98989923240266
85180184057040
157934673664577
15000810217023
30632200722652
39511367249001
59505085055962
71440939355007
114498264972442
10230805950124
133869444880226
91414260172712
38018847532110
2016160128532
154176591365589
46330344975846
32633865013682
18832991021061
123001012475956
97313271118329
103280618979354
113243415574966
24264787445886
42776838059310
74058732304126
153611737284848
90651200163591
106446539330084
76989373778048
13698709866782
155382226727387
139155831762347
74177602238537
70196262683187
127805659760009
41645500061051
36948003615369
42357277308871
26707890827506
19404841454758
152549613098184
36520673070548
124540410438672
30563423370240
30365510220206
140107974483606
134900884756467
66660474260630
153130105509065
80340400640098
136562501833210
154048074020052
12013985745079
48120948256309
93902650242834
68559428950232
80989812273843
49611664787539
88805696930025
51961173678732
93592904637891
87511121191559
84423630401175
113152021467902
22025742781027
5906543605436
127884355845249
5824318593731
95515291038176
141594536010508
21372615569825
74662638637186
16967363316584
64728310684072
11451853636926
114875701894759
52685574578945
28196342068518
152422777743871
80848752852985
67594364772829
110919378498738
138639115350617
69373277526023
26175418300115
18425504581139
121530173945611
66774995760208
109539710480247
99029649968257
109829589693705
129339655854768
85220050807616
81767545334788
155534544993449
153123937098306
44562745597819
93979039104542
95314582706720
24867118793606
162127203645553
29042306200298
19292016118339
44053527400593
75014922359706
16395282894821
93076176193791
88274626459528
159283987957479
72350943719449
83345691102194
41058300047447
143124670232148
109628832212795
73666461834273
70026275385589
137042032415880
23334719440764
9670843291244
49951277224578
37010967905050
74289466707183
4543811195913
96068890846953
21773508063102
31094409923837
55669584405235
137228907692588
97320321347634
27660620126096
123167274638375
29062468211662
130655305176956
135668061200775
46807198319549
16169392905427
64302102236041
48603132143409
29355396978989
39419454692610
19354470973861
122381929991558
24678969606636
146095584585424
132138459303753
158038315128898
38509820328181
68207064447366
10315818324559
100578254511227
57704998449304
105397211082310
58758536854655
138618877529178
110736339274885
49006724082769
157285097938730
102045657748980
147396711525892
97006216461530
67373665079813
104445072091048
111011138561251
103189433214738
26825164694822
147481007308274
141829422404452
95281756227791
6632182662444
126305939831945
80530308960429
17586433425964
73018774107749
91414075490741
115242345666664
83765166441726
98794396373719
78908114940343
131390208912657
9888482461801
55841110812215
21572043187537
113537097497639
137126300906801
70205700185632
60584517397270
49164941750837
116708427818520
1339468512675
56496245142735
20001692136043
17516945037767
154203395301227
141445276583471
4300920755805
158134131536232
51877797511447
76989910764891
130604093579858
9258257271499
15647146095962
92054494527293
66032022249951
2277921982193
71796000217341
80886196428537
3208031634754
159697754170372
29729991128780
119205306790098
161557055794943
32621508685467
144295287380234
69503811802244
91577058151145
67830262124008
12543446279378
26462270341740
89939694526155
45510306824663
136335834902757
79358221323212
53193353757998
62177311340188
85088584734125
29602521496999
123111229657229
126662752801466
117299483361958
76689957990682
131128885303410
109452522843220
30707208642406
21728847344511
154179176771791
158669512997291
31457404017903
66005839093404
105412865051355
29173231669990
12244351818197
128501035109313
37088507226244
74343616778099
10781789190110
77529873492081
17997614820140
49333820892773
20678170808628
22223905551505
8422983641408
108373643127108
38398092705738
7515169412833
3140309296976
152508904306835
113444808661613
105603635553561
69893735512154
41187711926531
47065158332697
71258403174046
27129571881786
72057099677811
90499708588005
23123865920239
120607788202978
139568551563973
48578844552755
35824860776922
136682051426248
63916539464825
130603735923878
29557448087964
116040965172395
43474336027712
93344409958141
156072961956334
153979142958119
42803035111490
152831000567295
108983743006362
153915937242696
73832323427306
30220874001974
77284785036092
60046691692152
21125312273905
103743969212501
99164541939408
150270553577008
56572572022508
114394851442120
7850428907219
115515038712570
49707367180924
27870019054156
24459258314019
17951658437056
28129090150877
16977344808097
70218026275961
62579401795801
87785579611184
66162794739281
153530209723865
131022539567640
7806536226101
12393575331420
144715403411474
17652964397552
154030736855097
69735232712108
132443243183261
34313031200363
134398023258799
116912455966197
23869812279838
30768527188061
34386832613684
37238576565585
149768882782451
85234888095509
14221033554337
98789307258968
38181814513516
157163358868073
76081645841790
77717798292977
122234490788946
152173344192115
134606062949352
101769575487327
7344293183131
115185566701646
52750871002695
153532949369540
40587685486666
127242253723058
148978784620022
95629182669458
83756819535026
81786053805774
123506771515696
116129787244308
62330855343491
135564814261278
128610299913852
68495387815229
85639494099375
81762739538660
159191817940729
134438568267812
6052644398817
7700867324806
52699115823760
99684104916922
2063377562731
26553701663299
114288822803625
107892844450600
83621510213125
111384161466226
124965768824492
130275274866046
73984834610623
4695830561242
40675531011736
110693691096167
84951566300770
10146747184200
4664580389486
84726058107238
96198829785868
52976208326437
48293779747518
118290480933789
118027157356611
7192005246637
139777828899918
153825252368630
50100329691324
99937458296863
68665632595498
126392276569817
56131137973134
4739246934234
71045406030870
84632458237049
133251413654462
5904558821303
38892693826273
117659384693028
49162804933485
88159373770177
147262351575445
112007809348872
43440582873558
86472096871464
161766856354900
134276382457922
9719880699065
82109420471847
145475789453909
132025680432374
89881912167572
140021225248616
13096338765425
9632976363150
128178373980638
150363185722933
138382487957773
48383597997387
41711447179329
158953021332286
150676510336937
150475197339566
141309124060474
140090481065680
45044030938828
102308532581080
141586504937903
42290179751993
35240362344191
48910829831096
84302345534386
77889607216257
74638108041476
66363682119621
151001194123594
99149083554624
67960572588838
105184409113474
145063296815262
159618614995144
44246799826022
30016823375079
21162584179625
63802996853187
66526201049515
150486802675315
60609537514422
42947523788286
133468252799228
19251374189680
94147158960816
12354388065252
97071577121556
18376621842731
105129562862194
7686625143752
159562956860491
11188185571958
156932047054659
93090949828766
126580094363502
98020129054506
90584095971540
139313279954880
88957619529186
69555476415582
91462839009079
26699859199403
157759215009150
143483558871488
63366534649663
33837485960172
60389418416845
32519059777157
5693247083557
149561246698343
153456605440488
42541436025475
108759805139224
4660021703029
158054592182314
67940305100364
118022988062976
144379869711207
40691443902879
69098115853322
143489212678996
131324985987889
132565565001230
46818249242678
20319262531195
28954606915539
29300964011806
19384890650186
144644812058248
27679621563098
78851636442337
146816197629843
125414044856289
50085331198896
64535528660391
135804199831976
115687999999754
155509765618271
68735785689933
152013330976136
93309800478550
111113865161230
58557795953599
136556440455959
12768689134053
13126228736569
43869779512344
79566889954594
102282532212953
24311751838163
72508870805221
130425941240650
116762234625527
49918170348707
102578902330358
49092020289223
104372244068857
65972563650974
139008554748578
11157542511794
39236320651208
62531831530054
83346640378710
89877383208922
139836067289427
108996447373447
48968658934594
79743623998108
155992947949294
113835833842210
55868919554367
104459088154858
16168909397215
22778875315035
92289162089382
9088347484771
101068702718364
45448884419184
138670568160526
85285367888294
158752547192180
116235261897459
29457278847474
9352481819799
131298614223797
14531001764331
92471791112126
148771319234585
87115249256691
24766075766093
155443180288365
41798539013860
14004504058498
62826299782272
60419707229845
25871026721120
46481722439381
150469202093832
121340844002789
154365921801806
158800604260864
33446759289011
102454067048308
22722433420669
100459919455721
81408504384741
50637724442780
88668160931791
26373469769169
69466154833608
155329316300914
78652970694018
54259680933127
95150344738133
117500898096306
118473444523209
44605690756166
67474876120150
85400566246194
68666058368272
137959191713908
46693162264213
141913089407106
2896018729586
30004682726068
9081932784463
91493139631779
2257994213490
71532519871936
2082778913544
13057166716821
61638980553986
43573896795118
20825316291315
155063909310622
19703975140473
149733360733513
78312967081011
10266932782813
35793336390643
144464677410998
18276495332151
121411953744385
127798883952776
93383111908062
39698003097405
131356695605539
116207214149427
33023316467189
78185605909743
35680370113296
142055906209304
148338006871198
19381426152987
88296613837678
3357685016726
73971021262554
119151662883425
8964195748714
73195511174143
103859439837078
98870182479883
93101429993655
25068562695610
107932971669797
134296894447829
69151302235608
34352001624934
18962118010407
35722546214826
22081194534836
95524023408842
115105861257084
66712052662128
95798553131618
135090777821315
129119655179039
62750358738070
135657534483431
64370153812631
61445119541930
86494610861664
131448463711838
8215896159348
148973188240434
127413802525229
32068548218615
18382371837425
2355924660228
8602626603016
49219047421116
116062890668714
80943296907658
135626238823279
26904039099601
105401165420022
21849041652867
7720550319769
76319497685410
47842960557883
46957650947996
162641515210759
3671433375784
120116808126089
58782894659728
27878022642091
63103687495824
51335449667850
61828438662007
77377115972756
28708013068883
9809484985315
133990837285919
153517075265754
117965121028218
24755920776112
8505289970332
86090245311328
83830945707287
12517879721109
34840801858991
85779634086555
13818183109430
127139156478533
55045621721406
64187758538136
36535690999050
125724186056084
162739118077437
91718054411155
157581766406808
8264373856551
103242156562469
84818218990785
24108471358924
29513508707507
93314297687215
155718141808714
26489018701254
86121502272792
65288233862191
62594154727080
64461344517841
130508353090851
106245103683587
157291784277595
130447043093176
91617809147160
58573632425140
119439901382933
112178786360802
123734442338724
44289068489211
59692606962931
64833326407469
29011987983375
104458844973443
32121490451715
48463707048995
32658181322798
102212741204375
42225826574016
30414835400306
99090894130401
44973406878228
130338472661821
92276745828799
111886963267749
152143134325323
92704507674585
105278945999815
31064581328000
149760064612332
122602698986821
125029122009866
97576019135923
107570718585212
17848750452146
131518018727100
138033649388894
17250150853932
126423759871173
159342704763411
92032459348722
62329833127857
126377523543298
30515224404314
71121894642805
42189446078029
49477341846719
38443141291556
9494421267541
97203431424848
68170100964231
101217442914815
95073960061119
147448165326293
8929104066378
65566815995262
35588604231223
28036073077081
13797321637571
79457068539093
59928578804109
13418381020972
76689204828436
65557238996636
68820376773714
82603517367972
56629865037863
78763537639645
95183893067531
43181301976198
57787088480146
41841858430042
11711347834211
66417905759509
54343712930370
121312887779222
37549226223581
57304702447426
152632887959005
21915603745900
146336134773760
9186202160058
15625571952129
15047838990070
128293837071441
151303201581698
62294108439575
50494961748900
38690748041903
60026596729588
8356903925330
93364760526148
46487940893085
4954612159146
14407348920982
113383313479806
99704537910720
138097710869917
115988104264468
33142472493873
64249331670712
135774655496030
47981458860107
30101599335175
116033664607659
101573000342838
136680368399332
98654629247165
95123586506775
29397695870277
159547562751221
165181344060
134400392249692
142076081725597
96998776690903
71266737295646
65215138025450
78284281357835
16789122510371
56149040284889
13200407199691
104432563672560
20942141749996
107414674267732
112719001020937
100766974558814
128941273579670
100210138885498
89519449769106
11146178239160
49497002270654
145158367257612
106651898856623
116634425675794
11134034203170
786222333568
4704218295294
16619410836072
62760998568858
3265088899641
127433005511998
123428374507727
38306674985289
149116967842359
4784050357236
70444988285204
26875981717530
54500056878354
78331672678629
25365777658885
129368562286730
54474177201946
100163327846816
96437551677612
47566672750723
34738646395923
4244282775252
152915661789382
99575035238997
104445940132635
116481206424928
161563992956875
21559516966934
106651532782920
35748399250278
50270916295696
53600315848126
122568185663623
45384163061912
59143311101169
27422109239515
146814890898307
67680452508796
158456420093598
48340854413829
107485777062346
144529529321752
9114512553104
117430218214870
19262920508103
97838452982369
116939895844607
149891420626906
60377425224711
112997741428331
151628749190271
56425416828647
143824031150691
20124323354392
97138528503166
28183924071995
109631947550711
51108111079715
47814933276097
77069007696464
158205713609747
29510259210494
84545691961320
113135333656535
67673602593131
103657358759428
40042293245286
148217528195041
12792753626542
32637313791636
136726787012878
31231569638779
48107223598602
64081818927111
53267107343680
20680836248919
16253658947666
114583322894680
94355238129923
94065082466854
32457802802361
83455678314233
61620176875426
157800851211379
133084427027777
130822616834507
157166353404284
103749226754713
73910416965891
67858393672665
119131507423221
40290315207617
60480431280396
40194019830933
121126381473470
144121299101748
92672276351725
157695928262519
56178871063201
107089341011808
104914823182921
20701344607748
159684701768904
140808624371520
125336922249547
64021495763938
73396059666889
48052048749697
114875296155762
136164884839319
21187143854518
101687694175514
132968688744995
558987381091
133996484262546
22416414592664
19672672490732
17088620098252
109600536904215
80221985569573
77537181728262
72499013974260
158384303538983
147358479996866
33339795255152
26817615278362
40486823469773
100760047865062
137062314055896
129246657368902
10876110152371
27702936020800
32932491244933
7111038231208
162185411548856
117037453641032
36905627306170
15309235466343
54003564276361
92237707379434
10155722288378
81038998263385
118765441623885
3023234581871
85946267626174
136563860022226
25323075759622
111149737175314
111769590876079
107936753947795
109424706638834
99569198657833
17631571459210
142751797725733
152537503358641
137835484023486
123212635458587
161058813772059
91124876664286
102939464363022
146330541543846
48910223708789
153578442818900
11520617789933
3299687472540
153367410814589
123484767985399
112914519110077
146335421623691
133236638561563
136526683080551
133727407392000
63466612356871
72181443998172
79626160256007
90515973713404
83013684772365
138068037086819
55759175916844
87624701128501
134787631532889
74677239840382
152125015208279
127779950746733
63376092700993
19907545863588
77658931003188
129408468885085
94415703392891
67038986076042
162768926424123
20630462617257
154076114628338
1313329446623
88549671452648
88316100683540
96849236758609
4329955508443
132855017982008
136491873657607
75295614541112
19580522408628
5901637371862
131564973711874
143529233831530
12300973648284
59463825488680
153387085019744
66006009880758
113751557923320
57768763873715
57810015797703
74363201455032
104716380383668
121985669160667
88693971387495
226905439330
89393166832889
47743349123344
11458714795080
21571387818419
97000334823807
108939679810346
72961523460322
126841781937123
157004912779038
53441492539989
68827634808839
40715492044962
104741251343656
69817289629246
103953784522574
145913242999724
124499920550635
124351354114585
146334465880596
132775650501991
54784027516643
41627475418278
958156161207
18550196986165
162232864210540
153649995679963
79773457208188
11636267452172
26109971719561
67582629245401
40184136624290
129031605636248
103782369187699
15487262059899
127042507367749
73809420743
87405390399495
67954460424415
109359166310268
150193995203060
49230720457866
19609170652001
129282467546878
133817955571491
99629909581728
69378970738009
110526661642113
135883073001133
137308231276123
114334327403019
26361934269650
20313563263236
91871129220660
58209696882263
160503499256423
158712248109517
127023484807173
122271926906111
61459632802335
39920374446899
48936863428279
150665239922944
9176465895158
71861040441507
148426068408979
133668441572038
90122776879278
134028115212984
118081186783075
139450475184672
123692868465208
74808596836657
133424558070477
157219655147953
85952747644828
30809390120769
33915547494637
99041303961283
50336761122639
18848845380386
60225841310856
93266480292695
162772136277260
36505560582652
140138310323374
146872562190299
123614057377011
95296975572823
146792573431924
77100677478310
1186741967004
14287314236250
84456305551348
35122329855064
92804931479215
104769958967373
153399490300021
78104585070283
92878863987922
39518507580083
3859784979815
54461608272161
60025812767304
32154697895521
122590270385328
94548454378909
45670811728269
86297795288148
29224407779113
5044481954211
10884610199164
144169344631724
114318794243396
13097435135203
29062161428971
88868975549505
13817643919042
126263905683637
43368956200553
26755806410476
87212260170144
35597705560484
87914081594223
134668382159345
79486908167866
66394378865417
78309212485786
157919171839730
94577944577051
81398046099942
21919229990147
95758289524993
37779475639012
5336409024112
32032707940432
83633884938034
26263821541074
70925800383926
131405031962727
65252276355312
143519213823844
96024231708492
95165150183844
133099246822423
150946224421831
150392189225654
82830400913560
69660359853752
95179114043763
76483298755271
51560521234962
126895468140681
39869403829605
15497644777665
63321582194282
160426022871031
70762864312769
2809424287906
139995387102680
146987255268726
22611533723450
139037999213736
36237834881322
117593299171038
154434757769015
6827638539417
58906598913050
16964032085042
35770903128414
31826392994171
144221678122703
144394044713099
60062812083115
80201833315890
137940054145168
6912882696542
89455061083460
152997994325086
38935570281741
47106907801412
785184434282
155389820001726
67323208253858
53536041038571
129567499845025
150148803256113
38958373662070
2903617955923
130984787813739
150088125439016
159814395852605
46697263798752
17740377916654
95221036225248
125876249866533
104108374211456
109826223615064
141379321279298
122467983150355
44401149435601
23235742704044
82964912419763
78596059480850
31170238091083
27186781116083
24050125616115
126539020242815
45834846614562
12543596189346
84938727652365
61287712148200
145504435569319
39633247488240
45293685318460
51707682066021
134345874629815
128507663761674
74161313919736
47500589588234
73750392615528
59956954348082
149667480699467
28839352353095
156233062721203
150715753959340
147932480419542
13232361406862
74953874065084
39553786463749
109081652021773
101149302971248
31753271637503
75190204331176
145047718664940
99699842451993
132238618553326
86317095436515
97458215395092
89418023654861
45907733930516
142066991398267
161595753585253
44601143918958
73508345722672
88711225483791
126858377781881
17924305494020
90935124089370
39211824917929
149365910223577
117619134600344
44606721680484
100407905088625
154938508827683
155149128948135
49782671150272
85543236354920
93067913154322
134212811851759
135644978323527
162494950098960
124977110060609
42583396209511
137720841287527
55782141570132
27744013471231
59647957555909
2009403753605
52416383479972
55147491321860
106758025729463
29398988967772
88421235366923
56692670311812
6215427553579
73723469665309
73986773194005
4517424895545
74554577165705
77195962645875
112189353567419
136702999009683
123693872950987
43476944935746
11488037943145
126689147183200
43612448647812
11135385266574
12071919752778
116971328430447
96927342897876
130127652935765
15776102025352
64438110236231
54579994213649
21818681308818
82704977663680
73568817805860
135963340720699
126855025814426
28206960294152
112926300901667
100327354855958
137995122381711
7155549325697
128165263141278
113370867661592
85571418481693
39692221863821
12437538559089
17935001766519
58968910578565
104735418666616
86017654127686
19924162551406
118819516835984
39634419872611
116495368560523
83789254826395
127250203753055
120210896446946
141712258090243
32143298480620
134733783046626
5828889811976
72487589453687
124418033082361
122808016002073
92380610773134
57587634124684
14490966390539
152092371294921
141024440142526
130356054731634
90993067601331
24823195264999
89099512390358
51152752795045
102034953274109
109508189471574
104366448013956
8065661277148
11772740955519
36312098269225
132998311926656
101543393085962
125945870789285
129035397503914
154288681504126
74776765083222
160793889220769
91360937027002
46775224594274
125538236182865
35559572545364
124720736089137
147810662706121
141400872215203
45627374517334
124917315994405
121207545274464
150279468808379
134343245560052
129706175666521
93621045645425
77194094545578
22865479519140
77246673741835
2340226570581
70133113353268
53483070029304
48422903577323
5688587086625
106047370540831
76291769423108
42011204278124
31115544518590
12383088748502
152943251125467
16644568869302
86334126206593
57153072809294
64950169614172
135508493171923
140191046853040
118789159187513
71587514621817
157564300541498
63456846531524
122069312859260
111702704938303
158703434790746
71137949321258
70247857779795
910966590675
130633485169193
100197997621687
125202096645737
72994459808993
162296122638099
155121774366869
12131487164944
148552711240760
99369818402848
86533995264474
61568294085155
12712123875300
88735410377895
151345328171642
144094645595135
113893055141892
121589624912628
101288073981362
90149929644245
104003123104259
14226004200749
96732833721280
110913881915177
31733460150988
12585278873931
149217994206552
1290820881168
30263461569209
142752084966038
42660325437674
119737026634938
131163570709842
12790072104539
27212934533839
24158094506394
16800057297965
66708036437992
76297823235090
92559347499267
71528614909496
21908849939614
18913266816281
156389484913933
10930986894290
66552498602129
122965440235664
146081903200217
29094124595042
50230043819512
105251643796221
29160593090772
38566543863725
57974116553864
43037049761366
53325936259986
50133975643959
36522514835193
131682679280385
109756724520971
824514620595
51318655696661
47374269624195
153603590791471
67952302664789
70294982974180
4029928734221
73731452716216
78291441207933
9887801638862
56668989601030
104504470710242
85614133302975
20983966160295
82576001231375
140807021580220
17511772264051
98262152846630
42273263611211
121116821857433
102044753419484
15540255827378
85472365039782
64561728185898
120513099856276
35617787881699
10585727349649
138488197803825
102333447758907
156431721384612
160252744306515
104235171229220
96243278056884
68283966133717
52775426794134
75043099623659
28746627504371
25515155627968
19667042463015
151455743886054
145646843873544
102545253408130
68760081091662
111111109616532
63532290669538
11036206328331
96658922157260
62643748776576
132381950087072
68397205757951
135069937956305
87808736349264
147185579777353
136897640822874
18423909596879
87073077307270
83885409918484
8480977805152
50205743407509
55222600186065
84722746337474
44291475683700
81666709176417
115032312969707
73228923376587
1670420889944
70132953714920
6354137554128
130774488783237
111405227914930
90715594054578
143269430142973
134738238498189
118032287862774
21150356457173
91882676712850
87642124213303
47111951310180
155551464070929
41333658700232
26337743398736
90949110400696
44693821926698
64482964854143
98476249781195
114412939831935
141568063724514
114670113156946
2436310493421
91034141525525
59666405715978
11871178859216
1323686933968
89098759041569
9598323764569
117765398859565
116778318256720
134628307130720
94963680574177
118152093755469
31700517260080
101851009298773
38189517042434
136735304205838
35355198044813
90917989344601
94880425602356
39256224552980
123190864203191
153971007789105
65888632485410
153060981330107
5781950184843
46843530644608
43989814051194
38504928262044
96519753228123
117228287555399
82620133058736
87797057929890
120365308514212
145992098991032
138862521874617
158111812721396
71429285730456
60667568882497
72156768191561
10013961124163
119054596312109
88701974471491
98078433691829
45328333921653
157350045657900
150956657676758
39946376141626
92816203621262
147546950669744
126384733040335
99294062506949
1596243595510
28809425115321
52652183352652
12998186882589
145852555932981
27564704165419
151242063521175
162557703354086
38400097876587
138068905887632
136688771229356
91246997397267
47140939881631
113114464809851
111870438870765
90102177820560
158562622145825
52125603486348
131064165907866
64132536837345
62796402433901
54226863299762
18170164820178
16868348152446
44364640885217
125909201578249
88177604963868
71843093194661
105161885229267
40380982111922
76262715122341
139495817274201
91215945780236
46095340563737
123163900538445
66262677428748
53506300903636
107369680987623
124841026704397
93266493337211
147863126414704
88171178571621
68814449666733
62225676487925
36620799106921
127744781411542
99590030937807
159398821981980
36802058944414
105523217434722
286735853611
89768557733642
18829647151605
148250276288597
48539981538438
157283663227909
159332516713130
44385224894616
23064404013709
18957838380463
158068482742099
103551294654463
2579279925221
115124002291919
111388709963618
98867985985717
73200015527485
119610920585591
145915205093116
4662133399682
43552733777985
26627747991179
36991036104730
149046538931033
5623241800867
123927546224994
47933856718094
129130218862270
145789869555512
112627830181173
129515144546208
135559405449675
109512888832796
140876823456671
39969315485457
29997865687039
40583189468180
143300028770192
91392006916390
97250271320787
45001070420102
2443786552331
13575747179061
15095072306987
28717685851986
125343995074397
65880748347472
45993561102283
46444252557495
47026427056886
153376091935898
120500586442371
3284776254636
73379459369343
54629338472063
117520124998337
50828547020356
146011397792888
85810595497660
27086007561185
108323755875570
35697479974313
6624667059493
162367879836622
34700499593004
144784225373933
46116464780009
43563215067532
110661498878929
38621722311991
118928069098104
12768267694362
103913828561224
65886083868168
29998702034075
117969740159297
9767186845464
72774690239439
16709879862118
105866431562114
149226899322505
100009274196302
26529839249066
17927965438244
61034099650569
64488362475498
127075242783291
1277732983533
162846680998753
12172903263311
40668391226187
65015063532502
68225290526172
47811340217526
11138730522057
84816874820314
162045666156272
52154909759979
114601290821772
139629769553585
64561329634696
30725377069562
146754362488199
157458239197263
40740472792274
160543702126916
77003288384695
74804421497302
138435604816843
30134352493192
153927003803252
118295476607066
72001530342486
27641317966869
47360113948857
108693244609882
88505408418171
55973417458740
116923875263214
138050996696672
26393355902593
9278688860438
161425143167668
81345968737063
10841790681732
41387378236540
87761421027503
117008365390177
141419643352709
142258340668222
58283362197592
11524732886879
44507213871632
27735023176868
96544224020921
63965977663434
136148924413847
35855145258306
24440710924329
143141717363692
139426766741148
89015182242408
62501577029819
35676290286250
147103339115849
41418677029412
55663037787398
121123039250139
21618931960580
159036475368255
17088674887556
79039174718953
10689128426396
34181502765253
113565804311312
41604338618885
132118507714410
27264703344679
42721500996349
137997304730591
86830163745503
93859099747562
159917666166291
154209077257087
106127785530957
5424418452266
14771940685490
51488189843624
147708802556590
72062604274821
38645804638030
29864936971242
47348210584235
90571635808450
146502885294007
88317261135570
12062340588201
66452127152962
5472456622378
23561069737956
129995663396415
94517777799938
2413431113047
4863954861640
36748866940496
159569023794036
131661360245466
132765840504159
97042981126115
136507820051333
93608399950371
140206084067252
104891986068178
60235972614692
140405321873081
83571517981647
26727160357047
87082991470369
131712334794911
127437786936814
80259851263362
14046436809022
91722776535738
67004917363367
25096609977907
64983260283595
119630378220960
122095107706240
70687425600748
17901766142884
46006495540442
30044213312532
74222069930541
148792312953910
161322669640869
47084848837731
40477437897528
159386737832913
152067967513926
38883842226276
145381235158282
52000885040432
149709720686697
98482125349604
10784071904837
76255516595535
137333164391397
142724793406752
156750424189534
138422055700422
6312629401527
69140803795241
91347104537250
6531374326431
141922903476197
62642966287229
26147286082925
88677067045774
156184163928696
29800727593878
111868409894052
6779390619357
161252746546949
30181718588762
142737792001525
132029600074256
118806901593464
137302979161418
118718309981796
85153705613027
56217395254455
38644937498291
140600567758740
80809816933890
16520399759828
72043020530754
94020584113186
8543263905794
23852372517935
33523897100086
119093994000820
92364138758703
88808202036545
90095628465491
18043794977000
8435115156238
7228015960042
63410310596054
15076532828203
109070848034616
149532073885167
59407442097240
10168945218188
31173682637970
18315057755888
109356626047790
20122122531261
40865714125834
36627540209824
20903642533427
68263622681330
8813183077357
54800893184509
121551932951274
81446164417035
84323478911288
57326003093204
135952713253778
27668328227577
16682092045065
9890089579343
102171796542536
26677510852648
97943750510402
1364483536697
8580189668961
126203095550315
132295075970775
134347288331331
153552327627391
70162194060974
91240900430234
16616052276323
80980514396868
4601379277202
73423208445912
49637419112327
49312817343199
46382796955198
35404142204087
87881859351548
153905843167088
97017468954716
84446935722613
16647891898514
68980379244980
66750163599772
89864014590078
158508510495969
65195138568027
17237147650612
21063366887755
24775594639876
29831342997615
5483570021199
159771832362718
28500541235692
92624564851805
131873030443010
92003921170679
155131505028707
84119405586287
86809741925502
125132631417365
47280515993886
38036883795118
151916998619945
24417841185598
24608995247978
67316203938114
13352966291785
23025642459143
88196795227471
116288995435709
125152437751092
31014728913690
126752409752962
143248469599837
69745582166923
93018251245888
65852232373864
88843452859288
102616986558096
66403672656944
152813058839814
145281454794217
87434144470257
23672497347057
86536271615690
42157834770169
122517348606058
157644988175277
158055964160431
22062623260475
133645049937273
1558220972194
85456499625846
150369326103832
143806324153521
120346050256936
121325333648509
68776278475724
22676478402555
119335669097808
143526586855811
56239046678670
74353161809102
142395617627944
28728250887250
28863068423010
162585565072405
73464655137526
8258444625237
49633836321985
78391160702711
40281076432442
108538000284780
87945916641458
147244335060531
143920177766405
44763547261022
156734980088758
47572030502349
38495167717805
128576182285123
41108379445773
86822342390988
21597106194928
18389564295463
128455987901967
116530221361535
12093301349778
114066542025045
123934243367931
139751141931631
82640858282272
52290091277503
56309343180386
141791829300678
141456607352970
69312168547599
4254695973422
93358368035766
74412742443064
79183842679627
9062878702517
127282394060207
108885147958995
11019024113685
150732277629433
146932290596959
2160003888798
115756417268932
36929365684224
16681881507565
80071485124579
136332842707595
132357771144218
158867545640770
81033788330182
71417278359304
84158198563345
98621579564312
146653104907980
95637277635022
4072937682248
76032577235878
67072118782452
62629352191496
114779882242880
18948268979165
77361344944036
73240964954960
23623062795570
100350300374551
123910956963029
76180755919922
45893244788713
128947192418950
158368549309266
158638095703490
133352130020305
6649379836215
22013853170401
154011597652778
13798145845435
105251915467345
131522891974148
33479558112758
118854938709096
33174080357069
77229234710747
96010948689387
128081204968175
123476158714706
1373655539991
22866118213768
40309464013541
145239920701231
139521176008813
109072170676837
19978662446122
151203309126212
149051341178450
12970949042254
75592293500460
35479654659011
130761727523449
50757727482903
30943631435480
82022880849881
125728325465823
118582253316704
136234223324686
115350361142988
69371081995104
87154953572819
102231490505355
130027917832115
117336475988968
99102602751928
88079732519690
48386312652682
16931418449197
152881597126780
53485220338794
34195474198037
64441979767806
20639130165867
132251466192864
76846077144596
60028709370761
117787240411894
77725021601362
161948577284580
111678384557240
32396678271047
79091573347160
154977120802646
29908166677251
126679828817271
31388442227547
89255375263068
50391964655851
138251201838806
106424483888714
82507411324122
148514549940685
88152192105623
158581969246013
91672308699244
97046660746019
75611473410704
158654218971685
86911183889580
106422269333800
91166611123382
69475153208409
152431894352440
119037175339015
36815989549322
113489416383383
150590969792241
94009457738872
58159010031291
3348585318305
147539304979856
23882105294946
54608847818169
82694899818384
49397884349156
122687434449394
55232975630945
29666647464391
66560770884717
158219943374043
118153265268356
155549164605395
60023932750597
132342743348727
78868427793742
87839780932991
100692300203939
35265036783321
58582937719349
87765254709977
94247784207359
70144558847280
131584625843620
126317557539574
59761851591648
42540035905640
126425802390657
156883526239951
25053976715882
152971533061919
68139043590838
34993767943393
147541781950212
45989554026658
114558385751312
138502413783270
10022052406870
141381637391895
664273479006
137305520210679
137664357926367
5573524801554
6091424372723
106053166226055
137323013194858
17379175170956
31765801269561
16075977076258
92512130300234
17508364561094
65374312682311
24049285736008
6301549288924
86205248637944
102069010976662
47252274178517
57696542965468
45735362779697
25524321448176
70290231786938
112093147499625
142861768319270
159261820584967
7175692234922
143635058814863
20395539091608
25265055892273
71170634205550
80568251990717
156953026033154
141557523336397
43064497651986
147733368302631
43372208048319
139133039792921
96055973533516
161239471225128
154953866308696
98715867732033
27752318198693
128634082505101
9833035001972
121638470855138
89644611224002
70446612817426
122095148033328
27998417063017
124301159795434
152978163954479
38774614153131
12686376648069
81402206497101
98696086131395
108355276901368
94825839044153
10285888707604
134722108751347
152389899484000
27832480648582
109379658032230
52819237920903
104568983253016
134963932118012
74046978571923
121794197908646
5617940873493
126492501474608
60982035657001
122104334762371
123513056924968
16236425192776
46058991825839
153241073471197
77780547066003
100843663422391
130100692230972
77658879432757
86235911592009
5967372170678
35831632105803
31795099346058
68734171640180
33260030752537
91245489596413
127760967277285
70569310667942
47435820208918
68956936414488
83277788184953
59156745923181
81062518941276
69382124974706
13239986438574
32698192680651
58285719465798
67595164939775
30517081475306
20363086315293
140657400484228
78403263743383
11053424949786
53055650197267
120409333402817
114792339139828
157109611214523
4324478688967
35739932911684
95887203079414
13290401027680
75840596674851
60725559447995
145284046890838
152718816368738
110155176043275
19683352897221
136519683788057
82296579295213
9673950424553
58731059402667
2967469082402
10746161946184
136057837710871
151575120415431
156969630476494
9023800353391
109093794046710
110430058996402
22152492606522
81063699430724
115226178772589
82183797466368
140816444313568
136961603773603
136183162483154
62626970303335
30136070653638
6229079494251
146662836690016
1208166915940
82640546639230
82358444851515
117649645910101
47372464147131
21271904241434
101304080803259
91399907580303
79210594355799
82705579342116
55204127874786
43237354490302
13680186191707
129088291185975
115670425415481
162881133378930
74646535586343
133438207749507
160805751296501
62818030622445
129810494312157
17009257595360
81633034663989
85732298392853
49990654994826
100464922244291
103392621177070
146602442466293
71280267256713
83139158134827
48136149309613
100222625275829
95790565107585
116045274895918
117226018281769
147842223325916
161987475160740
29130890736322
156262376804408
97395050301849
111129072498601
50444861179322
71808592822648
146789577432327
68693469747492
139776589984276
2630504758243
152351950697194
97739394296646
27328149577113
42146830676369
45979632882266
111521795716962
5462520155975
61738660287508
86171645271819
25404094419542
25022420181905
162044926096399
7976696546630
31236301440439
126867875340007
45307121131371
90891242178833
124336323524973
139455834539221
143600815064210
68077841288572
124113495328649
28170840245494
116214327372664
126135860782670
5808670328355
152013417823125
89400968354262
142644726275392
114858813699658
81635853075560
34955494362573
32214411321534
67073123050422
76256870802272
57105884452737
116782890376858
139425412430431
36445625952422
124623924811077
67235846992003
68227063277085
64800088018246
101044150558731
48276369934144
152975160301837
74516750893214
126629818190323
129892191385902
160711392096822
105133111083530
66583094500139
100598806654669
151730807666857
106060169078923
161851041972842
46396600502231
14278864442861
398172437720
64188096464623
84997624923909
87673611152227
138300207440693
17274686898373
148564167310709
46971437028541
61011070077784
110253020566814
121919938252
116770469372868
37473943178876
27063340656577
68589711020159
30777709172055
115165350540483
63004716727160
128044424889888
55610280501888
38881482585414
79172028573264
24624721208299
157308525377268
91520133234764
9643804119562
123141876573048
18425400499232
90104328101610
72664911744538
76127698885590
49513847290989
28508442402935
63746674151858
143305901714107
85855527778126
36079102669864
40396224794761
124080734867389
123907893751658
63527612201433
106355105624393
104670833783816
83594987622878
34472004267807
141121742494858
126097755707622
75439948869598
146845192144446
125798147282399
27045452156328
160840192988159
25776354423931
78460581811169
117870475449942
59829924221100
88932667650833
91208684311990
31007299205359
51323874111277
38232372325528
21030935866000
135212823857999
71216093147829
120839881381673
79166465785144
33390393964928
17783170083980
39557802829448
91328123929446
57874858821265
145029256139690
75440880134265
69880932825181
148770530319091
56981334144726
133937387787713
50723218869702
122174814057877
155324184333965
138174120204930
134453859133824
113611569468527
137295239100010
47390462960096
104117734037935
88564467170184
19966786507256
124221002498037
133430338381501
37073944301536
109740608777168
146820710080545
122166100840094
72605821461226
36139398770457
133983431340449
155586848475522
90626713925611
93849578125689
15328024241976
96843387795987
1395270356485
141994205071382
99387219099560
110377276958619
33899691716052
39979153168238
157724285639520
28311044204520
29215137567251
53569239064300
33791559529974
156138470742367
60096546758881
89240466072570
98302719140369
127699613549975
80893614204795
54082464737863
94025929961480
134166854549052
93990675759656
36963774945512
124618192063288
158067339092561
62910550390406
122080794486290
25390772720184
20315393512967
24777913728462
64092615608225
46583057388727
52767064360379
27667200360944
146261328503626
145528649038654
74874657312812
43831044123780
77742461344605
17132362967927
89570832289016
109713129902086
152576303989026
91707641766702
111384041598260
93486836269660
162028148984559
103210374948278
15648451916061
116131478331941
85081176558473
94409295746235
89672109279856
45352022906768
70645155050661
135770350645517
44846257209729
85459985941650
57963560640439
123648749879920
83055398648445
92702174316133
160600219515589
153222108879882
19169003810768
144173418099530
23461169233996
44390298401612
50496174104817
39540801387791
894487047525
160345563504288
40589884998126
36580896507968
46928561947311
56886192285586
111401481217030
100921929978683
20031373925916
78370950648275
96737344658746
29648028768155
118138068382404
85786535974037
97316113853278
160185997748107
135202314468880
30217421143392
32501482314102
103722389711126
96423422852629
7921564808725
458856804115
80843290984371
3767742683427
62085837877306
51379308374455
60391620353764
33471656528786
146896188183640
84793343592323
124508923984851
52773996454313
8926642296300
36581445029351
13953324160655
21169123255911
156344065632583
83742125574125
121309943284259
138535342578839
10291705393971
25314827932122
127682260727886
94512166814093
161164179965235
66306757378284
34090380940575
149566308766335
48720339545018
106627068233842
20301670282075
151368614700253
1391596377645
35824785153594
84401539416325
153066964372739
126475919561665
121432979761767
50564310580668
83256652018043
86160925299725
14623045006604
9104386820747
140063867497857
129394901556407
91601886014759
2606233129132
22998935663453
61975138310424
91667185582494
89493120713620
145707049931468
134062266977299
59595543078882
32589604668137
43956665772233
129832055969781
142901044550588
99548252493083
102121968509973
76764127765515
1480165000004
66989113333834
96576648837949
29417127872794
51908442531454
57777321179971
16343344394398
94899366961764
47138675143954
77873501397344
110946414759790
92666287778464
71825510030841
139081567986883
85036973841664
19029811263190
55020494447512
78638859956932
119392516353428
43463688478918
128784238720314
19963857187368
81238742575171
99451151067957
70931743806675
2272323498229
2722227321558
110627193010130
23710796590523
56534570820918
84665767593113
147860179613889
23875137101092
132007759530809
147457640304571
54070117073714
149930912560807
70857534174629
90159440012753
76551840219096
73327914844494
67011610358830
118753328859242
72465627939207
34749370023294
101981763682225
25641716175303
113471855956817
153002840032490
140693218842377
160304890185098
110163196885006
133724198331324
72770518618931
99958502401117
42587132456037
131120831427161
108761980242525
134542537617552
109995087363607
111906362855029
118311187654648
26150009064889
146070206783060
69472997732990
57470796261441
55206372334260
2085768496082
58893897838387
17422607230835
7789125000525
107607531704992
155234410512191
29647209367581
157103643851529
12945816339711
42799954330934
103809366731502
139791770979768
125173579438584
58516979352457
8935390734687
37054434462210
91272957229936
62693659679996
104912342532841
116972179732685
21878864847557
157834133251451
82159608102820
141443051304726
96971293591776
26257241649642
21546452744802
124383922593770
94454582556373
11824729285120
61047695980914
25071502123482
20683867406423
98611341478229
52286102023042
117766626940523
15975549014879
21899764653458
43736879940656
33397793088873
17805686405232
68515365053828
43332238441452
74993605251749
45615326688312
56056725691720
96059460106830
59025409229634
6961446519258
50918508788571
79243475681912
23819637194368
14055555862567
159875721898459
152188641355904
79909903523555
71978688492526
147359835563723
19906756025645
97634083607745
124685969551592
136989733855306
99840639280706
11847766787921
82763891705333
105113689382726
47330371476094
63951931901197
4175052188560
6728113238718
91371234268598
134818334703911
26707176331977
18711305828999
136388399513121
10936011391073
21813992684859
147291089189254
151004029714891
83857917160804
140685712506453
8849017999716
111216133490735
114119792274547
77963640253092
25208538294008
65837710717150
71810407499749
68039113267027
56859215831420
157098051832741
155106986421745
162744984189732
84113810645100
120872279180554
102696454549833
82450489361558
64129528230108
9013649501626
107364000107874
129371421289984
157658436425818
98871762540645
72461594944735
153249945134834
30649832902504
35993033479654
14204841428029
8465889335380
154660633524218
126424488025026
108152075436984
130974035459771
45144523450257
29940626311157
100144870266693
110974814720328
26364825794202
119247031219460
2148184892975
36040515719517
107594108788768
23073094762958
149196051720878
138234097283236
16553768370338
90076748881640
159059216711171
99320037690979
35626566351400
1986134329817
56087184792450
54870686668822
120240373791012
23888444045015
107303545406074
110626320006560
144708107734636
108719554247446
126415078808159
14338619590950
115637666139781
42213345953461
69034825203875
118497536680199
115185419196719
7456101381517
43945341810310
68682013189113
88554068604905
123714872300958
71241172801051
126141823898150
4938136228529
161224548713060
66502747739587
10929751400758
42770019629824
75353801351521
65683876233451
61040868437107
152479343656578
101629991608359
3849364011197
154315282332509
135750685978747
114961751863994
45208390217733
127589167719844
112526399663706
9631752376479
135221804083850
157695289089375
131005994800685
39601189828529
119023941682508
202121182946
121084937564142
9611438332001
35107436538416
162299876701088
83340374525122
159482482329045
131159225157848
24780215184717
70091793049088
33446199337045
33635335997089
51106322557594
26948470524208
155072478847872
101344438555019
90750305540857
34949268358650
158810418870104
118566756015555
50893110718880
78264587151490
61829379631892
62788898401553
160959382754816
30183509832637
150322156943165
18794197941573
36831747213270
69133352579607
33588963737231
141767402856965
104703459413678
154614518675236
94410337715800
160965940560212
108647859400620
45716656937617
86167894206770
51809778837161
23653210193150
153139253464948
135821264944477
119283452781075
17549617826650
130610220521176
151105949474825
85141587727425
149793517277317
61842133285360
42744930487753
42054407336672
161906914196356
139244727072350
47435077995378
33265012187956
68138720159801
79147481452302
55574873444588
83575038374533
93442092146034
63314715526074
135633235063664
97197853011141
135501762515800
129515186722911
73600185183785
104230301433930
141786065345020
33279262541721
129523762418934
7467207402279
127085594240168
137532837628372
138934840960977
48670842277473
62467038552319
110600493323603
108720855083805
70736195640732
49710427149114
152360231486341
68738113581148
110492956797531
33932876969799
2212393335150
71237893089780
19734641707389
160562106084801
98874985072615
51421958024085
34742601864725
148511748576130
19893600422520
54483152193191
13190439213242
143407650066525
95072002095273
60416322739221
97288360773829
35362599662945
106357804209052
147276526986419
32513393538815
125313739547418
11602999657772
43561493034049
22208258456173
105197873488297
1159551945345
19560311068132
68649370053056
144208722933693
12184252066884
13354007016608
134229060240003
70925536467720
132692320740327
59917409008225
162268514397470
93411109278662
17715746403160
56332629582265
19373715065201
37751836392914
161859161537373
110960308942018
118629758916088
152541095186164
70976328297818
59512488437342
86761922230619
81435465686103
160235679895577
77325729901057
132372237385488
70606859774359
17981152611523
141370813732829
85947069792510
107001592818731
141247477088655
13125583790781
83308836128865
26793302490072
134119651724537
98888400288538
32177513225948
62960608399545
47958481628796
131186947022806
137351709432317
91809308999532
42482053892671
82134719351316
33125701002835
37796338149000
83124677236663
124320302273984
91156280627240
100504485930553
30979259491806
56945334856699
138939986218015
33484178587274
90640877595712
116337426919957
85300694047911
1154008136723
26618646096415
106254140456306
128140926334543
44445960948671
1989376644730
86247825976945
15818773706305
42702695673601
60631016400608
52211870856032
124953838587652
52419842519865
52894266409443
75342116156968
158115149079461
102836274037735
44658199813354
140345851673496
63185537469866
122741307393177
57624993132016
139156201747600
65433216325944
151490523694243
106587976125097
28466211940657
98900602474470
10817155084007
10421650576242
9686860993227
157577374762847
98162326679063
19417011807901
86200038134322
78706576713305
143689605145824
132435930160938
79334632549086
65964304221962
21501986262183
132406364054617
15178673401214
8748373549688
39820350070064
61582079689823
100139338572239
154837848708426
107769120194609
48666460454326
105065166761794
5523305509008
47486975760842
78028261034903
97251728305656
12998340750091
82466828837896
50731625323165
87544428772487
89556516374421
46048541296854
98525401998569
99597975976914
61937042950490
83645993790787
56918913282337
138653964874343
112283766261694
97779793339487
41427799643230
150571291465504
148058989169344
150241494088262
35685403617489
60576564880033
29179393884308
162433929252042
46134923744826
48256112991905
1081660429973
87257634974805
89898932193856
106160912331595
10829654826743
126013306432911
132710753840175
129179824135344
74335247101635
154231402118932
108401622042484
65380352754557
93403140318326
113474422260629
52344419222169
42616198651315
25578098538637
47780528934112
47329106814179
95857650945653
22072953135562
3169435206012
4129730567181
102932317692615
47852407622200
99337328890145
21538988717060
148170866588315
147067593013261
4286156768948
91787088644573
6034981450878
44154816171354
131118082884664
88690765718709
134127794966502
56647973375400
98710019932897
37662997489673
132657362424702
159508338739266
137426263975784
63454501080187
150899745448390
159944835622339
19173232151184
62011534635627
33299233677735
124393659928049
161217771286281
58048276534134
5380789449869
80988046984463
7789350393998
86383971600916
54587625552615
60154866893072
89386267125475
131669497106637
84892982278334
146860683332319
39808708457593
69330385407492
54723437453089
66004916849337
101030894451598
31343305978072
122317576377495
157023337409329
162392869701108
156597184020607
5168143072258
3659428331913
48776463926681
129166156473041
160179257343349
17080784769621
39359495378100
120076896831368
93193373020033
102879932209491
116650566884810
37503284413834
147495053627089
59656138965243
10086200795831
105811208145676
98172009292922
113903791106100
162549365545549
67935907592630
141270605766307
112334979565290
85738662247605
7480040325006
117394398830026
87248459327904
140991650351877
41574156225326
1809687426708
49167442283778
89428667775999
126757779173119
133346460661173
25475188184609
118937104302212
83728700230057
48042187596916
70567825741850
30547432494135
29799554945534
20595730569891
159747784681978
135861822544780
162694622428276
37897981541422
60764934003698
104084366202252
159257922278284
123431828865718
145699988155498
145235914455442
47341351617461
22688769058706
130590129240507
45879276978632
6719441966518
10689987843184
27969840421095
63262882441594
113858442461516
89991870621618
396910129713
55553396915481
68615525755374
35454902873341
27850845734683
142089309009051
104097994969863
114726890499255
48807879199847
42823707776073
45367285410385
126453034538650
1506264442029
31799942304829
143769274041792
159646079475077
108634016701342
6657250614856
141113322750240
109484535352030
87751486419978
13113394911407
5234104524178
34871684094109
159357659376595
150716375549218
26846644708175
62081771106955
151386423623699
104497490482677
123007649383269
21611328128552
22993735370066
134623766674461
34223644808548
33190973290713
117680355279537
115589291983770
1698065048722
129732863241754
108915818525927
74996033667863
32480144756160
4361679297510
80925872978864
126634103761280
35236917068805
84287863613743
6602772101247
142598786575288
91110066703787
8442000828255
80572058622046
79566703157827
121301533016267
60139504277745
17727747068859
162349843542862
130427650606420
106208852659322
137108075171548
150028432126164
134470795512559
3841612961360
115695322411175
135418155532096
14456000766967
62539884128151
133347854262710
37424970397307
28491636207681
129380164345604
104171391372822
158216101443861
69693649822272
16647474010759
45757958196028
15102640212161
13186685632994
121054147091842
147497470262312
15443231190548
112281048408974
11552149226621
132072194237614
9900438248909
140367002185774
112976685098594
14827658154778
47285940370983
3136333649327
88317281170952
46624522407901
125326436672197
26527240288548
132868529235319
147780466533278
58570247124258
154496733118181
335749884916
119649299476792
9587826033004
121429820488515
73800435927102
94278374172634
8821018238000
51832871007220
152675342363384
1495060551229
159213042341728
147746272880821
47117103560143
88219701858690
62371442631165
128191018345568
101495499292176
43021071908626
128961514724477
73908253800806
30593014545838
156054669200285
138354080632387
39523718857118
23954515051912
129747712346979
58743933396287
158273279969747
80176464727373
5970223178263
26181152907175
136518259854567
4569637399088
75289714244927
57775453076238
11569666871963
74116278124617
41212242602560
23392550889713
101293643922514
135453856953579
43325474196922
4480579920600
41690578461071
125347117972026
76885545561042
92338654039342
14999181962508
134481164971813
26692648777303
82894525679481
125355310431957
101256126674493
160101733988174
152714924504152
114372881237448
86809576087991
77239529130496
30234935533695
32024280191093
142645900945756
34474900765773
84005792660369
55038488281406
46506541151887
17899856501350
83263455660929
22074979362028
123918622608068
122113725848662
51488480628734
154002473343219
24081984339976
24079583868823
86805832062813
143215089202407
28831228221656
116292467127621
151926605579869
155856595535055
114472476588139
23182544693561
144847626685062
48319857235648
74777725430841
139604432409046
29443343792740
63500503922572
118386547077340
2846914187383
54611460846154
107561747798474
119756433566557
119226221247010
73977696536375
85018275699308
156824605450272
129511079974050
147993285682125
15011557276910
141918905672460
121416974519712
91100258227294
99570048106576
145198958671464
150343159512048
151477412940966
47373124328264
105193869337329
154612489314241
120164692049026
146048113806547
42423929062853
68067438259194
141670304293318
74803587410046
119029565136221
143106032463979
17911593997983
138013082006834
147348824989688
151217609077881
7098886796462
24813931946612
88677478236667
58262335844518
42880473342203
31256215238487
139176946029492
146962066582084
154476576182094
88683928140276
54672377513561
87408297656127
9980600221370
35431390656709
61906599454055
38214086106059
94245340989375
21292218488748
12553577041777
5967409008396
159148943742601
155539329744928
161794660104332
99526131395394
72669036654685
8737923316540
25455508376571
146629375905953
51622768898480
161467101135381
139347317719580
71447274073484
125900093942859
118427228777029
78783242418889
143099527614012
68593856767150
28668955924720
161515484359998
152686370805587
41291407311973
160164120657832
74987971314744
101731050723953
4127531470000
121073189343044
84020190649414
159757259963525
52212229678952
129369954919443
32464525560414
130229598831624
102621117299639
81823497240575
68244002012161
138868139648083
22683157788543
25086134885645
75195582235342
29082858546246
141855818726823
109077347631022
12871003214417
150216662987084
102298471296107
1800364321455
59826248347222
120239896482066
162752431204236
140249370189710
59141318086588
82334268009456
36016388476978
51251863470091
158104287835858
106772628210913
136096018139219
97066291694335
150540611259400
132932817836654
117631016858846
9243680775145
24473052484168
136127752204184
117719433546266
54882740143354
12015935846502
54477770731813
21280477073121
65508592397580
20936097397173
127230811805951
141908308220379
120615370641113
129504503959684
49498188137854
119076403591107
74968165186329
60031593349209
70740353546904
123814020005188
79183189345478
25580080878849
58827414353766
74835091834082
137910474364839
41949291626524
84284958407065
38710795740457
16398436150382
96421375389141
151611557087158
12353814784389
60295674452273
134429574951922
42082389427129
7165408940931
136184712244954
6035956145486
141192563920149
78393209347984
42915574774872
10495082939523
24624541584614
110223224879308
146102654436130
95547061972278
80138366569222
151247195298039
68429564786812
608696885476
38969590131998
88106543581469
119183121617688
140397064488274
83747516425589
110834977083683
102335984350373
63491922591076
32072125139099
149337698539378
111547874809404
131656251324886
48262699094793
19754047974518
116661008387941
15303419428958
92759246547143
14526836139547
127022773859665
101276503625594
130380569505322
151176576947069
88059770280379
70472250369194
10091398176732
106446393208607
30805162068275
85475563873586
19295799946850
161325584598284
122201947449002
103071336532593
114941466346949
74366841310113
128010176246810
108682435633384
150127662946073
32760458255381
121394285920313
160314637944671
155277140181810
1702776126230
127845243316205
55264405160843
70480179566942
92053374138321
88247543957452
122769276515296
141663312797201
131903275733789
67816363127277
33525648896530
117034958207940
91296894165125
98808979822826
141759118126011
4929754842706
150326330166274
94685067547606
58207079346697
29284261410395
57290593849729
61667700248252
114779622401836
76043680423216
55006958273837
51433101640231
145418889235886
146188946756623
7164844701956
13066806513196
95035501767094
77985326715159
24267411624459
83720250558787
10967126938964
151547078535141
63634069628830
120033498849518
128811555660533
17394633463578
35760987462130
1400519481874
73322692037359
90774309246835
133417288763851
75242409505130
18249160778230
127819057824206
86813221420357
20413849664336
30950829491702
42255996747020
3474681395854
158606940409924
22521845420662
44223609840117
68771233211219
8096685401923
33192985083286
133416950154038
157045910296443
101766112754333
89926466373338
51818482930319
69499162212019
158185967813708
83847160521637
76066789380051
159744160600496
102031618822485
114211581324961
144385682850927
1147122003746
87208896025804
134351110972941
106201492003278
136793805748100
130104933545818
60671064541108
126727032804239
42759506061460
103585414209080
61179720660399
123403889691203
86741285161632
34360695358768
155896567127138
89737382583900
149459450719092
21568462347630
133904702314851
54993033227578
139268241869719
117391499736452
70152575682909
37735941821288
144417320465873
78845869119028
120407240554275
153095015178482
56608074990310
68238089247492
62740798440478
150003590827509
109126098815000
10113779364823
60660089335585
53725063988561
92784847875256
80260191391645
57354690408473
104726442161185
2130577309506
135223993964784
57706679387915
128912667879084
91879525225783
52397400014059
33202641343125
123497040780850
70779993611651
102465890980315
111087988902211
161475705981953
47126810535160
159030529326966
161175430147978
61188841197696
33548545618388
118028221860939
122786760662852
19217049549220
45141773952937
37145831474346
149261740452973
18872462965772
126552732843415
131052458092096
161019064802592
75352565250032
136741587766291
143293119810415
74372821588899
3381704813373
58031881334993
88569275057825
889101309254
16725650843233
153301578387343
116215053996796
39927194235288
51830738765213
113905766205834
79258683794705
87853860587663
101538236177295
81399107204289
101265072497122
65330480436959
150433639533924
146684935873437
28059092137305
39705285904048
135228953827316
77622894990320
45445131901107
92145837063381
36521999034231
44285026527268
27883128544138
128009233904066
53269993360437
17778237723315
22617703865482
159548390829479
92616320004609
23010415153778
75257556743666
101821474674976
2184293967166
22278160202312
71128585945524
13944924016373
52155846555948
94223204276481
60843158078394
22904892636984
52109036195166
118072671033406
138443243493305
109987360089088
51310856086809
14240512159575
6389788881972
11957747322212
148866697457005
37906473204851
148429657971382
125417203535734
109289920279891
114858092894953
38487428497843
109128092732369
56607126367660
11360287876634
81540177370882
90950254050806
31281263008425
122565851119830
25010163833616
80152720344552
26191168286510
65117090794291
4108733507817
106434224736440
96573273252863
12073394320536
123696365010558
154254619814338
127614180638927
132569104848511
101603221885405
32258765311609
1182802562671
129588758901829
84518084783699
80472233243004
107212614427246
4483553024836
101575616134350
13869012372260
130787212904118
122016504546617
16663180127749
91378900147814
101431286010651
132479699198167
127478054217923
137654639269720
48197255966011
112771592601035
54286421975454
6597264405356
11536859034504
139578331816653
82891168941678
148798099951549
140894873437592
117491217634206
157460010561519
26705298421927
70811066295953
149078592827808
38346677799213
26822842953087
23930857631940
77094841005849
57678131288086
112500234282705
67466267916998
80450721063874
18810657702431
30873709475366
131585992515070
31281384416511
103570447844421
15717469164774
66313273731944
18131383404445
54193640865613
25038498262953
154675883656947
153522987313473
6532892410615
87999505421993
39731073276367
73255953319323
115116821515144
92507238026636
118008676862772
125286758854485
98071496570677
25633809173955
68203257303166
22244056081881
128462178568530
893062577475
120866544652861
118157126855998
64406305632917
41486173553814
94696563181598
159365784408325
123589337861301
22964666088532
117583062483131
134549119415540
124985073947087
62957601165766
137401391817411
83727141216048
37470994398775
109810156162129
38116527912836
157005008962900
157844065009668
108122962490987
89618834546148
38148841296420
57669546692919
17429167193352
11675193208898
130733699168194
15095631681117
8786485265480
34217875438661
114393662919408
152655334716106
43530698259135
51954889407711
30384461293925
145755771770040
85751881297123
37808260734604
151038420759051
83993788082504
98202637850419
95645793880220
42194117811073
18444151351811
139771800029900
45871988433028
135164648112625
50146903926566
82314325845019
113501427273346
59960800077524
44505713030347
117895928084808
4351038627737
153649560701622
130198962078585
161906732894404
35095640797649
85758959878709
84312491168202
107893481564346
106021698314919
139135348323628
41036377364147
919684481183
78119837741612
34914697791412
149856751081931
14084622819086
64698823199539
93496519150839
23109788784665
42196593038316
114476087465782
17590927380465
97160084075515
141889026822454
21353076106426
105612835336984
31886596732603
72319643416342
54540134357695
47144104456832
46318689514389
94730002369861
67775685861733
106274125577016
58148716685633
26908881628473
21055360499046
39325662474437
66294967856348
827734423569
160314634758440
29401027853999
104828975925797
22917626481787
147166997246454
117839251933732
79767630123198
128348251106142
7560177819682
60025478015398
10598308084380
105117373354440
143155128542320
26293439278182
147564641112790
19162206416298
158451079225593
119274566425686
7634291745649
135552761682699
48306351239949
33922540617023
87572753548717
83928471596601
7238823263471
84303989524763
122788143747746
35825142624108
148187191730235
46277239996102
103494579866225
50357642953671
113145387355926
71459941164411
61890270781506
65736241795215
67441618503768
125033278421019
150407573429309
124875504300690
128540767773375
72929839864718
138053964198664
76192821894666
73181445753002
158117959948632
35708285127910
85705410262528
121645197888797
83814668896407
125059541605648
139479622600053
109477029943315
40190478342590
92576224159140
122909830482018
27614804402029
92735244974835
117966041755682
20247951590788
5096203704054
116433383022825
142735794288359
87628716560349
140643836385957
76611860993334
12148897470653
71721866488140
7437583926676
107891890609976
17201502422130
59691656055702
109465567971643
160184732857044
63881983543163
81278924446221
1969320008313
112279221069893
68074488357230
96652544214488
74380654651109
138754958523805
122311758926343
133994481577419
121513755565245
110255187200774
156502097730724
43998449862730
46250094948620
99926023818002
90460671030612
52456429983147
68319084076504
71380975972775
52822350462202
135714683174244
10140146249013
42543572260059
4175472206571
96944126833154
90264872219695
118146507820986
99430442389163
64403338837041
27108067082020
34247051937502
155695537602812
132736039586538
50056166822449
45351527695995
111280812484194
7748221180635
152941443591374
88415967841224
98239183529499
57597832477839
161269834028445
138272455255898
36829397718377
126460660051068
65339789890871
62078223351466
98072640430894
64763369279636
56132805258403
10115692208999
9539685605430
131783402491044
103752463573492
8736902930262
120937920358002
85448819588401
162723008167235
69658175618571
134590594009451
84852470003348
81106674955282
110444862271130
139834510724244
3159214555199
147413641491664
36797200498644
130771927254959
19105054759868
32067566588682
77268554743473
139048322477429
33170201101474
78243345235295
110110304076787
28402618391212
91487847218835
70653956049586
91048133533141
60260135795696
40381468400744
127230709418431
22366497564696
76686835592080
54870416184319
17653416885283
135596097277405
101487168032619
66890249282973
144408348432662
36698791418411
18484206722193
119068100846990
49185296430899
88896294682128
151657647817607
110558527287341
116799569631625
140818533414968
7925114132116
94097078614293
118116881103085
31955998252300
46864579202618
89678140639831
97740487824284
79503567959236
33128448177440
119333204782018
117809539503679
73156068311685
15036263694539
62659790961819
93005555976202
115659902400187
87154602998259
78684154407994
20119021706813
69230674211249
75905972623964
89441979390353
119680734127441
25715817970897
104947350709218
65239857328528
31803182078798
10737449134200
88646307590807
91896885836365
86304336566281
148946809493596
144424933414791
21118084313644
113032022103995
66481668961755
130401152659377
21238588403490
21459346169367
78047774554601
125182473440003
18479710326313
96855314619273
108777234507879
1035429607905
71990699873975
45459157524971
2478253474988
113944389975750
147637285001949
70374525522616
65253922120973
113359338994286
158750634435291
157577035637476
74552142363767
38751023098824
74892741875153
81305740135668
23943712392709
39649686849690
116755300598135
16016716891367
101091865965993
20515313112285
6862599306188
87284289288407
104892874274752
63135015022485
134555716057086
151065455550691
135785446742264
29514951275511
36666208181661
157692830885216
100203840816361
11940589229695
73798360191264
122083919391005
118150938554679
66407303912260
154205415239299
63175129423884
24542019405101
92499611754249
152427826303770
123920680883348
73810502902149
47410867189186
54070008565867
97797495144691
146420488305782
25923903787195
43670489160132
134962445509741
74176596476972
160359445698025
102280843057444
91386488804910
118932808617722
105939682828005
6804360510748
61499665631522
63881638048328
141350871852755
141740821263262
41456836454930
86218525516347
98267166516117
109260263743727
113531155483190
67729242986291
82333326533211
47496933989946
43523147408703
48353271613630
23769945842694
28738421871025
141991364723333
160337126979559
20379727519809
126674563876073
63235360722591
91394310884235
107248786281802
87165335436442
150892953297326
36462383332654
44208787552852
112471524055216
155214914287067
127330087727353
153052196669502
132958576872037
82881834613091
23471852157738
18928089425336
120125566796713
49188375930707
33610267495925
42627063928383
155333985392195
62304753600855
66426968513130
125728086486702
35461591356078
25636186327905
95449138755355
49545391159165
137582721033043
155346958100845
84311605277944
53407886138073
84884289176509
29932038708782
2051488714443
57382610449105
12436664946682
8542365765926
146790004980993
10770226098928
91915050549804
156619436914592
104054576083539
94286181924394
13020117354643
160615583966340
102902447727561
53852962130745
120356275745572
97298248708746
22237097171754
41420331302263
66493117250334
640321008673
104083495607570
33482481931371
36700477193462
23268683823399
82232727229617
154668618101011
29770065843317
6566197254963
80229077763092
10740627243239
39709194039193
29504523959852
84161589856069
83968695729154
125994646356737
78431361677018
135374958718659
13919145635151
39998630589324
110001142231416
116233314082985
28195794688064
109412973791919
65433426323032
125767662920596
139021761436661
156584649630195
74004254994159
59295227481515
22519186847194
117734264519953
11816837662657
137126227451925
1236675797172
138229936573178
39654510327012
157200713226871
13660531982553
131028406698289
31493719075284
15832019004350
66841065615986
5948318164319
77796867227323
96686314588796
85954907089798
86196771367682
72927184206936
121410615821516
156383444902212
101153525518635
157652315956029
55718172649822
53793380724844
40331266040082
27387493560980
27731738155621
118977841455492
7866932226268
62595914290271
2247587496273
93679457546877
144981502062889
77031282287689
36650312171650
67149544876234
153292784712197
115839751617754
132787585049762
66907822074066
2773645914207
49383162214498
100788433412787
127829190327162
54423344824654
81634679220606
54316162539330
81385423193312
29721411720262
95903193689812
142163189366362
125793036798183
10391557804341
60577006300203
11398466457514
147742764277517
11596143427100
26482163280934
132670875423396
156097141376595
45443341040913
150747852814296
143541766195876
105009125272051
100158262518736
161669534581740
32655664473108
107011565402012
4756302284011
73476765606063
95786361780916
157333965361180
12415641260383
92415695953951
59365511043781
3506758597520
144375628095563
65843346631095
117517961751601
56879966288008
29527518090723
107041046667833
160797036071091
668989205793
17699149877455
158957064596200
40897407743528
91726673103093
82178221939689
87844031052554
125299738338055
38171875905136
64047001486711
81493622073586
99132644923775
116330283964155
60704351909732
96845446433988
151896363097191
40861286274369
144222158894322
34552016557180
47996590328637
39345171481669
61832039225583
144188535041944
80354756112237
109437370917363
143678259092731
139188522352967
90395249763218
89043130828428
65235378399096
89431180983660
146390158709403
101427963915175
20667421348923
144598332099361
14915915608137
84906714554373
6643392016662
129030143632937
126038248775570
16919883106299
157805191582112
156287715793772
66571022732444
9275713337183
119693011194658
1374572560545
4723452413848
46103454303
149510597861274
86240988653384
27775588032139
125408419243250
24982686684521
99659602283248
61318349750049
29124647925646
128901647091983
27444280938263
70115371962266
161987816783348
71026216304290
29832332261169
154723642523505
22695442630833
18813197233327
143816694486047
148307926542696
57172654493891
37159631427081
4112000122779
89627486693715
141863122138772
73559607142117
21870853495342
19344124876365
63805544031695
27038719422222
10363537641656
111645131708626
49240373101080
16375443671722
83584918124424
109233693961738
68016586522269
106396727329779
145538427693122
100920111642911
135736795571354
57443133879632
90575412567173
148714754090557
32263423789441
45544764136369
31152778568302
95264815877509
141598669498633
88385493631104
65996923765897
110770712252195
9270321935840
13390373985054
40879363285658
2685265554095
9716292819391
88994141112863
78893607883800
157294925993741
134022506162067
114331166645892
159443260674028
133415476026440
104148358467484
73131623667694
82085748981982
60646593780357
80059413600030
135565100742792
46665692841050
110703126793455
102247997896259
148713995045030
119486218108693
115390441299773
60752339647131
138322460449709
52862747714794
154995566303276
84509379819894
95161881320843
156484983675920
137517061732184
1353595906867
86729455877886
97029233499771
101424116003386
42841375703603
81808310016597
119863974541694
40942255980541
157090258171989
125958894541654
95298260824380
56482859757987
71791962024979
67598345829267
80485149094357
80820951202679
46144373346266
62775802994007
84235415405046
88385958993055
156647253525858
44946613988275
82322274081795
150289409647689
160317447966876
68413914120694
161259593191630
26123210832710
99654755161796
128391068397354
85628596960568
152435742074465
67170220431921
108164767309087
148884077819866
107087321746556
65869985969025
58592156447579
127896561307634
147966508761100
489146989616
25087166801952
134559404582406
140948534350502
104415332525218
105533361426222
33792095932428
114399685816005
148316712073203
131269584111210
38293698925838
41292322371824
122058426149685
83735040337857
146007299984363
15190828170997
51154750592882
120729605495346
121806140086836
67382182051143
86618372907059
79271470349
160758071063202
59336594445497
136913047491967
109074948860081
4589481601884
11592352006158
108174062988884
46018230794017
146771762144972
113184556025251
146157884716186
40791521330533
150361011605114
59981790082533
126156503570434
115102960260615
99122525920638
12374433020738
134162234600331
155426802003091
147409002482730
156034481224938
61883087610218
123100604841036
86755135209942
138003166124007
144992661556341
68174515074060
83758377643784
80842418332785
46532247026894
132923655222269
89247296344544
147741072032697
161960698093380
50859138368195
118336837887760
151372705358597
124327023101815
90974115881018
120206090661633
154811961278974
106747089881379
145749756925610
103667207174809
30221502754907
124799450354319
144195890893367
97704550190966
18541933498071
23533729058047
108497339625153
23455870311615
68242818035374
12715328207630
49193567115578
114607555565937
10546463158010
30631842382995
128570951550382
123112478635111
68736806402655
2329400045532
105576788335452
3240909498787
674228767654
121324619103063
37334902284311
70558042402230
153614246327152
19315835127111
113388486063244
20622537382143
18413853888797
33002565466281
53579272376981
161927886761746
30288549779163
18393629315473
73232398922539
94987636200424
150929131502434
50585245633276
87339656730831
64335784811022
105923712848459
112011678606802
154816232584583
90462408814299
2213860785100
124890139742818
144450668200932
41789896255394
44038295029636
149861592571631
28859433162586
56360538766932
54095319104913
40696782902794
63434001386032
16922387002804
103371660169574
140267341800340
114521197086698
73724877275829
55849819208287
45876246410950
96136923141683
16268045323459
64116014037926
90090342322933
51900839496563
47878927348216
129393140871268
5202455414184
89886324866315
23916233423407
137924570765387
115049530095023
144962942892782
115577883671796
140024114364241
29845115334582
112505474658103
115024295452567
139186410107570
154135267134023
59214076104514
85536655052215
105508987444023
47979795544441
141280240231695
143112683075444
151790116256131
14990974060943
112925737405249
72103287148751
154755920094644
92760584857042
44262173050572
79829450105734
12662138501126
127551660859044
154552532826462
126150702132109
79996933855922
155483207686738
109916210359575
144146682108258
107811895562574
6031652265327
389793367402
113259474502909
74793530465499
80887640621906
18553772723083
156352658117851
22718952545469
83917929645375
126352105661296
4909019952171
13083192640007
111282992255441
153625984213064
50930404207514
148525592624376
113270317290701
24078731612736
44419818897756
46161413149065
94789748031698
50628517849256
110653567366534
108133552492300
147324672134234
131367728691887
73399805209981
59916357922500
54843956598779
72877428631827
36035399147984
92103520044768
139634241197244
92660317615304
151671050105878
6011459319389
144107853251429
20708624358254
90827232129496
73290670724231
30662034133677
17006323712763
14386517647184
27950064778943
89616302893458
70403460882768
90836493542140
142116389002831
72476506912429
24239099255669
90671841596975
150835771001714
42476783831505
144001901886375
12419218251016
59838135464390
62797415299259
68983923687868
53240197307723
81098857408182
91254827429667
80348267346831
8695415389055
116193825420962
53578205204718
146774708814164
36151475941242
154369891846235
34560600295082
103974734266812
66286990989330
102248876388057
22839514974589
141237001516907
123280630354539
66346305245166
161301148158886
11469777348425
47621492291460
88091480894783
7662799031501
113664959763597
36262089167017
112621182093371
40532030844556
18462753674567
136589535888365
107596461904035
153579970026947
30130409499250
34128161116882
113725367524519
84043722968939
23526344933990
87906688095529
94974679836893
39924571219478
24312961279634
125251949451308
84949732432147
54062814694160
50274554682651
17935735470755
135504521057965
30108695485181
81814258662430
148224501952094
136855548205843
28844410056334
50150893507267
34644434996655
105421944778951
51549466297135
27374086022862
94264952211562
60426244653402
157401366207393
153490143651675
36028936567262
72866089483878
86685901960401
55753954482480
159590205465934
89403104355556
6756259813210
51794667837122
20404205376058
44960170327001
136408657491254
28442794952064
115615712121922
28966497699463
130212843179364
127438248394263
10641063699556
109810285465975
134234501742493
9193861498834
112954839927119
145411399266022
44804065221000
67375982791336
51091844720517
61204249630437
24218225036821
134477618024693
116072721265883
91481397694454
93344723971749
26165488959016
104779705476064
24226011065786
33037876792519
86388205121345
71191913577329
39904490106486
120807562196796
14137113236224
137289785403362
13569337962559
110723073716443
59413285688669
136845367956293
66116950370980
80408355016972
51658406627957
20887702828517
132751570790421
162117002148626
105290619920045
84723732222695
51134742084232
85271898180644
113520083329751
66470066309200
77812046723960
21820543727205
65035946366777
15521778990001
149871722300514
106531231506878
38931816154439
154456342897584
53500684741977
33529652698791
16431502052081
65792449115240
33625795404682
11455180787700
127007938766350
29177633531249
111404744979858
60921195968342
86548881180374
149516438290499
131831115703047
161504446869710
113829572152187
26544105924776
137425908067777
31546904761103
115150016167004
46562446376519
17554495783186
20323357369384
131180726087514
155243888347161
5389175588114
147294271851227
92041134812918
12946321460583
64793688932843
17060855620741
118908317622212
798794994098
63242628699639
114375284381197
161007735555788
26457005994543
138186467028055
35100597233688
147613668486584
2479276690777
7267060066784
64726590904666
116224258051858
153498912567214
94933070223365
62591050942012
14206111164340
120248579430132
80862590723291
109701748381761
108050300977089
44498935131909
140266894097079
49452684779442
127095065629873
86195688127524
101554749773076
116661721190070
124853775467325
10565471675336
141952365522048
47861254253412
158131714491800
38066629534743
70086246164518
117333560450348
126081938126933
1396492424169
14035305416522
138607797039269
148987827816378
3099014366473
149246008727416
97270205213353
113877563913932
53869352541358
38812152331170
74157837601315
35487663600396
126383244754736
121673597876161
72386879511475
148609698353948
99336288504928
124353671412142
45063492566892
41870614124911
21379615069921
65980870208110
91913256075801
9980381756106
113834739729123
41667153208643
128367312692129
108217523607437
104163501939496
26693944446560
81607423587206
15440136276039
71824454904159
138636099744931
121438807644403
43758455030526
139917764113372
106011282622400
5472209070151
36324681784269
86282928595581
99623617285147
120577304497138
39326529196895
28670609369757
2710749346859
144089234347233
39956544817141
40688637749605
60684767636588
92415954185965
53122015081706
69954502514842
113487903213200
24979584912462
111077861610094
68495273875031
86263843920615
107163809249065
91401220270848
133790735682403
109513468012013
101768775365397
104060158238041
46999068944002
109845031360570
64888160825473
46695835870056
563661621029
23854237996535
140337212993666
32107668931582
34799187355558
6345499350447
35209516270712
106749469869038
52141650355920
143406942763830
3547455520401
9136870120252
94998404376056
89185609049911
22524851292677
10265965900257
40270756476001
158770124003933
129069280984618
115894640960320
155120304933322
47942834016534
151386260363618
44683173881221
114814298480728
54062108265093
142816128339486
128994855818908
87118559763093
28496935713317
54081982362161
155712250984321
81508721725081
48659554878243
129019494725171
98905613819895
130340775230613
4527310308803
147842957438240
87368103625129
159071277420473
84585353655226
82858425104796
131314649537663
116296698056590
21567051434846
17843093601239
846736133149
73780299689648
22162685761192
46975003295587
47726736261022
94482787242803
27448282891364
110391632025431
109769250926519
121193287212585
81465284899909
120168185809239
9888173545253
65982120515737
118655027762848
125078000263038
93541255929274
41169350271503
96750060557444
88067425897842
30277168334723
142917217240818
155411213636320
147458434951415
42684206830533
115025044566813
155611589296103
65991037949582
89101395630043
99700809713999
19269128241591
85713331036046
148338414803812
106974258627051
143703082168766
159000356108793
61174102525392
4799267620817
115802583907017
48824934917081
110269096140146
145126986501908
43375321988968
99473330111061
26331261582873
93192584160447
87055406193777
18946566302869
41431731243393
102332970870087
78753653358072
122510874156539
84475353238591
97331758310633
70490346476419
17167231532387
101650800222405
54058684129432
21513118428602
57868890560461
116332285638910
54671903066909
35907772960166
162459186378872
118661347051724
102468236107446
13929193824335
40453018564731
4671103385515
109538686802014
157923127731117
127945929737808
141498272479334
161704155687478
50314234666735
147301320979582
154255131670709
125845693807945
150916592917668
19828967138780
99444203532870
66142672519640
142693924446578
19508015579254
59519670463862
142357326719990
136045364048674
74684624152512
24086018264393
25644904298781
159807401217672
118011768126636
142497110518466
21160175914097
66100850900225
6676771914644
74047036486256
25324323290759
13510503102053
151740731239435
41712243023354
114894810389461
32081671921959
85134086536638
59120836549071
113235571238592
8355552418546
40232852402235
47607311609205
82378646403075
158883059808201
114873318244380
28886034855792
59934504112988
124888780452909
110874417681026
36013124165390
67799699964498
27611146166811
69458439119663
37328869217305
79548751409082
95008751722581
48254191145390
130701813906045
131255036808296
138216956861775
58455189167127
105028049773492
32931074240460
35532788868536
64476770538337
6608985939075
20077520102127
11611647321611
135661084348067
158652191936667
22776682847021
99455164656322
149142984263428
31512629743409
71531644304790
150411057373725
137351152048416
79226869557898
89397574272292
106035196403519
32595221463956
8209974812688
27505604600784
150580602873965
75123814309175
102750690993102
51179411015358
140511173373448
106007710992079
64198396244866
60927749001474
133815002856516
103512830733777
62239628960097
40367892538554
117833667782062
24880439928647
14808533587476
162481270268598
71821626092200
98501938391565
87151883563252
49469759315428
7480972782804
128096072706408
109210488289827
83887029733932
96640080404205
12537402209867
82413214072405
63159048086624
40518053640043
17252441529580
119362696280048
3301206714677
139790876750534
67409199738951
99466820868976
69353757073613
71094240019004
34412206547446
91401983043771
99460631671492
11221206522165
52722148856212
33783792899537
82477296226975
114383007879674
54345209642450
133755941643845
141810305403322
96552168085859
133466132409719
30121194924497
101015171867437
39595359938990
105655983880032
23067933423832
124609308970510
116095198243153
119643659705574
19240819454567
54568557496453
100925807723064
4055456090104
131162558629314
66432619055113
72365093655362
49612832866697
45210117753084
156540905400416
150440911267735
140472102904577
133041694841808
59418964920743
73173216819700
35257330693979
73531081842929
129270097239225
113530273947033
128695569896708
63852102648903
125115076028717
42185222618485
140825151927880
97598907935745
100277168641518
34751596289869
146513965559113
31007960402211
102125795443194
71582510483259
801118363994
152615976870698
158459558760896
143785638402582
74411204667619
98794777430359
88490055142654
5018129043682
39594946865076
8471108072332
119752482386392
117416379452507
136707036015888
129754858053638
35130250856092
34803668010793
150252664850391
147326731569685
92384440660808
78922453691594
51617816489205
117199889031223
145881646277554
48419921401976
79947880251946
28058884982713
138775534201339
70531990917365
3738485248286
142815798644890
81796643935714
18711942650408
95689789835182
39635064578716
54678179120539
9188330708239
151384809324855
120798288432912
64719978636832
162858251281178
145492819314743
94388047625762
2465193127993
44281429504776
2527686810770
104347552536725
15249057730911
60466978592477
20051129110890
21809451161329
100506467149390
78345364099496
150718595281144
14107591166888
55471204052460
64108692580007
4911869552820
152402489733890
160624938485390
24029592759561
3465137487665
155660755185963
57066307869484
107607599190140
112693592349476
98049705131542
41553811565135
18205790710766
139767220853409
3815045577411
147488532389116
72143060690611
51528393256176
22632086146069
16116503352809
133932620950073
8261969049971
108355366657542
12659521468409
141778690402408
7922966142066
11940103016557
3526326404979
139294579715860
125976565359676
34583657894092
93311243020402
85848697016659
156061456680001
156346381207766
119920448508887
13677901544984
17381670419846
71923837458966
1843304829166
111042262454077
66859170860532
84246279917664
140840594694522
47615279048769
99925967335652
87897761359512
157498667611204
8036177760617
114852865547616
68270565668741
30290038461175
103219177995571
117683868078195
18693812313987
62649341068837
106420208064076
72926377744464
34798144468407
5927789626583
45995483967564
93900109618638
62372569037485
148928220702661
93679720366401
21247981826651
92824653380672
9166898716765
129750819245623
119001125560980
30569667290905
10686108469525
120393218670333
158115207538467
13416311669643
153883912728946
39924693417535
98964589355594
46843970386822
72969561617566
2176697082665
116747582963329
127710372216082
121260367172531
104288112306421
56202485372950
159314379181647
41469543350262
63835938869482
108902490946200
91462750241746
112413777636272
161084454597008
3212084125313
68547154509308
11888724802947
10757883797204
152410988703167
42681203891904
119586581525086
87499719323755
89017712486377
90532710003651
52415467240155
68969919369526
73643294966107
18547749561444
85148196767474
135610439859595
132680305850984
76535984739044
121632064860848
48253361608138
110895219613165
105115552782545
117036729903336
704240843839
110815209469634
73604289889687
121252913996361
96796275725578
45518335102452
7336549502546
106532169244783
79610234626238
100078216455204
25457187561149
87886413618082
120312551748821
81695568892413
109659031077404
128811063503393
70294828332728
72814383889135
99968481215191
17812119196894
33407853850870
153805531072891
50505489945502
119028833277863
41356425201743
115282817340434
26280052885027
72703583010240
20945623775829
64119122029846
162843779290665
19123487596935
93923610833777
109107884900908
72442836816159
98409251443990
4542742247865
147798643903853
121986865272768
26253008550166
82639413506155
54797578754308
1351145697404
120853558716825
146225041525090
37212430958431
7738154263763
24111326855234
106131398709340
1216335908864
113204683991667
91117169369299
56319508120387
37512855576060
151919486068197
157641907072717
98843611239454
149478707061286
83689676553084
9900790685771
55088627852428
83227409981058
78968736946810
65939972901140
104061129603263
76080629351076
29486667642902
89190363988617
157807151210395
71786272971305
139061819093377
41320134171340
110920500215767
85059240407893
132810130468609
130201614082910
13507568340610
147887026644477
49006363491685
159024976783977
88789971414820
30259271337630
122302491268206
84396877699825
96804969625090
142022843511316
87082303058456
137347256470116
153523876478513
136211720347587
131518457650133
71070090060177
155008330518927
107828826971321
115044285050177
24365328243462
70219494872555
876898054474
109086307561789
3404028000850
83775903957189
107189126700705
92917551925950
135353734782227
1655169332840
20107901336062
85211905012492
22350596323289
9040977344698
69827274142732
65543996926284
51964861222564
55348885488991
11814267262858
43821195915277
127459290550383
102427993757147
31852991776054
123725582546062
129565855634132
24684008748528
97869012968229
152897157515552
98079507774205
80411022514050
137357124378151
50574140488468
139416635217393
4221905279128
59571891739850
107204900602559
82348145066687
150856932647964
60528306295942
47177142735959
9922735038427
25869910211326
153309806678700
2499946831333
54590856075885
49827984609977
53738726247794
95591860751053
142889655582712
58982694755245
43293253901692
11014413016574
60169399498801
86014040683129
121006424136106
130854599481174
3184650341030
71210631755534
121488362240804
114689981247844
138283318403299
36311893390085
11708785601200
76622954494791
16205731352508
13571613000955
137538762128295
3144268946517
102873904908818
58580827411998
162760571186443
146071263083870
161822022314886
134141687554023
83011679066686
27514318438135
52094182376471
130741302834439
57273782048540
73445917164293
52652392263244
136187734302782
57695360326291
108717201777929
57823071696423
1366431601358
161792269311896
156932086001848
116597870624828
67349068678151
22868590288386
79529246974694
15693555589186
10646754412835
12538672134672
112503672370631
136197822074761
29155189034315
830715874323
107162652667247
90815378313331
27481740117112
121945898868895
53416008921717
84908089651437
72165596383162
12620121533304
142397831844608
89485590756791
119085218311446
129210511518533
54928741735720
34548898133878
94942786151203
59057460447579
148503026373307
116796647663173
147822967554979
109417102126339
134585038007737
121516174666281
102150583865614
96906738370530
64985594122493
133455840297687
106833748248693
52803730022266
61043468133509
87504909185951
6220359900452
29095756841005
8970494135366
157092125397197
157243614479732
29673870028078
125101348872206
49007302152243
142756452005904
131289074514677
71162003230714
126026003756949
138528615079964
67959201079100
125302552114682
48603704701541
147317966019142
143023964787183
101003340527210
148821128724933
37008661350963
117530746195232
131731981529727
121435455067416
118393648316408
64268032672737
28270328022019
120816273904096
135946697505914
13638058192970
31311517447615
83416838517220
74436218494469
101143805807867
43050252290216
54668203206306
8496949010972
20301960584131
138383964327923
152333867222724
95825133182411
41471267913980
74000451819415
35469073925325
140824658480606
149039077239948
2341451197480
130544803057728
15800101788569
108963263547684
130985444568783
53842284113207
131799737055208
59838922553105
31958019659469
42503230252332
28540965437253
19796336329403
19718711181804
104704268889544
72148524186579
106962577858984
81874947520187
99595381490755
120672478157224
150421040128915
74520414018023
81994620031276
77181981962091
78334781037858
158139291615082
111927186248677
4971165567695
115951326377760
45200523047623
124283679612277
142982106077196
53557084282067
105563943425590
16635460322002
152956421539127
98672531790811
68763552225368
46645293520418
12882817065250
62861014607140
84756464056065
74559306294073
111628855053235
130819370049464
129428459408934
155613083395720
158075124315618
70387916069698
20908623106156
142316906370231
101077067928772
122416961301436
156459118801592
128898320350724
146848914828484
14501721286676
114437069917253
10685806819211
135398859450184
123956613731986
147095663928431
145251541141088
130549732574165
5785704901996
41557167515135
27320864242335
108749787616966
19525931093816
131199473198939
147035086046802
122840357428391
100356928241339
161756246072100
158547219816232
119578667621560
68956072612742
87186249795887
89803880928659
124590013181804
110835430478029
161456367937183
22010851126221
161581467560916
41800638513777
84534691180958
50418469643843
144604461478435
94188320799498
12107357646132
156363997640505
90834786231399
158367621459526
38793987776528
146930947089646
87782029759570
86109048314863
25404894643268
148518659763261
55876312874468
28168728478840
119885202519278
115986446726552
44243498670693
106528787134860
22928067400670
83341906146575
19032690704339
67734650558056
59935957747830
22995976010367
46469095333318
39112614738509
60966966870522
143830825565343
101436600384976
3218493353849
113467298388810
13483879057866
161481036330528
155254699613574
82230076748326
52230370675181
125024296338776
1193607769494
149112529161200
142355610277730
59568696776592
15645848559567
5419141829981
119235619292018
37636570888819
151349331087621
31745345757515
14147422144270
107055656598094
122488489284233
78278970262117
79858731519706
41167975015249
25967987656691
139500715960234
33475422191681
31226788778991
44363712866166
144179931952790
23940744826419
39127068072493
84248331267580
134864909800343
121495323093344
1764626948989
100199159284050
133981495059140
116901969341151
4610260147492
94884527212883
130047258770560
152409733691961
106443002460866
115950858125463
7254749890516
65505118764554
91992804704905
77225207008490
73404869009209
69723420053568
121384374054687
42058673950879
48688008153708
162718394946000
89964059962264
112168851519373
94739736225691
25744075824076
73201224426532
135500680656741
126697663747269
138414967326649
11003669062404
108495006245273
144588664207661
19664227004842
107185626251607
44082518899843
32844025906485
162885709449056
89667515858837
4145838407273
138455800077204
60095666889508
110899170847709
123928899148412
39759309162742
42997839404013
119872236174325
65422250016342
47954170377268
155577011962384
11695480335029
36200180066927
96855663585981
154152470938551
99537939671185
139659939810523
23686071542869
4543052511514
114508402109216
135828998078811
99424151105156
71121959721251
35761780548072
53996593262191
154800181534200
3596801225548
153427608048032
105168359479264
154245069390667
24668399460064
26243327204503
154172837559052
97953186653235
121131597215018
26776835395976
44951266739962
129435470335659
162661344236282
69188192534763
78386807668632
75065849412793
148259708868582
18291307193294
70010563474014
98315004807483
74814685009326
47379119816694
111461268087878
71048933567140
16856065370637
63314511469356
34266447130634
11870754470797
62711919282827
151611363958328
147762675213198
158122110576376
88587245012007
39828793382750
44822402034439
66117076457996
71284300274307
105845977406786
139071186687534
43621753158919
54324440085917
41972038239997
103680737079308
75104096812343
87471804411790
143212789839769
28230427958301
119018134891635
23137465227147
910396592434
80534814121724
137384879341568
56732803357122
100030637560813
26387415456508
42659495465886
113277003636310
88660452183227
53540543533471
116816350065359
121542563055730
92166888620421
154684036708061
42033662647868
14961565279994
106866088340248
67569189949827
154487691599567
55209880856538
71046119461063
74384487279714
45020963729448
119548552527768
18274608846033
152440053226102
135159237926224
67837343541437
78265789043353
68980347645582
157889953332880
153262892196660
160618679913213
58385452553340
156426570694471
140319882210378
31037695937805
161896360002509
37976658514511
1041007816751
8897005717457
132328057307913
286279021235
15672548787556
79812983345147
7440440714397
37188194334128
9564239887614
31510080292626
122366039152446
32981890352871
132397919702541
123589895579232
103211444579255
124989897731925
153409973274623
109212419018041
145440432330953
50542441625834
109273771338078
95499669333729
19212179101218
65864628854193
32764416140291
114257428981052
83824562216965
7480487748299
1323004820632
68119749943021
113265963434230
27028475943004
33450011957983
31058693713687
45404974640269
32863695655604
147839883664701
20409820566128
103746627494366
107733128711755
152238385037911
56879555144289
56861116510752
93765662003682
95045008172944
95103859051581
111514086659403
16216881713927
12843756101815
37463724469783
45200489302582
63793817913184
85655306238692
94184094623747
69695304121500
136753864316881
57111193198398
94270788588337
101831588437843
138058194701656
127485679793358
68684039504054
81730000780407
83570728545127
39589723457110
20989131941310
132784163301213
106891480741268
24851171947754
9431734342640
37680997881285
79378546791822
114423525328620
63769849215464
140632569657278
149979786590069
153897577070721
59619985452427
35856400343165
57230602093658
72212990100549
109736961056708
32762663748228
27208748066667
71898295142505
13611220004041
121424452569420
109217027085998
22046364641968
27337349936735
29731003699478
158228229866399
137020140824311
58765689699157
31820628171640
148134135408643
62096101347758
55288288626711
10473287579609
52788371281931
111719955957004
120557310247503
129930293579244
110491761696934
39087436950995
143514240121200
92618872368404
127411416345880
32152191162575
47896280827913
14744468873332
158936020102687
33225718654006
124977118892899
99072456935729
29198009980737
110948439875580
81771914470912
159462433321321
121214485295730
113786553101915
146117570545273
114961045375818
47073302298994
17947126596710
136397106418674
135382653593372
42674538485624
31482217242346
142569400216640
116099256999025
76760474812869
22611731791600
93254704023814
58530166553380
156060667308716
159722062581684
85147144275290
3124389095557
61018474732353
115142938910987
49924106933621
55264377425239
143642863864503
47090199214914
101703243839464
121626127826391
14236962557967
113856439519995
62059112683328
112533281383810
129819491946539
46668796160568
77963835750002
70973694278797
130897338701884
13568120651480
43986047885462
91199872645397
138349622172375
89319683022034
22271375767866
88825518544607
130109167906277
89843677482145
98338089367884
100951087269814
86026696865725
150043353150768
152153388833235
145426798430895
33579870744449
71982337510407
72508115614946
92590996216896
64568770203655
112127631560944
79379776384180
27247707391266
386496572092
90971940846104
106965583289313
73739635038486
136037651870686
81270170405546
2164537080969
76611335399286
73232447697614
101607904558728
104319068660323
18169852705204
68789040042727
66782927715062
28716497608664
105411854024315
135319875083538
81460532984381
61064653070084
125022458893112
109700131495038
106408448747726
146093712752086
110982766544932
118759361941420
142875323948251
23279622038176
159463647195376
90552011363623
9327610105599
156852509432095
73762232280177
54283301549412
138164367928588
120804954041780
10691366803539
108785269978577
67753117911388
145851275069113
97799806662081
89336277972928
28226590594234
133301901296838
71176280034742
102063773829769
62902116668066
15605758688988
33326006176926
145754669520443
51918180282885
59696565721153
8081015459064
104895282461025
10637488649972
14017709548902
142742627486675
11227748727175
105492302060983
16892735489770
102315721493799
70952411119506
154214775725742
76284869844827
73204550140196
129233496686624
30262174768249
130985282658484
110919233681085
64363159596068
131726903712497
141986954911874
17954647355426
56194471428532
75168735422189
31102523790789
55086689949055
153652834235430
116275345314952
97373732467062
21792137574742
12601206624904
8033275527255
138922307398530
6726538883982
143041562638624
144808684083971
99487111330637
20279278084208
77278554256850
1734884420412
69529773551587
16643334800316
78689645495863
84681988976128
160161536306040
32260505711474
112428287897417
94874202412076
14954979066425
56754442882333
62059871366405
80721437549896
156351551492612
75236570520296
47917673747859
130835685429545
125477995632303
116286603046850
119847231050552
55633561320544
81371240140425
13780429622212
138589426143340
116103438434404
81525594133364
81656095957316
63985520281509
128422967235422
157941725303885
41999399581829
71022412229235
122804581091693
138327420898699
9542374915020
126901720114974
137806048612053
134616905931758
23238438581340
142295148958697
126945239343912
537719103130
1072608586815
323856625905
19768993483735
85523868078325
44249008664998
72793057837139
108303706893940
93618279578569
47792171337585
43990988989810
48640412437153
58179141099963
144976981325191
87894384855369
38323485089869
113734274800348
49320932320893
108182225507409
33512973985569
146146209319072
125160532334778
122719119399759
93146293121031
137496285512417
66647088245660
143856486210938
73033962879174
36051230524628
147794142591455
38486498739033
34971618026106
112781618979060
6902504476052
141594376894843
138867527355080
101977993444379
128819472909197
119547254716752
75383794893670
43871008231060
121217332821602
111476635714138
11373939631663
118122318049705
80865015680691
33090814373934
3799971165575
159477464096289
129789529299917
112710099107469
54536811687294
76578228131718
103263866106903
90276788429588
12359431259932
117743990227988
131759973737610
122599404701315
70262917601883
96204174280033
144938166424269
48105681171868
111261082497243
24771042985545
37976058689583
21427795646934
71399172234442
143862345537682
157552091177285
109418812626431
80533233299010
139699368258580
21458728405211
153217889352408
8469568354646
7401766018926
132453063559038
104333044682735
29779845194226
14474406572048
99632600657491
162384750127038
103485447845840
71266916151907
98369469432678
88836871880815
62268832366780
44015201853642
16050034236651
57420863325631
18603820912128
105348160050883
11392592989018
121942698554393
118924420809204
44790139110123
84623250118522
61312226758265
61975575148853
2439777905105
125718718256933
126828994572473
103511585165835
69867338737371
21800133745767
86503930636895
152540671080095
91239333790958
144059282223920
24246962430505
2201595808306
118852108974757
91169937451733
81389809801203
94001377397412
77945844624479
62180440754744
54519873763964
53562323525008
158310966632655
121500016009313
126707688468841
15468795458829
124272376534212
153452639060077
53372902829008
94563500578920
49574356874265
101404566130463
8365286856493
49156009371329
10886489528732
48212147344270
156136176293008
27155780164206
121286852741068
97032885313143
11317407637928
128656794258375
31539475378850
130501104374149
6971132490728
141405905795466
73817818316409
15438917669937
64367469081979
149981187914483
149147312762115
101048714763683
117074049488760
2118415933028
70992364390767
38476714226718
110143267722365
125324429717654
92615192886881
33427763117328
71190789840367
81354957851477
138941120597147
131438743569030
147852784754195
65559629571011
79751508441517
151478920495133
96183890238784
6265284279715
35804517325029
98495853612663
1748486561668
81462653512729
156554831838150
81857608264123
56203160746248
118887441808341
41841875817470
42994805887982
129712610876022
16436599279959
115716125106991
64512542944880
24203816340705
134912045586234
135185651504884
120627177225480
96421970525971
100697485071209
49036665426287
38604244891094
100800012027923
15258867568661
94896081801461
28386802896235
103894648366044
111125582815778
23894498235027
16892971359329
140827686285610
147528605994906
89688191741901
41674551538731
140937995663052
57410457309539
130702545091003
92500347868652
33851582555944
99508942421694
92422384039689
144929731889117
35561502343762
101244040407800
39660303851915
91140196882417
50356589165222
124987128285232
40349491284958
100309009107532
54557233744705
93534051736093
97069990931334
132137863081888
31925942448422
143104263374598
46016827948423
59508999663521
142413206179816
30082314708058
155162612110571
7912256137450
15355376594056
141181999934998
127969881147048
135492870883497
80482232816797
72923617912692
74486175450611
87910262558403
4604527361558
37022443212211
131099678128955
99428939307358
107431925744429
89226665135308
63822639566758
61062266045522
88604925980133
70401066307691
56983968360053
4931963027698
158661810688351
50125292688772
79951057261830
159025225252917
72228501394143
58896443023357
64720708455137
119098419945921
78663157358407
90460325187615
127891284406930
133676625595260
33271202680821
29844093885553
120820017854003
137266324934016
117682841598027
16455840908408
138690732875586
57975389828348
82206969549289
123896288308296
69671165455998
46296922566698
151567181632104
71380039823341
153036421457838
110479639308388
86852451270225
117981023659024
143884205690744
14609256327816
134918980364973
157260892972653
60976186520409
147158184012897
77666965773205
32605651710458
87979578340131
48796525227028
7958906033533
74982175167011
143183386569572
78973512528335
51284055980005
8133484508130
101846550273027
115549338644367
67765051798170
24220773361629
43407067571258
68894330847151
81407219204003
91748702369475
20582348144680
73836828708090
59135633328444
115477434187535
80300243560742
112916087711616
72072478745001
7348132165652
59176246295980
7412297465355
16668660817332
113671534295625
37547374045009
139194714405213
5356950597818
54532671941111
122770019106012
152827561815351
115345377203232
126299576163917
109708711461782
61541508604470
49175063481161
39591210762320
41467664388568
16560077745130
85813628030904
2275896783394
20403159213165
111736166730931
154679577453915
147481518437915
70776898991569
8872482883299
16736863455657
56420482897384
73451619056158
154375903072549
127101648092100
129024916198416
142728189739387
41783842297094
105857661677634
63914370348391
36353273587962
132479542246233
1981384566719
17735819934607
3432177194968
99866760896694
125124069600069
20183146109416
37586239344073
45022156181504
148095407079142
99010460577056
96107135083162
158779219638353
41495594386253
141932186918933
95196843883177
120336070830747
151071532497946
154834109043410
122744678379013
38500718580817
67141175583480
14969537933034
82706140407080
13355550063503
152095265234874
83711331391692
34718983531984
28688206894167
32447464812976
58576462925906
31771237573387
123319471994232
115643528214128
144240412498505
109402961587671
62638744484968
96893871459846
73518261278330
21644445733219
111082648605244
69383472089961
33474738001616
85691822133351
138061582138311
155474381851754
137615871239437
28918954110057
138812278743032
45770457417761
107080108479278
74587393180427
4166329470334
43805983849128
126014736844639
36143811311565
49222204532960
2946769404484
103762486136730
139724525991783
51893538306394
75917106690221
151761051199084
137651407979543
108476858120265
9720205212558
54603909822254
29972086727942
124930005882392
55952283895374
56940885186305
129760821792535
147171762870979
76723585517581
8396784207324
85079128886455
31174987201928
20279128329302
133067958170325
138976333487929
118530836081851
70033904066669
143563471209906
84515030986646
154491733051475
66554402686463
37952623063913
110307895426697
60624725304657
71161674962319
148824172972273
22911196382305
46794414803626
22505129054286
7338312912245
157881885271025
124015301497266
136278330702975
7901834971514
36416556845537
52698353172010
10364675651142
69970215651038
142230501824769
40146220726665
101223538996110
53484062714710
88556806254587
35460818966598
10413880040840
151014162457424
104743272466595
22776876702963
144771593886251
143327532752872
159987741181381
70107544665043
140188919945968
147615166125525
157529741469698
92644144375582
73348016576435
144924062255725
144943174065190
43711260060517
122303327365576
10345326842408
86979104365301
123880946413891
13538087259697
7211371422173
17817701347859
122111997825946
38453214698
22005281997377
107136465593524
113917963248250
140390599419974
118519790706645
101372077064552
34138108552508
45389454828779
116215469169055
80721913789882
23130063535761
28878726397754
71124590762775
128445746434509
146366137102144
25645729254391
61254316159584
123285017497235
71187687892073
129628414735877
112809232955189
32902406543994
108146832675074
27452168652148
12364376145669
101653513230755
148689955610938
35096342735458
92029466278167
65580584117054
145354075033303
88620986338333
74598163553434
150390634790625
93521493453001
29830608446516
82461717086173
82234327832015
160287276537315
119228461443715
132077735481518
46033655931504
86884001429894
31022198829029
79701194589355
434943723633
142650418455238
81985016308964
71550566436281
91444558500648
155198274890492
161050469176873
58578158282127
114829641571590
48578694394911
122679611372590
64685739045058
130076829520401
107505887163841
153036568388463
149107891849971
11205612741755
138193181567715
33946110581605
138947148934873
112166594990029
123182804493592
161605939135169
12603099253549
94903714927979
88197202126870
29226725490632
82786431169251
65810889268494
151193332215755
38911330988561
110726542238530
117171358452249
22375766036440
117003631881459
77459983310484
104080754451637
105679265231053
87033820827691
17656107049872
149273263486262
143799618597666
80958872885798
101845231858017
25888902711333
62536151738233
153736807009167
4159306714704
133115880126828
158512514371243
85272144245001
133837490942826
130182644579134
156158007834992
44471689765787
5432845307172
6153825294905
78179129028883
120968564911223
63856004030673
31360480416511
92246479462440
47500125999115
121414384554837
46194038606573
70727178985027
20536091868381
16717582649729
37103407441509
75644056239552
90306246164686
108509044441766
152375894242159
80375390686111
61558379672923
19061061457197
157244294256569
20563505999159
124923780735483
144818521654342
71436393635512
90509494752662
91717203453094
70299961070019
80445767641983
43083351047585
43781536088903
106271043109090
79437957904738
19406568045840
19122037917883
55907163132409
100677362393991
67778034226648
6673470241945
21508290935559
110433129655854
112250131347118
35211621369069
141951523306003
21864962662532
66744549375370
153217499692826
98079264776864
84239158689018
127094900592197
60363817958240
133663870488138
39290920243010
73420335504634
93380412061186
124694636991555
153374616509282
102980263485165
12453216390421
26967645676561
11919125664078
9981789433757
98560536438940
119302021281669
136868071812190
142448994778811
140729189771801
110592349982061
80634353351429
15091422300656
118074310404436
90382907831257
80598647673997
38749239191805
76644151324032
108856487904487
119179860016542
75647014272408
83561885690709
92620022590308
61862184885724
52801759259324
112810076863251
57598719063136
151008396375657
66304339965684
20710078465586
51612256022874
113039213422567
22838048160613
134365572935754
74078313003032
137639079388048
139503895165632
111704988164684
119480703376013
100323285338812
32448784421569
85297428130954
125922039706365
18838398706544
152176750196466
102760312452487
74695656348090
121604721789901
50378198441194
65878847326064
108662293450664
139690860718378
55361823081003
158838743152562
141786797250163
29027503157169
57134034938484
28586383605313
144305088314892
33266807458380
15205542019457
188752072677
59283030698247
92018483748397
47492232937611
61971875130458
64626531084474
129558453949385
26197356843199
10881915049012
107127622473476
29213255308053
17745570676061
137178908711228
84560929635351
13352332742230
60293946531127
127458360633469
86715740592075
867743847868
85619152197680
106190092529044
63882276923556
116834054628900
122276932211227
72994885433249
49289313143667
113969763832915
75635440102506
47953804259064
1881782843195
162042542726038
95083864788533
27818415719235
57150125496029
5744416533551
137830792822083
79479600283795
120549744726439
136486908999388
17244647086013
53907194637019
48380975107597
39286391801788
32522728837165
16792176784647
56113040454214
110111932694777
137925756396204
48973988141211
57520730391682
159770786992634
150378438831524
2878498291351
154251552533990
22637985442238
148297167215890
45829495885707
88475161952977
85860697365501
142116928452161
140331993708192
154778279670886
133067953553062
101020578842825
66775486628340
122014491382406
160142764319502
44363593889086
16092896965136
130512210223694
68474451182728
13949050738703
132365481124817
126695987698078
139839413312221
151194778359381
65465011605044
32955212407313
23680856459015
17561920239243
132330536072666
39618835576329
77188586767503
77337626370261
128953555031490
104482383641014
146820755943711
20991890584169
20911291738285
127647919671710
41387597413293
41918540786447
4841966363330
7031226690667
131086291867906
53754027453563
117934948255482
132295367537191
17372980981862
143673425128517
92374896523886
106488908135221
4509569917927
157184087607242
13659091186961
19287266325485
100223350843249
141046915073266
136229464166149
69639156518142
143377903586733
100404289084954
3547782303586
125815627736949
100164767952302
145408116859753
87243282941315
139190010044478
87731269199929
9248254900484
91234499940788
150316732374507
75064021211601
61063923068796
102859802080056
102436445258952
149154697746166
114915183527184
103625840093346
109331301200870
36467308098525
61734317608553
120281843848277
13435024513018
10244471369754
147186247314885
155677819413429
119450912927747
17609265093082
23871285856687
108617877842710
102170917001813
723151224426
112492924948670
106441729320959
68533269339719
104337234608398
40503551649175
11684143350914
625191418824
73304697823450
93955250272497
119143744060264
155595074658651
97126466692984
117693801891837
56715072436486
121235973994367
8771152436563
158820688746009
113750085993533
17226645062270
48455723366187
84830600052417
139567688721158
82719297929266
154795823920151
141606511698509
92274374090270
160371614560976
37477860014512
102374005579874
49670582624433
89373912411833
158711111826368
119241715258447
36840306096062
12508506771613
99898793873047
82252398941338
136913108277419
57367634594534
70226123495967
16090474834705
76484361485038
66756135958993
13452575539021
108592301886202
2586704793118
19084908137974
46360330935332
132158046324038
49969406394661
16279900211305
62009193831428
29760336515966
98806476374680
77047400428797
46925007328241
66478170751057
32063017425239
55557394299867
27460472463011
35239334706435
59515500329991
126742887417401
107824043848936
17647911176104
45577135552325
132791247919460
150031331509753
49837168773818
72462801128302
144866650560809
125120920794187
28397795276977
38266329258663
50769802023595
146658351995306
149917182193501
77746259150659
148257543556352
77354464461140
157771861841066
84316047898849
147180785242648
11222745108596
42055284082144
98840944009041
83877782571877
27457383510220
65278525067382
125347251573134
66926022813735
146248556425404
1224798551466
137783714787198
129769310605442
35279754310716
147239621786411
156551560109825
9301374628382
103616789427996
102681486699974
74785238515734
25305779059531
76722216231097
49278854597436
162328596878021
79707626116909
158143742914985
76968656242720
34865301686220
99524205832298
66378170526440
57111020345276
128758969330834
53759478520501
129975984289488
5847318316663
111672808785744
99354272105062
17499897580530
69019456247915
90038334878356
121490151472943
43381381312935
129328883491065
54975438466312
128646480697849
86867439110900
15692987229391
104568627736510
5911513453903
16625213990746
32672923393577
102377718228877
2861587887329
161101563494561
144574274211676
71450704769979
85506741091744
125657677863156
51074480993097
54752388755026
85582786526331
162084544362194
21838459799327
100448407183633
60754254772916
126034621675744
118920553792251
151852577928864
125409591265214
112586478250040
147385278752423
80956904776296
106846474023238
125096957069755
89415865708581
111717347540912
103104067761078
16183325109595
47368029355504
128452900852423
46354942179750
109764554783300
121256461683345
126779913441669
122855458114159
17001703583608
126567189704751
6116802956512
30088058445244
53402758428803
14468653022845
55122814253794
86394022348683
89651945163825
103473236170298
39512040620818
139356715301442
65291631008105
99591587280366
58283771264610
57204662350910
153833482735422
56165125153643
87631337589377
110224236042603
297947839617
85932034989320
58297369666006
157408820140203
68205942852300
38987417926073
38544897269469
104503449343551
11892847965036
115587797175890
123165496541532
156106228664711
20837730243056
77306625158301
80746525249804
78666267845204
58553362190565
41425875334990
115762534704741
134000139086454
56730252265947
46996262823832
4880471640100
133261317180358
58080805056887
69312302064188
149097311660201
121815234264460
132267277987253
126945795298167
49711407116088
66995616452709
137222724293069
47560094442839
73086230313100
98091776664919
130359488378979
161537080493107
81165294441220
40988110429724
128507220717726
76472300493017
111221274425082
31332840143979
118514552297411
28152932112408
112815639313103
98292582649699
49804599515107
35706158115144
46312915355727
106875701629391
69750091521351
91184146529246
29243222200032
88415121898623
108755020102156
98490818333909
35781666347193
107563508764237
70767862733055
8912593425615
155620910111163
88408583655772
21135227335511
34271530842786
23609341563747
26426251422481
37078284206913
41515123390828
76987001664394
126317354099698
114574420737449
43328568010420
148442216293840
51252068511377
62903401344643
108758238810577
106899310144235
71031155650674
12323413044616
107744396127280
99413927067413
34058649100740
133285331344469
111604690643159
135488588111671
93994818132407
13825268323973
141822794498613
34343180658669
48180238269897
43686134851914
25291399789762
4154877329574
12930354267390
110480035761883
155826851162514
77142519731839
58452131869823
120616111281582
103425875463290
4336240797929
65436977037731
108436827110502
115549565381700
25605634319518
82453707096911
131695336434250
74039131495250
41579811193030
138525895960368
4540848982919
87223751002333
161084076448422
105147413403531
83885530135867
99931730280237
14490215495839
25199966970940
155790866897409
110104572036107
8938936929063
124873490556686
65688545693642
146694817389528
124203162115681
114072289303522
64212332516170
98759213797299
137221092360023
9138984767542
55216014341889
131058638799248
73591576927414
25913006288745
10536334441799
102407971237023
35914519826261
345268499608
76725967771656
38996590467202
110426502345100
45804455644030
128353430469944
14928378174096
61814502612096
92940463022230
16525262594105
49605860586596
5074222728071
58138297471731
67873725119515
88801646186666
20836908092822
1317877584536
155711371775679
43905308093896
153403413195496
70156166879964
123979750218725
5529334555128
58811714004073
22969818172141
93940270369890
74275069607654
91884197180827
140867456613264
141553055297506
104991714499016
110420543543330
161548807152848
108842354286736
27908755971726
113365159875044
139041226902491
133877973447614
56145080555292
160581214828676
17410948714055
45781247490706
66571274550244
19194917372112
50009613896170
20618662165694
114259029730659
148534838700373
118721777278333
114987967934328
135502177935878
10312468938818
4067719100609
8144547850865
34653973177327
74142780507604
146964290022479
26614238234149
59580093180191
18656753458511
89033979804861
44892882875916
107320106716652
35244705653859
22286920131889
26264490631913
136929689746225
34547197494525
100304296638439
72283522600260
8973767298616
109247159881320
34094415306637
13624650514753
130060424797582
124787363923710
51126157289185
140612807190475
56838880379819
12416325805935
62265211552478
7386804953141
131012191006522
105418902387826
148059635038076
45317059771615
18940881422545
8708151056082
94096644643517
49953945181466
102761574183570
29403598609297
117593326481250
127908106625032
77433992961311
158835315763038
97912472280981
25162252928099
156590307499093
57153670987899
92985701768818
114443935437688
127872609894925
132549790457977
111760366975055
112768325921159
100152765423022
63697563499272
87447756398055
36146664775590
81939837455010
87828386776713
117357885117229
90101990816286
30942941778508
122696217754360
36269244082940
63032709117483
31507811062956
145311176333462
15532137551974
140597110988414
119312069832831
109530432061792
94214457445288
99393184861215
43856875625226
143105221731193
106118111872311
99075745638546
162228878749469
105193879174220
104701064600615
64872373847753
105344755807608
89086824521385
120488001984912
78442289903793
93230942410711
23139715988812
102207683825201
121283564798627
38978013476916
2487323743534
103282751092431
145411786402868
242661110083
76357019605015
162636435996350
2303204330725
29665716149563
113389611049425
22959061824877
9337510015561
102019303213604
22823103135370
147886987891770
141466769432631
132201509569650
71689187736327
121864737635870
87743727555005
33258547451782
1114205703224
77038716222960
155355861352012
66536219071137
146932917421510
62269737180101
110511103677917
28608061120258
151539389271885
64092203496243
144997259308686
19449899190058
58037620691772
7702568134979
125856786986812
102231414813317
159874309006684
97389858723323
5649889657544
42827200624805
155976042290432
148597600390305
116296052332230
13817018443987
110024094902052
56938696571526
145477640409170
140646294589361
15434205223012
46775162680960
66229378468944
131968625418582
54313589312279
123118923611371
99435370580259
162840436421272
84538514669909
232624056083
44299064640172
160462837302242
58601526890811
32452172319572
47720032690828
154270232135154
31531292363062
117626169883265
115582521978463
69435242492499
42254245391900
42190720740416
56396691313469
149083584830888
5442607304753
48403006148687
68277572923361
103958120706309
154123019531235
53262363917039
140126582173503
117492608933356
122134831210164
53623750546947
119676308752881
85402061821142
37487596430903
72551319628617
118414321055093
142886443100529
114264704433905
140125309457912
102852957936040
121578380981708
79189917131918
36453672150056
102992322949375
111653849672169
4744744872363
100454840625058
62495473280171
46726801972949
75244339490646
144577355486576
159810795795035
59001807141514
80179991715788
51715968972642
47527695803661
151229966045549
112005309243181
137803494820611
4843754791881
107786978157716
117420293212917
129982758738009
32532547619588
132351453146781
31347363390688
161310160666072
47691017241835
117764914502992
14520523559130
110632819506371
89757931248803
100482904056573
64006637671190
6960429270337
72249647841582
8658979098729
77740678549319
139971296132123
115075746909855
76556613050558
159522553207161
83295255037842
122473745103456
157617572871168
127206471380976
69983513016902
6157541513355
129000289551870
16533910160833
59899250008116
43611668788484
45402285414705
92770099178897
26597284598888
4976320659944
56368944395834
108040908558467
70350691983165
58084053813319
39777462011698
54442968175065
51619644945748
24456502757571
81689940306122
106405708310401
4212467036818
46157576690274
36128703461095
67321744201114
151889759117706
992723842507
51337579747345
98443840887461
139860330452654
13211016564419
123063123021058
56395217210885
118961712070173
126444455282499
55751978739585
121175686973747
11654253699013
29255624060005
80086518427785
76252688543452
78117496748215
73307007626040
78446018740595
83609885649739
50022989955643
44029562565557
144903332761804
36421661909685
56030735005750
46995242442357
77027107383128
2364082099163
113052295593347
67763955222618
141753419334225
96714124560036
10317412416304
29238555488114
137971559302075
109021000441960
61016973694607
50068430941867
69281665620304
628536184663
108540908777114
160606393299547
122664372537580
52998931178282
82689698188515
106833155803367
97137432926283
127264219239867
8442106467489
156806116695300
55082606647640
46857941523129
47390990832529
140591564155359
104382122453887
130610852415424
78436367099730
121706483571238
82500922840122
33796335294683
42989558473111
74372517704081
161086574591969
41006847001726
73037767205753
127791802918297
122875583157840
151556078677555
112266886029346
84419544398836
67730961007781
14833688474148
61884416782696
29610141524836
143690282679385
30959987310181
120497064334369
156761719885401
78535364470012
148970399992154
55188910026034
86547928571742
157257359698475
67743686817722
61475984193063
66905813414236
121332435652647
28747133580747
93814705098539
145270952685085
87686156036445
13181585928866
152119272564884
27319785223048
62263390617720
90841308863554
85994262327395
21109446667480
132308371693180
29505198574222
8420535165891
22932821878971
63704614367203
37120666828347
30182671422901
78222463105860
65118903407234
80031801957665
96641519989613
80604341026359
103268211941549
13389821421939
108794272844710
161186713755654
149482919212222
12925271132892
144386753410890
131285790940606
48826571805549
122715930558339
95403298404904
99016968343116
144834756487120
83525659008826
70532617638948
91423326869234
11025597136238
61846560236109
100099505944052
67614953395395
7000962477045
138060018289588
79555171026479
107958168069815
108064148179673
7350848849865
142986378509443
147043534082829
82212813839114
55687580518189
127505077969131
102106566959245
127984143527355
143624013327211
1220901548570
83464856102939
155723033514118
57721067473577
2789010883801
103691582036423
153175719606108
89744522890425
49751711797551
36176215624456
134456419241376
73734487189063
22119094889655
11148810466415
58401339021509
47047103071177
104290569481001
162480939168057
152582309103186
116947349057810
34510610393558
121160217959816
9691506185961
138824627596892
144644211614761
45557343365257
80385646959929
136590384886132
109908145415587
125035708029431
15516634104829
51058908722368
99261624079423
30398368249219
48728699740057
81938124408599
124377036917882
115924318019327
24428774719087
83403271787220
113057237957109
162814741208075
133088817746033
156331607984626
47649175305633
49237536828471
102827718279070
78586120528740
10670243742296
148150186734753
121488670420387
32581329925880
30467099850793
765950523069
41768954841229
65075021593467
99614514049874
128195723083269
150987973466083
88012422262638
11802813073783
129824369205095
130980595736098
155585249663890
69228636529589
29826101874737
97002865231094
44854320119341
141669445834535
109674648466100
61683028321671
14228376812049
74176922497187
76002899448853
16928543754448
30581030446128
113432053668163
103344711713943
41300990980695
147027825218292
10922763944095
128623869475382
94130152944408
4760200535584
93966674462677
59733465114159
20179094922976
42605495757080
75048510533314
59051222166145
138827091541984
78190226554122
105694409356658
52010061536446
114931165884367
158596017759562
63819978021376
22729379614241
162211308162679
7199106672564
150032464500561
14882086988908
31777144357928
159996026801366
142822318931170
50715124913609
60788432462624
68730601055003
33737178577797
127415215571287
58434030372464
120452540681531
140167719234999
108072082103325
33520109026721
98424101307613
5461665537661
34926159995176
12903100329726
14635434790224
134687199775375
121341782317431
72621642884186
106706425375971
116854689208527
115314666507306
32460232900903
160658597582335
154801099703952
73803202603484
61181586627992
95964533909621
158672321998718
17845469839041
84408746326194
6913829674424
64938675553695
139397329082354
89298438256316
5377148756664
19411390066578
132224598738590
12379964171119
20001423450497
23956915511690
104244872570243
109662574968672
139446390223450
78770469576057
58629036208377
125699664159293
144296348468941
136235237289371
155088507112810
25605718118073
42184237596213
144203751729338
130895761605938
141489299952556
120886972418547
38283545054035
124311633847358
29338176996524
58413595282758
19497369360903
98731915064711
53957782944708
62454545964026
103732603563861
148736515148348
76195537991287
105920072762969
149460585335828
32459350085528
147055636252125
48780293945265
73722953788069
157489052629488
68228418226904
138779021963055
32782295423885
24704824649440
127788946960450
51566937806419
158035232897336
143597023695266
141474012004744
15014597717416
57446970472956
23855007204626
89491272255388
114510860663343
29851690601891
116449967147568
118310669301449
144870014048182
45700650976875
74119837461017
108619044406912
114808086290075
92632179719911
100029721726411
14219135550785
3354974251816
73116308347778
107113638346190
7629647818644
101875470057031
25155653137318
150502943038820
142365644896352
79309840585119
76850888107143
77004620210272
104627857275911
18272923909585
91372479920066
29726672705630
124521352497433
134991361849254
69236335903895
76290825636099
122052003753243
52378928316161
160858595592258
94155319368930
1375969081781
154937540582385
145216432734721
768080112240
76883805122468
156597335376781
135982463535030
113940159625150
32095565874463
138778026693587
144895259970393
105654041824265
139639267068153
60861716145534
72804974213336
87252870540898
4335554104765
117380694207297
47274049013358
33888855537168
106496807755504
60273324674577
162637911015669
100445832801574
116258871797249
96453181147365
27421748864277
25135388862351
128821214950098
87604262128840
14598481905032
101593152248687
124482232431670
140202548354176
46273883782087
9308091284896
75857994106548
141278577222482
34050299330686
93403527717049
148296839419034
27718735460231
53042224367064
6934987645173
119568468657833
40506588322429
90164271136179
70648012974836
33670387690462
145887216854326
119419784481765
61417276999889
142312164352128
6383630719892
70982049068174
56393524826748
92693343024590
55579912584308
83448295915477
8500629172802
123692278651681
6511927392819
6898846460309
87558775624642
137068898656288
50059038111377
113052710379241
110333528618603
105910272999557
117614343110407
95978095243534
50299110871256
28263302235675
158494209249962
46829192818264
18280221680249
14425460145647
158718555531199
17196991352035
49975881602358
85917986558115
84698464856484
9641079265442
119512115021854
48014017463336
158590300455469
97154955504495
30453182606701
3780680286465
137517309297497
106874394030518
70615604075690
101312491249792
146074401582337
55440387677589
95830387075927
70072956853828
16195416065989
22940867706088
152346737409665
16557257746768
29694097580747
121304559313438
123053895120678
25773950352872
137275313761617
157205988002249
113497701644395
129218928903881
54702645797167
157487434696839
46753231500748
122346626342081
109923272930928
27318848473369
140252223806294
59910483717326
18117743162167
125151976986217
155126498125716
106230548815234
46388191847425
95104575375785
43429783481847
144534100575519
5906496484224
133125861027729
145759693395486
4842027357729
125504016515197
101052345778376
155463590724591
32411875620367
53722790537431
4214785509305
78472676820678
199843452107
18810297048557
154954309490777
99823978092088
27477026211071
30328500241514
91058895838350
14795837525105
89228591453620
145519463499779
71376648810863
35397553670377
133960398127690
82837115043758
42974846809148
47893272084857
38675510778209
86566089907188
59875397955262
6505141252714
75444854740730
86816588505285
21939527018973
46666812160871
97505477299419
147564054049690
144177784723502
81889901954749
69925183033741
146607895806920
2259673699821
53619403306272
90431421841884
121847056226314
22963293858054
5650720598828
25462485546412
64476838699600
2870977299432
122683774603374
158469984353260
32389917145209
73716068933894
2905340418715
96510167322557
5822886288741
148909343622316
47632137313470
50623524283692
129362688351395
47026917520396
47805190609521
93595177608847
90793395851490
31163695188189
118987979370905
90964407074466
35399092728080
38820708749680
16630116001790
78405865631290
77061261753509
15759157558189
48961900578658
75088795990124
131486581364006
108116961825384
60622477556629
105000119394581
15389311905338
156195571164987
29978033314478
62292623936782
67739556674384
70609525971361
160290260107065
111290117526804
131410455224388
17861939008133
120226202790252
136483610370627
14926453446959
131985923101003
151528300450836
14190796290492
158643995227204
91700875440575
122771987392240
161056415252333
97628346853435
70776787488959
144532944371625
59958836239932
41886392306893
162811535186853
156595940889238
152894314974734
100198736948756
69155735392071
110560842405441
161664016684328
55931010090340
13435876126023
78516424459300
43070847920436
125409415157003
118048181511136
99112048355915
134428631692804
58726644441129
571416253359
42221340007459
30332822696279
54451063536809
124648888812974
69184344229018
84373851925930
101385628266511
8497354158959
71938822196957
102740002151467
27709740251857
96940668181433
97031609363719
116538237432202
142943667496651
139132330563660
35489180202547
3187215532260
9528977928641
142181858487860
48631792350448
55164476490821
147056307931621
82945555426043
12953837326045
9257847965044
12527909482872
79707862787985
33629745482934
37214127112708
62905922400556
10937540725185
32838214817967
151514721685896
11106163455383
72078823315506
121506935188589
552815686194
60636074087759
49115519754696
120732989290183
146436630361014
134133015624789
49969664683821
88870175533761
140953079932835
120955501740147
127066736044697
8760078319568
152944917701982
82550641436530
59141637507331
11066034236075
153743198532665
136370628053695
46856516902223
123840035618330
103642708507075
136078517518440
37621615689737
102105862745877
152741422360599
146428533539713
13006794552988
141251550871857
106247569371130
39231736533420
8456920039636
31642513923737
111269969627862
112967189751136
97720100622691
44834817991790
87826732539801
103370263117096
73412842444895
58922750158799
11820504894025
71817292889067
87731327930467
8696243908990
81565936438368
40601375081454
132574018399188
85897438675191
12521383467084
54700870386260
134882730316345
36522401103558
75545631527835
121842343763606
13801799766482
147430041116689
63269834926527
119378919382435
26903924200154
42871178195206
15606162735560
78551412217426
159785255269896
39034624328921
151250681013116
57434156304954
35809012560155
135894597267332
116950801990732
54702571905945
137998649003496
71853577651196
136972188905326
131388975100392
88730483686770
1865384287413
103725687545829
56090329969159
80046880268421
156825629925365
149611500367804
158328594975875
109244688373731
41632402844270
44440358583426
120169574861470
59509078925114
139716677831993
112655867456000
8391855251015
150291999850872
131473206008038
129179286345819
103424378634245
105304422473993
13086196207643
32761720321891
22850337391693
71655105722308
111212983871576
69828135720954
52563544489296
151540446316397
30435242408843
54096580621546
10307651458999
132135210356586
104212326891924
141512760625007
64662100032880
134536192729034
152846800567401
162097078244774
68756477211776
83998533367543
100625063106932
64946746735738
87631821552393
5898625379076
102933973665430
142591841603368
126161521973884
38351835237144
118620893411732
51433157091794
123601450521421
32042968422108
147630699136150
151236191198837
81511385532700
41234757384168
79024659539543
56243538482459
36762473425034
89776625222248
65161291408059
129160768368647
25967037378345
124972880356367
137180735173791
103986890386503
106984894973470
8512433771338
74749645586525
3122930479658
76484712806464
116906014078013
110053112622005
16899489106527
19424571170191
150315657501810
61871532137476
151271951939698
33573030346609
43601791151652
92660069859827
94116442009196
26897388015080
144094015241230
62364666257960
150277115643617
31584594910831
147121565768934
22717062575698
105420751016156
78551547376540
46113960389859
67897024018702
83610727812986
110993377847874
31923589393207
17416915119504
159004183537776
91181160067830
159696442411371
100505634116743
6288824282596
37754637857704
873222419623
109284621695158
142436437738405
81779851878723
142127397477772
32812621929602
56351911582080
41070604314221
58754225647882
56768689736544
60503635831169
32490279277419
118009184693503
59889144733722
9821152087016
20796001322633
118242808068813
106515541900412
52839616854135
61041817856978
105204208028305
58536189630112
157586672481420
95148484501144
75943962428208
83021899850635
50315196039648
81502630279045
55028007604028
18922973846208
36050963121940
132766299596521
75005900772617
60574251286662
114212692274761
138787811354298
78166535081800
11072438256429
45416882842762
107278258927688
47873742209664
106885851454
35876462850647
30380370740089
155291625973009
42072260408400
84027114735060
108207087421750
51004153572463
40048704219359
145494383771030
83437497331468
57313659841057
149626184693444
154965048158477
85047799831357
6687091173745
115216904277487
103387312814111
8813875465199
131211679761964
14504021972275
133059339896194
162439790183539
99427500843513
46872842202062
75770869886368
54108351298739
13794415748528
34092100445891
29645287819370
51965598827236
145704328649441
153063486625327
95669700029236
22141344450578
28237850530285
149533480197127
136197658802405
113546812536094
161676520175083
87849855592828
134326271216226
39273641289766
125578931055662
75382985985616
10909593141996
543247875729
157193925139466
111549547055986
110599069728471
43403475417816
76481659770761
74871735800046
153964713842224
13404398968252
113841706484668
152700884530805
137971027155253
66068168712893
92122299563078
140684928086445
156593106499766
143020846728674
101700348957327
7086805302986
51218304821697
77857926528974
83423087314555
108660728249715
136666786447143
10366913504639
158831363651990
57693347662597
23246342140415
65739608564772
50475998161127
45779308173024
37843812653100
109975736564627
25551052340992
113176141774980
57214096834556
40086032051013
141970912559482
4841173501532
4105056956531
119443447383253
55918362145203
9716583132149
9981317251889
1964064887615
47142623174299
105357165714222
69752728859093
110822594147068
133601553915286
140301212703004
58168189973051
16463002043244
55774772878919
100086310360353
16599567151288
120768279381373
106184142249912
137144318004541
128339093374953
60718067578253
35437201104676
130184563134713
130700611748315
32235384581393
103384481255457
93580374568516
41618581833109
30421746069978
39667525867007
22796408894045
109124566796052
89296574447046
150836778915416
92758011101529
140919261061515
98295069532648
150291907081924
8726875774238
150744747210062
109704085207759
126311532297281
33507807532354
76057387800121
88471705103619
156942296876570
37886728167730
41741533562285
19428429793254
60423594438818
148687334538940
42903936170157
10139243721470
56177977530385
71084637705151
22038963681871
109270937228894
26503356833845
125164316439070
24616468753028
154462155085705
45417112958630
38349595979470
85230132230625
49874219999510
86504681679163
19153773034905
120806423873402
35900888357404
86844526987344
90423241960386
42228949473785
135192471833173
115761709312918
96679311301797
68612580711495
125217860613357
69354410941338
160234269710148
146445997910586
141825173266620
31906878697567
83767049636669
68408196881316
132155423937429
88542252263891
75955126581752
3337847669207
126295568497790
101885608474845
65282907656862
79937743204042
68172061651908
99519629272113
29800225353205
93298869015639
123216679041359
161590551090543
131324718164378
91924196883376
3579108541336
128338099881570
3101998514557
138691531972290
121757423266029
69570833037727
77992562233247
35087807008183
25298467102459
3658149637874
28480528225949
12089697631174
84351661253161
90571886993624
72363652664561
128307880987874
51006273314949
8652439771397
5001422565724
95617017808017
111817614889487
30064789312640
113815324240299
121129243090237
158256487933948
125463229211421
32652275211736
132580128195120
117070235104730
2668107954308
156056211050761
125544936141126
7190267963728
150699970357632
78562174664366
1281028905823
45814793869396
39490491863205
66199580428545
10848464774317
66936388850578
63315756343220
109298819645452
99394945711412
7272406692928
84963868943914
156328765656380
103121146015544
156530533758206
31160703289696
64488513836978
119668718698060
38657969006334
133391388143966
77557038506231
6537618608994
93418066614650
135761524868981
63728346364806
109628060131059
98053072239027
71953943528320
54468936384669
101118311152613
124131249415819
14401855549072
55894314838992
104157517063364
27992019882306
70212437976836
117454241881536
70486821601815
143664609374070
142985842660907
101388733872175
12872984940952
60649596993034
113073309719343
4452311023804
73213034893419
82133893581324
146113826971118
32701175580031
159083315921868
148470328969210
141074013222338
113714796925824
56024204347372
75369905535789
13827391525313
16406779957732
76927911997057
80189470429053
61866240257850
70867204815824
52508137926508
70344383705157
132077070173983
88141539629605
114096749786030
10017878561845
19421931659580
124852368467403
87955385726341
141895477985984
7244341805220
70176980107567
3819711334028
159054688378618
5531885923141
74247745598302
90678787546167
110314477559553
61311861167826
158702417973638
162405292015602
97558523580564
126726610632947
136548844535181
34178842744727
144494657982326
72481581042897
159314554020965
147318120901774
32356573573153
132284198780771
65394093144296
97246894320900
51226419441633
140317094007862
41975086071283
113908916454035
77711206302689
51152985830583
136569970808836
109888090296781
123048048554546
19648381855264
117244259207102
91262187805090
72597184917473
25453410170417
103805537745867
131302888781477
28561903415460
99271715389338
131158484262288
151545974743136
7445689102632
30118866756935
42182735235672
107358791809736
109428460314096
113892170243636
45782200137254
75668263041873
138682816489704
9880259608240
30589897040288
63805447764467
38819288941865
128807646953662
87465203581107
123872001426373
95289329769519
66777102677090
42665422509089
25450172334457
113138657635983
96651766665737
56567647313644
143719631489764
132020619226016
24869088366174
46292343859167
145290274053800
96810857873038
108058600397496
76720143683477
3664772912993
4591526772453
2309196187970
118425856533868
146302467119290
48999143803791
111371076395776
14652606324518
37406334833637
88593317444054
224593619122
97114598487680
112387268277315
148040449297542
129029240889589
123741029820303
54407783782165
97903062188682
107164127154166
68769927858595
73279140086786
93968141138100
10363573434731
59317140064696
144862158999320
112685843341828
104743369185850
146432591648083
23539969262251
56334566799009
5159510056618
66357718499995
95308024333732
140810283909722
114678370124140
121557923244472
102842452864352
72828723072971
33167328675718
49366021999470
150654906740875
70442333850114
59877120724216
34918588194770
129185185123751
127600631104032
150955290122560
84320665572963
133327826061827
42782832860570
46321191463033
7763011437453
122626612055627
56021749072316
94540438840668
128192269822162
36453530674371
5274206091500
84386755084324
103028864623301
6430552527441
103822211078449
117723260082875
101781937950228
127546045315620
156152331100419
95592787570048
32825962643063
21024632359234
147573262506704
68169571393541
59956374805245
11149287404082
25896514575150
66374902276345
21895095794511
143303192478895
75396170262718
45138639392725
35784316430230
55822418278777
119257807805073
50472343837316
39264320531601
116037201338682
89023052819441
122028571994063
124176089225604
62858503656355
108330732270607
144595589921076
32450589635116
75772206706096
151773634252094
117552769287906
21649140636175
44682961584705
36203597504315
68996211740909
133566184662489
145221978159793
158101200787529
119568492986468
159825703390908
91524549740471
116102320908992
39017332769240
18854804851186
20878087130265
75011917657108
130923390480798
81126679058122
18100606596589
134631367370925
159136723325848
106842123453401
148474712982217
157753064795475
34212127195316
148334111505016
54150057185969
18441349742258
157127956295374
105729631626375
17938701033264
25431993636214
55650424676695
46660938444767
44331042102019
61753709820321
61270355023893
90814921120559
19713868096723
39894988745678
4368152934833
66214161518609
122652082148868
107772610768788
130757966275283
114069533801638
46283509779258
51404956543372
61884024872
26574096834654
25340798589226
36646191208587
81204816900394
69563211429530
147657235074266
160659526239065
20313075909108
105723893963103
10558965504204
41669102569986
52346360552344
89154835724158
84926123867414
129794571302343
36451771137077
47333473738324
144526006709476
111512467027953
97907744373351
46042317601436
160932420722082
83516365259467
3654484336007
150723672547831
83232395006398
57173892304999
92394282435368
35206511297839
129909468385210
2124619383738
19924531039550
28414020338328
119085476091963
44772094819745
156160232527683
70686910281077
54510877144977
128968018659616
22148457177869
135158148317654
129108118432002
100097302650054
94392441057498
150326088703733
31369732568114
92207424082053
25645191326440
2735499739796
103122955639077
71956029669371
49282116823350
149041550706637
153065841635240
33085448883684
113050717307918
45277172215155
40051401834609
36289289862887
84533160757797
39234558746155
98340790701502
41431037136495
150358355611384
24388738341797
38823440649034
125870362751028
140461377739981
109634261064666
83455890220901
84705154699381
127612930450026
85967194932523
40194031346964
80584550409453
67945393058820
21441129766170
141742728507305
144371551933022
30758760012533
64306507962688
147580803733825
25392997696154
42856081121206
125395050219252
24786516827125
111283829417015
69918971474968
114202226974545
56848721348412
47626124243926
118673417823048
72166996615387
138423217308474
159772477030085
70278044219539
146359826407215
5475066006926
139634425811433
137996468188890
140433412518904
142628637366925
108092257709406
20516513675137
122410710517926
141103008197285
141701124750230
89743576274251
49328942741995
29107958563267
149879312965991
147594890081404
146867857548752
92372445204232
60109439298713
142376488150981
55139266423335
115621039306966
105454009491423
58585342975523
4661395058784
140203967265984
5248331535782
87846714819272
116996225321543
1811214296320
5303129480968
124255389898306
123905089923378
42496581886206
45958074895531
20998109878229
135040044111295
20351242386204
26173362815783
49186980156287
159723256638501
162403052099845
127133699797585
116629104988402
122407022241730
70114302795195
124881348771467
37487900866223
160893872530534
7791910632910
88901888469650
95817092830586
95648536268153
83232255396026
71169037768665
36617294173067
139817193909612
143998774406636
96287920189187
56924935317582
119653217181804
82473800664419
141732311393602
114156333905959
141101535094105
128696515649475
23340855136318
146092100545874
47648363053769
137694201148751
89838085833796
80397305858128
96536623371000
50120431092858
145730342399476
147738013098779
119719522264425
50623783818330
86821689950919
136694764294904
126484107849785
134976110734944
11623456327918
39755072175772
42202399212157
157248816376590
127155080353209
94302638205785
138605521709800
59482122856132
44485855357030
144064752719814
123205387492523
148316048665695
9207795324850
124051362681517
134450376025392
60465832476269
159721738661468
25810636829130
82422817988327
70112519312673
72360992040251
39703556408857
95579635574787
731405216611
55082518591636
128279231702935
122146327184424
122566168763701
35402947770587
72561720685597
56744170411866
140865690371162
143636607613647
96445157168718
79298168574920
157847570009886
6443582683716
1804419008669
121020573203455
42169579204179
98185238745471
69140243218906
158826871956790
79617914267383
145016773186824
71242861607602
100277166713901
35664864978953
91383324421281
13953793879631
129324279667315
134632496408605
99264355083603
126443528237644
53694551319218
57114368405301
2665977594849
58524615930026
20955434696265
145018956601477
44382789020239
69589856577425
76083735398237
43607237174790
31790557498908
123022155844812
63246052372558
91786501337770
97920206996613
147628840787079
10727217913803
118156055500266
64385416859263
111952286006763
68596987335227
106426728859303
161899491539627
74020815830182
117286468251619
114810286921275
125676281872002
98232182382904
97876764658175
81889110771437
62085222677685
155595915515956
116104257051557
45053838211199
145594203443381
19536985501511
134612820327689
29174654069606
83167345739340
88196784851631
19383611794180
66011158160863
114208151879622
76667145603175
129843465276983
159827291928221
124542436391499
46523185417372
94858575792381
79689176390943
42724389191314
12175321155290
97489759986458
76493975926317
51116241807996
10647523132327
55012906050835
8109675039717
30406934803747
120897159900013
87911873129426
64053360362800
145064187296130
113560791145592
98577338759063
150560598547596
21139394588134
4612774376080
37988310438787
84918519345802
148028712299129
129630328868382
43792923282587
62000437932946
119409590978713
12629822388760
106253012963934
41056699709004
111964911972067
31480397900108
2634195509827
15390944746390
67032546060227
137840778105101
84327543909573
7049639125814
25419196850071
17760413997403
148554534986408
853700045094
112425901888858
18359703711654
132948580157185
91389908860744
3712543675260
71105689377456
53394891294063
8826678354602
45192166326355
125713559408502
36021106800008
38479729785805
52300574611113
159337115664048
160267764758635
21983605943097
128056422256675
13812030574845
88684849827140
8852309174985
123987761261408
150529691372555
117405129775315
58514655304680
86392513105202
50048196781050
49722873852200
156381982196314
87215608737402
32090725279653
63107180639399
146820995541456
14741582894535
73482767085058
32623892237092
12345714728914
79332045453284
98365457357282
63055983021237
101741627065474
105642848646989
76193250413261
115351690000810
15828125487399
39104234666915
30369344280812
108485548958692
109885615672837
119156345136143
51854121274398
111364149575917
108294579165068
135277285344524
6857553984700
40704493336261
46447601350165
71056057370265
129048638122026
124476377448675
13130536265192
150215491214137
106115384167148
18465545062655
43308314195659
162232105248029
116640928162784
63281282096334
85160503431929
101111408250663
89333029188614
7044241410280
26938400428230
45335055733420
67322032693666
91012107715100
103449789131824
149448549757084
61285553503899
115225099095874
128639059287331
2452021645198
29897663308352
10419947112923
60873576488472
46010157753362
120055238355350
35886257652273
131818823523072
65559564366570
127868215230030
134725080613069
109453629299887
155285809756761
139347657001784
24251878148141
61252106228626
138395518973906
92744279866555
95596864079732
61163043589812
90713171160670
99068593890301
10450300523969
145962257253491
17431717269091
155537681470253
13875433664657
3583362362547
275104023410
107120306221725
1906504711950
71559579819935
57298052066433
80815845175756
35633727577538
18259373654607
54760651980869
36052751350492
7061028938853
156545048078272
17069882408034
84992679509834
1631716238279
80069020778402
65662559855446
136599585266996
154919783580289
32918604592071
40774179017274
10174822096140
57974278428119
151165126914921
12079354205588
110215666559405
76934693348748
71892922967175
21588027737658
6802244896306
100601483275015
108926675369044
67233663504185
64620254924781
24052146455428
36013362363809
107007650771163
75729798630947
147822606344547
92495343527160
113659699197832
108415412316252
134713821006488
36590026862480
117805370754904
94452626758861
28368483823111
57387659253160
54290043651494
101845686354249
142840847965982
150955783509259
63210681181155
60259132238949
147303144670611
154484558844234
150322089227121
43265841512023
146932952753853
106099218823959
67109636360577
62942883049100
6329388254788
70472021430555
12248768376254
34727343614544
67967456722708
137093513044198
69655665202168
48792738420774
116652913318684
124554439143700
102216979581606
54232441592261
64002808092226
106660638887887
80218807263235
16458737239890
15879506464176
76182445570766
25743100322401
37148362502049
42167657007282
34591901764657
39115144826368
101080366949395
35418057612468
69338632401017
121127607984503
85202562760354
38548221563344
136639387344038
11083396625173
104898875287693
100285905153798
73423383196946
80046007014626
14911930704075
36244225525310
78528515393160
116492854139495
123009506836207
5426121221005
5067746347144
44274234111546
35640109858960
374105808181
39018355571398
55391768035071
87320452292271
9511480055271
55677421795731
81486373113285
73655002164103
118579944803594
108417016815270
151543025360224
151342489546236
119544642090332
47774012092681
55744831849313
27830130094717
89762621590805
28430488027828
44004112561349
119590006928632
146849587497341
134579736055555
27798361136488
21534052234863
71269685208439
57376662774233
47522936813989
102797945659800
70508183578693
138458616826429
82040956996246
8870907181234
100976763928477
84344006556601
75360089222798
18446463435400
119900777655352
145510168141477
34476401781925
37545687319873
26345561005825
20698697883294
114231313885976
80896661334826
41455351979927
22240095068767
92647884852420
102741822039685
135805428541113
95526393268292
59138764642819
5264711550471
126572764492083
59044451011175
91351683614141
98766801247893
118347970245801
66288063214298
123552137330635
126884518158059
146779461689368
106695519872581
91793607790589
94403868796636
4597609197133
88281139250971
50632179433722
20298623149610
46937407483851
98703932409460
18990034046781
136217641084788
144975777967025
24016970698492
16049674047641
68897974236074
52170961869372
37855074591598
127149356764623
39035333579237
24790014102480
144926822226595
137971447665313
41446434670211
53850974628440
113772798673355
21205840404930
59422546241684
95684034582567
59895214155930
156465914339963
117295326742076
25641467829477
128201881779901
37229901686470
20207680829059
23870870009168
51139757442712
22475960802633
72316460823483
101991184522377
131635578426491
2993037317084
146677672340281
118978640692685
18300724130909
108000761269782
161571940831198
72045534411990
119807344426435
149389354858194
12463500682166
68537677722684
106260147639225
139675434629274
68211874106949
72482122593565
684436081763
10638100753837
41065143501496
161876863178690
53800150572374
157681264742781
120373110438197
72949919366236
149922694407573
61744714905804
141496712278184
71256421992244
97631975841051
28954529252008
66528268093827
38606429285977
135825173969943
46045397103424
27045178178689
79801440892601
25629579934470
144690599799445
27908356113531
103448319514981
80192872586004
18682667974181
65064444345061
52457954475281
101551842680168
130924121069128
3251216947278
153638136037740
80551562232545
39312575606776
23380066680073
95091121371801
21209332625245
86224408915996
76931559290237
153441390298944
38786331741671
116689218945718
60718486181811
113703151077471
20911614616805
115010006223974
29273044293533
31634538276630
87628628670043
157300471704900
40611321943639
48502752368978
71228165111825
69444353698962
69201060997460
120678532916020
3208060986924
35544481434005
87936401695571
37159018668843
106463550425022
51300169029933
54791448309728
61188987130340
73021611486466
141559865490251
97269975498394
146517056437015
37208800186783
66721654797176
160071861992149
122676902639551
104869901264878
54185114255097
86459552278649
23057119054655
162034814176721
42702365785495
120807360394254
125371268027741
141563493083230
59503870290132
132255209929472
5168409677922
107795225707590
65223056444079
127090805336985
117560483916526
148190543315301
80787205837195
135551096551531
41358815679496
41740546191785
148634966126489
134971167567456
44314047279845
10258539175697
53427295283909
56177315699180
138393876649538
41317561666667
102980993824689
109614923308403
105980785948727
52052234113797
144771937824319
22506303469454
34163856605507
51600512447914
19506575180806
63488880455767
19850522322364
151566205331482
130911658684280
94710438352167
161037540613027
117566513382665
18975132579832
110106295533657
81605073093519
28291529960740
156436129951674
90961010214144
46956616500282
154660251065186
31237511251022
87677448187305
132260571015992
100978000377675
141586091482674
150124937088670
80995140289513
127840395043229
146897285874443
124955427749235
149192580430079
26057931065825
18806844583330
124117544651900
44206958548611
79710048428757
15493315562066
130044563917227
33646262284404
47328363613346
2396626633948
18438666789219
122377186555800
62145561522754
151528562646181
46672560852669
117269623861065
113418782113703
108479851270386
122717046091080
27921315369030
95907755587448
40748584365781
31714381275151
54445965999299
149598425111063
144642233879035
2379650246976
35931579467270
157414052622810
127670437521928
65978130694185
65953450930628
105959056231786
123091790752849
115883850531519
86122417444680
29824231543553
103199224360368
8677862667882
106424818714453
14864868232474
153276916707512
153114099457455
100362036438630
57171057923578
107057521240817
25974924320200
153798467103924
60578537217307
16252631534071
127722647945448
56583978821238
154212156174045
110107350449651
136218887967334
94116770670369
5800093921706
95167477025163
131884757345025
117095383444216
115621556177877
142666171363289
77789713983604
74754976525818
159314089226218
66129281108831
39167630706587
80742353411247
105295537232130
10202233277413
50404042411326
52204886169591
36147058877820
61356369111454
137415991323416
81919505926361
92604742095213
89063811597373
101537457508542
29108765329100
149103158727050
62223901568116
127127886439167
78889877509644
41602289561200
51424967083048
107500853243254
124439887700865
55562807811571
22722444834245
158561010591742
143650202225970
30921683780747
101037907912274
93032201500197
156635178704732
84616556642763
103316685395698
84266788716895
782591636164
117166610476922
60085832461334
49301740202341
50085881790095
135751181396615
66669157575294
157332122814984
46388712467679
37337623059318
147396884631496
46990396744072
31262802937196
33987982718899
71928708485289
145762258677540
149691044578685
151567723977237
54447420863922
12342619288147
68993490846929
41766692417785
115198530674542
44134955692787
8392357676697
151427810573287
109647349541844
24990999789248
51371094948339
25664729309158
72353152177336
34784910359790
74652525004265
31658518473712
97729519763386
34077586668206
139479987129725
41084684192112
58597949386570
32841242105101
122475504927682
96726667521049
132550617387578
101570201863355
162417124671549
22845242880999
96436245296121
131368643891786
49405135831415
158141741879152
132915303223058
23013978316733
18065157131427
6773234860776
40044264415559
110598137053132
146249153307108
116784137458004
80047780095968
100824329823952
3793761160811
19557859139459
151713060535362
95919081218894
15192051432508
151059745933318
149259070297346
94995811081087
113440746747363
3280743460512
49594934428081
154366442665242
54388753326946
63085688873207
126582546036347
21048734818371
63624239954866
28323187625231
140139469407798
74489174433435
120089384446997
20316693887893
56080498382957
68345131550804
109883986158620
1028491953808
19068469532208
74690820545275
79157706472743
78284662177196
34365471801054
122135701300775
95514701098847
95922870226306
143982657729298
135816540263402
128764792359905
158608264435786
14647149508825
102862718219232
78173183275841
121662761529234
62119377057091
111562094050421
120190779190762
144775476508627
10937324308911
141095548695633
57087522672255
105458830369051
119476812576245
125923773971969
93056273693219
82908159599894
119988512666341
16735287560959
130972396669133
74927763253949
20044666860011
77185935934673
147885472290634
93258076692370
47608722924221
58108508448843
120126031208640
14408819428324
49775099849394
82833305695469
35179075584631
40673792717383
61962381068019
64382430866
52763089280101
49997189749052
145742801514287
148029626130618
60465967018389
150903964707510
128037095421093
3102044777748
69514649815585
137504123081627
95046489530852
152170777759584
81577120088032
93958753830176
124325512722284
75377562718800
82246174464270
112542747306928
55617813069643
123454820193781
421794428689
13486142792607
126502128061661
12551215041722
103346894289875
49246021109009
14530203504999
13474121466249
156055168865845
27611482180277
86067745697360
2611223107119
92551259192063
6416332434200
79352928606582
47992855330492
79500007142004
53877795584652
126911509319673
144886313980757
107469447216070
113759145273117
160486079668674
28257333119308
7591104438097
154607548900377
30240354788702
639603777985
150135892902211
5941874373970
143283945229786
140898610377888
83337132538338
20416503425736
72595974696990
86300073900787
64696966531963
109450977780723
84890906252585
53776441490710
118689689446217
162646836077625
80492736882573
127323024870952
56740590901268
22123462427632
112011508868092
159072576078579
128155659225857
96859754710878
85261650122288
85708498795620
23425350575168
105973209736750
83233683789726
160660852756432
99925176245995
137793732145247
86881983144413
105899788103429
86035581070487
134862416166193
10433144354353
124393661128337
95191554721033
27055538610111
142014395434500
84424635646974
21689878849069
128350778713833
152426025744709
136666558810625
83897407688183
132081252286918
141253501680953
31244928333663
82976019026451
156096446563593
59088183853169
133893630943475
147599316767429
83791888208448
157217896383072
87894460890648
12545133060315
109051534634321
19424251368124
11282425159523
30895831623571
9147430305182
55257478047565
10384277060452
84414373096922
91553479639142
17936894358338
84498992380272
83115187581286
74495774081975
100102609104008
34717777045880
22010843654370
144593449982458
16653866242657
63859137981101
58684463639409
77050879626188
94715269407316
18318147292785
68747366929423
42514318259987
128243706786848
135046355913144
141365751133605
3007195608447
17393995761951
38248840071695
85927196476426
16073655491953
5615757128455
155581294436806
88058457819650
128167733093749
93441696316481
58893466503983
138557069456292
63705282485946
161714355004095
56301745094584
46950021936118
104289697098015
122346431642916
72248364110891
155680650469068
54264539857112
114201305356846
142979295242749
124712985724422
108113774881458
1428856208578
127389786177399
162334610138553
59302923321603
144698567245802
85787596329453
2819869950152
125989686591032
49663769340712
127041904445038
43604636718708
99713102712294
137020226573809
104145659238977
53514392851231
54950698823195
112421797981508
126374534427675
115622705026560
31069942548251
78682153084087
94288339548252
159125314706316
102503631369711
54093473416176
84574952060483
116297065815252
52008444298300
105870213050503
4853725384076
115203960226645
146004072612571
90268326863224
33140161802900
40607903809170
132534182022716
74609122417901
85418953094718
64267993853577
82175806955028
89755069947583
83094680641295
79561733234146
8303055299457
56680766193627
104558172820057
91009049707401
81102702410020
55563033467500
147546142265226
71589420618406
39434081130426
60909318166170
9476713914778
139086936537716
12829674443556
69212975576283
70535081793361
160996438596611
73271192780915
27981764634873
20885394016071
102332644194370
146969765849742
4729336260072
142505771083922
14069417026738
83361396002545
50894892630144
131352711045461
12928824182588
42092449363952
39060387124591
67050327728066
155448012852221
150357556338326
127560389725394
54991974039521
31987184433782
127818481166347
97549216590319
142765836176659
9932646826863
150160013149512
99429485686713
119161832052425
144041632335644
62767609209983
90339032452589
73329390093593
101205694767903
30034470433287
59436628086392
116729302563237
114399860174741
29983391350187
69190087981236
43724506094442
136708072776930
128582012906087
88178158459948
26652136447220
59525432752363
88287980557418
67644831889788
74322356564497
128574146029431
90100906664576
92177051863479
125091143353881
71072201321057
18096016110549
122758851211316
32960652362284
25192360792430
146293774780607
71562236442616
2061762697121
148910433639062
95652763302891
500777455616
99045031017948
87882201504502
152237580777627
104259518157267
37935671434212
135898644984633
3564169457212
144348144763461
70738066404923
125575299210078
92835346443180
158608271105948
44230360144665
142175000430158
8088986705253
132420939798998
118616826661090
149100495338534
85718533385910
40914612101654
120232784933078
21544280979773
157976052353481
39561508815345
79301012160098
45254169965339
74048177806126
78711907512650
23059328427878
11674521048770
141932658446969
10833458881704
89631750258808
77310740795755
127186732209833
50296430631938
4655452171493
145187160954410
160781203472084
112469096423047
140900552311268
6043012777122
766414762303
149317474534729
20586350581101
142880914870195
160716282526276
8235993218561
66594874954906
71538272994828
42883958856471
19501269871816
47909893373171
137502442155045
52643586140634
138238734328710
60014320434831
78864218171439
54547692515804
25759299472753
60507391096235
136170578333167
126689266084604
71866299408835
77823712245232
110154945273667
3142232321399
40786712351634
144616020342063
148880715195545
133009955830236
71965315851234
81737399741822
114963561582286
16522861290445
42624604535898
10920581862259
11030190748687
97195708335125
20133648462200
148966058657704
80762549183675
134568130337471
148852557820791
132929655649417
10345955090454
71045621310195
19807032928239
31841349627062
90253055080560
44602969071994
147304280936422
32962194364887
160403649381561
133545095853556
155230090085492
54166131482315
135407016221088
145103691783248
24470826156905
110713789927860
64224359731762
131772306778788
11663144015867
95659389411796
156350295001107
60949046521844
89346917477458
61217431122201
120020134544497
17371337546167
112189676556793
34333797219992
21684808738523
84844372118069
95227944632783
23338971503658
94064453406424
80115924678877
149615087688437
34031085704635
60006698995129
156610023005093
154976525371719
78144729948009
42900753683259
91067709873516
143219457685171
124245041282363
54899335398418
51525987342537
95618692571554
105825746668281
32102141229477
92914304542171
113434384367896
85353323030044
63255954835065
2659868041412
27300517863974
70067450390313
22660910621014
140454958714075
145302263601990
64241191313030
67073412030741
139929886917804
130227538957070
84154983132399
103673732647426
7022674879635
26801588257027
12240580551364
141088760457100
46277480251138
83657361554451
53388267803652
102151029884231
151765515598853
65623996152731
133238713600327
28346731229875
91312253547811
134497907309389
123391967107442
38957497323467
97659431363155
40408867170353
6627284348517
132110069979716
56084375262207
31585044201924
111819312337486
133078587603286
29013368572423
113291600253745
105204081300078
129362394967201
104658189850330
104447931762424
126451716080275
4544217719047
48813415030419
7669758009410
75568080315910
51603963629223
72630887790582
16060564229336
66780986453826
42087500643201
108493421991335
133429819519100
84397148697224
14929518477714
107992534375756
10464000349989
138966859105999
114572376161883
54382431077166
160660132586965
91675551558485
13283095750396
143466931691795
136924912672814
64958446106865
78356855141910
29584726152194
46032300399012
116119209752656
88626080066076
145068163172753
66379995914199
57927053432874
149574613237499
65476331956027
48891675996082
110376563218909
122800165475369
100993848276061
82612354623299
151278524598331
28721458221738
135985618875556
72298971289872
15221237094535
37719933264304
89891755350344
45147524482356
24112407200238
42282890043185
82439370478059
114296247847991
100704533091345
125380065157582
100199170936305
57514928570625
90222629952132
25416734782344
128354384608150
156685209430030
13716298545513
103651733677013
127292865486245
23677348513342
143603219624537
94570771023996
146912757803066
21531386681725
1353244765364
83754881713671
112797653659524
13764503254054
95673566598780
70070227209937
63787795303191
3686842339159
32453761356771
131352921060810
156204612823286
91216715429157
24791213926122
69960430581772
145394274937951
155440656511325
67160324779901
22419025354914
58229310363565
81274194630879
2969702561417
95255267930297
161427907522350
5432464098419
162369700524827
61673599455796
81789340996313
89069307703911
99462976480556
65311727263289
22485653937228
151392739807010
94225245142609
78037795401389
86783046610962
145696033060057
134935444850666
19247664680773
112159041960228
84675738696209
35608673216979
64474604582491
28521843810669
40231423731053
17262736638725
110525744027195
130095683362910
103569350758021
75156576193842
137946611243924
93091986883840
106385814364425
127303865937458
13444729863247
83546005975979
144570811512719
162006109478808
52439861201364
3517488212106
141266636545388
111492543301230
37667162322886
125418964686228
20792510724361
48804135909242
53462099685867
114639182066473
1738035933735
43891556762387
54206411337921
101484530725256
41876557655294
40662242153261
35589608376762
96472647574166
98913765450297
100091731122209
132933157131203
144748884184106
51246571291277
113752277537338
93999096505930
14512020157807
53068695197754
58015229251163
104050539821748
30668006387994
139134374120397
113952173893870
27805400927814
90735696637088
60778800235071
33284123090396
155263085371809
16802336377665
70263776214687
159786508112229
96556631740596
39434322197633
58300015115247
149636131995390
87217628842886
88662874821866
36949534687303
68931320940602
48273306328506
99647911453592
45846391222204
157968749362874
148166475249329
155209832071819
162032679099981
140415794983876
51115606111634
135460935780998
158264240465288
84458919215356
83416786146945
100192102820323
138396173284556
140125071949658
33471015524710
113782717730636
123681550893679
68534682691702
1373936551528
134305778590132
30851247039813
129187311043308
162576715801038
47256349784184
33611529117077
84265617673287
29344727775332
10348393051958
67695902705679
98776928477700
133739138227345
100226410198517
73270814248144
140527859892650
159977868264890
137542211675564
136812582738767
100148994199037
70113822705692
82185342622641
34443732423059
152462715514240
49529276869868
44663902564883
20081337089712
59835273683455
128317487167291
12735057913808
81594320924074
100871212594794
7524051946433
30396721525111
73847673096210
135561350123120
119868129656489
120928336281104
135199871497479
98776115808722
85426836902199
68368573844649
85492332094195
52508125161625
25954845664698
78560985606231
86724097021416
52138156774619
44611010889067
108215676980074
151346314034142
104862222527403
21270041133540
99121096380272
63939740655898
88163487584890
52419753623404
56865633063718
43206406425953
138143560949442
40156915075524
148325990967242
149258384103943
5400215496410
7153475875333
121125257167118
121777581583076
39299593600323
47658863021717
122493483149966
100209507989889
28124792006224
148648485035369
11699640500977
37035777941529
158348980056196
65304476203793
41325413451328
142528608141730
93558582810454
73602793985053
105506310197347
46312203150279
60045314751945
1978502636207
28468373235520
11758438071892
40040226089044
76630969042537
121556426381107
128076236299053
5790806736548
34239247145511
10582046270355
140606769697105
151257152693918
53578051744626
54794904449366
107450066726639
85470053355922
117567989961590
91888670262500
1148528139551
140239347678541
18952297226360
78633613080453
78247605640329
97373457496720
18308976997262
23432033730144
38241971782239
40785046417483
3797369841767
2608527284119
57213827255935
15425269657387
501258911954
96933692304042
98794459878219
106072145983095
145983883994797
75495907987197
19162304401609
26773135273757
48311492899542
124447368251715
115292644057213
27442290801632
10287707200588
4194703595692
150337721190950
83559428133200
120344257182948
8454129469545
102471509853164
86469235227689
10210556287057
83736368635907
6707739836385
121638418261125
41475881122123
44836041124394
109894195917594
128181744655913
112562247534756
5994444893347
35587898747700
161556012052198
58235172522900
56552507449256
145657736469666
29391262729424
153693429066975
152833816076418
38159150206928
33125884051567
37308960645353
20148393044146
149232877551030
87896162235309
23276816100442
17293296102582
44635069762687
50502687049285
60218220281537
22631633377081
24069673918483
17832605986414
28825750384289
46346446208875
12990320906885
152935335987439
160301236426751
121128226221381
120362817518616
50055850313326
25444325639837
80511633592271
139034504366930
14706024929357
11801200358814
46595643312205
153709221973663
38511886510054
156785780812753
131793168792197
53453152417343
80456777457183
158249987434230
24464432833632
81766134320842
78704176390941
26644289129167
123692690154766
104937319180069
142950159269564
96018437091783
95281480656032
87664111895611
117843280398827
8398850823171
162839157944197
160316264764093
1721074154418
158692317768736
146825204250326
84760994409182
86061923802711
99434286715111
76869082750274
141428600032674
84790636503446
93883449630273
43592410339139
132006928254173
63968330106220
127248791744508
283191449782
21733077744086
116726477572334
92575511866878
143048100141459
135952985896599
18388254066483
44005926563535
75488176402085
58289214137969
67352698106794
136589801768568
114222047067459
160728058610370
13892450692512
161099544807778
142920798928929
88481892450169
142162495969414
63377213814858
7731744878710
87855693989701
110372069803737
2311536232618
158152311765558
28607411316021
52622623233925
137267120441800
133308256365526
64727873009472
28487884718239
137663791251148
157481438217321
91629943828301
13484409439693
63619381249565
145860704495640
111499771512148
44419227244922
56682177665300
70693738031032
128815236218033
56139853125638
96011765575449
7067065505572
12603482921344
111654942829388
147793145838967
68705461281828
138909844361898
118505061227405
94880252357348
115345916501320
122613555618467
76333222651732
116246859270558
80037545934242
135834503431071
104235553612956
71953075813327
95074655336742
135973094069937
143945470861211
99483060484307
55273037343106
21176759270579
83167985341168
115387837102950
111907081207998
109872725545741
144193218504028
68897952886880
106852122675623
114096939681256
20712725137186
134545475408451
65131645874565
98249008872506
117240510412970
35003683037038
99535180081090
118251375753290
81975710028327
154804243851710
67743595258717
109750422811525
84663510143600
73327358811439
25402594173277
43159976651053
66359041282278
8127875426693
109249729394065
45733216919011
149650353503519
31870618507683
92733989395290
58589103724730
57712242579932
60995404952787
22302661711450
14788750560882
42617626506350
147518996235513
112072878911581
66658378897925
56677258387834
154598036693338
75870713566120
141832985160412
37521411389937
102277996812345
83128346860539
20617841674948
79529052481044
47017897069116
15911389580459
29234094618868
1965924047916
160484039267089
117587696152016
46286332999586
30778979407998
33320153859543
82197065310031
27119795103137
131938503700722
128173338305199
99601788915390
79466908659502
98937910810639
134861223369310
124280060850392
103348239681143
86865264897068
49501753262220
89283834018752
91472560325793
121819765985454
30205574433533
106609488210367
25886819363154
48860898681586
50697345661380
97025636281454
3190984004461
97326164217637
157923960738047
71864975463459
65436751169081
61641857413156
138409332760439
81825374010723
128889471868691
69247701498462
37462147370467
2665391110290
71792090705837
128885381375239
35584076108156
48660823705333
55193839634538
141189461357098
18209407697900
34342304441691
21896749541383
98342681608570
70461485692306
51710366438238
160052717372016
41574345532452
86722784247889
57220152361624
5158986866045
94625570105464
51646083166951
114435417903587
51092286693770
154092100712762
30272520096693
491413339805
1513000523039
74780068592375
25806329637804
27300438158987
60526901702898
11670133010659
161985500842299
100274627280438
142473371415142
92251979253430
126091584574655
101261500456290
80873423269870
83528793563530
156579491252363
39348607668536
133496036469246
145102302691629
85478485022857
77622643547596
112089230426017
27469911933157
80575584213701
71452218644862
142216554006880
140699015745142
21818189919962
147444641530319
80224917517222
120990123943239
151995920858361
21312705661631
109537175005365
86774312276094
63391110300487
70686784905946
24954863037558
136736947898456
54116788944860
145239469962832
28219079334130
154926409515098
95195538904606
57167413268646
8616640664514
80477130772141
118500636848549
50328924224873
47567597622471
1889323371466
153387819004749
120625522630143
16850418975958
9362806009403
51342019495761
33758871155544
107330899194919
98240973490634
140868382700254
115681621582382
155496489641722
103435703555934
60707929479407
53230665442222
5395391963346
74990315071941
135978258339225
95310273208101
157247011149293
124696822545042
60716404573382
83528104179742
67046408973211
9967023429652
3025730894797
135213396407047
43707897748542
54521606539814
156261263299387
115005618846522
122738051114396
25854223969160
123786466600399
145828303798312
148686160907511
16846857472248
29210638168745
119092899178322
107512525306366
46480020186136
97532539347174
160549048742733
6573250492789
10339375565948
110019225768669
100726282965689
137949319176700
101495475533935
110356053292708
64752985238421
132471918879534
149383572984842
82058032790738
33561583434593
33371052066538
19308472286237
115539890005682
45540328925079
122598827794098
8907013023211
97791129787081
137608335474267
145590252463498
105501079277290
15326780363630
139412306375064
47093344268695
8257776248321
4877362010849
40284701765068
130970546306334
80178510644820
19995269479522
136330928556777
118356733035703
109180937236896
80255170460083
45565757631457
11107490579343
136753535585859
142236659988493
74307690943023
90264622208559
75199655897044
159964983338330
34931646310364
69865443065969
111222054224537
4976923637606
132163045286085
130221106964820
22010632514387
38469362143590
83392123786565
102867154530688
113811753445866
30423964380382
97184414737270
33970037902823
5468063536386
110097369131181
22863548292274
43902238469262
18885471628053
69455088337535
150294035640518
64189364289119
147202210075379
13369957778872
24941339141637
32716070043702
47746674691010
84522994322462
94197924552955
143124412837257
8282576145213
12392914868797
26727866128638
23816027201637
47127403925821
142852406470595
90351573642420
156766208917323
110944656324052
124043755127412
78549883196015
112744289946096
121680942862341
109927825511894
127910017602184
105447140571638
48020685075318
136519353135371
44489818706317
45453306865888
14765445280871
49671408329818
152714624136111
25115962925443
6658070907981
56447356602386
17165678456241
112039542660310
23695950502880
25719854571884
20284515527699
110231547573685
94217140641954
36751254311591
160347778900990
20889219852818
43958836303981
84489000046515
43060913590943
59328996774754
120844632102461
90455054417088
81797266527477
154119896643757
120432776851770
96056908973721
149794419475509
19000249579604
138533301749317
29784901458072
28152865531012
179417638431
84016128706982
135694529914931
139608776363503
60648162472643
101706645029959
6477885368422
64557904734568
58379192721051
87132805035254
142020885075077
77090639719514
9740798334091
85206321256479
141753078253959
53498165193343
4337933885774
26185185656069
38667170791908
32790733224711
122286261932045
46298072252663
59851486903786
9152661952281
72310084236076
100881942576381
21231083111557
69511783542093
140986372037256
98039607002466
1661912176827
119953216560819
18235964079203
137557224228033
148603206607527
148377148535032
155827102217304
55053031624263
69293053243703
25151043125834
19106679220497
31018269324581
89962421980417
150047984199421
47939899600599
103650165195895
152650042047072
103408366285299
58907288819651
36763609840606
29503809969410
37268101673683
7165178293252
121132752835087
111245439253549
16257553050670
74401676630512
117561762998811
40522031811427
156927158634327
114523906723884
39586498887669
72836630007842
91652753111380
42420662598536
33213352548421
159708274605936
132801231001063
99523882095912
10611935747199
52501141994691
12421319802035
114210056410599
148218436084676
20042101050343
125582415896626
10897490083327
123555142883578
55204288865727
90349645270049
85921748440114
16638046131184
93515921533641
149598735710316
21018528164055
44050796912487
124865815526238
69606057752004
108779464144765
68263242306846
28999296376058
101891732045063
75436200712349
24838995605005
41735351074068
19032861676330
56891373476048
79551412591562
126578081991403
93455455782077
61027911876710
85574509476066
67194419496206
38483414856680
82591211169157
30684400278633
60774077934829
45005945281606
53350924052200
139219825351864
93619850200991
31712385158986
13587957708086
132548098670700
9487091393985
93388161406357
84420918466858
137095077625883
82967671155302
76471045211113
38298279854419
53911902728993
136315215655818
98931778631767
58800782114176
136324706273264
14747620527791
111741350513738
47577537532198
146818475631429
40064203648851
112045818530569
121212147286806
30763983462656
52748654679786
60061292027774
17041988163269
150438349850269
8121215134932
102174336062367
97888438093799
51347494580332
53929970704928
52126923478934
6189013251869
51698551338630
121919090199144
151665856974977
99088987607867
110307120734770
151654415152073
106767434414648
158105875869384
117666650231212
131160498861938
99705925963040
23596829386981
85318256478381
91413084147447
66355068293748
112996031340061
15183528757308
124026605206964
371998640301
64028826822603
38477963621495
53037372040896
139111882689463
19934633978126
94422248863250
72007767939741
28318352547523
54956131528322
121887994491689
142943265823428
77344030632848
9389472930038
30162542957385
137768820451539
14936229788912
83961759932189
148913943138866
55407086900160
76677075538888
3053361897362
55479147401977
47142914937154
95879216319131
103747741218953
136476209226568
105759731235755
136212112420431
9471836426857
73633929335649
119759333720418
121076002660368
18669066937597
9107227205595
54436104921194
149969954193685
147365786466784
117916386603877
98507336684591
4961024028864
94600425059387
56781923830581
105001512262515
119276902081037
141604717549499
124529862498920
153332641808027
31207002493000
124774428723820
53610800027980
149180902695101
148360880099368
68282109199716
45411859570005
39052016389064
12409684208372
135936371365934
19593832150447
3222608724278
147307409891601
25371099010569
121647636989075
30221720038973
17795621502565
104686831706512
138004534011781
56339210958176
138880091664696
1148709271926
37562505722243
21535561906484
62214076278889
123859554391224
21714931995138
114411010929207
21704871112610
141768601904279
55824028446192
26177185324177
16886987125032
133683283791706
46347387948607
146305538472280
154402012057749
146102917808623
158712231279614
83873601824873
109620575710570
104298676018439
92703110405814
87186013848465
139160939842607
94864663542279
90557904211867
21722301677339
126911417171759
32002318828004
58596224637413
123005340806563
124459491632441
152766113271356
14137459251217
22363672927171
93181526165745
57933801303985
60307235272579
83848647166275
8634436157490
118092865161228
96709154950241
127268197993415
29179847533510
61483906274925
30004896335187
71269532349066
72072917168490
124152961305104
31552330874558
157422139163429
159138229642531
44279931316710
73487478751868
4860923457234
118691024146501
162556452625393
83956129037942
122888021363298
112477556909940
91639182967800
53200267826449
162281968514625
2427285287304
115500188650997
77751646590196
37246758245042
53628771829859
86870887838391
81938393062458
63279760165851
20716176156406
41192849788662
36175157818345
38775521940935
72008309234220
125367505232938
34863719970455
128025633642887
126375975987295
122506033832371
104822061257240
123777698412815
30924671396673
101324454689938
42626267004661
39857507805742
64157134620447
120185173805867
128106448204619
52978750978205
50154504998747
57373339701944
136953113755039
89372811284147
114028449115045
146066418910772
99615722523816
137329410366866
13960531507886
62675743980224
162806577473472
111666836739849
18639498133935
67492782146303
94012233790850
123261578132949
20310800848988
136571665829529
79626638071113
59850506020626
21180348111621
54221390221440
112670463676526
74573011285889
108045113559275
147677518080951
158088213449619
113465310237143
101932970098455
134433684627227
72312208001187
52335494427902
51479648368887
72072325365134
15059858641822
134652092794452
151928015337476
17586133538711
148257271889641
79414169841509
132939191665993
123605217926692
121321209310914
114305594043648
94981200936146
153631756561069
121595864469711
4772458319802
82198005343654
105995539184659
137088844633637
53763141459260
89937197104505
86667746979070
84564436958103
55445809496918
104896544809352
46214632474613
147592244999403
83310312130798
132784442694846
144304642034894
98307855278573
161826480545284
19484829617671
120044214490129
26620529760331
144984013643736
142504738005969
23405194880560
47044752841225
78784601109512
50508880940523
125319631483578
101175914752862
137049949990806
55934610026130
65160688301177
91199706378567
69757121780175
147625253072006
138093134828059
51036056345665
101531972795615
7948645299233
16458223331888
125708529578551
129873299898863
37765727818509
150016302132014
737598368976
39787692926035
150071440785824
23732007236783
33726350140373
16530250920549
84889804800355
3716449382500
43624059549039
4653016184726
114349187610948
138415895885270
59273007797910
111227045354323
117688027639071
108959720290376
32816545107343
140597011235686
48043556043168
84795902413204
95069750529273
150556258123587
58968578019947
137596789243598
105786780210712
25131050761449
143263617261905
135073039749391
154780326075945
117069138563427
63657168363898
73988581612886
37674572650720
89257062883110
82540827624826
41477458288338
50756572255589
160744640183993
150521802443790
408093721837
89919138041113
53365218898789
124677171944902
73577148650437
10714941924982
103635728254241
138661724620851
624406413255
55566236119492
94012694325349
93874868685201
92110637902069
150141158398231
131144464201640
115277358829305
29009286153142
50950045213324
102504066757252
130269228995130
126171174932479
53238356054710
77896799982456
124056608480671
18234343125974
155584755807033
42023827291761
151350066324032
53056410754009
7341396054462
104403618608169
119471643322319
63645401912158
8060646217504
1832725073401
99512837842246
162659752148189
88555380237777
154107812456034
51589093293921
79248606586228
103192024252542
988057786254
27777060274870
6114262399698
40655567603920
76151649315910
155328484592843
89660653937774
69118268201204
87830716202267
80660829108705
75630552497968
159555007426515
61688638229264
44710372275128
13805635666228
106296244121361
102169792879435
7617421398632
117573101366085
56415618390733
48417895674830
27124654045313
160679746487853
152975796302173
112384140806410
162399481530520
16318305544199
17435677475039
72327380551970
26119211486327
28204896663629
121900387252665
101611637699598
57658742275410
80298163864390
75328631093537
87756988057315
152790975388274
143459474652584
88568915443295
138565529024996
128946288479990
66733722445748
145635030169953
126442268841635
150463592360670
146839409457768
94743392840587
30258206351059
154079667731017
143016724489026
26714358707652
71575580370221
19277017344354
76523478415049
31073627653647
97341967364312
33908128981906
87487107164012
26879390213534
141934740700482
24551468308290
71827940752591
5834283498146
104294793286717
80256849975034
123485794938865
141618858870214
96209808218558
126637392926681
40819479425374
40049476060209
63581350557434
144924595882028
120439752873550
65910595118882
85495835848469
74085998709602
102051015793317
66729236846296
117132653430291
132402942399257
162390714057703
118746569994096
83068065338474
114396411799129
11392761656826
89867299143847
60590448345092
10890020721590
22338572456132
33140990143132
84307126926934
63535816726199
18489397173744
14719732452009
99557642732134
90380239315719
161480176303075
21990336960538
13767990433800
143947504777876
77938595676313
74856915030524
45452260636494
152980531385497
38575466291541
86229260289245
25348792986087
74964950078959
35204154311586
134943225600619
159108045733100
68797317367376
139191531877335
47940019702623
67588459077607
65680455082372
3841337001770
161539382502533
85411379253689
150689519965782
41625528419630
32223041273203
74515032601619
15243925693536
46241018115237
31881116996423
145343196238994
120016614972480
118622393156781
125582035493696
100866297041956
36262733666469
103982540962365
96757491471609
2590550899527
17859675365721
70509963378287
128101651794891
5495974880677
57499176380240
39541549174078
161819226069064
10051275501202
107281523982807
49587116970311
4418237763926
25570335561726
3895829366560
19759914267751
145720364351781
154089984965279
128341058668897
39816901054978
121406573742715
70716385574551
22788299772521
107478758939130
1128015206543
136644150254341
120193425013544
130691685150756
116406331655004
37908884044862
5488535067550
157404062645570
81529540613541
149809378435121
143793534377270
53716904433464
97979378505058
137474120441132
99886506499317
102006640247275
56731075051926
140838899943436
62595496093383
94785593868389
142937122198898
73906917443416
52874022720801
151533210451810
109275394110835
76365402563031
105487880007643
117536545415553
35047022532732
61036238814683
99283875936482
105930080496621
48516245865487
138019354003090
66689586453254
127419924305159
142957548558396
103038799121114
52313102890641
87575401772394
43312156467332
103021828559397
151550330983405
64905888305090
118118234259235
122866083858198
93044894777588
10311805387062
15413455343405
41755292610593
151400929180468
137666571093155
5462338266069
155006944530644
154268302068378
133483946532986
68224297265079
68992877062100
130767111241049
104309028270795
39145750568473
141829126338364
83648976082663
59882982281845
121650152362885
78581521117209
143973287775859
145278861663608
116102936486616
131518347141096
23521283329261
7854075282992
132274292043342
140622177110618
133777106508388
111344139102474
140861546517553
142421743846700
140602171740900
26387127819985
114561643645441
142193915157820
44535357681313
64295676866504
161752047957891
78154246454143
72508914503456
130536039382850
85650549718005
155782004471494
145672753684434
32543326183900
118305565907648
158867162577089
33374395521398
84333521645151
29219206641984
91906387085043
14675990190732
160419940521058
24751756108825
143962704474983
157376086148891
7267904113747
43107658900032
82792274271172
137785405567025
83666965584953
13104764045223
146271827102277
125032169376967
7927211235616
6683251389504
37745418879073
68705000488769
54486440863412
159115698270673
79078716450678
45313709100031
88347289700166
157809792790487
156584618907404
92847855149254
110505434563070
15736058545200
40396820039507
76556172208729
66868514884221
38447467193896
152184660004459
160854100813248
38160383423346
87030014986361
25497596835443
123959193736393
5448275682356
61214846138782
34880475963727
103554332431338
121092459042362
115568301681979
87229387597289
113037305046262
44092744160584
132607390651527
9461574395304
96263002324443
12339922120698
23720949325550
34606855630843
19006755530755
55397461381639
49640573334451
24186130865215
23559449663230
40376527394342
115233557375286
161853712600053
128096508049930
10522668901552
161709983776183
152992594396385
160469903498025
15260690808488
133533237646731
88706712962618
21357337376083
53425498169404
124990300358045
30918284765037
15248369660828
20450454301169
162126242715063
61402653076577
73278739390001
120208927895480
69863650946220
69036543960741
138390180071590
4192650328110
2717748056508
25735296839767
16856016525517
64413150037909
140988243935678
111530317877723
75521500697120
89719277360542
151854878243740
152938163412119
125678706918912
135126270381769
48935380571157
130152325390415
97964608641557
46466214673406
114791330804173
71263922642493
31967288703855
45039180174773
83573032355539
98606956717746
27301258269634
22465563305082
108768066764277
54531785766519
75733495178846
9203253061761
128932085403609
149881752178922
28106034741740
73197174539820
29520188114672
133008365215428
7125454159810
6386784188670
52323620519594
132828906580810
81055193581425
51923924780688
82432405669570
71346345754052
148538598447780
51948367704522
114024695165543
118244858665115
162719689380511
75735807590173
123168714783343
32053182810563
63770975385730
156325193655272
106885558734970
120989911720689
19969719226664
118309491286683
51577222508363
152085504606431
12357190214106
41131111529723
6173025223130
83242242246063
138309722529651
136411129075614
137959324616435
97356269789950
90395839455266
137755921540710
89179107243785
112842229798274
161314407417018
118313867569901
112213661357166
93223446082332
63827091250259
19734857662230
51303891136337
62459041862727
50599733552118
85190106878486
17376194972216
106681551219540
2801164900499
4808480133928
73041320012369
19797198727374
147706946980136
95757494145109
7599531413617
32467931032191
128079183149012
64939181707553
139016914765223
107038740700753
115932415755266
11930809455775
1954380067868
97978895983129
60781622124378
125824891771841
148323320675850
56450947966571
11455007474039
79413958111923
132711484230295
39904897814190
92376829200056
17968028535353
46824318414281
128621717380970
114231184777144
161123915317409
30878119325346
106609568166094
33174297914378
106766453821695
146002988307793
30936464835796
89998375974789
26848634709091
50897795745090
157131652398129
93284356984634
91152204573210
71000016797462
134653553324013
75359093916036
116711991114110
4587578493595
73088857988395
28123905370797
96736046598878
40870028821224
80353591871371
128331053497968
78833180934680
57829598609973
46702565543045
75103928166054
128194670395001
128511029003201
516610497973
36642153200857
33325938783799
149684804379959
25154742977477
122386906794142
92547992977655
94563683778700
6560073997461
74053849718674
78025590399963
101915069663605
126195392768457
154613086693057
133081307283669
121404158426628
25511029007584
157151625496717
103595402886358
107418156869686
136598984635388
63523704997427
10554164186093
1369917334679
45706376283421
69596526142453
21273212800431
93873863765535
29714607767786
152982893883003
151164953541821
69812108317713
154508218354631
28595768513479
82625253679707
161828161482172
129601057948747
14399956065465
57736990547704
36777444584262
145378007082505
76941189206133
93496365117631
116084655336351
40713351165929
138805963561796
128883240848335
147814891765309
79637730511782
108537132415247
28235907047896
24818810888955
72024860757105
58900111107757
17810593728008
130900959075295
101270036954701
144785243042046
138163651033810
62478874361277
77964907157800
79650795820127
120609740141494
94310307335438
122077376596016
30708293675461
5553722442107
125870544951991
86901506425892
53578602464691
129711744932258
106218840417571
158267318681955
125777283804913
160302254164102
93953151396933
141469049269174
65355239806730
148981976749760
114475586916426
162382324779114
158824461982782
132051238111328
70564516128846
42455062877637
20819698126285
141300050415110
83575129071318
144870343502327
8944767951257
132408307291746
72379284567014
108079189745633
20351345552646
139971208607907
138201642716996
147624882940725
119911407975950
97416261447492
101604399841689
74959682944306
129084882160248
99918508217446
40499296494718
35824798381102
62908224215864
155826430561175
75123411084450
1634032091771
142428988468187
104490048076515
65910604210257
1741909946629
47381048136816
113513023393470
122064702963588
43600994224915
132826634960224
15576383375050
109569354919480
126527936990942
3614652757059
117039812205440
80536084979510
1429255785283
80281577489518
35345617192232
129439500299346
40436338974484
114386883275748
73061062632812
110459530094115
138800806931769
57482443963073
82728251169100
139341217531568
113456416756729
42814061095201
34922256043889
29043111638968
26118213186660
129622059351888
16609179954986
68997998988061
126037285471706
150329239218136
52141323739051
40148400737218
9778398053306
36475934396578
82388959097632
36580046025140
109719194835831
24164886607916
114668952873480
145711749019783
96806450815920
111444026598483
53823129925758
35833217393375
144311682838121
91096908124087
106115715962886
90051312860145
60085037429750
84262169011220
119037017216450
160186245233338
34020048971329
25770114791171
52804415390587
91959469943599
39526513020924
117797837081780
152644961132191
157317246728786
7917185765126
93323952620992
140081085403036
158928319380159
32396423708912
38688808155187
94238466954983
145738965368853
135415733885847
125871751442620
92919836234812
109327445624100
4966801841361
84358079999731
123792772174905
45338068879075
112722396348824
30660505390369
57112845906472
2818162194627
55670849203079
102524682621775
22771726337392
10913282493908
112209029704026
98457035258637
1806883248188
129752154010376
156730476514383
17910676289552
88884569942597
3806938698272
31606035043818
147099080592032
118482310568972
96610086994600
126612597789310
102448141283429
106287683211140
50153375207011
24979061645519
86478732754048
27960660164372
107262898970010
64749529469467
26523164793801
124305102333721
143698965026117
27746181326619
151640577739147
160012323571507
142732293298140
118697850613626
154207359908229
24774916396807
40142945363412
92902925581691
147130464990732
148880283128609
101715743657635
17592418020665
122744455781489
25756852258754
1813512038482
51579516734243
53297324408013
85900871170664
115522092503909
140942823522668
58090735257031
103594389485361
153777357361182
69754222207488
31646650554410
90452465569641
10228225627474
120306220955631
97684608894188
43257189740302
48721293247274
157117778079312
67039080399438
47208515014072
160126983089995
26348636833302
24328109160342
41043924784473
152709116816808
30718469300677
135629573382502
126560336544925
153328324110064
146912790329893
51604622004775
114795459765921
113541292469888
124066928118427
86669960565484
93788292732533
146456423855738
53335019601349
142102578454801
5862931673036
26034906446734
62605910040283
76399669732112
114192929462919
112852784372622
162479574815454
73356290543809
139306998763095
86334422868354
149310528755668
153227093828694
70996004084204
15219575633049
150518247364546
122214183566843
3157902229386
81791612968021
75037574948017
136698239241759
42227069250009
40457432502548
156331862836111
155578821557335
50034959254089
83651817901109
137958744514311
423924424974
31831516675209
128456299248204
138850261124100
108778518684424
26569415166196
40290373510334
20835581478925
149333482635471
43126153542775
21721571701644
11719112912020
91769288422701
128717148243625
23046358440792
156855647283750
34890977281264
145643828512433
137142072590183
56920134508866
96409271501251
28312494420896
14638782141346
155021870248133
81739571686549
16975852200381
146893849820795
69445892764390
30477641775639
4775925428784
30645863046650
158743131892430
32450105329464
114673895957462
51621280950963
135859643050126
158185614960548
16380871096868
27965114375180
78712372977289
40801119870038
61742549644745
83443847577464
37183268308343
37031129732365
123249321612990
120628289766782
144593190896752
66032225575728
57689584358047
139797913624697
101917034348524
84975373212519
90341110267946
112524931600991
8308518729363
41900790657495
106312399699525
95767206980036
149864039062106
72357751679705
56328046309639
89261246543371
147863532474282
32502784426044
54447882718717
80811527518663
37238946643617
71148087898802
10624487461511
68939029855878
153967839947462
146950482766639
30965015109455
6649209746960
129365512405855
33277902429205
35423493639190
78032570153581
113785488686882
121172677112233
112513513497684
114376906987848
94063639141148
144511991803096
157103313082565
48512300420348
128296308497084
2522867087527
38783344477357
102188161529914
16351130851599
160118643879562
80989440469867
150068433529026
48277322895540
21296196640287
111089827036181
72490888341824
92822735181929
73923057657460
141038338675027
126220431125838
101485362588802
57810792639987
152183798494665
151406639023105
72673984720039
40280577185093
127594672418036
115223380034489
132608740944523
75098113710514
88095872953757
161832356157554
126120762622942
24036064694831
26384813478260
63434898389288
121272281752861
116134519572413
102609495459904
12030355980772
9082130637038
162098131796079
8415445356295
39377761484482
92688951672034
43860197262042
94249469023246
111532387970526
112915723870187
151730113241450
27875181352315
113877493352837
92843684364841
130592705654064
156783302739777
94565406917241
42641214301126
71990338556341
54746452571966
114336546488521
87388774247187
146036059820015
140405450053598
48142797876134
23417070444490
61946394588250
35173348331644
148208190768625
84274047828093
33311785671180
46273336381749
99488166738495
55861880394110
42624311865513
116582008278289
119184416848388
6575059003965
31960911657700
84449749929097
13251982166310
27601307667056
95197459595054
60311773900096
114213736141668
53670927497943
135581304774311
106887792597258
98971497557055
134717238374816
111029560192584
124092059039196
56397431712584
15312301437099
52935538840528
53371984638316
155788101535477
72181902597476
56055517798241
143174026927576
116317867204455
143294512509223
87672543384453
96281406795869
121893477492110
135255320801317
96156116684455
7406520353436
116404007270572
119634591390169
5512712549059
48261394430773
27357179656839
73512046266073
149778201637737
48597380662122
45819554942825
4987328717266
147652560801605
59405828344357
68866231747643
59255329109257
42254798767757
154960619281345
146655853239146
152364615780961
36925534297892
148983488249925
148483004596505
45627944924507
42864079226938
81107798089091
18417259621201
6750280067674
97683154112661
122857494381301
28202827051697
121235101913559
87089894134422
34166224029508
125092432735972
43274350937207
26787481663235
67176965477717
37413980942876
59328757977261
25088388952934
126641214233170
106047275122857
32729251520162
128894040262545
103453560373969
79656121001060
70505957698653
85945490266896
57249256605473
162606124954903
858022323098
148983171709581
22267196419840
54778275871928
19496529606655
65379082484114
161969606862811
100571083754244
127071316252158
104986264284010
142944042071425
90385924765821
106229165165059
142198601749826
86197274076414
148209678535099
65065852779243
62923907411648
144186481658444
152588400927165
53384276822589
56450319464024
113722498345597
121432082332998
105584625450321
140007340489154
53799900433418
22652945764742
148950815423385
155790818070888
82055949401455
124451871404220
3805899268694
159457888972728
89469506056246
26390294420204
119132603580973
25904477740458
22944122902493
60518056096135
41037176285736
140018422417289
98126141016811
18896794431055
60793049351722
28319515973329
147991364594871
135493236031923
14995683718984
113033936519231
86908839634687
155736263370109
37152674998864
145597546166842
74233818546302
16810224248059
131444480493133
115838389693472
75424677286178
17958369970574
148780183235816
62983961029535
116681759130415
158757543118802
27717471381207
13157955285912
88992138509845
158994711751749
64801571465211
14043748764967
26531452395217
36872748255753
67629198727229
104093737425027
29071253917540
139258162830216
95463810920979
138277020173160
92833542973668
153932755325335
15717777534902
95557831079579
143708252073041
126433275949914
2845180802603
140781288071938
123526468639470
77890596016892
79448761779863
55076376424295
66076441074832
161823414135791
25628640340480
111529695215361
78418703868161
124350511464256
135004251777104
25592489252932
112749797464776
144663095220102
7157065049753
121143980484468
104136112955532
88974606527815
120821675500688
129126399655020
111268245066354
49270506864478
51624517636712
119328782965920
155276787028156
59879333726369
63535119597723
149228558982288
3595752514094
52117749521939
100457559278054
102609858486713
95503691481708
91115660201732
134540834134713
152902713224403
108952781573910
113147444643155
142038519354205
78780205019935
139433228988318
135789732064544
131548870100310
50623485356667
37290488380389
68252908677039
161391413123529
19559179153797
70005460040706
115541067246363
121951529071024
34124836766615
150849112615662
95603483441169
12881489623355
55495119869652
139107816939921
3243281691082
99460256130895
146322090695259
160845358349594
148243166661320
154999912798942
28848018281744
116683113018819
75503362041991
65252929494180
139858065838300
58292147130531
11602338536686
93423498684570
159939798770244
16199083437283
70485585088242
36008013436308
28468907633594
52368893393084
108399857142953
56934438876076
108278895367744
103270391161429
2856652546104
111504334678703
899908035491
99773709694189
30411180313697
131144447077258
84551514769392
141564434735450
161901026637250
103532274391335
130693864967068
18060048507813
32654168131124
115127904239170
140926894458796
14226366604575
32049867491323
28006099460775
140095759881498
89996257675139
98368278563785
30441018536709
85887133308175
1470019529711
21542026381240
105133924791939
49562353361906
64895165484067
142347528299160
85292712759812
29162734992512
44950116168986
93463575643570
100168198251951
9926853828902
103610832757164
81753714672884
140341206580869
153235050952724
139624121311784
80436339712846
116025766372790
47580719588391
3483632118839
42808597223244
124553127528766
114945913951851
72286581489819
121342848063473
71022687709319
50518814941311
75993252327302
27118350757750
46892135229149
14421030146978
81023142616829
25423514248668
112425131891374
37957184678352
92789865558729
157268806454571
78295353419076
45592286891101
159525996046010
126724271634980
102310052512203
8581368040190
103884703624637
85285350713018
138014841605991
144455187800153
133260782472961
101848920112149
139891623704394
51150814409759
46961929220346
17044643201739
154448777882028
106387065417021
109930835944988
141204669308606
2566594617510
16477176516045
14789629458762
146592325351757
113425280241265
80150698616300
37227350538744
153804307929602
157576930365687
2753109922414
147853125682443
133945966486688
39540648170330
42274145661409
105472779952683
7802028746525
101355433092378
96573336003842
33933543717872
63863503826504
12317043155275
137851918181919
28027284542520
89881216379880
134082857309636
95348684551683
9871232909810
65021813450474
115964635190408
3871974057695
150588368649562
72576634560626
126661992058790
24863693951948
120589852808348
79253705986799
154876469455452
111227987784508
28113904069469
153752788634475
77162651833780
144280646898691
18089747246657
149761265809349
149896657080523
77195313138090
141029815408973
133863262983914
42825399731623
53931964845117
60389797667458
74256904414244
84850184784157
73992844101754
110560379097346
120792184724063
61394774666225
60215086815311
134775362644824
139790277773510
6018288562995
134254198420861
30701826006725
134081709889738
4712170098926
19813970585915
101041600906970
10731880943095
8468454589065
105402740648562
69755238385601
339462763209
99540997721139
93562619396398
36190655217866
89383955013456
111443519938638
65578388785956
56945555852940
147778612414615
125124690014562
22197137852731
47058609058598
14144351852089
138769379959490
138959461646181
65419074819879
84341757429273
78006055911521
105615920550712
54660439451828
64990956414092
130020646600931
154102005006332
81246788670284
39774551258424
20151614109196
140087492731880
59761781374340
76574225636624
161735615049083
128710309475668
121713559402889
76962132345051
132596273682116
158718070115087
55108304352769
33969648370619
118229547392725
68352001389886
155805575966235
149165668580057
38491030613811
131591156630663
55917489217375
116768075391814
126971079614008
64901798937689
52935487243453
88855792149092
90774432145782
135643307386984
77247723229168
75825114471870
69231542161413
106744937666683
147717843094784
130525884586751
4048579881457
155317854945146
139389972808170
66952947680935
54915596882506
86414414781151
48618013274020
149593364375784
105744182591955
128122617803052
153085288643840
106408652291208
51836273675341
67075711233910
67799841253187
154719362348531
62175468957782
90763182256757
84257686558266
146647001471557
148133218747519
15247677450408
79189545415149
80275670677549
74215905486634
55656771973145
81177126681408
28385486166301
145355067022136
161070858027647
46750365550623
92797377214828
112565654154758
121240081230313
35587460782127
126431910665245
68976413375020
53902366571750
28678188445469
58624441433791
42678772466054
82851356479145
154092922596563
96740291301135
9668740514048
143844808910779
156223729934747
99021572606584
108110148574540
19845470672524
86446464758881
109410732009378
159018728819267
158593061267506
132683874675087
95002387501028
74914923129358
151347974868399
108718769845359
157916366596206
7964609090449
45469442813382
71255006763252
154919310905399
155056202289426
99476215095893
132630441874434
153683559052229
110603093647510
74303759228228
131365071777323
25456108379513
123292802938235
31002736624557
35431909716857
94712309070881
61031068849178
55656535100644
105806842902351
149893306847927
97442175451474
75108379933682
81275393645913
52059188423569
87807103396760
154882348281576
136340019465487
89092093955025
77826715712522
56803999633968
146336944621374
6730928184241
139556808254043
42474873620982
42168101724033
26774208960685
34007650549640
74278776523143
4853728364284
144530221313343
149401705530281
98982010383430
18767943700059
74177441168577
17545515618317
80721995210137
44423442574759
157902038183973
6488385627923
92689704441869
44693608985584
95450188752008
71767901864777
135974780539838
12451400968820
112520842916578
95700651247020
71665809743483
94197157478362
146437519527849
68964898019694
97066820466290
100718601979343
26859706074305
158733951829310
81141401710909
42359828929485
121664955066150
108369903789362
86842350303813
159897478790858
99455172580939
11688960039791
59559650204769
75375794023735
138613029320592
90351598064023
98459667015884
148717207609261
51682893773209
154686184567720
158731032318981
52073803171943
31265874025625
44430586613330
28974894811109
41123183374136
39841031903879
69829045391383
130535383538688
99099537493540
21518374350038
22060045538729
37565301643892
106834221335700
12872251355216
87227072652482
127157094016801
112906442323728
140650647854084
49344838298825
126144499170409
98030693072407
123155458678850
115024038529560
18677841878869
18032799950918
41433532495885
155000409877904
15968834715588
74750710159877
119295094654
87657741807343
8178012977591
29150049726240
95562378385439
74440699982974
67187098371237
78545069832557
8236193041421
124713740268562
15413814910874
117210183426396
26072661414590
84088386282394
141151360227133
41964883772670
94528204885109
116608088214264
49197033138538
31499287949189
74402277142717
58696258405499
113536180462370
25026068671636
120408638966442
72219723881025
117162888988610
21375926593256
13772633274084
120046239747867
50750767151129
138954776821114
131600698389940
118619491703539
87205453342124
76032090152040
143393622073653
154502285758778
31780839778515
24783597268916
93047692956832
37237157509028
150361883672679
44631539910130
86054592710054
79654389584072
120249320925141
22258715246965
157979839926140
2805212072614
139697757972759
25645691508812
80900410161774
115838424512106
52169438978479
111097724545607
161100125290998
116166626253479
97948425698568
29582425911515
73509551950012
785647674823
140838835500483
20088968647769
143060956252971
30942644886713
62674598604069
82724656283057
89631935049570
20859695276945
3608822067742
67511165946007
67984498823803
119545753777211
91891389880455
93775349927232
91789114188500
161121351631054
29601908270739
19555484170942
53190604691340
106269543034683
73415847121481
42181962532230
132686804844765
92185209344164
37595005237058
91059649991100
127436049532412
10842640698067
33558321196056
151749158687589
121847309456123
104357391799910
120147275748961
93041339631621
151561816046793
128890440481996
54106596232401
75984137181298
29060263264820
29620154929535
76500525065423
48915004601571
88589734580058
110613912456715
91980107027793
152004544689826
58497427976493
64011029056853
21523309903607
49948593435730
9903719459854
1931064360493
120836539742381
153880635629765
130527387107313
93131779839112
99391537656919
79032616601763
4491294547247
97422053559232
38200361040849
135879175786368
5694994874899
54306887685122
98584229528844
159160403968410
140535627706736
81633186359230
140739744222443
99630574524369
115015174877470
113488177724531
161156739647288
122004361016490
2807076706363
129798382027267
95951161600467
72424302100170
79258300728436
98266352851240
21759936721105
105913336165250
131986844361229
157288764905739
79975008123053
78120368388269
28563456190750
18332269496404
109414353084440
55564597482623
121055294861712
19215904964166
14212417714095
152372702552563
69732754208230
145414522996142
100081452421206
13011647121182
132896580361378
64917939322643
5299427265002
100336572894148
440755212578
90693396699636
57235129180148
55387883259712
43758506116293
129601079408685
153074785424469
107515709000113
90455980153510
156203689442737
117106782312435
56788123400629
109446922830536
77800147484972
7273751806726
156774173472980
118446600070094
145262604206665
148253178294770
129190768245535
24756337361808
31392959971233
11344021066689
159978811100365
139092955134214
88837206521558
146827967897059
3493313459514
28683130173589
15822688156473
102037289296342
71155460697227
147882964268028
32515704824948
150053545615572
47121570472952
61244801470641
54844540337096
106510703926687
23823963480542
100197230943511
107726387092871
102144939386167
146480718696303
33855947106654
12361871986835
102220678366915
130400104460297
68464067013160
92794729785010
43435325111284
135095837483848
98007722942466
114344946469002
16797885937428
138753074681630
88731442608820
100717098667284
90471035749613
38727935636699
150460803380777
366994718478
85181876668511
44136696265378
53564854644834
58409663568749
65470137960231
104009082772472
53089753932273
38658469206510
78243578658615
148976674574766
117877883177595
134272755577743
113306496391514
155494499581317
11415432347437
113733260322426
68901233293603
103761779190316
98168650594982
98195473016313
1927163430583
140949893497595
79970704427689
60231687363544
2377917914084
77923534034947
8592741842304
6528855078112
126465911248150
127361801115919
86029318430749
32443906178763
119484980159526
48522389487769
47307685149094
44684923654369
76173426268872
137361529231852
105848763923391
78100070063707
51236545887498
29979142527151
12206087023392
115122988358568
16392724675402
70413028007181
103899893522372
17600103705051
149632707728455
120288138160974
91988251058876
143299704329668
121325796876919
86213883857052
64700413100724
42182972207730
81325564254151
27136808080946
136592801068719
2173915214149
91809926139207
150917782919904
158789737695764
152318293138121
153443646726523
85229449969648
105960125418467
152316213436052
631107447280
135624786255338
76841855420594
98403679720013
115667277604085
148492060165121
140501096870957
104172523657031
33424025194965
114319902926431
24758194935028
119051410077237
82070198390022
133765786120540
120503448266910
156798260514045
115480289413352
48806264889746
139590076522098
134842969030456
141049361999180
13693585147160
120673802436213
92506196039074
82384356082498
138118401311268
6108483255626
152564448754675
125892847902994
12080369639757
155895040060681
72048395360303
139140785013236
93687938966932
155912810558701
92838297636346
55785016345874
90487560837600
109590698245698
135031183788556
125331467268182
65119940634996
107122904951880
73056400355842
7956989166876
122329240188865
25403264726283
150370622845567
133471784396411
91124452588552
51051447516988
134773488083329
148408112291220
50618557076776
64908288981405
131233266373565
33224148645268
24652573863090
65602048106411
73905086809851
68649308330503
57969292416664
143323356188765
121916648243849
42553027750156
129088608535878
51988114307125
30072163970768
138105473070722
115563475996340
37880880713428
121339703331227
90260858102615
66190000928643
141240496706299
13349325212645
150272634597308
63663968578546
84277526774060
148964209956760
61458262205553
89086462258029
57408363357873
83387430472233
117056031074094
113539568311516
67337045991177
4222068876420
23042762602627
104245192506257
47123078858447
22035133899126
28488014928125
134356153719983
122387262185490
51196990773725
107556877323750
154438949587997
153077067222629
99107340307747
48239942553648
53052994187076
136271726060506
104739597806674
64570349988949
95361718932139
65260426378407
97993514666253
139309731326256
141308916597000
86235169137132
66257997240251
70765099701433
154481221905335
23395721565206
47522524088785
109068646437254
84226316654601
12380555900748
97987835194989
78885489966596
56194645891235
3424271418199
48607639947422
123048332302835
89803799978515
155996770481963
110024415947244
21366742072572
25261342915736
46403498202525
71206327289200
153882170402414
9485028937644
11826491205643
148304446908857
21054958443284
12307393853223
148947019981795
89454037417821
137287995335017
60194626890159
24494397393527
20105323622910
95103552422603
68589690583675
10638020631442
118738571438896
65860095206952
159310259306735
87208895570861
100546184521341
29363018689603
57739797824182
31206270100105
96449116518619
45463417896723
82506924029626
32989341039222
118809416443311
129162567876430
110147792307641
17173153328258
125109881221802
106720312520872
34060704315929
42612776748901
51137953187590
126087388267132
81978484230242
117236279634190
71739061694253
84057982131890
159617166200469
138068292936763
51377245795725
27168552769974
107053182902260
64874168482628
1271616096158
43152211330219
1547201634857
18810344830544
16656586502772
32135150852927
17071923684061
55323087629010
93347790984732
139268777291911
99772817965385
97723221295474
80858310807916
23960696705637
114672160447857
112101996385072
19241231562495
34121823894775
78666999196281
150843778973978
33346600912122
63942425430699
84912721294641
153977322492908
22837137690
22675556058016
59639532666973
43101465853509
128791582930202
146610720162839
95959892898642
12824670325723
27245900216270
90269030018896
105945083045725
31305570138533
26896657291182
121728079286935
63383646062666
7489957312058
41241519721856
45817337364021
118475718739106
81121884334297
154356637016937
139047274449159
117468236010089
60333524221733
62434960708965
90474317405291
84204968739155
10954683966255
93425474294237
102715410527911
150209836353702
151255341853842
122345342007247
36384345118486
9208770170722
107894303078285
141098485003664
95032366607434
90713110495434
153843335891721
4023589299633
7977427657710
35428709419795
144549918698317
17310210295082
139228810172093
107292225434627
63440598968383
15464981633607
143135024680873
97199771876595
2758876613568
98717558166997
1341811712861
21664304437749
62554149172081
98036327259173
11516906577869
34867692047316
16784606563417
102644957952884
74513643936664
44279774472440
84339126391605
50939414766308
131800095347727
92416767025494
99663220987552
119120270110647
72212888866995
3513093317912
113126073504009
55360639389377
150173852537718
70334573385997
30187227577186
99765057214360
45778696183687
20051352921136
129783764390037
52652446465457
50899670667791
132901453798137
2779287259606
8772246188000
34904904433904
69377051354796
66990443160937
81060050390803
20701206939152
39265645897229
140173194708254
118842707373608
65180576374650
24598668164978
49772434612682
76334655053958
116012231027726
115190206454350
143053628139680
94015079557649
62800266756072
145382494987079
34858175836813
72511064296362
127747854188049
114987196221667
42918494383132
126794301037788
34283398632387
134222032165999
94162307128490
99794414522073
70607006694051
77628151234610
36879235205037
78953645282821
144379772654856
108825714454430
80383710004221
127431092007696
64859963357687
3213886622085
148994897790085
9203979635587
150406875861741
158833133898801
46259038529233
100686962929355
15422899479085
70299327067347
67034906400172
137015779263500
157168305830
156912082661399
70529916262861
80739160412854
22548327128909
162795150711602
130289920304106
135976834180977
118205221798571
130848291875612
22584571743653
19943810219267
71445867866733
139208581138649
69766146797941
140144393388082
47360257124585
97312165641346
149479696785227
15096350506841
161553733076727
5485961041107
42148611311610
103701233464770
4696287571742
100016364057552
121518464708830
38840076736533
130655610866809
65995657323332
99575356676003
40154115395929
10879042776905
15499316825146
69537787970438
69000900695971
158656013772217
86641600178073
20856375534511
109405188275518
104833068735438
118268980315952
8819194855436
24674566630988
142854686037484
54740237631062
92327674434248
79027288611270
101614635465740
158840892019184
108597613366366
141874580309333
55486127627104
84875833112215
52861950455384
44592376112174
21070338812161
50747265018486
42686079806144
26434382758987
97079368900495
64041048321122
65731155976580
45729680212412
57825712360491
46054578412081
46556933640682
109794167738042
92070878677433
63390035418621
135585024265110
69619146551185
53003656034640
49255460084834
59049082931941
6855863207895
102687922933845
110234569985154
153651689232459
50122210740899
20250199274862
109645413529128
123904243003913
120881276861710
132558536724565
135695201102112
60338479074416
101777258277061
38374756303088
86076786089607
14894623270607
145273361897005
4635295875094
148324363820593
1800738916681
13040623866428
124997509321750
87103185554906
151070031620414
117129083734111
47822916909113
51377124574631
31718268785491
39648967164420
86928771471441
138502041045480
158615958460063
53654921358243
78298478852218
145698045230291
69915208373846
11600105699391
116868138592080
66749208999471
110503687990830
101877118613289
140886176535319
130964001252912
145835099570916
91462325007648
148212510827537
70346069928022
55961697705137
136422870937354
140790309964224
25414676164456
43224402782560
78740134294592
23970992008861
36764707988983
127134112364585
36594149851775
129339460391331
75035047489457
132906620837957
14154400343101
14350182198421
52952092342825
120830842734280
77981253527121
97685954975799
49184513242812
90597974593107
162401113264485
30840484008376
79437616270548
4300962046865
41556986277505
152914556336262
15490099911219
30655170394720
67578387165925
104187229973943
123095400398701
60401153437608
146743357465055
111199905841019
12885308079507
13735540208759
13633134114999
92432819001401
143414668205794
9095360380936
157235551521724
151473143799569
118071779443889
2705258612379
8162841332901
113377169431626
12803114696912
112159398734716
50704191123646
114469457624609
71456595661215
152497181112905
41397737369863
66238095471058
3725793065017
79644890689947
131148723432661
125158347181794
134604818062659
76559685366734
157696144605251
45350379693554
31527990794706
132550321749001
108768454644268
88659916869940
126631007221523
19067599656402
40705647784983
90699333539015
127990043634309
67341613065344
93043357467498
24982226886775
94005569785151
65476393748990
28557915617352
126875386781032
114216173993097
90638381474537
20565192628200
5114880681769
100899441501106
15220883294811
24790150055730
13843715854589
76791012611333
52668856103746
102924224940481
70051641027766
50022920118207
137468946756152
110408879016199
18034243670542
131771411477290
29617170873320
123863847027701
46149270724795
34889785594480
88544088766638
58339516502723
17926179192164
148357413751800
28349921129893
112013857085883
37463800439544
34254762562812
122570232242301
56831325806735
60563107235
100021396207574
124494385025332
48349524738118
161730483283721
53387774823798
31993595742855
108981706939652
46297237109889
1846969646685
160008549511371
15516646437393
60841459818223
78528691647474
91537792323653
141904506774334
137169129747601
9069473744841
149973597454952
150081164187758
78141295293425
63996105627832
37377902404310
69291741030620
110937001057196
21249622077672
61256318700781
98457976205903
127181799629382
154782781502436
69314086808360
73085680492687
58707079299126
41553052935252
134778425003786
68157231172741
50028865875887
79236643802845
22416267243501
61645638501157
59907167809206
144777670106260
150490538638456
55537903389673
152906951128471
118319702293291
65637577793580
110005833664452
135921012102607
16499256416824
140861667555147
34303176378433
89263871785678
27917961531189
44444093170632
138168433328234
1952011135488
19552367266453
152864739606330
15185227204644
1556907393831
18641581071106
69204871485447
42773866282009
122327293546825
75680368064867
108781673950685
140129616937305
61057603082099
7287727495823
141055897045054
114192526711747
130562662812568
111232572253321
6791787952417
153086059964221
97436243075637
149616490217200
156994826020000
142670020513203
3811149661079
138888173890412
139244190288771
88426456770059
121994798581947
134768309707636
18676598451695
18298978786181
114871338183084
109718923703336
139249192612791
102150233801474
102592654681466
137478787511193
40776941435941
56645149722235
135220048818571
89033520309275
133010598008375
96472594800425
148645131710550
19115940709069
95940793028192
156916919988703
18805388835528
1955001438129
22376087670222
70084918360905
151341293220524
131411312859606
79480391465658
97454175126065
3219679595277
149047993357880
65827449725704
68469402826551
130052885687078
15660969165109
104383845421667
144822313673840
90831615294628
15309253716646
63849739073217
109933746289936
75594620666099
66061482676000
116143870244835
98748900621510
145333381590918
102698161412230
27416564133900
59082596006917
93638579893716
51079125492596
136910850292601
124880055656543
160762807484084
75468392486982
139582631652509
141735251753341
105918694770079
102229565637041
90906046741770
96711609919903
10747863676245
41670907476441
120706783827381
19675881039236
46519698222301
99569724997102
85187027978951
56058130451348
12571246403299
55608050539052
44445779213699
30240213331590
54030825756374
128247769858449
56616033608257
103149434365177
62673393567810
29951208699679
96108934467733
90441569860694
5784788365192
49649261415210
21129513710852
12606060246672
34524443229731
79855579798701
27746823416355
67210246626014
115727693031860
112741295576841
94618072671463
70631795176901
104811340149283
50852559015312
135639885197888
12176865861386
55618485574229
90849595211789
97596280199031
20922296783941
66867528132993
124320291047949
39247599077920
3447914156342
112910076102464
142360960553549
87770192346730
106018671153485
64386903095415
156873070755080
71585525701025
58159693884097
42162581491139
38345791180254
123345484012466
152849641082843
69006129474581
146396740582084
49700825809207
96932981628935
122447510945293
44892419019699
62231524255617
15421757049858
19869484379584
141348232777595
70293443966155
119995390484175
56590172671574
87208079777616
110048298613042
16333340688525
107074930075972
34074661095752
140360134764250
108334732679803
115242028271527
125839407143782
105386950472763
49511336663223
156062492848315
14144401232689
85065864603628
13726186097825
9749637327155
133867485480469
120094579572149
15433823708648
74347663717482
27629272019315
28411773593039
94190876240013
24844853977570
134142208818628
112509556306274
104000094429576
82684716418898
149743599272862
96010339495680
38334635895147
67418591262799
150972612866862
40375454791708
105484860274879
92003964973073
84684107224977
52694571419101
91255017995528
75263806202667
101658535864867
11139828693443
146619538216808
162380594495244
33182176111397
129017331972050
99868563383838
61382826480621
162488701764373
97310856136842
91200900977462
131607105151326
37167215040260
114962168939116
95931722945818
77881234030531
162746941720864
95423089528958
37824203478453
16010682640567
103684694710981
71478155316509
50804765539435
134855818638346
46773961932147
18658628344416
52030552025621
151582380809913
113776584777877
107684427892204
116968596685852
85044897959725
34133470516659
92953615970767
96398712373363
14396994570538
126874657676191
161317378169887
29773494102540
2792574968649
160017468087491
109723073296950
112324898493841
124524581341001
7104234290525
162023563342901
25589677791487
81850454267204
79427106358860
116725761464962
84501591580854
36558689244368
61394494221412
55683511829885
91519818054556
34724627080529
86644778128315
31950750631627
105222317512957
36202101115134
136265199707419
97810905539105
118560295795517
67105936220787
16001188786279
80881445482524
106862810109231
70539720204660
6988398464844
85328435770617
135313349373186
2387054605907
106792733107438
15889331847576
158282950307311
135651433656026
44560615597862
155074673974464
160505738802333
158154139279713
32377909890460
93553637374230
31265955254491
85148379719836
19340565285316
64639727212813
121268780635597
50342176607164
99503306886632
89548457870677
92621537789508
14470780806933
133586462770687
17151249783018
156158333023017
85573263920787
44623978787526
69306856254023
74083753910203
13631503617514
71653378465811
91382450919616
141666489612131
156471337048340
31161755416565
76599808385183
127580424767006
93079832236766
116333876727051
23041440821627
91829874511392
140009628364833
107308314135598
37859485921488
19089485293765
18431522975444
11601402942229
21741472574328
111669580398020
145187952796764
143986184489908
162777720246274
62338612905286
135231602688802
26392140633281
144168058442957
95266324247618
123147292612221
124347707433999
113244935450407
34365199357139
143880050235961
9552726211569
57166822393509
126395569138717
24022574885883
111449649032206
12136817265957
69632916254368
128728558885125
152347152152809
159438232142606
109161205736940
94294161198988
61794623425475
160447260905293
124875919931683
160524483260891
123623351514574
45691203716161
61583457023058
122989496561086
13698056670711
81745395563690
14234765349498
32678835101822
146771311181604
25904845074258
108995089982029
103477093415094
47157751925107
128115223037807
9604198515050
18503692704165
156443764967782
103655955443694
65794934658897
3680470289357
37812166843192
72080169446506
107901235023522
41287506228841
124441695469673
107566062509639
59531131798221
88567468466802
106047591879777
17601970736111
5529172680496
43798775823750
58827690515270
37542241297958
57133735416547
74127456548492
50058329309531
36547197958406
2757646537479
150869653678145
37227383267286
31909329475251
128006556207219
25483654651206
69913531855273
78188580972732
84053327094367
112458349828616
109188301719764
156922902428402
131532543460927
133619387345789
133323011396325
102674935001076
76134150475334
84458575417402
40786834441954
100309338311374
148598767918166
101424597103279
37552216035358
155568013819407
36906521320273
72210343574669
16657164648710
70686527402105
11030062706046
95632356079281
95527460878994
101108801269023
75118522827789
41169721022719
13573778928296
59209927454156
77941136891891
13106685067574
17381097545216
64882867359949
61277110066063
3517686671493
135225057787765
159876130552316
17929100141192
80296047169232
146792809727784
1940033608383
20148396236326
79446619945406
26426397805504
120042441667243
154182188813975
60419327228064
73138382413202
76360384944063
122188742446390
70127935145259
142513797787343
77959173655796
87382927710563
102968621472914
158985312456914
138995605147187
90344572761838
96727083463737
129289857776973
97800018726784
99151750949448
20832123451476
60300362805359
147967468921552
69200987683677
2054583190675
158857581048742
137019464952949
109399205764371
51508088882588
22703320414996
10314797385662
159235428087993
20836180884855
23109471036492
122315146560747
10179537582001
22283420286874
96494309717066
20316725353447
134093307735817
24778830425461
112419697584750
81473431264351
64461108133574
18886239715268
28553358775302
93056122646199
33893987975345
77789351623283
42571659156000
113075321154956
160473411922393
143125056408105
40474039185124
45132764162275
76260598779395
157830792639854
118920464842676
123663492200760
124473383350006
9920142332317
61171188706661
40479666403427
102542834777973
69996048662639
152607937216868
94803899093156
94699923508938
