114944320089529
103726308923557
118445611733786
16032355189052
38556399335496
40027778306592
79591659424775
23242041063866
66551109823336
127492269514216
40121643163107
34731370580754
122470864299385
132681936647257
85457652065339
62819099685258
119336189736969
99372011710017
149695558612911
42689393729694
75132943727417
95676507069601
64582724046615
109572491990835
20010353491208
111360520133308
117723876311586
22760432855884
87469085535125
120387744545033
70769510390486
59723087474794
91631862586799
3348971144249
148537452705987
139477683301514
160517550540636
58057959028911
147145747558574
51709759796611
74315020059928
8653890404651
2003557179267
152186094662823
122611406858243
80060261143588
35232918692176
91826141137502
151963054306411
21372947998673
19450711649448
118454311287961
155947667169763
135886409520292
99982195028420
157265809228938
107970853541629
143209398765610
85190636126551
34415070290206
120799237049583
124741337070331
103593148617509
44003463561443
134381331256968
142224790625530
138510268176365
92745895434560
44596616177132
145707915497470
51883329114406
93633005778062
20688592897815
144768055899079
130855847126223
31682040019671
7518392878087
3521617397920
162428829558581
14835117487561
30858679306778
87456566740441
133581247796087
4940630368052
39955410912067
113336891033694
157974119954857
62036248704366
37417502962494
14499109678128
83166758312931
122743007488670
125569659187384
77742973822993
112128657067424
119972049751903
32261838460625
52200988739575
52936071382568
90001957068855
739502367274
161173616433015
130514053159881
17692056639494
60069906899746
20313279507666
88284900236268
94873390093895
150657681604919
121312352880922
31652333250456
25675624562473
125781163306856
63743719090248
138026274315579
79799078126782
153263104320057
116064848987845
79125879304723
139400946715206
161788076351261
71054976142141
8128399485022
108602189057259
9073129643838
135987490556648
113749945087057
94444040819871
150198746941863
66669270007810
37045114586742
94425010571904
144730932144171
14901911821499
148460858567509
120849455205037
11320360581829
102225000089764
38370748750604
85381423850556
8809636125024
38031151975531
52182591470406
42899848988587
36409179501463
93176631913965
147718755098696
3375226337074
159893645081774
101800824585000
86443239945288
32629911148253
35501235363044
63826738305347
141335431198510
29615854318468
161767228931086
82831827546073
26075128695860
84688603642366
152951595749875
70412751458140
59453394687609
112291658040579
78932629626580
71955337157228
120590474907131
50798562199242
157433611722880
36299774578934
128545553263419
10240533813049
162555292951934
4173199121648
19522934525904
102352147506031
126177834638729
159053686521136
120269453426166
68324726327147
49880392286266
1609400325195
100456747742949
141198073126267
145561682927749
121106865331708
111894288324442
113570011175855
130275400685829
53918010731448
147934057308258
63236013067601
40833778324518
18179638409285
148083780330582
95997619344728
100167571786351
36464563074878
161056309581894
137981481034882
99014105997522
16037532233201
121845736794665
26982837896148
85342146277359
15683866365870
160188170115627
116101760743007
134154211353065
87449437319490
36459135141250
143319758091175
146436969704061
11733109664572
114586465702016
27136569557681
25564792341526
49083919801875
156240218932158
133755942276232
39974795623279
27421119661961
19540572241476
136106889830041
153019292342462
113897970612060
6212995609210
23342130336734
156268959103635
23560545826746
75017088600034
49562692359996
91856500787732
60973066391485
28967116526608
25405076191156
162723043804995
160502296891682
154182483917540
34844823618172
124714998740865
14784362897464
6870589292780
38785147633381
64991916053789
69584215552551
14364472066454
71715305617163
62729940991679
118856746951951
81429347147019
122943093095458
161294153799868
110117206040475
124089220877661
147328390369605
141071453152159
15411385284663
87065912634325
118779604030614
158595316576251
97909314643761
8886021070616
33102214625970
96276241603020
122779573952686
16924628317506
128169336778121
104048592291789
118966543603611
29367629880810
73397482204483
143659182462857
30713515328637
86693491730304
23139695633655
54498742809377
82491804850101
85627040388098
62780136564485
25309179360775
58085870334260
133388106680899
38176059323182
111476027059593
69833076568521
63949761600440
69578790433117
102510325307941
50832352881158
63900419776044
155768726749919
122113319875571
136765258866444
41214173709171
134322666340487
158169897614145
122788537822338
80617679311784
92600859408462
102976645166742
116522030252249
141462369889514
126001882870975
14717291126166
8114738885833
23198599110882
115767549414305
154233586677781
158061060014632
109247120057139
9546672634382
83260785713787
48762436591055
161298173336390
29152617588783
93199007870485
56379418566191
69135215525194
78791641433817
102309925260863
159294653515532
149565147928139
114739770989417
124909998370934
2049556484492
43923232477362
106700978871613
137423281042158
139345799612130
18482604198210
57152590384681
124397507537681
81487221606622
111811096053076
51697611414159
31083721382989
119620327394018
142630587880789
43550686530286
52292489657341
41177581647685
106975895052159
76706961708078
49730421056315
34638190310389
161962248225171
72361235579246
111593762842505
15413920432228
115620148506129
77687910780754
2671544679794
122264979165785
125493968078822
65475962291878
137314909490008
7207962282035
98206091165721
110210286039596
140768315075852
15076098556319
45608989451939
153257437576962
159121617456844
17010689132108
14496552921400
140001712461450
19740476597709
146546359484225
45865662027349
38146020590629
2602357053216
138010212646625
16471971302410
61306236158854
142074220776084
106794125432930
67773444620588
150643608792513
107518173894269
24993116830047
105079275027646
82864693378092
48254806421286
135653676408292
145957588040442
2961123850030
30335878874206
70231379724294
23784732847957
112541165149607
61333859977634
29658562692922
121020861216613
117827810298507
2802031792961
18606696018208
60018937744813
148189791903168
140190982517200
119606774622032
85650614937781
40360411861579
4167787105481
68419593173992
55242571064196
4240486876496
9345322237843
105107874012141
19084784257727
161540347308998
79750303512845
5910514813844
11034562747974
49378733085747
138361601801861
158800246187222
102489578880438
90174352920961
160700294039321
68196796015647
115682720553409
13640540802548
105956913292555
28225261372334
118035512160977
136027713382016
68131767988367
139637688827542
7586019038964
50780941881349
143827626419147
32175860939633
67349413078483
122854535060027
39848216349250
34944222487546
66904418593681
4722004200077
96686939324514
37325631407787
17171788901316
148494207719842
14995426085058
89499362201067
150461071279556
76761098323604
24989366568809
83048355157086
124795426273869
144483881973262
1188877927838
60554222757890
148762931315985
63499347535759
140347522145553
52469436992388
98831808683067
78239278225925
126148814635857
46414119984962
30669233938846
55680342432018
64981052515954
145381897082965
45919795801489
41945427505273
161396496905486
114239415534371
67841119443011
121215955241347
59147466282261
99150038786674
147003882684302
122758166450471
62091296637250
127436663959868
145758439323206
150539555419421
158115725673793
87183592997879
94634062793787
39996370514505
69608912402393
154479648917776
12496580191436
13059052401525
25210084633345
124188811655666
29096137765031
151593982551044
40656218163920
126593163428848
124040455474971
89633978153634
53615270336409
112162618164203
74770115334907
144602479403073
31099720107078
106357567487288
8890864767482
57116915434326
3025295836577
37361659029105
86678633559865
121866033680870
35454198754025
106044339802138
94482892467902
136081192633460
68479658066689
139791196376293
126910740555677
70511443096196
36042717466252
9450936398995
96426000799496
144875910639224
93367704863869
51937396185509
18185666341566
67354238386545
43504810619351
83966548138951
118677030184444
65094673563261
152279415634563
99664989828891
101327597101471
42880754762182
137482477247109
90053680936558
4540056529054
80741061692223
77089698782381
63354586695716
9097339198327
63323317144574
79321411837535
118551114566016
11794700448227
59144456633437
99501793890028
120062875261008
129525489547911
45019022279872
117860221052765
129864856439871
1563775250792
144795957703416
128618608760344
152130206586917
28840581102954
82853997248998
63686764297832
17995885656728
33624922195723
151634093726739
10240711412229
73871360908466
41829524604196
136877060007076
17201016882821
149574356971772
45039763466450
11340480144508
117816527032407
69349851151250
156564871811571
1985915842043
35510233558106
115598935438232
19502314227031
48212438818953
142541925451646
16626558150812
66707587676016
145206980224885
78586854865521
46553482984067
59700262799604
151591951068202
151222583846410
124894612102551
43734033873626
31734902949363
13970292780433
31718143154161
21766190789293
42313850417651
20345507250472
11398106153489
125852852954645
21983077783988
20663448612112
16670976249985
157919929485877
49922812992502
162330730445614
61351550204177
82012795696614
73709926660729
91725817371911
16774117445564
54393065862024
58872215310627
146033670603091
135903926195729
61615260476857
89198440290737
134765586881907
137449341204057
121473174107848
139530271300006
68676922089808
119316591879631
89969895380697
121362160193474
156219426616787
148781565084732
72379287674550
91010150445686
25160323954317
152038854413852
89999881421336
116665525634142
47817312849352
14787072179899
66854487345946
139708593797966
127032710924576
100860919643842
87497581794993
95693371854756
60542136345476
72269191771441
58138109845670
52630200331134
135583611315328
59525517628553
142251316456913
28264258898483
128663916416194
39761340137076
152736455052505
79515150436609
135542837594518
77964518353664
27712276844468
155298252917167
116253339818585
49038655252536
52356347645213
18841867075245
159431969624264
20419589694300
134972946545152
802373634419
108004288149685
300892049186
151107759943585
158020441251294
129936119806665
151781794076423
47097709856850
19613646754765
115561443439314
107957154010526
53027808639829
18096617187551
86822754882533
80619218947789
85196512358505
82306689896848
118579013500662
121083721534159
92155020443725
51904948835433
14389020939373
45893066679283
73663277319893
146870428933708
76204610518587
10672114118106
156697061360401
135877690699368
79219430612187
84618093384710
103624484524
11727507489425
82838649071500
66358032837544
145344839283476
3488195536532
61437207461497
161063710482622
139494662635868
157092058667959
449264371565
33611416378296
98978045777572
12067875885144
54001520497889
33304768381871
11711634367028
78975008035058
149725097942034
136321722860257
162012894690315
52304814911439
2158314429195
17159290831167
151748491205530
91276412529640
94957999700566
129206999033150
9194742116943
128635667740251
42279254313810
84451552045347
159084267636291
148614773900731
136146426334867
38572435965010
160025718939904
70358944456942
41393895470219
113164554201992
33400956208121
11810621949151
40841211250322
77182208693573
108442965061449
151106204206491
97964457147533
11308594248435
69307585214266
49591016807207
131480139726317
51354790013694
103378150060004
82380136995768
129039521871801
138133602526595
119069397539406
108746131738446
134802123336188
37670677339403
6712202600179
53300427164373
138894316155941
21030647928102
51700171229986
159141804015471
23181454490150
159208680829325
113363262411744
155391499176860
82641367360719
150205496730924
43733534395475
152416536341887
114864865741494
107268338878635
37375795621473
78633087465244
14088797809785
75840635414331
144628106927431
112781592517257
10129151162953
155997359495985
75610217914089
31181622869875
87922154281700
154492259744054
35574328122973
63737674575536
76063803134158
12103628913845
124674216933287
33262238640079
51570351932921
24155412576304
88722362257036
12325230100307
16384379818740
80720653959977
94061993887000
14361256699305
738698092591
62067269937132
117692427935909
112794391399342
144489636755227
110858035325858
128029825168927
15794320766204
22375136262253
84917387111992
83968867968074
5301148724155
141802496727487
132223992027723
108888817840140
25963547365618
275035415544
19004197822109
101619565547128
112329110859507
87734112972720
112013616707161
150716403690752
122398273139319
135881681265663
128461606945207
13867238285440
12805475887546
108661945427586
6244885409588
24921843132418
97712866079054
81315501762769
2720733187953
116906796433630
58669536377723
42402920328550
8482801739364
117074083114497
152942962847596
6739336245508
158090768409593
6156239871661
44646605587142
70760922920712
79365546103035
157055604419905
19053960805353
29081621517562
43311833591200
48625860226156
881428754758
19059953993817
148293070290651
85527908301905
66260746220993
125726392435796
150078457783530
50659216891448
52514446603753
90425720587951
75637366038610
150862539104331
128611737336600
92626174391782
55681594023704
60058176784382
15970077797028
111773987958687
152408220435490
83959976630110
138834615123613
54392228186301
11173462483903
111010011195736
120827518512999
112285934206056
63252180965868
141921456962314
136111828231196
87898716911212
150576784133017
39574239061430
25234761199706
144547236485427
143778306984992
132560242065075
18576437136871
12922875219191
127963859018912
102184203662610
153591354725940
62846320517142
89378362630932
135981680747126
64516103283605
41341412422465
84783765024084
146860907748396
154404698287357
159164080840944
103105516519920
144395180343070
139676398083846
129519173347364
104680990060871
15695230828447
34137919465149
76284622324123
20741977497269
10726943977547
77399330548113
41778563811309
152480365340968
132699719426324
45724569172408
58732018666808
131601561167271
4901432942532
4195560802513
62207297846773
155514855851755
9059352016940
73624924411463
119528731847477
140132125719245
43465080076914
112603715729760
35971674370725
28135688028507
4580032715526
62929370339382
7310685987859
1313107436967
36602600807448
30331224825592
120772992187826
27415445383850
140464340313906
154913346839688
86811724889126
160549484124879
53227830542976
44032758831688
108430402882803
4919337155410
14069750036307
46977213588505
27696512673656
58305086521700
46417160497295
11336014569348
7517687090642
77441204577291
122746479568220
93856379659691
60679532801599
96867126112872
133007096694856
8550686227905
42520504135197
149831418886625
94840030153974
155776533889917
129856856549004
28659452308747
4740118214388
144712354781962
27125124881888
123734506316211
29109824672120
89072129353522
7569455960229
70469589750411
64199818498433
9066546023369
162714039263015
130687424102191
81720478951947
76803641067614
61287143886217
93343546071816
72300514739430
61217112659208
52271643294088
62406178348470
29171165321040
81726780763832
40436625825224
66929131336117
138307592023868
6952911617316
111922753538718
68245571718951
20956188348285
92076388370298
139173151487523
128850535869028
817549087665
156750365270938
93780768716845
19357316053745
126758670425629
20906396136097
107337391361386
789642692008
21843427264730
29640768128086
90419688479677
142687676790673
81160308736593
34617505731503
106245943234257
148502902959241
119830483490819
84739385080027
110673161142956
128461725712523
15728339742108
85575865027370
87130379376383
88892731442504
92608593541355
14010170402442
45643313044845
142673081175590
121801153064798
121308561210080
76718543952857
22247832873195
79606329855471
74348342494978
94511329755957
24529775832825
43158035435723
134363218787213
142907806416039
151665853250210
51847231088874
82685762921072
117297715154522
119269446788515
112607744952173
50974136320303
161537894699669
21518856831538
62237794898967
60160004341150
66436903512113
51461427954157
51090770479937
151747918833473
35397794159607
126759408850156
94709185540164
89989519761938
73440003598555
86603187211307
128125801808900
59553299329354
47309192299563
1636357396899
160559955883657
101314045478307
128255597508697
71670180471930
111212887012670
72572387092431
16421866821908
96976682247499
112228044637691
101713668850116
15372953172320
63090966463801
46211304138612
7626733400644
122347337795718
90900569917214
128418874628996
100078961244654
81721240248573
10120565605463
50678904290870
88313330959220
117914527731692
20640403730914
27545440328424
51170615235912
121921295328913
11834207163189
33956246295629
134285462876120
113752137016650
63927020622780
7434549983329
135524504435751
161813363930649
89967557905692
55046411509304
95506363931025
117772829834193
507608019256
138847194664234
93092403535696
121914377638462
105043696706576
52723135112433
69761036608952
124843036014500
48435083953642
158793440260948
36863206474793
35594630853090
160056368707975
43174703052597
101719314182159
122988484706750
106725344502836
128102303380759
151191893380799
27700161971527
95871403634552
32842165406896
33580929910590
4685938366085
3587275046862
126846011079859
64418913088811
133838803464935
15513677850828
61506338131467
93093744858435
37127098098873
37054703894102
96869762117122
66855547788971
1922736519346
115507512607656
151244054459213
44843064108348
138574808071710
110289013340470
17041592473060
43605122189922
96854456999199
67597257361483
92561767719006
118339064237676
50507884401780
1470591838302
65678917237223
138240739874094
147749140605664
147915262451557
75312454437750
131493918994627
88675257676221
151247560878447
12415819819859
94441687689853
158843067881199
56426123852179
35617853483382
141476321361020
116490405595159
80493151516338
132937129066046
55819412484794
27057656047532
61821017147932
56575684999579
117206072057479
19439927788193
13006603299987
103326191348850
147361689287876
46822322708702
45072922876078
54653658452553
161439856514016
110669832104927
70162980043399
121347138978590
58654799397828
52206332651987
155343802227038
33290944519656
64634072359082
63328783316805
49658516157278
146960326135605
32359095529745
141949165659730
19646436354243
127687089697374
85548945030980
160436270605316
20451898405180
161652241557574
51686632575106
104054807545584
150341438084524
102017433651356
10618260383867
14268934345756
31279241443906
66604516942420
54323216454190
153305631740266
147608653649671
92409027426616
122135982632253
100126572852945
68654093749147
142639951999992
38794056190162
75677453975018
58661786064552
130234284738914
31211750487194
40458178885354
51804752539263
80447578428976
27612425875285
96041129855995
33850149985776
4532243436105
28777021096084
15561920794515
98563217304058
12189964577620
152087119093133
118244027096597
76568631619064
124239471810839
65988762767058
151205713320592
30600859546048
45657412076830
142582551443493
10394964241044
35217767833487
88501063966282
82027257750403
36477366969314
51874256241579
113784226245916
47914725761257
150571495152604
3353252361920
146633637667538
156950631527271
69903348789087
5998381625526
38198280731000
11866501337686
91082993389369
53494476846639
123191077191580
9373766665125
71180770426423
17173152625364
125066514617542
68768299991153
136031565902146
148724856231263
134435965896940
39851133839599
159951865623402
66398990868735
121446961871685
93583726792071
108996694073527
155878134994666
78028400044228
30988939742326
34464741519096
80186908546136
102310244777748
108266315386188
155821316157002
91602876995466
55050082279383
112813639833667
98568464194896
56012306103520
43881287431494
11684995202002
159690232332365
123603553939363
124540797513448
1433680048510
60236615372689
102109740340657
108967702866181
122488874171451
119011355328972
11222314480897
118988462787083
128485837140915
103276794587502
23864235295178
65039349926160
80624397298049
73279678187869
53043628802100
92281508300536
108199291422772
69950830323274
72946441257912
82224386479979
128808302217337
79253346593185
144840752473448
99055738905008
134060941015599
117931031966768
55677612389077
63725724396813
124949208903523
53735210657799
61930020149593
152571058123998
116153465274846
136905795436576
21115045800537
51054132394999
70073869506621
6111467650889
50003100511749
2225225897316
8347470734723
27462174922007
121469823437170
138617608315083
30838527262192
86145760513176
129912276577805
86154990132475
55450428580221
109503216362252
73051649911029
135726635661082
36074196903351
91644083602180
102002750026033
81088655627189
51353697771115
134687334393089
78961539398906
127772042884913
77553933640694
113349799598631
54662345731933
12199065105868
153696617967074
44742716458406
10894217935990
60815235815233
135409566499917
15996255861538
40885243995056
116428615144507
19143550106199
23266983482540
87393254908761
146614851944621
55826933833185
110168626243449
76037528271276
41287978544508
53537776811568
148945520596784
129849127887837
124484941317076
119172088273207
30961973855264
132636948481051
48685856761175
95073534627275
88761953370699
38065144933062
39534623176944
19569401093514
160317770273300
58698615060205
121470160951830
148943268781331
112681342442496
77775224967700
135364739733099
76124775700348
69779876478977
128875687013953
76384999446288
32927970036780
3987121913593
39380413971479
40403799698891
2822593685178
103695443287625
31581275076325
26476821873141
59543066961459
40947934531886
145473243633915
1439185296468
20232173853251
6110044017692
70987921608780
80243763444811
114779786820415
44787150183648
63593826977043
104237244012426
82272979062290
155570493791141
145767272910262
40143616966332
43625769534437
118435108219734
82750539515195
23571156788402
34514901761374
41174005484914
71451097115066
90094696616291
148912816954519
2482972384201
26103392989349
8113064350522
120543146244198
114022421213032
119502685827307
149114950069812
88054728388471
136748527100779
147869815227705
40603198836075
138285398724607
23654464518970
85649417922030
35544037600309
110546163192664
53737274693467
117667596250242
100605870877523
70420199177621
97994208556761
137353448196675
116615095954713
15296078489863
108102984083074
54888185739181
31522758452854
46110984877330
89338080876198
2947255959552
158523351689433
20896517681415
64092604086682
48721383399487
62755904474031
56543562219618
14864528885362
152550223233953
72187069511705
150016151784997
16280176533623
31126520025385
84994956234844
55982301802978
122459896270362
133321772752139
9920847713911
30532020270555
45976221465646
3546865828207
80398343684427
88017648370008
91834575312969
23952998809735
65371325660602
78099240031658
17836407205214
123146894802912
114413633883813
138388943789555
51057376078668
115446527678658
60808468219368
13701175638390
36897510898838
41954092465696
65195276424878
147252991976714
113136117657302
2261147005004
15644426203672
81410573161681
60241250052469
77227730522731
155169395138211
90251496811002
55074496397398
132787828527507
101617393241347
95117341932430
154527066435372
12413475086305
115269653440971
72423684121468
157063847066027
26144296776242
43420363879708
5201770417622
87831825521046
45682126005906
123399296429855
33897491755689
33623992519317
82393888833967
4926025711357
146426482447792
78741596440424
26821566263859
27868799594744
5469685971016
9223478094521
66951433680396
138090307297867
162042294135591
125748376679234
79526616798646
71374461110204
38661535541382
12911275065792
124275618106706
1510827054030
67534368863342
28048090255279
123824446990316
140053381378312
73908622400487
87387951384261
52062376185465
118862430232861
83714532314845
141580181026539
106249823509401
16131456876397
137188215376717
3264309645384
82912843512733
130141308608881
7842052526720
40663677662466
14483804660958
28999830893058
119789035493474
62886303200164
83944889501968
126353060968411
69251133820226
87966709445761
49369000421102
67888096729727
6195877902388
36554385516090
21512174429037
156072793466333
37871753091700
151318038577398
145293559349206
16082066008451
64968833166433
38632931645548
78292972513807
53533291598797
125727714940394
117356202657703
158734822948875
155934764303666
19656333850127
103261940635055
149222447474698
89924161754911
11793361853995
81500853627168
27975399973899
162484788330758
1328251127127
139845636770137
83100530366318
150700262191029
5062227953334
104988994204469
80596278323220
124861167623873
36492455937829
46586157973492
110134758158561
67218826598046
155952798988071
90411218841070
161785228464393
156101517213060
26892787881409
8823174434950
7105549754336
90198615953412
24448758239582
116345432742511
64821105841707
26396413999854
150744619063001
2592898495872
46419538115552
133395670500796
125238398021290
79888468827585
29728805084914
25525059400233
89469134298093
99205765409164
18062388774364
133592266136382
79326605385890
137778561974323
159530740257150
158472487151498
111457453212991
96571368104127
98307656644359
149380607674918
152885057720863
4678837238385
48262238096596
55603859099694
20104141050164
158783965542244
48061948973457
119347349655403
17909378344185
158143726255268
39124055320984
98819609774708
124581569084923
36991351708560
148708259002514
118762385761178
146547598695058
6098271996511
16520206250080
57531852003925
13031476115651
36185376372414
101837578607934
76554507775481
106584968255139
135689977817923
2031818561681
137872072283487
158549428516404
104491551904406
61347294005156
53540622105736
37507237618603
69500017861201
161956625818111
126602680298676
138774894579291
27829557384780
17592727810852
73455464440751
162575972590072
62470189195011
40592558087345
24282965775712
35393648339161
99687701111343
143821053058083
100617207229262
154995113455488
153972037396655
22907525299829
82368285070735
42864239950729
145268475168858
73563029181953
76621694057256
149305462728736
15150623861271
14443923956992
84002413658822
82759084055349
67880817847722
123156319167655
88725156157882
2809161209866
67771156352666
26482103599190
66150153681109
155835654307943
85130026498253
84962093436136
138110473100143
49997872571660
142651605698002
28347760740887
158075604961463
34600106653527
147943767003207
43669957512037
4125815181237
76065256067053
13485568142816
93441768996663
118781250220424
58028379805951
122970899659807
7932660282564
99700272446202
66804392619857
2178638717502
143776166627819
153932398670954
82720015796343
11131205836609
136446117147321
145945821306405
28944015055635
116060704770991
100855036955207
26888515089835
122272880670335
26339881234570
82585054020768
38673748065289
90490917696388
11372094209876
80884987151613
76619628587573
107142962005629
18419447112232
30098249142363
141660740771416
93443459527774
126100667932246
115732870773723
77266753602585
152783668907588
18200862385141
69819527882772
8945792530699
27206231905941
127139566391261
149215586769070
117576428233583
37418756613496
48426915426321
137150321909518
89221774180424
15278059306002
18294036669237
156428566232833
26845781661249
85307458832784
18489642177487
56923005034110
63320062016181
48148665764052
85906452325244
37171781774505
84708254089776
15270143169057
115005724947049
72523229892707
84642858704422
42698743596611
54036958362136
59397383069403
1176459375500
95416276853244
129221515921038
30079629955409
150212200207541
147547093648107
78392283676960
53143133789052
36161998828450
34361347275831
66059083528378
147816906771741
27802397681334
18707160045691
37533133227086
144707941369540
19094297170446
75774798727526
150868280265449
19194868095206
76402370862791
125049154364030
98317543603581
7260557661986
152649382415517
51376603395926
104259812323119
2822974782733
125082068820584
133693489720716
105521626480298
123864365817308
107644772761135
132825707449357
69233213233483
142169575458963
19841673127507
4765829439250
107199506865811
16310768740007
16718127144866
3054722579087
156334230462186
63750396999879
47547612301462
129047785073859
150496393771376
21466537355584
114654279943456
21607088973554
141754852730927
103625717479359
123843794275194
98050926964357
90495860296143
79498184780708
48245759675877
136189985027240
97464952879078
115822139450802
62304317646048
34433325225358
1776498539580
115934817718727
6060543209536
121530144051729
147204878316494
1386817627129
80262272988140
154619559421638
25611341981330
114608304166265
89230549186234
37624885082017
50394937187974
134975193084161
119874689195361
95708592965269
11661550107953
38401456873268
8952046928934
141339352125557
36450174451865
45713461611311
21726049275373
7340515537257
84442391401924
70942358456601
36367771950002
141793727674655
26716448701715
46007161759366
152805313361644
48841552471399
15607988478062
87664907552783
93398374695601
90899292747725
104595770102429
118483939852670
63973910195489
67445977121754
102794930595464
20960013385287
103964341106748
13128760174905
155727069376360
161743804446204
46159762415849
130192111303430
88558813556370
127552966164754
25971042555466
145889945646223
27561808649907
50064262652228
925474954064
110099402860525
123398632748499
83006219012475
85638426181767
21657460105800
32006725947712
46806355517346
94239206069878
101419789443904
75179094028211
53134623203880
24389907041680
19472480617528
142490871075989
153487434505671
135762423624917
39401392843765
48377362365551
50297447073893
27204699069079
11985493643376
84311335958438
46999122791606
139173965717487
30049111461850
27714087956251
46370827694127
28420787986330
24285195195915
97910946814969
129590381809212
111944574834346
79165549925082
114612545362729
92327872621572
134168548152431
2540476588163
30244373971483
138106017157598
41283113376417
110370775256613
145014546032503
83496833395706
133691973003322
39591014527336
100360072359682
78950040583377
64740314532112
7204690389175
110131754380509
120837560674033
141998139433436
133823206434809
65278933188449
31090637891544
8796949596648
108259354438003
48638863389106
81712083104565
7380033767021
154466854561427
95600946554635
99219694140124
126733358846350
68989197442413
86428839978929
91393457665752
11719711961183
2048887898132
74654639406939
96489865112302
127801130715341
117812188975832
126589401195854
126626891548786
59680492332429
119443019012747
162809516799229
8834527525826
70079445909530
154976698747509
93021939571044
66156475618294
72477308151690
41409108544575
120171151551788
52965994297157
102698906264498
34263685609291
76157750543096
3642809849194
99022957752307
63556050409
62816140084876
78792504039183
120011286693139
77719328098338
47721176765118
124748027243364
141600983381103
156096296149733
36056742346306
94231817361766
78781068037902
39887527467085
39711017160809
110128017078315
162717497151270
111979753207978
2545749129897
7005420247826
43687984695827
135671194126883
60521695767811
66036216372469
30845117320866
9682268136783
149096081900586
153395282049642
18920828410401
114774770326235
80451904659396
22555200189017
90055931771182
69355265683625
4967430239501
129231560870119
158882967986200
158743793474018
78621661629652
119422105392607
5207323958852
21896888002850
126831304216339
148983653208119
35816281146338
43512988928987
30383704045246
161120796456121
21699277336517
113742763037161
64031174881850
70596352379281
147354487052095
104411254259170
36075089758073
147206251249348
161572674683305
83696873402339
28602628280934
57895645439080
54256534073750
162597668547354
93616687464072
80312334383565
40447596438077
41314726032974
104664520168546
110806182509300
5402345278967
27567764815716
21661832722836
81700430009109
67446855605697
80923615182975
119170002574857
44025050131656
92937344160700
109111486444836
115312683871156
88485971495736
88218893098819
58378068705418
74142007793416
77338825932416
94026871538081
149915338556735
118652364245615
35549373984100
142081092277553
75047393854156
155338701018678
49521468991348
86279528384823
63115347276892
74971760095336
134359907085041
122176388522899
160660439905435
145042642805266
68613413550370
64067937667380
93504427110513
112905611394548
15622297022507
7658483199792
128436730303337
75012492643211
40540321292188
49885262209019
24441216987961
67961835275268
127604233116885
117415026274674
51871784302904
93283451717999
39997389576428
30105652639462
36265870221030
105309854268371
104064560782118
85020831590269
63019498842858
82488336608419
101738265686729
120322204864216
2301595157664
33280198193542
144336849081382
96711805553258
86714925077586
63990056715445
146896839831852
153565874432443
7057562002930
74187011041986
96959760314733
77471793891457
27416835081494
115449172500326
77967248423999
20142645252799
109908326158859
159452383548355
93018373996169
46465334866484
73145795128568
11533247686843
113346687789608
146363768107413
91579349595544
40301958587481
14588865384640
48721369850613
96520196830505
129700693540434
132238447445088
9202132215423
71528642219777
96832658095613
34614579898780
41463257551681
136392649711047
52182008028456
73571699424002
138837385765675
94886108847897
21921993141623
64421127313761
41852305435838
26083202363750
81355962742787
68076411176166
84058296809534
54593861995624
150115928877998
4397513775731
127968111684363
162755275633126
20330965894919
131833085645690
49597141455055
132798345683788
75142419652644
103200595118812
45863511061357
58746262447245
155925000540922
102016273306270
55211570130026
133948913547452
55927328438898
143133143811498
47774201100472
117428987379340
51619429563990
11687935448255
111838417756273
32491129265562
77068653553701
149183541193385
19924486425400
126542918498363
94689759736199
141921408175059
14224192714978
13752158908649
85589939777902
26100245813069
63495006280399
106338475435246
103809472744326
59027964042783
129573240235426
81788240010613
117178639786673
31925551908191
158177516660352
122803683864893
150301534760509
41915612327080
118533042209399
71251858988098
5673222977442
138917790894553
132276526950915
115548795354477
28702209811927
109974105459888
100002565691941
112321260163345
6491868760697
3674123178677
91776908474285
62558132271758
63423597172505
103859320280001
97097745631871
98901833292394
140112925547975
149928343582296
40318596486910
65261952303805
30239829980576
110678603812072
137232064439449
120380149704251
131068463132515
139217753048238
74209012496759
105001638687685
123157115350426
96967714456548
26071839662359
35645420339128
8550946544281
133150591607260
144888690011202
5806528823213
117070117570792
69560828193505
125113991612209
56674285244297
41234451844209
139398424382231
148181973751536
126334633324755
108272381628158
53635854699044
100406780784665
123390463584462
13594396407146
113569636752384
85276543805412
36822472621018
131045552331570
104643221770347
59147712222120
127760936732719
37492336673752
129961919463162
130006990781356
59487315346164
155034488139163
38896595627706
141239255086551
45536003405637
133749190356073
93026339686354
63520536867119
70987731719163
27790461987248
52131549389379
25353483753160
91340494532164
34685351001096
112192332162431
71071370509846
126914229912335
105133874435365
19709770595389
106994258606401
89862632944102
56017808369146
89897106511726
14295036063846
114484460635909
162374036613584
38850350859233
66750545753585
138329210203136
24354017778455
128610792445112
35004988249539
67725472598776
150350167991501
131297713725108
98003807452311
17554050146487
35987774398789
90404229401539
3508758085477
15178765436730
2219904531850
91585905635963
158791458225948
14666431785824
149925116866810
84085097495258
57325981948588
93270563591804
151443335630809
66451714439808
45056256132069
9890550883507
8756859738664
97304150208774
139834463976665
14204665915007
98942623504299
115915865430308
106245049006100
112439921089017
59210720955793
141257774230787
146750175506715
36594086295441
85815300558652
146759404158994
158502198075091
130630353886656
40576031402061
95032156157141
81666704158510
5723348576705
76378828308956
10260211815691
155121009934560
44817509996267
15231719777058
67953022044485
39568716026909
101382950606174
152926722486785
40814635313321
82536696279973
96682109543602
74515980630063
24591021528342
52135857922226
90928216889353
59813264898724
8683287452098
52949457119032
126618570588518
73114222648441
89252662002767
108515181717524
146749064033622
101762162974885
55599614178441
34534615091179
44238456017367
11367635848179
99944238944494
132575643268661
44379146173912
159766085077794
32119580608340
138484333221078
69802645931205
19974618386308
102339687173396
128764947791833
105568707408506
68522811897594
57030336418693
106393084187116
32096590004986
150211769241359
154136699397253
32574997073074
98400262069229
114140243526287
54446788218
84553661656930
86358691428061
11196003804528
82702480649076
61596570753050
57402257193898
160490936838174
31176943645485
135063229397576
39349522918141
113282348589710
48024645461985
148169720225261
40569418926472
58480433543239
75590558186706
20740585655862
103584781701852
69432229192573
113136447638706
128291043477749
147620260767945
98294406163660
80949195548431
36395061276057
54574576352937
145627118603097
18681123926490
115330696594944
16068396890401
92288699136383
145508726861357
28430058034003
121572143871805
156863789924151
101241742269706
51507521258500
112430097661853
2476953293162
156918493292053
63945652868965
15214872507362
27645695908190
33120726492919
63164404780572
112962745489549
124706376995500
146821832221077
122230244306476
143182192118169
106301580681478
104769287128890
153352210661032
80751618491289
113714276491455
110885987197663
14185220309821
37801413447906
105372879983476
50492889987294
100258373002944
54776444214546
87279209576602
38589365654045
62076377258684
61145885027732
30285512529897
70294530268191
95616418270975
99452840022829
102088919280992
107018146318312
91372076763026
91300312881296
150660579990006
101390657778007
149391647725031
78249624827112
157470389902929
119736617584516
59719537028424
128461390828650
149334075458941
33051591756308
70837590305738
122310187320477
53770456809597
18829766167418
159081032737713
23424167607434
141028519793265
145316597672073
61210492430676
102464988982751
128808700086093
134294135316529
49909406739896
81194500183797
13734204974081
156571745398280
88355456136975
146669539662509
154022056741191
8316367279466
38335971693373
114851098293972
140606019318959
129530500423095
81845814295248
100877852737345
68451819803647
121153490001833
22710758564439
153670229612865
10163141476617
47390458587525
99837515827327
63913300482785
113675266520368
154151000333453
12493356744823
5170250690055
55732541324067
49155168652310
40626373979440
65377629495605
138960758812487
70255424916208
114171821321844
22959267825973
118164190462123
30590914490559
145522828357280
126635985548575
62387159181116
126754137296615
53292387943914
97215651957687
98210479856462
107117814204341
90432460090310
158528529321043
154326967889436
106075198613722
33459446482039
36004792614867
60236535961025
47361932310334
3843260736683
120699938263384
153708466482668
72327276039497
150691688099193
64767841964570
92501230025983
12566035321200
19855640293350
12264356001066
28586037652385
72283284343963
16319166616274
67928178276807
2352255133957
84629020706380
987531704238
4076398629972
78230190314822
112717295796643
25068735955962
24751474358807
118793359913787
5989364195273
137743647214028
40369795134299
130267634477487
72213830057841
101700559145708
98488068635534
110023076987985
68742942592116
101096806311700
3472475946809
140458815104989
91910429654075
92508999265978
146096557773569
29406065737819
40009280760104
98803410658083
74568046427349
78575909500402
68164362013118
88603020743162
97077784424756
143721504208137
92655375956500
66945696999944
71402488617344
6536547722671
108357626302277
146548677775854
2962609531746
37446364542153
88839107565359
154504933030504
153207877353601
140457779808017
51637263354000
121923640698978
45875367835607
14824240887299
142055905888521
65756308439651
104770001087010
91579934199923
33398070169168
134536528247763
129434863047110
91500584051290
24623198578003
109433192584078
155839980043882
108663873262545
120574326037311
38843657457841
114691749340031
124965288913675
62692941326075
106157123112262
67975654947640
110486648006863
11369697680629
49325034834442
112578385374734
100400608381254
14263102078545
20700457911694
152230618609100
16687376645882
45868417015707
28804892031412
20367281446326
62825980853973
28347888016407
60656853944118
74391816668002
95589302284839
105219402173276
69063547170241
101456272083661
129238873622925
29682824607972
83173837532765
14983792403116
134123382432849
122697902872855
125224492486780
38460146421443
132835295247218
116222207454892
126201525442762
90490283172427
66033457823455
8448393428398
137928186083780
15790909256876
84627455642486
158348841307069
3229025007626
22103034729202
140637377341445
51817685254418
138723806214217
26277914905870
39557383618482
27143568879551
293240315176
31035363329913
50404195508153
143339943661146
5577963094480
71948414761613
129068625014184
52933256643149
134810309441325
90009487299111
11545348278657
17291065754953
99969387171989
50458856332557
112831994561887
16531635965642
125640486184077
117133518926183
127469486017333
107733880742565
69072534674536
14119070096512
161677586930821
75192417306448
153334044268649
61888148212799
161582532435851
37613679204360
864951348012
119336416177895
36148235203125
88492471016859
125058118057449
127813652683720
47371082311878
149275114557093
2427228633012
100908067776029
154534079910044
72634127815268
96195182298862
59562532471905
138340998239979
108983966008875
80146022824165
158962129897934
41376946193714
56243939431408
78070100356489
131830228472608
89157714670896
128972264664903
82364664365194
97729412663362
39713262682017
127506769266592
10415179322268
158822369728815
38748185347502
14307122678274
60132644157026
81466939928935
75649115791340
23544652111289
58321237039000
66326401886134
32933829201768
15239074655733
137525233783631
134861913626508
58871947276704
63818579656325
99207552257798
37134893030028
143255010729234
28527147477966
9099290633730
56144006396379
96417329783712
8042111974566
115465574368819
32854304230238
135727303100138
44848065688105
72734334862752
85199174550985
62296045265813
13720498774779
44677690040549
140455535897024
151288952258609
130304412526581
87606298355724
109197567801185
108704727195781
74700853324605
155667733382062
134673509887579
137417489345263
40338671010019
97851206771146
96329874672186
108719042143237
77788176960217
141304626500107
2567510006391
132541340900497
88082173853253
2555277599971
57967472242052
148278371591314
41134032011198
159277014453365
55659038388154
146934969093872
100278399918570
90269316814068
10514739821512
52155614873296
9653231282901
125320563886200
64361157251098
48049232346993
31929334572999
128223867756172
150305313502849
41371670095731
85192725502651
111483352928964
50378102271993
8189181374164
4574558320967
153590788250677
28768066161019
21722747805660
56571798229964
52531988089954
111677000378545
111129782448313
21988877421691
22707220535934
37216036620040
70284390318653
110779774208905
150651448233749
129477855054529
7821015116414
159570306738020
15781782327666
91423589861320
1140459456471
97804019096817
18675391865646
23940032566998
17711563829872
159621485428024
101977250926195
25134216526819
48703990096328
105792980040705
161338462163837
59012567286718
52747013639299
146992590938607
148075849386342
104978435080973
23577983938355
114293754160195
82377622755322
39111468455480
26671688477883
64710328278422
46537527130572
125738753775677
130762298630611
28442327497875
9495693016300
121588239205131
157967882411088
53915700699409
159179421648395
16159092042648
96821649764211
133400796721833
150026284010652
29543560844047
112799237965407
112651640436776
69564443614152
53429477376726
43749972983706
85546690167461
92490746339865
111266891378919
3272929659018
35397093881576
101198037893606
89702893098037
32681223511492
46274922269409
46407647701394
86726675816399
53723199848067
90817757242896
63598730684518
88147417279323
143651495588552
56218919001154
31906546237960
56874319161950
148149688475624
41460697273144
137066708550342
43097954378255
87756317183812
57990991420567
158935517613387
115501531320840
98889782021912
122689323081397
153797465068966
80434845588349
78874267845786
85503308874050
101147347070880
116708096749761
44220603013339
129026463219530
109457555701605
135093496649147
19527380537339
15935031622045
96015970960004
129892645662927
113055530363268
56365642771101
31166710384387
150570668938566
70129252493650
159072686404009
74687545252465
71761204787681
131647836820644
100466681049758
99866905031004
135460770864614
147695973154545
16018049927190
117456184147310
52367028500598
36281222225875
73059146810162
120874074204002
9600328450177
72378197759672
131521687770813
74436279628775
113411405589317
139200809382388
37289006827648
63975154137152
45451808996891
73630768369256
102396306885804
52788029828033
75253347043556
157450096172279
122582169280200
147255427750512
94135513680669
95749849455034
116383692449919
56706252878341
41231836389992
94619439541330
12753870939778
71800880623409
95152074352125
126436021522927
23603006866068
92511113540690
116643339196758
118381606784940
92070518302475
147229797894454
8151263190883
81736820111751
41297074094823
12048112848487
24267010781734
113751776247391
118373084200682
63979999281888
40402720990118
65968399283133
67639776709036
117081642130887
103353416240656
82138316699088
38226093465276
63544502539289
76825974889051
7984635448014
157077703855639
155647403050621
59108924642567
19114985374625
121086360195972
688513716444
161488348301177
43078627360860
106695770927496
71698621638827
69045158481183
37414242764638
110456972336045
7921680007406
148536857874260
154961226370849
28403992365028
3294376329850
15777724037601
101191480479977
48448503162334
101169208910003
155637017934027
141488294505276
119817037828491
156582892615367
54266196636005
44360269331105
100795727360354
8562099590466
157697040688748
26476059144759
66212634869499
82897357696985
98440994555423
21469767145351
29891668767926
117160148579892
61191549303694
18637367575353
161944015262718
10222018784480
49620362893958
2671111833411
156107643565605
148209032914327
94243099697884
124970973648496
98437268332534
155131054729808
131647499337188
15952397631584
145384779658012
89560102780850
143356872066849
79722907859470
64776851211975
145224482032141
141866262972077
131844441354337
56538156278574
21674031705693
69404656671802
71377296676785
104936672479777
144691956925676
115595207332891
112818298725376
84133023866441
114040724483039
119188525120853
132320972048234
153439842689141
61875127661786
65264217327697
53439133132870
20913283382313
140731791307180
66200985600147
132183064934306
2739318329863
32753274233815
37574526922913
94982402889140
123872736502895
138697140711109
33684869099212
136896857730561
62892992351692
43571510866846
135592206312433
149679870881593
125111881306268
134527247936654
93117095548156
25924354865336
157185438522155
151638439275923
59359717295443
51920851736324
126070025482134
21234746189885
16561857646619
6898537394492
130433830061188
128401593575592
4839045718951
85919121995315
366404578577
46609692017717
135587897678634
2243528979431
96886540260116
108490423478639
75338695888635
34348391859625
103007269352430
86920290483986
35160414965782
125310262810097
115425270479792
13400007688161
39001520812475
66788901151560
68300092351337
137278252275474
41393899509334
19379939961548
11454079595681
26024263562927
13669902139367
140844725860665
91969426356289
136074864076680
132507512818412
154960545657453
86030609057294
44100767694552
89494950587208
37110053393343
144373544541258
108475439659285
77704402540397
88755505190917
16636867475252
73549628215047
46370881830196
122225423216777
102928051003340
143644289367042
131558055391625
140394228581571
119596040894658
59618217884844
125796141703258
122047452022144
156658927914042
162462086573579
55340163816074
134250888042972
143208192867108
14801289001519
142399886432791
31818010563127
76815505421352
159606004980637
71512562486054
79769480998353
66400768889057
67522527491296
18728353835343
4518061750551
91487195456970
59717897026817
147633825815049
125841501547593
90762234467923
43580546048323
96357993869094
57275550944373
133771172830199
155383936685371
6931962235807
24171997728715
37441490430886
108561727021520
56024656486641
120094231841030
135988691176854
10252841042522
19957420570696
138108420234949
146502162577558
148184567690712
90942962678231
108298710644097
101001484820266
153804546268010
77058272360793
5288484878973
4995592220083
55533797542376
25542048494211
60708046641952
124689963214792
42522214439558
141424718088646
162495893806287
156650628585030
63267430913864
47740488163430
5305360401944
123433871840594
46813586552822
154346880808131
145807647727814
5539621599409
138767325046452
77940912676263
45237606615592
143801522879397
47709264078137
69028420404086
29550833011685
139458932045800
28286739646718
16007152377090
13258166101005
72909858329533
128973306151560
128726136064763
100420495552876
82418603103963
1889417176769
38797820867631
144066873291849
69645396986719
43024887507750
140245271768686
98932215613363
93234902193164
42826873878828
50061672431268
87243829359781
8949015973147
125832625032977
104689647169614
146669424324774
10049222409419
68288971561908
57570315465523
135020353294842
30482740575559
26343527306364
588889687907
114695257381941
37506230025217
114549642224783
11851415256056
42891392433264
102702716815603
117044428848750
37893783776416
817741093466
60412971873647
119633476426688
53969995868659
58117510962547
143721514759161
57499063401298
66119778572970
139947020549697
62385841454966
9476447102283
56559067052649
27817670931460
148655832614091
64929487259752
144833317208592
136820402876503
141288480414317
97363410666323
40793670280179
127190767746887
142951156178586
155654858140301
88991791465813
627203667243
45804272094328
83287269276001
71459554761277
21136024479689
84938980614352
145854063587032
95681228172657
104033817455265
39034306609017
6249900401196
119238863408704
51854701147214
7394488832690
47222428618233
2122107074825
101911241976511
140981835949221
141252047890807
118691177650675
58803683317280
106668088137000
83409945724082
140344601019159
75229077413393
18870708457664
70616694543505
154370356996132
110402009951696
151233281984076
86909982099132
129312884494627
101513784856060
101211644176395
69776983520245
127778375083737
109906455391538
47242292411047
35141974084821
81241190858637
19695825351332
133283294611258
109072362618397
66896146928687
14829128080303
10498478860529
39752523902359
143706408624294
71634149405556
21062191927019
51938044338650
91597864573198
121481508429103
86635775175783
106049631039648
146532939524689
82442213650601
94432611017906
53844039804012
73390568308478
56548702780835
44666180470516
162347804652179
18327200624103
43854434476911
20074317580827
113905801243820
48307269734704
5914937515291
120189512311832
4846650959697
132245910412993
47627147772744
13781315371531
123451604007361
95911626786871
142050321697305
103506965976050
7692424783528
47391341669861
100975381907034
126290186165931
65409804726098
27715599356724
112110078464313
121241185720603
116121485940741
24191870676746
91378640542673
125764819921862
135832123696337
92802235512198
128819070289871
162478429209343
5410896148232
125518351062403
19938269829845
50130986530615
41801726259114
1763739795855
30957750420347
24208086415204
89654928101467
124030951883525
76148222847645
155388580492133
114729516009454
126189793700768
143320468951749
87069825318566
40485802424046
73931161271031
122303588238619
108175640460136
99140873431596
147661154491076
89738793255503
73895800892606
73650347758346
89488899774683
129950459815941
623930940093
28233216436551
79018758013256
146045240152790
106377209879394
68550666796440
136013560318582
30338303663501
133523619942684
85216576529739
153083038193046
59877009413179
22666668791513
33520726509180
70446789337123
151439930666896
42091722681370
42438376916691
77576268300225
85823724360296
135151059064205
76279312331710
39591123446002
22127633631006
73530926266675
16075837143871
45547565601295
39762219621168
128550490413480
17447846333903
130836307769312
17539584948612
100320246273273
105921276544285
42164312145602
18769278427189
131392276392363
9316725590192
39159061876417
132562329084019
32243767306625
7935148651981
153591941580948
53017219082388
75766582246545
58196193752527
96219038083287
37256443275118
113722878691848
94802757682283
122073832155487
107640611285443
133766709090883
31240614347725
24461135701640
23778243223940
106291821668056
387883524063
105406353092811
117532589787000
136759802198629
101561924747619
56491341351640
150037903136943
111138610251318
157015778234656
162195184910135
56204150084179
16193255911506
77374075153911
97878731198487
87788745747291
74960618870025
57759221785157
123905167062314
65642093840332
23852258649216
102811166826979
126482633727667
141618800531540
96980201441864
23809788383397
146950494069055
14688499409306
54918128915342
91312397931012
115604644486516
28175193885021
25579399287316
9158456481077
43812557942763
51266106082956
162593509623903
126924153526697
77829715475841
24667286295010
7682838709079
67403535255603
110846602032664
70465339252661
130518167566838
130580353100363
109099951410639
144579595582415
107781401580510
133484949704587
81665513124323
132627941343420
58593888621873
88283515097263
9059170516540
50829231657075
137594403203616
86669864423641
42155432802460
34740809764068
50391835828235
158251684838213
28405572637160
27272004607939
114743738673627
119439942236512
22895647466494
114592459579112
56528209579953
105851525429347
65784484448808
42338709477640
26026005054029
59421836788442
17178579377592
7670493873712
3011149217596
64087854823704
145336447470728
47025788546767
100215051967201
43350792309764
130372255873772
71244628205185
139832142897558
35587214849445
35209064755619
83607660566652
71134595988774
49388927992457
86905780939077
5738520669783
112335907538794
99003656095031
77775430776462
46436542673295
104488366070656
2507293416287
150503566978082
126384094033001
103017933490975
112575605159555
146480513574099
39116678160486
31166595977756
71674634944822
120562606860957
162616788441282
7508975567433
93079454674855
6422757722205
160164995022504
119946208818686
35025733885117
35636623234708
67266164591140
7227607156565
46070724282454
159676569955918
41260670433554
109214541909997
103528660835349
27080130846550
139478726809672
54262357201803
12759335939234
47502274711797
93723009450318
125883118055735
34803159439965
20613399446324
133043250816940
136118911925074
141592376708238
100164237858500
154422831489126
51991567795947
83554509339619
25040390705162
26613052107659
138676059039545
162630795523020
104658966454265
81972621888701
68753740207204
21305414220538
72877017089263
129744889008667
43202868487775
10899670030382
61059485318359
127953953468352
124496999696017
63828409567061
48738964909980
14670693048958
43791849895852
47933842989737
147173553691159
95966579578913
147743712886353
14775389799454
140002056501092
20096209576716
133457129778639
103790997120855
17228349999555
51717026879582
52092213893545
62366780550150
47571438283179
49598173171277
132221580298750
80526192922887
5343408226838
52911888376909
93976040251526
137262783463171
6040903559296
129743752728072
102260392422083
13266437899059
37522775865530
92092139252505
142059926625431
35068617632947
105726015228105
63557850931626
101808010032514
58248423954812
51073630407770
138610923720195
61606597472492
118492461156374
116627542843845
71310780410123
90238050070955
101242576104708
40081787068375
46668424180946
18220167671889
14873994314374
76822234199237
75349188538911
75825274967324
122814259499771
129312644933097
47969845485471
13077463873106
82013054750453
61645911659766
135394002174234
34519658307548
152403865413923
8698307899160
78984309535135
95167793439719
117614900078268
117242976082121
131108284523516
145136619570368
6593012973698
70296245676247
12600570433355
28466482310058
105213967898676
162773916836288
109848981782076
149020635082763
43806495021134
82759479735979
133860885068732
100034368254335
36717027228293
78920158911718
53437922805636
96102734512265
144168909800226
42377972925650
85223945327905
7967710994957
136165744308196
17272981257919
28411552936670
64722746410493
41838917673362
127845339955208
100411173909662
73166408148288
155435093611187
2366941927408
161657503156747
62374587965492
3555826816879
65771609063782
154810084385981
8842525592964
62983704091941
64457417006900
98195077006999
59273732207338
56690238103730
150211921819931
118453462546365
16439147515989
24535989344809
128924521393890
44226731119794
32509170478845
108439852855871
2059537925396
47571339746986
61536138538144
128347951749196
2228314787065
60451679432020
72054679489184
58208785669555
88464234955236
99570755300637
147885524427101
85195368134136
127413769408600
103854513694011
94489067739626
136517163268872
42969040756564
151714182020330
140154434454624
27017145501232
1147478017957
84856766092100
10997142364579
58625990331034
114398975854031
96559505436173
134374348012402
56739878747184
54151963228720
44165482296326
112998115695730
161414937193231
87460123460300
1022904973832
60216626200917
40486517187022
15761592843462
140287600721467
124443182105123
22687550510783
4985245156060
68985540613736
147877138779169
20820180474337
36731522125602
42558752233267
82969529306212
94424646908021
56559003523308
151129511284737
64831866340364
136118691524602
38031942774387
139600611158473
34872703770997
66265840041695
146112257857389
138914697213028
81112049245767
97908703594883
141115905676514
139398940526628
141703429232678
131165519773739
81265588812671
95709606375026
77934621091013
19992502268688
31598394380935
32765874985264
137146039479478
65103093614191
292266674666
104824564408703
98738801038295
105491811637868
146436780583457
99749878341306
160527699106332
157357310842282
72070185108909
71447811131961
54726236175738
138626554396626
52865675857497
60216645892186
148559650908013
105330359460597
33710754648328
114336537755740
3584675758479
36990927516369
104294017846063
7821856311970
68275631785149
137653257647406
144880446743137
151018146479202
104397325481191
22401580367250
132337988876581
88507909302612
68573312229062
121873346795835
3219335189959
5253114843435
119690874941140
80085212643132
158440775135834
121227975818286
43821529251999
9987680619261
76970178516260
58809670879994
93398739125690
44235270708569
135998719027620
25304538206769
111035053436122
58340614001389
113999317474265
154329319899027
63596812612252
147364257162582
20724978491862
55564824506025
111298395591151
6382836986313
113804843270278
134827683915695
159878162835629
23055847630378
132541265768026
62040470344582
65973380615719
121107801975457
95685012094080
123503366443870
126519231033699
96013019382775
136147711314110
109765901265196
27978331841748
75059636889010
46514636883060
21847384815705
28760817728543
108943811423882
16401327879866
1099154103498
7455375034636
91924356490229
31604334065711
70658675248731
5978552861455
17007852116718
117758232485217
18112528321893
44746315380069
120078430403498
21919151165402
133520494317971
96228980150719
144349670255408
118896451799942
141596772328349
66672177618453
13170331622196
127266934396526
72577943289802
144608329141495
145390878935700
152834220701806
88709703328691
13428204933252
146446936148672
104746726225335
77154764416423
159427439086787
101862774046353
18058901689310
68333930315974
44836349898303
112706995730469
25904576660578
89724204710997
41078829740399
76787129760123
35547813435289
5948455927325
148514706210131
53940726089343
95162669191735
82231241163553
104994152223797
101095024629371
4213783362424
137591537125760
102007187944904
2810444603793
110974847907069
76761819216706
74988045164918
120789727967401
148836200560271
45917473949293
150125785808064
57108866013083
704557224418
53434502377947
70281642003749
71209104508497
154041483306808
150715163783700
46177428414555
33005104099494
130300268727312
74909025412390
60027703249255
3905032891329
161808526023348
81215502555861
60341499729096
24747729753803
79502145695625
132285416328496
125981891587110
76732485119293
136991216251378
78413385803875
97024996321722
191505809233
21512684767344
113113632994630
4381488337349
40049487884055
21874069170225
133664577810916
19505923613235
56022944996175
128655518319116
119561715549359
126368814428944
52772245635484
136642877302618
66046285712991
115581296500970
113483695385348
148827311525150
45356289098852
28777640521340
12339284462380
14577311721375
135247543207194
25302663114293
129323342259423
96728168958415
17670365660425
74186919146772
120318245247679
119144393053781
138055917081991
48681944858704
48029408604688
145476027479039
151535209208539
83483164941169
126792814107305
19937282382820
154252150931941
114888253162713
38297252714434
41034977240010
146405420907955
12343772557296
72482358165328
104528079819014
155229094748681
109368588043767
135890883580047
44132904796998
83402062358645
79562064726583
74654611539204
84868485829023
24731790618135
46652232306482
153308540796971
111030117633509
39107068511927
106011494738147
60395098863487
93946512618792
156741130309793
89363000685455
106878190907194
942988748994
91419562173729
123222262769239
2174957092322
59923115193427
25304754930669
28483591911888
116988723771279
52934580085961
2149559528241
71281161605243
31537347610174
71286766177579
41769107957866
162745213276372
119959949108812
138530042171265
48248252662560
44251996030533
67543575690008
78982307825991
28949712375428
132277615147001
107901838296818
139583933528053
17205982033160
19541437988337
150852351138287
79639832192218
130606084478517
143438748352048
104575664117253
90782627133409
82204657058923
149658153268774
50584642370182
155405889983075
104557303359785
62812886210287
153796744636278
106853804594187
33320354927823
68778961623582
49559869121663
122188506605959
90436824078006
78516965463125
133588053167334
119647565490714
61899256175660
57761930533931
140947565297126
20145115814691
68875036730460
85581612888535
26405278308657
137315184504141
107644403371900
90113394558452
64028015516289
115376173035282
22349215000746
141824919264003
23408860883743
90565189241951
75521574810100
46266048261088
129119283436663
97875313086834
116998819949188
114156357947546
66941271489010
48195032413465
22971220656404
11203104087391
147005728826691
94045929752945
22505809295152
29252603871039
45086371846126
26897682903978
100446924221784
64309017065397
70571440262653
112655658839443
126455208447324
63640945594683
41110472889952
14260140026993
115019177368786
49347076271105
149290646578277
104591560105153
118129952713322
138954480962250
140234060302131
39712396806192
138597269925228
112452395788360
59978606324201
157868917238415
37968592079675
155890623860490
145090140164675
88912797164010
65199430127496
62238669070359
102580634346876
49345324484892
61498079962492
33458677702131
83865970648611
9721999647638
122015645007380
84961135313684
87044814569114
160602944943223
86550005698620
136123598738899
50840172721143
110476292655862
51939427747517
132976843515005
88247177894453
137534106830936
80492571236268
117668441742833
10838622234106
88033923472939
46369257440310
54269694137838
77073134069705
45198210834711
3510922843877
93099001907231
43943045503759
148857295959198
142436751839575
23412333532829
72190423739847
45418773227237
61046096180215
37483763083704
88979154333721
30991993259389
81483114753331
162099623933767
77878018066688
68207137054582
49195949018055
38542849977902
23073375586165
149802052832480
155593475557697
136538888361564
129634033252943
97212816182782
10907387981078
36923626372361
136219109489408
35744744061548
162399488279039
5788246161303
16172842647591
72320921731261
100451109166366
101523341997335
162725027802445
4072933654563
113806279259349
124023457056347
49133409031277
113339472757981
38952671172775
121850759712867
48093997125196
64927663153818
123907710812738
102486200135077
70458011141179
42646251977274
91514172979406
33503537316039
32030745518060
60400224806807
48177631898142
132265865443141
53545127237043
130967188742919
5867313261829
100939616198741
109079823383952
5369161072720
149506697962658
141152661972898
150282968483151
52536940269177
90262414582941
68859794275549
41267039648856
12139556473345
4855800546675
35482058630655
41171165667272
107936584634175
77042912138436
40690547601711
12992644391891
88048940646124
5547999040338
21721775443874
47553754304948
148719022700464
77580039721840
126258971129138
119578375323016
93104387752551
47770898361964
98660082150279
93660924229329
150245323187964
59675072806170
44053445184954
98677099417017
16647201889862
135113103258764
105419264843615
93401541961414
160221474436985
7800000036378
13589096626488
101572874636288
61979984612325
150790017820302
67990397820075
89489309192300
111599863801162
25426457632583
45615712337142
117078960755316
59251734772944
121851270504583
70178987853606
101793482877042
114446809747707
51030694490466
35009211031533
5572577728950
77166096130134
133102708555342
159003252950310
97886185006775
63564248560473
117286296149705
58962886424402
138456162868512
43422983568325
74392466398446
70563290940622
120225603342559
99387132845371
34152135855908
21938014494586
95575118174234
93468788697284
37662992175208
89080247113264
79938029532003
20059898883174
117246663776966
49510166636597
14205632649062
148479762103648
132779916913016
104821526413557
82670895424984
55338589510537
38609969636164
98232266854055
90596010398069
138216336103079
19684544443788
108080493031432
24824830495525
4940034303548
33225479875248
69132784793299
141855153169042
132479834419403
35846833392956
23640717798891
36088933080707
110135254546575
63645509158120
126742500376680
107697240771099
76798049854967
85458055029006
150962926982323
130048223510066
14580808096460
161963146009450
84788806621713
118593011854862
127906006315881
131137791927789
14134125055410
52779121787232
89171652125024
113219465634197
129384369053936
35482187573532
147193891118490
59884797737609
25352282937370
128498298139069
45171503017540
57704377971635
118271985357861
69661331020966
140267906179159
27214079230094
74318934281836
53777306064680
29387866378853
50493138927128
57742042846036
134705390021598
57897944447470
143569220571186
100665617376068
45476508436182
87380475535960
37112700535588
88833238233326
16627446822039
51848231443132
23549226361880
161391279909619
27761061351610
152522448957171
116253309405655
97629227797184
4690105359801
132720716788293
112967776423905
68598227375799
160098151028293
25631926565025
80934777116599
89686718895176
12141061739228
83937041169071
50495760378522
119109313569566
64572316720071
110443688265030
80330431516389
33260322826149
329346278267
23670903526423
81639877249821
128004893359694
109071777068679
88729813116123
58917573077450
5652661386805
141024221679487
136722327646223
157038581816680
136521556610410
146952045727508
157372257281649
112172458498333
106000035363761
96776058621112
131768868351661
45712975707131
123108449477944
41131238701587
78068420398010
138641184411567
58284267037674
132923099832866
50964570105749
78243690815963
97328291279121
122452653185860
123589653661429
111100501276618
89469334250708
55886157028740
25616992091047
35498991242645
98507016872251
8035684751150
100601441628041
73197468726584
27330379801543
103946327117416
65528740865477
72702347573529
16283408488203
125480874776887
79410241685132
96974438972670
143547344442820
103249833870805
27190516087894
7539394291437
90504904189366
32731844930959
143755664890901
3471860868918
8599745073500
56594170838331
11346912323873
71073893645131
144098297172520
144588801347161
29385712319052
15107878664867
123178452290848
16302605929160
113141502610465
90988563740531
30770872037843
33986311020436
56555843010568
99859525174779
59221998016494
66144749748629
43308967308416
12778905298289
136497744910703
144299322284280
133031042060795
158232826776057
68306031614824
134123373095370
53529402150541
83516238187676
42265279429902
28747429723156
105038951066429
67228930370183
101075175955483
144440322777404
155701047910695
88868826449205
116151783876954
103137079597392
93574436743109
41137434346718
143302237637958
74240242898704
31943181155622
30556371919969
83287354926968
146810935820457
52069677145299
10410298077453
101112168078294
19293814443270
33355529233789
50836177796388
133188856403832
114403138676543
34329660105486
65528716754154
132802190576375
65050426031669
21800532468120
132898724494317
51963390072933
53647871521927
38873586354624
109402206582547
5471233039981
87806861164960
155799346315573
142982701768355
126494572127558
33184876298354
114882428288612
23902741595567
154256392953334
73183317350668
155971218024396
42546837785346
3654856933883
27306673924127
140073408891562
15207352716289
124997983470999
90920595056322
119616435964586
40127990245174
49902129624586
133530464509303
13420816249083
152814177482765
112216231764996
14233607475583
31175015033722
89495306962857
56649139106507
45781480412104
161982234213433
64981707888266
124450997848820
18802111940189
122830244062356
142913743329072
76085812057843
160710602013067
98345620202433
122641054066660
52074280175059
94688999978626
114318058737746
75252308394591
73590595486133
39681127858971
64838861598829
10557564393883
74416310906681
79088570790811
46429811293462
41367578610103
31249037909803
55766143195232
82141874764729
11897613047559
30924930388256
52558813619326
103959398835314
8722446924162
110553990035285
89279724650083
150345501426400
111283832652169
72070038240419
65342113039128
124998643157276
140796843135878
45202308589688
47700984302032
57874962743447
132326983372727
40869175184238
51857555399355
92436291990450
86907335605946
145946340017330
25563888897027
115736655550796
77029841928192
120422924293471
72233526575923
141632150314801
111360386940447
115297088508612
11674556026866
145266255112699
146187607697080
1078995033326
139208885000157
67067849586886
109770388970347
58580578461619
5931250847237
68192907243135
18975311920486
91686118679583
137585396359295
133436747936164
49152284749335
153319777367344
19735200214338
72419229555870
59061668596281
91162111978481
155414394489207
147152847099187
5163906632919
99449103986198
88202344312557
68055527272906
99400185704546
118883867768646
128430699651752
146820337727459
162521162520541
42218031863588
34890323107321
45890536078357
14622185365311
99540288533874
36011065993344
48987613535320
33927478190956
18211023032103
144966712896496
65505784145269
4199974078701
150934242027490
69620504190601
61843002785974
36013198921564
64076307340120
140239030529294
79267824314503
19982046624084
151802688634794
106027152923431
73977228256463
78795876064465
131199708121105
1179219350716
150759902035759
9697446869266
48063820872712
139310427272132
16220171255102
10560869106095
122572510983676
50162852473201
118810802247806
76531683846738
100961778051002
13043770804923
73602575205931
46850395729536
807137640496
155864232876491
131755152234834
103806120418493
97448251812567
99561852310765
39241573521977
95468862632994
19443217910767
105670799260479
42970335199400
89842598747154
97084764762248
72475575315860
96068292199516
115106690533816
24615849914266
58198552793516
125920991164970
116780974224772
57859426698568
69392318028786
33510308558561
139143783602584
111284655293958
62541965249955
119262277435248
148328189045592
149854227981832
74457165721254
2079975861932
24814226579316
63681240412103
71035164513733
19739022963770
93516217211478
95267673444697
119575793813093
47247820683388
100706185127452
127774936203804
77628114614313
142178559440339
159937308713831
61829063477600
104325657112448
50960585151668
141559775195468
125564338143018
16178349888511
102913405253114
29389306802468
128863847852585
3913113741551
55643776495209
116710135354904
151737044253598
447023175359
153903169246832
82926425144447
79070246397484
42445303957691
154334036470536
139833035132743
95155936377658
56790895260993
50121891964117
107747050990228
9623077041804
97148595289207
88796830367149
161911926641160
136144309669479
143138196401790
147971014260447
85597210970864
37355225522670
34282335701047
14091167114088
21877296162070
91790497936207
13002371219459
74764856795401
104918732430570
52947365653492
24764413779361
90099859353654
84191253845614
75617987582607
88253184237670
95798762463216
148601156801687
72234982984413
26618057618877
137530791497966
17315903553249
144341666230391
6896898594898
87884407486653
111306051936894
118298483609625
63480726353472
145003509854947
20514926849823
144473898411780
147334562183610
42264984435755
159624711118657
137295843099137
18498624491140
44995290621092
81448931881126
124470525118792
39503486173396
157952406622718
96922696980063
134120263478818
104291616120709
157353898296984
135625926722859
84535952825164
50183424159043
124422185552613
31256433505665
42521783806290
36345546380887
138715519254813
97369190577252
29488046552454
39565383139013
157819915515882
129605511967730
151650436461802
74428136535535
155636838922195
106146515926957
3419972141025
8402216612925
56356451547430
161137132797148
102869558139937
157651001276699
14835094747662
88648477632246
77532712208982
120875719486890
114171325512640
34676504340559
143523470877640
68890243936192
103854825108036
78726858042634
23562693737668
58605426656967
29176682089561
129114583387586
22706259576967
107908430436070
43597985509504
99147189225279
787780773379
44995229023896
135842609415490
101774888633838
80873725052777
141492255505604
80716694409267
106672928856947
63849120604202
99878254298465
62674566180832
53294149986585
88927075806444
120026009210654
159236838619317
116431878932068
112420132081946
35584114389632
43729912321525
122837395270655
57081064116041
65536775072644
113686381652654
61031304910897
126802545489035
69920670726434
11710421681684
70407488598182
109561913040666
120921934343626
93908667721816
47130341255462
131144898792943
154476520828885
37664033570920
16551153479642
156028239623638
89106192146310
121318316038509
66750460856256
90150038389905
24034780960922
60985193586236
2976726010294
54466210474107
56481334565614
64777839158345
24804202238284
56668236216196
33297609911266
2639951727495
155763667320244
27452907952556
56797183161522
140106234136758
73802837524681
148970016773805
45013566105136
150713000552185
88649675448607
127831885966002
132627005484961
124794115059015
85558922795425
71190707888851
136472394623226
139288986669716
108287312126450
11978930201525
66869296337091
150575315334473
35581069073686
90880113769028
84390656300192
126470062801304
61805690399339
142743898117682
82523318433994
41483064654910
43910120044346
128077049997331
82474095181231
94952959308205
145335811165773
40091844278349
51306156714778
59247682975777
68890922744699
35346906931369
50294660120418
408402022632
90037967030004
99979917332026
148086932820836
156475917897011
132415869284038
72416580132410
71984311168586
5856282968924
39246496572809
32429492329135
92888541248140
114315488275204
81697862219784
69192338629005
148687976276554
46428040311534
93541149827475
160588692767054
65863309753796
121194950762986
161925393599842
146981212495870
104238937307131
19326970943482
53097663794185
39599719872721
22246690754756
6212218031000
37286124425047
113246458309922
97425608583037
30271092242972
43023253289465
78216094589641
110372042548967
115269636789611
64476971967194
76458040147881
72829773197382
79812264492653
56976198737579
15460461172167
123570274365289
64133011050903
96596125941069
68015526439210
143665427534191
105545856315912
59752168533633
140074094596036
109319834102136
31509698063405
34193699490772
2851716514097
48164272745940
130852909128649
68090734320145
157576447494450
21713749534195
75629673208625
87819532245427
157634781236698
32185800378141
31299868708885
58821187421259
110911502297185
16150873717219
63047198550446
146730998992100
133814926231756
88974549478959
39215762058565
82390079545256
84087399966668
94188381594629
98113534101475
20200662692491
95136835072731
145468714181722
146313713979317
38359119544493
95644108018958
161375502837834
73136808286463
22304903034692
121917054853317
54965586207772
161077355344480
54380148271
33756396646495
11241695412713
10368490442879
79008362053795
65888218484561
149936123634134
150026163688166
146520096511755
139014429943847
106108228849198
21192493740660
27733431182385
156044954629033
38896081075331
126839531730358
112174531248689
74609901465991
100527694265000
74586268959426
125540333207447
10278087638680
53833040368403
105171002351019
33732355235461
53080827761837
96976222319083
37523319734818
77853671491743
145495341247350
78282429285992
73421403635605
18558796226702
150709297590463
87301085791395
104042555722589
64445573177740
41243008468737
102924452001729
90170351598462
141933978166375
135683120514376
92492962491131
159817302196857
125238876099179
62300779585673
154786565347357
157868990340969
90546846958480
67360510533226
104548903599183
28546795770685
100562885671408
8535097458661
74733209127747
70498678458151
78580246773448
126070493439623
99370671634357
35279315335065
32523541716540
106245201889065
59059396455224
94941150702435
96783221525305
2239823537416
21894348574069
24166167305219
90233409973223
44879089259492
12953867687086
70785957419843
40887268178650
142478978450280
18770136245644
104655765845712
51375738901740
144215130457680
26892288627524
35491521675959
103603253853965
33746163952062
151976162101466
15074563063837
79052954543044
103946306487312
24351519899769
90645994109212
77179707214859
75884231467251
51959612088466
138396676742395
129214556506339
94549106312868
70577815089609
107105689979335
122618798926000
22093235072708
149792284516646
28749906777336
95711793427359
147460391850501
78612849635286
125635567298911
112808825103611
139324108691807
133785083706303
91761469265480
154632624987858
127908504694994
40919400360104
393722901340
124004336399881
109162027879514
64645091077054
78034659438575
160364931092378
43601427672341
119285974180427
144856323390761
70180744546601
133172511752911
96511390037266
30610543938341
85381853274455
79086865499290
80258123596611
128536702426364
114494299188515
99976479165328
2951145056467
12761035324502
87771454893165
46082133974495
157205819065838
137804626711071
29539643419571
120928557744847
60990013607057
26701438726153
43667510169753
12326414655368
138128284070361
85638123978736
72490812086868
63553909718864
63686702262474
3871228010503
119852467513701
102329642916816
10478670705263
56618693537643
15291353066677
159630406059442
57590892503963
5721833073996
10131528069112
116746245867097
6363588496568
82880326551663
149956058459408
123253690565476
162415669826635
71652298609376
259608422579
58961957357456
31765222884133
16625640914988
9950080567995
75426594626599
33696756255775
40656791425487
42589245919365
67693576326349
51388962258279
69082777929169
88855083477725
157695233641314
132871188292013
85478688485478
124652754988154
45533137950365
137404116958498
155159853888635
58943287957978
79132334442513
119151254091392
83900529777942
155912580218191
91524258389444
87610051352723
41455667400129
4165091607709
80784793078639
81413425743566
97087070286968
28335252003486
35936076395676
96720976279436
127799440631629
16253942451163
7714016993006
23031723435076
22593493811261
102576387311056
61804495805385
71956352610407
4828170545437
4366737965771
34007207632568
157208392214036
43966060100119
151846691807370
3692017282135
122277410493588
152979902534947
106860047515111
46209661590373
21226673663874
93857095646170
111859823437597
145538812581802
101168052548528
5526129630589
19497258609049
131197699491727
135307965885355
82762150572616
160826001668054
59136580018192
127258718029031
78737121645770
67357007666320
116163436686923
74552748825405
152798347585089
42107949471691
41662660629601
100655238825584
12284738339747
45089928691101
111792932296286
37546294749437
50914132198624
60557486799590
122681575202585
114388523835275
131217682913496
157250392007511
86720303854315
11995078660741
116042454442975
46130479064528
82245465966837
118267119691492
19130701923434
118613583314422
87911597450735
94925527185740
74844852766023
151881333021973
70551682574608
65643039330864
144201960641306
50300124154110
2410453396203
20006470092602
9137116694607
78314992072375
73973549867029
71557904503292
61755601420819
112551110232706
2293932713794
30918563109899
48005631407604
154282264669341
98566941016853
11849379095327
132014577672547
13751367262680
136978889064307
32493392017253
102932821345841
99982442742633
89300304679273
4240737336449
55536113593908
128012173811158
42235991681921
74106794395396
111523916693197
39599791067412
149842174455120
70936131436630
100035068145646
96825110741257
17226839986687
117607083626236
21901336009229
134087601849837
43610665993965
67847555478675
134813915390361
136383129723976
78765120747465
4817008126902
152134950901211
48885793711013
28486296153279
119431144349357
32224630718152
9575420527519
9706525898621
82616638503285
62369797919466
101080560546501
34133606870868
98194061555018
73209982133012
125187617429394
145323804753767
32535115868874
103362953804347
125957281004087
112143470881321
12218966634478
30270727876816
5137634224871
18134823734894
51693429390641
16837254482693
40427260600601
35460653921599
68737819377400
128367808334958
43338385925391
120425359556351
147552097519950
111662629369957
44985616724227
18291206891360
124756420988472
74689160304185
132348208887418
36628915488689
5145423513961
106017938294174
68744495269213
53312338117459
21963724099939
113751208920086
131903886967914
135218606526721
15927347306591
110995002063029
131270185947724
71821175730861
124129199889940
136507878450347
131665320096206
123371744524469
73410040763689
60896372636089
28036888832493
157816485173384
38083240621670
95110878449853
135454938126793
28439078178163
111519004848663
18070346576068
28670231267348
98560880085889
154947146838996
161176496633948
133535396476171
131481272790183
68179387695750
151329543476555
28034893190203
107067514919178
52794541846156
76061028206992
8978328272029
48514982832931
161947540419757
49132461228629
145085891105712
53136325696846
143762265649473
36960162657219
55840667512260
54945563614970
128526459414533
100592845967485
82321147301693
82291262338530
126956586703945
95529848877120
62561097777168
10037866332188
124355228642616
43739605894406
82445310325058
146383046968410
61138695428683
144775881036736
151299287616148
20016461385658
59646360967346
19302909041655
30392669953256
105980170701406
141207119167796
34191803424538
88111906211665
132532762001670
102110842299602
111782730294920
100534758733522
46864518199987
72032907203969
13723078505236
21907469014925
17045476848063
65011542137907
43286591399823
104150919027917
59651554383748
123501394409383
82601000664059
141504118880159
18406623227096
116265971204398
12584021445882
146472031165845
1557258119280
147173989013500
14422422875443
6407678590503
113994062687322
101693771392438
45788945721976
440002141405
151181989409414
144422806160132
48742469800586
91120719480731
66662126618543
66389370767244
63466500772517
133358484450956
132747167238609
36969706681801
35036522190082
121560860003836
141438334191534
32743254120231
155650091719398
47803800102407
127808745207635
95098739763862
69305936598892
38102536654965
90134498273397
117419835152556
24922085223838
51590179966863
86089101748131
109507927115207
91463353638256
141430014555920
158268774355262
161620101224072
29097070462220
98578461766086
26096398451512
119219671290494
134813568161404
91927856530127
64891603988410
99043085996447
143551483147028
119909806475477
136863314265388
1308976435858
30511407684178
59249976314585
7889224293908
113416306323055
150122254783735
91583160138367
23372815143500
134115553860178
97718503093436
144094060781342
86862343401401
53414837132001
24483282267383
33815640354846
143643812215169
129009346150600
81387996851202
26899100506522
137572786203659
18299963388142
140480718943148
43883698118060
140518493067025
137448022798722
48062956390749
60850086952308
146517234393777
88299658027312
63917927879098
126124849240587
80181627480863
60743891301676
49963229010708
47223233051357
11216101838572
52318988089426
30467608247111
84265827605152
126733309018011
23219043901957
138466414976603
126749531485695
52046284974280
34042938691614
124573301773431
75541907085337
154441152648002
32139212466593
26310318063516
137982705447598
13254801080015
55457188652430
153585792889396
130753666299830
91925793000089
119633652443764
66409801402999
37000430328424
150808213228234
98737621450520
145984620366738
24720904150458
69195690293470
106307611582732
27099944352478
10921954399525
808144844665
72149630353348
148660427246186
106457240881846
135801485949767
94863480056500
105411008465745
138325538914643
34103188770973
104762837306996
20852444077163
44631312319236
67631464753358
140856374655439
84609625925181
31374812782098
143121770184453
106293836414188
130783100518074
86484654519833
96002809627623
137842299639206
128285488886964
71413470484328
151700467195422
109871485660540
137905232411282
14721455574867
64374580392093
67588160149766
76915961065077
43389543993476
126338562824048
19283093861068
140015059008096
138113368787492
81223237202600
73532179408046
64859250961841
54072414374850
141527976011429
69249306107000
67805918482334
119725500907530
27243468217506
2090059697840
84488518695474
10284598618620
123319923883249
42002910450754
134103533354103
105502156859146
29844138409919
54192904923265
47736661183880
13601699151914
10988200756927
114774779084731
102806787585945
124662091683999
13738903732713
36593707765491
106556422633756
79990669114376
32671666117313
90803993553827
54276692582085
70597447000105
147236657970517
18932077033909
114718072123031
54660676206765
110014493917915
138596081342557
159909798818336
84226869408746
116315511584050
136550018939360
62490903987608
108199146913000
154081949584759
120101548958058
91086528867670
4430743588558
49687800203323
137432390208352
113993955645195
24856506396842
92293933130784
67302408818115
54129713095333
46762865368322
100580927614485
30302639406341
72589087982865
157992513236745
28690254003245
22368295444993
57117815901745
105079879273449
3357736297911
85303109830669
52930733282420
100592762293217
100115529204979
88644704540604
24294554619712
30462881183261
34759905038568
40822906369716
88603576817339
124421535912229
65163486893641
140289729802388
79086134028849
134411911682644
110852918278202
125471695405572
3132797959927
101244041978042
91728645777563
62931797698670
977615622409
23351686461824
112869810401585
22688868180685
17621562853945
31476260986618
157836035032913
57079646461332
142654946532573
55467953195182
64569002058206
13202057005204
156190010591477
102551525291015
37284448175493
48795414123199
143037715123814
58693045726974
120767392997819
55564783992132
162478708629255
16384789827227
150829215714030
105605421184811
29631120103233
28711692919948
162556332430949
20374545343846
79028238593161
123142768016270
114395376540003
143773849075600
154760033847329
91432157582509
15099656591311
34858136475568
32608517769393
135300159361558
95184378445231
152857783110692
124050462410804
56188432851929
141245738014046
132900296551224
8579755667126
121725082003178
100496737471494
90772818512886
102829088814945
132480858232159
141619944201060
14203696928950
16377463220301
89207413275001
141966549207856
160275219726464
45118999343492
149633119868028
15523993307093
68167198614392
56830413891577
17915203178048
131277191416292
65513966581537
99447097983980
17731859627437
124799203882873
69700936745561
45588158404377
66469905141868
51740581434524
144068472766315
140469759071205
153190199314033
64700857294200
60337627859992
56453381346980
71254736221290
39592150205244
87446664122485
141291841135342
7745437315925
129787279677036
32460483479101
8530852993
37177698880047
135893373494430
144909280184907
126820207911197
116025554633185
148297592051289
9395623561819
60343323945449
119940927135581
155828369173984
161734937120745
133465569265634
69519189757526
35617544615061
33568218950468
30963755594689
144393702480851
104892696537
70983502606264
56259461363781
25677807101000
89023158057409
55918496653853
31980883980511
20513124136710
127087080544590
112566944315656
44447265703488
119592562813782
122163050167579
54514118930709
20871713897466
153020366303791
82672841276329
72393102534519
111285582935735
32338484061494
56979153443242
161134158173025
132324302006365
10646588369905
2597192948995
152562631782188
146290345285356
27117993484855
50147653912102
102933979016506
28461491193420
108770025383771
112721720412433
83561259891760
141912045539662
116756503923734
75076516748020
69264078919762
126955110971948
69730495200756
126619568812097
156447023960252
154435656991461
84646119865619
17181117610897
160701518809209
141229900272368
146221959330242
49362169571055
20161481811301
81159821123761
155723811238785
90101432838510
50998276661188
53908083488483
59844337436490
3631841214007
123568355275142
46527968233526
106009703755303
116984736313186
108635365835293
135250015119204
153031417839883
61440825062635
104396452677664
42133497390590
80609347459285
120959713202856
17572548379877
119974144994959
112826575501991
24178296986294
153198519633304
22860585558044
59713964255703
23073357886467
49536741204534
99537565961718
22845129791997
68883118573225
143030670779001
124859555701149
47094499812885
98541343811271
128369035557133
39951049112637
32528568333372
95672688464255
14153325830102
25128939171745
70109070270387
115983445577906
63595169402211
162245777047794
83991924301190
153502999801817
83587722690956
108264989360723
74997425913226
6996885283802
112950244576467
132900125927397
63075242158888
7910805233889
141237519068221
74648844957035
121078220077643
100374600237581
24161689714395
25322135545697
72192576498460
160535465270888
157015987652589
64540258368666
22364153865956
92429180849331
39379471043983
125642193852190
153600841488222
88766711107691
96020005314636
153704637531146
37865729557715
85157466735966
156651081059884
161945446347112
45209749936543
13054789189680
149093523578019
13260388218602
112102140066974
3092700888701
134755279209595
85995279367329
66771630087802
132268707078384
124697674906159
64671013132585
42551817628610
65458452600866
31621144940842
22180294557048
5058241650604
112165143470446
122255792006886
132771243026501
9459768906243
77550433620914
82780387353679
50163657028115
59721473762860
22269368670450
79250284473323
45210728416309
61183617108445
135418173388220
32651413455264
45811897096456
19888785059447
76525222761732
57712806235262
45310270537854
42170890402638
162595991454791
159426853495485
53064545903271
127325344456038
92945699399903
130219338631715
123426191947453
61695162789354
156645981304293
75790065438801
43676709437029
21008756703111
42856072727080
84495161189436
58663345427033
109738916390784
157533653721242
90735777279159
130298127664085
73854891895913
145417567332837
116333401699898
46780773171487
23228863032711
59218159354775
56029714439459
23666912026957
69554554383665
36255389952016
83064331330952
121061996127206
123830196909229
121374716885516
66341584695876
9670160683663
36076942401311
152960749589084
133481515241205
75240653210381
10301443102491
43529233036561
87924215540249
140218772331105
148301509608083
147830909700869
100178331627681
124763345595729
81988399474724
62200047317384
117371106124936
53333568242065
161582370223311
122512074399163
101021648373575
29320983748607
89976143820392
149394281334690
102144466522480
161397558970021
27676647477990
1977371444245
134173794691114
4598886868221
101984240044257
39130079509389
27794473583958
75974507728620
88556836986212
157323963726532
148074714376477
135707782306578
52339122607927
26744972800849
100934326544894
93929716274524
134461079112361
18543414679748
41612488203484
89910006374011
16997424126990
126901076907923
53120155134427
94254066379700
26446294468997
89234793340601
98886488033603
22848198636218
20830193839600
146905905070534
134816892388898
151216542528248
139462968441605
6668609479781
29933807977805
104509305030167
74869277105803
56612986498122
148284901163846
109224339448798
124151326238875
42087947834283
2772506085113
56606519953544
34528228253966
7596932106226
148623677854195
17353483561240
151552690887106
15457506455457
68771495536230
35715581191695
74098799276865
127546795246117
53767249781642
114994866172118
159774028071515
76409416817497
69125553867328
108493472887286
45813967648870
67602294561842
98732164174988
145345244765411
724865167115
65762923873915
133160460711482
59359500478179
68438392694329
36800133098170
52771275897382
62285977018420
132713116770943
96519336371577
69373503064439
22108033395215
157456394122072
116695007342747
2465341845502
25834263937012
126418375697923
105677664943889
99066286966548
88379415964341
111641614278244
29148673279559
129240438271948
21386568474165
47438206265978
80342280856707
126704036489949
21778571111819
103074256439248
26241276968463
146231663013122
155847380547492
136556819281957
115080902665089
148949180199964
8969763040717
32066305316983
130328415267858
113909253156636
86758230520955
13807298846863
112424325108868
128810682698559
146080459808946
126679230112712
107065990081812
87919530988739
118755263983891
142205037118067
82752360671944
28432506505169
109344020510124
35642456398427
118737069356844
55639934926828
103565305474753
130829213926491
19594262475022
57105259349470
157791155829464
64955214936645
56219312128076
56177529552737
124817147843469
70719113288791
155298476788117
99528337815258
160210126842995
51162672031085
44228910349118
28255210846527
142290366060929
68292582980559
115927875493696
46866661843223
147971138387389
45793858955175
49954278415357
99021390884063
67243648802910
6895888505719
35021605583378
30662784087224
115669272309380
138101863703066
149352570833588
122447336627148
38722804560670
96741772632739
141677196590411
64558379084913
7827028394252
52419738666471
55518573435471
93285108842159
26604749930255
121689673592478
64219463279419
159617689213933
160310752244507
16173044748589
156990431036644
86315509748808
119461694518763
44618129585016
23539716439132
99175655032568
144809536555243
77543039441173
49878206525225
31342387822021
5756212130231
47030639585621
71824814490952
159027315427128
155956483786959
10477508568394
42540940912073
61695543470921
11497159076076
83928636963730
42629468744561
111760471808608
65333436913372
73805628166009
82445218698916
107445297976217
61837912907793
124792270387397
116390071514839
3407434175364
57332165341965
78223214396264
129578788095321
38799072426512
96971676623788
94783518775295
107905215307779
86038181736617
92227175165188
124747818762591
127045100589872
7974182279362
22166995410136
27630736085015
8452378151056
30100456990601
90146307010337
101128591594809
37967357718073
125401138166313
118032674626608
89616737014925
102600947503086
26056102368618
58902322959272
30515214537486
5735115408051
133513560967917
13084772839844
30078893293488
7975316610449
124991271051642
162581254767948
12790002352296
30132362616306
63384388240259
134281072838541
124636303767218
67341713336586
92610829372280
92678587809746
84428143309573
71698221568033
100053970798045
96742035515374
30650127234446
140829811140989
85773481276088
87502982971104
74042657049503
34552585613716
106329748125664
102276656965799
85518726795178
106358437052497
12986252544217
151935741346108
50859963021646
12456632360738
151931437171095
106476412934348
1029959595469
95362015358696
29600367392208
117216145030255
150248827162335
46685755699110
121387324486099
50038627700812
30370303576511
74719381410175
29316789746993
62725793060401
53050877446290
117175244126565
28607501256079
31488413029409
122140437214532
118847031370074
154523924818643
51926474680139
35095849268604
10801844886188
159774910730369
117890032222775
89809860253957
107691207345669
20635401645047
1043629909011
139522341051944
53040206194540
27265226597647
116903270593449
17798600741320
605438299424
68641298164786
141318422465050
37996065546267
136067711404879
76047206323137
20956531276601
159511896141241
79154860461911
162227489676651
62221943933611
59576605618742
125420525206956
108868293421732
15690356811735
89699726419308
110197148256480
140638392409698
121664688501480
43021024369513
28670554972306
158778510795923
153837948629304
12687077697943
77331011807844
49776899573153
88354038504113
161297019612744
8231772844399
18284525150029
162182951297128
23648172043413
37003760026195
116876640344899
77028659373008
134920297205182
62776655450924
56884120098094
30895753202412
134894349586109
129907252173401
156221023716281
7083508907591
76462720407826
46333491323486
71046524151428
126516414199218
125540822214313
80547614738693
102270035739444
68681974120354
31311713406775
99061129288
102944450893836
119584447627844
83896043964588
156713667824019
78707863524706
146492668456117
18290541025990
69245172327185
144225891258348
86300693264208
98036803876186
152651400465900
120647557104378
70612637834505
71393486891185
102066586123204
135901537495209
40632122138924
52846386490814
1889669334187
55585913212729
99199662925883
16798629105979
38202758529244
17965002832613
161261314318696
24665074109827
156441706501944
61474991596885
149248985787627
150529173701597
151509210855962
68821081471079
119111151683787
70844834156439
15317430646077
40124746961099
17702178816712
118641595104198
131167917691120
113307471974380
9669287278061
138582544213395
108934440276614
37852307241821
143267369033679
144208322843194
44781033037931
3579514467403
109752271466843
54383817424415
80330942328950
73400489327788
108980092794073
34188685288394
122163854490839
82869511195824
94566140918900
20701095636196
68048586029900
17828611523556
30206247932274
56480702903109
77252003381554
108980492656457
117818837842230
18044576968545
124275417625580
109062568956006
31376765689809
104158026952106
143572046448786
4972013066958
134257063414916
126393424504278
6829892926340
141227724390441
53640213413222
52675851363807
33917674957691
84857975629518
8891660824887
114660287595481
34440729877933
159873975079311
68403364450992
13257849879193
131870905887903
77543740292347
91208580436348
81375973613905
47330530043805
36451876538297
33606981516193
33114570748
131810315221614
94461461545962
35169309953055
157116965102612
130072548888035
4611780721333
50470433327794
40441036480584
159476929071966
87858998269692
36291716075766
142583882236119
27385822828822
129854514667643
27585506277496
23180790199831
53496189644138
68274610853908
4049996225256
20714879903970
78451245888239
150023521101127
80648415286250
127559668243752
34355504101910
109339558352096
91931436251875
131116401605000
150225760055303
114584410787811
83375643743978
26060467904647
80099967183423
54790689624646
44732447000026
56059637203263
77068599158063
97529072354364
86843562324558
82934597566577
12677546363690
100029315074433
154788965802588
31312142657369
23417671827412
23367113308334
22450091285118
108710963085700
129433295232527
153193172374037
135287595098873
138736099996906
102822250236757
47176011808610
16684849816350
50357831811306
60887269446517
142809974122811
91681959569556
9691124103880
87288395027378
69841255379351
116031087138978
27542221627477
53602064525171
24786765371410
129024787489876
31317156838154
42130600720164
67721190555947
140311356621432
85941427403724
51565872562620
153667951332333
36932019984182
47595691459788
162224081159452
94319511931726
49573750499333
133987056138278
137850065630053
32577299837778
69044264091247
125459786067540
129456863686093
117239441892565
32067751545826
116239521787593
8000661675838
57357019301598
30956217098266
17136988997777
102504738126505
45948192454197
162658784858625
47788788116728
36170035367436
108150788484455
14058934092509
9895848996985
162342957552497
76636881268032
113719600037593
28651933585240
22417385205554
22196641807938
114638025297207
19048296415540
102008453815603
4990506080068
113275238700597
101422911030137
84161284280643
66726618247811
95664976013984
119657822439024
125003010901088
116047758170250
115735423806935
156127404035431
96848879921367
15549346135927
12156655676795
38554178226927
39525900464594
100496637040089
102961447071373
26697973324796
8798256563931
156841516163929
11576288704126
111402966420352
100182768251923
89910158189904
67963960297433
32697231976624
115909871650732
83001872917597
106212086714749
101368270899228
122401482426213
44333161953866
18457211896541
20981606098925
78769517204199
1799227988263
25387126625789
20103186918969
34229967067994
119521502403244
79142600938696
142401427936591
49703939997277
66574564601800
33041005700907
123100312012361
88412649399583
18469503775337
120175145281277
161038192086662
34867113843117
108047036359428
66091029214809
8400971180699
108817192110126
18960427483873
114241060672891
45849149213555
140247084703145
10226729752288
21115483803251
58503315033276
119661836923534
64788602980592
66477669833042
152585387349809
126917665350836
26790714352043
61634227172176
133351112253165
149986591298492
39026234987257
74511094187102
5399269958263
59101255241668
145882404912008
13356013831970
118955958726477
32774170924745
25087562016815
41147063676180
114480667167830
30237655577423
85479010834615
20071698245858
118074018198593
100535417823679
94102405118937
127965219691855
68478076333717
117039498005598
131201201410611
144076221915555
76398688579287
45166165548988
33107233174916
80665874495750
8412180159503
52830435593911
155717286760553
89336289430300
94526492005608
5368598789324
6167752286006
32141714953325
99540480828591
68123143331929
149446728043200
122874643929226
46025380217966
69437951596852
10592163393344
111921645537762
44657311709126
72686324889586
143211130375947
106664024321964
136138862907401
87044845418273
75486121068799
3548403751752
94631944763979
4257019639002
133918761504892
23964405932389
22110260591558
129779243611536
62371603333066
68400154581942
24821072843630
86739607067358
134963909611457
48776472110019
72417465544784
20096950127751
115433274491469
47887730323454
144138301771810
28521393876802
34718501912802
157541004991359
114446900766930
107078130104247
126203215303348
18048702503902
159267669548761
120244892138512
73844271737235
104565328254792
8380474120291
121101544829215
67363533603981
16082361528631
23762746973436
64356492635380
161386521913340
105472222560210
148536356981713
113591081896564
62210651475176
90133208714260
135098553465050
72906313839550
124385632815649
106696834650580
39703297719617
13757477201464
112868719795492
44965073651520
142039808787485
13504167122867
3381134430557
124419714271585
86940509803633
45942578704495
17141567273800
37247585006655
131774535238292
110135306993898
158866379102495
94104256956653
133478609038204
104592828217428
104403366331866
68037756689481
156309607135523
160694516456219
14003432356085
118831646495704
157821516831147
95928600895351
11633280057415
105348454477689
159053057986082
148295331133039
98817065645480
62652919798768
81590135836566
42303634383500
15408524412896
8375907189648
120839532776389
44776769331541
145995753484323
140093019707709
121969861306109
103813911510105
12809374700025
88028629416434
160129069883899
158507332070461
147117942388610
157541089312257
148102405420624
157940201990673
28902729535179
68243219649689
125089057374233
38025102548748
62296440662804
54181586968845
10222115304530
125382098528363
147622663120218
6437868391492
99174250597171
63276056952591
97952978371492
107782760342392
72081390477028
155114349318243
32180288273301
137261441019305
69128821392443
120672698612640
28945725265831
124205165360288
118052939898439
105181745514514
38571093103231
161071799780818
58174325238084
51535340602963
80663687286625
30913620771220
89527439350632
125658878657328
73758151794623
116856170027473
99663294804069
65941359534558
83412407658857
153494983875744
14836773170785
63555645989784
138277576068964
108419877624109
109723130685723
85100972767561
130087926570934
132957850705344
60826033829138
86442497253621
122214059588624
35110775189011
145168160984575
145484075440784
77532695513023
9813985286959
139447648516935
153823326637783
123525144097717
79742807214029
68996748615521
150066723936932
100308773495374
23339023013066
21301155927771
34651667072775
132090883528436
102997605325774
136971653984770
59043311873870
36537924900190
161456937423569
30414984357720
73286233662949
16003516195681
152015912734933
151126500220524
71486323917497
122243809654837
6092591849364
93027183477845
111669741591095
158601813833838
117498818025372
148479733756118
70655995251041
141673151612342
139491862410435
91230605632175
98180564658233
48048833444475
16260158419698
161467117394461
26137467224775
102629002817176
82098505644441
58439771944660
66221932564
32281331730256
116948645277078
128375599651804
20892336750600
24694396156312
145031418881779
92578738787960
81604382366044
90444041522065
9969528011791
29028474229298
152597570371535
108683902519319
24130333597212
159356336579585
104921052466321
96938122535249
142965395104044
41996666530638
18352490150214
128082274634760
111640186144085
69473514051933
142293993105874
121017269216513
81983394790089
117978272722546
130460249431090
162771642536272
1043744421888
1645567373581
111725190622003
3594460083312
82742174566981
102482502612913
149604285138830
10685423903514
130063769302238
53003982967851
59301046236504
145926803705555
54376112766856
65663117057966
78046472296667
110658048336711
35484804396463
121805772112683
117392395010903
148646859898553
132604464691927
28982674065469
3102339721723
6456507608334
78264204988258
64150632424730
90657878506952
148477588965507
145426931140997
90248644878720
76700062646165
29774438922920
130454266032796
91421578123390
113574828858416
92830485411324
79567315741872
157576382203600
48675467236999
39759038338235
46863082035864
148462819145835
148158762407649
23530501940444
3141749728017
111689148542826
22155945181953
9345064957600
68045580196222
29231409736116
5182337812106
106674215363559
150584108636100
120949063251507
7988478429057
103546512986658
130064026251253
42817353949528
90194363475440
64185116376870
79225826567035
110942507164239
93626004464834
16764384043853
136609643311303
11886826858757
125002887436965
126457338586216
109805613934670
127234510200148
35809174457750
84148482003443
39935134867629
143100026005468
87579783858889
22534214662042
66006972823831
159806987237170
142422568410890
71049458322658
145164069113483
112033859142301
37798042890033
126756068542845
91578063539263
10839149295486
92972885047620
82889296690157
111058972629643
140963909328011
86994552217077
148851155127730
114647393778277
91993782712761
132277777663948
37482244927781
68369720384410
70824529586257
80217732079875
57834323889318
61779250576570
43062727904400
78121256741887
160057062770791
1031205867343
71648427834672
86400561969562
84037938541358
122112940366133
123476613976015
136600502588479
100152751137651
81400213081625
140705541927051
25195602795112
19477681412552
87745781690334
62598280937751
96837748760692
48598313913923
106760888467879
83282577544080
53996841467218
108754472187499
16075642774291
34348317609742
86520350546695
132201800474638
35347772603506
31687033611594
150248936093214
117815017217859
142257508118890
3170013079199
143074957825672
29513019502342
111467656075603
18861722101467
58093800557625
31782774157045
102233120467328
154715661897397
49528380064333
80171653729220
90879037706211
118377990468425
71858664042349
97999302637100
35555171727804
94350727971047
34587572925031
68953691485774
70610137993410
116725235975461
135941281923109
129867996461378
6798763278708
4505651706451
66622131067392
361549463891
69751873980397
23528850293214
56540499110220
50134853807001
64262794398963
99379954409746
80840234195685
12447950908316
75990426638121
4801138817616
37353288085741
13195533696686
17706419463682
162399026736848
43134663972630
86714716853127
111817851387083
154171957618958
24530012625813
32103353711565
117171976066132
58611164309104
126597605085566
11093446361773
83579124471933
19042060821986
110529114458223
81249903042734
141081459441763
12857971304825
123558481593421
77671439904348
40850176712915
133193290651183
1254318841225
6371708748069
129102045614870
156088417666615
84693410342074
161061947203347
45592324353085
11801451233986
53834736004819
128288690455893
17440214594220
41533116058468
37868216749468
155692625284461
152599228569372
159165819784927
99317481183929
154267827689035
59323824390554
87737606978236
50783332858213
145915783061664
59619329043766
4317223494760
144326523818329
124536392723592
100308430245809
22824354398678
148915407670977
137638964620325
25620770524164
54549493160828
62312343214744
131300727560197
51651147355754
41920742317814
149417424806823
54922740357117
147922227143667
33779703136821
89754121016941
49656812622528
148562949954542
43669378301291
143985687051349
80637135772617
38256052022373
120760509431457
147544617298507
127978118065359
5096900199397
54475234537721
97468061212343
119936146978107
109587931121892
3196576604058
21678740352040
16354109519646
76039034135379
56052161690878
77658415930492
66696264520116
136835101018528
66653655604330
15591953482804
120914722724262
109276550795665
33382076429298
47585869375862
16679056503571
25564011947412
117957037116931
36690459862215
26359960984370
10224977247398
15919045296641
33989828263608
76563974688523
22887655705500
61010345160887
52839133468047
20952592672181
54778005214245
135379362773059
26876484927737
118109761812779
121094080940862
63173718014879
138555232600414
24965199169680
54716312431100
62884178395851
38100151525138
72541117648911
91573371067510
4770474258298
109097032725694
112545201395208
23364033748581
161823900853116
11659814668583
17761366519075
47176565953029
130348301983901
72566567312716
15564406641968
97958520242219
96233428458700
76406281608782
64259207357238
58014452975494
100596787409333
89962120170419
100233897451825
59486514600931
109010031641369
96969313909217
21791114492435
81865142691624
98341495501403
101714214838308
5876456230836
47358952978447
16854796750408
58071097570212
52764804674537
148732476457924
139277030319196
10110233574213
67224103758893
102083105552502
53201230366204
43919863294503
114334755466752
53671169515804
46430224556056
37735035730654
80658470217887
75294723286242
74774651498806
154940456700437
93889865562969
10447997248472
37388658676866
69914559768209
41591247561081
96557863945016
102506073160883
58999298015871
277388588156
27079493210405
119112908313906
4308044434856
47951048174380
64892216681796
50774930745880
155095914021897
9227307317703
155454507446758
100491444056130
97299876595386
126524164614689
27438252815333
20769509896077
90376090851130
105063547932464
27653587154711
47021457808731
34836708759191
36343184188422
25810650715863
134193405064239
45601277341893
85796749371675
69940881325352
104435785153036
144161036655198
5096860107404
87673619701447
83535812072251
121169461760568
139094416874675
142726368433333
91782692940212
114598033109064
46434371126684
85328824847289
8897516536392
26051484713352
81371445989743
121466597708883
114979793675390
94174269904471
13503812061313
96316437116177
132440120846366
145086979907905
60181581193044
139949091197214
28336822336713
162335039739559
129874319932920
15355688309346
8970407063357
124332121297310
117636208525388
150161112240895
96130082419500
97734398403005
103242864851196
22991950690636
57448380260305
61100025781094
114779641812841
102721207197701
139979433516253
57014174010573
49593004315163
131818443557596
58521214954378
56394910219101
53662198325735
141099961180665
74940030798551
25935229242469
7538520803437
9119948242681
133586638893570
31454231060954
2886799270882
55117381022373
90711207993974
152779289957398
32251342111170
19014506866627
136720645135629
64999665203340
107412346820723
159113946000768
133112532614072
140600675885593
126744431905342
149920833129439
60889724861709
64550543179408
155145410603411
55931243885243
132333084130918
139814831546817
57862552688791
23474375793020
50011139562592
23958440607845
142753863741133
117822407292638
72657221334
58007950720551
102062092995992
62131340535558
110589886959907
74867925249983
4720720468306
138453438448868
100134080673700
157884882705724
77053262065121
63488476340853
69479586428256
151016361704010
94935550115767
40738599759313
142164224542202
27833655718470
93989755025693
126577222877112
89824853186225
20390255328246
153527195578087
135086075422117
95062089778635
134850967201584
108083810960724
25508808412697
47668906211449
155862417780341
125171462789557
75617241657493
155479616064319
84271338556729
157013416774310
66289998059503
82501444926683
80885686242627
10604009019450
33858987336344
20827567617226
106212369773574
147151185491488
60351972504961
136381818116971
154857304525694
132273790712790
28097466192573
41756806540773
97041227789260
78900930771530
123983843864785
11541782923853
97343376369280
130944823258393
136640669596607
91366335176225
133673978691126
80798324794825
160046893675760
14355529211049
94520752529556
28505536705485
115234726828059
35653677399494
64589012493353
77655277096455
19248764422258
118342636937060
59481009175115
101018639458059
118621749887872
1685245531947
63158320682533
112475732815289
162121862498800
154310065273750
137294724438303
77875784522270
28436946380213
157537878645912
158653735510217
144850846147549
152774315647501
67415694057893
17868800434507
43055360857876
122393787271540
111348795950536
86309531263687
5246229642814
4585461362149
17282200116144
23665288062126
137395266842920
93019501204348
66372245615441
81370429874480
2109780995017
42524039075285
52573296856403
114885300554625
137300834238895
905731830566
71043391793486
93217056949325
99620005530137
14843708100568
143492334290123
111815631102030
76615208864725
68953723425110
111759307348999
8189903218347
28782435926070
52379422733808
47841544324239
1973169865772
136703193650067
98039438789465
48094643272844
51512119594
134117637297166
101841296027223
55954768904085
3612818593142
42894087248841
141868295162807
159124543838446
49728383301321
128635135596198
68658421362695
99856849154890
29768039703916
53178146968055
114124434040405
27011740543723
26185896255014
3141625725319
66964534454837
23075512055537
70880508410717
140278030592285
39703589148293
48379549509205
28253819722687
6103479492551
10526046194219
86041649151681
102436370196386
49588513152846
52495429949183
113106123578673
94210518468144
38453201828549
120223518920344
125415880104810
116017495506175
156771426556025
104251135760287
29441346341536
46194097478995
107002903399965
96240183298229
71538940872799
76210153915845
81259086668499
19537419086103
138518833227835
60377821343811
62396614834706
37327804646160
2925313567169
84385469854543
30657392091166
142334022215738
143897714011464
36948402278859
85294361474718
40196541881717
97009276892265
158988782720249
30081313550086
115022630022544
132764963189535
39862702520497
38898657802531
127838831597436
97326405758046
56124781978712
136198409322703
121943573328223
4060612621944
34646339321086
103882278005677
18113927040592
23945260198814
144952650125339
29573985504872
85250886629524
2350578341260
149975625777284
160555569897306
105883878542968
138882756521335
105226473150989
158359268344028
65201651092008
158040332013501
49727834011860
87552548561118
95830328872459
64565855974095
131798484173473
58007548389350
48923916575461
49027517470032
134082257480935
64075638171576
9227259118044
96487936758924
145544660547191
21501949684855
127272946884340
81356804699904
3806109588171
147177521842479
55502410312531
120150765007701
151371046042126
131984688690467
86486206189877
18462632886246
104045901655892
107030044534769
38501773906796
137056812383350
91002352214341
38706865235031
141572264728027
90477088197892
80545382297035
42652715422407
94358297713868
147128641856063
155526104722407
111254549115763
70633616752906
101516738440903
96171546812308
116503652926710
81851347040755
117068664266517
25285700329236
76636019344463
91643023596977
116292092120515
138938503631732
150065963301699
238028168070
159343476306565
58342281610265
99911954319524
10838488240235
73639719480892
120673898560545
40994411511374
112247903911452
7740416629922
72173654541778
21437452871623
111211036975624
130800768635260
106240250456641
50418954831378
96048907680963
84809426695511
152874628834217
124293911705908
145116356457736
122926879128495
132157145484572
51599659819919
8487797917410
88637630596854
22929781901655
91872338473372
127116379188849
135639674489814
75425641500843
150604367260079
108995248302290
67447559571964
79380741218877
67518571660399
34110143111256
84376832715839
61488854713800
127488116688491
23540224453601
66960813324713
148348430481172
138227263523847
69396114998839
97729893026550
58626156015636
87760873675909
3860061708859
13558600063445
88510211961194
5352462787602
2925687839928
131474347628291
86448371064843
105175279003775
116339492183234
157080969692410
4197056110008
72186423075515
151864669133833
93259646355805
123114362879632
144953182671401
54327806739635
58669393028127
81785766987224
38407331579434
95534790307200
118790075617444
1346635100878
148661307502537
36993739326301
21469023172049
13237111717897
152348754391769
61727184104520
58344046843515
39770450750116
79962351818413
33004715830479
139579080178772
60320747682971
94535887773050
43409403082031
123023424067000
114795906067411
111105139690301
157718622479421
14865970100127
74546806472386
21550329786015
48193297586652
9951309793634
145873106088566
100861221370523
83777140028694
15371408194519
95313692800293
115441160185382
161905490320847
57843090009888
87651413990731
155801607455741
4173934133990
49564455071738
5084707057536
2759829740169
114604751261569
15060836311560
118979991933892
155992359232522
154951478600301
71302952570854
53866395585746
46436048697247
116459832594495
100458444760026
30326702420570
40369150062398
114792984467089
105865642751710
85300982923691
96815318911930
127695903506164
70830748387021
31001246254356
54473028338674
97225167315089
34440047796993
85617683196064
40060756755754
125524642854961
86614862539674
79744810002404
35198893655225
91570139157263
131585657866437
72618483866597
67971415631992
143525761144378
4152486585676
92466013688010
120473007234570
90795978661823
138739481034762
144478011709251
129088923763766
160695432994205
22597163898178
13573564978418
152308893962090
131213145314847
76142756117581
13663342218235
17979276552493
26146717686887
100204526644281
458482980071
94642950079648
151464452269624
55136834737506
128977557924043
10687230843483
153404127964189
35977025703194
104890583564013
69826601000251
26421592567510
84422554422287
40489121771777
18711141380761
80695915856366
9397478313764
130070109561145
140175198127889
50527683281278
13464309772130
65690737629201
60875139392071
82167542794712
97921247951631
34332006490050
57988874103549
10038783309979
45092105589703
158020449828085
13301855804116
86959826271414
9736319570852
136273778212453
61416839057072
6004037489761
56820783250293
111397028276301
86910965169640
39557626214309
115296459540941
18774031986672
63870526205027
153549298296951
41078470469908
132805140299784
159873218161188
10283137062174
23769811870066
93613801478274
70361630542368
42934142942606
124383311017656
28655066633124
16868007226776
132300826793494
119169120651091
125094971429939
157910925515716
120183016298190
153213635488005
55736318605264
133267994299387
91222417499161
124543181235831
43046855817708
39301906904226
105522684846925
121570262843045
95785852642647
88793333454543
106579257601672
46254215835355
101931074236169
69449724898253
158764325564324
155557998994948
3378383532482
108120705075549
64020885862724
108491931393748
43138248865529
35831049991826
45406498332075
10852184775347
46762247915464
85783660151919
130997108825704
5260933063183
38688450190103
39577170236909
1547334571529
56536503036348
149820119812160
108391218166989
20876774985691
121090805943510
227801003204
53964706620241
1033827287721
155221251573059
31986965833034
53834347263555
41094951629119
49322534847452
76028250322764
87868520008924
32596604674627
48667622315596
87650039770151
122056250674322
39576314103102
66885113244490
147473020589536
8290502521569
2982989312992
140151044456032
48298159761342
130661669248195
59864568153378
117300009636377
40966574723934
116849037898425
42951061068096
84289503041369
119289002960529
60863186354144
22497007536850
42555492041023
49741095023974
63794172538397
83343039427685
44087216082382
39887925793041
56392592081326
106985098074520
132747743101658
4456502196737
152433475529784
113503083079391
113871277936951
106153219632730
160235585221960
105893364263378
16689014982970
105384892790381
148652642185846
47944868891266
39531273398667
142733659532780
140054231509861
105811714779372
108437805834050
21239247888721
52034372529985
62174456881630
158249602892923
152601957652483
134122989920341
105215123504791
97981137538799
72792900201781
73500189043823
59517401122632
20542824132889
154506121059524
70022229607616
123502913071890
61849719498762
152711225525775
74513224985735
71022384433801
2613255310235
61321150105209
95536979007915
2787234396796
61336269074271
130417193926358
27820576721824
10367189557531
126573686479952
96215462335056
139971474477731
139230173909498
69699340749252
152916874761228
3138267050976
109056393606666
109154355328061
54407112871560
56471620797072
36963519293433
155966723209143
114211846577868
74436591963426
48159199771934
115687064268931
137607886625251
149496893942413
149408918739697
26236299347589
25654683408179
43810537608317
50957940293251
52823381120359
24415888929540
40409485051079
16968917821732
122327897683951
151261452441841
117229982361886
93570343795853
31721110455733
139324321985509
67144555456320
161142713010425
138628230442529
23717980779885
147051436965818
10733056884738
87836602133656
155590784735232
63790150806762
117861194687745
132594842437090
137517596984544
70941198388440
99281789411144
50746416879304
93716005794688
115154519576639
18918443864200
131893849067494
37427538938162
21897921150635
7848673259251
106521812749444
15565225525163
108593304931571
140032792662839
12228235692969
103915839421132
85664722618764
135867142891091
154762660856690
71465671097703
19932881099
29978157106012
90262085797501
3916921515908
16505641630784
14773428827089
114085822574682
104444234096025
120762007840008
42729881802592
20546193045835
81597352714291
43722671476800
4684956875770
96977332439940
82728001112009
74272688517652
33493972318664
30592760495038
91632995664964
162768926847107
133210929851934
18292397716562
43771489760830
49411313391994
38479835467856
20010444620508
123013743947838
107028785590225
24550573499888
55396808864026
119816869217672
62825267735340
7624476497428
67042633300510
32164593211532
3274358797880
21880666402656
145089307040609
157785248024933
61111911595629
37503556863589
115639759382025
41941931569985
8082872045732
14460961744417
45916959743943
61644554512525
109680611311251
23863962159008
120977108840309
149666455291244
121472590916440
94749758660622
63533925569013
123545841405596
66580810054668
53494465791746
126142633778969
101628569967437
32208167120704
84402138557831
160021713547918
59421867524717
25188964188945
96984908060684
11832557333968
84705540441819
1226840332461
1880037943946
36383913742863
120871877086463
139876636355124
9829595852844
62450164139667
133041089614003
577109089493
162296480671928
81253090446822
83888904146925
106915932921676
41939114993441
151055915221570
128396816365204
12569236275200
96562997415264
20491845848187
42334742615341
113634657241756
96881686914999
19438741792841
101527590708488
20286846818560
138868907802076
121119089734879
69826475313376
129662888433999
71173758925281
5233344980415
58310282633518
124392845303072
8470787579293
112269297951646
76877425848305
140284392732111
144266146387484
161026159428361
114912426963884
137347009763633
123352555500398
36119933336032
161756187266891
138959380211511
22032709149627
132560466877612
138073610595091
21477259317960
149370989437397
50474447115455
56066360298182
86512085505345
137716421340411
46256838425395
43910571615952
57061351835626
97752984572386
157335907508161
132698664395281
45799722164083
29559700408274
35138698280668
44882998747955
119617160468693
139026601587674
128207514093287
54134205894235
50254967053532
7616890037954
23296780796932
59160978403593
53574344532260
153091084696058
94870862546630
121316009704078
18322642290481
109713737311495
31851402266272
113276263139221
158357361866645
8932497633061
134137641853942
153106886039455
138573979257549
106774434922285
17769253056756
161547497509417
51657052722523
70794151589423
79113964417484
61415371441591
32766006726045
161753571988328
5419244324140
49943302676670
117510468242684
21534117304363
102556593741411
403113655989
99481443696863
147674016968014
56562598218344
135363168209069
107469920896231
122609101013656
3443189539253
135249526952984
139190549097290
92139110523538
99174799300783
107354825340962
38915136953715
98449103618550
41493357913390
17018748842652
126236176492099
43542824550145
87246003082158
24097074949280
152609712070201
129558991982098
140365741752986
40305321337581
127609561417878
106275873218405
20318774457170
56175226178586
21268271203560
121222996915834
37095650757721
62314723415837
149981318076399
29732375137707
1212286529126
21708385281009
30119358953322
87508886664304
48703343761464
107067363029939
85238352263754
92955627140379
66602020013313
34055765500695
59619109476754
58405736838545
35366505984085
66869383217376
152658411561232
18356212752712
100288844968839
7168725705406
26666549091928
86376007761888
47860292408527
39854373506020
118656351117500
53348373800286
120782559426871
85087204110886
148658171725964
95009104006787
139755638747023
73140572831508
41890254734908
18248989039558
136933735576992
147244686766478
152464601746045
8144201104701
74173229061815
130599609439510
97297065041734
100790043094774
8269329441494
93254137601242
100762640488843
75705745237460
75122314839599
50407585540327
140094699096834
47302630761046
27125114627286
153285161403474
23308055192109
129393964784197
124448746761707
58028459537602
130889459063537
134177794139729
155783594979379
79078786574790
143734831365289
84680216147845
152663001644722
153457541491569
65646634254851
112145789375856
154317910368620
136051400343377
65924862271613
3558931753846
47656618787853
33819764219975
72961862373777
152713908272942
40009962033705
51060436715971
65409070529902
81243241039392
25369367673220
10658654471224
119592811124864
137219501593903
84379096906832
34772342784015
126485921869165
130789590733353
58719323237661
129071922434684
153919310851826
34876198354728
157047874077685
33185792265614
32160224555612
70779951816461
86413413719109
29545687310508
76577290836680
75727946211920
30271946940927
148939589423740
17785411167710
160338513216512
51887200027304
124288278168813
20406067089397
113089265643453
121512187923052
622861566279
112500902569395
105555467546562
49290141279517
122563247746826
115595399482342
108511812111771
111854232993379
118141630816538
75848294361160
8242176113793
64044902755478
30165233439978
119782634419572
77985185162200
159430267702435
136130648850338
138602447315468
105324268073418
152861315028797
127308750472638
91008189449709
135652390779902
18873152943743
51214459107245
8708218623035
71991368453003
100016441477688
132146751772667
5965017140836
33147081869272
81780654413153
27928708707238
7934322176640
92746260397553
107948649422553
58093783492076
9977842307551
92009620976013
108609377441848
108152927649699
123010979977509
29609599578977
25605510542253
155786041353413
158504589072773
6520027134107
147424603138440
25317820287320
54921841755174
112063033821826
43757315262087
50547336798463
157425695891746
44793296736581
93984713412474
93490128460427
118697819075707
98899120227940
120095133992232
73993875646270
54920566733465
156416089456341
12682055857204
98228097053464
131698527037210
6987571652646
117295700273432
145893633948299
150702359159438
150798268018241
30754839707130
153317427042269
12892977510364
154287549294804
75640200042245
6174185551549
58602032050294
138859064498071
58073742494267
123383332976499
105417193624931
10185864610172
155548721254674
3646415691533
40814369621991
76772737315953
106195180267396
122070775975124
98757286860736
10598240193144
126805115873197
49740389329009
27303146550400
151570365088063
15890565075500
157160067380157
158462773406737
88608408942836
161557361815173
106348993160229
117550368225765
102028008224181
133796553267012
56053254756139
152497164180631
120469568087866
72921070276589
97050433582161
66636457172445
93568624523564
155861686689741
99742501810147
63344195617823
6052408309532
79379215418974
74068659003865
147297647104056
101177481601742
110374963699293
41433743757374
71667023741468
147851870871650
100904315511804
106954503904267
49083042130018
144141042083266
61859047929847
108546322816662
75352588965946
50708070721550
115837351823796
139140501172716
29491787757729
22153737327725
148047980680259
162286027596768
127674487020006
134403071687099
142361161406208
19903306187388
33286032965459
151907078360694
25921432074524
76914661974738
75519008917559
138522661990330
58814752341209
154674112102994
135944296733080
89081189209791
607537240234
55301209394878
78504911426152
70231051687652
65152346237211
108265130144890
4691412492643
154507618989327
151727717097699
8881870065648
62801315224961
115107885835861
125334851025640
104066180339582
4109796689054
145708518127268
100322991992500
144620583868170
83750208426127
101023231601682
62461702359916
120415771158920
109084950625676
157108421280057
94682965831862
19061355466422
153530438207587
161459979870546
134458651016891
147547061285947
137043432358242
129171289567245
83789446321296
30724920244374
82560660825311
98031177449693
123814471836554
22316836968121
67191428753549
66192519770478
142927996337393
153490481690059
62652043054751
36214361605238
69752730319278
110102519713933
74029646165509
41283126396786
69975924396602
23117451227390
9844611419497
1346278954152
96952219610613
37535453956170
134186081954898
101600092344134
135300544592701
3102649687403
80064404274594
5824369236714
77999804613652
124791675516006
109991073253173
46974142856695
52775037735678
132506735451842
27901163132568
86121139812180
17542440311234
38290549728234
63216140212654
78728672872976
66930818289356
57702337750446
96301587110345
130507835508155
138678956365015
152383953612371
23122818890440
136918871841885
96661529962530
51424528705899
78988246524825
32081648198860
19416819957324
122331863397444
153235956381314
66514393067813
61234409176175
155033271482711
10888318409146
137915477220726
115818320686034
94452341317202
161764417770303
17703974088123
30466996825437
24709750206827
105877441991326
69694461362330
130110189811777
283690927515
63435206484858
123508895674156
50011355104930
97837566238218
47391582761326
139575591065355
116111709172515
65530604123736
102822509215750
58613119842893
148051965644399
78986293912140
116832386207211
147533103937664
148889699117200
105397642157319
64945798743967
82290729592521
109460421756542
134025497259804
151046340361674
106679540284990
102224252432673
142798362577637
40729833060486
128488908151748
78755091606437
137374819265235
85507504250527
123073019908956
81712520627621
152404216824234
157172009562262
6423444728023
8923524490287
139563427712414
52273812913433
52248061223326
123945669984777
127592319652536
108722525351433
157757737294587
118085252275864
26751131922049
122120400322299
72224827883830
14232605146140
106799838494938
160438489219487
77913946602960
63530035869993
63922249592443
150499318674559
160515585540351
69393109513872
124203604714152
83656504074724
38020687052972
35952099429611
8349654994739
160928858596540
13302327114515
21481099993
83648637556119
159108520658933
76394565129650
130989001815933
123738791827669
68072340014374
43433663800407
128578129770985
158850202255268
151590970327135
5221192169663
32006789317727
29705081930927
11168076102572
39643364038750
149265250096560
94507299122506
135337022600337
60460261730718
40442209693262
1852082067000
161301371928403
1954817954078
53618993377448
109805626590550
148843271603072
13689561569520
116973719998404
20834518999926
2286478027240
104586873446972
87792035433385
56877680263574
127034828605668
35528316850604
16070919289570
120168474004285
27649244778595
60877255539760
103685843219935
22722504738625
160714655194106
67048043148279
128883818909432
1391432764764
85451579139057
86510278552440
34069583605369
149715937485775
134839282867513
45029297068592
68881073302321
13618100309306
146383197633029
98883851918374
44575145565723
125892892952606
28322278977311
32422084673908
150171279166201
99371120008884
157168087921429
145292153399192
77570235982029
21031098997268
88689874670418
144907998063970
11277707125771
155621706791324
79997438628652
19845842452756
130336346710844
64104024830990
117919263804274
153893650541931
40908662227545
125665993729146
14838007510505
108504509215729
12104846332359
125286183397096
57108349847434
48614305352528
90559209006383
58514705801258
56417051389967
38758644200653
65747185708174
78085090134855
126977883193223
84336406888632
26426939267157
137144599366824
51273661908984
16627916769863
91716677583216
38428279499330
72359573441818
41037398254511
27430803058601
136654840916574
120979206272508
45007014490015
27591669223805
30333496071034
157027656948440
151091225465283
86033566963108
26305469314350
114120849996960
133378243800651
82196470408653
22243540405962
63364465152734
71309835696981
30854893168383
21844712789200
21523753450775
68740245528676
13394584843024
28149633241212
106145753924550
29843011160143
99882499979393
110979066914262
162182298833212
104943186641149
36825526736115
17758887375106
38615706587923
97942988721980
87472742961211
121048543597822
29865968773331
87406068839884
108233005026836
22264129425522
36587496440491
157092460038678
126361300582387
147485518334488
118788680476932
53041203165412
58232845204377
87060737954553
43606613783932
93839685902063
132392474619121
158918717309431
77830375588043
59181694306883
22269153556719
146743190830903
46754057985835
4587864675095
78572752064191
129262878590592
11857616902362
153030139388947
36127063853365
94018470403376
147056144059177
7077028746026
14587330368296
124381764266543
24069445821535
82692687744751
136477646455867
134865240630645
125240043003362
156600494556522
46324497962899
103523684239718
115042928927534
62025092816625
89034154377518
91807510820045
74686341182128
151762915238748
12349920244673
90656866919596
55263208966065
30344177863178
157354244641652
49419055686190
152664887465214
86732821376734
73850700335786
17529137674333
118441087071617
38779518151099
96974043797609
148615902525411
110757036297847
61197048651311
107990958152872
10126181163940
134528581539462
161749123330118
40475016139180
96354265377929
20918677466411
70660261903533
147567627746763
128655292036285
106291523037078
28316144443812
56004709323035
38459997124886
54502840666242
145249044946011
54051230018620
45849162139552
49338437040616
6468714292531
113765804284001
86064950345619
94925527052023
45553484261963
86123922119833
68878165951443
68501847427093
33249565869950
7379887724940
31409888013593
12026756492855
51205390010744
13487316482204
93001300253551
78352736559356
45454873467235
7471749865152
105433743789900
59890176339796
92874530693651
96630055920736
88916841432628
126226612595842
8949890747082
146516052045128
45248709588976
100674297651403
47288533587394
35291768606120
37603438034857
44039865363265
91390362898102
79205301148405
151129505567007
155489701598751
31784822731791
34798425383641
68787168674665
75844957574088
76875766848415
126971108593410
138357446902093
129796998290767
86988855194400
55533188747175
52216060490081
81425935192069
117640965288647
43212931755467
17519375142160
67550151380876
115470661215327
115636177044956
15639032991894
17417934399538
71950089540719
140941100342801
76524186641849
100372004253568
3907563355671
39954513363562
143450278175264
11564284469347
117881579197941
116142345486714
55923139586541
4572979744708
1035523372123
38448487760456
55982565386337
99630105941119
131826477172249
43723588061133
46944884904005
57726276609357
84053175040298
10475063618063
58641159402372
52113316440700
153650270195129
92582018940355
85240589165728
22864934096132
32232777825188
47934664699839
20165143269810
58533045537435
97473782396216
64494100623626
85526668033875
31427800901173
102033401296894
81782569704151
141915915047778
157268150348750
88014490618353
148109077691561
123812598285770
49751545617012
28400914440323
19203155522032
56969127542702
67451300325725
71387674645451
115741849914365
3809079840777
11514022725913
7857229601603
41339293783710
58100639525207
90050098662001
24312300140537
17157403577167
74066443150586
16824003570649
19183949743674
27928074760703
1653984968898
118031163421173
161181925706073
88386811066771
87586938540558
127353176596093
136518885168670
130077085299192
34153931663609
92489264182517
55971304755631
60877737259734
150042767518923
76587591351366
30159652723885
116819160134937
52107304045278
60622504313757
23998530001617
73049783771781
89576887349254
71302919392064
93285727210443
117355709663973
156699017404651
21695487781371
4426453428884
102071604378570
43427309545242
74908962608878
105354333665271
155743185293019
56139557625616
114541023775567
7532543481196
97211034129900
20406112548335
127859470758237
63823106591804
157426797593145
690142169360
69895964805647
129327114837671
28269047784512
61806473959724
93463999686678
87747229409156
78678781308797
90040787653720
140652318410962
48475000008497
32963144831188
10755212538953
108369923163061
71180437393462
101706513855150
141543454602863
42472134265319
154685701307141
85751309184021
29126130101236
161297864819647
116909358939296
99374668873518
140745489855463
54428959153112
14523181167487
130201565257142
39721700057678
28215342506802
71546623272925
85231084217291
20989772332117
54576103949973
114360242423966
118479986202627
15469355494120
84357886943555
103798520307414
84007277391696
34574209059926
31867280645737
19380332958794
74620919603723
90458215308370
55333279055057
45799593799643
111357593198250
95329390871112
86487449614639
94603255805146
71516797705994
153414319729361
40622586581247
130472212144592
111679043464222
38962366015835
24987651748926
28904208899922
31459811588568
12470631782889
28435349974301
109387167933874
110859557579843
66660224194534
55264330640309
133142783674837
120625463122856
94093288031915
114720930084678
42548378656178
133565405364928
1586175945
65904355708434
39944643834911
27753396001653
90511520010559
86632121872627
10123488670691
33870736552369
152364934684235
17608326152404
44002109962253
56626825152409
18801572977835
108395453391287
39386516129492
141187666143710
39481109743028
74200615380066
155263010501246
12206943017495
80478755166986
63621873663741
120212203590905
72774445241803
90341857147665
88269251709108
115201038522989
107846755646208
75121958027812
34736255245074
108675527282156
14021963776534
92915851374960
92013844786366
96467636440845
86535867194538
30422424994571
127990973356902
144951435676137
100824565435842
83536683847092
24119717558872
111968124739831
32176244609355
79401595723322
128337974696096
129048956338220
863070466470
61045522369128
53512494572657
63110868904169
113505754652487
67445553930744
96542667521247
95319099851440
54255616873140
130953956458891
144160961594889
33756178207549
116449745549505
52068448858509
6738691756357
110278449832810
99849670559618
114204980149255
119030877026898
140278626787131
144507024246117
73884412777318
95912721242095
131885458493732
118694300039707
105420641866246
2291146714123
159907639243819
35068684616152
37439943923541
24280038461263
65723424657574
101124274445279
160135783458699
137238629369693
129238511722066
28540873303854
108475757845246
116069857725694
46785764665600
70683135460080
134770196228792
96626630402340
93097685491768
138709212053990
61691659723206
84815894089273
7944419621729
80185613393357
104628800069713
144094804012781
17306399096328
13920433923880
24892102339878
57092185970162
30833214782677
31743009349381
122195332295519
53465295926084
84150459146866
14364623936480
6758590450282
65860906536634
156078077352839
2938990332704
94508272801390
93191323035524
123271071299663
121929424303539
143365522227802
31915152571832
94346422372139
143042590109180
120766660831467
135777959313919
136913927198475
114865571411856
81040849157284
8884156799945
36003876071224
77405644577415
136698430403867
144492821914997
48180028000721
9131833248543
402806881701
110079229313344
158348494127962
76443202640216
159678989812171
28271740255388
118720625969060
55313781228416
13652640876504
39343052729048
6820549126091
7833340780507
40888582859364
148451871730451
122325229985963
31084417409675
64726232003237
11466876583807
93456868697433
147461909159936
101922751021489
149202380529809
30548574732728
59671158554095
43817705897286
128773170056475
72275370411627
78327286970213
82307611659883
135027848706315
130619993669398
114441332837243
83739717504657
19779594067413
108762300272461
95950989221551
100932405043539
63908023896037
66543179961817
110832385354
49474070197797
144846571769302
7877002296616
47773808603622
149379438544329
161279656674732
78930676004003
134390499440227
101682421843499
77942958592260
127203776425840
141806242503475
157769830382981
50421880024407
151599955955734
153774588672920
119749828315296
157021331061577
97567084650708
60403057679995
73617637095005
136464776734995
68775572218230
56321905995977
89085791492974
84181304843108
37572712448641
137065848928489
161247580931520
44303720030369
141624004528931
35767691726029
9182986440677
150717099309251
29459824825335
15739521959502
151031759174170
38330790998625
51167925786128
103841585166165
88695276447841
15513418723225
116963181795657
54228321159500
69583654714561
24363159160443
149340764559432
3813574890123
53021365694136
62022395011500
94739900737015
145971549638556
139658442704154
51087180034119
90929812162329
39990478965513
64620763842226
8655828079596
155868428011510
130496649335575
70492392258722
116680576554702
53661649240997
115480822565961
146383388261806
36045929588028
75699546696719
20260306750362
36707271327288
17522289752590
79530845021191
156685086266847
143560733476659
105097007457642
130994351301449
125871588580981
14850531308703
58181440613916
104347398459376
45044809535646
137773947110580
133417395494873
41033718335646
106601696335355
61390009825506
105607305339273
125305554658327
52629957967514
100254675571959
156297141936151
32316323553586
51295715443280
82110153843675
80710055791313
162059437645318
87985408093714
37842402718135
82849397670084
7455020167864
11743726064505
86782252610670
37808672928320
27693077635605
149464362356456
109610394230737
54609934302521
564936897991
6688345401159
130620721905563
93276945321527
26554160876649
8520235900802
123225488747112
42435071733351
56916679361877
128084803607065
40241246528390
128707558484416
130151602999371
55128380516424
88514910762961
149340638558879
119049208405283
72180453375776
28878725606239
62857506069579
47177558761030
8812774463977
15647751960760
74172176335812
69405904545199
95976794987037
121930743846051
133388229965568
79909690952655
154698594821304
36561733716542
149617279198655
150201101031812
101269551783557
370689530388
145235419328340
98257632717561
4538757608207
109278119279155
17038087142410
141866414891366
47884356597879
69890344414294
52602331042764
48837240927802
103361705059413
46579958205828
134805807331230
119029288376861
52767983423411
82445014973922
66184250509385
77369433690126
11441676232570
31117300991281
50360510371418
68292147376919
38198509466077
7109396096517
117256722773650
75612156722141
162388802061344
71414098307048
40550055920091
50703545685506
143332603311473
101800839454720
17683988882401
72363994260841
140999256811638
137073642239432
6515392926501
132659181707217
79173739200091
19555350018296
107045694315412
117183748291066
88146113946167
24234822602066
60892289887165
94124696855366
116871448543263
122126725329773
69011140290031
54684106869806
69918247560416
157258740888011
159865748016914
79770143560899
66216380566197
73495980750098
727914840687
90060913471879
96993662692862
108995880258554
122268700456287
122058433708911
109105389892798
43853029890295
160454779306046
139749620541031
8783001891678
40188420219800
29293812785321
52650027453249
110677927900385
6386629845523
124172314756447
51261646687683
69612621104944
67349942890743
77364522173354
4226260396311
96747123449898
5363577831806
16358635330379
62128184364928
135967509552949
77184379962770
149157563206526
142583747952444
19538039882707
151089365852142
82249530400489
161021121946501
55585222873851
107321915893628
102473210137561
103766823240477
49362079736954
44346430364354
43664855092139
86020521331513
140328642121804
1495601425419
49360173047555
95720829805591
10768574051433
32112708210166
119850479540626
20062354788109
118427999782067
117712422897852
3788455992273
121969941253644
12922538746520
47492291798295
153716750419719
48278876115752
130849616382238
55832848208942
7849210081787
140895155761977
23764761664995
107694810009993
1965664127145
136552738704460
100789375349471
120618829569215
72522154981634
10641358531338
116041056795478
24710649383759
30152518349297
73811225616417
139297826564960
15394200285090
89937567451923
23035897639547
5945641041493
110772797950616
122786995892452
67215031272606
78122699140796
81644759978791
14464990685518
88542106680090
115334471647877
29132980274452
143625152328191
16848175107556
37256777111797
159472943808698
149543081328353
116697810655363
96743098296337
28214984570117
19892374589510
65123288596077
22980923805363
100028165926689
123404371680181
65624883559278
7394199511766
111076497264240
131529935298761
135201079327632
22323569990464
67379054290934
137642555762187
147873566808860
82876411703352
138955280428392
14593577567930
84533006379728
85362925500700
151919756568136
53486676511876
49941767817686
45037336538352
145965015369017
128112533181811
10545786228942
2886272900873
154814713869930
67158906973362
32792284962163
5627998527320
117910247010889
11067863661557
111231051989843
35728191089258
80548843863758
43939270199442
137779507466259
67302427581827
32925649161952
69863617607085
35937746430119
61858765523890
50987271955642
82960017072210
23081030453380
92674028173698
111890607556838
162839574765955
153543141619453
57641741335335
123360636006625
118862126126344
44763452388776
156220044665626
40275060328827
114546889216803
147503813035843
6333566072649
78243116174955
162063528282349
132131665278196
81250165340285
131356733719899
67432313275601
30825901903662
57721416546944
118328568925038
144371180588802
99708856192569
80688798359123
20156447932353
70497413819727
120003994185681
27218853673902
79913998499200
30917312569073
20003823645456
90117882496333
94608384847237
55718109490181
40820896214171
65631082024766
86183967869296
7228586315962
3476028635570
159545881430346
87479586402640
35057462882367
124768796769387
56732178955876
150422194018558
30046145680731
73811955127473
129350786631951
83243098727450
74051766438409
5316582554024
45496707445018
149618908802976
53431084413017
30412720048225
151579266753951
143338603136201
27823798839537
34036867501350
47475446621025
68595888445811
19916131081569
133158297155476
25037172672746
147097898219117
38574469967160
3551419580440
94031361217388
54197262988999
30744945703714
151366698465161
123265616227370
5228130669173
148321766001470
62917238475684
44711648972011
156155505367968
79272212387274
23091036395073
29808966069693
36563978709198
155317157655634
61338628263937
94299183033874
150007861899156
145820868584768
137979883765273
158889864634064
161685138043517
13600859651874
26931204196896
134215920402263
37984123195167
130517627572983
135874448929557
71107806764931
40543774029596
56467974884604
62471092260161
157464872079651
105979214013108
86872280663714
32243683206199
143106383180215
78587840183201
34000418319294
139926077564949
78642061711458
155165258134080
24079172920230
122946041202385
15947304984291
140576907094809
158440772639854
48061368842401
63280207540932
42285243389726
109634435168834
91351694115766
75749981232751
115870349480188
111500497300404
96122322070320
7787209596253
113327326554283
153703764773479
58411298929583
20688193705267
23942306605970
9722643657070
115854816993977
154302141663134
15056168843704
20301893050825
81909452570571
154829792888795
87770880765853
146815749259022
146959357220833
162593451483418
33975853433327
83574902858969
63114932507205
138343676731175
15113343760919
33622372613224
68928071351986
157458598644852
16752954639246
115115700627219
101207872097648
27658465854869
38354993911925
154121122357557
82416368219091
151453060220130
69943962139645
100269632644976
57836674342994
1841795543178
109610148577137
130360846401640
111828221588108
72634300493584
35918555103590
102528861826748
64690850731115
20244464264096
50656265297236
31544447674140
63281447861759
125830309976843
91227910492085
156757938579619
32956245603895
18477581278909
137168630777826
44025314746032
150935304654845
10842623972646
1693431040741
13902080899792
95675165237677
149759515143484
161196815726336
142396077939845
24366072046899
91725713100526
144086679861001
75197377548541
82906827971274
4295523873272
129305525172709
24717622158747
158434310057053
161236765492926
147473049012324
11204070272853
12677927397333
55637389092001
61040355165607
82029543276846
112482500079070
1421635710649
33030421305670
15031676454406
50490956178500
111515252408629
119305465208890
149205416154879
118098662411991
96758483594520
122706904096639
35501582863026
110621988794404
64061757799979
108709169376050
10041216112743
160492532556374
155366025432892
97139688708877
160537586673706
96970167153759
136340146791088
76759106524602
11859353281151
128156996332303
38450986234746
130401486250623
73261198649285
99441445962168
37750422455387
47792191444844
12142711236081
81691459788826
14007960149848
104705537375029
121091784452785
53430961178513
32998555492183
132906997667405
95123738015076
36553721483283
51286962959324
44012640502845
35481270680831
6076703772732
82425258720773
153362990333961
121043228150509
47091139501951
37699041348182
10845675100884
139303276152604
64151105824837
141883554346587
154661303241565
107220522910038
126049790014516
132098050568931
81769151120025
25992034508405
136941200397481
72167153313661
60052641162568
91683842167987
39549768568953
108855553398049
35627274714338
106719917852824
46004630406010
4481757179245
148316365646348
48399571688401
41669414636283
15351615088907
133164368688167
140445500017777
23447410817330
142179836964836
90313888800537
109487961657919
152220863370818
2264481288099
34329423934783
13565946259750
148357907150417
32572432871757
147308113456389
139854629449682
61173342226553
68489177764371
155169746472530
13195495203970
153532906976577
35863094730635
146947407137865
101149640407711
117985280054244
82406851498146
1420502684677
90702352470564
6907557429902
44930089863439
158370319237145
131845069343052
11531214949626
116033735395072
48408172576463
36244139098517
1925017509676
53862981693391
15867105501387
87831713620647
51546564481292
23144802500643
96875831436130
145138001470731
18184296253282
130523143121629
126137804182437
133659111753500
45240558607650
54192480525497
104072150252575
8913120478055
64104786102895
18467496752845
27992930141233
161410010554772
35911967793721
50514505585016
53869984377548
141375733943222
153392433523708
31503068022877
26437336108027
114175466635172
41299876062938
147608277743185
9765172637933
152924468766140
77406481208433
70427706704676
72272585692639
115150681218269
76128136050018
146984049951566
42038620586597
4980682366820
150642706320256
105368014420040
112038944196832
90363776652558
153821150149926
137372501361305
59101987028099
141645797947921
108629191602524
42764125606251
96206314798798
31440332951615
119891194041628
135534187004261
157795242744169
160296742235941
121852467832860
140281676610805
133665781690764
98949833513826
154697383916740
58388844621472
132229358218067
135155384749232
106123905249217
101335296828672
70658741457095
155858380596366
33633403347692
86182121919136
56154561085028
155309789370758
122034456770091
161657171701635
70254465984562
64669604764852
12068210477760
40346172535144
105355950294102
85022587912493
123666081508074
75209473836831
94438427478567
85813720056795
15928130188971
139437301002276
126186111355541
101735149542218
77271066850976
65060163593462
1858909616572
111388070193366
128425512085673
77584417191122
52469941276960
125856545340768
129620152815459
41428270200621
125599863641585
140622712981069
49331098923206
147059540157785
157708934362144
106885640211376
45283903762180
104056631916584
131382190207618
65417246768606
140434347432033
103601966983155
159883787807202
125762696226713
41791971370726
147101370185204
13431608963433
83355277742553
59364882135098
146815005319632
74160200789064
90999943064681
12697989775996
31705743536689
112525327200325
16115701379802
146837505659219
117332646888324
101088448617879
74736994658450
89061508536478
47700501622206
40527589827648
142371982682308
129036476476259
1248582056792
43430206110157
119092930862198
141904974241848
114988451564420
18002701486582
107028265586981
22621858631915
60583642674493
91535712775027
71092381131753
61525258059392
4588343908995
119538828252076
129817139933548
154389343962727
32305490502259
94836767929672
138627917490840
386372581337
140660214327147
137942186853628
107165063684585
104596161183617
114636342788422
45497880075474
49615413412472
108660053397767
62605432193320
10458045285272
33546462528675
45728394648706
105118132489238
47871656932631
102759703053810
46554771674992
57282473885604
93556990753247
90345469329968
34196706262866
142289282415550
26741603878482
36457519917187
53988617394486
136886686143943
84025997370248
87017275583986
33466499436258
91392079673436
72316203467784
49481771899933
78191146315466
57495042088551
153443672651238
111202095885646
125964717474689
55430267819133
14402687813927
73963434566440
123492461844511
140197403452740
66790294358209
15585784076166
81670768093524
82789855763411
89176049148435
104972750906735
141290207044690
79148376176733
107669141659259
38345651137157
47597383490598
44842334728161
135055804646835
106229218199931
60879148982479
18200581536157
143875939728708
36904322189842
12392865303723
63498892669629
119686468093926
42278934979648
83014665668482
63195941906946
130902254315382
63262418265571
140910857966662
154839961858678
159756010436610
52469742750756
43180267868018
140339309934983
79606928793553
71180307478458
86208298829373
13206486273084
25291787025425
37308171822331
21258112155363
152704688615370
78146913134821
60955839645979
81028461749341
18557949291015
117691731148000
134315632906111
157273360552003
127020028439270
135169009523662
51945924583095
92181207062330
81345433541682
64440103902106
159471484220704
90564553074435
58260727994459
49379434876345
93021690659860
133699981218078
32091212638297
26174778789303
130913477292716
19844311813727
9954839962931
45182466768147
150500635114745
30640060001286
29798139211818
59239982383477
34587801412402
20936471877528
69586519865464
25872630915891
84829321445749
142012392140611
38821968483173
37487486233492
34445844481888
16616016188518
53133486016390
59753564305457
2907543552964
151358450494986
40025925087577
54801460918154
31651278888316
64401045430382
31975777082233
98860998149800
122407177088923
66893701596667
136418608130667
29193300059010
97014893624290
137412692336754
139204673642326
91118442139600
146497838073220
152091020894520
119692607942591
123015966556194
110901983447527
52223198913856
73567792148651
67950907149549
28013393716061
83355213898027
37866235589856
32742095514275
149347699018561
140640405720124
611095228310
27739749756172
41529242242826
125645848604215
146807232460827
117231111479359
29338077879854
16023200345424
58150141450069
50973450388081
79880460786746
105280261473959
153847803666828
42355198211449
116998060755610
58392153468269
119765558138806
82087085930031
118291162873033
125259351451203
9078181152793
15633760378178
74873645492649
20123618149477
41639821789707
54007678650983
39032059550888
88145799901460
105477644377708
129047330602219
62014274187046
123617672447493
32836869300465
125268697780666
110142389690099
41223527043384
131912054106175
72035350419113
2433427804381
130051888481612
154550660027136
26637952407304
14426250095394
22938175798886
61220586223427
42155485498366
74044259927120
44299110773774
81721665735329
119841524140357
11086321410465
151334943228908
39051921524225
5302442062064
140764099852727
50069596939904
104461929893074
107906052825991
86137694286945
47794843298940
56205762516609
9774231039366
87291237993669
97096359774147
137167521292373
112796261382314
111959728841388
4313433916356
98164027896704
42931718089026
150468202561070
126781218867281
76098066437072
148467385751475
49532340448134
95805415089455
39970313422726
17514133946274
64261010396373
76568580419540
138776837149648
90241512708708
110649829840767
9900275825051
89673783669422
50744275952297
4839983181545
148031384402195
40098154266662
17397698008144
55261775531472
27854254732838
106076256754727
4252134758552
146997865635737
141774034300930
330439726403
62178867068719
128254495004896
112280626587162
36912109134090
78940045073372
112424527386830
107842112690777
148674422690738
81420156849258
112840694875328
62037189944995
115587949990138
67809345919570
95807197208731
123772004110199
138666436536721
29361732540136
130502957622951
109709163881503
148101901169493
8171987472004
88597761496395
143193168445903
8288348649120
47516842567867
12957417320285
133596188783408
135297078980639
106872091286086
47072883322241
156818503278010
111575912421593
157540789408770
41962574918444
28898766580424
133086499393422
13138280871523
68128484587735
126378696559650
132029722572542
18098675394767
145146984511868
32813800663165
92330259742759
17945493253936
12540355236914
22255840124942
147154877721577
113558581278869
10925120889129
157176605102054
148084346235685
37135443563403
145822107762141
144230029528330
143994597460065
17618500653025
75597472011599
34320093670376
79092093813580
21150472742352
23069483852322
111288980095490
139201492477618
88381685612928
70792956140616
138179300964357
53473282815531
6288665781348
71432823782934
18671458842548
38761068919839
12156758133187
88419936008464
148095989013469
33996430404040
26300289372073
127058136108337
125662464278934
42160134580991
232635698624
117714102466022
44179203831444
80277749353085
43900327074925
21462183289828
79040977173249
63892320507515
143681754287700
91553673793668
25240796298907
9730802126031
118719460276860
89962199103744
87275246092513
99651404056795
34937919443201
81298794840004
42141266024868
13493944311741
147781802371437
126424424150765
109601807942988
62117165773958
76110383991687
28673679293094
152050512907853
64311409355451
154348386661244
20459919735890
147550670243576
5427144185999
100607039264096
13672414993371
31221482222120
183906038310
18293412759330
8399219227955
104790546947091
65038164328434
12948265259266
76187465543516
161098614658329
1145340418765
56364139415960
159262568766677
125210052374142
44951710445873
31561965336530
98454244325674
99644768698903
1722582903319
148349811680740
108733310930837
87027938075358
116928118207556
45710697677807
144694360124398
149863980713307
12790355811593
9877020005773
73250960421650
43912034217337
77339740838502
1597233566800
71190145579489
102764109416147
2903774942575
66397241637262
128390162736358
104363358670978
49216202862128
8306380378843
12221087275782
96895908996481
44662691413856
156036810451312
35331430915508
64785215298245
14938639880292
131604949702224
30540034601175
92437579523094
93942798675325
39147489011585
56788880486995
131358806686625
67285962153721
60695944848499
76011649995343
159176320535371
151439927565115
150262661784830
88709574466870
11393353707986
30641859611224
147542479672413
14530519721001
80405317111093
88012324736866
158329944287795
63963587667479
56571483494577
31201477279201
25956093018782
73151896690036
72890639219939
44975007720018
16102930781547
65314495012695
39578509381483
41745500730426
104469182361153
53956884189110
3056950498962
118818989930404
162666077283832
135751919197614
11467633376570
138164417787749
22139760049510
36494892154630
77553662372304
110154516608807
127297571706918
65200460812660
136080210623974
43454950040226
2659273489898
3601764617198
86512320409479
96455039420658
117486106079599
47039376907964
13291575542777
138321556013117
137261605365319
43711172799041
83092322692535
145726605026897
137484446682666
145627163558750
54915716512635
154849683769168
45768371882035
93607665623064
42764951708677
8581478799022
46652234824534
27235920662623
51508637149751
12637013370636
9387441975886
64399502662537
5034334610152
81869317187989
107189283700041
130335191479989
9845876449785
85573600308072
128883764639340
74700795004851
31969777272493
127097338039938
56143884037389
76271875558718
618799265279
115155163853294
67627639135274
95815108368025
2247377258535
62381501132583
97386687584103
38804864255163
38180484610275
794523709732
120660228654690
154837229581847
60506812130355
132069690454912
109575471295147
59842696287242
33521302720119
39786470728250
144306045245721
126883624487369
147532652275299
37358656533074
143130319637664
27811893664858
124995899888371
38914233368148
86182493920757
50441928740349
131577830063028
143550128214456
134547795708885
120975618893936
144853348768814
51386406963846
58638470160920
50640473383557
53258222306978
12848779344314
48368685721163
118385539671205
87414157390657
104010067744915
41308866778462
19335524611888
642364302541
16266265308018
162357019050679
42915019785908
105844991546342
86805681606038
21031826854647
21861005043390
124426348449725
151417395088785
105502577393535
138466779620957
128108277086300
129522997426886
46173097379875
160008515153938
3419338836079
162735328904249
162537115188624
134397615981745
18541113905735
39458633785600
106397438582466
38274464981641
40972755534925
102701806955097
117543732030535
10794653393075
133469175684948
103766100262499
78049451000374
46640182505507
23621368414964
127451208522807
15222533679649
46898454017553
71004880479276
162831946536980
50884013932028
95734549526420
55549740705624
107862967628014
114583099340356
106677054763269
24944190845930
30002960898008
160733736621580
64773505083320
27532956404356
85237150840730
115045436654186
67389232220256
27840300013128
78672491834943
69691883603523
91483189630793
117666673237412
98442952171196
137766434628020
124926170698880
104857821075668
128867266325740
3599710485091
121109977744560
131410792921870
133142117512460
89229291290218
136738059506825
51679398826424
129720026078515
157987514761632
43789019560272
153928148008651
39355008266740
132186395985524
70020436454004
87319651228932
19062381340684
152745103299919
42968499556119
139442983649970
98886544765727
158979119274753
84944118263348
72692639957428
136865856515082
100870571442304
150747944276649
119666920494849
130740914071395
160557040726649
4998942167564
140949020190367
70072237752975
134017366052224
50848335864362
63026558818842
95440477020769
31525625257542
90358634472313
126752592843647
79973590093195
28884134704353
41825302004950
102501226722679
92344533543775
13921628464196
105875085436433
37498515971650
107707603034441
75479992372625
90252635273732
45006814159424
2446971612148
159823419507050
95817163220378
67274094268281
138129168269573
14014581842058
32629341104097
4084873159064
148237095722739
7440117280635
15254056084337
109943659553697
60827184896800
78327938064865
55649715466690
37933303958851
30193758909183
146633835868816
94293464144026
142812501915536
27920997503209
137202135619969
128646091060108
161122694784997
67820737545687
4757834739551
91939201537645
120033011298350
42176882828187
133753558769158
85850614573981
18643660934150
117271716790647
51085520002987
119920084240928
66353087387922
41113653267395
65011371213488
150604741882073
41073455773995
27267664097540
97059046725772
35902715086389
1948359951264
95909428174266
154893872798194
143565571743518
42415211341495
121770431977051
16893915011810
151546427059991
64724666644116
95365035196837
3464016389567
104542455156768
28619882339289
84563758380778
87414695191354
135420115580883
44973311043665
46674017944824
158019259169510
108344181582895
124624074654228
38157201371595
135101565095037
153866437728920
119839883132129
56351122089378
60363893129469
147552364064056
63742112332908
64697542206521
94903151174727
10669812972162
101395270838769
55734919392778
85541511569073
44525423127963
71272402228915
141180219690790
63158378430450
45958453480412
94226383870166
118039124590034
115704013293895
147653435614808
2391555249477
144302174976343
67002644325412
88577105244649
79965034777443
47940731354127
48089625791906
49788149108029
161990666546574
142301488713670
50764584644055
53626843960603
97728651674941
120706343897722
99064501319720
160916758984112
38504310892210
66534864914996
38606995417604
301885417752
102480390004796
32209923617557
149582825091407
161306313438483
90587402963559
59998310904647
108314105743835
6214340719000
101761458214610
21696151538674
105974305747385
109701814568350
90997814750787
92746725900243
17184428944560
162360046956349
78326982077786
140687940951538
106730538792811
32041367787495
150865905891517
59501885336422
16925639620019
18581990691702
72775702774930
101405373011674
17395973856042
110096269427665
121345098280474
67784959519096
81399891325444
109493041812402
21560746497929
60352513960345
64733230900041
63693201077512
27639037223789
114194335866476
113403472087351
100644409393920
120323317890503
25417209794526
86669997206774
112135883320341
135277117922985
79384707734972
131090312421464
57312346571924
146473524083496
103056895108137
80072632663473
78833595096761
80723117961631
100379635671250
15044670820301
31586635203798
49625413463628
2545209252017
54051241522630
80101288294862
30171298540467
126882802662503
131206098693482
29773755780214
73739296267885
27172744367646
7764931996557
112146729328178
39021420423641
70481412197621
12454918825065
67183658313188
59200350638860
138488750027487
65782393513820
90103081521666
39074052512708
152208331997572
35137580872824
14939610092665
74192619236033
94635345616317
157060489448819
28003420759461
156982842818234
121728361077266
121776677020995
119627944523544
154696237296484
102530444402994
75079742366472
101505576531976
126699675067958
6977169902436
138653207756429
13726582892753
9663277340596
145590392459415
109237083188265
112759428162699
56958959518093
149637267047695
15618131576334
86477558388973
66889863455688
24330641287123
111962587033600
102884863312235
102417717481308
7116747794214
126650354341375
158174546610386
138916704175254
77754626976959
31923045305431
136597565900442
153396247858275
148639250602158
14148823698538
43919208493107
34004647811730
97004390255245
117722058643257
57544944825002
52223646263738
69994546272990
33172965791037
162397650498912
43765899717427
37820330416935
80370317552379
100911047974834
58800999055638
122871875286049
46153268214939
67987174491126
60466428936625
19479691128984
58361808849749
116768845820112
16940287440285
119581823364205
42803811861323
11424586592278
48591082772608
141243430265056
149483634007296
98197179462767
14869855198348
112730513272365
12273953350569
21189053459795
110157280346423
117559071608517
114341833328233
18482799572660
59860149720835
92945571634154
48732153119216
29053297428099
116967551987139
108275623009794
31800819980888
69304462509686
121680742674117
128551253799641
74257248633987
56071981594339
98122415340875
92041645623837
102420746289459
21848057567825
15778633585905
96495762489814
148876283751606
36143419021592
104759091560193
46899504084773
82977291340170
25950035641861
161960595230243
106136304906554
142577704782963
86900772583965
104545758870199
120555628764571
19739453949694
35148227320133
119382364438253
9097419120528
113687103973318
151794671651071
101784756500410
58689517359837
119059408317072
21488293812931
39132544112202
105835393872399
112622307633626
28887920199451
55763114149029
144066116828138
33997983693179
74037515954267
8324985000074
46174867961990
41228488286527
115228620615988
106148569272352
11990005591417
94827401857567
54689707688250
63595472262645
43506420114085
142665390249117
86872040953950
119550875514286
9536954606116
151423676689066
133106305437603
32277323795314
28202522818633
104846403325361
78153857266944
96054313839723
118354123094387
45413671343225
143193204933911
131790191851154
85659650563027
96549942665283
14202236984431
42228504775147
9370152410249
87783550656507
8310798943543
103853629434319
134974689211404
108784866432368
28958504309995
117571673801961
93050856964039
137944309455302
100816063133868
153509480743660
59018659471993
91321959720464
124539992908474
107895608682904
120809935658876
2771873248108
97846883046031
56949475828673
118573931298398
75547716032609
111833726107688
136927422512835
12577255397624
19056056919266
90250661207161
33696891847368
69635224587975
98053365393015
99223436274991
161391899603424
108694920279884
66980457837498
94930538709803
153859449016343
64124896985293
122727333233291
127811053942888
82007112217557
4654798331751
73572073609867
9471898612028
124608199114513
128975714842220
120278987695804
53548988232983
39257167348707
46009292779583
154529745531503
77642924731021
114106744889755
161672631407351
162504422624452
116948826513684
91825294414311
152454263016706
144556411005611
22823951631018
81524263659197
83197172182217
4985966836623
71581651747834
30696245300116
129107495812776
30596442302735
41184885314853
156268084465349
125204121365943
142157142498056
116307833522557
76441978468793
58357482217989
74195550998768
18774266512964
27306385361109
156661279289947
160959166424765
10972606708897
18606497937460
146198407966284
143750735766299
64606510517995
161161543692577
44580918844479
51035078871417
127109197054566
1666802642882
84046651080248
1915014449151
10694425580583
8555552479517
113153130646403
68360944246993
113882519729725
112315690069172
72394683844455
10155021468930
7430668577585
72911293013656
36117662052031
34451391343545
60827731939965
42555588300892
38856874891776
77603255240263
88190438185245
137252653186364
120178307106120
8152962841494
143475274914484
111134846681336
109342130427153
160474444015339
62750804434721
99449050312190
33615538944417
296329125959
7951665503002
37231984335548
17956313154787
28213708614582
120128899783891
49975339705535
124558570645556
97021059547769
5475579695459
139235860594404
66123974226523
15559745993886
139641812000075
103338328856677
88929391631939
45842564390460
4165050946455
64597862997735
80186926729945
26926082398420
39596097379539
78642388835906
65556907603425
33941957593040
47014692724723
130140434075240
99364010750686
121808271015714
153670195005103
73880410062079
146151372757834
46492702562839
136500196881646
104832278141365
58348608891610
74323181578294
105470782424440
161671242508374
6328375916451
59148516831453
99396237458087
137783118769906
30345916291753
33559956054504
22858988465905
111635141518308
96148082807218
27385263514561
159158229433812
76302936885448
39423550272797
72567675041018
158670230444624
28403669011160
150011326662669
152439609776877
105233475984333
83278903255821
159677458484832
48563006703621
22844264630669
45217952651877
151451765285482
129707861921174
157199936420579
91459514125956
116749553555516
17353834086048
13137761706909
118531028075816
70939122198193
33338831476097
154947613733815
124800705062700
100021447438710
52935587237621
79397233481850
54647896112271
84577385697044
158044269919022
52898109612056
56971211643709
3224316807913
141404252771864
2322450219692
6686073499330
130552544757256
39555288139480
128712962519183
48718756994471
10224801004497
111378519143976
79936790443819
158833607729958
147630412674556
142304880137923
45682188313289
151831179485168
57974865063883
118309138137217
112566919228690
72793370390196
82374948045467
112272443024597
3160297016868
135436649229668
108440985911175
56686633595723
135454749025208
39875207539558
57993259783830
24217189855020
144402764219861
135085805251816
106448798263278
94822863162980
136674314972973
10822565395937
144590976201448
93207659379642
44023526436896
65441749194438
107388910427592
113138099877092
135220563437808
151518324782728
534722475661
110808555738868
150425934290484
63571399197705
14043601959842
11505999574920
72004841448572
41928473259580
3014948625132
56510981883899
26492667574335
145227258294157
47440259812761
10535882642896
32093775217688
29256789562348
27550888847376
82995317768138
101318831079895
33516612626443
130331714594953
158489320102065
88437024745841
89016426279764
142872784441779
84122760675343
155657344795956
34571654985621
136168097833049
143145524837704
46910284168834
81441855784889
75454991912197
36944795890047
89892767262219
22519981913993
86710687345686
89875842955962
122189299512929
106007789973046
114802732208230
19422923150730
67843591684240
66427252106440
143795170036620
118613383941621
125179342777086
63819474575532
51682306662530
127673013814400
93388691407786
104754466880370
45903910895818
90772602831623
44904313042999
141959618866083
91489948412960
131633554859976
111313685063551
64782241195824
117650963850035
157279797492672
129979737180359
61018054721628
113862440687837
137827732977311
119800108705692
17547084431789
135531799531306
15820951243460
113520458282940
103721909867095
126101283697627
86982905140175
5217894141417
45403177694862
10126907410042
23433467234088
116005970410480
102300885128426
14164290754380
96003094114946
138754066164211
60559495433267
150135662129376
79224348974430
19561746264987
44037658162804
111380131181935
130933235219446
41991611355241
112218085048904
87684669508916
142993097442693
141262209048273
79913872217641
137789773361162
46090016166625
93954317007204
108592152451148
52069613675522
15430129867474
75872827728251
156751849458190
81497102439715
13969787991152
119512943133525
53149783314821
120614528093074
24306765746462
59662744281733
96375085483518
34566976437949
116629101351931
73897703224226
61527795579948
101076370306657
143082136139194
22315305873262
57764354257267
6465759913239
110089646506257
64181547775578
5305476622920
99461870328504
83429703002751
103463300772585
3432845781896
17977110071432
28815872334095
35398062721664
56868013599905
24151629777586
102508577680167
71937177561679
114915925992634
112139847359378
54820053536470
9147215490626
153896850536450
88596919490794
14287641951805
67601990206537
161473328544199
66572316510376
126792515435581
142017534574544
92466560617613
23505240816234
46005727313030
67832242576484
67891987348361
107731584174270
154965289935752
116010298739536
4813838726946
6300902798461
52080477128031
134375443434838
39421434575006
130988047415689
123441542538543
75975012892748
59673544214566
96501529888207
95165183039196
117655865813318
94508689821796
39160293531260
117554061975278
90849788776675
122503785912149
2111421635337
115514580566822
64805812952229
42284412412233
95464608075621
11828560145201
147395168010311
66268296373906
115415046064763
142928926006596
154941898851548
147412053975476
13828591513808
124753918681814
155006321200576
94516279319660
95366878116784
153060550915833
20303792408582
124797664846748
125669402725216
55043899192833
136100411970216
90214711485918
58051435598586
43548307162272
154898350109607
118109434108342
130935182680274
92221683813686
100785084842819
151548758683393
110958027672164
40676341514059
80232200565180
159948928670523
82733525566669
134030888179127
56768588929516
159010680287593
21534092027647
21062726370754
31769217448904
113528906409057
98212908699859
134247266964554
110222840950662
128781673591270
22301357784082
95172945739363
83292981274860
152737319042380
3355479073259
61384579542743
97040840325552
155094063746516
103582064246228
141157528881681
98752123804576
98541991498964
9407281666760
17490192756886
158387991045362
126460635504246
88792044848772
64241561176754
78909168610648
149859654470979
6416403098977
69861096993642
83336234963172
108912213716517
28023305148885
72679390468678
36312407065123
125306132990263
74175866861749
90473537775586
125968453474761
151943546557345
40109071823270
96224512765802
74836263587285
124560645480449
135106875321021
70981600515743
13626472588022
124819565932475
118513131177606
48772133783118
52921676613120
95613663337675
81906750623519
152140055026341
104802668796512
95519902974253
133764784587553
36704019084605
18972873473436
112869912969882
37751240682022
41230279589803
1232049319243
156351142930320
4954241641430
25565348844556
91196227515618
114356948677940
57748152002633
159069464938289
139929886670391
85280191666305
47650322928139
116672595712249
55483173098099
43307626560757
50250728990964
152397983990588
80332908437706
43911111103985
7895100872437
94781886817654
84529248842184
867834730304
126162363156781
134342622892941
161964487573061
132291420478096
140626534580049
89051814125883
6522673165984
8768493119474
148628596179107
84539569457389
59687476056064
144582282713970
5308612442071
92984940203299
108618644846013
59736571449151
124014303495847
137860003895636
59382278036895
54426709527934
140746678721560
138535399171319
106800057015939
59683061240715
74809718116316
88155443858638
98166031084374
70637373704414
122875125139720
12367569753060
83144125499281
101340564105759
120729820518229
1462009126807
115650203487901
18040485975857
127156767983078
56165686610560
121177595034528
90086133593907
98753497786727
94729370057470
65354614381306
127664322416940
33561904539916
66563576874539
58358353684061
124036279145655
97799038804398
4954171517505
4440204468931
26763225400921
130359828157951
150586123980116
70225255799021
152394680355608
55629854244509
144756623782607
97096124047191
122988836746801
120267381867407
6274781260502
94916353029044
43020315135004
73751797204409
45747578091788
6511562944411
134760694934035
78959347338115
5916888287814
80994115211554
71211319371146
114221698367104
4388769607496
107500643151184
113475157358797
22182182784481
871155089344
18487991633729
96507311422976
56460018235532
35381601635495
113280636903490
5753936667022
20518229609032
15700522831081
103206866824097
8880653538354
50560514735254
137171751478445
4704614032313
51974535431270
152537011501530
28209499021169
98801453403653
80060589447181
9562166746819
74200279693606
57800752445034
34294815160673
150022610603416
123666787806058
49947124107049
59463368745184
138975112218727
83612862390585
125536027831125
95532556615031
107403404936866
4754766335222
147836018271314
32473078001706
84240649679733
152615613303893
77303993593744
37383633558037
151909060730752
55809874736319
42124875994799
114651310247814
105490317373423
98431826965703
83862230665891
84893360284720
82492840099059
38923716642086
86667457294186
103414298024099
81683413509875
67767773260668
43913810971445
56680400782213
160520651480236
67501659332123
102476035519903
7618309832049
157267883767325
50348127885489
25367855465082
1112625471578
101408297015546
79492487042224
60247279756461
127389325257680
29730001599787
147791164790265
41310979009742
11227230995823
111992710823553
53579480944441
119705306513909
25637473454743
14030205013105
28573849981696
44337763608607
146131687158225
69912920382078
72543926918383
74728256338087
36361674975049
35771070133862
106607248646192
70572689977479
62678740282602
28868616165343
68359251371819
123261170044911
4092754103890
113603989267145
162535826629880
45643120068861
3416138654958
71663079464340
133340335591500
60086184151973
19866162004357
134934453161903
2330186221261
162640207631038
34963383508672
21580254834748
10543196108581
77217027923695
113150209800821
162650440209771
27864534914458
123642369049282
58244569073882
102410827061178
16100898570602
137615884042318
160009950300796
15971063125758
99718596145076
128710835517315
145099856776499
74120232985951
98220170689059
68717308382045
141716750894360
33907351350497
154759613808301
118474823739154
65067352669670
89463000295120
158487085600413
35045420263625
3494288217641
106409590909248
121485529215068
94021918105153
138571456261366
58837364053831
151243661037216
15959165234008
105821098556033
9701861988113
116563433635552
56107491593251
77088396254099
157301912326874
14957186099961
126296023391110
108897399034506
72573035089997
136701848150247
4668669284388
36034541150245
136423443351890
116507242345442
125299515139829
158798213547685
53652196852709
70760958994774
71525760643892
55925258570730
46425686639669
73422828582711
89960102014513
127286407804799
55593522392957
47274362549034
80605044282342
20614282620954
132327158467885
12805087757779
101288192578879
130052110556731
108474002811062
122588526849005
147349279256367
134098507350553
110946915686271
83133001606735
11464254975818
64982889694088
76701457432688
10706791835004
124646441575133
96321289355553
8356450966183
11465792514503
50018188778507
25063423972290
151116265145653
79478412022880
6066200805767
77526913854334
45902403500898
15679593560714
15986597184689
22637445906358
64659484100004
43101508295967
31328839523898
101237873019916
110759654218951
129035032320604
143955819085064
138968613349007
57020065069571
55600583207552
125940668427969
68040877462562
150871663206826
83966074022759
98898936165685
90979680972201
157018264359009
113167528367936
45932338676859
156599942382301
78539812067410
158159414113131
82630254048141
154556392273117
138359276021279
28947280848970
160543753981553
75611161681148
90568743025449
118257754712611
67909402800206
47051816885324
97375919142822
16390031395488
111005629412715
123479266030854
70691635626549
91944284831430
40904938639439
16340671031425
25608604834456
123454889382823
122024573201835
85366046824202
75771153484330
39475223099951
68370183328293
51181609453958
88558384938559
101335579886759
42313616385575
116516166073247
29221467525790
143642009785446
74264975763225
20105324731193
120917113442923
44512625508676
135525839680765
22974591640071
154335132430209
116366094212221
115721798624900
28474739139407
926547146545
26994446305005
95617977087478
108998487067796
13289890534101
60237131285331
68323551498793
86797461113519
116194916050689
34607113028278
116368925749528
57843865788128
131339830785290
67557514648119
3670482861155
16978954588166
124339880879300
101050076565011
29587040730834
64571741049391
41511401411588
119137681327888
37580173817921
3619419840902
43514198872036
43777875007554
29571586602725
98484497325550
71806490982837
64512871597815
151366165369434
86850950216735
157690332703296
80482463823901
79969680709319
30885097327979
72020200574392
132437431743349
19371690794598
157167588441582
88818973785720
6571577950402
88439098596952
51761196633248
39143227758755
132624086205805
38153996491798
33816210985853
86913156743719
74916264148629
105090270143980
93153025700985
53892533570415
93404515326619
104643911080278
107252801734430
156298556544344
80017835925232
155614248094493
64400838047406
152640532784768
47884357810750
89359306390250
68799574444806
69197436034759
12902673644420
88071955603701
39892391942778
108073635546307
99515560288354
24180392620736
41904289186262
61560555946291
81224757925156
152159137414390
91250983861242
32787706714874
26270482348450
1764658937096
83543691127716
16368233578741
132460480184265
133647480881246
1634103197477
89873732669806
122812604356949
140398071659715
99516199341015
70926975377789
30279561847571
18730857160017
45134948364010
13081990179506
159605037318811
69460148109757
49335979149420
93157915756706
149063781670655
101798852742666
124475605640780
143067467144548
222137229882
74710707255672
57067146807514
88422848878328
97301287002261
6289782322423
116773948661566
74488145525256
136415429188076
92732197669633
63644169258112
157586350078798
155879838558954
109659211457294
12994181314596
95953795425187
21931349246990
13614609618822
63776188794913
128969314240967
16224652438849
20880739688860
124703822785697
53697449177897
98283419329542
95840207898222
55506378546475
86153294436700
115043601594170
36375990363518
112777131662449
32365391770179
150469398773519
42303426373236
161226587542054
37992613311390
20111773893232
57534463299988
136249768781417
149487771278724
68748840240084
22065828759576
91083260159973
45204964959582
35980264674621
90012689648461
72188567932206
8411263802178
12953258440470
157413834920232
45927342821837
43828512032081
64015340189456
100761073491256
118628101292210
19617812599729
72363786140816
77919577860753
150480076216895
157681999878911
48401444642466
126168076678428
40454731714975
3639524446432
137611273755558
123721830646186
32646730013351
129661631386897
18816172365161
119827077758785
134858391369174
117153915758301
66443615976769
4265962224611
106848105495220
78070142038456
146915458974575
35167859676360
124994353440702
121863295860471
44219430815753
130471038096081
107742563005339
104967139557412
30118911061282
138321497635598
83615767352975
115894376975608
35291742558386
144858169269558
158702863569417
61950244313490
104008092438562
124707581507039
77557843336977
69893850655735
115347986008273
112580186375883
151265927888218
51025995596490
86134020156037
138544652866985
79123881759370
67471035518628
109714586362515
11864558004995
149481969436528
58541549202605
132090335413681
159965182571688
161370857097185
135856143839049
160602078551707
110426085721338
1948273494308
14856091402552
127781064975800
61017972349306
37768730262761
55234966624574
115441426492382
110727994946530
156622597376812
69924946590728
133402512967082
54430855115762
60596581702317
144894290355408
14329046656022
60193062036485
69480058337645
4603125908796
68374903167240
110191545183972
34248710881623
114124296740347
32151660451948
5942422662675
9386019010592
22867092323323
118379664291754
159811586117706
67924670082471
55976610480919
122962577844560
145901565799665
51163796950315
87381399389789
95697638468124
136685410726613
32338368058129
101343641709434
143096915351358
20641001999651
112454359443375
151223759625011
16022039316496
152220407871309
29184535451488
17846086912104
140265553943414
109509188856389
92655785894132
76208982500356
127785634272641
32291934088775
111287957773512
43614942977734
120232852835925
62307181322192
134811567721093
104829228503851
12127781858909
117641414436873
116416294024341
51216450838468
42762161386716
85768927490715
122308791084085
116411023098912
97870076182467
159326791491064
18473681783656
123152411684017
53291419203979
21970069279214
2359570619184
7254615339003
82196324399064
111034288301764
45798514905735
126450286935029
72486084989892
106560010143773
61847774021557
40206496189200
54228442143347
57737377680260
30275233484623
36894905230440
59144947354488
121842654463372
129476952537391
44085324793996
140618069549188
157752917056608
155287608487792
82785203060390
22958652362712
135850627210778
79072564265921
103917197075888
80713749473795
23915569813352
7744752122295
95260544158817
5245717100148
148812601857080
162052333572604
94512040277541
59921168117970
107935408121916
39727304351235
73907522559845
137553478090789
62250441864582
29794750170238
143096853339803
107938242000207
148180256479305
12564983470898
71744923962797
151555502743981
159369564775498
91841790044177
68916210155577
35421378774567
149602447641994
103625343958651
108665062420953
23856069302532
72601615041218
128066903560812
80605506648057
143572717250202
129441401881096
74422631654751
118157986345668
12579030878426
108367401999215
90164539501856
136605840027916
141105448559222
112472681406090
134698071377938
50846752874402
137462393602165
94154421975665
5527054684354
139242623974446
44764910530365
104659728217161
61547116436020
9440605291674
21281434223174
95136750204376
134927869863197
18334389142150
149997724119713
44814212147062
63218373800321
49096566082844
154677632398483
101905551074368
76761535469753
3586759815231
23413528485432
86455156579357
78237027244802
7039892007825
152949783268767
143875511974787
155975673704013
84315392577421
70144176646454
59941256466663
90487336426921
130355092492583
108009304278239
126584763851777
119409542852165
114611595536690
69715310500287
26697199384523
132309769013546
53671884293662
162442519955528
72318416215024
19859739482756
14092752218528
54476213528853
126714455625084
100848528324568
118637574533869
73826858833937
68859587681036
112549636833343
91195949738514
129849925998810
150776927425147
158213679423513
158295817726423
152594045715273
16361891576391
125267268724688
128505204986060
110668579120347
121380945926679
107533787908449
41372279514610
134182425946497
162065310898670
133264937829330
114797231381244
11503746678853
73327230464755
135886729732175
155934825517215
86756725729204
150137077586837
129433626290823
87596488153437
149018248437075
133971922555227
138878625035572
15836361869851
70694795962323
81414033717354
30835186525479
47490861154573
66572001977153
47186072283953
138610010167639
32773761485821
21369970143918
56033965860355
126050362802473
155759713737718
124749854436550
94563740480319
106106900646030
121731304216777
121104717612439
7433043040164
85910434634212
152336451889624
98430498584311
40596514307183
151642911307787
14953130223645
132670719043061
9914076067437
21145863172182
116333094623020
143067301009875
86923231439611
141657024240308
59604051141156
3348047930737
130502514737648
82051579799541
64500767698304
32339824674563
20609008420329
45233731364776
14431773029227
40450923736599
122751987271318
63968778579470
54227703623394
14377045501725
85132729544096
26961770690991
69777159302485
32174029867914
79781448265180
146144390086417
91465207214085
103190026604738
99046756520338
19828225660230
103724481139230
26576331659640
62182650803018
102020396572437
86031140042813
46929445491445
48951532103189
30973096591386
101464277697413
64755124031053
151032530975376
71164307420582
21354615225487
11251376793861
58853144282724
68116608180444
31482454751171
116727634776410
31723055891372
16972176675530
140703142531022
104366900755989
146776688809328
3695165619196
27689955935122
53052510294875
115812170666645
106512203181537
28421988534919
110638925046540
147702830067233
161106871582626
10646743548965
56602590831045
78665188383457
98201362852187
57537286034336
139920549862573
29242449464613
10818793678598
21069778647419
53194652662290
109823447321664
44496045406963
84652321960584
67716105567458
127997462488787
5264211114575
60915790115006
48216384242736
10609038061481
130431448272110
12470894547823
56718947960113
135661176713995
127609661531726
9961121927793
117228286084340
134024468072715
103134085554468
129701772752157
94832080687664
153681591940674
42208182611022
29030217972164
84674162832173
125494713161482
143768384893525
153944311332079
122361692071997
150117966140375
38562289096460
58881877378069
61687081906035
44966180746979
162566777957486
51028348480570
27669929001691
42419087635260
44305788978565
7175707919729
11097378110134
151331228050710
38382607886152
1152991343161
54033135187259
161460279153791
139494922816230
2622112990476
83854595906168
135787821441858
40934696421247
135498840396311
114474855963653
160337597900635
39150006477872
149182520492130
155239316919646
40197268598228
133726181034463
67099255550220
112275251354141
146651195521809
85929891854141
28347265373407
43035273102504
135921718187192
45922434158882
27247166736156
7956131756302
119049457011691
679924035110
103748114678214
106004527051602
135383642976729
143365174388018
136915915614462
157311084580389
141883189045039
108174426381529
92486430840356
14604028793829
128433498283860
108020423503146
152858556447658
17655319089293
97051394196689
30667477727598
8238163744632
111567822588721
60954023495153
228240712083
88853028077788
37215859765254
142967912825486
160192496709546
17415193374680
21568089501029
42215754408258
139227385116738
11743425630973
37128004159148
30152760637143
125962861327584
17987663572812
150996836860347
155796931678622
3643718841385
146971874266491
119067906687375
69287845288802
24311655612936
48825635913687
99711283478607
155721507446052
29187651910213
34885233940525
92558356367132
5839497536659
103508556036171
28252707334025
47264919337167
77711646428768
91247892769309
101983276238302
42663155148772
36815117331030
160944864963176
17200502165138
125503075970209
74889121102732
31704751279384
63031510238042
54589139089791
139980119281860
106487037369890
94682094006023
35453803593385
124773514532477
13947571582031
131736716598656
121496593175022
159796714651993
45725196927483
91334740330808
155800457437090
70180592720646
152287342159519
105971403466743
74048173694071
2668490825028
99756093292626
11621197336304
57952888649458
161898615521583
30904944901286
107909314819820
107577427716260
81185904759832
39699526754600
126529590344424
4822983367414
117121599976776
121096276316460
158164785157964
107178716611319
47647608245760
162031838590424
15097388179642
58734697807774
33705254233773
137588943104812
39450656608493
33643059553735
102007296396533
61525915527143
32935604218523
155287780415856
108175137472764
111694569352286
37695910276157
84078060269971
112679680003700
64093528448281
37254650047706
35837305034160
6446540482099
137208672687430
35704118004733
112967250974461
33796462486573
5624055178736
1584822805803
109363901223559
5499165965255
120761700883553
141957042311605
129221501309964
99393342491245
65951336306024
59803913693056
116718815045800
150474844807581
140072660194228
58970877767093
35060114399091
95615788724625
29350325042272
119532868084708
24024336951097
102551342441765
57153795339193
31752856299014
153173558919240
97081711796842
56159410331485
108012474867402
108523980079386
82587047006372
122599941740658
97949403678833
87498190594455
73562895369771
103395027481720
33309385057580
138329377052751
12892467846517
25410476918022
14569441946213
105209646734416
72930333482236
6760387823255
92362122367290
150431180418808
131606695642152
23263163296011
144227675123460
126410833143737
67544341977258
48781095561979
32924348887583
66780171215106
69822220706611
3246172843694
116228731358314
94518295423612
20651930543640
11542220754207
64231443164305
99588700752727
44490125703575
80195592936187
147337069444030
56235609442504
150752504535097
1323260040452
73244891980541
162406318052024
6536713920332
148931391452715
74058241873591
64107780286004
105240552284242
40223246848571
53297889709235
97258403896834
125312018583619
158279032379577
83521115849317
47033411512091
71529193965993
148900078017295
86743686272072
131255970419350
137579612337982
77200831672370
8236330487492
81381700974613
162095965015200
159780330549617
31036814776741
137410941050465
14605837133963
125619861912939
73535338828681
142255530883564
152708534581943
99503340845651
148682301557566
82843031530197
57219484312543
79410665883274
29039774747678
117940363433315
2822455069428
4652161818307
111426560965361
148544680118894
116745755690118
11487299843795
26379095901694
58681194291672
131723460542537
137089314010351
27167914858261
48515715195547
103388510655317
159699770037284
64644168385035
32946928875928
94814207177620
84800325840782
125173630232127
114367913692220
31974101245616
122221038811884
40010967655103
17047986489213
150348920979212
93590214894816
151625208551506
11710140247242
144663258649392
116371746140041
20655312116425
28178715767542
9822231132304
111460600399347
40027034957507
151832004013076
107526597355163
10536201451220
115383895005936
24859745010959
3770313430507
70080275769642
121848359085919
110412822006048
55440425849836
162577624186552
37479619678059
59065924647601
69585001891810
79645916206344
27347434466105
98900692305866
140508505245210
18680199720977
1388222392257
118169670749599
159388162487561
162568152449275
110587033876529
56263091348766
125001525623622
115202854558030
90624646283177
134324021134266
83024286213030
44665592966254
94883470497256
90381036913324
134109618454523
48515451826593
108013256210674
4963605592969
98545403307910
59473391622578
64648519678512
112192602941305
53659731024548
49221393963547
26566725934119
26723235410093
127546858553725
63294953059875
95954094553148
88947822034006
5357678235700
5839422589058
109371564439536
66437507670917
49564076375121
90834752422244
70940141942214
26046271675131
7976290410526
84653775486894
117179786180213
96549846595123
91311407425685
142494137185514
2837929910811
23787597234012
24453571806977
101342042122923
113654388666311
141417603151165
134680582423619
51306974265877
149688444280371
151842510341555
98118956276575
127061211842219
159899291782213
149883066073990
43595682800478
50543210895671
80755513249135
148601320261904
84922391801135
160968190137683
66573840756448
109187242310033
92562108411827
32061018474382
157914721521800
63085293531429
85463363186507
138554569780904
11112260398278
13306052575059
137372586891333
73496912063227
25342831802982
24929972730224
101077247901271
95992451133629
95278769279089
107684978263213
45622857786054
122413156462109
40776736051205
41233665221808
56406297168650
31096082950313
25782587146308
39356758182025
10166517007622
9419717778103
130894678319154
149206480016974
66085002347821
8335187799306
43623738956087
91344355471144
30550617793576
138227056959145
23781836706327
78349482948297
33396565929183
118311658870751
21257205024635
53469851386203
58916743548496
65514675156447
129175734060624
51923154823580
93308577702749
126779509288297
162401454120832
121380635584400
150301680955299
60039927859462
62901837844507
52086346780143
93704020661890
145449597781925
5203221664329
105530653926672
101577546354731
9371594247028
100600092291678
134392891996061
68381453369703
138114173099847
100714843360159
141861478431106
86001775389636
82813137595568
137557067194437
51112187582612
144845019099036
43839797502931
137882024770556
38054244944053
27208624790492
14042824107983
154380412230030
53363323052038
101049177924907
89230249735727
56990117421605
75266357372836
140328588571634
156598934696156
161629107038258
128524697872547
83948433195400
147392462387759
50949542619322
121985809985234
145738847921327
57383731387510
1322302803340
17826442956478
81273566880014
67380380374408
98531640282328
85196564260563
135325613110237
123158056362695
115544187860142
113877548367805
83206214073485
153512029753091
120290159836831
122788251384726
130652627340787
152536660405610
91939296248199
72852644983496
64785135489394
152046917231285
141644188056086
118041757641646
66510417953402
50880815430298
140533246390780
38544289030545
150196820187492
8188406694866
69486885227573
6948144347123
140190356901192
95459652461777
53822727080297
152623065173091
59470351433052
97461179847782
4657403663616
157182862224868
134503793990756
88963084565677
141386021123075
152170916163804
82372017378628
33139938425564
23424346368915
73274099540396
78972585031343
16424935505196
125565833148749
8633565566322
77350375778185
158976012484170
126609913328525
139564916380890
103514239465667
34293428958530
99169432511216
104851212631670
51360302699592
70296426639590
116938525273116
4919019292165
45684093926244
114321580738448
94982157523087
114170456921547
69632907287235
10408546555123
22471042430385
152930161787790
126299380670364
120790353024514
147274729595553
20780394687416
50495827831619
141247604632156
65601468998020
10665940723062
99904186666802
22908091749553
117554444142015
138537487055262
136610326599002
20263505939806
18865483843892
139276281377359
71360377471219
6483642201282
34556813706559
161982639040338
60691133703381
146174464119860
63066678788419
135683834340482
113114667651062
111973235308276
157803313696232
40136066740994
27922114337684
75128431613171
4999392334066
40719615342171
84067470948340
106717477565469
57601550335247
63229665130680
58360628043089
142187038001826
39748140621153
18614604710860
49607139954756
116704191849570
54178707803158
75113425103082
113940067827054
45744378230318
12829455839152
43900472080512
90204285245549
74717243314549
67672703672516
95459893316214
134810812096512
43650152399918
160302757117462
43585499748959
64216106252135
133406232713495
113736480274690
50008948447635
9440876703016
123177879202498
122720466711030
48635477439223
79873137350485
44820642994023
98950762355742
60350483111346
68072738635783
114687450746459
69247018321112
78969935162832
19404773510487
80276879541544
147174080642361
72642509728779
44996919837453
134707010870075
34939042580578
97839256507584
71034036689949
78837180311445
142400395775394
114433172404218
74124503889081
28080345202243
38460260002122
142295859217351
29282614610026
148989312395672
119962013885750
161827741040584
46960972098767
131212114616305
71000847566803
147817406993442
6663292163716
58549932463324
89761054425813
27566630945578
30530026637305
146859521338198
104358869822997
124090641133076
47906578819496
27436589813331
80870929163772
123327952781774
151659272613373
56672998633035
82646991331426
45727730658763
19742610859374
144745481845113
111415788170103
28765413361611
44185843215839
101657690697432
142368156764496
103082351158207
6824919743515
6364699409551
146765964767155
84622356703103
130018322228619
75779611135801
158271424633443
17385557037443
37176408996215
42162687803783
50368020142684
112243473246943
25460765178687
60520614130243
124095572486549
14582333111211
99151334998946
42522809236920
91956133985921
120293114836607
56682261355065
78801116955794
14906187009750
98732358539886
21935006811417
5412671156239
91675237908335
70116411974393
34054783366874
15953773179825
155040410618206
77880852109595
29496127040919
159412631950581
110576206448371
139891027416453
124700478313962
58878475089867
155986248860343
119715222511261
134919677887671
153778712408477
15762855205561
135473631695718
45823506276464
138099315273783
17858445588935
154241581983310
1355420380482
91390236852825
116442773565896
149295139740252
25289312953650
105171810278448
87538034055694
43874578672598
57341901996677
61878805989337
94240243074549
92827634356908
35796709102630
976216042124
93044343699364
7235476103200
47088998722035
116982962243348
10676268155282
125474264283446
136544446470424
126289833500477
36045055839711
101396830842778
115886469106384
54112188138965
153083625673256
49011743997872
40258113732862
53173954904682
131605370291631
34541564742480
64815605192581
39704435630210
161631980262016
17097194061704
88803180007279
45224115523104
110586239755293
79464528230396
23049859074607
35479877294407
73811864977806
101139708665822
4645670931938
34185238816014
44157861179239
47795228400086
160353425808704
80470469851375
97536460059050
97202596443823
46796371516784
148871583171358
64985197175661
46862484735418
101684004152171
9832483269724
81418559213319
101997876890338
42541068675878
160414828815855
87213499349952
126869317808972
103028255458505
92655114477325
151653399012749
98143123682313
64180840641524
108520788599293
76448421791773
105703637677505
147958262695646
70580887856140
35968872270342
49839827609647
60848364577112
88256725339446
132158383124597
80825985783760
53045305173861
95331937318101
13519211632768
138206936641551
20221338090752
130820760877769
128374203965902
154279622339176
104001591758642
38353842109109
23646806926803
73833543724992
161767826389521
4479168980295
53021010232417
98913805862891
116954679367109
38143456912331
142939006856206
29858794865255
134962729574656
111226085692844
23674701541101
128814045885890
4885352473386
58537253484979
126133101686108
55018795142057
162478296721330
107947319990124
130385169902574
79815406045304
122506594928480
37773820970864
18275340447895
114937407078548
157355145345465
32966129308394
142791182329572
86680091224969
42337702361401
8803383881839
67993658490343
46593926074019
153832270599269
61066062692485
4335552173702
88089862793213
160814537227483
162361492274015
21598150491071
137493360306226
11680711481417
28294224833910
150840567880136
18980570255171
148647598660894
13135656816285
120682175879303
151651637272937
70150434104562
121902489227382
143598334428093
19306014924951
53971455885220
47939769781942
24232135902078
122105791366323
78874609813425
116682410579963
85476372379174
31763736339963
3085989716674
41383276745415
98103586617515
46270205833697
139019873714552
73035558385700
109376835185309
155300501148527
157165119310481
122980017128656
161389081267952
59529822332815
157077302707976
23141868391591
109922015461849
132491826113211
135028965748124
26598851953610
76437635114544
73401188152204
77813133161597
114613341641407
153714251464990
146817291010933
161987355335777
104003208105429
77253490536678
108083113279810
33900862941108
7863611881808
1512164020216
86794623962684
56130087988977
76065143575633
60993265483464
125413214768042
146507863486700
2971518359572
48236740217141
14121720132504
143272309674390
10039920315962
70602277120964
131180813072477
14871633641958
66465322764929
32036533691423
30859976760783
107961587472380
132541411600267
118764303788267
127780936979002
132299242554711
99397079658173
124845025393930
147162493629222
149603920942117
2515550350947
19749479213550
110590820666647
9513077866849
18549339980091
141987439441875
97179594901865
113486388336419
62218248983098
142182179475193
22247119135541
50116639911462
53872008601560
88821325730807
126517297016947
26627854872459
132007880579554
138832824452259
153422834947085
93173580751241
48818731424767
119605422295431
92386769161840
9417654388074
13165377874665
90152460632322
52334400133300
77910077456507
158176426336347
43544269483740
155952736578009
22585846794936
53633672801510
122028941902941
896137370305
69463190789312
5816557304222
133981446207818
14856697899983
95024884105627
28210433920209
113118648279234
98955945973998
31555086432523
110780753601290
91079090222009
109308973563793
5947130594719
103134370464613
44468482938033
109971520109821
137903445561513
131390673568517
61064410237614
130152285759562
83748698464907
77634578990313
132965955828317
37018884657362
108441553619872
65169728051426
48317668011198
99141569447112
124760991975080
90823723160249
128688173931643
141487723185329
40504257262410
82716228360991
24763238359487
60310387785351
23812253709796
115713568744158
106669546582322
51724158970453
151408026853586
83784188335403
87222860110130
94697053767570
85606972043509
42434951049703
84657684636397
73604714213655
120540265511261
88406787120408
85966941481114
139269068059519
105182784615404
58100099727576
70089218929781
7729280214152
31204857002533
85249383747741
158491164889871
133236697361941
40737812472074
153754499268235
78016003114326
55791079087510
37197888484257
46276818721183
126477390739804
89726996032881
141918468692046
46269539707406
27323802141336
90818884695135
84319393500289
102570185602810
57039020904160
72959943395173
1194805356648
147086451047959
56038493544517
2484733207403
100116495198184
156991178060846
101508941219664
119782756917761
145418001562337
100368345283214
46764726585021
75963937960713
146160740006947
85856580967262
126143341888635
86459471299738
135353908488786
76541761466875
107485970909088
37194920830158
106254177704165
125171041453912
97129319999035
11109607774485
13166401070753
61593606156288
66282569665177
25437740171793
151078471872265
32116461150791
58898221885210
9175582289818
17180066042929
63702244148066
119069423883670
157071884912586
469959506143
113083165028675
57581143577330
4836607875760
118709320055563
8386190173011
92749662825648
151173182923551
58427716816267
159446369633663
10776527934640
106835685107330
137791211532817
55516612432478
155280765916148
43924116021486
13720773368783
153271624241485
29254250272271
122845390786320
155717229270612
54148404763042
49389747611348
129205680692569
108240139886485
14269615578042
45969433632858
76502943185168
104389403579826
73833844500484
70909806823712
75531879419412
64417240821714
140780213763192
122582084681912
18965419013844
57994565339242
78925414586324
274151081307
37471611631285
23909380007802
1755786987252
114799436729479
87077333850434
36847903023174
84439649317594
23889418093574
114661484896060
138592168686396
36936022636877
133165090147960
140811615976617
36141011460569
118552988110617
89774256213648
54727240311863
113864565851573
29508595235869
112033950129186
13293910508099
154781576151489
76324327899499
34327667182846
119748204620654
21316110549432
55398395019597
78738572705026
93347512073345
74355056640074
106914444709621
101629958425861
98354957652071
23108294663052
38396006600092
106879730963516
93211134842802
55405757201976
110954963676241
119844587301766
40289003333543
90271617880972
129904387509044
69949206591909
138252144114719
73141465677492
145191481009976
56673298284531
7040494751899
49024674376722
40855327773989
52427793280445
7539095059901
13537775913247
16473239231889
5457625962252
25337225462868
106326513863108
86673397779499
117158675379010
109784940888654
156225002200317
112650199062966
36312655914439
73561892374285
31251850077356
56359566952202
64745038200776
67667254123076
147469598007558
87973158186126
159097307259939
119411075098166
142093974926396
9240164478290
48090538820131
122140457944559
85387146561152
62744897747771
63649089134123
39738787604328
15105588931485
127937990542242
34697878295341
60574475427377
67262377337623
52055217347141
3663565557726
39278731464442
151581509508779
127492456882036
147517169114933
130460992773548
79937642467009
128354782208805
69613049139537
59654542620
119457859949512
8431538843932
94261892634751
38789968921756
69985327515018
106919133728848
5209285352222
115321732522950
64403904310341
144969905497229
10876165696042
7426868209563
54749359847426
2655300066653
13496408950930
1364480630192
102574720297410
63438822167576
153826178585965
84134324777371
99936555038457
80352386503330
126495385035559
44858777486881
25327813705113
96906807263863
36161413866519
97269439518968
154814113747477
26593043848762
6364033927965
5745038766529
160399172771535
26323233822880
107109886926900
61466166060587
74757005421906
116454498971155
26284697930929
85643973585493
54276684965264
62462743749268
11212723594429
52844919022945
96976038850735
86777398752879
154121168907296
45953156043442
1123097486102
82682001533874
122698649192680
123150281787796
139089728729860
69094535958556
143218051630776
116723606631385
132298528220541
98888937932702
105500251805223
117551105360895
6542354615321
1308814049099
38121050745508
75769427308339
101820206427976
94836403681885
147606029521864
52821511258372
129201009315073
63317748481053
72365628840356
157857240619065
75166886166011
154104823113253
110513327278556
81916544078366
153044033557117
109944850260918
45604717861584
133269876042950
38588016006587
113548348857181
17065546351827
15984077434476
64583572774571
53191864057983
54692815816420
66839507420621
142029215131805
77961161882844
80029661613059
132242058959518
103670875036625
63120874089504
78737683365671
14508547611101
88152303570996
63250337587536
112137454507563
134981573010606
156968654123039
88002798698081
108687065588560
20046099731227
141825816080093
151162222786747
153905888782662
122402022902968
134669148096545
112014115278972
51000834154869
72754345931563
29889599486998
90926688297909
145239824434070
24228480002365
79037612144568
86517659466999
113802538689647
62641551402298
32435265425922
25275004851333
90026870155187
147436340339456
74481515665008
16833760619840
131262553652544
123056536419741
151587080525477
13869999809295
75413071214754
151166233864912
162418816984650
76027200635753
611407768228
29390410974595
94106441609010
126542140228762
101563959738909
83074547929205
155661802325068
12933058794533
130724692759686
133272422911766
7207763091657
31117289176769
120926508708792
144034766827787
79170854903020
64150034352131
96239717755976
25358265231902
156571828825737
75934596152544
113769134026393
148152150752318
104346964032711
16457541577264
55534606600629
10078698859502
101461816829735
130354812555939
152551056465470
98048487468490
115836338667975
5334314382427
135922412646194
162585534270799
112490445445787
47936915239378
105759533469348
50772253826537
21252253877310
49206249972229
54377850809170
86909396157239
52122084818891
75713091259248
47470933055956
57488521085271
25478902900215
15458893823258
94073848999626
46747845015882
133112765186488
25170549618981
144374025696317
101933916184228
12830201977561
26841938287219
95161060334075
95129397486919
14689307464268
15308843934953
115368987144792
63240967502279
96594997999642
43480667360145
109623031048529
145763771174071
102378187566865
146052836702317
29494241194023
19715704534002
53148238160841
40286594186579
159619138755301
83650042519522
102167526323343
41714297298404
110514885489374
126205228373773
75185364324637
155134819310686
53342372408382
131424537287791
155451794876220
113471888704044
151966862547016
139492441708733
74593802451702
108048155878346
159570037727816
15609891666941
133150115492251
129971942204703
47571056881445
136208927235945
85250271173136
62197449295059
64659876330298
3634268637397
56950842895745
74841075969802
161244428982989
136289357600813
105847311016959
31987322042432
24061427292573
104318140832714
57343905117866
14786528890416
96186629319855
111379712233905
116004612071056
63815621354560
8296027627576
26602449706451
139332435969225
1803288072923
147220994217539
104917720730200
119966232632434
37669359482364
91850028283918
33537134357432
14155393354741
111243453877610
9623943091111
130892503534529
67034661711846
120945110665159
100006002642974
46045586065483
73808580682361
15879710802239
107995942538839
41056043397317
67033222287578
48223509388568
61653364577226
149677644381661
82248879344808
43830842115887
103948909443857
26139484974167
8413406234707
89436804370718
80953676693210
24415577026550
90460735775781
43854530409191
75053411183547
120205929154122
25518147860004
119785784186292
12528781872185
152998284843207
81885415606348
36667311984610
115511514608508
5599009694939
56049705452938
70593645477641
6840342573669
156054991023258
27287954355078
49148110089428
56360720725160
115023511871801
47690896357062
66081863977526
22500697925028
26837645619817
1877456123338
33253093535725
15230231557164
118283217068356
148732181916950
136361010842766
76502055153792
33358559421284
101269187030337
119260340659081
158147716704409
40178267268895
160496842105132
146599317934868
145956779903390
115516130423388
25430855453028
71556169629400
130213174563410
87389947265207
1083940960472
138264502108041
85214199237266
56400436787927
89869852479274
37817477448770
105808031631746
137862420983338
109529763304646
36758890701971
20652478993029
41554375407367
27004154900557
120167752984472
66600267502099
97248737139994
33025103504757
102986992886842
48298699656669
151848323120850
46949817121739
162689649469575
7574208412021
142145918881298
1680518079559
156599899921697
3774865085098
27364507264517
115336545492929
92944014124671
21845509966677
9847387713070
151904890404091
71379869097487
4030573952799
49175132826132
60885697956769
105062697667797
149806139085704
20010554080210
80097203797660
117876685268855
40089195726061
135164922731797
23085500213313
104352176576785
151331629274564
121436259757941
143982683688672
106247875725089
78988533820624
111366627474001
97253445674355
106286876729041
63942456916874
22615342066496
156299019879817
49200714878101
161853921255242
103630401646471
105022128898210
87355376806266
39167979657503
18799258387050
159215723787969
69335267241675
4315536869335
123013376458679
91799832516485
160716196509725
13585364710188
96667945159063
92144881320637
108067010819827
138619420360905
8386657721742
73277440597207
84309403975057
158723373881783
139003617633729
106680027793846
87758750319010
31318552954824
26505686014463
159732133592574
98075831693847
40279181216864
57276998481984
24603359352319
123790925051854
94722097246055
120493789040581
22801914622902
122969857994513
59653937781216
121047640321543
110163747917936
110567374832496
110766553005520
13559970926331
35924249599847
93072383336355
58127421002385
41604015825792
38842059308741
139079968770310
140816207114100
148504050487566
68164294687680
24734730007684
68763891392009
65728621051948
35595555336017
67135650186765
157885791889497
84663658626486
148516954150188
98658626790496
34348993978966
156209185482053
135667768612285
114699077285360
24327713390572
33020272926592
119391578403536
90398505000921
143360676487003
135618216821715
41420508432141
8622869426018
117470178719817
76709120893553
125060045978330
156379709193546
55696690137638
138704205278241
108867060409558
3668492665214
131114169213470
68013143336347
123605967473655
89830310674582
133541017350013
116922570464652
62937188304661
53161049404681
155642149354373
115090585853554
151569952763505
73530437828984
7486105047794
129799821692340
49054928763416
9035421575752
27454976610168
148515422980757
22398057663443
88666000287323
157891196988967
128131299412084
49787569752768
95913262904672
81683357595490
83872615936425
154070764195742
84049959792488
34496998843915
16239298602573
49868943667382
59476427685785
137513232000424
61543454375196
80210915241366
7117070714269
63561526387691
8648477565056
146162424307372
18642609636558
64918291707357
64198379051876
120158572542143
27541652462508
77373726138345
22842977686291
75260173513763
109215315850674
53540066436801
16534357727246
81144213452733
6473328123324
132270356655268
88728471192641
86148411939007
158683020579939
148655043032114
51746526728856
134026211381033
60774960763388
145930390913669
23252359938497
42377767905737
142387535738373
40178008270253
844010532715
24662254217900
100313880897796
64057990635524
27398665763201
110010615077469
161619961577626
144897229549622
117352162886349
75796167512738
4205532182048
18543377957129
35212055825570
67994029848536
19405059761377
102118457526264
17242733969317
42985681953195
124284568547586
69579514107828
111031323210046
127565569865126
2164454598784
30038253898616
101424271340526
82540377635444
135843072231349
63714397918100
66492333620039
147848666253600
80243960141864
153059552151603
32795786717880
16576325884827
115901036831278
31592851962516
145530884293203
157962826518051
103832601173083
53784243711737
78476807334319
45963280305139
159084544340150
124853519014330
148788096577789
47131750874391
55435827754941
34411155497362
2970650021513
10201752612816
159286218782693
17700464220161
134795758916915
139354609311868
138298808918609
106924479297564
66122645894673
141095127932504
84106885524257
115259217047179
39664193067338
156585618955553
32361828742074
32737941666599
43887246317272
20794924012645
6308025884775
88340852186032
134699049862868
52975607453384
82207475435119
112648904143146
1972092028267
114565345689690
73896653414305
142336850719626
67823294771581
82514184627606
125322389078124
58169672695495
43321001816771
50014664088101
46478624984539
115186185793373
70246744248301
111916529485632
113876524428379
137786723469490
145376843849083
8587447240847
40715765382206
27072210281811
94847439155118
132132070512266
147838096960641
14872688299272
3409272145171
121067658749538
132261543110983
60439504110359
149971495573060
86233712765179
61950536533728
63406825441460
49950287268625
121812105401107
26194015721982
17252980860948
97654853874010
9959880606200
116724975533429
50050407441497
111765501031559
144625872260424
95366667845083
127778181108376
72291444778195
32975394216610
153137012472059
24080537808234
157233281684889
107542263525599
140681764330858
109087915746010
116980725493561
3385574014395
91802272472836
46336127039963
10054965734834
74800599636832
3935267966693
27071798949994
115269070416135
110386879202918
18075283526618
46444478333955
146050805029091
49562852055687
66402783848702
110505690873803
22826612280760
126453463432125
148188072350023
161749849186750
41434549185647
136631055173602
84901750617809
145330563221856
109005408393891
49028640724247
72927976249568
35884427729658
82042173346431
82974074514605
88753538391575
58488271701362
147473891361846
21368151974408
45043522075684
70320950997456
3418392721712
19533841053619
106235786775859
102221300209271
114278472913211
43775288403816
46274584257292
144174495539901
144091916561649
82599737760672
21706599861464
60061290329608
76439697839820
82225351532823
126125397373990
124800162654006
34187544304573
6162330503631
20433040260402
4698844030573
125904790361036
22787653540543
67266463798294
20240780589234
69073348613232
98818676411257
80191501742434
1935703839806
100753588990206
58853376851641
8640976559616
69033839544601
111414995857835
162351102769064
101795959242418
3597220157911
154927610788050
17102106007157
135435019065403
86424659361967
157656333297618
122884063250851
4313393866496
157483939873673
115464634992057
70526687007573
86520097197921
142340387123446
114945452802168
86492614599889
66584755038861
51834032383004
32468038222884
32468027389558
73460336959822
36030369138612
34431371153903
132502864204428
102127758155520
48879906204870
81467206060490
132225794332948
14747336692648
118454004308004
107471726954967
67337214654040
116507521997162
152566389399469
145229458731647
85357371824434
53992562215443
170996703952
4635336706623
92146498446821
62622115756481
154598665587338
2098212788834
56758805648217
79928027682212
144793807499184
104704261199448
84213283506296
28127328063137
37640520187527
121017920059460
74254968390849
101682244648440
159364321595318
71656817349725
60265030605617
113837655232286
79929551225142
24242402566305
94840565307322
155320772124685
26662532541488
85327104986088
149485165903448
162004491276264
130411432795807
30538439413446
95729371541637
111853453565510
157511918126581
14507955965115
70004114996436
5369352409601
110449606819655
43834609933833
23330190435584
30143892576719
22334789021306
83811456846854
73077228563655
112833253707863
101719373834382
51420334107
125502241321380
56843846524291
131426284212326
51531933354154
73150560041039
28817298525580
136596613371421
12757146283003
129169906330986
157256617976055
155146231574253
119259297750314
73723224421068
56982659454499
82362454696797
40312758661692
144433637389123
17587570631197
60166550649188
22289230947724
153619929067768
6420335042701
12478454334437
102339532543623
129715768259673
19134796419676
133336589235418
41026887156592
54679845480827
49002194628318
5831462747055
30382013811477
79517615402640
117206073924135
81177542095024
160601550404184
79709013466855
64518584476498
24135833879512
130421675119890
17365165102984
155957430159368
133416554097464
49464451740403
131423166391479
114257995215339
54585868306489
136410165163473
68974143610208
46745513429850
54664556978911
159040148507297
29717853805527
108242902115385
96527393664680
91090770179115
34846427765268
23365202351124
18453237547017
144658319594129
4796369074314
30121355624298
151961829972322
128665086412193
113903340061296
146136885271893
106730291690735
62095293637010
62958692713500
111044686594358
77447711040596
100092199639901
67523754668413
67014887660873
75173429741945
95604080946229
44777968001633
42445762112233
113936276798919
5257666749435
76947697639739
154044932435967
98916425291855
38752761490357
162604772918471
113072171879063
14802700272078
95881755250527
120312358287014
38157505123055
143268197340398
160665088479739
156518933056737
149286235316496
35769799771862
66240423564994
128917301506621
63952334235397
53886937128600
21717547415598
133271437975135
139299515219104
12399558120301
52596296168848
39103159170553
49625150229882
36787192107263
98139509685918
78136539866462
56225160097924
34217607767772
149551761329466
15640565254153
90725244570985
126491467816733
81579214057936
154376614785178
106494447056980
66884588445950
28805727013571
65972000076735
101763699938446
12875215553917
34938316733385
131357698746625
32657170938889
143999189951221
145587705615311
8095839634164
3682972843785
126758533253323
20539846147322
88461135333515
73839215687806
151249435440845
26704463189723
145279653058114
156503273301958
36108741856272
139684701126740
43459901705463
99817785008513
81427698887966
85035566648472
73901311539211
56977873584234
34868508486423
12931443967496
104823503941998
103116468582821
70062861092839
75258718440511
48995767812820
7044670719644
90735952156276
75902322800009
23616251819387
91471555432039
128184819796106
79043051767608
156065801318567
77310421044987
93738168719416
34561811647986
7955607035126
2342049689105
138625242803506
149781616604904
155762963187149
158015373104582
146477623166190
108550889430972
42642324303271
157629775563045
126581137437288
99812803864314
101350875138196
127092586422907
98281066758638
24362065384143
48498551882672
61990546011612
159460888404123
102855914140272
50910700510156
22818480584266
60985561503240
105928219816516
118354526935015
4938643914292
154202599162063
150897378684018
122238055279982
132158116538942
153970262724668
144423584856698
4166997924372
87140590681112
20822291304471
93770776623778
8915797402821
56292695855660
102728851105659
64442899146595
159269372323869
114889741522994
151982051079102
154017947292094
131765902193473
99686104868500
122807177049679
66609893586959
120341382021949
67046645411188
101558704379023
13998725686335
45137640760230
148810988406824
129504243076452
154247095358843
63240740730132
114675617530074
6704790783948
134637208840434
127294529535679
62233475784819
76699720369877
81231832117821
11318439640183
21650940058190
138928991802641
4153551952208
124623530022526
16849701059526
77512338391415
76556328491136
91325963476538
22978936497001
101410110214400
101738619961131
66219788976870
105325704857488
40378884414612
136864193497032
106560124202344
40049159797070
32420260597216
88158533575956
39309083938263
150711548434694
116807597914768
37805898723867
130061587005989
153991025342912
45460419137933
106624197519393
49473612014280
72056578423776
157858563763910
96677995548602
47316219893802
116461405233232
152737404262680
76191178876890
120634981649271
118837079061472
112367499405839
100364290683757
53135857352597
62563249496167
40884743690892
50349270384008
45474409387502
55390826926442
18305788658014
56044152945316
84014094865876
71979093730400
67677357293034
94642117792532
152263440983257
114884518926285
36943188248665
92269177723792
147950036861465
129154734292856
63124723257523
146417630751276
72129149736273
141230354339446
93953749546846
31914404551648
127531107654540
16168914766560
16976635142020
43498253012963
77911656947229
48574533908997
151289593455328
79152816168685
90433593897893
99786916337732
159177149235576
28856302091248
4367454076699
112476412467394
136744328224881
15895208909782
158391559741806
21451926843235
93470306502212
44943991603648
148436755910267
138221156003612
123332175980677
14225833343069
42815947044279
88894878549491
78140568144753
95656731497023
126691625728833
161796551284498
50983846326510
3260717048355
89601024979577
4053440720094
78811527722729
17969461576298
116449782326229
46586066325909
97303600257693
99306643232679
26509981627498
32290383589741
37565051110965
17445421129249
6495593547084
128137076683304
114914612256021
26695419207037
61124903406862
127548860165526
125825221589803
85430349886675
34932157069682
147928870323381
127770261808102
107440710279932
161307061766926
12400349805495
146447837208064
58648971773865
40716468022728
78568240994548
56503730902225
135472315220713
94151264943840
125836098642565
10780525474287
39585218797716
47190091622533
159510084473807
17945363635264
129318112155556
10870163417365
132434425855696
159809970925690
38871945472882
69904401878442
120571695263583
10838408710936
108761943866667
108930783886126
81471211734149
114660953398542
45825934331596
75787301331562
138471492274060
83136888521619
88943283011872
145554157810079
142591248575738
56627991663618
144291728701101
128412233386134
30500748153194
8971448356153
8871081849097
39577906518630
87795430060576
14747216136097
40791627224075
133309266358009
85600965172206
104740083387236
154555977502010
87444448351066
16903390294450
13964878618004
4526180046619
78447139261851
139161394721450
6204085416128
130321573481030
739212461076
136330647458296
27427025641737
162521467549539
160334064216234
100622349957917
64944839201666
105467957315071
100287424521965
143867106983380
138507123294381
115779106751038
13297242077697
96565956393078
23480949138951
20144504887137
72613370697231
135455614177954
120883942376889
76380445794922
115052659412976
88352062127473
122508660526940
25968741631617
94154589610489
24425460910364
160966444713361
105679924698829
5345599463041
56672574929998
4629160774625
18823262126099
151701390891383
120120342185397
27690722717238
154990938331043
77226414028640
37194962084622
16616841896299
106908766470349
121361350855695
39656438673099
61783418571312
43208587880666
76502142391163
136590567461144
19684788963631
95713765974894
31446813524419
58405594141607
91383103329402
38024740913730
21760738870117
95162901089391
18549368991471
115101280804175
11151420658076
133677939781172
162573224954413
121356675941851
136108940893498
110314658853967
134640087076609
25914703733708
52296076380738
86584268238329
33992674385859
38667949282036
92978899588459
113578515075570
102319075438383
27200407406923
55725700088493
131802997239145
123009578186764
128466261875349
56979105142634
11165517542578
88823818607264
59255863596286
104425595047887
46181083113831
124589325118075
41613837979165
61514898891737
157966794671590
52374679034187
98291311509646
73135551339572
34841323358663
27763006758825
41362698743732
93827597155108
43208444954761
49993894907754
72378469728710
111495330869697
83133498707622
73540007959264
156076623791809
59755953710322
55281733935823
44745423365256
29280753156145
82592302417555
83556823224660
115744731783531
158016975853414
153434515935754
74421380674258
39305371675575
99888577447353
12607224765279
120887935789351
137755117973040
155980055171408
33159534208563
44452808142369
103236948689076
44403421453558
1426564200812
120051678067005
90854868645305
138251126642393
104705137434353
161207537591064
15315924686686
92852745396903
61697948710984
94370731593483
67885618865419
13882356718
3427989973753
9831511239994
87288049720117
42678004656583
89810098772704
133153684630602
19697550140555
148409946065438
97136529777527
12531170497867
99567400884969
110579235992797
15908133656854
90498591290227
98587478190717
157160751686610
121793179156481
72840952820724
87536217391583
57152797166613
49053774884641
103620178977523
75681194295766
17282357978610
145103993932088
79910650308397
90422295423578
55050067489881
133653970105885
17377467997191
88821970724370
115427010239496
118326945674063
127591100269389
98463248475788
134188438157724
127154943917
52726445390073
141151173365507
161255045565083
8779606769376
70559199567204
159758310673216
38758096040387
67744772319265
85475847631446
56038556934002
54387571255076
131561225361421
131590409455879
72552114857664
122128634780686
139013045345948
25452269493476
141124789613645
98147826292531
47738894276698
45713865939494
133642080222434
36363971485384
153031306623346
40968072298230
26839462252256
61135596003695
145197268750505
48974641052872
21675563666078
115809496664586
118181223132941
77133247336164
26077102284351
103359066958285
5427805261058
17768966308131
17197090231259
94964750659902
129198484718998
6758508779208
160665257300620
68852488139830
149331112939895
56321834153965
96356845839431
136608004727583
11080433988763
157726824739670
99405566010049
49163470820373
161798974772113
109997023447911
54922777275455
18118524800675
15638793036393
10556533209470
75451898399861
3203115838036
3304028168901
6719597060150
151430328171214
117185479741987
76438246536317
126456647706282
45486560762082
117300965706518
54527959122725
153154462537828
97330064053218
36253207032240
146136203544169
121376886969009
158579757985649
39598732116176
76243538822774
51066895023810
49320228768717
111691819182335
16082034335830
98207420126104
148133048311668
109825015488230
56587893788339
70493921581258
10592095704180
31319214800276
147368932417311
57347821242912
124418882585606
61667312967368
130251154057749
29540197557961
114062911827441
129955878740011
42570078025074
27021191294399
114403846647956
47234449661892
88692009061824
57296711948699
71513164291053
158340457042610
136425008319315
29437827870394
115505902288665
9963093841165
31690507317402
145327581853804
141600280426595
115177761785506
64193256266059
54045888915168
10088280278556
48946543257701
92907552637822
65056454390283
26630043200645
67336685317565
140713141295637
43421452735092
77943322204410
120256592710948
33618533923293
108477175012506
129575472932516
119806278393463
11112304143346
18702539274014
14299021418575
44230383926555
21304873471437
17012336852359
30616344647145
144088715690802
118855732050453
84793747081522
103801798914355
74860760589943
160722651499855
25551441181334
134576480955354
18080217258190
59851626216476
33381577829452
17992156068714
24031303377628
88386212580158
136957650516725
135296277164190
14642073709335
125861564135869
33716022731261
151836163678334
136945022465670
71136382293842
64834064634011
150927317634667
130360179779899
29929340533612
1441636510308
127800110170343
136497849092786
137549314188772
95671088911376
144050537406335
146952496515893
11264835146563
143281424314872
125913231077122
83027522875762
155852006870456
2374149487838
5080426198941
47857815468678
29344803544540
104423559002397
152959107186182
33101329813763
68004799656604
130287000610984
28713335545242
100500358276984
95021838073654
143900895530650
118532791398150
121136220864962
105192865685031
130164665603322
111843534199771
32598274962953
47578405529006
97781712199821
32228234876356
17256617689958
146851307733854
50300194107575
121384525094784
75062510341721
102672336333708
129724319743688
13470529058977
78253534471166
71158162219579
121952671348759
138684113923003
154414830207732
95258227549799
128439654926111
71517906114164
14576013533454
38229451464400
80245703398075
151181878496977
152080404194347
90153840807384
90879440758456
116565156939681
22426241848621
16479518203837
93477786851646
84852214209600
100123800293445
134334427940240
51317954149910
77343595161552
123000758314979
101125241392144
112503332992790
42580948132703
59861219386089
124958989860464
47959600111586
92207774967496
153891378320294
87958227677783
114240738653822
64941104035920
104516461553529
22153071822105
78161115454311
120549463508084
100746974493979
67532832372609
17620424163029
55313845387375
153169052722753
44031474975550
152968136038400
42780537851411
21107845225825
106892959914403
47150279556817
61541141790225
61889295857222
104067150388220
40444571924607
92586804916797
99214225419847
25288274019061
128799517211563
44725884932604
87349679687995
35982138837552
37787740405398
36544235467607
109092461917659
99999117428201
65625019505252
101580761615180
86011819344856
71126250724886
26158896313187
96651658026142
16436319726592
137623431042671
66586949610945
111392926572924
108845867145223
126548573603943
124278471854343
137200247134050
150049073740539
10631394266630
32587843700810
41459562695722
139861303208868
20819181811542
130263680194543
151347305806905
145774912285474
151336269252631
14323247586645
53185806576113
20712077484663
72832281510265
105992410934974
115348102979617
60252447614494
135230337853268
20067559154052
107773433027251
51354652991115
50580614982983
80992325268784
103206463354339
96312304393804
99884559665434
134864547984175
22531531224301
128378695932129
86793404324090
26886972059805
118716395291068
28036534685380
148932804367624
26017985036623
147928748910690
7274420400872
136511365082418
102697397397761
14866630914197
29301073156992
76874628715339
153118888202012
105048505808645
10888409963302
109923487803625
6987404821693
107357548660449
57002132539659
69318635990353
160798973321130
5038425612865
42089787801444
101304697500542
89206419329612
5022394181133
46057949599322
93381376861122
22501283695619
48338802938546
132377565891998
135748252956001
35014035372536
81579254111593
117424927916052
28405861694242
68842431572953
160097115254616
19781384417124
107742068613000
6579031668963
46880285268660
90940069440871
114677506158199
32346717473996
61935739965024
102117570413795
114873635174508
63730166519612
90504319831499
27336460025261
130085839150051
145572777828867
160507841115002
8637003520572
84865762549572
4914262948669
80369018406740
113968638787951
134609944813420
115530203150520
13823631056317
133705403024424
109796848978012
149920609791642
81957588013226
97891282082490
72450465509218
3718440645032
32924302791501
33776394664501
3590681829468
127337205674162
159289688031970
111057377712314
135647693455157
150137495632671
58828763849785
145254849039948
25339136096206
113658242617927
67509448072329
133303506277126
121435347295232
28023737952429
114378719455593
108765884084565
59796494228027
160078045186777
81296449129907
55427793552675
119079098767107
93489065461198
110213068645257
5228082651150
91251303212436
9388739840791
94371648749040
40378704589897
74637515332838
53858915878858
9528114292367
18081952987569
7941707384330
39474245616809
106175240418805
16857878673270
117674690996289
68044644219951
43487137549359
4832493500365
42576194985091
37745132128224
49058685673376
4663869764958
64897746367401
118556845233244
45583580568960
114783056413659
116918258946244
115149673372578
138294965859536
20354577964283
95500029359352
119244208947087
122273671488400
154829128638744
99142308191571
95829272442030
94998309513998
101707498436780
136133335986685
118167834952824
56112621353978
32726315695031
128204482510184
60015264729423
77892701560110
156384115423573
146828514133281
122236443310162
75384969785910
156936240620192
4866660238110
110651936183768
27742886444628
55912512033123
128188190127509
146672748007050
76042031913061
102160608146497
132763785003408
86570308484318
104062785406883
93476908229836
3492911483049
122604618754307
108859768493595
11471978327253
28121830101681
79189366354974
35303973363009
29243484811116
89973589870721
88316742200840
154731828126510
62604819352352
50698132815565
61934847029325
65707858402343
38852615430699
24239735118532
3652637564246
154975999188747
162272148328913
57883604824705
87355485573687
46126518678763
51356505195237
105507845405905
53553534175280
71814184285803
152068111454372
82145381280235
101203942290248
51317276579643
81073838695072
84101364059365
140184841766151
93073847752107
4692020577036
16707810582782
105299986061212
107227929517417
28920329740660
32015067149174
132666798755107
5964497439019
161128385129418
43355686336904
110004687624234
125375209775754
96158051233107
70459608895506
87036683054527
39733302306678
15880130376722
153900076115571
136510048240780
20011560331440
147970527408613
110974777052534
112835898702227
137452965071386
162114883064294
126502896380642
31363047531797
5735627064953
59340302712341
52373210047593
111765758218329
135581019637651
117714139195643
103731944668761
104117326424886
132547945044861
151055019566545
71768436613541
139094962062300
60883708691546
69807258711267
142255075465483
133466859531013
98952712456768
55754398440201
50699575421053
137666358285424
114161545020808
146021500355018
76721228763813
128733986544120
40304546196090
82614539060636
126008065146282
99425969973164
55162234348531
93872788966420
84265206387054
16439354349410
48913032700391
5022102104036
146730532937022
102343701319221
76273249755294
95053622346350
41997278932646
109968619858572
99444769170316
133757918793729
17751449261969
28301663880310
19809354714654
107333849225490
160309559513441
149645940054335
8163431224810
121256111098456
86591728227018
122200930916474
161486447163669
127619929283035
34000754553864
155514874732926
114746268426317
36467665322351
115220351341498
130986916026071
72264361594503
63649328908213
61292392908902
129585580996627
66280688961390
71523822059158
80524928989601
127342425065739
135343939140641
117040256849187
61488227271810
97628802609024
146823253788564
36230407337017
7145255643944
103853567836693
121622506328935
6085998421950
1561248855650
32039604477466
141379303751104
42490359218939
88920814713165
15645524200816
73822763402195
117757412224057
158482424418401
48268546096561
118798957333139
101266014157504
52067887411313
17066988641142
89518568252647
94483624085715
72670684726667
80314255592292
105557451718060
97574704812949
96674277629238
71109842578242
50442051454968
103897836481020
46475278012588
151974370566583
112742348094580
154995012832359
9039851000539
18799615690150
116062895361064
71755776114470
58630905693461
91935812712077
159301783383634
94020295441171
106596232384341
158734440898009
39039528657406
85371670686643
11456470435814
71077820309874
91188802721485
156910870252073
158053633776854
89423395261803
104480192377857
42490461581056
56997263635358
75742573373219
35165886004300
42074324157139
336123407234
81707904087102
47822960515043
156253489709618
32170289933254
3074149161512
68701787402457
6371950353240
93315782342719
63231595263976
86081364516921
47043557283340
17556493165071
115804907578072
27827569153673
78022709135756
124856859920566
77534053051340
83492779368569
146660521143167
59346560040704
141749082558492
83735504769777
121339017361521
79656820784576
23194482038568
91292628798973
9976719475893
140447022231067
31351018733217
105215088573738
92531839517609
64668212311499
150436697410564
140809384125512
54369673630076
11963316905404
97079831688163
40569855089227
37086105299259
108757046164978
23515805990604
135924466828128
35864471828906
119403033959950
85855306126637
75882463804359
63443863136993
42028210683811
23943609230536
117689209614161
111751231737095
62190057182051
71695764317095
47604785962590
98618627959206
64521943257567
126488404678241
59759177615665
69158923301637
146791746341481
30073127501058
21934192892756
30491413944834
16771940733794
132885040697907
131871849501357
159112972283176
11134211800528
137969428184145
130272215550600
103259754110794
112056546614473
6010371431749
39729156937120
113952454464712
39420263866278
30464810706433
131274723536385
30065431529566
71663027143619
17357680803818
15629904291687
830042931143
161547902643519
7645824669846
39661072959961
114833926298177
13222379611728
38360194612781
78503096463282
59995309200662
74695215366860
75791493295750
4070778497113
62789045854850
368474735658
111413171558719
147672183369487
71074801421668
92543695318890
144990327790373
153702673100799
148655219042669
132425335889608
44212724039621
66469989519384
119451321553449
48046769357351
130383046357058
20509744398219
59145448983769
119937191000749
83319882679985
60580610946109
108951790867454
18296080978594
79402087132211
83613972323062
74967784792060
109932355609610
440992909094
79679006263570
72220645201986
108372173147918
60277571044702
49109733822082
133098750460084
120939456856796
50546089810897
112335440806273
86242187955889
129347459120520
161372637819601
82498511512153
84641783914758
60598381230531
153742039610240
128585251518362
43616473157010
94789031179330
53822047088103
64070804317544
67701378888493
33706307490247
95990298606944
158207968292145
137108332258100
31369617270236
57708045060749
10898999502950
159615587172705
7677663219305
98415016459526
122445088771255
40233746482524
96525284936154
67856074274321
159363348976305
11695936922488
108468432900722
57060729653862
145833694389059
115588549786358
127799359414433
90673478848971
32537063480289
27881356403498
111786351400721
39656253437209
33147920048565
1499308136415
55047218471643
26014556209249
110953707966673
69405896462553
11400993281324
77197556189651
27289461216891
101826077466900
46277097494209
33246637741081
50949421967372
121924430443976
57130218137529
57845866945570
110249795153724
12012334157626
13947510461676
97965630192833
106818325668258
14414690928735
72993761359737
30539525490311
156947307548093
131172774735804
143435220392081
86051974015100
80401911837016
122783190523628
6531030936173
31870672249631
69993958887499
78490551967426
119312564117963
70854071094129
156287412345940
74295042403936
106065590880378
51625288068075
73936439094136
33551557684942
115815564649511
98255670557492
51541830613860
27461995870046
102576604420509
88734285259778
80970572549801
124374190930126
135448890696975
51526112830642
135359386307280
106555313702943
162717747623082
104103726441753
71546557577419
85084578057907
143563129561763
63945132317117
99495486775838
59919583368899
103606772717222
62477114536688
12437606906036
117879614736215
35905139483836
102188682121535
41521781340289
96314994805152
129417108778867
150140027332185
101347226851059
118762590905612
51428995819501
927779765313
11014477411814
76953921864047
58206767796682
92419708286235
25066083084419
120909960451917
24075195467116
70868072457333
117615542171590
85845986071566
8902197905183
59997762247699
17661512370584
16284233846321
77103870004682
132021204377555
103835616256479
9310501617375
146950269747610
131880114745587
1627413451913
128065443822532
146808966378207
54623732708450
128219679224829
41259014171944
151311755352416
83140722822670
10543561533745
91644741257710
101673253750146
46074132112953
86646258712601
146395695850124
15538519271491
9588459229087
113407715463316
103564467991536
17139596384031
68143860376250
54580760318159
17938409709669
68269035355525
18948394781449
49539936494260
13829114173610
94551888550569
83685076817087
49655583289951
23340408674040
19014094520672
162855203131744
44375383952083
62803106202915
56449859857171
86042775323874
5567876779548
132130675641056
14552880331920
108934348925057
118159085925206
74352079262682
9380681772136
147108911678166
65086374060239
95542524308025
157988250481276
88855107423758
28905676687618
10612067955441
93517083521814
122068302618371
13523295503793
99908638830584
102688941087096
68898476106484
78753219638858
3778365530401
49665760716172
16990249218304
7622267719259
57344562746327
137850086003088
103067496529635
137416025484322
65328272506786
15452577642125
49689707670989
105177274247729
62421752404289
84993215371248
14439186454673
33051837927143
71224496887724
144681752126481
106072812028376
8409123144195
78757766055581
97670832420669
69140585149682
150815737159727
133116170400363
50974428731202
127328694465681
41384144074294
93408573250160
53268967060864
131917168484581
144015473453513
66498390923706
100014242343318
34419610568741
144144158994652
127608870561208
42634752803893
160724457380184
149818934056982
20768162055048
72493399928330
91269290468141
92197991732672
48941371090294
40627062694640
76918619237189
4035115810292
54888871027370
49138986791957
92183910769081
86803048119318
77790813101223
80819954114819
34457628674581
35129082574791
134336822242167
71656877224939
96600741153501
56075971655632
48288591002187
16897281656874
27658742884738
60243652879633
34733026232192
149319810672007
77767719275004
118263900522894
17594567491925
17059575519378
106962126947044
53838080009474
157228777570583
127952418328321
16840222828506
36302082060402
8920237594711
154352858252870
158903946635041
71189364509091
143446719197205
22399329279855
144133464307461
32675276308039
56392208091465
68864584768047
89098493497646
145642731198352
79589437393357
115754007409209
127559872135166
75060661149333
58657554170104
22501224936319
136246118876099
77623425653963
29886369259527
7264928846395
129609223188702
134997562641896
59694933933331
25194133005828
33557107389096
1057394230651
41732330057644
70114233894541
72453161953743
158677357725779
151079415682309
5914642396091
109252204145709
72401058386041
98339923361757
39991295697390
1614063538035
22091157444848
63095403291491
14543357302280
62577431271184
41602257816562
120360542095761
32912133505813
35126072897303
95411313168084
128566639289634
5077469345033
51419490474497
142866170887223
111668088131921
138344897632042
79672723130085
25175435751539
64889101208119
11306092698624
124051569424946
39390139218898
9385347222886
121537674082504
14212668363159
40790310909491
138487932244486
22964315248521
160827659384311
5477180227109
48832942149098
92992183584180
100924458752238
23158198095282
44506514332388
150234076158624
140129141325756
52454317839470
153686877909135
71927450769581
99750864552173
154167980043849
31379169473888
37593907814767
25182682697209
7039247807467
13085062991326
156160820692111
109291612592546
59943735326040
12133419319976
78028000173957
161795225545982
146284201407169
155714900385457
131210211752816
143326997044609
23517476741265
148943699106354
10114304389714
5565578595270
98684425413596
24994704727613
134855932811358
103302372260985
101414834648887
23832954286721
46409153162772
68296571503016
32795701071836
50602520257336
1883506191797
41275622213351
23109171084112
127204717580471
55524092628839
81561691454828
44437831263185
26132557868210
38581533082765
31695985772312
111654566964140
147458174528511
148607958412962
115075620208802
35794762070453
142369179521930
93095584861286
96673447654147
34037395887138
77415348606534
32163284758335
86769310116791
16115534061646
148534924554731
117484002207394
154482300974685
134161136721825
45902389402127
70963021926217
43840442385601
20986433688681
138431236535433
60702640033108
120784407735643
43829097394089
4422919532148
47512090489846
56334235943660
40106084860952
39741561573178
146633689799300
49765931232823
39933222152485
51964514001410
50548402127940
14415314233032
158776997397013
15545875017639
89662200147274
130160797107470
36149130859973
93724674769584
153906149449091
37382042655692
128321844622226
109245791806594
113572581236693
93535865511233
23324485685537
126590585289816
126353788721076
12081637899436
80684974112180
22362267461803
100131007115805
55304261313918
67386735383328
24676923090720
3437741762772
49690808651908
64840243041943
48310082796990
52316913911025
124032148281537
136705856949389
15656558183508
25816400425571
77438302609026
161792544341016
125690577638978
161464871240919
90189120414017
158796816859081
26553129703195
100285999541026
12067687823067
146524043903229
24818667465596
51856089420075
152146372575759
122650988161289
74300748553847
90939362541963
79818591036847
161693904428796
118019414942475
58667001848372
133008782415716
126130497366066
77407010182121
120560429198109
136151553314766
148244401459525
116346711739655
129733598998019
55800819616627
123256032533685
104411681330155
22050244931512
118922210185134
75028460347792
138039300462422
41822259376776
61627124036153
39970820945343
50341677038636
92210087589007
154881376010491
15988490084054
128644667198106
22289075187149
77291469491511
149868331174493
40628349190301
106344763372412
162189705093733
4992915600107
47242438321254
72291737635886
43892093584007
70162823306617
108246302364431
95353784487048
156055036437015
70366069961746
64792410962995
19619353932795
77897243330984
9207031691430
49806262811481
162850511877747
109232813914507
130424550551479
89876505593670
60820593084542
46419043740389
47691945555403
128345227628182
130793828974433
6848128649078
10962425304899
32792112642042
136775552086683
141988646705228
34883882483147
136914887068965
128070242546067
160204224796354
29071655439923
62748883152684
131690387157136
28181940053149
149205656277274
49760172244923
87137533642798
32053703657477
152262932853050
35759469278264
99586668641838
147799752484112
76705526760810
10392255606137
44193164883207
137176208354919
142537871848679
61229615241702
43370388633473
51579122714203
54540818138705
126781221860627
95876781002274
47559339663943
17887891987947
134417462751338
111569659674042
142246884784741
145230156648094
65203360163225
87161037841443
87129516890626
60784348599521
137005817092833
51056295701269
84301684127410
36867150974223
10827047383821
148949059675904
79828774191149
