{"stage": "aa", "arm": "incumbent", "case": "n13a0-000", "rep": 2, "status": "VERIFIED", "operations": 7312380}
{"stage": "aa", "arm": "aa_control", "case": "n13a0-000", "rep": 2, "status": "VERIFIED", "operations": 7312455}
{"stage": "aa", "arm": "aa_control", "case": "n23a0-000", "rep": 1, "status": "VERIFIED", "operations": 29022358}
{"stage": "aa", "arm": "incumbent", "case": "n23a0-000", "rep": 1, "status": "VERIFIED", "operations": 29022881}
{"stage": "aa", "arm": "aa_control", "case": "n17a1-000", "rep": 0, "status": "VERIFIED", "operations": 9620410}
{"stage": "aa", "arm": "incumbent", "case": "n17a1-000", "rep": 0, "status": "VERIFIED", "operations": 9619984}
{"stage": "aa", "arm": "incumbent", "case": "n19a0-000", "rep": 0, "status": "VERIFIED", "operations": 17337241}
{"stage": "aa", "arm": "aa_control", "case": "n19a0-000", "rep": 0, "status": "VERIFIED", "operations": 17337559}
{"stage": "aa", "arm": "aa_control", "case": "n19a0-000", "rep": 2, "status": "VERIFIED", "operations": 17337460}
{"stage": "aa", "arm": "incumbent", "case": "n19a0-000", "rep": 2, "status": "VERIFIED", "operations": 17337218}
{"stage": "aa", "arm": "aa_control", "case": "n23a0-000", "rep": 2, "status": "VERIFIED", "operations": 29022353}
{"stage": "aa", "arm": "incumbent", "case": "n23a0-000", "rep": 2, "status": "VERIFIED", "operations": 29022371}
{"stage": "aa", "arm": "aa_control", "case": "n19a0-000", "rep": 1, "status": "VERIFIED", "operations": 17337449}
{"stage": "aa", "arm": "incumbent", "case": "n19a0-000", "rep": 1, "status": "VERIFIED", "operations": 17337212}
{"stage": "aa", "arm": "incumbent", "case": "n17a1-000", "rep": 2, "status": "VERIFIED", "operations": 9620480}
{"stage": "aa", "arm": "aa_control", "case": "n17a1-000", "rep": 2, "status": "VERIFIED", "operations": 9619774}
{"stage": "aa", "arm": "incumbent", "case": "n17a1-000", "rep": 1, "status": "VERIFIED", "operations": 9620703}
{"stage": "aa", "arm": "aa_control", "case": "n17a1-000", "rep": 1, "status": "VERIFIED", "operations": 9620432}
{"stage": "aa", "arm": "incumbent", "case": "n23a0-000", "rep": 0, "status": "VERIFIED", "operations": 29022556}
{"stage": "aa", "arm": "aa_control", "case": "n23a0-000", "rep": 0, "status": "VERIFIED", "operations": 29022844}
{"stage": "aa", "arm": "incumbent", "case": "n13a0-000", "rep": 1, "status": "VERIFIED", "operations": 7312241}
{"stage": "aa", "arm": "aa_control", "case": "n13a0-000", "rep": 1, "status": "VERIFIED", "operations": 7312364}
{"stage": "aa", "arm": "incumbent", "case": "n13a0-000", "rep": 0, "status": "VERIFIED", "operations": 7312672}
{"stage": "aa", "arm": "aa_control", "case": "n13a0-000", "rep": 0, "status": "VERIFIED", "operations": 7312450}
{"stage": "smoke", "arm": "combined_dense", "case": "n17a1-000", "rep": 1, "status": "VERIFIED", "operations": 9501772}
{"stage": "smoke", "arm": "rho", "case": "n17a1-000", "rep": 1, "status": "VERIFIED", "operations": 9211907}
{"stage": "smoke", "arm": "combined", "case": "n17a1-000", "rep": 1, "status": "VERIFIED", "operations": 9533921}
{"stage": "smoke", "arm": "orbit_projection", "case": "n17a1-000", "rep": 1, "status": "VERIFIED", "operations": 9537634}
{"stage": "smoke", "arm": "serial_collection", "case": "n17a1-000", "rep": 1, "status": "VERIFIED", "operations": 9840489}
{"stage": "smoke", "arm": "incumbent", "case": "n17a1-000", "rep": 1, "status": "VERIFIED", "operations": 9842310}
{"stage": "smoke", "arm": "orbit_projection", "case": "n19a0-000", "rep": 1, "status": "VERIFIED", "operations": 16122413}
{"stage": "smoke", "arm": "rho", "case": "n19a0-000", "rep": 1, "status": "VERIFIED", "operations": 15952236}
{"stage": "smoke", "arm": "combined", "case": "n19a0-000", "rep": 1, "status": "VERIFIED", "operations": 16120152}
{"stage": "smoke", "arm": "combined_dense", "case": "n19a0-000", "rep": 1, "status": "VERIFIED", "operations": 16089540}
{"stage": "smoke", "arm": "incumbent", "case": "n19a0-000", "rep": 1, "status": "VERIFIED", "operations": 16983382}
{"stage": "smoke", "arm": "serial_collection", "case": "n19a0-000", "rep": 1, "status": "VERIFIED", "operations": 16981656}
{"stage": "smoke", "arm": "rho", "case": "n23a0-000", "rep": 0, "status": "VERIFIED", "operations": 23636523}
{"stage": "smoke", "arm": "incumbent", "case": "n23a0-000", "rep": 0, "status": "VERIFIED", "operations": 26448635}
{"stage": "smoke", "arm": "orbit_projection", "case": "n23a0-000", "rep": 0, "status": "VERIFIED", "operations": 25186068}
{"stage": "smoke", "arm": "combined_dense", "case": "n23a0-000", "rep": 0, "status": "VERIFIED", "operations": 25144171}
{"stage": "smoke", "arm": "serial_collection", "case": "n23a0-000", "rep": 0, "status": "VERIFIED", "operations": 26441499}
{"stage": "smoke", "arm": "combined", "case": "n23a0-000", "rep": 0, "status": "VERIFIED", "operations": 25178703}
{"stage": "smoke", "arm": "combined", "case": "n13a0-000", "rep": 2, "status": "VERIFIED", "operations": 6775203}
{"stage": "smoke", "arm": "orbit_projection", "case": "n13a0-000", "rep": 2, "status": "VERIFIED", "operations": 6776901}
{"stage": "smoke", "arm": "rho", "case": "n13a0-000", "rep": 2, "status": "VERIFIED", "operations": 5870264}
{"stage": "smoke", "arm": "combined_dense", "case": "n13a0-000", "rep": 2, "status": "VERIFIED", "operations": 6736493}
{"stage": "smoke", "arm": "incumbent", "case": "n13a0-000", "rep": 2, "status": "VERIFIED", "operations": 7140253}
{"stage": "smoke", "arm": "serial_collection", "case": "n13a0-000", "rep": 2, "status": "VERIFIED", "operations": 7138125}
{"stage": "smoke", "arm": "orbit_projection", "case": "n13a0-000", "rep": 1, "status": "VERIFIED", "operations": 6776506}
{"stage": "smoke", "arm": "incumbent", "case": "n13a0-000", "rep": 1, "status": "VERIFIED", "operations": 7141124}
{"stage": "smoke", "arm": "serial_collection", "case": "n13a0-000", "rep": 1, "status": "VERIFIED", "operations": 7138364}
{"stage": "smoke", "arm": "combined_dense", "case": "n13a0-000", "rep": 1, "status": "VERIFIED", "operations": 6736224}
{"stage": "smoke", "arm": "rho", "case": "n13a0-000", "rep": 1, "status": "VERIFIED", "operations": 5870295}
{"stage": "smoke", "arm": "combined", "case": "n13a0-000", "rep": 1, "status": "VERIFIED", "operations": 6774782}
{"stage": "smoke", "arm": "orbit_projection", "case": "n23a0-000", "rep": 2, "status": "VERIFIED", "operations": 25185328}
{"stage": "smoke", "arm": "incumbent", "case": "n23a0-000", "rep": 2, "status": "VERIFIED", "operations": 26448609}
{"stage": "smoke", "arm": "rho", "case": "n23a0-000", "rep": 2, "status": "VERIFIED", "operations": 23635148}
{"stage": "smoke", "arm": "serial_collection", "case": "n23a0-000", "rep": 2, "status": "VERIFIED", "operations": 26440910}
{"stage": "smoke", "arm": "combined_dense", "case": "n23a0-000", "rep": 2, "status": "VERIFIED", "operations": 25143865}
{"stage": "smoke", "arm": "combined", "case": "n23a0-000", "rep": 2, "status": "VERIFIED", "operations": 25178114}
{"stage": "smoke", "arm": "orbit_projection", "case": "n19a0-000", "rep": 0, "status": "VERIFIED", "operations": 16122550}
{"stage": "smoke", "arm": "rho", "case": "n19a0-000", "rep": 0, "status": "VERIFIED", "operations": 15952229}
{"stage": "smoke", "arm": "combined_dense", "case": "n19a0-000", "rep": 0, "status": "VERIFIED", "operations": 16089807}
{"stage": "smoke", "arm": "combined", "case": "n19a0-000", "rep": 0, "status": "VERIFIED", "operations": 16119715}
{"stage": "smoke", "arm": "serial_collection", "case": "n19a0-000", "rep": 0, "status": "VERIFIED", "operations": 16981683}
{"stage": "smoke", "arm": "incumbent", "case": "n19a0-000", "rep": 0, "status": "VERIFIED", "operations": 16983840}
{"stage": "smoke", "arm": "combined", "case": "n17a1-000", "rep": 0, "status": "VERIFIED", "operations": 9533778}
{"stage": "smoke", "arm": "rho", "case": "n17a1-000", "rep": 0, "status": "VERIFIED", "operations": 9211897}
{"stage": "smoke", "arm": "orbit_projection", "case": "n17a1-000", "rep": 0, "status": "VERIFIED", "operations": 9537929}
{"stage": "smoke", "arm": "incumbent", "case": "n17a1-000", "rep": 0, "status": "VERIFIED", "operations": 9842620}
{"stage": "smoke", "arm": "combined_dense", "case": "n17a1-000", "rep": 0, "status": "VERIFIED", "operations": 9501774}
{"stage": "smoke", "arm": "serial_collection", "case": "n17a1-000", "rep": 0, "status": "VERIFIED", "operations": 9839795}
{"stage": "smoke", "arm": "serial_collection", "case": "n17a1-000", "rep": 2, "status": "VERIFIED", "operations": 9839791}
{"stage": "smoke", "arm": "orbit_projection", "case": "n17a1-000", "rep": 2, "status": "VERIFIED", "operations": 9537760}
{"stage": "smoke", "arm": "rho", "case": "n17a1-000", "rep": 2, "status": "VERIFIED", "operations": 9211902}
{"stage": "smoke", "arm": "combined", "case": "n17a1-000", "rep": 2, "status": "VERIFIED", "operations": 9534101}
{"stage": "smoke", "arm": "incumbent", "case": "n17a1-000", "rep": 2, "status": "VERIFIED", "operations": 9842317}
{"stage": "smoke", "arm": "combined_dense", "case": "n17a1-000", "rep": 2, "status": "VERIFIED", "operations": 9501689}
{"stage": "smoke", "arm": "combined_dense", "case": "n13a0-000", "rep": 0, "status": "VERIFIED", "operations": 6735802}
{"stage": "smoke", "arm": "combined", "case": "n13a0-000", "rep": 0, "status": "VERIFIED", "operations": 6774267}
{"stage": "smoke", "arm": "serial_collection", "case": "n13a0-000", "rep": 0, "status": "VERIFIED", "operations": 7138126}
{"stage": "smoke", "arm": "rho", "case": "n13a0-000", "rep": 0, "status": "VERIFIED", "operations": 5870264}
{"stage": "smoke", "arm": "incumbent", "case": "n13a0-000", "rep": 0, "status": "VERIFIED", "operations": 7140416}
{"stage": "smoke", "arm": "orbit_projection", "case": "n13a0-000", "rep": 0, "status": "VERIFIED", "operations": 6776729}
{"stage": "smoke", "arm": "rho", "case": "n23a0-000", "rep": 1, "status": "VERIFIED", "operations": 23635595}
{"stage": "smoke", "arm": "serial_collection", "case": "n23a0-000", "rep": 1, "status": "VERIFIED", "operations": 26441013}
{"stage": "smoke", "arm": "combined", "case": "n23a0-000", "rep": 1, "status": "VERIFIED", "operations": 25178402}
{"stage": "smoke", "arm": "incumbent", "case": "n23a0-000", "rep": 1, "status": "VERIFIED", "operations": 26448062}
{"stage": "smoke", "arm": "combined_dense", "case": "n23a0-000", "rep": 1, "status": "VERIFIED", "operations": 25143871}
{"stage": "smoke", "arm": "orbit_projection", "case": "n23a0-000", "rep": 1, "status": "VERIFIED", "operations": 25186035}
{"stage": "smoke", "arm": "orbit_projection", "case": "n19a0-000", "rep": 2, "status": "VERIFIED", "operations": 16122741}
{"stage": "smoke", "arm": "combined_dense", "case": "n19a0-000", "rep": 2, "status": "VERIFIED", "operations": 16089656}
{"stage": "smoke", "arm": "combined", "case": "n19a0-000", "rep": 2, "status": "VERIFIED", "operations": 16120578}
{"stage": "smoke", "arm": "incumbent", "case": "n19a0-000", "rep": 2, "status": "VERIFIED", "operations": 16983520}
{"stage": "smoke", "arm": "serial_collection", "case": "n19a0-000", "rep": 2, "status": "VERIFIED", "operations": 16981237}
{"stage": "smoke", "arm": "rho", "case": "n19a0-000", "rep": 2, "status": "VERIFIED", "operations": 15952960}
{"stage": "development", "arm": "serial_collection", "case": "n13a0-002", "rep": 0, "status": "VERIFIED", "operations": 7234615}
{"stage": "development", "arm": "rho", "case": "n13a0-002", "rep": 0, "status": "VERIFIED", "operations": 5811638}
{"stage": "development", "arm": "combined_dense", "case": "n13a0-002", "rep": 0, "status": "VERIFIED", "operations": 6833455}
{"stage": "development", "arm": "orbit_projection", "case": "n13a0-002", "rep": 0, "status": "VERIFIED", "operations": 6873311}
{"stage": "development", "arm": "incumbent", "case": "n13a0-002", "rep": 0, "status": "VERIFIED", "operations": 7236839}
{"stage": "development", "arm": "combined", "case": "n13a0-002", "rep": 0, "status": "VERIFIED", "operations": 6871110}
{"stage": "development", "arm": "incumbent", "case": "n13a0-000", "rep": 1, "status": "VERIFIED", "operations": 7003926}
{"stage": "development", "arm": "combined", "case": "n13a0-000", "rep": 1, "status": "VERIFIED", "operations": 6638377}
{"stage": "development", "arm": "serial_collection", "case": "n13a0-000", "rep": 1, "status": "VERIFIED", "operations": 7001679}
{"stage": "development", "arm": "combined_dense", "case": "n13a0-000", "rep": 1, "status": "VERIFIED", "operations": 6599557}
{"stage": "development", "arm": "orbit_projection", "case": "n13a0-000", "rep": 1, "status": "VERIFIED", "operations": 6640513}
{"stage": "development", "arm": "rho", "case": "n13a0-000", "rep": 1, "status": "VERIFIED", "operations": 5487344}
{"stage": "development", "arm": "combined", "case": "n19a0-000", "rep": 1, "status": "VERIFIED", "operations": 17036373}
{"stage": "development", "arm": "orbit_projection", "case": "n19a0-000", "rep": 1, "status": "VERIFIED", "operations": 17038693}
{"stage": "development", "arm": "incumbent", "case": "n19a0-000", "rep": 1, "status": "VERIFIED", "operations": 17900173}
{"stage": "development", "arm": "combined_dense", "case": "n19a0-000", "rep": 1, "status": "VERIFIED", "operations": 16999292}
{"stage": "development", "arm": "serial_collection", "case": "n19a0-000", "rep": 1, "status": "VERIFIED", "operations": 17897858}
{"stage": "development", "arm": "rho", "case": "n19a0-000", "rep": 1, "status": "VERIFIED", "operations": 16668833}
{"stage": "development", "arm": "rho", "case": "n19a0-001", "rep": 2, "status": "VERIFIED", "operations": 16435425}
{"stage": "development", "arm": "combined_dense", "case": "n19a0-001", "rep": 2, "status": "VERIFIED", "operations": 15720933}
{"stage": "development", "arm": "orbit_projection", "case": "n19a0-001", "rep": 2, "status": "VERIFIED", "operations": 15765241}
{"stage": "development", "arm": "incumbent", "case": "n19a0-001", "rep": 2, "status": "VERIFIED", "operations": 16627969}
{"stage": "development", "arm": "serial_collection", "case": "n19a0-001", "rep": 2, "status": "VERIFIED", "operations": 16626490}
{"stage": "development", "arm": "combined", "case": "n19a0-001", "rep": 2, "status": "VERIFIED", "operations": 15761579}
{"stage": "development", "arm": "incumbent", "case": "n13a0-001", "rep": 1, "status": "VERIFIED", "operations": 7358174}
{"stage": "development", "arm": "rho", "case": "n13a0-001", "rep": 1, "status": "VERIFIED", "operations": 5947947}
{"stage": "development", "arm": "combined_dense", "case": "n13a0-001", "rep": 1, "status": "VERIFIED", "operations": 6957002}
{"stage": "development", "arm": "orbit_projection", "case": "n13a0-001", "rep": 1, "status": "VERIFIED", "operations": 6995110}
{"stage": "development", "arm": "serial_collection", "case": "n13a0-001", "rep": 1, "status": "VERIFIED", "operations": 7356956}
{"stage": "development", "arm": "combined", "case": "n13a0-001", "rep": 1, "status": "VERIFIED", "operations": 6992876}
{"stage": "development", "arm": "rho", "case": "n17a1-000", "rep": 0, "status": "VERIFIED", "operations": 9419866}
{"stage": "development", "arm": "incumbent", "case": "n17a1-000", "rep": 0, "status": "VERIFIED", "operations": 10420810}
{"stage": "development", "arm": "orbit_projection", "case": "n17a1-000", "rep": 0, "status": "VERIFIED", "operations": 10115803}
{"stage": "development", "arm": "combined", "case": "n17a1-000", "rep": 0, "status": "VERIFIED", "operations": 10113064}
{"stage": "development", "arm": "combined_dense", "case": "n17a1-000", "rep": 0, "status": "VERIFIED", "operations": 10082513}
{"stage": "development", "arm": "serial_collection", "case": "n17a1-000", "rep": 0, "status": "VERIFIED", "operations": 10417871}
{"stage": "development", "arm": "combined", "case": "n17a1-002", "rep": 2, "status": "VERIFIED", "operations": 9510548}
{"stage": "development", "arm": "rho", "case": "n17a1-002", "rep": 2, "status": "VERIFIED", "operations": 8971574}
{"stage": "development", "arm": "incumbent", "case": "n17a1-002", "rep": 2, "status": "VERIFIED", "operations": 9821598}
{"stage": "development", "arm": "serial_collection", "case": "n17a1-002", "rep": 2, "status": "VERIFIED", "operations": 9819395}
{"stage": "development", "arm": "combined_dense", "case": "n17a1-002", "rep": 2, "status": "VERIFIED", "operations": 9476827}
{"stage": "development", "arm": "orbit_projection", "case": "n17a1-002", "rep": 2, "status": "VERIFIED", "operations": 9517167}
{"stage": "development", "arm": "serial_collection", "case": "n17a1-001", "rep": 0, "status": "VERIFIED", "operations": 10202951}
{"stage": "development", "arm": "combined_dense", "case": "n17a1-001", "rep": 0, "status": "VERIFIED", "operations": 9864294}
{"stage": "development", "arm": "orbit_projection", "case": "n17a1-001", "rep": 0, "status": "VERIFIED", "operations": 9901777}
{"stage": "development", "arm": "rho", "case": "n17a1-001", "rep": 0, "status": "VERIFIED", "operations": 9845617}
{"stage": "development", "arm": "incumbent", "case": "n17a1-001", "rep": 0, "status": "VERIFIED", "operations": 10205274}
{"stage": "development", "arm": "combined", "case": "n17a1-001", "rep": 0, "status": "VERIFIED", "operations": 9897964}
{"stage": "development", "arm": "incumbent", "case": "n23a0-002", "rep": 0, "status": "VERIFIED", "operations": 23323442}
{"stage": "development", "arm": "orbit_projection", "case": "n23a0-002", "rep": 0, "status": "VERIFIED", "operations": 22063040}
{"stage": "development", "arm": "rho", "case": "n23a0-002", "rep": 0, "status": "VERIFIED", "operations": 22821567}
{"stage": "development", "arm": "combined_dense", "case": "n23a0-002", "rep": 0, "status": "VERIFIED", "operations": 22027318}
{"stage": "development", "arm": "combined", "case": "n23a0-002", "rep": 0, "status": "VERIFIED", "operations": 22058488}
{"stage": "development", "arm": "serial_collection", "case": "n23a0-002", "rep": 0, "status": "VERIFIED", "operations": 23319858}
{"stage": "development", "arm": "combined", "case": "n17a1-000", "rep": 2, "status": "VERIFIED", "operations": 10113558}
{"stage": "development", "arm": "rho", "case": "n17a1-000", "rep": 2, "status": "VERIFIED", "operations": 9419845}
{"stage": "development", "arm": "combined_dense", "case": "n17a1-000", "rep": 2, "status": "VERIFIED", "operations": 10082418}
{"stage": "development", "arm": "serial_collection", "case": "n17a1-000", "rep": 2, "status": "VERIFIED", "operations": 10418075}
{"stage": "development", "arm": "orbit_projection", "case": "n17a1-000", "rep": 2, "status": "VERIFIED", "operations": 10115757}
{"stage": "development", "arm": "incumbent", "case": "n17a1-000", "rep": 2, "status": "VERIFIED", "operations": 10421127}
{"stage": "development", "arm": "incumbent", "case": "n19a0-002", "rep": 1, "status": "VERIFIED", "operations": 17330096}
{"stage": "development", "arm": "combined_dense", "case": "n19a0-002", "rep": 1, "status": "VERIFIED", "operations": 16427446}
{"stage": "development", "arm": "serial_collection", "case": "n19a0-002", "rep": 1, "status": "VERIFIED", "operations": 17326420}
{"stage": "development", "arm": "orbit_projection", "case": "n19a0-002", "rep": 1, "status": "VERIFIED", "operations": 16466504}
{"stage": "development", "arm": "combined", "case": "n19a0-002", "rep": 1, "status": "VERIFIED", "operations": 16462479}
{"stage": "development", "arm": "rho", "case": "n19a0-002", "rep": 1, "status": "VERIFIED", "operations": 14549772}
{"stage": "development", "arm": "incumbent", "case": "n23a0-000", "rep": 1, "status": "VERIFIED", "operations": 25291806}
{"stage": "development", "arm": "serial_collection", "case": "n23a0-000", "rep": 1, "status": "VERIFIED", "operations": 25289727}
{"stage": "development", "arm": "orbit_projection", "case": "n23a0-000", "rep": 1, "status": "VERIFIED", "operations": 24034338}
{"stage": "development", "arm": "combined_dense", "case": "n23a0-000", "rep": 1, "status": "VERIFIED", "operations": 23998431}
{"stage": "development", "arm": "rho", "case": "n23a0-000", "rep": 1, "status": "VERIFIED", "operations": 23613949}
{"stage": "development", "arm": "combined", "case": "n23a0-000", "rep": 1, "status": "VERIFIED", "operations": 24031179}
{"stage": "development", "arm": "combined", "case": "n17a1-001", "rep": 2, "status": "VERIFIED", "operations": 9897795}
{"stage": "development", "arm": "combined_dense", "case": "n17a1-001", "rep": 2, "status": "VERIFIED", "operations": 9864577}
{"stage": "development", "arm": "orbit_projection", "case": "n17a1-001", "rep": 2, "status": "VERIFIED", "operations": 9901760}
{"stage": "development", "arm": "rho", "case": "n17a1-001", "rep": 2, "status": "VERIFIED", "operations": 9846128}
{"stage": "development", "arm": "incumbent", "case": "n17a1-001", "rep": 2, "status": "VERIFIED", "operations": 10205051}
{"stage": "development", "arm": "serial_collection", "case": "n17a1-001", "rep": 2, "status": "VERIFIED", "operations": 10203017}
{"stage": "development", "arm": "orbit_projection", "case": "n19a0-000", "rep": 0, "status": "VERIFIED", "operations": 17038903}
{"stage": "development", "arm": "incumbent", "case": "n19a0-000", "rep": 0, "status": "VERIFIED", "operations": 17900390}
{"stage": "development", "arm": "serial_collection", "case": "n19a0-000", "rep": 0, "status": "VERIFIED", "operations": 17897975}
{"stage": "development", "arm": "combined", "case": "n19a0-000", "rep": 0, "status": "VERIFIED", "operations": 17036052}
{"stage": "development", "arm": "combined_dense", "case": "n19a0-000", "rep": 0, "status": "VERIFIED", "operations": 16999677}
{"stage": "development", "arm": "rho", "case": "n19a0-000", "rep": 0, "status": "VERIFIED", "operations": 16668859}
{"stage": "development", "arm": "combined", "case": "n13a0-000", "rep": 2, "status": "VERIFIED", "operations": 6638031}
{"stage": "development", "arm": "serial_collection", "case": "n13a0-000", "rep": 2, "status": "VERIFIED", "operations": 7001673}
{"stage": "development", "arm": "rho", "case": "n13a0-000", "rep": 2, "status": "VERIFIED", "operations": 5487344}
{"stage": "development", "arm": "incumbent", "case": "n13a0-000", "rep": 2, "status": "VERIFIED", "operations": 7004387}
{"stage": "development", "arm": "orbit_projection", "case": "n13a0-000", "rep": 2, "status": "VERIFIED", "operations": 6640058}
{"stage": "development", "arm": "combined_dense", "case": "n13a0-000", "rep": 2, "status": "VERIFIED", "operations": 6599918}
{"stage": "development", "arm": "rho", "case": "n13a0-002", "rep": 1, "status": "VERIFIED", "operations": 5811674}
{"stage": "development", "arm": "combined", "case": "n13a0-002", "rep": 1, "status": "VERIFIED", "operations": 6871235}
{"stage": "development", "arm": "orbit_projection", "case": "n13a0-002", "rep": 1, "status": "VERIFIED", "operations": 6873523}
{"stage": "development", "arm": "combined_dense", "case": "n13a0-002", "rep": 1, "status": "VERIFIED", "operations": 6833811}
{"stage": "development", "arm": "incumbent", "case": "n13a0-002", "rep": 1, "status": "VERIFIED", "operations": 7236863}
{"stage": "development", "arm": "serial_collection", "case": "n13a0-002", "rep": 1, "status": "VERIFIED", "operations": 7234628}
{"stage": "development", "arm": "combined_dense", "case": "n17a1-002", "rep": 0, "status": "VERIFIED", "operations": 9477083}
{"stage": "development", "arm": "serial_collection", "case": "n17a1-002", "rep": 0, "status": "VERIFIED", "operations": 9818905}
{"stage": "development", "arm": "combined", "case": "n17a1-002", "rep": 0, "status": "VERIFIED", "operations": 9511320}
{"stage": "development", "arm": "orbit_projection", "case": "n17a1-002", "rep": 0, "status": "VERIFIED", "operations": 9517415}
{"stage": "development", "arm": "rho", "case": "n17a1-002", "rep": 0, "status": "VERIFIED", "operations": 8971483}
{"stage": "development", "arm": "incumbent", "case": "n17a1-002", "rep": 0, "status": "VERIFIED", "operations": 9821658}
{"stage": "development", "arm": "orbit_projection", "case": "n19a0-000", "rep": 2, "status": "VERIFIED", "operations": 17038977}
{"stage": "development", "arm": "serial_collection", "case": "n19a0-000", "rep": 2, "status": "VERIFIED", "operations": 17897919}
{"stage": "development", "arm": "combined_dense", "case": "n19a0-000", "rep": 2, "status": "VERIFIED", "operations": 16999570}
{"stage": "development", "arm": "combined", "case": "n19a0-000", "rep": 2, "status": "VERIFIED", "operations": 17036368}
{"stage": "development", "arm": "incumbent", "case": "n19a0-000", "rep": 2, "status": "VERIFIED", "operations": 17899971}
{"stage": "development", "arm": "rho", "case": "n19a0-000", "rep": 2, "status": "VERIFIED", "operations": 16668781}
{"stage": "development", "arm": "combined_dense", "case": "n23a0-001", "rep": 2, "status": "VERIFIED", "operations": 39292047}
{"stage": "development", "arm": "combined", "case": "n23a0-001", "rep": 2, "status": "VERIFIED", "operations": 39319971}
{"stage": "development", "arm": "orbit_projection", "case": "n23a0-001", "rep": 2, "status": "VERIFIED", "operations": 39344292}
{"stage": "development", "arm": "rho", "case": "n23a0-001", "rep": 2, "status": "VERIFIED", "operations": 22522762}
{"stage": "development", "arm": "incumbent", "case": "n23a0-001", "rep": 2, "status": "VERIFIED", "operations": 40622711}
{"stage": "development", "arm": "serial_collection", "case": "n23a0-001", "rep": 2, "status": "VERIFIED", "operations": 40599534}
{"stage": "development", "arm": "serial_collection", "case": "n17a1-002", "rep": 1, "status": "VERIFIED", "operations": 9818976}
{"stage": "development", "arm": "orbit_projection", "case": "n17a1-002", "rep": 1, "status": "VERIFIED", "operations": 9517940}
{"stage": "development", "arm": "incumbent", "case": "n17a1-002", "rep": 1, "status": "VERIFIED", "operations": 9821810}
{"stage": "development", "arm": "rho", "case": "n17a1-002", "rep": 1, "status": "VERIFIED", "operations": 8971648}
{"stage": "development", "arm": "combined", "case": "n17a1-002", "rep": 1, "status": "VERIFIED", "operations": 9511110}
{"stage": "development", "arm": "combined_dense", "case": "n17a1-002", "rep": 1, "status": "VERIFIED", "operations": 9476360}
{"stage": "development", "arm": "incumbent", "case": "n23a0-001", "rep": 1, "status": "VERIFIED", "operations": 40621867}
{"stage": "development", "arm": "combined_dense", "case": "n23a0-001", "rep": 1, "status": "VERIFIED", "operations": 39292472}
{"stage": "development", "arm": "orbit_projection", "case": "n23a0-001", "rep": 1, "status": "VERIFIED", "operations": 39344858}
{"stage": "development", "arm": "rho", "case": "n23a0-001", "rep": 1, "status": "VERIFIED", "operations": 22522703}
{"stage": "development", "arm": "combined", "case": "n23a0-001", "rep": 1, "status": "VERIFIED", "operations": 39320137}
{"stage": "development", "arm": "serial_collection", "case": "n23a0-001", "rep": 1, "status": "VERIFIED", "operations": 40599449}
{"stage": "development", "arm": "incumbent", "case": "n13a0-002", "rep": 2, "status": "VERIFIED", "operations": 7236868}
{"stage": "development", "arm": "orbit_projection", "case": "n13a0-002", "rep": 2, "status": "VERIFIED", "operations": 6873665}
{"stage": "development", "arm": "rho", "case": "n13a0-002", "rep": 2, "status": "VERIFIED", "operations": 5811638}
{"stage": "development", "arm": "serial_collection", "case": "n13a0-002", "rep": 2, "status": "VERIFIED", "operations": 7234600}
{"stage": "development", "arm": "combined", "case": "n13a0-002", "rep": 2, "status": "VERIFIED", "operations": 6871059}
{"stage": "development", "arm": "combined_dense", "case": "n13a0-002", "rep": 2, "status": "VERIFIED", "operations": 6833662}
{"stage": "development", "arm": "rho", "case": "n19a0-002", "rep": 0, "status": "VERIFIED", "operations": 14549767}
{"stage": "development", "arm": "serial_collection", "case": "n19a0-002", "rep": 0, "status": "VERIFIED", "operations": 17326085}
{"stage": "development", "arm": "incumbent", "case": "n19a0-002", "rep": 0, "status": "VERIFIED", "operations": 17330344}
{"stage": "development", "arm": "orbit_projection", "case": "n19a0-002", "rep": 0, "status": "VERIFIED", "operations": 16466356}
{"stage": "development", "arm": "combined_dense", "case": "n19a0-002", "rep": 0, "status": "VERIFIED", "operations": 16427504}
{"stage": "development", "arm": "combined", "case": "n19a0-002", "rep": 0, "status": "VERIFIED", "operations": 16461675}
{"stage": "development", "arm": "rho", "case": "n23a0-002", "rep": 1, "status": "VERIFIED", "operations": 22821734}
{"stage": "development", "arm": "incumbent", "case": "n23a0-002", "rep": 1, "status": "VERIFIED", "operations": 23323307}
{"stage": "development", "arm": "combined", "case": "n23a0-002", "rep": 1, "status": "VERIFIED", "operations": 22058453}
{"stage": "development", "arm": "serial_collection", "case": "n23a0-002", "rep": 1, "status": "VERIFIED", "operations": 23321028}
{"stage": "development", "arm": "orbit_projection", "case": "n23a0-002", "rep": 1, "status": "VERIFIED", "operations": 22062620}
{"stage": "development", "arm": "combined_dense", "case": "n23a0-002", "rep": 1, "status": "VERIFIED", "operations": 22027080}
{"stage": "development", "arm": "serial_collection", "case": "n23a0-000", "rep": 0, "status": "VERIFIED", "operations": 25289502}
{"stage": "development", "arm": "combined", "case": "n23a0-000", "rep": 0, "status": "VERIFIED", "operations": 24031325}
{"stage": "development", "arm": "incumbent", "case": "n23a0-000", "rep": 0, "status": "VERIFIED", "operations": 25291965}
{"stage": "development", "arm": "orbit_projection", "case": "n23a0-000", "rep": 0, "status": "VERIFIED", "operations": 24034204}
{"stage": "development", "arm": "rho", "case": "n23a0-000", "rep": 0, "status": "VERIFIED", "operations": 23613599}
{"stage": "development", "arm": "combined_dense", "case": "n23a0-000", "rep": 0, "status": "VERIFIED", "operations": 23998675}
{"stage": "development", "arm": "serial_collection", "case": "n19a0-002", "rep": 2, "status": "VERIFIED", "operations": 17326257}
{"stage": "development", "arm": "combined_dense", "case": "n19a0-002", "rep": 2, "status": "VERIFIED", "operations": 16427599}
{"stage": "development", "arm": "incumbent", "case": "n19a0-002", "rep": 2, "status": "VERIFIED", "operations": 17330619}
{"stage": "development", "arm": "orbit_projection", "case": "n19a0-002", "rep": 2, "status": "VERIFIED", "operations": 16466269}
{"stage": "development", "arm": "rho", "case": "n19a0-002", "rep": 2, "status": "VERIFIED", "operations": 14549805}
{"stage": "development", "arm": "combined", "case": "n19a0-002", "rep": 2, "status": "VERIFIED", "operations": 16462105}
{"stage": "development", "arm": "incumbent", "case": "n13a0-001", "rep": 2, "status": "VERIFIED", "operations": 7358968}
{"stage": "development", "arm": "orbit_projection", "case": "n13a0-001", "rep": 2, "status": "VERIFIED", "operations": 6995106}
{"stage": "development", "arm": "combined_dense", "case": "n13a0-001", "rep": 2, "status": "VERIFIED", "operations": 6957058}
{"stage": "development", "arm": "combined", "case": "n13a0-001", "rep": 2, "status": "VERIFIED", "operations": 6993195}
{"stage": "development", "arm": "serial_collection", "case": "n13a0-001", "rep": 2, "status": "VERIFIED", "operations": 7357452}
{"stage": "development", "arm": "rho", "case": "n13a0-001", "rep": 2, "status": "VERIFIED", "operations": 5947947}
{"stage": "development", "arm": "combined_dense", "case": "n13a0-001", "rep": 0, "status": "VERIFIED", "operations": 6957070}
{"stage": "development", "arm": "rho", "case": "n13a0-001", "rep": 0, "status": "VERIFIED", "operations": 5947983}
{"stage": "development", "arm": "incumbent", "case": "n13a0-001", "rep": 0, "status": "VERIFIED", "operations": 7358688}
{"stage": "development", "arm": "orbit_projection", "case": "n13a0-001", "rep": 0, "status": "VERIFIED", "operations": 6995310}
{"stage": "development", "arm": "serial_collection", "case": "n13a0-001", "rep": 0, "status": "VERIFIED", "operations": 7356414}
{"stage": "development", "arm": "combined", "case": "n13a0-001", "rep": 0, "status": "VERIFIED", "operations": 6993748}
{"stage": "development", "arm": "rho", "case": "n19a0-001", "rep": 0, "status": "VERIFIED", "operations": 16435592}
{"stage": "development", "arm": "combined", "case": "n19a0-001", "rep": 0, "status": "VERIFIED", "operations": 15761426}
{"stage": "development", "arm": "incumbent", "case": "n19a0-001", "rep": 0, "status": "VERIFIED", "operations": 16627781}
{"stage": "development", "arm": "serial_collection", "case": "n19a0-001", "rep": 0, "status": "VERIFIED", "operations": 16626371}
{"stage": "development", "arm": "orbit_projection", "case": "n19a0-001", "rep": 0, "status": "VERIFIED", "operations": 15765198}
{"stage": "development", "arm": "combined_dense", "case": "n19a0-001", "rep": 0, "status": "VERIFIED", "operations": 15721118}
{"stage": "development", "arm": "combined_dense", "case": "n19a0-001", "rep": 1, "status": "VERIFIED", "operations": 15720977}
{"stage": "development", "arm": "serial_collection", "case": "n19a0-001", "rep": 1, "status": "VERIFIED", "operations": 16626125}
{"stage": "development", "arm": "combined", "case": "n19a0-001", "rep": 1, "status": "VERIFIED", "operations": 15762132}
{"stage": "development", "arm": "orbit_projection", "case": "n19a0-001", "rep": 1, "status": "VERIFIED", "operations": 15764843}
{"stage": "development", "arm": "incumbent", "case": "n19a0-001", "rep": 1, "status": "VERIFIED", "operations": 16628077}
{"stage": "development", "arm": "rho", "case": "n19a0-001", "rep": 1, "status": "VERIFIED", "operations": 16435517}
{"stage": "development", "arm": "combined_dense", "case": "n17a1-000", "rep": 1, "status": "VERIFIED", "operations": 10081390}
{"stage": "development", "arm": "combined", "case": "n17a1-000", "rep": 1, "status": "VERIFIED", "operations": 10113174}
{"stage": "development", "arm": "rho", "case": "n17a1-000", "rep": 1, "status": "VERIFIED", "operations": 9419866}
{"stage": "development", "arm": "serial_collection", "case": "n17a1-000", "rep": 1, "status": "VERIFIED", "operations": 10417800}
{"stage": "development", "arm": "incumbent", "case": "n17a1-000", "rep": 1, "status": "VERIFIED", "operations": 10420737}
{"stage": "development", "arm": "orbit_projection", "case": "n17a1-000", "rep": 1, "status": "VERIFIED", "operations": 10116180}
{"stage": "development", "arm": "incumbent", "case": "n17a1-001", "rep": 1, "status": "VERIFIED", "operations": 10205381}
{"stage": "development", "arm": "rho", "case": "n17a1-001", "rep": 1, "status": "VERIFIED", "operations": 9845793}
{"stage": "development", "arm": "combined_dense", "case": "n17a1-001", "rep": 1, "status": "VERIFIED", "operations": 9864901}
{"stage": "development", "arm": "combined", "case": "n17a1-001", "rep": 1, "status": "VERIFIED", "operations": 9897562}
{"stage": "development", "arm": "serial_collection", "case": "n17a1-001", "rep": 1, "status": "VERIFIED", "operations": 10202691}
{"stage": "development", "arm": "orbit_projection", "case": "n17a1-001", "rep": 1, "status": "VERIFIED", "operations": 9901646}
{"stage": "development", "arm": "rho", "case": "n23a0-002", "rep": 2, "status": "VERIFIED", "operations": 22821517}
{"stage": "development", "arm": "incumbent", "case": "n23a0-002", "rep": 2, "status": "VERIFIED", "operations": 23322675}
{"stage": "development", "arm": "serial_collection", "case": "n23a0-002", "rep": 2, "status": "VERIFIED", "operations": 23319438}
{"stage": "development", "arm": "orbit_projection", "case": "n23a0-002", "rep": 2, "status": "VERIFIED", "operations": 22062553}
{"stage": "development", "arm": "combined_dense", "case": "n23a0-002", "rep": 2, "status": "VERIFIED", "operations": 22026918}
{"stage": "development", "arm": "combined", "case": "n23a0-002", "rep": 2, "status": "VERIFIED", "operations": 22058451}
{"stage": "development", "arm": "orbit_projection", "case": "n23a0-000", "rep": 2, "status": "VERIFIED", "operations": 24033798}
{"stage": "development", "arm": "incumbent", "case": "n23a0-000", "rep": 2, "status": "VERIFIED", "operations": 25291560}
{"stage": "development", "arm": "combined", "case": "n23a0-000", "rep": 2, "status": "VERIFIED", "operations": 24031570}
{"stage": "development", "arm": "serial_collection", "case": "n23a0-000", "rep": 2, "status": "VERIFIED", "operations": 25289560}
{"stage": "development", "arm": "rho", "case": "n23a0-000", "rep": 2, "status": "VERIFIED", "operations": 23612597}
{"stage": "development", "arm": "combined_dense", "case": "n23a0-000", "rep": 2, "status": "VERIFIED", "operations": 23997977}
{"stage": "development", "arm": "serial_collection", "case": "n13a0-000", "rep": 0, "status": "VERIFIED", "operations": 7001540}
{"stage": "development", "arm": "incumbent", "case": "n13a0-000", "rep": 0, "status": "VERIFIED", "operations": 7004025}
{"stage": "development", "arm": "rho", "case": "n13a0-000", "rep": 0, "status": "VERIFIED", "operations": 5487337}
{"stage": "development", "arm": "combined_dense", "case": "n13a0-000", "rep": 0, "status": "VERIFIED", "operations": 6599117}
{"stage": "development", "arm": "orbit_projection", "case": "n13a0-000", "rep": 0, "status": "VERIFIED", "operations": 6640047}
{"stage": "development", "arm": "combined", "case": "n13a0-000", "rep": 0, "status": "VERIFIED", "operations": 6638458}
{"stage": "development", "arm": "combined", "case": "n23a0-001", "rep": 0, "status": "VERIFIED", "operations": 39320825}
{"stage": "development", "arm": "serial_collection", "case": "n23a0-001", "rep": 0, "status": "VERIFIED", "operations": 40598103}
{"stage": "development", "arm": "rho", "case": "n23a0-001", "rep": 0, "status": "VERIFIED", "operations": 22522655}
{"stage": "development", "arm": "orbit_projection", "case": "n23a0-001", "rep": 0, "status": "VERIFIED", "operations": 39344507}
{"stage": "development", "arm": "combined_dense", "case": "n23a0-001", "rep": 0, "status": "VERIFIED", "operations": 39292492}
{"stage": "development", "arm": "incumbent", "case": "n23a0-001", "rep": 0, "status": "VERIFIED", "operations": 40622178}
{"stage": "selection", "arm": "incumbent", "case": "n23a0-002", "rep": 0, "status": "VERIFIED", "operations": 32923101}
{"stage": "selection", "arm": "combined", "case": "n23a0-002", "rep": 0, "status": "VERIFIED", "operations": 31645215}
{"stage": "selection", "arm": "rho", "case": "n23a0-002", "rep": 0, "status": "VERIFIED", "operations": 23652452}
{"stage": "selection", "arm": "combined_dense", "case": "n23a0-002", "rep": 0, "status": "VERIFIED", "operations": 31606221}
{"stage": "selection", "arm": "rho", "case": "n19a0-000", "rep": 0, "status": "VERIFIED", "operations": 14924611}
{"stage": "selection", "arm": "combined", "case": "n19a0-000", "rep": 0, "status": "VERIFIED", "operations": 15566464}
{"stage": "selection", "arm": "combined_dense", "case": "n19a0-000", "rep": 0, "status": "VERIFIED", "operations": 15535137}
{"stage": "selection", "arm": "incumbent", "case": "n19a0-000", "rep": 0, "status": "VERIFIED", "operations": 16430271}
{"stage": "selection", "arm": "incumbent", "case": "n17a1-001", "rep": 1, "status": "VERIFIED", "operations": 9682031}
{"stage": "selection", "arm": "combined_dense", "case": "n17a1-001", "rep": 1, "status": "VERIFIED", "operations": 9339798}
{"stage": "selection", "arm": "combined", "case": "n17a1-001", "rep": 1, "status": "VERIFIED", "operations": 9374413}
{"stage": "selection", "arm": "rho", "case": "n17a1-001", "rep": 1, "status": "VERIFIED", "operations": 8845131}
{"stage": "selection", "arm": "combined_dense", "case": "n19a0-001", "rep": 1, "status": "VERIFIED", "operations": 16460825}
{"stage": "selection", "arm": "rho", "case": "n19a0-001", "rep": 1, "status": "VERIFIED", "operations": 16591089}
{"stage": "selection", "arm": "combined", "case": "n19a0-001", "rep": 1, "status": "VERIFIED", "operations": 16496911}
{"stage": "selection", "arm": "incumbent", "case": "n19a0-001", "rep": 1, "status": "VERIFIED", "operations": 17360017}
{"stage": "selection", "arm": "combined", "case": "n13a0-000", "rep": 2, "status": "VERIFIED", "operations": 6765680}
{"stage": "selection", "arm": "incumbent", "case": "n13a0-000", "rep": 2, "status": "VERIFIED", "operations": 7131146}
{"stage": "selection", "arm": "rho", "case": "n13a0-000", "rep": 2, "status": "VERIFIED", "operations": 5828032}
{"stage": "selection", "arm": "combined_dense", "case": "n13a0-000", "rep": 2, "status": "VERIFIED", "operations": 6726813}
{"stage": "selection", "arm": "incumbent", "case": "n17a1-002", "rep": 1, "status": "VERIFIED", "operations": 9853742}
{"stage": "selection", "arm": "rho", "case": "n17a1-002", "rep": 1, "status": "VERIFIED", "operations": 8987730}
{"stage": "selection", "arm": "combined", "case": "n17a1-002", "rep": 1, "status": "VERIFIED", "operations": 9545925}
{"stage": "selection", "arm": "combined_dense", "case": "n17a1-002", "rep": 1, "status": "VERIFIED", "operations": 9507198}
{"stage": "selection", "arm": "incumbent", "case": "n17a1-001", "rep": 0, "status": "VERIFIED", "operations": 9682243}
{"stage": "selection", "arm": "combined", "case": "n17a1-001", "rep": 0, "status": "VERIFIED", "operations": 9374662}
{"stage": "selection", "arm": "rho", "case": "n17a1-001", "rep": 0, "status": "VERIFIED", "operations": 8844987}
{"stage": "selection", "arm": "combined_dense", "case": "n17a1-001", "rep": 0, "status": "VERIFIED", "operations": 9339289}
{"stage": "selection", "arm": "incumbent", "case": "n13a0-002", "rep": 0, "status": "VERIFIED", "operations": 7227752}
{"stage": "selection", "arm": "combined_dense", "case": "n13a0-002", "rep": 0, "status": "VERIFIED", "operations": 6822419}
{"stage": "selection", "arm": "rho", "case": "n13a0-002", "rep": 0, "status": "VERIFIED", "operations": 5913870}
{"stage": "selection", "arm": "combined", "case": "n13a0-002", "rep": 0, "status": "VERIFIED", "operations": 6862157}
{"stage": "selection", "arm": "rho", "case": "n13a0-001", "rep": 0, "status": "VERIFIED", "operations": 5880328}
{"stage": "selection", "arm": "combined_dense", "case": "n13a0-001", "rep": 0, "status": "VERIFIED", "operations": 6840384}
{"stage": "selection", "arm": "incumbent", "case": "n13a0-001", "rep": 0, "status": "VERIFIED", "operations": 7235890}
{"stage": "selection", "arm": "combined", "case": "n13a0-001", "rep": 0, "status": "VERIFIED", "operations": 6870770}
{"stage": "selection", "arm": "combined", "case": "n17a1-001", "rep": 2, "status": "VERIFIED", "operations": 9374523}
{"stage": "selection", "arm": "combined_dense", "case": "n17a1-001", "rep": 2, "status": "VERIFIED", "operations": 9339681}
{"stage": "selection", "arm": "incumbent", "case": "n17a1-001", "rep": 2, "status": "VERIFIED", "operations": 9682286}
{"stage": "selection", "arm": "rho", "case": "n17a1-001", "rep": 2, "status": "VERIFIED", "operations": 8844881}
{"stage": "selection", "arm": "incumbent", "case": "n13a0-000", "rep": 0, "status": "VERIFIED", "operations": 7131458}
{"stage": "selection", "arm": "combined", "case": "n13a0-000", "rep": 0, "status": "VERIFIED", "operations": 6765852}
{"stage": "selection", "arm": "rho", "case": "n13a0-000", "rep": 0, "status": "VERIFIED", "operations": 5828058}
{"stage": "selection", "arm": "combined_dense", "case": "n13a0-000", "rep": 0, "status": "VERIFIED", "operations": 6726122}
{"stage": "selection", "arm": "combined", "case": "n23a0-000", "rep": 2, "status": "VERIFIED", "operations": 24584231}
{"stage": "selection", "arm": "incumbent", "case": "n23a0-000", "rep": 2, "status": "VERIFIED", "operations": 25850402}
{"stage": "selection", "arm": "combined_dense", "case": "n23a0-000", "rep": 2, "status": "VERIFIED", "operations": 24553934}
{"stage": "selection", "arm": "rho", "case": "n23a0-000", "rep": 2, "status": "VERIFIED", "operations": 24152300}
{"stage": "selection", "arm": "rho", "case": "n13a0-002", "rep": 1, "status": "VERIFIED", "operations": 5913870}
{"stage": "selection", "arm": "combined", "case": "n13a0-002", "rep": 1, "status": "VERIFIED", "operations": 6862139}
{"stage": "selection", "arm": "combined_dense", "case": "n13a0-002", "rep": 1, "status": "VERIFIED", "operations": 6822161}
{"stage": "selection", "arm": "incumbent", "case": "n13a0-002", "rep": 1, "status": "VERIFIED", "operations": 7228793}
{"stage": "selection", "arm": "combined_dense", "case": "n13a0-001", "rep": 2, "status": "VERIFIED", "operations": 6840191}
{"stage": "selection", "arm": "rho", "case": "n13a0-001", "rep": 2, "status": "VERIFIED", "operations": 5880338}
{"stage": "selection", "arm": "incumbent", "case": "n13a0-001", "rep": 2, "status": "VERIFIED", "operations": 7235727}
{"stage": "selection", "arm": "combined", "case": "n13a0-001", "rep": 2, "status": "VERIFIED", "operations": 6870913}
{"stage": "selection", "arm": "combined", "case": "n19a0-002", "rep": 2, "status": "VERIFIED", "operations": 16065068}
{"stage": "selection", "arm": "rho", "case": "n19a0-002", "rep": 2, "status": "VERIFIED", "operations": 15927156}
{"stage": "selection", "arm": "combined_dense", "case": "n19a0-002", "rep": 2, "status": "VERIFIED", "operations": 16029529}
{"stage": "selection", "arm": "incumbent", "case": "n19a0-002", "rep": 2, "status": "VERIFIED", "operations": 16927634}
{"stage": "selection", "arm": "rho", "case": "n17a1-002", "rep": 0, "status": "VERIFIED", "operations": 8987704}
{"stage": "selection", "arm": "combined_dense", "case": "n17a1-002", "rep": 0, "status": "VERIFIED", "operations": 9508032}
{"stage": "selection", "arm": "incumbent", "case": "n17a1-002", "rep": 0, "status": "VERIFIED", "operations": 9853015}
{"stage": "selection", "arm": "combined", "case": "n17a1-002", "rep": 0, "status": "VERIFIED", "operations": 9545668}
{"stage": "selection", "arm": "incumbent", "case": "n17a1-000", "rep": 0, "status": "VERIFIED", "operations": 9488855}
{"stage": "selection", "arm": "combined", "case": "n17a1-000", "rep": 0, "status": "VERIFIED", "operations": 9181782}
{"stage": "selection", "arm": "rho", "case": "n17a1-000", "rep": 0, "status": "VERIFIED", "operations": 8793100}
{"stage": "selection", "arm": "combined_dense", "case": "n17a1-000", "rep": 0, "status": "VERIFIED", "operations": 9146195}
{"stage": "selection", "arm": "combined_dense", "case": "n13a0-002", "rep": 2, "status": "VERIFIED", "operations": 6822181}
{"stage": "selection", "arm": "rho", "case": "n13a0-002", "rep": 2, "status": "VERIFIED", "operations": 5913863}
{"stage": "selection", "arm": "combined", "case": "n13a0-002", "rep": 2, "status": "VERIFIED", "operations": 6862522}
{"stage": "selection", "arm": "incumbent", "case": "n13a0-002", "rep": 2, "status": "VERIFIED", "operations": 7227907}
{"stage": "selection", "arm": "rho", "case": "n23a0-000", "rep": 1, "status": "VERIFIED", "operations": 24151733}
{"stage": "selection", "arm": "incumbent", "case": "n23a0-000", "rep": 1, "status": "VERIFIED", "operations": 25850880}
{"stage": "selection", "arm": "combined_dense", "case": "n23a0-000", "rep": 1, "status": "VERIFIED", "operations": 24552997}
{"stage": "selection", "arm": "combined", "case": "n23a0-000", "rep": 1, "status": "VERIFIED", "operations": 24583767}
{"stage": "selection", "arm": "combined_dense", "case": "n19a0-001", "rep": 2, "status": "VERIFIED", "operations": 16461190}
{"stage": "selection", "arm": "combined", "case": "n19a0-001", "rep": 2, "status": "VERIFIED", "operations": 16496402}
{"stage": "selection", "arm": "rho", "case": "n19a0-001", "rep": 2, "status": "VERIFIED", "operations": 16591148}
{"stage": "selection", "arm": "incumbent", "case": "n19a0-001", "rep": 2, "status": "VERIFIED", "operations": 17359653}
{"stage": "selection", "arm": "combined", "case": "n23a0-000", "rep": 0, "status": "VERIFIED", "operations": 24584203}
{"stage": "selection", "arm": "incumbent", "case": "n23a0-000", "rep": 0, "status": "VERIFIED", "operations": 25850730}
{"stage": "selection", "arm": "combined_dense", "case": "n23a0-000", "rep": 0, "status": "VERIFIED", "operations": 24552928}
{"stage": "selection", "arm": "rho", "case": "n23a0-000", "rep": 0, "status": "VERIFIED", "operations": 24151806}
{"stage": "selection", "arm": "combined_dense", "case": "n17a1-002", "rep": 2, "status": "VERIFIED", "operations": 9507573}
{"stage": "selection", "arm": "combined", "case": "n17a1-002", "rep": 2, "status": "VERIFIED", "operations": 9545650}
{"stage": "selection", "arm": "incumbent", "case": "n17a1-002", "rep": 2, "status": "VERIFIED", "operations": 9852892}
{"stage": "selection", "arm": "rho", "case": "n17a1-002", "rep": 2, "status": "VERIFIED", "operations": 8987718}
{"stage": "selection", "arm": "combined_dense", "case": "n13a0-001", "rep": 1, "status": "VERIFIED", "operations": 6840439}
{"stage": "selection", "arm": "incumbent", "case": "n13a0-001", "rep": 1, "status": "VERIFIED", "operations": 7236213}
{"stage": "selection", "arm": "rho", "case": "n13a0-001", "rep": 1, "status": "VERIFIED", "operations": 5880354}
{"stage": "selection", "arm": "combined", "case": "n13a0-001", "rep": 1, "status": "VERIFIED", "operations": 6870995}
{"stage": "selection", "arm": "combined_dense", "case": "n23a0-001", "rep": 0, "status": "VERIFIED", "operations": 22132129}
{"stage": "selection", "arm": "combined", "case": "n23a0-001", "rep": 0, "status": "VERIFIED", "operations": 22159738}
{"stage": "selection", "arm": "incumbent", "case": "n23a0-001", "rep": 0, "status": "VERIFIED", "operations": 23423818}
{"stage": "selection", "arm": "rho", "case": "n23a0-001", "rep": 0, "status": "VERIFIED", "operations": 24496664}
{"stage": "selection", "arm": "rho", "case": "n19a0-002", "rep": 1, "status": "VERIFIED", "operations": 15927296}
{"stage": "selection", "arm": "combined_dense", "case": "n19a0-002", "rep": 1, "status": "VERIFIED", "operations": 16029756}
{"stage": "selection", "arm": "combined", "case": "n19a0-002", "rep": 1, "status": "VERIFIED", "operations": 16065083}
{"stage": "selection", "arm": "incumbent", "case": "n19a0-002", "rep": 1, "status": "VERIFIED", "operations": 16927849}
{"stage": "selection", "arm": "rho", "case": "n23a0-002", "rep": 1, "status": "VERIFIED", "operations": 23652020}
{"stage": "selection", "arm": "combined_dense", "case": "n23a0-002", "rep": 1, "status": "VERIFIED", "operations": 31606284}
{"stage": "selection", "arm": "incumbent", "case": "n23a0-002", "rep": 1, "status": "VERIFIED", "operations": 32923856}
{"stage": "selection", "arm": "combined", "case": "n23a0-002", "rep": 1, "status": "VERIFIED", "operations": 31645459}
{"stage": "selection", "arm": "rho", "case": "n19a0-002", "rep": 0, "status": "VERIFIED", "operations": 15927172}
{"stage": "selection", "arm": "combined_dense", "case": "n19a0-002", "rep": 0, "status": "VERIFIED", "operations": 16029268}
{"stage": "selection", "arm": "incumbent", "case": "n19a0-002", "rep": 0, "status": "VERIFIED", "operations": 16927995}
{"stage": "selection", "arm": "combined", "case": "n19a0-002", "rep": 0, "status": "VERIFIED", "operations": 16065564}
{"stage": "selection", "arm": "incumbent", "case": "n23a0-001", "rep": 2, "status": "VERIFIED", "operations": 23423753}
{"stage": "selection", "arm": "rho", "case": "n23a0-001", "rep": 2, "status": "VERIFIED", "operations": 24496141}
{"stage": "selection", "arm": "combined_dense", "case": "n23a0-001", "rep": 2, "status": "VERIFIED", "operations": 22131767}
{"stage": "selection", "arm": "combined", "case": "n23a0-001", "rep": 2, "status": "VERIFIED", "operations": 22160159}
{"stage": "selection", "arm": "rho", "case": "n19a0-000", "rep": 2, "status": "VERIFIED", "operations": 14924663}
{"stage": "selection", "arm": "combined", "case": "n19a0-000", "rep": 2, "status": "VERIFIED", "operations": 15566529}
{"stage": "selection", "arm": "incumbent", "case": "n19a0-000", "rep": 2, "status": "VERIFIED", "operations": 16430420}
{"stage": "selection", "arm": "combined_dense", "case": "n19a0-000", "rep": 2, "status": "VERIFIED", "operations": 15534878}
{"stage": "selection", "arm": "combined", "case": "n23a0-002", "rep": 2, "status": "VERIFIED", "operations": 31645045}
{"stage": "selection", "arm": "rho", "case": "n23a0-002", "rep": 2, "status": "VERIFIED", "operations": 23652297}
{"stage": "selection", "arm": "incumbent", "case": "n23a0-002", "rep": 2, "status": "VERIFIED", "operations": 32923645}
{"stage": "selection", "arm": "combined_dense", "case": "n23a0-002", "rep": 2, "status": "VERIFIED", "operations": 31606764}
{"stage": "selection", "arm": "combined_dense", "case": "n23a0-001", "rep": 1, "status": "VERIFIED", "operations": 22131828}
{"stage": "selection", "arm": "combined", "case": "n23a0-001", "rep": 1, "status": "VERIFIED", "operations": 22160932}
{"stage": "selection", "arm": "rho", "case": "n23a0-001", "rep": 1, "status": "VERIFIED", "operations": 24496872}
{"stage": "selection", "arm": "incumbent", "case": "n23a0-001", "rep": 1, "status": "VERIFIED", "operations": 23423572}
{"stage": "selection", "arm": "combined_dense", "case": "n17a1-000", "rep": 2, "status": "VERIFIED", "operations": 9146450}
{"stage": "selection", "arm": "rho", "case": "n17a1-000", "rep": 2, "status": "VERIFIED", "operations": 8793032}
{"stage": "selection", "arm": "incumbent", "case": "n17a1-000", "rep": 2, "status": "VERIFIED", "operations": 9488611}
{"stage": "selection", "arm": "combined", "case": "n17a1-000", "rep": 2, "status": "VERIFIED", "operations": 9181442}
{"stage": "selection", "arm": "incumbent", "case": "n17a1-000", "rep": 1, "status": "VERIFIED", "operations": 9489136}
{"stage": "selection", "arm": "combined_dense", "case": "n17a1-000", "rep": 1, "status": "VERIFIED", "operations": 9146541}
{"stage": "selection", "arm": "combined", "case": "n17a1-000", "rep": 1, "status": "VERIFIED", "operations": 9181692}
{"stage": "selection", "arm": "rho", "case": "n17a1-000", "rep": 1, "status": "VERIFIED", "operations": 8792994}
{"stage": "selection", "arm": "combined", "case": "n13a0-000", "rep": 1, "status": "VERIFIED", "operations": 6765416}
{"stage": "selection", "arm": "incumbent", "case": "n13a0-000", "rep": 1, "status": "VERIFIED", "operations": 7131921}
{"stage": "selection", "arm": "rho", "case": "n13a0-000", "rep": 1, "status": "VERIFIED", "operations": 5828084}
{"stage": "selection", "arm": "combined_dense", "case": "n13a0-000", "rep": 1, "status": "VERIFIED", "operations": 6726713}
{"stage": "selection", "arm": "combined_dense", "case": "n19a0-001", "rep": 0, "status": "VERIFIED", "operations": 16460760}
{"stage": "selection", "arm": "combined", "case": "n19a0-001", "rep": 0, "status": "VERIFIED", "operations": 16496310}
{"stage": "selection", "arm": "incumbent", "case": "n19a0-001", "rep": 0, "status": "VERIFIED", "operations": 17359926}
{"stage": "selection", "arm": "rho", "case": "n19a0-001", "rep": 0, "status": "VERIFIED", "operations": 16591111}
{"stage": "selection", "arm": "combined_dense", "case": "n19a0-000", "rep": 1, "status": "VERIFIED", "operations": 15535167}
{"stage": "selection", "arm": "incumbent", "case": "n19a0-000", "rep": 1, "status": "VERIFIED", "operations": 16429979}
{"stage": "selection", "arm": "rho", "case": "n19a0-000", "rep": 1, "status": "VERIFIED", "operations": 14924729}
{"stage": "selection", "arm": "combined", "case": "n19a0-000", "rep": 1, "status": "VERIFIED", "operations": 15566516}
{"stage": "confirmation", "arm": "combined_dense", "case": "n13a0-009", "rep": 2, "status": "VERIFIED", "operations": 6912969}
{"stage": "confirmation", "arm": "rho", "case": "n13a0-009", "rep": 2, "status": "VERIFIED", "operations": 5969836}
{"stage": "confirmation", "arm": "incumbent", "case": "n13a0-009", "rep": 2, "status": "VERIFIED", "operations": 7318551}
{"stage": "confirmation", "arm": "combined_dense", "case": "n23a0-010", "rep": 1, "status": "VERIFIED", "operations": 32480839}
{"stage": "confirmation", "arm": "rho", "case": "n23a0-010", "rep": 1, "status": "VERIFIED", "operations": 22963199}
{"stage": "confirmation", "arm": "incumbent", "case": "n23a0-010", "rep": 1, "status": "VERIFIED", "operations": 33787971}
{"stage": "confirmation", "arm": "combined_dense", "case": "n19a0-004", "rep": 0, "status": "VERIFIED", "operations": 17642732}
{"stage": "confirmation", "arm": "incumbent", "case": "n19a0-004", "rep": 0, "status": "VERIFIED", "operations": 18538695}
{"stage": "confirmation", "arm": "rho", "case": "n19a0-004", "rep": 0, "status": "VERIFIED", "operations": 17301600}
{"stage": "confirmation", "arm": "incumbent", "case": "n19a0-000", "rep": 2, "status": "VERIFIED", "operations": 16571190}
{"stage": "confirmation", "arm": "combined_dense", "case": "n19a0-000", "rep": 2, "status": "VERIFIED", "operations": 15670102}
{"stage": "confirmation", "arm": "rho", "case": "n19a0-000", "rep": 2, "status": "VERIFIED", "operations": 14492153}
{"stage": "confirmation", "arm": "incumbent", "case": "n13a0-005", "rep": 2, "status": "VERIFIED", "operations": 7301741}
{"stage": "confirmation", "arm": "combined_dense", "case": "n13a0-005", "rep": 2, "status": "VERIFIED", "operations": 6907198}
{"stage": "confirmation", "arm": "rho", "case": "n13a0-005", "rep": 2, "status": "VERIFIED", "operations": 6053830}
{"stage": "confirmation", "arm": "combined_dense", "case": "n13a0-000", "rep": 0, "status": "VERIFIED", "operations": 6957123}
{"stage": "confirmation", "arm": "rho", "case": "n13a0-000", "rep": 0, "status": "VERIFIED", "operations": 6170602}
{"stage": "confirmation", "arm": "incumbent", "case": "n13a0-000", "rep": 0, "status": "VERIFIED", "operations": 7359836}
{"stage": "confirmation", "arm": "rho", "case": "n19a0-010", "rep": 0, "status": "VERIFIED", "operations": 16296840}
{"stage": "confirmation", "arm": "incumbent", "case": "n19a0-010", "rep": 0, "status": "VERIFIED", "operations": 17009390}
{"stage": "confirmation", "arm": "combined_dense", "case": "n19a0-010", "rep": 0, "status": "VERIFIED", "operations": 16108914}
{"stage": "confirmation", "arm": "incumbent", "case": "n13a0-010", "rep": 1, "status": "VERIFIED", "operations": 7185508}
{"stage": "confirmation", "arm": "combined_dense", "case": "n13a0-010", "rep": 1, "status": "VERIFIED", "operations": 6780211}
{"stage": "confirmation", "arm": "rho", "case": "n13a0-010", "rep": 1, "status": "VERIFIED", "operations": 5769516}
{"stage": "confirmation", "arm": "incumbent", "case": "n19a1-004", "rep": 0, "status": "VERIFIED", "operations": 16226091}
{"stage": "confirmation", "arm": "combined_dense", "case": "n19a1-004", "rep": 0, "status": "VERIFIED", "operations": 15763718}
{"stage": "confirmation", "arm": "rho", "case": "n19a1-004", "rep": 0, "status": "VERIFIED", "operations": 14298411}
{"stage": "confirmation", "arm": "rho", "case": "n17a1-011", "rep": 2, "status": "VERIFIED", "operations": 9190449}
{"stage": "confirmation", "arm": "combined_dense", "case": "n17a1-011", "rep": 2, "status": "VERIFIED", "operations": 9517019}
{"stage": "confirmation", "arm": "incumbent", "case": "n17a1-011", "rep": 2, "status": "VERIFIED", "operations": 9858647}
{"stage": "confirmation", "arm": "rho", "case": "n19a0-004", "rep": 1, "status": "VERIFIED", "operations": 17301661}
{"stage": "confirmation", "arm": "incumbent", "case": "n19a0-004", "rep": 1, "status": "VERIFIED", "operations": 18538461}
{"stage": "confirmation", "arm": "combined_dense", "case": "n19a0-004", "rep": 1, "status": "VERIFIED", "operations": 17642909}
{"stage": "confirmation", "arm": "rho", "case": "n17a1-009", "rep": 1, "status": "VERIFIED", "operations": 9561141}
{"stage": "confirmation", "arm": "incumbent", "case": "n17a1-009", "rep": 1, "status": "VERIFIED", "operations": 9795730}
{"stage": "confirmation", "arm": "combined_dense", "case": "n17a1-009", "rep": 1, "status": "VERIFIED", "operations": 9450879}
{"stage": "confirmation", "arm": "combined_dense", "case": "n19a0-005", "rep": 0, "status": "VERIFIED", "operations": 15971546}
{"stage": "confirmation", "arm": "rho", "case": "n19a0-005", "rep": 0, "status": "VERIFIED", "operations": 14972592}
{"stage": "confirmation", "arm": "incumbent", "case": "n19a0-005", "rep": 0, "status": "VERIFIED", "operations": 16866837}
{"stage": "confirmation", "arm": "rho", "case": "n13a0-002", "rep": 2, "status": "VERIFIED", "operations": 6314430}
{"stage": "confirmation", "arm": "incumbent", "case": "n13a0-002", "rep": 2, "status": "VERIFIED", "operations": 7445894}
{"stage": "confirmation", "arm": "combined_dense", "case": "n13a0-002", "rep": 2, "status": "VERIFIED", "operations": 7041001}
{"stage": "confirmation", "arm": "rho", "case": "n13a0-011", "rep": 0, "status": "VERIFIED", "operations": 5833893}
{"stage": "confirmation", "arm": "incumbent", "case": "n13a0-011", "rep": 0, "status": "VERIFIED", "operations": 7158501}
{"stage": "confirmation", "arm": "combined_dense", "case": "n13a0-011", "rep": 0, "status": "VERIFIED", "operations": 6750421}
{"stage": "confirmation", "arm": "combined_dense", "case": "n19a0-006", "rep": 0, "status": "VERIFIED", "operations": 15996635}
{"stage": "confirmation", "arm": "incumbent", "case": "n19a0-006", "rep": 0, "status": "VERIFIED", "operations": 16891613}
{"stage": "confirmation", "arm": "rho", "case": "n19a0-006", "rep": 0, "status": "VERIFIED", "operations": 15592098}
{"stage": "confirmation", "arm": "rho", "case": "n19a1-009", "rep": 0, "status": "VERIFIED", "operations": 14789032}
{"stage": "confirmation", "arm": "incumbent", "case": "n19a1-009", "rep": 0, "status": "VERIFIED", "operations": 17037497}
{"stage": "confirmation", "arm": "combined_dense", "case": "n19a1-009", "rep": 0, "status": "VERIFIED", "operations": 16577334}
{"stage": "confirmation", "arm": "rho", "case": "n13a0-001", "rep": 0, "status": "VERIFIED", "operations": 5971293}
{"stage": "confirmation", "arm": "incumbent", "case": "n13a0-001", "rep": 0, "status": "VERIFIED", "operations": 7167392}
{"stage": "confirmation", "arm": "combined_dense", "case": "n13a0-001", "rep": 0, "status": "VERIFIED", "operations": 6764782}
{"stage": "confirmation", "arm": "rho", "case": "n19a1-003", "rep": 1, "status": "VERIFIED", "operations": 15358871}
{"stage": "confirmation", "arm": "combined_dense", "case": "n19a1-003", "rep": 1, "status": "VERIFIED", "operations": 16372770}
{"stage": "confirmation", "arm": "incumbent", "case": "n19a1-003", "rep": 1, "status": "VERIFIED", "operations": 16835251}
{"stage": "confirmation", "arm": "combined_dense", "case": "n17a1-007", "rep": 1, "status": "VERIFIED", "operations": 9567043}
{"stage": "confirmation", "arm": "rho", "case": "n17a1-007", "rep": 1, "status": "VERIFIED", "operations": 8996187}
{"stage": "confirmation", "arm": "incumbent", "case": "n17a1-007", "rep": 1, "status": "VERIFIED", "operations": 9910042}
{"stage": "confirmation", "arm": "rho", "case": "n17a1-011", "rep": 1, "status": "VERIFIED", "operations": 9190760}
{"stage": "confirmation", "arm": "combined_dense", "case": "n17a1-011", "rep": 1, "status": "VERIFIED", "operations": 9517354}
{"stage": "confirmation", "arm": "incumbent", "case": "n17a1-011", "rep": 1, "status": "VERIFIED", "operations": 9859050}
{"stage": "confirmation", "arm": "rho", "case": "n19a0-002", "rep": 2, "status": "VERIFIED", "operations": 16623726}
{"stage": "confirmation", "arm": "incumbent", "case": "n19a0-002", "rep": 2, "status": "VERIFIED", "operations": 16935486}
{"stage": "confirmation", "arm": "combined_dense", "case": "n19a0-002", "rep": 2, "status": "VERIFIED", "operations": 16040786}
{"stage": "confirmation", "arm": "rho", "case": "n13a0-007", "rep": 2, "status": "VERIFIED", "operations": 5823220}
{"stage": "confirmation", "arm": "incumbent", "case": "n13a0-007", "rep": 2, "status": "VERIFIED", "operations": 7132904}
{"stage": "confirmation", "arm": "combined_dense", "case": "n13a0-007", "rep": 2, "status": "VERIFIED", "operations": 6730641}
{"stage": "confirmation", "arm": "rho", "case": "n23a0-009", "rep": 2, "status": "VERIFIED", "operations": 22672048}
{"stage": "confirmation", "arm": "incumbent", "case": "n23a0-009", "rep": 2, "status": "VERIFIED", "operations": 22763081}
{"stage": "confirmation", "arm": "combined_dense", "case": "n23a0-009", "rep": 2, "status": "VERIFIED", "operations": 21468199}
{"stage": "confirmation", "arm": "rho", "case": "n19a1-007", "rep": 0, "status": "VERIFIED", "operations": 15367304}
{"stage": "confirmation", "arm": "incumbent", "case": "n19a1-007", "rep": 0, "status": "VERIFIED", "operations": 17649565}
{"stage": "confirmation", "arm": "combined_dense", "case": "n19a1-007", "rep": 0, "status": "VERIFIED", "operations": 17190140}
{"stage": "confirmation", "arm": "rho", "case": "n13a0-008", "rep": 0, "status": "VERIFIED", "operations": 5848384}
{"stage": "confirmation", "arm": "combined_dense", "case": "n13a0-008", "rep": 0, "status": "VERIFIED", "operations": 6707761}
{"stage": "confirmation", "arm": "incumbent", "case": "n13a0-008", "rep": 0, "status": "VERIFIED", "operations": 7111220}
{"stage": "confirmation", "arm": "incumbent", "case": "n23a0-005", "rep": 1, "status": "VERIFIED", "operations": 33442510}
{"stage": "confirmation", "arm": "rho", "case": "n23a0-005", "rep": 1, "status": "VERIFIED", "operations": 21615123}
{"stage": "confirmation", "arm": "combined_dense", "case": "n23a0-005", "rep": 1, "status": "VERIFIED", "operations": 32128393}
{"stage": "confirmation", "arm": "incumbent", "case": "n19a0-007", "rep": 0, "status": "VERIFIED", "operations": 16274807}
{"stage": "confirmation", "arm": "rho", "case": "n19a0-007", "rep": 0, "status": "VERIFIED", "operations": 15491838}
{"stage": "confirmation", "arm": "combined_dense", "case": "n19a0-007", "rep": 0, "status": "VERIFIED", "operations": 15373018}
{"stage": "confirmation", "arm": "combined_dense", "case": "n13a0-007", "rep": 1, "status": "VERIFIED", "operations": 6730920}
{"stage": "confirmation", "arm": "incumbent", "case": "n13a0-007", "rep": 1, "status": "VERIFIED", "operations": 7133173}
{"stage": "confirmation", "arm": "rho", "case": "n13a0-007", "rep": 1, "status": "VERIFIED", "operations": 5823182}
{"stage": "confirmation", "arm": "incumbent", "case": "n13a0-006", "rep": 2, "status": "VERIFIED", "operations": 7202912}
{"stage": "confirmation", "arm": "rho", "case": "n13a0-006", "rep": 2, "status": "VERIFIED", "operations": 5901644}
{"stage": "confirmation", "arm": "combined_dense", "case": "n13a0-006", "rep": 2, "status": "VERIFIED", "operations": 6798181}
{"stage": "confirmation", "arm": "combined_dense", "case": "n23a0-004", "rep": 0, "status": "VERIFIED", "operations": 24953046}
{"stage": "confirmation", "arm": "incumbent", "case": "n23a0-004", "rep": 0, "status": "VERIFIED", "operations": 26250952}
{"stage": "confirmation", "arm": "rho", "case": "n23a0-004", "rep": 0, "status": "VERIFIED", "operations": 21538332}
{"stage": "confirmation", "arm": "combined_dense", "case": "n19a0-010", "rep": 2, "status": "VERIFIED", "operations": 16108629}
{"stage": "confirmation", "arm": "incumbent", "case": "n19a0-010", "rep": 2, "status": "VERIFIED", "operations": 17009679}
{"stage": "confirmation", "arm": "rho", "case": "n19a0-010", "rep": 2, "status": "VERIFIED", "operations": 16296948}
{"stage": "confirmation", "arm": "combined_dense", "case": "n19a0-009", "rep": 1, "status": "VERIFIED", "operations": 16261867}
{"stage": "confirmation", "arm": "rho", "case": "n19a0-009", "rep": 1, "status": "VERIFIED", "operations": 16474940}
{"stage": "confirmation", "arm": "incumbent", "case": "n19a0-009", "rep": 1, "status": "VERIFIED", "operations": 17160665}
{"stage": "confirmation", "arm": "combined_dense", "case": "n19a1-006", "rep": 0, "status": "VERIFIED", "operations": 15486085}
{"stage": "confirmation", "arm": "incumbent", "case": "n19a1-006", "rep": 0, "status": "VERIFIED", "operations": 15948922}
{"stage": "confirmation", "arm": "rho", "case": "n19a1-006", "rep": 0, "status": "VERIFIED", "operations": 15663691}
{"stage": "confirmation", "arm": "rho", "case": "n13a0-004", "rep": 0, "status": "VERIFIED", "operations": 6283756}
{"stage": "confirmation", "arm": "incumbent", "case": "n13a0-004", "rep": 0, "status": "VERIFIED", "operations": 7390267}
{"stage": "confirmation", "arm": "combined_dense", "case": "n13a0-004", "rep": 0, "status": "VERIFIED", "operations": 6986133}
{"stage": "confirmation", "arm": "incumbent", "case": "n23a0-002", "rep": 1, "status": "VERIFIED", "operations": 35361392}
{"stage": "confirmation", "arm": "combined_dense", "case": "n23a0-002", "rep": 1, "status": "VERIFIED", "operations": 34037705}
{"stage": "confirmation", "arm": "rho", "case": "n23a0-002", "rep": 1, "status": "VERIFIED", "operations": 23593839}
{"stage": "confirmation", "arm": "incumbent", "case": "n19a1-002", "rep": 2, "status": "VERIFIED", "operations": 16579963}
{"stage": "confirmation", "arm": "rho", "case": "n19a1-002", "rep": 2, "status": "VERIFIED", "operations": 16525254}
{"stage": "confirmation", "arm": "combined_dense", "case": "n19a1-002", "rep": 2, "status": "VERIFIED", "operations": 16119707}
{"stage": "confirmation", "arm": "incumbent", "case": "n17a1-010", "rep": 1, "status": "VERIFIED", "operations": 10063160}
{"stage": "confirmation", "arm": "rho", "case": "n17a1-010", "rep": 1, "status": "VERIFIED", "operations": 9293879}
{"stage": "confirmation", "arm": "combined_dense", "case": "n17a1-010", "rep": 1, "status": "VERIFIED", "operations": 9718363}
{"stage": "confirmation", "arm": "combined_dense", "case": "n19a0-005", "rep": 2, "status": "VERIFIED", "operations": 15971631}
{"stage": "confirmation", "arm": "rho", "case": "n19a0-005", "rep": 2, "status": "VERIFIED", "operations": 14972472}
{"stage": "confirmation", "arm": "incumbent", "case": "n19a0-005", "rep": 2, "status": "VERIFIED", "operations": 16866698}
{"stage": "confirmation", "arm": "rho", "case": "n23a0-011", "rep": 0, "status": "VERIFIED", "operations": 22967767}
{"stage": "confirmation", "arm": "incumbent", "case": "n23a0-011", "rep": 0, "status": "VERIFIED", "operations": 26831322}
{"stage": "confirmation", "arm": "combined_dense", "case": "n23a0-011", "rep": 0, "status": "VERIFIED", "operations": 25530613}
{"stage": "confirmation", "arm": "combined_dense", "case": "n19a0-000", "rep": 1, "status": "VERIFIED", "operations": 15669818}
{"stage": "confirmation", "arm": "incumbent", "case": "n19a0-000", "rep": 1, "status": "VERIFIED", "operations": 16570913}
{"stage": "confirmation", "arm": "rho", "case": "n19a0-000", "rep": 1, "status": "VERIFIED", "operations": 14492179}
{"stage": "confirmation", "arm": "rho", "case": "n19a0-005", "rep": 1, "status": "VERIFIED", "operations": 14972635}
{"stage": "confirmation", "arm": "incumbent", "case": "n19a0-005", "rep": 1, "status": "VERIFIED", "operations": 16867182}
{"stage": "confirmation", "arm": "combined_dense", "case": "n19a0-005", "rep": 1, "status": "VERIFIED", "operations": 15971741}
{"stage": "confirmation", "arm": "incumbent", "case": "n17a1-001", "rep": 2, "status": "VERIFIED", "operations": 9679477}
{"stage": "confirmation", "arm": "rho", "case": "n17a1-001", "rep": 2, "status": "VERIFIED", "operations": 8821525}
{"stage": "confirmation", "arm": "combined_dense", "case": "n17a1-001", "rep": 2, "status": "VERIFIED", "operations": 9336974}
{"stage": "confirmation", "arm": "incumbent", "case": "n13a0-001", "rep": 1, "status": "VERIFIED", "operations": 7168169}
{"stage": "confirmation", "arm": "rho", "case": "n13a0-001", "rep": 1, "status": "VERIFIED", "operations": 5971324}
{"stage": "confirmation", "arm": "combined_dense", "case": "n13a0-001", "rep": 1, "status": "VERIFIED", "operations": 6765008}
{"stage": "confirmation", "arm": "incumbent", "case": "n19a1-007", "rep": 1, "status": "VERIFIED", "operations": 17649820}
{"stage": "confirmation", "arm": "rho", "case": "n19a1-007", "rep": 1, "status": "VERIFIED", "operations": 15367304}
{"stage": "confirmation", "arm": "combined_dense", "case": "n19a1-007", "rep": 1, "status": "VERIFIED", "operations": 17190309}
{"stage": "confirmation", "arm": "incumbent", "case": "n19a1-006", "rep": 2, "status": "VERIFIED", "operations": 15948490}
{"stage": "confirmation", "arm": "combined_dense", "case": "n19a1-006", "rep": 2, "status": "VERIFIED", "operations": 15485553}
{"stage": "confirmation", "arm": "rho", "case": "n19a1-006", "rep": 2, "status": "VERIFIED", "operations": 15663684}
{"stage": "confirmation", "arm": "rho", "case": "n19a1-002", "rep": 1, "status": "VERIFIED", "operations": 16525254}
{"stage": "confirmation", "arm": "combined_dense", "case": "n19a1-002", "rep": 1, "status": "VERIFIED", "operations": 16119314}
{"stage": "confirmation", "arm": "incumbent", "case": "n19a1-002", "rep": 1, "status": "VERIFIED", "operations": 16580820}
{"stage": "confirmation", "arm": "incumbent", "case": "n23a0-009", "rep": 0, "status": "VERIFIED", "operations": 22763360}
{"stage": "confirmation", "arm": "rho", "case": "n23a0-009", "rep": 0, "status": "VERIFIED", "operations": 22671898}
{"stage": "confirmation", "arm": "combined_dense", "case": "n23a0-009", "rep": 0, "status": "VERIFIED", "operations": 21468140}
{"stage": "confirmation", "arm": "combined_dense", "case": "n23a0-001", "rep": 1, "status": "VERIFIED", "operations": 25363229}
{"stage": "confirmation", "arm": "incumbent", "case": "n23a0-001", "rep": 1, "status": "VERIFIED", "operations": 26660780}
{"stage": "confirmation", "arm": "rho", "case": "n23a0-001", "rep": 1, "status": "VERIFIED", "operations": 24020388}
{"stage": "confirmation", "arm": "rho", "case": "n23a0-002", "rep": 2, "status": "VERIFIED", "operations": 23593484}
{"stage": "confirmation", "arm": "combined_dense", "case": "n23a0-002", "rep": 2, "status": "VERIFIED", "operations": 34037995}
{"stage": "confirmation", "arm": "incumbent", "case": "n23a0-002", "rep": 2, "status": "VERIFIED", "operations": 35362088}
{"stage": "confirmation", "arm": "incumbent", "case": "n19a1-006", "rep": 1, "status": "VERIFIED", "operations": 15948258}
{"stage": "confirmation", "arm": "rho", "case": "n19a1-006", "rep": 1, "status": "VERIFIED", "operations": 15663691}
{"stage": "confirmation", "arm": "combined_dense", "case": "n19a1-006", "rep": 1, "status": "VERIFIED", "operations": 15485557}
{"stage": "confirmation", "arm": "rho", "case": "n17a1-011", "rep": 0, "status": "VERIFIED", "operations": 9190506}
{"stage": "confirmation", "arm": "combined_dense", "case": "n17a1-011", "rep": 0, "status": "VERIFIED", "operations": 9517131}
{"stage": "confirmation", "arm": "incumbent", "case": "n17a1-011", "rep": 0, "status": "VERIFIED", "operations": 9858137}
{"stage": "confirmation", "arm": "combined_dense", "case": "n23a0-003", "rep": 0, "status": "VERIFIED", "operations": 22434736}
{"stage": "confirmation", "arm": "rho", "case": "n23a0-003", "rep": 0, "status": "VERIFIED", "operations": 23082110}
{"stage": "confirmation", "arm": "incumbent", "case": "n23a0-003", "rep": 0, "status": "VERIFIED", "operations": 23731297}
{"stage": "confirmation", "arm": "rho", "case": "n23a0-003", "rep": 1, "status": "VERIFIED", "operations": 23082176}
{"stage": "confirmation", "arm": "combined_dense", "case": "n23a0-003", "rep": 1, "status": "VERIFIED", "operations": 22434463}
{"stage": "confirmation", "arm": "incumbent", "case": "n23a0-003", "rep": 1, "status": "VERIFIED", "operations": 23731510}
{"stage": "confirmation", "arm": "incumbent", "case": "n17a1-004", "rep": 2, "status": "VERIFIED", "operations": 9873889}
{"stage": "confirmation", "arm": "combined_dense", "case": "n17a1-004", "rep": 2, "status": "VERIFIED", "operations": 9532927}
{"stage": "confirmation", "arm": "rho", "case": "n17a1-004", "rep": 2, "status": "VERIFIED", "operations": 8442984}
{"stage": "confirmation", "arm": "combined_dense", "case": "n17a1-003", "rep": 0, "status": "VERIFIED", "operations": 9653723}
{"stage": "confirmation", "arm": "rho", "case": "n17a1-003", "rep": 0, "status": "VERIFIED", "operations": 8965192}
{"stage": "confirmation", "arm": "incumbent", "case": "n17a1-003", "rep": 0, "status": "VERIFIED", "operations": 9914033}
{"stage": "confirmation", "arm": "rho", "case": "n17a1-010", "rep": 2, "status": "VERIFIED", "operations": 9293834}
{"stage": "confirmation", "arm": "incumbent", "case": "n17a1-010", "rep": 2, "status": "VERIFIED", "operations": 10062619}
{"stage": "confirmation", "arm": "combined_dense", "case": "n17a1-010", "rep": 2, "status": "VERIFIED", "operations": 9718306}
{"stage": "confirmation", "arm": "rho", "case": "n23a0-006", "rep": 0, "status": "VERIFIED", "operations": 24317324}
{"stage": "confirmation", "arm": "combined_dense", "case": "n23a0-006", "rep": 0, "status": "VERIFIED", "operations": 25561630}
{"stage": "confirmation", "arm": "incumbent", "case": "n23a0-006", "rep": 0, "status": "VERIFIED", "operations": 26862535}
{"stage": "confirmation", "arm": "rho", "case": "n19a1-008", "rep": 1, "status": "VERIFIED", "operations": 14820557}
{"stage": "confirmation", "arm": "incumbent", "case": "n19a1-008", "rep": 1, "status": "VERIFIED", "operations": 15913120}
{"stage": "confirmation", "arm": "combined_dense", "case": "n19a1-008", "rep": 1, "status": "VERIFIED", "operations": 15451741}
{"stage": "confirmation", "arm": "combined_dense", "case": "n13a0-003", "rep": 0, "status": "VERIFIED", "operations": 6776649}
{"stage": "confirmation", "arm": "incumbent", "case": "n13a0-003", "rep": 0, "status": "VERIFIED", "operations": 7179511}
{"stage": "confirmation", "arm": "rho", "case": "n13a0-003", "rep": 0, "status": "VERIFIED", "operations": 5882691}
{"stage": "confirmation", "arm": "rho", "case": "n23a0-007", "rep": 1, "status": "VERIFIED", "operations": 22988940}
{"stage": "confirmation", "arm": "incumbent", "case": "n23a0-007", "rep": 1, "status": "VERIFIED", "operations": 25483259}
{"stage": "confirmation", "arm": "combined_dense", "case": "n23a0-007", "rep": 1, "status": "VERIFIED", "operations": 24186728}
{"stage": "confirmation", "arm": "incumbent", "case": "n19a0-003", "rep": 1, "status": "VERIFIED", "operations": 16798247}
{"stage": "confirmation", "arm": "combined_dense", "case": "n19a0-003", "rep": 1, "status": "VERIFIED", "operations": 15907959}
{"stage": "confirmation", "arm": "rho", "case": "n19a0-003", "rep": 1, "status": "VERIFIED", "operations": 16178175}
{"stage": "confirmation", "arm": "rho", "case": "n13a0-000", "rep": 2, "status": "VERIFIED", "operations": 6170619}
{"stage": "confirmation", "arm": "incumbent", "case": "n13a0-000", "rep": 2, "status": "VERIFIED", "operations": 7360287}
{"stage": "confirmation", "arm": "combined_dense", "case": "n13a0-000", "rep": 2, "status": "VERIFIED", "operations": 6957533}
{"stage": "confirmation", "arm": "incumbent", "case": "n17a1-002", "rep": 2, "status": "VERIFIED", "operations": 10159924}
{"stage": "confirmation", "arm": "combined_dense", "case": "n17a1-002", "rep": 2, "status": "VERIFIED", "operations": 9820375}
{"stage": "confirmation", "arm": "rho", "case": "n17a1-002", "rep": 2, "status": "VERIFIED", "operations": 9261683}
{"stage": "confirmation", "arm": "incumbent", "case": "n23a0-000", "rep": 0, "status": "VERIFIED", "operations": 29229126}
{"stage": "confirmation", "arm": "rho", "case": "n23a0-000", "rep": 0, "status": "VERIFIED", "operations": 21785504}
{"stage": "confirmation", "arm": "combined_dense", "case": "n23a0-000", "rep": 0, "status": "VERIFIED", "operations": 27927467}
{"stage": "confirmation", "arm": "incumbent", "case": "n19a0-003", "rep": 2, "status": "VERIFIED", "operations": 16798670}
{"stage": "confirmation", "arm": "combined_dense", "case": "n19a0-003", "rep": 2, "status": "VERIFIED", "operations": 15907852}
{"stage": "confirmation", "arm": "rho", "case": "n19a0-003", "rep": 2, "status": "VERIFIED", "operations": 16177849}
{"stage": "confirmation", "arm": "incumbent", "case": "n17a1-002", "rep": 1, "status": "VERIFIED", "operations": 10159913}
{"stage": "confirmation", "arm": "rho", "case": "n17a1-002", "rep": 1, "status": "VERIFIED", "operations": 9261614}
{"stage": "confirmation", "arm": "combined_dense", "case": "n17a1-002", "rep": 1, "status": "VERIFIED", "operations": 9820759}
{"stage": "confirmation", "arm": "rho", "case": "n19a1-000", "rep": 0, "status": "VERIFIED", "operations": 15236215}
{"stage": "confirmation", "arm": "incumbent", "case": "n19a1-000", "rep": 0, "status": "VERIFIED", "operations": 15368990}
{"stage": "confirmation", "arm": "combined_dense", "case": "n19a1-000", "rep": 0, "status": "VERIFIED", "operations": 14905273}
{"stage": "confirmation", "arm": "rho", "case": "n23a0-005", "rep": 0, "status": "VERIFIED", "operations": 21615111}
{"stage": "confirmation", "arm": "combined_dense", "case": "n23a0-005", "rep": 0, "status": "VERIFIED", "operations": 32127662}
{"stage": "confirmation", "arm": "incumbent", "case": "n23a0-005", "rep": 0, "status": "VERIFIED", "operations": 33442761}
{"stage": "confirmation", "arm": "incumbent", "case": "n19a1-010", "rep": 2, "status": "VERIFIED", "operations": 16415896}
{"stage": "confirmation", "arm": "combined_dense", "case": "n19a1-010", "rep": 2, "status": "VERIFIED", "operations": 15955303}
{"stage": "confirmation", "arm": "rho", "case": "n19a1-010", "rep": 2, "status": "VERIFIED", "operations": 15579298}
{"stage": "confirmation", "arm": "combined_dense", "case": "n19a1-001", "rep": 1, "status": "VERIFIED", "operations": 16245519}
{"stage": "confirmation", "arm": "incumbent", "case": "n19a1-001", "rep": 1, "status": "VERIFIED", "operations": 16710642}
{"stage": "confirmation", "arm": "rho", "case": "n19a1-001", "rep": 1, "status": "VERIFIED", "operations": 16562546}
{"stage": "confirmation", "arm": "rho", "case": "n17a1-010", "rep": 0, "status": "VERIFIED", "operations": 9293853}
{"stage": "confirmation", "arm": "incumbent", "case": "n17a1-010", "rep": 0, "status": "VERIFIED", "operations": 10062719}
{"stage": "confirmation", "arm": "combined_dense", "case": "n17a1-010", "rep": 0, "status": "VERIFIED", "operations": 9718743}
{"stage": "confirmation", "arm": "rho", "case": "n19a1-007", "rep": 2, "status": "VERIFIED", "operations": 15367304}
{"stage": "confirmation", "arm": "combined_dense", "case": "n19a1-007", "rep": 2, "status": "VERIFIED", "operations": 17190271}
{"stage": "confirmation", "arm": "incumbent", "case": "n19a1-007", "rep": 2, "status": "VERIFIED", "operations": 17649749}
{"stage": "confirmation", "arm": "combined_dense", "case": "n19a0-008", "rep": 1, "status": "VERIFIED", "operations": 16361694}
{"stage": "confirmation", "arm": "rho", "case": "n19a0-008", "rep": 1, "status": "VERIFIED", "operations": 15560247}
{"stage": "confirmation", "arm": "incumbent", "case": "n19a0-008", "rep": 1, "status": "VERIFIED", "operations": 17254926}
{"stage": "confirmation", "arm": "rho", "case": "n23a0-000", "rep": 2, "status": "VERIFIED", "operations": 21785511}
{"stage": "confirmation", "arm": "incumbent", "case": "n23a0-000", "rep": 2, "status": "VERIFIED", "operations": 29228990}
{"stage": "confirmation", "arm": "combined_dense", "case": "n23a0-000", "rep": 2, "status": "VERIFIED", "operations": 27927774}
{"stage": "confirmation", "arm": "rho", "case": "n13a0-001", "rep": 2, "status": "VERIFIED", "operations": 5971293}
{"stage": "confirmation", "arm": "combined_dense", "case": "n13a0-001", "rep": 2, "status": "VERIFIED", "operations": 6764513}
{"stage": "confirmation", "arm": "incumbent", "case": "n13a0-001", "rep": 2, "status": "VERIFIED", "operations": 7167912}
{"stage": "confirmation", "arm": "incumbent", "case": "n23a0-001", "rep": 2, "status": "VERIFIED", "operations": 26661576}
{"stage": "confirmation", "arm": "combined_dense", "case": "n23a0-001", "rep": 2, "status": "VERIFIED", "operations": 25363013}
{"stage": "confirmation", "arm": "rho", "case": "n23a0-001", "rep": 2, "status": "VERIFIED", "operations": 24020243}
{"stage": "confirmation", "arm": "rho", "case": "n13a0-003", "rep": 2, "status": "VERIFIED", "operations": 5882696}
{"stage": "confirmation", "arm": "combined_dense", "case": "n13a0-003", "rep": 2, "status": "VERIFIED", "operations": 6776635}
{"stage": "confirmation", "arm": "incumbent", "case": "n13a0-003", "rep": 2, "status": "VERIFIED", "operations": 7179563}
{"stage": "confirmation", "arm": "incumbent", "case": "n19a0-007", "rep": 2, "status": "VERIFIED", "operations": 16274887}
{"stage": "confirmation", "arm": "combined_dense", "case": "n19a0-007", "rep": 2, "status": "VERIFIED", "operations": 15372947}
{"stage": "confirmation", "arm": "rho", "case": "n19a0-007", "rep": 2, "status": "VERIFIED", "operations": 15491798}
{"stage": "confirmation", "arm": "rho", "case": "n13a0-008", "rep": 1, "status": "VERIFIED", "operations": 5848372}
{"stage": "confirmation", "arm": "combined_dense", "case": "n13a0-008", "rep": 1, "status": "VERIFIED", "operations": 6707496}
{"stage": "confirmation", "arm": "incumbent", "case": "n13a0-008", "rep": 1, "status": "VERIFIED", "operations": 7110695}
{"stage": "confirmation", "arm": "incumbent", "case": "n19a0-002", "rep": 0, "status": "VERIFIED", "operations": 16935864}
{"stage": "confirmation", "arm": "rho", "case": "n19a0-002", "rep": 0, "status": "VERIFIED", "operations": 16623601}
{"stage": "confirmation", "arm": "combined_dense", "case": "n19a0-002", "rep": 0, "status": "VERIFIED", "operations": 16040280}
{"stage": "confirmation", "arm": "incumbent", "case": "n19a0-001", "rep": 0, "status": "VERIFIED", "operations": 16029117}
{"stage": "confirmation", "arm": "combined_dense", "case": "n19a0-001", "rep": 0, "status": "VERIFIED", "operations": 15131031}
{"stage": "confirmation", "arm": "rho", "case": "n19a0-001", "rep": 0, "status": "VERIFIED", "operations": 15675101}
{"stage": "confirmation", "arm": "incumbent", "case": "n23a0-011", "rep": 2, "status": "VERIFIED", "operations": 26831618}
{"stage": "confirmation", "arm": "rho", "case": "n23a0-011", "rep": 2, "status": "VERIFIED", "operations": 22968250}
{"stage": "confirmation", "arm": "combined_dense", "case": "n23a0-011", "rep": 2, "status": "VERIFIED", "operations": 25530267}
{"stage": "confirmation", "arm": "incumbent", "case": "n19a1-000", "rep": 2, "status": "VERIFIED", "operations": 15368887}
{"stage": "confirmation", "arm": "rho", "case": "n19a1-000", "rep": 2, "status": "VERIFIED", "operations": 15236215}
{"stage": "confirmation", "arm": "combined_dense", "case": "n19a1-000", "rep": 2, "status": "VERIFIED", "operations": 14905222}
{"stage": "confirmation", "arm": "rho", "case": "n19a0-002", "rep": 1, "status": "VERIFIED", "operations": 16623803}
{"stage": "confirmation", "arm": "combined_dense", "case": "n19a0-002", "rep": 1, "status": "VERIFIED", "operations": 16040788}
{"stage": "confirmation", "arm": "incumbent", "case": "n19a0-002", "rep": 1, "status": "VERIFIED", "operations": 16935594}
{"stage": "confirmation", "arm": "incumbent", "case": "n13a0-010", "rep": 0, "status": "VERIFIED", "operations": 7185470}
{"stage": "confirmation", "arm": "combined_dense", "case": "n13a0-010", "rep": 0, "status": "VERIFIED", "operations": 6779876}
{"stage": "confirmation", "arm": "rho", "case": "n13a0-010", "rep": 0, "status": "VERIFIED", "operations": 5769542}
{"stage": "confirmation", "arm": "incumbent", "case": "n17a1-005", "rep": 0, "status": "VERIFIED", "operations": 10068408}
{"stage": "confirmation", "arm": "combined_dense", "case": "n17a1-005", "rep": 0, "status": "VERIFIED", "operations": 9726926}
{"stage": "confirmation", "arm": "rho", "case": "n17a1-005", "rep": 0, "status": "VERIFIED", "operations": 9346877}
{"stage": "confirmation", "arm": "combined_dense", "case": "n17a1-004", "rep": 1, "status": "VERIFIED", "operations": 9532795}
{"stage": "confirmation", "arm": "incumbent", "case": "n17a1-004", "rep": 1, "status": "VERIFIED", "operations": 9874072}
{"stage": "confirmation", "arm": "rho", "case": "n17a1-004", "rep": 1, "status": "VERIFIED", "operations": 8442983}
{"stage": "confirmation", "arm": "rho", "case": "n23a0-006", "rep": 1, "status": "VERIFIED", "operations": 24317631}
{"stage": "confirmation", "arm": "combined_dense", "case": "n23a0-006", "rep": 1, "status": "VERIFIED", "operations": 25561991}
{"stage": "confirmation", "arm": "incumbent", "case": "n23a0-006", "rep": 1, "status": "VERIFIED", "operations": 26863298}
{"stage": "confirmation", "arm": "combined_dense", "case": "n23a0-004", "rep": 2, "status": "VERIFIED", "operations": 24952857}
{"stage": "confirmation", "arm": "rho", "case": "n23a0-004", "rep": 2, "status": "VERIFIED", "operations": 21537715}
{"stage": "confirmation", "arm": "incumbent", "case": "n23a0-004", "rep": 2, "status": "VERIFIED", "operations": 26251038}
{"stage": "confirmation", "arm": "combined_dense", "case": "n19a1-008", "rep": 2, "status": "VERIFIED", "operations": 15451337}
{"stage": "confirmation", "arm": "rho", "case": "n19a1-008", "rep": 2, "status": "VERIFIED", "operations": 14820552}
{"stage": "confirmation", "arm": "incumbent", "case": "n19a1-008", "rep": 2, "status": "VERIFIED", "operations": 15913533}
{"stage": "confirmation", "arm": "rho", "case": "n19a0-011", "rep": 2, "status": "VERIFIED", "operations": 15935566}
{"stage": "confirmation", "arm": "combined_dense", "case": "n19a0-011", "rep": 2, "status": "VERIFIED", "operations": 16261744}
{"stage": "confirmation", "arm": "incumbent", "case": "n19a0-011", "rep": 2, "status": "VERIFIED", "operations": 17158459}
{"stage": "confirmation", "arm": "combined_dense", "case": "n19a1-001", "rep": 0, "status": "VERIFIED", "operations": 16245742}
{"stage": "confirmation", "arm": "rho", "case": "n19a1-001", "rep": 0, "status": "VERIFIED", "operations": 16562546}
{"stage": "confirmation", "arm": "incumbent", "case": "n19a1-001", "rep": 0, "status": "VERIFIED", "operations": 16710810}
{"stage": "confirmation", "arm": "incumbent", "case": "n19a1-005", "rep": 2, "status": "VERIFIED", "operations": 15973805}
{"stage": "confirmation", "arm": "rho", "case": "n19a1-005", "rep": 2, "status": "VERIFIED", "operations": 16177995}
{"stage": "confirmation", "arm": "combined_dense", "case": "n19a1-005", "rep": 2, "status": "VERIFIED", "operations": 15513751}
{"stage": "confirmation", "arm": "incumbent", "case": "n19a1-010", "rep": 0, "status": "VERIFIED", "operations": 16414893}
{"stage": "confirmation", "arm": "rho", "case": "n19a1-010", "rep": 0, "status": "VERIFIED", "operations": 15579291}
{"stage": "confirmation", "arm": "combined_dense", "case": "n19a1-010", "rep": 0, "status": "VERIFIED", "operations": 15955221}
{"stage": "confirmation", "arm": "incumbent", "case": "n17a1-008", "rep": 2, "status": "VERIFIED", "operations": 10074419}
{"stage": "confirmation", "arm": "combined_dense", "case": "n17a1-008", "rep": 2, "status": "VERIFIED", "operations": 9726649}
{"stage": "confirmation", "arm": "rho", "case": "n17a1-008", "rep": 2, "status": "VERIFIED", "operations": 9063939}
{"stage": "confirmation", "arm": "rho", "case": "n17a1-003", "rep": 2, "status": "VERIFIED", "operations": 8965154}
{"stage": "confirmation", "arm": "incumbent", "case": "n17a1-003", "rep": 2, "status": "VERIFIED", "operations": 9914216}
{"stage": "confirmation", "arm": "combined_dense", "case": "n17a1-003", "rep": 2, "status": "VERIFIED", "operations": 9653578}
{"stage": "confirmation", "arm": "combined_dense", "case": "n19a0-009", "rep": 0, "status": "VERIFIED", "operations": 16262491}
{"stage": "confirmation", "arm": "incumbent", "case": "n19a0-009", "rep": 0, "status": "VERIFIED", "operations": 17160923}
{"stage": "confirmation", "arm": "rho", "case": "n19a0-009", "rep": 0, "status": "VERIFIED", "operations": 16474934}
{"stage": "confirmation", "arm": "combined_dense", "case": "n17a1-008", "rep": 0, "status": "VERIFIED", "operations": 9726061}
{"stage": "confirmation", "arm": "incumbent", "case": "n17a1-008", "rep": 0, "status": "VERIFIED", "operations": 10072594}
{"stage": "confirmation", "arm": "rho", "case": "n17a1-008", "rep": 0, "status": "VERIFIED", "operations": 9063946}
{"stage": "confirmation", "arm": "rho", "case": "n23a0-009", "rep": 1, "status": "VERIFIED", "operations": 22671799}
{"stage": "confirmation", "arm": "combined_dense", "case": "n23a0-009", "rep": 1, "status": "VERIFIED", "operations": 21467906}
{"stage": "confirmation", "arm": "incumbent", "case": "n23a0-009", "rep": 1, "status": "VERIFIED", "operations": 22762027}
{"stage": "confirmation", "arm": "combined_dense", "case": "n23a0-006", "rep": 2, "status": "VERIFIED", "operations": 25561600}
{"stage": "confirmation", "arm": "rho", "case": "n23a0-006", "rep": 2, "status": "VERIFIED", "operations": 24317458}
{"stage": "confirmation", "arm": "incumbent", "case": "n23a0-006", "rep": 2, "status": "VERIFIED", "operations": 26862313}
{"stage": "confirmation", "arm": "combined_dense", "case": "n13a0-002", "rep": 1, "status": "VERIFIED", "operations": 7040673}
{"stage": "confirmation", "arm": "incumbent", "case": "n13a0-002", "rep": 1, "status": "VERIFIED", "operations": 7445104}
{"stage": "confirmation", "arm": "rho", "case": "n13a0-002", "rep": 1, "status": "VERIFIED", "operations": 6314393}
{"stage": "confirmation", "arm": "incumbent", "case": "n17a1-009", "rep": 2, "status": "VERIFIED", "operations": 9795375}
{"stage": "confirmation", "arm": "combined_dense", "case": "n17a1-009", "rep": 2, "status": "VERIFIED", "operations": 9450556}
{"stage": "confirmation", "arm": "rho", "case": "n17a1-009", "rep": 2, "status": "VERIFIED", "operations": 9561239}
{"stage": "confirmation", "arm": "incumbent", "case": "n13a0-008", "rep": 2, "status": "VERIFIED", "operations": 7111062}
{"stage": "confirmation", "arm": "rho", "case": "n13a0-008", "rep": 2, "status": "VERIFIED", "operations": 5848358}
{"stage": "confirmation", "arm": "combined_dense", "case": "n13a0-008", "rep": 2, "status": "VERIFIED", "operations": 6707331}
{"stage": "confirmation", "arm": "rho", "case": "n13a0-006", "rep": 0, "status": "VERIFIED", "operations": 5901670}
{"stage": "confirmation", "arm": "incumbent", "case": "n13a0-006", "rep": 0, "status": "VERIFIED", "operations": 7202195}
{"stage": "confirmation", "arm": "combined_dense", "case": "n13a0-006", "rep": 0, "status": "VERIFIED", "operations": 6798442}
{"stage": "confirmation", "arm": "rho", "case": "n13a0-011", "rep": 2, "status": "VERIFIED", "operations": 5833935}
{"stage": "confirmation", "arm": "combined_dense", "case": "n13a0-011", "rep": 2, "status": "VERIFIED", "operations": 6750675}
{"stage": "confirmation", "arm": "incumbent", "case": "n13a0-011", "rep": 2, "status": "VERIFIED", "operations": 7157349}
{"stage": "confirmation", "arm": "combined_dense", "case": "n23a0-005", "rep": 2, "status": "VERIFIED", "operations": 32127014}
{"stage": "confirmation", "arm": "incumbent", "case": "n23a0-005", "rep": 2, "status": "VERIFIED", "operations": 33442246}
{"stage": "confirmation", "arm": "rho", "case": "n23a0-005", "rep": 2, "status": "VERIFIED", "operations": 21615145}
{"stage": "confirmation", "arm": "incumbent", "case": "n19a1-011", "rep": 1, "status": "VERIFIED", "operations": 16336660}
{"stage": "confirmation", "arm": "rho", "case": "n19a1-011", "rep": 1, "status": "VERIFIED", "operations": 15523245}
{"stage": "confirmation", "arm": "combined_dense", "case": "n19a1-011", "rep": 1, "status": "VERIFIED", "operations": 15878600}
{"stage": "confirmation", "arm": "incumbent", "case": "n17a1-000", "rep": 2, "status": "VERIFIED", "operations": 10846386}
{"stage": "confirmation", "arm": "rho", "case": "n17a1-000", "rep": 2, "status": "VERIFIED", "operations": 10510335}
{"stage": "confirmation", "arm": "combined_dense", "case": "n17a1-000", "rep": 2, "status": "VERIFIED", "operations": 10503263}
{"stage": "confirmation", "arm": "rho", "case": "n17a1-008", "rep": 1, "status": "VERIFIED", "operations": 9063858}
{"stage": "confirmation", "arm": "combined_dense", "case": "n17a1-008", "rep": 1, "status": "VERIFIED", "operations": 9726648}
{"stage": "confirmation", "arm": "incumbent", "case": "n17a1-008", "rep": 1, "status": "VERIFIED", "operations": 10072786}
{"stage": "confirmation", "arm": "rho", "case": "n23a0-008", "rep": 0, "status": "VERIFIED", "operations": 22111117}
{"stage": "confirmation", "arm": "incumbent", "case": "n23a0-008", "rep": 0, "status": "VERIFIED", "operations": 27241437}
{"stage": "confirmation", "arm": "combined_dense", "case": "n23a0-008", "rep": 0, "status": "VERIFIED", "operations": 25942504}
{"stage": "confirmation", "arm": "incumbent", "case": "n13a0-009", "rep": 1, "status": "VERIFIED", "operations": 7318890}
{"stage": "confirmation", "arm": "combined_dense", "case": "n13a0-009", "rep": 1, "status": "VERIFIED", "operations": 6912720}
{"stage": "confirmation", "arm": "rho", "case": "n13a0-009", "rep": 1, "status": "VERIFIED", "operations": 5969836}
{"stage": "confirmation", "arm": "rho", "case": "n13a0-004", "rep": 1, "status": "VERIFIED", "operations": 6283815}
{"stage": "confirmation", "arm": "incumbent", "case": "n13a0-004", "rep": 1, "status": "VERIFIED", "operations": 7390818}
{"stage": "confirmation", "arm": "combined_dense", "case": "n13a0-004", "rep": 1, "status": "VERIFIED", "operations": 6986340}
{"stage": "confirmation", "arm": "rho", "case": "n17a1-009", "rep": 0, "status": "VERIFIED", "operations": 9561088}
{"stage": "confirmation", "arm": "incumbent", "case": "n17a1-009", "rep": 0, "status": "VERIFIED", "operations": 9795637}
{"stage": "confirmation", "arm": "combined_dense", "case": "n17a1-009", "rep": 0, "status": "VERIFIED", "operations": 9450230}
{"stage": "confirmation", "arm": "rho", "case": "n13a0-004", "rep": 2, "status": "VERIFIED", "operations": 6283758}
{"stage": "confirmation", "arm": "incumbent", "case": "n13a0-004", "rep": 2, "status": "VERIFIED", "operations": 7390092}
{"stage": "confirmation", "arm": "combined_dense", "case": "n13a0-004", "rep": 2, "status": "VERIFIED", "operations": 6986099}
{"stage": "confirmation", "arm": "combined_dense", "case": "n17a1-006", "rep": 2, "status": "VERIFIED", "operations": 9263776}
{"stage": "confirmation", "arm": "incumbent", "case": "n17a1-006", "rep": 2, "status": "VERIFIED", "operations": 9603213}
{"stage": "confirmation", "arm": "rho", "case": "n17a1-006", "rep": 2, "status": "VERIFIED", "operations": 9047720}
{"stage": "confirmation", "arm": "incumbent", "case": "n13a0-005", "rep": 0, "status": "VERIFIED", "operations": 7302051}
{"stage": "confirmation", "arm": "rho", "case": "n13a0-005", "rep": 0, "status": "VERIFIED", "operations": 6053830}
{"stage": "confirmation", "arm": "combined_dense", "case": "n13a0-005", "rep": 0, "status": "VERIFIED", "operations": 6906627}
{"stage": "confirmation", "arm": "rho", "case": "n17a1-000", "rep": 1, "status": "VERIFIED", "operations": 10510307}
{"stage": "confirmation", "arm": "incumbent", "case": "n17a1-000", "rep": 1, "status": "VERIFIED", "operations": 10845289}
{"stage": "confirmation", "arm": "combined_dense", "case": "n17a1-000", "rep": 1, "status": "VERIFIED", "operations": 10503128}
{"stage": "confirmation", "arm": "combined_dense", "case": "n19a0-004", "rep": 2, "status": "VERIFIED", "operations": 17642351}
{"stage": "confirmation", "arm": "incumbent", "case": "n19a0-004", "rep": 2, "status": "VERIFIED", "operations": 18538947}
{"stage": "confirmation", "arm": "rho", "case": "n19a0-004", "rep": 2, "status": "VERIFIED", "operations": 17301419}
{"stage": "confirmation", "arm": "combined_dense", "case": "n13a0-006", "rep": 1, "status": "VERIFIED", "operations": 6798639}
{"stage": "confirmation", "arm": "incumbent", "case": "n13a0-006", "rep": 1, "status": "VERIFIED", "operations": 7202271}
{"stage": "confirmation", "arm": "rho", "case": "n13a0-006", "rep": 1, "status": "VERIFIED", "operations": 5901675}
{"stage": "confirmation", "arm": "rho", "case": "n19a1-001", "rep": 2, "status": "VERIFIED", "operations": 16562546}
{"stage": "confirmation", "arm": "incumbent", "case": "n19a1-001", "rep": 2, "status": "VERIFIED", "operations": 16710967}
{"stage": "confirmation", "arm": "combined_dense", "case": "n19a1-001", "rep": 2, "status": "VERIFIED", "operations": 16244846}
{"stage": "confirmation", "arm": "incumbent", "case": "n17a1-006", "rep": 0, "status": "VERIFIED", "operations": 9602962}
{"stage": "confirmation", "arm": "rho", "case": "n17a1-006", "rep": 0, "status": "VERIFIED", "operations": 9047848}
{"stage": "confirmation", "arm": "combined_dense", "case": "n17a1-006", "rep": 0, "status": "VERIFIED", "operations": 9263230}
{"stage": "confirmation", "arm": "incumbent", "case": "n19a0-008", "rep": 2, "status": "VERIFIED", "operations": 17254315}
{"stage": "confirmation", "arm": "rho", "case": "n19a0-008", "rep": 2, "status": "VERIFIED", "operations": 15560219}
{"stage": "confirmation", "arm": "combined_dense", "case": "n19a0-008", "rep": 2, "status": "VERIFIED", "operations": 16361211}
{"stage": "confirmation", "arm": "rho", "case": "n19a0-008", "rep": 0, "status": "VERIFIED", "operations": 15560505}
{"stage": "confirmation", "arm": "combined_dense", "case": "n19a0-008", "rep": 0, "status": "VERIFIED", "operations": 16361048}
{"stage": "confirmation", "arm": "incumbent", "case": "n19a0-008", "rep": 0, "status": "VERIFIED", "operations": 17254529}
{"stage": "confirmation", "arm": "rho", "case": "n13a0-010", "rep": 2, "status": "VERIFIED", "operations": 5769573}
{"stage": "confirmation", "arm": "incumbent", "case": "n13a0-010", "rep": 2, "status": "VERIFIED", "operations": 7185286}
{"stage": "confirmation", "arm": "combined_dense", "case": "n13a0-010", "rep": 2, "status": "VERIFIED", "operations": 6780244}
{"stage": "confirmation", "arm": "combined_dense", "case": "n19a1-009", "rep": 2, "status": "VERIFIED", "operations": 16577282}
{"stage": "confirmation", "arm": "incumbent", "case": "n19a1-009", "rep": 2, "status": "VERIFIED", "operations": 17037777}
{"stage": "confirmation", "arm": "rho", "case": "n19a1-009", "rep": 2, "status": "VERIFIED", "operations": 14789025}
{"stage": "confirmation", "arm": "incumbent", "case": "n19a1-004", "rep": 2, "status": "VERIFIED", "operations": 16226757}
{"stage": "confirmation", "arm": "combined_dense", "case": "n19a1-004", "rep": 2, "status": "VERIFIED", "operations": 15763605}
{"stage": "confirmation", "arm": "rho", "case": "n19a1-004", "rep": 2, "status": "VERIFIED", "operations": 14298418}
{"stage": "confirmation", "arm": "rho", "case": "n17a1-004", "rep": 0, "status": "VERIFIED", "operations": 8442984}
{"stage": "confirmation", "arm": "incumbent", "case": "n17a1-004", "rep": 0, "status": "VERIFIED", "operations": 9873910}
{"stage": "confirmation", "arm": "combined_dense", "case": "n17a1-004", "rep": 0, "status": "VERIFIED", "operations": 9533238}
{"stage": "confirmation", "arm": "incumbent", "case": "n23a0-011", "rep": 1, "status": "VERIFIED", "operations": 26831507}
{"stage": "confirmation", "arm": "rho", "case": "n23a0-011", "rep": 1, "status": "VERIFIED", "operations": 22967847}
{"stage": "confirmation", "arm": "combined_dense", "case": "n23a0-011", "rep": 1, "status": "VERIFIED", "operations": 25530455}
{"stage": "confirmation", "arm": "incumbent", "case": "n19a0-007", "rep": 1, "status": "VERIFIED", "operations": 16275275}
{"stage": "confirmation", "arm": "combined_dense", "case": "n19a0-007", "rep": 1, "status": "VERIFIED", "operations": 15373234}
{"stage": "confirmation", "arm": "rho", "case": "n19a0-007", "rep": 1, "status": "VERIFIED", "operations": 15491824}
{"stage": "confirmation", "arm": "combined_dense", "case": "n23a0-010", "rep": 2, "status": "VERIFIED", "operations": 32481762}
{"stage": "confirmation", "arm": "incumbent", "case": "n23a0-010", "rep": 2, "status": "VERIFIED", "operations": 33789082}
{"stage": "confirmation", "arm": "rho", "case": "n23a0-010", "rep": 2, "status": "VERIFIED", "operations": 22963372}
{"stage": "confirmation", "arm": "combined_dense", "case": "n13a0-011", "rep": 1, "status": "VERIFIED", "operations": 6751098}
{"stage": "confirmation", "arm": "rho", "case": "n13a0-011", "rep": 1, "status": "VERIFIED", "operations": 5833909}
{"stage": "confirmation", "arm": "incumbent", "case": "n13a0-011", "rep": 1, "status": "VERIFIED", "operations": 7157242}
{"stage": "confirmation", "arm": "combined_dense", "case": "n19a1-005", "rep": 1, "status": "VERIFIED", "operations": 15513603}
{"stage": "confirmation", "arm": "rho", "case": "n19a1-005", "rep": 1, "status": "VERIFIED", "operations": 16177995}
{"stage": "confirmation", "arm": "incumbent", "case": "n19a1-005", "rep": 1, "status": "VERIFIED", "operations": 15974331}
{"stage": "confirmation", "arm": "incumbent", "case": "n19a0-011", "rep": 0, "status": "VERIFIED", "operations": 17159156}
{"stage": "confirmation", "arm": "rho", "case": "n19a0-011", "rep": 0, "status": "VERIFIED", "operations": 15935623}
{"stage": "confirmation", "arm": "combined_dense", "case": "n19a0-011", "rep": 0, "status": "VERIFIED", "operations": 16261896}
{"stage": "confirmation", "arm": "combined_dense", "case": "n17a1-006", "rep": 1, "status": "VERIFIED", "operations": 9262767}
{"stage": "confirmation", "arm": "incumbent", "case": "n17a1-006", "rep": 1, "status": "VERIFIED", "operations": 9603248}
{"stage": "confirmation", "arm": "rho", "case": "n17a1-006", "rep": 1, "status": "VERIFIED", "operations": 9047755}
{"stage": "confirmation", "arm": "combined_dense", "case": "n23a0-003", "rep": 2, "status": "VERIFIED", "operations": 22434720}
{"stage": "confirmation", "arm": "incumbent", "case": "n23a0-003", "rep": 2, "status": "VERIFIED", "operations": 23731471}
{"stage": "confirmation", "arm": "rho", "case": "n23a0-003", "rep": 2, "status": "VERIFIED", "operations": 23082173}
{"stage": "confirmation", "arm": "rho", "case": "n23a0-000", "rep": 1, "status": "VERIFIED", "operations": 21785480}
{"stage": "confirmation", "arm": "incumbent", "case": "n23a0-000", "rep": 1, "status": "VERIFIED", "operations": 29229307}
{"stage": "confirmation", "arm": "combined_dense", "case": "n23a0-000", "rep": 1, "status": "VERIFIED", "operations": 27927761}
{"stage": "confirmation", "arm": "rho", "case": "n19a0-006", "rep": 2, "status": "VERIFIED", "operations": 15592053}
{"stage": "confirmation", "arm": "combined_dense", "case": "n19a0-006", "rep": 2, "status": "VERIFIED", "operations": 15996592}
{"stage": "confirmation", "arm": "incumbent", "case": "n19a0-006", "rep": 2, "status": "VERIFIED", "operations": 16892011}
{"stage": "confirmation", "arm": "combined_dense", "case": "n19a0-009", "rep": 2, "status": "VERIFIED", "operations": 16262726}
{"stage": "confirmation", "arm": "rho", "case": "n19a0-009", "rep": 2, "status": "VERIFIED", "operations": 16475044}
{"stage": "confirmation", "arm": "incumbent", "case": "n19a0-009", "rep": 2, "status": "VERIFIED", "operations": 17161612}
{"stage": "confirmation", "arm": "incumbent", "case": "n23a0-007", "rep": 2, "status": "VERIFIED", "operations": 25484145}
{"stage": "confirmation", "arm": "rho", "case": "n23a0-007", "rep": 2, "status": "VERIFIED", "operations": 22989626}
{"stage": "confirmation", "arm": "combined_dense", "case": "n23a0-007", "rep": 2, "status": "VERIFIED", "operations": 24186783}
{"stage": "confirmation", "arm": "combined_dense", "case": "n13a0-003", "rep": 1, "status": "VERIFIED", "operations": 6776550}
{"stage": "confirmation", "arm": "rho", "case": "n13a0-003", "rep": 1, "status": "VERIFIED", "operations": 5882717}
{"stage": "confirmation", "arm": "incumbent", "case": "n13a0-003", "rep": 1, "status": "VERIFIED", "operations": 7180572}
{"stage": "confirmation", "arm": "combined_dense", "case": "n19a1-004", "rep": 1, "status": "VERIFIED", "operations": 15764006}
{"stage": "confirmation", "arm": "rho", "case": "n19a1-004", "rep": 1, "status": "VERIFIED", "operations": 14298418}
{"stage": "confirmation", "arm": "incumbent", "case": "n19a1-004", "rep": 1, "status": "VERIFIED", "operations": 16226150}
{"stage": "confirmation", "arm": "combined_dense", "case": "n17a1-000", "rep": 0, "status": "VERIFIED", "operations": 10503228}
{"stage": "confirmation", "arm": "rho", "case": "n17a1-000", "rep": 0, "status": "VERIFIED", "operations": 10510256}
{"stage": "confirmation", "arm": "incumbent", "case": "n17a1-000", "rep": 0, "status": "VERIFIED", "operations": 10845766}
{"stage": "confirmation", "arm": "rho", "case": "n23a0-008", "rep": 1, "status": "VERIFIED", "operations": 22111775}
{"stage": "confirmation", "arm": "combined_dense", "case": "n23a0-008", "rep": 1, "status": "VERIFIED", "operations": 25941894}
{"stage": "confirmation", "arm": "incumbent", "case": "n23a0-008", "rep": 1, "status": "VERIFIED", "operations": 27240620}
{"stage": "confirmation", "arm": "rho", "case": "n19a1-008", "rep": 0, "status": "VERIFIED", "operations": 14820583}
{"stage": "confirmation", "arm": "combined_dense", "case": "n19a1-008", "rep": 0, "status": "VERIFIED", "operations": 15451668}
{"stage": "confirmation", "arm": "incumbent", "case": "n19a1-008", "rep": 0, "status": "VERIFIED", "operations": 15913212}
{"stage": "confirmation", "arm": "incumbent", "case": "n19a1-009", "rep": 1, "status": "VERIFIED", "operations": 17037324}
{"stage": "confirmation", "arm": "combined_dense", "case": "n19a1-009", "rep": 1, "status": "VERIFIED", "operations": 16576982}
{"stage": "confirmation", "arm": "rho", "case": "n19a1-009", "rep": 1, "status": "VERIFIED", "operations": 14789032}
{"stage": "confirmation", "arm": "incumbent", "case": "n23a0-007", "rep": 0, "status": "VERIFIED", "operations": 25484524}
{"stage": "confirmation", "arm": "rho", "case": "n23a0-007", "rep": 0, "status": "VERIFIED", "operations": 22989569}
{"stage": "confirmation", "arm": "combined_dense", "case": "n23a0-007", "rep": 0, "status": "VERIFIED", "operations": 24186462}
{"stage": "confirmation", "arm": "rho", "case": "n13a0-002", "rep": 0, "status": "VERIFIED", "operations": 6314440}
{"stage": "confirmation", "arm": "combined_dense", "case": "n13a0-002", "rep": 0, "status": "VERIFIED", "operations": 7041031}
{"stage": "confirmation", "arm": "incumbent", "case": "n13a0-002", "rep": 0, "status": "VERIFIED", "operations": 7445017}
{"stage": "confirmation", "arm": "rho", "case": "n19a1-002", "rep": 0, "status": "VERIFIED", "operations": 16525254}
{"stage": "confirmation", "arm": "combined_dense", "case": "n19a1-002", "rep": 0, "status": "VERIFIED", "operations": 16119394}
{"stage": "confirmation", "arm": "incumbent", "case": "n19a1-002", "rep": 0, "status": "VERIFIED", "operations": 16581159}
{"stage": "confirmation", "arm": "incumbent", "case": "n23a0-002", "rep": 0, "status": "VERIFIED", "operations": 35362065}
{"stage": "confirmation", "arm": "rho", "case": "n23a0-002", "rep": 0, "status": "VERIFIED", "operations": 23594342}
{"stage": "confirmation", "arm": "combined_dense", "case": "n23a0-002", "rep": 0, "status": "VERIFIED", "operations": 34038414}
{"stage": "confirmation", "arm": "incumbent", "case": "n13a0-007", "rep": 0, "status": "VERIFIED", "operations": 7132505}
{"stage": "confirmation", "arm": "rho", "case": "n13a0-007", "rep": 0, "status": "VERIFIED", "operations": 5823189}
{"stage": "confirmation", "arm": "combined_dense", "case": "n13a0-007", "rep": 0, "status": "VERIFIED", "operations": 6730988}
{"stage": "confirmation", "arm": "incumbent", "case": "n19a0-006", "rep": 1, "status": "VERIFIED", "operations": 16891535}
{"stage": "confirmation", "arm": "combined_dense", "case": "n19a0-006", "rep": 1, "status": "VERIFIED", "operations": 15995914}
{"stage": "confirmation", "arm": "rho", "case": "n19a0-006", "rep": 1, "status": "VERIFIED", "operations": 15592056}
{"stage": "confirmation", "arm": "rho", "case": "n17a1-003", "rep": 1, "status": "VERIFIED", "operations": 8965140}
{"stage": "confirmation", "arm": "incumbent", "case": "n17a1-003", "rep": 1, "status": "VERIFIED", "operations": 9914764}
{"stage": "confirmation", "arm": "combined_dense", "case": "n17a1-003", "rep": 1, "status": "VERIFIED", "operations": 9654006}
{"stage": "confirmation", "arm": "combined_dense", "case": "n13a0-005", "rep": 1, "status": "VERIFIED", "operations": 6906824}
{"stage": "confirmation", "arm": "rho", "case": "n13a0-005", "rep": 1, "status": "VERIFIED", "operations": 6053849}
{"stage": "confirmation", "arm": "incumbent", "case": "n13a0-005", "rep": 1, "status": "VERIFIED", "operations": 7301963}
{"stage": "confirmation", "arm": "incumbent", "case": "n19a1-003", "rep": 0, "status": "VERIFIED", "operations": 16835823}
{"stage": "confirmation", "arm": "combined_dense", "case": "n19a1-003", "rep": 0, "status": "VERIFIED", "operations": 16372858}
{"stage": "confirmation", "arm": "rho", "case": "n19a1-003", "rep": 0, "status": "VERIFIED", "operations": 15358871}
{"stage": "confirmation", "arm": "incumbent", "case": "n19a0-001", "rep": 2, "status": "VERIFIED", "operations": 16027930}
{"stage": "confirmation", "arm": "rho", "case": "n19a0-001", "rep": 2, "status": "VERIFIED", "operations": 15675150}
{"stage": "confirmation", "arm": "combined_dense", "case": "n19a0-001", "rep": 2, "status": "VERIFIED", "operations": 15131100}
{"stage": "confirmation", "arm": "combined_dense", "case": "n23a0-008", "rep": 2, "status": "VERIFIED", "operations": 25941643}
{"stage": "confirmation", "arm": "rho", "case": "n23a0-008", "rep": 2, "status": "VERIFIED", "operations": 22111211}
{"stage": "confirmation", "arm": "incumbent", "case": "n23a0-008", "rep": 2, "status": "VERIFIED", "operations": 27241114}
{"stage": "confirmation", "arm": "incumbent", "case": "n19a0-003", "rep": 0, "status": "VERIFIED", "operations": 16798671}
{"stage": "confirmation", "arm": "rho", "case": "n19a0-003", "rep": 0, "status": "VERIFIED", "operations": 16178042}
{"stage": "confirmation", "arm": "combined_dense", "case": "n19a0-003", "rep": 0, "status": "VERIFIED", "operations": 15907620}
{"stage": "confirmation", "arm": "rho", "case": "n17a1-001", "rep": 0, "status": "VERIFIED", "operations": 8821544}
{"stage": "confirmation", "arm": "combined_dense", "case": "n17a1-001", "rep": 0, "status": "VERIFIED", "operations": 9336940}
{"stage": "confirmation", "arm": "incumbent", "case": "n17a1-001", "rep": 0, "status": "VERIFIED", "operations": 9680150}
{"stage": "confirmation", "arm": "combined_dense", "case": "n17a1-002", "rep": 0, "status": "VERIFIED", "operations": 9820420}
{"stage": "confirmation", "arm": "incumbent", "case": "n17a1-002", "rep": 0, "status": "VERIFIED", "operations": 10160373}
{"stage": "confirmation", "arm": "rho", "case": "n17a1-002", "rep": 0, "status": "VERIFIED", "operations": 9261593}
{"stage": "confirmation", "arm": "incumbent", "case": "n19a0-010", "rep": 1, "status": "VERIFIED", "operations": 17009469}
{"stage": "confirmation", "arm": "combined_dense", "case": "n19a0-010", "rep": 1, "status": "VERIFIED", "operations": 16108575}
{"stage": "confirmation", "arm": "rho", "case": "n19a0-010", "rep": 1, "status": "VERIFIED", "operations": 16296989}
{"stage": "confirmation", "arm": "rho", "case": "n17a1-001", "rep": 1, "status": "VERIFIED", "operations": 8821534}
{"stage": "confirmation", "arm": "combined_dense", "case": "n17a1-001", "rep": 1, "status": "VERIFIED", "operations": 9337240}
{"stage": "confirmation", "arm": "incumbent", "case": "n17a1-001", "rep": 1, "status": "VERIFIED", "operations": 9680416}
{"stage": "confirmation", "arm": "rho", "case": "n19a0-011", "rep": 1, "status": "VERIFIED", "operations": 15935625}
{"stage": "confirmation", "arm": "incumbent", "case": "n19a0-011", "rep": 1, "status": "VERIFIED", "operations": 17158354}
{"stage": "confirmation", "arm": "combined_dense", "case": "n19a0-011", "rep": 1, "status": "VERIFIED", "operations": 16261543}
{"stage": "confirmation", "arm": "combined_dense", "case": "n13a0-000", "rep": 1, "status": "VERIFIED", "operations": 6957318}
{"stage": "confirmation", "arm": "incumbent", "case": "n13a0-000", "rep": 1, "status": "VERIFIED", "operations": 7360655}
{"stage": "confirmation", "arm": "rho", "case": "n13a0-000", "rep": 1, "status": "VERIFIED", "operations": 6170593}
{"stage": "confirmation", "arm": "combined_dense", "case": "n17a1-007", "rep": 0, "status": "VERIFIED", "operations": 9567134}
{"stage": "confirmation", "arm": "rho", "case": "n17a1-007", "rep": 0, "status": "VERIFIED", "operations": 8996202}
{"stage": "confirmation", "arm": "incumbent", "case": "n17a1-007", "rep": 0, "status": "VERIFIED", "operations": 9910768}
{"stage": "confirmation", "arm": "combined_dense", "case": "n19a1-011", "rep": 0, "status": "VERIFIED", "operations": 15878631}
{"stage": "confirmation", "arm": "rho", "case": "n19a1-011", "rep": 0, "status": "VERIFIED", "operations": 15523245}
{"stage": "confirmation", "arm": "incumbent", "case": "n19a1-011", "rep": 0, "status": "VERIFIED", "operations": 16338397}
{"stage": "confirmation", "arm": "combined_dense", "case": "n13a0-009", "rep": 0, "status": "VERIFIED", "operations": 6912646}
{"stage": "confirmation", "arm": "incumbent", "case": "n13a0-009", "rep": 0, "status": "VERIFIED", "operations": 7318666}
{"stage": "confirmation", "arm": "rho", "case": "n13a0-009", "rep": 0, "status": "VERIFIED", "operations": 5969836}
{"stage": "confirmation", "arm": "combined_dense", "case": "n19a1-003", "rep": 2, "status": "VERIFIED", "operations": 16373090}
{"stage": "confirmation", "arm": "rho", "case": "n19a1-003", "rep": 2, "status": "VERIFIED", "operations": 15358871}
{"stage": "confirmation", "arm": "incumbent", "case": "n19a1-003", "rep": 2, "status": "VERIFIED", "operations": 16835501}
{"stage": "confirmation", "arm": "incumbent", "case": "n23a0-001", "rep": 0, "status": "VERIFIED", "operations": 26660928}
{"stage": "confirmation", "arm": "combined_dense", "case": "n23a0-001", "rep": 0, "status": "VERIFIED", "operations": 25362909}
{"stage": "confirmation", "arm": "rho", "case": "n23a0-001", "rep": 0, "status": "VERIFIED", "operations": 24020184}
{"stage": "confirmation", "arm": "incumbent", "case": "n17a1-005", "rep": 1, "status": "VERIFIED", "operations": 10068252}
{"stage": "confirmation", "arm": "combined_dense", "case": "n17a1-005", "rep": 1, "status": "VERIFIED", "operations": 9726669}
{"stage": "confirmation", "arm": "rho", "case": "n17a1-005", "rep": 1, "status": "VERIFIED", "operations": 9346809}
{"stage": "confirmation", "arm": "combined_dense", "case": "n17a1-007", "rep": 2, "status": "VERIFIED", "operations": 9566987}
{"stage": "confirmation", "arm": "incumbent", "case": "n17a1-007", "rep": 2, "status": "VERIFIED", "operations": 9909884}
{"stage": "confirmation", "arm": "rho", "case": "n17a1-007", "rep": 2, "status": "VERIFIED", "operations": 8996192}
{"stage": "confirmation", "arm": "combined_dense", "case": "n23a0-004", "rep": 1, "status": "VERIFIED", "operations": 24953827}
{"stage": "confirmation", "arm": "incumbent", "case": "n23a0-004", "rep": 1, "status": "VERIFIED", "operations": 26251873}
{"stage": "confirmation", "arm": "rho", "case": "n23a0-004", "rep": 1, "status": "VERIFIED", "operations": 21538004}
{"stage": "confirmation", "arm": "rho", "case": "n17a1-005", "rep": 2, "status": "VERIFIED", "operations": 9346835}
{"stage": "confirmation", "arm": "combined_dense", "case": "n17a1-005", "rep": 2, "status": "VERIFIED", "operations": 9727157}
{"stage": "confirmation", "arm": "incumbent", "case": "n17a1-005", "rep": 2, "status": "VERIFIED", "operations": 10067908}
{"stage": "confirmation", "arm": "combined_dense", "case": "n19a1-011", "rep": 2, "status": "VERIFIED", "operations": 15878477}
{"stage": "confirmation", "arm": "rho", "case": "n19a1-011", "rep": 2, "status": "VERIFIED", "operations": 15523245}
{"stage": "confirmation", "arm": "incumbent", "case": "n19a1-011", "rep": 2, "status": "VERIFIED", "operations": 16336850}
{"stage": "confirmation", "arm": "combined_dense", "case": "n19a1-005", "rep": 0, "status": "VERIFIED", "operations": 15513216}
{"stage": "confirmation", "arm": "rho", "case": "n19a1-005", "rep": 0, "status": "VERIFIED", "operations": 16177995}
{"stage": "confirmation", "arm": "incumbent", "case": "n19a1-005", "rep": 0, "status": "VERIFIED", "operations": 15974274}
{"stage": "confirmation", "arm": "incumbent", "case": "n19a0-000", "rep": 0, "status": "VERIFIED", "operations": 16571028}
{"stage": "confirmation", "arm": "combined_dense", "case": "n19a0-000", "rep": 0, "status": "VERIFIED", "operations": 15670085}
{"stage": "confirmation", "arm": "rho", "case": "n19a0-000", "rep": 0, "status": "VERIFIED", "operations": 14492196}
{"stage": "confirmation", "arm": "combined_dense", "case": "n19a1-000", "rep": 1, "status": "VERIFIED", "operations": 14905467}
{"stage": "confirmation", "arm": "rho", "case": "n19a1-000", "rep": 1, "status": "VERIFIED", "operations": 15236215}
{"stage": "confirmation", "arm": "incumbent", "case": "n19a1-000", "rep": 1, "status": "VERIFIED", "operations": 15368903}
{"stage": "confirmation", "arm": "rho", "case": "n23a0-010", "rep": 0, "status": "VERIFIED", "operations": 22963166}
{"stage": "confirmation", "arm": "incumbent", "case": "n23a0-010", "rep": 0, "status": "VERIFIED", "operations": 33788622}
{"stage": "confirmation", "arm": "combined_dense", "case": "n23a0-010", "rep": 0, "status": "VERIFIED", "operations": 32481009}
{"stage": "confirmation", "arm": "incumbent", "case": "n19a0-001", "rep": 1, "status": "VERIFIED", "operations": 16027759}
{"stage": "confirmation", "arm": "rho", "case": "n19a0-001", "rep": 1, "status": "VERIFIED", "operations": 15675306}
{"stage": "confirmation", "arm": "combined_dense", "case": "n19a0-001", "rep": 1, "status": "VERIFIED", "operations": 15131141}
{"stage": "confirmation", "arm": "rho", "case": "n19a1-010", "rep": 1, "status": "VERIFIED", "operations": 15579298}
{"stage": "confirmation", "arm": "combined_dense", "case": "n19a1-010", "rep": 1, "status": "VERIFIED", "operations": 15955348}
{"stage": "confirmation", "arm": "incumbent", "case": "n19a1-010", "rep": 1, "status": "VERIFIED", "operations": 16415973}
{"stage": "replay", "arm": "incumbent", "case": "n17a1-001", "rep": 2, "status": "VERIFIED", "operations": 9680349}
{"stage": "replay", "arm": "rho", "case": "n17a1-001", "rep": 2, "status": "VERIFIED", "operations": 8821502}
{"stage": "replay", "arm": "combined_dense", "case": "n17a1-001", "rep": 2, "status": "VERIFIED", "operations": 9336920}
{"stage": "replay", "arm": "incumbent", "case": "n19a0-006", "rep": 2, "status": "VERIFIED", "operations": 16891939}
{"stage": "replay", "arm": "combined_dense", "case": "n19a0-006", "rep": 2, "status": "VERIFIED", "operations": 15996143}
{"stage": "replay", "arm": "rho", "case": "n19a0-006", "rep": 2, "status": "VERIFIED", "operations": 15592122}
{"stage": "replay", "arm": "rho", "case": "n23a0-004", "rep": 1, "status": "VERIFIED", "operations": 21538374}
{"stage": "replay", "arm": "incumbent", "case": "n23a0-004", "rep": 1, "status": "VERIFIED", "operations": 26250569}
{"stage": "replay", "arm": "combined_dense", "case": "n23a0-004", "rep": 1, "status": "VERIFIED", "operations": 24952918}
{"stage": "replay", "arm": "combined_dense", "case": "n19a0-000", "rep": 1, "status": "VERIFIED", "operations": 15670227}
{"stage": "replay", "arm": "incumbent", "case": "n19a0-000", "rep": 1, "status": "VERIFIED", "operations": 16570823}
{"stage": "replay", "arm": "rho", "case": "n19a0-000", "rep": 1, "status": "VERIFIED", "operations": 14492217}
{"stage": "replay", "arm": "incumbent", "case": "n13a0-006", "rep": 1, "status": "VERIFIED", "operations": 7202420}
{"stage": "replay", "arm": "rho", "case": "n13a0-006", "rep": 1, "status": "VERIFIED", "operations": 5901670}
{"stage": "replay", "arm": "combined_dense", "case": "n13a0-006", "rep": 1, "status": "VERIFIED", "operations": 6798678}
{"stage": "replay", "arm": "incumbent", "case": "n19a1-001", "rep": 0, "status": "VERIFIED", "operations": 16710552}
{"stage": "replay", "arm": "rho", "case": "n19a1-001", "rep": 0, "status": "VERIFIED", "operations": 16562551}
{"stage": "replay", "arm": "combined_dense", "case": "n19a1-001", "rep": 0, "status": "VERIFIED", "operations": 16245179}
{"stage": "replay", "arm": "rho", "case": "n19a0-005", "rep": 2, "status": "VERIFIED", "operations": 14972580}
{"stage": "replay", "arm": "incumbent", "case": "n19a0-005", "rep": 2, "status": "VERIFIED", "operations": 16866851}
{"stage": "replay", "arm": "combined_dense", "case": "n19a0-005", "rep": 2, "status": "VERIFIED", "operations": 15972221}
{"stage": "replay", "arm": "incumbent", "case": "n17a1-009", "rep": 2, "status": "VERIFIED", "operations": 9795714}
{"stage": "replay", "arm": "combined_dense", "case": "n17a1-009", "rep": 2, "status": "VERIFIED", "operations": 9450211}
{"stage": "replay", "arm": "rho", "case": "n17a1-009", "rep": 2, "status": "VERIFIED", "operations": 9561162}
{"stage": "replay", "arm": "combined_dense", "case": "n19a0-006", "rep": 0, "status": "VERIFIED", "operations": 15996762}
{"stage": "replay", "arm": "rho", "case": "n19a0-006", "rep": 0, "status": "VERIFIED", "operations": 15592037}
{"stage": "replay", "arm": "incumbent", "case": "n19a0-006", "rep": 0, "status": "VERIFIED", "operations": 16891746}
{"stage": "replay", "arm": "combined_dense", "case": "n19a1-008", "rep": 0, "status": "VERIFIED", "operations": 15451283}
{"stage": "replay", "arm": "rho", "case": "n19a1-008", "rep": 0, "status": "VERIFIED", "operations": 14820552}
{"stage": "replay", "arm": "incumbent", "case": "n19a1-008", "rep": 0, "status": "VERIFIED", "operations": 15913271}
{"stage": "replay", "arm": "incumbent", "case": "n17a1-004", "rep": 2, "status": "VERIFIED", "operations": 9874293}
{"stage": "replay", "arm": "rho", "case": "n17a1-004", "rep": 2, "status": "VERIFIED", "operations": 8442951}
{"stage": "replay", "arm": "combined_dense", "case": "n17a1-004", "rep": 2, "status": "VERIFIED", "operations": 9532863}
{"stage": "replay", "arm": "incumbent", "case": "n23a0-005", "rep": 0, "status": "VERIFIED", "operations": 33442312}
{"stage": "replay", "arm": "rho", "case": "n23a0-005", "rep": 0, "status": "VERIFIED", "operations": 21615024}
{"stage": "replay", "arm": "combined_dense", "case": "n23a0-005", "rep": 0, "status": "VERIFIED", "operations": 32126782}
{"stage": "replay", "arm": "rho", "case": "n17a1-002", "rep": 2, "status": "VERIFIED", "operations": 9261614}
{"stage": "replay", "arm": "combined_dense", "case": "n17a1-002", "rep": 2, "status": "VERIFIED", "operations": 9820237}
{"stage": "replay", "arm": "incumbent", "case": "n17a1-002", "rep": 2, "status": "VERIFIED", "operations": 10160515}
{"stage": "replay", "arm": "incumbent", "case": "n13a0-009", "rep": 2, "status": "VERIFIED", "operations": 7318773}
{"stage": "replay", "arm": "rho", "case": "n13a0-009", "rep": 2, "status": "VERIFIED", "operations": 5969836}
{"stage": "replay", "arm": "combined_dense", "case": "n13a0-009", "rep": 2, "status": "VERIFIED", "operations": 6912685}
{"stage": "replay", "arm": "rho", "case": "n19a0-005", "rep": 1, "status": "VERIFIED", "operations": 14972547}
{"stage": "replay", "arm": "combined_dense", "case": "n19a0-005", "rep": 1, "status": "VERIFIED", "operations": 15971904}
{"stage": "replay", "arm": "incumbent", "case": "n19a0-005", "rep": 1, "status": "VERIFIED", "operations": 16866624}
{"stage": "replay", "arm": "rho", "case": "n17a1-006", "rep": 1, "status": "VERIFIED", "operations": 9047772}
{"stage": "replay", "arm": "combined_dense", "case": "n17a1-006", "rep": 1, "status": "VERIFIED", "operations": 9263013}
{"stage": "replay", "arm": "incumbent", "case": "n17a1-006", "rep": 1, "status": "VERIFIED", "operations": 9604115}
{"stage": "replay", "arm": "incumbent", "case": "n13a0-001", "rep": 0, "status": "VERIFIED", "operations": 7167788}
{"stage": "replay", "arm": "combined_dense", "case": "n13a0-001", "rep": 0, "status": "VERIFIED", "operations": 6764788}
{"stage": "replay", "arm": "rho", "case": "n13a0-001", "rep": 0, "status": "VERIFIED", "operations": 5971324}
{"stage": "replay", "arm": "incumbent", "case": "n19a1-002", "rep": 0, "status": "VERIFIED", "operations": 16580347}
{"stage": "replay", "arm": "rho", "case": "n19a1-002", "rep": 0, "status": "VERIFIED", "operations": 16525280}
{"stage": "replay", "arm": "combined_dense", "case": "n19a1-002", "rep": 0, "status": "VERIFIED", "operations": 16119193}
{"stage": "replay", "arm": "incumbent", "case": "n13a0-009", "rep": 1, "status": "VERIFIED", "operations": 7318288}
{"stage": "replay", "arm": "rho", "case": "n13a0-009", "rep": 1, "status": "VERIFIED", "operations": 5969836}
{"stage": "replay", "arm": "combined_dense", "case": "n13a0-009", "rep": 1, "status": "VERIFIED", "operations": 6912893}
{"stage": "replay", "arm": "combined_dense", "case": "n17a1-010", "rep": 2, "status": "VERIFIED", "operations": 9718646}
{"stage": "replay", "arm": "rho", "case": "n17a1-010", "rep": 2, "status": "VERIFIED", "operations": 9293912}
{"stage": "replay", "arm": "incumbent", "case": "n17a1-010", "rep": 2, "status": "VERIFIED", "operations": 10062669}
{"stage": "replay", "arm": "combined_dense", "case": "n17a1-008", "rep": 1, "status": "VERIFIED", "operations": 9726196}
{"stage": "replay", "arm": "incumbent", "case": "n17a1-008", "rep": 1, "status": "VERIFIED", "operations": 10074208}
{"stage": "replay", "arm": "rho", "case": "n17a1-008", "rep": 1, "status": "VERIFIED", "operations": 9064133}
{"stage": "replay", "arm": "combined_dense", "case": "n17a1-010", "rep": 1, "status": "VERIFIED", "operations": 9718568}
{"stage": "replay", "arm": "rho", "case": "n17a1-010", "rep": 1, "status": "VERIFIED", "operations": 9293881}
{"stage": "replay", "arm": "incumbent", "case": "n17a1-010", "rep": 1, "status": "VERIFIED", "operations": 10063003}
{"stage": "replay", "arm": "incumbent", "case": "n19a0-002", "rep": 1, "status": "VERIFIED", "operations": 16935649}
{"stage": "replay", "arm": "combined_dense", "case": "n19a0-002", "rep": 1, "status": "VERIFIED", "operations": 16040872}
{"stage": "replay", "arm": "rho", "case": "n19a0-002", "rep": 1, "status": "VERIFIED", "operations": 16624152}
{"stage": "replay", "arm": "combined_dense", "case": "n19a1-011", "rep": 1, "status": "VERIFIED", "operations": 15879113}
{"stage": "replay", "arm": "rho", "case": "n19a1-011", "rep": 1, "status": "VERIFIED", "operations": 15523245}
{"stage": "replay", "arm": "incumbent", "case": "n19a1-011", "rep": 1, "status": "VERIFIED", "operations": 16338432}
{"stage": "replay", "arm": "incumbent", "case": "n19a1-004", "rep": 0, "status": "VERIFIED", "operations": 16226834}
{"stage": "replay", "arm": "combined_dense", "case": "n19a1-004", "rep": 0, "status": "VERIFIED", "operations": 15764013}
{"stage": "replay", "arm": "rho", "case": "n19a1-004", "rep": 0, "status": "VERIFIED", "operations": 14298418}
{"stage": "replay", "arm": "combined_dense", "case": "n17a1-007", "rep": 1, "status": "VERIFIED", "operations": 9566757}
{"stage": "replay", "arm": "incumbent", "case": "n17a1-007", "rep": 1, "status": "VERIFIED", "operations": 9909826}
{"stage": "replay", "arm": "rho", "case": "n17a1-007", "rep": 1, "status": "VERIFIED", "operations": 8996192}
{"stage": "replay", "arm": "rho", "case": "n17a1-007", "rep": 2, "status": "VERIFIED", "operations": 8996187}
{"stage": "replay", "arm": "incumbent", "case": "n17a1-007", "rep": 2, "status": "VERIFIED", "operations": 9909645}
{"stage": "replay", "arm": "combined_dense", "case": "n17a1-007", "rep": 2, "status": "VERIFIED", "operations": 9567138}
{"stage": "replay", "arm": "rho", "case": "n13a0-001", "rep": 2, "status": "VERIFIED", "operations": 5971319}
{"stage": "replay", "arm": "combined_dense", "case": "n13a0-001", "rep": 2, "status": "VERIFIED", "operations": 6764544}
{"stage": "replay", "arm": "incumbent", "case": "n13a0-001", "rep": 2, "status": "VERIFIED", "operations": 7167267}
{"stage": "replay", "arm": "rho", "case": "n19a0-003", "rep": 1, "status": "VERIFIED", "operations": 16177841}
{"stage": "replay", "arm": "incumbent", "case": "n19a0-003", "rep": 1, "status": "VERIFIED", "operations": 16799097}
{"stage": "replay", "arm": "combined_dense", "case": "n19a0-003", "rep": 1, "status": "VERIFIED", "operations": 15907855}
{"stage": "replay", "arm": "incumbent", "case": "n19a1-009", "rep": 2, "status": "VERIFIED", "operations": 17037450}
{"stage": "replay", "arm": "combined_dense", "case": "n19a1-009", "rep": 2, "status": "VERIFIED", "operations": 16577493}
{"stage": "replay", "arm": "rho", "case": "n19a1-009", "rep": 2, "status": "VERIFIED", "operations": 14789032}
{"stage": "replay", "arm": "incumbent", "case": "n19a1-002", "rep": 2, "status": "VERIFIED", "operations": 16580244}
{"stage": "replay", "arm": "rho", "case": "n19a1-002", "rep": 2, "status": "VERIFIED", "operations": 16525254}
{"stage": "replay", "arm": "combined_dense", "case": "n19a1-002", "rep": 2, "status": "VERIFIED", "operations": 16119626}
{"stage": "replay", "arm": "incumbent", "case": "n23a0-002", "rep": 1, "status": "VERIFIED", "operations": 35361595}
{"stage": "replay", "arm": "combined_dense", "case": "n23a0-002", "rep": 1, "status": "VERIFIED", "operations": 34038455}
{"stage": "replay", "arm": "rho", "case": "n23a0-002", "rep": 1, "status": "VERIFIED", "operations": 23593302}
{"stage": "replay", "arm": "rho", "case": "n17a1-011", "rep": 2, "status": "VERIFIED", "operations": 9190386}
{"stage": "replay", "arm": "combined_dense", "case": "n17a1-011", "rep": 2, "status": "VERIFIED", "operations": 9517092}
{"stage": "replay", "arm": "incumbent", "case": "n17a1-011", "rep": 2, "status": "VERIFIED", "operations": 9858054}
{"stage": "replay", "arm": "incumbent", "case": "n13a0-007", "rep": 0, "status": "VERIFIED", "operations": 7133037}
{"stage": "replay", "arm": "rho", "case": "n13a0-007", "rep": 0, "status": "VERIFIED", "operations": 5823189}
{"stage": "replay", "arm": "combined_dense", "case": "n13a0-007", "rep": 0, "status": "VERIFIED", "operations": 6730818}
{"stage": "replay", "arm": "incumbent", "case": "n19a0-007", "rep": 2, "status": "VERIFIED", "operations": 16275340}
{"stage": "replay", "arm": "rho", "case": "n19a0-007", "rep": 2, "status": "VERIFIED", "operations": 15491741}
{"stage": "replay", "arm": "combined_dense", "case": "n19a0-007", "rep": 2, "status": "VERIFIED", "operations": 15373081}
{"stage": "replay", "arm": "incumbent", "case": "n19a0-004", "rep": 2, "status": "VERIFIED", "operations": 18538555}
{"stage": "replay", "arm": "combined_dense", "case": "n19a0-004", "rep": 2, "status": "VERIFIED", "operations": 17642341}
{"stage": "replay", "arm": "rho", "case": "n19a0-004", "rep": 2, "status": "VERIFIED", "operations": 17301431}
{"stage": "replay", "arm": "incumbent", "case": "n17a1-002", "rep": 0, "status": "VERIFIED", "operations": 10159962}
{"stage": "replay", "arm": "combined_dense", "case": "n17a1-002", "rep": 0, "status": "VERIFIED", "operations": 9820410}
{"stage": "replay", "arm": "rho", "case": "n17a1-002", "rep": 0, "status": "VERIFIED", "operations": 9261562}
{"stage": "replay", "arm": "rho", "case": "n19a1-004", "rep": 2, "status": "VERIFIED", "operations": 14298418}
{"stage": "replay", "arm": "combined_dense", "case": "n19a1-004", "rep": 2, "status": "VERIFIED", "operations": 15764276}
{"stage": "replay", "arm": "incumbent", "case": "n19a1-004", "rep": 2, "status": "VERIFIED", "operations": 16226391}
{"stage": "replay", "arm": "combined_dense", "case": "n13a0-004", "rep": 1, "status": "VERIFIED", "operations": 6986229}
{"stage": "replay", "arm": "rho", "case": "n13a0-004", "rep": 1, "status": "VERIFIED", "operations": 6283789}
{"stage": "replay", "arm": "incumbent", "case": "n13a0-004", "rep": 1, "status": "VERIFIED", "operations": 7390421}
{"stage": "replay", "arm": "combined_dense", "case": "n23a0-004", "rep": 0, "status": "VERIFIED", "operations": 24952988}
{"stage": "replay", "arm": "incumbent", "case": "n23a0-004", "rep": 0, "status": "VERIFIED", "operations": 26250750}
{"stage": "replay", "arm": "rho", "case": "n23a0-004", "rep": 0, "status": "VERIFIED", "operations": 21537822}
{"stage": "replay", "arm": "combined_dense", "case": "n19a1-009", "rep": 1, "status": "VERIFIED", "operations": 16577319}
{"stage": "replay", "arm": "rho", "case": "n19a1-009", "rep": 1, "status": "VERIFIED", "operations": 14789032}
{"stage": "replay", "arm": "incumbent", "case": "n19a1-009", "rep": 1, "status": "VERIFIED", "operations": 17037201}
{"stage": "replay", "arm": "rho", "case": "n19a0-000", "rep": 2, "status": "VERIFIED", "operations": 14492160}
{"stage": "replay", "arm": "incumbent", "case": "n19a0-000", "rep": 2, "status": "VERIFIED", "operations": 16571030}
{"stage": "replay", "arm": "combined_dense", "case": "n19a0-000", "rep": 2, "status": "VERIFIED", "operations": 15670450}
{"stage": "replay", "arm": "combined_dense", "case": "n19a1-006", "rep": 0, "status": "VERIFIED", "operations": 15485694}
{"stage": "replay", "arm": "incumbent", "case": "n19a1-006", "rep": 0, "status": "VERIFIED", "operations": 15948491}
{"stage": "replay", "arm": "rho", "case": "n19a1-006", "rep": 0, "status": "VERIFIED", "operations": 15663691}
{"stage": "replay", "arm": "incumbent", "case": "n17a1-011", "rep": 1, "status": "VERIFIED", "operations": 9858238}
{"stage": "replay", "arm": "rho", "case": "n17a1-011", "rep": 1, "status": "VERIFIED", "operations": 9190402}
{"stage": "replay", "arm": "combined_dense", "case": "n17a1-011", "rep": 1, "status": "VERIFIED", "operations": 9517225}
{"stage": "replay", "arm": "combined_dense", "case": "n13a0-010", "rep": 2, "status": "VERIFIED", "operations": 6779760}
{"stage": "replay", "arm": "rho", "case": "n13a0-010", "rep": 2, "status": "VERIFIED", "operations": 5769521}
{"stage": "replay", "arm": "incumbent", "case": "n13a0-010", "rep": 2, "status": "VERIFIED", "operations": 7185494}
{"stage": "replay", "arm": "rho", "case": "n17a1-000", "rep": 2, "status": "VERIFIED", "operations": 10510346}
{"stage": "replay", "arm": "incumbent", "case": "n17a1-000", "rep": 2, "status": "VERIFIED", "operations": 10845711}
{"stage": "replay", "arm": "combined_dense", "case": "n17a1-000", "rep": 2, "status": "VERIFIED", "operations": 10502925}
{"stage": "replay", "arm": "combined_dense", "case": "n23a0-002", "rep": 0, "status": "VERIFIED", "operations": 34038091}
{"stage": "replay", "arm": "rho", "case": "n23a0-002", "rep": 0, "status": "VERIFIED", "operations": 23592914}
{"stage": "replay", "arm": "incumbent", "case": "n23a0-002", "rep": 0, "status": "VERIFIED", "operations": 35362014}
{"stage": "replay", "arm": "rho", "case": "n19a0-006", "rep": 1, "status": "VERIFIED", "operations": 15592108}
{"stage": "replay", "arm": "combined_dense", "case": "n19a0-006", "rep": 1, "status": "VERIFIED", "operations": 15996459}
{"stage": "replay", "arm": "incumbent", "case": "n19a0-006", "rep": 1, "status": "VERIFIED", "operations": 16892228}
{"stage": "replay", "arm": "incumbent", "case": "n19a0-008", "rep": 0, "status": "VERIFIED", "operations": 17254805}
{"stage": "replay", "arm": "rho", "case": "n19a0-008", "rep": 0, "status": "VERIFIED", "operations": 15560260}
{"stage": "replay", "arm": "combined_dense", "case": "n19a0-008", "rep": 0, "status": "VERIFIED", "operations": 16361223}
{"stage": "replay", "arm": "rho", "case": "n13a0-003", "rep": 0, "status": "VERIFIED", "operations": 5882691}
{"stage": "replay", "arm": "incumbent", "case": "n13a0-003", "rep": 0, "status": "VERIFIED", "operations": 7180261}
{"stage": "replay", "arm": "combined_dense", "case": "n13a0-003", "rep": 0, "status": "VERIFIED", "operations": 6776491}
{"stage": "replay", "arm": "rho", "case": "n23a0-009", "rep": 2, "status": "VERIFIED", "operations": 22671711}
{"stage": "replay", "arm": "combined_dense", "case": "n23a0-009", "rep": 2, "status": "VERIFIED", "operations": 21468791}
{"stage": "replay", "arm": "incumbent", "case": "n23a0-009", "rep": 2, "status": "VERIFIED", "operations": 22763451}
{"stage": "replay", "arm": "rho", "case": "n19a0-003", "rep": 0, "status": "VERIFIED", "operations": 16178034}
{"stage": "replay", "arm": "combined_dense", "case": "n19a0-003", "rep": 0, "status": "VERIFIED", "operations": 15907563}
{"stage": "replay", "arm": "incumbent", "case": "n19a0-003", "rep": 0, "status": "VERIFIED", "operations": 16798420}
{"stage": "replay", "arm": "combined_dense", "case": "n23a0-011", "rep": 1, "status": "VERIFIED", "operations": 25530205}
{"stage": "replay", "arm": "incumbent", "case": "n23a0-011", "rep": 1, "status": "VERIFIED", "operations": 26831357}
{"stage": "replay", "arm": "rho", "case": "n23a0-011", "rep": 1, "status": "VERIFIED", "operations": 22967815}
{"stage": "replay", "arm": "incumbent", "case": "n17a1-005", "rep": 0, "status": "VERIFIED", "operations": 10067979}
{"stage": "replay", "arm": "rho", "case": "n17a1-005", "rep": 0, "status": "VERIFIED", "operations": 9347010}
{"stage": "replay", "arm": "combined_dense", "case": "n17a1-005", "rep": 0, "status": "VERIFIED", "operations": 9726974}
{"stage": "replay", "arm": "incumbent", "case": "n19a1-007", "rep": 2, "status": "VERIFIED", "operations": 17649533}
{"stage": "replay", "arm": "rho", "case": "n19a1-007", "rep": 2, "status": "VERIFIED", "operations": 15367304}
{"stage": "replay", "arm": "combined_dense", "case": "n19a1-007", "rep": 2, "status": "VERIFIED", "operations": 17190421}
{"stage": "replay", "arm": "rho", "case": "n19a0-011", "rep": 1, "status": "VERIFIED", "operations": 15935602}
{"stage": "replay", "arm": "incumbent", "case": "n19a0-011", "rep": 1, "status": "VERIFIED", "operations": 17157860}
{"stage": "replay", "arm": "combined_dense", "case": "n19a0-011", "rep": 1, "status": "VERIFIED", "operations": 16262039}
{"stage": "replay", "arm": "combined_dense", "case": "n17a1-003", "rep": 1, "status": "VERIFIED", "operations": 9654037}
{"stage": "replay", "arm": "rho", "case": "n17a1-003", "rep": 1, "status": "VERIFIED", "operations": 8965166}
{"stage": "replay", "arm": "incumbent", "case": "n17a1-003", "rep": 1, "status": "VERIFIED", "operations": 9914300}
{"stage": "replay", "arm": "incumbent", "case": "n17a1-009", "rep": 0, "status": "VERIFIED", "operations": 9795526}
{"stage": "replay", "arm": "rho", "case": "n17a1-009", "rep": 0, "status": "VERIFIED", "operations": 9561236}
{"stage": "replay", "arm": "combined_dense", "case": "n17a1-009", "rep": 0, "status": "VERIFIED", "operations": 9450734}
{"stage": "replay", "arm": "combined_dense", "case": "n13a0-004", "rep": 2, "status": "VERIFIED", "operations": 6986572}
{"stage": "replay", "arm": "incumbent", "case": "n13a0-004", "rep": 2, "status": "VERIFIED", "operations": 7390205}
{"stage": "replay", "arm": "rho", "case": "n13a0-004", "rep": 2, "status": "VERIFIED", "operations": 6283763}
{"stage": "replay", "arm": "combined_dense", "case": "n13a0-003", "rep": 1, "status": "VERIFIED", "operations": 6776684}
{"stage": "replay", "arm": "incumbent", "case": "n13a0-003", "rep": 1, "status": "VERIFIED", "operations": 7180018}
{"stage": "replay", "arm": "rho", "case": "n13a0-003", "rep": 1, "status": "VERIFIED", "operations": 5882717}
{"stage": "replay", "arm": "combined_dense", "case": "n13a0-002", "rep": 0, "status": "VERIFIED", "operations": 7041240}
{"stage": "replay", "arm": "rho", "case": "n13a0-002", "rep": 0, "status": "VERIFIED", "operations": 6314378}
{"stage": "replay", "arm": "incumbent", "case": "n13a0-002", "rep": 0, "status": "VERIFIED", "operations": 7445797}
{"stage": "replay", "arm": "combined_dense", "case": "n13a0-004", "rep": 0, "status": "VERIFIED", "operations": 6986570}
{"stage": "replay", "arm": "incumbent", "case": "n13a0-004", "rep": 0, "status": "VERIFIED", "operations": 7390602}
{"stage": "replay", "arm": "rho", "case": "n13a0-004", "rep": 0, "status": "VERIFIED", "operations": 6283784}
{"stage": "replay", "arm": "combined_dense", "case": "n19a0-008", "rep": 2, "status": "VERIFIED", "operations": 16361772}
{"stage": "replay", "arm": "incumbent", "case": "n19a0-008", "rep": 2, "status": "VERIFIED", "operations": 17254253}
{"stage": "replay", "arm": "rho", "case": "n19a0-008", "rep": 2, "status": "VERIFIED", "operations": 15560308}
{"stage": "replay", "arm": "incumbent", "case": "n19a1-002", "rep": 1, "status": "VERIFIED", "operations": 16581195}
{"stage": "replay", "arm": "rho", "case": "n19a1-002", "rep": 1, "status": "VERIFIED", "operations": 16525254}
{"stage": "replay", "arm": "combined_dense", "case": "n19a1-002", "rep": 1, "status": "VERIFIED", "operations": 16119599}
{"stage": "replay", "arm": "rho", "case": "n19a0-007", "rep": 1, "status": "VERIFIED", "operations": 15491767}
{"stage": "replay", "arm": "incumbent", "case": "n19a0-007", "rep": 1, "status": "VERIFIED", "operations": 16274792}
{"stage": "replay", "arm": "combined_dense", "case": "n19a0-007", "rep": 1, "status": "VERIFIED", "operations": 15372999}
{"stage": "replay", "arm": "combined_dense", "case": "n17a1-010", "rep": 0, "status": "VERIFIED", "operations": 9718769}
{"stage": "replay", "arm": "rho", "case": "n17a1-010", "rep": 0, "status": "VERIFIED", "operations": 9293928}
{"stage": "replay", "arm": "incumbent", "case": "n17a1-010", "rep": 0, "status": "VERIFIED", "operations": 10062785}
{"stage": "replay", "arm": "rho", "case": "n19a0-001", "rep": 0, "status": "VERIFIED", "operations": 15675134}
{"stage": "replay", "arm": "combined_dense", "case": "n19a0-001", "rep": 0, "status": "VERIFIED", "operations": 15131307}
{"stage": "replay", "arm": "incumbent", "case": "n19a0-001", "rep": 0, "status": "VERIFIED", "operations": 16027750}
{"stage": "replay", "arm": "combined_dense", "case": "n13a0-002", "rep": 1, "status": "VERIFIED", "operations": 7041008}
{"stage": "replay", "arm": "incumbent", "case": "n13a0-002", "rep": 1, "status": "VERIFIED", "operations": 7444901}
{"stage": "replay", "arm": "rho", "case": "n13a0-002", "rep": 1, "status": "VERIFIED", "operations": 6314404}
{"stage": "replay", "arm": "incumbent", "case": "n19a1-011", "rep": 0, "status": "VERIFIED", "operations": 16337596}
{"stage": "replay", "arm": "rho", "case": "n19a1-011", "rep": 0, "status": "VERIFIED", "operations": 15523245}
{"stage": "replay", "arm": "combined_dense", "case": "n19a1-011", "rep": 0, "status": "VERIFIED", "operations": 15879226}
{"stage": "replay", "arm": "incumbent", "case": "n19a0-009", "rep": 0, "status": "VERIFIED", "operations": 17161910}
{"stage": "replay", "arm": "rho", "case": "n19a0-009", "rep": 0, "status": "VERIFIED", "operations": 16474502}
{"stage": "replay", "arm": "combined_dense", "case": "n19a0-009", "rep": 0, "status": "VERIFIED", "operations": 16262618}
{"stage": "replay", "arm": "combined_dense", "case": "n19a1-007", "rep": 0, "status": "VERIFIED", "operations": 17189498}
{"stage": "replay", "arm": "incumbent", "case": "n19a1-007", "rep": 0, "status": "VERIFIED", "operations": 17649719}
{"stage": "replay", "arm": "rho", "case": "n19a1-007", "rep": 0, "status": "VERIFIED", "operations": 15367304}
{"stage": "replay", "arm": "incumbent", "case": "n19a0-000", "rep": 0, "status": "VERIFIED", "operations": 16570484}
{"stage": "replay", "arm": "combined_dense", "case": "n19a0-000", "rep": 0, "status": "VERIFIED", "operations": 15670473}
{"stage": "replay", "arm": "rho", "case": "n19a0-000", "rep": 0, "status": "VERIFIED", "operations": 14492160}
{"stage": "replay", "arm": "rho", "case": "n19a1-005", "rep": 1, "status": "VERIFIED", "operations": 16177995}
{"stage": "replay", "arm": "combined_dense", "case": "n19a1-005", "rep": 1, "status": "VERIFIED", "operations": 15513355}
{"stage": "replay", "arm": "incumbent", "case": "n19a1-005", "rep": 1, "status": "VERIFIED", "operations": 15974463}
{"stage": "replay", "arm": "combined_dense", "case": "n19a1-003", "rep": 0, "status": "VERIFIED", "operations": 16372873}
{"stage": "replay", "arm": "incumbent", "case": "n19a1-003", "rep": 0, "status": "VERIFIED", "operations": 16835498}
{"stage": "replay", "arm": "rho", "case": "n19a1-003", "rep": 0, "status": "VERIFIED", "operations": 15358871}
{"stage": "replay", "arm": "combined_dense", "case": "n19a1-010", "rep": 1, "status": "VERIFIED", "operations": 15955188}
{"stage": "replay", "arm": "rho", "case": "n19a1-010", "rep": 1, "status": "VERIFIED", "operations": 15579298}
{"stage": "replay", "arm": "incumbent", "case": "n19a1-010", "rep": 1, "status": "VERIFIED", "operations": 16415223}
{"stage": "replay", "arm": "rho", "case": "n19a1-008", "rep": 2, "status": "VERIFIED", "operations": 14820557}
{"stage": "replay", "arm": "combined_dense", "case": "n19a1-008", "rep": 2, "status": "VERIFIED", "operations": 15451163}
{"stage": "replay", "arm": "incumbent", "case": "n19a1-008", "rep": 2, "status": "VERIFIED", "operations": 15913060}
{"stage": "replay", "arm": "combined_dense", "case": "n13a0-009", "rep": 0, "status": "VERIFIED", "operations": 6912524}
{"stage": "replay", "arm": "rho", "case": "n13a0-009", "rep": 0, "status": "VERIFIED", "operations": 5969836}
{"stage": "replay", "arm": "incumbent", "case": "n13a0-009", "rep": 0, "status": "VERIFIED", "operations": 7318686}
{"stage": "replay", "arm": "combined_dense", "case": "n13a0-007", "rep": 1, "status": "VERIFIED", "operations": 6730876}
{"stage": "replay", "arm": "rho", "case": "n13a0-007", "rep": 1, "status": "VERIFIED", "operations": 5823189}
{"stage": "replay", "arm": "incumbent", "case": "n13a0-007", "rep": 1, "status": "VERIFIED", "operations": 7133418}
{"stage": "replay", "arm": "rho", "case": "n17a1-006", "rep": 0, "status": "VERIFIED", "operations": 9047823}
{"stage": "replay", "arm": "incumbent", "case": "n17a1-006", "rep": 0, "status": "VERIFIED", "operations": 9603413}
{"stage": "replay", "arm": "combined_dense", "case": "n17a1-006", "rep": 0, "status": "VERIFIED", "operations": 9263049}
{"stage": "replay", "arm": "combined_dense", "case": "n13a0-000", "rep": 0, "status": "VERIFIED", "operations": 6957360}
{"stage": "replay", "arm": "rho", "case": "n13a0-000", "rep": 0, "status": "VERIFIED", "operations": 6170624}
{"stage": "replay", "arm": "incumbent", "case": "n13a0-000", "rep": 0, "status": "VERIFIED", "operations": 7359694}
{"stage": "replay", "arm": "rho", "case": "n19a1-006", "rep": 2, "status": "VERIFIED", "operations": 15663691}
{"stage": "replay", "arm": "combined_dense", "case": "n19a1-006", "rep": 2, "status": "VERIFIED", "operations": 15485745}
{"stage": "replay", "arm": "incumbent", "case": "n19a1-006", "rep": 2, "status": "VERIFIED", "operations": 15948598}
{"stage": "replay", "arm": "incumbent", "case": "n23a0-003", "rep": 0, "status": "VERIFIED", "operations": 23732339}
{"stage": "replay", "arm": "combined_dense", "case": "n23a0-003", "rep": 0, "status": "VERIFIED", "operations": 22434634}
{"stage": "replay", "arm": "rho", "case": "n23a0-003", "rep": 0, "status": "VERIFIED", "operations": 23081800}
{"stage": "replay", "arm": "incumbent", "case": "n13a0-010", "rep": 1, "status": "VERIFIED", "operations": 7185461}
{"stage": "replay", "arm": "combined_dense", "case": "n13a0-010", "rep": 1, "status": "VERIFIED", "operations": 6779265}
{"stage": "replay", "arm": "rho", "case": "n13a0-010", "rep": 1, "status": "VERIFIED", "operations": 5769516}
{"stage": "replay", "arm": "combined_dense", "case": "n19a1-006", "rep": 1, "status": "VERIFIED", "operations": 15484995}
{"stage": "replay", "arm": "incumbent", "case": "n19a1-006", "rep": 1, "status": "VERIFIED", "operations": 15949947}
{"stage": "replay", "arm": "rho", "case": "n19a1-006", "rep": 1, "status": "VERIFIED", "operations": 15663691}
{"stage": "replay", "arm": "combined_dense", "case": "n23a0-007", "rep": 2, "status": "VERIFIED", "operations": 24186620}
{"stage": "replay", "arm": "incumbent", "case": "n23a0-007", "rep": 2, "status": "VERIFIED", "operations": 25483951}
{"stage": "replay", "arm": "rho", "case": "n23a0-007", "rep": 2, "status": "VERIFIED", "operations": 22989293}
{"stage": "replay", "arm": "incumbent", "case": "n23a0-005", "rep": 2, "status": "VERIFIED", "operations": 33442148}
{"stage": "replay", "arm": "rho", "case": "n23a0-005", "rep": 2, "status": "VERIFIED", "operations": 21615108}
{"stage": "replay", "arm": "combined_dense", "case": "n23a0-005", "rep": 2, "status": "VERIFIED", "operations": 32127107}
{"stage": "replay", "arm": "incumbent", "case": "n17a1-011", "rep": 0, "status": "VERIFIED", "operations": 9857879}
{"stage": "replay", "arm": "combined_dense", "case": "n17a1-011", "rep": 0, "status": "VERIFIED", "operations": 9517003}
{"stage": "replay", "arm": "rho", "case": "n17a1-011", "rep": 0, "status": "VERIFIED", "operations": 9190645}
{"stage": "replay", "arm": "rho", "case": "n13a0-006", "rep": 2, "status": "VERIFIED", "operations": 5901637}
{"stage": "replay", "arm": "incumbent", "case": "n13a0-006", "rep": 2, "status": "VERIFIED", "operations": 7202076}
{"stage": "replay", "arm": "combined_dense", "case": "n13a0-006", "rep": 2, "status": "VERIFIED", "operations": 6798580}
{"stage": "replay", "arm": "combined_dense", "case": "n23a0-003", "rep": 1, "status": "VERIFIED", "operations": 22434592}
{"stage": "replay", "arm": "incumbent", "case": "n23a0-003", "rep": 1, "status": "VERIFIED", "operations": 23731445}
{"stage": "replay", "arm": "rho", "case": "n23a0-003", "rep": 1, "status": "VERIFIED", "operations": 23082551}
{"stage": "replay", "arm": "incumbent", "case": "n19a1-003", "rep": 1, "status": "VERIFIED", "operations": 16835479}
{"stage": "replay", "arm": "combined_dense", "case": "n19a1-003", "rep": 1, "status": "VERIFIED", "operations": 16372786}
{"stage": "replay", "arm": "rho", "case": "n19a1-003", "rep": 1, "status": "VERIFIED", "operations": 15358871}
{"stage": "replay", "arm": "incumbent", "case": "n19a0-005", "rep": 0, "status": "VERIFIED", "operations": 16867010}
{"stage": "replay", "arm": "combined_dense", "case": "n19a0-005", "rep": 0, "status": "VERIFIED", "operations": 15971294}
{"stage": "replay", "arm": "rho", "case": "n19a0-005", "rep": 0, "status": "VERIFIED", "operations": 14972536}
{"stage": "replay", "arm": "combined_dense", "case": "n19a1-004", "rep": 1, "status": "VERIFIED", "operations": 15763605}
{"stage": "replay", "arm": "incumbent", "case": "n19a1-004", "rep": 1, "status": "VERIFIED", "operations": 16225751}
{"stage": "replay", "arm": "rho", "case": "n19a1-004", "rep": 1, "status": "VERIFIED", "operations": 14298418}
{"stage": "replay", "arm": "combined_dense", "case": "n13a0-001", "rep": 1, "status": "VERIFIED", "operations": 6764757}
{"stage": "replay", "arm": "incumbent", "case": "n13a0-001", "rep": 1, "status": "VERIFIED", "operations": 7167517}
{"stage": "replay", "arm": "rho", "case": "n13a0-001", "rep": 1, "status": "VERIFIED", "operations": 5971319}
{"stage": "replay", "arm": "incumbent", "case": "n17a1-000", "rep": 0, "status": "VERIFIED", "operations": 10846443}
{"stage": "replay", "arm": "rho", "case": "n17a1-000", "rep": 0, "status": "VERIFIED", "operations": 10510394}
{"stage": "replay", "arm": "combined_dense", "case": "n17a1-000", "rep": 0, "status": "VERIFIED", "operations": 10502849}
{"stage": "replay", "arm": "combined_dense", "case": "n17a1-001", "rep": 0, "status": "VERIFIED", "operations": 9336795}
{"stage": "replay", "arm": "incumbent", "case": "n17a1-001", "rep": 0, "status": "VERIFIED", "operations": 9679298}
{"stage": "replay", "arm": "rho", "case": "n17a1-001", "rep": 0, "status": "VERIFIED", "operations": 8821523}
{"stage": "replay", "arm": "combined_dense", "case": "n17a1-005", "rep": 2, "status": "VERIFIED", "operations": 9726746}
{"stage": "replay", "arm": "incumbent", "case": "n17a1-005", "rep": 2, "status": "VERIFIED", "operations": 10068150}
{"stage": "replay", "arm": "rho", "case": "n17a1-005", "rep": 2, "status": "VERIFIED", "operations": 9346849}
{"stage": "replay", "arm": "combined_dense", "case": "n19a0-010", "rep": 1, "status": "VERIFIED", "operations": 16108424}
{"stage": "replay", "arm": "rho", "case": "n19a0-010", "rep": 1, "status": "VERIFIED", "operations": 16296882}
{"stage": "replay", "arm": "incumbent", "case": "n19a0-010", "rep": 1, "status": "VERIFIED", "operations": 17009568}
{"stage": "replay", "arm": "combined_dense", "case": "n19a0-011", "rep": 2, "status": "VERIFIED", "operations": 16261776}
{"stage": "replay", "arm": "incumbent", "case": "n19a0-011", "rep": 2, "status": "VERIFIED", "operations": 17158491}
{"stage": "replay", "arm": "rho", "case": "n19a0-011", "rep": 2, "status": "VERIFIED", "operations": 15935571}
{"stage": "replay", "arm": "combined_dense", "case": "n19a0-001", "rep": 2, "status": "VERIFIED", "operations": 15130708}
{"stage": "replay", "arm": "incumbent", "case": "n19a0-001", "rep": 2, "status": "VERIFIED", "operations": 16027934}
{"stage": "replay", "arm": "rho", "case": "n19a0-001", "rep": 2, "status": "VERIFIED", "operations": 15675136}
{"stage": "replay", "arm": "rho", "case": "n19a0-010", "rep": 2, "status": "VERIFIED", "operations": 16296852}
{"stage": "replay", "arm": "incumbent", "case": "n19a0-010", "rep": 2, "status": "VERIFIED", "operations": 17009153}
{"stage": "replay", "arm": "combined_dense", "case": "n19a0-010", "rep": 2, "status": "VERIFIED", "operations": 16108798}
{"stage": "replay", "arm": "combined_dense", "case": "n19a0-011", "rep": 0, "status": "VERIFIED", "operations": 16261865}
{"stage": "replay", "arm": "incumbent", "case": "n19a0-011", "rep": 0, "status": "VERIFIED", "operations": 17158290}
{"stage": "replay", "arm": "rho", "case": "n19a0-011", "rep": 0, "status": "VERIFIED", "operations": 15935602}
{"stage": "replay", "arm": "rho", "case": "n13a0-006", "rep": 0, "status": "VERIFIED", "operations": 5901644}
{"stage": "replay", "arm": "combined_dense", "case": "n13a0-006", "rep": 0, "status": "VERIFIED", "operations": 6798964}
{"stage": "replay", "arm": "incumbent", "case": "n13a0-006", "rep": 0, "status": "VERIFIED", "operations": 7202641}
{"stage": "replay", "arm": "incumbent", "case": "n19a0-004", "rep": 0, "status": "VERIFIED", "operations": 18538483}
{"stage": "replay", "arm": "rho", "case": "n19a0-004", "rep": 0, "status": "VERIFIED", "operations": 17301457}
{"stage": "replay", "arm": "combined_dense", "case": "n19a0-004", "rep": 0, "status": "VERIFIED", "operations": 17642106}
{"stage": "replay", "arm": "combined_dense", "case": "n17a1-003", "rep": 0, "status": "VERIFIED", "operations": 9653711}
{"stage": "replay", "arm": "incumbent", "case": "n17a1-003", "rep": 0, "status": "VERIFIED", "operations": 9913333}
{"stage": "replay", "arm": "rho", "case": "n17a1-003", "rep": 0, "status": "VERIFIED", "operations": 8965140}
{"stage": "replay", "arm": "combined_dense", "case": "n17a1-002", "rep": 1, "status": "VERIFIED", "operations": 9820335}
{"stage": "replay", "arm": "rho", "case": "n17a1-002", "rep": 1, "status": "VERIFIED", "operations": 9261600}
{"stage": "replay", "arm": "incumbent", "case": "n17a1-002", "rep": 1, "status": "VERIFIED", "operations": 10159678}
{"stage": "replay", "arm": "incumbent", "case": "n23a0-001", "rep": 2, "status": "VERIFIED", "operations": 26660598}
{"stage": "replay", "arm": "combined_dense", "case": "n23a0-001", "rep": 2, "status": "VERIFIED", "operations": 25363093}
{"stage": "replay", "arm": "rho", "case": "n23a0-001", "rep": 2, "status": "VERIFIED", "operations": 24019601}
{"stage": "replay", "arm": "rho", "case": "n13a0-003", "rep": 2, "status": "VERIFIED", "operations": 5882715}
{"stage": "replay", "arm": "incumbent", "case": "n13a0-003", "rep": 2, "status": "VERIFIED", "operations": 7179668}
{"stage": "replay", "arm": "combined_dense", "case": "n13a0-003", "rep": 2, "status": "VERIFIED", "operations": 6776329}
{"stage": "replay", "arm": "incumbent", "case": "n17a1-003", "rep": 2, "status": "VERIFIED", "operations": 9913881}
{"stage": "replay", "arm": "rho", "case": "n17a1-003", "rep": 2, "status": "VERIFIED", "operations": 8965166}
{"stage": "replay", "arm": "combined_dense", "case": "n17a1-003", "rep": 2, "status": "VERIFIED", "operations": 9653469}
{"stage": "replay", "arm": "incumbent", "case": "n13a0-000", "rep": 1, "status": "VERIFIED", "operations": 7360048}
{"stage": "replay", "arm": "rho", "case": "n13a0-000", "rep": 1, "status": "VERIFIED", "operations": 6170624}
{"stage": "replay", "arm": "combined_dense", "case": "n13a0-000", "rep": 1, "status": "VERIFIED", "operations": 6957065}
{"stage": "replay", "arm": "incumbent", "case": "n13a0-002", "rep": 2, "status": "VERIFIED", "operations": 7445007}
{"stage": "replay", "arm": "combined_dense", "case": "n13a0-002", "rep": 2, "status": "VERIFIED", "operations": 7040872}
{"stage": "replay", "arm": "rho", "case": "n13a0-002", "rep": 2, "status": "VERIFIED", "operations": 6314404}
{"stage": "replay", "arm": "rho", "case": "n19a1-007", "rep": 1, "status": "VERIFIED", "operations": 15367304}
{"stage": "replay", "arm": "incumbent", "case": "n19a1-007", "rep": 1, "status": "VERIFIED", "operations": 17649764}
{"stage": "replay", "arm": "combined_dense", "case": "n19a1-007", "rep": 1, "status": "VERIFIED", "operations": 17190074}
{"stage": "replay", "arm": "rho", "case": "n23a0-007", "rep": 0, "status": "VERIFIED", "operations": 22989096}
{"stage": "replay", "arm": "combined_dense", "case": "n23a0-007", "rep": 0, "status": "VERIFIED", "operations": 24186954}
{"stage": "replay", "arm": "incumbent", "case": "n23a0-007", "rep": 0, "status": "VERIFIED", "operations": 25483707}
{"stage": "replay", "arm": "rho", "case": "n23a0-008", "rep": 0, "status": "VERIFIED", "operations": 22111014}
{"stage": "replay", "arm": "incumbent", "case": "n23a0-008", "rep": 0, "status": "VERIFIED", "operations": 27240457}
{"stage": "replay", "arm": "combined_dense", "case": "n23a0-008", "rep": 0, "status": "VERIFIED", "operations": 25941357}
{"stage": "replay", "arm": "combined_dense", "case": "n13a0-005", "rep": 0, "status": "VERIFIED", "operations": 6906648}
{"stage": "replay", "arm": "incumbent", "case": "n13a0-005", "rep": 0, "status": "VERIFIED", "operations": 7302162}
{"stage": "replay", "arm": "rho", "case": "n13a0-005", "rep": 0, "status": "VERIFIED", "operations": 6053856}
{"stage": "replay", "arm": "rho", "case": "n13a0-011", "rep": 0, "status": "VERIFIED", "operations": 5833883}
{"stage": "replay", "arm": "incumbent", "case": "n13a0-011", "rep": 0, "status": "VERIFIED", "operations": 7157471}
{"stage": "replay", "arm": "combined_dense", "case": "n13a0-011", "rep": 0, "status": "VERIFIED", "operations": 6750732}
{"stage": "replay", "arm": "incumbent", "case": "n19a1-005", "rep": 2, "status": "VERIFIED", "operations": 15974481}
{"stage": "replay", "arm": "rho", "case": "n19a1-005", "rep": 2, "status": "VERIFIED", "operations": 16177988}
{"stage": "replay", "arm": "combined_dense", "case": "n19a1-005", "rep": 2, "status": "VERIFIED", "operations": 15513272}
{"stage": "replay", "arm": "incumbent", "case": "n13a0-011", "rep": 2, "status": "VERIFIED", "operations": 7157737}
{"stage": "replay", "arm": "rho", "case": "n13a0-011", "rep": 2, "status": "VERIFIED", "operations": 5833909}
{"stage": "replay", "arm": "combined_dense", "case": "n13a0-011", "rep": 2, "status": "VERIFIED", "operations": 6750541}
{"stage": "replay", "arm": "incumbent", "case": "n19a0-008", "rep": 1, "status": "VERIFIED", "operations": 17254738}
{"stage": "replay", "arm": "combined_dense", "case": "n19a0-008", "rep": 1, "status": "VERIFIED", "operations": 16361380}
{"stage": "replay", "arm": "rho", "case": "n19a0-008", "rep": 1, "status": "VERIFIED", "operations": 15560182}
{"stage": "replay", "arm": "combined_dense", "case": "n23a0-008", "rep": 2, "status": "VERIFIED", "operations": 25942414}
{"stage": "replay", "arm": "incumbent", "case": "n23a0-008", "rep": 2, "status": "VERIFIED", "operations": 27241112}
{"stage": "replay", "arm": "rho", "case": "n23a0-008", "rep": 2, "status": "VERIFIED", "operations": 22110808}
{"stage": "replay", "arm": "combined_dense", "case": "n23a0-006", "rep": 1, "status": "VERIFIED", "operations": 25561148}
{"stage": "replay", "arm": "incumbent", "case": "n23a0-006", "rep": 1, "status": "VERIFIED", "operations": 26863302}
{"stage": "replay", "arm": "rho", "case": "n23a0-006", "rep": 1, "status": "VERIFIED", "operations": 24317148}
{"stage": "replay", "arm": "rho", "case": "n13a0-007", "rep": 2, "status": "VERIFIED", "operations": 5823189}
{"stage": "replay", "arm": "incumbent", "case": "n13a0-007", "rep": 2, "status": "VERIFIED", "operations": 7132508}
{"stage": "replay", "arm": "combined_dense", "case": "n13a0-007", "rep": 2, "status": "VERIFIED", "operations": 6730646}
{"stage": "replay", "arm": "rho", "case": "n19a1-003", "rep": 2, "status": "VERIFIED", "operations": 15358871}
{"stage": "replay", "arm": "combined_dense", "case": "n19a1-003", "rep": 2, "status": "VERIFIED", "operations": 16372677}
{"stage": "replay", "arm": "incumbent", "case": "n19a1-003", "rep": 2, "status": "VERIFIED", "operations": 16835240}
{"stage": "replay", "arm": "rho", "case": "n23a0-002", "rep": 2, "status": "VERIFIED", "operations": 23592979}
{"stage": "replay", "arm": "combined_dense", "case": "n23a0-002", "rep": 2, "status": "VERIFIED", "operations": 34037935}
{"stage": "replay", "arm": "incumbent", "case": "n23a0-002", "rep": 2, "status": "VERIFIED", "operations": 35361556}
{"stage": "replay", "arm": "rho", "case": "n23a0-001", "rep": 1, "status": "VERIFIED", "operations": 24019698}
{"stage": "replay", "arm": "incumbent", "case": "n23a0-001", "rep": 1, "status": "VERIFIED", "operations": 26661161}
{"stage": "replay", "arm": "combined_dense", "case": "n23a0-001", "rep": 1, "status": "VERIFIED", "operations": 25362656}
{"stage": "replay", "arm": "incumbent", "case": "n19a1-011", "rep": 2, "status": "VERIFIED", "operations": 16337770}
{"stage": "replay", "arm": "rho", "case": "n19a1-011", "rep": 2, "status": "VERIFIED", "operations": 15523245}
{"stage": "replay", "arm": "combined_dense", "case": "n19a1-011", "rep": 2, "status": "VERIFIED", "operations": 15878560}
{"stage": "replay", "arm": "combined_dense", "case": "n19a1-010", "rep": 0, "status": "VERIFIED", "operations": 15954945}
{"stage": "replay", "arm": "incumbent", "case": "n19a1-010", "rep": 0, "status": "VERIFIED", "operations": 16415337}
{"stage": "replay", "arm": "rho", "case": "n19a1-010", "rep": 0, "status": "VERIFIED", "operations": 15579298}
{"stage": "replay", "arm": "rho", "case": "n23a0-009", "rep": 1, "status": "VERIFIED", "operations": 22671706}
{"stage": "replay", "arm": "incumbent", "case": "n23a0-009", "rep": 1, "status": "VERIFIED", "operations": 22762741}
{"stage": "replay", "arm": "combined_dense", "case": "n23a0-009", "rep": 1, "status": "VERIFIED", "operations": 21467967}
{"stage": "replay", "arm": "rho", "case": "n19a0-001", "rep": 1, "status": "VERIFIED", "operations": 15675138}
{"stage": "replay", "arm": "combined_dense", "case": "n19a0-001", "rep": 1, "status": "VERIFIED", "operations": 15131505}
{"stage": "replay", "arm": "incumbent", "case": "n19a0-001", "rep": 1, "status": "VERIFIED", "operations": 16027561}
{"stage": "replay", "arm": "incumbent", "case": "n23a0-005", "rep": 1, "status": "VERIFIED", "operations": 33442275}
{"stage": "replay", "arm": "rho", "case": "n23a0-005", "rep": 1, "status": "VERIFIED", "operations": 21615007}
{"stage": "replay", "arm": "combined_dense", "case": "n23a0-005", "rep": 1, "status": "VERIFIED", "operations": 32127016}
{"stage": "replay", "arm": "combined_dense", "case": "n23a0-006", "rep": 0, "status": "VERIFIED", "operations": 25561949}
{"stage": "replay", "arm": "incumbent", "case": "n23a0-006", "rep": 0, "status": "VERIFIED", "operations": 26862772}
{"stage": "replay", "arm": "rho", "case": "n23a0-006", "rep": 0, "status": "VERIFIED", "operations": 24316619}
{"stage": "replay", "arm": "incumbent", "case": "n13a0-011", "rep": 1, "status": "VERIFIED", "operations": 7157457}
{"stage": "replay", "arm": "rho", "case": "n13a0-011", "rep": 1, "status": "VERIFIED", "operations": 5833883}
{"stage": "replay", "arm": "combined_dense", "case": "n13a0-011", "rep": 1, "status": "VERIFIED", "operations": 6751240}
{"stage": "replay", "arm": "rho", "case": "n17a1-006", "rep": 2, "status": "VERIFIED", "operations": 9047761}
{"stage": "replay", "arm": "incumbent", "case": "n17a1-006", "rep": 2, "status": "VERIFIED", "operations": 9603451}
{"stage": "replay", "arm": "combined_dense", "case": "n17a1-006", "rep": 2, "status": "VERIFIED", "operations": 9263400}
{"stage": "replay", "arm": "rho", "case": "n13a0-010", "rep": 0, "status": "VERIFIED", "operations": 5769542}
{"stage": "replay", "arm": "combined_dense", "case": "n13a0-010", "rep": 0, "status": "VERIFIED", "operations": 6779757}
{"stage": "replay", "arm": "incumbent", "case": "n13a0-010", "rep": 0, "status": "VERIFIED", "operations": 7185415}
{"stage": "replay", "arm": "combined_dense", "case": "n23a0-011", "rep": 0, "status": "VERIFIED", "operations": 25530600}
{"stage": "replay", "arm": "incumbent", "case": "n23a0-011", "rep": 0, "status": "VERIFIED", "operations": 26831541}
{"stage": "replay", "arm": "rho", "case": "n23a0-011", "rep": 0, "status": "VERIFIED", "operations": 22967810}
{"stage": "replay", "arm": "rho", "case": "n23a0-000", "rep": 1, "status": "VERIFIED", "operations": 21785490}
{"stage": "replay", "arm": "combined_dense", "case": "n23a0-000", "rep": 1, "status": "VERIFIED", "operations": 27926865}
{"stage": "replay", "arm": "incumbent", "case": "n23a0-000", "rep": 1, "status": "VERIFIED", "operations": 29229677}
{"stage": "replay", "arm": "incumbent", "case": "n23a0-000", "rep": 0, "status": "VERIFIED", "operations": 29228872}
{"stage": "replay", "arm": "rho", "case": "n23a0-000", "rep": 0, "status": "VERIFIED", "operations": 21785544}
{"stage": "replay", "arm": "combined_dense", "case": "n23a0-000", "rep": 0, "status": "VERIFIED", "operations": 27927434}
{"stage": "replay", "arm": "incumbent", "case": "n17a1-008", "rep": 2, "status": "VERIFIED", "operations": 10073063}
{"stage": "replay", "arm": "rho", "case": "n17a1-008", "rep": 2, "status": "VERIFIED", "operations": 9063946}
{"stage": "replay", "arm": "combined_dense", "case": "n17a1-008", "rep": 2, "status": "VERIFIED", "operations": 9726775}
{"stage": "replay", "arm": "incumbent", "case": "n19a1-008", "rep": 1, "status": "VERIFIED", "operations": 15913391}
{"stage": "replay", "arm": "combined_dense", "case": "n19a1-008", "rep": 1, "status": "VERIFIED", "operations": 15451401}
{"stage": "replay", "arm": "rho", "case": "n19a1-008", "rep": 1, "status": "VERIFIED", "operations": 14820552}
{"stage": "replay", "arm": "combined_dense", "case": "n23a0-004", "rep": 2, "status": "VERIFIED", "operations": 24952913}
{"stage": "replay", "arm": "incumbent", "case": "n23a0-004", "rep": 2, "status": "VERIFIED", "operations": 26251154}
{"stage": "replay", "arm": "rho", "case": "n23a0-004", "rep": 2, "status": "VERIFIED", "operations": 21537976}
{"stage": "replay", "arm": "incumbent", "case": "n17a1-001", "rep": 1, "status": "VERIFIED", "operations": 9679548}
{"stage": "replay", "arm": "combined_dense", "case": "n17a1-001", "rep": 1, "status": "VERIFIED", "operations": 9336729}
{"stage": "replay", "arm": "rho", "case": "n17a1-001", "rep": 1, "status": "VERIFIED", "operations": 8821549}
{"stage": "replay", "arm": "combined_dense", "case": "n19a0-003", "rep": 2, "status": "VERIFIED", "operations": 15907768}
{"stage": "replay", "arm": "rho", "case": "n19a0-003", "rep": 2, "status": "VERIFIED", "operations": 16178146}
{"stage": "replay", "arm": "incumbent", "case": "n19a0-003", "rep": 2, "status": "VERIFIED", "operations": 16798480}
{"stage": "replay", "arm": "rho", "case": "n17a1-000", "rep": 1, "status": "VERIFIED", "operations": 10510301}
{"stage": "replay", "arm": "combined_dense", "case": "n17a1-000", "rep": 1, "status": "VERIFIED", "operations": 10503711}
{"stage": "replay", "arm": "incumbent", "case": "n17a1-000", "rep": 1, "status": "VERIFIED", "operations": 10845749}
{"stage": "replay", "arm": "incumbent", "case": "n17a1-008", "rep": 0, "status": "VERIFIED", "operations": 10074322}
{"stage": "replay", "arm": "combined_dense", "case": "n17a1-008", "rep": 0, "status": "VERIFIED", "operations": 9726559}
{"stage": "replay", "arm": "rho", "case": "n17a1-008", "rep": 0, "status": "VERIFIED", "operations": 9063960}
{"stage": "replay", "arm": "incumbent", "case": "n23a0-009", "rep": 0, "status": "VERIFIED", "operations": 22762784}
{"stage": "replay", "arm": "rho", "case": "n23a0-009", "rep": 0, "status": "VERIFIED", "operations": 22672280}
{"stage": "replay", "arm": "combined_dense", "case": "n23a0-009", "rep": 0, "status": "VERIFIED", "operations": 21467877}
{"stage": "replay", "arm": "combined_dense", "case": "n13a0-005", "rep": 1, "status": "VERIFIED", "operations": 6907059}
{"stage": "replay", "arm": "incumbent", "case": "n13a0-005", "rep": 1, "status": "VERIFIED", "operations": 7301750}
{"stage": "replay", "arm": "rho", "case": "n13a0-005", "rep": 1, "status": "VERIFIED", "operations": 6053830}
{"stage": "replay", "arm": "rho", "case": "n19a1-010", "rep": 2, "status": "VERIFIED", "operations": 15579298}
{"stage": "replay", "arm": "combined_dense", "case": "n19a1-010", "rep": 2, "status": "VERIFIED", "operations": 15955213}
{"stage": "replay", "arm": "incumbent", "case": "n19a1-010", "rep": 2, "status": "VERIFIED", "operations": 16415360}
{"stage": "replay", "arm": "incumbent", "case": "n19a0-002", "rep": 0, "status": "VERIFIED", "operations": 16935860}
{"stage": "replay", "arm": "combined_dense", "case": "n19a0-002", "rep": 0, "status": "VERIFIED", "operations": 16040785}
{"stage": "replay", "arm": "rho", "case": "n19a0-002", "rep": 0, "status": "VERIFIED", "operations": 16623592}
{"stage": "replay", "arm": "incumbent", "case": "n23a0-007", "rep": 1, "status": "VERIFIED", "operations": 25484103}
{"stage": "replay", "arm": "combined_dense", "case": "n23a0-007", "rep": 1, "status": "VERIFIED", "operations": 24186874}
{"stage": "replay", "arm": "rho", "case": "n23a0-007", "rep": 1, "status": "VERIFIED", "operations": 22989180}
{"stage": "replay", "arm": "rho", "case": "n19a0-009", "rep": 2, "status": "VERIFIED", "operations": 16475517}
{"stage": "replay", "arm": "combined_dense", "case": "n19a0-009", "rep": 2, "status": "VERIFIED", "operations": 16262167}
{"stage": "replay", "arm": "incumbent", "case": "n19a0-009", "rep": 2, "status": "VERIFIED", "operations": 17161344}
{"stage": "replay", "arm": "rho", "case": "n17a1-004", "rep": 1, "status": "VERIFIED", "operations": 8443086}
{"stage": "replay", "arm": "combined_dense", "case": "n17a1-004", "rep": 1, "status": "VERIFIED", "operations": 9532748}
{"stage": "replay", "arm": "incumbent", "case": "n17a1-004", "rep": 1, "status": "VERIFIED", "operations": 9874779}
{"stage": "replay", "arm": "rho", "case": "n23a0-006", "rep": 2, "status": "VERIFIED", "operations": 24317382}
{"stage": "replay", "arm": "incumbent", "case": "n23a0-006", "rep": 2, "status": "VERIFIED", "operations": 26862696}
{"stage": "replay", "arm": "combined_dense", "case": "n23a0-006", "rep": 2, "status": "VERIFIED", "operations": 25561416}
{"stage": "replay", "arm": "rho", "case": "n19a1-000", "rep": 0, "status": "VERIFIED", "operations": 15236215}
{"stage": "replay", "arm": "incumbent", "case": "n19a1-000", "rep": 0, "status": "VERIFIED", "operations": 15368965}
{"stage": "replay", "arm": "combined_dense", "case": "n19a1-000", "rep": 0, "status": "VERIFIED", "operations": 14905286}
{"stage": "replay", "arm": "combined_dense", "case": "n19a1-009", "rep": 0, "status": "VERIFIED", "operations": 16576863}
{"stage": "replay", "arm": "rho", "case": "n19a1-009", "rep": 0, "status": "VERIFIED", "operations": 14789032}
{"stage": "replay", "arm": "incumbent", "case": "n19a1-009", "rep": 0, "status": "VERIFIED", "operations": 17038457}
{"stage": "replay", "arm": "rho", "case": "n13a0-000", "rep": 2, "status": "VERIFIED", "operations": 6170593}
{"stage": "replay", "arm": "combined_dense", "case": "n13a0-000", "rep": 2, "status": "VERIFIED", "operations": 6957115}
{"stage": "replay", "arm": "incumbent", "case": "n13a0-000", "rep": 2, "status": "VERIFIED", "operations": 7360873}
{"stage": "replay", "arm": "combined_dense", "case": "n19a1-001", "rep": 1, "status": "VERIFIED", "operations": 16245157}
{"stage": "replay", "arm": "rho", "case": "n19a1-001", "rep": 1, "status": "VERIFIED", "operations": 16562546}
{"stage": "replay", "arm": "incumbent", "case": "n19a1-001", "rep": 1, "status": "VERIFIED", "operations": 16711473}
{"stage": "replay", "arm": "combined_dense", "case": "n17a1-007", "rep": 0, "status": "VERIFIED", "operations": 9567249}
{"stage": "replay", "arm": "rho", "case": "n17a1-007", "rep": 0, "status": "VERIFIED", "operations": 8996213}
{"stage": "replay", "arm": "incumbent", "case": "n17a1-007", "rep": 0, "status": "VERIFIED", "operations": 9910264}
{"stage": "replay", "arm": "rho", "case": "n19a1-000", "rep": 2, "status": "VERIFIED", "operations": 15236215}
{"stage": "replay", "arm": "combined_dense", "case": "n19a1-000", "rep": 2, "status": "VERIFIED", "operations": 14905339}
{"stage": "replay", "arm": "incumbent", "case": "n19a1-000", "rep": 2, "status": "VERIFIED", "operations": 15368509}
{"stage": "replay", "arm": "incumbent", "case": "n23a0-010", "rep": 0, "status": "VERIFIED", "operations": 33788303}
{"stage": "replay", "arm": "rho", "case": "n23a0-010", "rep": 0, "status": "VERIFIED", "operations": 22963105}
{"stage": "replay", "arm": "combined_dense", "case": "n23a0-010", "rep": 0, "status": "VERIFIED", "operations": 32481313}
{"stage": "replay", "arm": "incumbent", "case": "n23a0-008", "rep": 1, "status": "VERIFIED", "operations": 27240783}
{"stage": "replay", "arm": "combined_dense", "case": "n23a0-008", "rep": 1, "status": "VERIFIED", "operations": 25941579}
{"stage": "replay", "arm": "rho", "case": "n23a0-008", "rep": 1, "status": "VERIFIED", "operations": 22110991}
{"stage": "replay", "arm": "combined_dense", "case": "n23a0-003", "rep": 2, "status": "VERIFIED", "operations": 22434684}
{"stage": "replay", "arm": "rho", "case": "n23a0-003", "rep": 2, "status": "VERIFIED", "operations": 23082362}
{"stage": "replay", "arm": "incumbent", "case": "n23a0-003", "rep": 2, "status": "VERIFIED", "operations": 23730861}
{"stage": "replay", "arm": "incumbent", "case": "n23a0-000", "rep": 2, "status": "VERIFIED", "operations": 29229638}
{"stage": "replay", "arm": "rho", "case": "n23a0-000", "rep": 2, "status": "VERIFIED", "operations": 21785459}
{"stage": "replay", "arm": "combined_dense", "case": "n23a0-000", "rep": 2, "status": "VERIFIED", "operations": 27927139}
{"stage": "replay", "arm": "incumbent", "case": "n13a0-005", "rep": 2, "status": "VERIFIED", "operations": 7301876}
{"stage": "replay", "arm": "combined_dense", "case": "n13a0-005", "rep": 2, "status": "VERIFIED", "operations": 6906653}
{"stage": "replay", "arm": "rho", "case": "n13a0-005", "rep": 2, "status": "VERIFIED", "operations": 6053828}
{"stage": "replay", "arm": "incumbent", "case": "n19a0-010", "rep": 0, "status": "VERIFIED", "operations": 17009184}
{"stage": "replay", "arm": "combined_dense", "case": "n19a0-010", "rep": 0, "status": "VERIFIED", "operations": 16109097}
{"stage": "replay", "arm": "rho", "case": "n19a0-010", "rep": 0, "status": "VERIFIED", "operations": 16296935}
{"stage": "replay", "arm": "combined_dense", "case": "n19a0-004", "rep": 1, "status": "VERIFIED", "operations": 17642156}
{"stage": "replay", "arm": "rho", "case": "n19a0-004", "rep": 1, "status": "VERIFIED", "operations": 17301447}
{"stage": "replay", "arm": "incumbent", "case": "n19a0-004", "rep": 1, "status": "VERIFIED", "operations": 18538845}
{"stage": "replay", "arm": "rho", "case": "n17a1-009", "rep": 1, "status": "VERIFIED", "operations": 9561037}
{"stage": "replay", "arm": "combined_dense", "case": "n17a1-009", "rep": 1, "status": "VERIFIED", "operations": 9450917}
{"stage": "replay", "arm": "incumbent", "case": "n17a1-009", "rep": 1, "status": "VERIFIED", "operations": 9795468}
{"stage": "replay", "arm": "incumbent", "case": "n17a1-005", "rep": 1, "status": "VERIFIED", "operations": 10068301}
{"stage": "replay", "arm": "rho", "case": "n17a1-005", "rep": 1, "status": "VERIFIED", "operations": 9346958}
{"stage": "replay", "arm": "combined_dense", "case": "n17a1-005", "rep": 1, "status": "VERIFIED", "operations": 9726868}
{"stage": "replay", "arm": "combined_dense", "case": "n19a0-007", "rep": 0, "status": "VERIFIED", "operations": 15373000}
{"stage": "replay", "arm": "rho", "case": "n19a0-007", "rep": 0, "status": "VERIFIED", "operations": 15491819}
{"stage": "replay", "arm": "incumbent", "case": "n19a0-007", "rep": 0, "status": "VERIFIED", "operations": 16274850}
{"stage": "replay", "arm": "rho", "case": "n19a1-001", "rep": 2, "status": "VERIFIED", "operations": 16562546}
{"stage": "replay", "arm": "incumbent", "case": "n19a1-001", "rep": 2, "status": "VERIFIED", "operations": 16710976}
{"stage": "replay", "arm": "combined_dense", "case": "n19a1-001", "rep": 2, "status": "VERIFIED", "operations": 16245390}
{"stage": "replay", "arm": "incumbent", "case": "n17a1-004", "rep": 0, "status": "VERIFIED", "operations": 9873997}
{"stage": "replay", "arm": "combined_dense", "case": "n17a1-004", "rep": 0, "status": "VERIFIED", "operations": 9533166}
{"stage": "replay", "arm": "rho", "case": "n17a1-004", "rep": 0, "status": "VERIFIED", "operations": 8443010}
{"stage": "replay", "arm": "incumbent", "case": "n23a0-001", "rep": 0, "status": "VERIFIED", "operations": 26661177}
{"stage": "replay", "arm": "combined_dense", "case": "n23a0-001", "rep": 0, "status": "VERIFIED", "operations": 25362596}
{"stage": "replay", "arm": "rho", "case": "n23a0-001", "rep": 0, "status": "VERIFIED", "operations": 24020349}
{"stage": "replay", "arm": "rho", "case": "n19a1-005", "rep": 0, "status": "VERIFIED", "operations": 16177988}
{"stage": "replay", "arm": "combined_dense", "case": "n19a1-005", "rep": 0, "status": "VERIFIED", "operations": 15513544}
{"stage": "replay", "arm": "incumbent", "case": "n19a1-005", "rep": 0, "status": "VERIFIED", "operations": 15974659}
{"stage": "replay", "arm": "incumbent", "case": "n19a0-002", "rep": 2, "status": "VERIFIED", "operations": 16936127}
{"stage": "replay", "arm": "rho", "case": "n19a0-002", "rep": 2, "status": "VERIFIED", "operations": 16624036}
{"stage": "replay", "arm": "combined_dense", "case": "n19a0-002", "rep": 2, "status": "VERIFIED", "operations": 16040328}
{"stage": "replay", "arm": "rho", "case": "n23a0-011", "rep": 2, "status": "VERIFIED", "operations": 22968004}
{"stage": "replay", "arm": "incumbent", "case": "n23a0-011", "rep": 2, "status": "VERIFIED", "operations": 26830861}
{"stage": "replay", "arm": "combined_dense", "case": "n23a0-011", "rep": 2, "status": "VERIFIED", "operations": 25530579}
{"stage": "replay", "arm": "incumbent", "case": "n19a0-009", "rep": 1, "status": "VERIFIED", "operations": 17160803}
{"stage": "replay", "arm": "combined_dense", "case": "n19a0-009", "rep": 1, "status": "VERIFIED", "operations": 16262141}
{"stage": "replay", "arm": "rho", "case": "n19a0-009", "rep": 1, "status": "VERIFIED", "operations": 16474962}
{"stage": "replay", "arm": "rho", "case": "n13a0-008", "rep": 0, "status": "VERIFIED", "operations": 5848363}
{"stage": "replay", "arm": "incumbent", "case": "n13a0-008", "rep": 0, "status": "VERIFIED", "operations": 7110995}
{"stage": "replay", "arm": "combined_dense", "case": "n13a0-008", "rep": 0, "status": "VERIFIED", "operations": 6707790}
{"stage": "replay", "arm": "incumbent", "case": "n13a0-008", "rep": 1, "status": "VERIFIED", "operations": 7111184}
{"stage": "replay", "arm": "combined_dense", "case": "n13a0-008", "rep": 1, "status": "VERIFIED", "operations": 6707615}
{"stage": "replay", "arm": "rho", "case": "n13a0-008", "rep": 1, "status": "VERIFIED", "operations": 5848351}
{"stage": "replay", "arm": "combined_dense", "case": "n13a0-008", "rep": 2, "status": "VERIFIED", "operations": 6707454}
{"stage": "replay", "arm": "incumbent", "case": "n13a0-008", "rep": 2, "status": "VERIFIED", "operations": 7110325}
{"stage": "replay", "arm": "rho", "case": "n13a0-008", "rep": 2, "status": "VERIFIED", "operations": 5848384}
{"stage": "replay", "arm": "rho", "case": "n23a0-010", "rep": 2, "status": "VERIFIED", "operations": 22963203}
{"stage": "replay", "arm": "combined_dense", "case": "n23a0-010", "rep": 2, "status": "VERIFIED", "operations": 32481129}
{"stage": "replay", "arm": "incumbent", "case": "n23a0-010", "rep": 2, "status": "VERIFIED", "operations": 33788009}
{"stage": "replay", "arm": "rho", "case": "n23a0-010", "rep": 1, "status": "VERIFIED", "operations": 22963180}
{"stage": "replay", "arm": "combined_dense", "case": "n23a0-010", "rep": 1, "status": "VERIFIED", "operations": 32481760}
{"stage": "replay", "arm": "incumbent", "case": "n23a0-010", "rep": 1, "status": "VERIFIED", "operations": 33788337}
{"stage": "replay", "arm": "incumbent", "case": "n19a1-000", "rep": 1, "status": "VERIFIED", "operations": 15369274}
{"stage": "replay", "arm": "combined_dense", "case": "n19a1-000", "rep": 1, "status": "VERIFIED", "operations": 14905354}
{"stage": "replay", "arm": "rho", "case": "n19a1-000", "rep": 1, "status": "VERIFIED", "operations": 15236215}
{"status": "retained", "winner": "incumbent", "provisional_challenger": "combined_dense", "confirmation": {"candidate": "combined_dense", "candidate_over_baseline": 0.9564340035232148, "ci95": [0.9474512194228004, 0.966125671872147], "eligible": true, "independent_curve_blocks": 5, "native_wall_candidate_over_baseline": 0.9857877597579922, "native_wall_ci95": [0.981444289834538, 0.990511305956245], "native_wall_per_cell": {"n13a0": 0.9922918577429991, "n17a1": 0.9895647630211234, "n19a0": 0.9825880764640733, "n19a1": 0.9808632097748309, "n23a0": 0.9836792754518291}, "native_wall_status": "paired cold-process timing; nested curve/target bootstrap", "paired_cases": 60, "per_cell": {"n13a0": 0.9443285548996816, "n17a1": 0.96636127367719, "n19a0": 0.9470531148567635, "n19a1": 0.9718460860464708, "n23a0": 0.9528851813144377}, "speedup": 1.0455504470944166}, "replay": {"candidate": "combined_dense", "candidate_over_baseline": 0.9564311474247223, "ci95": [0.9474492129170982, 0.9661152067764999], "eligible": true, "independent_curve_blocks": 5, "native_wall_candidate_over_baseline": 0.9837799456786541, "native_wall_ci95": [0.9787936878453654, 0.9888968596031991], "native_wall_per_cell": {"n13a0": 0.9863996927686126, "n17a1": 0.9857809705133518, "n19a0": 0.9795164393736236, "n19a1": 0.9895402902997099, "n23a0": 0.9777127003096265}, "native_wall_status": "paired cold-process timing; nested curve/target bootstrap", "paired_cases": 60, "per_cell": {"n13a0": 0.9443236961859675, "n17a1": 0.966356476381503, "n19a0": 0.9470542030539469, "n19a1": 0.9718423705881598, "n23a0": 0.9528831350281624}, "speedup": 1.0455535693213158}, "unit": "valgrind-3.22-amd64-Ir", "classification": "accounting", "scope": "bounded public-hash ECDLP configuration tournament", "family_wide_or_complexity_claim": false, "arithmetic_operation_speedup": null, "instruction_speedup": null, "reasons": ["No challenger passed every confirmation and replay threshold."], "independent_replay": "fresh processes, frozen executable, same final cases; independent Python group and rank checker", "rho_comparison": {"candidate": "rho", "candidate_over_baseline": 0.887012431765211, "ci95": [0.8349386231845985, 0.9377802347560049], "eligible": true, "independent_curve_blocks": 5, "native_wall_candidate_over_baseline": 0.924593335165865, "native_wall_ci95": [0.9085555386684016, 0.9370405993441078], "native_wall_per_cell": {"n13a0": 0.9157703534355808, "n17a1": 0.9298889035337993, "n19a0": 0.9409518828227279, "n19a1": 0.9350363345080618, "n23a0": 0.9018623246015656}, "native_wall_status": "paired cold-process timing; nested curve/target bootstrap", "paired_cases": 60, "per_cell": {"n13a0": 0.8257407770975485, "n17a1": 0.9212596412122581, "n19a0": 0.9362114997682465, "n19a1": 0.9434066281703796, "n23a0": 0.8172404629532847}, "speedup": 1.12737991508184}, "beats_rho": false, "rho_over_winner": 0.887012431765211, "rho_verdict_scope": "observed complete instruction cost; no asymptotic crossover claim", "winner_over_rho": {"confirmation": {"candidate": "incumbent", "eligible": true, "candidate_over_baseline": 1.12737991508184, "speedup": 0.887012431765211, "ci95": [1.0664394518628761, 1.1978968142897077], "per_cell": {"n13a0": 1.211033810774087, "n17a1": 1.0854703226596683, "n19a0": 1.0681347112778938, "n19a1": 1.0599883127166239, "n23a0": 1.2236300640160083}, "native_wall_candidate_over_baseline": 1.0815565740808717, "native_wall_ci95": [1.0672187767654386, 1.1006507319022558], "native_wall_per_cell": {"n13a0": 1.0919768217527739, "n17a1": 1.075397282621356, "n19a0": 1.0627535990471009, "n19a1": 1.0694771562284975, "n23a0": 1.1088166926607015}, "native_wall_status": "paired cold-process timing; nested curve/target bootstrap", "paired_cases": 60, "independent_curve_blocks": 5}, "replay": {"candidate": "incumbent", "eligible": true, "candidate_over_baseline": 1.1273821905629031, "speedup": 0.8870106414406803, "ci95": [1.0664410849430652, 1.1978933413637658], "per_cell": {"n13a0": 1.2110361314392644, "n17a1": 1.0854697907104611, "n19a0": 1.0681347628257962, "n19a1": 1.0599919339349135, "n23a0": 1.223636428318462}, "native_wall_candidate_over_baseline": 1.083146512550573, "native_wall_ci95": [1.06860936740454, 1.102554906966594], "native_wall_per_cell": {"n13a0": 1.0873695118629685, "n17a1": 1.0772791679513258, "n19a0": 1.0702928411309995, "n19a1": 1.0658783719136828, "n23a0": 1.1156304121263958}, "native_wall_status": "paired cold-process timing; nested curve/target bootstrap", "paired_cases": 60, "independent_curve_blocks": 5}}, "rho_parity": false, "parity_definition": "Both candidate/rho upper paired 95% limits and every cell ratio <= 1.10, instructions and native process wall, confirmation and replay."}
