19754444849082
11496082520920
3498449651602
2774570957156
13265945899587
14816380102758
3167682792758
20456104645764
19340126205312
5276865287212
15071137137515
5776674601060
20773437238525
16912115518159
10538122084408
19788100075577
7592821195668
2556737412824
3773641356676
13344857055868
14838589369647
530757302823
14787630383724
15647853758708
17678096077306
2084583307093
15732492795937
6952290113521
9144678872054
1690178650593
18494196245788
10149036747597
9057494611967
10686472556555
20761783466278
19752560607626
8723818027074
6293527642649
4293886077050
17301699988604
1670677497491
11519669072977
16735242592184
3175833216543
14242520373961
14133984680519
14534744756558
2341753993205
789007396388
1250607122233
14775099957325
4716128646831
19007031869466
13821131109921
12379964382932
12788267099376
14923183648377
12201444638077
18488909670399
12476252110576
19855170914983
12534700370308
1420696486927
15621724259196
1279681134049
3217888088340
4522583203235
7962743047654
14385802423377
6975682696435
20735980868188
10010788206434
4785702165129
10689828640757
6419070442636
15973264675718
2578915179397
15323281795946
13142567550016
13862938685281
2472820490789
14476147705755
7064466731459
4797528412252
3971529720803
7564933497147
6825429625160
5086315210295
435645946671
8772883805957
18641629742094
3815358727432
3467900973157
20500537424411
7877059928406
8479860006768
13825640105488
12328231380399
10926135757236
17990432202886
20618603747573
4511574167176
16620082486409
19059670759378
4012386153085
9011655816836
18195895952101
10507030315249
4225573531725
4307671565091
8100891329769
12046154114269
1075227246239
20418377431414
10617341769921
7527330989610
8135435687082
15059338361106
13506663616884
11232277962148
17527386156098
3170603344115
6357102065308
14220218196764
14752061474360
5717890521102
17344282496237
6569995987080
6006088125309
16048455192953
1221367944978
5597395444195
8618528918268
13592856953220
17637764405812
15621891961125
19538468118259
3446775961868
4698600294847
229081696935
5324602084616
17543277183161
4377596476678
16785259329231
9830134967892
6311674960988
11162118361612
2694254884880
19128464880883
15620052093401
9633503250708
12463124414255
16029744737758
8861177520412
15781458823406
2147885604491
19653569754462
195173030195
458514878965
16718592019304
14173720379425
6741522026757
17284734058163
290422212227
4923924895464
17827146642479
21009091870658
5378546751370
352401584509
14830532570924
18635411159776
8372890197746
6494200688923
789409393001
8623154885454
16932299853691
20812096914458
3157362662171
19758156759379
4501688751060
8836714051500
17104101620402
16490217958078
18010247471905
17043028744194
3885562173753
12133571644297
6471287839454
5998640111499
9859661195351
9453150160883
10184036029440
7590551792086
12138507190420
9105182289450
2387889083797
10063855149198
6806983909831
3199946363812
20661562640503
4137875695730
13608955303931
18227144882947
18787962840387
14570717746875
3598775065626
13931696797166
19334228430868
19000901766667
1929534167906
17147065841340
6091695522544
16290439635215
20633026462484
5201021464921
15772343372863
19672059481686
20498023734324
11282233911830
16830667832565
8837252145663
13094802686716
12659005816695
20094539880087
1462965991069
4589419950703
1788481424936
9116104308277
19613440894148
11444199394004
18500120804286
9852939234348
6632788338615
10362497208236
18243073229589
9338684929318
751756946864
76268184248
15732870642777
9160495478991
3393454458079
4393518027465
3228231158928
3671867780717
888655302027
16685097911004
5965856132661
2745681418471
2789610611039
20109968086374
2503641364838
860780338
4020430723671
10272775492194
6922260144970
3438684548398
19183895546066
6553641894006
1235429904758
4095099817453
16668770229377
9419788231250
16604883508455
15497118246937
8604040682019
4447338091764
5306846764363
6900526531252
9230637251988
11659451875703
584010501800
8112770061588
7221341544799
3624400169344
6571981679229
5915941169819
18065039594521
2208727294005
15982988342848
11955146558536
10945235635808
11770750174904
9328173570591
1850087898791
14753029981718
6152546658005
1958827962466
6044461176536
2860624171261
6848407537978
20250784024481
3641285384330
1793481089129
15138942061980
14171037967180
9891529857170
11040533598013
13911241905116
15314467694450
19262583825000
4816287553360
9586275063456
20950053558066
2580008579695
17794848790923
8974480345545
19417057084835
7982282621544
17979015806407
9201670829469
16130917635741
2522326392409
1201272304820
20694733671011
5756301497438
13188839987312
7912897643686
4471803406
2868789588525
11914433323271
13364653629372
8021050696236
18298395275295
4133503382634
6677819496780
11888192888453
5289270498546
2370940080292
582953548858
5421232814822
18569186821417
474446196879
3164684695853
15809492643681
2908552608582
1198586899450
15404197122734
10904334988304
15694373427185
18958296232141
13340419919689
20527767169615
4643532655451
6859201727989
7808744841400
18862621622918
15877878167297
10681250610396
5113919044837
498018458267
1467125169845
12713427552717
4780248408260
1112394310726
19762739118304
20922756632554
20790381034910
18625015960592
4785766894297
14202357617069
17404717478519
12926522243864
3947411906135
8923981672653
14265579774088
17093103042020
3053394018435
15365940379889
19918554949128
19623625047596
14220972858309
12985031418817
2743968039350
20955587805271
9267737071087
17400422697589
3838652783687
5156831708448
19326953093797
2376904321698
19997028868079
15001492654158
4575024109302
7318656631940
8123147530473
18856387175101
11258957773922
7138562800389
1278918824136
2691567555027
4976194440558
8384262518588
1442736463196
6904110838097
8753225586494
9442388824657
16901734301116
5750254532955
9653393760399
152365378194
16003719397211
7561134768706
2523073633993
18628777661897
14108672232312
10187611694091
14743089730782
20214702666285
2909452080258
14186648979868
6908113546774
10155635730421
17938329656101
19709068249622
3831156554804
4505120010511
13375043872280
1241715502436
19686387429503
1842115343697
14479158896925
17038407973746
8918981305669
10520465477231
19825498096824
2652087565075
12121381197281
6178075543147
14402911002250
3312573136305
20127127391840
2455519926659
2172961641404
8551322388237
9462060985791
16250485397740
20721629115237
7671269329539
7827508067336
6638845014603
19407249983608
14640265600402
693213148441
3640240009553
17753447432043
5240260113114
19210537039320
9261859464061
15149776270075
14026517490678
10159877831294
4514746924601
1168142059636
6535780230978
6497232485594
13415784074337
15581193833267
3801956366263
20342979346039
10445684627713
3687064733686
1210240608259
16456313778266
5102645689916
19991250861905
5799804101199
4442467290887
5885580290458
2905303829885
10986848517417
8603667203475
20091356540622
7427740019486
17307802426164
20533816298970
9020290277684
11650044071772
4354681023552
16171397333796
4176352140779
7819732580049
20140978507846
3805909022592
9410217104819
7574765720279
17556582916780
14252066730803
4045724248212
8407558984313
10494140494981
19520638640033
13295138514898
12319036298126
18520863541667
20672352729985
11387161652630
14115239404265
6376574319785
6834455307629
9638293633155
14981787497646
18551285880584
7923444093643
6275740722059
4135710716196
12449529181938
5749765715408
2792361890947
3437795572498
20909893184245
15308668759452
17892199501281
12744622076550
1079119285250
11674398294445
8921216708348
9544190642492
1721698755592
5906303247940
5900832056794
9055061152463
11643764392416
5224879257516
3817512551356
6778663840496
886353457734
19250378909456
7760526511794
14285879181975
16093427770127
8896038003141
3164154497745
15463936082793
7072463960855
17551374551430
11234749764829
15566588817350
8167301933675
9796481614995
5094808025264
8249286409978
9166001488010
5640630577963
11258669645572
8317317721144
3663296890771
12470550568865
19668212896891
1791803834002
5573168996618
4876563728641
14321564362953
7422844967160
11844015643436
15904291103346
11254724197461
3402279947430
9033387528747
5165552708561
2590675729769
5379179461844
16059032937510
7048511741991
10181312098076
8322467070052
174273810912
20693167140795
10672850527542
8173285402554
426450131056
17450551066097
3076894887198
11007130007290
20866393992644
17088763991534
585117688269
5167873258376
20126006594041
11606899863570
17581884530202
1001731084650
15979896017032
4631819860583
7366460036604
4709310618928
20054927052525
9595422640051
8278388847109
2983922657337
15082586775148
19709204927354
13464446556746
13275694288953
1355781530698
6438325490635
11763155473727
16151375745785
11317415314962
15711613472723
17654651193755
10998209294076
4069573623280
13907986183934
1782771590123
20996001382100
1951073794794
3641566460810
1046874890676
11569363846289
5827371929609
15492669913875
7359429447135
15265166896998
13475848458886
7305352956912
16886389936354
2170932620372
9436994060824
12062400608150
20999350328276
3517486339573
14962789526873
18278872449905
7902494516015
8571325881845
15469151725027
9742565611380
11799841755705
15680878115701
20525255127059
13449626687409
6235950668136
14976987688110
9030111593352
19327701858887
10705039641998
11064711808030
7774156565654
9975058783006
13420779205038
18177582329836
15110329015165
1483041491233
12586536415061
15263232320249
420834888009
4992038528575
8617351611589
4607203092769
6247500676872
18159366528587
609976204698
4735622739745
20002562069724
8263564180851
15404591079624
17914012194112
9558497744249
16182388965344
3718151837573
19845759031079
9913459901839
12251049118682
239821204193
3418511900946
7491560507908
7125438944963
18234823715659
7928108595527
11503922904523
18025932327784
16687189813815
3049528928750
4980216399567
19706852402263
19124372176176
4827951546376
18386557165911
19559207371331
12930723152610
4815074817592
9319262514283
10578555547724
4709905855730
16532968714187
4188783967996
10351692656254
19151743412194
16549016281987
1037498448084
9252345975094
5825910358969
781309070061
4116862272851
18625371509109
20586432042781
4696127609188
5988348886930
9138985329182
1227525693670
16650029914705
13735562631037
14417161124717
20103584243120
7369281654409
9740508684214
20766553060583
7633053384810
5192610209387
1853646919738
2299424361654
10205276860164
6246004066204
20560604206012
12751174598811
7883946353594
19520779266370
11393283694693
5030103460936
9968636480231
5909842483321
7485003155634
6901289568116
18096604767346
3512236320144
11052696841239
1912641688707
5833194621597
8091269271915
16080358382749
11525609094523
14639769629425
18024534069612
11647854743801
4691801366262
3968980878350
18139490176926
5293910783212
19122337221734
17934647522586
12742942810948
5196825724474
13727622929890
1295003947832
2675077464910
4860692817040
16679588749352
4449659852678
12753895740068
15102621155087
5110401318852
12538712576695
3632880244998
20028431337158
15759113201836
251258574535
5522958613081
2701133672832
461046713598
13682765249379
5094827153715
8852177554104
8198779475500
3766798128775
20596192183363
216321089652
646239115797
6971838217042
18861684871225
7759672329276
4511372401578
13717740869197
12025226559840
5196023933911
8861903549037
18169344823842
17884879438990
12869725287580
15084527094756
4488874618638
14504920479651
8119140387472
20372472297307
14849265129928
18601250177314
16187130570105
10021647263876
1723188792169
17434604349636
19302978757027
9455262762451
17283870558566
4562361441565
17830860672676
2175476478052
147971217225
12837337637671
12525608558366
2856561004574
17527984368178
12331001567646
6531221302837
13275170246151
4427025721296
14691428079360
7709847968050
10027386220743
13072425816436
20986570617919
7102839840220
2287862245090
9322029593232
1188137356780
415072489116
13899029404443
17558000467643
7930626389269
20511337854299
16084454066137
11441382206731
5349455055919
11100183207417
18615264681958
19443410816923
8692743989890
6521505601590
17124320144659
10021011466755
19046291081632
16736371104176
18461444132237
9881695586785
20279263151405
9217259629598
21032856973330
14720256320786
19043204861641
16897296076406
1358363500061
10055874540537
18187717918628
8417592629521
427322115463
7748720782556
4471295802283
12627915917551
9089504353563
13475729231931
14586081260228
9621550437714
14697473916213
12890672631765
21026402813429
8715855059491
1128989019189
3601564709723
2629025697008
8472741007621
15090160882035
9283209458314
5252839260981
19958686710546
14144618923598
1888109921498
13824064461606
14824928875339
254134527385
19354662917999
5827364726574
20287621400218
4660832345497
6277555706567
11344354010870
4254720967316
13472820305820
18271085615926
11543913481717
17424030908432
18089283053341
8503779100061
8254670650517
20946178091074
9431892941945
7231127808656
15451416455812
6555757992425
9355288779449
836112210648
3080370588162
13054078607995
6255885975427
2841096663910
7277913731679
5113338372740
12195759341228
6329870808691
1603510651169
19350583371239
13816989908334
4419870817674
12787395763500
2105690287239
295346832374
10736041286122
2621838547749
2758465239218
4869164628235
7472391682750
12035319024341
2559929479669
10543722043511
16762754330703
7011557607881
4295612176088
1484858085793
4683391948476
10030240122258
4204025248067
9089432802081
18928826623393
5755995048490
15041779013727
20912604696305
16064259778567
6788259499594
12280521027554
8780119015443
4094034395148
8560204003650
7080164449144
3441475131042
6070091230904
12385060413225
3442208466008
5109363557075
11931165899297
20469208243042
5047211660888
6655018187105
13782079862070
2318878592728
19770099234626
14468399994521
17058388665244
12980191257366
429495740142
13415181434281
15934809290987
10381276575409
10997815753497
1953613072160
1658703755626
17002140287154
19410949688695
12513831835150
15040624999303
16064056951225
15947637355151
3215533626370
9871615939878
13573809489298
14292577815728
6766802048253
16416832663966
14385276640566
2678232741044
10590305297910
14710288133935
3498841853158
12325055542554
7136563071530
7875513518044
9568034634126
18356246481769
6455343902784
20936336482506
5305761340670
3429621490568
5007531137383
2525164156133
14740088016619
4337586732532
10058316217551
657317646159
10257704545333
17251108934444
127897384960
6705786361714
5502007237417
662617263934
10223896226984
849938685240
8257899395780
4979717585758
11800435930254
358540407810
19429658430079
3778950571868
2204515638681
17948580566421
6608032264466
11393727539043
515829415478
19578822998100
4637221557453
2392819693196
21027331884741
10396907270305
15030296843564
11632482608660
11439242287224
3635425437589
12406701891222
16405615527938
19462435388861
1088525701437
18762214713663
8106241035376
3123746531406
561827408893
3533089393621
4129707504033
17621784592458
2217842990712
3200797421553
14655567969276
9027883588110
8084437852247
10158244123243
815904155043
5201717108034
14369292186362
18323992512005
20951647118661
5931907950764
19735105672794
10167857366055
164254807542
14433361940999
9064800604723
3405456045922
5674457402482
20115124821833
8511801800554
6966712016089
12993130184779
15031131800056
14357403973834
4150513321113
6439952418414
4306280903085
3249100707558
3505498788513
6943270950874
13944935489095
5071916532416
3657330400226
6074821512619
17672877394273
10935556851517
19657577038241
20732413886000
18623775724256
12791309706854
12089242945084
5371205929722
16104694919356
10081615575146
9606952100220
88349415781
669134217767
1342921114778
2398270764882
17078007407826
10815233297558
17014402438551
14963932776298
11466980114764
14986268180642
12470710948892
9750661400448
1610574260101
9282762709939
20675466691104
1942578332958
10861797845772
3068040634961
20460226406876
5107994388711
17016493563684
5576661859089
18667605685419
15078440059469
10602227778149
16925227903094
9282396562364
754215456021
10657077134649
4360119268163
4492934623083
3595385111460
7320551426538
18810839223904
17280607441797
4406673675743
1662829585475
11342839722237
10463127408622
18915841075227
6976808866608
15992146320201
1027580439283
6749806565299
3227407756579
299557024847
12864923869696
2943492927672
2433274702856
7771585376346
12372042840791
2033510455951
17061227132042
13471885928126
15193640343446
18983732728141
18999414645512
2242264965345
10295104794786
4846886998735
10969474528583
11323573186302
843387561090
3627033972409
14242794047766
12493589270854
7681208564595
9827252354210
16106234678252
827342829461
12074654208224
18577661107425
17074151792537
6977064989237
4188247829726
5916071952292
5817627321057
548146507942
1860397720547
11784232275014
12090342776882
13501427135104
19346847566456
11063263004381
12404215481885
11461029030585
8478315740932
12494591119173
614087686419
17310382307783
2412413983256
10150982069785
2187598295700
20866032437890
270931836484
17895559050220
1240532774630
14977316341630
11482797903813
17428493545005
2357195922492
456261085247
19306626907407
2548246882214
5680391011549
13257601635883
4271916868848
10079344696514
1979868700151
10485872013869
7247830663273
8815314833810
18739975265967
8717420964018
3597069016264
20376342173229
13434785303558
5152751337487
10398078507209
18507121412570
6409580662386
10508124785094
7766058255832
9172585891055
814297581871
12837395441789
14797606530332
13094863633328
8203793996295
20671852463302
13256734001055
3396722327633
12271250927756
17179848872224
11874618344996
9259353066455
1285224858223
20608102466250
20285072612816
17750998506887
2909341347893
14157815667330
4541136240242
17698921058026
20540604207169
181775957281
5876284472303
3443830113342
15908325849644
4138167516840
9692658308977
7206650057719
2363870837816
15624702129116
13100243890860
6594217032044
1586988193212
4314518167380
15094740042250
17999747272603
12801508047740
3690515048729
20943683258720
5669635329784
1711677678480
14333322741661
5420364032355
2341742648491
3834677766596
15897895520458
722391057891
13229165295340
87971017477
4165704730106
10287289224579
10545255926530
9877030806556
7851701785287
19685410128883
18022459768723
12772730662685
17427940970155
11778687223867
7903258152592
7565879710884
5611928995435
10004806918483
2170436152521
8121888707091
5789749553944
15528189485335
506332933247
4182786950967
1671761127750
20655720266032
19468216407438
614162761373
11456150242906
18571225647365
996212438148
19102442533434
3941863157832
4521127928633
18389419571618
1166169604045
13185426889384
4346640345122
3668573186268
14014848157413
18727367622331
10294688861570
10812252545463
15708275395775
12487480519612
3680171820365
11063042314041
3595812097490
9065191855816
19192463852639
7426457917577
17790615245937
16946332182434
11032400151900
19530034055165
308601245087
1557725257554
1082381943870
11852195269451
21000695648225
18471793098192
1391182069621
2427801542752
18783550459511
7544386339834
13869821585050
2006015343446
18900886605924
2134766885910
3000685928369
13489463981491
18251278546771
12278447763931
4967310414337
5313959997866
3322084036373
13829357448218
14937588365338
8812303225199
5031022577998
16213788973771
12612541391759
15823900524862
13871103016369
3412619783779
6290621435281
12493178831347
5961146506831
2682440122074
3123388463118
1734873049662
15752003329169
15599258277647
12460221189180
2337606274248
12382410436274
3564781062640
2728475440404
12356845715054
12365197233482
4407091706705
6525993118078
11551517423909
4758571493525
14311339294476
8441417454198
9528096777065
14925673552105
10662182925512
14037165265354
19827432118451
6064037439185
16880753400851
19772880909792
15295724829562
11029429207834
14788180395120
5657690655251
17404109653436
8632749022697
6891989083061
13714167487809
18290942626797
13477816122531
7658434234509
11870908478618
4830697159481
18079903091222
19257150477447
7570851882568
5012625745908
16721259640286
14210693817859
15054599650317
2609196546939
2184587318310
310140142294
6119710406043
18145888132576
9881611129296
13975235054795
11266534402534
13442763253914
12385236538320
15902350346387
9057285610777
3128590052449
17347027191003
10572457990443
14771656360911
10664198433926
15315799931556
6048748060281
5993106123686
16422348715472
15127723900794
19529169223712
18775635940995
15693676221721
11605690946777
12762736193688
8474001868479
1516370140677
14016745434553
20067244819201
18823256785697
15658782635135
297498065621
7459094909414
2429350085758
9250439705234
20536830689298
9328417326783
5415005918882
20883458659341
17060718878927
1706222539274
11714799983023
6554299039489
13936618169088
19595552509919
12317179562445
17320697380453
8886819264883
13830517803980
19241608486453
18358364665904
5590052629748
1844443412097
923835716808
10141552957745
15612212088674
8295634888443
11609208775084
18621790622616
12081230476843
17852427920115
12443968655407
8355743738963
19033549814763
19561954438447
10422777208377
13483549183555
3980281244069
4338336241269
19879355165937
15548720428277
14127843734304
13719540824415
2017933359544
14056082842935
5352828946497
351640748208
9485722342505
17721621381670
12334146628524
13648230473424
20465108351549
20791520956380
431847436688
12598340274781
12160615000688
1433277118213
6120081712516
954301038159
4796676862731
14812474464090
8696353405550
1848369340162
5030038388269
8541464614082
1306999640249
11778053431882
8066456457570
17794129791692
16014911012261
6426056023926
12808274278249
2182459410502
10571645075660
11411316763931
2173270668476
15524940893519
4192091253113
18895597021975
1056805969127
1381830152853
19835367271925
1071132384585
19304331290736
15930310921783
14343679385259
16170418272852
12121117562345
4776171776196
15825676895173
9108112154707
17058432250965
14271830018645
7439906850528
3810450303949
15504945813272
6475276018166
3607819002229
15214282908464
7155673616453
19194966499205
8014036082974
9470339787311
1692436823169
4050300503191
19417492908188
20536249824834
8697155037973
11316949730856
11168625652727
10380698128161
4543109764110
17350387529984
8500920581076
15212482387672
10343060880829
17287170001495
8272261751267
18431745713710
1047633391208
6510861360193
11330754821036
5973391818732
20111379581875
18673187597089
4532903323005
8482736998718
11356366832071
10300588742389
7456967567518
5975610469211
1156727363780
18341343355987
16973109281280
10656871787419
6888777953725
2661036401801
16247975324619
5185189177935
18074499708283
15696898585185
9731501784248
7474800065076
9526329925259
4481821629062
15071659202632
13947729407060
15592150793877
465362735382
20792770056380
19496718842173
16591842093033
5816562366172
19497126976569
2387270133169
15123943518167
13611169529530
5526882771042
11498674725082
6024407524242
19772391950807
5159188257067
1972988686477
10872138751877
1120461914045
7254998262310
14935398329067
2532185488751
8017691183165
11607685616686
6281122559330
18961168177401
14322508494758
8063206156632
2624209545664
6457304271507
10342369525783
17093730723457
8350606703948
13704177129338
20379368062727
17340660018513
7472037281701
1166743409283
15338126554706
9732747622254
17712466355982
5027327221126
9947665617388
10210453440480
16671663428465
15306434678945
14195847144904
19939204401840
7550092332497
5587727524620
16921587176115
861180313923
9663067667840
12213927782779
20248788542660
12086844613343
2333017972193
17222292345819
1668301094852
15398262578453
5867182951107
17342159962718
6331926255860
3670983025485
14175651955060
16926350533511
15746442955414
16609332580461
11692077890466
12553027878629
18211345698625
18922480040010
18142982764880
14673712698601
14072691044002
13949757778351
17761025496914
1535136241613
20764736756994
14437889931981
10516270986015
5766721610166
19424696196334
7229293647549
15050343216401
2273472145139
14607244908273
9481089598616
3658930715117
1738784347287
3914212203303
12852128379873
717897621560
18901954868675
7912871007731
8328486931730
12663341269120
20436355504960
16507029128956
14612812656040
11731722349691
6631050275736
14649574920950
10410489494442
11554869984979
18062195381460
8877704563445
20371690068522
18214018450959
2480797769637
13108725543230
11715067686566
4144499449349
13107685184132
785697101101
4391430035389
10766472343007
9196570684303
18512422862745
11578354355494
6898311027549
4595004007230
3712568168818
2123584010296
8583705772346
12314860475137
14448779541275
6058896906395
2094735432914
18881887270014
12284788621006
13613091666310
20374439456402
4073090040830
1624930703352
100242900299
1133417737527
18159712482622
12585307320654
14907483931484
2447864423581
2102789657102
11018361408032
8730850543402
5254906399088
19062819388435
19162092874905
6111084350241
10830290228580
9242518690569
15498185841902
18566995111713
14031293111480
18787707308050
15804307256488
5981264862024
17747993649782
20215444124585
19193678203898
19199110759519
10896501326574
623927348654
5837807470053
4114230829842
8041762774219
4017692794292
18838960952370
3980984490085
20842159710554
6990163283597
2705407267178
7229066261592
8105892319494
10751522790656
3463624742957
14259143938745
6746149115849
6494579597561
13335952482199
18805189653705
1881870559117
4918675764384
1375051571639
14807278196792
17027299245161
17633104044655
8563358673307
5686249173885
15584841744069
3934959508329
9527831927915
1887397152522
17260338831828
18588497280822
2280009062824
13964606222109
5061099511748
3538799731339
877855666321
2040603634230
14725226299671
4908153722939
3396916516430
20478400824908
20538332578941
18413538899115
10213256957838
15027158132095
18670895588511
15533134877666
1346367959858
19063678164979
19298285748154
20515982459342
7871397864590
228613244392
9942199746786
12255799922106
12774208536517
7140691599234
10375123395209
18029427227655
5338290066943
13120575290199
4015973486759
11042246620512
367169751329
17511092586769
16053211488495
785208251745
16413588555950
20647294664386
10587414448040
12589004380310
8382548387810
384938212559
15516956789801
14397810172105
12676285545517
19832699216468
884166676137
11643563091416
9807171662593
17726002100738
8540298447366
19518275893024
12800113329702
9681541886068
9590737070899
8553981715427
17063656350295
4912084056452
9894763470555
17682339366674
618861648514
19873359401619
3675051127535
9302595248113
18651942742136
19956678254330
6710673504253
10587336061914
12850395223696
11998465001040
8518623718044
18594975964511
18597937657332
6323530022575
1049971127540
823919677965
6130268795732
18365251252364
14765131879768
19316739239037
1253286062673
6002789562999
5569581978195
5585187123169
382670601700
18612245403926
18282215687526
2901697435191
17165112720998
8926556547181
18112323476333
10093691498001
3714458577596
2340466629375
15833842340764
19823931224341
6133717041363
11742525666074
15390349725282
3149788871181
9312702782014
12851433788631
6067395139179
539357314892
14227961122862
14455868843395
11154732094508
4339511609273
20868741215494
8638366102942
14973965628050
650977595247
5926896784779
10788731864863
7083414180125
3581261151784
1303671402135
17642497301743
5685247676793
9613804065280
7719636831794
350311608022
3844469456062
786026197567
12841978164689
20787880095769
12959610918279
15481773154449
19885871666705
18438814728738
19373512158136
9657712124037
1540239175113
853822105578
16961589159487
12916199614413
17439587948323
14350186455481
6187298493049
9711804003204
10729814674580
20473340719584
13711129789011
809318381842
7889576058050
9039463335226
14980757046480
16647733248845
8192580454285
15906184284256
3712590662231
5698573344940
17703971991335
19887743575582
5157131764828
1889474406966
1284601766648
12758202515910
15977993206097
3013376546174
20061672196468
15252930162312
12053406831676
5702752642216
17143451249468
14795747281949
14355513198349
2218313576256
14282743816197
8588886845218
10451434611650
10086080510545
1314979372438
14326752742311
19691552860048
20672196790861
9425209320363
18418853795919
12606595324163
13759050310742
1985140938810
19090969956234
7751983842201
17774221956063
4199870170134
3271103729917
20001682590614
7337907781565
14335304290204
7258056288992
13010423639374
8482559991512
13136821608147
13198934010718
18289519328342
12176928562935
12633562969897
3932337258707
5522893714598
3026295517891
18122971375418
10993902843158
17676216543336
4410825490093
9915394899064
3417737902865
14953484903219
18735375493359
8827989620951
19712134785613
2655200670502
14870280099661
10957130377047
20158569525042
18817534934423
3256621978809
9212570405374
1990204378988
2717379387481
13760189781866
6949461608566
20378787145967
7260694978229
7425559613848
17382786903650
19692178362458
1683028932691
597268956250
5558658330975
954655189009
12836914321260
15585736225661
7613641199343
9321424162551
18107848218237
4910753364383
16012319479676
19505574993927
20736610965331
9585260488778
580963891024
7768882012676
3639093673200
8156562542752
10477582750162
9144748102933
9717382221086
12289800335158
17775276635146
5332299414614
8264825639733
5053228387329
12415107891355
15890354974069
13372191903110
18905739857294
6488377078183
17672480702595
4708408214798
15219402436444
14197619990581
6350576776708
19870906990645
1923581307112
11688145250467
2857765456038
20649868554012
20099891340404
19774246682363
20920725540660
20644640934237
2657444024420
13469021364786
5180534254117
9646826523041
9682676340686
10383298450387
9093409419769
2265394488996
4434563191093
11726404007805
5329733789870
15571282906131
19655514354128
14613926102112
3638537810408
9148347106402
1775100622548
4180793539571
21000287269757
10632859462375
136888349375
14840932997217
15237718776562
14181698191333
16264674527230
6571286190001
12632111037720
397072747389
2766174303596
8342446461421
302680482207
7434417917883
7828887686429
18983119755047
12026549769262
12561208886286
14793694465821
19103170380280
12681632421187
1622230661691
5794988389442
1780646907096
3130003316021
13565385222773
3342168733249
7183861396644
12710634952175
2397226975786
5435599295812
19179965220957
5112845053489
19625375925099
16348080630384
13550210579762
9413259667109
4374898578442
1491505479730
18020756690592
16320893214599
6155583795242
16626681035198
17015317074925
6719840477428
8935778555596
12829154334936
11400102917696
7803440504931
9641149643409
15037498192137
16949234835428
13509861127234
8095942052957
16798940936947
5934128770440
20802462131876
20049213877170
20570867270559
18152874066663
14864339913982
5627260002967
12150291981951
2486241540491
15622568785492
5437074819315
12517702511971
12498732721295
5011514212549
10851641546891
7148817939905
5847420818451
11816301735778
17463842673887
20135365409329
16748115347172
1554528715066
3670564717104
13866496761441
6877736348157
13868485323633
6392019942970
9810410325953
16093335546513
5441637412672
12572540801678
10799151061812
19271262700169
12870800913297
17655616912988
2612174648968
18776239999368
10658610841615
7330263878739
19204097349684
7231715242765
7848900442522
19597801514817
11217697683502
3426376288811
15426048001937
4135988775722
5941202688737
15480765133010
4358734155021
7622606895822
15549655159680
12699923376292
13665982080646
2161280416543
9454908182105
3687100653781
6576201723831
2413865335996
10373494004197
1938542071539
7091591100476
12827869545504
13272013336281
18717540612625
12046453304823
19362591314887
976449280669
7051808425294
2844156564421
105199744755
8750369396350
20493994233888
15625972070008
9660076001402
2377408242328
16865355494893
1242456843792
16513387220818
12599507681501
8999710115010
14507638805126
16488781433581
6948063019753
6930852730933
17588881902422
7997472899833
166030963775
19355300828999
17461076335487
789422563924
18530310759476
4512440299321
4497773070210
8109199133978
10062214521427
4436423276498
8742752757895
20065195662346
43442288922
11646123879436
12714023679184
20539963094206
9081397804219
19160075530964
10605399473638
11001825539241
12409763844461
5166411644170
1710126237539
12937052009131
12019061168074
1142559234673
12316101109292
15931284366562
904829250342
18794511621796
2773571861608
7657140550097
2139182902303
16925765890334
1769713296362
6698554574786
19423180575291
2261092944831
3739546082050
13220925624601
5599478948816
7563217737852
14672985985040
9421398655918
8717255380195
14354989530736
14017447055449
14539654261612
8729619590885
19232342592302
10336441320524
15530066469196
9479178530729
3766540672894
6414713965817
13562392594384
9292520652874
15800440962294
9369328014868
16654796740324
8848098215268
12008410434689
18376391963161
13093936542667
15614075848165
14676206551288
6468196040826
1982908392289
6008580442965
6562113206064
15475181483224
4766468829213
19857238563005
1103404813418
950489116070
6796317460735
19484452789857
8367935433493
3198206936484
11896600785462
7018544847507
13238763183412
16660650431975
15305264790033
6480325302379
4448442067820
9704921299324
11396817777738
10503774652536
20526786453690
18885913588352
11467832009055
13411537266056
19381566053670
20430665133062
4314854329887
1214198917343
17702403271284
11040742908889
7034829953127
831819408466
312445651541
16929520528050
2100493820376
13642632367878
8044986674656
5174609056319
4760632625863
12918014323184
3667794830271
20523182505348
7128853546184
9014817036784
7640040582501
19393428828905
14333476169126
6944225969791
19267346963361
9787374780516
12067731430490
17801522540759
12978608818663
2148490609090
12671613406156
4839135694273
17700981724838
4495828578185
15434457464352
17234128760400
15811033655965
11727534866799
3556253979448
14866950091531
18842956171557
15081099810007
12926657164413
7808871752880
1072964507333
16713589196433
14399742639460
1565147279837
5361048588341
10884003634673
17972895442862
13992595068125
6848618281583
11923124855621
3998523357658
20036466454908
1123903268495
16938118154425
1803931216334
14080327752004
19924881470899
8877059194063
18622905439543
7092914781046
16318482829392
11571457360229
1115303115413
13457840165522
1310368658324
12088359586809
5023363402936
6691209593583
748199068704
11067025078961
1531747537368
12506339162829
2281439324055
1962209030504
6702646384547
4272750155806
10146465192853
12859463314705
14751967729813
18733827475136
17832668180857
14326353312321
160884978702
9809783819541
6919872277873
5344704808107
16280547148100
13367933833355
11311080438546
14489523574048
7796042313856
9278778959773
16678101328136
2654207570776
2559485487339
5085931202138
1587421393156
3891173014640
17981687095218
14562930786718
14720221662323
7339732794187
1959691554174
7545343352351
11564149851644
18426774712486
10490493865316
12102722916042
20686242921966
13835176471063
5747172864980
12224927605510
3478808651012
3158170206813
8087907212648
8522636347965
4469508546904
2314544388698
2188962874976
5133363630956
448736289982
5207536542961
8133129690952
18253725790936
5603727544819
4850910013079
7869169082383
4345907646815
18550245167347
15292725469117
11125982433314
16178361707329
1848015343118
18945920591147
12710445382290
3302050128456
881650274423
17161765284725
7742417514438
17769078427726
8029549097628
2087789666261
17299002717949
5860110846373
20083758995971
4074520770297
3443616535584
5244261710089
19837727415164
6817400382705
14140743156512
14659572757815
7289088412209
1947374556546
16423612044216
38344835073
16087624177810
20466499113231
8938239656493
20486159806420
15583638026326
688808567271
3980096934283
16862199588264
13775998007108
2594623868657
14440247592202
17115325014027
12841626302086
12296397649375
6411723604985
11547709994696
3642093266267
10772951540784
10079819408854
8453667904620
2197538649884
20149471268415
7829867015338
7188828206354
5787975178627
12057372538845
17289460591606
17699143542838
15646677356488
4987431171829
5212265166185
7769821451260
8988676893379
2451115624421
20321239409660
160208097620
11217134651673
11497676597833
4898205310362
16240097902433
9882363732349
16436821222235
9243941154508
20942743753345
4819751212392
20136247722355
4673889300368
6534906180840
9689928984433
7468584661132
10230404491893
2478182408350
16876077014069
14109261314319
12316786027952
15502949884999
5118453667094
8420419896262
20914303554673
19105880118957
12894661796632
5555104475353
7531265582485
20932466075408
16686280981990
6525729456040
12985645284702
10604930021795
6105658636508
2590994630559
279477153144
18071681948683
6587168471384
19466855639033
3431081692609
8225529990004
6461230809518
18551170127336
20113753679701
3408000409325
5025741454912
16857999505899
5732440082479
16359551353196
16967356109307
12585915383709
20375925714838
7830414409767
3793942759920
10469221515482
1100477030627
11319302242005
16223186926049
9808332697250
10752222304695
15891236319299
12967054924640
4315306113173
14132854910951
8496717107324
5651509486358
4993917910237
4635906252348
6947954954311
11297613832418
16105151413233
8010921552252
8579259229781
7798146936025
20945301123817
2593781638727
6618267189887
16618230766819
2073590804648
19980898356585
4994978800825
2127582406381
13514147680634
8251225012987
9670448073433
8025062645880
3834062026285
18772684198797
410084064722
8664912626681
13171966333789
10260387334671
20538375923329
5898933888549
1376902210420
7629974493917
2980994222435
19527498639895
6320298440831
20625116660215
8553139861348
12771131543087
8338639444558
14036565904462
12927522512059
16818994030183
14329893043908
12717404252803
7651339413430
4070962023599
13540554683256
1312928376480
9071808859562
20196559076601
17838545291444
16752747117780
11851906665968
1027689733438
14008496429673
19579676333221
6110079826179
3846769157943
4519186726455
17307258405863
17536755252270
6305427898469
18789911697345
13938326107407
586214087145
18683716634379
3899286463388
20124460441849
925559172357
2145882213684
17243581147084
9142996308895
20306353175359
2377219305729
18017045987479
7852582562905
11239393958259
10786811842907
20788629913827
17473925292997
3229457478048
6998031345121
2647171785014
4719423782212
20650274221298
2363952075094
5525264734817
189219972313
19269581448713
11029077477664
5194542769136
7840880730390
6452882507814
343756416839
15222815986449
8248311335981
1853835143250
3695369140089
10270572460025
20327026449095
3417755751249
9368848076585
18795975952906
763192335224
2987612861734
15228202083782
13794321916682
19108723940248
6923040875454
13950312356317
6333150537064
19502179906502
12354523256024
19645978526807
9537619996543
7856596437561
19995751886584
18999639443913
14064654860084
528548925253
3648976394480
14802457144081
7305205191407
16409120693340
15220688385887
12123999228255
15810706614235
17127667902622
7427081805244
20774394988771
11886671553058
3941893463502
5317341738165
12240797792174
15936761226745
13009874841374
2931351786030
2332861866160
17644741431458
4858428311566
5414737491472
2339902222202
18517392848291
20350979494532
19891462732433
20537036679661
85049398508
19398960499897
8400020428656
20404169219158
10744497706574
13952562598274
4445264094357
16191834051176
20524800935776
18680359659299
15300135864955
6143929189292
10252568759583
1819349029966
3981497228058
422999769209
13441193963523
5695590050170
8303286130916
15534136807943
12011272877469
13589583467852
16258568816325
14914698264515
6356346599120
3359551957836
3386290075226
2671441842249
1825437134165
1480846976085
5698892389446
12944590992307
11614026912006
18918951161063
8068192171840
5768824362842
20156789417408
4637724964427
15711135034556
12692452632148
8977533296204
1810250061109
9578456376200
17763635462271
6343092082
7336565347292
12213372688873
11321738286627
10872814040027
6689439142550
5069646654183
2974889778881
13724125895365
19911490262798
4377309084280
19702518505252
773152209338
7035859766588
1835165175465
16731181027324
1699974238433
19142907298124
3275091871872
5852214752204
20351069841011
6184119689965
8875864733964
4889689243413
17973289271689
6700412360845
17879807856724
18214612456783
18997011264358
18168985149116
11304388726483
4738004932879
16242780208289
781128951379
355340853385
15400127346479
740710369301
18289342759578
2115735113136
17016839541195
4563472672105
4888850449767
8779144497618
9760086992724
18612384294410
9707594958981
5547344362006
6604109516062
13553849159676
19528540540890
13592761627664
1081328205251
9791246506082
20489788102265
8078123056887
3077088824921
12102642881017
7479779539445
17737431313682
6100790330092
13835055625488
13254856537452
5732751748220
9456765207101
15089046072518
15029782525328
9882106434465
5348742675619
1794573814333
14137122174368
13353902507029
15452058265438
18486112229636
2427506854735
17583024220499
2392436298121
12562838731086
19947187873449
623417965916
20571169659543
12063657889980
14398774734125
7764565763358
15599878736525
15600541202602
17954781517636
3308070562731
13311163253602
619611733663
4360249628064
21028896335873
7505487766992
18736056510306
9644381957740
14906820481942
3919330825925
3362189943473
3215168662560
568317451311
18972481978702
6106574062915
12858234714679
3114474381463
16782409859867
4299074772765
10466425375372
16681897781602
6771312417082
13179416334419
8541558502692
4641160910832
10031560905539
18029561816468
10541927243489
12709332093602
16212378001459
13934637686474
14752353788788
18727815650034
13733780631397
17514929973949
5762257071309
9485491714460
7781330948757
18133430507664
9617519730806
1378652217262
9368690962242
20823132951969
2890862135339
17839760870586
4057029524989
16816632963979
8551963430170
3991070524327
4300583929863
10444939755618
3513155061804
11503874014188
15611588079568
9119771418315
18411207689580
5247127436628
9744244682977
2309392321138
9686907253639
13690027564242
16217912035544
20470646403443
19626954398397
4658609473556
2371825300144
10552140620683
10437037282238
16278247726253
12692500084835
19055686150381
4264871368613
9197909394710
9575187867725
11437979149138
13283611565139
17990983905199
17930632411529
10701819114732
18574472538141
395910454930
15222527393175
9868098729284
16534780651185
17441035847834
6609213682820
16638916925854
12450438393690
3794532659338
18105131438385
2834208538727
369423464141
16223148978051
19019845997947
13193609160668
13236280202203
16011610193278
4550149563941
14645913315938
14745400323239
18642670339111
8049070280762
4965389547545
3963385199830
11053199434536
12945058175284
11229452020810
16626071849775
7737438130007
18817178464493
2593873719310
979889248644
5458947729479
8157381087226
305533690153
11374907391190
13902597022781
8336654196314
109784652783
15607897255463
6770505832081
17882040382271
5975040786467
978741460173
11454821956636
6256621796459
1191558799013
16042482822499
16078936458956
3733658631255
2746279092965
11152500407032
17202429212275
8810832454175
9726940950471
18234504255750
2677258472109
4626191224441
14456553680514
8538724777982
9452213275922
4708073194000
7366485746019
650765680529
20751797439503
19965675526494
16463515255436
13525642263246
7990423881622
17722925536434
9150885703893
12021043097049
2341798478767
961369855684
2886000404338
12093197103706
11677172462629
20737033824073
8287146628451
14707118747813
18595070636101
19460684787298
4309218337942
11764269188360
9634521087865
4976770579602
18860267778699
7791234307298
8766507701711
5375819374722
5044666622191
8876462847778
12026657819434
239159488796
19493086723410
10211046226120
4477828827611
10007273201817
6739911925068
14281324757115
13834168013155
13703606166265
1880211886713
870279616796
8179256999115
3872765197308
2690423605517
11777466192173
5032968280107
1782837137881
14789541880493
13458749124893
1506118962757
18658572517244
3555293156842
19490026326376
9470737898261
15003399562116
15499651589274
12074510566105
12388691492277
19529235015795
19705335153114
17410839578455
16081194109427
15389965163992
16297679636188
9644932255238
20345693148965
19732198951014
2982422866121
15398957587693
20929459747194
18593818460432
13223387648325
14832455014990
17108124861095
10972160731887
3757283006522
16686369068779
11932806509996
14495857289042
1322384985255
19387811454472
15126636210662
16002619921862
5685912366095
1828983513363
10046517930684
8552888901922
6693737849661
12943099255290
20630953838957
1082042025574
11762370745353
18216216763667
7898208961355
14297312272452
17382729675893
2103270432578
13274175276653
2241007542699
3033730601385
6898974400771
5386105447347
6930588809688
13391697901534
3208274554158
15155991726770
14778188709416
9577066757090
5574534728751
969494956496
11423230716496
20721241354269
4652574794768
5586137440549
17929777418008
7511982053158
7507830104979
588827159585
7889942384037
17900116326546
9801706740304
8207443219262
4506966234317
9491639810721
7049810667300
7565204412861
18959365333587
20789970786061
7938868065687
14310027674739
8611392597378
13249677138134
2865604833277
20951691695816
3684127401896
18842695295500
9777966370690
15987300531909
18814912539726
1004446934912
10398493906203
7269633255349
13066191673567
7314343896040
13500784779127
4897708874189
2560684810902
15168475637922
1711699406036
9119092496423
15211549040185
10477397114862
7664030239507
3136541927029
9372123278536
10258832138912
12390335105165
17950766886346
5493458541364
10677936485543
3968164580530
18999338427091
18877622228392
1112302507504
5233917136755
2526509348091
12555324010228
12248153979855
1809992485087
18455839437403
3222842902555
12922628058749
1070371560677
1225339069831
13884334325468
19673433964166
19686971152195
10388864201007
860936129000
9007482769016
8569704234993
3931366497276
11340614861600
13899263852871
1919207697660
13681534192396
11986632626129
16215017199182
17461393580650
11821497832160
3150903757394
15422827843218
13742143363925
10720385660241
14661204746662
9328437223834
14921825784175
12422971538874
18776069105787
1581267513868
13521871991713
4138997957963
4152024332153
18149064155998
2257045645012
17353840177431
15794970873341
8329336514901
2161669890443
5800304527535
9258129114086
13218539887412
3941450011874
7069143410741
6573059632861
17863595214904
3031700222929
3054646205909
7582143454189
10850527373386
20075464661687
9551973962758
10291312914552
2294808127906
12864398613591
20907761792221
13644804165262
1349513828329
7981771708249
14349294256001
15118525598972
430627096209
9674428928074
20064157769003
603544395738
13766802202509
13836231451080
18997130120857
3400305129862
2452413377472
9144239753528
20470792924781
13571233141368
18192513224705
1284268365991
13505621392960
6318278821668
13663474682594
13480392018460
14577828229711
17228544773032
18664457769975
10071223998610
1911357060366
7697006480142
9936591199822
8443548469
7906200440925
17172703488275
16260253595315
15784711819208
9564929717145
15136050348467
20977404110612
2612546809750
6287187067118
13898515117997
13527919498740
13481914487388
419369861289
2110880434119
9548133237671
6591677767822
17019576432943
5341808938655
2723205581486
13814502834933
5800996688584
2890191050069
4091510596588
18445426852396
18862389862721
10448908288121
3644689486797
4770505024591
14998947799449
236407097491
7132755522852
919395256753
3991799317552
19775084513466
7909394971396
9454259421754
14016395771572
4418077554754
12549518975873
7369065720842
7552967575723
19132174920801
5196129758110
984633711915
3589617870820
1073203860194
17724521053547
3857812064814
14206030536134
1266710232262
8252917070763
6106510775181
11104138418285
11936142112390
7785597849055
1842398343895
20590158380662
16583593142902
15593616089052
9028640780885
13729971219456
17333585411246
10908845083668
17627077237315
1461868333674
13493012757275
15691395064253
6412660189767
7526755964000
102599636213
18558967312654
13180918016625
19374241713331
9717187122557
17615667440286
14239677694217
17575956544383
1091274628440
5788282864595
18260628230578
14433120734885
6469028196893
6072607675015
3983321894952
14015782400905
14469568544166
8559286721170
533207197446
4333160343575
9274614000536
9782365881833
5647485315400
11935355287122
3729384507509
8960453831426
14488378612515
15717691064755
10612222662990
13367673974883
19144802279287
7853608408879
4332473700146
3241124893662
6720116301601
20838409078797
10829152462733
2004744569636
8263165654716
7022458206492
7255999631532
19681397976534
10572454998205
2715305543665
20629899884720
19110973082035
408193979350
8456425954189
2536729300969
6950371676547
7596584693946
3818717098857
7508997816443
20188751040362
2150842007653
6566616557482
19127160986023
753332905305
14868710117284
16476116306033
20695770292206
7424725625074
15250802714279
13052031218942
3714555353546
10134124954317
19925407562380
19371310679905
12586740663013
5756506244166
986622066859
12274040837622
19000360495205
17821649358724
17718309145288
2540637735961
4236433334413
7762780665404
17906723959294
3665091507304
11719374611965
9906970155670
8882649259355
18043036086572
890093266080
8194550249861
5879114326593
1864530095814
15628539563346
3915533978855
9638514496897
19330720111104
6784188954177
8910906229838
5685660790431
8730714169649
9293215756499
12113655774640
16268444361374
10367593953672
11183638789303
15748823370462
10944365004322
15539028402121
8789762069443
7387518832443
1912006971799
3624123148557
18732176068619
12078217282507
7856827181782
4797556419082
1359193166054
20164779055890
15548017679109
17593234349563
13643459555362
17614682240206
13140496611864
18520360804685
7654721682249
11061551482812
3451383323753
7321177738405
6572539628916
5225583631621
9331745853575
14300111984359
9177030086304
14170421143560
11398199775579
20949568347757
9732505820692
20541556951324
14890845158053
17405273601225
443515690336
4147418136591
14716582287814
13903763360090
16675316759877
14443789241499
13610083384280
8969006837709
10039973906387
15320610224112
15752745359328
2742895470255
20852983927842
6664515382103
11395470877924
13755404047056
19074878864010
10580736482956
4272798510502
13255835472216
2044336770986
3614936412014
5483164556423
14089914144801
18219670189573
11531925154814
112506467037
17009288769294
13814525740306
16297810632622
10415498894380
6968851838662
12676384727994
4354444245512
19242807571852
4935671597747
1801789954760
10229584668966
9803770114906
17348458186610
1082650080078
1197504589179
13478053493015
9898795277783
17575826650277
20157495984876
13308143811011
14032089164818
7537457146275
10936308804495
17995103412521
10455161902169
20210419905979
142134768476
11046120896634
12888638147865
1072483830972
9760867927147
10615081861819
19310785614221
13090017442915
20171606097647
19429955393782
4190891265367
12135460467524
12235688534684
2070592582882
18896854270993
1271828963965
17883643340295
10645474244913
1906550339118
17454834554953
19446928518623
6326949491299
18590812889436
6616936420234
4073298279355
2662565114051
4902506439552
20407057758098
13402694694184
10332121703220
19080547451969
5097667427853
6498385710696
1416835104165
7822751078735
7005237091814
15115501641588
14963622689639
17702489366273
17663809950963
4726646816330
10901997506152
5183574017571
13195133073016
4490744124538
14470846244825
7617646886654
15158479747563
1743307151540
7766543188649
9724438738576
14042787733100
8921249856399
6237850667278
10837860070572
15417605083772
9545971405173
5147083636594
10894576196626
12752461384530
18257714206538
16794126445433
17819918882829
7039174599771
17310558865759
3778445531581
9690757210704
19138537912193
13544547501905
5989730061924
4522771541202
4916452579322
6792258631464
18119326033438
5427075619743
715107439066
13676650348353
18589644867498
4312590218310
17258571094343
6568722187491
19592522436001
3290734645014
20610221266151
3634789419051
3221315283667
1341605149456
637775654092
1450064060573
6978247922125
20731877204572
3043343925546
15274378813335
6438136989177
6528516290646
1224716824253
10619246181972
3851203328557
4519138359025
16530184597047
18421006767300
1744704861182
4974820870097
13963783929241
20575019484786
8183013852714
14285767301496
4839950468792
4717011569040
459729772018
14004250889274
8587012082116
8024433523417
19248243561758
14224415166228
6435073222646
10186518313421
2129471310364
10613689613677
18428524352014
17851186082974
1496674907270
4357775287653
12473880764233
19923563535405
7825143870866
7831651388317
535124360819
11740528704632
20551555563186
12856937662169
6234592812680
20965637321419
7178850198345
18764366673045
3714897669177
10901872578363
827468538137
14960166629992
1030086974471
8131165544116
11709650582090
5576732039981
3654302700774
563887313540
4849259850795
4227078837188
12907187626324
3273582592984
15638826521880
17253470519121
15822938412540
18775742871349
6414121201708
10167024414095
937769225091
6025011286351
10071451104195
12300897425134
7381569967250
13405798828868
1177416011151
10227984698522
3394773863993
3752116112301
10949296860603
12830565084430
20956957257731
18004264756147
12284992341988
2972440482067
16270028189790
8345570084136
9585521723745
2532583353004
3216504372245
19996549750787
12954205590035
21023558621598
2606438435569
7010370218959
12104110447041
9535036381713
9730269195532
13297837816573
2259379748708
16951326213570
18768682759155
4942931074075
13313030628607
8019856143150
19600703249366
6132261942768
5881529632850
13093829948811
14683036035147
12540911077623
2667610467329
16065808337355
4212261645327
18723944266178
20119155913049
14052438811054
11755058854554
17816693669380
3336672456063
4013580290086
12620596685396
9371444892679
17976311003630
11916466987343
12941905888256
887826227687
20785510138625
20873342772713
7243515319788
18845008127306
9220959410567
313135186768
8915305854661
6551465454698
4723023102162
800046092644
20642635476846
19862690989896
15077844555676
17608251204653
19125589156980
15124080287007
6626866806980
13149728012814
4855486195812
5052870916344
12139839581237
14484229173776
1054341338455
20667722192697
13162774173102
4517140210505
2471236386022
17748129501712
5468889402359
19624826462236
13963376591096
282784931979
2933088827602
18697721089819
14674236844651
6175974609259
17153956452057
9328125544779
8269292883898
3276093342974
18041552604416
9237044791385
19073239504313
2024265995599
8851404864877
20278458989889
19125344084911
9882900318047
4394748122976
8057769697777
9209563726726
4487679107826
5376342802080
17832176512486
9708356511698
6616040641894
6861206885833
7089636980340
17881845612758
17334277103813
20671861044399
1893556036114
11139600631275
14546341366406
6835042506314
241521844507
16284140898641
5023062372341
6265510949369
6322942650826
4451273135832
7297439373197
5707531814250
7916179268540
2949249337488
6100542985471
10961849263331
2504284240529
20154936170176
9109515654799
8522363076071
12834663639373
16827543205406
3105668020672
4983356159801
9488354654399
11057979564958
3991282995604
546045467127
10463184951361
16619530393505
20242504802836
3890980336315
10717080693010
11281516762176
2518807024269
9108792978307
19207343093864
17584314277499
1761240733655
12702555271139
19034661587288
8005570988235
4104705318449
20879028808854
10153279350691
3199799773283
14807282662677
8743487715737
5035606913992
3125873474160
10703567392937
57914639069
17455134283134
13060227483450
13303656414306
13982609733279
14755813106525
15054236159502
9877809093105
1328034837612
8131590611527
17628134398897
16754687754767
19612268292638
18133407515411
7710851704905
10497327182906
13044980801515
776007193336
4612001171226
1812755389992
20997155463247
20573174326562
6603739279910
763034355743
4419915408540
19725085042957
15334196493928
10043316686557
1802678014753
10602792636187
13860115883330
13821531258789
2079970553283
11406489674339
10191237975594
15890801719396
8905673372385
13141786772709
11874323303354
4742563760145
6526329291159
15155045404764
3602346686188
13097549133486
17910730151876
5072815089135
7622878221462
5102770142778
18526903430153
12212089965985
20766395976702
18750563679828
20218359350016
3696864186995
20948223638571
11193186400500
17941245393631
1303777046952
4704614763850
15550125809397
10067773352448
7498363283536
337691214644
6803610571820
73951581293
5249624836066
16496902492589
8301172340876
11977082741540
14101549825472
3877971031705
13860975069428
12092968536548
2831858920754
16771293703003
11170264602255
299041253193
8797546066747
3116283528112
10635929155318
20032355122419
12360341942429
8334534265223
16643925996062
9708626660367
4283571102862
9106522764964
11863326748234
14505286031113
7790626840786
20699330177493
11881357197648
7146960586258
766821098380
1005077235224
5126113802020
16908623211438
7146627053572
10179443093267
1651205576522
10968213432189
20254692361806
8404775993444
18735682683177
6644005770996
16185924712907
13604428095715
11686267358944
5785404712550
20407175461072
7257395642355
1204531327908
9930769831151
14439419195205
15474481926384
17643205105444
14213442761690
19166226858211
1151899827920
2034069666843
5971889001135
1069365926102
7098736561096
10631392897394
17115998594351
18551812587057
20779156586929
13274445713944
14551628539083
2216943120503
3700844732100
14127439616746
13598030885006
13641177485569
11838712181948
4094443939014
13470594118322
16381197948831
6202183201315
11938002999495
19974312935089
10178461337217
19382682177185
13015885985300
9755439561650
14470584840105
12347808809577
57642530225
9608548925816
1135937190921
11654565941437
14910613335577
6311557571159
8485088472597
4190008021305
4858598478909
20031906604269
6065690312588
3896595574601
11725759573217
20649762951096
7853050535482
16163535745059
17761922962109
20197635798217
3096642885880
4351096970187
17897715877813
13497415050928
11896510341557
5979605999296
15901631044194
11767945558306
14303806432296
5646137579190
12893927951253
2155897796684
12216871653234
6164338775502
18016574481621
16623457326807
19269182805204
4450646191399
13496946731387
4537376699137
12228030310519
12227344097279
10744839480854
17615487219809
6097947237188
10771049054311
3923658164102
10247212968900
10179056910554
151774636948
3919396026761
8560214573388
13258670246029
20001565494660
2899448300098
1037502736629
4207601909599
17439810762826
16521825660326
5504757789214
10201160579117
210925258159
1362350331562
5894215844294
3251552501895
2157677490173
10183508862075
4388095739758
12365700564695
15278529539422
4867197990793
10937301708253
2171127228913
6155106050756
19563500778105
6889032970052
3490776001954
5183243482576
6877230828393
16977131401781
12764538996508
1475657909265
19454146818376
13720403013809
1384486835938
704043471703
3405082451815
12652858261864
13480038672329
3745449838279
15162918409128
10051147588440
5753881286282
5648220551512
8621187720121
16287440551446
13664300757843
2426637738115
13117261407523
4761444002783
19527581405920
19721306038878
9162347112798
17965854977179
8772231642688
18445575654247
19351691929529
8731552662491
7423036725090
9620250433813
7450022628566
3572889053788
18709359240318
14297146293951
5275590517114
17530005502875
3476670563971
6351611250592
4214576849945
8167152256944
3342142373504
13606608254950
10243801707329
6247028796844
20420877544489
8657076486974
20780069665057
11949607407621
13860411586881
12207877350862
3249513726948
10094600747215
11312307338672
13238437671728
6474737895092
17954904399278
492753346577
4416082553666
10887042730257
534901536502
9571113726405
10713226384161
1707790143684
2126126823833
17593705566730
1980087661266
15584836171100
16144493392362
9949081000560
1320203559109
16338042036389
18944964734237
8327446185094
18885151850085
15893796643630
1954679165575
5324889136132
13737467355752
4824315401884
12095613832412
20350523724003
17139007432548
2133260811023
6753113269012
19712243011663
3997025379256
14201827991612
10738179091153
1179516826445
3671630065049
16571994646977
20922352494278
2207000137498
3332482640375
6515261182637
2199417717001
19231413456987
4226870628009
20755357049978
5269710047944
4839533246377
848658432916
12319566597073
3704507004711
1292002094887
4599714046106
13881540015190
11442002472089
15459073836471
15578301553616
9948867748831
11159666908390
19907606551484
13675578597566
218384621663
19626517954641
710727181111
3771962540202
15879868822306
7205720358209
7566946403649
16034151417532
6240750036666
2986273836105
1176842413026
19041014571164
15701827403237
12820535110335
176039104195
2187579382980
15596147770632
7794059063483
4955157111689
12352693615423
1257029160804
20528747725200
8102105674778
11222959893882
9665260690919
11399085260358
7675251273346
16828286140884
9882753948568
5840053192608
13279157739777
17024441090564
18499532672535
20607776847524
10409125627985
17077166384194
20607447317451
4700737061982
10212362132802
9387723516764
5048466930190
20665487953937
19414617377378
9696782617891
8945872466571
14260459174826
9115707389806
9759829646356
16440947154137
220430973566
15256998213523
11208205520054
18729820035003
9579350347717
2149185092497
19454443186530
5846438090408
10554871469315
6599218534165
8834106868139
14704364122044
8189954827130
18704326801830
1908312465177
200481174205
12832043320266
20082487499242
6301391093382
5112133914993
18025162368835
17460794490422
12614732627505
20321860842929
8499646024102
10941676888639
7860424001686
860829981365
559475951365
16011272946934
817500888934
7190967875301
11802060547802
12948563349244
20853289310367
3044112064172
1896348879071
17580698022317
18270584708907
19534924834363
1293146068406
9518373655727
17247961312824
6152814142541
1453498468221
1884279814758
1071079911024
10255088127070
757792575329
13084641462578
11994225916278
3395676859599
12075404959227
15877649676719
17780696425553
18666757263872
17675807926141
892650497605
1104519571630
6119664715171
18771990033563
2762544809313
16930763849397
1977261480315
15171040956072
8734071244007
18494087465640
10260579925460
10995101937556
16841552303360
6893275199588
311092268953
6308020628071
1171792882834
11625261994506
7783597833323
20300944058863
3794504084622
9832500220282
252284427334
6187885545576
10245111513882
19109381228680
8999377298654
14214211704764
15231641267714
2495678279860
13986602501831
15233325185627
10128998204799
13091098053309
16970235514857
5052733196032
9360352700225
14535593238505
1907391106960
9466163203077
9676000033759
10153282631333
12432034332554
8897310845586
15308307265940
14345232165158
8001264639793
12050809870384
10630743402950
20151011520232
1804773751804
16237018270153
17325983302082
3126043386865
7015887090380
10410029148110
18514913125468
13572804340350
13700677230286
1288376877967
19625754048945
16689208108431
11293208356938
14315682981201
16438378258935
5267610249771
4851149300190
10295383949730
2750553465826
77555030858
4319395637162
20090296073111
3158284892543
6222200128120
19865318529094
16078123302043
7828086289517
3069796839535
3125929780148
19792189543142
19389597146996
19961683734428
12365821773752
19211796907908
3397786567411
7603743810390
1612421708472
12840363176298
12446374772519
19299485056179
792817640478
15326496609441
14624946444182
5797610797820
7967389764739
2680233343645
995702358275
8171908626660
1934533678614
5117410354389
10259891804197
3934921263717
2323293300216
16785853774920
4092423772420
8237220495162
3383207694987
9784560132806
17373118808411
1553798635894
2467505037603
4326250936414
15377149086026
12134799787161
20228344970549
5334261525049
8530485320264
20475674931136
752796308103
21028594248785
6936959154294
19296992424850
14069539851923
19334372430010
14513446862356
19437521667487
16407728236137
19516356691885
4974360031685
4523488720747
7832639727585
9695035080179
18520166100345
18485380291138
16142554706136
4355272630551
20576179794019
17251726536861
5422552118230
5761058991810
4323661921622
265864066407
20652335638499
402836778130
17329173101129
12832679382500
2992617539689
15471330992488
15158214051442
15457329747795
20432228642471
1938590489294
4128657260078
12773847718624
17031905014789
4637153273823
19546724780263
2403372279523
3280795857440
6728303744072
11730295890473
332221868593
16883128067717
1857051195704
4899220767648
2174980105063
13645767839197
13244355384490
19105501654886
12140907698321
17659894822701
8145778038819
1091341938213
13134589574926
17261287358485
7960564606508
791857015379
348163653829
18721390149400
11598697373593
305783157222
10236792064743
9442046369602
7761394149357
14465199436175
5998286203207
11090159237539
9033453116646
4741229498557
5424543773455
16400613665432
10060075574708
14873221157561
13329550764747
116467573208
18137659637524
78268720590
12227784737361
9463528403750
12732685210468
16563057439395
12678282623243
17867359852983
15414961252983
19983938617315
1210975916936
20732194884380
4010443882725
20176481780107
7685073495681
11519335283070
8077635061089
2522550865554
886795887479
12972965439158
9482568019734
12265836268668
3099305680926
10051371859378
1480843036424
8931103226115
3636604044955
8696767536914
20015432874685
11069746188383
8381057226042
6838347167642
5019680686087
4199697507614
9632489452464
18928394180814
7029419265185
15769013427932
15763297204155
7872674453711
4056488210457
1712426048728
15013729262992
14300878405752
11213436008016
117295866866
4048519663451
4486720484702
19426107553772
20291375498987
5844656984413
12663574192516
12901188132730
665876818943
4470162078600
18763782336676
2091319768858
6052389504230
6667349812061
14438297621338
5714266885570
12095972159623
16188988484114
13342615117938
3796294826320
11574512390844
16460095189511
6764221052881
19855079099575
5817670186071
19487909486084
5506965589836
3327228911368
1140895016877
9873701498332
4206158091653
5069522812287
17013615099237
4337386527172
11284580970069
16686849936993
12031512460531
10190806715385
19551844906906
19876770139781
14647443644584
145604862282
3443870499391
16312224792178
4062479011041
9105022834302
20604338063489
6967425773164
11195338450525
17353601317155
2156921487081
20413641351108
8740246346289
8873296636126
15478264874239
17677614590720
19812580666148
4790589135117
11409560603423
13165303990386
11923884239489
19796994943495
9066577441371
18130686744775
14817480737223
7135479216728
4718220912385
1919753978577
9203511651441
8022595843055
16928246151596
8661549681916
17150643372108
8466182472059
2129073548784
12013883200034
6084363691134
10460520089848
2714484251237
16991154407292
20462841312603
15461439985712
3114043378317
7788800884566
9828962874321
94219496105
18789437139271
3783833485729
3795287591310
6242526356956
9105534837311
3253582614149
7834288350253
4823746602831
1616434983738
15244907002730
14391402081127
20375352839133
1409951054205
11414490641082
4909214880890
13669312464868
15182496154548
6517910416134
18224042004849
18439070880874
10560682467007
11869643250244
7109583705869
15681569841997
11371429629324
1707306375792
20167086610923
647494965816
7599371887200
7004449208423
15580399629189
16234836156010
668840750209
19876842979559
11318548624233
15311770594784
1799846186334
12982711866262
8903590541691
7403239046358
1848013283176
18211697493320
10018753764288
18339051695204
6643636026798
16537924537198
2659933764927
20437237495782
15150455912480
19812004064036
18162131720314
19574698375140
7566958082601
9790678483601
15937272557060
5581186078677
20643481230767
9119322920506
11907129944920
18389719709380
19228900106026
13514120931951
1674539499686
16001049761983
9845700231797
3396671493816
13568253985605
10562943862011
19857500903672
18336214264848
5093771557659
7880760724750
16932898888387
270722903822
18759235820310
10968934080369
2354416686077
3714503996094
8328201793197
12832704848318
7473229371669
2266141327714
7754548000994
10275332081622
995063388755
9758807656207
17542629563371
11942933488924
69833892026
9692693098025
19405896660122
18640808847470
3227309296802
15069496939411
10762178967798
8274247153831
15774763756615
9187512013620
17430107029176
12946083246193
13354494465483
39538674704
18951720643164
11326582321053
6665974764925
20055236678864
18198400469684
9527008771512
12786247397833
10011133400036
16112096588912
5024363343161
18682379985718
10752901595292
14537785752079
20982791472040
15779104384593
14587536279406
17357681490682
10075569294867
3010592384499
13051282077357
7380841909094
14800360335091
3330077173298
1795634139949
8197621351162
9260227785444
3733982695634
5179023974352
17842558855712
19712035615646
8194717068896
11502612876227
684509472684
15093290042790
4189706517884
12261864461948
6421309296377
10997391930922
17857504347139
2555770934021
8799473668066
6924226050530
2663355452084
4733054334051
11550145394353
13710540996306
13983086422815
5692207467811
5103128658704
18530849444351
8825292133867
18269916670573
3495823643145
6943454488586
11615996710992
18837122785247
12083461935056
12256971536042
1284091808422
2552710703371
15712558939098
10339381332374
7823542259995
12386828871096
60489962901
8879508314887
15668524703347
8180642574685
17908925990669
20074990607084
12926709334300
19175314620795
5613575452814
17865965335860
744371475636
6685647835714
18969382099181
16515550059942
5344625781416
10401157551142
7500885387134
6222148780954
6603815052706
997523979015
19729251174053
1282408155331
13506358473765
11720192810862
8670068710780
2036376994484
2008459059439
13777493293614
3058314262937
4670520581500
7896820047588
4148976202928
12234882352516
13347679340042
4858171129515
2591425275130
5439412913527
16149437814008
773780190674
4443126639279
19432916644003
6656815975352
14396882221498
13939519487081
14930573287290
18542735443001
20508124923273
5832300888262
9974653252549
17526498097891
7738181563533
14208077210709
19832350169864
538509222716
2377001270519
13909621798427
14122008046079
16073716786079
19603841407525
7780912943927
3036235376260
18813096284792
14790936488381
11978211468574
483519007918
7237427513758
19188049306009
6958075508831
11574406283226
10381309832400
5685577295474
16616373014992
2729322078879
367407474899
3025640831632
5769951852608
10141339382920
17752491473492
7963948140022
347010961423
11988380071545
4991118908674
19935261933882
604544716629
2613572076457
7516622204788
5732029497891
16255281939421
17006667100492
10148653270099
16826461383895
2136005401705
1068228215023
18361195461346
16337620193094
19732690205594
13032163681433
15425255590983
12742320247575
4305738873755
8861713429976
8161037263809
11727503492281
16406789649779
3258602875327
10947068446085
19839195499254
6977702708787
9189977089918
9226535394742
7319387440901
2287984351533
4965933426565
16197728646112
10962657825599
19434550481382
7292671343205
8217458882726
9619940580333
12887891435895
14776767724096
10364456063061
6083759743185
7852221297801
2795563520695
14619176829851
902588957725
1229237038971
1249759797314
8988347163905
5342627973153
6912535354230
14908196379819
11662101420889
11879942513741
10016072080728
5196979447136
1646501082172
5852940192402
11585058989701
11764852021201
5183377678003
13590115899920
8714664056949
8659373579097
4661249162144
2939471968225
901574599779
19219799305349
1634042612391
9031029431688
3042979028172
12762332930541
4896615748437
7784494631463
13518976006824
5395091104470
19499223915810
20876621678321
8566785369016
9128960679708
15085382131042
12936569387352
14072155704638
12589177310490
2950948301933
16840479447535
11626074898806
15709394526915
18892573780294
851161603531
5561904209022
14789444331241
12689863388319
9585516063501
11369518753769
4912701410909
19145786801165
11626739565890
6821082758661
5168924606137
19008038928479
8721499965623
3939612983859
17952437933825
20304249754906
12935487013384
8940672643581
9411798277913
11771537741875
9994099747618
10125786806320
10022523265074
19562409588605
11704771510199
1351452858160
12120001417997
10569333042647
3831386972579
10870759501630
2697201267274
2819220196497
5909323060937
13177329208248
3643826085387
16450697441068
12071678498482
488959197945
4688711124739
13610627907802
10595230432487
20505638047100
2613177351457
1204056657440
14617553127458
17504348694050
20906537562812
7685527915477
15812879970641
400075160873
6185859529007
13094014589073
2849273405036
3959906089947
19122684854460
9241410067872
16067797250106
16517585611151
171865209635
9171915723797
5346420952803
3500169794183
19421407468319
15201003032903
19364500372576
12925555943252
3658250501712
3683410911160
8880773079266
20367525522832
19233187774964
15552911111643
5649981829919
942190213682
2291145971722
9304369724872
19652407999633
15374173193193
14380399284127
6875126817805
1348120007331
4841691187314
15853729795747
2136959022207
11076890812074
9220395088817
15073169605322
756367857869
5300959774753
20084096939037
7565310495200
13854777371691
1456691757656
16195688983549
1637455115364
1956135190370
11713385237259
14603600739290
4391357948303
10271036305115
17555385203671
1992796958328
3129298563642
4444325228372
20864322330422
4662136772250
10534261409098
17750930567569
7568075832134
17773329539920
16086310650895
4772135450109
14367560711598
1738006882739
20231120332319
11951705585069
15665598895778
10495114891989
5179045130504
15205630956313
15160311611018
1505242212488
16203611237285
3858381964742
13515751082066
13760819572920
7474352851122
14891930517184
9476963377043
14833579398394
248506470246
5109027494959
14415258351358
6011903791082
3441072153707
12752351042778
18077462950082
287406004745
3329776698591
3794418990501
16267471043731
18587083347003
13389419608262
16661982401498
12981633100303
2915748836446
17477074014540
6997570906929
15984910318816
9381431171815
5315141235627
2400787187284
5937074998157
4011670386849
16313461659395
9806502987735
17561111218439
15886144392816
2601586263713
2972880628479
10786599215034
10627230510052
1091441248453
7145251569493
858146303984
15580336474513
17086434119027
9847795454081
12623194887068
18755660194631
7187348728940
11258917845461
4047997387022
6931638355410
1234052003998
14883930620913
20939331565160
9540929705794
210381829773
3662482969435
21027106812909
17890719723696
12808023613610
9969186685779
16699086988710
5189039370292
7034753126926
20588074942030
12135809464882
9665214182868
3794981892742
12087610599600
6100725109806
17212960237759
20050746899541
18460788272532
203593982782
4812447915754
3111586806367
12742359394235
11473343006647
4703730973812
15004593748107
6396425854479
19797755581315
20655323394977
856742436319
10382094696320
1312741598553
8779790551603
19865832417962
11956337602534
17228325492039
7369877070155
2991592399783
15777399778866
3250425425769
8149858439577
10964408299092
9835423580483
19684656763530
8597390522836
4351291840314
8342266420558
11835613356494
12000036225603
5737144259426
3193003235510
9439850388615
7234561316652
20630304011455
8472573562737
6932923366364
4670352104592
30854312301
14446637622774
17095180761742
3975159894631
14717265631188
7808565750457
4049218513705
16502914361017
12489856107469
12837057691107
8251234786834
2898893880873
4825042387923
14908223795874
106756789602
15494282123845
19694964720864
6761353349150
867119439917
9640173886723
3100353865623
19948031709923
1660630569808
11937199009992
353212887584
9089326839090
13603216049429
18995526685783
19109058501709
5773324582610
9164614332556
18035397735239
8203517741786
12873189350314
12813771740804
3436684471268
18314619672240
13879260402368
970094465187
9804102826553
14075637913522
20705027664574
9888194834730
9318985207614
18797744088978
20344199172643
20706628030386
5826245251191
12610550500352
6989912913437
9182920788849
5681301263910
7045001907252
1789503705287
19360924569016
20943260524770
3832186027323
7505148006670
13477316465012
9979538913337
12395724734229
8569127911084
14469614239669
3668632355364
3123410049583
17173360250485
7100097487451
8657090711486
1686759833260
14058038168917
3561618966134
20246640392470
13083760380488
3754454343351
19438123892378
1833064619966
3017231674585
4470280936511
5025106460719
17103055827606
11932935916902
8981128295476
2527952313345
6066476311483
2624188898316
968124547361
20995056251041
3844771587279
18501283721420
9874325143544
13421182387653
2683873453235
1961749394218
12314489691420
16561848348262
11335078498700
12271205473394
15513962052506
3707727428814
8350770991589
17957834448043
17641690192656
16390468545873
11049071816171
13759543619283
13634303238483
17376645350518
9683208306089
15958353760635
11400759907968
7849455524044
20962143236242
7673662795468
621788983701
1461196112158
5031489437278
6107859747859
3454346097312
15467330174591
4280990471859
12488383815882
9379399006334
6310592153477
3887418220779
11508948666451
3906883528021
5881867912596
16772458938240
3685423224859
19024339660538
1850658550940
9492115232111
16750378576964
6752623830799
12502808420187
9212513563676
2090604210150
6001945649275
18518660846659
1745244882976
11256417076504
11370075407191
14381495186058
9266819062839
2671865343139
19064407838190
16149896972757
11076981123663
4969455239398
3643970226635
20511860062225
4083090290501
14395434825486
3358103339736
5092468301483
6155303305743
8576384820598
17922853911290
12195247403167
10996740041496
17750553167608
11305003531267
8908178886821
9363010341095
8205005688263
9736622819686
14529969079884
19821318669305
10360768986156
11596460470226
6476381564085
18673248866992
5739570469745
4528326420304
19888063738176
20640986468954
12942209998227
9092240241817
20335977903386
6707489141149
5862217240355
8525159951755
6170772140782
5867138717856
13309108322014
14216956456456
1310456373279
18098710387221
13172605672983
4795193694402
16191960860750
5497379169261
16659626151046
12023083932086
11595509936978
20487784566605
16335711184371
14345379853842
6307752077715
5412951107520
8076572686575
5987726474908
14588974837491
10574829627178
1729158003547
10424597671863
13861806797322
2939809864864
13474086857239
9266108941794
13067607839635
5980390484841
6452487932844
17475278282000
908308327259
9200848679097
15647668908183
1002733903749
5677508326279
12783433233431
6213813952273
16267673196995
2747018818509
19706437436304
13962193749382
5038507192489
2543525386329
2830335951558
8346059599525
14037441369254
19478735673670
16341932996104
12312343634927
1157091579999
19687840697309
11942067914141
6181879068201
5672413225841
10265499619052
16695517355859
11486572369519
17253976644902
12555464887868
15150177870006
10445798310752
13151160264400
3868976276843
14774714968833
14958761492414
19819465384834
9118476249007
16698021545841
10127012667789
8883886695189
10868845234252
18762876381691
9779647427012
10865374444581
11011434258113
16910287413917
16091489773656
17770539958372
19180907797355
18966046674266
8029488460726
11516826366301
4145367030768
17822191510144
16227282874504
878433074174
7319443892620
1991859801973
4920360619744
4432604325062
13830517884136
599413243986
11999569777593
17519532519902
5299540780522
11773907667532
12488346271640
18034387502687
12382082184119
2769425727432
10646082582580
5106362234987
1503585029560
10355544627407
21015259119570
6935643267944
4044411154047
7141785540304
1530935044599
15110233452180
10164042088478
530914266627
1676834339515
12143919462289
10575603242029
7959449821031
13855884389901
2056912133811
7563900209515
15322642265421
19092883024479
13437613025748
5342091098730
15300933532952
20425900892378
16589923896450
7496626599450
4203675477800
18067852403057
20032503082484
15056545738985
13388058540288
9938061219955
9352932995735
15278178374906
9169534483755
16846335967758
9560689042529
5225564743416
8409562010417
3611526726661
14149847220268
4972642602326
5740246989803
18875704955984
14906527480654
3618181491753
5922964613265
4868808014724
932191157421
12116608823982
6977015026559
3641990988962
18981311281020
6711641290955
18251956895937
3411730698790
20112164782037
4367535637393
15918449625394
13583578962800
18076242312362
16638465253720
7779883917501
4421983662872
14367777261623
15984815520548
1529535699717
19386857204899
7740577424239
17404805987170
20506121444000
6200532281124
388818841012
10053243372799
2153705422114
12612311814036
17711907530212
17159288265954
15228526671653
15263558912096
3641811499074
8644311727597
12876147492588
17480902842352
1551252376801
19173510337500
2838900174903
12989120355484
10759120336449
11268737397642
19343314820572
19983704397803
15843809247456
4043407473478
19273892730461
13655746167051
10085953642418
16803594914839
10051802433505
5286204140434
15495343320317
3088884211796
4409228673400
17762260622914
19800178720089
15768045920519
9221941656529
8760407358723
16012667491633
19119064161936
9782633280525
3546120815758
10619867469578
9424509642520
5169184500987
726699940107
4178035052758
2261817849122
4255031170928
9621360469177
16097349099060
18363413999917
6774233406032
6099220312140
17090660723125
1480118093390
5881639595288
1248010044892
15884195392705
249802790499
13403872214616
7930563654458
13065178635763
14285647668643
20109924452184
4698820938360
11491883705488
10156431012800
12298657533378
9966775293061
13360871454345
4528451083652
9252911434391
6323025529462
8359570213373
6557839661908
8818081651462
12298301492419
425353830264
5310475561329
18899093684063
3212353166454
2761211391911
3315118303117
964678424255
9666959361645
11194496913613
18940906018825
4396590204826
11507411201330
13521956451065
5049512101819
14456008473088
11289328193772
11641611115321
4833825247730
11246827064041
9688032228568
20335872029202
7339086296510
11842857138219
11290445831148
5277686116511
4572460406234
3074089295391
9599389171758
20659966793343
5479052656444
16893495407435
6654820928102
2760831537526
239713211789
18160945157569
17905556517635
8629620009515
15855729453439
9239811014880
1780451803153
15970901360255
1574094729526
1253177587546
16728189538213
1216574244624
12597857906726
10521838692373
8784180496573
9097083920157
4708542075894
19503280450207
3043104849363
20026978025280
277801236779
11964836317604
18846862664569
10264539093956
13980652546681
7887146534793
11849757878736
16008663907374
5681096917918
19275925567353
16178984588787
1589096826206
9205031754681
17578058120710
13453019397535
9781871383041
10066827850685
14630788366420
8317410101654
4808594554061
3409527410395
12339840469947
7082377001797
13608370079127
14056125405823
17047937434709
1679806494884
4637773666095
9759917462176
4978872309452
5379388799737
11492653557196
17412185290229
9852897301572
16028336567231
10209593079512
7265530314586
7908367964464
2339087692379
2980745141823
11692712806447
16048899719833
3292817765761
3378966286022
7453487168772
11348937802238
12646961788512
3938479854512
17216539527091
5234744609182
9318382693773
11036982750011
9947946092773
19406352965504
13252043961990
19505612656681
15639281203516
8362863074100
17442921990002
16457533479826
8340037338464
1208686251753
381846142464
8407906609720
8290104664183
4781723412679
14028278810540
20155077787444
5385038271576
4135284661471
16846031153701
17604526971915
2754499232197
15327596189456
4906816069669
3306581857319
1001212574445
14298901758489
18980428207717
19984796492656
15423316579653
17624990817365
16233006028279
15602789008902
14570179898268
10865844406305
20017644265108
2459201037338
6724004931384
9184520866741
18888489462613
17272112150609
5506021552182
17737475093085
875717053329
15034352564928
15656324116070
19672187387055
6185218910146
16043703330641
12390728880142
737096193575
2544500508015
16127543195349
2789278644178
5395793681639
12618986614002
8547585178917
11561932508675
18007422441370
15399913314498
1373647037585
20646045477435
2179997343698
2341451027623
18000263310342
18818265677552
12068610309125
13626473891106
16414563562214
9774702111794
6395660457397
486052512988
20861120652507
16942127169267
14040889450263
16809217274028
5594466896562
3680537067796
10609420732192
16002904777141
16100995141795
17149415193733
9715469774866
17992965093971
7879686872342
18823065114631
7374846995493
16754916724986
14002306563292
993759763292
12152801671327
17879741388738
19354648982488
7942825272335
3890809065606
1734538765752
4185615804098
7243569146699
7737613058254
6485039561364
8092555333500
1015481122530
18605940140034
13139955346708
10530843330360
9065533501595
11993322308611
19248216258096
19857788178497
18750834315557
5476427738057
16090416748042
20113484877901
2023220498814
12777173830509
14052504929508
12327277935809
17582218120893
13103413121633
20679251830904
9074425101997
17685735387781
5670834264806
7083211375973
1781968541096
16773307699234
5741509151931
3095484848235
13723857746832
3575507799438
8054132316008
720640483609
12983297365975
13859759955413
17024417294279
390750368703
5595745827086
18175989005391
490037732619
20283352539535
20588169322828
16255361963982
4639405449189
20845986931276
4678227466832
4263649940336
13972023528411
7455789638400
1352903570405
15785271857887
4943986316383
7727195956945
8959219093395
3452359631406
13991398556320
1046097772228
3427693338617
17485004131441
4605390973395
18733987566143
17426865716769
6532193899588
10785367741010
2777755087293
14887456892659
16058022666159
18112528345558
2686924866003
2248948390010
7549127394663
17649465485840
17682049342918
4367142535170
7859248226988
15920361982462
8574755669619
11389624491218
8094638790621
16168548632158
4963480556056
16361229365419
10974806411443
17687320901867
1024353766822
4971608252365
10204078412893
19446662220527
8282538951418
8613250597779
17630820220774
14817201122082
4083233111488
4286606951142
4400017290809
12409790997024
4774110482607
13755357548875
2181162228270
13015403871000
17710579708024
19987830933119
11629455606171
15099612198181
6605922508165
1539016184254
6591054384515
1942484001819
2454340038817
13862181800595
787935825725
18622519708535
11924812030646
14008453266198
2282197875475
11351241735104
11502799366303
1341520538240
17028270452608
8164806064153
2506556497754
893549816890
16193823717331
12378082997936
15667918347244
2441394896227
2395992601480
5772645631274
17950686660697
10465068412323
2543193950274
16785841392889
9932067085678
1692087884910
14157325941575
13537321082626
19182949396140
19067953781509
15252844907330
12850715773045
2403849848172
3354185378846
2836820268191
16913231657659
269554015705
4687895661594
16795337208751
8582431987667
11533052049097
12428568750005
13585032842502
21005575702060
13055968177042
13171565316174
11222790434067
19690272044703
14072898389591
6358566676486
17196071364772
2988045611390
17398121508378
10103748233470
10997856699771
17028317062788
15686376587473
20422334820034
6611608897231
5649508313305
9196183497603
20422506533073
1477106460406
16680467424745
2973926778055
990397107793
6429976924188
17376934637158
3750464751973
13500582570510
2803196168887
16833291272455
20474713009240
11673690991005
1204441796181
12215176256737
11737474904341
359180329850
1697473823097
9808063679807
18324050489071
17622829258562
16668719929647
675147339556
11956337202041
16843030605376
3168599843345
5856275605683
122710338710
12067217498901
3492627459169
20803338666749
21031869646715
5043101317241
3056926919122
8660321750288
5304383351279
4285887507728
6534667894357
2666418612656
14155944171563
10208875624308
15652640250329
18662703738493
5386989474126
2347246023692
9861543845225
12183890409590
15484773284894
1381618941730
9778618177349
20905648825629
890079315461
4639037305236
17484459512154
3331339993264
19215054528450
8501534160948
14433919245595
11307107428503
7163647673060
18254610702006
16370212318190
1237158748373
4236925338610
10511347640071
16503984483074
5534243348480
16031104706957
5058521974817
12822649689010
9001590491725
12805398885826
15863993180164
8239170342760
474814793726
3567243275103
10794517037810
19450191892924
14959122425326
18880403693215
13570754979568
11864541592245
20148343574240
9014016335065
11354049994809
450748844828
8964886344714
8340312329970
1770047920811
5727036310379
5903439641488
15158364434144
21038788684475
1622256229614
10582412882444
9884520653072
2474352621279
17059165785005
6608608630304
19533081386365
18890998221424
20584499069016
5357775934760
16386042286361
2986426945533
528650345290
4100058092979
7315593313055
4724274867978
1625562946731
20454840739810
1566116811854
12447581229026
11431132869119
9901880418270
5844439749477
18150652217849
1001419554709
13267513938258
9270844003342
7919417202362
7087865233705
20302854391636
6074989840503
20108511761725
20359207123235
3805180667206
14095881551408
16386455492911
10749206036793
15226559871331
19707781214509
110151069043
17037760362664
9770563739956
6556288127439
1683851577858
12311933085081
4303991599508
8432575875239
3320767182297
12260316390630
20252070249081
18025310719786
3012307991786
1625142081405
17363764462157
14435872306622
13295880852635
3827297901269
4154916885372
3276035566658
7050841299135
16829047997787
15102226913757
14014883597723
16470491409835
14404184702703
10766971361043
16116231742579
20544239396519
7338869978379
2844708088389
5831295794004
16158833101329
21018677457285
14969351895432
5169607320021
6144377172441
20437668784600
11749151116077
5173637660827
11303482757843
7834516652990
10109546383420
20323542065425
17600749485299
17338270844471
16542103256274
3627898855461
7182629544933
19382255304038
16338777291027
13353542587251
2219268918888
20382926220447
6601680446320
10796077142805
19203363022300
11078506202931
3259924191848
12066367150094
7509301508809
4740806731336
16196719372082
16235097489644
3482249951395
5982230756576
15683400746434
14236973413878
7899212221267
9072593711856
10060585054139
8232301345129
15564204690041
490368345146
8270994685616
11080581787712
10384237376380
14719233535653
6837986184133
1437989946762
2179156185297
13011227716569
14945199566228
110693641745
20047769028703
16938720347194
9862003470656
9724546962139
157508285881
1424652452935
16765270697225
20866270007263
5440512043624
3524002511704
15969678665781
7201316267032
9255264769253
17128173867731
7446912405919
353114943928
20058749917318
13414867226098
6469781811490
3536758765821
6944405868181
4148094284274
11891881729173
1795585467483
6322287178665
8258017015884
6756259566565
17377560108607
2858191262376
16542483116130
15277726166358
19647361455989
14000367593308
9629499666083
6021494292484
16415891532829
16490527674664
3858369276644
730388712294
912839636799
3280720739677
234521534378
18137434846155
18700472026896
1858700598894
15693426467692
3057356194079
865069063947
15073103173226
1242041777724
12086436943675
18398790392072
2073700457553
13892072140069
6569872545589
11498768649676
5613139745613
14622669307549
11167271607148
13363905719477
2634140511534
2692108509926
1646067176245
12637456431088
18821758344839
1728670372946
1677401525866
18331125694888
13605757890149
6462208861470
19179114763990
18039816155160
5806788069386
17111579715134
14729891717433
2276045539783
13691813869304
16618627619871
3451186961806
4811514262556
7813873968618
13791566412740
10964045764780
7286377756936
18667264218288
694681354706
5763732733817
20719737940836
9489369774992
20774236356037
7976796293256
3717385500959
5397891607557
17174311162320
18765415223017
2111325093317
96529687223
19233580362062
17539165582321
16815693449702
2867883410518
15009982169955
14319504041402
4247881311859
3557582737639
16153607403705
1123164687400
4935330448457
20615931259645
9536608045547
14006808127606
11994621929545
2838769521295
19095847065743
10292501755548
137152837186
595373199313
10610263725129
2174714470242
3080101017901
8134644532235
16494408124232
1214750409619
14899754284734
7000525033747
19698818861732
14463965544416
12462630259227
1290122906815
16886670936829
3604184188137
16444107476420
14086232014022
5546788090462
20946505882159
16668411082602
18704730391109
19470416240657
17144922495449
17011420675995
6022300150081
1904995062511
13484060140368
19723472538529
5872604023483
2035010629959
16344084831700
17339477037315
12942951721507
17772324452000
7437306768635
748054025144
12653017688954
5431820944809
17421249195707
3385072041204
17926578532161
1618752063693
6501032825967
3964074635602
18909669877748
20409702293211
4945328319981
11313214295276
9799086314234
9405527804254
2358566237963
10410741008914
8051046655797
1510450458347
2957413757455
4874822285960
4238500164583
19772220826243
10307843294163
17944799940609
10924524810111
3992860115999
5048984328907
19615644064994
9080140297743
50790548339
6128699039352
8522452664796
5939270426851
1035518835575
15319453396883
17586210845866
439912224477
7408133415630
19404644448293
808034385967
6796048491342
80036909818
2288710878306
1342206185962
1785936688464
8022533843576
15596315215948
8544021081142
4294148103337
7352759368650
3694162226619
18261491096443
19637461934685
1876391187339
14555626773176
15171834661030
18920532463444
2172660883452
16574342893412
2592214003199
1141969929635
9750331949234
13423239585826
4147766891117
20091828853710
6845170576087
16566692422176
250495765189
138683219648
5418887444769
6986661311828
7681391151814
7754951113900
6128677998540
5492229512513
16245734818778
13003398965909
12594264148090
4916776131242
2544080014667
7715201181591
8373169138411
14837659727669
16952100000723
5318230281320
18288018589031
3677796849361
16754536543110
7079777218450
9701962933220
5303905899944
20714722719731
14003301107297
2591369013020
3457250766915
16835571776031
9266113345321
20674730243872
18898549803710
17533899706138
20396897053945
2747012274179
511469013371
17805784072877
7482435137426
526762600465
19419923985985
18849712033840
18634852441912
7329734286515
7632296364021
1822204072957
5434040735897
3471736456365
14714053366342
17173177479181
19696452428638
5438423571699
5851294457257
5741081765520
11079375104849
7084141671356
1331988268027
14407071015437
7992156342415
3714702081178
20178346475756
18999360749814
2862342712969
14957087653970
1054669569034
13979304895491
6634439126952
20185622436367
11751468996232
15490882197566
19624265313198
10458112506113
932419691747
5920903484076
13096279686274
8696563823958
10778327506963
17398884542735
2649195411628
13853951558458
1168776154071
16276777703957
11716910067161
9949956257740
17909362349402
8408487733193
425532257159
4082575669915
14364370609571
15474856340655
14345419378557
6979979602001
15425155318704
14006888938900
16831495659183
17478320958747
11068831527488
18130864697323
10754550564993
9663867845676
8742023998311
8453419101729
8099256154822
6123401202892
18471199302519
3342939551288
17007653629391
9471051444965
12440469334627
6411250722423
1251515311980
14669142008705
20106189320526
4288968951057
18386145388096
4868122560901
4979226283117
2770636635304
3339424523262
4854375867264
16671982555147
4653451200483
18268486802217
3734020350729
12501942822094
11186240743844
16382030940418
5663119595802
14050346107903
5757966328249
320640162830
14204582860031
11101731351633
19219451636701
14226789079649
6693388579433
2402139226247
16699633177890
19261363267376
13579268136998
5622727906441
14148065867738
12301520139687
12366663107692
5602023392466
11903296087248
5291273447281
1606111605384
18650154069539
3345101127667
128900656216
4425108798449
4988615252808
19165303441964
5002289946040
17626677852234
6283516710663
4841899114463
10753616525379
2971945880019
19374505735847
14008693557953
2307789580520
16159233611426
17952643610402
11267074833890
14337332647110
3579231883905
11622733604238
16197900571159
3167209655627
20487057748746
11131932889457
11509732476281
3643087771182
10231365959551
732323456538
11090059368096
360719395312
20097092338849
9086777552626
2764215763183
2784214372464
15080967319582
15152664680534
20653704849752
19347769267151
20578510234659
16369019545440
4478577155125
9930474480940
8091606640640
19239352701552
12556885326777
9576372438458
9264874358722
2962367491601
11764448490958
11119481487460
19913108679186
13544931594211
13038512126241
14376298509775
5113351713513
11072262090767
8188125249259
19628793822691
20653602979016
5433671016285
17921679502403
5101929547810
152436988698
15304654528185
8397379518587
17008873168563
13887386123709
8822727849042
4314039446199
9672205804136
12155361107112
16895755194476
7620323337165
18771329540146
17817072910096
1885052882638
6582617910022
2718367086027
19666244730091
16496961944175
7922563813568
1105725530280
17426973696556
7106482674401
13716390945221
13686879018866
17172870581992
11395111884289
12788479081917
1264091132767
3224294105754
14805092222404
14633300107484
10168265166290
18066962108376
20328799655093
17490372605275
10894812654438
12960909499953
14673201939489
15718556181771
7115147505196
884014398184
5183060822555
3605344429722
13174376944127
13264621911254
12573291532341
8993234013597
17708096555268
14144857029976
13090189690786
1685980413832
8011296801872
12213261455437
11672214948142
756264955719
2460630838661
19181936167794
8931526154788
12297043834231
20581865126563
10646613014997
5002633036949
2601250618073
6641196346912
18220267277493
16606398459905
646049745327
6837363440254
2203981201203
15994841934838
20939035541940
2778067764511
10686211650391
8657999957983
1765611774360
14192157905151
18581270051596
18251101439637
2134197721538
12486843302488
2123691741430
14454933418801
17393112854129
1926991149604
13785066359960
8173906288812
673755022509
20236801468200
6629344835479
16740855163922
1855391695630
10378182188566
2969499292428
2279292305510
11912757457868
15377729569836
10778365728027
13977781623670
10325889697351
1803458229035
14598259612113
1583737762553
7832209401661
1190976684551
661890835593
17438391446221
18412046390205
18997843059549
15223310659946
13776663236995
18870226824345
9160857798328
6283987014299
11246852996168
4611685703837
10554374245095
2046449786287
16431717795572
3131644727020
17044908349312
9604508365303
2860905304071
5149274153924
2290002169978
6729477912806
10019047392706
16837750599536
18729240319207
989633829035
19188501346762
4012032968246
20445149420004
8158253388480
18591498358370
8510011022953
2097202156309
3588341082991
8794117274108
5312253099802
2128185592545
3591229750225
15969441354317
8574342713571
15241023410992
19208190696409
3752090472524
14382420506970
6398159849082
12326460857269
17189106477652
17022215288180
2832100831991
7031423416993
8734575140786
13195651703063
16070689531784
19521196637155
1924542511580
16101480725661
17496792013826
20974428945699
3355962143976
18645016119399
18976370118493
10566980090648
1888500528323
9209278025469
15658344149065
3778318008157
15736989908175
9618795022042
20737771778367
12808720795266
15218782447481
9942294615899
5088612803529
20089620558170
17908180084110
2515388221748
17146322283463
4673037574827
6401362544235
13332385791502
606152668744
17378790221095
10150227247568
7486485203670
5868589240634
2785489216641
14840123062946
16491706770710
14263183448630
2065018276861
5879067954893
11642750273524
20635686921027
11281937563542
11642273629128
10480454093307
2492157415747
14689353492506
12306995413208
11526368446647
16770906098672
20180463117811
13789957168368
5926506844550
4682518359975
1435474642495
13651637043243
6022222013397
6787795115834
17529854130563
12862787673534
12091623598532
6926640388236
11177190079606
8199871814836
13703179802987
17032857791308
248173792774
7073514910166
3384247450656
15657881938925
11860419512779
13606581665481
19088721008686
760127822147
7853090646714
1062730353226
741354794364
4078463294597
8601581841147
13150517542884
4058987405498
19331179728649
17756388186850
2764223178653
5849661353973
13428719175418
20769265169678
11856604323182
17843415094409
18561481023314
7602545598399
14559010464825
18082884471168
6107220585754
9843105776722
11425141687225
804448203866
448707568877
8324701690436
10913653866530
11375105210265
4888220486852
11251565933011
9901356232143
6043385158839
2305082261254
19552246381356
15390743916585
10233784713138
18143657373710
17345101731061
8350010417756
5110355420456
819961813758
19761229759804
17854948010557
6992456099080
19343647453333
20815400801804
4938418947772
19312495759976
13557416921188
14415042040210
7458689609124
19608061464596
14079284748796
10551032182610
2835392789625
2853566258085
19233947519946
14067944147833
15379640987076
5525351522387
204801651915
12235242787239
16424920487114
17510523335733
11215606638806
8227013775345
39808336048
17011453824439
20685510800381
3605744539756
8747286720035
3699675763667
18315554981933
13321829032456
12520056166113
7571094132084
17565775439983
4784350043889
11511712539173
12127084964514
1010328482396
18191227849716
19181877338205
3579699731586
4048646288084
13050870160881
8973980074990
15699321035723
12117142895364
12608975535384
4608021021720
5501464746726
16955733376966
20313782973442
9933062411548
19544760209891
17010300306340
1560570698664
2754024409526
4899524884913
13454309095281
18688935414959
2238876289659
731473792363
5313234645895
9990961203688
10912764719081
11802528755367
20855410466862
1626980925296
16645917168437
1114761776160
1254322457706
2168104039922
2362209600657
4300446388931
17919248532060
512708979666
3284912662732
19528825204873
15054671134675
6112781335517
18390889485256
13547930294886
4556633861003
904787204366
9430886884027
12829437681111
15186048438139
18102854719194
945559176364
16617100419283
13559545442898
3965333991917
10858854209264
13768757437087
7229811441078
12396283233441
13743533900996
899688841560
18340730217594
10625798445939
15110404392837
15051719071555
15321208298689
3854106060081
9397172838036
20519940014896
561168087571
3186907159186
11257325057911
12373249296522
6782969777083
14755155773673
15103190647371
16735298139350
19056641190274
20035127041537
10170506358741
16748935042248
9448732588020
9112638072611
1518170894125
19979400802728
18102123665213
11481415994766
4825079508060
8531527259833
6787742041958
17516341720758
2350185096451
19605744906526
12866491661096
17548525232626
10886978405442
11258732550762
7963023156035
19731563594223
633712674015
4040544920619
8094831240734
16293904408534
13295924184223
5082416393559
1559944905177
13723955608253
13987674660608
2559080216272
11793132556790
6224037668275
5749149269236
20320640010580
18770370966151
1872236956908
8444311826116
19889173604636
15421989883931
17469171424746
7861400597812
14852774533519
2514269503979
20224275678541
14013244905918
17363748249151
7354925202766
14729730583875
16436286125853
10964855687555
15138627352458
17105947230342
12553916936137
2789505039776
15465003494744
2603945262324
4233963471012
7680946988145
9020198725739
1701804566651
11252316264830
17456701945967
12251226848809
7913818590144
13971606023228
10505648454452
11308223654346
1903046725185
15019216267963
15421186404133
12512010883115
10759306272898
10375931819734
4605648654208
16069760758760
8631507261806
17567202522133
13752517638861
16073050124341
13306798107939
12539893546059
11916404884554
7659922066121
14568736646092
6858805726169
4118085974685
15699511122814
10305345891507
13179702615171
9267757218803
15102740408515
18851955966411
11622150105599
7851546556109
2247083550010
16008150663257
4407954351638
2249021900484
2061528404612
6421572728985
6664681755645
1423494755185
16700118600194
8452144160328
1720692075384
7906182195285
1698323308740
5585021719039
967123136403
5697671111391
1437471343903
1850862703254
9980513500609
20904099010131
10092868638825
4000530958007
17473385639863
2760266268837
18684491843142
11256089219953
16899301578769
14138157474680
72057769692
1657334522165
16864747144582
4099623341018
11094783058232
10973361152172
8266008080584
7678877371085
12717027073571
1057839739582
9445478935276
5387911037823
15943972914620
16243824648868
20341439501435
12884325094164
12721456077204
19484766791205
10233587915324
5761867849731
7527204226612
728131319354
3680675532850
18211999969623
9639236288515
9541147481828
14507595286492
5514700535866
8667136172541
19539141008135
9423258196645
18177121350461
1093221606540
16662297160372
6819147610502
13283787698095
15345943868780
3876943030986
12793328029903
7693854762395
7664905717561
11573806059357
10811897122441
20719822097524
11170551293434
15761847503033
14768285117869
10356047324494
2910389688463
12655295013865
293286774876
14915978868147
19065554374627
3731862248117
19254993266674
8490618494871
4255482583352
5815742667576
13975562945072
16372385634671
16302419770070
10206155586797
13214142194577
19046783870565
11873726968484
4988773013966
726166854880
20767014851214
5823711063780
4283468239258
6109130818459
19011441389306
9012185170527
13496350645464
981785237577
11954456087829
5514101612099
10965192875305
15328713378790
18246047983436
14398759573025
10724284037027
20874199937431
7924122780016
5322560132509
7095995762403
13799589369138
1684110882592
17123786222826
17933638039379
35689124931
6999323001172
19924622058547
8392737502570
18420415887597
19571241875823
14461402701977
2206232821922
901262400429
13762857973430
9468256763575
6854021916032
16687742150574
6943310692052
18930355886936
9313892186959
20352695345968
11183472995101
2848656775096
6466285723964
265249828553
17796459597130
11777895336181
9966686192395
2388329010359
13840607252067
4367368575410
5034122420169
15247760757327
18981828542893
20952523959755
18004540977899
11159646464217
14252429520589
4073161226684
7252033675961
18382676776313
17145030643198
12217931231364
17796376225805
8113756852408
10453414018198
1664795439077
6700776568026
18776549236771
20723338349921
17057338087319
2689752973378
10160867197200
8496717557423
8812258798769
15824323308579
18969025927497
18703806631997
14487006893534
12569749776726
9443131151376
1541440592333
13814986617448
1209164532016
51306292843
5968970839357
10854764187835
4164151910806
14496927552394
15659671381386
17122624199166
7771187309944
3855330407866
13814728014243
17314144413719
5805900754042
16946073953622
20800762120764
17611080579814
16222654708625
2568135331051
6725953858348
11721320097425
395162736074
6890391550378
20287075915008
3320431084277
17909622267284
14839491216550
13765278874762
1335075205354
151561695357
4892895859521
11176191839414
3137632843674
2583545058589
2781066843346
11134357165900
8279263927732
7958550852424
5607221666981
9650018134728
17262798136777
9825073481611
15089454569324
11655085222745
113905708271
5321278717641
4475287283165
11410819535391
20435645090344
14609637514645
11837423554883
1593762586336
13621743756617
398817106793
4578413010077
15512239693298
21026639288485
17233149678786
15580045554742
6076967605078
3605121812620
9403278199300
12610360551668
12085303817007
3708003112628
6592521497464
10930934901095
2893467178423
6345814669347
10942651689980
4676628037914
17346220537228
10134145151400
16897341914509
2342209063367
5052496618517
7860997449939
19185264348327
9977783141359
10282001764711
14216201394340
887791596261
7150337174447
2214575366809
12535395727993
14093718990302
16531249656271
10042862199891
20595393420487
2568108165285
17747875236503
848137306071
14224604001554
14938645795296
4301199589876
5133303397731
17256634780565
3401712778949
1062504162079
6699530811622
12426809021004
5340742517970
11096877364032
18230577609144
12619765823717
19727387209442
10996174525312
15001764919334
6791417780303
14278328388965
14710961931771
5341133063764
2458929572083
1348558434863
5048522191263
11892871892894
20900223829937
10798574416856
11840748149949
5506291181957
2854001313241
11588497042889
4673471056773
567407573844
11730855040457
18153877481608
9176566157216
16604324978903
20773902023198
20464146573845
4305787663332
7981341670680
6137198307824
530737811041
16315125291496
12549868076431
17611819059308
7849159285693
6843033561147
1332729362238
15518888318943
8535821260708
17370517046046
7648859263963
9098104055159
3971369851068
141762501281
8118598801531
8581583887814
8350057890013
13694784513108
19315860798147
8231358173426
12611796142600
1443647969936
5715956641663
7202788393244
8305022497069
6529306510767
19458998886745
2652947195235
3010357747015
8488116701784
3515132148299
12607399513708
12825313012441
3706507734624
19541463922031
19295087608973
18588445483101
16312418118268
16839841817702
19081601733692
16141598698626
9788290977548
19063735785311
13493933064721
7796231954705
107091392143
17321649894047
1132059814174
18551006722944
16220043645728
1634887486183
938381362100
11824381313540
17069328269793
7513375654046
27833637177
5159818232514
1635443801648
2354305290171
17630034128189
18891020338362
14103820846822
2909771941734
20335821659404
7689029568243
1076529133393
621428848435
16621378944068
1177849134588
17373805505397
15046935423877
4198091823499
14386721149641
2166415987077
11232212517921
16140671371125
12963936292042
19608716847652
10427287969582
16753436882542
10985358503843
6341809969932
10409459564042
652406095379
9608728752930
729944361548
3769776873420
5805783380751
10437569642613
5320532360761
15841032641747
5681604374668
18633424633352
10915497615863
2801187820362
20044186019115
2615938422351
15495266704381
8289840467391
14363436927626
1539209414299
19754561630256
6861302283878
11029342500036
19528551862437
12822971570507
12612587351334
13513295375192
8247136626171
10602955813982
10698113396796
21037168862508
13502400077669
4628744356117
5185367603263
7193507140076
6688542029881
13974078736121
18547279131961
13792338181358
9974340819645
7885419233181
6007100929688
2265225346747
19613118958756
19806755446661
150085776588
14776419478211
20222763938965
10118936186510
4899306062287
12573900545858
13353588441790
14801889013929
12327453590169
10710735456446
15684184266550
13687925788249
9267680324946
16990855841364
16043815050834
2958821004373
14903233141919
14376850245739
2171074089775
5416682105194
3780097235743
635206383309
15591191970502
12040529097090
5354293017009
17920577744409
14911688368599
15296988330178
1525121273307
13938064858238
16712204661803
16939952205060
14889168203908
13255721507363
2213998448909
20268224687296
17559612116860
18221865693695
13228870264433
3237391736596
4783694761844
15767852189180
16669209113601
16972718381896
3323334643240
19707096233316
19822823111157
5846241735061
18815723619578
18243228357767
8705446797697
19983337769935
17443655125191
17915433849337
523331779884
947858807806
9192257268526
15832690816681
8691999764819
13582532415895
3439910164308
10255325578142
9210335095940
20510149329548
137711770898
13937956460217
14377385959523
2099835228217
10744566695467
10464854765959
6352124490729
12200612943228
534008982195
9632400086492
16343581756639
11156065154028
8076887263174
4845686198589
18921175205017
9069886100251
999729742235
4718327630930
12403345091508
20173050488563
1541157300276
6689196102612
977131097237
17483440208854
14127742135010
5863949883579
1039089085415
11559463691323
7405027506170
14845099546366
12357054699100
9152777809862
15355912213803
9398695977611
8244338771556
5766538072404
11984838924911
9680762523618
11803146991087
19283035350301
6575097075769
16405209109494
12762154722222
10812868391325
4637561141749
15275942524698
3395976701503
1474736245046
3632599546122
7534636173178
2698399113761
6282735944472
14008739111261
10043851765801
5299488157776
68409454044
14955741705933
3634383222524
7746846364126
11411941015910
13571199047745
7692418424861
8369863009518
5194976253733
2351169176985
11959167212232
9548404589423
20783985138500
11123676126150
17839412390957
1289618062564
6659165901991
16032819478607
2158777873188
612981937327
14682271122197
13789064758461
19482833891026
6535167284775
10242131040263
1519020817173
5531833910848
2065931009421
12849834506797
12656065044667
18971310177720
18671722758512
18184336608638
18549065513605
3551835455630
16336724475486
6068068370400
13255340616804
3375031267107
7030538807161
14766759468879
9944458699186
1089547635196
10066582715153
10226006736854
116195212744
16145717818068
16635550793115
20564821924138
19367013391368
11874792056069
17420980642190
9361676966549
19459176600039
11833974917905
15193859478944
2709121124085
13398602106054
19919846906973
8608673481149
4139225474885
70696330208
3854961640851
6581433243263
5271241941919
18078175490741
10590243619769
8902975069888
13047767039027
11543326215087
20618539204969
1665916926230
14024726611224
1126869729690
2673719519562
13392906419683
17302313533918
9516620152946
559399815178
20805157911592
15504012088529
14884141833987
5584477362337
3900812594930
8465999406810
5142143576808
17709432724186
17738648946942
18190959335832
2215377822438
6602952424286
18099383641357
17423896887021
3423409860728
18822472069950
2327161828115
18632642121482
1925436780845
5437134264868
8931312244768
8185132669164
4936462420639
15554504847031
9231103425321
10642865397586
3924005927196
11853491750498
20654399325793
19694947253864
5395023053242
19382422051115
2105913809420
8418269371552
10392848897528
7657311072374
2691409915815
20716130054655
20001048314249
927997822613
4391325338799
19358908637096
3409584469420
3401281892596
931378871269
8152420100239
7675843025820
17796115032235
11042000076345
3278178350184
7325227475836
12309160506514
10017952220230
871755786089
19929378463675
3814364409568
10713747887112
2311843371911
2924438383441
1004225738555
15107827482352
5135756891112
6621447829918
8671788391325
2880925584705
18337997194535
14750423849389
14340461582074
14513865470416
2463329757269
14275885371532
10422363735972
1209747593338
15866168325106
12558116036432
2207166848206
1228661068857
12147293903203
20471592244357
6532385903769
7896447474549
12601040211022
2323076787331
20296222962341
4279620713974
664745281880
4811780197537
19200044321647
3242913226774
545079859707
3391251937850
16730861130497
16725249837111
8623655586056
702429042230
10060102129182
21015948217585
19692035068992
20054994432249
1854983553259
6302361089749
18043342320910
14877263734025
11734918566377
20939447249417
16851646903689
8614650557897
438445812972
11388508252318
900839715729
10019758912864
9223710228331
16716818174313
11232303920572
1152242880140
4727580291737
19904447091350
13255677068170
12225442538000
16697960624168
6832185505898
11077831519092
8514113860054
13339195707835
19329722955233
13578058426408
7638535196954
13382528406406
1311155226840
2465430784182
12707235613042
12143658766909
7592828932112
8057683777746
8339596282518
11912559719802
10209772728820
9818332957427
16061997683923
10934494749915
16262323094402
13866769411782
14908514012948
10502210996794
15445881324884
8605248416147
1989299377859
1749637527502
8395103916505
2967037668561
19685335274285
18375018065383
19037764998395
20652310880374
5013695909582
1426910354808
9220359868281
20722840424178
11499339955550
14022056484141
3104092481554
4139632976596
9678481636817
1097551686185
14240840624928
1223062139129
4462649413100
3520450349043
18549139835930
10222637523234
9537047921673
12851246426992
6866133592727
7527302547587
10483438540796
5719150468196
19255821858873
13867648753613
3195824927824
14422783899615
7913069755872
3731164258720
20719583458825
964537912385
10696020269902
6626242211551
14600930110321
134185673649
18864961949747
10781349923262
15344055907911
3229405188752
11686027761476
3485379065153
9230447325986
705154226789
13168756235709
3104387793503
12482811057184
7023385496487
20857721970793
14955248854167
17818523081758
7542964601175
2486225713495
10442807442372
3603427336356
13453045110098
7445277610249
16203451215436
18007731048337
18488155515621
20717370453667
3980011210635
889668411137
15359284240936
11574399514532
1874441461274
2941723865498
4886229054748
3867968663337
2214173993358
12729376538771
9442895057525
20478751121108
16006410578253
15721526152792
15221192450790
6653444540989
6042893457872
14193688389944
14588172487686
20946039193984
16996520989528
5876644902545
19140934262704
9887074261807
7178426803001
20929236192964
8067118942882
1371323141112
7888829876530
820277020261
1980545235508
5105467932226
7092277946749
19031925333646
20972323085173
3060239103308
972698753378
1230896559178
1842372812474
6225719199952
6114615411043
1267316317058
10321243641737
9857039046406
17491993810985
20776341943734
19426571264484
1576125315860
5043348839957
6877317355361
4816672511763
268897505817
9938253949325
3365154686008
20901631205204
1036443403687
8060194726551
9544880683761
7098384391201
16364546811899
1666061411424
10989673803316
9649600064804
14880198785609
1667667283996
5507346963555
17403748591944
1971418841173
16237419065693
2466391931738
14004738250325
9961588151627
7185013647730
3559134168132
8438206530208
13440156457862
7773802692341
8903595173074
963721195532
20095608103117
6201406762062
19464060911990
13814854913490
7772206711302
12431998545232
15239631339204
741662084056
16387079252187
9374114669406
13293562978429
42069613745
10257755517344
16713259846519
21028050520928
8583491946860
8314571585776
19765604467663
4902117516524
3288119598491
15889119731840
13147968109000
5482345885434
537119570572
18590797210409
4923778035499
13829617047895
11221483440606
8774187332793
10841420040155
9145436223991
14682638675099
14081884954165
15716329132806
5452049431492
1130599085321
5636532554963
3768473891984
6091602770512
17004505558071
12528998689026
9498329344617
12484196757636
13337621009031
11929893565904
10452146943114
15689708814849
14624919710938
11849515411274
18502923498629
10920054506740
2975067034409
10594301889498
14693544377890
12234576318412
18147513120749
2062094990842
7530149186377
14418292913044
653598744790
19720066598558
6850173817584
20258696483926
1826796499427
19803055407861
6285820631337
11542829606925
8788425555525
12194071164392
3645833592133
10963563688291
7396622040951
16366467441689
13980647884775
12103302589937
1279470217439
5277411206691
2153399543107
2968374972280
17111131570448
17128444916918
15637347561071
299188495822
19819644836811
11588261621915
13734655181478
14646558598054
10585220773173
12379368222082
16352834833700
14194298376937
17271638687631
18609699628874
10602994712469
5771613129596
12925518495068
14818062447280
2912416034682
13294776521185
15075745253724
2274100783817
15436649681325
18869582050428
13769907397890
17959649732523
2864455620871
11717937328857
5485075083890
5981102142887
6185736190698
7843126101657
12019553633816
14225670304910
19147650773251
196506861580
20668766933914
3877613004713
11252991594096
6193914137919
6200431713767
2997260576387
10825149659139
9532336413479
16112304399050
11521303623663
14762418424093
7010226112749
14287323609326
18222074199521
9036618936496
18255684405053
8798780645123
9887418621275
8385649566873
8184335879888
1333695766176
4673421664193
2238950202164
8082697963229
2049118427803
13152593716192
9986194922267
18362508935061
18371739825313
12804404060264
614180607535
33471321050
2865784297133
7525480109131
6034119654112
2276986960572
749182139418
9703874585873
7765198319007
10533921030226
14410527109093
5458830647535
7026124983564
20465820196602
6328535704701
10156119800884
1291181316136
20147459040720
14023727668232
7869543033348
10721887591328
19453572176924
16232961339682
9178646938867
3209934337089
14885454179529
5080286965412
8885777693354
12419434995648
9694537573480
6495443754999
14790650015553
9503406289422
16185638058987
6413957550304
16302406805192
3588756418277
17342405901731
1049909952396
10748698291153
6218138570842
6729885954589
1475598501584
11285956126
4736937491910
14550799181455
16339852259950
2079133542241
10773131932865
4886860188733
8154652609394
16293118704779
14453137483293
96135354000
4237267156464
2366114904349
4977551583926
7655074948634
8423522371337
13501637782245
728264232298
49060780270
7499575688709
3413258923852
130011236898
9245177735507
14618477273783
16785780897973
18323513343991
5051952283849
15506264953410
6333807399936
1164178898125
16588815798240
7872618023528
10898111206467
10110644196964
5982167683409
15132286086744
16251330033858
14116468443444
4719671597461
7787202745424
6304292960457
14568262370646
8211609240919
12225168821882
13311036915078
20928139335430
2992473773923
18351778915043
7865317582022
8452824792545
1730247816607
14922066982157
3416612950187
19974558349979
15782868767103
19189134582535
8547699719297
17517580543414
11225757417375
7157645390549
3627567030592
13167908300885
17943535481672
5147854398991
19037269366209
17717640892895
8462024875977
3059425255586
5298996230971
9818150166886
10539417680622
19911661863878
19125046482090
18952229875906
1119052265325
8174658583696
7602689042660
7017186004862
18194045974987
14106381449016
20560436318809
19506810810594
16036007763396
7853127000763
8899224831985
3838141359400
5266294870208
16874884678958
15339171008315
19084219804007
4286358048147
9662523629349
12079458844742
14754170341382
5161344176617
16980118116934
19338019045966
4766982562225
18988095519067
3111989518017
3095055901564
10518563772742
10397638406512
14100647628842
378026180300
7837673708715
1954406322598
12508006719670
15761095670385
8662739431985
14471304486231
16493603206392
8044525079371
55835369631
2798210351055
8525953223686
8401488682251
5221166092850
14886440830341
14334482612691
1359112636970
87674161573
8037695840889
17559412869175
3565993386562
6116681954681
14661754903268
420850522954
4144005568143
4172766606779
20057956349378
19910466348059
5849832310334
8483861602033
1021527266789
11484574051232
8174752763327
19513769108238
2075780532561
912575239671
15415349114707
6375888226242
13624566253885
6332010176073
6988785172814
13121401462024
10234463935408
6850857563031
3193280226886
2429033680122
20456837816475
19612506638459
6500226345865
5196028846197
11596609589534
3758069206657
18216328452035
12744130501402
18441890707260
11388573100307
8874031598014
762107349166
9517375481498
12862552634589
8194917562115
5502111989883
9075341984520
14625097579034
14010299645337
16054492934326
11017882021719
17318346462023
12573150758687
9988878083645
12908561862891
2981817293617
17692832773675
10528047915583
1985526913959
2512224490201
15323681630598
7107134621429
4104868770140
14568414021939
20772254403605
1447788834989
20538757448583
16718017970231
7531390526551
441842312914
1238908595655
107418591101
6112676899638
15677211189305
7095004376771
6762336147740
856997859870
19132519825861
4461152455206
20039768612184
19070633634013
17380060890556
625454847093
4726265822690
439360822974
13670925973361
6178858989178
15559988159536
8754788765573
4441461258571
267475041021
671696253509
17273786593971
6938145363727
14908304024748
7133431679306
14613950970051
6373308762958
3389656567700
8567429314918
19863776347581
3289803709224
10231303763358
18502712555386
15222887871125
17963629276773
13788602431214
16691217498701
16564159768540
19002094552311
1261357315244
1459267778416
12119727956332
3665569088224
1808497711507
7398184409870
17324125641490
16557746916989
20828914754811
14078596030206
8315035779440
20162486403764
7170788173949
10736623965892
11205294329858
16226721373546
6777838150336
318736382394
20813224237201
4423049648712
12429573791424
8212236848604
8424651882002
5969781532840
17877470483891
15847539201488
16487410844890
4280717138498
11224652052977
13135205965468
13681020858268
14042601026064
5123075312214
18603560427640
2364045247360
733539937928
19175542871759
5711019580994
4430385894819
19657388131453
14671012204374
19301351736590
10601316396338
20371238243588
13030798929013
4568704915840
16802128546454
20543267395985
10758691389614
17710290361019
16939099931780
18126405073234
10435684648211
10486272083920
15604768919080
4800481379810
20108530694391
8772173448023
18383233264900
14528945844192
587161744741
8757680896162
16861644752618
3692573000658
11558618193744
7289575289249
9262522203260
10312519795075
11043435991920
14465193473102
3651977867703
16672372616055
3103087810485
2774285275232
16203728696811
3088682582442
21031936596692
20174872287566
17625117614412
20157466595885
11086159533182
6510514584958
18931177395433
3081173113408
9438953940801
17292944447095
127569740401
17035262218689
13544145211782
6537074085319
15591553478274
16555981713419
19804209726010
732176549712
6968620330216
9768119538330
7475122813361
7202087660419
16569832480341
19769750902734
641784106965
13212502630286
20683403219753
7166534390661
7291907367837
3348895855106
5043046322732
15511432582044
3447050524269
16666525509361
5776389658460
7124485278966
7982180893188
7266421529343
15701789054058
3637485504271
2806186408224
18196248618894
6674001866119
5088349988444
20602970490098
14774996418027
3220834747554
13744952237083
8272302459981
2219231040759
15536195260342
4029076520780
5552016796932
19425477634554
7234510132344
7892268610904
2527527954315
5039991465059
4236533022387
19631849466486
12768626173334
9329929436049
12389462222978
10354455455806
4767024953957
9314446524465
15448180188019
17077596857839
655903431295
20753923262100
10049799674901
5971867426611
11192803405568
11055356991837
9032419284105
12339787043359
16679254667051
8960080400268
20235273532441
2266609415095
5062675748079
1015085238118
15347644957306
15326842390550
10775025468863
19819404212858
16428204287158
1357946870426
10356346596129
20192619263611
13359352458480
14651744847444
9971875627802
3548182698936
619075685871
11265653804358
1570853897709
17236850295048
5499258653414
14101624331913
5675550660017
13969705422122
16189156443299
16526247223990
14935214894671
2905098708824
15701620786554
14677400946072
4017655891380
12002978422878
17749457811268
11587628326203
17549248650054
1085362651680
6467649887989
8980029375438
5626285133926
3146939237112
8189968076482
2102971216730
19889004132187
1706378382365
14760594029693
20360199181844
6549888216456
16859532227074
4803482879380
3869666340306
13447982564587
8531231909666
9737370733964
4477185825867
7597833184830
20041269054775
1442633157398
1836403758167
18741748875748
18240272854825
3015119513591
1407003528637
3376058798074
1693877331436
12183646409201
18442225782547
3280463336869
12527933448148
1496173102443
6937755239523
1348996548537
19769272088367
6388487462218
9824657727510
9441757099070
2766907591884
11218072310126
17364361698012
9270480732702
10042687102007
19560432895088
16872424642031
13098061631268
4902400439184
3771952812337
18468259071112
10505925585702
5058692329048
18478989655334
13440733555203
1875521873916
3954680574851
4290718364786
7346083664860
4827869017803
11234696030387
19444154275303
20541695339427
4988245624546
17910803520744
15371498587615
9576183202128
11420240167408
16350519598137
4823754214069
20807254770578
13753933052853
20169555872935
12394480655744
16955234216596
19848797427282
12097937274391
7385649829391
7889644727323
15169287088293
13391701688611
15575818117036
8757971851286
59675488272
3380498874494
17874223085717
14000267636438
20354501962053
11790274853055
14373474745869
9154383682698
20380498796706
19265955755195
19018749989902
16366331983157
13183171974507
20375352681503
9929229615047
6237920674445
11904868188140
9965225179265
7756269556364
18279651435142
2780142816957
486962761879
8148956608405
17702859567736
185611801924
17732362022692
10579211135179
5169806258669
3026451698305
6664853244872
9777228880469
3996664821459
18587955126329
11089709695876
4533668883489
14382006317965
11865837956929
2236662717731
15289393813651
20339689987947
9264523771210
3704023166620
9209814201700
14472349721036
20530814397624
14581003565802
5551786703562
3510223068549
14967161931648
334672571963
5477979794188
14602767644677
12026061204851
3423415303359
7660438162993
20905729692559
689517161737
13341687157849
14740676019167
14515253518115
19971371334805
1373753729489
10354708264338
2268300669914
6818393344451
8139423541240
20509953748157
19954730397094
10781667406798
11053457392882
6788558203975
5072806974982
795575963598
2064974480235
10252584592468
6157859792495
20137200744237
7477614496264
1546090397073
17953181368291
11058504123821
11908760239879
19474424472962
15197047198157
9899994481139
11490718464174
6010712235671
1399081389640
7400516199439
8415216506720
9091837356040
16636425007603
20559371394667
15175638044651
9180293073020
682922758827
11726594852574
20082557371284
16432632748988
4597458656791
9176774982087
15202580906943
51371325862
5268913569550
20042342376316
8543436681825
19755047095866
14236781435369
20212097528063
1319620898793
9539163124671
13895073982634
442144082829
7660387120659
1146658979675
575123832717
20419282340683
15615743614619
3183376587029
18932758922811
15571714548821
2052985948691
1674263669472
13975712223165
4090285160856
1976450875779
15979781364329
4549133830411
9662122581925
12812752571996
2448793494496
11761209992002
3306211610146
11098537745996
283005341970
5543641656061
3428685541949
1263151135481
8597723646012
2323346104790
20863293814584
19908178204773
13249169870681
17027457786053
3296435621049
10719426224012
10710253952597
4380480736327
458043262722
6588297050282
18977724864845
9755703443450
8283045391134
13195878563338
13535247024942
20195008435819
18938841113610
20604901948709
20894609378604
16523653122524
3310495204289
18656308435659
8304597565466
6607942140012
19044784403726
13335979205573
18624096459603
10007632683152
4169565344261
16990774553564
652617047832
16011557430962
366898586352
8547066864897
17446180750404
18364931437513
15353572296341
13011454982682
6558167368721
17551168572096
15031798354546
14206490299310
10408995762054
6483937588214
12840292374466
7267316434972
4062273524969
20525610061394
16460808668861
15371403212361
20043236945937
5982884328746
13253564835572
10417443225859
18892338742053
9006688817267
1240073473080
14426613289428
15970909051
2215446389542
12413974405924
12116453714422
13363291996249
19305723616696
4825987201533
4769694304707
11271230943192
17269786093345
4182287648500
19681472749141
15953539284612
11914294392245
4889838686138
20363069544096
16803627995585
4590420206335
3829160010507
11805054505914
20667505312077
293069795707
3624091390193
8387905679026
19592737627120
15630604368086
2954884411712
3499794127125
16888247910931
13139532395765
11080112861972
4239834093572
7150614905162
1587802950989
6428087731285
14741088309601
16191925008568
547988678295
3440245749896
1947076388231
14846387462330
16866784375473
1103786223369
20415306899474
18495594631554
587114099799
6166726711507
20676589369399
19533411335383
13140588914352
4150886548075
19495815128722
9763294842894
5609302760521
12525954936999
17501664359227
15154980585373
952639770421
15470576937609
7218598369293
4113801458486
2033066501151
6374905405976
17870843317863
3045548991016
10387446623508
16601623528642
18631692683523
2213077392657
3609637774377
17659354494654
14707266153158
12875545843121
563953988027
9659029171779
6650830987295
18594522157119
19124814508460
8399105929840
18590498049418
17700486518105
18252216217037
6958098023533
9867239697087
12298133438036
8475953308893
5351217720303
19884385249067
2822767728129
1718597045421
17890716941084
711024549741
17343738157750
221342504739
14274213015542
15695356528229
3301313894390
7197902433290
8089322085530
2559952403367
4819920903259
1755943770682
13941121218607
9844832131960
12204417976841
1334024796647
18725348460986
13648886645951
19127328904849
12777396422248
16613930135717
5632464440961
6311805393810
5205974752232
14518613922656
16349144475880
16769367473145
15755232243796
2765739422549
10636331042888
5327167001687
12831785084070
12854793112634
9080259310257
8000960585602
4045359986465
14097007081645
4023635442577
4337895116559
10265118433834
17580804312805
11910168559498
4768262600799
6014897816323
18055256459440
13605124847008
6113239414371
9187293645635
113389122842
18397381563508
6094950514927
861703414033
5576111561703
16217409752875
20616912148087
5015163547398
3685181048006
3599393943438
8704611097684
16335594324538
16697475293854
5603545878319
2750237319484
2184570348521
5853308904292
5854404930130
10292673278046
2051909041624
5550429233552
3908115481887
9623398939506
16604511507374
7082946695889
7664825976391
13863123925566
13590794616227
21017676493723
15253028457408
7180765233771
14745720878318
7599552758544
2971149568189
20684821206773
3492753354252
19156773022356
8856306688553
12229781021851
9840504368533
4902890036766
2110000583211
10940278189962
20739785839403
15494081787165
10520817616554
16798053319004
10217260295668
4241999748470
7475884514583
19148890592069
14525624485033
1268730845504
12670140453094
15955963538366
9239263814360
8496516844494
17506554975611
2023509664458
4409420801460
1528131321937
20788975231218
1309178484621
962853956717
11555018451523
9998017353783
3380147748931
16152893964853
8779157052388
3372517951630
12252056415748
296693495504
7150424400076
12543143470097
11644601098729
9548177548290
10261412330113
7712015227075
9126078433414
6509734932359
17923664649882
4872483140736
18473121411144
15979039668566
19237674381407
14227031079170
3657943836813
1261305784648
14109325301262
15392522532364
11065494796236
2288627171969
9320196507547
15717630208563
2634480842436
3391061877255
678738459873
10994244009947
29162920974
14189522252168
16513086556956
9457896025133
7778381491581
7316417882872
2911754862069
4227579407072
4671288631943
4410777119988
6980505443576
20355544431289
7666877761758
10812270107354
15492243500526
18091508088953
6472697303930
9575650460665
2742693459070
17522820701862
3650626410120
20956594596495
7907633065347
1220922918520
13524210416232
6147246623887
2677536878596
855038917493
4062370381344
17937002493695
17168312667394
7541880474660
11086318016515
19349359675761
13759206518379
7177325252266
2361577043484
17996991192592
3956767218633
19667163877641
17341596825573
4030802798409
8990996417808
10224558898439
6812037933877
13106163070836
2822904924339
20044579494785
12498034957659
11661651155366
20646710873012
13714795756996
2829724893936
11121061295807
19091270610849
8209135114895
4798004907303
17911056129901
5837386273151
10419534441643
5381248624014
12223425625558
3408731877686
9247407807364
6242604577536
20985079892228
4188546444449
7906182759645
2005340846291
15103928050129
10613749853477
18308461724265
8316541970209
18293984574212
3390691940643
14537668833747
10963536586974
13638241290097
6679938168354
6078770215820
17455165373357
12154472738249
3320160957096
6334427360315
17688839957380
17734585465817
4980941692298
5530766403200
10095036333741
15404629228628
5023032980213
2281789442007
17327814512403
13831481004402
15624874210847
9400735609436
17710918654336
11302674467469
1742235391501
18142775425853
10660572729210
12788799436449
6021056551299
2184150330191
2372390457116
13688767893272
900703111489
15776547250335
17661497432005
16601695071623
2529184830479
18271680239610
12493403474368
20765180081152
14260624744185
3812211274659
20032707185199
7405458247925
16138811649065
14460120134729
5295347376368
11779086330340
16814734501945
18927242265786
19686761621374
4642345148766
9476491997564
17450493057621
5236000725911
8039273551905
4703390738213
2050799070029
9730395513818
8477563685991
12499648831366
9785726963282
14757155699485
7977696992458
12340701236921
177695187065
19247261670544
8092341608979
8857398789657
17615082579187
7096456288715
11868673069448
1864882637337
19051191778318
8168286904724
20369208636684
2527766396366
4868679426614
20733439697431
19539134516127
6791804433014
4700216510316
17957809590235
6889702231644
4383663263103
8606987369603
10881161891662
6106774011806
10513126788330
3867349948967
18228027291627
6274190500828
13198931448894
15817242328705
11649274975950
820455023261
14662448534595
168064960012
3492302530564
11260937622237
10588722176262
5184268929021
16567114755465
3236625715496
6161457887060
19546544287706
19279291964829
5518551240342
13494001124771
15210074689486
9380882847189
1498422058336
170043750570
6014655668907
17647038810199
4444990651890
16393120611741
7627006466624
16558626425818
15588501411815
11792608980113
7258540013840
8081508992072
6060603635007
20743059275752
4164590686676
8000190217986
3014385658521
9298018394347
12364295726066
7953613598600
18290991631262
19157518484618
14448609075827
12489425493904
2719356530009
1014664227998
1627693175696
8723434475049
20178472316753
14715811004063
14077130410780
20588703118720
7021053341455
4950409541622
9306006874299
17308359324783
5801047923606
18926693192057
10043374084078
5992176741140
10822802091747
3160927102190
12969546943265
12240985307218
6776859896786
11225806187477
10169913350000
9571664598462
10827535335832
4199194893144
6793422507159
4038737696094
17189738493808
14576013626939
1503573029929
2051348156713
10779184336412
12442645797107
10189995272942
7535860177520
6550911042932
15636422755175
19874395195282
20028088871353
12538740297100
4114079633782
13461701331848
8782665107142
3001684689320
20379469221127
17123112984143
14777442400957
7910959514739
15689862548275
1176948492695
1792342913131
17720988039948
8929621215353
18035698388644
15977733412613
16509693411401
16599674855971
2063875103648
7142243263813
960892924143
20438305600730
20145239693075
13427708599413
8056010367339
18581327900941
14265790891408
3502279971903
18678922890570
4260025958301
1282020201248
1200789829597
1827575109640
4676722154079
10721715398330
15443455739924
12814877185842
13444514213670
4257131231317
8189550249180
9425892219921
11615230114516
7220409299388
4362027204522
18927412759981
16770399023427
6920082815432
15435511225414
4143713973152
20037782646628
16251240911763
15352805650458
640944896408
11150786745976
18804359811518
6703228246832
16682584817205
7186685187287
14191915202955
12361673164164
2169115659451
11832090951035
6163508047019
19017648606947
592211232961
16788490863722
15220858904832
18919581861943
19440169159719
7174595653159
720551871611
20549931809712
14825494146362
843770723812
20412095400623
10308757587067
12705556532045
20012347614083
19426234111576
5527889622349
6667239921241
8160161886964
5878858065479
12971340604544
2179911619166
3517969118313
19510407642045
18047504203209
14024056963149
10998429172045
9333690112659
11866434873572
986537208470
15667504653303
6480641929567
15590613559021
12360934191315
3140496048459
17708001137619
19606020047440
5741802899209
6529383039766
6925499256466
8726338767407
8215100455262
18315075550845
10113501535464
10916052108490
12874624097443
6379719099366
18804148728874
3321881309105
20925229337394
17827759231945
9364002829036
20706903514960
9563395351651
11061975162135
12344537453767
11823523192210
11203671977370
6398677489709
16982759066035
7743313812714
13497571129067
6484716133329
8780330938268
8954663392803
20011451875300
6269344933236
4917121244947
4421492212296
18899051347845
20931721669159
14669743058715
5937353696699
15418822221006
12162602860657
4010491673143
18702372014143
20000865941459
5914041418345
12255302242290
3333107334885
2795166469775
18500923667703
5441558857114
9591775321161
8706100076406
8698039771437
9501065202815
17514134666576
3346940620602
1103167271459
3199327302665
4023640530854
13832628904383
3646286455993
9932368233841
13583403868889
1090209941473
1676888872131
21017688475890
16102564141686
10158898556631
10279639460276
2148360788116
11376109874156
16535565993387
6426137129381
2388356270772
12175875721102
20549819141058
18069391313756
4584983250372
1527996380463
16244653601707
13609854988444
10950027066183
13490530607332
5713124131503
7498216051961
18433122552357
17425479504202
14893318807437
3249369676697
10997328168945
7114708987770
8962177972736
3553826723770
9368209282105
9444621334893
6252595601243
17952944662848
15476789557732
1182834009760
845351206788
3512067470047
14448717568472
9866669948412
15500568716718
4873282984210
3086078052247
5843488608094
8307610537616
3326477501026
10118963119122
891386716187
14055179765700
13130378361466
19484414764476
12999170293636
3001245027018
1204052420019
14071480314269
9443018991825
4814673314007
8579043333186
16244129837643
5667325043852
1668686445382
2400360207091
14791796854852
17338554296073
4894983753003
6972405521906
16379841669185
20847009865354
13339775373884
20761382247528
6791773160566
18818454915462
16162797568619
925761848787
4187483459599
11569727376584
20374389559500
4640186046848
5512928307132
5850124819509
13739619485929
4120168822489
5809393118215
17568123984114
2407016202724
5930998602891
12056502416001
1640901188630
15376641064928
16420978678990
14804773004539
13577606463761
5739769663576
134826002127
11824384021080
11718496037893
3236351103749
5320347765768
16910871834793
9350827462489
1897436973127
20857544109906
12244222016911
7392708179035
7672843215727
4335009026701
5390600234447
7266438670149
13991494126165
16617486425039
2202699547151
3495212042020
20008465501565
2480568177776
5796812759304
6621431812863
18517041650874
6500556868733
7812225255109
19096737517993
9217498369364
1828070884055
8785655830092
7920145887469
15858119510667
7020218411084
7475131412755
5989686026833
1212162403631
15702334692616
5823536090585
17019412620823
15266330002821
20576628707706
11667451884912
1092338900578
19894687784360
4798644939106
6662053900901
11678016266387
14413850332888
3794818528746
12615389458124
16865571016338
12799697657948
10991985590424
6748937482986
16706351257871
10864828276098
599332032068
2225391821050
17109574684204
435024401701
757298068429
7028523828959
20937134351911
6091271023362
11298913726803
3110169623719
15587733827023
458454968542
13597181233839
19393437008051
11421809844818
15898875378262
5384808630626
14242080945061
16566742670936
18118414828096
16416074172825
19227509240882
17065687393261
5549062977999
7508043694094
17263294920032
15114442575992
17667530506810
6780666412383
4141369915940
1525910355694
9580746782441
13339489402339
12757179672074
6258984322026
17195829732698
2053573979873
11281077194154
10034083954203
3518590299617
19816571410586
5267871520930
4307283287834
2420940538092
14689863701936
17041012402647
7281872281677
4530647678443
12577578006636
15511116854641
8391232610148
5805435867272
12888755395387
16422614123773
16709323192340
393011819873
4104785172244
19925607992659
15562829902861
12747675318683
8268096523648
12437591264805
19353348366785
11888097880476
1428519690042
16548266580371
11048795789584
2695757431721
20097821591028
172972201579
11039940850864
1007285193210
19422587275809
19569964033362
21005224001568
16074546630337
8982855083178
14392482851153
4724753378290
17249594028186
14033405731969
43919324428
10184204199508
8213168976099
1718545231255
1830343032498
9229053865266
11485633827851
8693154930212
12553267914831
8780255225971
16061165175965
16034306662489
10753527123011
956544320827
18354208089113
6416168387281
12450274929333
5942252325780
10231547360554
4008688659110
19237660950687
7355869650124
19365839866753
1569855866533
4588982022909
3933189209445
17368456008762
19875081617054
18728792709681
18335702733538
19202591556268
15854795631408
20477023778973
3450059890687
19666462112113
11295111188507
3044680014759
6754656409541
880507937918
15738346469600
15070197307172
6080381235086
17150003431683
15474613675733
19362659132284
13517549804944
7866981613345
16102835267074
13014712059315
584349567658
4193218727131
8641735807331
20421113120266
18228017248094
17762485546961
10696748476750
10595334465582
14133949204288
2442071238289
5285230859101
14843014115023
7230715056265
9804894777066
2078057595042
8290951466962
7487125953182
15559338710180
11580848521013
14804783444437
7061484878429
18452706340130
1737884603431
10505480244813
20713156745343
19589764010520
11814827399455
17187680947956
8436421435362
9427260005907
649740300881
18930163797070
15390222347487
15486867171130
1708577775851
10704736083824
17265191806391
20417201481278
18335418317260
14852640722305
11478385605694
9512941458298
2805076333804
5993104760469
5694339806908
17136781371622
10444957380979
18047263014666
14390342855017
67069219150
7048207547546
18385948297745
11380386926181
8626250053938
14994637233142
19707729578941
19572462314244
4709984806627
18922321353072
2970874557334
10459812621224
12705282747809
4469153787270
16291559737930
3248298205640
6622012941184
12012302833759
2852322305109
18931991266976
3153704613991
7814344907069
2073397809311
17557695849964
14519516319944
19625278739978
17715067219928
25878422111
912069582279
4635383566200
3089709902567
14557372634591
6246149115242
20371146420476
19912815937387
8317937502754
2805674153425
525209380022
8581110391527
5528787969531
256664525639
19293041407736
19496187075330
19912081134665
3742850528342
1907793261965
20418483029225
3264453144431
19739446032014
10578350036064
16228336612774
4004506889287
3515228912714
15452303945069
21001285177515
5821802413241
1159887879687
4357288046397
16178286059026
15220458705200
151964156788
16411193026242
20786774344032
10000415269751
13731039572981
12365828829067
12798631857941
19313205964391
8431549504070
11366344780428
11947399170400
17943480249948
5575627584772
13144813853814
16264757243864
7265152859869
573458300662
11491124093449
93828005156
7606461057513
10786599736407
1134212212103
3192103552757
18871708475081
16493688034808
20297330324414
20038052687176
8066486284784
19269490897696
18041636580466
13878935270501
3296017512772
14858177215483
6836475609143
20221390797371
13053594696134
7674842026657
5312261820526
18907888744297
2417462066606
11260177374123
361546573000
13478762297016
17656552987126
17005846755096
3178563824007
6078166829290
2883656588805
51569248926
16621799931231
382064777097
12970049161444
10689968279882
16054153182826
5972428494747
1994202049451
5437361661674
11773015878944
13900657411627
15395812537862
13105056033548
911826218087
17221234105053
11505171689075
12169108750879
14253583757954
1043308015037
20864805313269
12384181444950
4502678841778
11679440962549
12355409212255
12141092163208
19044046370645
17536825728859
12382330331404
17190362844476
19143586845600
13314853446031
410534989183
17088564853606
18663197436379
10680881598357
5636666357070
17954069948268
9265746857061
9700564771148
5899038793927
10663705012615
957347279237
13052985654996
13230545526289
14507484124570
4516647356676
6513404515033
3748404000097
3692409444691
6928486043460
9398127215439
2856996487582
7988856818572
9501923559350
18842684086301
5281200241771
8134769682287
16896698885635
2042208673379
15215071861312
3080775289755
4671334149413
2647784479120
20436896781573
2762180464064
12937287217350
20800660222800
11119464524359
20830609619815
3043922855087
678782145384
6856671153052
12929009297717
13971758266202
14009138322782
1885866692267
10280827663438
13150895805550
13355909672795
13697401496190
17163403996160
8331700152956
14508177385118
18788140767211
11559437883532
2777098005266
4683025893186
16876807863016
16355600151754
3934117869844
2651978943705
17410392233155
9172109595616
15351704702278
8033277810434
3783741829129
2634157951179
937645274589
16647667870794
17794638815783
19119832600554
11855365175275
3994978455121
5644295840423
2477585687636
18903251007490
20355136680443
20380004633990
13138969435932
11782685789969
6072477504269
10118398912905
2939253596645
5144888019187
9668494981324
4564292058227
10145741432847
16987513222429
326560842039
19503584239719
11873502324694
2156347490345
20578731512369
9581368085324
17736737316570
2885089862264
3252460968813
15069213682734
18703888182081
11502831555428
13239745992229
1962583572366
13021942039849
3626765631711
16771297936178
17878191368991
18994948117654
17073666080591
12952353165176
1316516230043
12863408935764
5545189641984
6850434016400
17968504483318
6989880281289
2388091258758
7403872464854
1415787151675
4730705560130
4681140515727
5451238146300
5356001988939
737534478882
17153574383712
19527472505738
1780495274699
10437439081091
286293496161
11849984957330
9108251950479
19904092206712
8666481111213
14382069186585
13770265874749
18912186960310
11992429237846
5023757858696
14247122580138
1464616773334
11880609529480
20312889015381
2642692032978
14434561277350
9654124849443
20260471777422
15110738246581
7615929474627
10801210611070
224590957346
9217918825503
12238091432861
7327902937263
14015022304680
4891262111903
2792880562749
15450982190770
9101621779855
16629680797614
2414547498732
2307053055949
7163416346185
7866600294779
15717369125991
16204030628095
15454547824866
13201055748734
5963570216101
20663033338089
2474506664880
1580735630755
7156188761451
17848329350905
1575749845545
15686924270450
8601147980956
8038285943899
12502440950456
20632530098458
20487299443160
14948116983142
6742068680316
8412589821074
5133445120607
3890187638563
4761699627967
15046371639497
15815615382173
10077559802865
13954724101748
9238075100511
15778285217610
2027162572830
12646575687162
7319322026438
12641122306097
18672098652319
15660393129025
6040855817640
14922788134379
647873009437
8938985070517
5331239439529
6390496448639
20370594704497
7880175104834
3283912339005
7170937191734
19823121733941
6743058779888
20191841719587
11896568612580
14486376295289
660473586662
20864188955458
10539936983992
3675745249971
17994269926310
7101080381375
19842924757162
8596353515673
15091535016275
16479202087133
4890384701945
8477308754463
842771169899
4343218411785
14688719127903
4534595052596
10075268482193
4826889010284
18067572010893
20405948696731
13873852930066
4001434651385
10260476355299
5125099799262
17350218271921
3924424453259
19371419204391
20687182448680
3728974511242
19162719364611
16136365875417
16189693006223
15763310108035
3183700370638
13166055377178
10279230545230
12851176610478
13474330997493
13953707981139
20278733245013
13893115980488
11291363886607
10703551301728
9491767099801
10677241083211
10700256924127
20583659549948
16102563923789
5990630057359
11683984675582
4393024127960
1550402906961
12567238810913
15412753246668
14723883304972
19469260925831
20529291643845
8868509384541
4724058150560
6112458119792
12072115695070
4531885955614
3887130489223
15359219693186
11333761265458
14872956035313
7745133536002
17613931435120
19565603031200
17369082129475
15330239046573
6571872509615
7310146903535
8429026551484
8499260011472
11285121488331
231344532364
5300892634017
20736398534337
2537296983318
19611992150206
5062978459194
7942235195824
717703409033
7566552282112
3200956281005
14807052707518
18819483942255
4434905698684
6961755898138
18281744581897
11358942155155
3484394348363
15594101183085
18424581086821
17768453486423
2160331580544
10569998596339
5396281392102
20761638099815
13569360482810
11821206631944
11246268381545
16249235963129
18664841962602
10217535842611
13373976291286
9687320258920
4608058188274
12523460047988
5199161083558
5898715159858
19612483009609
13952019795125
701812919556
4423264278853
9012969394815
8929538635654
18644387151986
7792318933776
14869843055575
16624507693588
8823709769417
13965393651872
13766837681467
19388189614522
5630054852751
20836568304578
9624138044421
10599140747180
20001077094567
94086135386
12955869589079
8935799704969
198838312051
5590113332553
8660020762654
270481411662
842484451917
20486058034577
10419328981655
4478026448490
12357479043050
20574146151586
12556720506738
2938537712094
6266877623389
7835302298647
15549357980305
6921972409844
4573136255861
3728458319015
18238924264761
20915614231421
9436122029967
14467802923113
7604844742558
16979571754153
12893279925343
4068380883832
17945470491229
2327159396816
6208031028199
951251118743
9067174985618
6893973938752
8811742688608
2738728030188
15772881398753
10196573288615
18769686392670
19570218172054
19305917971796
16730717208528
19470409312635
17334760194597
5427400154241
12152424238182
7269854963883
20707637035565
6120291156061
8149852908087
11160978656062
10734496424901
4437553919794
12315648009210
7934536802356
18647948526444
7934393584167
4813574477843
20331586654808
20092641745245
14684595072856
573896549025
14005596047506
18963668326923
16498268875908
7339450374043
19372979282444
13007424474327
9058589598101
14645884676448
20786856349041
3099529909933
17426470656210
3434442703837
10189116403852
1895256095092
2246555259340
17488424556322
3165351677689
12457167046017
10572794806177
14751328194002
8040469527648
6397379459319
6809457680632
16211988150802
20401509925775
5847192685526
21033755838290
10636012459828
6756559988818
12429551585606
6099022616376
5615596215876
15733856094425
15962666874528
19909581941982
9854226371368
7275135051573
10714227884911
13915358237020
20017371549944
4047676346281
11479681943158
17985506916283
18634157242043
10151338956260
13930009300440
16927952921629
5833616791380
5895961397668
9864039298295
8923225229534
8332163836401
17454820569944
20797289885146
18058496730724
5818860252149
20577765572004
823468072138
9948614584970
10558068059471
1818028069647
19871664994185
19652055480566
10482930454347
2042879688049
1558918491523
18471422198785
18618123368935
4316204036603
11788973383159
6625844042102
17683561286698
6520608876698
9639770985879
4129492987489
1006707321709
11735911387634
10239889382704
17058893554790
2670715300659
11744758125814
11373502850685
11443153525964
11031399370841
8544277668312
3422723533493
13424766452037
19087399546173
9851179184137
6263100468522
2518364896176
6756011194432
19419120335666
17922462048967
13837471776714
11957402607746
3698743342472
3954791275620
65877611401
14817418367980
12628720664895
14236991580356
16339632511263
13522902321592
7845350956368
4249170608068
12703352293860
11287370664823
8251488303756
7204641114378
13652846971198
18803056355308
2574806844658
7089304338998
9446765384052
6510405222403
6520654393796
3037041356072
20395746472944
21040344211121
13711387708165
14573154804196
20195863084800
17794670438244
13596881624964
4956204344731
2709090971139
3401353497147
11238556874051
13589727899
10962344660185
16103365503074
18154243237850
2518436401933
1708450833561
13734568237945
20749015973389
4046108532539
7710137473453
16711414600596
19662498086721
7012201448719
7382936194105
1644828130320
8154589109756
14839394449784
3401665073140
18420454933765
9886266367786
8702901692952
19410548351102
19303405147436
18420276002767
15773945935772
12218655563501
18732032191368
10971357879826
6308462090192
1324434425049
16804588702349
12274173750755
1098383516791
15760142531933
16176119365050
15719446967099
20312821949661
7208038738310
7779007234038
6539138068888
14101570880860
13666426481588
16511863781541
5106137009421
3209774650774
10010406924129
10125675765707
20762175513323
20426985380917
14613520789124
18188272182794
5304729111342
3634660924398
6709473614699
15664365285768
785890319976
10543725515827
13274399478491
56793385041
4734246135358
6658255426086
3969175463233
1380786461984
1036314215530
13859737482156
13605266958199
4968627594759
14457611787413
6459114177629
15805662299157
5288781288503
19591619689330
15046830359067
5261020032592
20331746837
12183240840792
11504532072354
12504641879099
13583667950072
4948483302592
12684292263186
1945481017043
15888893082216
3954974982931
19708121592380
12874152052948
4143248804800
11057597256713
16459333734337
17744951748405
15885979443553
19283143225898
6210512721702
7947272831077
7777973294178
15005063371852
1535368583084
18488724250296
1963025953454
6240175062712
8810034186796
11381308568903
18924024032005
19402268968964
5000996108843
7296200952753
14641001803324
5109661134509
7114603453693
16008761764447
20727904942609
19232628210787
17023869070712
11789153251009
2213721197392
20551096981199
13414991281368
12381836968552
12597785159586
18201430961896
18464823830255
4426950352888
6338056390108
10914052887296
8221912420263
9892932147179
2032727827368
2647127250985
12045133663107
9975552496906
8046611127262
7978382234293
6925028363496
20948294331604
10969633901918
9942372174801
4158794402308
11446847449159
15701320413591
19519272697972
10821544448644
6584812536680
12958733585659
5592897212509
9819701409181
9757868858517
14858185672372
8383604209211
17058012985057
7055342759335
14327090119311
3312161265212
16231603608691
20988048845060
10838268702474
16737545415600
8455506254443
749097545221
16169760402572
11005508798745
13551922999165
7724333456309
17845750341428
14727611503735
520458226
3705782865192
2178252564134
4515577026559
16052626137558
17821364332892
11472229189863
2825796654802
6374559957542
9783468382185
7607053289355
98265545113
16801906920013
19676248045080
5661607601958
1332458144546
15906944936344
11740845042718
16038777894271
16749185724753
13715403682088
20369639779846
18847686270818
1487736031874
5855705720285
21024802531845
12062063986722
12865903045717
20140317825992
12344534964598
14804941232980
6321489088454
4098722178644
12522086139164
9435222318767
20989268593785
15470577120121
9462965556221
9953015933556
16271587594797
6080365597245
8303296227428
14675424492093
10421941411206
19548569175087
16826711968625
4354873077178
12118699604201
104009836702
8160659566366
10743882680784
12625198432333
8761618819727
16102884873729
8710560738400
8587144896699
1364926566075
14074775175903
9004160860594
11137348087647
20519672400811
2700137649743
886119282164
15001161685290
14596990803407
10489699467956
16999679557152
15730641802889
14977822666271
7083040867323
13048333193526
7091492827436
17625543146534
7575078381343
17000637589768
7282003417348
19993783503591
17680132350425
1647577355243
19698162075
2949142961304
8838868627908
1163303522032
18375411755238
17096631283173
16710088524177
17937707131921
480019553991
234625707556
20743199254300
13138053816883
4482060675451
13871211985420
15028250329368
1484895568744
9706778333253
6875739921290
13511065706503
6684292328219
4617505446431
12244082330808
10347391350806
222330861541
9050417879285
18407555902173
4559629538173
18428216803126
16261341335678
1561161706573
6626075701410
13251597396764
11663807241372
17350895012234
6958121712128
613934482891
11559340443338
4298942771040
12916484157744
18412312720816
11018998906597
20968816163455
15656445996286
3733982867862
7852040947245
13756132029664
9508372947035
4945878126957
7107383030106
19327272310081
8435231728122
12719577192495
10165532640707
10986417375329
17633717378381
12027095678808
12775165847382
14257999537337
15832728508575
9896924892449
18909033940730
18008806534366
16053326001255
13982768697853
17006701483822
8191450275794
8108127756246
1989467963625
2639658318749
19002428678923
551245257011
2010172622901
17660588355317
16523606555845
20380308058125
8818197786389
6176459694162
5435585011552
3832700159588
455909442898
18153621002237
13409230241283
12769014594429
18133719341045
8341712637648
5737932338401
2768781832531
19935800238661
1889360153576
11981904521696
7992446159893
19431830828112
18939430756061
2713970501899
3384989268701
7612913702407
6723055649726
5211623456685
15200769245553
12635115165471
5945661525975
13966262343767
10172653522991
6801097599537
1560401580986
363999783870
13834919543015
20514961607560
13900450602907
3830310181139
2432751387989
31706145926
14236200387076
11726583019763
18062326112022
3368070068650
12221539733560
18884652805205
5997595064506
1286582384732
16877183623011
12335446099095
5991207106156
17922701167129
3358717732581
13280069005577
1852441763774
20860275477399
2776032697500
864020319615
15155627567336
18151040118217
11990272988602
18223008545876
11667953033257
18030807748126
11416873683069
16844069046712
18217543814288
1435511657397
13119051688610
12331042254100
10892170235293
14375702319684
6796149497623
9512334313103
307170547165
3761524688293
20112618638033
3939806729614
14893791651379
20927035257908
18190894767001
15529865717734
4037761527833
11202604378176
10045549857373
1833222734832
15836651090045
12781444630667
15974115107178
13669705110582
19836492519211
12422212795409
7765275462992
11768928887131
1072869973578
876081380001
1778338468882
21000614277736
8040073481632
9140227698337
9902520813567
2960629014707
8340273823988
8272572487372
14120547688660
605717904706
13393824735298
19440308550918
16538761208049
6123426540647
22174953731
9797434225124
20699620969554
10104145485557
14775318271962
17210573476832
20288228614356
14773949405034
5941291290179
10498771917112
5130720498380
16828821737379
11649439100694
10223563902282
13011961228292
19223403894768
7742084406759
9532488408493
20397641129715
17335916471453
8936968198436
20317025543873
9352977678631
14331574912279
7010456094968
3012459910980
257995713356
9467937847261
14340346884487
4940344674218
7111852973509
16560294269930
6718906488183
14057392292712
4880423002515
1316783840389
1827848505092
11214879998362
8701373512279
8862854206691
1619642682069
20238512925715
15203863753605
18728960369891
10231918928895
16185637075592
3726592583640
8362038292359
14094713100724
2422609561018
3457681198845
4303076984255
8963794280441
6425761395488
12070644203684
4886083540939
13641049066067
18838427972088
13603376247289
18295644208059
15405076868055
16179348089980
17866104468376
18397566237231
6674232144007
2762291792905
12612561055203
3019851506295
4224033599608
9904572873590
8968481497268
11667078752182
5210523508431
4859647260786
3045772150646
5419995851526
14804887085069
5814387905463
19360836133153
10705153878493
6993289823751
12198974695463
15871326410423
4509896299784
12279127381241
19319398842098
15768133238346
1012516496468
3390610688913
12769645984860
2178847210035
21036775538591
15190042431466
15710780106818
14157000788780
14510649880767
15903782023004
11209230412138
14365188939288
2323971808670
8216757811051
7842678218523
17676179266380
14142763516982
15509696412931
7196828781728
13475175173010
15089705541417
2263188604654
11526967670917
15933123265430
20529832455705
18650898472989
16059589690977
20116841734936
11561898678728
9227460316270
1393231242096
15426817930536
16649863923216
16070319959695
15359970073511
3084795911722
8125991707985
2835239785574
1498071585934
17768847911585
2408584813785
148677275806
7860528848000
11876864127121
14009942178103
19112895064764
8982428907257
8217389640409
2820590960153
10246297209521
4520501144054
16420346244344
17563054546117
11038803011270
528179793777
19457254102397
4047098625074
2133140401042
16744974536830
11519379176016
14710232987434
16852370346619
8552110564512
5637154034108
9857814360083
8670194832325
13116435497682
19894641182278
10486867719759
17268260071598
8374680463784
13356465901883
17308742969957
5246283884537
18295403840517
16334876440968
2226757766539
14139503282649
16982653007897
5325940110228
7924156086667
11390095316991
852012379994
5508894432903
4687673774091
15652489240312
7463983385244
12152973610121
19303505326915
14529806004957
16006707235754
11182325245519
4021195562839
5882778230628
7105401786927
17102601906724
10092694271379
16331635237393
19384192160198
5014124504540
15787075077282
16474000798218
10733616163821
14398454687914
3540216705417
13539080315438
11548799764034
9375571535559
713569584186
9541526419150
10201306872029
573979561088
17456096167863
13647308397170
11009680976878
716396839405
16103939687945
18222797480644
9556250585387
13585723781531
10169543513321
19012158733956
8072724512654
14418840367097
19317888006408
2518320543508
14117111719277
2897749671744
8961218186391
13359456248278
20191639496379
6563736013619
18488883918219
13215104833787
4897936952637
1251857513888
7434445261490
3503451588754
9756211196378
1203841279806
13970043947069
20110646383871
15229120337005
2551267859150
3773066296555
17325177541929
19064064946600
9170127651349
4093288039366
1784212440505
5489922475691
19265161601776
7951403759371
6203126523966
14748090039271
4593836273944
9360348175998
7306188129388
17092410491035
12884072861553
17702328104425
3045807258094
8806462578529
378984752288
15124502760078
11341222557216
6075643296253
4290624792710
3853638829688
10135467833864
16428092462599
13681870578160
5121126357441
8846274433054
11216310050505
1361623098268
5272818106937
15210574416005
9193456244377
3377793306713
15617992421661
6659238896691
19741606666386
14253996565263
3187235172659
15590936938191
130359389293
947608480492
11234098704907
7150086352434
8596432815622
7035462565926
1182862473978
19721115665564
19337945118163
9139807293610
7601941885044
1206244895490
4050534713806
10761517401018
11549846549044
8502475129189
11861272873776
14519147650330
3069052518182
20647259003368
8046839520029
30697418044
6881105675119
15438826528800
11245000491568
7914095808471
16497854431646
11597884446242
4594956802281
2210709835911
3016440567102
10216742278254
11031534208392
8725658858736
20472429298894
1079770554818
8526864900472
15106851258924
16420487348111
9061741418353
15457617967907
6368087437583
9904405534881
2251609213797
7593667998767
17910262055930
13533500091792
7910434685973
2816065287717
12789381301479
3321620722350
6826059317741
4354765904201
1166310731880
2073760438681
4591432208841
9001643800611
5021074064234
9208979208092
8417619338808
3953463839687
15593776454665
7848188475636
16205691165249
11472436488404
13787438977039
3103366035556
6295154345548
20697505977380
1956467305572
3762500467728
7315034220182
13937156225078
20597514092080
3059630942877
20192023315794
10931382982750
3803098119842
189516147749
6395009571035
5963115889491
7759499983076
14720260674446
6528175480194
15202658380055
6940826642453
20580817667505
5263291952889
18510393145346
522154443877
20800185162242
19832689189097
16447598665705
4772680826690
787849605179
13268087505182
11096654745740
20165172991541
12982239770204
11345236355055
7674745175294
20180240627354
18672807837028
9477634923746
14727445927078
9685240701399
10806155041790
14921915749404
16476509958991
9316409901901
17516207293558
10155535197299
12700876216693
5538750079862
6261623698829
20116633080903
428426305236
12140162495398
3157520843020
8237357097615
18864350805937
8929370182208
13684742235658
12631539280930
20021323213004
19444957455765
11524078521436
9311568648861
11567821776101
6939865227360
17941523529615
1354888797525
1544150513992
3676404424959
14371576738935
2863700583239
2920964471852
9199702873150
11530962297649
8537558498974
3970804804579
19172350663435
8416626005803
5695819705391
8491840303744
20922388500176
18075249895899
12661832478562
15815038450539
19217463123205
10700272532467
3772532954042
3084686414243
11076406875822
15358154707233
6994961741868
14890680575393
13593007581132
17781763384511
16542386961121
14775338255406
15036457662055
8801812617621
20129588231382
19506481137159
7746090591517
13835218509123
20305096313696
14634023258197
15754453165192
17513427196717
16005366190839
5141041510265
14660540323350
9875291409300
12430607592398
4711522360631
16832335042380
15574026285937
13986746785340
3017321528526
7798921946163
10529148906840
16388232686663
12674277349715
13611508430205
17800441819719
6012877008183
9272489790744
17347618323867
994064679562
15132352007116
16466127511357
13008824037548
7160296842346
1227072641481
18550223177063
9067536147991
8260473003392
7664516937801
13883827854156
15624337358521
11429188335965
7688927014140
7598283347702
947786106643
20581160614848
8375370004004
18496009625378
10794667600734
3338187571702
3304275170004
11191822437542
19727730692286
12210193746719
14881933766703
12284735769292
9592385523475
4463081410712
8840006074822
15882649678415
15469165794942
9955384273896
3380218118052
14851578234772
13425471533010
3675028505008
9746781439565
12338235068320
10046935516385
3856662671556
16412516633421
18595747761142
2939569494787
19401115347487
19849423860857
2517836301995
13108613841371
16575598205638
871935834235
20589426214535
11919606169782
108170094811
19769917165092
7093294397477
8397197014735
19260194659540
2065133538046
4717198308571
4454736168367
16026719339078
13038743311721
20273290457759
6892765652210
11951097805386
2993620223930
4592629676495
17670693378945
8749363398229
8991229332763
7326757253524
12394968681175
10067485763135
4019075884111
8428793219038
17012923526339
3442708626387
2050202842621
7471178567244
10126343300773
10703168472072
3409482348788
1566181386214
7695858205135
10966453040477
14365061994492
8137650103061
4024806958078
11490440474364
18515130698531
13060902585016
361012265137
15488489273205
6592607441872
7738202931234
9821905392073
12835476829215
20187150707820
11410325295152
20374764461412
5494233812990
2204863977418
8864303266953
5935785757751
11675381818055
12012052928380
18310786433845
15127560409906
13164408795121
11557011875085
20953266052092
11803148621019
7249962802281
13713947026484
4113656434414
10777947294308
1269103371198
15197612166302
14969948978706
4495113230341
8091920964872
1979395146901
5473569908622
14760882512085
1373275791407
13048724567899
5934021948281
5019957220510
1392883880107
1237501765453
1388852329467
13818585470388
8529352871767
14403153085671
10431173743300
1810788432868
18183777767163
9949157044155
9777950737579
16522553031188
6623313336243
2680678424160
15250029733723
18113755075434
11219084949345
16948344102748
8770244974461
11536643269830
9897734957940
2457939298518
9852292147724
7210403388612
9612594771416
14180037157433
668671997449
1181848148436
11636015102603
5200096406088
5080165793559
5001390500317
13352304480531
11411024239235
1319494989409
16868117180621
20480262211434
14715159233458
11209532256533
1809161637257
4853168154745
3164005340679
6946965987890
18788187156772
11087615284433
9473476160872
9065352041207
5108377890426
9857662237511
19783146902006
1079669379185
5459290031222
280265139159
12489387844334
5608361230503
12867146738744
9800128485167
6513166078124
10983000732149
15806930465163
6364481288817
4294051485436
19644919427002
19139961569948
6035325524117
16907267710463
6215345223151
13120625445744
2963786415381
16497654610632
16877269712766
8242682916230
18191993534365
5514614864027
17082705021999
19001895914691
20995796334768
10155550814556
13543176288299
4288468532537
283284409019
15885364061632
11237671113947
510599515007
14619350627583
14049591685874
5850321674757
2161961836992
6907830572408
20026123889315
14936214436112
9235457379668
14543653553473
12236348065971
10158183019536
6897835323126
392354305114
8071802476151
766912726609
3119938989250
12246266316935
2526886735338
869375763362
5412030965778
13238764519797
8265375448340
534080228701
2948637200323
83981027203
20163921284174
4422797004440
2369786307602
6617479974268
13189914608224
15150431845961
2237097285514
5638730994322
3638547882763
13149934435439
16312719726518
13722740403056
16876805122127
8646142727263
4709047470061
2448390913204
13491157917428
15482796084826
3644744707324
12940629224585
16240287712503
15443770322848
230528646095
20605468370617
7898987211089
18377595390966
4410078258907
15240705202691
8759631952289
3053734238330
2395223372084
3651407640115
4536493632245
13204788388805
15736595185275
6769277599982
2766708328294
17394281026675
9922960594081
18876649926073
9391324107351
16922416503972
14835188239104
11559922216147
6818682093897
18327335286465
11579503746584
11510138285743
196723285571
6469830055233
11110104996743
4994703989943
12874904840616
5606759831322
12065318244819
8499051090598
18110360176319
3433282654729
15495844764707
19470213822178
20712385322317
8201302149985
11407042505107
9718345011351
208117471569
2931609631058
20100162065064
2489766935054
10215427951584
20085464759741
6619243025139
4350729805591
10398821476675
11005837835471
11395370124869
12315671937452
10997928767479
15638084220146
18292113246694
17107667759808
20822421568481
849134176432
1595373882966
14962982962900
14567393653721
20205313840822
12998407319975
525198828253
18055513987917
6034628304216
17766566205047
11035233403699
14251122496411
1476479782496
17780428969452
8565333988087
12628373297927
5229058228673
17473756821270
3671280243683
204600146740
8833485341339
17477328157496
6704444107784
5703602088566
307150615393
2775864502756
7792109837789
14994984357082
11319542227092
2465759978112
16438923254642
14844669539591
2605860754646
8780289279009
15635576241567
17362148883895
5435795874701
5558648128634
15869451315037
850807253859
12615597637279
10171489291838
18265899590762
2283588144337
4211001767537
18437067606170
12430364763606
1330701701105
9382990833895
3449584850485
20234095800329
11696889804757
12741940431050
5593790109700
9618004542718
6121943779801
11732465201816
19340154924291
3513487216309
20574380113453
18596954911729
24536365280
13584302627583
1667570759373
12771696855532
20515555208862
4811335833988
4996909194274
6020415072287
20774871574964
20403719259217
10257721465108
20914711114915
1218191640664
14923460338192
9648792602597
1847096413449
15916393671114
5472878389628
4736126559569
776214960691
18081535168575
4893264598749
1035306515201
16056196497560
12451136531463
7166281162697
17123310592728
5311543682810
8645303087475
3045475557344
14236651239223
17936180792869
2703968617062
16159011095369
17532078308478
2531164536056
1223071841570
18366871080486
19538795841736
13097618368816
19414147558454
8841223679244
12417238441857
531807903447
1191316531920
8665978545357
10858704092437
17517099089836
5926614450683
3222729378760
9058873536854
564101983168
7555120424994
18569145785120
5828881612412
12722961902648
17976842249167
14173285526560
9563290669487
18803516040951
5192015210740
14962971627417
1514148488812
4996801504523
20180872920798
18079187422634
5076800429062
18172016681820
15258727320790
994111742529
5665574648927
20761725087344
14729908361173
14673297994754
11430457424579
20278595452688
7651192848797
15653360875319
12980586327644
18461648261557
19585924916035
17896481568593
6745601055406
18641538043446
7538232798016
6977367529617
2026968867487
14510638162873
4072293893640
10114963337738
20003367940000
15360615369309
15049361067919
1270935915347
6952601056411
18800585783416
4277992757726
7489397888591
6182720464818
18771668806109
14322484680178
18329218390773
9843343705003
9663035903312
14327122016879
1761280093337
8025913566961
10620213392891
10173104954909
1871611417977
11563335212995
4429883843793
9655252441663
7531875126685
19793245280715
5308252895263
7135169231708
11301346854763
20675177602076
15508677004091
617263413548
8612863590676
1119150173409
14427251282387
14152513156161
3193602295908
13042935427829
16459156085936
17473097971546
7167371781284
12177254636703
3660438556854
10781605031236
20789553887917
15621108929327
11458538213377
967190261994
10063844302782
2754765899279
9399336373317
6690640315138
9570998680934
7895634891324
6117054997734
5674008294974
138138229574
10759895832463
9985943180897
7283419158051
14235747126
4806676691352
19727727329428
15044021242895
20960444948568
16963049621056
2032446340287
20980626047500
4655303136519
5742168715431
18883011219634
12278102167741
1325058103330
16791784635412
13881070199757
16714309639952
14437457216803
3710743463996
18209414566808
11811859988277
12965238147534
17809196612849
11163126353182
10533476617962
5819293806791
20759542045643
2472677693196
3608533788814
20361684746033
321811531045
8926677251711
18511084537940
18102855095863
15998857477836
5831808678565
13592779373443
19358685488555
1572050690125
9730493593754
1714896790966
12471599710800
10716762235662
1879775336110
20412784414529
17775405855280
12861631822989
5137690757804
12095022163329
2809089167419
14837902473962
2540824285965
7228405025853
8555353059250
4295125937538
16789136511017
395984196329
11149963259331
11163792593183
7066441510124
4577974416134
5975879551961
9642734417709
2626901536650
4385021252348
12003287067082
15458384012853
850710106007
3442357120310
14339479593527
17606352303700
3903755119058
7379626610304
16936525867770
19184563969203
3542450101519
2215453881130
18291777393044
6727928389906
9898728487789
5115178655859
10508603438067
858397708533
13674223821512
17815296468475
5705038661492
8310816056816
6071055791895
837575486723
16747810739141
12335118194215
16389733128821
7818479771944
11632020664351
14498211534551
18735701481122
11803417692360
10083351277263
6447984075695
16175907864272
1660457467696
16976364050282
11990897867206
15305955838672
19470027120317
639414098991
18531432748381
4033324743283
17467245228306
9390480538885
53384656521
6321868330876
16407246516270
4306485598162
4041022836829
3737274396156
15661954221685
6319789849631
6912098446203
13845515169210
17908359004767
14849127815100
3902295704222
2773802712361
547755538339
5769314738321
18843480341287
10206161557702
8771647036070
8696830672994
6372313619092
8398444485842
9428622029738
1838077518063
12939411463200
10639869505202
8280225952333
17294662565826
19281636419146
18424992849587
8908789432059
20538936322741
5984158527760
11281283657066
20256560757757
6542628224871
6312500712023
19156920556016
17681155195410
13142936866759
10272758510780
4269318199413
8648130011293
2367149928771
4595551973383
20069601197888
12734787375575
13454883895928
5009093019323
3560317643583
5198384626558
17536744726236
17086129034470
1562384628573
4824013287452
8003115370956
2628577591307
14946308078119
20907239888686
917280926162
1043562502349
13791201368926
12053505470004
20186480636295
504948605738
15538393775815
16432637754549
1766662752750
7191967910324
8920760133296
12642568620272
20127780875965
18597117543640
5082811273340
12640467298466
4056021838528
9996675153874
8466422390958
19335821454060
15735103310859
8783532635098
9488224879806
13702874151793
10794599299981
6229684457562
3683127001294
930172043832
11494114118671
15859263915703
2623895026237
8682212436360
4852893211171
1346993202730
12892859099919
3673238698078
6175303430855
16693652579207
13640913164445
13984144538663
7280803344053
4295255638715
9101677774722
8096123923206
6111481450350
13836678936834
7168137702217
8046159684460
20864514209824
7271852799139
14162956001783
7531244423533
15986137675412
12900637794373
16356075145451
3136126770894
15004625705196
17260803647375
12852236973803
13857913210644
6494698423810
5212878590305
937336291272
13036043277563
19987975234396
1260049295925
15723619424717
4162052586687
15050565779837
17430566211087
13045833221963
6460134917654
8859920792073
19888379047478
3339975307521
18607749411678
10992522548769
848314682573
6181689487752
1648566291085
20932721804553
2689941429030
6546903667457
15404867821305
9790439685311
18402354969828
20166078569749
19357551879606
9822007629620
3855914207790
4612694506271
1356246415230
15686163172501
5299811181543
12147042103915
20508528959168
1149250072330
6609085816956
8351110521249
60001021363
19797992524856
12729295754723
8037761202446
6006103439296
11953448844337
13286843166633
6661428172464
10331020351660
10796828480760
14357839763056
19082201035092
5087622694239
19511281246413
773001309655
18757770928978
10111433778997
11199050209384
13551359964250
15431561853671
363514908429
20212935046274
2608550560165
1819597159583
20727367849650
11509309446246
13715572253561
13227480104080
18323408378955
17801229326452
10715349298903
9513426503138
1663342480484
3815554004332
3706729623579
9328038392277
5593007582467
2458764205266
117847944589
15967499330168
19444335570962
18966630123236
17472372847391
6791744778545
1823624726009
62131709532
6502650454264
4544274996330
19336654238358
753146697010
5003327273297
6350225070027
3256524370084
382255833117
5260216959206
5178328598622
3152074391666
106900364700
14329328972013
13852628344328
3220254493699
5898740460625
9630423366185
14737801156637
9089145946875
14703232188482
8835341498293
8335608163792
19859492880895
12718284059227
319904844175
18767847517520
19130373237442
15429113441075
10288043281006
11255288628252
7741155251081
17524143945324
9282107701939
10555235089574
3660135567040
18294629008389
14543256886043
8851935077332
16138394910741
4290083807151
11734753289780
11648932652202
3220794760409
1758019475466
11210299033256
14507389067633
16338116088311
20224820282524
13454768717428
19553010374698
13287535432193
20262674456078
70084343310
3562463182119
6594351209731
12946400980366
4400924873088
9963692933860
246506057239
8353463301644
8425980256930
4631880536679
3768909610661
12712053070570
19059282354817
14041192973384
16388072782943
16394308868681
6761176740209
18125316278171
17374459947422
3543859607637
13193075218673
18960638034014
4810989209834
14378823989401
18341276999438
8001985209536
5190271143624
721247966800
8204102123928
19054673512670
15680535533974
5171737223011
17827245748028
5643961606831
11242703081648
18495649486107
877304316515
14963996515145
1603825878151
8089793156355
14918764631674
4534303683307
13255924615118
3868220742360
9266090355727
14834363343285
20543575544226
11509237549310
15423869397194
4399157275226
11087181138215
7184087680371
18014912903874
3267334358109
8637985587912
72129145721
15353451847818
1026103693282
12301903425234
6354762787664
11338246185641
11481530961159
3042494172517
11619900912028
1124075025339
5344389492748
16872596822027
2739955981979
10427027688450
18675792659232
5403131398041
5021707835407
4430131507004
10936801746722
15314965475818
11230477936123
9139290142768
7604308832553
20574065238695
4846948023578
13292181354473
11294334866171
848977708448
11249261691830
5383245513985
6516978907569
19251431101964
11107978346613
20223667984733
10325385632394
6488520124229
905456054958
9704645927571
1839431618635
12600963317876
8014847570879
17484400448235
17044438473999
1229403392625
3021204161947
13647439262687
21039812053697
3289822602569
14867709794025
10413314746805
1538634128243
9151204966984
2714602590769
12258819176313
18646027076646
8772323797915
2294017116513
20255243193797
17838872058477
12934261200874
14298141861966
5233943416056
7965517643965
241613522754
10420861835990
16724404573651
10296917894227
16307581935428
14073777111741
17059726957881
16536984474617
14469199333478
13591759325513
18871129219510
11823672363143
15887417935797
6121017571253
1209271489098
6100186067937
15888827389203
8578855659916
711777590851
10713340493173
20753202920981
13403776265792
816608230329
13705540445680
4340646358879
1487072704699
8729169656658
20685314803467
16945965447001
17409995778495
12406907038526
12669288360571
18247475434690
14121451079107
12048560236723
964083056845
9334709607177
10865909489708
20686622776836
4889733581969
5145668724856
5829437266040
1039046514843
1216854123499
6132249703880
1824456258236
18291645794258
10235736724070
16352816796540
276445962232
674781888966
16560561155175
105039978932
8914472055826
6136845689590
3597607994042
8876967163453
15382690406984
11197462780586
17270641335926
13987385548140
4194607049228
11152793193289
3280504865455
5459377610104
14906849008636
219794074221
7163834985128
9942946017714
9276183186405
7335478559406
7550677402406
16703790832371
9211074803899
9905524767924
16411095515046
16097219283730
688245678355
533648010105
18975048382384
9586441204906
19099396896684
13473369711381
2203495799812
3011782256937
6914658718705
17794771398064
17631641097035
13056719883513
12102872533633
2793623948355
9391344527232
19216687118968
14582954685701
16383992041950
1704271538482
17255830655635
3383899765618
10547060651503
5359311688449
5764546885258
20992001157950
1801070792532
16193713989056
19525945354404
1889385299646
17304514101807
17532950947357
3671437460595
19536547304733
6459197319693
8150488310291
6630554485610
3590142525956
14201559745103
7030875413395
11166246060663
12360518280961
12252588439623
428764347653
16231320753615
2169931039307
7115966513908
11440985014624
950592428929
12897440289769
12290273624136
6444825856683
7451927654343
3108351174239
8911168512496
9412874591302
14822091418197
6605195582147
1658323875281
16447652994357
3665879315543
11145706041364
15079041139443
3350502659593
2868480848018
1489826674327
877159540895
8793501407105
12036000058113
17886647873426
9751039480860
14302833843534
4781274596947
8103953295501
6569821057649
4168272060498
8863200143135
16359571423384
11779644570527
13937003498508
19864148852225
14781896383713
6738912350303
14909668667869
4679893084076
6523172444032
3330560703202
9406819186335
10758570138971
15916345274253
16821047540138
1509402382355
7095437746869
14098583163217
5719552845946
7184389281311
15862815774788
15178492839772
10648635134312
9871570271336
6869475458489
7865792867421
2354844428332
7321852212821
12362830027199
16089959550462
13162894124273
3567818427107
1122558364723
16743063086562
12008125173288
330876370400
19462665798377
5878233768050
14704942580889
7932880231578
2050335012346
6471509395074
17271243231693
16901648789623
18041971980699
15761576217236
19796987105881
8431453733892
17946823536086
12874660106297
4589430895977
15156765817527
11414081648170
736913229528
2587285830270
2099547602539
10645710876978
1254919472676
19250913349672
9946970442221
18417607973759
5560012710588
8451056773868
18391532409426
17539815339057
15022130450790
6139736783767
15774833308544
12288723391101
14719559171667
4217943799315
19339754295977
18739970825108
9261301074112
7623279058999
15104039792386
15100364704146
16864672363798
18829692122976
4792503778210
8250412818904
19994099123656
11985037827466
9663936307224
12691929355410
14905346548331
20455215594239
12888285377088
17489579264332
10381138090111
19925383631229
7195550946314
18759992480949
20511028773113
3087259370926
7153047095822
2529162014746
16074854619082
1860007120612
20051975389148
17972979848479
17293872472539
1706554105935
5185297133727
15068713977877
19420518658133
20718128868473
16005136865328
5154148427538
12010541043841
18799049699381
6588109436050
14831282865724
17600927564458
11005477296958
17512039067807
17467862353882
16899288216115
17987465418242
9057351546684
11032524484497
20214432047915
1218169521291
6751911567694
20825368605838
12050483737382
14596374066883
148642235450
8882856221322
11250257391150
16658108330084
11621324568290
15032160161828
3379151277914
7321417459472
3868280679208
3048439869610
8162807548310
2547004268112
2571187078149
13405343447468
4721943707262
8153302696920
11537870259857
16215150233062
1054911660692
16767949644629
3219982187620
9655076218349
14613141761730
4903353705333
3756589631367
18096777005354
6562105281307
8704983600076
1606101084005
8377832394375
18489068257693
5786859584283
19254365119642
5888922991635
7163038143496
2610512713879
19560661837652
1414890735123
4938338084262
6183372193216
18631632298855
18446373963140
14793761611374
11076305766118
6103842817545
7897959837080
1682620165794
8203817641049
10619393872149
11978940893550
12878947515606
1298947800896
892421446466
1494680261132
2975807019733
10532144058111
13152679848581
11662142666492
9773526016277
2024910928860
17284213573950
2745752688049
9988091263180
20383053958950
14660999319094
19374151586820
16323651674606
5366691225467
51497991510
6889470236098
1093968236544
5210294620710
5129161778985
13652762087927
3767008299640
11812401591437
8548034096581
9751328700242
19710858596288
16579668696075
20947146400402
8346725470362
9391756480503
4448990171231
15359448300788
20580769588156
8875289196210
18667353239580
16156889601293
14489085114670
19239225554209
4589093941768
147864315955
14112419981367
13117875428458
14420895277051
15663501998575
4969529037737
4770103768702
6664433144308
20516152357210
4316811685799
5355331722866
7660369374400
6090966832433
11598616627319
2099053638126
4733091290894
8428666230693
8951537694276
5075312003000
6925170368624
18822629504872
2182364357806
18744722791459
18410904999162
7052584290065
5912552353949
11312919105674
7165530366883
8144951518451
698550355707
20955262044401
13778565724817
8076363159437
1103210146176
15276956511470
4643338110119
14196661344340
3023149085115
17150887870122
3672580270771
14366378816255
7482316640444
4571723692718
14628777240734
3810275273585
8675529459079
19033940817369
14026326514324
20271491284654
3385571836420
292396398280
7133502465792
15273348234250
19041063323505
20350025502187
13310264560214
20404710298543
14781171154234
15415710277398
14651153485307
7427328446161
2381887793136
7052429471227
2007288970070
570331325168
15273936656353
12810373945751
10675325636408
10136244369492
19846364855557
19485048826170
13755169161449
2136013451484
8345103397465
1400359526003
5227528194199
12086374306284
14375505823633
4025045615693
12431098027076
16911339652109
14459549751911
3653834027120
13999196087383
15226312059976
20405959257067
11517922746189
18758232125704
3112308025440
20586520521751
12724760384276
4103399681666
4304176110457
19648327342097
5702795147738
14331731941610
11014224514656
20449322476607
10623968579119
129007069682
5289146709050
2046258872217
5103857866012
6162986343225
6457080318357
16313831957032
16294145989679
354186808562
7306941699213
13053452821809
10689087175855
512203804544
20737404211680
2363298608453
19783096047086
9947946854939
20731868532725
6118858698269
8105003173363
19060748386024
1274493138982
886678823515
3433213451523
6629320736205
2277202029104
4567036079990
4550425275528
6008576291008
18237329167509
20533044376029
10736161382877
4580716825662
18300722788535
8049239742511
15125291144042
1175291348958
2805999578252
9393265540931
19363752460971
6820166666116
3488088670543
13610251168584
694993364904
1077236566872
19397581206345
15787790048192
6811409625290
8762045139764
12598755683993
8927159537566
2243965014392
19912831295333
10692227343801
8983808175632
11391004034328
8132748343838
5565544514949
14467362573655
20362884064547
772727811442
9020733782617
10633357269954
4103626150088
13036200024594
17717782647500
7479093506690
13088933825698
12681966383564
13078108750779
17128883824583
9565883830551
16138866263099
19117553080081
6533929508821
14693050829091
19794287135376
3985264462643
10111261159421
11733961475306
10092936573399
9068906579576
3066603297364
19337107836573
4058394197277
7524983402216
12368238945361
20136070127335
217803543355
20196628845339
15325970506806
19498903738474
13205113686616
8124654331264
8574242315307
14269992106135
18787212283112
7028070010019
4697019897646
17062539291282
5431417221709
16108745727731
16562375594476
16489102461115
12764727071108
9095364897886
18376515887160
12165944254661
4009614366672
14626663086558
11202835089864
7700240543822
215950602697
20762580329135
15204833071882
13624280496845
137594544817
14138354808556
15469409364796
21015008901492
11904368094337
9800092505159
20145251323556
14209360497181
10225885234162
7410055277716
17354979160009
5223698447454
280332262807
19493381276927
11157715038474
2300655854692
20418625531667
18034473407970
8193987962420
12086206360325
1126185082015
2956589269567
570612689006
16525317088600
20093343450711
19407338922855
13340726995201
8160811670771
10261509917774
11770876683988
1484528728667
9577031567247
14671192084917
3683317635195
5286048311656
17287892460524
18149522648361
12441767178055
18032255201645
6155484318248
6653732726424
20141017150263
7284549817502
5196472204856
19892787186434
5075216379746
1476688962652
7989680397894
19319408987175
11584757931750
15899105611950
19173546810400
16083413155441
6592729457897
989846264992
11472282968128
13275364749581
8288688167122
2159763310643
9527758045238
9810716280241
11530458424101
1558710910222
11362860120030
20341996765981
7784529711103
10063567751411
7672328660940
12366824145982
19162159946477
13170258434967
19846280233050
19837179032054
40086074138
2874140744699
19086764040955
17951845171866
18007559928311
4859243795494
12434971201107
15076972210281
11739566855502
12685100082422
4303254943715
15433458203820
5369848671865
10610456068683
9118084293414
7809370783207
7970722311877
11801323214559
6883825816499
15952915862780
20190550533571
3608328296740
12303135154756
3942283706753
12539360524234
3898688696661
3380171192297
16914380530084
19375075297644
4992565606834
14582969072593
14020357524200
20989092379707
693213392496
3446143653333
2267159626278
6782972139798
6090350806971
13386696241417
18872324039479
12419369083362
16464088951431
7172605831069
13263860377298
9130147606825
13734365616962
4719325102502
20843695983470
12383482090554
19228555937462
3206474912159
9792374002530
17945422151813
8509108441311
15766445272055
2317000814184
16998492951566
16630794725827
280446188334
1042855398585
20278614654940
1842302601735
19292774351032
10246345009455
18386045756038
11452817897761
12605538968855
19896182410814
16697471212987
2343817694769
11451374968779
4301832125825
6997591546831
10348126751962
2328459447476
9511933251567
2187866925368
8820343039039
1379122415144
18263382073158
18777951045883
3062481980452
13890423634254
10053040730271
17498349037487
4890500537854
17473604845928
12668950049878
14779137942047
10150367239983
4329009458611
12831729119500
7134104064336
7913932140875
8911795587986
19489267684243
6946644510930
2286145023632
8393466670068
7228609317352
8790540128981
1189973492776
17337172980615
7473516117264
6383348367247
4866792212842
13522092143236
14970395154800
17033388601404
19943926505842
8154725037092
7732809175057
3886819704890
2537689768550
5661100169591
4251009101312
7181310864639
6110263590127
17266211939400
16239688777157
6363443547774
11531526030233
6216394119488
4646366142655
16933537642765
19268400004319
2424964059817
17466747192120
2614261071670
3938258399575
7688863241930
13498444528243
14789936299873
17813686913881
13371049601851
11518575361580
2046316031724
8037153861227
11546699017827
17570604928386
889870802814
18002383514489
14134025803205
11335706096407
6694943034768
11450364794881
2913789502792
10400589447869
2763130436405
11773021270704
14224002020600
9305143741630
11472681014256
9645248412025
19983276477101
7223620001134
3135471696603
4454276187389
9208565933627
20345238688839
17599202918030
14977513611592
6039958496626
8648118390394
2303366370976
6637224014063
9509099693454
17608158148617
13913812375715
1105092290214
10773331487322
5176840882705
18214484648032
19277387000750
17662409325384
13244925601468
11805960696576
1106615414592
2519291074249
4836551050086
18399313084164
18551151136426
8197867906285
10643914693481
19141906861623
13620352544412
5834829185607
1791553490566
7831101840697
9616184929151
18160178329240
8895906991783
10532189281340
19086203171883
15130011541384
1964545234360
9828025307744
8642882545022
3815418905129
8659584870598
11982082074841
4930289494374
1143451709815
8607197759905
13109794520529
14604598419043
12600982083094
14670703816619
10944185700244
16272746762636
17498865494981
14496857148164
4266375665703
16948401976991
7525916363706
921469708769
10677220061453
4820435268118
14908858402943
13282946537059
6191016480614
14558475887634
4276887578819
16819618668916
7055557031265
1576623132212
8488631934831
3745650098536
10415597914232
13279387365090
16168271273723
19143512453210
8172503760288
1476160151508
17634494273537
18831133340152
851118443321
10949426278095
19779723684111
9974967542901
4162472236203
98226185552
5523769617318
10701459055834
11458790180129
14514265204505
12069745135764
12658133135165
18729893792754
5171618134549
16453581586005
5826467500072
6176604353110
20797783192229
20132561082164
16999419395543
2670861607239
18338622210107
14854507158640
1195171913907
11161568294518
18028706666146
11115819770004
17062085542479
7028247552280
13717781678047
449955391916
10753673962995
18936528869927
20963921310439
16821948065891
18100837240945
9282605342118
8271118833806
10861159411942
3236088998725
11813303477630
12488027222528
8806625658848
734319380721
3942915205946
6855909743094
8580632390914
18942374704828
479157682616
8607335543951
19756600928995
8802686198114
17389006652283
5212256886749
11222280512694
18126545348805
10980641344748
5003459279926
12824974672734
12678659437729
795882968917
12162898038173
5017547920699
18983286676109
5842776004942
20524689988283
8810635066420
17544840432413
11983526456407
8673991799541
10502810099593
16136926786075
9511764495536
15236676068058
12077040975327
3612639833781
10472248639189
18887062057192
4991192169976
12229308530516
12857774260664
14309145479239
14357692435158
16932008210572
4026618425513
11849395748649
14577951763369
19371402954903
9716861860194
18918876096549
12026347109958
18587159148819
4179072737022
16731769610988
6300010165789
1504956475578
5013658077253
18737446995985
10450009297391
7993082870426
18720213293252
12211251580323
11309117981278
475713751925
8629591544141
7834532240720
19877653320301
9250252695314
12811089238368
14745377596758
16677009799675
16880093404549
15883656745370
15016905291998
9444946372021
11389534162561
6320285312626
16000418481413
3257876419102
11188889049948
1453303073180
989526583053
6947065483647
136490031460
19380480757855
13702672313696
3845890868350
19762922050810
20728432693743
18111213494169
10518408276122
3923150697419
3387216865821
11520619152854
19651353960919
4160195402123
11567373289591
18377030736452
9495391578865
16448037052025
10796147408974
2977912578107
9090552767286
7229246495545
204378409714
12385806171302
10910527578630
1792092065988
16016566949377
13521488561180
12799266168899
8466090232996
1165549318694
3742893366628
12214376531091
1472710820103
16674513142964
699959728347
8162892904703
14419995121963
17079712307928
9165306760766
20267241732435
12961008748060
5145322746877
10338041298458
20806345360603
2818585817979
15799500856020
15889454691197
17241869678437
7577636485030
19157587296385
8523126142260
1889499622300
7677256876508
6391953968288
12157465635619
2174141590903
5883874265404
5568862480725
15677276157371
1149800318686
12034518874750
3061806429758
7649808491074
4773515540666
13538342155254
21044145115930
5726875243017
8675733658838
1549580437812
353478321697
4009748604240
14101501221135
3267290268665
11560658803398
6149059381154
6485138495394
389690666086
14518827817236
17332432490924
16604447271527
76989187759
10392996456642
18148504703888
15237591834234
7678181246862
19962429768443
18268955696930
12772164047038
8123269873647
10165647542816
1637450004860
16193790779544
9473429289088
16027704662723
2513583246589
7835658148513
1816729622174
7334587299855
964725419917
2345391432871
21010613659402
20897992766241
17776244770841
6398174327175
4085141250811
4544095576605
5490994649851
19905374983753
20076659484649
20207299368101
15321772642900
14467555547781
6504649808402
5132514620331
8945384681462
8657655097083
907897908302
7082622510965
19809548951422
16434394627005
15641133570482
9327641119763
14460245122783
565289953941
19804768290180
5055472983374
18393591741430
13223602679519
18867681352283
20391934011935
19146335754795
2621207406645
9436622293737
5214222591643
16102971897957
10104318027084
3705890440507
12501009520410
11504300351629
17492170634771
19035490298112
20351200919369
11177989023700
16653801020208
10835261504083
14561985879245
389915188420
17083164621078
14597378763462
18224961642222
3649510467355
17575436152194
17787843570785
2247493105194
4817499067564
19383715057914
15460331867691
8984001432775
13194798328230
1331033897038
6696517562969
16591733035743
993870118461
3748794424607
18908137081576
11458004797796
9164491966775
5197671064277
2217357415554
9009052217367
17368902116749
17271934268949
9123386668287
3124060590353
15955850927906
12684819558092
16735389552285
4200909163112
12902118530736
18320733689843
11135310630237
2627979612364
9006565835804
2184099660585
9711949839318
20182088535298
5726229911637
17659689757602
5051347139910
13565776720575
11067801191157
1798293377715
9585864837355
6077250593266
20393053601957
14051380012346
2685901187141
17484739523788
308451314385
13006015415766
16946770636153
10196436309116
5307932986606
15769238659513
9654803966543
20795848954496
12668268808673
2948543365298
17231586206715
7637726119251
4966362238949
16716693871615
1967862202865
19300959199019
9128267265709
4769055625590
16377525864612
9141170970889
15148128200449
3078619223090
8520858603169
20871014006836
229003290010
19384515932423
9127536346736
8821183362597
13863756296321
2059332590734
11732753374107
5529673769819
2255083195478
13809748955936
12788232375201
18735208944790
4694166750279
14630879954097
12491101044747
19749952655368
19353160113750
15637822023590
6505143590184
4690459319124
8997816248392
18874315977491
16871129199876
6812006037710
19240013829197
9364867519979
18356844626359
5894636438415
557156524914
3287058314765
11402962932571
9732203568299
3927218124588
12632323301784
16413917803701
15007192826773
2149350493454
3691201554595
685436567212
9382113680839
12262406196812
1627709796757
18624016507320
11167844266885
19644776597984
3375335299068
3161499956318
13591826874044
4771099338233
5885476178287
17627447172890
850312270508
6956068042052
11869962210165
15136983490662
323958724908
4490146618806
4171504624083
8722299853198
6078566521824
14087656728577
16422514019275
4257696142370
17717572063704
7937558360937
13990308182640
3958137811601
4800663387796
4904080007607
46340769135
1307440567308
5868439679339
16213194908451
12328126777483
9733999130336
15250350055713
9586297298014
20151816728893
13855831753646
5729646552021
14438063707217
10024734413094
5360778549892
6325401534845
6778044878041
5339505901952
10370867420066
15746771475946
19728822644379
2644430843114
2182541435066
20848739579580
18066499415716
4672011239379
12270796598888
7358954721957
20596675675008
17705292609929
14842831055546
15233452793559
7937649366555
9665764971356
11468374201615
18674197001984
4613433089812
20034160972891
9075362047052
12539219044339
12057202596231
8250040956124
13263756158514
4292059174996
6349886347116
11307248187198
9974741954326
1087151766459
13861000417410
8107345261179
11930345293950
4716293055795
17906344461535
18799778145209
12916111521729
9179884638450
3681989543633
12349844027924
1371599658237
11267462043684
1709884987915
10649060345747
11306849013190
17536797619827
8469289259646
13384566923732
5958261249996
4380604247912
7431177852143
20781762967564
11212829354371
5379901131856
19627101625326
12068085984397
5811146065282
11181678740872
12645243787443
8161926958428
20446137309565
1895271169300
1363682660858
5205122726812
1875154371454
2326857993546
19648816255142
19284812085619
1155538129543
8075222706309
9801324547618
8787821628562
14709644700407
11116283696111
11008194464905
3877860517555
13756667043200
7184301478427
5535666009712
3856183862339
1583998781587
18697949569451
4729259399532
12726041869322
9698129389605
10292380911524
18526422690760
17751096020033
7888466682215
10269898847212
19671646443158
5364478108934
12036329655575
6147573110831
19492429563308
4480976594444
16636486794232
20163729955354
3457740649975
20101442437284
9473805175214
3254901629593
10321863874206
11252875939894
15523364030748
10945688980537
13188776406811
16614760061612
3352526418085
6461104740998
10391191568180
5575567467267
168340855473
10049564396578
12076341070259
2845607618976
12836590968301
3154101721805
18249118314956
7906345509975
17853251623935
15820353653890
7451626339788
11067014911923
4698650619770
4542728800179
266879792347
4441274344185
6751078412580
3390340067783
14948908927624
18599550235062
4159656285209
3077434599119
17482914208744
13495834794964
3402978771999
7218752212107
20105093053293
2744804996286
20311150543122
7641757681135
17466929263441
16398204975333
8863434550678
5035888666922
14691573140001
6939712648825
7092688505708
16057698437973
5347641678041
991558961090
14104929824008
21012054536129
2262308029584
146353619049
16787885043576
16606952532736
15360434316294
1087558875894
11973121564921
3281781136651
12231987532436
11268186087830
8808829259586
11148356634094
247430165294
10981364142710
9046647962981
11835092284073
19738091131568
20837041945468
9365771418776
9268927398685
19797427480400
2407408795012
18581622304846
16728611722115
9632698114086
3448468888326
9225236788342
9675245549236
16943516123967
19755258179859
15222206724510
648295523218
11716586833601
20137677474288
10199907722250
8627533993804
8172841738204
6225488139454
1749255549042
17837003869772
228431089784
18877602585795
19082882915145
9603597019143
16777836886546
1499859537247
4606068783831
613432072659
10182723758269
12639112401546
15019920472404
5257609624788
8091084415503
8732649901659
4557068003726
7438322449651
12491295188902
7293237327835
15231354396815
2671805450621
12358836839149
20829547911059
2877264931495
12102505456486
16972784002060
11430421076027
12166012360644
1949097507420
1551771683739
13280058687697
8576393608608
11050849963511
4362761487135
18883305238923
7407353429983
11117166178880
14153831509333
6897100503669
5186662612331
7044884765154
13922883091081
2805968221789
16978289243209
7818435668597
17604712620418
15770710210522
20914954833432
12608258922898
6100192969811
14881367023588
9237590470796
10771700277222
6669797343523
17351060619755
16781201332997
10926438679177
1827862334098
1498048983912
19889767606220
2017786176523
8917864457396
17986736488243
20188313153110
1904030879425
19016092155831
6112374891115
17893266719602
3879386622027
12603737127605
6848865184948
14987864350557
10095144165148
15232645787256
12715638602027
15165380973475
10590227998659
5667951309687
12096475978927
18077771584919
13748323601892
2025867494103
12188382581711
7638156347784
19809783152285
1566102106487
2407635476535
16648526841507
5681182729679
7635609741603
19735123026059
2305703409811
11775520306854
1380938389044
12361612574814
7183763745139
14758543751307
15712176779433
10865288340422
758598277876
16925913191978
9944900074069
339908353252
2945352255630
869956915019
6772300424879
9335421357933
13923505817748
13266377883355
9744982318633
14525980247066
20873885220779
15418758234973
17754665760446
9097996769751
8159192494223
9927525773858
1184748101553
20840096641500
14486098383205
6870859646727
19041903170352
8460411298259
10317036574942
99903106561
16110678232687
13261544455377
2399323703917
9058694896796
3098695773551
20080378522576
3514717115647
3807460442681
220502436795
5013067239111
15015738208862
20229427061917
18616854087001
10653878331223
19244037872940
18622340327790
12792031731957
10189683957489
6534839944441
10353355783034
6317114858248
10388753512471
81993146124
2601469905014
11185591456220
11568516710558
20023582365013
16737576607123
4207641888309
4527313852872
18531065256798
1266094692157
4501354776473
5188504341398
8322562102624
3885716246920
18003578870615
7970901679390
16448240100222
5453673794136
19490310660907
5976307166982
2394947671745
3617358554031
12146516794994
19128600896775
4435769898067
1646079620825
16255359287157
10246777047436
15462523866443
7515847997117
2286634086621
13533686645079
20532272352044
591988486744
20234746554894
4065220199849
13978688902890
20259414351435
20801589048618
10642342570124
15124223406366
17820593568871
2427360143982
2447441937362
2464165917859
1249055623080
6302258298393
3548741073469
11077519579899
3807079005898
17309920354970
16752978090039
9345240118059
5389426452419
4308458410377
19832571652654
8182518542130
14743929602203
4096724034156
8542375699300
10126813088716
4378146402113
5556274505066
9118895019220
18157463829610
16871868340161
16210232654505
6755693594349
13189755807863
7142580138311
11177585856787
17623167810909
11747507193644
9705033396751
7842345840443
5375761535651
16411600205703
161019636251
4919106693587
19878122150108
3368597730524
17971011699153
12150038287129
13655066312526
7116817936177
17130294077823
2470312197478
7620112775302
10477928345622
20819825219504
17688782775750
566603395977
8880507131105
6533605727384
6865382487032
13923657189788
4062983367103
5807830346467
10153259821996
16224393938948
18757042577250
3543844356383
16711606913775
1383851702202
20049813034460
9028987898592
5060151633138
19467436415892
8123077447416
1370264760949
16839671593064
17307406598561
6541524721921
18389126505815
19171927666068
4975984967357
14969450808724
9104385043962
989505339257
10684222598669
8280257306668
7012393771141
443216624228
11910129717687
12428281710479
11551406394894
19339341569171
2368701471267
19816381311935
11804782286797
1865857758081
20453604914588
15092484337559
5204728918123
11645732930608
13031503872876
4897992033552
17666720473611
19916387246590
4040724681216
9090894516050
4179811925980
3763363980771
1005763808267
3697683240898
14445140868713
5571784519317
14414452535509
16872789876359
1363198596714
18952319812923
8019443569291
8763187508600
1652018570043
5048497872409
5487554539768
13208955902778
18697606676868
10085166791380
19492795992680
20993423231708
6767025989505
14634530641321
8547503247789
6774645489197
20630838550059
11893465949343
1891456912653
18454347495733
2962887181781
3705105571998
1595961997657
20125393714381
19811484707356
17187557453276
14058944204290
8943697091398
3251672746301
6593384174934
3010123841680
14726193744325
14942008977700
19875776894327
4501967987897
9605838299796
6774180943826
4159631582782
1041263196314
19284490194245
15118222382475
11052541529759
10923178332077
12258976622484
19360351322989
9104333347759
3175725940090
8168373646353
19390650081466
13524913756354
11099664985328
15673216203864
19250734668537
17560115769318
1126778437172
246755374147
11197850934827
17512656562425
2509878850491
11102035395097
6075727097578
16758032253404
10301940372117
7801393206825
14868083114897
8180029737653
6835432627297
3469390285268
19222790964518
19200084110903
9276807847450
13168629611616
14041230244261
10433254706620
18876386268678
12663838668159
4619003494666
12542227293760
4424423998161
2874778716196
12951218536751
1011888318642
7669532803000
10095871776502
3587976320908
6034082698374
20465656130129
18375317803318
2581910821270
20896125340094
12486509873475
10374098161772
3912452777764
9086078292347
18883696459518
18505801738141
870293057858
13628641187204
20334998767581
20518237383051
14612970753839
5041574492843
4653345735082
15229091606779
9041744705165
12995786607815
2024700188150
6599044394006
3538258088344
6278230219743
6815725556988
5866039521499
7735611030492
5364803117199
17908823910468
19116221621753
4222642484866
6036203295628
6905621053073
19823207154573
5592664221442
11240721744759
9131706981219
10216601070203
778072448358
7648283228400
20793889525944
1041297712013
8665039321534
8291613607343
1184727653714
10835255146079
18876572946573
6247033841835
6385474086244
15129459917393
5297436153760
10020876612431
6180383027800
19416073943260
4411773123844
3747966434002
19237215705932
16849593255604
11299673284408
3463849729950
6361124108204
11805325957657
9343545072547
309042332914
1885026191573
924872212011
8587854440843
7521194534571
2864581151431
3449888452663
11410519389244
2548547747768
5192581715922
4268184226536
11040262865518
9558197168383
11756013927432
15138049209235
5846187857413
6681428622488
8824576587223
9770981181096
17557397981484
15368309962289
6674754986476
3083266445591
12081711134938
15073807093292
4654308886162
2485089242816
7917715706907
16562827817754
10517536508479
16631874422577
7223077313255
5961382655775
9830308383093
8030404522205
12474770537451
17442446512559
4041041659382
766535108685
5166467036781
4864069676405
17588952496987
20846420667707
18026248001771
3093961597349
15054454895991
1124765985048
18274554676352
19054675704022
3212518974166
1167469593986
18179728811648
4814881868554
6441997480498
18222076356298
14495385879535
16846872727357
15156495747033
10060817027782
20719800100386
20943930395248
16637287249301
4031520569460
3092944352076
3689347937071
3840999606291
16942519163763
10124537968706
124473799569
8238953330750
20120800730465
6627805388220
7154550729674
19931787315925
19850849874137
19535584329488
8199684241977
15896309540754
372684581871
17545162008818
18595920190848
10697065003711
12727252972312
2857030743167
1597729480932
8494176095780
17344280474201
4315725613400
6545567109626
223630668505
10706933910482
13313575857451
11245478770255
18547352752077
17145291499844
9013979038554
15092084640416
10055500399586
14694236102686
16194524907472
18014019514796
7605013913326
16648324498824
19082779517057
5190079589269
69095464270
4167441031328
389815195154
20769732533495
7187445888721
9133525560002
17920015327883
10418325596821
17077488257533
5744068197022
10549731640160
13553508283231
4123984633811
8036152196874
10845329986087
347452834330
6784756584328
11281386766225
19342803558924
11778509284345
7295372389009
18375620027239
3283677573321
3175040259892
18668709675257
10902041323818
1492992379952
4088534938500
3300540411228
763144719194
12069366395594
10191546992110
12601972777422
20397509505406
20961221695603
15371080380929
19463214785482
9250537102119
10496682375670
1400368237509
10353849573387
9475415227787
9493921983120
19635351337731
2563299153711
4973499132935
14280636670477
16982878991379
4054873662391
13089609629764
2448905248905
4300081814804
6156768883368
4320336372043
2211888729091
14708526145880
10711612091182
128373320701
2647342181098
11309606143645
4948961128662
18171304582428
1386836045225
155861837751
1187263910941
20628420244347
6970928685096
17098771602481
10461725625766
3751553068895
18399203843353
544984479592
5824305225430
9220695880744
14208085740767
5766441063728
12999993906724
686567648434
13436405328851
1132984813217
13110336241916
13390547575162
13033665337892
10021951516502
10539051347417
9165956313989
17276677827227
5611412093172
13471188049369
8180145475299
5713965512523
15188571076204
14811951541301
19994653574097
6743575754923
11067615237955
6565033768557
19517120822726
4216273079738
12640382052822
5780378328287
9293075483483
16250965510193
9684561217813
3359475345010
1540152901725
11467101968962
3006103775811
16834604809542
20688637978912
14613376506519
5948471971342
9565354124536
6253743573245
19035434872896
9986538341295
6298370954800
11493184251046
18847186441658
12547210139162
20786888379884
10597219322293
6949700830471
11895536122378
18958401823806
12227938897113
18186198520937
20428920953317
7503103528579
6792679562064
15388112786782
11846776762434
15433476068291
4118528727811
13577247297078
18593835474927
8488148925849
8982875327998
15636632291889
18417307826159
18892274421620
10391542349782
4502738859538
9314175910249
3745395160986
18310396699973
16636979812453
10955982422424
6439967533108
8796531052616
8307918214587
11820511937955
10816723380960
16349723965200
19914617261388
11858078453528
4391748720786
5553102970299
11271038522315
15794456565440
12064393602829
20088510568631
18850973620570
10184525671054
11925051431496
2125915036971
11028857742147
8055784783767
8177826779596
20206099294063
13494608911838
1418412859732
18122495437219
10691314690973
3224235191006
18277111173719
12468122931818
1779332056922
20110435668909
20667642151900
19556182610223
296905803946
9768376431959
20965360018382
1276939824807
13210602860380
19097871524698
17141350835795
10814443922352
15784984818803
9225438918630
19381849456499
20736039885835
12000982616449
7771748819623
12931062164906
3921225952088
9758156792506
7884880543213
5391189404897
5017054777514
12003434902022
15688602657388
18932271800627
2163022884764
7273099142411
11080219329617
10198543044055
7189545696125
13612598032131
4150637143096
1660374101986
17694205501123
7777587302619
9165798135155
15404658479587
12766532172376
13412996296898
16360592324661
15346873377253
5618385384142
20572404769989
11990308972896
4820927601932
1395390365983
13000909917821
10175661414945
3230799856339
1718968594263
11002046589656
9382359414129
3443999624293
20214879330359
20113633483455
14916751372081
4888082325332
13423081861377
4692679812874
8253615266206
11283157025343
5340851525420
8869110770475
11762610554337
19666376524319
4093723482962
814769842015
13582154507621
3204210935893
6873738040405
12504875398942
15244653517862
11331586450953
8217272744242
19468805966219
12237524516755
20987963973260
20739424838062
5583215590921
18524413005813
12543848776958
6967119312829
8241747416428
6415667247228
15438569945403
2472767322738
18647918137387
14766780631510
10490297791636
5274841670923
6741458793199
11799097743470
12124621485243
11733192101421
7579627749848
4637063015747
11086179123797
4223410236301
14810768809371
9796327847132
15705999005468
14981892346061
298727940729
5805931339125
20377323138555
4039790035416
17112671743678
14083422055624
11355578037592
19112706909341
6862570896189
20240261409148
18410263765171
17685922135193
20607751128594
15394641407805
15673651899111
17612844459227
18161811662466
18246176601763
4270723237387
13579285801188
10219635580302
3207386439545
17697309351212
16389650512074
4137399737412
17734772514686
14997341422632
14833770965041
11700192247234
19562370488224
20652105148311
1926071042059
14272939766621
16735286145567
2298139863195
7159607537924
1665358550670
17096706658554
17350137979100
20347229652026
13611236073704
17676726016114
16780637871817
326484154347
19691491776425
3092144635810
16283244919008
4731752324699
1662623732104
5579289359136
10010901307719
14091534943022
4427329578629
4518563338040
20045278701558
570383437775
14198609038185
5553989574386
16548705266706
16587444036589
19055975256383
11847670880585
16573873710730
9827760203612
19132758313384
9141174743393
2148598885597
4195897237718
9907580319611
16659964725444
6580718223639
4584143630065
14744404931223
4956631682665
6124178092912
2599914723451
7050663870316
30135291294
4875852471208
10901160526981
17143425767955
12898092897056
8868450246864
7347822796074
16911441339868
18067368861659
17675161920607
19004527684281
5366016756047
14209194230645
9593085449960
9824359671426
13495713944505
19527823372308
1809246832678
16898125620109
13069066883540
8406256259811
11270358292565
13218376825877
1457329754552
5444066813108
1044193591264
11473014046352
16489263507022
19337453158077
16455280837467
12455887350176
9514772027456
3678444697926
1302936159161
14536345445204
19344553239178
13173557860138
7852829295077
20143325279582
19287257964760
2535465807962
13040594872101
6520066833903
16559162939975
19687544245216
18224454592715
177946206594
16241644296960
13514523301102
20418035413009
13013906952045
5091228992651
12889070648259
1436901025557
1073900035417
14299221291280
11371863923830
5784729200958
15569169221488
12185016870358
3906539816325
15973454789439
14563841144581
11323503820799
760135030711
3407086100485
17487046604720
15492033530485
17934972159032
12306853846525
2073191617918
15370785782706
4591855418172
14840043270570
8396899805547
14509064835593
8745857413521
11688644614788
11908433328940
1903318891686
8357641272274
7911256184459
3025003367783
1352840736440
15537829389294
7523423021769
13832774786036
14411497106601
371420428486
4715838207055
18210858820407
9999900387654
4989412097725
4720256401383
9012102599295
17278411245803
7091025449504
1546066059282
11951257041260
2317054487685
7506178651296
9458300707531
14882034435066
1556370971240
15317845523132
15430639184242
18477394440143
19229875593529
6348067978149
14793320870973
9298224406650
3595028075131
12324687371455
1963960345894
18684183038953
11170091348958
6490330083341
7272809747666
2738496097899
8500910534790
10903750737037
3052841337098
7861041497577
704635403766
17801418388058
17511440893761
15452952384929
1708990096243
20456967020592
10600346041667
14954887938955
11102717417644
13925711185120
19432252527567
2929465389284
7329941138853
7167021661155
18591463994700
5931631290765
4903252708583
918059973766
15175432116174
8357288484674
17055262346758
7664549425521
8377403120144
15511827057234
6560384601961
2502074207075
10489373561634
4546610267085
14866450057463
6107889424847
2408584270011
20314304246196
9033956604398
2113642996587
5009627680229
17161586138910
2190150681305
8854990678493
4644663524009
16874086404455
18354859764732
3048219157498
13693774094623
11186927975260
5275920609501
10703909222806
17953306226229
634474226440
12146937281375
10691303178785
7580580746486
3274740853326
3409904801201
12184647370921
17536686197311
1405504680089
10682808675664
18593989727265
11748165638150
16102913788557
3271787136487
625629168150
5143771176616
15362825290674
1357870156738
16336952751364
11830355866546
9207677166774
2797277973791
3323415092264
827266842747
5366640760003
2634173343696
12018063252626
7994037804178
12787728759466
13618886258654
20066125250157
5878288270418
12713762356857
14450728920717
19336439972277
11503166651501
4740304880211
2831265786983
5738743658987
4747561644559
12240666993865
19642709571765
20404797183689
13998664999455
4078819917139
16369186477242
21023770010911
10115475857120
4127889523901
16017247779838
13548536397819
2394902662714
10532608240604
5711524388230
9749696448158
7900751974821
15637742840592
6080530097373
13654431795178
1451268423129
1264604622397
3155915960005
13379145194159
4362287424235
2671214049176
9503288197823
11601231220323
17396301719768
19977423775575
14320322808942
4333602177942
18909946242222
7511677595550
7080445366843
5682047939053
9742741271421
6265311706607
18999618306024
949566334797
12270011807481
7686439608191
4454988248951
8292538500228
20738633217836
4736956841561
18832684564570
20987956499512
1297571475371
15605922435765
9515962730977
7298299935099
15583396405816
8517195550771
17958676015907
5884135976210
15153346930285
8914303086615
2358519262607
20873666887415
6204845373257
16374129970364
4523439565107
17295137913289
19142122108336
674979572262
2087533560602
16417938408340
13174259793509
11969820153699
19244451452541
7883755440855
7688208627751
20777079046962
585707151309
13334107183732
9786264040569
13301286451645
19266661050819
14373358977200
9936260657695
17458136846826
8354907582800
16076002042176
12987109333808
18513724190262
6138858213858
12298586172594
15103653772804
9507118497742
9612810677070
3506032242367
6837966402273
4609426670710
6601825415197
10493301058536
5922367965940
9515424899283
17165603316370
9872021069313
11643214909653
1324196605988
15071566449186
17004339756386
5281515992770
3781772009101
11422865449054
2566719556733
6261690247099
4844570263526
2231141670124
2234602219181
5679440107349
2434835821038
10589693227647
8041953606649
8360534227601
4412140506221
5728205968277
12138452190762
7560917605979
15513049376561
9002556209217
17122413327685
19881494430616
1091368418517
11728730670125
19708295980278
13579428777001
10217858531545
11810489275935
3578057944538
17125405524122
11992109063319
7166774986917
18561014469141
10755919312635
4261838902367
772048688872
4702900971741
355717705845
20731369269282
11016506002187
12959538372096
15535622687783
19563525273456
11847608975433
14455639953172
18270238815936
14940781271607
12134762793945
1128314589266
6730600071658
16787709586726
18260906833557
5828514823858
15210815541402
13291066552073
19333889637029
9523381770602
1879978652054
13894094238164
17164602512193
11128678299302
2315113418977
15940974859312
13651979216453
9206480572700
2766304711007
19873443672987
5350804506144
1733092144046
14095253296931
11443368236160
16734248634321
138746881814
2796958610988
17495458680535
3168007881666
12525391745103
10240797283252
13194307063195
13632038627371
2763585691168
3691674045783
6851328881662
3133702254999
17905446327397
4749402049876
2769738101341
2098131792593
17360430039625
4067095883998
19821508952936
11282608505465
18632632512966
11952148664391
3309869597102
2415783357280
9115461283175
3907740832452
10966457949362
2158019164830
12993155013285
4347713232307
7340406514151
12574561833732
20088101695047
20496185159087
11489751822807
10216094875163
8859691517295
3572895855897
13278876292063
18773884292795
11176669303738
16019548351690
1301450505700
11670951711693
5706224591687
5350338804382
6543589339342
10534258425305
6907749927785
8081204111948
3898183625196
10998017507044
7208687640880
16577771645746
18645629473133
4777988514238
6342539601284
11147163221849
3242861540907
20666872302421
6095626826787
17148227614161
19073993916587
17172058701019
14320341062781
18147147763803
19688595706600
13583880796975
4612603230222
18457800624270
13702013178668
13763495420219
10121322321095
13182351385963
20614678315390
18200866222494
1511118193362
8451233764793
18856849298459
3956187286575
10932630076176
3301033585680
6814242399269
5235282044493
15037915487427
18476414262070
12167372750933
19066605719937
13280633575640
15436949973320
12372543945431
5273445464010
1507081457576
13688557553384
7414355196217
16562657494648
11241063918338
4667550827461
14703274299954
4803071177636
8910904448879
5567863790193
15451644324955
10458905657767
18682494969833
509755779556
19509594623586
19294540479010
4775118948341
12530185125231
12646645311983
9906740651290
2881601773226
8644954300556
2352450168394
7309700152195
19624312707451
16364265699072
6626475279368
19284299886286
14966952721034
10734019792739
7144501671932
16044915452508
12082961963718
16384557173746
6747571623921
13165292801017
915681843527
16028057057497
11039695106480
12694386446116
10143467990514
17195228188154
4099772571698
5124965459063
11278523223129
13062149003423
4918894730218
18453107403675
16768691089990
19699400686738
7337388746453
14159405123617
13424931579344
9259715182444
15649907036037
278140806275
9390419422790
774949880848
7990096628043
2149154979340
1608527078232
15879660309165
18065174045809
16729794411462
8203971683567
8020972164533
8201368686893
6517849787447
3960559849397
10344171270740
19203042062504
8100209462549
7301543193921
18832205470242
190593257663
8339012463864
19690947738539
11147425852095
4017297574528
12675881179266
20606250439841
18531537996940
1401797844563
13431688656318
10220078912247
1979684747054
21026668897839
2209197300596
5879843912142
20559107426936
6080367857461
14905102210500
20262979267651
19555511802050
7642172934286
16912934713953
4502373741175
20367016816453
17137779458717
5134967036420
13056299513675
7932243521856
5014869206091
20698426238907
6710251096694
15824940424600
1477625518573
10562257037416
19248174944514
17704259321743
12768964830112
2531694839683
14924474885587
5592738266810
14039488015557
10993021030405
20668676153634
21044217854705
14715014666955
19632151533575
10357869950611
5230260650598
18093986172114
2261383241436
15915568836044
779122943826
18364160217967
13846528865177
17315795957336
5120291984701
503212383903
12683275108072
16590307103332
2448401674700
4383998175051
9301827165159
9944500211918
12271995530782
18741561029554
112127374461
20843556148367
14901296188860
12203505464504
2071657704116
14910486022289
15155529264478
7496497611399
14703502272134
1469989997952
16096341324734
13874520838453
2097904054417
7081618709701
1061616408881
16601129180689
14307256102786
14653793866950
2627928049955
10529806591736
1701908318066
19568650664331
5693347468104
6093639120519
2122241576709
17126657074507
11430610713280
5186348161217
20362423808722
5234665174482
11473982289036
8233376385365
8239950854640
13430991859240
16670065008183
1323199636498
139152529834
5868218545134
7491480293006
11929137191348
11539519277395
18410589329087
6456559361524
19263711511776
12707031685919
20842298244536
2127870006255
105578515477
2850448957081
14247685004067
6363047022457
14221673301008
3416069816892
5252508198731
14149842938505
18903040904044
15573856917413
1815126539900
3996403168815
20792344298178
18628777211956
15813652417975
10055454784440
13444344956455
9845922603016
10694102059382
19220958278100
6228143116028
14480357672040
15047825874507
11640974147430
11431633674580
7018865936868
13384801518569
1399258995955
545932413001
5449487972183
4307606262242
17462264158780
18418281630954
13575236224536
1894760046319
6284533493709
6205315676698
14848746237065
10436480200451
15356657753483
9313569080885
18207465407302
9324047065204
90405198087
18818914089455
7832473332057
16248336721488
16732802660630
10618862438157
16879820410150
19080567467285
14728506251343
1180315890594
1881660413424
4702852251147
9423086292813
13966255790403
5092525886182
16624552400577
4531634241471
12883179612474
7290050022254
6060900675237
10211467443990
3494012341102
17684051278819
17660657569032
2357155385415
18196084069228
15369974924610
8359648469827
6835723102568
14411282229252
13777499966746
13432463728544
5091865864695
13991057022353
20830193908257
14197212394737
5136670258132
1627757898111
8631114500914
12985404799054
7304518535432
7346507841577
7341368578736
16453540822127
18795085563800
16043170011927
3264577438465
6642328797335
8491562489182
10089904168547
16025204350347
16441594137492
10982127379330
2545501626747
16908567269165
13491508989225
16342709998131
677130549354
1564667152294
4225808134460
8281786514282
16083179663955
11109779970529
94604715125
18484402168079
20143400999715
8544532351553
17933388470312
18901223791317
2482002145218
5328345954029
2479838047671
15621803218530
10386352853067
801190071004
19753820123323
13259241045130
17910616388998
7486271283711
6410001175933
3019289784681
14581602755455
10260798833532
6485665703089
17490277412502
20001806081526
18327768939927
1585254153584
20558473683081
9241208081961
17776505565134
1368862182608
5261410766095
20494167581186
2371261832113
14266893513816
19232259759900
15929411988963
323182745849
13918669664793
7339091719199
2609228079215
19815623174652
5450008253748
6970543188502
5091623856613
19701623809876
20983988793954
5726154573014
1791089028914
18613850579581
11932140256553
256094606803
7991097453605
10982742853306
13945163452920
5696185050773
13915012403701
5140465077775
8616310722234
16473939376638
13940731953195
10794186017269
17876281417930
14407429612441
5861369398839
14383993948904
4260768832288
17551866515881
1536406831167
6478829729738
6426660061029
8047770888059
14681895332004
5102380395906
10031067636747
12298593211131
16460693479289
7786242251453
13556549186812
1372709404204
16908338555467
12595326363038
18981828976390
19380198028378
15044686168350
14029471818149
18955430171212
19941070513187
14871891470687
1238024752230
16777534385673
15488171445341
14250875610358
9082916435417
9673721388579
15605332551605
18573667719626
19520979503931
19011296603013
17083731202434
20278007760752
6378603373248
18069071384516
8267243717692
1187533795910
12600007722345
546882213683
15518135367195
9032619571083
11523967932722
17137431221379
19830954327765
9706969309420
1545996665742
14957632551215
828895648095
17706481095466
9372351033714
16873377102557
18988004148956
19576781463070
18026490306497
15679790630990
15671215306492
15711702848616
10199773866430
1120851046424
16640482913777
16319837598046
17269383249989
8876289323117
10236991426370
14917888082791
10269093874188
1594186617575
13696027597648
9114296197187
18258448756626
12103185591823
13886168197915
128299720673
11972873956297
16884172971448
7038065677420
12498338681886
18749935365694
7956172529707
6246766652442
10931687417639
19592402801470
10740445308443
6874586479030
1729322965962
7386488240092
16961621253418
1310112397388
1345705812541
13603953927657
14007069381600
20216120482496
11299158906523
15279830153043
17242983582981
16836673494551
16538599227477
19848406880668
6947495213748
20419447714678
19379441021407
8517827593042
19490798841691
12471978962837
19266394693315
16801142991279
12474397872796
4553974498058
6100237484469
5736148932536
8344074881663
9909343796897
18309954970858
10946459470772
14199908946215
13083683151516
4141641959917
14660397625739
15928557416462
18788013622434
8844347613220
11044325474885
211311317443
17151609320988
20514508581112
3562304098334
15227564807841
2239256014559
15965225131069
14157735150966
11390293295217
5875414798980
14509038699483
9959071045577
6915157606941
19032221984556
558061061846
20057068226094
6916296483533
696135267698
1550394327241
3101600993037
397598178466
2171772173958
740763591159
7116160998999
19384316435690
18366595502593
13425315403532
1118337427938
6724806428829
13632974894042
4702848370298
20768643263314
2339493213911
9078754960644
2726349686825
14590864436280
4607859883073
15454925041399
15313592029653
6472496583893
14178356670702
12725251076406
17148353058814
7022945333601
4914679161343
1556394647004
8529344215057
4559785763460
3775711264454
6236733620647
8975963936446
10048642349190
4848298918365
3673760146359
5714182125415
777499994154
3274299756623
16821936617821
3245019628699
20128832263766
5892357555275
12503623814323
16731568190095
10739717388513
14510299501033
10662130966073
6528537372770
12201562807163
16094773109345
16321362865960
12107560922415
1137090312284
15354996090431
18153773920139
10710260314884
18472730445014
7142661156487
8717787414821
2637110880768
6188675027658
690006635281
137901963835
9107337443428
17898423180337
5283451079079
5434167817454
19047067305070
13642007884618
3332741436545
10840904776053
615136124592
8523561911060
12889384713928
18680183226675
16701332887548
19979803431606
6296452776114
20533014167911
14947809104640
8982233276722
5101400139099
8592454380240
6429768847504
8903364466572
11852489426831
8315946425920
1544937031398
16750302647561
11377520723245
16413888831774
13361094604405
8508248414627
18338406460730
7783100565643
6100155205270
5553092654785
12464699249668
4743280435390
11538272732026
6782538901408
18531168118976
15076548683702
10775506165303
11856623986938
17387919035597
14513766814475
16418284285187
5287592020868
9617885053009
11028648334091
16634202243335
12087110654770
16224210973896
12094891690998
17775798275076
8335608611829
20114396524650
11043723271118
14520716345678
4252339787957
13920152352015
11841170107329
11524632626269
14835674134207
18312913645831
3757506315822
13371180772122
676804772786
15464916731457
3013082751103
9881524821337
11971005847518
3956472661412
7764100697813
14186022772339
18114921314383
8968092434895
17830214920581
17993436639897
18648423444565
6386535539892
13002682943860
7253075686821
13766642567653
13844876701046
6322468167361
463146774593
9386731462207
4669886445607
18939472146662
8413663154503
19814060427641
19300385274860
4395985344308
402684815972
10899270265191
17014944542568
19981886415
765572063232
9442940397607
10524752273646
15546881232966
18943786260456
13541796820748
5914128084366
1313187618947
5477918349267
1891635702814
7194608870346
18987342049129
17042454240327
8679042216889
10729479956465
15318730444263
7821737889772
16005501975494
13693738229760
216544013806
1204392709247
12513064542388
17279374475982
19273120063004
19405564961532
12404873762187
9039189905896
1213730574891
6400431651693
12223506462796
12145859647869
18391834839997
19128705130980
20544628486853
16501114763853
2789482361483
3011202297175
7308415615728
346869934332
13140156088463
8037530094372
10004506453471
9015089684689
12817252019116
6469413655344
1834253288170
20011476657100
17214763459182
19807690514097
20299826597911
19521367938756
18513745339258
3530570443268
1304642880504
19119662712526
368240938918
4940659355913
10468646241660
4833585693639
3156813984413
8781304769438
11602779311359
17541343549824
15608205886512
4725830007711
8043328305984
5389753851974
6895026847429
18876716188669
6686521558753
8862330004835
5620819471359
18191871910884
12381870220871
11919240437999
3549754821654
3728808972414
15241022498057
8177618706271
13565348401373
7805637982504
4037390017553
13867703231109
18711296375172
4739963105561
842335376524
1913782014110
7431078511433
20871329816935
9028147738707
4264200754364
7067799545939
12884038218813
793202984468
17892401261554
9154863367568
20283821043714
4009521932372
725990389186
11612807567345
19909117705622
13682250968957
18575369850969
15927193816237
16436407976138
10456291336372
3010076194574
4817972741345
7356831794824
17776278490084
18015905796693
7377618264807
1056860098109
14457734181586
16090124790044
12189222810244
11708929560722
12403364745962
3080164925279
8283323265762
1554839677152
11297281484211
1121701280249
14307836190200
19487898848707
12405182232388
10557867595609
20319936220360
298985497857
4795992144518
12152473995449
12986531293528
8372691267165
19365397678138
19237011271944
4117687173031
11080510103951
1764639110436
4342779318012
11330583974109
17812773961971
11806204256884
3350509613085
13326873534070
18039756123534
16835111645450
6406148267909
3438302112393
15264578444124
17083514493125
12060648885829
920519085737
10185102959895
6955867899054
15330809384934
19543623831348
10215602543636
11689924056232
6831178628607
12032030893147
2217322122344
872202019233
15129941319754
10329465835184
17200178728839
401344439233
17836244805275
14850633257506
4336274324195
13029240433488
17462348115168
7660427398863
2110311311369
9652216408037
19497218277388
6555585202353
14757927296852
2784493422766
14776515064914
7374152581444
11207529199141
10360158000008
12010331420623
19775477068253
16840727286961
16837261862355
1350327587605
2047703596219
15768581766913
7272669630705
15754031094304
5844705131634
17408492496390
9069915544650
8920559529878
5435788769120
8875511425629
5099315647750
1088351036960
7237535922987
2971922370101
14827157049027
5111392893969
15556691435925
12155443606571
18259688309537
18074237642194
9010242392799
17131488197425
1943053388463
2945823761700
19956749001418
18339146521350
3381424197677
16518474099267
1309033724767
5342245457117
5432777854735
7454870457020
20054610194417
5561754143756
5553025071831
7885408125083
16091401308303
8854334385184
11952301782629
6611154956951
1860843731183
2448474081011
14744977808178
15275138988249
928856654962
800442275300
20082840056849
7495258024921
245829407671
13176760442477
18923880922173
13346084065520
12776433361347
8315016140217
17284162386513
18476836528263
14930272619012
5106478518931
3388475136165
9498075796163
7169031217882
7822033755227
11945999194327
19327788435975
13876394999225
7192453159464
15658796230234
10660955723365
15641493668345
18614615059054
4056357157558
9517016488590
10219902575335
16000711172239
7943612413096
245378694945
5807878475181
13387686575843
5866985382621
7621969276652
16765722676147
10174189528395
2312182050466
8602961097586
10403952646425
1931348254627
11666737518775
5056870075868
18178500959137
12870415468442
19307160419628
16929959597592
17933229098459
8083131108475
14280392155719
18982000993693
10564366898724
5254304047631
994502630862
15619057552600
9307040403305
5814051546597
15325271790108
11136994286510
14402692049837
19488672406298
2846903464246
18279928494763
294932082321
3423377442476
3659902957590
5915809235720
19911424527936
1398300277456
1017485448853
13792880316800
11270964559471
4863284801240
14549537508072
3215221051767
7273890959369
19188857873567
17686182748213
11448752048428
4244473804305
8679516144864
1838551518380
5244823908046
5419343677707
10589787154468
11950010348107
10384921560168
5554964863264
5789413004029
13876940875882
16624263874467
20532237757393
14965058144576
15994413918606
12522694415233
20147367304872
7605805588814
19853704791983
13675423015338
18004242691083
4350194068393
12488821959947
15240374577820
19620258483305
7744799905239
18581624295848
20776664288350
20007640988883
19045487370792
5783363595193
19917936268585
11918328372113
9953489583123
6830321442860
17450960380841
11367488516317
7808770260986
7530833275970
3931868511484
2394390139548
3251666511462
15778892811069
17070487792958
15009406779627
14511792501214
19431416551623
3046124382966
19288884211
3119128241620
3085640230533
10503298203887
17931939685254
16241943256760
11121534174960
10976267461483
8173312198429
19034410925196
7868619083195
2255866355125
5057333607030
19240638337600
14870889499452
18510427840883
1739706887614
11125998017873
17142020379266
7610146468931
2030343281132
10589943799674
20087149270638
6452438824440
1741815890994
8713688494315
16954126675309
14223956861601
19182315100943
15034849869521
5270972433326
19593420410291
17453139838149
6422975919154
3958277833686
5218482940570
336023350617
6601488220797
19435108960923
19866568717864
8905719762267
17456190507419
5123559431387
6959999303186
1939525118198
6098490195416
12322601916005
12573910552719
10140982535836
4916853314744
