field	p	n	sample	seed	mode	status	exit_code	wall_ms	stdout_sha256	stderr_sha256	stdout_file
1	4294967291	3	3	202610100003	population	COMPLETE	0	2392	de415726e017fa52cdd4c96bd17af8fdad9acee9527526e6378c03a33a5606df	e3b0c44298fc1c149afbf4c8996fb92427ae41e4649b934ca495991b7852b855	f01_p4294967291_n3_population_s003.stdout
1	4294967291	3	1	202610100001	population	COMPLETE	0	2626	95b75c7e317ca53a4797aeb4849ae2ce0e6bb5e10b15c1b5f7a51cf33974dfc0	e3b0c44298fc1c149afbf4c8996fb92427ae41e4649b934ca495991b7852b855	f01_p4294967291_n3_population_s001.stdout
1	4294967291	3	2	202610100002	population	COMPLETE	0	2658	cc7f4b1b237eecf3d3399f71cf880545ec7068e5ffb97185babfde4ba049fe2d	e3b0c44298fc1c149afbf4c8996fb92427ae41e4649b934ca495991b7852b855	f01_p4294967291_n3_population_s002.stdout
1	4294967291	3	4	202610100004	population	COMPLETE	0	4260	48bc48810cbbf7ae2ad76e226b8adc3344ab977d6061ca34e11195648ef872b4	e3b0c44298fc1c149afbf4c8996fb92427ae41e4649b934ca495991b7852b855	f01_p4294967291_n3_population_s004.stdout
1	4294967291	3	7	202610100007	population	COMPLETE	0	2260	9c72a3696c60d9d0d3868b9f75f67f18e734e0d400ed301427995f8398cbf7de	e3b0c44298fc1c149afbf4c8996fb92427ae41e4649b934ca495991b7852b855	f01_p4294967291_n3_population_s007.stdout
1	4294967291	3	6	202610100006	population	COMPLETE	0	2659	ff33993a237f4330c5670709ddd014c35c6a81a11bbc69bf405370dd943fb3a0	e3b0c44298fc1c149afbf4c8996fb92427ae41e4649b934ca495991b7852b855	f01_p4294967291_n3_population_s006.stdout
1	4294967291	3	5	202610100005	population	COMPLETE	0	3933	1aa4cfe6b1d9977cdf9d5e36765032a7592e0d40b62eb922e98c07e07e5def4b	e3b0c44298fc1c149afbf4c8996fb92427ae41e4649b934ca495991b7852b855	f01_p4294967291_n3_population_s005.stdout
1	4294967291	3	9	202610100009	population	COMPLETE	0	1941	a6e3750e67c9f8a4cc203c53b963cf2053621f20b7c4a41895a7a55e6d6c5c78	e3b0c44298fc1c149afbf4c8996fb92427ae41e4649b934ca495991b7852b855	f01_p4294967291_n3_population_s009.stdout
1	4294967291	3	8	202610100008	population	COMPLETE	0	2883	d920ec6d75dc32e7b1cdadbfe8b8d63b3665cede09329700c29750c235fcdd47	e3b0c44298fc1c149afbf4c8996fb92427ae41e4649b934ca495991b7852b855	f01_p4294967291_n3_population_s008.stdout
1	4294967291	3	10	202610100010	population	COMPLETE	0	2640	214b5a863df9f9dd151a59a97f31b59cc7448418d8df7fe8c5183333aff9aa73	e3b0c44298fc1c149afbf4c8996fb92427ae41e4649b934ca495991b7852b855	f01_p4294967291_n3_population_s010.stdout
1	4294967291	3	11	202610100011	population	COMPLETE	0	2336	94152a313f16d092ac44ce8e7cb0c0018eed177934eb418e89b2bfe18241241e	e3b0c44298fc1c149afbf4c8996fb92427ae41e4649b934ca495991b7852b855	f01_p4294967291_n3_population_s011.stdout
1	4294967291	3	12	202610100012	population	COMPLETE	0	2099	2b58c5968a17694219059cec4d54f5dfe2b5bc0145d0d87a52699bb1c824d50f	e3b0c44298fc1c149afbf4c8996fb92427ae41e4649b934ca495991b7852b855	f01_p4294967291_n3_population_s012.stdout
1	4294967291	3	15	202610100015	population	COMPLETE	0	2195	fe56740cb5c9fbae3cfbcfc86f1731c5a7eeee01564a7e7a9226bc9e5c97523f	e3b0c44298fc1c149afbf4c8996fb92427ae41e4649b934ca495991b7852b855	f01_p4294967291_n3_population_s015.stdout
1	4294967291	3	13	202610100013	population	COMPLETE	0	3882	aa8566cb96be773134a28eb4e4b49986ec478b4fc574d787f7c68cca4e1ef283	e3b0c44298fc1c149afbf4c8996fb92427ae41e4649b934ca495991b7852b855	f01_p4294967291_n3_population_s013.stdout
1	4294967291	3	16	202610100016	population	COMPLETE	0	2113	1a33f8c79453b7abc44904223060bf85f9352d385241f477bf8144ca4a9356cf	e3b0c44298fc1c149afbf4c8996fb92427ae41e4649b934ca495991b7852b855	f01_p4294967291_n3_population_s016.stdout
1	4294967291	3	14	202610100014	population	COMPLETE	0	3690	11baac0d092b8f0db03a34deee4226a1b258e57f7a80909995932e21d9a83ef7	e3b0c44298fc1c149afbf4c8996fb92427ae41e4649b934ca495991b7852b855	f01_p4294967291_n3_population_s014.stdout
1	4294967291	3	17	202610100017	population	COMPLETE	0	2512	33f0dd11ceec5ded44d6e9b967d3f6b5e87082e252cc0cefd7fa0973a5433dc6	e3b0c44298fc1c149afbf4c8996fb92427ae41e4649b934ca495991b7852b855	f01_p4294967291_n3_population_s017.stdout
1	4294967291	3	18	202610100018	population	COMPLETE	0	3052	f7302b657a47348dc3cb0436193bfc6190be6fd1f502ef3d32dee8f928d86b18	e3b0c44298fc1c149afbf4c8996fb92427ae41e4649b934ca495991b7852b855	f01_p4294967291_n3_population_s018.stdout
1	4294967291	3	19	202610100019	population	COMPLETE	0	3273	23f7acab8bc11e1d6436175bd1836295d0c49df19ea2383682d444903e134af1	e3b0c44298fc1c149afbf4c8996fb92427ae41e4649b934ca495991b7852b855	f01_p4294967291_n3_population_s019.stdout
1	4294967291	3	20	202610100020	population	COMPLETE	0	3235	bbd1d2c4ea4ce128e166e611c36e1219f0dbeb51c2e11d735813943de387a931	e3b0c44298fc1c149afbf4c8996fb92427ae41e4649b934ca495991b7852b855	f01_p4294967291_n3_population_s020.stdout
1	4294967291	3	22	202610100022	population	COMPLETE	0	2739	14f066eadb49255f1648f6c7052ac639cd8b166511f8de56bab286d0b684ed76	e3b0c44298fc1c149afbf4c8996fb92427ae41e4649b934ca495991b7852b855	f01_p4294967291_n3_population_s022.stdout
1	4294967291	3	23	202610100023	population	COMPLETE	0	2604	7a08dac4c366d8773c225ff6d108053ad74533b9550cd002222744f5e33af323	e3b0c44298fc1c149afbf4c8996fb92427ae41e4649b934ca495991b7852b855	f01_p4294967291_n3_population_s023.stdout
1	4294967291	3	21	202610100021	population	COMPLETE	0	4329	e9bb9c787974a0d017c239d3e9a58c9539ba290b50bde59624d0e5f8f0fe9eb2	e3b0c44298fc1c149afbf4c8996fb92427ae41e4649b934ca495991b7852b855	f01_p4294967291_n3_population_s021.stdout
1	4294967291	3	26	202610100026	population	COMPLETE	0	1666	2cba56bdbd6dafe604cbcc5a03bfd9c299ba565baa0afa1e1cc50a07eb0e8927	e3b0c44298fc1c149afbf4c8996fb92427ae41e4649b934ca495991b7852b855	f01_p4294967291_n3_population_s026.stdout
1	4294967291	3	25	202610100025	population	COMPLETE	0	2450	d8bb91c8f3eaa545b4c5dfc55c0fa062958cfcab013be62052454336b3349dfc	e3b0c44298fc1c149afbf4c8996fb92427ae41e4649b934ca495991b7852b855	f01_p4294967291_n3_population_s025.stdout
1	4294967291	3	24	202610100024	population	COMPLETE	0	4936	891d0b5f1b4d375a47152ab1ddd71c1fe82a27443157d0ad538a1a822afa03f0	e3b0c44298fc1c149afbf4c8996fb92427ae41e4649b934ca495991b7852b855	f01_p4294967291_n3_population_s024.stdout
1	4294967291	3	28	202610100028	population	COMPLETE	0	2329	734f50d823f04355e2736a6c9d10d9e3cc1bc87b0e032917ebc77b0ac9d6505a	e3b0c44298fc1c149afbf4c8996fb92427ae41e4649b934ca495991b7852b855	f01_p4294967291_n3_population_s028.stdout
1	4294967291	3	27	202610100027	population	COMPLETE	0	3477	47f3930ce743a163789895b1b25fadabd43d15c9d172bdec2eb2327e33a5be1b	e3b0c44298fc1c149afbf4c8996fb92427ae41e4649b934ca495991b7852b855	f01_p4294967291_n3_population_s027.stdout
1	4294967291	3	29	202610100029	population	COMPLETE	0	2003	575af4df9c11ab0525fc02b428827332517a1e2e90d12df92ac5cfb44e01636f	e3b0c44298fc1c149afbf4c8996fb92427ae41e4649b934ca495991b7852b855	f01_p4294967291_n3_population_s029.stdout
1	4294967291	3	30	202610100030	population	COMPLETE	0	2443	a3c33ba249a16b10780890f754b18c90da841b50d81010f92c1c67152e01b1cd	e3b0c44298fc1c149afbf4c8996fb92427ae41e4649b934ca495991b7852b855	f01_p4294967291_n3_population_s030.stdout
1	4294967291	3	31	202610100031	population	COMPLETE	0	1874	ed8615715653c530948cc4f65741313479047a41bf99008e74710875e35b5041	e3b0c44298fc1c149afbf4c8996fb92427ae41e4649b934ca495991b7852b855	f01_p4294967291_n3_population_s031.stdout
1	4294967291	3	32	202610100032	population	COMPLETE	0	2120	e3ab7848b9e5610f03ced194315ac3bf429198c1406f30503f3a5d3c2b192550	e3b0c44298fc1c149afbf4c8996fb92427ae41e4649b934ca495991b7852b855	f01_p4294967291_n3_population_s032.stdout
1	4294967291	3	33	202610100033	population	COMPLETE	0	3332	c9f8fa81217ce3a3cad005482c65d65df5d8417cc3c219be6ba49a3b95e97b28	e3b0c44298fc1c149afbf4c8996fb92427ae41e4649b934ca495991b7852b855	f01_p4294967291_n3_population_s033.stdout
1	4294967291	3	34	202610100034	population	COMPLETE	0	2865	a5052c108cfff6b145264f09a2d542de274b1f56fd5bbd595c938f7b634e7a97	e3b0c44298fc1c149afbf4c8996fb92427ae41e4649b934ca495991b7852b855	f01_p4294967291_n3_population_s034.stdout
1	4294967291	3	36	202610100036	population	COMPLETE	0	3515	706deb33d7537e6847cb8a085a72b40f24f1dda2386988c55255f42f0de37b26	e3b0c44298fc1c149afbf4c8996fb92427ae41e4649b934ca495991b7852b855	f01_p4294967291_n3_population_s036.stdout
1	4294967291	3	35	202610100035	population	COMPLETE	0	5101	e3526dbb6069850d30729b71c4ee7890eca109848459273ba124ef9598b79d7f	e3b0c44298fc1c149afbf4c8996fb92427ae41e4649b934ca495991b7852b855	f01_p4294967291_n3_population_s035.stdout
1	4294967291	3	37	202610100037	population	COMPLETE	0	3326	183af93e16774ceb020207f3a5efe180c8db4a6689f4dd0a866c95e611c5afc2	e3b0c44298fc1c149afbf4c8996fb92427ae41e4649b934ca495991b7852b855	f01_p4294967291_n3_population_s037.stdout
1	4294967291	3	38	202610100038	population	COMPLETE	0	4168	ff310e07b4f8b576ec4077ed84fb3a6ec05ee9e2ce16f3a40a668927299f0910	e3b0c44298fc1c149afbf4c8996fb92427ae41e4649b934ca495991b7852b855	f01_p4294967291_n3_population_s038.stdout
1	4294967291	3	39	202610100039	population	COMPLETE	0	4251	5e9b7e031e0436c8906fbe99038e566bcd8a24e2964b60cde32bc533914891d2	e3b0c44298fc1c149afbf4c8996fb92427ae41e4649b934ca495991b7852b855	f01_p4294967291_n3_population_s039.stdout
1	4294967291	3	41	202610100041	population	COMPLETE	0	3588	3d8bac1919648ea0751776f5d6a554046692cffa6dbfdd7a3c5becf47bfb290f	e3b0c44298fc1c149afbf4c8996fb92427ae41e4649b934ca495991b7852b855	f01_p4294967291_n3_population_s041.stdout
1	4294967291	3	40	202610100040	population	COMPLETE	0	4116	6ccdd07372c051c778b907bded287858e396d2bd4f4850397cefb3d101abc139	e3b0c44298fc1c149afbf4c8996fb92427ae41e4649b934ca495991b7852b855	f01_p4294967291_n3_population_s040.stdout
1	4294967291	3	43	202610100043	population	COMPLETE	0	3528	57811deb916e2fca6ad9a63e2e49938428fe878667bf9e2924d4edccb860a9cb	e3b0c44298fc1c149afbf4c8996fb92427ae41e4649b934ca495991b7852b855	f01_p4294967291_n3_population_s043.stdout
1	4294967291	3	44	202610100044	population	COMPLETE	0	4222	316b0f5333f65f810e7a5b697cb00311ae8d99839041108e1b95b46507cfed0f	e3b0c44298fc1c149afbf4c8996fb92427ae41e4649b934ca495991b7852b855	f01_p4294967291_n3_population_s044.stdout
1	4294967291	3	45	202610100045	population	COMPLETE	0	3946	c14a3e3f5b6d27615e5607ed06e957d80c7b04b7aa492a79ab1a0f1edd199e13	e3b0c44298fc1c149afbf4c8996fb92427ae41e4649b934ca495991b7852b855	f01_p4294967291_n3_population_s045.stdout
1	4294967291	3	42	202610100042	population	COMPLETE	0	6797	9f6a1b5acd1786020f370f8f73fd64c30a1664ff47187dd5253b6264677e4353	e3b0c44298fc1c149afbf4c8996fb92427ae41e4649b934ca495991b7852b855	f01_p4294967291_n3_population_s042.stdout
1	4294967291	3	46	202610100046	population	COMPLETE	0	4471	acfde827c955803e7590f41f18278069b17afd0cbafbe97935bd379b75356884	e3b0c44298fc1c149afbf4c8996fb92427ae41e4649b934ca495991b7852b855	f01_p4294967291_n3_population_s046.stdout
1	4294967291	3	49	202610100049	population	COMPLETE	0	4356	f0fc5635afe3b9c057e7b08967ea78776da60f00f15af5c0539b01cf7c3ec384	e3b0c44298fc1c149afbf4c8996fb92427ae41e4649b934ca495991b7852b855	f01_p4294967291_n3_population_s049.stdout
1	4294967291	3	48	202610100048	population	COMPLETE	0	5298	6d9a8a176d6ea3858c129a185d60cfaff93452b55f6a5f7f69cf053a95c31a13	e3b0c44298fc1c149afbf4c8996fb92427ae41e4649b934ca495991b7852b855	f01_p4294967291_n3_population_s048.stdout
1	4294967291	3	50	202610100050	population	COMPLETE	0	4018	6661a28e7fd0a7daf0ae47ca0eb1f0cf3fc4cfbbe0c5f28a0719fe6e81144c00	e3b0c44298fc1c149afbf4c8996fb92427ae41e4649b934ca495991b7852b855	f01_p4294967291_n3_population_s050.stdout
1	4294967291	3	47	202610100047	population	COMPLETE	0	7398	821fd31a360367c08e0cccf582c398c8a7d515ea83c0a32fd304e42469e45471	e3b0c44298fc1c149afbf4c8996fb92427ae41e4649b934ca495991b7852b855	f01_p4294967291_n3_population_s047.stdout
1	4294967291	3	51	202610100051	population	COMPLETE	0	4480	7da96c350b1d734c92c9041f66864895e9fefa8cb04a1a4ca2cc05cf6f47990a	e3b0c44298fc1c149afbf4c8996fb92427ae41e4649b934ca495991b7852b855	f01_p4294967291_n3_population_s051.stdout
1	4294967291	3	52	202610100052	population	COMPLETE	0	5205	38f65ed32101fed6f936cce0a23131f12ffab3193fac6682d02fd38e08c04353	e3b0c44298fc1c149afbf4c8996fb92427ae41e4649b934ca495991b7852b855	f01_p4294967291_n3_population_s052.stdout
1	4294967291	3	53	202610100053	population	COMPLETE	0	5386	15c0a1ef800cd4c4633c6dd3ba294f9d87b543eaf7c96389e84e7f0c899ac872	e3b0c44298fc1c149afbf4c8996fb92427ae41e4649b934ca495991b7852b855	f01_p4294967291_n3_population_s053.stdout
1	4294967291	3	55	202610100055	population	COMPLETE	0	4823	5899a75eacf8e2ba8e696f90df956dd017ec9e47528b553cd0eefbae59a93f8c	e3b0c44298fc1c149afbf4c8996fb92427ae41e4649b934ca495991b7852b855	f01_p4294967291_n3_population_s055.stdout
1	4294967291	3	56	202610100056	population	COMPLETE	0	4151	8f9ae1151b1736b82f1dbaad2786f639336631df320d736827df2d12db1aed77	e3b0c44298fc1c149afbf4c8996fb92427ae41e4649b934ca495991b7852b855	f01_p4294967291_n3_population_s056.stdout
1	4294967291	3	54	202610100054	population	COMPLETE	0	7972	8fd7cca68faa175b5dfb7e8b3f4d43fe23ba0bd862a8332db294b085b47736df	e3b0c44298fc1c149afbf4c8996fb92427ae41e4649b934ca495991b7852b855	f01_p4294967291_n3_population_s054.stdout
1	4294967291	3	57	202610100057	population	COMPLETE	0	3490	75a347a1d08dacd7a34c9db164cdc52d3e341aec72802d0c043c11036938544e	e3b0c44298fc1c149afbf4c8996fb92427ae41e4649b934ca495991b7852b855	f01_p4294967291_n3_population_s057.stdout
1	4294967291	3	58	202610100058	population	COMPLETE	0	3400	0bd7fcba2766d848d51ce0ffa45c38d60fd06c7402fba7792be7cdf30f3123f1	e3b0c44298fc1c149afbf4c8996fb92427ae41e4649b934ca495991b7852b855	f01_p4294967291_n3_population_s058.stdout
1	4294967291	3	59	202610100059	population	COMPLETE	0	4776	b70eb7c28446bddfcc9f116bf944010df339f817138f4ff726bf6522d1ae0d0d	e3b0c44298fc1c149afbf4c8996fb92427ae41e4649b934ca495991b7852b855	f01_p4294967291_n3_population_s059.stdout
1	4294967291	3	60	202610100060	population	COMPLETE	0	4907	585d80081ae81093732254bd6508a938833d93562b1bfce7a4a1dc7ac929e3e6	e3b0c44298fc1c149afbf4c8996fb92427ae41e4649b934ca495991b7852b855	f01_p4294967291_n3_population_s060.stdout
1	4294967291	3	61	202610100061	population	COMPLETE	0	4265	9b51cdc3d9e6f75daac424da63f381e72306c81b36ed49e6880bf4290c18c9f3	e3b0c44298fc1c149afbf4c8996fb92427ae41e4649b934ca495991b7852b855	f01_p4294967291_n3_population_s061.stdout
1	4294967291	3	62	202610100062	population	COMPLETE	0	6916	e2592e6f29b3c35210f4c3ab499b977c9218346bddc6ce268a3e6357bf8228c9	e3b0c44298fc1c149afbf4c8996fb92427ae41e4649b934ca495991b7852b855	f01_p4294967291_n3_population_s062.stdout
1	4294967291	3	63	202610100063	population	COMPLETE	0	4964	285f7fa7dd9d407eb90436e15b92842bb95888e206853c97081d83b76a49739f	e3b0c44298fc1c149afbf4c8996fb92427ae41e4649b934ca495991b7852b855	f01_p4294967291_n3_population_s063.stdout
2	17179869143	3	1	202610110001	population	COMPLETE	0	4565	b32e5e1fa1786bc947455ff785a93779afbb7574aa628faf22c99373279517ff	e3b0c44298fc1c149afbf4c8996fb92427ae41e4649b934ca495991b7852b855	f02_p17179869143_n3_population_s001.stdout
1	4294967291	3	64	202610100064	population	COMPLETE	0	4993	97c4a8201ff0e6e0ca93dc1b10f48b2aa4ca0e8677fc39ceb0b38dde19748baf	e3b0c44298fc1c149afbf4c8996fb92427ae41e4649b934ca495991b7852b855	f01_p4294967291_n3_population_s064.stdout
2	17179869143	3	3	202610110003	population	COMPLETE	0	4505	3208f077d1cc72c4ab82f1258ffbeab48bcefec41c77bcb6a958867138223b05	e3b0c44298fc1c149afbf4c8996fb92427ae41e4649b934ca495991b7852b855	f02_p17179869143_n3_population_s003.stdout
2	17179869143	3	2	202610110002	population	COMPLETE	0	5761	bb83b11d45ead0685afcc93e2192e62cef9469e8a766bba7c563175d2945c9f7	e3b0c44298fc1c149afbf4c8996fb92427ae41e4649b934ca495991b7852b855	f02_p17179869143_n3_population_s002.stdout
2	17179869143	3	5	202610110005	population	COMPLETE	0	5856	86e98f732a577af261baba01fdfa857fc919c134a53d7ee4a8b3a93482364305	e3b0c44298fc1c149afbf4c8996fb92427ae41e4649b934ca495991b7852b855	f02_p17179869143_n3_population_s005.stdout
2	17179869143	3	4	202610110004	population	COMPLETE	0	6768	5b710a98464ff020c30100d5658cb0208352640fb7db2b4b5f35f797a53f31d0	e3b0c44298fc1c149afbf4c8996fb92427ae41e4649b934ca495991b7852b855	f02_p17179869143_n3_population_s004.stdout
2	17179869143	3	6	202610110006	population	COMPLETE	0	4511	43282a1738c15ac8d09128a10e1226e2de2088a433d70b992e7e8a2f4c45b2fd	e3b0c44298fc1c149afbf4c8996fb92427ae41e4649b934ca495991b7852b855	f02_p17179869143_n3_population_s006.stdout
2	17179869143	3	7	202610110007	population	COMPLETE	0	4062	eaa41bcf36d9c3d475a143c92423c59da1c876ee16c0b056a90dca8b7410c6d0	e3b0c44298fc1c149afbf4c8996fb92427ae41e4649b934ca495991b7852b855	f02_p17179869143_n3_population_s007.stdout
2	17179869143	3	8	202610110008	population	COMPLETE	0	5213	2539e6e3edc24175691bd6b4253bb13699eaf3435ed92d2f20dc1d972b41c5ce	e3b0c44298fc1c149afbf4c8996fb92427ae41e4649b934ca495991b7852b855	f02_p17179869143_n3_population_s008.stdout
2	17179869143	3	9	202610110009	population	COMPLETE	0	6134	0859023090a21bec6f2bd42ecf67432a7b6964f543bb202a15353a6dd0496c34	e3b0c44298fc1c149afbf4c8996fb92427ae41e4649b934ca495991b7852b855	f02_p17179869143_n3_population_s009.stdout
2	17179869143	3	10	202610110010	population	COMPLETE	0	4492	cbc7c7d273a18ce671ab3925238e3880d8c3c4dda393aff9e040f79b086e0e58	e3b0c44298fc1c149afbf4c8996fb92427ae41e4649b934ca495991b7852b855	f02_p17179869143_n3_population_s010.stdout
2	17179869143	3	11	202610110011	population	COMPLETE	0	4251	05acfc24b84e8ffcd9d190a236a48a22df634b75b706820c503987a12c397860	e3b0c44298fc1c149afbf4c8996fb92427ae41e4649b934ca495991b7852b855	f02_p17179869143_n3_population_s011.stdout
2	17179869143	3	12	202610110012	population	COMPLETE	0	3723	dfeef8ab29e92ef9ac8120702610593c96d1de629685470e43bff473d7017d3b	e3b0c44298fc1c149afbf4c8996fb92427ae41e4649b934ca495991b7852b855	f02_p17179869143_n3_population_s012.stdout
2	17179869143	3	15	202610110015	population	COMPLETE	0	4153	d35712123cd9e67b3791af1357804fb6a98257b48d387514e60247b05cd3ebe5	e3b0c44298fc1c149afbf4c8996fb92427ae41e4649b934ca495991b7852b855	f02_p17179869143_n3_population_s015.stdout
2	17179869143	3	14	202610110014	population	COMPLETE	0	5548	71d7cec3db08f61f090127180a386e08a3c74dad9a937b27d535264a09f73e4a	e3b0c44298fc1c149afbf4c8996fb92427ae41e4649b934ca495991b7852b855	f02_p17179869143_n3_population_s014.stdout
2	17179869143	3	13	202610110013	population	COMPLETE	0	6074	f6a71031c27899732c620757d5f614323db5f3d12ae2bc8488bae490005154d6	e3b0c44298fc1c149afbf4c8996fb92427ae41e4649b934ca495991b7852b855	f02_p17179869143_n3_population_s013.stdout
2	17179869143	3	16	202610110016	population	COMPLETE	0	6137	fede97de1063f3acb39a85cf29227989bae178d0e7dcc6970c13f44fbc85ef45	e3b0c44298fc1c149afbf4c8996fb92427ae41e4649b934ca495991b7852b855	f02_p17179869143_n3_population_s016.stdout
2	17179869143	3	17	202610110017	population	COMPLETE	0	5069	185c167e8abb7d21a3ee49f7b56a0339a34d374e50b601e569ee6eae80a5d236	e3b0c44298fc1c149afbf4c8996fb92427ae41e4649b934ca495991b7852b855	f02_p17179869143_n3_population_s017.stdout
2	17179869143	3	18	202610110018	population	COMPLETE	0	5322	123133f6d9a5276f126d71ac49b53e1dae9e7a0b98665f115584cd1bbfd35e9d	e3b0c44298fc1c149afbf4c8996fb92427ae41e4649b934ca495991b7852b855	f02_p17179869143_n3_population_s018.stdout
2	17179869143	3	19	202610110019	population	COMPLETE	0	5694	b97377683ca153a88b7e3d065592e656a366dbe2f80c0a0f90eae3eb3670b07c	e3b0c44298fc1c149afbf4c8996fb92427ae41e4649b934ca495991b7852b855	f02_p17179869143_n3_population_s019.stdout
2	17179869143	3	21	202610110021	population	COMPLETE	0	3733	40f199dd97770abf9b3f561edf46c840b27a127a1888b5c560ec4570eed77303	e3b0c44298fc1c149afbf4c8996fb92427ae41e4649b934ca495991b7852b855	f02_p17179869143_n3_population_s021.stdout
2	17179869143	3	22	202610110022	population	COMPLETE	0	3413	f23dfeabf7c69b57c687e5a528562d840ad5030f257c142274877b7732370369	e3b0c44298fc1c149afbf4c8996fb92427ae41e4649b934ca495991b7852b855	f02_p17179869143_n3_population_s022.stdout
2	17179869143	3	20	202610110020	population	COMPLETE	0	7003	e940c23e3bee9a2c320c650cabd922cf8d97f0c38cd722c44144b1cb72423b8b	e3b0c44298fc1c149afbf4c8996fb92427ae41e4649b934ca495991b7852b855	f02_p17179869143_n3_population_s020.stdout
2	17179869143	3	24	202610110024	population	COMPLETE	0	3309	8d0d17b9b0fb541d8fbad75394a263310edc9e7b05781914b0e7a6194264e185	e3b0c44298fc1c149afbf4c8996fb92427ae41e4649b934ca495991b7852b855	f02_p17179869143_n3_population_s024.stdout
2	17179869143	3	23	202610110023	population	COMPLETE	0	5645	00fe07841045d2c7c08c34640ac0129f7435caa612f5cac4e2ae2c6c751034a5	e3b0c44298fc1c149afbf4c8996fb92427ae41e4649b934ca495991b7852b855	f02_p17179869143_n3_population_s023.stdout
2	17179869143	3	25	202610110025	population	COMPLETE	0	3788	9c41a449419e68bdaf40067c1155e3f896b076f234476f73ae04dcf658351230	e3b0c44298fc1c149afbf4c8996fb92427ae41e4649b934ca495991b7852b855	f02_p17179869143_n3_population_s025.stdout
2	17179869143	3	27	202610110027	population	COMPLETE	0	4126	f39cd93e27f601ba4cde519964f9b3ef3731337bc05b4f7fea7c535d39fa7bdd	e3b0c44298fc1c149afbf4c8996fb92427ae41e4649b934ca495991b7852b855	f02_p17179869143_n3_population_s027.stdout
2	17179869143	3	28	202610110028	population	COMPLETE	0	3458	940b1dde0c4fa3001f1536d647f30b3fedde51d760cdcc4aefb260b0d2a842be	e3b0c44298fc1c149afbf4c8996fb92427ae41e4649b934ca495991b7852b855	f02_p17179869143_n3_population_s028.stdout
2	17179869143	3	29	202610110029	population	COMPLETE	0	3367	4c1d061289e26bcf5ed665f7c74e52196876f892c5d41c2cd8493dbad6ac9367	e3b0c44298fc1c149afbf4c8996fb92427ae41e4649b934ca495991b7852b855	f02_p17179869143_n3_population_s029.stdout
2	17179869143	3	26	202610110026	population	COMPLETE	0	7126	31f0c4b2c66ecd0c2e78fe34a74f9855e7d0198076ec53bf0bb6b6ce4d2e24d6	e3b0c44298fc1c149afbf4c8996fb92427ae41e4649b934ca495991b7852b855	f02_p17179869143_n3_population_s026.stdout
2	17179869143	3	30	202610110030	population	COMPLETE	0	3524	537461b920d1c8f61e304bb02021d7526fc39f0ce87bc8a001a0a6f7c8148497	e3b0c44298fc1c149afbf4c8996fb92427ae41e4649b934ca495991b7852b855	f02_p17179869143_n3_population_s030.stdout
2	17179869143	3	31	202610110031	population	COMPLETE	0	4389	dbd18a9b43a6c4fd8ec5d45ec2d78c5f01659ab9df4a8709b5c0c301d48856b6	e3b0c44298fc1c149afbf4c8996fb92427ae41e4649b934ca495991b7852b855	f02_p17179869143_n3_population_s031.stdout
2	17179869143	3	32	202610110032	population	COMPLETE	0	3767	181838f4cb62e7f7bcf557a80e1292ba63a80dabdb7d17b48d97355e67951983	e3b0c44298fc1c149afbf4c8996fb92427ae41e4649b934ca495991b7852b855	f02_p17179869143_n3_population_s032.stdout
2	17179869143	3	33	202610110033	population	COMPLETE	0	3758	608662cb4672efeb69782277c5858c697519bb0f6487ed8693a8057013fcf1ac	e3b0c44298fc1c149afbf4c8996fb92427ae41e4649b934ca495991b7852b855	f02_p17179869143_n3_population_s033.stdout
2	17179869143	3	34	202610110034	population	COMPLETE	0	4481	92dc504edfb7334892d85f216123095adee519684e6d631b5941a9b162c64e12	e3b0c44298fc1c149afbf4c8996fb92427ae41e4649b934ca495991b7852b855	f02_p17179869143_n3_population_s034.stdout
2	17179869143	3	35	202610110035	population	COMPLETE	0	3711	6bda5427aef0fca183d188e4d767a653e0805e74bb45df5b34fffb6c24c5aa25	e3b0c44298fc1c149afbf4c8996fb92427ae41e4649b934ca495991b7852b855	f02_p17179869143_n3_population_s035.stdout
2	17179869143	3	36	202610110036	population	COMPLETE	0	3858	ad8fa2d187757a04ea30c963ad1c5ba655ad786d1b15aa7ee609028c5ee5efbe	e3b0c44298fc1c149afbf4c8996fb92427ae41e4649b934ca495991b7852b855	f02_p17179869143_n3_population_s036.stdout
2	17179869143	3	37	202610110037	population	COMPLETE	0	5063	99ad667acf34dc6ef8ef1115ac659c7f40c541bebbbdff21e428d34083b1cd9f	e3b0c44298fc1c149afbf4c8996fb92427ae41e4649b934ca495991b7852b855	f02_p17179869143_n3_population_s037.stdout
2	17179869143	3	39	202610110039	population	COMPLETE	0	3396	d454cd7782295584fe1b74802045530007574b373c62f2d696b84c06c972ed28	e3b0c44298fc1c149afbf4c8996fb92427ae41e4649b934ca495991b7852b855	f02_p17179869143_n3_population_s039.stdout
2	17179869143	3	40	202610110040	population	COMPLETE	0	3490	c2fd9311eedd89d82e7ee94bb033119622334c62f7c16511f284700fceea1238	e3b0c44298fc1c149afbf4c8996fb92427ae41e4649b934ca495991b7852b855	f02_p17179869143_n3_population_s040.stdout
2	17179869143	3	38	202610110038	population	COMPLETE	0	5047	dc41b193d97dfe96c1f5a73edc4f854ed2836b0d3442a4f17caad06b65207b2d	e3b0c44298fc1c149afbf4c8996fb92427ae41e4649b934ca495991b7852b855	f02_p17179869143_n3_population_s038.stdout
2	17179869143	3	42	202610110042	population	COMPLETE	0	2970	9a22a4e8f2158b839407cac0c8fe4a3690bad4654f2eea134993c8b13f1257e5	e3b0c44298fc1c149afbf4c8996fb92427ae41e4649b934ca495991b7852b855	f02_p17179869143_n3_population_s042.stdout
2	17179869143	3	41	202610110041	population	COMPLETE	0	4348	b9c5bc8fffebad2de363c53e3b1b7bb9d1d0eb619f1d529c74dc0e4801e8a047	e3b0c44298fc1c149afbf4c8996fb92427ae41e4649b934ca495991b7852b855	f02_p17179869143_n3_population_s041.stdout
2	17179869143	3	43	202610110043	population	COMPLETE	0	2959	628d1fdaee624c70303e9373e332af8c47b0db14ade1cd6aa0ec42c31d708c06	e3b0c44298fc1c149afbf4c8996fb92427ae41e4649b934ca495991b7852b855	f02_p17179869143_n3_population_s043.stdout
2	17179869143	3	44	202610110044	population	COMPLETE	0	2871	e57c891f2355041046158e0d68e752c067c89f83a3069e26814c47c6f917d0fd	e3b0c44298fc1c149afbf4c8996fb92427ae41e4649b934ca495991b7852b855	f02_p17179869143_n3_population_s044.stdout
2	17179869143	3	45	202610110045	population	COMPLETE	0	1925	6ed66f798756b7a55a9a185a3c291c23739cb2729c5111c4b96c261ecf87ddd4	e3b0c44298fc1c149afbf4c8996fb92427ae41e4649b934ca495991b7852b855	f02_p17179869143_n3_population_s045.stdout
2	17179869143	3	46	202610110046	population	COMPLETE	0	1900	40049f2d374798ad337771800ddb9ce5cf57ef2771e6874b9768ace3ae70ba32	e3b0c44298fc1c149afbf4c8996fb92427ae41e4649b934ca495991b7852b855	f02_p17179869143_n3_population_s046.stdout
2	17179869143	3	47	202610110047	population	COMPLETE	0	1931	b74d090c0936ddd40f8c8883461da3f66f461847dd9d4326354652a549ec2614	e3b0c44298fc1c149afbf4c8996fb92427ae41e4649b934ca495991b7852b855	f02_p17179869143_n3_population_s047.stdout
2	17179869143	3	48	202610110048	population	COMPLETE	0	2005	5400ae615b042d1a8c2ea1ed8b4be88045cc1de787d02e5c694a5b78f8e77497	e3b0c44298fc1c149afbf4c8996fb92427ae41e4649b934ca495991b7852b855	f02_p17179869143_n3_population_s048.stdout
2	17179869143	3	49	202610110049	population	COMPLETE	0	1921	3109f91e8b285479a9fcaf48c03be872d5f9ca24813a11bdacfb0f1faef1b570	e3b0c44298fc1c149afbf4c8996fb92427ae41e4649b934ca495991b7852b855	f02_p17179869143_n3_population_s049.stdout
2	17179869143	3	51	202610110051	population	COMPLETE	0	2246	7839493a3405eafa0da32049e4e45a179daffb3ef1eecab2269bb8c960025d16	e3b0c44298fc1c149afbf4c8996fb92427ae41e4649b934ca495991b7852b855	f02_p17179869143_n3_population_s051.stdout
2	17179869143	3	50	202610110050	population	COMPLETE	0	3281	f73960b86544ca9d4d059df9fc3adae2f8b641ffb5fd25d3970d0c06e30fc7ba	e3b0c44298fc1c149afbf4c8996fb92427ae41e4649b934ca495991b7852b855	f02_p17179869143_n3_population_s050.stdout
2	17179869143	3	52	202610110052	population	COMPLETE	0	2007	0668c9513b6f81324ddb4810693e39c50b0a8f951099ddcfd48687ea8e307844	e3b0c44298fc1c149afbf4c8996fb92427ae41e4649b934ca495991b7852b855	f02_p17179869143_n3_population_s052.stdout
2	17179869143	3	54	202610110054	population	COMPLETE	0	2019	960fe2270769ef7681f73645a630e92c93005b842067602f02a507585d873ef4	e3b0c44298fc1c149afbf4c8996fb92427ae41e4649b934ca495991b7852b855	f02_p17179869143_n3_population_s054.stdout
2	17179869143	3	53	202610110053	population	COMPLETE	0	2939	48ee2e4840747b5d9da055831f3c861778eab7702cd3dde640e668fa17371b1d	e3b0c44298fc1c149afbf4c8996fb92427ae41e4649b934ca495991b7852b855	f02_p17179869143_n3_population_s053.stdout
2	17179869143	3	56	202610110056	population	COMPLETE	0	2141	3b4d16f07a6b744dc89fa68d07bc8eba467a011ff34a01f11b577f2a1414a042	e3b0c44298fc1c149afbf4c8996fb92427ae41e4649b934ca495991b7852b855	f02_p17179869143_n3_population_s056.stdout
2	17179869143	3	55	202610110055	population	COMPLETE	0	2225	815dd96a619dc0b162836a0306bbb20a66ca1a405cee9977aa1d8a096d37ddd3	e3b0c44298fc1c149afbf4c8996fb92427ae41e4649b934ca495991b7852b855	f02_p17179869143_n3_population_s055.stdout
2	17179869143	3	57	202610110057	population	COMPLETE	0	1816	abd9a57772e4bc2fc40192431cf7559110863d2713298f21b2a68149ad0e04c1	e3b0c44298fc1c149afbf4c8996fb92427ae41e4649b934ca495991b7852b855	f02_p17179869143_n3_population_s057.stdout
2	17179869143	3	58	202610110058	population	COMPLETE	0	2221	738c4a470aa16b9e0bb51dada4affcf9f8bcddcb4ead19de7870288f2e6d8709	e3b0c44298fc1c149afbf4c8996fb92427ae41e4649b934ca495991b7852b855	f02_p17179869143_n3_population_s058.stdout
2	17179869143	3	59	202610110059	population	COMPLETE	0	2424	46bb0a8bab9dbccacf4b8bc5e7748ae7124d5fc48a163cec74b8387d113b6c83	e3b0c44298fc1c149afbf4c8996fb92427ae41e4649b934ca495991b7852b855	f02_p17179869143_n3_population_s059.stdout
2	17179869143	3	60	202610110060	population	COMPLETE	0	3191	1004fa7727aebbebff381ab00954049156b74e06387d1f89138370bf543abd2a	e3b0c44298fc1c149afbf4c8996fb92427ae41e4649b934ca495991b7852b855	f02_p17179869143_n3_population_s060.stdout
2	17179869143	3	62	202610110062	population	COMPLETE	0	2233	dc184eb17bb41bd09762c9b09c5af352578518da43936651c7c1a9419b9134e6	e3b0c44298fc1c149afbf4c8996fb92427ae41e4649b934ca495991b7852b855	f02_p17179869143_n3_population_s062.stdout
2	17179869143	3	61	202610110061	population	COMPLETE	0	2981	0f2f8507a98fb2db25d893b3a15a082be52b8e304b04fda73ba38691b136c3ba	e3b0c44298fc1c149afbf4c8996fb92427ae41e4649b934ca495991b7852b855	f02_p17179869143_n3_population_s061.stdout
2	17179869143	3	64	202610110064	population	COMPLETE	0	2666	e479df50d0013ae59b2506dec0f47de3dd08535f40f2d2c4f861aad466ae0e3d	e3b0c44298fc1c149afbf4c8996fb92427ae41e4649b934ca495991b7852b855	f02_p17179869143_n3_population_s064.stdout
3	68719476731	3	1	202610120001	population	COMPLETE	0	2978	9e878f909baae52e21cb35b7e8d96507d0365a244e4e5b1799aee71189439137	e3b0c44298fc1c149afbf4c8996fb92427ae41e4649b934ca495991b7852b855	f03_p68719476731_n3_population_s001.stdout
3	68719476731	3	2	202610120002	population	COMPLETE	0	2898	a6c16602a3469695faf67c672b60cf2a3f43d8b3494eb1ceffd8160e4e8328ca	e3b0c44298fc1c149afbf4c8996fb92427ae41e4649b934ca495991b7852b855	f03_p68719476731_n3_population_s002.stdout
2	17179869143	3	63	202610110063	population	COMPLETE	0	4921	e5fc053153309231ae555dc3d70bba03120b18fd7eeaeb41e51b1daa97c27621	e3b0c44298fc1c149afbf4c8996fb92427ae41e4649b934ca495991b7852b855	f02_p17179869143_n3_population_s063.stdout
3	68719476731	3	3	202610120003	population	COMPLETE	0	2542	5899c012c5f1cd2e5bf20d5abdfee7f87f16a5f03610969bfcb5acb14798fe35	e3b0c44298fc1c149afbf4c8996fb92427ae41e4649b934ca495991b7852b855	f03_p68719476731_n3_population_s003.stdout
3	68719476731	3	5	202610120005	population	COMPLETE	0	3727	dccdc2c6e21df524661de9de0134f7aa5132cdd24bfec0b94028c56d0999093c	e3b0c44298fc1c149afbf4c8996fb92427ae41e4649b934ca495991b7852b855	f03_p68719476731_n3_population_s005.stdout
3	68719476731	3	7	202610120007	population	COMPLETE	0	2449	5c0d1f5652d1df2d247ddfd57d3d1cd8d45e29d9c8138451631d6b7ff4f9e773	e3b0c44298fc1c149afbf4c8996fb92427ae41e4649b934ca495991b7852b855	f03_p68719476731_n3_population_s007.stdout
3	68719476731	3	6	202610120006	population	COMPLETE	0	3628	e43e317d7195f0c56d0cb1ac35e39d95202b09e95d1ad73e6d213d86c15f03c8	e3b0c44298fc1c149afbf4c8996fb92427ae41e4649b934ca495991b7852b855	f03_p68719476731_n3_population_s006.stdout
3	68719476731	3	4	202610120004	population	COMPLETE	0	4319	b4a80a9eb39db9d9b5330fbce1383169cd4b6ab0cb4f6503e223ab21badcb1ba	e3b0c44298fc1c149afbf4c8996fb92427ae41e4649b934ca495991b7852b855	f03_p68719476731_n3_population_s004.stdout
3	68719476731	3	8	202610120008	population	COMPLETE	0	2674	b6fccd85bcb4a067674fde6c6b9c2d2b63318e1ba7dbf1b4a3975915af9a8d50	e3b0c44298fc1c149afbf4c8996fb92427ae41e4649b934ca495991b7852b855	f03_p68719476731_n3_population_s008.stdout
3	68719476731	3	9	202610120009	population	COMPLETE	0	2660	f738fd67040d01b59a954542dbd4d883b1e87611309c233bafb3beaea1295882	e3b0c44298fc1c149afbf4c8996fb92427ae41e4649b934ca495991b7852b855	f03_p68719476731_n3_population_s009.stdout
3	68719476731	3	11	202610120011	population	COMPLETE	0	3394	5cc045b1a223342aeacded12b7b2d319c63567a14ebd2e6c4f502ae2b22221ce	e3b0c44298fc1c149afbf4c8996fb92427ae41e4649b934ca495991b7852b855	f03_p68719476731_n3_population_s011.stdout
3	68719476731	3	10	202610120010	population	COMPLETE	0	4068	637829ef076ad1ae32abcd619b92cefe9f3e590ab7ff5e061c323ca8ffdd3673	e3b0c44298fc1c149afbf4c8996fb92427ae41e4649b934ca495991b7852b855	f03_p68719476731_n3_population_s010.stdout
3	68719476731	3	12	202610120012	population	COMPLETE	0	2833	a48106a1618b8715d8046ec0015d964f82f0c8bff2621c4b5cffd3b8c768ae96	e3b0c44298fc1c149afbf4c8996fb92427ae41e4649b934ca495991b7852b855	f03_p68719476731_n3_population_s012.stdout
3	68719476731	3	13	202610120013	population	COMPLETE	0	3083	e0208194e4179723f8798f3a1390137f8368579fb9011ba3fc0c33850028f3f7	e3b0c44298fc1c149afbf4c8996fb92427ae41e4649b934ca495991b7852b855	f03_p68719476731_n3_population_s013.stdout
3	68719476731	3	15	202610120015	population	COMPLETE	0	2098	d518302372e08005d9784da927bdef8e0e8b965dab765c7102a2431cae0c77b7	e3b0c44298fc1c149afbf4c8996fb92427ae41e4649b934ca495991b7852b855	f03_p68719476731_n3_population_s015.stdout
3	68719476731	3	14	202610120014	population	COMPLETE	0	2946	9497ae996c37cb61e5ce145d9ee2b818ed20a3758c5e359ab22aec6e19a7d452	e3b0c44298fc1c149afbf4c8996fb92427ae41e4649b934ca495991b7852b855	f03_p68719476731_n3_population_s014.stdout
3	68719476731	3	16	202610120016	population	COMPLETE	0	1933	46027dba1e6763db9967c1bcf6ae5887922792173c39ff15032019d328f79710	e3b0c44298fc1c149afbf4c8996fb92427ae41e4649b934ca495991b7852b855	f03_p68719476731_n3_population_s016.stdout
3	68719476731	3	17	202610120017	population	COMPLETE	0	2338	2e4cc53d93d26d244c4b8a36a4bb1d5abc9e5f6e3506f8277d78500b71874635	e3b0c44298fc1c149afbf4c8996fb92427ae41e4649b934ca495991b7852b855	f03_p68719476731_n3_population_s017.stdout
3	68719476731	3	18	202610120018	population	COMPLETE	0	2648	0d16f0b4cb5d84536676a18a12af07b36c460efc82dd160dfbee579fdbebf16b	e3b0c44298fc1c149afbf4c8996fb92427ae41e4649b934ca495991b7852b855	f03_p68719476731_n3_population_s018.stdout
3	68719476731	3	20	202610120020	population	COMPLETE	0	2509	88a0512b079f6595e48ae864e93b15d86a76b797c18839110160d35f447f53a0	e3b0c44298fc1c149afbf4c8996fb92427ae41e4649b934ca495991b7852b855	f03_p68719476731_n3_population_s020.stdout
3	68719476731	3	19	202610120019	population	COMPLETE	0	3285	316634f2f0d302de964da01f5e385cd42337bea5542378d6b8ec8bd97e80acc8	e3b0c44298fc1c149afbf4c8996fb92427ae41e4649b934ca495991b7852b855	f03_p68719476731_n3_population_s019.stdout
3	68719476731	3	21	202610120021	population	COMPLETE	0	2212	738364b5577fb85a78e6756afc705d013e1e98d9a0d23e59870891a9b0e257a6	e3b0c44298fc1c149afbf4c8996fb92427ae41e4649b934ca495991b7852b855	f03_p68719476731_n3_population_s021.stdout
3	68719476731	3	22	202610120022	population	COMPLETE	0	2675	c298c01c8e9901dc9c73ce57eeb75526804f496be230da2a1331b91a2bf8185b	e3b0c44298fc1c149afbf4c8996fb92427ae41e4649b934ca495991b7852b855	f03_p68719476731_n3_population_s022.stdout
3	68719476731	3	23	202610120023	population	COMPLETE	0	3515	dee0926a136c04923a65b037c14517df956ab2f9952ef2cccf6b7dde931eb547	e3b0c44298fc1c149afbf4c8996fb92427ae41e4649b934ca495991b7852b855	f03_p68719476731_n3_population_s023.stdout
3	68719476731	3	24	202610120024	population	COMPLETE	0	3912	d2d69d9179e74f2acb37dff522a03386d9927bf1d2e433e7b87df40b4b76e374	e3b0c44298fc1c149afbf4c8996fb92427ae41e4649b934ca495991b7852b855	f03_p68719476731_n3_population_s024.stdout
3	68719476731	3	26	202610120026	population	COMPLETE	0	2574	41a143e96ab64575179b4adc5f676e1be27286c0758c538270febf1725521e4e	e3b0c44298fc1c149afbf4c8996fb92427ae41e4649b934ca495991b7852b855	f03_p68719476731_n3_population_s026.stdout
3	68719476731	3	27	202610120027	population	COMPLETE	0	2773	c88cd4fafdc03878b5023789dd42538264292aae66deceb18617e0576cc5214a	e3b0c44298fc1c149afbf4c8996fb92427ae41e4649b934ca495991b7852b855	f03_p68719476731_n3_population_s027.stdout
3	68719476731	3	29	202610120029	population	COMPLETE	0	2759	fb11ef93ec5824b72f85c1f0155ed01c148a917aaa9840caaec294210ac0e2f7	e3b0c44298fc1c149afbf4c8996fb92427ae41e4649b934ca495991b7852b855	f03_p68719476731_n3_population_s029.stdout
3	68719476731	3	28	202610120028	population	COMPLETE	0	3466	7164b5e9de77892eada86915a3f4e6e389944a27e629fc4ca4b4ebb637f8359a	e3b0c44298fc1c149afbf4c8996fb92427ae41e4649b934ca495991b7852b855	f03_p68719476731_n3_population_s028.stdout
3	68719476731	3	25	202610120025	population	COMPLETE	0	7194	ddd4bb9981c386ba0650002b85dba7a019f226883f7e7d7ce11bf7fd26ffd196	e3b0c44298fc1c149afbf4c8996fb92427ae41e4649b934ca495991b7852b855	f03_p68719476731_n3_population_s025.stdout
3	68719476731	3	30	202610120030	population	COMPLETE	0	3382	61d3440e4d0c9bf93b5192ee496588069df7c94eb6aa8bbacce6370a7e9c47f8	e3b0c44298fc1c149afbf4c8996fb92427ae41e4649b934ca495991b7852b855	f03_p68719476731_n3_population_s030.stdout
3	68719476731	3	32	202610120032	population	COMPLETE	0	2868	7ae81dc3e3031bb85ea91599d8a7df572d289011c090e96225c68c1e44c3242d	e3b0c44298fc1c149afbf4c8996fb92427ae41e4649b934ca495991b7852b855	f03_p68719476731_n3_population_s032.stdout
3	68719476731	3	33	202610120033	population	COMPLETE	0	2549	ffcc9ac6fe485bae54373288a1f1e837dd3b79a76a2b01f5690740e7afe72beb	e3b0c44298fc1c149afbf4c8996fb92427ae41e4649b934ca495991b7852b855	f03_p68719476731_n3_population_s033.stdout
3	68719476731	3	31	202610120031	population	COMPLETE	0	4338	73af8baf2241d376fe71ee9d822485564dcd7a5196b178ed189228727ecc09d7	e3b0c44298fc1c149afbf4c8996fb92427ae41e4649b934ca495991b7852b855	f03_p68719476731_n3_population_s031.stdout
3	68719476731	3	34	202610120034	population	COMPLETE	0	2125	db2fc23ac90a5b207711983643d249002bbb66239b476f4ab71afabe4da3bce4	e3b0c44298fc1c149afbf4c8996fb92427ae41e4649b934ca495991b7852b855	f03_p68719476731_n3_population_s034.stdout
3	68719476731	3	36	202610120036	population	COMPLETE	0	1906	d38430376ef90b0eae54a111b648b764559c4bc7eb11b200e5394a530304fc07	e3b0c44298fc1c149afbf4c8996fb92427ae41e4649b934ca495991b7852b855	f03_p68719476731_n3_population_s036.stdout
3	68719476731	3	35	202610120035	population	COMPLETE	0	2010	0aa0b4c7b60a037aed07ac313c9e703f9812e1ada1b9f60513d390549153e9e6	e3b0c44298fc1c149afbf4c8996fb92427ae41e4649b934ca495991b7852b855	f03_p68719476731_n3_population_s035.stdout
3	68719476731	3	38	202610120038	population	COMPLETE	0	2133	a57c66b9c30485c7dcc18dad56a478ffe2191efb21149d79abee65b4cdb2a60b	e3b0c44298fc1c149afbf4c8996fb92427ae41e4649b934ca495991b7852b855	f03_p68719476731_n3_population_s038.stdout
3	68719476731	3	37	202610120037	population	COMPLETE	0	2448	4f61700029462c1241d2f23509aac359d1b77b49323be3aefa50b7521de86626	e3b0c44298fc1c149afbf4c8996fb92427ae41e4649b934ca495991b7852b855	f03_p68719476731_n3_population_s037.stdout
3	68719476731	3	39	202610120039	population	COMPLETE	0	1815	18830a8604237a2fa0a8464063170b886589708b28447476929c1718f32e3000	e3b0c44298fc1c149afbf4c8996fb92427ae41e4649b934ca495991b7852b855	f03_p68719476731_n3_population_s039.stdout
3	68719476731	3	40	202610120040	population	COMPLETE	0	1913	a2b0d7ab6599e9073d6d493d81741838a0aa6a4bc498e7348f6309ae4ab519a9	e3b0c44298fc1c149afbf4c8996fb92427ae41e4649b934ca495991b7852b855	f03_p68719476731_n3_population_s040.stdout
3	68719476731	3	41	202610120041	population	COMPLETE	0	1807	d45793e4942fff82a41155947800746ef07d921477c6169b52626a41af11e0b9	e3b0c44298fc1c149afbf4c8996fb92427ae41e4649b934ca495991b7852b855	f03_p68719476731_n3_population_s041.stdout
3	68719476731	3	44	202610120044	population	COMPLETE	0	1813	3d4a6ce3ac361366c844f1c889dcd9d4fb938564a6e2a0599b9d3007d63526b1	e3b0c44298fc1c149afbf4c8996fb92427ae41e4649b934ca495991b7852b855	f03_p68719476731_n3_population_s044.stdout
3	68719476731	3	42	202610120042	population	COMPLETE	0	2648	6ce3d177ca3849fbe3fcb990fb00919b1770d7737fcdf57be8b74ea68639d790	e3b0c44298fc1c149afbf4c8996fb92427ae41e4649b934ca495991b7852b855	f03_p68719476731_n3_population_s042.stdout
3	68719476731	3	45	202610120045	population	COMPLETE	0	1602	75d43191a35f7bf85dfd771fdd5ccd485861fdb54a85f060e31f41f2f5bc4375	e3b0c44298fc1c149afbf4c8996fb92427ae41e4649b934ca495991b7852b855	f03_p68719476731_n3_population_s045.stdout
3	68719476731	3	43	202610120043	population	COMPLETE	0	3386	f0d201c66b4b8a267f6bb0d096c2f3ac39e19109641e94f479fdc288abf869d3	e3b0c44298fc1c149afbf4c8996fb92427ae41e4649b934ca495991b7852b855	f03_p68719476731_n3_population_s043.stdout
3	68719476731	3	46	202610120046	population	COMPLETE	0	1817	950b2eed5749b503403bb35a897c522a2904c46a0d30663662aa4e94dfb42a71	e3b0c44298fc1c149afbf4c8996fb92427ae41e4649b934ca495991b7852b855	f03_p68719476731_n3_population_s046.stdout
3	68719476731	3	47	202610120047	population	COMPLETE	0	2551	e7955787880703a205a84f048ea66f55acef5b47c535ba8ab7bf2e5fee0816cb	e3b0c44298fc1c149afbf4c8996fb92427ae41e4649b934ca495991b7852b855	f03_p68719476731_n3_population_s047.stdout
3	68719476731	3	49	202610120049	population	COMPLETE	0	2119	11728e53fde615a339112b6f513944c3a1094cadf891b3cadf72c3d84774aca4	e3b0c44298fc1c149afbf4c8996fb92427ae41e4649b934ca495991b7852b855	f03_p68719476731_n3_population_s049.stdout
3	68719476731	3	48	202610120048	population	COMPLETE	0	2467	1006aa3a1a2e6929f30843f3d65bd77273115ff41d0e46041035bc37ee8ac9b6	e3b0c44298fc1c149afbf4c8996fb92427ae41e4649b934ca495991b7852b855	f03_p68719476731_n3_population_s048.stdout
3	68719476731	3	50	202610120050	population	COMPLETE	0	2637	5c6efce82a87c1537f25e56ee3ff28e8fce4cfc45290e7016d26c1e3656d083a	e3b0c44298fc1c149afbf4c8996fb92427ae41e4649b934ca495991b7852b855	f03_p68719476731_n3_population_s050.stdout
3	68719476731	3	51	202610120051	population	COMPLETE	0	2352	bc0408c482a97eb5cc11563474ddcfc196de3f9cccac53d77931fa10f6dd6aa0	e3b0c44298fc1c149afbf4c8996fb92427ae41e4649b934ca495991b7852b855	f03_p68719476731_n3_population_s051.stdout
3	68719476731	3	52	202610120052	population	COMPLETE	0	2117	78537a25ae4fe2389c818100dbf76312cb53f1ac4e61195bdd840292e70cc7f2	e3b0c44298fc1c149afbf4c8996fb92427ae41e4649b934ca495991b7852b855	f03_p68719476731_n3_population_s052.stdout
3	68719476731	3	53	202610120053	population	COMPLETE	0	2809	563a6965d3570b483993864054409bbf1d4a2764f38500fa7e28b14ad144a960	e3b0c44298fc1c149afbf4c8996fb92427ae41e4649b934ca495991b7852b855	f03_p68719476731_n3_population_s053.stdout
3	68719476731	3	54	202610120054	population	COMPLETE	0	2241	da838adf49d3abccf951287ea8155d2bf3bcb7601112ad0401a7dc8f17278b52	e3b0c44298fc1c149afbf4c8996fb92427ae41e4649b934ca495991b7852b855	f03_p68719476731_n3_population_s054.stdout
3	68719476731	3	55	202610120055	population	COMPLETE	0	1836	06f06407a99105d6810524efe05c498b4914097c8cad44f2271f303da726dff5	e3b0c44298fc1c149afbf4c8996fb92427ae41e4649b934ca495991b7852b855	f03_p68719476731_n3_population_s055.stdout
3	68719476731	3	56	202610120056	population	COMPLETE	0	1809	161aa3f9b74cb13e284ab2865ac78a1a1806e3b7f396ea8d4f4936e80f413d08	e3b0c44298fc1c149afbf4c8996fb92427ae41e4649b934ca495991b7852b855	f03_p68719476731_n3_population_s056.stdout
3	68719476731	3	57	202610120057	population	COMPLETE	0	2032	0bd930db04f0d11881bf27ddb676daeda7d6af75b836615cf4ef5ac0d555f116	e3b0c44298fc1c149afbf4c8996fb92427ae41e4649b934ca495991b7852b855	f03_p68719476731_n3_population_s057.stdout
3	68719476731	3	58	202610120058	population	COMPLETE	0	2791	df050da6a3608374c76a68e2b9c43c6ea223e23b67479a5576bda42484a62dd1	e3b0c44298fc1c149afbf4c8996fb92427ae41e4649b934ca495991b7852b855	f03_p68719476731_n3_population_s058.stdout
3	68719476731	3	60	202610120060	population	COMPLETE	0	2123	fbebf7ef097ad30933d0e6947dcd10e29b5477d7221e76641f8769c520560a8d	e3b0c44298fc1c149afbf4c8996fb92427ae41e4649b934ca495991b7852b855	f03_p68719476731_n3_population_s060.stdout
3	68719476731	3	59	202610120059	population	COMPLETE	0	2877	94b870ff9d0de2a754d50516ab17bae55d903eef327ac430cb69d477a5cf8b3b	e3b0c44298fc1c149afbf4c8996fb92427ae41e4649b934ca495991b7852b855	f03_p68719476731_n3_population_s059.stdout
3	68719476731	3	61	202610120061	population	COMPLETE	0	2571	3482a9c151397ab796c12f005daa2f3a2ae22d22dba1bdd2ceb471e1d83c3cf9	e3b0c44298fc1c149afbf4c8996fb92427ae41e4649b934ca495991b7852b855	f03_p68719476731_n3_population_s061.stdout
3	68719476731	3	63	202610120063	population	COMPLETE	0	2556	9d519fb9470a386d65b35c5890d32a9d46333df90bc7cbeccdec7473a8a092ea	e3b0c44298fc1c149afbf4c8996fb92427ae41e4649b934ca495991b7852b855	f03_p68719476731_n3_population_s063.stdout
3	68719476731	3	62	202610120062	population	COMPLETE	0	3478	9774e7465ddfecefd7f6abb08505ec6cc9974fbc5a3ebe9832d37e9b4283e106	e3b0c44298fc1c149afbf4c8996fb92427ae41e4649b934ca495991b7852b855	f03_p68719476731_n3_population_s062.stdout
3	68719476731	3	64	202610120064	population	COMPLETE	0	3653	643c78b33c8440159016798c77dd5f2a8abb1961233ce63f306ba2468cb9a56d	e3b0c44298fc1c149afbf4c8996fb92427ae41e4649b934ca495991b7852b855	f03_p68719476731_n3_population_s064.stdout
4	274877906899	3	1	202610130001	population	COMPLETE	0	4060	180309c66c4013b4d51001d644b9ea7d7b00d3d61655cfe136172cc606cb7fc4	e3b0c44298fc1c149afbf4c8996fb92427ae41e4649b934ca495991b7852b855	f04_p274877906899_n3_population_s001.stdout
4	274877906899	3	2	202610130002	population	COMPLETE	0	3135	959f560b47dad9fcece57dcbfc2f204ecdfe64333d1370f42b70968a6f4fb61c	e3b0c44298fc1c149afbf4c8996fb92427ae41e4649b934ca495991b7852b855	f04_p274877906899_n3_population_s002.stdout
4	274877906899	3	3	202610130003	population	COMPLETE	0	3661	96f1cc8046e744276ba7a583752f124a97cda500b9ef21bf8d16faad25f902e0	e3b0c44298fc1c149afbf4c8996fb92427ae41e4649b934ca495991b7852b855	f04_p274877906899_n3_population_s003.stdout
4	274877906899	3	5	202610130005	population	COMPLETE	0	2343	aca1a8e37e884daecd8363ddf617039b56e5907eccd1104e59e5c8be53230a55	e3b0c44298fc1c149afbf4c8996fb92427ae41e4649b934ca495991b7852b855	f04_p274877906899_n3_population_s005.stdout
4	274877906899	3	4	202610130004	population	COMPLETE	0	3642	7cb6187b842bf59adba8dfbc6aeeaf846c94f89242eaa8528a474e763cd4c5fe	e3b0c44298fc1c149afbf4c8996fb92427ae41e4649b934ca495991b7852b855	f04_p274877906899_n3_population_s004.stdout
4	274877906899	3	6	202610130006	population	COMPLETE	0	3644	5059220bb7b4afe14f69ae0d0217685258d28898ec366491afcb82eb962270b8	e3b0c44298fc1c149afbf4c8996fb92427ae41e4649b934ca495991b7852b855	f04_p274877906899_n3_population_s006.stdout
4	274877906899	3	7	202610130007	population	COMPLETE	0	3239	90a5e97eec2c27b3d53bbd3262963f2a3b2b9eb28aed116dd3554a940c518bd0	e3b0c44298fc1c149afbf4c8996fb92427ae41e4649b934ca495991b7852b855	f04_p274877906899_n3_population_s007.stdout
4	274877906899	3	9	202610130009	population	COMPLETE	0	3825	571346616ea9a7232fe7afdb53c54a5ec96d2ac177be52796321e3dc4d209f79	e3b0c44298fc1c149afbf4c8996fb92427ae41e4649b934ca495991b7852b855	f04_p274877906899_n3_population_s009.stdout
4	274877906899	3	8	202610130008	population	COMPLETE	0	3958	2b39dba2b660569e205460b4b4923bbc7a9ea3adfb69e7344cb86d78e7eb61de	e3b0c44298fc1c149afbf4c8996fb92427ae41e4649b934ca495991b7852b855	f04_p274877906899_n3_population_s008.stdout
4	274877906899	3	10	202610130010	population	COMPLETE	0	3398	403a7604b206ff5313ed16ba15bf7cedf592a51a8892b0f35ab1ffbca348b531	e3b0c44298fc1c149afbf4c8996fb92427ae41e4649b934ca495991b7852b855	f04_p274877906899_n3_population_s010.stdout
4	274877906899	3	13	202610130013	population	COMPLETE	0	2257	002524c675ec76eb4d2a0bfc23e241a9e87d0204d44e10e8c79e1293178c7dca	e3b0c44298fc1c149afbf4c8996fb92427ae41e4649b934ca495991b7852b855	f04_p274877906899_n3_population_s013.stdout
4	274877906899	3	11	202610130011	population	COMPLETE	0	4014	abdf28ca247d5ddd6145941ff157598143ae424207bd569132242f1a16d84caf	e3b0c44298fc1c149afbf4c8996fb92427ae41e4649b934ca495991b7852b855	f04_p274877906899_n3_population_s011.stdout
4	274877906899	3	12	202610130012	population	COMPLETE	0	3006	14a61b79dc4f6cbb95129f34f13373a0d17e40d2aced0f9c51a69c4c20527ce5	e3b0c44298fc1c149afbf4c8996fb92427ae41e4649b934ca495991b7852b855	f04_p274877906899_n3_population_s012.stdout
4	274877906899	3	14	202610130014	population	COMPLETE	0	2671	7cf3959d08a75204973c0e9e037c0b2fa6c4b588bce9fb0f365d11690391c6a9	e3b0c44298fc1c149afbf4c8996fb92427ae41e4649b934ca495991b7852b855	f04_p274877906899_n3_population_s014.stdout
4	274877906899	3	16	202610130016	population	COMPLETE	0	2367	6ae28be88496f864517ad6bfa8e3788c764c1d5eabe57226577f6074203e5f79	e3b0c44298fc1c149afbf4c8996fb92427ae41e4649b934ca495991b7852b855	f04_p274877906899_n3_population_s016.stdout
4	274877906899	3	15	202610130015	population	COMPLETE	0	2875	a31e7949c4af73d31b253e15d8e13dfb863a8e2aeede92510eef62a3214062ba	e3b0c44298fc1c149afbf4c8996fb92427ae41e4649b934ca495991b7852b855	f04_p274877906899_n3_population_s015.stdout
4	274877906899	3	18	202610130018	population	COMPLETE	0	2342	b50da2a93df2fbdbe81b6caaf2c3f93de0110b6fb93cd3cde40e0d98f186d6cf	e3b0c44298fc1c149afbf4c8996fb92427ae41e4649b934ca495991b7852b855	f04_p274877906899_n3_population_s018.stdout
4	274877906899	3	17	202610130017	population	COMPLETE	0	3202	4776f48bff9a8e330beca3296ebea8a842756e175d7546b32cd997763d5e18f8	e3b0c44298fc1c149afbf4c8996fb92427ae41e4649b934ca495991b7852b855	f04_p274877906899_n3_population_s017.stdout
4	274877906899	3	20	202610130020	population	COMPLETE	0	2259	5c4b1d0d4034faff9393ade1c038e6cec13fd66bf3e15cc3eb129372ecd76e94	e3b0c44298fc1c149afbf4c8996fb92427ae41e4649b934ca495991b7852b855	f04_p274877906899_n3_population_s020.stdout
4	274877906899	3	19	202610130019	population	COMPLETE	0	3150	b25990ccc2f322ab35d0065cf61b503728a54173496606e661748ed2cd9f4fe6	e3b0c44298fc1c149afbf4c8996fb92427ae41e4649b934ca495991b7852b855	f04_p274877906899_n3_population_s019.stdout
4	274877906899	3	21	202610130021	population	COMPLETE	0	2315	73f22fcff01d04c3944c54873d15085b8c3da88e8b9bc3dfd3a3cfe1239ad5c2	e3b0c44298fc1c149afbf4c8996fb92427ae41e4649b934ca495991b7852b855	f04_p274877906899_n3_population_s021.stdout
4	274877906899	3	22	202610130022	population	COMPLETE	0	3411	424a9086ea033a0f7690e447d26c7df9007f29e3d27bd478812d59974a73554f	e3b0c44298fc1c149afbf4c8996fb92427ae41e4649b934ca495991b7852b855	f04_p274877906899_n3_population_s022.stdout
4	274877906899	3	23	202610130023	population	COMPLETE	0	2681	a554a880bbd2dcef723ed7560db0a24c13db9be8ae2b2135ac93ef1179617825	e3b0c44298fc1c149afbf4c8996fb92427ae41e4649b934ca495991b7852b855	f04_p274877906899_n3_population_s023.stdout
4	274877906899	3	24	202610130024	population	COMPLETE	0	2243	9bccaebde63602fb85c2e2cf5c18df3ed94d5fc7bf88a6ff821305775b91ec33	e3b0c44298fc1c149afbf4c8996fb92427ae41e4649b934ca495991b7852b855	f04_p274877906899_n3_population_s024.stdout
4	274877906899	3	25	202610130025	population	COMPLETE	0	3415	ac061a0afaad60866faa16f117131880220ae8fd18e4d859053bc44b1f92da78	e3b0c44298fc1c149afbf4c8996fb92427ae41e4649b934ca495991b7852b855	f04_p274877906899_n3_population_s025.stdout
4	274877906899	3	28	202610130028	population	COMPLETE	0	2565	1be71dae7043f62149ad54d6be181047a6bfc63e438971db2126888e171df165	e3b0c44298fc1c149afbf4c8996fb92427ae41e4649b934ca495991b7852b855	f04_p274877906899_n3_population_s028.stdout
4	274877906899	3	27	202610130027	population	COMPLETE	0	2768	ed14a0f5684c666503d11a195a61176a7dd754d18dcf89e537dedfd092da1fe0	e3b0c44298fc1c149afbf4c8996fb92427ae41e4649b934ca495991b7852b855	f04_p274877906899_n3_population_s027.stdout
4	274877906899	3	26	202610130026	population	COMPLETE	0	4254	abc14916d1a2620b01b10e601ea0def87ea05d5e5998304945a49f360ae4eb19	e3b0c44298fc1c149afbf4c8996fb92427ae41e4649b934ca495991b7852b855	f04_p274877906899_n3_population_s026.stdout
4	274877906899	3	29	202610130029	population	COMPLETE	0	2764	300f2e8a0ea5c866464e53fea5d86bc11d09a389ad3f9b4bca0eff5d2e7f5a55	e3b0c44298fc1c149afbf4c8996fb92427ae41e4649b934ca495991b7852b855	f04_p274877906899_n3_population_s029.stdout
4	274877906899	3	31	202610130031	population	COMPLETE	0	2414	bd4fa71dacf0f255f5132e165f37c1f56004e9c79b4263372a9ae2572b947c2f	e3b0c44298fc1c149afbf4c8996fb92427ae41e4649b934ca495991b7852b855	f04_p274877906899_n3_population_s031.stdout
4	274877906899	3	32	202610130032	population	COMPLETE	0	2242	df5d4b70f1b4a860aa805c747d736f4fac483294e77cf3399bfcbd3fdbb7df15	e3b0c44298fc1c149afbf4c8996fb92427ae41e4649b934ca495991b7852b855	f04_p274877906899_n3_population_s032.stdout
4	274877906899	3	30	202610130030	population	COMPLETE	0	3295	c358fc3b751bb99a8d43f663f439a15487cd51711f6b817c82d64aca124b894f	e3b0c44298fc1c149afbf4c8996fb92427ae41e4649b934ca495991b7852b855	f04_p274877906899_n3_population_s030.stdout
4	274877906899	3	34	202610130034	population	COMPLETE	0	3076	3c13ed4d3c64009945c86d6ff891483c42f48d3936dbf0a8199bc5bad7bf3dce	e3b0c44298fc1c149afbf4c8996fb92427ae41e4649b934ca495991b7852b855	f04_p274877906899_n3_population_s034.stdout
4	274877906899	3	35	202610130035	population	COMPLETE	0	3060	1f04fcc60a1db62ef50515c7eea9675fedd7b0c38d01b3cd12354bb3ed953e1d	e3b0c44298fc1c149afbf4c8996fb92427ae41e4649b934ca495991b7852b855	f04_p274877906899_n3_population_s035.stdout
4	274877906899	3	36	202610130036	population	COMPLETE	0	4335	88a85c7897a4cde66bea20d9989ddf3a4467c164f2e0c8cfd445d89755172d65	e3b0c44298fc1c149afbf4c8996fb92427ae41e4649b934ca495991b7852b855	f04_p274877906899_n3_population_s036.stdout
4	274877906899	3	33	202610130033	population	COMPLETE	0	5975	ef204b1bd17d7bd2ca725348ae8db781a3651ff7b8148035a355a1369cd3d44e	e3b0c44298fc1c149afbf4c8996fb92427ae41e4649b934ca495991b7852b855	f04_p274877906899_n3_population_s033.stdout
4	274877906899	3	37	202610130037	population	COMPLETE	0	2471	3d62adbb2d2b22f089210b9b2c42a0024aa29c38b52793b230a9c03a34726f24	e3b0c44298fc1c149afbf4c8996fb92427ae41e4649b934ca495991b7852b855	f04_p274877906899_n3_population_s037.stdout
4	274877906899	3	38	202610130038	population	COMPLETE	0	3262	8aac16174aa409618604d196971ca22c38c86ab6783b40b4bca39514370644ed	e3b0c44298fc1c149afbf4c8996fb92427ae41e4649b934ca495991b7852b855	f04_p274877906899_n3_population_s038.stdout
4	274877906899	3	40	202610130040	population	COMPLETE	0	3113	e97206fbfd32e83c5b783e2501a983ba0987b8994941aee1c3c6db8dd954329b	e3b0c44298fc1c149afbf4c8996fb92427ae41e4649b934ca495991b7852b855	f04_p274877906899_n3_population_s040.stdout
4	274877906899	3	39	202610130039	population	COMPLETE	0	3489	5f39e0e5e018e8c03eb4141f4b8a157b5542baa4fbe7170b46eaf4c7e262dc2b	e3b0c44298fc1c149afbf4c8996fb92427ae41e4649b934ca495991b7852b855	f04_p274877906899_n3_population_s039.stdout
4	274877906899	3	41	202610130041	population	COMPLETE	0	3224	f5919575c393ef116aab653865b65bba109dbf6c3149d3f8a8141671ab760be9	e3b0c44298fc1c149afbf4c8996fb92427ae41e4649b934ca495991b7852b855	f04_p274877906899_n3_population_s041.stdout
4	274877906899	3	42	202610130042	population	COMPLETE	0	2943	b9877d5c5be93e93c71be181a47af5880756a80689f05f910585f80930bbaf2e	e3b0c44298fc1c149afbf4c8996fb92427ae41e4649b934ca495991b7852b855	f04_p274877906899_n3_population_s042.stdout
4	274877906899	3	43	202610130043	population	COMPLETE	0	2708	5f35be39ed67a5a903ec9c05caebd8d082aa79aa920cc47b5410bc0ad5899039	e3b0c44298fc1c149afbf4c8996fb92427ae41e4649b934ca495991b7852b855	f04_p274877906899_n3_population_s043.stdout
4	274877906899	3	44	202610130044	population	COMPLETE	0	2411	35fb5f8b57d70a80146452eda2daa53cf1f29f108d565945b4098aca75795f0a	e3b0c44298fc1c149afbf4c8996fb92427ae41e4649b934ca495991b7852b855	f04_p274877906899_n3_population_s044.stdout
4	274877906899	3	45	202610130045	population	COMPLETE	0	2825	593d5efa005222f19b635f9f3de11a931ae58973a5326f73b001c2ae68ee9be5	e3b0c44298fc1c149afbf4c8996fb92427ae41e4649b934ca495991b7852b855	f04_p274877906899_n3_population_s045.stdout
4	274877906899	3	47	202610130047	population	COMPLETE	0	2611	61aa7c056fcc7f6d23aa1b82adf05ba7b6943e5048e69e214a489b5cab41d3f9	e3b0c44298fc1c149afbf4c8996fb92427ae41e4649b934ca495991b7852b855	f04_p274877906899_n3_population_s047.stdout
4	274877906899	3	48	202610130048	population	COMPLETE	0	2936	40409e3f894cd070ebecea7989809a083ad0051e645a75decdadf590cfeb071b	e3b0c44298fc1c149afbf4c8996fb92427ae41e4649b934ca495991b7852b855	f04_p274877906899_n3_population_s048.stdout
4	274877906899	3	46	202610130046	population	COMPLETE	0	4236	5e229f1b45b428bf6289a0f6be92768cdf6ef239d6b261c5ea8faf38c09267aa	e3b0c44298fc1c149afbf4c8996fb92427ae41e4649b934ca495991b7852b855	f04_p274877906899_n3_population_s046.stdout
4	274877906899	3	49	202610130049	population	COMPLETE	0	3177	dcb3e0e529d2025ddae5a72ac0cc662d2d3f7323ceec0718576373978c24dfc0	e3b0c44298fc1c149afbf4c8996fb92427ae41e4649b934ca495991b7852b855	f04_p274877906899_n3_population_s049.stdout
4	274877906899	3	52	202610130052	population	COMPLETE	0	3161	aeeb1df48edec82827267ab1de0b364109ed590f626364acf765fcf34a74b299	e3b0c44298fc1c149afbf4c8996fb92427ae41e4649b934ca495991b7852b855	f04_p274877906899_n3_population_s052.stdout
4	274877906899	3	51	202610130051	population	COMPLETE	0	3822	b6f48c9c50bd5650ba9eb1a55998ba174d826905053479f7919001984eba9395	e3b0c44298fc1c149afbf4c8996fb92427ae41e4649b934ca495991b7852b855	f04_p274877906899_n3_population_s051.stdout
4	274877906899	3	53	202610130053	population	COMPLETE	0	3170	6a72a850f5ddf6b979b5b071e869fd6b20e78c457edc049e54afdc70845dcbce	e3b0c44298fc1c149afbf4c8996fb92427ae41e4649b934ca495991b7852b855	f04_p274877906899_n3_population_s053.stdout
4	274877906899	3	50	202610130050	population	COMPLETE	0	4690	4b14601a71c3ee0dce46e611649a173d2610fb4f372d5a20643a8f8ed9ab209c	e3b0c44298fc1c149afbf4c8996fb92427ae41e4649b934ca495991b7852b855	f04_p274877906899_n3_population_s050.stdout
4	274877906899	3	54	202610130054	population	COMPLETE	0	2443	1ec77029e0a55983eab111f6826fccab8aef5ea2936459bb44c401b66a2be1c4	e3b0c44298fc1c149afbf4c8996fb92427ae41e4649b934ca495991b7852b855	f04_p274877906899_n3_population_s054.stdout
4	274877906899	3	56	202610130056	population	COMPLETE	0	2748	54caed02eae2217f2a543ce001e1bb778dcd0fecae95e9ae957d9624a7e74e58	e3b0c44298fc1c149afbf4c8996fb92427ae41e4649b934ca495991b7852b855	f04_p274877906899_n3_population_s056.stdout
4	274877906899	3	55	202610130055	population	COMPLETE	0	3931	5d849f5ad493df7d10b86f491ac6cf81fdc295cb6ffaa663038c3767bcad6996	e3b0c44298fc1c149afbf4c8996fb92427ae41e4649b934ca495991b7852b855	f04_p274877906899_n3_population_s055.stdout
4	274877906899	3	57	202610130057	population	COMPLETE	0	3489	5ad35058e515f430db9cf8f644335346e24133f7a20d336982f2ba2656c8e217	e3b0c44298fc1c149afbf4c8996fb92427ae41e4649b934ca495991b7852b855	f04_p274877906899_n3_population_s057.stdout
4	274877906899	3	58	202610130058	population	COMPLETE	0	2242	134e4c268bbc5a9adf24d4348b738af98ff9307889d2239fa3b03a131d247487	e3b0c44298fc1c149afbf4c8996fb92427ae41e4649b934ca495991b7852b855	f04_p274877906899_n3_population_s058.stdout
4	274877906899	3	59	202610130059	population	COMPLETE	0	2128	28686a4e767539b6c4a5cf13bf268a477ea5e691bada8f8ae85a134b47abf8e9	e3b0c44298fc1c149afbf4c8996fb92427ae41e4649b934ca495991b7852b855	f04_p274877906899_n3_population_s059.stdout
4	274877906899	3	61	202610130061	population	COMPLETE	0	2675	ceb430201419d93463c3a58feb6ee94194a03bf69b46a7d4f2f0fb76513ead61	e3b0c44298fc1c149afbf4c8996fb92427ae41e4649b934ca495991b7852b855	f04_p274877906899_n3_population_s061.stdout
4	274877906899	3	62	202610130062	population	COMPLETE	0	2754	5816f80fe3a26dc1c2ec65b2899c86191f12b533847392f27a539242546fb4fb	e3b0c44298fc1c149afbf4c8996fb92427ae41e4649b934ca495991b7852b855	f04_p274877906899_n3_population_s062.stdout
4	274877906899	3	63	202610130063	population	COMPLETE	0	3282	7379a6da5eb25a5b87cb5bfa926c7e936bda55f05798be9326078016aebc5242	e3b0c44298fc1c149afbf4c8996fb92427ae41e4649b934ca495991b7852b855	f04_p274877906899_n3_population_s063.stdout
4	274877906899	3	60	202610130060	population	COMPLETE	0	4547	ee79b17a72dddcf46eb056530f7de18fe67961de7df2825115e6ea00cbf7e326	e3b0c44298fc1c149afbf4c8996fb92427ae41e4649b934ca495991b7852b855	f04_p274877906899_n3_population_s060.stdout
4	274877906899	3	64	202610130064	population	COMPLETE	0	2232	1683d7c1c31ddf97b3d931f1d5106983ca778f1634f41b8142067eb465670460	e3b0c44298fc1c149afbf4c8996fb92427ae41e4649b934ca495991b7852b855	f04_p274877906899_n3_population_s064.stdout
5	1099511627689	3	1	202610140001	population	COMPLETE	0	2807	ad2ce8ba2ca6e0009f128c6002cb131975ea78eb6375fdf5e2394ba670e14d84	e3b0c44298fc1c149afbf4c8996fb92427ae41e4649b934ca495991b7852b855	f05_p1099511627689_n3_population_s001.stdout
5	1099511627689	3	2	202610140002	population	COMPLETE	0	3509	d66b9679575f04913fa0473bffe7dde0fc42a58d6cb200dbf1a84874f35e0fd7	e3b0c44298fc1c149afbf4c8996fb92427ae41e4649b934ca495991b7852b855	f05_p1099511627689_n3_population_s002.stdout
5	1099511627689	3	3	202610140003	population	COMPLETE	0	3490	564194fbd6523c33599d178d7496488a55009dc69c4e5d717e959f2d0c7169a9	e3b0c44298fc1c149afbf4c8996fb92427ae41e4649b934ca495991b7852b855	f05_p1099511627689_n3_population_s003.stdout
5	1099511627689	3	4	202610140004	population	COMPLETE	0	4456	a9167b0bf6081170b83f01959ba3c1373db7f262311a1936a43994018fe253bf	e3b0c44298fc1c149afbf4c8996fb92427ae41e4649b934ca495991b7852b855	f05_p1099511627689_n3_population_s004.stdout
5	1099511627689	3	5	202610140005	population	COMPLETE	0	4179	f093984686ec89f294c6101f4991ecde8bf6393a7005aa04a3ee3ab1657b3b02	e3b0c44298fc1c149afbf4c8996fb92427ae41e4649b934ca495991b7852b855	f05_p1099511627689_n3_population_s005.stdout
5	1099511627689	3	7	202610140007	population	COMPLETE	0	2577	82aeb031b018fe6f1f9380fd28df4935d4aa82b3ded02d31b404ce73e0e47eff	e3b0c44298fc1c149afbf4c8996fb92427ae41e4649b934ca495991b7852b855	f05_p1099511627689_n3_population_s007.stdout
5	1099511627689	3	6	202610140006	population	COMPLETE	0	3395	06fbe81d9a88998720a031214908513a4f6fd377563ca861b5ee0f0b1f19bd9d	e3b0c44298fc1c149afbf4c8996fb92427ae41e4649b934ca495991b7852b855	f05_p1099511627689_n3_population_s006.stdout
5	1099511627689	3	8	202610140008	population	COMPLETE	0	2763	ed9e9c2119540e546a52a411c7fb3d25b5d548f2feae84eb48f3c1b48b261cff	e3b0c44298fc1c149afbf4c8996fb92427ae41e4649b934ca495991b7852b855	f05_p1099511627689_n3_population_s008.stdout
5	1099511627689	3	9	202610140009	population	COMPLETE	0	2577	ef13d7b9e5447b0b6c81e3dad4dccabb81ec71d8b46f80364af37e218fa5a669	e3b0c44298fc1c149afbf4c8996fb92427ae41e4649b934ca495991b7852b855	f05_p1099511627689_n3_population_s009.stdout
5	1099511627689	3	10	202610140010	population	COMPLETE	0	2685	c749b2a56542a404cdddb50b58d16a2f9f897a72da62ec2a5f48206545842b1f	e3b0c44298fc1c149afbf4c8996fb92427ae41e4649b934ca495991b7852b855	f05_p1099511627689_n3_population_s010.stdout
5	1099511627689	3	11	202610140011	population	COMPLETE	0	2688	bbe3d80f07eeea3a61b88fe166ed603f36cc42599a0f994468428aa8d6d3fb34	e3b0c44298fc1c149afbf4c8996fb92427ae41e4649b934ca495991b7852b855	f05_p1099511627689_n3_population_s011.stdout
5	1099511627689	3	13	202610140013	population	COMPLETE	0	2880	88e6a37741407e14614bc3bc9eb3f37f8a0b11cb02f6d6dd9d8413d7fd71e17c	e3b0c44298fc1c149afbf4c8996fb92427ae41e4649b934ca495991b7852b855	f05_p1099511627689_n3_population_s013.stdout
5	1099511627689	3	14	202610140014	population	COMPLETE	0	2437	f79218f7f142c6ea5c636d00f8e89a99c8444d3c7d295a69a60b80c85bcf9b00	e3b0c44298fc1c149afbf4c8996fb92427ae41e4649b934ca495991b7852b855	f05_p1099511627689_n3_population_s014.stdout
5	1099511627689	3	15	202610140015	population	COMPLETE	0	3657	84549d5171e75caa2db4962c9be72e6ef35dc0b6a0626ebfeb4d254617d85aba	e3b0c44298fc1c149afbf4c8996fb92427ae41e4649b934ca495991b7852b855	f05_p1099511627689_n3_population_s015.stdout
5	1099511627689	3	12	202610140012	population	COMPLETE	0	5656	f1724afb39028ee6a910ce5ae7ff026149cd0dc7a291cdcf0a6b917ba6214d4f	e3b0c44298fc1c149afbf4c8996fb92427ae41e4649b934ca495991b7852b855	f05_p1099511627689_n3_population_s012.stdout
5	1099511627689	3	16	202610140016	population	COMPLETE	0	3009	2803af76680d73dbd1a24979ec57ab55b010e8359ef5824182e9670ff269f175	e3b0c44298fc1c149afbf4c8996fb92427ae41e4649b934ca495991b7852b855	f05_p1099511627689_n3_population_s016.stdout
5	1099511627689	3	17	202610140017	population	COMPLETE	0	3246	99698f1b48895cf40c9d4b7a257435ead9e3f4694da59f88dfb70671e8e5a4e5	e3b0c44298fc1c149afbf4c8996fb92427ae41e4649b934ca495991b7852b855	f05_p1099511627689_n3_population_s017.stdout
5	1099511627689	3	18	202610140018	population	COMPLETE	0	2465	33bde999ce731b51e871e41ad5c4aaedf2cff650da4b70f2011b4806d6f14a8d	e3b0c44298fc1c149afbf4c8996fb92427ae41e4649b934ca495991b7852b855	f05_p1099511627689_n3_population_s018.stdout
5	1099511627689	3	19	202610140019	population	COMPLETE	0	2565	8766d66845b77e3c09863cc4d0cfdad1d92a7db7ae25c2e59e151e466f1d61aa	e3b0c44298fc1c149afbf4c8996fb92427ae41e4649b934ca495991b7852b855	f05_p1099511627689_n3_population_s019.stdout
5	1099511627689	3	21	202610140021	population	COMPLETE	0	3324	bfb8c9d3d705f57c7aae4876c061b7408ab825dd216f926ec834c7505002645f	e3b0c44298fc1c149afbf4c8996fb92427ae41e4649b934ca495991b7852b855	f05_p1099511627689_n3_population_s021.stdout
5	1099511627689	3	20	202610140020	population	COMPLETE	0	3716	16418c5ffe42a167840018ff42671d0682bc62e82cdd432332f43f7e7123fded	e3b0c44298fc1c149afbf4c8996fb92427ae41e4649b934ca495991b7852b855	f05_p1099511627689_n3_population_s020.stdout
5	1099511627689	3	22	202610140022	population	COMPLETE	0	4275	8879f982846438688cb4dcc5f31f2396d72c636ddd75c6cf82d60df649daa07f	e3b0c44298fc1c149afbf4c8996fb92427ae41e4649b934ca495991b7852b855	f05_p1099511627689_n3_population_s022.stdout
5	1099511627689	3	23	202610140023	population	COMPLETE	0	4507	308f975f2c85c95656914efe2b1052d820041db80a6c266b39dc0a0c1e83f010	e3b0c44298fc1c149afbf4c8996fb92427ae41e4649b934ca495991b7852b855	f05_p1099511627689_n3_population_s023.stdout
5	1099511627689	3	25	202610140025	population	COMPLETE	0	3528	b65bf9362a9f4237be5f5c4f91db8bacb665fbcaf7ed17bec217250e571261a4	e3b0c44298fc1c149afbf4c8996fb92427ae41e4649b934ca495991b7852b855	f05_p1099511627689_n3_population_s025.stdout
5	1099511627689	3	24	202610140024	population	COMPLETE	0	3951	12af341c9b9b290ee1b5b4067316e77a3df1072dc19ad40ccf75e72c6cf293de	e3b0c44298fc1c149afbf4c8996fb92427ae41e4649b934ca495991b7852b855	f05_p1099511627689_n3_population_s024.stdout
5	1099511627689	3	26	202610140026	population	COMPLETE	0	3634	50d17a256ffdc32a172a1287814729f05f216cf0f7e942d0d373b4d8a343f948	e3b0c44298fc1c149afbf4c8996fb92427ae41e4649b934ca495991b7852b855	f05_p1099511627689_n3_population_s026.stdout
5	1099511627689	3	27	202610140027	population	COMPLETE	0	3112	b297d53df68b1ff48db71873377c8ac42c0f32b13f24a64ef8978cee537cc259	e3b0c44298fc1c149afbf4c8996fb92427ae41e4649b934ca495991b7852b855	f05_p1099511627689_n3_population_s027.stdout
5	1099511627689	3	28	202610140028	population	COMPLETE	0	3826	7bdb27833da8023ec34a0e61c786f959e637aa278ed28bd97a99fefd1942e5a5	e3b0c44298fc1c149afbf4c8996fb92427ae41e4649b934ca495991b7852b855	f05_p1099511627689_n3_population_s028.stdout
5	1099511627689	3	29	202610140029	population	COMPLETE	0	3741	1158755953767b4d078d847b8f1a88fa9fae63fbb5930318eb424207d3b5252b	e3b0c44298fc1c149afbf4c8996fb92427ae41e4649b934ca495991b7852b855	f05_p1099511627689_n3_population_s029.stdout
5	1099511627689	3	30	202610140030	population	COMPLETE	0	2582	d0599c1bfaad587fd1abe31d98e218491e188042c9313577676d77c90f253ae5	e3b0c44298fc1c149afbf4c8996fb92427ae41e4649b934ca495991b7852b855	f05_p1099511627689_n3_population_s030.stdout
5	1099511627689	3	31	202610140031	population	COMPLETE	0	3115	fa56d5dfa2495337dc9d913e3df510f29ef2368bdc34f213f73b0db30154d8bc	e3b0c44298fc1c149afbf4c8996fb92427ae41e4649b934ca495991b7852b855	f05_p1099511627689_n3_population_s031.stdout
5	1099511627689	3	34	202610140034	population	COMPLETE	0	3622	3b09512ccf4d2f6fb30f28a076cb2932dee0ad951820cf98eabd3529a948bcb0	e3b0c44298fc1c149afbf4c8996fb92427ae41e4649b934ca495991b7852b855	f05_p1099511627689_n3_population_s034.stdout
5	1099511627689	3	35	202610140035	population	COMPLETE	0	3175	09ed61807400261b17b2df3ffcc2cf984efe38228cac50c4e75611804ae6f95e	e3b0c44298fc1c149afbf4c8996fb92427ae41e4649b934ca495991b7852b855	f05_p1099511627689_n3_population_s035.stdout
5	1099511627689	3	33	202610140033	population	COMPLETE	0	4679	3df7562fb87b2e4203507996a99c1d206535f050383de6b2e0bf6737b7e83a71	e3b0c44298fc1c149afbf4c8996fb92427ae41e4649b934ca495991b7852b855	f05_p1099511627689_n3_population_s033.stdout
5	1099511627689	3	32	202610140032	population	COMPLETE	0	5480	b6f8542050d4ec23b06eb1d3181a1f36d7f16b9a716ff5ccbf0e88d05ae79cc4	e3b0c44298fc1c149afbf4c8996fb92427ae41e4649b934ca495991b7852b855	f05_p1099511627689_n3_population_s032.stdout
5	1099511627689	3	38	202610140038	population	COMPLETE	0	2969	d6f379cd0df4efcb05a55e8f01d2ce0bd8edfef9340d64ed6c6de8c031e89f50	e3b0c44298fc1c149afbf4c8996fb92427ae41e4649b934ca495991b7852b855	f05_p1099511627689_n3_population_s038.stdout
5	1099511627689	3	37	202610140037	population	COMPLETE	0	3419	17acc0c8abac49fbfcedd122ee91021ce1bf8efc50b2227b6d298c2068c2fd2f	e3b0c44298fc1c149afbf4c8996fb92427ae41e4649b934ca495991b7852b855	f05_p1099511627689_n3_population_s037.stdout
5	1099511627689	3	39	202610140039	population	COMPLETE	0	3625	0bec02f3c758b7559aa80bd15cf44926567e73479d9f814bc345121cec30fc68	e3b0c44298fc1c149afbf4c8996fb92427ae41e4649b934ca495991b7852b855	f05_p1099511627689_n3_population_s039.stdout
5	1099511627689	3	36	202610140036	population	COMPLETE	0	6077	582a26428965a713a9b75f03f2a60ca01a89b7b1440bd148ea744d3d02d5744f	e3b0c44298fc1c149afbf4c8996fb92427ae41e4649b934ca495991b7852b855	f05_p1099511627689_n3_population_s036.stdout
5	1099511627689	3	41	202610140041	population	COMPLETE	0	3195	5aabc73ae778d60cd7e1025ddac0e620ab7990dd3b71a52590c956f1c3d5e240	e3b0c44298fc1c149afbf4c8996fb92427ae41e4649b934ca495991b7852b855	f05_p1099511627689_n3_population_s041.stdout
5	1099511627689	3	42	202610140042	population	COMPLETE	0	3825	d4228ecd18478fee138c1cba13b1601cc9b008e5db95d8e37de1269d2eb1db0d	e3b0c44298fc1c149afbf4c8996fb92427ae41e4649b934ca495991b7852b855	f05_p1099511627689_n3_population_s042.stdout
5	1099511627689	3	40	202610140040	population	COMPLETE	0	5677	20845f924723982e6867e15a089bcf7fd420c569c7050a01342269397b26d0aa	e3b0c44298fc1c149afbf4c8996fb92427ae41e4649b934ca495991b7852b855	f05_p1099511627689_n3_population_s040.stdout
5	1099511627689	3	43	202610140043	population	COMPLETE	0	3760	dca5a07194449d210bdb7bd006a536a560a6b29266e4769b5580d51ce12691b2	e3b0c44298fc1c149afbf4c8996fb92427ae41e4649b934ca495991b7852b855	f05_p1099511627689_n3_population_s043.stdout
5	1099511627689	3	44	202610140044	population	COMPLETE	0	3531	7f6a290ab66419d895811c12515e0a0e37ab220ac568c103d2d49bdfc4b330c3	e3b0c44298fc1c149afbf4c8996fb92427ae41e4649b934ca495991b7852b855	f05_p1099511627689_n3_population_s044.stdout
5	1099511627689	3	45	202610140045	population	COMPLETE	0	3869	922d68e158fd381e4287d5693d2128e5493d4a9f40abb1acfadb7baa2ce96645	e3b0c44298fc1c149afbf4c8996fb92427ae41e4649b934ca495991b7852b855	f05_p1099511627689_n3_population_s045.stdout
5	1099511627689	3	46	202610140046	population	COMPLETE	0	3569	f3e4fb1c8469c433308dedec1b814077d6ec8708c0561aa7b8f3723b24b2e618	e3b0c44298fc1c149afbf4c8996fb92427ae41e4649b934ca495991b7852b855	f05_p1099511627689_n3_population_s046.stdout
5	1099511627689	3	47	202610140047	population	COMPLETE	0	3098	b55ec6c1d186b0a1333f2287b67df592071b05ee3a0c54f29f148d9281605a7e	e3b0c44298fc1c149afbf4c8996fb92427ae41e4649b934ca495991b7852b855	f05_p1099511627689_n3_population_s047.stdout
5	1099511627689	3	48	202610140048	population	COMPLETE	0	3876	6707e93f41e9402ae5e8ec6f4e1d8a9ab031c05c924e96f79378e7d1ee2f7841	e3b0c44298fc1c149afbf4c8996fb92427ae41e4649b934ca495991b7852b855	f05_p1099511627689_n3_population_s048.stdout
5	1099511627689	3	49	202610140049	population	COMPLETE	0	3317	ee33766322f28143fb063bee02931557ece604b79758dc0fb0bccd42dded3932	e3b0c44298fc1c149afbf4c8996fb92427ae41e4649b934ca495991b7852b855	f05_p1099511627689_n3_population_s049.stdout
5	1099511627689	3	50	202610140050	population	COMPLETE	0	3096	8ad9f8cda5b719ee088ae9ed237d9db774cfc45ed51fbf0edcd13ae4ab6fbd5f	e3b0c44298fc1c149afbf4c8996fb92427ae41e4649b934ca495991b7852b855	f05_p1099511627689_n3_population_s050.stdout
5	1099511627689	3	51	202610140051	population	COMPLETE	0	4073	9528ae4b4c157d689c5704d6edb100d08691e7bce5f0c1a1a3e736381705fe60	e3b0c44298fc1c149afbf4c8996fb92427ae41e4649b934ca495991b7852b855	f05_p1099511627689_n3_population_s051.stdout
5	1099511627689	3	52	202610140052	population	COMPLETE	0	3094	a47483f37582abe36932f29b81cb9964e48d911c6c433006337df3a027fdafab	e3b0c44298fc1c149afbf4c8996fb92427ae41e4649b934ca495991b7852b855	f05_p1099511627689_n3_population_s052.stdout
5	1099511627689	3	53	202610140053	population	COMPLETE	0	4708	de1e722fbbbe27fc26d5b18a3d4684d72bec8d399c2246c95ebbb44d45b15aa8	e3b0c44298fc1c149afbf4c8996fb92427ae41e4649b934ca495991b7852b855	f05_p1099511627689_n3_population_s053.stdout
5	1099511627689	3	54	202610140054	population	COMPLETE	0	4946	61800e2b928626aa72772b2faa779eb94a7b6dc0b73922e57c1b7d56adaaa285	e3b0c44298fc1c149afbf4c8996fb92427ae41e4649b934ca495991b7852b855	f05_p1099511627689_n3_population_s054.stdout
5	1099511627689	3	55	202610140055	population	COMPLETE	0	4668	b180e2b7522cce9fdd8dcf6e2773e9a105883c4ca9a1937153161adb5fdbe060	e3b0c44298fc1c149afbf4c8996fb92427ae41e4649b934ca495991b7852b855	f05_p1099511627689_n3_population_s055.stdout
5	1099511627689	3	56	202610140056	population	COMPLETE	0	4466	d10f87dbd5d2b119272461e34081cd814eee443bfeda8a6ba8dcee9ed7dc67e0	e3b0c44298fc1c149afbf4c8996fb92427ae41e4649b934ca495991b7852b855	f05_p1099511627689_n3_population_s056.stdout
5	1099511627689	3	58	202610140058	population	COMPLETE	0	3105	ff8461dac910341e63fc18204919c320857aad809230b1711b52f7b008684567	e3b0c44298fc1c149afbf4c8996fb92427ae41e4649b934ca495991b7852b855	f05_p1099511627689_n3_population_s058.stdout
5	1099511627689	3	57	202610140057	population	COMPLETE	0	3548	3175e6b883fd06141011ac30138a91ff517ea4f8ba5034f497f1c66d313a08f4	e3b0c44298fc1c149afbf4c8996fb92427ae41e4649b934ca495991b7852b855	f05_p1099511627689_n3_population_s057.stdout
5	1099511627689	3	59	202610140059	population	COMPLETE	0	3956	4081b129c01213837f6d53aa515c3e31dd7886fe9feccd6484cb24373fa9e099	e3b0c44298fc1c149afbf4c8996fb92427ae41e4649b934ca495991b7852b855	f05_p1099511627689_n3_population_s059.stdout
5	1099511627689	3	60	202610140060	population	COMPLETE	0	4586	7255b25cedf58479475b40e45e8b06295859a8c714a4e6375c4544f78f9651f2	e3b0c44298fc1c149afbf4c8996fb92427ae41e4649b934ca495991b7852b855	f05_p1099511627689_n3_population_s060.stdout
5	1099511627689	3	62	202610140062	population	COMPLETE	0	3075	9d97bd5a73420aa5d45343da6eff4e941fa2c3c7d7859c565b09f4d71303ca7a	e3b0c44298fc1c149afbf4c8996fb92427ae41e4649b934ca495991b7852b855	f05_p1099511627689_n3_population_s062.stdout
5	1099511627689	3	61	202610140061	population	COMPLETE	0	3856	3a5017a7e6767274b2f5ed46f8d2b085162b6aec3f46a009f74a4700a8b73732	e3b0c44298fc1c149afbf4c8996fb92427ae41e4649b934ca495991b7852b855	f05_p1099511627689_n3_population_s061.stdout
5	1099511627689	3	63	202610140063	population	COMPLETE	0	2982	587f3098ffcc64a30f943d28818e6fde2b9f09b981d69bf96b5cbcd31ff02560	e3b0c44298fc1c149afbf4c8996fb92427ae41e4649b934ca495991b7852b855	f05_p1099511627689_n3_population_s063.stdout
5	1099511627689	3	64	202610140064	population	COMPLETE	0	2690	cad6832caef6c4e268d581e8fb0c0f0959d519e60b99b7c3101019e6da5a2619	e3b0c44298fc1c149afbf4c8996fb92427ae41e4649b934ca495991b7852b855	f05_p1099511627689_n3_population_s064.stdout
6	4398046511093	3	2	202610150002	population	COMPLETE	0	3127	dca4709734e84ea7b6a3919336c8e7a40bade05bdf6efff64084b6ba5b10462f	e3b0c44298fc1c149afbf4c8996fb92427ae41e4649b934ca495991b7852b855	f06_p4398046511093_n3_population_s002.stdout
6	4398046511093	3	3	202610150003	population	COMPLETE	0	2590	23aa8c74b9995f18c5b676261e2a581b40af563d49f6482572e4acda4564eda7	e3b0c44298fc1c149afbf4c8996fb92427ae41e4649b934ca495991b7852b855	f06_p4398046511093_n3_population_s003.stdout
6	4398046511093	3	1	202610150001	population	COMPLETE	0	4638	bb56cd16e2ef21ad1d5ce127250fde30f5177f9cec1ae69cdfffbf63cf8cf536	e3b0c44298fc1c149afbf4c8996fb92427ae41e4649b934ca495991b7852b855	f06_p4398046511093_n3_population_s001.stdout
6	4398046511093	3	4	202610150004	population	COMPLETE	0	3413	6aeb489153ba9c1243f1f33f638ebdbf97f2759ca5d32b97d4eb062aa2620fe1	e3b0c44298fc1c149afbf4c8996fb92427ae41e4649b934ca495991b7852b855	f06_p4398046511093_n3_population_s004.stdout
6	4398046511093	3	7	202610150007	population	COMPLETE	0	2629	69591514cd63842c3798e0514366211444bba4e0bc1fbdb2603d9ca4b0a577fc	e3b0c44298fc1c149afbf4c8996fb92427ae41e4649b934ca495991b7852b855	f06_p4398046511093_n3_population_s007.stdout
6	4398046511093	3	6	202610150006	population	COMPLETE	0	3097	e3af83c394de256946d67a00de7e5ad41848c26d42a5aa1c8d9dfa4fa5ef725a	e3b0c44298fc1c149afbf4c8996fb92427ae41e4649b934ca495991b7852b855	f06_p4398046511093_n3_population_s006.stdout
6	4398046511093	3	8	202610150008	population	COMPLETE	0	2994	32281c1a9ce21af1d58096825cc7d997e912a989ea725a37525d2a4ad0016c7d	e3b0c44298fc1c149afbf4c8996fb92427ae41e4649b934ca495991b7852b855	f06_p4398046511093_n3_population_s008.stdout
6	4398046511093	3	5	202610150005	population	COMPLETE	0	5558	4006e63fd80f2f00d92f52ecc712e27b2bdbf38586d4d22121baa846d11168f9	e3b0c44298fc1c149afbf4c8996fb92427ae41e4649b934ca495991b7852b855	f06_p4398046511093_n3_population_s005.stdout
6	4398046511093	3	10	202610150010	population	COMPLETE	0	3827	f36394620813076d589287fc4533bded1057b42d749a540af52683a9a88440a8	e3b0c44298fc1c149afbf4c8996fb92427ae41e4649b934ca495991b7852b855	f06_p4398046511093_n3_population_s010.stdout
6	4398046511093	3	9	202610150009	population	COMPLETE	0	4101	06a64ca541d56ab8d05aeefea4e55dfd3c2647a095e562784e80e6824e196134	e3b0c44298fc1c149afbf4c8996fb92427ae41e4649b934ca495991b7852b855	f06_p4398046511093_n3_population_s009.stdout
6	4398046511093	3	11	202610150011	population	COMPLETE	0	3082	c93ecadb0513b0c6071a8fa61f674c1ad0a17ee45020a9f5f12642ec964502ca	e3b0c44298fc1c149afbf4c8996fb92427ae41e4649b934ca495991b7852b855	f06_p4398046511093_n3_population_s011.stdout
6	4398046511093	3	12	202610150012	population	COMPLETE	0	3546	ab54f2180925eb34e2e4adf8631b0a6a156d7199e07f293532affa88751ed6ec	e3b0c44298fc1c149afbf4c8996fb92427ae41e4649b934ca495991b7852b855	f06_p4398046511093_n3_population_s012.stdout
6	4398046511093	3	13	202610150013	population	COMPLETE	0	3280	7fd84a689a65f77c56329bd31ff5b1a739adb1a61fccd0e16caa1b5af640f7f4	e3b0c44298fc1c149afbf4c8996fb92427ae41e4649b934ca495991b7852b855	f06_p4398046511093_n3_population_s013.stdout
6	4398046511093	3	15	202610150015	population	COMPLETE	0	2989	45b92856bc26c9cee680241f28c4da719dfd28a2d5b77e6bbbebdae83493ee90	e3b0c44298fc1c149afbf4c8996fb92427ae41e4649b934ca495991b7852b855	f06_p4398046511093_n3_population_s015.stdout
6	4398046511093	3	14	202610150014	population	COMPLETE	0	5010	47886e91ce2f387aca91724dc54c84d3472ced4af596fb6ee14ab25b87f282f2	e3b0c44298fc1c149afbf4c8996fb92427ae41e4649b934ca495991b7852b855	f06_p4398046511093_n3_population_s014.stdout
6	4398046511093	3	16	202610150016	population	COMPLETE	0	6238	505fbcecaff3463a97492fa07c980b12c61039830b2c712ccbca7387f3df6384	e3b0c44298fc1c149afbf4c8996fb92427ae41e4649b934ca495991b7852b855	f06_p4398046511093_n3_population_s016.stdout
6	4398046511093	3	17	202610150017	population	COMPLETE	0	4925	5bb890517a34e0b1a889be4e84fbbf272c6efca3154d619a03bd5f86e768706a	e3b0c44298fc1c149afbf4c8996fb92427ae41e4649b934ca495991b7852b855	f06_p4398046511093_n3_population_s017.stdout
6	4398046511093	3	19	202610150019	population	COMPLETE	0	5698	cf81f7f5431f1135d39819af5c07470ade873b371bad3086dee27a46add76fe1	e3b0c44298fc1c149afbf4c8996fb92427ae41e4649b934ca495991b7852b855	f06_p4398046511093_n3_population_s019.stdout
6	4398046511093	3	18	202610150018	population	COMPLETE	0	7814	907c3d652ae879fe6afcb3fcf0b2bb717d7500e42fcf8fa891bac1401a1c6213	e3b0c44298fc1c149afbf4c8996fb92427ae41e4649b934ca495991b7852b855	f06_p4398046511093_n3_population_s018.stdout
6	4398046511093	3	21	202610150021	population	COMPLETE	0	4386	8b91eb659b7cc301dff6dc1891a8a70ee2d82295473824b852474d97c7e04f46	e3b0c44298fc1c149afbf4c8996fb92427ae41e4649b934ca495991b7852b855	f06_p4398046511093_n3_population_s021.stdout
6	4398046511093	3	20	202610150020	population	COMPLETE	0	5197	92959f58510c5430aa392f1ec34f9f7caf219bcfd0404200a7adc583ef938e67	e3b0c44298fc1c149afbf4c8996fb92427ae41e4649b934ca495991b7852b855	f06_p4398046511093_n3_population_s020.stdout
6	4398046511093	3	22	202610150022	population	COMPLETE	0	3078	427c9d4bdf62673fe8f7788490e156ac16c31d47a35cb6448f08b897f2e90d42	e3b0c44298fc1c149afbf4c8996fb92427ae41e4649b934ca495991b7852b855	f06_p4398046511093_n3_population_s022.stdout
6	4398046511093	3	23	202610150023	population	COMPLETE	0	3186	2f2a46dbd67850e908da12717238acd5c64144c3e60d64bfa5a44ee2df6ff6de	e3b0c44298fc1c149afbf4c8996fb92427ae41e4649b934ca495991b7852b855	f06_p4398046511093_n3_population_s023.stdout
6	4398046511093	3	24	202610150024	population	COMPLETE	0	4380	bc80249a062536761e3feca948cfc2c834366654f80c7a6e678c4f8a651f6d65	e3b0c44298fc1c149afbf4c8996fb92427ae41e4649b934ca495991b7852b855	f06_p4398046511093_n3_population_s024.stdout
6	4398046511093	3	25	202610150025	population	COMPLETE	0	4374	fb5c02066056c1baae7f01403135ef63c1bae26ce4e3be790490f09ddd7c9e57	e3b0c44298fc1c149afbf4c8996fb92427ae41e4649b934ca495991b7852b855	f06_p4398046511093_n3_population_s025.stdout
6	4398046511093	3	26	202610150026	population	COMPLETE	0	4266	cf97be8dc72f9c6ecd021d04924c9ac270c21aecece8f8b18bbe8907342ae74c	e3b0c44298fc1c149afbf4c8996fb92427ae41e4649b934ca495991b7852b855	f06_p4398046511093_n3_population_s026.stdout
6	4398046511093	3	27	202610150027	population	COMPLETE	0	4136	cef5bc7803b05197f83bd16e35c661c47479203548e76bfd551acca3f933ac34	e3b0c44298fc1c149afbf4c8996fb92427ae41e4649b934ca495991b7852b855	f06_p4398046511093_n3_population_s027.stdout
6	4398046511093	3	28	202610150028	population	COMPLETE	0	3644	20790b58247f7a8c45a38e12648e88a2f6d30ffbca30d0e0c09cffb945b85867	e3b0c44298fc1c149afbf4c8996fb92427ae41e4649b934ca495991b7852b855	f06_p4398046511093_n3_population_s028.stdout
6	4398046511093	3	30	202610150030	population	COMPLETE	0	3103	b243fff55d8d6635fdb2383e46f5d305c47bbcb8e144dcd5de8971cf1249152e	e3b0c44298fc1c149afbf4c8996fb92427ae41e4649b934ca495991b7852b855	f06_p4398046511093_n3_population_s030.stdout
6	4398046511093	3	29	202610150029	population	COMPLETE	0	4483	efdb217952f36ef4cbe0afce1db7b5f4c66c9ae1fa39929c3307858a4ae38ded	e3b0c44298fc1c149afbf4c8996fb92427ae41e4649b934ca495991b7852b855	f06_p4398046511093_n3_population_s029.stdout
6	4398046511093	3	31	202610150031	population	COMPLETE	0	3854	61c4019a09a72018b3cc8caeda75ce540ea869583f01073ac245bb3abac9afcd	e3b0c44298fc1c149afbf4c8996fb92427ae41e4649b934ca495991b7852b855	f06_p4398046511093_n3_population_s031.stdout
6	4398046511093	3	32	202610150032	population	COMPLETE	0	3777	70d3822886ed1a0224ddeb67db4db2a58e1dedcf7c4d4975a9ad57c360818cc1	e3b0c44298fc1c149afbf4c8996fb92427ae41e4649b934ca495991b7852b855	f06_p4398046511093_n3_population_s032.stdout
6	4398046511093	3	33	202610150033	population	COMPLETE	0	3752	91b057689fdb2a687eec504258866cacfe26b3316986c88269dc8c4084c3b62f	e3b0c44298fc1c149afbf4c8996fb92427ae41e4649b934ca495991b7852b855	f06_p4398046511093_n3_population_s033.stdout
6	4398046511093	3	34	202610150034	population	COMPLETE	0	3952	3cf1f9866dd34509ab6e8414d2f82261b0b5618539e6a33c895b3d3ca5acc7d3	e3b0c44298fc1c149afbf4c8996fb92427ae41e4649b934ca495991b7852b855	f06_p4398046511093_n3_population_s034.stdout
6	4398046511093	3	35	202610150035	population	COMPLETE	0	3943	ce7108465436918c747e45adee15b3987609864417b71bed59e13ec939d44986	e3b0c44298fc1c149afbf4c8996fb92427ae41e4649b934ca495991b7852b855	f06_p4398046511093_n3_population_s035.stdout
6	4398046511093	3	37	202610150037	population	COMPLETE	0	3019	5ae753f4876d0fa74538c1ef1129acb329c1511089540058a4c17f7ee3dc6789	e3b0c44298fc1c149afbf4c8996fb92427ae41e4649b934ca495991b7852b855	f06_p4398046511093_n3_population_s037.stdout
6	4398046511093	3	36	202610150036	population	COMPLETE	0	3873	5b6d8e7a6ac689805a416d386091a1b504ff22ef9c1b911ab885ae3061c9bd01	e3b0c44298fc1c149afbf4c8996fb92427ae41e4649b934ca495991b7852b855	f06_p4398046511093_n3_population_s036.stdout
6	4398046511093	3	38	202610150038	population	COMPLETE	0	2694	addf85a02284d5561e5121cd11d1a1249813f685b8312b0d4a337ea06f3028be	e3b0c44298fc1c149afbf4c8996fb92427ae41e4649b934ca495991b7852b855	f06_p4398046511093_n3_population_s038.stdout
6	4398046511093	3	39	202610150039	population	COMPLETE	0	3204	d748a925f815bee03dc86459fcc1d25cf6899e2d226b8b079b6e1134ee175939	e3b0c44298fc1c149afbf4c8996fb92427ae41e4649b934ca495991b7852b855	f06_p4398046511093_n3_population_s039.stdout
6	4398046511093	3	42	202610150042	population	COMPLETE	0	3871	10881eb45110838a7d296304625ac2f820d76364954f50e6f6953b0c1dcbd86b	e3b0c44298fc1c149afbf4c8996fb92427ae41e4649b934ca495991b7852b855	f06_p4398046511093_n3_population_s042.stdout
6	4398046511093	3	41	202610150041	population	COMPLETE	0	4428	352a3ec057eb3cae82ea270abcc3d437714a04938981b1551d67a4dfd1925c06	e3b0c44298fc1c149afbf4c8996fb92427ae41e4649b934ca495991b7852b855	f06_p4398046511093_n3_population_s041.stdout
6	4398046511093	3	43	202610150043	population	COMPLETE	0	3632	75e6a6499f30ade8de8c2baf964b27ac2b9a1c403b4b32f2fb082bb1b6e9059e	e3b0c44298fc1c149afbf4c8996fb92427ae41e4649b934ca495991b7852b855	f06_p4398046511093_n3_population_s043.stdout
6	4398046511093	3	40	202610150040	population	COMPLETE	0	5075	4fbc6a6243b84db107d49547c9b3f00a499dd9da7d2b20012dcf1ec131a00b6f	e3b0c44298fc1c149afbf4c8996fb92427ae41e4649b934ca495991b7852b855	f06_p4398046511093_n3_population_s040.stdout
6	4398046511093	3	44	202610150044	population	COMPLETE	0	5549	53ebf9153353f6ef4132c982e73ff36bba8a3b295502d26a9dbfa011cece28e7	e3b0c44298fc1c149afbf4c8996fb92427ae41e4649b934ca495991b7852b855	f06_p4398046511093_n3_population_s044.stdout
6	4398046511093	3	47	202610150047	population	COMPLETE	0	5524	61ec254a368031d252a6ba50e87b4ad204baa1ab18203eee05c35baf338e317d	e3b0c44298fc1c149afbf4c8996fb92427ae41e4649b934ca495991b7852b855	f06_p4398046511093_n3_population_s047.stdout
6	4398046511093	3	46	202610150046	population	COMPLETE	0	5796	e990e6e8d588d248e64d08e3e616d1b6984f1f501daeb2b48e171311ad93edf7	e3b0c44298fc1c149afbf4c8996fb92427ae41e4649b934ca495991b7852b855	f06_p4398046511093_n3_population_s046.stdout
6	4398046511093	3	45	202610150045	population	COMPLETE	0	6286	94b5560d3d9317f21f50bfa51d695f737d33ee055ef3f22b609232dec5674120	e3b0c44298fc1c149afbf4c8996fb92427ae41e4649b934ca495991b7852b855	f06_p4398046511093_n3_population_s045.stdout
6	4398046511093	3	48	202610150048	population	COMPLETE	0	3215	5f04897720f88736932ad5591245ff6237ac1f9a3dc1031111d396e43f6ccf90	e3b0c44298fc1c149afbf4c8996fb92427ae41e4649b934ca495991b7852b855	f06_p4398046511093_n3_population_s048.stdout
6	4398046511093	3	49	202610150049	population	COMPLETE	0	3103	0e1dd0aa8c57686379b0756f331324e75184288884232512390011c43186fbf4	e3b0c44298fc1c149afbf4c8996fb92427ae41e4649b934ca495991b7852b855	f06_p4398046511093_n3_population_s049.stdout
6	4398046511093	3	50	202610150050	population	COMPLETE	0	3008	460ddf4676bcbdb4c8f96478d41942bc5602c25faab5eca7c139dd894d4e8997	e3b0c44298fc1c149afbf4c8996fb92427ae41e4649b934ca495991b7852b855	f06_p4398046511093_n3_population_s050.stdout
6	4398046511093	3	51	202610150051	population	COMPLETE	0	3091	80136baf42a7a696b42cfbf26c55c0e1143a93e1cd7cd4aeafd8006916d3012e	e3b0c44298fc1c149afbf4c8996fb92427ae41e4649b934ca495991b7852b855	f06_p4398046511093_n3_population_s051.stdout
6	4398046511093	3	55	202610150055	population	COMPLETE	0	3755	6360814c54c5d5e84b090ba97f8697fcf1c434fadff164122acbd742618d9d68	e3b0c44298fc1c149afbf4c8996fb92427ae41e4649b934ca495991b7852b855	f06_p4398046511093_n3_population_s055.stdout
6	4398046511093	3	52	202610150052	population	COMPLETE	0	4827	6458c01cf943a665f2f963686ecfbcf3945d49682f8ebec34b83b6a64c368844	e3b0c44298fc1c149afbf4c8996fb92427ae41e4649b934ca495991b7852b855	f06_p4398046511093_n3_population_s052.stdout
6	4398046511093	3	54	202610150054	population	COMPLETE	0	4889	24704051831d00c12856268abb73929d58221a401d85fc3d0ba55f0b47e29f88	e3b0c44298fc1c149afbf4c8996fb92427ae41e4649b934ca495991b7852b855	f06_p4398046511093_n3_population_s054.stdout
6	4398046511093	3	53	202610150053	population	COMPLETE	0	5695	69764e898255b8595564adc5743b90aa7432ff58e4b8e29baa92c7b345e118d6	e3b0c44298fc1c149afbf4c8996fb92427ae41e4649b934ca495991b7852b855	f06_p4398046511093_n3_population_s053.stdout
6	4398046511093	3	57	202610150057	population	COMPLETE	0	3414	8f034e25cd66401407ad7a7a669e536acc1aa5a6f7a62f52587d1eae6f5d8d80	e3b0c44298fc1c149afbf4c8996fb92427ae41e4649b934ca495991b7852b855	f06_p4398046511093_n3_population_s057.stdout
6	4398046511093	3	56	202610150056	population	COMPLETE	0	4420	fc9b0b7ee50cab4b3919a23ea11991b09d98eb65a4edd4e1a2b2004618390d93	e3b0c44298fc1c149afbf4c8996fb92427ae41e4649b934ca495991b7852b855	f06_p4398046511093_n3_population_s056.stdout
6	4398046511093	3	58	202610150058	population	COMPLETE	0	4189	21f1f436ab9471acdeecad5fb7d0c37ea818087b13215449811eed0f6b6947b6	e3b0c44298fc1c149afbf4c8996fb92427ae41e4649b934ca495991b7852b855	f06_p4398046511093_n3_population_s058.stdout
6	4398046511093	3	59	202610150059	population	COMPLETE	0	3922	9a40197715e46b8c13ef0600bfdd158dfbf4c640f1553ac25639b50fcd493025	e3b0c44298fc1c149afbf4c8996fb92427ae41e4649b934ca495991b7852b855	f06_p4398046511093_n3_population_s059.stdout
6	4398046511093	3	61	202610150061	population	COMPLETE	0	6151	411980f5347d1c3f8de597514bfd22a315074f970a52774d9222559bceb98ae9	e3b0c44298fc1c149afbf4c8996fb92427ae41e4649b934ca495991b7852b855	f06_p4398046511093_n3_population_s061.stdout
6	4398046511093	3	60	202610150060	population	COMPLETE	0	7125	e8818e313f36ae82571dcb10c1a3016a36417a1c057c948611393b9a614c9968	e3b0c44298fc1c149afbf4c8996fb92427ae41e4649b934ca495991b7852b855	f06_p4398046511093_n3_population_s060.stdout
6	4398046511093	3	62	202610150062	population	COMPLETE	0	7026	257a79869a61fd9c0f25066cca4f4447e96382617b1d873f757160ce4ab8554c	e3b0c44298fc1c149afbf4c8996fb92427ae41e4649b934ca495991b7852b855	f06_p4398046511093_n3_population_s062.stdout
7	602233	5	1	202610160001	population	COMPLETE	0	3556	255746a5406567e5cddf38d14191b257b71084264ecff2693f408c1bbfcc5137	e3b0c44298fc1c149afbf4c8996fb92427ae41e4649b934ca495991b7852b855	f07_p602233_n5_population_s001.stdout
6	4398046511093	3	63	202610150063	population	COMPLETE	0	9517	c146a6387583dbc86eb5cc4647b04a0a74a1841942fa350709d4a8cb6e3ed970	e3b0c44298fc1c149afbf4c8996fb92427ae41e4649b934ca495991b7852b855	f06_p4398046511093_n3_population_s063.stdout
7	602233	5	2	202610160002	population	COMPLETE	0	3142	dd3164fde23b81111686be3683ab46913ff9d19d2343f6415501c3d2ab611c80	e3b0c44298fc1c149afbf4c8996fb92427ae41e4649b934ca495991b7852b855	f07_p602233_n5_population_s002.stdout
6	4398046511093	3	64	202610150064	population	COMPLETE	0	5611	3eb1b917e52f42448993b8ca0bb8946c6eac91a19f63c337b130d013253a26e0	e3b0c44298fc1c149afbf4c8996fb92427ae41e4649b934ca495991b7852b855	f06_p4398046511093_n3_population_s064.stdout
7	602233	5	3	202610160003	population	COMPLETE	0	2128	81a7d3bc2a283b1f4e747d33735863485076c882248cd86f460fbe2967ff7319	e3b0c44298fc1c149afbf4c8996fb92427ae41e4649b934ca495991b7852b855	f07_p602233_n5_population_s003.stdout
7	602233	5	4	202610160004	population	COMPLETE	0	1806	0e160dbceb1a29f0a9f4717e126f0d02a153331ffe236f88d7aaf725407f8b23	e3b0c44298fc1c149afbf4c8996fb92427ae41e4649b934ca495991b7852b855	f07_p602233_n5_population_s004.stdout
7	602233	5	5	202610160005	population	COMPLETE	0	1906	080704e2ed2d5d34baadeb46434ecb75604f5e1335ab67cb080fb32aeb0d6e1f	e3b0c44298fc1c149afbf4c8996fb92427ae41e4649b934ca495991b7852b855	f07_p602233_n5_population_s005.stdout
7	602233	5	6	202610160006	population	COMPLETE	0	1718	b95e6cdf02d467e4b5a7455ab143a3e4672e63ff7bb0dc69bc353e30daaf6141	e3b0c44298fc1c149afbf4c8996fb92427ae41e4649b934ca495991b7852b855	f07_p602233_n5_population_s006.stdout
7	602233	5	7	202610160007	population	COMPLETE	0	1708	365d6f694bc180d1e10c69b33dc3df95bbebb6f006ab2b3b17d3baa32c344fa4	e3b0c44298fc1c149afbf4c8996fb92427ae41e4649b934ca495991b7852b855	f07_p602233_n5_population_s007.stdout
7	602233	5	8	202610160008	population	COMPLETE	0	1916	877ebd680880a59be57469840679d78384beb24117b8eb6b288be7db62974410	e3b0c44298fc1c149afbf4c8996fb92427ae41e4649b934ca495991b7852b855	f07_p602233_n5_population_s008.stdout
7	602233	5	9	202610160009	population	COMPLETE	0	2644	04789e94e67e92197be3fda1e6cc337f091883f88ae8646e3183d816fb3f8193	e3b0c44298fc1c149afbf4c8996fb92427ae41e4649b934ca495991b7852b855	f07_p602233_n5_population_s009.stdout
7	602233	5	10	202610160010	population	COMPLETE	0	2620	53141713f03f40a1cbcd7ddddcaf45663df0c2ee90e1eaa74262749c7cf8d2e5	e3b0c44298fc1c149afbf4c8996fb92427ae41e4649b934ca495991b7852b855	f07_p602233_n5_population_s010.stdout
7	602233	5	11	202610160011	population	COMPLETE	0	2566	35d7904af92a5cf1ced8375fa7299555df47e905c16e55c1083785caaf34c670	e3b0c44298fc1c149afbf4c8996fb92427ae41e4649b934ca495991b7852b855	f07_p602233_n5_population_s011.stdout
7	602233	5	12	202610160012	population	COMPLETE	0	2207	3eda9de481c163ae73e16076e998ced7176b4ee1385f9df9fb6849725608b5f8	e3b0c44298fc1c149afbf4c8996fb92427ae41e4649b934ca495991b7852b855	f07_p602233_n5_population_s012.stdout
7	602233	5	13	202610160013	population	COMPLETE	0	3162	1d27718a52d35a1948b9338ca31b47762347d7c054324e1c8c6e58af99b0dc85	e3b0c44298fc1c149afbf4c8996fb92427ae41e4649b934ca495991b7852b855	f07_p602233_n5_population_s013.stdout
7	602233	5	15	202610160015	population	COMPLETE	0	2326	b4801c568309197e5645f50ea197f35131c9ee4fd72312b6c5a6c0252faeeab0	e3b0c44298fc1c149afbf4c8996fb92427ae41e4649b934ca495991b7852b855	f07_p602233_n5_population_s015.stdout
7	602233	5	16	202610160016	population	COMPLETE	0	2321	e1f37e5a358775ec6180355bf36d5f306447c7e336ac020d38106e06039b9795	e3b0c44298fc1c149afbf4c8996fb92427ae41e4649b934ca495991b7852b855	f07_p602233_n5_population_s016.stdout
7	602233	5	14	202610160014	population	COMPLETE	0	3013	89b1477c8741f0d9088bdbf2ba4b0505370565dcfd8c6e3ca911f0bdf2620b76	e3b0c44298fc1c149afbf4c8996fb92427ae41e4649b934ca495991b7852b855	f07_p602233_n5_population_s014.stdout
7	602233	5	17	202610160017	population	COMPLETE	0	2336	535deb5c2229bc2b37bcc22a9d07330d64d60bb4f6d5262739704a66e9095ffb	e3b0c44298fc1c149afbf4c8996fb92427ae41e4649b934ca495991b7852b855	f07_p602233_n5_population_s017.stdout
7	602233	5	18	202610160018	population	COMPLETE	0	2339	52d5e28c58ef3d655b8b6a4e99bd1680044ef0d5b89595f9794042c9727af15f	e3b0c44298fc1c149afbf4c8996fb92427ae41e4649b934ca495991b7852b855	f07_p602233_n5_population_s018.stdout
7	602233	5	20	202610160020	population	COMPLETE	0	2451	e9205d70c1118e66f24ead7e3041083abac068fd3d9b01215b39f46fe6739d57	e3b0c44298fc1c149afbf4c8996fb92427ae41e4649b934ca495991b7852b855	f07_p602233_n5_population_s020.stdout
7	602233	5	19	202610160019	population	COMPLETE	0	2844	f0ad4dcc858f51a63ec8dfbe81151b971eb1f83a3fefe2bf696312b9e29f2562	e3b0c44298fc1c149afbf4c8996fb92427ae41e4649b934ca495991b7852b855	f07_p602233_n5_population_s019.stdout
7	602233	5	21	202610160021	population	COMPLETE	0	3074	37335bf79a269a26960da0e9d75f5cef776d7332b0f8ba306640e4f880227486	e3b0c44298fc1c149afbf4c8996fb92427ae41e4649b934ca495991b7852b855	f07_p602233_n5_population_s021.stdout
7	602233	5	22	202610160022	population	COMPLETE	0	3283	31899f755ac1c040e55facb25cc7390510ee0ff061737e53fa3eca116e64e9f0	e3b0c44298fc1c149afbf4c8996fb92427ae41e4649b934ca495991b7852b855	f07_p602233_n5_population_s022.stdout
7	602233	5	23	202610160023	population	COMPLETE	0	3406	ff7bdfc1324fac8d42ac64f1d1b9a274022f1e6662b723a3f588ed61e2d2a997	e3b0c44298fc1c149afbf4c8996fb92427ae41e4649b934ca495991b7852b855	f07_p602233_n5_population_s023.stdout
7	602233	5	24	202610160024	population	COMPLETE	0	3380	b6c775fec75a7490914da6234aae0fccb700d1839a39adb49a6933607ea38c69	e3b0c44298fc1c149afbf4c8996fb92427ae41e4649b934ca495991b7852b855	f07_p602233_n5_population_s024.stdout
7	602233	5	28	202610160028	population	COMPLETE	0	3982	9bfe718ac6711793dc70ad302fe4271b8cfb8091a575ae0365161e03b1acdce7	e3b0c44298fc1c149afbf4c8996fb92427ae41e4649b934ca495991b7852b855	f07_p602233_n5_population_s028.stdout
7	602233	5	26	202610160026	population	COMPLETE	0	4798	9cfe5b4897b36e26bf34263de5b96c4cda321ab564a7c58ff0876f7b09bc57dc	e3b0c44298fc1c149afbf4c8996fb92427ae41e4649b934ca495991b7852b855	f07_p602233_n5_population_s026.stdout
7	602233	5	25	202610160025	population	COMPLETE	0	6104	3e959248a5223ce3bbb51df6207a85c295d9b38e8f4595b4b3e5126361e5ea17	e3b0c44298fc1c149afbf4c8996fb92427ae41e4649b934ca495991b7852b855	f07_p602233_n5_population_s025.stdout
7	602233	5	27	202610160027	population	COMPLETE	0	5425	3c292829eb5d92e377c9f7f07f5b650eea3924eca09f4c844b96f946b661cf24	e3b0c44298fc1c149afbf4c8996fb92427ae41e4649b934ca495991b7852b855	f07_p602233_n5_population_s027.stdout
7	602233	5	29	202610160029	population	COMPLETE	0	2641	477939b1167b185d18271914adfc8ab4b38419b47e875a2169eba799024a8ede	e3b0c44298fc1c149afbf4c8996fb92427ae41e4649b934ca495991b7852b855	f07_p602233_n5_population_s029.stdout
7	602233	5	30	202610160030	population	COMPLETE	0	2798	5126afdc39040a9b44de317a05029664280b904e80d9221e7c6a628693d33d29	e3b0c44298fc1c149afbf4c8996fb92427ae41e4649b934ca495991b7852b855	f07_p602233_n5_population_s030.stdout
7	602233	5	31	202610160031	population	COMPLETE	0	3039	3ee9a7f2bbabe87d75c7432defc3b6567c506a0158bf3700e5bb938ea2329d46	e3b0c44298fc1c149afbf4c8996fb92427ae41e4649b934ca495991b7852b855	f07_p602233_n5_population_s031.stdout
7	602233	5	32	202610160032	population	COMPLETE	0	4193	0cebd7ebf2203a539a77aed78fadc2c0dcab054cc86876761e905aaf72b6fa3e	e3b0c44298fc1c149afbf4c8996fb92427ae41e4649b934ca495991b7852b855	f07_p602233_n5_population_s032.stdout
8	38543917	5	1	202610170001	population	COMPLETE	0	5469	d2f84fb2373963efca73dacf5b01108a71a25995039ddf917b7e5c87f2957a9d	e3b0c44298fc1c149afbf4c8996fb92427ae41e4649b934ca495991b7852b855	f08_p38543917_n5_population_s001.stdout
8	38543917	5	3	202610170003	population	COMPLETE	0	5067	78f2bfadcda53ea0be67a68c84b189b980418cd06f4f7a049dc74711b6e3ce20	e3b0c44298fc1c149afbf4c8996fb92427ae41e4649b934ca495991b7852b855	f08_p38543917_n5_population_s003.stdout
8	38543917	5	2	202610170002	population	COMPLETE	0	6348	b08edb64a1bec646d046aa2f886262d7e806db6bfa5b02fe1306baa352468e61	e3b0c44298fc1c149afbf4c8996fb92427ae41e4649b934ca495991b7852b855	f08_p38543917_n5_population_s002.stdout
8	38543917	5	4	202610170004	population	COMPLETE	0	4748	d1b994071a03349ebccf6537ae8a149c346dc10c941fdab8c6457aae6b8ba853	e3b0c44298fc1c149afbf4c8996fb92427ae41e4649b934ca495991b7852b855	f08_p38543917_n5_population_s004.stdout
8	38543917	5	5	202610170005	population	COMPLETE	0	3345	ab1f4bccf9a9192d0e5b2842dae555daa75a70e9b670b0fb4d083ed53b794983	e3b0c44298fc1c149afbf4c8996fb92427ae41e4649b934ca495991b7852b855	f08_p38543917_n5_population_s005.stdout
8	38543917	5	6	202610170006	population	COMPLETE	0	3809	c9d8f65236cbc3fa610b484b10710117a9c65050d583dae43688cd2ca263f118	e3b0c44298fc1c149afbf4c8996fb92427ae41e4649b934ca495991b7852b855	f08_p38543917_n5_population_s006.stdout
8	38543917	5	7	202610170007	population	COMPLETE	0	3739	6e656810523f882db846f335bb6fe3ac70ea30710b07f7aefdaa9919660828c5	e3b0c44298fc1c149afbf4c8996fb92427ae41e4649b934ca495991b7852b855	f08_p38543917_n5_population_s007.stdout
8	38543917	5	9	202610170009	population	COMPLETE	0	3310	cff9c18d2cb481e87d979b570a4b7b4ee2c9da7d5c35f8f0a2ae56208fb3e78e	e3b0c44298fc1c149afbf4c8996fb92427ae41e4649b934ca495991b7852b855	f08_p38543917_n5_population_s009.stdout
8	38543917	5	8	202610170008	population	COMPLETE	0	6296	6b5ab9d21de4c3d4c14685e36bb0662147fc60313a46a0f6ea3455059823d724	e3b0c44298fc1c149afbf4c8996fb92427ae41e4649b934ca495991b7852b855	f08_p38543917_n5_population_s008.stdout
8	38543917	5	11	202610170011	population	COMPLETE	0	5032	8c031ca54d2182e60f3cef8f30f463b3be06fc1ff9fbd2a190c68b7680d2cd43	e3b0c44298fc1c149afbf4c8996fb92427ae41e4649b934ca495991b7852b855	f08_p38543917_n5_population_s011.stdout
8	38543917	5	12	202610170012	population	COMPLETE	0	5431	792f15954f49874aca839d4ad785fc982b4e596c3dcbdb6352978a25991dea39	e3b0c44298fc1c149afbf4c8996fb92427ae41e4649b934ca495991b7852b855	f08_p38543917_n5_population_s012.stdout
8	38543917	5	10	202610170010	population	COMPLETE	0	7343	e94861b334e10b70960093bd2254d113fa148281c036ac88dbd34477ddb93bfc	e3b0c44298fc1c149afbf4c8996fb92427ae41e4649b934ca495991b7852b855	f08_p38543917_n5_population_s010.stdout
8	38543917	5	14	202610170014	population	COMPLETE	0	5601	3603b598e0b41f630dfea7794eb861f22bd7c83c03d02a38ec8a4abba5d57e09	e3b0c44298fc1c149afbf4c8996fb92427ae41e4649b934ca495991b7852b855	f08_p38543917_n5_population_s014.stdout
8	38543917	5	13	202610170013	population	COMPLETE	0	9311	ec71bba0600241539fe2835a7a07802a0090c58e0dc83eba8cf1b2d2c144f94d	e3b0c44298fc1c149afbf4c8996fb92427ae41e4649b934ca495991b7852b855	f08_p38543917_n5_population_s013.stdout
8	38543917	5	16	202610170016	population	COMPLETE	0	8040	041c8d1c835402be74553cd206bf3f81e1f53ede21889aab0f78e6154bc9fa92	e3b0c44298fc1c149afbf4c8996fb92427ae41e4649b934ca495991b7852b855	f08_p38543917_n5_population_s016.stdout
8	38543917	5	17	202610170017	population	COMPLETE	0	6198	9abcc73449d120a85d081e8497857fa7e166e6f777386f1cc5bd800dfacf708c	e3b0c44298fc1c149afbf4c8996fb92427ae41e4649b934ca495991b7852b855	f08_p38543917_n5_population_s017.stdout
8	38543917	5	18	202610170018	population	COMPLETE	0	6527	c7c3fec58923b85336001daeff0568054573628260c45c4b2898ccea036b55ad	e3b0c44298fc1c149afbf4c8996fb92427ae41e4649b934ca495991b7852b855	f08_p38543917_n5_population_s018.stdout
8	38543917	5	15	202610170015	population	COMPLETE	0	12919	6dbebadd0934ed700d46e35efab2d0e9834e161d26545e2c2b4806108c4141f9	e3b0c44298fc1c149afbf4c8996fb92427ae41e4649b934ca495991b7852b855	f08_p38543917_n5_population_s015.stdout
8	38543917	5	20	202610170020	population	COMPLETE	0	4982	f509492f86561dd0fe8986209281c657e64f8a62dd8a1200ca1752ab73767800	e3b0c44298fc1c149afbf4c8996fb92427ae41e4649b934ca495991b7852b855	f08_p38543917_n5_population_s020.stdout
8	38543917	5	19	202610170019	population	COMPLETE	0	8249	8c3096f46e61b8d2d4ff1d2a497811e7e9c7d165a751ce10e657094cb3653638	e3b0c44298fc1c149afbf4c8996fb92427ae41e4649b934ca495991b7852b855	f08_p38543917_n5_population_s019.stdout
8	38543917	5	21	202610170021	population	COMPLETE	0	5991	4135cce249686f110e4654d737fb6102a2c9a4492ff868e44e8ee940a98a9f9e	e3b0c44298fc1c149afbf4c8996fb92427ae41e4649b934ca495991b7852b855	f08_p38543917_n5_population_s021.stdout
8	38543917	5	22	202610170022	population	COMPLETE	0	6546	e22fe4cb3e684154db32a07bec4cf9a2bf7e1aa24cca0da76a1297804544604f	e3b0c44298fc1c149afbf4c8996fb92427ae41e4649b934ca495991b7852b855	f08_p38543917_n5_population_s022.stdout
8	38543917	5	23	202610170023	population	COMPLETE	0	7677	39934bab8380f3ce6c15523053a8f89c5d2789e115b5bd4efa5832b8f4c09a8e	e3b0c44298fc1c149afbf4c8996fb92427ae41e4649b934ca495991b7852b855	f08_p38543917_n5_population_s023.stdout
8	38543917	5	26	202610170026	population	COMPLETE	0	3497	25112aa4ccc4f5b18e3a5f46a69ce25620848fa03b6044c1fd47d831ee0dfcce	e3b0c44298fc1c149afbf4c8996fb92427ae41e4649b934ca495991b7852b855	f08_p38543917_n5_population_s026.stdout
8	38543917	5	24	202610170024	population	COMPLETE	0	7426	a95fb6332b1f2798d355c4a11574c597e1dc84787919db97b7a3adda4df3b8b9	e3b0c44298fc1c149afbf4c8996fb92427ae41e4649b934ca495991b7852b855	f08_p38543917_n5_population_s024.stdout
8	38543917	5	25	202610170025	population	COMPLETE	0	5734	8517e7e2a6c65fce1797c635c5103cc39a183650828a7eb504fc16dbd41819ee	e3b0c44298fc1c149afbf4c8996fb92427ae41e4649b934ca495991b7852b855	f08_p38543917_n5_population_s025.stdout
8	38543917	5	28	202610170028	population	COMPLETE	0	4261	c67cfd7a3f38f6393f5e9588ab3f3a8886a6fd76381681261dea45e721f195f8	e3b0c44298fc1c149afbf4c8996fb92427ae41e4649b934ca495991b7852b855	f08_p38543917_n5_population_s028.stdout
8	38543917	5	27	202610170027	population	COMPLETE	0	5010	b7048fd190ac6fd36f48717efb72eb70cc7a79d2a423147cb4fb1a713f703a13	e3b0c44298fc1c149afbf4c8996fb92427ae41e4649b934ca495991b7852b855	f08_p38543917_n5_population_s027.stdout
8	38543917	5	30	202610170030	population	COMPLETE	0	4697	ddef80d4bb1d17fc6f9aa4ac0bfd313544252c1239886dd5cc821e74b9836b21	e3b0c44298fc1c149afbf4c8996fb92427ae41e4649b934ca495991b7852b855	f08_p38543917_n5_population_s030.stdout
8	38543917	5	29	202610170029	population	COMPLETE	0	5655	105b0d164bc83690d62a64d6c9ed858b9386fd94265b3c9e3031feff59b7b71d	e3b0c44298fc1c149afbf4c8996fb92427ae41e4649b934ca495991b7852b855	f08_p38543917_n5_population_s029.stdout
8	38543917	5	32	202610170032	population	COMPLETE	0	3004	27a1b8e879255932add4fd858cf5458f3e52f557b3e00d7a655c87837659296a	e3b0c44298fc1c149afbf4c8996fb92427ae41e4649b934ca495991b7852b855	f08_p38543917_n5_population_s032.stdout
8	38543917	5	31	202610170031	population	COMPLETE	0	3313	efd1e39e85dd1824ab3064c77953da69851f53f3e4cdbe895ed907819d66841b	e3b0c44298fc1c149afbf4c8996fb92427ae41e4649b934ca495991b7852b855	f08_p38543917_n5_population_s031.stdout
9	13421	7	1	202610180001	population	COMPLETE	0	2649	74cfc55b50ef7eb53b5cf325d2bb27e92518c245d0f39c1a5aba59696c64e391	e3b0c44298fc1c149afbf4c8996fb92427ae41e4649b934ca495991b7852b855	f09_p13421_n7_population_s001.stdout
9	13421	7	2	202610180002	population	COMPLETE	0	3068	df18743d27d828832cce6687813a5a6c73320114a85a29a87e60a6773015f26b	e3b0c44298fc1c149afbf4c8996fb92427ae41e4649b934ca495991b7852b855	f09_p13421_n7_population_s002.stdout
9	13421	7	3	202610180003	population	COMPLETE	0	2700	7e9855a92970e1054c955f94df15f685c847f0b0bd33a08d806069337cd66f3a	e3b0c44298fc1c149afbf4c8996fb92427ae41e4649b934ca495991b7852b855	f09_p13421_n7_population_s003.stdout
9	13421	7	4	202610180004	population	COMPLETE	0	3067	f7e01f5ec56a3b1ac3d4704d9f994e56bb94a4acb25c8c9ab3a4c4b968b777f9	e3b0c44298fc1c149afbf4c8996fb92427ae41e4649b934ca495991b7852b855	f09_p13421_n7_population_s004.stdout
9	13421	7	5	202610180005	population	COMPLETE	0	5033	7cbfed4f98d4802e61d986610189dc075e2540f11c21571dc0ec66e4c8fcd30b	e3b0c44298fc1c149afbf4c8996fb92427ae41e4649b934ca495991b7852b855	f09_p13421_n7_population_s005.stdout
9	13421	7	6	202610180006	population	COMPLETE	0	3980	d10090792b26354482ada9d1a0179592a328c4f8f048968c7def858f17f4ef77	e3b0c44298fc1c149afbf4c8996fb92427ae41e4649b934ca495991b7852b855	f09_p13421_n7_population_s006.stdout
9	13421	7	7	202610180007	population	COMPLETE	0	5922	cbfa42c89c9b13b76abd1b233cca4e9e679c4c732484f236f2be1d679536e2e7	e3b0c44298fc1c149afbf4c8996fb92427ae41e4649b934ca495991b7852b855	f09_p13421_n7_population_s007.stdout
9	13421	7	8	202610180008	population	COMPLETE	0	5850	61284ce34e8a92eb1662d54bfec0727520c8328314a446e954012224185fec15	e3b0c44298fc1c149afbf4c8996fb92427ae41e4649b934ca495991b7852b855	f09_p13421_n7_population_s008.stdout
9	13421	7	10	202610180010	population	COMPLETE	0	4880	362457f7d0fbfe6d1192aea129dcf6c9d4f433a5d32a714f07e1002b3e3739ab	e3b0c44298fc1c149afbf4c8996fb92427ae41e4649b934ca495991b7852b855	f09_p13421_n7_population_s010.stdout
9	13421	7	9	202610180009	population	COMPLETE	0	5354	35769744ec11fe33114aa4284a4ad10dd96934908930f0276aa20c6f7eb6c2d8	e3b0c44298fc1c149afbf4c8996fb92427ae41e4649b934ca495991b7852b855	f09_p13421_n7_population_s009.stdout
9	13421	7	12	202610180012	population	COMPLETE	0	3257	d17ae91c0f190ba8feb372a246e7c37258acb9d5f7b1834f0787d90424ac2ad9	e3b0c44298fc1c149afbf4c8996fb92427ae41e4649b934ca495991b7852b855	f09_p13421_n7_population_s012.stdout
9	13421	7	11	202610180011	population	COMPLETE	0	4354	bbf5afa021c4d92962311dc0cedfd77d0d4c258d8f347d1fcd9377eef0a51668	e3b0c44298fc1c149afbf4c8996fb92427ae41e4649b934ca495991b7852b855	f09_p13421_n7_population_s011.stdout
9	13421	7	13	202610180013	population	COMPLETE	0	2210	9929f35178a170d67bfb1d8e24691f940ca794d7e928eda73ace0392f9e3ddcc	e3b0c44298fc1c149afbf4c8996fb92427ae41e4649b934ca495991b7852b855	f09_p13421_n7_population_s013.stdout
9	13421	7	14	202610180014	population	COMPLETE	0	2233	becbbefc3f8b10e8790b7577a092631cf59e26ca72e5b38675e1ba6b51e6c4c1	e3b0c44298fc1c149afbf4c8996fb92427ae41e4649b934ca495991b7852b855	f09_p13421_n7_population_s014.stdout
9	13421	7	15	202610180015	population	COMPLETE	0	2346	99b82860c5dd04e923dc7a2839ccb74bcc7c4a3d4bad66750beabd9cecd51597	e3b0c44298fc1c149afbf4c8996fb92427ae41e4649b934ca495991b7852b855	f09_p13421_n7_population_s015.stdout
9	13421	7	16	202610180016	population	COMPLETE	0	2863	5aba6996a29aec9dcfd7a57d1c14aeeebfa966da8712f5b73ee4d208f2e64fe8	e3b0c44298fc1c149afbf4c8996fb92427ae41e4649b934ca495991b7852b855	f09_p13421_n7_population_s016.stdout
9	13421	7	17	202610180017	population	COMPLETE	0	2964	21fd3f59b063147f377d9e28d29f1b39a47a34bf3e51d1689aa185dc27c746e2	e3b0c44298fc1c149afbf4c8996fb92427ae41e4649b934ca495991b7852b855	f09_p13421_n7_population_s017.stdout
9	13421	7	18	202610180018	population	COMPLETE	0	2912	d3499ef817198f02ffe2b9fde4b6a65a37090bee24a68b4bb22068ce397e5272	e3b0c44298fc1c149afbf4c8996fb92427ae41e4649b934ca495991b7852b855	f09_p13421_n7_population_s018.stdout
9	13421	7	19	202610180019	population	COMPLETE	0	2564	4ec61b2eca682e0d29493956e66fbfa8362011d3ed2f90700d7174cfdc1c94ce	e3b0c44298fc1c149afbf4c8996fb92427ae41e4649b934ca495991b7852b855	f09_p13421_n7_population_s019.stdout
9	13421	7	20	202610180020	population	COMPLETE	0	2848	dd4462ec236d31a5c1301516138581e0cc74909036b0b686d9b7cdbb251f0aa2	e3b0c44298fc1c149afbf4c8996fb92427ae41e4649b934ca495991b7852b855	f09_p13421_n7_population_s020.stdout
9	13421	7	21	202610180021	population	COMPLETE	0	2838	fe94ee76032801b13f6e16c4188b509508cc696346f4622331e337fdddc50a68	e3b0c44298fc1c149afbf4c8996fb92427ae41e4649b934ca495991b7852b855	f09_p13421_n7_population_s021.stdout
9	13421	7	23	202610180023	population	COMPLETE	0	2730	1f42adaa2259159d792d4c0b1320f93c583578707fb5c246c3193c0c847111b9	e3b0c44298fc1c149afbf4c8996fb92427ae41e4649b934ca495991b7852b855	f09_p13421_n7_population_s023.stdout
9	13421	7	22	202610180022	population	COMPLETE	0	4137	9f678fef6c81c7b47c9355d9531e903ae3366d32a232f91d616a7cb4888acb63	e3b0c44298fc1c149afbf4c8996fb92427ae41e4649b934ca495991b7852b855	f09_p13421_n7_population_s022.stdout
9	13421	7	24	202610180024	population	COMPLETE	0	2505	dfd69b13ffff12cba0013c667e5045f1cef7dead0c7dce0e420e3b1e553fb03a	e3b0c44298fc1c149afbf4c8996fb92427ae41e4649b934ca495991b7852b855	f09_p13421_n7_population_s024.stdout
9	13421	7	25	202610180025	population	COMPLETE	0	2640	d6fbf30bfbd4ef0019a9816fb48d0825196d33c66bf69b025e741294da951a86	e3b0c44298fc1c149afbf4c8996fb92427ae41e4649b934ca495991b7852b855	f09_p13421_n7_population_s025.stdout
9	13421	7	26	202610180026	population	COMPLETE	0	3058	af8b762543aabb763f1a860c04edbd9131ac37aba7f9927a61029d10a72715ac	e3b0c44298fc1c149afbf4c8996fb92427ae41e4649b934ca495991b7852b855	f09_p13421_n7_population_s026.stdout
9	13421	7	27	202610180027	population	COMPLETE	0	2735	b48f6c6d6e7b2eebe4401144bee32304132fb344447bee4eae97eb087f6184aa	e3b0c44298fc1c149afbf4c8996fb92427ae41e4649b934ca495991b7852b855	f09_p13421_n7_population_s027.stdout
9	13421	7	28	202610180028	population	COMPLETE	0	2318	001fb9a8580d7d037d29021d6f07df80b8f30557c8f44d88cb16387fd15368d1	e3b0c44298fc1c149afbf4c8996fb92427ae41e4649b934ca495991b7852b855	f09_p13421_n7_population_s028.stdout
9	13421	7	29	202610180029	population	COMPLETE	0	2202	9dd2a75e3678ab62a945140ca973b89a221bcea58331bbd6011b3118c4c783c8	e3b0c44298fc1c149afbf4c8996fb92427ae41e4649b934ca495991b7852b855	f09_p13421_n7_population_s029.stdout
9	13421	7	30	202610180030	population	COMPLETE	0	2207	2e5785208e8bcc40d78e12f81bee200ff1bce5968e4489644de429c4277966fd	e3b0c44298fc1c149afbf4c8996fb92427ae41e4649b934ca495991b7852b855	f09_p13421_n7_population_s030.stdout
9	13421	7	31	202610180031	population	COMPLETE	0	2820	bc70b4a15014b2e92472dd84f98fdad5cc2a70743b799042638487448470cf75	e3b0c44298fc1c149afbf4c8996fb92427ae41e4649b934ca495991b7852b855	f09_p13421_n7_population_s031.stdout
9	13421	7	32	202610180032	population	COMPLETE	0	2620	ab70369245d165873554269e30d0ccfdeec417a807b2e7ef4a7849cb9e2f5df5	e3b0c44298fc1c149afbf4c8996fb92427ae41e4649b934ca495991b7852b855	f09_p13421_n7_population_s032.stdout
10	262139	7	1	202610190001	population	COMPLETE	0	5974	ab974b5834be418768f5e972dfd897ad51a0aebea1886800c2299a95f4fe0659	e3b0c44298fc1c149afbf4c8996fb92427ae41e4649b934ca495991b7852b855	f10_p262139_n7_population_s001.stdout
10	262139	7	2	202610190002	population	COMPLETE	0	7671	77e9d3c87d8e2a7e5e70f21f8ce4c741800bbc514c48246ebe6ae64a2b93eb67	e3b0c44298fc1c149afbf4c8996fb92427ae41e4649b934ca495991b7852b855	f10_p262139_n7_population_s002.stdout
10	262139	7	4	202610190004	population	COMPLETE	0	7351	fa260fa554d1c8600244bc7561386ea22d93cfd16ec2b1a8b9c59e91bd388600	e3b0c44298fc1c149afbf4c8996fb92427ae41e4649b934ca495991b7852b855	f10_p262139_n7_population_s004.stdout
10	262139	7	3	202610190003	population	COMPLETE	0	8041	a5a3a2e7f7312a7aaf4563cf684a0d617567f03c6b340bb58112f925c194f7f7	e3b0c44298fc1c149afbf4c8996fb92427ae41e4649b934ca495991b7852b855	f10_p262139_n7_population_s003.stdout
10	262139	7	5	202610190005	population	COMPLETE	0	7636	eddac4e7bc575b60e814a566918745bd387e8881b12cfc554e040a5ec7b8a073	e3b0c44298fc1c149afbf4c8996fb92427ae41e4649b934ca495991b7852b855	f10_p262139_n7_population_s005.stdout
10	262139	7	6	202610190006	population	COMPLETE	0	5425	4dc4e12b2ba344b58443a5e967d9a6f4411bf2d5deab7916fc74a87e1f6afbd5	e3b0c44298fc1c149afbf4c8996fb92427ae41e4649b934ca495991b7852b855	f10_p262139_n7_population_s006.stdout
10	262139	7	8	202610190008	population	COMPLETE	0	6156	51259bc54062e71dd515cc267692a3c6e82239cf17ae6dd5cf0a5029465f4d68	e3b0c44298fc1c149afbf4c8996fb92427ae41e4649b934ca495991b7852b855	f10_p262139_n7_population_s008.stdout
10	262139	7	7	202610190007	population	COMPLETE	0	7504	b13b3f05ffae72864780ca1cdb5ad63419ef8c9bea48872a10009a5047e7adcc	e3b0c44298fc1c149afbf4c8996fb92427ae41e4649b934ca495991b7852b855	f10_p262139_n7_population_s007.stdout
10	262139	7	9	202610190009	population	COMPLETE	0	5944	979dd6438806734833779009603333ec9bb5d39943a6ea5804f8a98e330b7c82	e3b0c44298fc1c149afbf4c8996fb92427ae41e4649b934ca495991b7852b855	f10_p262139_n7_population_s009.stdout
10	262139	7	10	202610190010	population	COMPLETE	0	7399	73b8b8ba18526612c6b73ddc26c3f05cab033d7a9a5eacc6ca288a81d91fbc86	e3b0c44298fc1c149afbf4c8996fb92427ae41e4649b934ca495991b7852b855	f10_p262139_n7_population_s010.stdout
10	262139	7	12	202610190012	population	COMPLETE	0	8038	846f62f82e7f5a04247017042c551739fb2f9012121084ebb7a09494afd26a3b	e3b0c44298fc1c149afbf4c8996fb92427ae41e4649b934ca495991b7852b855	f10_p262139_n7_population_s012.stdout
10	262139	7	11	202610190011	population	COMPLETE	0	9639	487b8893dbad24a70c620a6d81b339ba7b1cae1da49175bcf0ef135b1771d64f	e3b0c44298fc1c149afbf4c8996fb92427ae41e4649b934ca495991b7852b855	f10_p262139_n7_population_s011.stdout
10	262139	7	13	202610190013	population	COMPLETE	0	8308	18f280a327a2e9708b899707b48b0fd7e24f1f28f6c18896c09219ad4a2534b7	e3b0c44298fc1c149afbf4c8996fb92427ae41e4649b934ca495991b7852b855	f10_p262139_n7_population_s013.stdout
10	262139	7	14	202610190014	population	COMPLETE	0	7329	975243827ef1786a1e4f9a097b11a8a2a8eb2cb7f90699f7fc73ffd2a3864080	e3b0c44298fc1c149afbf4c8996fb92427ae41e4649b934ca495991b7852b855	f10_p262139_n7_population_s014.stdout
10	262139	7	15	202610190015	population	COMPLETE	0	4841	4dbca8027baa6b5e8c7730496dd517570fe6c43385a9dc476cda9c5514c4d358	e3b0c44298fc1c149afbf4c8996fb92427ae41e4649b934ca495991b7852b855	f10_p262139_n7_population_s015.stdout
10	262139	7	16	202610190016	population	COMPLETE	0	4692	19073c2f83027b116b333da3b6dfa3d99028e76c37a723f4e5246c3d9c7068a8	e3b0c44298fc1c149afbf4c8996fb92427ae41e4649b934ca495991b7852b855	f10_p262139_n7_population_s016.stdout
10	262139	7	17	202610190017	population	COMPLETE	0	4041	ca99836003ad979f0ccab419d0207425bfca29d343f0a8f5f2db9ebde68ae8a0	e3b0c44298fc1c149afbf4c8996fb92427ae41e4649b934ca495991b7852b855	f10_p262139_n7_population_s017.stdout
10	262139	7	18	202610190018	population	COMPLETE	0	4550	4a0fbb68ca7cca5415d62e1fd66a673e1fee49428638d4d5d12e6b985ff0080d	e3b0c44298fc1c149afbf4c8996fb92427ae41e4649b934ca495991b7852b855	f10_p262139_n7_population_s018.stdout
10	262139	7	20	202610190020	population	COMPLETE	0	3441	5470b8b3669a41c2b25599a1441533a60115abb0ee3d22946e2f63df65851034	e3b0c44298fc1c149afbf4c8996fb92427ae41e4649b934ca495991b7852b855	f10_p262139_n7_population_s020.stdout
10	262139	7	21	202610190021	population	COMPLETE	0	4460	c2a45bc5c4b6550ff95074593ad7218e3827ff0b3540e7836b4f0777c5048443	e3b0c44298fc1c149afbf4c8996fb92427ae41e4649b934ca495991b7852b855	f10_p262139_n7_population_s021.stdout
10	262139	7	19	202610190019	population	COMPLETE	0	7465	c99590427306cdf3c69b8d44ed98bd6a16c5356fcd497461b9c140def2be2359	e3b0c44298fc1c149afbf4c8996fb92427ae41e4649b934ca495991b7852b855	f10_p262139_n7_population_s019.stdout
10	262139	7	22	202610190022	population	COMPLETE	0	6740	2e55b7b27336915691011774ccb2829b7554bc5b572188eeeaaf1125c07629ed	e3b0c44298fc1c149afbf4c8996fb92427ae41e4649b934ca495991b7852b855	f10_p262139_n7_population_s022.stdout
10	262139	7	23	202610190023	population	COMPLETE	0	7765	2f11aaf9084f48fcc9433d404a2008b574fd60b4f4dd14caceacf857ad14962b	e3b0c44298fc1c149afbf4c8996fb92427ae41e4649b934ca495991b7852b855	f10_p262139_n7_population_s023.stdout
10	262139	7	24	202610190024	population	COMPLETE	0	6103	564e2aca5c18f123f97a7fcc80b336c8d8e1b783583c0fe76d41c53b3e155b08	e3b0c44298fc1c149afbf4c8996fb92427ae41e4649b934ca495991b7852b855	f10_p262139_n7_population_s024.stdout
10	262139	7	26	202610190026	population	COMPLETE	0	7120	25fd1314ec6cd194471c396db4c3cd44b8d55a33238eb8bf7a1c0ac86ee985bf	e3b0c44298fc1c149afbf4c8996fb92427ae41e4649b934ca495991b7852b855	f10_p262139_n7_population_s026.stdout
10	262139	7	25	202610190025	population	COMPLETE	0	10543	f0617144aefd767248921d3bb0e47c6e5a306bc91ed186bd9dbdd2c7a26599e6	e3b0c44298fc1c149afbf4c8996fb92427ae41e4649b934ca495991b7852b855	f10_p262139_n7_population_s025.stdout
10	262139	7	27	202610190027	population	COMPLETE	0	7674	cb779791598465cac6275fa109316e2a368a8e4ad9b7aaa6d2b2db5bf2d63590	e3b0c44298fc1c149afbf4c8996fb92427ae41e4649b934ca495991b7852b855	f10_p262139_n7_population_s027.stdout
10	262139	7	28	202610190028	population	COMPLETE	0	7368	6312722fe79f9960403984f64b661e6f6bf38d2ad5ea4d88a9d23a651eddddc2	e3b0c44298fc1c149afbf4c8996fb92427ae41e4649b934ca495991b7852b855	f10_p262139_n7_population_s028.stdout
10	262139	7	29	202610190029	population	COMPLETE	0	8142	56d26ea7e528225ae0636e54f112532cca2ebf696f18d62c0c331b2c7a1df2bc	e3b0c44298fc1c149afbf4c8996fb92427ae41e4649b934ca495991b7852b855	f10_p262139_n7_population_s029.stdout
10	262139	7	30	202610190030	population	COMPLETE	0	8129	bb8df798e5918ba8c3a2f515ae5f8380a77869beb62e110f4e6ec064eabcbf6e	e3b0c44298fc1c149afbf4c8996fb92427ae41e4649b934ca495991b7852b855	f10_p262139_n7_population_s030.stdout
10	262139	7	31	202610190031	population	COMPLETE	0	7294	def0f016cd730ee9720bd5ed826c14755080ba9dac89f5a94143f4fa6f8e0757	e3b0c44298fc1c149afbf4c8996fb92427ae41e4649b934ca495991b7852b855	f10_p262139_n7_population_s031.stdout
10	262139	7	32	202610190032	population	COMPLETE	0	7065	93641c257f592e2d84ff02160c42925d0eab858f6e8653f3b3701b306b542d59	e3b0c44298fc1c149afbf4c8996fb92427ae41e4649b934ca495991b7852b855	f10_p262139_n7_population_s032.stdout
