17513103271642
16502147289311
17081955783480
13161876538656
20913372433982
2510082728625
20643877380391
16286933717809
14464986332777
11576144496182
3808833948013
14425646287006
11531790465086
1563862747562
19694526088695
19983442852556
13485892386059
13767087222789
339266300564
18247372468008
7447373754621
8562498404846
20075025421031
13343293061231
11872397560758
6277057131797
3055881474591
11745464643938
14553706062430
18980341728999
15105696854466
16802874660414
7087707156624
1522356871267
1266387478447
7665926117819
18897278875167
13837375209237
9902693109370
4009584209507
7288827545729
17112432487372
17640550518381
14655006586009
20570371042571
12806202148180
13785694870427
20417302632411
5227928147673
5006060508447
3415173563536
18596330614837
7822116637435
18818817140830
7421543724171
5027661327000
3818696570107
12635106015853
3741936331607
5168055745007
6336804503570
263527482768
7352485147176
20732308029556
370810199541
19412238042042
19021993261838
7011605089601
8657122592602
6567869590376
5257063068588
16436813148519
15527762688641
1971141500422
2853105083497
4682491832188
16725944832267
12595525807014
9515299276066
13213033622463
3632546021842
17257093938677
6071109117372
12387957492625
8846460605973
1492947993541
15949218046045
14484485986870
15382343637462
13313641535324
3244282189772
1758755627826
3543446892171
5344943581437
19955683704380
255846144422
9229659890269
19215006155736
3464908021368
3627349357798
19860078442442
17001604895980
10672735398193
2210392240845
18817965750130
18808415991558
8090921573519
11028599776406
18985720119893
8857423687435
20193473159745
17931119622481
3313503310710
5230138646051
11051927823776
13270827486621
16447382804750
18828501239107
11385199511157
5054094562556
11567837787034
7257212926860
11055903546771
12196944177811
8166061725918
6326199592150
9842232606498
3312663417045
17777073229429
12889579248692
3050760183858
13600675946854
9887289064388
19360877679419
4839436655938
20766789176906
6633880612182
503518386448
4382413299106
7046692359128
12307491239257
15276042726547
5061518927351
13400023934514
4696301642431
19124218570946
2616455821571
14159479821305
17299792568158
1525752000930
5437966984800
6590876039116
8283663842598
15171136913917
5764376516709
17325027696014
15212418781351
5963416282545
12511647101681
4403479862591
10574226986486
12618905710693
4045112147496
1507882665141
14105579209016
8350547613809
6951064749355
19344995045212
20537467627331
5198356638708
18100057828835
5683099702411
4151279891360
17366096314179
13387620075896
20934688731346
19481597146543
14982201778462
3966781370722
18881774201232
4367650763304
7365400566583
6077925351074
9210659541239
20215752208446
1272363164388
8252175974575
15060304373779
5221843224719
7925662768260
5854918963197
1242032681913
13177483913618
18541318545885
16005917092296
12599661663114
19548409568110
9942583289119
15172112554688
3793384358138
18607482342848
7031614631647
19025662970535
7445205352288
12797626004206
1771988948227
9046559858413
17969414268130
5977228575748
5544181109772
14338837701345
20299981892716
18694212541629
16626242120050
18240551886207
19620776835512
16315016289331
4408958969063
18019709690786
19508456170514
8220400406266
11015418802853
2961459832545
6815238815682
19368754417493
2446757783224
4192188941346
13879676400011
2446428495644
1104996299346
8849112863504
10963951439527
540614498109
8923907023906
1800975099286
3232961920219
17327892268583
5822797716262
5548203086764
1237420494174
11631386982657
18213902056720
14722741955009
9066563163511
9436675151415
6131460553580
6478333346252
19122066378266
12780584290787
19725006793610
13070512530803
1089384905694
13827235624834
10797939931963
2926963979671
18726853262772
16916151752227
4856636980774
8904338313382
10401371508797
4919987212525
19840215276553
13434199476760
281418869990
6777710288444
6187692236891
9737199654606
2307985551490
20997939389875
9843830819241
1023073243370
5299194766295
2530783539435
3371327268856
18257966117870
3624684396865
11989655188756
11918962595626
12002000962758
17600119215006
10332945947426
41549389801
18767328062732
11507664275433
4398773877378
10910103596875
18263519419579
10066435851672
19204966721857
17573705343408
11421294926135
4982178713627
18350736672220
4119496819089
14582144163764
3629085239965
17656987821656
8848817670751
17663559626205
11743549873472
17071310285160
1574238672020
8659996950387
9029623419218
6643042306838
3161025000557
3798163264049
10397729290448
11855684817693
9835077573530
15262784786977
17534771990538
7190650976921
11828625473043
18364348592488
11850193022068
4858824245822
18817832225196
18075560454488
1007975479890
20015476928027
4357857380896
12419621485315
11967508458707
8046125839913
13292726950673
4792430860488
756136788860
11523494425918
6187302646886
8726696377176
20021200421806
14999740962509
3121415428999
152703613481
7567584874789
15646060241385
506514517480
6807058801215
5774943356859
573065640204
15634717808333
6842859743168
4301454093225
4807542926681
5478471466117
8935494758018
307691249752
19272236880088
6900683460069
17180657437024
1563041070329
19924794791216
17523754024742
8592096872359
9464128271456
14628891778552
8569070202749
13398467027627
12774345442026
17093295781909
2313923139628
3231021905897
7900758297326
18934166035630
7045223374507
13075313170406
4695842731189
6408865158480
7005138608581
15651324586136
11911486856504
6621392062919
20825482200952
3705081194813
20862594339601
2265448395314
16888361002006
17713112898065
2568361503726
19541830657661
3096783689558
7404074125648
7222120423575
8472276090589
1645585540237
15863963667974
12643021613231
10604053506399
554651072214
17815131434265
6895715897701
11097964150898
6909703052601
12086039546350
189221859327
16255736502809
16269749754951
12537080531352
7889076964998
10819136795416
17184978099696
16413313142946
7182420252589
7700579090294
10713899678209
3622859829529
20397118689227
2625441183600
8266368515729
17845047012810
20345348305298
17226385398673
12843786829693
5691773075642
9922466803210
12531035016678
14198888041319
1795241313879
2748450284621
10270093767984
17108323259192
8011030725123
15566241488505
703445597353
18944749185599
12327490721028
6512965932543
5084977102828
8780781225250
20761042110169
20209621431336
13870440138274
3486184547231
18451465892484
10302221938549
20742184033206
17141285604535
17232959856704
381683138700
13137967513566
9645611046877
10575200332672
3906515908534
6984650575598
3563946975542
7550772730933
7240636667111
9823141744987
19856182137790
1713280841699
2266374445895
14357496606932
11915229074256
8998082615472
13544399683200
8948715400653
20821367480705
19636998706080
7900710146251
7585900821187
11971112339579
16731136527314
521361844287
13041708309149
11674297817366
17725326662060
2107846269483
14550747141296
12444481702457
20092308987275
4235005646295
8220152422877
1820563348347
3892252358667
2483050105064
14150402961847
8316569851550
3123695720795
18326574054302
12675350336286
20803290035637
21023331577881
6237333987302
19131018492953
12262343506534
9296106905190
13145444507964
12201299195078
12876362250884
3719664308805
437658125993
8046706026040
12865835852005
12458172840680
5695204204055
9732291162204
8115602041612
19903998651693
14344722749081
786661162253
9816569026577
11730540264977
5472677819757
7592376805690
4450306263979
15731248313022
14268023705362
9112988890525
6388146460799
7084896176813
2421119581907
3789001761279
5877355546735
9418003419326
11836543106324
17175245230482
15452878061130
6476095938283
3872820771967
19381708566079
1530246761313
7191079216
17953949765740
11845449196706
10769017169685
7528862827356
12543355211023
7800515051441
14189474633330
14650177276997
13411687881093
14905399617814
17176535843231
9787206711176
4737839712169
2038857876722
13662438929947
20890856264978
20044795205000
9335472918331
18370260787346
19706497049566
14300356838730
14266171298569
2428869245442
16705465669029
16598894170246
14780958653323
3708778589994
16438079415199
18084459858079
1316487684207
1644135428903
8605475912536
3011960224252
10532870886211
14941289768292
16441352322452
10555030299423
8440486651175
18527280596275
12605131020427
12906091425194
9603367079776
7774668903016
19410664932701
9825307062080
5378468984599
593310018592
12419965802327
13439796768411
18730334642549
102438945880
16831923141927
11221177747746
9885848873594
10546173484214
285542341842
11296216311219
15877157606079
17097281401576
16249899797314
11271285258026
20581430104106
8004097590170
15103614675931
3287842560263
14105601332647
14803464310423
2382114872537
16101203181487
13455352848736
11985977364828
20644118976680
17265200495821
14281500292870
13852990966183
3339558970539
8952276134439
14063657164407
9066805206551
8603136658952
21021107009487
12326115494205
7142453890369
2917296656540
5588031379788
12847652857752
6114440245814
3650766118902
7844999836209
11953858240814
15129180614828
3554859493017
14198405667378
5057403656124
8824574627535
1906630566771
4987420182494
6164868261539
14820354132652
15788449666337
16981404551842
12405425444884
3010877762829
16023391566531
8680948088765
6828125198416
2704967454965
4990710728956
14802365599098
19355051485970
9786291521872
821273387820
16661004098055
10116219711022
18569855940844
6966462861326
11805594754156
7470608730373
6260642687636
8411161735955
3699151750147
11072370445008
1065908358095
18323674413999
15154683498294
1550794212203
20238530731160
12134136518064
4213458995859
2013837913433
6638192813044
17821559683883
17219969009328
1847331289620
8630839443934
1424279029036
16684194325183
7767707911697
13508917089812
11177003082110
12749293484291
17049453328430
3195634047301
6792318776531
19791727918086
17497961417074
2843229369058
13740171203895
653511857188
4938245387350
4609134322498
1864867517720
17626336059510
15788474561339
20533773398208
19670239237684
11976708949131
19006957823488
299159378307
2882262934903
13088234849771
7023199965284
12108435546412
13578613023586
16806735063496
18495220601638
10670439217092
16237069828047
5312875232119
3508405188892
2891707690037
10325673204827
9371620548312
6273333849735
11093262496426
3764273611999
21039491011546
8163917319169
17589827592533
12165398498744
7530172590156
13954385598261
6182159124413
1742760574808
16779235600915
10236333106904
3085451292992
7883263862059
11793413121192
3975554614933
11893637590937
9640418628917
4025502734530
20274874511014
9840549228334
20178838140599
15739164501582
13659839554478
4204729455264
12767239926756
17568269371813
988071808395
7148406938350
6623749687447
14012501403580
9059837746869
8450921352828
5460050127918
10588286945088
15566167758771
4991653769703
8841142045319
8100912488064
10930051658350
5180756778329
7218097726993
10463961944504
9361808590710
13044486922130
3008389902892
5395659173013
4094417550698
3426395926684
14752806484830
16806111506157
2595659518062
169245811708
20465888337543
387016302346
17733201030492
13554815999247
2314158802821
17895258124014
2359619855425
7605127891022
20954305496974
12683787563219
3142046385309
4724095137679
19927028096919
11886035387501
10373121384295
2617225196214
13234267396657
8699236845696
17536966069700
14924099640252
18995838568958
12542944019430
17900692899278
7064788377926
15581093861114
15500706037619
20358184453972
13339447346279
2919427977606
19765550501259
20825330390529
18387896653353
6375568794610
18942479157882
16912559624370
6003877712649
20345351977477
3112579214117
8761867367551
10369617472857
4628469380476
1677977956056
7609636963522
9388736024946
4307169197133
11700922552603
11411166735334
10867873400484
9797211569278
17292941767585
17209651304870
6261150402644
2164187676088
5863748100663
10071604049393
5483861720687
10667464223927
18053087355539
20206380942427
15015673160967
370871397941
14948358291179
2830345336784
5752594790790
3798699904113
1083440155595
20569093547131
1280945585283
17304818478099
8041328217397
7185706136819
13546060871511
4960078791200
6214157749316
10790627904415
17914542405490
17733967364853
20968238986622
10635337169682
15708775392812
16029897739652
1455796335858
4816128656988
737354686007
12067827879072
2732608292348
16737956262866
9485255504730
13748238960832
19648577711236
11613742940606
19935749287672
10330131727055
6179884653139
645976068413
12756555418264
19457479200483
8483152736977
19539177448808
8583058876851
11192080283994
924089070498
8495493456459
11165275458748
9195623079466
14431493140493
9993109966124
5249939220666
17783160682876
5214474723056
2619580553750
895481939428
14557890583156
11301558447804
11178354436894
777304318914
18079009130197
16233224898001
19922103937970
12243760706930
1616347325388
17178607605245
9168431724255
3791169904095
1190596118561
18285608614260
14986246127518
14643718919292
15987130375589
17539328066007
17253405905326
12841239685929
2667719328918
13212773302545
13017989629685
9304262793742
2585395083909
16464397747159
13954955735630
4427530968655
19802253140249
11170322188745
15291446876829
1217301021727
12250597495390
1366583739407
3938217684395
19329975384387
17173346679821
13890362327401
9462579004712
14543913020497
14814949600157
18623360942127
8289424062787
9679630014122
6146716613522
7503672481821
6317707819547
20303261550643
2955568873697
6328887995348
17545950282169
11781402465728
19622240073646
14790128747164
19947049325620
8927897877440
7493951260200
11540041301787
4441461514407
7794222765983
19771805822938
7421115197861
15001854490003
16265048373633
17279674921491
16052345445400
20821879957293
4539139746003
14881925535708
2885431835673
14141948983518
19116982057995
18137996510147
19472652523064
18086743812672
6491790076439
1418681587547
7642971595034
20153495111798
5719512495809
1894105514387
332187403379
9801402579748
2912799565245
14208016280341
11076552880137
8421146386919
7607261097024
13898744768233
9794140744840
3921408627390
677277340112
15529460251277
11178565800450
5812183510876
310581442928
15422002530001
6498173570725
6456356478988
19432444300027
8516041017148
5580649913098
19608562975424
14125387577335
7220506566799
10079513719218
13333542761173
4701180061307
10438676660318
19484461893357
8239180789323
6259299716287
13730171794142
3711980933291
3042324702238
18742688022992
19174854306796
3718847084404
19512526439786
9553321724362
178881020541
15129079073092
5059642845974
13596892537568
3654797892519
16002675897371
13118101906264
5431453437435
7160094158184
19944455416534
2817845134291
823145487243
1678730025648
18679087104597
18921489824175
16187783074982
14950955277130
3940817667135
454902438863
10135703866151
14239740317548
9879555944169
5159190377106
15716581434771
6690037763041
20477844840369
10246311753077
7466931219610
10047242385284
14442755602604
9349671128002
5852095119379
14572867323296
14456475050979
8417147305694
7968329799971
1816975506416
7936114988575
17722069876631
13020395005080
16736450105233
11356086134724
20495163047429
9500989888759
4827155473130
10773642630219
11968874558636
2605286338056
15708780394818
19725236630930
12711758337548
7976388016189
14689665099325
3856111120982
10970566348135
9221162262716
15449678200698
8702418521586
289960468867
20503938372156
5820680996984
1111589321966
5999335887559
1331256570681
3447419608162
10730427620530
11377530000316
16648228965386
6062967684942
15953991847439
7964805195776
5230961804190
3673405642154
6301959890416
3322292919783
6653328635024
5890767154160
18180135984951
5414036537313
5018244677311
16788789604244
3561179281505
12749109281214
18154715967588
13694277989333
5006475263419
4238532705446
6567442504794
5940916049458
9456210172586
14902396605041
6444869811783
18982819782393
3130717678383
11118052655272
4953937012376
16977057364927
548373211914
3963860341385
3512683978757
17931487599085
19829932482385
20228591359269
7328992067117
9839574504599
3306446227953
15382988912258
15055950974050
16680443021198
2965761555064
11309727169936
17304564400180
14799838536120
7750478855240
5992525507646
17546329141532
17548520442900
15942803979159
12927061694359
2327123259023
7796224664945
9279371550932
236882403672
12918140575499
3947193275146
8958616324306
2417721898605
9246200848785
5376806572527
1739693858175
14223741610344
4613542609020
11090716639099
7358186338198
13354123548907
575714870801
11272256103234
5887031530451
18808925898103
20008281515671
18676587557616
12301785120286
6373776548998
7339740460921
5692101721312
12868387901053
18090443063516
4663506513021
16058599030482
9054809109051
19042070186761
6792950962836
12424724694493
8402369172323
2618545416429
3377243696038
16778617170261
2066682662817
9780228277801
18275507549341
3021717109242
3982222443976
13352776848144
10911447290122
4204593147938
16593425371302
1684183456253
12859023689163
3368128632338
10585122479449
10374006115515
11834632376398
14352790701173
8066139916748
6455789669637
12152649722708
5134460594
1114301219089
4581929890163
18358946394142
2011724553980
1023558963772
8599835042321
11083043626518
9343412851924
7511408118602
12868015911460
1835050424414
20229620173324
18952796636391
13895859519908
16571252313073
18417804627367
5061318291850
9191275306774
15564206023392
4380154661589
11068932201238
10680073478383
3538421733452
16355350496052
12786066023188
12507677891356
16697439649501
1427981890765
11629476724308
12953386213200
5065996422998
17425855203940
17249511953898
12535071545224
13200717164952
1588477840205
15119999465853
14059630157261
925648785443
10806701027222
3417595447558
10218641961972
10707318266247
12869651754880
16640687657859
1952505043408
8215971343077
12415914917047
16685929640545
3702526127853
3241377828074
11534804483088
9760981030938
6840099504082
18054565492870
14976250329738
19946777855375
916351091018
1220980298175
19562785851462
3328641625609
7877330592035
7082530259048
7801315479874
8448459111968
78067399786
10448155736542
13648567538561
18109299074655
8850469056186
13818382865838
10486658555478
9944876237673
10322580640486
15789921097038
16462414195653
17445592960354
18536356907983
15688608528867
1625909383240
20466007625903
6239712950319
6562168736173
5755480722844
5368929976128
8043967492478
1192012736460
12911059493770
11584326427370
14759499703610
20361157236909
19477544523205
5246065110656
18196822953797
6687409567208
6958902400986
13428366488327
15426772493612
18406018166418
5235786404857
9886882210046
5323675343880
8665849660350
7292640057992
19884917848544
18676428288431
16194029530508
11453182339145
13754311523356
6467299977011
12084308960461
16493581848646
10994738006041
10488841202645
7999901405238
16789934953543
17826085217486
5057755579840
6275682812080
9222785529820
18025634431019
18640711294961
10872942615466
11467255069658
2285481658881
17914236348207
10715281318372
19622486280450
12107568044771
7895928977796
10937166578851
20741478475590
6813604635560
3508054224058
9679642395681
18569245898244
20274166148567
17121999608908
1977773015900
7772066891372
1198758359027
6236026572975
1634084638232
456241606925
18537946268468
19554235585883
10488075765184
18003704806335
10060464870553
2888013661807
15984364740354
7434048896323
18915529196457
4406619803010
11745971635997
14790898690790
17986827273095
9444190841709
19116945440512
2369388636221
11064111562377
3688853984829
220409866112
15799391181146
11552717768431
8397819939540
7415829391465
2942911065624
6974145081531
13445078717031
2345241613691
16951072896979
16590773115265
6112891081129
141127110693
12138310209758
16552663966030
9714839026847
3019567216852
7033146136696
1502957059228
16771642316073
2636768296338
1510657800996
14861390640590
724925611601
4410516696131
14988579013499
1019065468301
9811894995959
15004976554574
3878637453706
17794046181591
19619918542234
3652015684679
18309594561737
19568671741403
9048096628317
2150085271349
7460173527079
16379442138714
14479853097397
6411803480146
20270090167874
18329860639415
690812676470
11641213222007
15285433043075
19214227003199
7229473630262
1339841801494
15356277814843
4813174687067
5726418820178
16945826380
18709101283287
3783022013365
20988012317694
20933988293298
19476990140866
6066030215781
18492399149339
6777431004620
20526661137445
18640741648138
14821257674773
905424884733
8808195384090
3370020362933
468254342346
877840493892
19301148130616
10391494989940
13651065103162
4130713739189
20022893068329
12611138031108
5420039196982
1318487897783
2287425080068
6311185323610
6929425967941
1368942944347
16293434794194
8541039114390
15937915447208
11147911138533
13001904441847
18715268820504
9258768120934
3043178121544
4947115368659
19055840668901
12586682700635
16894270542399
2389613273470
11964657338777
14351128230681
15556356402440
6697424141713
20764115927718
3069713598141
18085459711758
13510479427973
20608327664420
116560730331
13056796244138
11355783351270
9414295262149
14498214784209
11324351054401
15250061848852
17143277930372
5373227274764
18288804120507
404218804744
10215944803188
8357527030458
5281044836712
11852637145062
3605768676099
8484442747007
8777711484020
12427024810643
7005880283347
13977466633263
8805927140677
46359905516
11847475704389
20528396566218
20498000278195
17199971146896
5781822921927
6646005309055
21005841879836
18779005549105
17968360769356
5738759714197
19946251172721
11614722226910
18002883327546
301511451520
15744838917210
15929202432355
17415774671221
4192980484021
2937166097786
17600817493939
10060991414628
960278012536
15103202941620
7888789213461
15541408755991
8955626046280
13500661305322
4299112825598
11419997554933
12367941607340
13709071836141
6465389866286
8549754682109
4302530968204
14095489227558
13903944016953
18017886156269
153250906703
5425195501824
3438685902697
1455649965329
13150624024421
19157177141739
1082077305455
14948238708712
18812473087463
13071497511287
2645757519720
879708444502
16130022561948
20261404279644
757991365370
15289802223506
20469757139655
12464611180829
11396979515131
19864665777938
11665990241196
11217937317520
8653529221354
11395964167373
7447729291764
1964358947762
8651999795540
651601247849
6828799787956
7578686735091
7269086021971
20765000187997
2826797525461
4706683241817
16322060417283
15237993829277
4942351008239
19849046287316
14268222113452
17242137863685
8336377002189
17635217830163
2790094007528
15840746876854
1417241160725
8649765622160
15288035302763
144916545658
10212602777308
6462553577584
12122803540737
17077242629213
10079646625794
19771742535948
1094495987501
3227701519768
11107197774083
6419928641456
3924787975129
12278077057364
3174886918767
7772848099012
20874113034496
16284527731145
17643586550895
18781594383507
1861737323182
9139696228170
10922656873475
10435478314334
19937923438655
490290173918
8288981995777
3546721455961
17412690107886
14628292505045
11003875379523
5443050951839
17969530489400
3039194806111
19282492386716
13797668229877
8690619960741
12867119272852
8700089726014
4105839480349
9987900406104
9176647892904
19695717016401
2375243342576
10244970345954
7930100966015
3834212926946
17625550432226
14384073452168
15132004909343
13393114439824
1786635431351
912929364844
7828018355881
18011089169645
6829681626340
18389824501558
11676198585994
10789723099893
12195940685657
12871461502131
19733020569786
2039299331732
12840064476997
10957064445495
8246041489240
13315523482846
3196807793518
6046767634824
8704900052122
7584725072292
793741126520
8536980989676
12622262910295
2618590272965
2829005983379
3900154793583
9948285077307
2157637712491
33338762564
20295395354035
19049050429799
3473220801890
9014540173698
9793633098187
9883498618678
19033067448872
6610174843462
15849310994049
14128091598166
20161908005270
12518079601816
12515856227975
9924342382598
7118376024025
14615841727027
11724340722899
13868283961828
13296417213823
15920792309404
10209659832477
11106541481645
11861672285845
19683148765562
12846110544570
20276021223677
16520740648000
13408910555964
11372007561542
12248349420006
1836624602637
30443880442
10407313658337
20020179524197
18156153742137
6356853086240
4504668393736
14731126969742
9343968926574
11858185245224
7694818701610
1830780850097
14903109109017
490106220134
7181176678077
17132055403053
8464862765719
10180519509082
5495765935488
13811378489321
18996642175216
9543976749252
19647249357847
6009973974096
14806035815585
4692865113292
6304779331916
5540231811869
10937609099862
18727334447484
4358351581036
16701948923015
19588749033457
14447130941166
9710280975380
11888774721636
12129773340784
1033407747500
13093202552835
15065419806152
12600502443941
5798396808200
2245491997313
15045014504749
20298135069891
17595092087935
3152187568528
13804599288819
7021293129338
10996415487817
7355493957209
1062347887259
14564845656127
18952143325696
15776792912621
88709218284
9867965116554
1014213016338
1285142561578
11450147926097
7578729570058
11981457301749
17219732776201
3338295679204
17169051591782
15740353108231
4438206180555
5805157943349
11151483323868
1421890602935
15982871368610
10914035580056
4900138757574
15139815423537
16397469780364
6403496628839
11742476487395
10810802829097
6533918574976
11034448001519
3904913629930
3133747433618
10744985029611
20188834607079
126107095109
15721981495590
6701562793038
7323813950731
17392808591675
7017998432299
16723176406882
16235979327035
18792811070511
3451347470218
10134887637393
10712054972067
6051546814872
14140918431557
16048277376581
15613878120537
15274302463850
10143723790610
10096377998790
9503829392814
8957463846828
13079696563650
14657515650072
17361783335721
3213171365942
8540453283452
4892715495748
17781594429901
5078046192949
16655044855749
19464465543175
6977722868109
16589603242650
6044751378186
20895200709740
8417925338843
881450026164
10775372336199
12988026918444
7892677049339
9983833516436
43778689606
15664075987392
2801019902296
1433891708149
14837857923977
17613356110434
14876992700236
13977266872538
7687241457259
775670118086
15757693081052
13761839316212
11554914623146
373600889766
2393836117170
3566310011525
421925358997
20070527134820
11826594832605
16711060381820
10151456124138
18768826134041
17393843918558
17055709627183
10440138749267
3830397307680
14639301126904
26574260016
17195898921246
9094529948232
10675767161451
1875820652680
15702674550803
4468526940496
16159042434619
3588971677800
18347902964037
19553376829202
14810191955513
6770386506503
9655841688377
12421839956343
5527681503040
9364586581935
1277831987254
12134854696815
14431354609723
8381090686070
15864296761874
446490245107
17765466410908
19120210353187
5915749796538
4572996717353
18552086397919
3231463940926
14365042001723
13887425308443
6456283017512
1504517568294
7013422990303
6819717608452
10666992174720
17244635291500
15821084196689
9309568535934
8600735601352
16714222511097
10547513369863
16225206656766
10507076257907
5153281987760
326910413308
20035311478741
13527791402710
5827157547137
7969735552667
3573501021682
9788836434226
8311033584450
16468614058535
3750191765478
3474995280283
5716024499857
20135028369383
6795521930002
14081716118867
19911743871387
5960327434961
10532155731713
19897533478279
3859807513483
17285103221567
9695683056510
1494472993582
8436392899364
1928918023157
3885188725585
3245436245226
10478466349316
4632115995408
9226614363251
12102863928107
2957450925273
1052574196365
1964499163459
8287623012316
19946312632836
15963794808131
16771659425545
7304437613660
19308992095070
13014055035253
3695872886100
3121943499587
9183218050512
3913846420580
3802595044246
4700818919268
20882051038508
13516518030794
3751914115140
6100221653348
8390372640974
2795063798382
15434214956205
14696715647835
17522197672330
7282454958238
7085145010184
8939500574933
15974751771120
1299302840305
16281362664810
20382193182082
13271184193281
327326944154
12001206730822
9988344122299
2725440528676
9853570622147
691270350397
12212870854300
15805950404343
20418760830980
17105412288987
6633195634350
1802866718028
8582724651532
758354336386
3530437295496
11411957698152
8108405502960
17367461833060
5138377216674
340608097937
1303068308023
15273372182426
9542914889971
8821453316633
7161934202967
20729978057077
14604072200998
18363730083893
976004075642
18619958106649
11231503622509
6352478854980
9607489930260
4232614885570
13532324067876
9759975055162
15175339806651
1579201752058
4400070012694
21038653669491
12659371138054
7414038947917
12778411151163
15609191759929
6429513743373
4423314694613
1962135316996
13868655850828
5426842692329
20693659295715
16298316739198
16261112332745
9939272136240
2422204675836
925924281153
6020349711165
19890493585067
19243974320083
14972772927939
1401392211342
5805038689228
14325830113454
2710148711024
18959083404426
20207909431047
17735473664349
6299524929773
15399915344482
8443020654945
12638959282787
1591184965372
19138090506498
9642056872974
12259439419989
13852512399281
7855252826488
4193077118410
437115230150
9541996209840
18849387726686
17244860490164
13889751263284
6305792350856
1294265615959
12729741917563
13456709781945
20123943663070
17933009315107
15131154925387
1804724901569
14054499215885
1775832168150
17245770768128
13229272464906
16575862014864
12036320000214
4292201490645
16604278971290
16393916490323
17294172760255
12265255687925
20733121751691
8450220734530
17770037596015
20516867406700
7404025664152
18422916120631
8318758496414
20538923467114
20807044112900
14162695966472
10546913093125
3257053981068
9008060963939
19186129253070
3767117074831
4254668136049
15107323024082
5321611967063
7111165277794
18449646288839
17351555284027
13754366402303
14619472979652
14989521841007
20991818797612
4597044020160
11700819519335
5470433458208
20103305246288
19938757755512
12348018650439
9833937015605
104276907291
8054399952162
19637541486149
8494879222298
17176794998709
1339112441666
3756739957764
1898120202543
12970750136068
1562598039312
8290880746432
16527744390564
4191161552874
13153496422605
14300769480367
18962695157220
14344205489339
2702411553119
17629317913537
19645035688241
3305061907494
13973340861376
18815673191054
5181008413283
15559090164515
19447009173420
18712859694742
6967520290608
17627990000440
16534463718182
6161778279685
14618750179927
5751509847973
17567797477877
9349010629029
7804185272425
1979736732553
2035721357455
1168216080247
13791595565707
16972723983793
16365691872041
3218162231481
11482674893648
5165059359320
12372924458318
3392255366444
2093428774330
15497439779758
16816169574586
12745809077791
3251458028920
14594947486885
5320892556395
2388450535066
20461670529930
20527638913061
13605117775761
10515579682886
11105184499215
1216193120783
19253064905499
13968882025521
13957540902139
15510873625379
7678697556544
16172769958306
19905646017334
10717413410544
7287921588404
20403991267740
20423818959608
1750892074427
3088088853048
7774856159052
11455931421289
649685421163
15114706618394
7334504591619
10599516031577
17931855191364
8441094464216
15985706951639
14503201400611
17093961549661
9147794601941
19017696808849
16146079199467
4216368175688
5053795509047
15528586634829
17879447792154
3769163180190
6052720704542
1139852824490
2204866009136
17803252815353
3105312309641
12788452173584
20112829278737
14791937970088
2973657456313
4036516773677
15544483989810
10792612782524
8088489601719
7170730091126
3073778974052
12351236419181
9310955296875
6739032812108
16903402651204
18652273334350
17889565896823
16168431441444
18996633316165
14996139341756
18457672475672
11371401320373
2791731301165
14766160951493
1846194371043
7593983225322
118477196999
5377390692807
16852143081804
17880446194495
7746919587757
14207703709571
8608044646417
18516896877293
19505089749151
15821179504887
15278140744853
4514041086251
4274077526451
14847815589226
5827878385229
17164468989513
4358442339232
12354047948799
18791492982851
12717480350305
17689463247816
9880526129848
3797526241641
7317693567756
15987761352285
10147843592532
20100900937039
2090072912251
13199379590506
4279404489128
11399155411596
379796944721
16512793771789
16805727845686
16875445363360
3697826350804
18861395212678
11278595772811
20377370978826
10740237669783
17030930655812
17204063106640
3466210121626
11621600699609
1975021160347
8228145546067
17071092015714
10751544342537
15060708131845
2579216310645
16391044139121
1141056656886
17271535543154
16950730629826
14138624938005
5411155801855
4547562229020
5324733017382
7830853263270
7270762277862
14710794513177
1688332489951
14066955044494
11274710761134
16535291726944
9344159475326
19330908401843
8701133629307
8435933053180
3826274848063
6029970532981
5511904339343
3094108087834
20863879278547
666375867955
7015151597445
3897195932657
14525640851485
19023343678763
2381680550146
7617527749972
2158360540327
20682912668629
15295581214706
12771633562715
4607802487254
10419977526909
3988724784821
7432551042470
18729237066127
17029545541028
14461022909732
17992462594877
4313649401833
13445340906829
417115366619
14899238961590
4214304552702
2550196740520
20891774701429
8125442373789
2052419341953
17541975083283
3372569525981
20611809489484
160945232845
7087178724911
16639325746152
2412911240907
3689417542489
9180969638770
2555904856449
6944970106412
11201203931108
1150188390507
14530070984605
10201471940868
9719158615713
10002175749636
2536450861434
5885438253249
8718630146175
2889299431049
19265898827037
14758597612992
14185741402763
12471624312599
17155392838480
6636708527248
2430278217350
18512896957715
2119116872455
7128717456018
1650982588649
14399424629409
18597184930129
16637241271751
11607995245645
10652184292363
11512429834025
18947929877561
10971043229977
2549185580469
16400986979540
14731079600802
5704326950814
12263282711429
9586781929282
9952713097626
13912845153964
15306829508903
14365400802503
10259079801186
5329744487137
14384473490477
7999708244236
13636002437034
9437575707300
20283834910977
13635587396871
3869209431115
979184700144
6480265501874
16630724967837
3595849978951
9076770377444
5202102986623
9841527894702
17270890364622
4307059076281
11371136329993
1053846919923
19062376077773
15223050618379
14540742733491
4081473390622
2982614596397
14989914845828
11946407521980
13592828695830
17426234260897
13995920707172
3216414768577
18917365103486
14486197591290
7886956409809
10723939655124
6391307471657
6486033686850
2817217586982
11767601981107
20355552344732
6374589431652
7134914423133
10353958508362
3616739718962
549703571038
15435669857062
20579377251635
3419300234859
14336769998998
4839826432021
9664015022646
15560750447735
9042547236931
10892274765383
7828894949046
16000007526930
2965586566393
13063076574472
7573866149365
6874464242323
2272100922327
11255612870898
3961787910344
15531205833484
20030587660257
7535874848546
1185086649648
11997312701012
3051627571908
16261145135759
706395113307
19585217142713
20897409891127
2012491629562
3970635852346
14920501046833
16311537089890
7918561216796
397592287551
18365999043108
19667929688881
2748273355505
14745902911246
13307807443918
1428914848675
17668613534505
2988929299488
899563803742
3469563205871
10630625092735
1808961850319
15366423281649
16707783621262
19164482392567
7051724653931
20409229040162
15121769010180
18409605122053
8532519622775
17194361202610
7826719460537
20891031844201
10140785890447
9091414567310
71979563041
8112678101834
18855358978221
3955206614137
18272548387509
17273099047292
9524537251803
6546064444699
20697034070118
3888679443169
10716398734580
10788231618548
5432415674498
5438060857952
19439957069799
14304006665114
13823370862641
6430768094836
16221893141321
8781467190121
3814717549515
14246904118920
14369972600066
19433888096815
10551970742291
4174907579822
15440539321371
9442283364166
13014455445036
11043328816372
8953808974074
12003893784385
4467895544096
7687590206552
9360534598849
4821870594219
1445142455388
12379298420192
20374574801162
10949788695146
15851694437056
20451982728169
6017349931464
1326955300532
7248687481222
5186885164413
16575539616582
6165398086265
3483971186491
14160166623330
5363755594506
5405909200865
17610999003363
10878427019245
19723510949207
10674618444633
10595621856009
14999853746229
2597503269996
16434329650357
16120510682993
323857998990
11317969347546
6686264616775
1564882589252
8328524836316
19379454306473
19192778923502
2804016762922
13343682038129
12653213577060
10210430361768
10629144026241
19390970678311
10656653704121
6004856613701
18912508570310
17730039072025
10044471858482
9587100191172
20607660611156
7518326313847
19266167928640
19641835875335
12544605972625
9175413018644
251376918304
10438103246258
6321619784779
2276979053288
9027777508689
16381796646928
4978109348085
6623003719719
20773597937824
15382924992538
8699104954516
20896888832079
13323786971742
11511518922205
441234022533
5887882098251
13150377987066
6127553978637
5726745049898
13210039971764
6323447137046
14422254686552
10320544889274
5309128970089
2622402425256
13355780129094
5845917599060
5917466188959
5063785288099
20463294966554
18867009958355
20283530183757
17618511439477
12192273326970
7813616911738
19172618288589
2377177443256
12854823322814
1132916213473
9430093306666
1593746633876
542118894381
20033455898060
10406889693088
5163309730838
14042378278490
6013091082247
4118866986586
18322272900637
3643176046473
938023087796
20759483304297
549218439752
3185825123104
1551568009058
3390349221149
9555592267004
14140250403230
444763060862
315088007583
11702830472306
11669837333504
6871912557220
12644920297166
20817636764220
3470809646791
1859148602210
15231754517829
3230915974190
1870421547902
17856932441008
11525259778419
13452836587684
14262072342933
4987479752972
1637334878117
8251941616744
11113094670629
2429319058002
135907946692
3331490614947
1431689377131
1536214935347
2097829443466
20216946252926
4355244976665
1184107533352
12634681624640
7164897435932
10412665125974
19421904822585
17433454900343
5114470304056
8662170150407
8806426238666
15025074954907
13734497385526
8870875592499
7863131412119
3089074244810
2071608979201
13049390606613
2199339189666
13380731013212
14922796981359
571215815474
15735713616476
1931074430882
15507887466066
4250701485248
13842559076365
17620189257062
3642384553475
5617054367286
4352056548263
5851847058900
3627169051966
16681935824864
9234590049940
3226255751337
19844476461692
4123124231649
5473810609001
20877178603782
8857118156593
14620602942134
4169948115911
4478850144443
19559996352356
14745869748948
2400798511830
17463755435875
4792794088777
129721360961
14260698923855
6584205794205
15026125278457
9759484555744
18823479314802
1692891859738
2388543771684
15243917835204
535767999868
10566068313941
639512515851
20961208871720
19405711138599
7627650256298
6772553282824
15763746630572
641731736342
9802628976911
20499969842987
10642375967357
16107373804584
15918033512005
7631220637736
1216285566846
20834201105116
14192793556361
6542798252754
14168694432319
8418366359689
15563438758157
9243893733023
8971975096796
2761804986844
11953373490957
4488614661017
18372363327849
6358284434493
19623486308986
5917773053405
2878618769565
14044206164213
11885515376953
6703232228595
19017761196252
18000193182377
15033493271941
1870753378188
3969224636795
4717045401840
8023791952491
2953396933593
6600007517628
2131440215970
20576767082799
19233387083206
16920390584209
20087876041081
18053817333835
15218589511061
7641220442276
20717246012538
15993807678629
5476403492072
13089449094147
16488665241799
10434224496907
20797409666562
403889736469
20577155234385
924039687967
9639974309674
6426692154568
874714231908
20858455108063
17251825391037
14083256344059
1525651916499
4672909545911
5475292731200
15541092903242
3061514900593
18684622789506
20959709398983
9110707374850
6315106400402
10219399841781
11145192019192
18633093219296
13691036037156
6507894733615
19883577591146
6391023101167
12384901044073
12108865133137
14155425686805
7818938735393
38806696353
14657209808789
19925974689774
1273757198989
2836472229670
10220830510128
3008874951220
17939904053136
6136684297971
6535990269996
15833913120696
11270038809184
12959759548562
3749245578247
4071800692724
8240272248268
8487664611784
4048982537946
17250230695669
10123022576822
16004895106765
1725523547394
19131719489062
20579086339845
2157917251355
7972762455778
20049295388536
17049160767660
15933797276
6104108541537
6635822933579
16929308691494
15607218177310
5711074922885
15483276050605
15285502727464
14415066477799
13806861613524
16736270460320
1335419181122
17269628636414
13051065150850
15683405712077
5436644360800
10066881987720
8601884876230
14551133240252
3272135956281
10516488317125
4978415561902
13314310498958
19147621018166
21023626461426
20080962776665
16323045099309
4117465584857
3605217405765
8319305240836
2420936846348
5417695394576
11620233662674
4963564202956
18310771167736
15830852809916
6632397912254
20413533621322
14430801735758
15644308194600
2805814198872
7461163829292
4003944408202
86811875798
17675206555735
18895535748315
10973770302626
2502592811157
15479055720422
10500382753606
20757043498668
17835007797283
17674625277560
16503724480837
19200099842250
10566023824775
2970953095287
6010195746678
9465802193548
1682147531627
5198352154645
3783523171984
5250174059708
4372828670021
2049125604698
17329301279497
11832461245557
5062191856329
9741735956771
9026977055857
8848580312790
3656952269069
12930555602378
8884799905430
18622556139239
11385275667649
15582438907528
17659293923404
7020240005215
3392405985431
17865202881021
15385915126337
5291595906607
1817315496332
19043345301125
9244225663143
3073340035323
18802959047821
10584238253688
11888578111054
16583595095729
2730526370278
21033380038783
17648836311991
6785654113779
5766787011291
14438494840557
11505640826086
7126712279955
8440591015823
4774884415504
5755683969260
11948084047959
19883646134494
2844811546130
8268509975940
2791192022177
19052835870868
4107463921666
12015609802037
13917598135179
10047434684045
19204210706710
4956143348592
6456689092324
18287102006648
19365189229514
17961980901239
20463781158800
6941665794166
6628157571420
3856624991012
2139571765248
5889698121403
15179455877905
12106712845324
5060352383598
918261071302
485708901309
234852518941
2230288624103
20560310200250
724639982573
1004380487342
19119575475434
994530128354
11678264003492
6644723710135
2499475402927
8786460777775
1927266610879
6093819153460
13329144715443
19424667879458
15729836414536
18930945912088
17021500099991
16690220722031
8416129963262
7424593544221
8482753207530
6529523928606
14953400168252
9745791303161
5104495022970
8649909154134
5014465737633
17079658149889
6310414297315
11452487407557
4449800150227
3462791375779
1843540857241
16659519841221
5484426899747
5560891592682
15207474187383
15333139650950
18970940025324
6101817888227
12153690057600
1711206928739
9305134558701
11301311797804
7120176649340
1181699067625
10902061886365
8141261015062
288549846916
12716934423047
14380162907734
19726323159939
14502770726445
19862414393700
12214112514257
17391572277859
7109421248171
11615938584900
10790221432371
9029452050522
20579088449213
9098302604064
8219910660344
7578117933085
9088692356621
17804240205197
18550617836800
13090749167748
3712336254962
14478850281143
11757797111024
13861460451006
19650546120221
5643638282999
12765081378446
1635539456880
14611254164286
15119620312450
14040118211952
9191386545964
20360582218471
11895271596430
2296591355840
20659227166410
2501548056234
1142170084492
20501384160541
17709038893368
8938037541751
1793295553720
5276601669384
15184034319459
2920430532519
6310570854914
16133692380496
6214074404458
11512236546492
3543487848634
16552924714011
15361298296407
20826237807214
12666750404961
754839537119
949961470047
15700286396571
6637031563461
2683431996431
14077440321364
5950599229451
1994872976100
19007026369640
19375778658997
1966624352636
4926856951294
19496748206094
20081872453575
19163979316249
15336306049910
8423070867211
10028358307153
14820668404071
8945696884717
2048013446598
19747176136621
2443550415740
20438769932518
11657642906725
1789436818862
10217947780161
13028407248190
9906117862351
9362373639060
7774262785944
8823601787170
16585219172979
20072282186548
18443494827543
2821134957557
13492136019648
17512771813165
16955780665574
20260889571357
4488117534576
6004715605201
17916981796927
8308107858946
7558205515038
7784632005029
1811752263885
5958160310484
18934073325286
19625743153236
9716122400828
1815021363925
13589863260865
19781335580757
20081141248806
17762277817154
2033641518574
3828832219233
2338125992221
14251461051023
14963802334891
20173919435854
15499563507082
2654704846282
19950837319457
12087741108286
4741401097715
4706080220388
11815549961246
9426255487231
4578748282375
8887990831984
9826109320282
656060617370
10440527178126
4159479282496
6925762869822
18237230530891
8100619118578
539791999924
12632088333332
20116310190276
7753040852273
8336928359115
1152051044856
15220327045016
7333973716588
21022548638223
17489183202869
12924773296626
13739924918480
1203685666937
20844528000238
11441788969424
20896535473042
16077324499368
1883446607745
4050988351948
5575429653283
17327927956591
14531981670777
7127187042311
10179729772544
2159257508190
8859135753207
11224563356190
9258339184621
350295725118
10174534575862
10844297894674
12098925598263
17696715653724
14046367437872
20582228105620
2059874430750
19452617753592
9440437737669
3414267671058
14329546019710
2838768853723
8833991885596
11025695243151
15077515200105
144852578134
2648964719367
5701238911612
19909962450087
8998910034948
10710906552706
2849653512207
13950458777756
4384586424044
18655103219195
5574776631967
3011777634128
7999369695491
10579119396836
2384494910136
17256979621016
8088492893925
8278607122685
8736621435258
3518436187694
6545037748736
13102125646716
3904699682933
10496847950470
2854897343093
14477597809921
13543746076686
8669615347309
5950124947533
11737180369435
13777632448334
1169026963640
12479441291673
6047032278551
15597085897521
7408219550998
3719409983573
1700424573362
9838870087716
17170765143769
1668703417373
11009393567792
18690333618686
10501492949741
3373352161217
16667260021569
9527158355673
10417702032783
4891225276121
10686382245275
16458101240429
1705408406972
6227840162936
20313677359648
1689999144853
2229227104268
7394062065690
18228631897631
19217992613086
1009129522352
14453049053171
2548824824538
20528806367412
19194413277900
14913822438431
17917194901967
753348797969
6163842447984
12627335487713
5417237492093
18119958242438
18581918244613
1937895738628
20332646974449
17321525827153
14137535300374
11542936400311
5322473119679
15321958081898
18577445811041
13866250717683
6157597797409
15221094573154
6981597319149
5041044449211
13090765863973
5385775748082
10432772355490
8815966278879
17150261095762
13006249608487
18310936289942
12291789923129
2916405545213
15854691120227
17606175776306
13114200725
14860407435192
12964120264436
336066184365
6167456565888
11748952863690
20332949593305
17650836672055
12900423424044
5991300570057
2725720091957
1786195152109
8131906831507
13827490739105
9352491952556
304979428953
8716073193470
18381110800124
5308157070851
8374388225633
12666312884023
13128848965240
14383758570743
11766492912636
14776876225132
8961071113578
14241097190522
16040048281733
8829660000775
7429485147509
3054442910277
20319214689405
13684711319948
98254572428
9569050565842
2434873527135
19103098975780
18302522498000
13390938027364
4964024695201
7459948011614
3257041104790
9511853639602
6200744572477
11092823025266
19623212552059
2170980188614
11546666007807
7376445242127
6539495209292
3558269274453
8011190330198
9236939994240
8872220455993
17015011958178
3486789682728
6013846265021
8794161985282
12172183956327
7903208804151
20598127800590
14140927830314
5348933762761
4547600582265
4054195768795
15022872184048
4455288008502
15245969380508
4964478468630
13995630010472
8229013149937
5329926867118
9656328009413
8672919825926
8023288377374
20472790444308
11154541411260
20304295523488
11172094784606
686385104683
3163462292329
4094999104412
9897321672269
17029613038969
16989517676298
17528552476628
732841802535
13001217823756
13580061043051
2734328983250
1754565767312
5584984188797
8229276588923
10787217608634
17578777883273
1265234571187
16805270357135
8678424038780
19840625286991
20868454274995
16504541753698
3175787324659
8294985742962
12866871826134
9057110080267
20314597197571
8782115839006
8340632593148
19889854401609
694506118179
13832442849752
14884864618934
20473429603936
20113458763318
11945571073282
18873356866182
9809081180704
4848678490991
12114999197718
12191607163087
10920590433378
18225042151695
2787942985984
20856383103859
11580041894580
15943291733690
16265355250101
18265000449873
16742087471566
17749818895359
8260625153401
1834803953450
6203964072475
12137078308897
11921213193929
14367101960604
17565875710713
4654710445050
14641064091861
3181040310679
18273897046666
17884216950396
21003012749810
9892459648543
17544202398144
16776634954424
7097731278890
1220539693942
10986459253443
3861171427249
13227131153650
8287227978986
11170160848075
8437787242734
11188997693700
19073271217515
1774350360521
1877706932928
18837971800766
5165216606222
20918451578295
4076653971232
7744598628081
4791571513121
18177558885604
1724303373010
7626435071039
10918097508795
4089062683053
17107584353800
8531667984703
6191479751154
12778012579029
17841368068194
2556854020954
13936567530298
13166533514347
17872663737628
13313957104520
13066042235532
7758891181897
3686168851381
7989264368923
15163008358904
7439909560781
1647754620838
636970866074
8939827838956
4646401074433
20656535641779
7462261748340
8031950781462
7648971004255
13343427038829
17185358742357
11252758514418
15966038256611
7654326702399
12687426069119
1385432467067
10405056767417
11222033436884
7254715018468
17390236890958
5110502476842
4269706869254
16680675765177
5576174682872
14315309989372
4244880363497
5635725272395
18299129925762
1073747100859
18952181564235
924374088810
6447024660297
17469958902045
14744736738387
4389599166596
13218526745631
19218524427471
5165362333991
9569943787667
5637176110959
21023113700779
16182003176384
2677209308724
9462779744647
20185309432593
13424521566675
5537595648568
15926080971726
819405932684
20361068965391
13605349435483
20099957804651
10549849020264
17332224664416
4106013007228
17694067454222
2766920227140
16407168743533
14534428092922
6807771893080
6169510798903
5056556159635
4870538122186
12265510489533
5868640439695
19776893144173
15698559709685
18912631292984
13811345441773
2129703143504
19725375651619
10170480165922
13542675586292
20162150865132
11743110799040
10639917682344
1583198577515
9406857460157
8836310049444
1918901204073
18349439948669
15016478142207
2380004406683
405968769815
10598769128195
5533819159642
18904580728266
12322463031693
3128101138844
20795237505454
14179419078835
4928953471854
2170689573207
7749727116685
19746894599916
18744461518230
17385769729769
5392496966849
1487040927922
845751603100
7395905198086
14412958949055
5112211857877
2099341644719
18265071416287
12875762166821
14113206852140
11028694702525
8836869408394
11396610650963
16767157465023
664373905821
478253539215
11818120651644
8418193974955
2031036116972
5533040087707
13768443419547
8278011262868
18597718291598
6315607803343
19945046727670
213521698707
15464412478931
2549619232844
3166924255701
11522462719680
10088809136522
10726102503308
6412070176500
4019810916026
7248631944144
13471731716521
15759352611442
12323554053779
4484755202676
7556814585082
223105040602
11772083348066
6857382180315
10954960116171
211363475599
10467051448829
16855583755248
19481973287810
8554144383738
7221351121143
11142576336643
11212954547184
7803640516467
6701951387352
13928576999964
18557828167498
15356323395126
1631290798831
12618549324822
4870602837609
19637703016792
9094208908916
1729846575885
8842054511792
20939166699728
14350894672796
3851316389863
4887106728932
11242707740484
18473512895498
4113530331079
16878387334616
19309388700631
1964586886114
12437626935107
9987933945791
1487436644103
13853595193287
6216603250959
6211256921125
15021164547006
8866941445753
14363861023146
14560913497876
16517792462475
11443884848925
20460293026296
6944387733368
18256609686107
10495928010000
9847002557437
7198180945249
12708665502426
19948705674336
267389224266
7621323610467
6191134495335
334345246648
5595350232590
15306573538221
465043186972
5133976049758
12055174435714
5088916694922
2703796230267
20688731291070
6079686826949
15927791981024
6889559452933
20982793927929
14580399039758
9244318873626
4907441450957
16516082342980
13185950931580
1064233388948
18010552398419
960567725882
14070608607400
6312314502140
1312690749536
15459331065423
11830232617824
12682083883267
17957052633843
4003727139398
3732938269127
18892242990582
20359271677334
15901174464752
8376092428695
9529492942487
10194738435519
20471549452927
17790161469309
17848974713799
8975481723893
14273186336260
19966635735575
19816279150544
16255757312689
10292929192540
12555631128695
6250471835434
15168403234054
18681239532252
8763875286338
7592679832620
3939172755954
18655276203212
20755271102420
7444596502606
13736992512673
21032719919938
663360525489
17900215065134
11498620003774
8825612640094
19085685599825
17877788013014
12671464244371
7702551058284
19176564553413
14828611049790
2764230650325
13989023709511
6844919944708
8538190967865
4321222643606
12523478512764
3798722829035
7800517825549
19041256989442
3712275853799
925432638878
7961886046523
18706843305902
13273518381984
11611159813547
13601113467585
335994926534
3487878903862
18581237313114
7040421317531
17728711642937
14124796656151
18141352880708
783189608676
4149128058232
8550087427675
3658854231468
13751160359289
4165401026686
18465859985850
13182483263262
14697114182486
11776681260898
7300266779077
2713060030829
19884993145822
16021636262762
15078441878359
3750944241081
8800780456254
148543265114
5180998654419
18318299161046
16979848911628
17174467675242
1789948717125
15460778438723
4764693190442
6466461455479
15115539081012
6067567289489
17254396092025
440399554277
10240870772783
14468948985195
11853886974679
11173023442558
14052652173877
8473129657275
8816499618531
12949981859035
6959129741493
3675536403546
13590990433942
10842806633681
6945586342538
16290964356424
6636227651773
20917195706444
19073029961061
14251816173735
19393937290916
666104567670
17513111595185
3960228762105
7792945742222
12587441440113
4225493953633
12855814277864
8691756406010
9648707818641
11243259016942
134320165387
4820690329814
14600981662003
11051517451186
6689035821005
11072370201201
15063756112428
8833881478518
7215795028449
16972791168952
12720012106119
1417315388926
15504306314851
2070279097956
2547324372793
7859838153430
5515766988002
12359571707629
9331656368048
2803018856953
7843302499857
1868012702679
10550783003295
6323384099063
17972771858240
2739804875072
18126171969190
20668256399900
2656688795017
6199421976368
6086728765377
14751722650776
156633591510
9312426261456
7389629005573
501392585918
12425308807062
13839888854223
3854967116668
5848301210163
19972851514749
12305523190539
1013259449029
20750519051773
15185878093668
4806471063515
13919253743060
2332814763903
286697704177
19162490934734
2473667719209
12932706449727
11548412034158
10640491786850
17234547851279
742081680139
4732052730367
70180369992
7016088133332
20795702011418
19409983626473
19073134616198
10882124997455
7998858771476
2054239590845
5635884343703
8578323435694
10665381919082
13134730688078
4473421279195
13449770963709
17017959482234
18558804180394
17088127386174
19744935428095
2678212849536
3014022549179
1462155141631
8734548155558
6161955480517
19523085555284
3014700578103
2401238134996
7969207771443
400605852167
19179864513070
5944191579889
20145962864855
4427900490973
11459252793428
20539112216065
20378697985788
10561462457120
1160324189587
12743691015610
19059181038542
2783691531353
4618447719926
14560006682715
14543393376900
9286627648171
14929796316073
340076848410
6191510067328
16027148212025
12926386142926
3693846530786
9353494885883
14766769058199
11627633777848
14807500085523
14921711019428
2218058547034
16636402083744
19510465145675
884750730355
6638508622555
15231420257246
16707625120446
13501417715897
11312067355027
7197936834629
14042910858533
13946130642617
18405378761547
7074635092300
3523569647781
15697418562057
7702451491252
14689644396691
1820058113068
17712041665951
11503340884149
4096678151940
3912021825177
15656439178051
2495563069775
9177479917637
17873551347784
14148960997224
2779229756633
1564441184283
17165378818316
7156707059110
18708190155511
2784875150602
3343024634401
862746367183
449888769684
20795588198129
6743901238605
13118063682320
71125713889
5261525208708
190924179652
1388633345458
8714753184205
11263553976160
8362458408517
8170251092342
16315104053641
13952901799232
8971843559965
341037443461
15163389284361
15308086199898
2638726274903
5063947427074
5627753721577
9604098593942
12427798280660
19982922861550
19298900147709
2006599376050
11335183884922
8374779286738
10403713813646
14894520491568
1642757908704
13176198399017
12834421435239
13203844644600
17802564347269
9776556555191
9206393818434
11503918657339
12009699269016
10049878040534
10495846022012
10444588482702
9383226468423
740985692706
6875559297091
7004449848225
6294481438020
3377749120410
17362913979579
6537686916957
5363045715778
6661520238457
10625264921262
12673146341745
12332834872839
20210428943760
9844851872927
13954901994237
5473861663000
634403352623
15857366732994
2307340298595
20425264409911
2613423744282
7136083797094
14459407390460
575578513017
15893103341356
6210046698248
12487374809313
7304634576924
20069951554820
17944165219717
18495841318391
10390905929397
20552812153450
6944265507748
1198800725233
20777981171156
11350554990659
8303477037643
10864219669441
7022709143832
20131078076582
12854500951496
4374625815743
2293353982700
17726740669775
4938347056314
1725625217711
5628828210238
4308573193715
14932412301897
9254326701403
2641845597423
669459000418
9671607233290
141218854134
15244381037451
5000420521861
12677439040878
8316784506944
11476172953924
9528417846273
6440688829464
17927485620441
4322666193068
8526381926106
16054650340725
9304961563225
3924099410021
16371296826164
17998213453796
10082486499119
11459092464429
10092722720613
11362844312645
4954305070941
20357342377464
12143795151590
13637116455457
20495918776153
11811854268199
14093537523568
12308233188609
16549904047134
12434082749400
2751188968700
10015792697220
17950129299727
10809577932826
19917189099111
11221249048378
787874477829
14913990048726
17679807990577
15202695867191
5472611811275
6520530482053
1232902264658
19228781553423
7636598588554
14926803935751
1712151072705
7690721773217
15243562700685
6988128423223
1478847485380
13708419010603
16297603125185
5564864301119
20709128010044
9014896086972
5956622381554
7106442823476
16135273866901
7811375127824
7550508219256
13684752924431
482572077257
11073275322282
10243674873563
17352893990495
18060985192612
15143233589314
16544259069032
6367953796086
7713023094895
4508039689464
14877992875573
17525323637842
1373767698307
2384431800287
19697767919486
17755531754797
6811396728902
8810758047746
4979999251438
2866066907008
16514385214172
16831649347330
8704519075958
6256486054841
8323001560824
10262608970544
18512915076318
10368426950890
3166628534527
10375890162730
1945257710365
45904504243
17644678397318
10812511530663
6001044525927
16900058344385
17790590560017
1671738834928
19456930258921
10828325860669
2813167622123
9469085291641
15230790981824
14664825344064
13923110570055
16192889724248
11734247802479
10165174296217
20905127333131
2192171513346
10611502745487
2311716676038
14919148110458
12320147934448
11845711078440
17704328462411
871255633503
1447031711283
353721010227
14618266164832
20945672423532
11389596700143
18475787636589
16558535193779
2252630022847
6045370306940
17505813119992
8170385840192
20034575090146
14050447937521
1435357719001
11895485374125
7819307364832
15302061799928
18431320964693
6357502330386
10148283566974
4035577041643
9465953645896
15607832191665
15365523175115
4829126904034
8539242974429
16296638486425
19271346398152
2128243884539
5609842532547
1352156772963
7331340128129
14224077174251
281942159885
17414503899493
159115875497
18216055622791
11404937383854
20676525647691
12466552908040
4952107748561
13880087888576
12463126968273
19780004952378
8200187861972
17443351223260
9127366408373
20754642056709
11509791154014
9475308558177
3000997158431
4327368445059
20990454203201
11556867127594
8783821037780
6427448263586
16084090869024
16480010178550
17488420995929
20129658968515
145496612187
13668702404406
1463450522107
14816568986975
6664172828131
13521631314124
24773465042
15520452875666
19281928605095
2036826469148
18183170966059
4465333649993
5930283676483
8648312414106
12712743210451
12457196884180
5130003192194
6100467561875
10052391128213
13285966342379
6501042727182
19451270032968
19075544900215
3373312947631
1943975447029
10922958756897
4376368340593
8227241326153
15966111440354
9560492327445
4987030081800
5784545420498
13264256955219
2293351531957
7927803755024
3943562435099
16935251802648
2380769813753
1788006549650
4392284936882
6603767052844
3984445040011
3415779876902
12408299258899
10033869350538
2920003613827
9380946984950
6151467424297
15962317839643
4921757075069
3590160671189
9343837978504
8983229728949
8782166420978
20402504501033
9949572181822
6336267010039
6729941987680
559486266216
11383463809839
6426255938449
14789856411396
6532430681514
14165822287651
14036801037828
1940843930089
18407889960240
19423752182843
19611139466926
12581051618439
10373196483248
8878123996571
20086022298963
15887391057035
9212892823633
786707071920
14496189556908
15365373324193
1696517773049
19418889575044
16955190367543
14543414471437
6375884694498
7715502923110
13417645670504
11384911238627
8646350649487
18287282381765
3658177505519
18195132040098
16059478852834
20402511494247
16899890789762
16131148452516
14209744644758
7707202418465
11894130048244
16035970697665
2507622436808
3742727277435
11792814022699
6058186316346
17216719261958
6281845147624
12895125273684
3478289716110
18093378580
18103070921469
17773103998584
3656882040970
14693008923212
19863190652786
10562462628477
3219998136222
18363021030752
1728861859596
16302463562792
20674262719502
14251531488354
527353989512
11492327444109
17363044141718
19802652551024
3894997591998
6525742949894
15889469086579
5935521436569
5174178407915
12958684872157
6575506377997
9859644889917
2303829188605
5767775467518
16827084425404
6481715528440
13109039331609
4704240081810
101489062464
12745128641
6241307698331
4348872628681
16249223325635
204870130064
9534215657644
16907714366795
14132325175688
14098057705812
4960427016370
11501327207811
964257721706
20210817463713
16430696280596
11187138881287
1832159116718
11596558486824
15333309699205
15131284797703
3914178746610
2745622372545
10675484418956
20386440559675
6101537395055
6566706422700
14943003994052
4407260863097
4400859814218
3100540100249
13286820392167
15389440452114
5203526531124
1017444442518
12082287449660
5953721522687
2750888241060
10307853098378
17056263783101
19036728885478
13469817931592
8326207199641
11628797092188
3912055338184
19013473308035
16004480510403
877816794588
9437204632851
1218918802176
4963889026785
20865732109345
15482746035722
690253135341
11727472191452
9826972279707
12051906990376
6128095905165
18691094096498
7161260130203
1414486781780
15430160955872
1252178605955
12859299743257
9369078389449
12448617719118
12112866297039
8187155355414
5081265083318
5914874274502
8597351914798
8154448736599
19820485705361
7541990846617
20704921041399
4715417668669
7035340591457
20783672909173
1145798888563
4062847071005
9520499664197
84319532625
14619164780800
1346931407854
2967192960750
2972473440095
11529589522940
9944366427828
19802500636727
5775929830336
5111531883910
9713351405545
10994841215580
176212523116
20560373572006
2982005955818
5921941442448
10892862982754
7967491823870
18209204823873
20660595631875
13259409544838
18222010970017
6255207483012
13179713050767
12040899706857
16273631561185
1922068634728
12912092483931
15421980253311
19841178591190
5747926242119
19368419655265
8187842887588
16007719539144
5973257953019
10478333593200
14047080153646
11932247204382
701475927337
18157547835936
12310387347674
15033331974488
3495598871181
16422674516351
1083814863837
4935455290177
15926876220077
6209281110943
16894467374567
4996461878729
2087827120632
5431195451267
16742066437434
848254462344
16277504812578
5499644898365
8989206303858
1889776172711
10277485042791
16799861220942
6270761129938
18995188550256
12516966082446
8640587696939
14418933577034
2696360746727
17796816512764
5896320344597
16826564093865
18107568111200
19861564531060
18692410287076
13125059537954
11996127513173
16481533700480
20007673202857
18017576771219
12612324984714
8431103812022
9614479850824
2643355018454
15077859191344
3164992665590
5922773735843
12406860673182
18898847430669
12563181113296
15051263403168
5126096504394
12215106437570
97434776225
4237880300667
11367966007355
17092615839991
14271338457104
17729156069477
20470000084996
6377458058814
10425172211707
17614901557944
16445381122747
20207038421478
14391000506362
17882965656619
8308693566951
3805982596469
7824872881239
10617246843050
3313728310034
5161893590765
14512645580779
8517648708389
20446516990400
6383545485079
1039452548887
334251091589
10740722031822
18018934921933
11069546838658
16358480051280
14872015236798
3655979460807
12848641183129
3235457523838
20136919904352
14116683537474
13827808092660
12363874266935
17839583758495
342783148386
7446038647193
8181648671754
8289044678302
1282157820464
12605481066191
8307434289304
15005956218617
19843539774038
4944213844868
17991106898481
14189344879133
20730896532235
15448441065959
10431003913083
7418332118702
4064391624181
4766805733711
4392170987380
1227199242667
5625773053248
2390011677652
21014904309799
3908357764974
5782240627739
3126471727795
8795832652966
7488611946967
7004297926688
16769017890664
7960486382149
9714239065673
10643760760787
9097154232905
10049015602086
9322094926469
17343075480587
11923537837358
53672750944
7292373125122
6462539248588
12999536138761
19243993363346
18900329333142
4243691802422
9353057884682
19261904964102
10808280549042
20877565741216
8828975669725
20604593789423
1907601386683
7687176343113
1748159399759
17619093210995
17098071391743
9637904486518
10377103733113
13233767797704
11506210764516
20106016301501
20740422371051
7935855306249
12807813465522
1683967945048
7274002654114
14798975198754
12266379652303
16202922771367
2115041282278
12191143507184
7846869101009
13013517719584
3107785278252
9762993404590
13613550940508
6286722350457
10378598736146
8383931901147
15878091523689
635591555932
5855868954716
349236328631
11587813673433
870702190569
8093799167082
18220652730739
18357689429005
15084543697418
18292742559761
8311524838618
428273125094
10581112758493
979121012503
121681517715
17450666518724
1431096255888
13453626925108
4575056065334
7764047636379
13872614959649
13428304918355
10965422547408
1482741896411
14503162830620
19089852105621
4535607223720
14765740268931
17185116775739
9193841450550
6975552783837
13207045669888
7199680277839
7328255298706
18054913376375
14116166726320
9935377506629
18426381747497
4660381899521
17822052628895
2806483641679
17385668780109
13492982669481
12197273176750
15058054909795
15176889318382
17985823781446
12671508378527
14807502666971
20986422928194
3435030907388
20735502153708
126672982574
2938891535519
2553748166064
8460442447108
8189706428724
14612030569358
12325584467094
11577489472373
2676807175148
11221113980928
16877608387133
16073318580248
18487306276626
12806197056727
3341321358730
102340525852
7931280729577
2765003024408
19629432032833
760437963565
20459853883490
1454911799575
17938864526820
20445686152359
6094979190074
19270920881752
16055140649051
8778654616167
14748711926638
4787222961771
6996874116827
5931780393221
5895490672595
243133325102
2142633656316
12681314738799
16969890921461
14520730866538
19666468181853
12582463286541
1966315164387
19044730248263
4226954588476
2854861907395
16040653595371
14535418710978
2541775849326
20192763077992
7550567674581
11074531924875
15784008966299
997391773305
13734586958016
15845846775268
14110261087831
8290049752749
13370306197758
421509144000
10595310110104
6723274865268
12380884410122
10422039624399
15599525929305
6025244171729
5014890592920
11314549773754
12922858249549
4799469959160
17048757464740
356477956288
2488400472064
3871292387227
9276983624096
18802363999107
19912693262207
9290844335794
7153959860666
19024376059405
2340635282261
11415661446548
20947364729522
19970303092781
12212501639813
1755047460012
4630946124237
17247660419926
19312000434580
11138878888344
7714323080978
2006048493007
10631998655247
2115774275133
12249517169780
4614912831950
17344474738630
2980625289728
9253852863305
13402022053470
758732712463
5121256021982
1003617893972
6400192712003
19628438498028
20187953594783
14291898521399
7039230223157
8784902947322
11922493417614
18116164310333
15121658707539
6960362506926
5446302231639
10396210780152
11148995080299
1192936764412
15888787510839
14024676699629
1765889245029
18730260112136
15831255982167
9093213193308
20694157987876
75090862073
10844962552951
3022808875476
7349471950582
12655242507375
15573083953828
16167813585494
7540835855678
5003362901484
6628131477280
7051364285585
5516302238338
3565186136105
1600238563412
15953251523128
17072801028592
19194087279750
15103408306219
7227061901110
15084585875857
1198343952076
7134165760865
3993138823592
20384532514747
19047199728056
5401800444616
20982440975132
2292668794182
9360651170983
6408575391933
12186839367472
14432190293091
8554370014204
15580644335515
11567227435101
2748425627780
1308028137093
12890893004313
1495448121309
3903158652049
15021153638309
15368588533149
16331094704636
9631195200530
17110025853630
17007732916760
19343042579293
10993707714774
6073584880280
13066826538799
17228059044034
19340910946078
17048673420002
6355416208291
17153603139942
9131589262324
17566595651649
7770942448325
20385389367249
8657659532443
4527480735189
2594382657454
12795968862767
11514833428069
10076746139658
13910356842454
17246293050360
11529932502090
12299449811987
11107375480745
17455677341350
16240049513303
4614162924899
10769598528232
19980176435331
5955367917918
17468258905268
1548418684690
20211876222070
1989517520464
1306700217359
11294899452899
17890288747539
16967673221376
15117263208537
1959998864840
14942244482162
5100278369197
7026171181311
2244892693975
17013214371655
9238255572037
13271154710772
16442247577935
12714506668542
6670197917634
9525290703677
13554575384366
5412577799103
8093662172175
14104510500611
6323017595578
3115958813977
9082378778342
14056317326889
16679279825205
2444199736240
1596070385514
312410295025
1423845114856
14153829947497
9210139213892
12274073655223
21014740935767
17220406579470
14587312620633
4230037967053
4912971505653
17346174567747
20569231958516
9876613640060
7057601665290
7258098403448
3528940964158
5750379229849
5710754417981
7007432133174
18216963080151
15394653721424
7950140865258
619043570865
8620281544297
10603276045598
14481205880199
9037456900725
8798567643796
5553756861661
6758504057543
769372084071
13022074864203
9216835182608
19715635827229
5068026342195
19590525554216
13326795661731
972682174182
19167111160431
16109947985524
895565215368
6402614906581
14043835614225
414412631869
17548586524403
2967257922280
7861963372785
12515588972639
5643144471359
8180612257061
10847216999414
19389440587232
14656181588034
5332929634273
1794788458675
16061002014547
15872997944077
15139074967459
2298994569439
550504078378
7167271705214
16592945654158
9285719901008
5890598302793
5846486844013
16164586038998
16339029520302
18329281688824
8518466650059
13210739489623
18434119174370
6113700125658
6040598170885
5267484481988
12863981793294
5393474886257
4128153130312
17148256824263
2893045098418
8761021341174
4201751054834
14981949500123
20543862512827
2103755973206
20170217524435
16146753787802
5836146234388
15917840332709
15486929778501
5260807466863
8523614884376
365549488104
2260306455707
15147433652304
20212698524868
20572635961526
12050816155443
2716488435480
7429808400562
15828740800886
15914945775601
7850667005276
14658840954944
15598148430594
14789993939330
1631334104812
19673787058509
16614304594679
20258174844143
12130620298208
14403835909099
10129842348682
11186395628716
14145817991659
3698031989474
14241009574508
1072691833434
20692086186384
12173285473011
3802877930280
3299155213736
5860911103381
7912514917084
3265428844569
10803420889531
5906699086160
2397230704561
2330925857675
10188609665759
9353970051853
3300186746334
1399843943168
20859433838784
10065168952872
4859928209442
14365627580721
9600289203902
4527330222595
1117634220593
7327637061533
3432993537571
3879634482904
19481970542845
9358999995477
7839586902688
16347197309763
10290626314325
12685097044701
8902322827134
2580977906875
5737949239656
9141013801195
10519978608481
10181898530853
1741086308474
20013475557674
18807697602374
264891483988
9559566509607
20167019587554
19604695517158
639599816729
4942805350703
7033890870252
9372338474574
9724763422976
6765090436217
15932456081232
8365200610843
5631049295237
6811311795349
12131873217465
5451431185136
5704835058282
16616242241885
5876760824939
16747985767609
6007934141871
4512120500722
344512606
14196927368617
20581322481160
13864734524285
14776810494406
317537944524
21019297645201
19506667237699
8490648013162
9467338231602
10883081214318
3430775469354
15284659133217
20972034353904
9566875372004
2228717983733
9439146166523
1620628495484
16553679732540
10477538972343
8818150658679
14218961347133
10050612266710
18994442728860
10401977534886
9958340292840
7402986603684
10006647732913
19399717801432
11143666720674
20659417833143
1055606347872
7214188217433
15231094808690
5146796190701
13691337010161
19605057045518
6908254396821
1275312526277
222438339309
12524257324296
1044932832897
16752460147320
4061099212239
10713956815857
9088104855434
4092258319549
6720857021626
18878544797179
14152181661782
4811586992538
1061297313731
20442528287584
13943874193246
12149432418857
13759931880499
14732897496034
4633494769672
11093720304970
14709556078536
6346521851189
15403956998041
5991888673185
2124308500658
19556238639780
10585530639164
14166940668450
193539205169
456146267649
8279857864728
12509646772053
17034848595463
133953986402
493966519045
7995661540130
19831713619436
1602094806600
323784251380
16078155968981
6180519716282
2425969941358
1782367768344
7355054429004
16772859490382
396069070713
15016199175767
19472430858370
20369974185545
8642670376167
18121483137137
3517459426407
6597172994589
6492743603711
4124115075647
13404885009133
14139800955885
9947355948334
2521986696642
5047547250270
4427569708103
19565674976924
6007395774566
9530307485454
19119832420503
1391611547760
11570562355504
4594669015554
3440967268773
11176431110180
12189990182438
8757100769237
4432753828095
1540967621768
13857433959417
20673935136045
20890854897231
17869353128433
13254731441973
20151162807223
970441713584
1503229140219
10043789179061
5658391449125
14904150588290
8256853788151
2719986049351
9043674660786
4608405941760
15741992089808
1641175437622
497099800996
10393667019639
11934813447362
1680573496201
3213742990050
16490212811096
10624927516198
4363862275432
11778049131009
227491927598
11266218495359
4847948239467
20243839069394
940580906743
1125202586901
505424326007
7889349946708
18093044867231
8463453139024
16961600469197
17699640454694
16807135885932
18659568703330
7421153230084
15450095185106
18722959312447
9816524136900
14317067889275
3551322432721
18306430334407
10304726818139
11744504782769
15700712210171
10060015084855
1889108948725
4264231342717
12863606968934
18109597497655
20353401589194
6122236733332
3138996606780
14935693392848
13970198398809
13691494915314
5455261844293
17606977571474
330840506682
5714437478456
16647376573030
2302874153302
8967862592799
1130740868267
6180633971692
10225668377091
11055607486568
12311424924036
733989741697
149449717069
12209454448259
5191249888340
5484419386014
2690939453188
2806530203321
7335380625003
16349483520824
1507467681395
19603677318400
13531100990051
8744654090629
5971694491925
9560824105568
4201054899605
10116176014839
8313864289634
11824632069070
770569176417
1043351499091
15839348820537
9213378285981
14492482305840
6595930232797
9976666906253
11133779747570
15818776476610
16993498329706
3324798109784
11132415703523
14798702247983
4074652699923
15884818024960
3518182742826
2102828355348
1470109728510
11839028113666
18566966541441
16385489079054
19885946874856
19226561999872
8758155829691
20392850873145
18144213064375
20182253200304
795299679534
4805299647387
6226304167005
18236069312187
16210417750021
17610707401499
9537488951572
4184854821817
16062668678687
6419577253925
16316472480138
9592406342347
17340367986422
5642277551365
260780021481
9238654150437
6109595094187
6743621119988
2284320495333
9066455374791
1334101319597
15633837009935
4923352857418
6026153849058
13177169883178
12161832879015
16537401962760
20792816575480
16126650351112
4170551810011
15960304696427
9672627038414
6668209764939
8621824908408
13136429134206
205370472155
17431012815042
19136455935721
7296785315604
17653827073644
6405598388983
8324646337888
6264127004665
13677494824548
12903013508940
10667141888333
5660555573755
10265425186782
97761869791
11802404430587
10842432615211
7060370032190
4177652790287
14625540450249
1999176680472
9688439125173
10160395818857
12018724158535
15010006810920
2363199331116
1184421774253
12422778602046
9274356650538
10812959278666
15791037124117
5839682484476
11767906967478
13679789676963
853736979910
17915519636100
4878936960311
16983128950079
13703124557284
7132156378599
13766484486339
13695586063490
18899263658113
9014532200488
6261742847432
6259201736469
4851142476019
12714733239509
10651021779618
17785452516128
40677772745
18739490493658
10154556442602
3776093745013
15679123139049
10195210722176
16699564333675
17539121155760
6368897049024
10592662852635
13920870273655
18383577298465
11120769864814
11853398994141
18957894083212
7672857350081
12383717278490
6641165984372
13999159216124
6304770701843
3179832009405
9393030906020
6643117804280
10347710367188
10601680898213
1268222713618
19502822337007
10742206760872
7783683750509
236725350542
16714412087546
15162395061981
16871608223758
19999644611049
1964253545447
4548542549526
11263304543933
18958307687518
18804667789564
7234915922831
6144555507866
11010291794209
16820087340296
7873125356555
714010329297
1032670711163
19467404577010
18686458438805
20160576450721
18656574812949
19308982487482
1203699005230
17786091616325
3407742864985
3617908389795
3420645331357
10297644088315
14875250014210
13069620338047
16860206922507
17057611335917
14356274174118
15063034853547
859835804525
12325455050184
310350046982
7067719823894
8542738938564
9567997018060
7265308383275
19669116435345
5477844322126
20777450683662
19173943517543
10074318250966
1765724988313
20661138689809
1385379933776
15590933225670
7889098998046
7144110687587
3483939258707
14162057935491
13089367116857
4516060945542
5543022159604
2471786479800
9613970444921
1949171231056
7194044119484
17263179296006
18381503509072
20940203764440
6037070295932
20664882161863
17568900461983
5448898148487
19212372497604
12942555139499
19972899915542
10995965009390
3072304506391
19486107015020
1761244576796
17695175984254
5592159558536
9136210331470
19077132727556
2377376296567
12619178832571
532995545678
7358414861115
15515386485173
11619943955787
20355366873661
12944845183798
19347446520446
4355481357353
7572436910735
14640199633063
14566452472946
4366407076703
10319933932136
3467300966679
15088582519931
20900919011711
12868435487474
19084326231195
11451502142543
18085850130815
14838216874467
6868499393434
18444696379366
10073057043616
19503201573101
8890982930286
3949263374815
9816057177732
11332799311012
15924758532763
17557779714914
18080135498657
11526606690941
12199853529730
12257440534772
10847645968044
5977938194756
9680750558241
9483751772776
16757534132887
6394397971961
13837248211905
14663036105560
20857454088154
9770667691233
19189194994499
455400549551
19827009188661
2373870297579
10451166602017
18405223021837
17492267283065
14733185274571
15173200251619
5379250453276
14990196897062
19431374299203
8380539133451
19824157704913
778369755385
16693725172567
15789141142504
989708398958
2743770922946
3537121739644
6385948480951
16661976624136
4472360792788
19484939475527
15335848577977
15224709633113
6685267220773
6874643872394
7776218255473
21030956650483
9268656206637
9576808462026
10601259056497
7642581136886
1420760073229
7519072178720
6899417321512
17257637889607
9400097779326
2664207332157
20993791541994
17856098793423
11721808201732
18946871531829
5757430907931
3330570091000
1500930930850
16276134439690
1930215869207
6717429978175
5182832728417
13453246926161
12507401946219
18138693615956
20754480356513
9852404267059
6930059479226
20150972185518
4151626170961
2994266509557
3462829864980
13397381162082
14205989974135
6729315039588
12206837042229
20190599339347
19344331771734
18145183692384
2233254075664
8421393446121
16376958430165
4938978986676
6145955208079
12978980904750
2871070528988
18007205837272
5176122261135
19770621938704
3464267437131
10241851359037
11498927001447
785286160232
17516245384056
758238190917
6968163497510
2980107241799
2175181611402
13240264515675
870040608291
19779553386608
13387522020397
14725733572951
16697449381681
14477189522443
15030788359755
776449157042
2190318631806
1759298291279
11340067851151
9508383197539
8942856652066
12015452573279
11165998182700
15657734073939
1481558625207
11041730555622
10029326038327
1151696489738
6330830588825
20752449668224
4378444734953
6965903259603
15026661745336
15873738250006
7022622774030
16565544077648
7496865215020
16275597824821
18845573877241
14480668614702
17372003585019
11521419222894
13569599563028
11111843956820
9399909256277
15569757709061
15915474876580
18765827434007
18618859771430
7637349536818
60447947860
18370364614896
8851207493903
2708445767563
13094595878017
8980185192273
20568393600236
7782023109529
11014315418434
20683878401887
16794923879062
2262410767685
13693350457181
14387323166780
20682113266014
8944613353838
8651858457536
19812590351233
7758182365264
7597445498290
18519693377956
6340343434748
10097147445245
727003728445
9938621989816
13435469693279
5971467009292
4197785712784
19466495869452
4034544657935
5857052218245
14040755277945
16338354660123
5959889172043
2254571785750
8855847625738
8383410247658
121964995605
13909922646306
14535467342461
15573319778272
1962250069288
3623588760625
10140435380481
11183511758131
105893964357
1202239326300
759326660649
3079466502335
16355069759464
19188177364741
12071688123420
11314107776885
2233496201907
13379601860163
15259634194196
20614628919455
9483966413672
3225081563873
16708029708577
9479101330843
1709371642659
5467061343619
17025548206175
16239263087499
20165882123156
3144954954832
7223330827459
5116970951708
12691835103963
3550194986347
8140458677213
5242796708247
6380054963512
17072682076353
2531232228175
7119178177447
8391330752634
6216889702909
11951817505382
2613173362964
6641979231893
15167942968598
14748237698484
19227960070805
20294650347123
11047577276073
1416884060398
19919548029509
16263717118278
4898339227877
19560948319873
16311882741841
17762049997190
17000703488440
2065287071815
15157598337416
6616233924794
9621760710408
11434155429614
15244531054377
2551032201844
1400896348050
1936017071941
17942856495187
20367934805161
13147668472719
18105382792620
14732748009696
7805593043871
13308708980042
18359155424292
843678524966
8955928740036
20114842426324
7451545745869
2510440263917
12946208728064
7235533812744
14178424644193
14750583374070
624412917620
18794806626244
20289598482536
12254744650677
16078151423785
19579470640329
12154510707435
2133364120243
16421399115128
19000557649217
13594162354281
5800946045505
13444935561759
958386890656
9726218056463
1222983178406
7179132476551
17748700813959
20361736289865
13062349217584
3719916558039
12588973620560
2985144489736
11498854586439
16204013154394
1820877914340
13181430102019
7984790538632
20288558054226
16204302434096
19614235350076
14300341469823
16676634860675
10623946744764
7484862951765
5611616210061
11359699258502
3530012375947
7612922021373
2363988106003
18407434671014
17896394330571
98352558614
16331168843637
17633789177200
14970044604027
19406355892710
6567063385598
2032407771979
6026366531576
3939017561804
20978096251023
18093417664766
3778468828225
18531624558708
4361883038512
13974828730286
1690239715796
19454160712470
9204241095374
20584138635111
1716679064478
7950614023703
1586061852127
17739769500256
9277477069972
18704722144066
11444413744384
7511419258370
10273007714713
10197654004581
6288835597394
9389277554147
411583759438
16531413649714
4784752757218
15359711284853
20315285950003
19734978617618
13828053572926
9973988487608
15688500979957
13557360283977
4157539195958
11026327983992
19947531268495
5613155133239
10362802626915
18225553624972
13804262455542
10855939169028
8340764003239
4878289934513
4198120890869
12851822053532
15440493233847
5973480238973
20146749464580
13050460058977
6662634663019
14498898124096
17514630685469
2547210460081
12239594562115
1646757854507
15817553686196
10536458987609
14888044510727
12032010784935
18408413506353
9781303269770
14613606584957
18946261233687
18696217860620
1446115406737
15780293102397
20005364070779
4190515859278
12529787298070
3048487663650
17268522136033
9027207927380
6112190487079
918787251716
11375527656098
5190015025813
5201528252719
5073782946301
12981171258690
12952020100925
9775713985748
8352554905495
10443694472949
18159852522608
13641972204788
13034259779305
17835144323778
11841691432057
20896337925004
3880825245653
7995870846866
19803325460544
582476473786
19940761462388
20842834886202
2913719804220
10448204761947
20311879487170
4297102005306
3372971328223
2626386989411
8063776643778
13453231974585
19564802893675
14871813418796
1205288411188
9811642469228
9903623270305
15427090714544
226583662849
17489823086449
20843623571949
10557699258471
6982806345247
1885835542805
956210568397
317435838833
120376451667
10531373514934
535109795623
14925828213791
13171736624567
11393012052643
4878230603093
11725765076746
2415176434997
6739558126973
20378630787979
1529795660893
1836011143483
4188279565498
580421163789
17939384795370
10204330658336
14696996313066
19641726775998
19408689110142
702196585762
7059407622730
18672001941919
2648973902425
14769097370594
14499661337471
15212203850007
5977385855505
1047200097810
143053347311
13667658948411
10821612851147
7460929279547
6053654876109
18182241652131
17282075170717
11320480804062
20802103418773
598732634140
10917597840394
14839677709840
16827108056340
17611207213300
12821170304231
2651495653177
11339240782874
11020791808167
12904053911417
14677785897021
6287229267039
377697475010
4489351178960
13195308028005
16242594737178
3061027778722
17637332438821
11753299459911
11828871210122
4001600919252
11271431993520
19702942127890
17607160539762
19661327868700
4893257923205
13682347160533
12808111977400
17070785438944
16618174267347
12976053734024
52325833796
20451371776259
14052301502383
4202855617355
12185159609492
7121616395078
17900846934478
15454292396038
7366563520007
12793933392196
19220357140282
16652061834091
11919166284335
18704398473233
16501227747355
17604335747416
7641357575637
11346796209041
1475133513219
11755545874651
5354433967138
13619579411028
661089999175
14510508505971
3314128431628
7557891614703
1881712805930
4731086221142
17388954513079
5459946684844
4226687762479
3897224187331
5849835000628
10122597847280
4658670571912
3051889166960
9500306247573
13709492987449
14513528945499
8123154085812
2550678748055
17092100357223
9752294595369
8124944701376
12188365452860
11997897877923
2458347634997
7561632772239
15831361546756
15357379427753
7950400696279
19379646972747
20844841908776
2955528657575
7185821091061
19377069755529
6042814756337
8916266578721
15418306307885
8517666217018
20154052153024
5203688426072
10017508299304
6513531187694
6804710061313
11755484646070
5004859752548
234928053334
12133398262897
1494951997108
5353184101893
16225124092009
15246746744786
6652156217863
17582039676172
18596781390297
11184306220294
20650146805123
1286470441048
3563012866597
12208464559890
371143801791
17022611421140
13407505944070
1610816025069
91133690255
1073477383158
141140729599
10368237316375
16940181438285
9964472267199
21021136279769
7796779047691
10490463372964
9375964328111
421103567275
1313502731886
1398342214688
15615224549311
16744290359178
195054485210
9512357735466
9073801016425
4704390239018
14095728168851
16327022609944
17896266124369
14331674741261
4950069062909
5284444116133
2457290518789
16255701308599
7997354866012
17120800093396
15481331087047
11024921502202
6430295898850
9035705768114
16779607667136
8781644865323
9790543264159
2661442317072
20536006526723
11428765894715
6552190684418
18937148730945
13454956990944
14464598446278
2180533697328
1371279354693
18720740281675
15198653435029
8417388121319
2990305352249
6636735364090
14909573000955
4128207600918
4855853315633
12528333393413
13744816656821
678143405105
6007448544771
2142341905639
9186366411809
2376391386455
10568732191869
1965740197265
1556436014049
9638294430447
4751763040926
12639454099897
14073279164410
16687206380015
17351782747723
9230234713961
13764714893934
12655161475107
378895393239
9049940010210
1606884353623
19700229073423
10938738602335
3983711169113
19192723630251
13552045392076
9974560918895
13957906926479
20303146419664
4113436467180
5707759506747
4170962028486
9432852112451
2778367013864
13841095425911
5024078898219
19443744834359
12291934614551
6473270893719
13272738352699
11987141283361
1302346972525
19497246801112
15821149174123
19989100633368
12562927722083
20956006136094
8385495605427
8189602602933
3656295830953
7446037818946
13162926830086
14086371186310
7214021380503
15954721441106
14617033127413
19236952175303
4162983805594
8952521377814
6018323295656
9022185634505
2898468426997
12301564491489
9824888968311
10989351826045
12708926995173
6516595330291
15156335860429
11761710670995
3008636864161
14493705211420
8602651985887
3614435206482
19788519572434
18589628130050
12241847300379
1401109420803
17495941712009
11245758884877
12559759690865
7339318592081
20441247272939
11092734359090
8030836320413
9449786710011
13555156137017
20250554358312
14363171023572
8189329390093
1839800410742
170624866373
15627130431573
16013036473546
12896741592962
19341042904360
15294325265191
18934163221828
9519329040912
17961526118276
2749969029945
10484968435326
6937164775678
19399714968527
2195414987570
8981658404022
6717429651986
16189082183926
5114289063497
14091485449454
2218181209797
9125734875185
9577430911093
8463243146540
937157072487
12551269437321
10696923942933
14964645361024
6349388718634
1259257226282
12790542039894
12734125369643
2117350642192
8623315118427
9007518568344
2057313430823
2968626531688
8259488637450
511212181583
12195315774085
18049994649537
11306702012017
17003926441419
6806471336721
10395949318373
17146540105432
9763739754643
10043058780035
18178235426161
6722748290798
18684338604320
19656994794051
2389104698568
13768789139571
5170502058983
1998961795518
20871403481853
11036235561565
13668190760913
15005309786713
18358095067635
16748470425214
8389484366496
14608532974193
16873385748093
9783386258300
10447934117895
1842007458111
2433104147280
7622143708094
3430113102899
4902699248872
923510484817
20311999661629
16716687667723
16855563491628
20295054606541
13896445189801
2248341416557
20201217966844
10900992423739
16930640695498
17065056807391
868597592639
7639394756571
11826211318259
20932774167125
13780929397318
13156753139870
18265343356039
10377539074366
1444752557190
7992063596643
12208676078850
16827597429794
5288213784822
18683527625624
1104031841072
4496627123512
16742913412668
11467805224292
5330329871336
5697823548384
17435176555850
6341139935648
3578616541043
6664831637203
1736654157057
12202024434625
12935574206515
1320130930756
15959456884341
12546409860782
16326559656290
7201092953521
17185768215442
5232661553235
19050635419595
14279245414783
17464630987066
8426322116783
1379065196715
21038573094498
750076903773
15853349058357
11026094755557
11196704077418
1981876542571
6383640213551
13034513088746
19428536111743
5622218441324
14973301131960
18659673530081
11325120197515
11817114351282
16930818585820
2981868481929
13749926578936
11980238879104
21014372038918
566386730918
14545862833179
19343914778735
10896254874736
1653779863082
17572545328630
19424159382728
94896117372
2798508241141
4807458995462
13395412877032
2792894704778
11227168447318
6893808888607
20781686490444
2178972748699
19061807471754
1279350332857
1154243791018
17268302289229
20638616230446
7764627699796
2391621015157
20134682716351
7201879703665
19254147451127
7794994200592
13036780044731
6164452768262
20778713084126
18173878532848
6727051849932
5396510918317
7240285825188
9884851117170
19695232495928
13015460587889
5214161789823
10563363814973
6638520660222
8896619940756
6794895574767
911427362380
4220898839481
6955881301077
11051207774199
3890500029962
4808620181638
9900624546204
11664803196540
20691601332266
5413859265254
15088545318692
20587991951646
21004505466395
9791483570755
20647921730376
17643250626383
15421431698989
9213380911353
12950194845979
20309118876072
7837382636780
17117170265893
5765647902816
11191917369446
13633798725504
18386140053242
2805002159405
18823306713053
13746139948682
708848538812
2809152815278
15032065972943
12663521727072
5548542754749
16772186981969
18279809442475
20039236971816
15727261165905
12898202304261
922046176209
15837679385311
12894886009354
4126577379541
3341225036310
18888473585910
202493622364
4141453522961
16719338939282
4344490810310
190486320535
17043879460185
898153612792
20808407830888
16788048377113
10900864774840
2269058368009
18106598752457
9122359655021
12382871706645
15647974506991
13637617401019
19324011154040
1034687894453
12179141274063
9683420948702
2742617958626
18461666033557
18842951637691
5178190846405
18152538016861
6489623581596
19017336050082
16603828411506
20049043557700
19735327405539
20646723387088
4587788484324
4652031981966
18733602034575
588766211822
10718883367689
11248149391224
10425219929636
16364497250476
9944245238071
4075186710379
12919411296961
9247914607700
12492281597414
3801824456706
5351578210447
9552984640767
3022461945894
5881229682496
15520972449410
9410665092799
4545954836765
10387769954834
75589996215
5459315817430
4729406771245
4992025321357
14747782051292
2455244905232
20896539410133
15479829577285
6038062874878
11562722124519
19097151684775
2363186950377
3147687646387
13176345853858
5928623747907
12179552520020
9718686705508
14209333181146
19195225552885
3365929802172
5249447001741
11807078946696
19056084581116
978462138262
4290326496907
2493549522849
5254244026293
16246885218109
481387545780
7295329803497
16153358606761
8774510300116
4690650519237
10720344491316
7818153985807
20913986605903
16300225034224
7093748860942
13754359986213
10957337471562
3976099997717
9390833915419
7395329020150
4275108746736
7336192456999
14520607132629
13821246091008
2183555951464
18810484053645
14059557460190
6353702352212
2678092159615
3837285934207
3325860637880
3120847731880
17169316132882
11060238359239
9126773063673
6685010671939
3685623508639
1217464282732
19444914454420
6008373720856
10040757336076
17938853634692
215889798409
11433932903755
18963510886261
11465105202059
4219023619642
3190808446313
15105256851524
13277763515680
17948865728392
2270854496570
4810801193485
13031982107702
14458953782349
17224691220179
3342171088245
17720998972433
16916394560274
15950482415580
13116767240665
19690767673506
7182909231326
1646544240798
18591661865527
12615668971107
9497239189194
5697815656143
6648890116137
8683142763033
13377491622775
13087511134787
15465695148973
8812254544979
9966681465567
3658401903902
14407702995916
19415161366403
9047941006009
17445128828294
528301467084
4026568994561
6400730199484
1579944375035
7601872595935
16106870059421
12349330664231
5688018856544
20496371820836
9827595283597
13552833068174
15097623076874
17619206946369
8252159332750
10571455989968
10818045901234
8124218167923
19749110166324
16402604446015
6559215290957
5920136113951
4091000284181
7217304306157
1465944377273
15678762046714
976580690265
5212817329177
14305515781812
19053256515420
2397502911260
18130991579295
8381715156697
17722000377385
12303085467237
19133950197985
8566543528896
7084562331759
9016982931760
14760923864641
19427797147306
5379037406327
16479143021443
1567278300544
11184754339858
1295122386705
18933660694691
19761373323881
4332274457828
12216449940008
14101844104408
5060635027134
318186631053
2662135352447
7003328642524
6788118791172
4864848584372
19028549532475
2704093824651
13166282485675
9733536327250
13971332268212
17830971341894
18761240402447
9479197467599
15312226134938
20113985673325
20462094298463
7654748465333
11480198990014
12755236354807
12586431127803
17191754016853
239838232596
14856846636628
13967163436285
1425824132916
15590756559889
10935028950691
15854189951164
8077081899531
20356139936697
11489524642356
13864464255109
1546626466402
3875457606593
9914553094028
4523333888145
10862039282169
659175464523
18598022707498
7672216270347
17076398711275
11044515938060
20750829425441
6092131271837
3142156563478
20290711378231
10683357554704
14783353537879
18132737889784
5557817628135
20786210360206
12429231174182
1218849486944
12691781512944
96718010232
10872981326641
9841132911815
7740629801672
1206374723594
2516345054118
19573789008197
20201326608588
2089224833210
6018597316301
15887857650651
14069942686152
13022298137237
16342579255302
2725833962528
10839436692077
20301445486560
2179985730574
17015523447331
9083424339972
15144989615971
6150428331950
4640314139340
7118509086210
12887959789299
5012105763717
12115133866118
14332991089808
16496853620370
18481755850287
1186140659287
15479844010380
3675219322602
5353097612739
6457869844981
15171660000022
16719272972926
15601052991003
20562692712501
7661145368710
433598064114
4398161130652
18317816664773
13421729803944
4745803272217
7731659048724
8997252775842
3629483359381
15208680026425
8230905283081
7104165514891
3496352212438
8220086693828
10840392628595
10864478464608
3384234287180
19711141921784
2432925279645
5093883850416
6981937421115
16765412692230
20892515167827
17579656681776
5699615156520
20067883907164
4224164303911
7641416722136
11042017466157
1713117348562
4320420699955
16086610016477
10813204180984
12825354366900
11053869756601
11636572478142
5044806793398
3456708571522
25783113965
10777549527067
9186582446603
12356224556719
17259388310069
4882987174731
5747656849967
18249563994980
15115919316354
13231494491887
11604554601596
7875432601031
16207305757105
1533601179348
11603972531966
7155908222856
14586328838841
6152584837956
11083271428258
20885181153934
2452422480129
4992118907711
10645687270964
15529068934278
9017451890415
5640164135859
17503383039259
17313850118500
833570167551
5860914140111
1887015794767
12096522281072
15217253645147
9905415260882
4202084099886
8261250911331
6199375976943
9080250545809
9527367551845
11905196657542
11945046651607
338142493758
11497144837040
835812351462
9570002285851
17120520428762
7624564705206
6301201832611
6091545331941
10059266969019
19737442095110
19425432064158
13694886733484
12557619946651
12705932156742
20302564610150
13130721692944
10110982146496
18374161853797
7691859710926
20556266491211
9305028405771
3217309979469
10410982075748
1060383584834
9516220684345
2460693484590
8691120011429
10991208634950
2840884434671
9507953043388
17833603400436
11785913314873
8240487036557
4339434994932
18046424453427
18859595361174
9554856376145
942981946219
14513936699638
18104303935877
13936032439094
12954091808719
6619802383614
12139370077462
20804734714544
18349446832998
19295834341466
18146158623131
19114243262636
15067371906714
1844822217022
12775463714346
14847220794096
8921864128076
15038404408501
19136713665491
19037080224831
20696458358064
6969898224075
15571928300095
2889765868257
19831827456956
9406613857960
20822378441209
13503284579366
2810099184087
17364332239595
7669955956179
13493383576329
6107266390873
17745154657574
12415924512068
18949900582610
12934484357552
9814166877582
14776639487149
18216158999769
7793747356371
17996539264914
15389294114828
13623232522986
359703037858
8970151785042
14487849081246
15222471943426
16111467372499
14020982627768
741342400484
12284713411789
9810830816722
7192597071685
3037156505269
1079741531914
16497037508565
20160062334085
4366961406725
8604045949316
16500009914230
1151878214103
4356851732216
4753961686659
19711880425677
8254921729074
4918551358914
531643706925
17396388377272
18385697788587
10463674577888
12722346769072
8137283673865
4431959808372
10345221066500
3558143799224
609043401672
12590734862844
15724476442898
12096186384596
20993334935931
6039596286731
4795592115433
9040939873146
20663595468623
5253718444556
11361142662524
10075383067575
18288098641299
339448011585
4863247638173
17358087077915
16268851581644
11366696967382
10487778968213
18100799146175
14320239765662
17128347807744
8440379993476
12938305459025
7249685460690
10193551735404
1656495034114
2278812553371
14278755096868
8255993929115
18962105998110
2816848221777
14957059819932
17663481650256
19233895340066
11101860497088
6293238019228
12949999121496
18345923250081
9220009858574
17569163137247
19307078371941
14790303318445
1578340984856
3615197313919
2487930063265
6697830755282
10284953386945
20066157133013
4316925259347
709810405022
298187070972
8561661503179
16529216841145
17670349430041
4907979347657
914174898808
20365286546411
3215009858324
9037718037016
19355048696359
4225049407442
11240569777819
15626652266968
2412335795094
4249889681941
1418255019314
3343351868935
7136117438656
13785473680557
20494044201097
14210380050950
8151877975822
1996639375550
3839492084637
20285077692478
16647218583966
15845638033954
15255153901840
10293369660
5881089412752
15532882857908
14938224410958
3707670646045
4128476259626
6824689276067
17323379121392
3503996502684
1151588854789
3454746220384
16966738992862
2702988549796
4995495684775
5573276374
3026556634647
19382361941024
20987233664042
1758485149709
19089172818103
9906899689165
19900769471238
3877691659256
96445046490
2004837719801
19335415555793
5617265698765
6110276202162
4445971695256
20397479599526
5979846754607
20643647159990
4974586587845
13052244820506
13505764622229
9936555921703
9521885569149
11587704708063
18908495595448
14217599010457
9568222691996
3164053582114
7895138177405
16760857640886
18624403662781
4876217943681
3614588973217
10754253357244
14260548562478
4920737777039
15070303234489
9888563121932
18962065761906
16574898369164
15324035072721
14065193684308
6469542899286
1371188465585
3618788116095
11583308766689
5797431849050
18607549237342
7251370045853
468167059262
5533379637095
19761652035404
14239172875649
18155931044716
3276248758700
2133434821791
17165764371509
13406642491884
19031750151690
15767730619203
16751920714649
13950792728474
5476813316396
11582532891862
3594743960661
680340691885
12063439984948
17502750429521
8164593376083
9632137994725
20223660393077
14773354027549
19619129370434
14583554648402
18646854563912
5872707831782
5783581600867
3439162129439
7421793876828
7883524146008
551358864963
12473634393334
1159955308337
13109483055520
13972755622082
470830116537
5239669341448
18452163581843
2613773326260
4817463874370
6983816946201
9888329027419
8447102660355
6304192595944
6568232766830
20661169159625
11265067167489
10448538893593
143223032685
7994294885688
17014692984114
1751256300775
19085889335099
16697570228288
17079641827683
8030858399296
989817893537
5232548924922
20849221822155
16688387875969
2616280724386
1290448087554
1081400515508
17758592080284
20059678514126
2626685659549
19691865884014
11792792715913
1334632131831
16103415656898
9085614637382
15505485179560
4646109417426
10074111617501
16694111736092
8718903383996
18594329363870
8243741385757
15850374691109
2573270351515
20431301663071
11497899933705
14846977676910
5112768474561
4904990861826
9798019818984
9912472413044
15640328592337
15814707769441
11993272962739
11090144535830
14960554149336
1212538368761
5485555247429
7429649195325
1302177902942
11241862478057
1811431519283
801865254011
8087033981552
1789137610044
15233297264567
3507566581156
7749091664225
20836316271294
11828407289616
8997441092270
17079306012549
15983679401081
2815273334619
14446659678427
5887604967492
500806583470
2718622228766
3088601849153
286909737012
4410981587973
13786907472133
12489053004583
9644073268422
17094210145567
2327731073192
10082219187028
18122712067149
16573861298288
3519666690711
5329518627641
14690913133618
17233985740172
8193788429933
18441451479691
16456414804720
781648812801
5210045981629
3122866247608
11829169153531
4203624268194
6898831612580
5633466573831
4296828075757
19087406365480
18419180844508
18917003265752
19086760575414
18479852313787
7464911394991
557413472575
17881366888741
5989242738631
6662499972076
15093595606733
14478900761504
10013914353104
753602113911
20061668819407
3951586888166
5950201897325
16856120499393
10284221476413
4152450714091
390012248968
8913588282811
9928733844034
6329859170430
4581880922613
20367877930651
1478412682746
17999082506260
8959416329252
3447532501941
17543201719641
511228207194
404860459621
11240311805370
13431279759362
3696625385969
12773287619854
8793885741766
1230926861116
12191645396771
12496204203648
13387304412101
8562630089462
14025713828991
18095425120048
8849804865903
66492053030
5725696738606
13848457375273
20987239373861
1125369637866
15961685577722
11195144426859
8991178452539
11485715247349
2727914388065
7915647715656
14556373051135
6607998059311
10553369082295
17875234862040
12683050724993
15030049478173
1968963760421
15731726274984
9078692065385
13144576977747
12983758859366
1164620312059
13280818307647
11732848219783
18166754220556
1475685629183
15751918440444
6257590997294
2924705071214
4007242934830
5318350380315
20377575805290
7344968738122
9751698391852
4887834350609
18963318587341
7464085743748
7480646458507
17250225635020
16569764551297
20379732451877
16171236318282
19258111421426
12155837729391
12082052023584
5561867445324
13346744949989
11875357227348
17566064315318
6470199079102
2801004073696
1098479819119
19921587523005
5743917179568
14631516753805
16774578955268
2781087397653
5615388693753
20794341163647
3850058301974
18431483582092
5685203368989
13940660857987
8106853126989
3079602308823
4326855835149
2690531381747
19416167828171
302087765553
10439658412886
18485397277651
7546865051419
19885261528667
8292855340757
6046891898542
18551540863963
3577000403876
1753785663169
16042734494212
3270886748948
9735038119755
18398452588593
2626765979549
19999443545555
1140121638039
2614107502226
2408887183857
9377945355700
3859607523430
3952792100543
5232470142101
9761929790210
9411133360440
16795979883730
18320252949643
1399911356163
15556777554132
11526559738225
10572607436468
11531893665331
4915567464618
7657840098701
12014177997937
3225381160612
14315167298683
20663079745808
3763163792723
2275225954051
2297684408420
18467886394499
18770476664000
12283115478206
19829178148169
6800840569639
15438234661203
14641064742210
9192767226421
13992598696236
13884291274453
20279894971287
14082900804104
9962666828557
14238821442074
1562130086112
18933899695508
8926360954935
6252943963703
13618722248318
19236347718850
826446993170
14400635686634
5303952464759
7205665670146
4160992845994
12543536349936
14372458849612
13677188298442
17850365331896
17751862723962
1361728025529
10046955866817
13219251561670
20985538717687
11921361348864
4037909637231
9459365991805
20475134302107
17559356166284
11621754128431
6648132367717
16136934646646
13221582779848
4565319493671
7094500613878
5606253544209
10442398401293
3490724952412
18838141587342
13835774110237
716104872945
1867902555235
10815154543938
12480620574563
2746291655307
17781168308271
3150536097209
15957676086624
11265047600589
6124245997686
16346610876952
13484188321404
3738528216449
18198943441240
19754260841564
8690335348790
8132088246966
17479723783526
13847323903953
1783384494349
4689131500524
931976739473
11784161274364
16519164108120
17832867965159
534622090452
19077579991933
20747437855770
19390840399523
3812486838934
15444636414814
7644701300713
15764993577331
11509875700096
15886151400967
19936699198702
383224425972
16566265603649
19036132601339
19967032469481
12213500855648
3633610773193
7030774137784
5323925790868
2955561064753
12062144191240
4664994905888
7208609289647
775289160900
13980783012181
13779550031984
6113069389006
13788753579182
11060201407108
14068238890889
21014328529985
8380407231179
16919562800643
9239727748621
17133503194077
1487021331697
15792065304173
16828917320074
11699284879649
13510680924085
487342778046
14811257689476
2966208905994
5921764224971
7182468435324
12990372579134
5989905607111
17429620775730
1357574156370
19959866764393
17278227399383
11436360776894
1703011627963
12869964430394
4724478915069
10670329855542
4722166961238
2440238514159
6696620875882
19927549575456
3795476907135
435631532609
14371613010556
62254964124
12797332999918
4235372942031
12101961793686
17617491277245
2143604565573
7829855231666
3826716321038
20861307963526
7596584735522
6601738862521
4351352290596
1999615015151
4742838570633
12698247271660
4988252021705
7663420683181
19036903139032
11568975357349
16794971264157
7514081455763
3005672459481
13046402736520
17432090499238
20764031527455
5693293606353
10081841526045
14655148189305
4703550886095
13677413666226
17359227733252
11690725701522
989720524829
18821106579629
14906709528565
19563143959148
14690025122783
7589563791296
12712814344347
13769543651992
14318409496741
14868036900457
9220604760842
13394119321254
8568633784298
3678706365002
9035366594816
4243967578126
14176211060857
19557693334557
5977000606287
19532929182578
12951083947854
5546324510469
7869987504546
8823820055010
2967810426908
3447143266841
13478225205050
6037438214387
10374083139138
3593007277642
10831614646677
19322754689904
6617459860165
8437928003649
10785856899966
12583967462120
16396701278702
15999246366466
20366119297018
8311653655958
3052815497251
18250166157309
17753245878138
645998193605
16337922853132
2405972303405
14176312340138
1729270718862
11737504680192
16021076065462
13839741332413
4011102397964
20008750795278
13995520194460
13178089593222
315646571441
3185711116714
1652601667972
4341046134156
10230617948170
13732062636611
2725744243434
2820933245862
11478667834450
14198740030022
17050856630031
1194722835099
13687447165358
16669733644185
14043979080056
9815559938669
12587582870929
524356661164
20052606204087
7910428715326
1715518718805
10351177044552
8165848210306
18860543364151
16576411163837
15250626132766
1271712693994
9614996186581
19946007811049
2539132555368
228949988647
3932622917237
5696066135162
6182997190740
3474358728941
8298525363881
18570443018392
7931492410486
15116312276166
19148775459009
7547982941853
5927138429520
7595995698746
6376124889169
8045891988681
14480808256666
11133284206978
1773459177992
13736340869607
18061684087085
5925109395145
12139202203203
15036170794737
16628202484642
7125481511316
41998850862
20588113030643
5343792244162
3238135180637
7511046263424
13815077167045
5267142490674
2083997345557
17144791915620
4410148851751
20841790595663
10692605371819
3704558547063
9633928830125
4442208441685
1157691469261
9069470536173
5513922523461
9721903168992
855776004687
1201115364452
6234462264367
2681267017280
7172578694468
17875492021472
20868453882391
14622571805881
14469542569833
1903280455554
15205613572266
8235714272434
4226945688244
17227219014327
4329701299241
5129232647316
18913694167960
5299399272513
20213641944608
12417526074264
3618363459657
10146591139852
6102641697775
4694251169439
8451936473715
8110258244837
20702216373065
8444976939006
8136166743673
9206016719915
18956024690354
5453755673234
159727598073
17500985937954
6792303397897
7657691550303
16046340183668
19858559080125
9647566635157
1788138403159
9076095002896
16229383454920
3307790594081
2643386998154
16843295130639
3930587829405
20136246522043
1820551136598
16755489808462
10674371581315
562548240750
15441959962882
17849120649331
9053947326899
13879456799080
1310687529122
11367564191179
12007089882469
12931146797070
1681321649875
3454461781515
7809135618984
14230000781166
8157526475360
1213459098323
957456665057
8631995959135
10882091471164
10068222490512
11000473167038
1593195103275
8400311204370
1419558853678
10387439371407
1892031201541
20933274928443
4697824149612
6101950075991
16491991646688
18871306141639
7374628481691
12797052903588
3697322854888
16737208362971
6978327759671
4964161089889
11651215365882
6242867723372
8593619087002
819682852329
5875307568987
7511503156447
13729021711699
631282777192
3963642741676
18975433490496
15833641265718
14340205715220
2227638719042
5844140602417
2962734695554
5250805705422
1350231913327
2808249927942
11286443795998
9657403922738
17433306101671
12639977870009
6030505170533
7531293667172
4106687576275
10669443234352
17268055851808
6723738707961
11157420033763
12698981323923
2702415909451
1977301694155
16973517237319
12591288797354
19419074145322
13278759220720
294653120438
9739630967448
11468116912232
19066381116198
772713260486
9550924728919
5672516788012
686486785355
15231914767106
18451696372537
12855544272747
1224887980468
1237983893013
18595578312142
147901175765
16907023767987
2211553696759
2834918727161
1295547119427
3706787702125
1352710065985
4571304295745
12886608719983
18163513320712
16788243641742
20651651131448
3736386819790
18690855429619
46754186606
15436783663288
3410064172071
4378122688331
14719391050197
1022108490631
15593156369853
16125732376763
7284720225311
14679714624315
16363789119646
15736720206650
20798421046733
15899716031636
11879605851338
15496209483914
20600073390458
17401593631041
3353069543619
1695346949753
19332593615406
10648717550787
4598811268531
19818490328168
7734767563846
16711443349305
6922892609053
3698065594522
4973146738164
11975088712625
20856824044431
9225553475139
18190065004093
283641658754
8160949556799
18536816122308
13659133302588
9646154126166
12498239957611
5285101732555
8352522106171
9847805625783
18611975280244
16594736003677
1491140107561
14994077758989
18817045317310
1836202045226
20536768928464
18758918105524
14574538894094
13599625004839
8993545151831
13637577309799
4794177430663
8005078474434
17960780163160
7453916170214
19435703284956
10848870299815
9989966947589
18688116141978
266461346813
19790521712489
17549650858059
14231562632859
9553995740589
17570876741574
12438279123415
18445565121825
11965709525987
11100322024416
20743048670635
12528122708620
6619896767245
7955603756742
10865809404616
9598578394977
20388051556724
20910147839209
4188802527850
19721293023523
20698905423627
20879001752342
3198443761314
3244925380773
19662592382641
14863067836129
10210390613586
12758680847430
21016762879100
19013232426110
5984650363124
4458085828955
14047555988520
5571776435188
4796859338844
9350918014679
16966318976836
19277446363280
1762534273506
10609162855102
3219272017387
21027317252930
9775568906566
6343514889916
10855316199646
309928432440
13934086328969
2743464675407
11955209128541
7457895436720
5034658553185
2908146690454
6567221820952
18584693692727
12982749644711
9954393921730
2509699372204
14852389301566
5143615361
15862427794571
733555110495
6601681915444
19218330560579
18353944569273
2182340734665
2739284518215
3671412061865
15877921454484
3536878240862
2981530871409
6077637513481
5313236038020
6410629156874
20824987530257
8963994679238
13481296902589
10889992966834
5793596395610
13914144071410
4383236524427
925740578422
15210615101487
11576204344258
1017491392888
14613439593145
3989632349871
10732596712756
10792042615238
1857495173410
6569380927370
8652969962619
2889796602194
15677905066436
20609688854449
7054162485482
20096987742104
1792301291171
7894890372648
11202984065853
18310266356493
5804670351692
16717967895553
3324303970977
17046765539412
12929505714705
18764884215579
6713372154047
10327048204939
13755182771892
13815619617145
1220685634438
4158311077351
5334743020688
12357369801877
17204950482462
15169609227422
15606271551996
15034511220316
18596529747909
15749855339416
11293314101507
1266661562250
16590999033038
1808519082810
13658452225441
4980054277730
18003469145764
18425751458631
10187535983025
4389903958002
13916961940333
17276710937717
5236655309104
14374275843791
9694449810046
10938187648322
2418785072072
7199400362458
9242616994321
3336623825169
10857836622719
9057107952391
6806086636160
18044911873662
10852087831172
17400462748339
6262583931658
18902219907700
4171878390325
10829559552957
5557543339325
4373184353336
6645335497764
5534454965754
5391986000292
5814149524834
5836929049343
1661792653769
13950623448516
18965698263704
9779182465110
20047870273494
20414671480004
18951596202462
5146009413679
13349567202278
7073593322209
7175532007789
21002171160
18879825939505
393015697948
12982477119749
4803328465062
12981657305232
17951535335610
10993716961371
17370011639175
18724679089725
5460796585620
13741714560986
3155117336930
473421424379
17178915421406
1433071860998
18504186308021
8289589127025
13270832571009
20770535439272
3515385054526
12842042071831
18694272806948
1161131399262
6986509277533
5303592863737
963797131110
19472747679658
20491075778076
18526765288451
10035387740471
17444253332338
4675875576195
20504937189544
1625730842361
20550572036877
2251538348843
4899825550560
20546966207817
20816628117098
17248584280068
18869374185023
3172969037070
7048419965418
19202080024475
5904415558636
7287254365467
18263323009703
10579360338226
3559368212046
5705440184227
1617130928914
11948771888068
14718562296304
15371500908930
7563556872071
15917583449672
55106210523
15011727882420
5800958534448
3782388299876
8767732640589
12451276879678
2701435201139
19853771307879
3121983635302
17578052586764
3909749040669
7675923789704
12249003289646
6562124636811
1663755085349
12562093518191
14451549208337
775597236729
6226187820400
13440764662419
19629745905916
9482202538927
5648977300249
4497619922469
5016068618497
3196916558450
8206754285583
13806718194621
5184199944067
12840626456390
20475722515135
12130212192895
8890457773031
15311996995966
15741611326108
11383705158492
10224404090812
10419763778522
7271882371869
291731095962
17245545810645
825315973681
1425169981099
17832538944118
2375429094298
4203080791093
557728625483
9808656522546
8059891155735
8190995439344
18002131661589
17367615313273
12246601377163
4267627241082
18429976997059
4550795158244
17922996167035
5458182579531
19646211499379
5647624783782
683625273099
18849023669538
14112950496427
18415353542009
20360208704551
19849227799844
14473605802239
3587515024964
6952460372841
2228435771481
12871233816546
2771834655935
17284982840910
20358566472978
4140367752332
13319768186473
7658739661023
941366920152
17718073350344
8106763303012
14719173048924
14277477843154
5924456655031
8548512104156
13288781077711
12322527734740
3562004664069
8958870694147
12851578319311
7192711463701
3121393399492
13944942959246
17778006588737
18236717942421
1980349435933
6021162182724
3629477177091
8086385122499
15901830589386
1643092843934
15806140655816
16059015974556
10226246487695
9392068652003
13374718915216
5427117406350
10139119007989
20738393789062
12164318390380
4131121238004
11969638983503
10419111289367
15424813600943
11498516176585
332801472144
7520272510654
2010629908627
7630848484256
10780726388572
8758425639227
13992732586078
5242228700508
14486588109534
4029899160813
12525937554222
4600107038398
7252849292155
17197878961996
16653796526651
1846762081684
17565285125391
7223418012603
3849764913002
20834455105752
7891339731038
16266089114265
13729540851572
4870319665924
2263659355
12028775936937
16842591276270
13856209479600
10840370795145
10043936860482
14127072167749
7661021776544
8591767205990
15991426688613
17680313767216
15660315555702
18186130011690
1482843768059
7596954241496
5246548520140
17396328870759
13019361689790
20351839625617
4939605996436
917470531522
16244035196625
5029557938786
2625788738886
19849274166618
9127866375562
14912530666623
5565475561390
13446974644967
19338626203473
4254504640598
5050204556825
19173675077794
15590762351080
14737693778107
18857171755040
20431163358743
13966592490640
18728589600694
6718186065086
18783384982285
17993756385417
20613030658222
7306918750379
3709053752684
11731957097249
1445018610894
3958880705627
11489664545932
6240542925229
6203746847804
13020315873460
14662477317375
13382271547830
15486812133083
17383916731135
8710933468453
17420170807565
13582629735229
803431480440
10985015131196
7546473776691
18123084634871
6651107096968
12917063144701
7726886063512
13693708001709
2514631008818
6244394908336
13545553273703
3899059056323
15097129132060
16851261969063
8309416366888
5915357168973
15675124729387
14453064465208
15084261354418
16580472187033
10984233341897
3237904894787
8825521102551
8472348179532
804207681936
17979412800144
16992978823085
8795070316939
10112536420719
16533048137032
6697593058087
11426945329220
18165506474195
20215020500588
13244755133253
8456519389965
2864689600819
6828320382115
2259974965348
1343824435517
4178397781491
17793811924771
8910748167075
5060700133131
4286651973001
15632202177553
15891213888252
3765876684594
1435693751671
10714861283169
21004284438737
12641223191902
10378395664555
16826473132214
6159642515849
13562250759717
2710589806241
17986526190227
13695040772577
16302681055361
6910973762972
11898326706898
2772963128877
12399781946691
10408850581426
20652889968673
14955606918761
15830316520171
13975464201461
10640278713808
14843091914511
13102874688053
16442163183970
7805373198300
5690292389370
12217825206925
19977584200247
469752858739
11448723245927
3807224829099
14056901743064
5908734077907
7281508348520
11501405238059
19338773869145
5627743314710
3255271672601
10445001157337
12983816541324
17010164923917
7707013411
3965485381791
16472219485294
8023221706827
9913626559215
19461119833474
10470189535543
21000234302036
16415795432597
11013668642587
2193561355153
1243377939815
10018144356855
20221000941367
13103324325908
9890337166764
9010316057272
4042249675190
18512141816418
14293296092967
680385683703
7564813668941
4516534119845
1531690145581
17304306997299
9081447039782
9803340631616
15175114814784
16725983070173
1740473045875
8710415391764
12666756533898
19172509250667
16817867836288
16303943001880
9928707051937
2261809638734
19048335465312
4061130596516
18125639187946
6158911756479
6708009559107
10676348372758
3488034844018
8744583678547
18175880379945
19644225327690
2565938100822
7331560514737
18683419476344
12903393258371
8297813864404
7719122833540
14786819549128
20991948970222
9652896691682
7119745478023
2548976523341
8511007870661
2258338196362
19375817694640
13091127541111
980015237065
7979403309036
19977517798246
18595351686892
13389916256080
3131835476859
18081555174139
12511118123892
10292389727273
5570865451545
18086144463783
19025789783497
20094763002086
19523875990456
1511219689226
20848521419598
11942222091441
12984102457238
4983846010505
13725467313645
14541832364606
19931993732939
14406940908713
16989094068132
8266187197289
19343062872690
9412335133121
1487218467996
6158075674132
2008489687246
18268892831069
7907077482189
8703837927024
9066568021836
18094163205318
6390963472914
3396595036488
1291104257156
14103330084282
15473609154177
16906864724308
12801375410617
6806824714798
9548801263251
14759936855777
7523222240576
580229806323
4853198329183
16874301063063
10261596638790
19351782236304
8768864042802
17749348599236
7422552389634
5856264248233
12663033984820
8562571210960
5813043178304
5454105200551
1822361300969
10286680947498
4168657716377
20520659217720
252502718739
11143903210381
5876210591882
5822416040210
19668989718623
15717291168750
20655276890035
5455632622641
1763029665593
4477230687867
6761048409220
15523245539049
17640799779473
4552167439976
9364951709751
10428620221782
19817877872295
20363732699803
13415846314243
5756084266444
13262148977913
20090415109810
11801961430996
7377419163837
5492122857849
1794047620199
20762341740686
5825109911962
5812820664362
19996601483126
9240944997138
17821869497430
1592405964529
9683804675902
19674707095395
16567255194765
8674680677165
5685100360513
833452324439
19981655335989
18706026581191
459357248210
1113849226277
20740464550663
19507328336318
18607337937723
9623729296359
4909305273226
20232722817068
19709953130858
7295140140520
8034825377822
11940824814779
21029581848061
21033861902478
12942192403923
19268381562758
20788604720678
1171829249293
16383882187335
3872353119227
15092735814783
7896025196144
16752824176949
6813477070851
19481338600023
16523727606558
1695685217835
2066800064012
5713579219301
15057494689570
8232938778657
1462916162703
8808043728804
903128258514
4947132739224
16161771791555
11010948385188
18301724806609
8246074146021
18688824944927
12602612483543
1621779240382
15014367585041
7800427672657
7656812831355
9503102505191
3648782335976
12287582734770
12615486293514
19963350993199
20830607506420
9707243540844
5943863547137
6810281814712
147302687382
3839937871102
15027319060992
19227914226857
11233803260067
388500905752
10767868515231
16667348694579
12808031885673
9382031175538
4702872382301
11814578672220
11711865847683
1573777989013
19312127847693
4951529398162
90135110997
18435518451211
5537056148012
15903387764986
3807323381935
5793673359295
8732806439916
20250918537323
4819499665191
478282626814
20825440005058
12737221556306
9078837016209
17362935891963
8462396238186
12876935652943
13836510355646
8113609753454
14526001269091
10713085713047
320946791611
14462065615221
15066620870052
2767898686782
15402445271826
18356212147845
9084217579703
6612784071644
7131497427712
8823930499445
12394472063313
2777081594889
20015509383162
20561283026260
13819900958883
18612534728323
2329796488440
4332403610694
18514477823771
11084738351276
8725946896243
3727323627658
3593110800410
9791412568172
8591042616964
6053219859578
9561042260246
682322066429
18923368562938
12760104120645
5691992193782
15115342349151
19954018725071
14633506973999
12868299337141
15046225577717
10507938854116
7729403225994
5196205751576
20096006008912
19390911554065
19921378621508
4502188691552
16961134512137
9570958426281
19683986036629
3550708138588
20991988352436
6194521948586
2915609174567
16068775841063
12755068125267
1225201996643
12039598257324
6297890449405
11178879745147
13282399921167
3076594702191
9600998006524
17374422987960
5003517322214
7851120970255
14331030869596
13215783898041
18962912150782
5742310077091
4035601653551
510844286394
682619394129
20547495010104
12903725111788
8471774762391
8747258483245
2371797236610
16762309994092
9740544061330
9470660302015
16443296939379
14235903612024
10204752264864
905038442938
3240677625702
19951373108236
876965507297
14192866431083
4371939944591
13392376012031
18148297053829
6209287717282
12404431204629
7879323482610
19069347338071
5411576041731
20600499950647
10822295467708
10168156446415
1083703691202
13088346662428
1405465641240
10034755916458
21004885850723
13851006341031
8368420260634
2466832758111
15532330189451
8327602561210
1327770122769
18543708160981
19713369601100
10329894017147
11453408443439
8235836923437
12962769740051
11683185450098
12782813833262
12836066039233
9883402639212
840920348964
9379420487096
6467717727716
15573585786332
8133428949827
925194763667
17200957900739
5231102035752
16511213838609
20113210951890
7946659146622
15066633187939
7032204439931
692112363412
13801632944563
500746510043
15792787165136
12250894613751
5765430473742
8758567853362
9621363317408
13011070630118
4823014650743
19833262790598
3756644994312
19183802870327
15616295342770
19263642737215
14255915615435
8139146135976
1877396899083
13542753011278
9908289437495
20687512482451
4437662344430
10352083800214
16547157986026
11904445718598
11552661751726
6365419078203
417541626800
19672797966936
17290456739868
8179181476755
20300250335738
5244870833545
4901701045544
1877392258710
15886935645058
622787744568
14692832919441
19183832661743
19261454302977
5127967309710
10797870302556
17327915825968
3897999094110
15364663794224
6350379841259
7604110405319
3155740994512
9917329090216
8135708982768
12754192395708
8965782383947
13237817412451
13292878028469
15716424992773
14457948974822
4726637753666
19755584732231
5563758994576
4858248960873
17149408162116
1921600491342
7006082836924
7164834573265
6465263519209
15343271972739
20952975810347
15421952994783
4507273818104
7916482048262
12754355513045
9161803654530
18031446076455
6979365473829
13313051708309
15558940390951
9861261132677
11979340924291
3708773389520
3343524317901
11620658277670
6500304142980
393835025917
14394399542739
13714509158998
17690827767341
19609971938863
5114828439114
14320261149293
5040846138956
11357452005590
19218925431012
19769306064615
5532454771858
20554141529989
15344666428938
10991511412616
18724864077747
8946885055474
3980526519928
5241491960436
11431644082675
16150233532653
15782785330774
16684469538680
409249199832
5518418977261
307692711955
12497116145247
10047077666422
830897569180
4406093864423
17540554057931
10850989547882
20394095656785
16844069104935
18123170553565
6307352629843
8974699022569
11773047442385
2968433485661
8481464377416
7120996299518
5671653948357
11379918508777
5139196145443
20206071299614
12705755420264
13893902395163
13432762206019
15576324006672
10061601045199
11161819128351
13148951944962
14038541172153
19230918514046
6882967301294
4383651103201
11516553058079
11237251589807
1840362062338
16846806911065
5473391414332
20541103091568
634051857639
14161635219678
1910514339850
6252662169179
12707009692149
11211300400154
12614479465842
5896100223827
1671251894687
13564372328442
19902289390614
3504804010484
5278251740307
2069204104906
19092212137700
6041427320235
547020824256
17345433394670
14686583377152
6618127612738
3996357510760
18974075633936
13291920423335
6757769153930
833659967895
16937149611835
3042540021770
1865588506920
11011589625643
8409870099187
12219164214133
9738882779712
5062568281738
12311533963973
20710693267215
11378029055917
11344965119840
8800294754762
3491612808940
15731939654758
10946064185054
17746994286541
15244817921662
5433885989450
10021259887054
19279278397518
17418891579234
15961044776381
3045025600751
19251270844411
16683903272426
15540607766994
15224645530683
6541975983789
20712582276780
1287479413283
13944592421599
17969680041177
8367532866519
14451423688478
395976021913
18236628886060
5115916452582
18308724797991
11124560031049
19406954186278
11903073328170
15079543579696
19820133834344
57412844264
13930676184209
10351542173045
3941951369853
16169645279885
9134008644288
20732821404643
11403246768853
604335817932
20120502135289
14726081467250
3340410780525
19652408955538
17380795382119
6205426800877
15575689770043
16183079557380
17720756182680
8583328451761
5781211394145
20330470197468
2998347840164
2547347426979
11559249928362
3781043558541
10197187403631
12782316965986
15927340776292
17114227709700
6570407556136
7331007681324
5971114152740
20379241763040
18756856520278
18892689514965
5798206539481
952798666521
16211654851039
19344155948702
20741533074669
13561893349821
1677431654228
7530617733506
16588018241497
20164224183929
2948069850552
20523793435531
10390526155281
1549040666519
2720731375694
11385876234850
10026352601292
16459130661436
448072497930
5016491978736
3464032197380
858195507908
13379151505684
20670043180354
3458930198942
4079547075791
3281846249338
2742777687759
4561997560679
13149465420919
2694545373594
20892097400876
4661305072464
14991949556795
13890280504984
13589236841864
10698031051300
9449194362006
6094190623089
4813393027859
10337992312950
12165549454497
14740940870393
3803600742349
17553774647117
14277925588443
5915153730983
5310988807653
15727330830280
14766133115771
17009799190412
1844010658992
3224295868722
11456258708242
17077584789741
6963430224579
1938835277241
16380859995200
5585697873128
5932365749391
18025003241943
3036964272837
12633181709455
11699961735664
2426634481584
2252036758138
7307398985699
16362244791702
3066647948077
7064819025583
9122038458833
3573909660643
10025689304914
5873446002833
16953658170743
17844606149876
15455886871745
20764383719525
13051725772703
5518998943496
13107765727614
14317854645721
7384416535993
6821178771657
665736921566
14383924669064
8263249284726
8986774873801
2752001825177
2284024989426
5023779991743
15639227029188
6795192804838
17052562450119
8005420179263
15786284891633
15597382040382
14369424722604
10983888364176
2973872640415
14000588627643
18267165394192
9626931452626
20954291756825
12184404328964
2834814262098
19147405658522
13147614898461
8397455163621
17481096290504
11034139817607
260346777391
12387842566781
16194383386056
17440603401388
1054885331498
7551010045152
12178588185698
2818780679541
6876247747874
522748320591
2655238561834
2143895312169
17424695114314
15161752808665
13432232201821
16936962075051
14218746809276
382910818638
11527492971544
8942721662436
10015967207610
9375492488277
3919411892982
3204868789576
7682536009183
16759099194467
3443102743087
7942271685794
10344954816973
10360467143503
11923550290732
9362831268362
6298502751374
17450963089662
13739360527411
9420500208829
19543085473171
2791680419574
20474954198522
2357088806645
6283537275231
986990993324
19576621110106
2897097131402
12473289369687
5048852770757
10005319736783
13676843014483
15907324640723
2164501840169
2559328531731
15407902538348
20393290863315
7549921014448
10576439702665
13984264691039
18900473812682
8502611967130
8293213575544
7363387311198
17538723591542
12235469659193
16572193997215
12532024941930
3507540565766
18094485588323
6329161110508
149464220629
18311461664054
282065126207
6388564207738
5966841405089
3264335336725
3559967819471
13017223615030
2297134597617
17635703946908
15234929186850
16343853665344
19268350777576
10733946036739
7913715993559
5433639570250
20719976448044
20315037230687
17442065236024
17775379231329
17855797456369
15018927597286
1585192468949
13530348216992
5460813160943
3822716864431
19345305559603
5285600049876
9409045671269
12464994388822
18272626107613
8578104403510
17425476552893
10569278357137
14053488571864
11670391448711
10435520936210
7611023121917
6910402501479
19152035297754
3805260403250
14180587062141
9916483137194
18967439744853
17997115704162
14938874343223
14381533317769
4296641987822
17535802391305
3031268560117
3637477881653
19487650061944
20639823785184
7286953789929
6570343966249
7310739194437
12222031744207
10630962343757
1044501493174
1956606842091
6206909581523
6263022946802
82545247588
2363646393138
189070056022
4814987582668
8164758816302
4856160774950
55038964270
3224325628643
15052797111557
8456788202112
12724374873568
18375499381051
10493002873114
736525136816
12685863896638
13383543803573
7114590104723
9855147406368
9736498634058
3130732235077
20582547046119
6148867275131
14126064269133
5580976204174
8844545318046
11666829574757
15364731056379
962301599195
19801813385805
20927791715584
8890190467602
1244406040976
9784685300132
6623901421322
17282872853974
1298433429827
1319896105603
20893068712398
8304763176864
5139708069782
15760645662063
12028505251270
19423616108639
3279928936821
1967832165637
13870598393542
13965707673028
18804868929019
11404814860479
8559298697641
3146822852049
9782975824652
20759348006824
19424120530261
11759111930171
10910448465909
14576724299837
10588059617698
20544484674801
8200360767740
11533924001545
5271104803448
6111331177906
18052821992759
5254612016954
8475110098259
6788622551599
13249814648776
12948819740384
17064061388655
8742655073313
16219024327021
2758086172473
17874005741913
3121599829712
8464044506143
2092822075450
8877960668102
16257373887377
6067887047757
3716227254863
6050310154621
17800646793996
5742990278165
7098759110475
11455410457996
20415848940974
16522839712876
12014520336692
12912776748004
9111331421910
12112334750914
4244039737205
11485035956149
17268041313287
76586729207
7133221425765
19906677583757
15910729610656
16140090558394
3377634455363
7662649567308
696777459293
10071644438095
20214863044408
7555818697433
12514097201980
18313090461251
6205568488065
4580774333154
10241406351851
7120767063686
19416850047929
11291841393646
15967976296732
4144161012672
7370403090423
9410227823830
6732218084771
4226727377584
7466140832809
16646856541378
17380432435389
3830510347435
3200124028865
834213293775
3181649698412
2987290725924
20740491805748
2881487743175
11779159966097
10139941678916
15413264256424
10330256477295
20816152402307
400643681282
7653796227762
8046027377195
6721675345603
1877477932565
8548437067037
671002556562
14136849030545
11714869690644
16152298489760
17102059792653
1346133975493
5481092433610
18929793731285
16023224014064
10957833203480
5544079291847
15566233937750
10115169224852
2408838959924
1432639347172
7016511090753
12564735362645
2691601606986
14512139636191
5601481009910
20516241731967
5095616910773
3120636544739
6149846626884
15848365658909
4726044681940
17582003480333
6882417133359
11681644812703
15864816427521
6253395901006
11300768003838
9774223272993
6578215382878
13755065948237
12300540115120
4390490170113
2172370798475
15027554833849
1129251995400
16868846645441
8634401418753
10452280512696
7160119688741
16625797631299
15420153926040
6164534684353
11100893255508
3690093333149
19551421296649
9421181120874
1931421829189
6163137733213
14042460726048
14159514692672
11361672693851
59169988803
20247289981014
14049815794653
646480124980
19862073228185
5650109683862
12018112666495
18951058738419
18054852155948
5981647577381
3848130464560
8335551114816
12431506792500
19955695118200
2151574382832
18546616410981
6810019602291
647333256270
10786268902260
6921615553856
4438851186232
17324926772938
1231209648588
2391379876259
20153205868536
3698242461249
1729399426879
7425395758930
14610191803492
11931736803957
738311233110
15893194075131
20161856208383
6161086794462
12920791592522
11780020986814
11000206153923
4150957931993
2794882338734
6766686170692
2219275830649
13808385962028
16196744610272
18997585317488
2232721521206
19060610963698
6052031026061
18007390174124
3352550113787
6484280737333
20648824650920
10859785385271
3414036947892
20559420035080
6361473812027
4769129504868
989142239472
20647298322150
8056431070533
127796493826
17391015771764
8711571970722
9742917719624
20375742583636
18759266939018
12392837056250
15184197073909
17366155537370
9683342545506
10629729482610
20421612517104
4067058377384
5042017117272
17127641764553
14098138306689
11995426236990
3762320179654
7809997640030
887027243932
14426344888027
5577554493889
17604368953679
15256495606176
14134922717499
490706136639
4069125868311
834201383186
11580157372935
9194540708279
4659915233129
6545138507504
11029309273723
9430225719702
11357847412698
6513212236775
3258691074941
13047428732459
9855034007790
16997222032066
4325252026523
11121499277189
1229874168388
8266955862647
19509007277351
4883483733018
8228927379306
18689918829652
6020749943025
15688523167174
4004359020255
4073600095724
18138045115670
16110352843941
13854948757448
19181837451082
11736630203352
15681832593081
8182235949485
5947036323966
12185350955672
17248455595947
7689732664045
14161387396141
6235202777730
14730226879604
6948445864570
3001754862688
905847188564
8963825197212
15625873287871
18997581174775
18772612661885
16304019549007
7572646839823
14534044893871
8091485866325
12596481353234
12270858329557
13810157633351
7307767080991
36521357105
358512925318
9150526833916
15762921787519
10508183221737
5644052945836
6964497058718
13238484487034
10673817428438
940182504355
8214465804416
7962049050809
6054017901415
18810180597274
6024465054103
13675386223148
5567072851054
1637343562464
16271766156595
7054391257581
7929152238814
13671791543218
17775644392146
6714628790131
5380550431438
19021480535788
16329538734797
10701315864098
6667408931566
18410443988341
9058442030412
11091678084287
17055880125820
9862200525996
17928228299732
14882435202184
1822996345263
15412913952664
10458814051914
2154966591916
9661810263419
1090742172337
17312571474226
19399650730040
8398727226975
15528193671084
1663352837721
16416815307373
13516824446598
21016870389809
13668421962529
1303072055643
20905698820682
17790811258466
3001353919905
5627823314697
15713767952898
16447092339074
17338113859594
19184201382308
3496163716908
12890871016076
1292294297115
15199391860507
19932672656104
11736438368275
12943972962713
6815954800862
12452515649861
8035057691252
6155389861339
10750761847738
16053420590413
3550386506109
4777578394193
4649631949836
7012472472312
20551831019441
9970966797255
4351038672682
2031252006213
11650063906704
17898524552262
1158067987651
6817409477723
20825764804144
10840540169702
14983923205392
3993892972858
4569317777473
17633948298419
15163718606469
16358504575173
213025392224
254392397148
10999248455071
3873811115838
1692551150382
14605558149552
421727595031
2751613463222
12069589189740
11378202807202
17459591013076
733745212270
5693817884571
4964471845749
4596828225305
3940222404674
13401194336853
5060011446290
92486493275
3583069280071
14412940930333
13582894539610
3015616979124
16790836963733
13256249697157
13473406372222
14624459697034
18208783915826
1627403523677
7014611164297
8710193601084
19351990351531
15194498116548
10434840518180
11028746785392
11312266151299
12449385885706
13396894556006
7704393615160
1555540226539
6184851901326
3624725523092
4444828269400
4094685815269
12956127998401
20226547258373
8255551316709
9433439976934
2972074485214
7585565785075
14094883446206
13889983832037
10049611915089
16755565841867
11259568184680
6931770565038
14511522839605
17871835742470
1505696350390
3842971500565
9467088026900
193347608445
20169114630918
10248057180729
3645186325080
1514580081913
5593156684812
4062970399456
17128946746238
17347457833679
7695971657386
19876984396651
2159199452038
4174696663440
14252894466745
19396262484566
6004616175016
946101400829
18349007974135
14644305255965
19021113448719
14779794094373
2804393430336
14519567675666
8001554352663
5961903513835
11658718552295
8455574458379
19614894176782
6047359119633
18114010827567
7641215196637
4528501533906
15106008157179
15474402636545
18021407119619
13100821569078
18120066488640
19916526292192
8357817078403
5907997023330
7251473681966
3655794167618
17623009139904
13704660659569
7681977596664
10212577051781
16618295758140
20890829882076
7854502889667
14184059901719
8166771038543
20945176823860
3896719244746
10661545566600
2936639812522
11105245883125
14533382881026
5903589685063
4606023913024
17092102106519
11550328214247
4487321109236
3338280906487
4742418245920
15803417764014
15378527500449
380340819748
14816619401278
20769694030478
12078474352830
18531615808888
6655138655484
17143992078467
3099851669408
9694313556237
5756583165718
12202711760389
14147640692572
16037803765043
20562538280503
7629045927995
975897632985
15770361950187
11315692259878
16228011268110
17964625353786
3816483528270
11554882617270
3627307713065
8887388446240
15507899610750
2385243036717
5244847540996
9579273029352
12119172561473
20998847989170
8938890143377
15104915443671
19527083847401
9185326206877
11768851692990
17254488404496
19456811060789
17905673265883
16216037524653
2479723436419
7802485082662
15237574040976
8624588416664
19326286296680
12533732821144
5805528608386
15067892503537
16069419710159
19282106955752
6420029830505
11111289745085
4284608401487
824730495101
19133674497072
18286858214650
8498741694550
18126059393529
10276994550543
4637601708942
3763709299987
15528665754889
7409027239031
5782829281486
823029082772
12336980327152
15865088678435
16129296931958
12033247141344
6796044051187
7124886610339
10952114103177
8452998392122
19293971322839
1652739973203
14063593233093
4908368424636
2327923542382
16335171393515
17755433245679
4621087676409
14933161671469
17560904818268
16305315935425
1716442542371
13262597726501
4919935942377
16951953404196
19150288641585
517714950094
9352358864807
17746552816296
11488589043636
2155896539806
3684829718286
10343939365383
14424891574418
205445900300
18705431879126
2660129798509
10408258535778
155960129367
19649471542294
16497327986445
10768394972814
16912303702430
1340118781796
12942099603896
7176287629449
6777441972972
17854130455092
17270876778304
12270430798071
15002126749921
14910920764596
19336970493216
20228370241368
16353904234386
19280380396183
3571356255450
20264429361644
9836370868308
5971446202616
4209375343388
3995577029831
3572752889036
13565025544704
6888516283093
13639556059829
4007233294865
6207206173149
5508164235289
18832747349124
15527559803442
1392050176260
3763971279691
10146245473618
5793598406785
11060910100955
4413320042899
7228566427218
19462064962663
1132535319092
7149598407383
19275525526325
6327749571423
3903264649352
8655878308803
7196643699966
934408764328
6167941323994
12724251053112
19110133772084
2227671290698
16241924822456
1671370790166
16740295731045
19089880350377
16510990547686
13651154262424
5324222024989
12064838938851
13827564459251
13711006475515
11890289979148
18276446074903
19960194317838
11849919785383
15809716739835
20407346376331
5546863252616
18982279744379
6076535063988
2839064474551
19806219655285
17301877740643
20975233937462
14671467742040
8570200284255
18341471434655
386839591813
13710888502364
7730842487846
19059633163572
8941381217992
7626909069494
12340590543096
19177240764436
42844948347
3152142045387
19837751515618
3251009109477
14140909921885
7379730859643
10773469831153
832979857833
13259316100126
17985402290649
4355916357337
15109527316986
5947150480478
792915559973
9526564292977
20161626214647
19373768456435
7996593482051
7078297347499
15270490553106
1743989603406
752348455238
842399397784
20051783221576
15790921850185
18049238949744
17046209479956
1058972481930
9880507586723
4215281159027
14094114672647
20076455441653
243974624786
13541966170894
13841790495866
18754114380919
20215650907237
13544514277772
1448399554453
3449049041473
1442533900809
4269042538876
17131964470073
1627450750230
10045201505848
6346647428227
8391032246631
15278890935397
4771298094649
7126630402297
12890889829538
2294058486317
20801367197555
6955711405728
10152981102159
12129452943992
9608736262907
5958666038587
20028702221585
5191393902110
2699179023091
9714945488911
15013633061968
7866182350431
5114179862146
4865028280004
16998257953037
9978047221273
20416720195245
13517633695081
8775955183565
15529815878940
13076083270732
5459525428866
11461348983997
5623956005736
14320200333787
20236736290909
8624487816847
14297551714951
10959481490405
1510839746749
6899735526332
409150983389
10661869422226
7438178117334
14126072229486
5194675897538
12142454158386
12276640978140
3974361795617
19986599383583
20751949857601
8798521565727
5645508312255
20313596844677
10712584663466
7979908369110
2344524006034
14999568444863
18876027070692
8377560545059
12909863746313
14192476324876
10053617650670
869320750791
739766378605
16512384062615
785046971644
7443855521429
11847304757327
10274428937805
7150220465656
5295738521524
11587349869441
1642849663556
4666722386018
1083493826447
19306720958756
9802426262606
10878556158560
887001559436
3035202599597
1882047464442
12963335235327
2928932195019
5849481226110
10490433350876
13634776339534
3433106969374
18148700802232
8265373769129
2191811464357
2348571210777
431031536356
8159008738957
17160168936103
8671890067942
8371903361914
20250159349953
14848184801606
15810619389222
16233498532683
2156912339876
16301508182080
2709382079761
10508327765294
10882131584950
1985747425551
13538722942462
4218859941205
20594271900981
13893598027744
10746857971326
4356786729842
3062809766368
10540115689533
16140821324833
18616066869613
2112829191911
12322606631161
19664092310483
3602450008660
652669956919
8347917346567
5594799856327
3556232012755
2228616500134
1363169023266
3942942847309
2539584834163
5341869802027
3389005777926
3071882801526
12489613850668
10439609728275
17479198316741
10204289496650
10058244646532
6209212788533
11559321142333
11943988991385
15851060461365
8088335566175
1608810173657
1600302151032
6185871202978
4147353298453
11873401416985
7202586335567
19531385790189
11990858000899
3325303315808
14915601236777
5997535583617
20189972003766
5323702233567
12372320192951
7168316322376
19084985164569
8258539801680
5185015421304
20722351445328
19250518774202
19260747547295
19657683034969
2924710905470
1622949258362
17058883101079
2734793192499
20749440583218
1546358189259
5258354448894
12448924836091
4569441658285
11233227832059
15514613359672
19146592320599
20490776239901
11407130555530
2661666762753
1915158044196
6413414580909
16831326509736
17426975201363
1826005001443
18072584362037
5195673676283
14520688618127
12096324056255
7861709108582
12516650312541
8231087898748
18253895052506
260807260453
20208237740200
2017206275804
5873471524723
16241685835241
20153130232521
10323366800068
6767862151251
2068713541982
16331704529812
7676077896520
3150704312702
11529748164632
323202243627
10642172901712
3136605569774
6306346930004
3037433187704
4457097708561
13762820633133
11165879522299
7657532216370
11743619839646
13800674991953
3119918576012
10972547399057
8939905743118
14588894208571
15607195842178
15318273951203
14663116737553
11903404430688
16683927632724
2437316886939
7385693726372
19072697557021
16538721955733
6514657513053
19229389947102
12359519349491
15944128325602
15310086841871
7554642641574
1278865129507
5111916828130
15557658686
1589660888844
5427380575921
5287572507865
17547345998609
2489521645810
18417007947481
953473267905
15617939744446
20129490139986
8707622192790
13864445248987
12858494640861
6486447329407
18534683970947
20232888629873
3094772705282
14622309545161
9950796300340
9835953272983
12591931395366
13698562275410
16612365114191
7488459600542
13953877130238
13120193229941
17469255246492
1824197455877
14808368753206
11977772923609
20517006833735
8096941662817
12918534851046
2171821533784
6498171409180
19757625855914
8208774285159
12716577399421
14573679720633
5612848420997
17259248958128
7994328262300
669669674737
17497615958887
2638694204926
10319473625098
17664484096570
11062754800970
15790621817716
9762384444092
3004880317601
18445202586351
8063723869209
3702639101755
16220818759078
7311956422031
20435309675902
6664419829194
10739707373942
713187568603
17325636554474
5107145520274
4409368586022
18294078585980
19231597084706
20530957786746
2797294230224
20398652128858
10261357678509
6480703184548
13432150427620
1936572619437
17071334323431
8572097469284
11454627584955
16410111165487
9716881290713
15624989277937
11813161560024
3653643240674
7316261435800
3184673967079
19251568159467
653662501867
8640240766599
2839364375444
11740486082833
10899210662450
19068583512269
7416165975331
8499522082291
16184519640277
5173586740259
17107404978960
10798451575043
8158035632322
183985526614
17320608816149
792158684885
7622631624195
672702463700
14032839966269
6657701609863
4790940129827
15201209723115
5981388608935
2490754844704
11393394462974
2988771637743
8301064438075
16044535477341
6664763608973
17838820742749
6681434220515
20371403625165
17767839520600
11703143297989
7893081771827
10322693563952
7859031126126
16907205242806
3088694050394
243490634869
8164275162198
12169055404579
17214809892328
11313581497623
16635416364222
17363044205172
2941774689959
1013293301797
1516351923494
13093619010016
8448815420633
5553246230684
679781095799
18902817290286
17716963964892
828469316561
13453023497518
11866049343764
5824160798292
20907063896314
6566649312847
10456925285773
15352067796091
8726999495773
11560716747580
10257727352127
12120353515996
384601806250
16234597155312
12365882209121
4589177433495
15930274459540
19045659818401
14624532390456
19601171922995
4119604219925
20018229518376
5605211606968
1491945747173
16033418070179
18323104747968
9553989493054
5737813773204
4728110926470
4054731526837
10882090548878
16227163844039
18337697111413
4094650201693
4272094852107
11673254832151
7356266383399
2504212595555
7072766774792
8440474367195
19381609641993
65751778657
38625679911
15443919363228
4599651815568
6236607161496
5053415067587
17546084028356
17311801365434
12939822775802
7874903214936
20829087864844
3819934029468
4598389938407
20544378465738
19397852109773
2231715240628
4110856549558
8104534688229
17207133939237
3538986774552
9932276807918
19294985795884
1133355229173
6598907337750
2012359194257
18119438263161
17851304236188
9610238899181
16762580032531
2571658522604
14129906447494
17209473144586
438205829609
12340125283101
17041954870375
6505672145184
17861846979970
94203811992
17563065781244
5808908995438
15582582830647
11400327048595
10376881928926
3863443636056
15501653777882
15985385918120
5549333925496
2234809534162
2199143331574
16616033597251
1239104223395
3784169305739
15634158045773
9038124863656
20236954599904
19058742409771
6241897279644
9132272663508
16706331072469
3804033048847
13276298577411
16698555559709
8328656215772
3883871726035
11142989600542
11857229305640
15123305587808
5385513767379
614729073400
2028120465003
9087192140674
6054605524051
19593154037873
19360928987374
7982599561231
9354728002569
12293784798604
10186871296160
10760224962769
7278617841993
6407555541118
11039569390706
7572427954407
16132017618792
5671626129819
7417849170332
16115529155898
17037357738714
6180465258344
13316996289112
8430454016624
18106127053320
1195781821377
10002289069096
12264516640692
7631179191979
12052610884528
186791998548
7322430650599
1597039207627
4555916423925
630855307591
18854637809643
7082336204131
4025777134204
5855628743734
4575067010293
9434203589246
7100100834450
11193884170309
14881679292441
2003941780070
11515511731459
17778363730722
4141744763934
1731057711919
19384869996301
20734029700664
11289836312395
19296072411928
9749921871320
15848415491315
13143668619365
3055352833408
990609405578
3044996947026
954756609292
19117794876821
9197157585309
9938629278015
2809013842649
9190036181531
8428850582225
3987243957813
3940499887335
3480209026210
9661864024624
15241743454128
6686638202608
9940702574307
12274867502172
20588478284866
620153493536
8033495051876
19417847115408
2385535471418
4184139407323
11363341654157
17589753899748
20977826656695
231877482212
14701505884253
13501546869875
12346996794170
12359448678611
11584985678084
19274722157269
20429699962616
12217901750657
11066767559052
8765316281468
15777775210698
4606270446810
5495020636384
7122593215919
12817189558099
8718796635810
8790434085072
15665508470032
19708113179823
13283670672542
14047126052589
16371551745253
1950423840816
2688558627122
19820638731438
6494706744136
4697099502408
476802460418
17461390069426
427421394442
8697959849079
10280116655855
18475719847177
5426968453775
899523795798
8609429660550
13183865559695
1998638385198
14051249665516
5388113959808
18536460484864
10926058195434
5053947897048
2253408774596
3571954454995
2886882681219
12017635991458
11041401946457
17902564402236
17154153028351
17364364116416
7762172411106
2500708402513
18458671221546
2463098606443
19907176471144
2390471377525
18707151033163
15551864372778
18458316668503
2351184006584
81635402978
14722898175334
14806048742958
8877516843342
1594040813115
9502563463615
3126135513785
5157613588694
3187420945345
1310054041418
768834126996
14591501914526
167257787377
4568868473624
17390323604870
11956601287466
588947646552
20095566218275
15679426123478
4508917719488
4059257260574
12984993007948
19084132332897
18209721753543
7811884750916
19078908546561
3994275172624
9327387711188
6430915958369
16720786191035
18149440447442
14122400275914
16330692050857
15197460157235
3272487648137
10286044456175
13279162441806
11526698500277
14271929220061
18696520333060
8452442797457
7627256541938
13879023738730
7290108643542
8654778389686
1792725049070
10049437175171
10496734023529
17101869390299
4132282049160
286234067095
13463192993394
1072701244714
5160197627039
4499211430207
16293473174636
19186798418524
7341242805787
16746036973936
17933344083078
10557979287908
19627729922872
20042755866466
2697882431729
18940326401552
14985557505762
10205559346942
19750371975758
12962465895475
2420694019780
15488718982634
16344352363986
11620018771206
20768843119553
1511339341602
2990893743074
3481715707763
1424737418302
13223640970743
1912335123278
2346667411014
4699187836504
11036288257304
13463538268520
16930372527160
2262430910090
17069700289360
3591265797503
16720989644427
15527881820356
16619847573882
1369744148550
11386239458693
1851941663102
19628522103293
15740218496627
13470502507139
5110282328590
17401668175636
3463839813850
6891771901162
5556581288889
8648349872650
5201744349300
11580701168650
7282006764916
3799986988627
3129668851261
6170869800064
20469014539205
18518231794651
19568170053573
20700130805506
11550760274686
20396274957786
7413569452376
6889724390769
9190615849403
21044527045204
16235956475944
11655143148556
15878677915390
551555600062
12215659072587
1398500210094
7444755674252
621105185479
2467394225918
509252726002
3245533071943
9169521151145
10887581979486
6118991040261
12030465973810
3807305703378
15454780643221
20775277580085
8205287124422
20954632443312
1114358943260
9554256724752
6701197845998
13289771798320
4555296812619
6467718794523
7443278227042
13952727811150
19852139248195
18911391810337
11806297049024
20811190043690
4613016012086
14203886929818
1196324151285
3115734749645
2318533953776
17643273631304
17555328144474
3723556732450
19299216136177
15856158430980
14726084180881
8658256378631
2462931370268
16769657017530
6542435518400
18679109899881
9521802200328
16950180781200
12270827890429
8080950339892
3814043351207
19617637048754
18833946989014
694171091513
9068082979551
2903104154731
4269075412345
610214972498
14890342989542
4500678342524
14905525705103
6998749127800
20788125601025
19238383322838
9194412231191
12827582857443
11089722844773
16125250339919
4334856890451
19804799255726
13231163180240
1371555157176
233835547863
13487501326379
14733210772554
17395936675142
18226523728739
14025617791471
10066163017966
15623097434338
17474025283974
19896713632926
2825230356901
5638636981867
14766310469454
1630065822385
16459325331474
20267254198168
16727414273868
13159650814515
15689086867442
5021366983038
5681667548764
6669177593071
8670408195254
10523186376823
999769973646
15732680163232
452628061543
20741705646957
15821332251981
16596141051911
15043682132218
12539283518689
16714673072836
10603222643730
14421715009599
14509083509257
9319693772923
20133738454046
4537469060264
7229445835410
4492432614177
16188515784468
6800055679846
13805661212125
5622845531829
20769586567021
14265953732694
10729469175827
5764125372819
19884983710256
19865419374843
9243819097673
5871507279991
9647282640378
9642607228669
10383281647481
9526764624717
19618266563385
13297818611007
11109893040750
2559547420502
2058396196386
2214491023949
8191036659773
1463828122292
8526569597668
16920686033323
20285785422727
6286720757240
403213045105
14443366808493
13143246589193
7183550406326
20027923675706
16000860435211
2261096059651
5286376072482
5212020341683
20335897304829
5190692260702
1034398841419
1636531907735
12349645566036
16274962567228
20453603336796
12111294893761
3427996109616
6849531259416
3184276032073
11332611625509
12308076891932
16204744191947
19000130669923
12773469713379
12862052056119
19011146670521
6033939412705
8065944336536
17544612140216
20812604529662
10856122627986
15637136987770
10929125539324
12969781228550
8930998241640
10301596561618
10040805497213
2019776663124
10337916144021
15056247186827
7915460488982
14836840766106
10408186852218
11395760888557
12449920992546
2454281080828
4836666847640
15007552215748
975467335740
4856833040589
5676248403304
7101275083457
19446398117975
11984909249858
6923827509284
9368963696493
16094399752348
9060356885045
8165035235110
19119706291887
10828306878829
978014899899
9684636778770
17443024694970
10563240902814
7981351855307
8611165475910
3329405533286
2771771428161
13605477743007
13577979523170
15035717459719
13552323507818
18948063778574
20216155710500
8362211973798
4705714023216
15401126532690
5698518466981
15351129314982
5377821680868
2078138516028
6519128599205
7114208152628
6585913155323
17317574012317
12585553159766
10811699025161
17993917612800
18900950065384
20239777030519
17004952820015
889316000817
10165101347335
12711686093448
9930699349221
20885465824305
11582434455496
19973781378804
7611533560884
10085678667262
20524339278068
6073375420927
4868355245419
15387616622166
12755879345043
13702220002923
6858638422404
14593467546502
15256287974103
15277733357004
3119453284337
17369637797760
5841980655737
5152621923442
6211963472154
18785145253895
17269741702087
19396241838735
9770691722840
16568502373143
1543309847891
18487776856249
10536202346140
18000368447597
10514572466140
14234888961744
19540315360719
3211842761171
18626577451814
10049746043911
19986657256540
12966260558697
4576884096582
13542507286799
2015452463623
11308186954881
1417256415589
19758356255756
15084924749690
14875385457900
3679683023216
16167445122541
10699489818534
13077418518036
7954303040515
10032628939693
2250584797691
19378481197771
2269093227146
2962935458402
6211915757429
18954258686233
19061989302514
20805638859221
15893151684446
8997291882338
3198152779040
7757038603870
11107401093382
8827696300071
17283030209174
5974703604164
13007520028925
9956821194839
13587897155614
10692395095629
847108547634
18343108635504
8114949553924
13804334387207
7331775249226
9362727088910
19953862355245
7708371959717
4395973540522
4102282383849
18817052877786
18013861077700
18616956948567
4308167889577
4267770386986
500643417813
3528214211281
18275679392831
11650474497571
7430085630707
9308218197080
15837108189755
6191308821159
8141634026052
4482422392880
15020117330227
11109699027709
7884266521464
4174465718998
20563459060338
17096266284340
4308183744746
12401423452036
5383316957166
5860739799081
513270780540
10574440216689
396709588944
14621600584410
4552097673458
18104114693657
5868901328422
12723664385385
12479742312891
20632388871219
6083164981432
11568787360850
20674713104583
236600881843
3624859984898
16190279934998
12111679863372
6063916003583
19200920155731
640652746435
8705734306731
20396134288369
10247222593644
2681875259768
18009770456651
17679703493723
6261706052833
19098374691056
3085588369785
2142192394806
10274951133443
3626417511928
5129438315289
1783337260877
11997606488798
19231842339015
14242062960190
4207742582947
12598097723009
15581260800952
6323947327299
4481020441485
2039219776437
18722608102978
20155981028696
8630113866284
1300689647760
1784170699094
2216681422755
18481385338549
7408862473694
16671931327845
6474774673531
11780515884148
1603314335798
3151974776407
14663214081172
1795361382437
579036369399
1247436348464
13250821423734
16014104635582
4562938187860
10022498194810
17182644098289
1673536882234
4515237089334
48080576449
19012361023006
19458930100620
1735604573838
18793274940775
1249683495578
2103150527067
3319498823837
6766900520527
4861365811259
6748782615259
12239800871908
6500720081677
17681209393944
10071205953616
9946038649206
9597261790094
6419594068600
16108710009489
6901828445969
15498923170250
1783721738747
7394118152534
18172303402505
5477814914335
13576286017410
3112270579099
16615150450012
11883870233162
11345928640783
17488853160098
9481127638498
5160051984408
3743114004308
13872536062128
5575099232236
14433257085777
8305838482178
18467629869709
4198501088301
10047147711671
13983162065762
3866863307054
13161639091358
6749745408547
221047629803
11370563911407
19266612869792
6357195406924
19358994679148
3517808446024
7934575555258
12796611125767
16237245340789
15121243797914
13508531239218
20517939510093
13642722443622
9883778047595
11825256821341
1397735252647
13333763071196
13801923555301
14402590253808
20531981445809
12264202461650
5993171338871
6694108777554
14420790647618
4175270714362
18350574252359
11754427068028
16606356978851
16352172024980
15033833946138
17234521637250
8028536797781
8945853758933
18328738107550
16804829706277
11869752548621
4961765784610
20643289412565
7693689903514
7947890387073
20555164530755
18341021047564
19600641052349
1137366692251
17693021259183
16609580010217
18885922273624
2650303461098
8205584954377
14170158590531
34881424449
8901020281004
19561397622171
19728876454233
876976836378
14767274190969
19102571539968
17624842822605
17525738553967
19090302087820
2657012758524
8519413793076
9718105679184
574300274064
19293141947336
8383345712791
19449806769583
13715908592188
15999529575472
4657058506466
10119781649506
19766529330801
14219914527300
5520483719573
3004049858956
16209929141334
6615310028354
3474472806646
15855922037904
4973995799689
2748395278207
8368293172953
5318615578398
6330107927323
5279844829697
12624123623604
1213384980175
12978381813403
1289791979286
18980490742742
11765028007513
17299721271921
12730287734078
3398319519024
4167051269813
5159093367611
16499411536520
14893026450032
16668148002363
4493843046231
17427305541060
17332727612295
20952114985669
18844049970866
14850947585899
18349773763476
2963224660130
12421078617687
14421278664988
15900651991678
10285596491733
2616641579410
13688956568014
7605740924503
14576767961159
4400857644662
6370273370707
6873579493029
6354564253804
14183035452914
5941216278469
14059259564515
20102039502285
16165703444743
16703276372648
12632407284687
9636306965634
20586542721549
5330334626555
816772075827
1186369236292
3841628381100
9596688577510
3152165930245
6050710487239
8228376573239
11863452800394
17814406222848
15601003478124
4106517227737
9412028060231
11009810604994
14048817871116
12270702362194
5298006948104
15550734516878
10801786884274
11717301348396
13762266884559
14815646407931
20114867021488
3682322758769
5039085988257
14704195779101
5888727235200
4070920079765
13699128852705
588145980132
19019983170639
16201521614292
18146176115434
3958419698980
17486061026318
8849168136894
17269952432962
6213859856750
1421527404427
16155784552555
2002141133548
20144486585604
10043627178978
1639462325500
4838967068880
3798334039608
10515534281832
14955379388606
4617291211394
19886918521604
7358726706744
455668093668
9970085988016
11711129589104
12324027565274
8214657939526
19033933274467
9774915566071
19269297315767
8522440399535
11410451164020
1380412489723
2644528219479
3045388984950
961833975397
12906015575494
13454162117269
18249135061924
16703953447889
17516410114258
10548741773128
5529214814134
1781774705643
12384610501995
9564413792208
16358284840546
19373616673445
6938486991772
4917354983485
18353823027124
16528808781058
2577300927120
18385967785698
13042094028946
2836632875473
6350295590928
14635881354962
1593032881264
4065767269705
19465669142301
15007852854975
19414713168406
9405447060942
1158977008622
10394502255822
3060613613427
10229113294214
13326658888728
16160821794443
13384256888064
3256015429951
2317133202443
3444438739666
1985907950842
10753594828766
17181925681257
19011437628657
5761059846408
17374075660584
10141226332590
18629890500583
10978086122038
12927950174693
7209429144100
2854127635031
7018254222113
4653829084367
4716189730287
1820992267820
19773831256741
13556885526079
14199869320759
783518890667
11351197434612
15196272311199
18371855916005
8347553560316
1513720483888
18437687723822
2152216711440
13103082302620
10407912462124
6019915912611
20225868749738
10706028459664
832011759511
4457504581419
20334518714691
7272359873017
10796686134624
7074140904493
380478687983
3613295385652
10606736112818
16139885754078
17037508311529
15457912555947
4724840622872
4901447001215
8503728047959
16081711549915
11471572224412
10306850690465
5895742527877
6701514035435
8612649088540
17251542201288
12943849746588
4114260037082
8561528048458
14119277242485
9092622906158
1527461790531
14280026543935
971307442442
9578393624262
6116937842506
16310997637228
12994319901933
2940007617122
16674471925818
7956106110549
17166381759220
7497877447200
19892279053235
17252398380109
15860160999200
3506262607028
361696116501
19601612753926
5899544461755
2067681943950
4274371370876
2729071162181
17602866773376
13251184502608
17204444341232
15791044917322
12298111169943
7733339527690
16986347475390
1096568214672
10032933802955
18891367260938
7155209564491
12429021164019
15517255516105
19062894756281
10420109349771
11716919470191
16572779146190
19888851533036
17644710972044
8468612662367
15486214100106
8768677242354
11447586111447
118671601849
11654431186581
6350624333111
17940202435426
17622270675860
4938946269613
15047738305041
19819908588946
9387124240805
4360910503842
10870377091117
18767283321293
14530156931724
18515652397018
11700903047111
6844760872531
11258813311361
888008114138
8876484473414
15514891122263
6351035284763
18073133945619
18739861337563
370968061635
17752950659071
17245065699111
20177630097199
1683728652847
9357752317529
17670467589753
2383424875636
3282643530377
2054928826377
10080923408926
2857114391184
18897433983006
7672500004846
673239936722
11201435939391
10748894916077
11198166566439
11198108526669
14262618892195
6267638295127
8114209870624
11604925346632
20254343479541
12857591529644
14616073596200
8901822437470
13545174600309
3357670676914
11374426375207
20018169339945
713972388797
16403728450773
17971790585710
10722203710549
5535787073029
19488651033239
8029893301630
17870110480833
7481319849103
14180860306853
12718543021345
19205074391074
6529505855850
7022762285535
8735842792163
15796115165963
10716994049846
4911567912213
3437680938665
50910252448
16874350487575
19810543427609
17312986525906
16806313756202
15807949186530
7199105477605
1377702489258
18837527064941
3079411216208
13247436296898
6297847979853
7593535307860
7548467970038
4997519552451
4017887604518
3011743017307
14938620879667
8959190944403
11448301008879
13839725123571
6943365809752
16785934612271
15290075553274
13003382445924
18160855807587
1720075339064
13343581017983
16066777118847
20979836678577
13201613905869
14878575030516
834658714663
2468215902487
17548583824129
12131507703270
16229203557141
20110128964583
6518290200932
504365580637
7887169180621
15514482163096
6212246615464
12130521845454
5920717954005
11774649556298
11522393591325
19333040734703
17249238122581
12043163500395
15048934275439
5929915263255
18077356904912
5468778214301
20734705338791
17622717864654
1844781670441
4624041877009
3128866194958
14346192594737
11267918644892
16823492142077
896264634722
13566592355608
3410819022651
1443495761042
11404446849713
14248442557529
11231245347102
7058299107540
13474522588798
4695791033939
19156086691728
797155036510
329371875628
5878666008696
11843972160544
7323479482615
15503546712867
7781166991750
15912762106738
15946083704071
5848425978196
12552870352513
14221574590549
15439085418459
17977446747152
10882582205475
6811586439757
1906990668464
1372790835219
15350407025974
8216568653581
3597942380104
16433331399099
15594275610599
6842802918798
976713096251
11597029801732
3087944245737
3485147482448
7343857273579
11457076262144
5129720979727
7410551270090
13367833066583
4974824955439
14589263565503
9229096395693
15876035949983
18817779431991
11325495234112
9296546683611
3344365926139
19465363628425
4055621553321
5622143284342
12514577084325
7284763058662
18214586329637
16543342079852
19042200440546
2175832923259
6025020094270
15537511580850
11558066947650
8622220813322
15226887059741
6473888328048
16089730259410
12747259314579
13908725505238
5519605399370
9888441502367
18190603392472
6244862245475
6539692478318
19142934412945
12836747838543
1424418053352
11895082731178
12684569740869
6407482536764
333458720649
6529948717725
1613116136397
20718288538454
15657536060819
17248619173266
2492605765746
18020498161677
6288505161730
6008827020374
18536642404575
34786766207
11101328818059
6221864084073
1459733294301
599548386268
9734772255428
3009183513168
2599744500406
19602795210216
16426626169218
16538300132065
11722735839379
8887801361072
6515502988500
19440124927885
2310884696405
14380503320672
2045459095049
12750175153868
262035158709
10173248057662
5091485728212
7101854924928
11602173417467
13671818202871
8571461518872
7817976152823
17557360629725
19654694702336
3926540239690
1425260837413
20958719716934
5395153461696
19512888335366
3897632611930
1137889776365
14443900418671
6724754096564
16356143981849
3688588607689
6188965011053
6506771754406
8969880275769
2777315697980
798216963099
12016493759668
6364561198102
10482720961112
20889948638887
7498892152901
10698582568
531291324939
3869021981996
1675814835313
14618761131217
8021529853643
13897150979755
7393031390545
1982444354653
4484358195079
12676752414816
9878201745149
6197113187873
17484432058373
9864076194426
8237600995948
20111834118664
17024882001043
727616339568
10171426020309
4083020245046
2117213907131
11998584642942
10380333056556
4669877622086
5590621371521
17515336824514
2313165362570
1254399390963
10114854191113
12569326411093
1432725006825
3260119789830
112867875346
13464877688696
8563212721766
14763134794944
4949758699917
17625395427058
12183180233746
5058632271265
1124180185038
13830599927429
7476233486101
2223279446006
907822373500
8896606091706
9436600393349
17176287621424
10415501976027
17059791578282
14692382049659
16685391034461
236681528179
14099066357033
4845809637897
3525497799850
4730928757294
10413444286363
18554389438340
20208433801349
7079349767380
11036219248707
11434648396094
10421776121511
2297020894723
16809903639699
5041341295752
11350547852290
18769973610626
19542793210719
3697146769557
1946444435589
18337478158941
4714901551001
3370768114959
4310609251036
8826337541371
17396523327131
15020093817405
7938927033487
11004331915889
18331952165831
3175992655314
20521812725707
18125868081398
14875644713629
6791443279381
20722139048579
19117614065280
9383061096328
5867990590267
6995179203485
15358116350871
16584968876193
4844258118812
427715103815
12958066987921
8498918818636
10495995866813
9140498937398
12505024165094
18229948503903
16906474828788
11166832076399
17364804886084
7001021950857
17524320637161
2171203819973
19634319103592
17796379527356
11160953048892
14071501306796
7805261211009
20067820018462
16428933480453
15433883495419
9027826998194
20343223238593
20436407896590
17084478782634
9070148804950
9938072345373
1866615264202
18215700209419
11196821060136
14894011374600
2763640080955
7710971743883
3183956427136
11816717572474
15698847639828
551267015547
19100957935241
19555278683115
16670886005167
16462373948236
8527494818894
13766694358319
14756277413104
6137362333717
18690191645045
3416192821010
20782025639870
19883281707979
603891030541
2942259313913
17620621599610
6061534834148
14457359654817
6361820462251
17219191609607
20005817997815
120159836613
3871581674815
12268427809297
18752989686716
9351605258259
7865903673773
15053848850620
10817646354642
12603609591887
6293872734478
9091188273098
17627248693339
757412678796
13729892258967
4571484522826
7080789496653
16994634061167
1977852417650
12719437286627
6888044418410
1208986212888
885716167528
12525893575969
15882512747591
17920966873259
7952456068541
2884501637530
5254841438179
18389407501127
1935296232142
14965299140972
8655816007808
19671455714431
5835565658013
14032026283183
10193664973941
7026822644380
1143902055673
20349392731351
13081378840255
17662515474755
5355379920934
1277246174704
13577000020466
19073242876126
5863397947515
3447542475115
13995674865283
9664425648606
3171314742321
5937447752080
17181617410583
730559728989
7414466942904
6535302360470
2226096314832
2483899669988
18972762690909
20031765935254
2253330276050
19134414461036
1048663959110
12334224776714
7561690156845
14475193743180
13818186470435
18235364365190
11941072133541
18057995339316
15428091996984
14719724096656
15016281898078
13620570561198
3819668036735
13086860404157
851792549902
12261224219105
16699956103385
13994564496320
4743330815510
3423417087455
11492722608942
4412972320459
16842396464607
18682826727231
11046888911428
3825497005423
20824254760509
6160800484713
18948589524584
8491160687959
19388669912849
7735160324542
8822873514260
3407754677063
3674462542781
12067056905268
1196076940966
5493225215424
1788241376111
11326700142779
9625714634860
20526968316864
13627284040458
9653418565196
5704242260179
8447260934012
9425236750087
11531802730278
20375747352217
6089241829643
12024690296655
3640489476350
13943061181390
10716475445578
19240864540763
6661290648513
224856275940
17996934742493
562827613224
18531440912265
7467376764267
3638534066644
3036699255540
6363604481859
5103958023301
17021774470021
6230062696364
12549894406813
16834239556892
16818526657627
6466439985422
19354923246074
20436478805501
20498728704554
8926857177639
19154154721757
5503079898125
19712707439959
13936691037049
20982555225725
5424642982494
4766197009099
18908975867335
1249833544639
19869166395248
19039687778727
4880844472321
14280320889925
9819843010611
16200605084157
6579574099984
3935141990225
2545400409144
11832531566448
3837048026701
2337686672589
10476172600997
16204020320050
9213571433483
3330365011974
13614365646194
6781501563678
13979728813978
20140655692757
6264636149887
14141084258319
3426849109373
6641106223843
5195986648242
20220807138233
1629560786057
2055834945329
14904558510935
3578641731510
6309508806797
6177009604059
8615030223590
5499959567797
13794030474295
20769793369002
4109689967086
4620505030961
7176397326846
13642995094710
7065565303782
618215730410
19965886224951
16503661137361
5020467058749
15261135852555
18211056484895
10691862680815
12478115975228
5816871251162
20803728437294
7540873062751
3291399619536
1135790442317
19699032562300
7898023255597
7240497466544
10357476390047
657123052733
15798868772520
4224580208442
16813671189216
13697817847040
254782453793
12355598599349
4155220049087
6240126486948
18380951928911
3278223296108
5945811934861
17552905997803
20913128273396
6666491883395
17513921443344
5326167844130
9236919952913
7216935113619
17482781791845
18356634797323
3795559994735
286520828414
8700671453838
1705419830305
1348747012495
17811534723927
5418531967986
199396089651
17687071234209
15524021139603
771517009030
11405206357555
16410207141072
6559836763932
18808079016199
15924905426835
13601877081525
8025290810236
13113773206612
14880833617837
2155484698575
17351645305384
5482450152614
2284694365568
17887096724376
1639901285012
20780115886978
19290981445713
9924628703389
8904724248975
7755104882487
4509448086489
4623373218473
9530296135006
4273993898758
4903314737723
5201121569372
15077363427210
4669228153320
10716444094776
866034719221
1866208090944
15119056662684
4424098560046
15320164239728
7125477615223
10344135142241
875697795592
15716780936400
16840202419317
16497432885276
8647612626262
15753405386014
4966126275412
10648975598464
10187415477560
16435367053975
12133296410753
9888711070236
11923005048784
18804221967100
14953378916053
20857909529156
10410400580446
16555522089233
5217341596859
1451722752127
9007055825884
9186330978659
132253446629
20541568635234
2005977384484
5379719969305
10945107165883
19936934125730
297281460205
14754117540107
19166833494440
1911309661304
6980492582271
4924805710160
14543046619550
18772640763554
11049808348450
19507555754028
8940223460360
20288021032253
12196090436094
9116704377838
6160577608637
2419461531681
18232759372246
9883655299084
5581612902331
20794976920229
12605074878514
15011697477003
8918111320040
8701765493072
3806488588099
13663440013802
14027718535897
19940244442959
5882242289028
16776650569658
20325378863442
8410709558494
11935717139821
3482927524631
15697011233740
10301549924947
13036159335185
9211750189193
18593378804468
17777247362182
20892366514407
6352931592490
4913576198691
13792997223417
6975317885875
18104980252433
9784289345463
13334154227313
814680457704
10482506704060
682951947154
2821680626054
10205911237701
17644514413954
15211632190997
20543439542450
8853163036434
20963965125151
8576432800683
4347291089636
15575867625382
5179149014558
20631599192430
15182453397921
14367885736964
4091265133037
19567456603879
16952405553220
11441532939344
20062214382921
5440560989920
16532731356339
7647727798402
16884109076254
6131463644261
3310139897874
11073410489916
11912137827866
10610572734708
6026509971824
4777025242994
18150344731033
3680165090640
10314031591341
6314377930064
19378652013423
9856029389825
14223346982679
14893537430872
20363732402447
14320853528405
19418847870301
17282768779557
18033345992345
3694609761159
13654710410609
9818098134935
7554122122689
19249884302396
1226797392227
6084898462048
5779174278507
17467981489582
20037035346664
690579565358
15233957341174
7655663203204
12003730120800
5438133598781
19653150351461
5296379931716
12271483836493
5982670434776
5001688603656
11776389497060
3085453933693
261030864086
20201133566728
2121439699167
6259218022083
6954656559734
6777260808116
2969726183251
5678044524122
7955248760082
17902616676267
4921254832029
8112901455267
9416086774030
16490116380339
16352984508689
6691919051364
7228309894877
8878121265751
17541664624941
4758769704962
7757728298576
8669965396492
1869945503689
5594311093985
7660513402860
13928087976535
6056323070429
12095406626286
17594662568475
8974631221289
4781369064412
6826752085217
1704656892714
1709244490832
19889465459033
7201290672671
15655669072986
14480639842408
5579390126759
5379678498934
5931450802785
11461804696555
8332005517079
12707307358868
15304602473301
2882295414460
16976318328354
3174604141044
11041341048561
7421485967989
15852878185253
11752430511124
20232583870601
5518358836517
1064609305479
16225551689029
20529541371887
3713923709872
1559429243283
15368699502088
20100121194227
7211331195035
12929887011218
894241665803
6978355596961
390013486078
15196528598783
1819471886958
19073590662983
3398505873885
3840823166075
14201779106656
8232316083106
10483920805409
6561531819257
2222472955373
345594990460
8939127828084
15658745645017
10566495895824
13026206821550
8082132925990
2194535028388
13841160092295
14186238804717
3909825930472
1486363297033
20288052847097
10115642389613
13717042619460
13233319514338
19819375241208
8823441808158
622705107708
11131715879640
20851989017181
14844657884289
12471414888578
8407981693670
18021177135271
9754006943699
16068249682761
6582726281730
15497577004225
4818905502403
12222506544087
14152162687091
14252021834188
14619073955275
12588780076639
4545023680633
19503886484374
2709383210216
1249497956097
7351287175101
20763008228917
18592143362702
19609284900858
11797167105851
19566388203648
12313261509696
18386686575414
19633411501571
15286481764307
19364243486445
8380950436215
20928273292928
10906437095633
5838828080391
11785993836291
7433030348938
1215044849954
18658945192154
17950688530515
15701963089929
3712219033566
7209267454312
15769457619973
9178026326074
3997883343227
8243535316840
2960067997728
5669717098889
20427454402888
827657251306
5523302061731
5633125351115
10600445899387
12832129822893
17007727741535
11654711301702
3658866435249
17243539692977
20849186495284
6389520372536
5323036506466
20684190221386
15270386330271
10319831989969
5545717034621
1593892459555
9583921197401
2296173035411
15690819425278
8986797852782
17893874747019
12404160068951
10917564782690
3417419482139
4278189038099
13171544633531
299757233142
19984255487737
10419995206782
2495095084524
3587782894152
8535848183760
17089056076716
10505928769961
11588778452076
11027963751432
6251203999937
17367874115454
555953426730
5695965518791
12125758508423
9479912417277
17517630512007
18493619117932
2694978866658
35008963758
8596378286621
13974456039356
2150504906989
9225866381987
16280324263947
5018477620870
5230735419568
9729387059558
12421900026133
5162043720463
4018923113971
17542371999996
19702926392807
6695747446967
8660039954326
13009864978565
15565928904529
15598867962869
3593290315206
2845022678527
3632228936366
2838373504401
20615337625525
14213570319328
18112366993394
18675594070528
3144816161202
8958381092910
12226882568213
8007397326809
4081782252071
20325533924271
11108415908538
3737880843506
8259046653035
9869814757645
12263331229273
1398679178403
14726578936644
10346678976746
461954398378
1790601291628
15238331604539
13198021581573
20012415810681
13929468093572
6599498479219
97184628673
6914132903560
872240629583
18484601818635
2831827329689
8623855992997
9965999501920
10437510964294
6204774334795
9399360853881
1004486201190
1875262102178
13663849363666
1517309663987
13645137398407
13162538115830
15915150773662
3900388424041
6269361955089
9702446956101
3528651028242
16633016992953
919690600619
14380449612505
11122416925847
9165057842352
4152198082371
6738643119643
8105341015060
15212162319312
10770816520845
17853091913996
642838181171
19983700474661
20498020479634
7938053611234
9322687932497
19621940108010
19632210468168
342574619669
2739823180932
14839402853994
19232698419639
16022084037663
391186197505
5759406087885
9851929015066
14931646332977
6826584324356
10544084774206
15119590074548
2735561082161
5951346551174
2839995206362
11414708995926
16319883347722
17262605719238
5989983316638
973385599347
12637308194808
5552290192736
16485132626241
14330050101690
10177005539721
1576298252537
3101141305571
7879666566546
18707670503502
12968872615669
13025556844537
6526907792309
1736261837468
11084425243456
14958952234527
91299719398
6234941623706
5115801388644
9761514416668
12070980209253
20660306229642
20362386769408
293732687500
17019648004153
5128209986814
710409352742
2359907036755
11922446544455
11687317469806
14053911998795
6276477884676
5530015954043
11395167397132
11728586827238
6439758139617
7815139816187
18372056140524
15817383209315
16174171959611
14376449594854
850081524651
5949643822013
3825467096723
20680283781590
8402922383982
18384298699090
8445665134951
3743170850696
6742163781230
15321415967075
14556634204951
438979134936
2454407130118
9441700250677
16725296614919
7599935453053
14446911269299
5457413024384
21024705725081
11374964875963
553788277157
2065861818919
6510229695870
1518954966661
20451279219517
13000692070255
4647777572442
13281446385920
7777212064328
4421664414137
12054090410804
20856604906182
14911605284568
18906797742962
19614466935292
15178348590702
13630396814382
13489194517229
2105597885488
9861082805822
13232493737643
4097070383958
13335891270036
3990215703070
16551416764159
649714122928
13524044136950
10037114631866
18862729452475
2255142021768
5164255644142
1552855095200
8876750832895
2562923195858
3637602306397
15681784197006
9998516881815
14357009327196
11102896021220
15038524046361
19947523638096
13316428342981
14019994969942
6891193635307
12776228679868
17897502915569
4747420855113
17300578652540
8870941795843
2275799532358
10286213976468
18574555865030
8664747415992
3483976829642
20952693663047
9339376138207
19809445378185
20483674083882
16655794920497
6712028105311
3271590168117
6148352238345
761308668783
1243374561291
17068253231542
10869260008409
10758888368497
1757713275512
10642038185175
15879413911674
14588847838746
11700321864389
20001339827627
15013862479242
5010896970441
16730296809409
706684115880
5281435738837
14654870346508
11381720442578
1795133683750
14532338297289
7310051481432
19915879211357
5512696015059
314453905058
20036055084166
17728652497328
11501278515391
20808003183237
14034178391419
10158778803626
10128252137053
578511305838
5091432684317
3684208980911
6316713341811
18843291081264
19328670509343
19060492889452
14522227932096
8803556786315
15859643586249
12860695466939
10979259680186
11866764395086
54281627100
20416904485288
8812181063639
5969657425789
10964256043970
17178906887083
13827104108375
15302144260248
13355777188758
9396202196525
11448089413850
14331399185986
17991500580628
14863072493519
2293574045933
19958950300875
2494037882065
16758080293548
2311097949269
2655238213471
6455902067879
2389742818948
3069567751064
17010564305891
17648647807399
4534401449488
2099469412069
10332200413827
11509246768568
7182226977596
10107921619750
20002363246911
9201582521739
9636001398331
1491587053264
20697686166049
19096536189936
11570568128617
8585792267847
5399613506516
19116715707557
17320931809641
11362046600966
91835635187
16120212522244
3504057636626
7051569734140
6532024468323
7698692672090
5593458370028
9635669396489
12856016156658
4148518176211
10231614120928
2692317404391
3396815666771
15857429937584
2508786389907
15075786687652
8574092948773
5490448993958
20409941802193
3261838873646
19827044996210
18646728582529
20432544759991
5930948274926
9775994462701
551999573437
2999860894142
9196617695098
12756095861860
5389691122758
13533056787051
17165568577293
9209030799660
6297304484998
20822430664956
1042145749604
6642506675453
7452883794378
2973746211786
16625756129841
10298678619244
14655724931117
16607915432155
2231263928264
20518556568834
16465765364128
5822849982062
9379807728045
14766158962362
18698323472572
11314636150802
9369545366262
12372544114754
33008089227
12593485833099
4661357108807
1075776907967
8189458328510
9055810974767
4226757907475
15832604138086
13166856533442
14950258717518
17751620774486
17901055716709
15576306298722
4681321911068
4004415961783
14304991104020
19882417995464
6213004440488
18863878436248
20511101766635
5174026607951
15847165097857
7572935866560
11587376041362
3711506556439
13609805135628
1289622031017
8663826498086
653203180460
16559339332562
14159317779199
15938147371908
14926611307018
1584427901130
6438980482497
17970870471278
6748564731678
17938061327459
12440591863436
4719060310496
5782621088872
5674428681760
13191498304588
19851623824995
14458322356552
9473743008053
2937090356564
6043865938345
20691800711647
6848109414653
12327608326755
9663116842396
17668796672191
5470453115259
19223235153153
6381784905618
9808628438504
11491184162749
1684059597411
19298829664433
11824986175188
19700375473350
19357373953552
11220827439459
93323089396
11857737918293
460273475358
4226101816019
20367698385680
11946322849906
4101669382780
4749847890993
19870858478411
13495614767163
6088258845996
10974237299710
2827819816328
15823137382578
4141625388240
9030703698582
8919325821049
4613664541992
18245232158314
13489410258096
14925892875949
17874168473304
8175021558137
2811607952934
4065913930904
12755881298587
13388113836111
418363867584
6828522614690
15628700625868
19744767641340
9937549744665
4642522959861
20999435864685
3359318198471
17715586273971
17191740768081
16784248768271
1629099024147
3206239372130
7743272040737
11253753721816
8541082593493
16336938535720
126649988770
13537607055145
9099801152895
1353561288700
6917830671369
4750480842933
16222980043039
2929472827144
19869502306746
5905168397973
3770424663118
2244172046822
5562758467887
20197337322603
10462672290385
9169520313502
5148334770491
9938136314265
13434947665276
4762311391276
2847113766150
15557018978430
16525509507570
8073313770140
16755363862158
10596643750026
10263230900320
19854037760215
9225180883447
10396453966971
15388632534921
2768270274514
4885669402492
12465026960000
18469862972140
15136140226743
5212600284115
157544872381
17585740081616
15637546962321
19091782499134
12672177963480
6575299433676
2137810349536
18539345350165
6180946721774
10369086667717
9768409566760
13281224837253
12394500708077
14351539413171
6474374482374
5264894689627
20270400264862
12934338511246
15026347492090
12331290388292
10585590657875
781202594707
4103673232957
10784688442579
16579895386489
18656835947328
17109877216529
527375105622
8965134944203
18338717828992
11802592524754
19247634181557
9305415286916
19189382988955
5274307217393
2221462465037
12061382706802
8924812493119
16286855718576
17114340371310
20329828574267
16670982152230
16392132978281
6159784096156
8972106588155
20182710735217
16870697425555
11439920458356
15121934618638
5938283217875
2559062463227
1562682736679
13377713991251
8365154507493
8955323000374
20449772975024
18549151917474
12031706582722
12815088740438
1992124212599
5683463065830
16019716140977
5561464482847
3300714100956
10417350964854
100163004525
10525349473216
20485310077701
18057102104609
9633942432143
10969365094208
9780620066490
4543255960461
13777005341534
11266127457809
18724694314129
8622327601255
5369057885364
21012416020120
16236779023679
20078798750675
3403793583628
10902565855935
6879397618911
7997592390616
2982767562201
4366568602664
15716706732750
11552720599467
14673206167368
16658585660629
19947513245220
15364281739238
10374601900087
17847878180594
5894692118940
11902122710693
5316328617577
14967870599765
20458195999845
18161277608713
563706075926
19325368044189
444113656019
4101604478220
1304557799279
3861819021719
81456792468
14958137486812
14422667967568
4426728104772
20707259661298
17469491165582
13182878813476
17393414877186
2779921785237
550221947153
6604459660701
8580901500037
3324669909076
16583062190352
6368223476813
3083135546956
18191231078176
17613764304880
13423048771693
2331369677232
15968596369467
17995519340720
15818538234490
7299242359301
6715354632220
13960334362004
20859676020949
18540874887805
1250018616253
2791413938156
12391621639016
5556656454832
3556550762017
12065659137950
1223865944503
15978198312542
15346024361073
5327453778146
4080569968327
1693210402404
11856689491296
8981787842312
7537566520971
11697467535871
5467077872195
15791663814187
16630628876595
13053932464929
17216831200163
3009060522113
16316318681766
9807696102807
13176034536396
19397796676984
7527092561622
1344757696151
10653017550550
5268490071362
18891734650138
4581787829883
18124417279924
98694310355
16056365530857
10610110767998
2606120721502
10451890963248
14783176637110
8297082102113
5128579000178
9700994993306
17521735413155
6818131888275
4317315804034
1147430977883
15917823869351
9287003944278
19338080366439
10755624207223
1868349359860
18879747911215
15454745921636
10300705453013
16612767760532
20537363412474
6622025201069
5685308571954
15013098477377
11249547078230
14348189238226
408598317537
9487133235461
16933687311620
6297487766330
12849122260815
16029980919769
8643665271142
7489134369047
19634811498306
10647783004286
17302495843244
7328294396136
6055911360777
12612243385908
3828584646031
2538345876900
9819414160240
12859260064405
5332203493435
14691922665576
17492776067129
19528043588649
12182308213960
45519514495
3801926850300
5684898020036
15826266053217
6880034817290
13082487955512
19860369757843
8176978017251
1512427836528
5321653310609
15992879824941
4768152189953
4908805423266
12761077398459
17251290675641
13534040640634
13314321651761
16561161354492
1388171921230
15443984497957
12267925138503
196652868032
6761837552826
6790136667493
13126809385127
16134889837369
6290108021026
8326807331374
7281489774167
1804027736414
3374251075371
14424890889122
9686401201367
11710202215919
9542944345154
13864408319732
14745223966454
9126509154948
1336879841197
20030300222300
18034981085014
9124044596451
12146972143532
16384693581688
17707450530339
13434193808192
16476499191357
5552530863492
1142375813927
6692414823087
13385859027083
2144092822215
14489831545424
6753068817309
438055484248
17981718755478
568008403792
12934708466611
9825013360370
15703764357660
15509604819882
18274611711982
8060327054646
7437103304832
21039060597669
1152151931441
1981486241592
20760945659390
14522037174800
1652527815431
20062034300802
20029434606897
6285221195623
9370723061619
14951157115867
9184230464069
2758487545470
9614945424870
3211354112284
13490047693134
18377431573093
20506773975612
6986466255688
2066670825429
10973447116865
16263658693937
12767516846391
9823080924222
7601241951259
16593866903150
15624401103137
542195810412
15748931911820
8702104155136
17765116187732
3922799373730
20917193375485
10144339976511
16258346081384
7846335665502
10983063773545
18521036841728
12478842744600
7454807146031
709170852599
18802137007743
8604005420249
9528688100606
15878617399066
13099225740088
18537001542997
7230498573302
13034513905851
9275068217095
1978894336345
8523185154
13046984759383
704811489598
14348025325699
11076069369338
10912374845727
10175854675317
2638761215779
7010031613782
3867698767781
13772363400999
13140306618716
3566513507718
6362682717931
19439854915092
11625320852794
20578158908996
17203405768644
16529461254517
14139442409735
18651771820744
6612755872290
741272718835
15847175337481
4840650269057
15536655669376
916444628928
20227184436247
3459111769967
20580444800655
5362847012546
19369043453764
2383347288966
6840157839211
15785500480996
9878897222270
19839202777370
6829924537502
12820284577153
6937835877897
306179114938
1199184491373
16526238604520
8607792979151
20458957345215
968715553258
16555709802734
10263148257293
8819114682104
13754340616603
5896907397084
13647103059349
10591831028929
20099686277423
10741396637265
8947320963854
2183505494033
13184102907319
3198615992641
10517077839491
637533795457
15291176883424
15448456423257
6419728676101
3942444904393
10891251367961
1546515611540
3677416687954
4702003569204
15819154603288
15363857334028
10545163348155
15135808480123
5746239058416
16951377094146
2233540557106
17329823632287
1777516755112
1737330244060
18876375201696
19454849029758
18925364584542
13936572562400
19368424551248
4315734653659
14665889719126
15480520791457
5063430727488
8006121847102
19206762781505
12458756942130
3698018446157
5037314099899
9171840590323
7276771809868
18473117017140
9633534922377
16784488173862
6291213640579
13834664978699
11316375356026
8747752496200
1068811803220
10044774432806
3439420229379
20535626106588
14512928623868
8131329108016
3502779546177
17118183107114
16661277032748
18831085145992
15470331350022
20308128244857
7665276575942
13743990377512
5788392861501
8151947823219
17019247823117
17810031296963
13684063574064
16110703419879
13129523020034
6624748310593
6994312401999
16608847818918
16413492921345
8280749309154
17228819838060
19662459232139
5870033957950
15380202439549
9889090794567
21006704383017
12475255572749
9412061232635
10045071706995
13499981313901
19552239151666
9463602334970
18388287798718
13957872533510
10862161245242
18286454647443
10423338115222
17012306725255
10130103403704
14005179483238
19436449687152
2018502538768
14819671612334
16229444958549
1574271842190
4797238344424
6852655141121
3438911016800
19202681438923
15153697203321
19631537642882
20289392490039
13897036248022
8813188858688
20571047216789
18378951917243
10699932772389
1185495059106
14897523985486
1169276122090
16391537184201
5351130003989
1382220327821
2376200086455
7108373341366
20890115647712
14829109519068
12617341311176
10953906965394
13526215127774
18648414797567
9182996264691
5457713566729
9873227083923
9448273314654
2448761515567
5994867215029
17393642082822
10827471259658
4475877497559
6176621347904
20297417690133
202544641391
18888001941452
6530773615731
1204184607655
1627340076168
15992688323010
12227204597885
20564824587399
6711430867727
15921197955550
14574023690284
16003052764120
9073941287647
14966543788565
932224966203
114538563804
3233158561873
2685615975552
16803027377860
18071328668549
11881416265783
11065597487030
11196860256163
6477054829058
9925143929273
12553745816157
18778321685659
7185629428898
20512364279392
5516002141200
4662290851559
1868407458729
10200888157518
16814186203650
5428986165101
10073195570223
5879864959039
8127151578053
15333905582958
10101275039867
4854237235853
6737945466504
4739666094481
3306829491295
3036383579802
520358508504
912537003926
11117597291352
20203850014929
15100965434181
2840083911834
8295667150641
3646480180480
9021444704389
2982465461734
18862599893077
6464702473765
2507011432205
7652115509011
14646236801150
6757199360903
1623275395161
5076780081080
16304125285431
2543769379741
11766520635682
15284855779858
2247791651540
8085650406909
14907958561815
11715328198585
1854323708080
15372103776668
13160562046016
4047193780914
11188911950464
17855155429865
4190539171461
10632312217976
8814602785013
3409449660763
1850358671565
15041881629202
2146961627476
10313310270057
8953674897064
1768078495687
5520227939839
737876801492
11905727433128
10328696784329
4156181273245
18322947470852
16228635770902
18189119762445
7979863452627
17266596068796
734698766779
5407210671882
3058710286839
4677482515552
14056415607264
17160998325411
19118250735296
15906371994642
8146590363605
19540294582352
7659668841865
1964687283551
14438176471544
9505603072817
1892878227989
14097932108190
11130516794066
8186256445650
19547471287373
4036403896448
2653249000498
17560725152697
16442869967003
15992238300122
15810377591786
4932535321411
2212707336799
14410475321358
11423567234496
13078312077211
20146403558742
1162785198924
665522229392
16281047593070
14088223312268
8936217022298
18141144863206
7492037637004
13730273254961
8283842374040
6080533862111
6813134306391
11177506607749
4282909442735
6382087341488
4812854599896
1320458444304
8459706646538
8177491598200
17430394827915
16086396981065
12083137112573
17893162514191
8300991714304
19554821973608
6567121700697
2524137340984
20002115692200
11480771506070
13134986288394
7525974789682
6984731206289
12357251066350
6489048524465
16051296549060
57583797377
14599077359117
19875049736901
20628862265530
6146179829449
12841367698400
8596592774545
18133200651494
20652034751111
13757189374358
19149503537747
19285103525953
12783534781633
14697975993209
6113308641551
10523746708842
7755520231764
8769000109001
5924971450291
12564508465330
16524275415093
8156898303349
18510654768276
18975433735639
17343434007202
11413395891008
11874806830948
3321921919233
4590064889980
11673773728623
16357615212382
6911370806470
10385202818386
19734326254975
16225866169213
14848501198446
14207117956754
14835056671199
7572432215705
15396921851854
1808253158463
6006346048304
3790403326006
8528124606581
14509556526457
14513524447907
17413269911240
4680255108555
3064549905076
1295138891707
15859097697513
15159626016692
21040102499691
7697160581796
1839479701362
10947314190069
591677108475
11226298753996
8120938015769
9201897409047
18528268915210
9693294814184
635174980328
19616900767801
1266339673535
4345318206090
18007653936904
13668246112845
20341566982042
17745739009828
1775870402578
8165188193985
7388772105903
1059696949634
8632939107260
8695776900782
6154808416156
15610999735307
15927712257790
11777219494308
2134942412441
10018914389494
19409603538224
7066956218571
17485038985060
18296984747460
20357671195135
2941571070862
4168870656476
19388409748414
16517736496705
13717701185696
18159326274765
19367383590296
5823023540796
19150886979182
8471342931113
18294969683785
5434171490041
3140013127846
5955869424466
17442826882505
14275854363333
20103812248678
8427582097641
6217269644574
16298505991646
6421795292735
3443245716360
19479208263753
6127013973426
19957177922516
19515075725731
19115175040743
13005138758418
2406843914239
14805230257693
3977518788103
19037590189840
20414516487705
7732191455683
4574873238348
10778828827769
11544566627028
14353823935687
20233584812357
18120099927392
6555063836986
13610034797877
10816991290920
871531199411
12669080187782
9074846248738
17590366923830
2446961780071
2444716266617
19284960676038
5685617620043
17987057482680
8407832340551
20216352052553
7961704716379
308012260253
416608764117
3881443152366
12873030393482
9436918574068
7278797226128
1748025238615
15367187488622
19156911537955
19087155786574
10444977012632
7906624724113
19695000440299
20695474970481
19797643011816
17197780838017
2162804821911
12149913127707
69109578525
7750330272933
3426766781719
6793887060460
16698436584573
17722759596724
5056434917387
5399105043668
7990802584024
7734021836927
15027714488573
13634488463490
10117513674715
9370867958754
18814886579889
13551394405977
16848517764887
20082679762023
6552033814049
15567976306649
10949723396499
18294047012335
17122596206380
6584895928162
19817105000043
4052544592229
18153882506176
19309569080922
8670320436232
14622601672410
3357255961652
13756226621747
12119347392127
20887001147746
7663399893863
3393745994240
20088681625276
5910964057884
106695908835
2939718693750
9253080533944
12322946206658
14795749935851
11030407290292
15242843834700
9653994599267
9996405049889
12662625370089
20994851142146
10925859419547
18408558837001
13514231134605
644407533450
3197881885652
9103763407742
15637089612231
18130786994124
6852404340959
9741460540890
7934834619876
7990134357049
16392755777115
1367342101684
13039919115051
8698005860415
9039185659355
8062619807117
313105406881
13357271010521
8143575621889
13716220525024
9716576047686
8680238294547
1990252511026
211081800378
10912186678353
1547323549767
1040327080197
9296532680302
4454910332798
5545498596961
17585045552014
4802269545876
20867695564450
8832416531287
12878279190945
13737809038936
11609346079255
12257753055432
12450770785274
3178830970708
18674561701791
625037648494
11202709746910
598482453122
20699353296613
3382790260334
6518545850499
1992092477721
12333338479885
2160709831836
16982501119967
2126097891886
1058103780104
13205518115507
16228290559440
18097788038844
4300171561287
20438680798797
18945822802210
12171183508945
18194041541207
3030557569564
3681333507400
17817378558046
17105700828633
20761500187484
19518325798449
8517273921399
9412914157628
2913347874833
12721447945735
12210996436410
5865814675980
14902940735251
479168608135
4369537549771
16219372308097
13713980940816
9045029322273
4201211612667
6104573600362
20034931183219
13740665191362
8990273777298
13116030743789
10077561960021
4207473906152
7664404166845
9187449733450
6462546692413
2218614416946
1585906817544
4437698119593
18251400629572
16194903399392
406302307204
20185761471158
20329205523897
309280316575
3809002965536
13167481244132
2494640193442
1131202444839
19428022850636
10170037049365
15468056514149
7468734842170
13900527887246
20709996973690
18146173931778
17734745094200
9819744321212
9189738810719
13377650831665
2446432926377
6722830524310
4239996738461
13864419946255
12490339956114
5724072243618
13450269830578
14509475317940
21035545807846
6146285262535
12125010649125
16647397613252
8172668819084
14054103005708
11591622277558
8570058207652
9882456876820
11880019745055
19943886441155
345101883889
19192950972213
10783072319835
18589021454296
19614163323262
13145948238331
19157346032121
20952639011930
17518404641304
18884436040985
20679349182718
8608653029452
12332875662548
8157964260065
11482707588937
18666812880185
7730208430580
18805768544211
14992019811899
3849407334330
13216635457167
12029786369083
11125102579759
992551906933
19891139929528
18336979504202
14683317322246
595822749818
16221867008032
3008915416922
13584118776996
11976174216220
11154049238211
12397430610829
1609230414051
9497830331219
10911469510257
3720551183538
7370889881269
14246178781224
6137166309362
8895091862042
11479784502861
16327447544190
20455781222300
6066602146876
13425229651611
9146152533230
2727976128240
18667630875694
5594548122946
3931540060401
1834432095620
11993151118525
5253664734470
10794736112916
8022497272925
21038122303380
2476654163918
5038946869976
11268343530930
7329152506742
7220068722146
14529609446405
2527153062772
11773512862135
14007627156769
580301680639
1127954694190
5483997406537
16259047345901
6391025267858
12466138043390
3196051958807
5090877172237
5609487703025
14872373053252
10211847545957
9452699340098
10643338523127
14316680828021
6850385156602
3355180315972
12260158735351
13007813707866
7335881230769
11345920845787
3632633246509
5469978377472
13060623346787
13581192807344
8829167248778
17534814447637
19565209338550
10544867320405
17615456153704
3851843250681
8494059455092
4992088325658
15074198201993
17897064495012
6534528824824
20305949312776
14933101603672
13789335557684
6763959728313
13249264412623
8110615020286
16870842140758
10217063766772
19808890334529
3934444242914
4364988011955
11603659822100
3401582376497
11866853580871
1274932814124
1483099299787
8486571247386
18025512022135
6047790366422
3522059946168
13692379185632
5934568708239
15944428474296
15465175982791
2534908644812
12744481167810
20831614320719
11100124633464
1430302354516
17550909112122
17646822977078
8105919290908
11227306831368
8685647343516
8181727736894
14343384311387
16561939048645
11478757504107
10393926016989
8542444049047
4281219959218
11468259754850
12264419488680
20540721105928
1213554794662
258554307166
4922327520463
14276390222049
4600264747917
12187668873409
12327338358198
19881826052690
920066350974
7317664534633
13316684974103
6710528709196
8108656454865
10623569995059
16179879954777
14485555805414
16662706398575
6631261519654
16389346799971
17978026630214
20396259809817
7070062219467
4371442432475
1682693986990
18617152434657
2516910715973
6807554142757
1737710816821
11125641326924
17888271215659
16499314546757
337674625104
19324824829831
18894564469013
1201260360671
8340207707687
16671873654589
3586953441443
2941678963694
12508944684464
13642819124961
4650201606599
11356062340590
4339786512844
8433689020216
15391599264695
12560276867531
8539096181925
17387395191321
357725320210
11246962818020
6640342016848
9927266051324
17511444995379
16073880627200
8419799148967
4869596584392
19794567148575
18843127189193
9585878694623
17578647198166
9511238585000
18230641364256
8638778089241
15303894783087
7586202085120
3043115878865
3275037036812
4414925211118
4820689676661
11015406938528
741754073049
10960056463030
14901021010560
7759874917890
11748830204876
14373913882835
15852790684335
10418446063028
950830032344
16100787471458
10733816720126
20710323038428
15441226401063
16678802587054
6211601154315
2245218265282
20433205064322
6165341784347
10236292996123
12102518870758
12146178039692
10961540329664
13777821752418
14179421407471
10878086704077
11315081383483
2279515303185
17113112613513
17898913494554
3421792271595
2343012443079
15409243412147
4145120215270
13866796098630
14052279607158
8325655202519
5371479565270
3254199672971
8942973071164
18062893606364
3575575190149
8515284957887
4263582411908
3251335259006
1368684130850
7753103330877
1915961668939
13198785829062
12338191279421
2396355383856
8813245075465
20683590958279
19986719150027
14683789149377
3881532372231
14615328871156
14430828256247
11311614529324
1746507744947
2337229288240
5680019261770
11716557817479
1413249867785
14437017133859
13053453145877
6872197957152
4014476175171
3291403569978
1794435648347
18762820531750
7596035648737
7461640917854
13853606177434
5092308753895
20315791099191
11326999791558
3242089377150
14445924459159
255252992287
20937328213808
10781778218143
10836913069984
1685762194122
1828662258697
20844179023653
4431847235310
6066237425229
18120281921887
9564859769701
11364376130743
5585666100190
9503160618319
6887394098051
4794671467837
18450785584327
6653655415995
48730667840
7551395090569
11442872951420
18098136987695
19882188748368
2202568513141
6839912927252
18682583459114
2588579754037
8933164957175
16680203065196
19704143049676
9431055365755
11635290054833
6130303225639
15749168687900
5575218728370
20921325674797
5459953774251
12370253479834
3638436377327
1161034393919
13706940057637
17190683485054
5983588324709
455118984325
1210507785492
18428028535232
9036980871996
19432482547738
15442831237677
12366883281444
15655491281647
8206366254692
6015118926182
3671994898113
11498416276841
1509074780301
8395249532862
13862452619922
17001807172601
16554305771267
14665528797445
6004301101113
17539908501906
14020553496014
16184154357579
7429402431955
4260918298962
14341832115396
12699161955031
15667053408668
19941808107199
2871526660757
12371389703879
9271583725087
17589110904907
4956521282701
5095615603056
6653750535769
12427386165855
1061390780994
5076833724789
6665990697775
17948262476781
20800233236011
9822636197669
5491539055704
2172314355736
12912794384964
1758287362034
1441304350402
13315228389295
13202155883720
6326537263169
19382714542041
6007788526543
8361157161354
11335302551772
14109496467501
11836296486061
10616701463860
14630858992865
12552366702211
17622283580127
4209088812500
17429049478707
20039950291113
10036762370338
13743842134437
10670191597580
16506636998628
7941950526682
17836722988777
5609584878030
7951066285236
6720870104957
17198411325461
19984510255952
11968155255852
20440094066560
2867115230519
18133439375197
18583479157514
3328893960037
19221510822414
5080610633168
18476391461151
15011357220081
19470895353072
16746424569688
221748042646
8702698797104
2179656778469
11499774492911
19492826955596
10437047089915
2813251312585
20610030283133
18101411936640
8385677643194
11239222289652
11406531275027
12197066960835
20631738475191
12991514027000
11285098533083
15820382673976
13079928477073
12768018760273
20542580821087
7022271903178
6481544683748
11153218105886
9830956242770
10103690119619
2070681581645
13682699167743
19310709445940
17836740182715
13445675775060
18694057361272
870467637513
3676673615711
20150470832152
16374221896333
10644068353098
19554926408051
20360138753718
3353045700877
20944588306744
583545036344
14988977426250
3469432316686
20747824602243
15354457362489
1165225698895
20271470394256
19217433206776
19534120898370
3099899362802
1612354002162
10734605214596
13019476740145
12309492997312
3031126474027
17119040778704
8356145334756
4732256825835
3109980771918
1298087131944
11338069067346
19963127468451
10862516604762
14269402650200
19279619000172
15405547461042
14141392244904
11221314542985
186390115732
15397070191066
7998365565950
1134862217644
18986919068743
6547365665611
3575605421787
17606065953251
940718482957
2724168460352
7906243452207
18393331286621
5195891221043
5026250411505
8301884405568
1842485191308
20014446162605
16734536113859
5690543130365
3063246843840
6470688577799
1318346473448
10968451326924
10702816324256
4833249429671
2563295713265
17580959976957
13538033180011
16577505523713
1108324855695
1192641461069
15426735423167
18408977259728
1413592508988
12155587961619
4184817087633
18637657135171
14521100856655
18746846707298
13103472808644
14320508232644
18368348994850
10348424758821
8026779796467
17605545664066
15711393815547
8700454952017
14178380582826
17426434523673
9667249201465
16057496593036
19134658790800
10409597951006
2455950728682
19970501073438
19513395974268
4395882401092
1090185527329
15322966279345
19202142808030
2586729288637
1882588430205
16578912810392
19532417438457
17268549278672
84537139815
7484592577806
10106792866757
20654369852145
8486855954572
16984868483319
18649103694889
6792348544625
13388598334214
7276722896987
7210740615069
16926308999429
6055101248626
6619378588693
4125340700215
5917012561351
7981978756073
10245799377037
6486299113957
4381880652163
3809941487740
1198334241782
13019100754737
17553970509475
10917260869053
368644404417
13721384254012
12119666520863
311498454404
20703274989303
8831583516739
4245083844097
11570546457118
17044230146567
12850876377717
2345667570847
11627208160207
1435709278899
12238183878538
10192035454086
17883799755640
16850166508099
5248577504642
1206714855554
3867867988109
2433770847019
183526153659
6113495255051
3891732384066
2471530304817
18106283367226
6346227609349
907208270083
13790353863329
16411617680664
13241718271784
764965122878
6690436674811
16618297526430
20290581497376
17096871502929
8997450143408
13743814318851
11389063607172
5334527447221
5962716096136
6672473042487
18679429040702
11597161042806
17281469320438
5199673961832
3757856146913
13075663451128
3808564822562
14530706788381
7886068049916
11372288204246
16156064423018
4925842562917
992486027281
8383326739341
3725265885755
10719218430357
18107897311353
5769238885679
7732220268195
16428788057074
13616169511430
18872145048403
8730141924696
8772146034240
11759902100360
19074667284207
5619942412978
9386506473840
20617678454401
2887739503855
17481520093198
9190786199879
12360690667711
14378846401070
15180112527705
4994774029902
14636483294645
9440492520271
19285971454538
14982930076129
20847361572005
18675405868941
18219895978404
12190927420518
13655696981600
13554030092258
18899757556475
10791736230408
3555188297195
3550859433725
18983046311841
5816587836138
7653076101371
4977678015400
6298076741473
19588855659280
13307466811266
1720087686909
5380746038200
16661646056719
12382557044345
6182120138362
20850892040226
11210229499285
12422066381861
13887674099713
20086578333529
13383895743354
6203227615404
17349330769546
2805986924183
10358709938857
6360990183885
4342450039908
17707394082274
11545682891124
9300795910196
14076289002030
5172481377642
3809040603999
10296782745135
4662417330492
6480815955592
3655618782351
863651110829
11315471540366
4143328937623
2286120665044
12540906608037
17493248315154
13487375726698
12479074099204
15732087590245
18058301592861
19126198107901
7267779286336
8052525134662
14323013965291
16799550261230
7136846777697
13947688180940
15962249147645
6235845153553
4244289446099
12578732281149
5038750185264
9165505422561
16543568234577
16000753917153
4784236742375
12558456199738
20384897445747
18696336616459
3267130767118
19745078017051
3020678506980
5269306765329
16911251536464
1671346067172
3372663749173
5179804463218
13226735491323
2410358271720
6029327547949
3577655114022
629172857570
13928837780979
6178164008605
1178898443062
10196516824527
6700851920568
14140674499701
13783800689321
5570447279170
14517220748448
18073350767785
19036222069941
10349787680295
4811488725047
7851430209489
19112166518867
14954669422365
12256587259405
17966010571625
12884118349617
10836074562338
3057002053429
19080232584441
8501131473650
12819003318754
2270955906172
14814592675409
6963453141731
15293378980960
2109565569053
11297285242681
17681099416620
18218645872399
10989095149319
2484363160864
20698341948759
18967918287837
9924523123963
19770515357747
3384772270868
11416305917784
15454568146520
6932307653520
10654665187842
12778470642659
17617300947430
14743318068970
6900908144008
11852610305730
4324558036796
14844811992586
4652177442282
4632981125619
14198594269659
6516547351073
10630148018288
18452373115183
6655211107589
3258908285757
10389579259883
12220163206451
4007320678986
16799419245202
19924782360834
15220835997288
3622077903032
7544943720096
15803087109116
1211839981963
11352080293882
20458475431369
1126240949086
3592036148704
14550554827379
476082665218
14442837537468
1947154681359
12029076170969
19096592023265
19954996715151
15133365810381
15718361417277
12976809954154
16046425811367
5165047080999
20918104665894
5159050143653
13323779696776
8252193969647
3350598336445
20529884401857
2093892977937
5052509291181
778440516212
6440427751353
10670165949239
15509666115365
6237809707307
4440606686371
9601657328419
2242896257506
9241351734302
6509775067685
6505404254435
4019579536378
5719960812884
3578202130500
7786525977267
2944470813407
8804723308796
16620364801722
13323869872789
34572219560
4160533674093
10684253274476
15938886058256
9242026700031
17640506003103
10679832483494
19176862555814
19572265010491
15447707144952
13478597909072
6626386803783
10380494828449
18703394439775
14186977121287
4547686386103
12090871106149
16677443693054
8748330589135
17482731131642
919133305940
14669263317634
18182443204785
16805810997744
18288717554065
3713583754269
4396916241137
2667573584795
9174873185735
17892228267058
1122752264280
8948545429914
4915541741617
1562958321379
19823745781761
20591570935901
17021942798087
12644541451593
17854499035972
12330769418344
16015299326264
12911134696886
17481286011974
15351594279878
1016137503877
17506362293861
12777158099936
13718781729853
4619439774089
13497083662954
5160717102381
10392865815850
14113221522490
20661859637392
17404130786761
13495382046561
11873190947714
4801401800832
1172218886240
11676973171856
5283302025545
5040896310404
3286485355981
9613904900244
3282059777008
8954332759468
2672331999433
6220223061077
12516969051639
8469227428737
7462908005428
20474542088263
4006079835738
16721243802325
5685448430412
19376527828482
5325682444879
17501948910535
12883924092726
6850450215626
6498088539888
4579302061737
8190603213197
18617720266029
2443445653333
2683684564510
4889615185944
7847140778605
758249632616
15981142053974
18966943931837
6378508338762
12377472334067
5261227483611
13553810813759
7863863801525
14417104135960
6852389679428
18787196826427
4979015719198
6754651634219
12451459351082
11796776390528
9147059102425
1149379634033
11988214683056
9300335812576
13281486227166
11346465521912
13253706934039
5769856181329
11495221254235
1703190077357
15968761690405
14278895997688
11642625803999
11417844494773
12411970453966
1586016649868
7318672104300
8011216095309
10314507112173
5737976190476
4418381779102
11659665974139
17024989448101
15620516190089
11253475375810
6299407841219
20758131705138
1865980693486
12605885344145
6395801628335
4707380930210
11779468969709
13689629818788
6895084020882
7612002783642
4611789966988
5710633775044
10426956050241
16596485351437
9786362215976
7708913028328
18399686692506
6193035416291
8016310002967
18852012022336
20322530191269
17740264094899
18465929205947
14446343698352
2025411973005
7055044681807
11095869199641
7953270121186
255348569441
1288606064472
201111036146
17459831343764
4043741188950
10605651129327
15898103700778
19358915299415
3298220736138
6943023100098
11390626002501
16511450329342
14659962429814
2913325144110
3008312378063
2554094748350
3093236974893
7364123846377
8584683317842
14541758202993
2539313447031
19737474850219
17993002563921
19096532366788
3336417010871
6946047905346
13078480107260
9704308895333
7528259366934
12086819915508
2803027498777
8586939209448
12181855366139
3657749836721
13633109132163
15928906610486
6283925283323
9422289753830
19317792762566
1817048547158
17862571318583
12900097395319
17965923159731
12030378497419
8636419359085
5109058620713
6002403311697
62143997105
8452988547274
19141593517688
13560672737145
16113141596453
8127515718622
19934604224084
6920916858313
19012637902306
17169187614912
5430247885024
7620098581483
6180099572349
105774583592
6960685084681
12228969811128
16515832691383
4706718458918
3257992026118
15654229034340
4555848982064
12022337430332
6102745517248
10142315931235
13298480481237
6044623516575
5915545864964
13770131901879
8932577014436
5691042956571
15997922132494
18976859311189
2618659411518
7219098807271
3415731623939
11072353200215
7259531810493
16827970981583
13831497118457
16733920472339
7597888599655
10581676034991
20437561514428
8585588862961
16909756703627
19182711472554
18353312157325
4999079946550
13962172938371
8941754099638
8627071415924
7666153816810
19409040126239
13627060335843
8022200135991
17658722487787
20190988023480
19451619166102
12766408630984
16436873230279
4523082645646
19633657531536
20315771486156
18922969620601
7840469815162
12059577943682
1299567261602
2586057145437
13619478188078
5444767623056
1641769888591
20595460456302
3805529030100
7666753495236
10539712683134
9447182706759
3926730806070
18542506472960
20650796090054
20407268481890
2987137018755
77366973883
20338977634960
14515105472822
16939007949309
19909790469564
4727858964221
13771672982200
1778912248395
1749707066246
20216003041086
15355415419152
4959875299325
713410796225
16969752008526
18895317427731
16512469327769
15225523353414
18892417210455
8591861423882
6355303707671
1534358152388
2377307763218
4995944556415
12250492642729
9880635421362
12612907897394
11313208887859
4127640412555
11101934416145
11090347659627
18296430589882
7500902596827
6077479590595
19184094094325
12739036264537
6951719221675
13390369054869
12103400621195
4965120286202
7403617690320
11230271670849
15059914017497
15898666762620
4151276935711
13973079820269
12493036749966
15863624655178
18525025110905
13646377550579
4149415166044
14922629546706
13056055610531
19359113330968
6164658446302
6303588329596
19950519814338
7028103828890
9650458831488
15834734082306
13626849711282
15602911594980
4726506303579
14361399610249
13450539673714
5573010554278
13926541208526
19347878050010
1889997725197
8756421540584
6821970331198
5453829026269
19453799437072
17388136655967
13226723494554
19295385096705
4649608794350
6950890180407
14215390130532
6930350979041
16345265098030
18722287505200
9325996424224
18811973572085
18658683161798
16810669990253
7057223920818
10852543944505
1953071523317
18089109830720
9277255354648
18279068160935
259501588788
14401615710810
5101237923250
10367066477089
7940462399405
7931985229853
8789214405907
12735468738819
7105808605301
20221736638439
7145658721318
4089959140763
6036420530224
18246043261767
13124183393094
12710640830421
15894906587920
3581577778533
7057284888214
2348704017847
20328253137685
9487531659060
4383933790897
1247458836058
5223934846885
19316996935623
17991511527715
3990155962293
11844064947332
18536711168711
15594373238588
8687615065085
669298397514
9006803420329
20829717729048
507138019496
6024994374890
5786203812928
14659927970900
11110606249422
10790763621114
6498971051139
4674621790653
6825385301192
10556626777996
10197494500922
13729380040028
5629496354617
19049802637071
9832794526674
742609489352
10033106441512
17783105008516
1023996224988
7630825227231
2837751703790
21018188094368
8657492554517
107869044345
10560341960214
8071054332123
19798496857708
2650468545531
523735557726
18674534423596
9321358816261
1068167145175
17083314726673
1707341652957
15720369078148
2596867949898
13494374940505
16989874640087
13147216103764
6829382822552
832926606059
19240292074490
14000138845328
3838299374004
3899926024235
18133823654077
1980163534044
14458131317589
504913412921
12586060471974
17554530428546
7537528959895
8724618964486
16612669278426
19797539871526
12477322074849
15268138870303
9226993568838
5560959991719
6774480161299
4995142706602
12658366882844
17270982480196
2742834197871
4112415256427
18444874126949
8842693738209
17170756817722
3804779799197
326429244534
14531702373505
9443106457272
8461618039961
4169419696025
19550328682321
19345256055503
20648891865891
20068925063667
5729596788609
13133191654780
434822434418
13400241606469
19936316192815
18410211498421
6328799496338
7563785358477
11587828427333
10550264892574
20665907500053
6745322767707
809567022888
8387634884467
13071202132601
6352445319997
15095233649379
19391378798448
10758510469471
9051162644989
20053878281718
781485752350
11570986166025
5084730460873
17095055114199
18566683259705
4125762883494
14412082905255
21044282842589
12184252923860
14146856757383
19491787452243
3132697061555
1337828880369
8377563246014
1460241964856
13678170794221
20009281595529
12774243649337
1922170829094
5562948832736
20984519648194
4744510154748
12296444108181
20701746350386
17933531295138
1839040093158
2485116795536
10666610295625
21018810755416
1121930130720
4071046409741
9799374586982
9500560761707
3094143771708
4902407455134
17400669437980
19327778637723
491240636799
3437536949872
17987772292663
13414102654116
12326982291163
13587060440212
9593709804682
20967473941117
7743227290269
12820396449209
8667215865575
16690001646843
19434760313656
4231926533432
19423662017968
8513860331498
16766039547530
16751011874558
13706857181886
19506591230034
8426207073669
17068097192957
13397398166249
7713995638786
6342988821829
19150989703537
5525047858437
628094334359
7553153112126
524275763586
20261064619886
11337621797055
6634484894243
977045215614
6019000412304
18123774772260
12287877968023
4109288730633
2487084272064
11665964470637
8858693626170
21040799481745
17905842017935
13289219904266
13887612329144
6514278706188
8240945194909
20937608545448
20976807855307
9423900402064
5958689641599
13902721591976
1017480911415
2134975015564
15108081810900
7348556799814
12881826780985
20550860224268
180373820984
10314580893841
13052673314770
5543724195254
6538616471116
8248765121516
13604939351503
1949920971466
7015493735679
14395748726567
5929175538239
17001555866323
5404340753788
13407300338326
4280549291344
3735504176605
19479045810513
7957951779865
4313109686950
6548902205465
2404335675654
8147346796013
9391675861124
17105840860825
16105047266281
18281458273592
3819655221109
18202155408407
11630267707314
2310312301836
5959081246100
19725173506749
6406413262632
1144304118487
4525727314631
11494617675454
2274263070622
2276181838925
10652766775637
10160112918884
2976718713743
7781951557757
7988676420210
2541441441937
15497804767288
2140019865733
9640572417712
9356450708439
17242466082850
14490847301292
15077550270422
9929256644976
9557703454151
9263119581101
16758757371552
15210758269542
1130411221563
1428747306396
20678885711275
412011561370
1750927196118
19605295699694
8995642029045
16914875697020
19601844138911
10613891862368
10612845071042
15776105178648
15121974479270
18498554360479
3447614603223
10302737871966
13833103741841
6474293619114
18678924297103
1882505025876
13199182622815
12185176422692
2476822622671
8202481318925
20656939269884
6452187133891
14613406424428
1609402458614
16128120444818
18582701934213
13075077531938
18208765831346
13792531776800
19966446225353
12260072579663
3714903403338
3379007705609
8095897408664
16170084119938
20845530284373
19483203297755
8228567597886
13635391139964
7410576537345
18704766083145
2757666907762
11628357745748
3073541123965
6224520365811
19098547618392
3095658242989
17181560811047
4560869903056
5999664071354
14049190587475
18818418588894
11157659730656
15293201597685
16977731752610
14491888955581
1442072945324
19888016147977
12960607920060
12073797079164
5110045330383
923299084202
17656748837111
4711594780744
13531849453664
18769210999517
18208686903045
15204542377995
12941662793950
10877975192460
3043053251365
11818353885450
7191600824159
5115526169810
6276751027118
19911319153584
17796778525844
7038537376510
7375400247967
9631488210003
19366095887318
3319023245573
15299762461101
9327057341053
14110524757191
7749499297439
14765085528978
9180790371287
20035250882826
560755068866
3364456271341
18953761322644
2007725035198
20232079141466
5192295458367
14476049812700
3408780986402
420243759051
14140262026583
3330437813449
9240516969118
14055356517758
2830149523624
10904760190406
9648478248821
919023250585
4291232277069
12252004842515
18742451452893
20931231615959
12032707885881
1572868510228
10922354247291
15511886336528
16593469159843
18156659775125
899001517117
6050385487049
3595715229388
6575881732758
12934414015443
20695944214386
14548377731019
9987820427053
13940921463269
13793732261018
1912143449638
13397472782580
1838335150311
10079093857751
17367951871925
1266752529979
8944944435707
13448584086185
9366116498899
8852134601982
513992516912
4607618238080
5817702601224
4293767369030
19040976310449
12770896135670
13864016189037
18025783032495
7922540369507
17696892782251
8171488362619
7799533438674
13024996148209
1670845920984
7975119750445
18956150396991
17918730233843
11607389241362
19288940533800
19980110435511
14023696324399
6999712519996
12568003364443
9243678272009
6835516126925
2930667471453
3779818777648
3219417341716
10312835659138
18431764461192
7097239181521
5153364848414
15445021034897
709977644654
11520725394646
7004089783286
9988414500470
14174304788155
4618325030923
19826283181739
12936814757143
13477748471227
18231378315445
1039297949271
899677978921
7571290741188
12611199840170
7096465496851
3256729848888
14088968326066
285163830557
10739362189258
11702853934189
8054873978835
10864347960374
20634246658996
11457828629165
12992616497963
4185904613156
10900067565023
7987263424631
5345688084625
2019205529106
3684114434058
15552494773664
15328862977183
10587439832779
4597216899123
5563803681677
16936083958527
7094092976967
15823481147482
18055850967503
11828430206912
7964584274432
18401946303067
7690633089081
12713873247203
13293411931371
1951071053628
9855584647686
5453861269598
1412621466808
20231342482219
8228186565825
13637868353054
3117710882269
167838665798
16528607202738
3844565687715
4055597272247
21024248063080
15808149248697
7980650891265
13223937178381
15595589556681
13047775008721
2792440622074
13162821923491
11778989212192
6642131119931
919309236704
13186681932825
10763530789310
4792786571835
18962837019968
8042309580932
2115617188646
15762179048283
2020327031051
9650107226558
16888089506954
11697438181945
15367746939064
6451458821419
20423628287415
3313872996625
15534722663056
12400495376092
3561440869249
13305708834535
16429791796909
9559909130375
3174568973229
11569007217278
11747813265699
1593799441343
13047072302807
20862017233507
6684327789861
2720693231342
2066594569920
12791429100358
3000966871477
3495547496962
15226237952923
6966792440481
7548696626072
1086489166962
15127877067586
8580220277628
1790783990754
20370377874821
19605826521476
18044711285485
15861422639274
17600993570744
6394593373552
8035886040561
13703077656098
13268088036921
8109027115737
15129638938874
1682600132218
15269127437986
4189405293430
12045906212330
6267406764838
6009872575017
16080294633195
6037650291491
10539365027148
2795123768425
9610755013991
12440041616625
17150443394609
17897010028938
13662640899079
17509160245741
14816949949977
4262170176563
3055283378326
13427419386388
9363093053893
1769141403152
8904905263362
9621964761195
14214874691851
702718330748
1616766420360
1272065338444
20832976535586
11948030776606
11319576559944
4437423363968
7447432901687
20197960118896
4168845447266
1675578541225
9160337734738
18985982229223
10119837909617
2170065983702
14765729767524
3043848062689
4420859327593
17325291926682
6800453273667
12520604044356
15975364588438
16434480922652
19302817828829
17197768973682
5317276704462
8715757300727
9276926394668
2021942614577
11221626809371
20157000499768
18516403728815
13863057402807
20050066074932
6775378222530
310930742445
19616437075883
12437357126526
4589683405669
7376449705578
6555426405356
13943505847135
8464466675364
11187822622225
7748563771876
19169801013475
2008196645037
16921756553517
19267581834960
5602733586214
15873647390906
16257124492969
8273477300509
3474965397541
19304209202966
16061975206891
18604527312526
10052780929974
19605308684472
7305598843668
3340862657811
7309560834714
8286112645851
9011034919130
7172519066857
10854799922636
7150684846930
6492362203814
12876395059217
17413836175687
4977047197580
11646664738633
20383640439819
13510122325935
17124804504355
14060968947236
9875545250739
15862900645167
16962838750945
19861620622080
13392563621533
10286586412132
1901241441391
19775885072022
10389348333115
13493404855283
13411909125719
886350003423
17897517418665
8525373756798
5700448436908
20614079142897
16173310389492
3600680699251
5673070912593
7458756302762
16819304775712
20908003863260
13540445248328
12145900489710
17898116218481
11828502114413
19667492623030
10585243350974
3233349544953
15428653775041
20192423722231
20414361050669
15979326660005
4074676654374
2851643279857
11033426566656
1546929278721
20811209890623
8073922673984
11425345907876
14966672803071
12481222387552
7052667644879
14553133848937
17109456317252
9009099974787
19460209412792
5341775316927
16698345043202
4766363456691
11555353079090
15466177480518
18803973897140
6389955047715
8970089110523
4270681044374
3546381825882
3130659420104
18416866949215
16065673920856
3373321047700
397005330100
3150658104199
19464538645369
16052085593566
3626195883557
20393042445973
16752754031528
2574273071005
6127459077701
14882746563271
6379440574223
19261856006129
1672799717266
5380734726916
4736940509646
6821613290202
396018807534
5300230082082
8601599851741
8578340422879
15876937968262
10470150816561
7769654372824
8028661147069
8457111004784
5515882497524
18141696018878
10974887415656
16263484542415
16412644668725
10081876068876
4590892092525
4301866735330
11564569050123
19956981245712
20764023914195
9424747646991
8320006904872
18215327718796
3254871135935
3487683762459
12970091925412
10262771897166
4754768988733
3676892987063
4150889698508
17135442609109
197156739090
8508038486071
8586729988667
4420725743666
573498586817
17528978176469
5152674633065
18154147892320
6209764917652
1598632701900
11589634626726
10086375372380
13816998837190
7590041698648
18451088114462
2246790910961
4810387872097
12712312174928
1968153022457
9571994539037
11331386677689
10593559818658
1386143719481
5789188931186
15269577998287
14440031173352
13838639356610
13208675883707
8852398480584
16869348938889
8283279567081
19338949145112
8804109703291
10521279873829
15243925006541
9469225205528
20345502242729
19450995483153
7302116487297
20125582251853
9804642487666
14970508963550
1504982600625
7974788155268
11516151820641
11280037927428
8165309719441
7095669157814
3541109955444
17405125722520
6311211910914
12985419894496
15995673768034
2160975954444
2279667082433
20960440827538
16411010354980
18256761474901
5702633178712
1606098349919
16852573351400
2996456269065
11182232654718
20074680221961
11689443583035
12961128741442
19270367215791
16906233991268
10196361337450
2503919270568
5423246132027
17177651202488
11424859438186
17719154839235
2202432354926
13409994236991
12638259377019
3784556364474
20182660267612
4894274810896
16587528684903
20988692313299
6941916141652
10584765298625
13559723512455
13743761106720
18946047403749
11955125916916
10113238783301
13212551378746
125269920251
968506625189
8133492076700
9536684621900
19574383875751
5569596247791
3093897965107
18569468941576
3890552422037
2941526014722
19531022655033
10480747901822
1956548934970
14787079579827
8974860136794
7196399452929
14052351112512
331014407376
12843883465005
14978553609086
2282475329550
7454957357373
17999616501411
2243609263540
16612655861033
1348462299540
4546216857595
10200242255198
11076186505008
20212228728972
17579070933033
3878379790013
13278236480688
19470870501026
18741660276723
19339145857893
13806138302002
15734919897932
17225286978712
12376159008050
21003595637429
2236780419547
9910732443451
5357757398500
16072751060704
15500111193682
1405298920085
14582272211468
13415507852860
15544068666674
20956472950943
3869084440671
20298277954437
11713413345250
1841321591564
14429003795093
15343580437057
7219967604621
18965592332868
17698337793416
18441615774430
15043410665817
18486500812302
533275832411
10988143929960
6481191332953
14110359564683
18628123956737
19497699282463
10525318240200
17297775771973
6272775193385
9223100364874
7028160945744
18090797889632
10376170449846
17275786530732
17242111815440
